identificativo,provincia,lat_wgs84,lon_wgs84,quota,coord_nord,coord_est
PF03/0001/A092,AN,43.568311,13.339437,50.0,4825280.899,2385909.209
PF05/0001/A092,AN,43.561115,13.346696,12.0,4824469.96,2386479.48
PF04/0002/A092,AN,43.556638,13.360227,50.0,4823951.088,2387562.558
PF06/0002/A092,AN,43.56445,13.364271,50.0,4824812.351,2387906.274
PF08/0002/A092,AN,43.556062,13.357237,12.0,4823891.97,2387319.78
PF09/0002/A092,AN,43.563244,13.360484,50.0,4824684.401,2387597.762
PF10/0002/A092,AN,43.567389,13.365936,12.0,4825136.05,2388047.13
PF11/0002/A092,AN,43.555735,13.353532,50.0,4823861.58,2387019.761
PF02/0003/A092,AN,43.574425,13.371718,12.0,4825908.37,2388529.44
PF03/0003/A092,AN,43.570599,13.371886,50.0,4825483.218,2388534.649
PF04/0003/A092,AN,43.56377,13.371066,50.0,4824725.999,2388453.557
PF07/0003/A092,AN,43.567466,13.372828,50.0,4825133.751,2388603.883
PF08/0003/A092,AN,43.575086,13.366988,50.0,4825989.292,2388148.941
PF09/0003/A092,AN,43.56854,13.369936,12.0,4825257.55,2388372.73
PF01/0004/A092,AN,43.56667,13.378627,12.0,4825036.17,2389070.47
PF02/0004/A092,AN,43.568278,13.392121,8.0,4825193.55,2390163.7
PF04/0004/A092,AN,43.571409,13.391138,50.0,4825542.797,2390091.07
PF05/0004/A092,AN,43.571094,13.382735,50.0,4825521.009,2389411.818
PF06/0004/A092,AN,43.566158,13.387781,50.0,4824964.956,2389808.675
PF01/0005/A092,AN,43.558766,13.324491,50.0,4824245.0,2384680.88
PF02/0005/A092,AN,43.558899,13.329264,12.0,4824252.08,2385066.66
PF03/0005/A092,AN,43.560275,13.322186,12.0,4824416.38,2384498.08
PF05/0005/A092,AN,43.563662,13.327284,50.0,4824784.274,2384917.417
PF06/0005/A092,AN,43.566238,13.331173,50.0,4825064.04,2385237.243
PF01/0006/A092,AN,43.554673,13.333552,12.0,4823775.69,2385403.57
PF02/0006/A092,AN,43.556725,13.33155,12.0,4824006.94,2385246.42
PF03/0006/A092,AN,43.558732,13.340413,12.0,4824215.47,2385966.75
PF05/0006/A092,AN,43.562227,13.334354,12.0,4824613.39,2385485.15
PF06/0006/A092,AN,43.565402,13.337362,12.0,4824961.14,2385735.2
PF07/0006/A092,AN,43.566784,13.33482,50.0,4825118.738,2385532.997
PF08/0006/A092,AN,43.562617,13.340007,12.0,4824647.65,2385942.57
PF01/0007/A092,AN,43.560049,13.344176,8.0,4824355.68,2386273.64
PF04/0007/A092,AN,43.563673,13.342645,12.0,4824760.6,2386158.0
PF07/0007/A092,AN,43.556075,13.342671,12.0,4823916.68,2386143.27
PF08/0007/A092,AN,43.554853,13.347375,12.0,4823773.45,2386520.51
PF09/0007/A092,AN,43.550217,13.348228,50.0,4823257.23,2386579.214
PF10/0007/A092,AN,43.552863,13.346446,50.0,4823553.872,2386441.104
PF01/0008/A092,AN,43.559921,13.35101,12.0,4824330.5,2386825.35
PF02/0008/A092,AN,43.56298,13.352392,50.0,4824668.03,2386943.686
PF03/0008/A092,AN,43.563945,13.357143,12.0,4824767.63,2387329.53
PF04/0008/A092,AN,43.557019,13.35088,50.0,4824008.357,2386808.458
PF01/0009/A092,AN,43.554752,13.363115,12.0,4823737.05,2387791.71
PF03/0009/A092,AN,43.558695,13.366612,50.0,4824169.463,2388082.742
PF05/0009/A092,AN,43.562452,13.368798,50.0,4824583.256,2388267.551
PF07/0009/A092,AN,43.560351,13.371588,50.0,4824345.44,2388488.311
PF10/0009/A092,AN,43.556363,13.366352,12.0,4823910.84,2388056.68
PF12/0009/A092,AN,43.556274,13.374064,50.0,4823888.723,2388679.399
PF13/0009/A092,AN,43.556724,13.37706,50.0,4823933.985,2388922.392
PF15/0009/A092,AN,43.557994,13.37044,50.0,4824085.47,2388390.444
PF16/0009/A092,AN,43.560579,13.374477,12.0,4824366.23,2388722.12
PF01/0010/A092,AN,43.558191,13.390494,50.0,4824075.861,2390010.603
PF03/0010/A092,AN,43.562039,13.398617,50.0,4824490.552,2390674.934
PF04/0010/A092,AN,43.562457,13.394796,12.0,4824542.95,2390367.27
PF05/0010/A092,AN,43.560965,13.390059,50.0,4824384.544,2389981.453
PF06/0010/A092,AN,43.563536,13.390989,50.0,4824668.737,2390062.063
PF08/0010/A092,AN,43.557823,13.387144,12.0,4824040.24,2389739.27
PF11/0010/A092,AN,43.562671,13.379096,50.0,4824591.289,2389099.715
PF14/0010/A092,AN,43.56555,13.378022,50.0,4824912.701,2389019.193
PF15/0010/A092,AN,43.559189,13.379748,50.0,4824203.507,2389144.819
PF17/0010/A092,AN,43.565815,13.384417,50.0,4824932.125,2389536.236
PF18/0010/A092,AN,43.561172,13.38489,50.0,4824415.681,2389564.402
PF19/0010/A092,AN,43.563653,13.384026,50.0,4824692.538,2389499.978
PF20/0010/A092,AN,43.559238,13.394755,50.0,4824185.409,2390356.987
PF02/0011/A092,AN,43.553688,13.336631,12.0,4823661.36,2385650.12
PF04/0011/A092,AN,43.548214,13.33325,50.0,4823058.875,2385364.768
PF05/0011/A092,AN,43.546131,13.329379,50.0,4822833.787,2385047.444
PF06/0011/A092,AN,43.553717,13.330228,50.0,4823674.923,2385132.996
PF02/0012/A092,AN,43.551605,13.34141,12.0,4823422.34,2386031.52
PF03/0012/A092,AN,43.550332,13.346014,50.0,4823273.523,2386400.578
PF04/0012/A092,AN,43.546127,13.340411,50.0,4822815.478,2385938.668
PF06/0012/A092,AN,43.546422,13.345522,50.0,4822839.989,2386352.184
PF01/0013/A092,AN,43.552386,13.366432,8.0,4823469.02,2388054.44
PF02/0013/A092,AN,43.554383,13.370302,50.0,4823684.693,2388371.412
PF03/0013/A092,AN,43.550279,13.360365,50.0,4823244.667,2387559.801
PF05/0013/A092,AN,43.552309,13.354767,10.0,4823479.0,2387112.0
PF01/0014/A092,AN,43.548083,13.364518,50.0,4822994.171,2387890.415
PF02/0014/A092,AN,43.550116,13.36848,50.0,4823213.617,2388214.907
PF03/0014/A092,AN,43.552457,13.370058,12.0,4823471.12,2388347.5
PF04/0014/A092,AN,43.552886,13.375565,12.0,4823510.13,2388793.32
PF01/0015/A092,AN,43.546002,13.385365,50.0,4822730.097,2389570.053
PF04/0015/A092,AN,43.548678,13.384858,50.0,4823028.136,2389534.863
PF05/0015/A092,AN,43.547982,13.379605,50.0,4822959.07,2389109.04
PF06/0015/A092,AN,43.549819,13.378381,50.0,4823165.015,2389014.09
PF10/0015/A092,AN,43.554458,13.376377,50.0,4823683.412,2388862.287
PF11/0015/A092,AN,43.557037,13.384992,50.0,4823956.254,2389563.726
PF12/0015/A092,AN,43.543307,13.385605,7.0,4822430.38,2389583.63
PF13/0015/A092,AN,43.55192,13.386475,50.0,4823385.675,2389672.454
PF14/0015/A092,AN,43.545591,13.387761,50.0,4822680.716,2389762.728
PF15/0015/A092,AN,43.54411,13.386588,12.0,4822518.07,2389664.76
PF17/0015/A092,AN,43.54359,13.383781,50.0,4822464.681,2389436.864
PF03/0016/A092,AN,43.548139,13.397682,50.0,4822948.197,2390569.68
PF05/0016/A092,AN,43.548064,13.388574,50.0,4822954.068,2389833.696
PF10/0016/A092,AN,43.555394,13.387965,12.0,4823769.12,2389800.3
PF12/0016/A092,AN,43.556559,13.395629,50.0,4823886.509,2390421.897
PF13/0016/A092,AN,43.553015,13.390755,50.0,4823500.583,2390020.562
PF14/0016/A092,AN,43.542934,13.389303,50.0,4822383.179,2389881.566
PF15/0016/A092,AN,43.543405,13.39175,50.0,4822431.678,2390080.307
PF17/0016/A092,AN,43.545742,13.388359,50.0,4822696.484,2389811.327
PF18/0016/A092,AN,43.554942,13.392164,12.0,4823712.37,2390138.56
PF19/0016/A092,AN,43.550839,13.398489,50.0,4823246.803,2390640.659
PF20/0016/A092,AN,43.547125,13.391647,12.0,4822845.0,2390080.0
PF01/0017/A092,AN,43.542545,13.346755,50.0,4822407.471,2386443.269
PF02/0017/A092,AN,43.539097,13.345268,8.0,4822026.92,2386315.49
PF03/0017/A092,AN,43.548062,13.348514,50.0,4823017.389,2386597.561
PF04/0017/A092,AN,43.541746,13.35152,50.0,4822311.069,2386826.433
PF01/0018/A092,AN,43.538595,13.36293,8.0,4821942.85,2387741.43
PF02/0018/A092,AN,43.5372,13.362695,12.0,4821788.3,2387719.37
PF03/0018/A092,AN,43.53711,13.35864,50.0,4821784.76,2387391.51
PF04/0018/A092,AN,43.54078,13.359371,50.0,4822191.248,2387458.687
PF02/0019/A092,AN,43.540359,13.374772,50.0,4822120.044,2388702.023
PF03/0019/A092,AN,43.544661,13.372753,50.0,4822601.08,2388548.226
PF04/0019/A092,AN,43.539602,13.36874,50.0,4822045.575,2388212.998
PF05/0020/A092,AN,43.546266,13.395547,50.0,4822743.455,2390393.187
PF06/0020/A092,AN,43.549943,13.399158,12.0,4823146.27,2390692.74
PF08/0020/A092,AN,43.543986,13.395177,50.0,4822490.838,2390358.43
PF09/0020/A092,AN,43.544757,13.39821,50.0,4822571.8,2390605.091
PF10/0020/A092,AN,43.545432,13.401115,50.0,4822642.236,2390841.252
PF11/0020/A092,AN,43.541807,13.397374,50.0,4822245.366,2390531.252
PF01/0021/A092,AN,43.539234,13.36505,12.0,4822010.54,2387914.1
PF02/0021/A092,AN,43.536947,13.378507,50.0,4821735.165,2388996.408
PF03/0021/A092,AN,43.537651,13.375125,50.0,4821818.746,2388724.708
PF04/0021/A092,AN,43.537806,13.370775,50.0,4821842.854,2388373.533
PF02/0022/A092,AN,43.536656,13.386177,50.0,4821690.812,2389615.519
PF03/0022/A092,AN,43.538583,13.378643,50.0,4821916.668,2389010.964
PF05/0022/A092,AN,43.540467,13.381229,50.0,4822121.884,2389223.978
PF08/0022/A092,AN,43.541233,13.39701,50.0,4822182.223,2390500.613
PF10/0022/A092,AN,43.543499,13.386585,50.0,4822450.222,2389663.18
PF12/0022/A092,AN,43.540906,13.388992,50.0,4822158.396,2389852.108
PF14/0022/A092,AN,43.542648,13.389395,50.0,4822351.303,2389888.4
PF16/0022/A092,AN,43.542769,13.380304,50.0,4822378.958,2389154.234
PF17/0022/A092,AN,43.541103,13.384106,50.0,4822187.985,2389457.737
PF03/0023/A092,AN,43.570286,13.364793,50.0,4825459.608,2387961.153
PF04/0023/A092,AN,43.571892,13.359765,50.0,4825646.072,2387558.677
PF01/0001/A271,AN,43.625514,13.493982,50.0,4831396.281,2398504.894
PF02/0002/A271,AN,43.625279,13.503148,50.0,4831356.779,2399243.942
PF02/0003/A271,AN,43.625628,13.509955,50.0,4831385.672,2399793.793
PF03/0003/A271,AN,43.629623,13.508347,50.0,4831831.784,2399672.016
PF04/0003/A271,AN,43.624129,13.507282,50.0,4831223.058,2399575.141
PF05/0003/A271,AN,43.628314,13.510381,10.0,4831683.378,2399833.549
PF01/0004/A271,AN,43.623323,13.514474,3.0,4831123.2,2400153.83
PF02/0004/A271,AN,43.620271,13.516125,50.0,4830781.846,2400280.966
PF03/0004/A271,AN,43.61923,13.518172,50.0,4830663.249,2400444.101
PF04/0004/A271,AN,43.618757,13.51588,50.0,4830613.997,2400258.216
PF05/0004/A271,AN,43.62354,13.512178,50.0,4831150.542,2399968.961
PF06/0004/A271,AN,43.621906,13.512895,50.0,4830968.031,2400023.562
PF01/0005/A271,AN,43.622342,13.518926,50.0,4831007.836,2400511.03
PF02/0005/A271,AN,43.619426,13.522105,50.0,4830679.366,2400761.801
PF03/0005/A271,AN,43.620173,13.526952,20.0,4830755.435,2401154.337
PF04/0006/A271,AN,43.621903,13.498753,50.0,4830988.264,2398882.529
PF05/0006/A271,AN,43.61571,13.501813,12.0,4830296.0,2399117.0
PF01/0007/A271,AN,43.618883,13.509575,8.0,4830637.1,2399749.67
PF02/0007/A271,AN,43.617275,13.509456,50.0,4830458.746,2399736.863
PF03/0007/A271,AN,43.622095,13.510299,50.0,4830992.844,2399814.552
PF04/0007/A271,AN,43.617347,13.512542,50.0,4830462.218,2399986.06
PF05/0007/A271,AN,43.619627,13.511806,50.0,4830716.565,2399931.177
PF06/0007/A271,AN,43.616555,13.507012,50.0,4830382.241,2399538.266
PF07/0007/A271,AN,43.621161,13.51141,50.0,4830887.45,2399902.314
PF08/0007/A271,AN,43.621028,13.507543,50.0,4830878.269,2399589.989
PF02/0008/A271,AN,43.617555,13.51417,50.0,4830483.018,2400117.792
PF03/0008/A271,AN,43.615941,13.513936,50.0,4830304.077,2400095.69
PF04/0008/A271,AN,43.615284,13.517264,50.0,4830226.289,2400362.952
PF06/0008/A271,AN,43.613305,13.516877,50.0,4830007.101,2400327.829
PF07/0008/A271,AN,43.612391,13.513532,50.0,4829910.374,2400056.041
PF02/0009/A271,AN,43.614896,13.518883,8.0,4830180.92,2400492.81
PF03/0009/A271,AN,43.615501,13.520534,50.0,4830245.735,2400627.23
PF04/0009/A271,AN,43.614718,13.520814,50.0,4830158.341,2400648.295
PF05/0009/A271,AN,43.614946,13.522649,50.0,4830180.965,2400796.806
PF06/0009/A271,AN,43.618414,13.527677,50.0,4830558.938,2401209.372
PF07/0009/A271,AN,43.618082,13.518424,50.0,4830535.411,2400462.122
PF08/0009/A271,AN,43.61525,13.524267,10.0,4830212.5,2400928.0
PF09/0009/A271,AN,43.617166,13.526119,50.0,4830422.592,2401081.236
PF10/0009/A271,AN,43.618688,13.524865,50.0,4830593.408,2400983.036
PF11/0009/A271,AN,43.618607,13.522252,50.0,4830588.181,2400772.066
PF12/0009/A271,AN,43.616926,13.521029,50.0,4830403.286,2400669.999
PF01/0010/A271,AN,43.618776,13.530632,8.0,4830594.94,2401448.52
PF02/0010/A271,AN,43.615276,13.528727,50.0,4830208.906,2401287.944
PF03/0010/A271,AN,43.614963,13.531999,50.0,4830169.543,2401551.348
PF04/0010/A271,AN,43.617569,13.531057,50.0,4830460.247,2401480.499
PF05/0010/A271,AN,43.616792,13.53374,50.0,4830370.139,2401695.407
PF06/0010/A271,AN,43.619249,13.529926,50.0,4830648.485,2401392.471
PF03/0011/A271,AN,43.614443,13.497752,50.0,4830161.164,2398786.76
PF04/0011/A271,AN,43.616076,13.496344,50.0,4830344.666,2398676.491
PF05/0011/A271,AN,43.612296,13.499381,50.0,4829920.36,2398913.955
PF06/0011/A271,AN,43.612929,13.496124,50.0,4829995.389,2398652.401
PF05/0012/A271,AN,43.611424,13.495354,50.0,4829829.359,2398587.204
PF06/0012/A271,AN,43.609143,13.496496,8.0,4829574.4,2398674.78
PF02/0013/A271,AN,43.613007,13.501581,50.0,4829996.141,2399092.911
PF01/0014/A271,AN,43.612959,13.504331,50.0,4829986.765,2399314.708
PF02/0014/A271,AN,43.615348,13.504791,50.0,4830251.425,2399356.623
PF03/0014/A271,AN,43.61443,13.507006,50.0,4830146.248,2399533.478
PF04/0014/A271,AN,43.610698,13.503226,50.0,4829737.284,2399221.024
PF05/0014/A271,AN,43.610683,13.50603,50.0,4829731.595,2399447.291
PF03/0015/A271,AN,43.609103,13.508331,50.0,4829552.676,2399629.845
PF04/0015/A271,AN,43.611567,13.510324,50.0,4829823.514,2399795.545
PF07/0015/A271,AN,43.615056,13.508501,50.0,4830213.625,2399655.424
PF08/0015/A271,AN,43.615831,13.510313,50.0,4830297.078,2399803.157
PF09/0015/A271,AN,43.613032,13.507038,50.0,4829991.0,2399533.323
PF01/0016/A271,AN,43.614057,13.519363,50.0,4830087.008,2400529.952
PF02/0016/A271,AN,43.61425,13.523028,50.0,4830103.121,2400826.01
PF03/0016/A271,AN,43.612876,13.521693,50.0,4829952.545,2400715.561
PF04/0016/A271,AN,43.612014,13.519509,50.0,4829859.86,2400537.628
PF05/0016/A271,AN,43.610798,13.521488,50.0,4829722.015,2400694.958
PF07/0016/A271,AN,43.610476,13.51879,50.0,4829690.065,2400476.603
PF08/0016/A271,AN,43.609862,13.52076,50.0,4829619.108,2400634.34
PF03/0017/A271,AN,43.612647,13.532901,50.0,4829910.975,2401619.562
PF04/0017/A271,AN,43.611029,13.531863,50.0,4829732.741,2401532.634
PF05/0017/A271,AN,43.612932,13.527583,50.0,4829950.262,2401191.014
PF06/0017/A271,AN,43.612779,13.530175,50.0,4829929.568,2401399.909
PF07/0017/A271,AN,43.611334,13.530044,50.0,4829769.258,2401386.503
PF08/0017/A271,AN,43.61357,13.524365,10.0,4830025.7,2400932.55
PF09/0017/A271,AN,43.611588,13.524136,10.0,4829805.898,2400910.207
PF01/0018/A271,AN,43.609278,13.533556,50.0,4829535.869,2401665.82
PF02/0018/A271,AN,43.609167,13.535734,50.0,4829520.46,2401841.353
PF03/0018/A271,AN,43.611065,13.534602,50.0,4829732.836,2401753.774
PF04/0018/A271,AN,43.614213,13.534918,50.0,4830082.055,2401785.405
PF01/0019/A271,AN,43.608625,13.538475,8.0,4829456.4,2402061.5
PF07/0019/A271,AN,43.606941,13.539817,50.0,4829267.416,2402166.574
PF08/0019/A271,AN,43.607454,13.537821,50.0,4829327.202,2402006.466
PF03/0020/A271,AN,43.604873,13.512486,50.0,4829076.871,2399956.697
PF04/0020/A271,AN,43.603255,13.511105,50.0,4828899.158,2399842.009
PF06/0020/A271,AN,43.609055,13.513006,50.0,4829540.611,2400007.007
PF07/0020/A271,AN,43.604725,13.509333,50.0,4829065.042,2399701.979
PF08/0020/A271,AN,43.603672,13.513798,10.0,4828941.64,2400060.23
PF01/0021/A271,AN,43.606121,13.514849,50.0,4829212.139,2400149.892
PF02/0021/A271,AN,43.610333,13.515754,50.0,4829678.58,2400231.329
PF03/0021/A271,AN,43.608364,13.515988,50.0,4829459.535,2400246.305
PF01/0022/A271,AN,43.617649,13.421666,50.0,4830631.162,2392653.877
PF02/0022/A271,AN,43.61839,13.425041,50.0,4830708.29,2392927.716
PF03/0022/A271,AN,43.61643,13.425528,50.0,4830489.912,2392962.908
PF05/0022/A271,AN,43.617985,13.427697,50.0,4830659.288,2393141.185
PF06/0022/A271,AN,43.619753,13.424093,50.0,4830861.166,2392854.14
PF08/0023/A271,AN,43.615951,13.431367,50.0,4830427.78,2393433.084
PF09/0023/A271,AN,43.616496,13.430958,50.0,4830488.866,2393401.228
PF01/0024/A271,AN,43.610436,13.427298,50.0,4829821.429,2393093.086
PF02/0024/A271,AN,43.613336,13.425705,50.0,4830145.965,2392970.639
PF03/0024/A271,AN,43.613201,13.429255,50.0,4830125.514,2393256.86
PF02/0025/A271,AN,43.615233,13.43532,50.0,4830341.953,2393750.502
PF06/0025/A271,AN,43.614151,13.431947,50.0,4830226.952,2393476.064
PF10/0025/A271,AN,43.612335,13.432456,50.0,4830024.461,2393513.315
PF12/0025/A271,AN,43.61262,13.435344,50.0,4830051.751,2393746.984
PF13/0025/A271,AN,43.610406,13.432651,50.0,4829809.982,2393525.069
PF05/0026/A271,AN,43.614059,13.437658,50.0,4830208.053,2393936.76
PF07/0026/A271,AN,43.61408,13.439699,50.0,4830207.259,2394101.495
PF08/0027/A271,AN,43.612541,13.44529,50.0,4830027.87,2394549.416
PF10/0027/A271,AN,43.61048,13.440654,10.0,4829806.0,2394171.0
PF09/0028/A271,AN,43.60999,13.448543,50.0,4829739.691,2394806.633
PF10/0028/A271,AN,43.607774,13.449606,50.0,4829491.991,2394887.838
PF11/0028/A271,AN,43.611457,13.449213,50.0,4829901.584,2394863.742
PF01/0029/A271,AN,43.608874,13.451992,50.0,4829610.519,2395082.702
PF02/0029/A271,AN,43.610622,13.452247,50.0,4829804.268,2395106.861
PF03/0029/A271,AN,43.60991,13.455351,50.0,4829720.569,2395355.926
PF04/0029/A271,AN,43.608607,13.458124,50.0,4829571.697,2395576.991
PF05/0029/A271,AN,43.607975,13.456028,50.0,4829504.564,2395406.51
PF03/0030/A271,AN,43.606505,13.461802,50.0,4829332.724,2395869.476
PF05/0030/A271,AN,43.607242,13.458177,50.0,4829419.941,2395578.459
PF11/0030/A271,AN,43.608976,13.459672,50.0,4829610.304,2395702.649
PF12/0030/A271,AN,43.60539,13.463125,50.0,4829206.867,2395973.991
PF13/0030/A271,AN,43.609136,13.464411,10.0,4829621.0,2396085.5
PF14/0030/A271,AN,43.608739,13.462491,10.0,4829579.76,2395929.73
PF02/0031/A271,AN,43.603817,13.467639,50.0,4829025.478,2396335.037
PF03/0031/A271,AN,43.607643,13.4676,50.0,4829450.438,2396339.765
PF01/0032/A271,AN,43.602267,13.470541,50.0,4828849.018,2396566.093
PF02/0032/A271,AN,43.605724,13.46997,50.0,4829233.809,2396527.123
PF01/0033/A271,AN,43.603668,13.473573,50.0,4829000.065,2396813.714
PF02/0033/A271,AN,43.603083,13.476318,50.0,4828931.03,2397034.032
PF03/0033/A271,AN,43.600943,13.475396,50.0,4828694.718,2396955.25
PF05/0033/A271,AN,43.602036,13.479303,50.0,4828810.377,2397272.796
PF02/0034/A271,AN,43.605009,13.487252,50.0,4829128.838,2397920.411
PF04/0034/A271,AN,43.606114,13.483402,50.0,4829257.171,2397611.964
PF02/0035/A271,AN,43.605961,13.490584,50.0,4829229.701,2398191.286
PF03/0035/A271,AN,43.60063,13.491253,50.0,4828636.569,2398234.515
PF04/0035/A271,AN,43.602791,13.490084,50.0,4828878.263,2398144.515
PF05/0035/A271,AN,43.601447,13.487803,50.0,4828732.407,2397957.652
PF01/0036/A271,AN,43.607224,13.49916,50.0,4829357.377,2398885.93
PF02/0036/A271,AN,43.606246,13.501321,50.0,4829245.602,2399058.366
PF03/0036/A271,AN,43.605316,13.499484,50.0,4829144.948,2398908.199
PF04/0036/A271,AN,43.605957,13.494023,50.0,4829224.194,2398468.757
PF05/0036/A271,AN,43.606963,13.496722,50.0,4829331.981,2398688.638
PF01/0037/A271,AN,43.606227,13.504487,8.0,4829238.87,2399313.8
PF04/0037/A271,AN,43.606806,13.505389,50.0,4829301.853,2399387.757
PF05/0037/A271,AN,43.609019,13.506151,50.0,4829546.557,2399453.717
PF06/0037/A271,AN,43.605284,13.503272,50.0,4829135.897,2399213.885
PF07/0037/A271,AN,43.603417,13.504842,50.0,4828926.299,2399336.883
PF09/0037/A271,AN,43.607473,13.507855,50.0,4829372.333,2399588.176
PF10/0037/A271,AN,43.609143,13.503242,50.0,4829564.569,2399219.214
PF11/0037/A271,AN,43.604649,13.507555,50.0,4829059.177,2399558.266
PF01/0038/A271,AN,43.60255,13.494948,50.0,4828844.433,2398536.614
PF02/0038/A271,AN,43.60054,13.499035,50.0,4828615.152,2398862.4
PF03/0038/A271,AN,43.604361,13.497102,50.0,4829042.357,2398714.038
PF04/0038/A271,AN,43.600682,13.501616,50.0,4828627.179,2399071.05
PF05/0038/A271,AN,43.60284,13.502144,50.0,4828866.136,2399117.991
PF06/0038/A271,AN,43.602393,13.497974,50.0,4828822.572,2398780.506
PF01/0039/A271,AN,43.601746,13.482732,50.0,4828773.092,2397549.005
PF02/0039/A271,AN,43.596932,13.482635,50.0,4828238.501,2397531.41
PF04/0040/A271,AN,43.599045,13.487525,50.0,4828466.072,2397930.351
PF05/0040/A271,AN,43.598867,13.493156,50.0,4828438.019,2398384.538
PF01/0041/A271,AN,43.596624,13.502065,50.0,4828175.875,2399099.121
PF02/0041/A271,AN,43.60033,13.503699,50.0,4828585.12,2399238.42
PF04/0041/A271,AN,43.599101,13.500864,50.0,4828452.773,2399007.162
PF01/0042/A271,AN,43.597666,13.506559,50.0,4828285.068,2399463.965
PF02/0042/A271,AN,43.601664,13.504603,50.0,4828731.938,2399314.082
PF03/0042/A271,AN,43.6014,13.507008,50.0,4828699.125,2399507.652
PF04/0042/A271,AN,43.598685,13.504309,50.0,4828401.51,2399284.362
PF01/0043/A271,AN,43.6008,13.509471,50.0,4828628.902,2399705.247
PF05/0043/A271,AN,43.602696,13.512887,50.0,4828834.596,2399984.726
PF06/0043/A271,AN,43.601502,13.515187,50.0,4828698.633,2400168.022
PF07/0043/A271,AN,43.598737,13.514313,50.0,4828392.746,2400091.98
PF09/0043/A271,AN,43.600766,13.514825,50.0,4828617.38,2400137.322
PF10/0043/A271,AN,43.599357,13.511374,50.0,4828465.854,2399855.955
PF11/0043/A271,AN,43.601412,13.512277,50.0,4828692.787,2399932.957
PF12/0043/A271,AN,43.602934,13.508446,50.0,4828867.392,2399626.74
PF13/0043/A271,AN,43.599405,13.516014,10.0,4828464.56,2400230.61
PF01/0044/A271,AN,43.604233,13.515757,50.0,4829001.128,2400219.448
PF02/0044/A271,AN,43.603433,13.517354,50.0,4828909.942,2400346.724
PF04/0044/A271,AN,43.601362,13.518964,50.0,4828677.648,2400472.595
PF06/0044/A271,AN,43.600907,13.517464,50.0,4828629.298,2400350.616
PF09/0044/A271,AN,43.599149,13.517844,50.0,4828433.455,2400377.819
PF10/0044/A271,AN,43.597934,13.519696,50.0,4828295.889,2400524.848
PF11/0044/A271,AN,43.600026,13.519296,10.0,4828528.78,2400496.72
PF02/0045/A271,AN,43.597198,13.495982,8.0,4828248.49,2398609.31
PF03/0045/A271,AN,43.598343,13.495176,50.0,4828376.865,2398546.494
PF04/0045/A271,AN,43.59754,13.498722,50.0,4828282.475,2398831.144
PF08/0045/A271,AN,43.595871,13.494827,50.0,4828102.743,2398513.397
PF09/0045/A271,AN,43.595882,13.501252,50.0,4828094.616,2399032.039
PF01/0046/A271,AN,43.598582,13.511908,8.0,4828379.02,2399897.51
PF02/0046/A271,AN,43.598037,13.509726,50.0,4828321.679,2399720.312
PF06/0046/A271,AN,43.595926,13.507059,50.0,4828091.128,2399500.864
PF09/0046/A271,AN,43.594042,13.506994,50.0,4827881.938,2399491.859
PF12/0046/A271,AN,43.596688,13.511619,50.0,4828169.124,2399870.473
PF01/0047/A271,AN,43.597999,13.517016,50.0,4828306.881,2400308.712
PF02/0047/A271,AN,43.595321,13.516599,50.0,4828010.14,2400269.706
PF03/0047/A271,AN,43.596215,13.521578,50.0,4828102.218,2400673.415
PF04/0047/A271,AN,43.596861,13.514361,50.0,4828184.306,2400092.127
PF01/0048/A271,AN,43.594752,13.499577,50.0,4827971.579,2398894.532
PF07/0048/A271,AN,43.591435,13.496813,50.0,4827607.172,2398664.785
PF01/0049/A271,AN,43.590734,13.5037,50.0,4827519.278,2399219.283
PF02/0049/A271,AN,43.591818,13.50689,50.0,4827635.101,2399478.978
PF03/0049/A271,AN,43.594229,13.502708,50.0,4827908.887,2399146.239
PF04/0049/A271,AN,43.59585,13.504568,50.0,4828086.293,2399299.608
PF01/0050/A271,AN,43.592294,13.51631,50.0,4827674.34,2400240.363
PF02/0050/A271,AN,43.590678,13.51631,50.0,4827494.886,2400237.182
PF03/0050/A271,AN,43.591921,13.518383,50.0,4827629.914,2400406.995
PF04/0050/A271,AN,43.592138,13.51281,50.0,4827662.027,2399957.526
PF05/0050/A271,AN,43.593976,13.514688,50.0,4827863.478,2400112.751
PF02/0051/A271,AN,43.590647,13.493206,50.0,4827524.971,2398372.033
PF03/0051/A271,AN,43.58966,13.490543,50.0,4827419.302,2398155.048
PF04/0051/A271,AN,43.590031,13.487676,50.0,4827464.644,2397924.366
PF01/0052/A271,AN,43.615853,13.423937,50.0,4830428.219,2392833.292
PF02/0052/A271,AN,43.61223,13.420432,50.0,4830031.255,2392542.817
PF06/0052/A271,AN,43.61094,13.416674,50.0,4829893.662,2392236.849
PF07/0052/A271,AN,43.609559,13.423089,50.0,4829730.516,2392751.611
PF08/0052/A271,AN,43.603427,13.416368,10.0,4829059.8,2392196.2
PF01/0053/A271,AN,43.608276,13.428457,50.0,4829579.827,2393182.08
PF02/0053/A271,AN,43.606338,13.426609,50.0,4829367.337,2393028.932
PF03/0053/A271,AN,43.608934,13.43627,50.0,4829641.007,2393814.02
PF04/0053/A271,AN,43.606992,13.438342,50.0,4829422.173,2393977.141
PF05/0053/A271,AN,43.605409,13.431305,50.0,4829257.054,2393405.91
PF07/0053/A271,AN,43.601985,13.429716,50.0,4828879.145,2393270.497
PF09/0053/A271,AN,43.602614,13.423647,50.0,4828958.248,2392781.996
PF01/0054/A271,AN,43.609255,13.443744,7.0,4829665.24,2394417.87
PF02/0054/A271,AN,43.606772,13.442964,50.0,4829390.684,2394349.761
PF03/0054/A271,AN,43.605875,13.440658,50.0,4829294.534,2394161.746
PF05/0054/A271,AN,43.603258,13.436277,50.0,4829010.544,2393802.721
PF06/0054/A271,AN,43.604093,13.441424,50.0,4829095.476,2394219.836
PF07/0054/A271,AN,43.604759,13.4452,50.0,4829163.677,2394525.964
PF11/0054/A271,AN,43.603014,13.45043,50.0,4828962.009,2394944.476
PF01/0055/A271,AN,43.599359,13.434768,50.0,4828579.783,2393672.778
PF03/0055/A271,AN,43.60176,13.442002,50.0,4828835.514,2394261.676
PF05/0055/A271,AN,43.599977,13.448006,50.0,4828628.329,2394742.506
PF08/0055/A271,AN,43.5952,13.444844,50.0,4828102.562,2394477.424
PF09/0055/A271,AN,43.596249,13.448297,50.0,4828213.913,2394758.269
PF10/0055/A271,AN,43.601541,13.433954,50.0,4828823.386,2393611.6
PF13/0055/A271,AN,43.597578,13.44235,4.0,4828370.5,2394281.0
PF14/0055/A271,AN,43.596665,13.436086,50.0,4828278.535,2393773.521
PF15/0055/A271,AN,43.599628,13.444885,10.0,4828594.31,2394489.942
PF01/0056/A271,AN,43.606818,13.453829,50.0,4829379.356,2395226.652
PF02/0056/A271,AN,43.604918,13.453164,50.0,4829169.356,2395169.097
PF03/0056/A271,AN,43.600871,13.450054,50.0,4828724.586,2394909.681
PF04/0056/A271,AN,43.601767,13.457241,50.0,4828813.245,2395491.643
PF07/0056/A271,AN,43.599382,13.455879,50.0,4828550.468,2395376.744
PF08/0056/A271,AN,43.597998,13.450495,50.0,4828404.859,2394939.329
PF09/0056/A271,AN,43.594952,13.449742,50.0,4828067.67,2394872.234
PF10/0056/A271,AN,43.596355,13.452688,50.0,4828219.1,2395112.914
PF11/0056/A271,AN,43.593887,13.453365,50.0,4827943.949,2395162.482
PF12/0056/A271,AN,43.594969,13.45859,50.0,4828056.227,2395586.51
PF02/0057/A271,AN,43.601852,13.457914,50.0,4828821.702,2395546.081
PF04/0057/A271,AN,43.602264,13.467393,50.0,4828853.304,2396312.007
PF05/0057/A271,AN,43.600372,13.461182,50.0,4828652.419,2395806.829
PF06/0057/A271,AN,43.600875,13.465318,50.0,4828702.173,2396141.732
PF07/0057/A271,AN,43.598252,13.461904,50.0,4828415.959,2395860.769
PF09/0057/A271,AN,43.594517,13.465615,50.0,4827995.524,2396152.634
PF10/0057/A271,AN,43.599444,13.468652,50.0,4828538.287,2396407.84
PF11/0057/A271,AN,43.596043,13.460631,50.0,4828172.438,2395753.457
PF12/0057/A271,AN,43.604717,13.45702,50.0,4829141.271,2395479.909
PF13/0057/A271,AN,43.602371,13.46261,50.0,4828872.304,2395926.171
PF01/0058/A271,AN,43.594907,13.47649,7.0,4828022.77,2397031.3
PF02/0058/A271,AN,43.597029,13.474471,50.0,4828261.338,2396872.585
PF03/0058/A271,AN,43.594164,13.469731,50.0,4827950.223,2396484.186
PF04/0058/A271,AN,43.593325,13.472299,50.0,4827853.267,2396689.712
PF01/0059/A271,AN,43.598217,13.478412,50.0,4828387.479,2397193.125
PF02/0059/A271,AN,43.598442,13.48183,50.0,4828407.411,2397469.483
PF03/0059/A271,AN,43.597289,13.488279,50.0,4828269.922,2397987.663
PF04/0059/A271,AN,43.597265,13.48603,50.0,4828270.514,2397806.147
PF07/0059/A271,AN,43.594495,13.488335,50.0,4827959.516,2397986.606
PF09/0059/A271,AN,43.593602,13.493632,50.0,4827852.581,2398412.354
PF11/0059/A271,AN,43.59105,13.477847,50.0,4827592.295,2397132.971
PF12/0059/A271,AN,43.590586,13.49124,50.0,4827521.072,2398213.209
PF13/0059/A271,AN,43.592107,13.484007,50.0,4827700.687,2397632.391
PF14/0059/A271,AN,43.591676,13.495054,50.0,4827636.513,2398523.234
PF15/0059/A271,AN,43.590545,13.481304,50.0,4827531.109,2397410.992
PF16/0059/A271,AN,43.595422,13.484912,50.0,4828067.48,2397712.147
PF17/0059/A271,AN,43.593484,13.480467,50.0,4827858.792,2397349.389
PF02/0060/A271,AN,43.608241,13.522635,50.0,4829436.403,2400782.478
PF03/0060/A271,AN,43.610695,13.523758,50.0,4829707.334,2400877.907
PF06/0060/A271,AN,43.608947,13.530586,50.0,4829503.42,2401425.535
PF08/0060/A271,AN,43.604588,13.525658,50.0,4829026.328,2401019.24
PF09/0060/A271,AN,43.608006,13.526163,50.0,4829405.155,2401066.692
PF13/0060/A271,AN,43.606369,13.517965,50.0,4829235.126,2400401.854
PF14/0060/A271,AN,43.607938,13.519169,8.0,4829407.66,2400502.16
PF15/0060/A271,AN,43.606818,13.53351,50.0,4829262.769,2401657.285
PF16/0060/A271,AN,43.60511,13.529575,50.0,4829078.671,2401336.404
PF17/0060/A271,AN,43.604577,13.522358,50.0,4829029.805,2400752.88
PF01/0061/A271,AN,43.597716,13.523553,50.0,4828266.092,2400835.731
PF02/0061/A271,AN,43.599356,13.521017,50.0,4828451.839,2400634.343
PF04/0061/A271,AN,43.602878,13.526027,50.0,4828835.831,2401045.611
PF11/0061/A271,AN,43.60494,13.534293,50.0,4829053.026,2401716.776
PF12/0061/A271,AN,43.599663,13.538572,50.0,4828460.889,2402051.861
PF13/0061/A271,AN,43.600781,13.5267,50.0,4828602.034,2401095.84
PF14/0061/A271,AN,43.59898,13.531636,50.0,4828394.955,2401490.696
PF15/0061/A271,AN,43.600779,13.523871,50.0,4828605.858,2400867.466
PF16/0061/A271,AN,43.603125,13.532506,50.0,4828854.053,2401569.004
PF17/0061/A271,AN,43.599799,13.534552,50.0,4828481.755,2401727.666
PF18/0061/A271,AN,43.602049,13.537392,50.0,4828727.532,2401961.252
PF02/0062/A271,AN,43.605324,13.536648,10.0,4829092.4,2401907.6
PF04/0062/A271,AN,43.604213,13.538972,50.0,4828965.678,2402093.053
PF05/0062/A271,AN,43.602706,13.540492,50.0,4828796.144,2402212.733
PF08/0062/A271,AN,43.601631,13.543156,50.0,4828672.929,2402425.636
PF09/0062/A271,AN,43.603719,13.537651,50.0,4828912.669,2401985.426
PF10/0062/A271,AN,43.605716,13.535466,50.0,4829137.574,2401813.004
PF01/0063/A271,AN,43.605326,13.543559,50.0,4829082.814,2402465.374
PF02/0063/A271,AN,43.601833,13.547255,50.0,4828689.65,2402756.918
PF03/0063/A271,AN,43.606718,13.543573,50.0,4829237.386,2402469.259
PF04/0063/A271,AN,43.604824,13.549588,50.0,4829018.499,2402951.036
PF01/0064/A271,AN,43.593651,13.519769,50.0,4827820.098,2400522.279
PF07/0064/A271,AN,43.595751,13.530933,50.0,4828037.293,2401427.548
PF10/0064/A271,AN,43.596843,13.535388,50.0,4828152.24,2401789.296
PF14/0064/A271,AN,43.596867,13.526977,50.0,4828166.849,2401110.455
PF15/0064/A271,AN,43.593266,13.526063,50.0,4827768.306,2401029.583
PF16/0064/A271,AN,43.593185,13.530006,50.0,4827753.579,2401347.731
PF17/0064/A271,AN,43.594978,13.524063,50.0,4827961.224,2400871.483
PF19/0064/A271,AN,43.59503,13.52695,50.0,4827962.952,2401104.642
PF01/0065/A271,AN,43.596469,13.538554,50.0,4828106.23,2402044.193
PF03/0065/A271,AN,43.597786,13.542208,50.0,4828247.239,2402341.67
PF05/0065/A271,AN,43.598927,13.544569,50.0,4828370.691,2402534.48
PF09/0065/A271,AN,43.598473,13.548941,50.0,4828314.022,2402886.423
PF11/0065/A271,AN,43.595387,13.548171,50.0,4827972.429,2402818.343
PF14/0065/A271,AN,43.600354,13.550456,50.0,4828520.837,2403012.362
PF15/0065/A271,AN,43.596063,13.552095,50.0,4828041.903,2403136.412
PF01/0066/A271,AN,43.604962,13.384713,8.0,4829279.45,2389644.72
PF03/0066/A271,AN,43.601564,13.390058,50.0,4828893.705,2390068.786
PF04/0066/A271,AN,43.606175,13.382485,50.0,4829417.724,2389467.515
PF05/0066/A271,AN,43.599014,13.386512,50.0,4828615.991,2389777.024
PF02/0067/A271,AN,43.592903,13.392438,50.0,4827928.05,2390242.205
PF03/0067/A271,AN,43.595693,13.389605,50.0,4828242.358,2390019.538
PF04/0067/A271,AN,43.598378,13.394609,10.0,4828532.7,2390429.24
PF02/0068/A271,AN,43.597812,13.402625,50.0,4828457.326,2391075.056
PF03/0068/A271,AN,43.601678,13.396167,50.0,4828896.782,2390562.071
PF04/0068/A271,AN,43.598164,13.405052,50.0,4828492.664,2391271.731
PF01/0069/A271,AN,43.594085,13.407271,50.0,4828036.275,2391442.105
PF02/0069/A271,AN,43.58975,13.409541,50.0,4827551.222,2391616.143
PF04/0069/A271,AN,43.597513,13.407218,50.0,4828417.101,2391445.177
PF05/0069/A271,AN,43.600715,13.408489,50.0,4828770.757,2391554.522
PF03/0070/A271,AN,43.600036,13.424556,50.0,4828670.614,2392849.895
PF08/0070/A271,AN,43.594666,13.419523,50.0,4828081.93,2392432.333
PF10/0070/A271,AN,43.596118,13.422927,50.0,4828237.97,2392710.184
PF11/0070/A271,AN,43.598367,13.428955,50.0,4828478.457,2393201.507
PF12/0070/A271,AN,43.597748,13.418802,50.0,4828425.244,2392380.675
PF13/0070/A271,AN,43.599245,13.419237,50.0,4828590.914,2392418.92
PF14/0070/A271,AN,43.600803,13.417407,50.0,4828766.765,2392274.52
PF02/0071/A271,AN,43.582912,13.416748,50.0,4826780.688,2392183.491
PF03/0071/A271,AN,43.588624,13.416008,50.0,4827416.256,2392135.804
PF04/0071/A271,AN,43.584876,13.419909,50.0,4826993.925,2392442.85
PF05/0071/A271,AN,43.594111,13.415298,50.0,4828026.729,2392090.131
PF01/0072/A271,AN,43.591047,13.43484,50.0,4827656.517,2393661.213
PF02/0072/A271,AN,43.592412,13.426673,50.0,4827820.626,2393004.745
PF03/0072/A271,AN,43.590136,13.420089,50.0,4827577.928,2392468.469
PF02/0073/A271,AN,43.589029,13.436071,50.0,4827430.485,2393756.337
PF03/0073/A271,AN,43.582552,13.43655,50.0,4826710.383,2393781.442
PF04/0073/A271,AN,43.587747,13.421569,50.0,4827310.337,2392582.93
PF05/0073/A271,AN,43.585292,13.43004,50.0,4827024.639,2393261.609
PF06/0073/A271,AN,43.586905,13.435078,50.0,4827196.139,2393671.759
PF08/0073/A271,AN,43.582014,13.430916,50.0,4826659.287,2393325.478
PF04/0074/A271,AN,43.58521,13.443893,50.0,4826994.456,2394379.877
PF05/0074/A271,AN,43.592442,13.448899,50.0,4827790.195,2394798.973
PF07/0074/A271,AN,43.591948,13.441694,50.0,4827746.235,2394216.334
PF08/0074/A271,AN,43.590318,13.439436,50.0,4827568.573,2394030.662
PF10/0074/A271,AN,43.594724,13.444256,50.0,4828050.677,2394428.975
PF11/0074/A271,AN,43.594333,13.441792,50.0,4828010.967,2394229.247
PF02/0075/A271,AN,43.588701,13.450521,50.0,4827372.186,2394922.137
PF05/0075/A271,AN,43.592695,13.45954,50.0,4827802.239,2395658.517
PF07/0075/A271,AN,43.585687,13.457888,50.0,4827026.375,2395510.696
PF08/0075/A271,AN,43.592106,13.454205,50.0,4827744.882,2395226.631
PF02/0076/A271,AN,43.58645,13.470443,8.0,4827092.39,2396525.83
PF05/0076/A271,AN,43.58635,13.464834,50.0,4827089.662,2396072.832
PF06/0076/A271,AN,43.580242,13.469418,50.0,4826404.413,2396430.413
PF08/0076/A271,AN,43.584664,13.467326,50.0,4826898.665,2396270.538
PF09/0076/A271,AN,43.589131,13.4716,50.0,4827388.517,2396624.731
PF11/0076/A271,AN,43.582861,13.470935,50.0,4826693.045,2396558.203
PF12/0076/A271,AN,43.588157,13.46828,50.0,4827285.224,2396354.723
PF20/0076/A271,AN,43.591145,13.472108,50.0,4827611.437,2396669.827
PF21/0076/A271,AN,43.593839,13.465243,12.0,4827920.8,2396121.2
PF01/0077/A271,AN,43.589142,13.475841,50.0,4827383.377,2396967.161
PF07/0077/A271,AN,43.586217,13.476756,50.0,4827057.207,2397035.022
PF08/0077/A271,AN,43.584373,13.473552,50.0,4826857.151,2396772.58
PF11/0077/A271,AN,43.589434,13.488416,50.0,4827397.326,2397982.846
PF12/0077/A271,AN,43.586993,13.49263,50.0,4827119.992,2398318.183
PF14/0077/A271,AN,43.585197,13.477551,50.0,4826942.676,2397097.116
PF15/0077/A271,AN,43.588417,13.480105,50.0,4827296.563,2397309.855
PF16/0077/A271,AN,43.586932,13.485205,50.0,4827124.065,2397718.595
PF04/0078/A271,AN,43.587398,13.498858,50.0,4827155.837,2398821.742
PF07/0078/A271,AN,43.586889,13.505842,50.0,4827089.151,2399384.568
PF09/0078/A271,AN,43.58622,13.496541,50.0,4827028.447,2398632.291
PF11/0078/A271,AN,43.588044,13.510109,50.0,4827211.23,2399731.326
PF12/0078/A271,AN,43.592481,13.499843,50.0,4827718.93,2398911.431
PF13/0078/A271,AN,43.588766,13.494926,50.0,4827313.536,2398507.109
PF14/0078/A271,AN,43.589494,13.50134,50.0,4827385.085,2399026.323
PF15/0078/A271,AN,43.586684,13.502425,50.0,4827071.378,2399108.256
PF01/0079/A271,AN,43.58445,13.51305,6.0,4826807.885,2399961.636
PF02/0079/A271,AN,43.589831,13.52442,50.0,4827389.122,2400890.155
PF03/0079/A271,AN,43.588521,13.526663,50.0,4827240.372,2401068.654
PF04/0079/A271,AN,43.584257,13.51702,50.0,4826780.626,2400281.751
PF05/0079/A271,AN,43.590671,13.513423,50.0,4827498.213,2400004.089
PF06/0079/A271,AN,43.587581,13.51327,50.0,4827155.254,2399985.613
PF07/0079/A271,AN,43.586226,13.519525,50.0,4826995.769,2400487.892
PF08/0079/A271,AN,43.583555,13.526155,50.0,4826689.559,2401017.853
PF09/0079/A271,AN,43.585754,13.524549,50.0,4826936.104,2400892.558
PF10/0079/A271,AN,43.588498,13.519726,50.0,4827247.835,2400508.631
PF12/0079/A271,AN,43.590125,13.51864,50.0,4827430.102,2400424.192
PF13/0079/A271,AN,43.587391,13.517345,50.0,4827128.284,2400314.213
PF14/0079/A271,AN,43.587712,13.517337,10.0,4827163.93,2400314.16
PF02/0080/A271,AN,43.588943,13.533721,50.0,4827277.227,2401639.291
PF03/0080/A271,AN,43.583182,13.537426,50.0,4826632.024,2401927.134
PF04/0080/A271,AN,43.582331,13.5324,50.0,4826544.771,2401519.635
PF06/0080/A271,AN,43.590364,13.53994,50.0,4827426.184,2402144.143
PF07/0080/A271,AN,43.587888,13.539304,50.0,4827152.031,2402087.941
PF08/0080/A271,AN,43.586709,13.531342,50.0,4827032.49,2401442.873
PF09/0080/A271,AN,43.591347,13.535207,50.0,4827542.091,2401763.984
PF10/0080/A271,AN,43.58787,13.537967,10.0,4827152.0,2401980.0
PF11/0080/A271,AN,43.591039,13.529894,50.0,4827515.422,2401334.444
PF01/0081/A271,AN,43.593006,13.538361,50.0,4827721.782,2402021.798
PF03/0081/A271,AN,43.592918,13.542345,50.0,4827706.418,2402343.263
PF05/0081/A271,AN,43.590418,13.547501,50.0,4827421.439,2402754.547
PF06/0081/A271,AN,43.589891,13.551573,50.0,4827357.208,2403082.26
PF07/0081/A271,AN,43.592217,13.550083,50.0,4827617.641,2402966.487
PF08/0081/A271,AN,43.590523,13.543859,50.0,4827438.324,2402460.768
PF03/0082/A271,AN,43.587188,13.542886,50.0,4827069.207,2402375.74
PF05/0082/A271,AN,43.588214,13.545606,50.0,4827179.405,2402597.326
PF06/0082/A271,AN,43.588349,13.549642,50.0,4827188.677,2402923.403
PF07/0082/A271,AN,43.586419,13.550745,50.0,4826972.779,2403008.736
PF08/0082/A271,AN,43.585244,13.553409,50.0,4826838.48,2403221.508
PF09/0082/A271,AN,43.588099,13.554708,50.0,4827153.779,2403331.864
PF10/0082/A271,AN,43.583817,13.546401,8.0,4826689.92,2402652.99
PF11/0082/A271,AN,43.583515,13.545533,50.0,4826657.616,2402582.296
PF12/0082/A271,AN,43.583662,13.541929,50.0,4826678.976,2402291.643
PF01/0083/A271,AN,43.587339,13.561007,7.0,4827060.47,2403838.96
PF02/0083/A271,AN,43.594304,13.556568,50.0,4827840.272,2403494.073
PF03/0083/A271,AN,43.591095,13.555325,50.0,4827485.621,2403387.485
PF04/0083/A271,AN,43.588423,13.560173,50.0,4827182.067,2403773.689
PF05/0083/A271,AN,43.592573,13.557268,10.0,4827647.01,2403547.16
PF01/0084/A271,AN,43.582676,13.403919,8.0,4826774.31,2391147.21
PF03/0084/A271,AN,43.583758,13.411254,50.0,4826883.091,2391741.714
PF05/0084/A271,AN,43.58017,13.414159,50.0,4826480.162,2391968.619
PF06/0084/A271,AN,43.579922,13.409496,50.0,4826459.801,2391591.596
PF01/0085/A271,AN,43.568597,13.39396,50.0,4825226.129,2390312.899
PF03/0085/A271,AN,43.568302,13.400784,50.0,4825182.712,2390863.32
PF04/0085/A271,AN,43.57086,13.393182,50.0,4825478.7,2390254.957
PF05/0085/A271,AN,43.576803,13.399444,10.0,4826128.96,2390773.29
PF01/0086/A271,AN,43.570436,13.408509,3.0,4825407.75,2391491.74
PF02/0086/A271,AN,43.571779,13.410855,50.0,4825553.354,2391684.022
PF03/0086/A271,AN,43.574748,13.404672,50.0,4825892.665,2391191.079
PF01/0087/A271,AN,43.569241,13.4147,50.0,4825265.534,2391989.112
PF02/0087/A271,AN,43.570593,13.419716,50.0,4825407.992,2392397.105
PF03/0087/A271,AN,43.571941,13.423633,50.0,4825551.651,2392716.248
PF06/0087/A271,AN,43.576017,13.422939,50.0,4826005.453,2392668.729
PF07/0087/A271,AN,43.575251,13.4143,50.0,4825933.583,2391969.591
PF09/0087/A271,AN,43.577724,13.418589,50.0,4826201.698,2392321.091
PF10/0087/A271,AN,43.577555,13.415575,50.0,4826187.527,2392077.418
PF13/0087/A271,AN,43.574955,13.426076,50.0,4825882.654,2392919.85
PF15/0087/A271,AN,43.573117,13.414205,50.0,4825696.792,2391957.396
PF16/0087/A271,AN,43.574106,13.420083,50.0,4825797.51,2392434.101
PF02/0088/A271,AN,43.574654,13.429104,50.0,4825844.562,2393163.702
PF03/0088/A271,AN,43.576187,13.435364,50.0,4826005.293,2393672.365
PF04/0088/A271,AN,43.572227,13.436239,50.0,4825564.213,2393734.74
PF05/0088/A271,AN,43.578638,13.42992,50.0,4826285.833,2393237.923
PF06/0088/A271,AN,43.569277,13.434141,50.0,4825239.713,2393559.139
PF02/0089/A271,AN,43.58276,13.444187,50.0,4826721.923,2394398.482
PF03/0089/A271,AN,43.569274,13.439889,50.0,4825230.687,2394023.311
PF04/0089/A271,AN,43.574352,13.4449,50.0,4825787.082,2394438.549
PF05/0089/A271,AN,43.577416,13.440898,50.0,4826133.414,2394121.83
PF06/0089/A271,AN,43.572156,13.444171,50.0,4825544.271,2394375.137
PF07/0089/A271,AN,43.577832,13.443711,50.0,4826175.389,2394349.783
PF09/0089/A271,AN,43.578078,13.446668,50.0,4826198.238,2394589.03
PF01/0090/A271,AN,43.58618,13.451219,50.0,4827091.188,2394973.308
PF03/0090/A271,AN,43.576763,13.451041,50.0,4826045.568,2394939.428
PF04/0090/A271,AN,43.57529,13.453317,50.0,4825878.533,2395120.176
PF05/0090/A271,AN,43.581976,13.45044,50.0,4826625.463,2394901.696
PF06/0090/A271,AN,43.582621,13.456904,10.0,4826687.32,2395424.921
PF02/0091/A271,AN,43.5738,13.457756,50.0,4825706.384,2395475.511
PF04/0091/A271,AN,43.576467,13.454956,50.0,4826006.802,2395254.969
PF06/0091/A271,AN,43.579028,13.460942,50.0,4826282.285,2395743.535
PF07/0091/A271,AN,43.582229,13.462034,50.0,4826636.111,2395838.297
PF08/0091/A271,AN,43.584319,13.462902,50.0,4826866.926,2395912.678
PF10/0091/A271,AN,43.576529,13.459094,50.0,4826007.456,2395589.173
PF02/0092/A271,AN,43.578566,13.468587,50.0,4826219.542,2396359.837
PF03/0092/A271,AN,43.577995,13.475606,50.0,4826145.676,2396925.467
PF04/0092/A271,AN,43.574085,13.474849,50.0,4825712.558,2396856.335
PF05/0092/A271,AN,43.580089,13.473467,50.0,4826381.403,2396756.981
PF06/0092/A271,AN,43.58224,13.476279,50.0,4826616.217,2396988.41
PF07/0092/A271,AN,43.575926,13.47878,50.0,4825911.198,2397177.47
PF08/0092/A271,AN,43.578851,13.481613,50.0,4826231.871,2397412.228
PF01/0093/A271,AN,43.577087,13.488757,50.0,4826025.468,2397985.473
PF03/0093/A271,AN,43.579057,13.486822,50.0,4826247.056,2397833.232
PF08/0093/A271,AN,43.586224,13.48949,50.0,4827039.157,2398063.101
PF09/0093/A271,AN,43.584491,13.483035,50.0,4826856.249,2397538.457
PF10/0093/A271,AN,43.585123,13.492382,50.0,4826912.608,2398294.351
PF11/0093/A271,AN,43.581215,13.491846,50.0,4826479.376,2398243.185
PF03/0094/A271,AN,43.577771,13.493465,50.0,4826094.566,2398367.004
PF05/0094/A271,AN,43.574556,13.492578,50.0,4825738.77,2398288.854
PF06/0094/A271,AN,43.56804,13.490664,50.0,4825017.825,2398121.161
PF07/0094/A271,AN,43.570797,13.491893,50.0,4825322.268,2398226.028
PF09/0094/A271,AN,43.571706,13.494369,50.0,4825419.572,2398427.771
PF10/0094/A271,AN,43.576254,13.490579,50.0,4825930.319,2398130.898
PF11/0094/A271,AN,43.580371,13.496385,10.0,4826379.0,2398608.0
PF01/0095/A271,AN,43.578936,13.50212,50.0,4826211.304,2399068.181
PF02/0095/A271,AN,43.575769,13.504319,50.0,4825856.328,2399239.397
PF08/0095/A271,AN,43.580393,13.506591,50.0,4826366.584,2399432.022
PF09/0095/A271,AN,43.58124,13.503323,50.0,4826465.389,2399169.875
PF11/0095/A271,AN,43.583249,13.497354,50.0,4826697.283,2398691.97
PF13/0095/A271,AN,43.583433,13.507471,50.0,4826702.914,2399509.147
PF15/0095/A271,AN,43.584277,13.501575,50.0,4826805.28,2399034.867
PF16/0095/A271,AN,43.579165,13.498925,50.0,4826241.369,2398810.602
PF17/0095/A271,AN,43.58296,13.493529,50.0,4826670.704,2398382.617
PF04/0096/A271,AN,43.576495,13.508934,50.0,4825930.266,2399613.477
PF05/0096/A271,AN,43.56913,13.51258,50.0,4825107.07,2399893.196
PF09/0096/A271,AN,43.574355,13.511124,50.0,4825689.433,2399786.005
PF11/0096/A271,AN,43.583734,13.510569,50.0,4826731.934,2399759.853
PF12/0096/A271,AN,43.581573,13.514306,50.0,4826486.488,2400057.294
PF14/0096/A271,AN,43.575317,13.515391,50.0,4825790.062,2400132.527
PF15/0096/A271,AN,43.577811,13.513,50.0,4826070.516,2399944.363
PF16/0096/A271,AN,43.572372,13.512268,50.0,4825467.553,2399874.431
PF17/0096/A271,AN,43.57202,13.508164,50.0,4825434.34,2399542.338
PF18/0096/A271,AN,43.582206,13.509357,10.0,4826564.0,2399659.0
PF19/0096/A271,AN,43.579732,13.509272,50.0,4826289.268,2399647.177
PF02/0097/A271,AN,43.573494,13.517977,50.0,4825583.864,2400337.728
PF04/0097/A271,AN,43.57422,13.521743,50.0,4825659.101,2400643.227
PF08/0097/A271,AN,43.579401,13.517919,50.0,4826240.041,2400344.674
PF09/0097/A271,AN,43.577521,13.516668,50.0,4826033.053,2400239.976
PF12/0097/A271,AN,43.57072,13.517456,50.0,4825276.56,2400290.117
PF13/0097/A271,AN,43.57097,13.524246,50.0,4825294.614,2400838.928
PF15/0097/A271,AN,43.583882,13.522295,50.0,4826731.449,2400706.881
PF16/0097/A271,AN,43.582715,13.518676,50.0,4826606.983,2400412.415
PF17/0097/A271,AN,43.577672,13.520734,50.0,4826043.965,2400568.599
PF18/0097/A271,AN,43.569942,13.520569,50.0,4825185.664,2400539.931
PF02/0098/A271,AN,43.576088,13.533811,50.0,4825849.284,2401621.379
PF03/0098/A271,AN,43.578064,13.536615,50.0,4826064.854,2401851.603
PF05/0098/A271,AN,43.57466,13.524328,50.0,4825704.241,2400852.789
PF06/0098/A271,AN,43.57666,13.526649,50.0,4825923.073,2401044.161
PF07/0098/A271,AN,43.579619,13.532808,50.0,4826242.904,2401547.284
PF08/0098/A271,AN,43.57707,13.530585,50.0,4825962.979,2401362.776
PF09/0098/A271,AN,43.582767,13.538729,50.0,4826584.108,2402031.476
PF10/0098/A271,AN,43.579679,13.536535,50.0,4826244.277,2401848.315
PF01/0099/A271,AN,43.569181,13.544882,8.0,4825066.48,2402501.88
PF02/0099/A271,AN,43.56998,13.542991,50.0,4825157.955,2402350.734
PF04/0099/A271,AN,43.574672,13.529107,50.0,4825698.8,2401238.767
PF05/0099/A271,AN,43.572853,13.526533,50.0,4825500.491,2401027.308
PF06/0099/A271,AN,43.573329,13.542221,50.0,4825531.017,2402295.025
PF08/0099/A271,AN,43.571469,13.536587,50.0,4825332.376,2401836.435
PF01/0100/A271,AN,43.570364,13.548671,7.0,4825192.57,2402810.13
PF02/0100/A271,AN,43.574311,13.545226,50.0,4825635.783,2402539.616
PF05/0100/A271,AN,43.576595,13.543193,50.0,4825892.284,2402379.892
PF06/0100/A271,AN,43.584056,13.548599,50.0,4826713.295,2402830.9
PF08/0100/A271,AN,43.570022,13.548386,50.0,4825154.972,2402786.485
PF09/0100/A271,AN,43.58168,13.544519,50.0,4826455.213,2402496.824
PF10/0100/A271,AN,43.572541,13.547142,50.0,4825436.488,2402690.906
PF11/0100/A271,AN,43.575249,13.548527,50.0,4825735.294,2402807.975
PF01/0101/A271,AN,43.581594,13.550872,50.0,4826436.7,2403009.625
PF02/0101/A271,AN,43.580016,13.559843,50.0,4826248.804,2403730.877
PF03/0101/A271,AN,43.580243,13.563327,50.0,4826269.115,2404012.589
PF04/0101/A271,AN,43.583331,13.561618,50.0,4826614.528,2403880.536
PF05/0101/A271,AN,43.581237,13.556469,50.0,4826389.118,2403460.82
PF06/0101/A271,AN,43.578925,13.552268,50.0,4826138.33,2403117.165
PF02/0102/A271,AN,43.577138,13.558887,50.0,4825930.506,2403648.144
PF03/0102/A271,AN,43.573897,13.555766,50.0,4825574.947,2403389.869
PF04/0102/A271,AN,43.572458,13.566324,50.0,4825400.401,2404239.695
PF05/0102/A271,AN,43.57611,13.565476,50.0,4825807.195,2404178.208
PF06/0102/A271,AN,43.575225,13.562606,50.0,4825712.853,2403944.796
PF01/0103/A271,AN,43.559927,13.401098,8.0,4824252.13,2390870.83
PF02/0103/A271,AN,43.561993,13.404998,50.0,4824475.528,2391190.19
PF03/0103/A271,AN,43.563798,13.399858,50.0,4824683.99,2390778.913
PF04/0103/A271,AN,43.55975,13.396949,50.0,4824238.921,2390535.301
PF07/0103/A271,AN,43.566558,13.408534,50.0,4824977.02,2391485.481
PF08/0103/A271,AN,43.564717,13.40726,50.0,4824774.555,2391378.698
PF01/0104/A271,AN,43.558039,13.408931,50.0,4824030.295,2391499.479
PF04/0104/A271,AN,43.562807,13.41154,50.0,4824555.735,2391720.325
PF05/0104/A271,AN,43.565987,13.413116,50.0,4824906.496,2391854.358
PF06/0104/A271,AN,43.562916,13.414784,50.0,4824562.836,2391982.527
PF08/0104/A271,AN,43.567645,13.41757,10.0,4825083.8,2392217.5
PF01/0105/A271,AN,43.561681,13.419792,50.0,4824418.06,2392384.395
PF04/0105/A271,AN,43.560992,13.434243,50.0,4824319.365,2393550.039
PF05/0105/A271,AN,43.568299,13.436729,50.0,4825127.147,2393766.109
PF09/0105/A271,AN,43.563035,13.423263,8.0,4824563.07,2392667.54
PF10/0105/A271,AN,43.568391,13.42412,50.0,4825156.567,2392748.072
PF12/0105/A271,AN,43.566063,13.420815,50.0,4824903.119,2392476.262
PF13/0105/A271,AN,43.565168,13.433046,50.0,4824785.003,2393462.119
PF14/0105/A271,AN,43.561928,13.425142,50.0,4824437.221,2392816.954
PF15/0105/A271,AN,43.560791,13.43039,50.0,4824302.991,2393238.46
PF16/0105/A271,AN,43.567925,13.427089,50.0,4825100.369,2392986.827
PF01/0106/A271,AN,43.558651,13.431337,8.0,4824063.85,2393310.43
PF04/0106/A271,AN,43.555646,13.42204,50.0,4823744.346,2392553.207
PF05/0106/A271,AN,43.553279,13.422921,50.0,4823480.031,2392619.423
PF06/0106/A271,AN,43.556428,13.430312,50.0,4823818.489,2393222.973
PF07/0106/A271,AN,43.559833,13.427581,50.0,4824200.814,2393009.571
PF01/0107/A271,AN,43.555791,13.437185,50.0,4823737.281,2393776.857
PF02/0107/A271,AN,43.55828,13.435583,50.0,4824016.126,2393652.604
PF04/0107/A271,AN,43.560301,13.439984,50.0,4824233.961,2394012.283
PF06/0107/A271,AN,43.565556,13.437239,50.0,4824821.747,2393801.588
PF07/0107/A271,AN,43.56719,13.440375,50.0,4824998.43,2394058.229
PF09/0107/A271,AN,43.560117,13.444592,50.0,4824206.483,2394384.135
PF10/0107/A271,AN,43.568465,13.444881,50.0,4825133.303,2394424.763
PF11/0107/A271,AN,43.56561,13.442542,50.0,4824819.714,2394229.948
PF01/0108/A271,AN,43.564465,13.457311,50.0,4824670.324,2395420.317
PF10/0108/A271,AN,43.568763,13.450796,50.0,4825157.443,2394903.068
PF11/0108/A271,AN,43.566237,13.450119,50.0,4824877.914,2394843.158
PF13/0108/A271,AN,43.574034,13.447916,50.0,4825747.137,2394681.439
PF14/0108/A271,AN,43.570965,13.449069,50.0,4825404.553,2394768.148
PF15/0108/A271,AN,43.563664,13.446269,50.0,4824597.892,2394526.878
PF16/0108/A271,AN,43.570558,13.456165,50.0,4825348.739,2395340.37
PF17/0108/A271,AN,43.573496,13.455038,50.0,4825676.662,2395255.418
PF18/0108/A271,AN,43.570729,13.453014,50.0,4825372.406,2395086.245
PF01/0109/A271,AN,43.558835,13.45002,50.0,4824055.964,2394819.859
PF02/0109/A271,AN,43.55922,13.455681,50.0,4824090.154,2395277.87
PF03/0109/A271,AN,43.561774,13.454742,50.0,4824375.253,2395207.279
PF04/0109/A271,AN,43.562025,13.459988,50.0,4824395.276,2395631.547
PF05/0109/A271,AN,43.55918,13.447333,50.0,4824098.295,2394603.542
PF06/0109/A271,AN,43.555646,13.450933,50.0,4823700.422,2394886.994
PF02/0110/A271,AN,43.570276,13.46548,10.0,4825303.5,2396092.0
PF03/0110/A271,AN,43.570527,13.470945,50.0,4825323.167,2396533.863
PF04/0110/A271,AN,43.567748,13.459822,50.0,4825031.113,2395629.92
PF05/0110/A271,AN,43.573185,13.475775,50.0,4825611.296,2396929.324
PF06/0110/A271,AN,43.572661,13.4686,50.0,4825563.724,2396348.827
PF07/0110/A271,AN,43.565729,13.468293,50.0,4824794.228,2396309.833
PF08/0110/A271,AN,43.568331,13.471438,50.0,4825078.563,2396569.164
PF01/0111/A271,AN,43.562286,13.473762,50.0,4824403.778,2396744.496
PF02/0111/A271,AN,43.563393,13.467951,50.0,4824535.34,2396277.429
PF01/0112/A271,AN,43.562945,13.48303,50.0,4824463.248,2397494.368
PF02/0112/A271,AN,43.565768,13.486284,50.0,4824772.0,2397762.841
PF03/0112/A271,AN,43.568709,13.487784,50.0,4825096.425,2397889.965
PF09/0112/A271,AN,43.572397,13.482577,50.0,4825513.65,2397476.918
PF11/0112/A271,AN,43.571618,13.479524,50.0,4825431.644,2397228.853
PF12/0112/A271,AN,43.574443,13.481498,50.0,4825742.499,2397393.966
PF01/0113/A271,AN,43.560402,13.494693,50.0,4824163.705,2398431.224
PF02/0113/A271,AN,43.561894,13.4987,50.0,4824323.553,2398757.796
PF03/0113/A271,AN,43.56384,13.494324,50.0,4824546.083,2398408.28
PF07/0113/A271,AN,43.565911,13.493568,50.0,4824777.185,2398351.404
PF09/0113/A271,AN,43.562928,13.491259,50.0,4824449.276,2398158.89
PF11/0113/A271,AN,43.565715,13.490612,50.0,4824759.727,2398112.29
PF01/0114/A271,AN,43.554325,13.486516,8.0,4823500.69,2397758.46
PF02/0114/A271,AN,43.559588,13.490586,50.0,4824079.299,2398097.846
PF03/0114/A271,AN,43.55846,13.481382,50.0,4823967.57,2397352.13
PF04/0114/A271,AN,43.559582,13.485949,50.0,4824085.419,2397723.317
PF05/0114/A271,AN,43.555555,13.478696,50.0,4823648.836,2397129.322
PF01/0115/A271,AN,43.570884,13.504574,8.0,4825313.39,2399250.16
PF02/0115/A271,AN,43.563401,13.501358,50.0,4824487.074,2398975.484
PF03/0115/A271,AN,43.574486,13.501082,50.0,4825718.525,2398975.402
PF04/0115/A271,AN,43.570759,13.50156,50.0,4825303.939,2399006.578
PF06/0115/A271,AN,43.56265,13.507345,50.0,4824394.922,2399457.569
PF07/0115/A271,AN,43.564655,13.508792,50.0,4824615.467,2399578.362
PF09/0115/A271,AN,43.566917,13.501045,50.0,4824877.997,2398957.278
PF02/0116/A271,AN,43.554997,13.505078,50.0,4823548.27,2399259.191
PF07/0116/A271,AN,43.55784,13.496384,50.0,4823876.663,2398562.655
PF08/0116/A271,AN,43.562178,13.510595,50.0,4824337.839,2399719.091
PF09/0116/A271,AN,43.558374,13.506939,50.0,4823920.576,2399416.241
PF10/0116/A271,AN,43.559129,13.510423,50.0,4823999.346,2399699.146
PF11/0116/A271,AN,43.561441,13.504259,50.0,4824265.117,2399205.859
PF02/0117/A271,AN,43.567362,13.520349,50.0,4824899.48,2400517.121
PF03/0117/A271,AN,43.566823,13.51119,50.0,4824852.841,2399776.382
PF04/0117/A271,AN,43.562764,13.516792,50.0,4824393.879,2400220.748
PF05/0117/A271,AN,43.566607,13.514092,50.0,4824824.666,2400010.283
PF06/0117/A271,AN,43.561803,13.520638,50.0,4824281.628,2400529.457
PF07/0117/A271,AN,43.569321,13.516993,50.0,4825121.899,2400249.978
PF01/0118/A271,AN,43.569092,13.527997,50.0,4825080.666,2401138.1
PF02/0118/A271,AN,43.568525,13.537647,50.0,4825003.86,2401916.297
PF03/0118/A271,AN,43.569982,13.540194,50.0,4825162.068,2402124.869
PF04/0118/A271,AN,43.566785,13.530376,50.0,4824821.066,2401325.73
PF05/0118/A271,AN,43.564332,13.523458,50.0,4824558.494,2400762.196
PF06/0118/A271,AN,43.56261,13.530644,50.0,4824356.916,2401339.171
PF07/0118/A271,AN,43.564874,13.53989,50.0,4824595.223,2402090.351
PF08/0118/A271,AN,43.564857,13.536186,50.0,4824598.593,2401791.138
PF02/0119/A271,AN,43.559407,13.549686,50.0,4823974.189,2402870.831
PF03/0119/A271,AN,43.557661,13.541308,50.0,4823792.152,2402190.818
PF04/0119/A271,AN,43.568163,13.547252,50.0,4824950.038,2402691.288
PF05/0119/A271,AN,43.566836,13.544002,50.0,4824807.33,2402426.262
PF06/0119/A271,AN,43.56101,13.546145,50.0,4824157.274,2402587.969
PF07/0119/A271,AN,43.567617,13.54177,50.0,4824897.209,2402247.503
PF08/0119/A271,AN,43.5637,13.542941,50.0,4824460.561,2402334.448
PF01/0120/A271,AN,43.565197,13.548058,50.0,4824619.569,2402750.589
PF02/0120/A271,AN,43.567832,13.551891,50.0,4824906.776,2403065.249
PF03/0120/A271,AN,43.558928,13.553617,50.0,4823915.449,2403187.46
PF04/0120/A271,AN,43.569482,13.556463,50.0,4825083.606,2403437.685
PF05/0120/A271,AN,43.565164,13.555358,50.0,4824605.637,2403340.095
PF06/0120/A271,AN,43.561349,13.55581,50.0,4824181.296,2403369.206
PF01/0121/A271,AN,43.566591,13.571542,50.0,4824741.475,2404649.851
PF02/0121/A271,AN,43.563553,13.571827,50.0,4824403.696,2404667.055
PF03/0121/A271,AN,43.568389,13.565209,50.0,4824950.008,2404141.823
PF01/0122/A271,AN,43.556162,13.41562,50.0,4823811.424,2392035.733
PF02/0122/A271,AN,43.555235,13.402973,50.0,4823728.088,2391012.202
PF03/0122/A271,AN,43.55459,13.419431,50.0,4823630.991,2392340.28
PF04/0122/A271,AN,43.550649,13.411323,50.0,4823205.851,2391676.93
PF05/0122/A271,AN,43.556065,13.407683,50.0,4823812.91,2391394.457
PF01/0123/A271,AN,43.545067,13.407083,50.0,4822592.375,2391322.598
PF02/0123/A271,AN,43.542745,13.4045,50.0,4822338.469,2391108.937
PF01/0124/A271,AN,43.548447,13.417111,8.0,4822952.3,2392139.89
PF02/0124/A271,AN,43.548916,13.416681,50.0,4823005.111,2392106.146
PF03/0124/A271,AN,43.551324,13.418119,50.0,4823270.317,2392227.379
PF04/0124/A271,AN,43.542373,13.422222,50.0,4822269.901,2392539.976
PF05/0124/A271,AN,43.546575,13.418068,50.0,4822742.919,2392213.199
PF01/0125/A271,AN,43.536174,13.419436,8.0,4821585.66,2392301.76
PF02/0125/A271,AN,43.535747,13.417118,50.0,4821541.873,2392113.546
PF02/0126/A271,AN,43.551435,13.432217,50.0,4823261.051,2393366.408
PF03/0126/A271,AN,43.551132,13.426882,50.0,4823235.579,2392934.864
PF04/0126/A271,AN,43.546547,13.429031,50.0,4822723.087,2393098.811
PF05/0126/A271,AN,43.548362,13.433424,50.0,4822917.9,2393457.486
PF01/0127/A271,AN,43.550191,13.441918,50.0,4823108.17,2394147.449
PF02/0127/A271,AN,43.548497,13.444634,50.0,4822915.913,2394363.359
PF03/0127/A271,AN,43.545656,13.434388,50.0,4822615.9,2393529.675
PF04/0127/A271,AN,43.548422,13.437808,50.0,4822917.944,2393811.787
PF02/0128/A271,AN,43.555907,13.444998,50.0,4823738.365,2394408.152
PF03/0128/A271,AN,43.55325,13.447612,50.0,4823439.312,2394613.75
PF04/0128/A271,AN,43.555306,13.455714,50.0,4823655.505,2395272.458
PF06/0128/A271,AN,43.551298,13.446852,50.0,4823223.707,2394548.345
PF07/0128/A271,AN,43.553465,13.440762,50.0,4823473.526,2394060.905
PF01/0129/A271,AN,43.542426,13.452331,50.0,4822230.053,2394972.543
PF02/0129/A271,AN,43.544189,13.449231,50.0,4822430.486,2394725.743
PF03/0129/A271,AN,43.546613,13.451388,50.0,4822696.485,2394905.061
PF04/0129/A271,AN,43.546724,13.460558,50.0,4822695.086,2395646.105
PF05/0129/A271,AN,43.54552,13.454397,50.0,4822570.559,2395145.886
PF06/0129/A271,AN,43.543204,13.457702,50.0,4822308.373,2395408.126
PF07/0129/A271,AN,43.539521,13.456557,50.0,4821901.072,2395308.0
PF01/0130/A271,AN,43.553137,13.461416,6.0,4823406.01,2395728.59
PF02/0130/A271,AN,43.554576,13.460209,50.0,4823567.631,2395634.007
PF05/0130/A271,AN,43.551495,13.461175,50.0,4823224.018,2395705.698
PF06/0130/A271,AN,43.552044,13.462905,50.0,4823282.424,2395846.596
PF01/0131/A271,AN,43.55464,13.468244,50.0,4823562.801,2396283.176
PF02/0131/A271,AN,43.553466,13.470674,50.0,4823428.704,2396477.056
PF03/0131/A271,AN,43.550071,13.465379,50.0,4823059.618,2396042.428
PF04/0131/A271,AN,43.558079,13.463186,50.0,4823952.197,2395881.673
PF05/0131/A271,AN,43.546308,13.46663,50.0,4822639.823,2396135.733
PF06/0131/A271,AN,43.555285,13.465331,50.0,4823638.69,2396049.247
PF07/0131/A271,AN,43.554885,13.474116,50.0,4823581.277,2396757.976
PF08/0131/A271,AN,43.559383,13.467017,50.0,4824091.368,2396193.806
PF01/0132/A271,AN,43.540263,13.458564,8.0,4821980.5,2395471.68
PF03/0132/A271,AN,43.537329,13.463336,50.0,4821647.434,2395851.25
PF05/0132/A271,AN,43.543176,13.460907,50.0,4822300.429,2395667.0
PF07/0132/A271,AN,43.540558,13.468146,50.0,4821998.955,2396246.483
PF08/0132/A271,AN,43.542909,13.465707,50.0,4822263.644,2396054.2
PF09/0132/A271,AN,43.547461,13.46559,50.0,4822769.392,2396054.068
PF01/0133/A271,AN,43.547093,13.480711,50.0,4822706.063,2397274.912
PF02/0133/A271,AN,43.549323,13.471905,50.0,4822966.787,2396568.064
PF03/0133/A271,AN,43.548993,13.475732,50.0,4822924.478,2396876.568
PF04/0133/A271,AN,43.549697,13.485233,50.0,4822988.676,2397645.502
PF02/0134/A271,AN,43.54607,13.485886,50.0,4822584.813,2397690.89
PF03/0134/A271,AN,43.541633,13.49009,50.0,4822085.849,2398021.529
PF04/0134/A271,AN,43.545783,13.473286,50.0,4822571.568,2396672.416
PF05/0134/A271,AN,43.541938,13.480288,50.0,4822134.181,2397230.275
PF01/0135/A271,AN,43.53623,13.470861,50.0,4821514.186,2396456.954
PF02/0135/A271,AN,43.536141,13.478244,50.0,4821493.386,2397053.298
PF03/0135/A271,AN,43.536608,13.487343,50.0,4821531.815,2397789.447
PF04/0135/A271,AN,43.53941,13.484389,50.0,4821847.41,2397556.479
PF05/0135/A271,AN,43.541254,13.476778,50.0,4822063.367,2396945.289
PF01/0136/A271,AN,43.533052,13.489708,50.0,4821133.354,2397973.361
PF02/0136/A271,AN,43.533094,13.493173,50.0,4821132.967,2398253.447
PF04/0136/A271,AN,43.53383,13.498042,50.0,4821207.607,2398648.385
PF05/0136/A271,AN,43.538274,13.498855,7.0,4821700.01,2398722.93
PF08/0136/A271,AN,43.53812,13.495094,50.0,4821688.333,2398418.76
PF10/0136/A271,AN,43.531133,13.500659,50.0,4820904.235,2398854.384
PF11/0136/A271,AN,43.5428,13.492785,50.0,4822211.518,2398241.651
PF13/0136/A271,AN,43.546414,13.496651,50.0,4822607.293,2398561.25
PF14/0136/A271,AN,43.535022,13.490912,50.0,4821350.415,2398074.675
PF01/0137/A271,AN,43.547723,13.491739,50.0,4822759.812,2398167.083
PF02/0137/A271,AN,43.551575,13.490527,50.0,4823189.421,2398076.925
PF04/0137/A271,AN,43.555745,13.490059,10.0,4823653.28,2398047.55
PF05/0137/A271,AN,43.547982,13.499092,50.0,4822777.898,2398761.594
PF05/0138/A271,AN,43.55384,13.510107,50.0,4823412.413,2399663.04
PF07/0138/A271,AN,43.552613,13.500686,50.0,4823289.893,2398899.635
PF10/0138/A271,AN,43.544196,13.507894,50.0,4822344.562,2399465.106
PF11/0138/A271,AN,43.547506,13.509668,50.0,4822709.65,2399614.996
PF12/0138/A271,AN,43.546155,13.505308,50.0,4822565.896,2399260.071
PF13/0138/A271,AN,43.550121,13.500096,12.0,4823014.0,2398847.0
PF14/0138/A271,AN,43.55017,13.504706,12.0,4823012.7,2399219.5
PF01/0139/A271,AN,43.533812,13.503081,50.0,4821198.233,2399055.446
PF02/0139/A271,AN,43.533374,13.506538,50.0,4821144.632,2399333.977
PF06/0139/A271,AN,43.539364,13.502939,50.0,4821815.111,2399055.141
PF08/0139/A271,AN,43.543262,13.501156,50.0,4822250.609,2398918.873
PF09/0139/A271,AN,43.53599,13.505146,50.0,4821437.145,2399226.674
PF10/0139/A271,AN,43.540658,13.509042,50.0,4821949.993,2399550.78
PF11/0139/A271,AN,43.541879,13.505047,50.0,4822091.403,2399230.447
PF01/0140/A271,AN,43.538355,13.509257,50.0,4821693.847,2399563.55
PF03/0140/A271,AN,43.533237,13.512451,50.0,4821120.84,2399811.448
PF04/0140/A271,AN,43.540092,13.519466,50.0,4821872.067,2400391.832
PF05/0140/A271,AN,43.540556,13.51549,50.0,4821929.304,2400071.558
PF06/0140/A271,AN,43.535321,13.515712,50.0,4821347.533,2400079.082
PF08/0141/A271,AN,43.544115,13.524694,50.0,4822311.373,2400822.17
PF09/0141/A271,AN,43.542309,13.512543,50.0,4822128.271,2399836.944
PF10/0141/A271,AN,43.546623,13.517454,50.0,4822600.245,2400242.183
PF11/0141/A271,AN,43.542867,13.515464,12.0,4822186.0,2400074.0
PF02/0142/A271,AN,43.550048,13.518655,50.0,4822979.002,2400346.034
PF03/0142/A271,AN,43.553817,13.528906,50.0,4823382.871,2401181.512
PF04/0142/A271,AN,43.550542,13.529785,50.0,4823017.831,2401246.064
PF05/0142/A271,AN,43.547651,13.526342,50.0,4822701.753,2400962.275
PF06/0142/A271,AN,43.553472,13.516026,50.0,4823363.072,2400140.427
PF07/0142/A271,AN,43.552622,13.519708,50.0,4823263.283,2400436.162
PF03/0143/A271,AN,43.558764,13.528617,50.0,4823932.677,2401167.906
PF04/0143/A271,AN,43.557938,13.518822,50.0,4823855.01,2400375.15
PF05/0143/A271,AN,43.562325,13.525267,50.0,4824333.013,2400904.301
PF06/0143/A271,AN,43.559028,13.526067,50.0,4823965.632,2400962.465
PF07/0143/A271,AN,43.558248,13.522062,50.0,4823884.758,2400637.436
PF08/0143/A271,AN,43.560387,13.517152,50.0,4824129.346,2400245.123
PF01/0144/A271,AN,43.549724,13.536119,50.0,4822917.951,2401756.112
PF02/0144/A271,AN,43.553176,13.533729,50.0,4823304.794,2401569.846
PF03/0144/A271,AN,43.55637,13.536059,50.0,4823656.22,2401764.304
PF04/0144/A271,AN,43.561861,13.53468,50.0,4824268.042,2401663.672
PF01/0145/A271,AN,43.554632,13.540984,8.0,4823456.13,2402158.68
PF02/0145/A271,AN,43.54665,13.539483,50.0,4822571.797,2402021.859
PF03/0145/A271,AN,43.555401,13.545414,50.0,4823535.319,2402517.999
PF04/0145/A271,AN,43.549326,13.54207,50.0,4822865.281,2402236.127
PF02/0146/A271,AN,43.552216,13.558114,50.0,4823163.688,2403537.681
PF03/0146/A271,AN,43.554152,13.555588,50.0,4823382.299,2403337.41
PF04/0146/A271,AN,43.554491,13.547393,50.0,4823431.416,2402676.098
PF05/0146/A271,AN,43.557149,13.559926,50.0,4823708.98,2403693.54
PF03/0147/A271,AN,43.554877,13.564341,50.0,4823450.474,2404045.798
PF05/0147/A271,AN,43.558121,13.563458,12.0,4823812.072,2403980.713
PF03/0148/A271,AN,43.560494,13.57497,50.0,4824059.602,2404915.086
PF04/0148/A271,AN,43.556632,13.573796,50.0,4823632.26,2404812.896
PF01/0149/A271,AN,43.563335,13.581751,8.0,4824365.74,2405468.14
PF03/0149/A271,AN,43.558472,13.578798,50.0,4823829.705,2405220.364
PF04/0149/A271,AN,43.563816,13.57682,50.0,4824425.953,2405070.789
PF05/0149/A271,AN,43.560868,13.582725,50.0,4824090.366,2405542.075
PF06/0149/A271,AN,43.56086,13.578511,50.0,4824095.314,2405201.775
PF01/0150/A271,AN,43.564765,13.596257,8.0,4824504.67,2406642.34
PF02/0150/A271,AN,43.560799,13.602012,50.0,4824056.366,2407099.678
PF03/0150/A271,AN,43.560517,13.598246,50.0,4824030.134,2406795.0
PF06/0150/A271,AN,43.561922,13.595483,50.0,4824189.991,2406574.517
PF07/0150/A271,AN,43.565692,13.592279,50.0,4824613.066,2406322.843
PF09/0150/A271,AN,43.563673,13.589157,50.0,4824393.108,2406066.876
PF11/0150/A271,AN,43.562273,13.598264,50.0,4824225.152,2406799.732
PF01/0151/A271,AN,43.560143,13.593799,50.0,4823994.707,2406435.157
PF02/0151/A271,AN,43.560138,13.591705,50.0,4823997.006,2406266.047
PF01/0152/A271,AN,43.551912,13.605547,1.0,4823064.52,2407368.65
PF03/0152/A271,AN,43.547987,13.600696,10.0,4822635.21,2406969.51
PF01/0153/A271,AN,43.548854,13.562098,50.0,4822784.702,2403853.109
PF02/0153/A271,AN,43.545669,13.567847,50.0,4822422.977,2404311.358
PF03/0153/A271,AN,43.550301,13.57247,50.0,4822930.985,2404693.687
PF06/0153/A271,AN,43.550493,13.568372,6.0,4822958.0,2404363.0
PF01/0154/A271,AN,43.556129,13.580501,50.0,4823567.113,2405353.516
PF02/0154/A271,AN,43.554319,13.579915,50.0,4823366.93,2405302.696
PF03/0154/A271,AN,43.553699,13.58303,50.0,4823293.821,2405553.15
PF04/0154/A271,AN,43.549076,13.585639,50.0,4822776.741,2405755.142
PF05/0154/A271,AN,43.542684,13.583075,50.0,4822070.423,2405535.942
PF08/0154/A271,AN,43.545969,13.585112,50.0,4822432.423,2405706.741
PF09/0154/A271,AN,43.548853,13.579846,50.0,4822759.941,2405286.82
PF02/0155/A271,AN,43.546475,13.590303,50.0,4822481.467,2406127.008
PF03/0155/A271,AN,43.549096,13.588595,50.0,4822774.911,2405994.001
PF02/0156/A271,AN,43.534017,13.573252,50.0,4821121.39,2404725.809
PF03/0156/A271,AN,43.531626,13.57439,50.0,4820854.277,2404813.267
PF04/0156/A271,AN,43.534575,13.576305,50.0,4821179.133,2404973.549
PF05/0156/A271,AN,43.540949,13.576569,50.0,4821886.619,2405007.061
PF06/0156/A271,AN,43.541985,13.578852,50.0,4821998.56,2405193.411
PF07/0156/A271,AN,43.541381,13.572165,50.0,4821940.754,2404652.02
PF01/0157/A271,AN,43.537115,13.586502,8.0,4821447.2,2405802.33
PF02/0157/A271,AN,43.535415,13.586923,50.0,4821257.815,2405833.088
PF05/0157/A271,AN,43.539742,13.585106,50.0,4821740.848,2405694.49
PF06/0157/A271,AN,43.531643,13.590354,50.0,4820834.095,2406103.26
PF07/0157/A271,AN,43.535067,13.590666,50.0,4821213.97,2406134.874
PF08/0157/A271,AN,43.537129,13.583174,50.0,4821453.269,2405533.443
PF01/0158/A271,AN,43.541411,13.596499,8.0,4821910.63,2406618.13
PF03/0158/A271,AN,43.541289,13.588414,50.0,4821908.076,2405964.681
PF04/0158/A271,AN,43.54419,13.589651,50.0,4822228.559,2406070.033
PF05/0158/A271,AN,43.538971,13.590811,50.0,4821647.337,2406153.923
PF06/0158/A271,AN,43.542142,13.592065,50.0,4821997.853,2406261.272
PF07/0158/A271,AN,43.540487,13.598604,50.0,4821805.09,2406786.464
PF01/0159/A271,AN,43.527337,13.594953,8.0,4820349.6,2406466.81
PF02/0159/A271,AN,43.538459,13.595859,50.0,4821583.661,2406560.817
PF03/0159/A271,AN,43.534954,13.596831,50.0,4821193.005,2406632.778
PF05/0159/A271,AN,43.531686,13.592736,50.0,4820835.689,2406295.83
PF06/0159/A271,AN,43.534198,13.593515,50.0,4821113.543,2406363.473
PF07/0159/A271,AN,43.528349,13.59097,12.0,4820467.5,2406146.8
PF08/0159/A271,AN,43.528349,13.59097,12.0,4820467.5,2406146.8
PF01/0160/A271,AN,43.528115,13.575568,8.0,4820462.69,2404901.78
PF04/0160/A271,AN,43.524427,13.579446,50.0,4820047.695,2405208.106
PF05/0160/A271,AN,43.525013,13.574421,50.0,4820119.764,2404803.185
PF06/0160/A271,AN,43.529717,13.582823,50.0,4820630.565,2405491.04
PF07/0160/A271,AN,43.529688,13.586904,50.0,4820621.729,2405820.781
PF01/0161/A271,AN,43.521508,13.582517,50.0,4819719.325,2405450.761
PF01/0162/A271,AN,43.519485,13.580187,50.0,4819497.809,2405258.64
PF02/0162/A271,AN,43.518887,13.584871,50.0,4819424.977,2405636.093
PF03/0162/A271,AN,43.511812,13.576981,50.0,4818650.049,2404984.936
PF04/0162/A271,AN,43.517158,13.580519,50.0,4819238.955,2405281.078
PF05/0162/A271,AN,43.514879,13.582833,50.0,4818982.56,2405463.758
PF06/0162/A271,AN,43.516896,13.575736,50.0,4819216.42,2404893.999
PF07/0162/A271,AN,43.511695,13.579972,50.0,4818632.888,2405226.528
PF01/0163/A271,AN,43.609388,13.492407,50.0,4829607.643,2398345.304
PF01/0164/A271,AN,43.617591,13.493919,50.0,4830516.437,2398483.827
PF01/0165/A271,AN,43.607487,13.489385,50.0,4829400.854,2398097.598
PF02/0165/A271,AN,43.609493,13.488633,50.0,4829624.749,2398040.92
PF03/0165/A271,AN,43.60671,13.487085,50.0,4829318.026,2397910.405
PF04/0165/A271,AN,43.608031,13.485463,50.0,4829467.058,2397782.139
PF05/0165/A271,AN,43.611469,13.480383,50.0,4829856.45,2397379.2
PF06/0165/A271,AN,43.608235,13.481904,50.0,4829494.965,2397495.336
PF01/0166/A271,AN,43.631441,13.502647,10.0,4832041.981,2399215.875
PF01/0001/A366,AN,43.590427,12.943676,50.0,4828452.109,2354009.612
PF02/0001/A366,AN,43.593095,12.947563,50.0,4828740.687,2354330.725
PF03/0001/A366,AN,43.593267,12.951365,12.0,4828752.15,2354638.12
PF04/0001/A366,AN,43.595547,12.951502,50.0,4829005.072,2354655.379
PF05/0001/A366,AN,43.591956,12.958565,12.0,4828592.28,2355215.78
PF06/0001/A366,AN,43.594968,12.943524,50.0,4828956.734,2354009.844
PF07/0001/A366,AN,43.588947,12.940506,10.0,4828294.01,2353749.64
PF02/0002/A366,AN,43.583464,12.92246,50.0,4827721.361,2352277.544
PF04/0002/A366,AN,43.582615,12.92948,50.0,4827612.919,2352841.959
PF05/0002/A366,AN,43.58007,12.932645,50.0,4827323.867,2353090.487
PF06/0002/A366,AN,43.584644,12.931038,50.0,4827835.085,2352973.393
PF02/0003/A366,AN,43.582151,12.93562,50.0,4827549.053,2353336.409
PF06/0003/A366,AN,43.582692,12.939172,12.0,4827601.96,2353624.7
PF07/0003/A366,AN,43.581824,12.944604,50.0,4827494.775,2354060.881
PF11/0003/A366,AN,43.582923,12.935691,8.0,4827634.66,2353344.28
PF12/0003/A366,AN,43.584582,12.952768,50.0,4827784.745,2354727.607
PF13/0003/A366,AN,43.586496,12.934135,12.0,4828034.55,2353228.55
PF14/0003/A366,AN,43.582528,12.94704,50.0,4827568.077,2354259.456
PF15/0003/A366,AN,43.58462,12.941875,50.0,4827810.682,2353848.27
PF03/0004/A366,AN,43.584073,12.964273,12.0,4827705.36,2355655.07
PF04/0004/A366,AN,43.586773,12.95787,50.0,4828018.021,2355145.451
PF05/0004/A366,AN,43.583738,12.972244,12.0,4827652.43,2356297.72
PF01/0005/A366,AN,43.578643,12.976806,12.0,4827077.59,2356652.28
PF02/0005/A366,AN,43.579243,12.981005,12.0,4827136.04,2356992.91
PF03/0005/A366,AN,43.5759,12.979054,50.0,4826768.559,2356826.344
PF04/0005/A366,AN,43.584721,12.975552,12.0,4827755.14,2356567.45
PF05/0005/A366,AN,43.578081,12.97248,12.0,4827023.74,2356301.42
PF01/0006/A366,AN,43.583733,12.987322,50.0,4827622.275,2357515.01
PF02/0006/A366,AN,43.580765,12.987383,12.0,4827292.57,2357512.01
PF01/0007/A366,AN,43.586341,12.992627,12.0,4827901.63,2357950.33
PF02/0007/A366,AN,43.588798,12.998898,50.0,4828162.283,2358463.156
PF01/0008/A366,AN,43.576283,12.931104,12.0,4826906.35,2352955.54
PF02/0008/A366,AN,43.5734,12.93142,12.0,4826585.58,2352973.13
PF03/0008/A366,AN,43.573538,12.937942,12.0,4826587.75,2353500.18
PF04/0008/A366,AN,43.578979,12.922107,12.0,4827223.95,2352236.56
PF02/0009/A366,AN,43.580387,12.938699,50.0,4827346.944,2353580.139
PF03/0009/A366,AN,43.579373,12.942297,50.0,4827227.082,2353867.894
PF04/0009/A366,AN,43.57886,12.935601,50.0,4827183.551,2353325.765
PF05/0009/A366,AN,43.574777,12.932616,12.0,4826736.07,2353073.54
PF01/0010/A366,AN,43.575154,12.951272,50.0,4826740.581,2354581.003
PF02/0010/A366,AN,43.579085,12.968934,50.0,4827142.224,2356017.86
PF03/0010/A366,AN,43.577577,12.965538,50.0,4826981.379,2355739.49
PF04/0010/A366,AN,43.579911,12.955398,50.0,4827260.737,2354927.184
PF01/0011/A366,AN,43.577387,12.993869,50.0,4826904.739,2358026.569
PF02/0011/A366,AN,43.579907,12.98572,50.0,4827200.539,2357375.432
PF01/0012/A366,AN,43.568542,12.919695,12.0,4826069.6,2352012.81
PF02/0012/A366,AN,43.567261,12.93051,7.0,4825905.55,2352882.64
PF03/0012/A366,AN,43.570591,12.924578,50.0,4826287.337,2352412.861
PF04/0012/A366,AN,43.566472,12.921975,50.0,4825835.142,2352191.194
PF05/0012/A366,AN,43.57058,12.917617,12.0,4826300.16,2351850.66
PF02/0013/A366,AN,43.566516,12.929626,7.0,4825824.52,2352809.16
PF04/0013/A366,AN,43.569643,12.932326,50.0,4826166.451,2353035.894
PF05/0013/A366,AN,43.560883,12.931416,50.0,4825195.302,2352938.209
PF02/0014/A366,AN,43.569724,12.943052,12.0,4826153.96,2353902.31
PF04/0014/A366,AN,43.567975,12.945239,12.0,4825955.31,2354074.1
PF05/0014/A366,AN,43.566863,12.948339,12.0,4825825.65,2354321.37
PF08/0014/A366,AN,43.575075,12.942174,12.0,4826750.0,2353846.14
PF09/0014/A366,AN,43.574118,12.945822,12.0,4826636.47,2354138.07
PF12/0014/A366,AN,43.570684,12.945605,50.0,4826255.469,2354111.083
PF13/0014/A366,AN,43.572071,12.939232,12.0,4826422.26,2353600.25
PF14/0014/A366,AN,43.571427,12.943655,8.0,4826341.85,2353955.69
PF15/0014/A366,AN,43.567998,12.939751,50.0,4825968.816,2353630.952
PF16/0014/A366,AN,43.578377,12.945835,10.0,4827109.438,2354150.765
PF01/0015/A366,AN,43.567095,12.958904,50.0,4825830.345,2355175.291
PF02/0015/A366,AN,43.572698,12.953605,50.0,4826463.209,2354762.617
PF03/0015/A366,AN,43.570409,12.952774,50.0,4826210.634,2354689.316
PF04/0015/A366,AN,43.567377,12.9534,12.0,4825872.67,2354731.51
PF05/0015/A366,AN,43.569699,12.962397,50.0,4826112.707,2355464.434
PF01/0016/A366,AN,43.573454,12.977844,50.0,4826499.235,2356721.993
PF03/0016/A366,AN,43.572279,12.971898,50.0,4826380.435,2356238.717
PF04/0016/A366,AN,43.569905,12.974893,12.0,4826110.84,2356474.14
PF05/0016/A366,AN,43.565488,12.971846,50.0,4825626.252,2356216.105
PF01/0017/A366,AN,43.563215,12.974779,50.0,4825368.026,2356446.801
PF02/0017/A366,AN,43.566932,12.972415,50.0,4825785.601,2356265.955
PF03/0017/A366,AN,43.56199,12.967522,50.0,4825246.319,2355857.41
PF04/0017/A366,AN,43.566962,12.984418,12.0,4825765.3,2357235.4
PF05/0017/A366,AN,43.567582,12.979695,50.0,4825843.447,2356855.653
PF01/0018/A366,AN,43.577334,12.981733,12.0,4826922.49,2357046.5
PF02/0018/A366,AN,43.572198,12.991221,12.0,4826333.5,2357798.86
PF03/0018/A366,AN,43.571251,12.982024,12.0,4826246.32,2357053.6
PF01/0019/A366,AN,43.565813,12.995254,50.0,4825616.541,2358107.395
PF02/0019/A366,AN,43.569861,12.997372,50.0,4826061.933,2358289.299
PF02/0020/A366,AN,43.562515,12.926568,12.0,4825386.35,2352551.12
PF03/0020/A366,AN,43.556515,12.925895,50.0,4824721.276,2352480.122
PF04/0020/A366,AN,43.564133,12.923516,50.0,4825572.22,2352309.143
PF05/0020/A366,AN,43.562751,12.921794,50.0,4825422.172,2352166.225
PF06/0020/A366,AN,43.560934,12.917909,50.0,4825228.247,2351847.41
PF07/0020/A366,AN,43.560701,12.913554,12.0,4825211.18,2351495.02
PF01/0021/A366,AN,43.556885,12.952317,50.0,4824709.489,2354615.392
PF03/0021/A366,AN,43.561885,12.962036,12.0,4825245.5,2355414.03
PF04/0021/A366,AN,43.562006,12.95879,50.0,4825265.446,2355152.158
PF05/0021/A366,AN,43.558361,12.95826,50.0,4824861.569,2355099.446
PF06/0021/A366,AN,43.56365,12.955748,50.0,4825454.07,2354910.978
PF07/0021/A366,AN,43.561026,12.949909,50.0,4825174.166,2354432.224
PF01/0022/A366,AN,43.557115,12.972918,12.0,4824694.21,2356279.95
PF02/0022/A366,AN,43.56041,12.969185,50.0,4825067.603,2355987.399
PF03/0022/A366,AN,43.563046,12.970885,50.0,4825357.026,2356131.829
PF04/0022/A366,AN,43.562457,12.981863,50.0,4825269.927,2357016.856
PF05/0022/A366,AN,43.56016,12.983135,12.0,4825012.38,2357113.42
PF06/0022/A366,AN,43.560854,12.987334,12.0,4825081.24,2357454.41
PF07/0022/A366,AN,43.555269,12.96716,12.0,4824500.58,2355809.87
PF08/0022/A366,AN,43.559325,12.978842,12.0,4824928.08,2356764.47
PF01/0023/A366,AN,43.563621,12.988845,50.0,4825385.596,2357583.897
PF02/0023/A366,AN,43.565897,12.993166,8.0,4825629.87,2357938.97
PF03/0023/A366,AN,43.563365,12.995369,12.0,4825344.36,2358110.1
PF01/0024/A366,AN,43.559644,13.002981,50.0,4824916.339,2358714.963
PF02/0024/A366,AN,43.557896,13.001608,8.0,4824724.81,2358599.41
PF04/0024/A366,AN,43.562013,13.003417,12.0,4825178.62,2358756.52
PF05/0024/A366,AN,43.560912,13.01104,50.0,4825041.604,2359369.252
PF06/0024/A366,AN,43.566681,13.007912,12.0,4825688.32,2359132.01
PF07/0024/A366,AN,43.564427,13.005926,12.0,4825441.81,2358965.61
PF01/0025/A366,AN,43.562914,13.016291,50.0,4825253.82,2359798.711
PF02/0025/A366,AN,43.567697,13.015752,50.0,4825786.004,2359767.85
PF03/0025/A366,AN,43.564454,13.021189,50.0,4825415.407,2360198.309
PF01/0026/A366,AN,43.552109,12.919069,50.0,4824245.763,2351916.511
PF02/0026/A366,AN,43.557136,12.921416,12.0,4824799.34,2352120.12
PF03/0026/A366,AN,43.550521,12.91483,50.0,4824077.922,2351569.727
PF01/0027/A366,AN,43.548016,12.935721,12.0,4823757.67,2353250.38
PF02/0027/A366,AN,43.558072,12.928521,12.0,4824888.96,2352696.54
PF02/0028/A366,AN,43.558949,12.948696,12.0,4824945.94,2354328.55
PF03/0028/A366,AN,43.559218,12.934824,12.0,4825003.63,2353208.83
PF04/0028/A366,AN,43.551976,12.945992,12.0,4824176.9,2354090.97
PF05/0028/A366,AN,43.553871,12.948063,12.0,4824383.25,2354263.51
PF01/0029/A366,AN,43.552724,12.961407,50.0,4824229.267,2355338.25
PF02/0029/A366,AN,43.5604,12.965809,50.0,4825073.125,2355714.66
PF03/0029/A366,AN,43.558221,12.963756,50.0,4824835.123,2355542.97
PF01/0030/A366,AN,43.54299,12.989483,50.0,4823092.967,2357580.016
PF02/0030/A366,AN,43.550574,12.989405,50.0,4823935.4,2357594.112
PF03/0030/A366,AN,43.552051,12.992037,50.0,4824094.276,2357810.645
PF04/0030/A366,AN,43.551839,12.98467,50.0,4824085.224,2357215.035
PF05/0030/A366,AN,43.555321,12.990509,12.0,4824460.51,2357696.02
PF01/0031/A366,AN,43.547846,12.993641,50.0,4823624.167,2357928.985
PF02/0031/A366,AN,43.549288,12.998879,50.0,4823774.124,2358355.964
PF04/0031/A366,AN,43.54564,12.998835,50.0,4823369.06,2358342.675
PF05/0031/A366,AN,43.558482,13.001272,50.0,4824790.579,2358573.864
PF01/0032/A366,AN,43.551586,13.001413,50.0,4824024.466,2358566.838
PF03/0032/A366,AN,43.555498,13.008202,50.0,4824445.776,2359125.655
PF04/0032/A366,AN,43.553133,13.015423,50.0,4824169.078,2359702.65
PF01/0033/A366,AN,43.547935,12.898785,12.0,4823823.36,2350266.28
PF03/0033/A366,AN,43.545571,12.913598,12.0,4823530.74,2351456.34
PF01/0034/A366,AN,43.544625,12.936226,12.0,4823379.94,2353281.81
PF02/0034/A366,AN,43.552421,12.937031,50.0,4824244.275,2353368.389
PF03/0034/A366,AN,43.550209,12.943773,12.0,4823985.02,2353906.93
PF04/0034/A366,AN,43.539988,12.931162,12.0,4822875.1,2352859.89
PF05/0034/A366,AN,43.542304,12.933692,12.0,4823127.33,2353070.73
PF01/0035/A366,AN,43.543612,12.952869,12.0,4823234.19,2354623.67
PF02/0035/A366,AN,43.543448,12.948047,12.0,4823225.63,2354233.58
PF04/0035/A366,AN,43.549976,12.954478,12.0,4823937.83,2354770.98
PF05/0035/A366,AN,43.546401,12.944696,12.0,4823560.25,2353971.03
PF01/0036/A366,AN,43.548462,12.957471,12.0,4823763.71,2355008.7
PF02/0036/A366,AN,43.547861,12.958379,8.0,4823695.21,2355080.42
PF03/0037/A366,AN,43.539018,12.972812,50.0,4822684.524,2356222.386
PF04/0037/A366,AN,43.541506,12.973794,50.0,4822958.959,2356308.434
PF05/0037/A366,AN,43.543906,12.974437,12.0,4823224.17,2356366.89
PF06/0037/A366,AN,43.546758,12.974925,12.0,4823540.02,2356414.06
PF07/0037/A366,AN,43.547736,12.969384,12.0,4823659.57,2355969.09
PF09/0037/A366,AN,43.549496,12.971247,12.0,4823851.33,2356124.32
PF10/0037/A366,AN,43.553171,12.967391,12.0,4824267.06,2355822.85
PF11/0037/A366,AN,43.553733,12.971688,12.0,4824321.04,2356171.42
PF12/0037/A366,AN,43.540581,12.968853,50.0,4822865.957,2355906.75
PF01/0038/A366,AN,43.545648,12.983758,50.0,4823399.348,2357124.644
PF04/0038/A366,AN,43.545259,12.979231,12.0,4823365.03,2356757.86
PF05/0038/A366,AN,43.543994,12.974723,50.0,4823233.357,2356390.244
PF06/0038/A366,AN,43.551629,12.975058,12.0,4824080.78,2356437.95
PF07/0038/A366,AN,43.557059,12.985453,12.0,4824663.37,2357292.34
PF08/0038/A366,AN,43.547213,12.976549,12.0,4823587.28,2356546.45
PF09/0038/A366,AN,43.55159,12.981198,12.0,4824064.28,2356933.87
PF10/0038/A366,AN,43.554915,12.983998,12.0,4824428.12,2357169.0
PF11/0038/A366,AN,43.550068,12.978952,50.0,4823899.728,2356748.284
PF01/0039/A366,AN,43.541116,13.001039,50.0,4822862.309,2358508.614
PF02/0039/A366,AN,43.544495,12.994464,8.0,4823250.33,2357986.43
PF03/0039/A366,AN,43.545917,12.99551,50.0,4823406.262,2358074.819
PF04/0039/A366,AN,43.54209,12.992255,50.0,4822987.586,2357801.551
PF05/0039/A366,AN,43.546232,13.002673,50.0,4823427.36,2358654.338
PF06/0039/A366,AN,43.544236,12.992891,50.0,4823224.733,2357858.734
PF07/0039/A366,AN,43.54704,13.009802,50.0,4823503.252,2359232.369
PF08/0039/A366,AN,43.544533,13.009694,50.0,4823225.075,2359216.997
PF01/0040/A366,AN,43.548496,12.892923,12.0,4823897.71,2349794.31
PF02/0041/A366,AN,43.536,12.911395,50.0,4822472.205,2351251.711
PF04/0041/A366,AN,43.542394,12.913847,50.0,4823177.345,2351467.606
PF05/0041/A366,AN,43.545331,12.910876,12.0,4823509.51,2351235.82
PF06/0041/A366,AN,43.536639,12.913652,50.0,4822538.518,2351435.82
PF07/0041/A366,AN,43.539062,12.905615,12.0,4822824.0,2350793.2
PF08/0041/A366,AN,43.539991,12.908803,50.0,4822920.648,2351053.442
PF01/0042/A366,AN,43.537721,12.916632,50.0,4822652.735,2351679.675
PF04/0042/A366,AN,43.539821,12.913278,50.0,4822892.692,2351414.508
PF05/0042/A366,AN,43.541139,12.923034,50.0,4823019.315,2352206.379
PF08/0042/A366,AN,43.545905,12.917681,12.0,4823559.56,2351787.16
PF10/0042/A366,AN,43.548284,12.918181,50.0,4823822.75,2351834.206
PF11/0042/A366,AN,43.550157,12.922857,12.0,4824021.27,2352217.1
PF12/0042/A366,AN,43.552347,12.92159,50.0,4824267.06,2352120.874
PF13/0042/A366,AN,43.544242,12.91944,12.0,4823371.24,2351924.68
PF14/0042/A366,AN,43.543799,12.913494,12.0,4823334.08,2351443.06
PF15/0042/A366,AN,43.540353,12.920015,50.0,4822938.168,2351960.309
PF01/0043/A366,AN,43.536623,12.920902,12.0,4822522.13,2352021.6
PF02/0043/A366,AN,43.536152,12.921281,8.0,4822469.0,2352050.9
PF03/0043/A366,AN,43.536929,12.922749,50.0,4822552.363,2352171.715
PF04/0043/A366,AN,43.544143,12.930862,50.0,4823337.187,2352847.188
PF05/0043/A366,AN,43.544521,12.926644,12.0,4823387.67,2352507.45
PF06/0043/A366,AN,43.533732,12.9212,12.0,4822200.37,2352037.66
PF07/0043/A366,AN,43.539619,12.927293,50.0,4822841.94,2352546.277
PF01/0044/A366,AN,43.532247,12.938549,50.0,4822000.547,2353435.388
PF02/0044/A366,AN,43.540084,12.941772,50.0,4822864.512,2353717.395
PF03/0044/A366,AN,43.543434,12.94074,50.0,4823238.637,2353643.27
PF01/0045/A366,AN,43.538105,12.95515,50.0,4822618.034,2354792.876
PF02/0045/A366,AN,43.543876,12.957366,12.0,4823254.65,2354987.7
PF03/0045/A366,AN,43.53976,12.951554,50.0,4822809.044,2354506.836
PF04/0045/A366,AN,43.540644,12.963426,12.0,4822883.59,2355468.44
PF01/0046/A366,AN,43.538443,12.973827,12.0,4822618.66,2356302.87
PF04/0046/A366,AN,43.536697,12.977405,50.0,4822417.743,2356587.238
PF05/0046/A366,AN,43.539142,12.976461,50.0,4822691.152,2356517.517
PF06/0046/A366,AN,43.541042,12.97423,12.0,4822906.48,2356342.43
PF07/0046/A366,AN,43.541025,12.980587,12.0,4822892.09,2356856.02
PF08/0046/A366,AN,43.540226,12.983842,12.0,4822797.02,2357116.87
PF10/0046/A366,AN,43.538811,12.973042,6.0,4822661.12,2356240.38
PF11/0046/A366,AN,43.536907,12.971739,12.0,4822452.16,2356129.97
PF01/0047/A366,AN,43.533387,12.981249,50.0,4822042.468,2356888.904
PF02/0047/A366,AN,43.536015,12.982086,50.0,4822332.802,2356963.62
PF05/0047/A366,AN,43.539427,12.986514,50.0,4822703.041,2357330.541
PF06/0047/A366,AN,43.537778,12.990254,50.0,4822512.595,2357628.278
PF08/0047/A366,AN,43.536662,12.985165,8.0,4822398.56,2357214.16
PF01/0048/A366,AN,43.536857,12.996963,50.0,4822397.182,2358167.906
PF02/0048/A366,AN,43.533098,12.998639,50.0,4821976.485,2358293.286
PF03/0048/A366,AN,43.535408,13.006011,50.0,4822218.711,2358895.147
PF04/0048/A366,AN,43.536179,13.001574,50.0,4822312.949,2358538.676
PF01/0049/A366,AN,43.5325,12.888106,50.0,4822131.002,2349360.066
PF03/0049/A366,AN,43.53879,12.882051,50.0,4822842.073,2348888.586
PF04/0049/A366,AN,43.541773,12.885445,12.0,4823166.35,2349171.22
PF05/0049/A366,AN,43.537184,12.886934,12.0,4822653.66,2349278.59
PF02/0051/A366,AN,43.531608,12.918986,50.0,4821968.968,2351852.805
PF04/0051/A366,AN,43.529478,12.915364,50.0,4821739.71,2351554.226
PF05/0051/A366,AN,43.530255,12.91272,50.0,4821831.367,2351342.77
PF01/0052/A366,AN,43.53252,12.927424,12.0,4822053.22,2352537.17
PF03/0052/A366,AN,43.535923,12.932832,12.0,4822420.29,2352983.64
PF04/0052/A366,AN,43.535911,12.927468,50.0,4822429.748,2352550.19
PF05/0052/A366,AN,43.530549,12.931739,12.0,4821825.64,2352880.44
PF01/0053/A366,AN,43.525815,12.936856,12.0,4821289.55,2353280.86
PF02/0053/A366,AN,43.521852,12.937135,12.0,4820848.89,2353292.52
PF04/0053/A366,AN,43.524532,12.937219,12.0,4821146.4,2353306.66
PF06/0053/A366,AN,43.528016,12.939877,50.0,4821527.95,2353531.12
PF09/0053/A366,AN,43.530655,12.94467,50.0,4821811.508,2353925.621
PF01/0054/A366,AN,43.531443,12.953129,50.0,4821882.174,2354611.398
PF02/0054/A366,AN,43.534221,12.957041,50.0,4822182.909,2354935.096
PF03/0054/A366,AN,43.532721,12.948604,12.0,4822033.16,2354249.22
PF04/0054/A366,AN,43.53467,12.94584,50.0,4822255.129,2354031.256
PF01/0055/A366,AN,43.523804,12.958643,50.0,4821022.803,2355036.102
PF02/0055/A366,AN,43.530698,12.963741,12.0,4821778.33,2355466.86
PF08/0055/A366,AN,43.530506,12.961442,8.0,4821761.61,2355280.52
PF09/0055/A366,AN,43.532369,12.968079,12.0,4821955.4,2355821.9
PF10/0055/A366,AN,43.53519,12.961617,12.0,4822281.52,2355307.45
PF11/0055/A366,AN,43.527832,12.965898,50.0,4821455.771,2355633.378
PF12/0055/A366,AN,43.534597,12.967924,12.0,4822203.14,2355815.47
PF01/0056/A366,AN,43.528067,12.971396,50.0,4821471.033,2356078.325
PF02/0056/A366,AN,43.529232,12.967933,50.0,4821607.285,2355801.617
PF03/0056/A366,AN,43.534611,12.969495,50.0,4822201.61,2355942.416
PF06/0056/A366,AN,43.531366,12.977906,50.0,4821824.615,2356613.28
PF09/0056/A366,AN,43.534242,12.975923,50.0,4822147.992,2356460.847
PF03/0057/A366,AN,43.535158,12.986659,50.0,4822228.583,2357330.796
PF04/0057/A366,AN,43.531006,12.987263,50.0,4821766.31,2357368.452
PF05/0057/A366,AN,43.528055,12.98428,50.0,4821444.421,2357119.46
PF06/0057/A366,AN,43.532322,12.99357,50.0,4821900.194,2357881.61
PF07/0057/A366,AN,43.535405,12.990121,50.0,4822249.233,2357611.223
PF02/0058/A366,AN,43.532804,13.004623,50.0,4821932.125,2358776.002
PF03/0058/A366,AN,43.526951,12.996187,50.0,4821298.523,2358078.726
PF04/0058/A366,AN,43.526558,13.001089,12.0,4821245.37,2358473.79
PF05/0058/A366,AN,43.530953,13.011371,12.0,4821713.52,2359316.37
PF06/0058/A366,AN,43.529525,13.007074,12.0,4821563.26,2358965.37
PF07/0058/A366,AN,43.529013,13.001397,12.0,4821517.44,2358505.25
PF01/0059/A366,AN,43.522461,12.880856,12.0,4821030.91,2348745.81
PF03/0059/A366,AN,43.535868,12.881157,50.0,4822519.328,2348808.069
PF04/0059/A366,AN,43.533511,12.879658,12.0,4822260.64,2348680.3
PF03/0060/A366,AN,43.530094,12.897059,12.0,4821845.38,2350076.78
PF04/0060/A366,AN,43.524296,12.895856,12.0,4821203.93,2349963.23
PF05/0060/A366,AN,43.524478,12.898603,12.0,4821218.5,2350185.75
PF06/0060/A366,AN,43.527542,12.89432,12.0,4821567.53,2349848.23
PF01/0061/A366,AN,43.526026,12.913271,50.0,4821360.582,2351375.463
PF03/0061/A366,AN,43.518967,12.923757,12.0,4820555.42,2352203.3
PF02/0062/A366,AN,43.526694,12.933927,12.0,4821393.15,2353046.57
PF03/0062/A366,AN,43.525824,12.933668,12.0,4821297.03,2353023.3
PF02/0063/A366,AN,43.526342,12.949454,50.0,4821322.965,2354300.442
PF03/0063/A366,AN,43.523963,12.946206,12.0,4821065.26,2354031.38
PF04/0063/A366,AN,43.526645,12.956188,50.0,4821343.2,2354845.458
PF05/0063/A366,AN,43.530606,12.957259,50.0,4821780.999,2354942.84
PF06/0063/A366,AN,43.530173,12.948132,12.0,4821751.04,2354204.09
PF07/0063/A366,AN,43.524869,12.941135,50.0,4821175.935,2353624.08
PF01/0064/A366,AN,43.521508,12.96803,50.0,4820749.164,2355788.456
PF03/0064/A366,AN,43.523782,12.984293,50.0,4820969.745,2357109.009
PF04/0064/A366,AN,43.523737,12.965469,50.0,4821001.812,2355587.581
PF05/0064/A366,AN,43.522875,12.972617,50.0,4820891.95,2356162.911
PF06/0064/A366,AN,43.52676,12.977389,50.0,4821314.075,2356559.048
PF01/0065/A366,AN,43.515257,12.982627,50.0,4820026.176,2356951.366
PF02/0065/A366,AN,43.525179,12.987442,8.0,4821118.79,2357367.24
PF03/0065/A366,AN,43.522173,12.987818,50.0,4820784.179,2357389.534
PF04/0065/A366,AN,43.522506,12.993804,50.0,4820809.45,2357874.216
PF05/0065/A366,AN,43.526931,12.991493,50.0,4821305.45,2357699.3
PF01/0066/A366,AN,43.518875,12.995086,12.0,4820403.7,2357968.1
PF02/0066/A366,AN,43.517365,13.011608,50.0,4820203.987,2359299.469
PF03/0066/A366,AN,43.521165,13.009673,50.0,4820629.689,2359153.199
PF04/0066/A366,AN,43.517401,12.99353,50.0,4820243.012,2357838.369
PF01/0067/A366,AN,43.516143,12.884228,12.0,4820322.24,2349000.48
PF03/0067/A366,AN,43.517814,12.886748,12.0,4820502.67,2349208.88
PF04/0067/A366,AN,43.521971,12.879738,12.0,4820978.75,2348654.02
PF01/0068/A366,AN,43.525659,12.889203,50.0,4821368.947,2349429.411
PF02/0068/A366,AN,43.528051,12.892845,50.0,4821627.123,2349730.429
PF02/0069/A366,AN,43.522042,12.900209,8.0,4820944.71,2350308.71
PF04/0069/A366,AN,43.521994,12.896585,12.0,4820946.81,2350015.67
PF05/0069/A366,AN,43.519617,12.897801,12.0,4820680.29,2350107.26
PF06/0069/A366,AN,43.513916,12.894744,12.0,4820053.4,2349844.21
PF07/0069/A366,AN,43.516948,12.894102,12.0,4820391.45,2349800.8
PF01/0070/A366,AN,43.519358,12.911344,12.0,4820623.88,2351201.15
PF03/0070/A366,AN,43.524031,12.912639,12.0,4821140.32,2351318.87
PF04/0070/A366,AN,43.524109,12.910247,12.0,4821153.85,2351125.75
PF05/0070/A366,AN,43.522853,12.910587,12.0,4821013.65,2351149.75
PF01/0071/A366,AN,43.51291,12.922668,12.0,4819884.91,2352098.48
PF02/0072/A366,AN,43.515899,12.93355,8.0,4820194.87,2352986.35
PF03/0072/A366,AN,43.510233,12.928147,8.0,4819576.48,2352533.94
PF01/0073/A366,AN,43.52147,12.94087,12.0,4820799.01,2353593.3
PF02/0073/A366,AN,43.519563,12.95026,12.0,4820568.46,2354346.99
PF03/0073/A366,AN,43.523103,12.953138,50.0,4820955.867,2354589.323
PF04/0073/A366,AN,43.521651,12.945552,12.0,4820809.78,2353972.24
PF05/0073/A366,AN,43.520158,12.947182,12.0,4820640.62,2354099.85
PF06/0073/A366,AN,43.519776,12.940527,12.0,4820611.5,2353560.97
PF01/0074/A366,AN,43.510832,12.949262,50.0,4819600.676,2354242.453
PF02/0074/A366,AN,43.514881,12.949348,50.0,4820050.271,2354260.509
PF03/0074/A366,AN,43.515413,12.945662,50.0,4820116.698,2353964.031
PF01/0075/A366,AN,43.515503,12.957372,50.0,4820103.38,2354910.702
PF02/0075/A366,AN,43.520765,12.960853,50.0,4820680.873,2355206.434
PF03/0075/A366,AN,43.515942,12.951738,50.0,4820163.315,2354456.548
PF04/0075/A366,AN,43.513792,12.968001,50.0,4819892.351,2355765.182
PF05/0075/A366,AN,43.516168,12.965577,50.0,4820161.014,2355575.747
PF01/0076/A366,AN,43.512421,12.975107,50.0,4819725.975,2356335.867
PF02/0076/A366,AN,43.520444,12.981009,12.0,4820605.49,2356834.61
PF03/0076/A366,AN,43.517212,12.978672,50.0,4820251.147,2356637.001
PF04/0076/A366,AN,43.517761,12.982512,50.0,4820304.576,2356948.871
PF05/0076/A366,AN,43.516177,12.974413,50.0,4820144.575,2356289.933
PF04/0077/A366,AN,43.510671,12.982738,8.0,4819516.68,2356948.03
PF05/0077/A366,AN,43.512426,12.98267,50.0,4819711.676,2356947.197
PF06/0077/A366,AN,43.511574,12.990239,50.0,4819602.283,2357556.755
PF07/0077/A366,AN,43.507146,12.983638,50.0,4819123.439,2357011.27
PF01/0078/A366,AN,43.509777,12.995102,50.0,4819393.205,2357945.047
PF02/0078/A366,AN,43.510751,13.005431,50.0,4819481.349,2358782.584
PF03/0078/A366,AN,43.513208,13.000278,12.0,4819764.2,2358372.57
PF04/0078/A366,AN,43.509038,13.000894,12.0,4819299.88,2358411.24
PF05/0078/A366,AN,43.510553,12.998616,50.0,4819472.557,2358231.151
PF06/0078/A366,AN,43.515202,13.003858,50.0,4819978.71,2358667.266
PF02/0079/A366,AN,43.515542,13.013189,50.0,4819998.361,2359422.421
PF03/0079/A366,AN,43.510702,13.018109,50.0,4819451.383,2359807.262
PF02/0080/A366,AN,43.510065,12.896797,8.0,4819621.49,2349999.31
PF03/0080/A366,AN,43.507726,12.903706,50.0,4819347.62,2350551.246
PF01/0081/A366,AN,43.51437,12.898465,12.0,4820096.15,2350146.2
PF02/0082/A366,AN,43.509712,12.918053,2.0,4819538.98,2351716.53
PF03/0082/A366,AN,43.506022,12.920549,50.0,4819124.14,2351908.079
PF03/0083/A366,AN,43.508044,12.945239,50.0,4819299.074,2353909.606
PF04/0083/A366,AN,43.50688,12.931375,12.0,4819197.58,2352785.65
PF05/0083/A366,AN,43.503798,12.938651,50.0,4818840.722,2353365.304
PF01/0084/A366,AN,43.502905,12.946924,12.0,4818725.03,2354031.74
PF04/0084/A366,AN,43.504146,12.951225,50.0,4818854.242,2354382.843
PF06/0084/A366,AN,43.506961,12.954347,50.0,4819160.619,2354642.896
PF09/0084/A366,AN,43.509963,12.951604,12.0,4819499.52,2354429.36
PF11/0084/A366,AN,43.507684,12.950638,8.0,4819248.33,2354345.03
PF01/0085/A366,AN,43.512154,12.954832,50.0,4819736.464,2354696.312
PF02/0085/A366,AN,43.511658,12.965763,50.0,4819659.671,2355578.49
PF03/0085/A366,AN,43.512091,12.959865,50.0,4819719.428,2355102.95
PF01/0086/A366,AN,43.502853,12.957082,50.0,4818698.957,2354852.8
PF02/0086/A366,AN,43.506857,12.9608,50.0,4819136.285,2355164.271
PF03/0086/A366,AN,43.507816,12.964218,50.0,4819236.015,2355443.195
PF04/0086/A366,AN,43.503402,12.963897,50.0,4818746.502,2355405.269
PF05/0086/A366,AN,43.499895,12.963086,12.0,4818358.58,2355330.11
PF01/0087/A366,AN,43.503707,12.969808,50.0,4818768.628,2355883.915
PF02/0087/A366,AN,43.508669,12.980253,50.0,4819299.189,2356741.765
PF03/0087/A366,AN,43.503669,12.97538,50.0,4818753.407,2356334.283
PF04/0087/A366,AN,43.502092,12.98037,12.0,4818568.5,2356733.41
PF01/0088/A366,AN,43.503612,12.998087,12.0,4818702.66,2358169.86
PF03/0088/A366,AN,43.505154,13.001419,50.0,4818867.527,2358443.373
PF04/0088/A366,AN,43.501071,13.001229,50.0,4818414.36,2358417.076
PF05/0088/A366,AN,43.503237,13.004291,12.0,4818649.02,2358670.39
PF06/0088/A366,AN,43.5036,13.007194,12.0,4818683.71,2358906.04
PF07/0088/A366,AN,43.505586,13.007733,12.0,4818903.18,2358954.9
PF08/0088/A366,AN,43.501725,13.00849,50.0,4818472.972,2359005.879
PF09/0088/A366,AN,43.507111,13.012698,50.0,4819062.943,2359360.37
PF10/0088/A366,AN,43.503048,13.012825,50.0,4818611.449,2359359.854
PF12/0088/A366,AN,43.500241,13.010778,50.0,4818303.698,2359186.908
PF13/0088/A366,AN,43.505601,12.997396,12.0,4818924.9,2358119.29
PF01/0089/A366,AN,43.499788,13.019935,12.0,4818235.66,2359925.99
PF02/0089/A366,AN,43.498156,13.014365,50.0,4818065.147,2359471.385
PF03/0089/A366,AN,43.503565,13.017752,50.0,4818659.388,2359759.561
PF04/0089/A366,AN,43.506604,13.024597,50.0,4818983.719,2360320.938
PF01/0090/A366,AN,43.500291,12.896563,12.0,4818536.39,2349952.91
PF02/0090/A366,AN,43.499553,12.902118,8.0,4818443.06,2350399.98
PF03/0090/A366,AN,43.49933,12.908975,12.0,4818404.35,2350953.77
PF04/0090/A366,AN,43.502611,12.899609,50.0,4818787.827,2350205.746
PF02/0091/A366,AN,43.505419,12.925014,20.0,4819048.15,2352267.38
PF03/0091/A366,AN,43.500528,12.91386,50.0,4818527.484,2351352.043
PF04/0091/A366,AN,43.505503,12.907242,50.0,4819093.523,2350830.875
PF05/0091/A366,AN,43.498924,12.916898,50.0,4818343.142,2351593.226
PF02/0092/A366,AN,43.501292,12.927683,50.0,4818584.406,2352471.737
PF04/0092/A366,AN,43.498445,12.937312,12.0,4818248.9,2353242.34
PF07/0092/A366,AN,43.502583,12.94259,12.0,4818697.83,2353680.41
PF10/0092/A366,AN,43.50131,12.94448,12.0,4818552.77,2353829.77
PF03/0093/A366,AN,43.497806,12.938758,12.0,4818175.03,2353357.53
PF04/0093/A366,AN,43.501482,12.941163,12.0,4818578.42,2353562.09
PF05/0093/A366,AN,43.499529,12.939831,12.0,4818364.16,2353449.0
PF01/0094/A366,AN,43.496739,12.945034,50.0,4818043.9,2353861.978
PF02/0094/A366,AN,43.494072,12.940612,12.0,4817756.59,2353497.13
PF05/0094/A366,AN,43.494027,12.950809,50.0,4817731.257,2354321.544
PF06/0094/A366,AN,43.494947,12.953875,50.0,4817827.343,2354571.958
PF07/0094/A366,AN,43.497687,12.952763,50.0,4818133.802,2354489.502
PF08/0094/A366,AN,43.498519,12.947595,12.0,4818236.56,2354073.94
PF09/0094/A366,AN,43.500027,12.950917,12.0,4818397.35,2354346.67
PF11/0094/A366,AN,43.495806,12.937154,12.0,4817956.05,2353222.34
PF01/0095/A366,AN,43.493278,12.957406,50.0,4817634.906,2354852.854
PF02/0095/A366,AN,43.496995,12.958064,7.0,4818046.42,2354916.24
PF04/0095/A366,AN,43.496336,12.96191,50.0,4817965.664,2355225.373
PF07/0095/A366,AN,43.492495,12.96968,50.0,4817523.7,2355843.199
PF01/0096/A366,AN,43.497132,12.970912,50.0,4818036.276,2355955.346
PF02/0096/A366,AN,43.500723,12.971443,50.0,4818434.041,2356008.069
PF01/0097/A366,AN,43.495014,12.985133,50.0,4817773.061,2357099.441
PF02/0097/A366,AN,43.501271,12.989562,50.0,4818459.31,2357474.39
PF03/0097/A366,AN,43.504963,12.984122,12.0,4818880.02,2357044.51
PF04/0097/A366,AN,43.49822,12.985334,50.0,4818128.739,2357124.329
PF03/0098/A366,AN,43.500143,12.997435,50.0,4818318.641,2358107.865
PF05/0098/A366,AN,43.49749,13.008914,50.0,4818001.789,2359028.876
PF06/0098/A366,AN,43.500025,13.004428,50.0,4818291.972,2358672.955
PF08/0098/A366,AN,43.497005,12.997643,50.0,4817969.785,2358116.312
PF09/0098/A366,AN,43.494057,12.990061,50.0,4817657.145,2357495.404
PF02/0099/A366,AN,43.492914,13.017196,50.0,4817477.554,2359686.363
PF03/0099/A366,AN,43.497767,13.012264,12.0,4818026.08,2359300.5
PF02/0100/A366,AN,43.494277,12.895966,50.0,4817869.655,2349887.803
PF03/0100/A366,AN,43.491912,12.884873,50.0,4817629.788,2348984.201
PF01/0101/A366,AN,43.496482,12.904253,50.0,4818097.651,2350564.021
PF02/0101/A366,AN,43.497305,12.908817,50.0,4818179.724,2350935.302
PF03/0101/A366,AN,43.498641,12.906412,50.0,4818333.042,2350744.601
PF04/0101/A366,AN,43.494834,12.911016,12.0,4817900.83,2351106.2
PF05/0101/A366,AN,43.491969,12.911817,12.0,4817581.01,2351163.03
PF06/0101/A366,AN,43.497527,12.91698,50.0,4818187.895,2351595.909
PF01/0102/A366,AN,43.496225,12.925845,12.0,4818025.33,2352309.05
PF03/0102/A366,AN,43.498622,12.930444,50.0,4818282.29,2352687.516
PF02/0103/A366,AN,43.491746,12.972409,50.0,4817435.127,2356061.861
PF03/0103/A366,AN,43.493363,12.977934,12.0,4817603.78,2356512.91
PF04/0103/A366,AN,43.489653,12.977719,50.0,4817192.157,2356485.522
PF05/0103/A366,AN,43.494352,12.982064,50.0,4817705.571,2356849.544
PF06/0103/A366,AN,43.491962,12.982125,12.0,4817439.97,2356848.01
PF07/0103/A366,AN,43.489351,12.970335,12.0,4817173.21,2355887.67
PF01/0104/A366,AN,43.484487,12.991671,50.0,4816591.058,2357599.867
PF02/0104/A366,AN,43.492938,12.988338,50.0,4817536.233,2357353.04
PF03/0104/A366,AN,43.488382,12.997363,12.0,4817012.57,2358070.64
PF02/0105/A366,AN,43.483043,13.003797,50.0,4816407.111,2358576.651
PF03/0105/A366,AN,43.481182,13.001469,12.0,4816204.93,2358383.45
PF04/0105/A366,AN,43.488755,13.007615,50.0,4817034.086,2358900.646
PF05/0105/A366,AN,43.487936,13.011365,50.0,4816935.874,2359201.694
PF06/0105/A366,AN,43.493767,13.005654,12.0,4817594.59,2358755.35
PF01/0106/A366,AN,43.485095,12.90202,50.0,4816837.524,2350351.551
PF02/0106/A366,AN,43.48793,12.90009,50.0,4817156.338,2350203.426
PF03/0106/A366,AN,43.48525,12.884458,50.0,4816890.677,2348931.775
PF04/0106/A366,AN,43.490351,12.892694,12.0,4817440.28,2349612.14
PF02/0107/A366,AN,43.486534,12.903485,6.0,4816994.36,2350474.09
PF04/0107/A366,AN,43.484855,12.905349,12.0,4816804.07,2350620.09
PF05/0107/A366,AN,43.48581,12.912254,50.0,4816896.146,2351181.138
PF06/0107/A366,AN,43.49084,12.902197,50.0,4817475.17,2350382.007
PF07/0107/A366,AN,43.481346,12.902725,12.0,4816419.7,2350398.1
PF01/0108/A366,AN,43.494384,12.914198,12.0,4817844.47,2351362.23
PF02/0108/A366,AN,43.495339,12.918075,8.0,4817942.68,2351678.38
PF03/0108/A366,AN,43.496278,12.928185,50.0,4818026.516,2352498.401
PF04/0108/A366,AN,43.490834,12.924099,50.0,4817430.091,2352152.993
PF05/0108/A366,AN,43.489862,12.91752,12.0,4817335.5,2351618.29
PF06/0108/A366,AN,43.493408,12.923573,50.0,4817717.019,2352117.587
PF01/0109/A366,AN,43.483758,12.932564,12.0,4816627.19,2352817.96
PF04/0109/A366,AN,43.486484,12.930373,12.0,4816934.41,2352648.31
PF06/0109/A366,AN,43.48894,12.931774,50.0,4817204.269,2352768.312
PF07/0109/A366,AN,43.491028,12.929517,50.0,4817440.735,2352591.652
PF08/0109/A366,AN,43.483239,12.937588,12.0,4816559.51,2353222.81
PF09/0109/A366,AN,43.48605,12.935229,12.0,4816876.45,2353039.77
PF03/0110/A366,AN,43.493595,12.949955,50.0,4817684.905,2354251.262
PF02/0111/A366,AN,43.483243,12.943754,50.0,4816547.623,2353721.486
PF01/0112/A366,AN,43.488701,12.953484,50.0,4817134.336,2354523.276
PF02/0112/A366,AN,43.491877,12.964364,50.0,4817465.551,2355411.677
PF03/0112/A366,AN,43.484413,12.957229,50.0,4816650.628,2354814.4
PF02/0113/A366,AN,43.479107,12.968415,12.0,4816039.19,2355704.6
PF03/0113/A366,AN,43.48158,12.969728,50.0,4816311.325,2355817.469
PF04/0113/A366,AN,43.483477,12.960786,12.0,4816539.63,2355099.53
PF05/0113/A366,AN,43.4776,12.968443,50.0,4815871.782,2355702.807
PF06/0113/A366,AN,43.482554,12.970099,12.0,4816418.7,2355850.17
PF01/0114/A366,AN,43.484954,12.976169,50.0,4816673.292,2356347.532
PF02/0114/A366,AN,43.480602,12.979262,12.0,4816183.89,2356585.87
PF03/0114/A366,AN,43.481622,12.974929,50.0,4816305.686,2356238.222
PF04/0114/A366,AN,43.483182,12.980308,50.0,4816468.431,2356677.471
PF05/0114/A366,AN,43.486696,12.974933,50.0,4816869.242,2356252.287
PF01/0115/A366,AN,43.477943,12.990229,50.0,4815867.103,2357465.759
PF02/0115/A366,AN,43.480164,12.991949,50.0,4816110.404,2357610.782
PF04/0115/A366,AN,43.483342,12.997614,50.0,4816452.326,2358077.461
PF05/0115/A366,AN,43.48656,12.995839,50.0,4816813.171,2357942.485
PF06/0115/A366,AN,43.480703,12.997616,50.0,4816159.2,2358070.534
PF01/0116/A366,AN,43.478935,12.887678,50.0,4816182.714,2349174.368
PF02/0116/A366,AN,43.476732,12.888657,50.0,4815936.02,2349247.392
PF04/0116/A366,AN,43.48388,12.897862,50.0,4816711.072,2350011.95
PF05/0116/A366,AN,43.483757,12.887577,50.0,4816718.484,2349179.831
PF06/0116/A366,AN,43.483454,12.903028,12.0,4816653.18,2350428.48
PF07/0116/A366,AN,43.477372,12.893732,12.0,4815996.72,2349659.61
PF01/0117/A366,AN,43.472587,12.913662,12.0,4815424.64,2351258.2
PF02/0117/A366,AN,43.487361,12.916093,12.0,4817060.53,2351495.91
PF03/0117/A366,AN,43.487309,12.91639,12.0,4817054.24,2351519.84
PF04/0117/A366,AN,43.483028,12.912472,12.0,4816586.7,2351191.05
PF01/0118/A366,AN,43.475544,12.916411,12.0,4815747.53,2351488.78
PF03/0118/A366,AN,43.480066,12.919664,12.0,4816243.19,2351764.42
PF05/0118/A366,AN,43.487566,12.927872,12.0,4817059.54,2352449.06
PF06/0118/A366,AN,43.484636,12.921941,12.0,4816746.16,2351961.32
PF07/0118/A366,AN,43.485683,12.924899,12.0,4816856.47,2352203.38
PF08/0118/A366,AN,43.481999,12.923161,12.0,4816450.72,2352052.66
PF01/0119/A366,AN,43.470032,12.907047,12.0,4815154.29,2350716.05
PF02/0119/A366,AN,43.470502,12.911577,12.0,4815197.32,2351083.8
PF03/0119/A366,AN,43.47261,12.91075,12.0,4815433.15,2351022.77
PF04/0119/A366,AN,43.477067,12.906838,12.0,4815936.08,2350718.74
PF05/0119/A366,AN,43.472907,12.903879,12.0,4815480.1,2350467.83
PF01/0120/A366,AN,43.468348,12.896648,12.0,4814988.53,2349870.13
PF02/0120/A366,AN,43.470531,12.895076,12.0,4815234.12,2349749.09
PF05/0120/A366,AN,43.473602,12.896547,12.0,4815572.22,2349876.69
PF06/0120/A366,AN,43.474076,12.900346,12.0,4815617.08,2350185.29
PF01/0121/A366,AN,43.477052,12.979346,50.0,4815789.469,2356583.135
PF02/0121/A366,AN,43.477935,12.974081,12.0,4815897.91,2356159.7
PF03/0121/A366,AN,43.480893,12.976773,12.0,4816221.08,2356385.39
PF01/0122/A366,AN,43.47269,12.974721,50.0,4815314.064,2356197.309
PF02/0122/A366,AN,43.469283,12.978965,12.0,4814927.37,2356531.39
PF03/0123/A366,AN,43.472969,12.985209,50.0,4815324.531,2357046.306
PF04/0123/A366,AN,43.474059,12.988849,50.0,4815438.427,2357343.68
PF05/0123/A366,AN,43.476075,12.985777,50.0,4815668.381,2357100.619
PF08/0123/A366,AN,43.482313,12.992846,12.0,4816347.41,2357689.1
PF11/0123/A366,AN,43.480435,12.98515,50.0,4816153.857,2357061.621
PF12/0123/A366,AN,43.472593,12.982608,50.0,4815287.835,2356834.956
PF13/0123/A366,AN,43.4712,12.984038,12.0,4815130.35,2356946.91
PF14/0123/A366,AN,43.468666,12.98266,12.0,4814851.56,2356828.57
PF01/0124/A366,AN,43.454463,12.965599,12.0,4813307.76,2355410.0
PF01/0125/A366,AN,43.465555,12.984441,12.0,4814502.58,2356964.32
PF02/0125/A366,AN,43.465387,12.979183,12.0,4814494.2,2356538.51
PF03/0125/A366,AN,43.467567,12.981817,12.0,4814731.18,2356757.47
PF01/0126/A366,AN,43.450968,12.974605,12.0,4812901.82,2356129.23
PF05/0001/A626,AN,43.595851,13.014521,50.0,4828915.352,2359743.175
PF07/0001/A626,AN,43.59756,13.021024,50.0,4829092.589,2360272.627
PF10/0001/A626,AN,43.599333,13.019411,50.0,4829292.629,2360147.13
PF11/0001/A626,AN,43.595473,13.010706,21.0,4828880.714,2359434.189
PF01/0002/A626,AN,43.579104,13.003628,50.0,4827076.411,2358819.148
PF03/0002/A626,AN,43.590755,13.008136,50.0,4828361.712,2359214.182
PF04/0002/A626,AN,43.594177,13.001691,50.0,4828754.242,2358703.026
PF06/0002/A626,AN,43.583885,13.00563,21.0,4827603.5,2358993.548
PF04/0003/A626,AN,43.584528,13.01284,21.0,4827660.97,2359577.365
PF01/0004/A626,AN,43.579625,13.025253,50.0,4827092.538,2360566.584
PF03/0004/A626,AN,43.581224,13.018284,50.0,4827283.576,2360008.114
PF07/0004/A626,AN,43.588971,13.021737,50.0,4828137.328,2360307.465
PF13/0004/A626,AN,43.581662,13.022062,50.0,4827324.953,2360314.343
PF14/0004/A626,AN,43.589077,13.026695,21.0,4828139.554,2360707.957
PF02/0005/A626,AN,43.584912,13.026242,50.0,4827677.806,2360660.39
PF05/0005/A626,AN,43.589417,13.027275,50.0,4828176.193,2360755.662
PF07/0005/A626,AN,43.591666,13.029205,12.0,4828422.3,2360917.46
PF09/0005/A626,AN,43.594163,13.032552,50.0,4828693.234,2361194.149
PF10/0005/A626,AN,43.594615,13.026808,50.0,4828754.469,2360731.741
PF11/0005/A626,AN,43.596781,13.023685,50.0,4829000.983,2360485.369
PF12/0005/A626,AN,43.589115,13.031096,21.0,4828135.346,2361063.347
PF02/0006/A626,AN,43.578458,13.034333,50.0,4826945.551,2361296.714
PF03/0006/A626,AN,43.580221,13.030616,50.0,4827148.471,2361001.178
PF05/0006/A626,AN,43.582201,13.035914,12.0,4827358.22,2361434.16
PF08/0006/A626,AN,43.586742,13.034058,50.0,4827866.116,2361296.246
PF11/0006/A626,AN,43.57901,13.028605,21.0,4827017.789,2360835.615
PF06/0007/A626,AN,43.575901,13.018057,21.0,4826692.742,2359975.701
PF02/0008/A626,AN,43.566498,13.021125,12.0,4825642.52,2360198.61
PF05/0008/A626,AN,43.572187,13.023056,50.0,4826270.608,2360369.562
PF07/0008/A626,AN,43.57457,13.015282,50.0,4826550.252,2359748.111
PF09/0008/A626,AN,43.575582,13.022566,50.0,4826648.686,2360338.968
PF10/0008/A626,AN,43.577663,13.020749,50.0,4826883.336,2360197.717
PF12/0008/A626,AN,43.57835,13.026194,50.0,4826949.119,2360639.189
PF13/0008/A626,AN,43.573538,13.023993,21.0,4826418.879,2360448.773
PF03/0009/A626,AN,43.569992,13.037263,50.0,4825999.693,2361511.056
PF04/0009/A626,AN,43.570867,13.027658,12.0,4826115.27,2360737.66
PF05/0009/A626,AN,43.57163,13.034644,50.0,4826186.607,2361303.865
PF06/0009/A626,AN,43.57225,13.038744,50.0,4826247.666,2361636.569
PF08/0009/A626,AN,43.573428,13.043414,50.0,4826369.613,2362016.75
PF09/0009/A626,AN,43.576145,13.032729,50.0,4826691.652,2361161.05
PF11/0009/A626,AN,43.577743,13.0287,50.0,4826876.952,2360839.935
PF12/0009/A626,AN,43.576472,13.028984,21.0,4826735.177,2360859.529
PF01/0010/A626,AN,43.575141,13.039213,50.0,4826567.813,2361682.046
PF09/0010/A626,AN,43.580283,13.039652,12.0,4827138.03,2361730.92
PF10/0010/A626,AN,43.574297,13.048182,50.0,4826457.068,2362404.003
PF11/0010/A626,AN,43.575846,13.0553,50.0,4826615.547,2362982.846
PF12/0010/A626,AN,43.577747,13.043362,50.0,4826849.325,2362023.875
PF13/0010/A626,AN,43.575793,13.03598,21.0,4826646.389,2361422.647
PF03/0001/A769,AN,43.60214,13.190766,50.0,4829288.804,2373984.927
PF07/0001/A769,AN,43.592172,12.813068,10.0,4828915.29,2343470.97
PF08/0001/A769,AN,43.604319,13.186262,21.0,4829538.774,2373626.617
PF09/0001/A769,AN,43.595019,13.185007,10.0,4828508.037,2373502.802
PF10/0001/A769,AN,43.600082,13.182758,10.0,4829074.342,2373333.541
PF01/0002/A769,AN,43.592699,13.166498,12.0,4828283.22,2372003.0
PF03/0002/A769,AN,43.58909,13.159387,12.0,4827895.08,2371420.13
PF04/0002/A769,AN,43.590234,13.163539,20.0,4828014.686,2371758.155
PF05/0003/A769,AN,43.598083,13.178192,50.0,4828860.341,2372960.131
PF07/0003/A769,AN,43.594704,13.173107,10.0,4828494.135,2372541.423
PF08/0003/A769,AN,43.597567,13.181252,10.0,4828797.698,2373205.867
PF09/0003/A769,AN,43.592355,13.175756,10.0,4828228.494,2372749.524
PF10/0003/A769,AN,43.592263,13.1725,10.0,4828224.103,2372486.475
PF11/0003/A769,AN,43.588438,13.171137,10.0,4827801.671,2372367.068
PF12/0003/A769,AN,43.589425,13.17344,10.0,4827907.234,2372555.434
PF13/0003/A769,AN,43.600083,13.179929,10.0,4829079.447,2373105.234
PF14/0003/A769,AN,43.586497,13.17099,10.0,4827586.391,2372350.512
PF15/0003/A769,AN,43.587387,13.175038,21.0,4827678.029,2372679.42
PF06/0004/A769,AN,43.587322,13.200344,10.0,4827626.266,2374722.286
PF07/0004/A769,AN,43.594618,13.19369,10.0,4828448.189,2374202.698
PF08/0004/A769,AN,43.590002,13.197835,21.0,4827928.302,2374526.165
PF02/0005/A769,AN,43.584954,13.122669,12.0,4827502.08,2368445.53
PF04/0005/A769,AN,43.580685,13.132098,12.0,4827010.69,2369196.09
PF06/0005/A769,AN,43.586313,13.135291,50.0,4827630.065,2369467.959
PF08/0005/A769,AN,43.58312,13.126042,10.0,4827292.189,2368713.23
PF09/0005/A769,AN,43.584189,13.133644,10.0,4827397.114,2369329.668
PF10/0005/A769,AN,43.581954,13.13527,21.0,4827145.881,2369455.409
PF11/0005/A769,AN,43.582071,13.133413,10.0,4827162.287,2369305.733
PF01/0006/A769,AN,43.584681,13.142666,50.0,4827435.469,2370059.29
PF03/0006/A769,AN,43.582396,13.146113,10.0,4827175.397,2370331.942
PF04/0006/A769,AN,43.584006,13.148155,10.0,4827350.511,2370500.818
PF05/0006/A769,AN,43.586384,13.148814,10.0,4827613.459,2370559.895
PF06/0006/A769,AN,43.588726,13.149417,21.0,4827872.491,2370614.381
PF02/0007/A769,AN,43.579773,13.147289,50.0,4826881.933,2370420.414
PF06/0007/A769,AN,43.587901,13.153074,21.0,4827774.292,2370907.574
PF01/0008/A769,AN,43.578168,13.155168,50.0,4826689.519,2371052.575
PF10/0008/A769,AN,43.584097,13.160122,50.0,4827339.226,2371467.186
PF11/0008/A769,AN,43.579419,13.163154,10.0,4826814.233,2371700.46
PF12/0008/A769,AN,43.580765,13.160471,21.0,4826968.477,2371487.114
PF07/0009/A769,AN,43.590803,13.16963,50.0,4828067.005,2372251.226
PF11/0009/A769,AN,43.584244,13.169201,50.0,4827339.323,2372200.57
PF12/0009/A769,AN,43.583247,13.163049,21.0,4827239.54,2371701.359
PF13/0009/A769,AN,43.55834,13.165585,10.0,4824468.707,2371845.088
PF09/0010/A769,AN,43.582198,13.184703,50.0,4827084.624,2373447.118
PF11/0010/A769,AN,43.586425,13.181156,50.0,4827560.314,2373170.99
PF13/0010/A769,AN,43.579584,13.171618,10.0,4826817.468,2372384.25
PF14/0010/A769,AN,43.583226,13.179968,10.0,4827207.207,2373067.311
PF15/0010/A769,AN,43.582879,13.173461,10.0,4827180.172,2372541.145
PF16/0010/A769,AN,43.581175,13.193614,21.0,4826955.315,2374164.095
PF16/0011/A769,AN,43.585588,13.193359,50.0,4827445.895,2374154.221
PF17/0011/A769,AN,43.583941,13.183204,50.0,4827280.868,2373330.314
PF18/0011/A769,AN,43.584996,13.186061,50.0,4827392.993,2373563.519
PF19/0011/A769,AN,43.582418,13.195756,10.0,4827089.617,2374340.089
PF20/0011/A769,AN,43.590565,13.186393,10.0,4828010.966,2373603.845
PF21/0011/A769,AN,43.586549,13.185201,21.0,4827566.986,2373497.865
PF02/0012/A769,AN,43.575698,13.124681,12.0,4826470.36,2368584.79
PF03/0012/A769,AN,43.578275,13.129037,50.0,4826748.643,2368942.914
PF04/0012/A769,AN,43.572077,13.122109,21.0,4826072.918,2368368.009
PF01/0013/A769,AN,43.575285,13.132212,50.0,4826410.727,2369191.845
PF03/0013/A769,AN,43.570085,13.129589,12.0,4825838.02,2368967.0
PF04/0013/A769,AN,43.578217,13.137969,21.0,4826725.939,2369664.023
PF01/0014/A769,AN,43.570917,13.133068,50.0,4825924.133,2369250.052
PF02/0014/A769,AN,43.578553,13.142516,50.0,4826755.116,2370032.007
PF03/0014/A769,AN,43.573263,13.136124,50.0,4826179.101,2369502.67
PF05/0014/A769,AN,43.56765,13.138697,10.0,4825551.064,2369696.503
PF06/0014/A769,AN,43.568942,13.144015,10.0,4825684.961,2370129.201
PF07/0014/A769,AN,43.576012,13.1373,21.0,4826482.249,2369604.515
PF05/0015/A769,AN,43.571558,13.146443,50.0,4825971.104,2370331.693
PF06/0015/A769,AN,43.575415,13.146676,20.0,4826399.017,2370360.121
PF07/0015/A769,AN,43.605173,13.148255,10.0,4829701.303,2370561.306
PF08/0015/A769,AN,43.565747,13.148557,21.0,4825321.954,2370488.087
PF02/0016/A769,AN,43.574295,13.152706,50.0,4826263.825,2370844.239
PF04/0016/A769,AN,43.565881,13.157072,50.0,4825321.544,2371176.045
PF05/0016/A769,AN,43.576171,13.152383,10.0,4826472.731,2370822.804
PF07/0016/A769,AN,43.56286,13.159862,21.0,4824981.034,2371393.909
PF06/0017/A769,AN,43.575162,13.161423,50.0,4826344.552,2371550.211
PF12/0017/A769,AN,43.579391,13.164518,21.0,4826808.647,2371810.501
PF14/0017/A769,AN,43.578822,13.158127,10.0,4826756.873,2371293.116
PF15/0017/A769,AN,43.57139,13.154489,10.0,4825938.0,2370981.0
PF11/0018/A769,AN,43.574774,13.169347,50.0,4826287.3,2372189.14
PF13/0018/A769,AN,43.571856,13.161324,21.0,4825977.462,2371534.091
PF14/0018/A769,AN,43.576362,13.164989,10.0,4826471.366,2371841.11
PF15/0018/A769,AN,43.571857,13.169045,20.0,4825963.809,2372157.585
PF16/0018/A769,AN,43.567568,13.164771,10.0,4825495.132,2371801.94
PF01/0019/A769,AN,43.579058,13.167954,50.0,4826765.594,2372087.152
PF05/0019/A769,AN,43.576351,13.18113,12.0,4826441.53,2373144.47
PF06/0019/A769,AN,43.574983,13.173808,50.0,4826302.591,2372549.908
PF09/0019/A769,AN,43.577465,13.175082,50.0,4826575.92,2372658.786
PF10/0019/A769,AN,43.571784,13.174931,20.0,4825945.248,2372632.717
PF03/0020/A769,AN,43.579303,13.184127,50.0,4826764.156,2373393.585
PF05/0020/A769,AN,43.582316,13.188192,50.0,4827091.544,2373729.113
PF06/0020/A769,AN,43.583192,13.191566,50.0,4827182.935,2374003.628
PF08/0020/A769,AN,43.581661,13.193262,10.0,4827009.862,2374136.842
PF09/0020/A769,AN,43.577636,13.183253,21.0,4826580.486,2373318.952
PF01/0021/A769,AN,43.555315,13.124793,50.0,4824206.352,2368542.699
PF03/0021/A769,AN,43.559018,13.126537,21.0,4824614.436,2368692.884
PF01/0022/A769,AN,43.565847,13.135866,50.0,4825355.931,2369463.329
PF03/0022/A769,AN,43.566236,13.146339,10.0,4825380.191,2370310.133
PF05/0022/A769,AN,43.564104,13.144711,21.0,4825146.397,2370173.407
PF01/0023/A769,AN,43.557916,13.141767,50.0,4824464.398,2369920.26
PF03/0023/A769,AN,43.562491,13.151208,50.0,4824955.527,2370694.075
PF04/0023/A769,AN,43.560659,13.144854,50.0,4824763.506,2370176.385
PF07/0023/A769,AN,43.562232,13.144576,20.0,4824938.725,2370157.862
PF01/0024/A769,AN,43.572544,13.170607,50.0,4826037.331,2372285.446
PF02/0024/A769,AN,43.568576,13.166267,50.0,4825604.342,2371925.26
PF04/0024/A769,AN,43.559295,13.173519,12.0,4824560.7,2372488.22
PF05/0024/A769,AN,43.567112,13.171691,21.0,4825432.096,2372359.662
PF06/0024/A769,AN,43.570339,13.167027,10.0,4825798.859,2371990.908
PF07/0024/A769,AN,43.566227,13.174152,10.0,4825329.521,2372556.308
PF03/0025/A769,AN,43.550722,13.128884,10.0,4823688.766,2368861.648
PF04/0025/A769,AN,43.560297,13.12798,20.0,4824753.863,2368812.635
PF02/0026/A769,AN,43.5543,13.137752,50.0,4824070.02,2369586.971
PF08/0026/A769,AN,43.555252,13.138371,21.0,4824174.688,2369639.348
PF09/0026/A769,AN,43.551709,13.137601,20.0,4823782.575,2369568.335
PF01/0027/A769,AN,43.547139,13.148031,50.0,4823256.189,2370399.545
PF03/0027/A769,AN,43.553066,13.145959,21.0,4823918.203,2370246.773
PF02/0028/A769,AN,43.557926,13.159238,12.0,4824434.07,2371331.44
PF04/0028/A769,AN,43.553588,13.158888,21.0,4823952.971,2371292.434
PF05/0028/A769,AN,43.556769,13.156218,10.0,4824310.991,2371084.62
PF03/0029/A769,AN,43.558252,13.168594,12.0,4824453.67,2372087.9
PF04/0029/A769,AN,43.552526,13.164982,50.0,4823824.085,2371782.076
PF05/0029/A769,AN,43.554414,13.1676,10.0,4824029.167,2371998.173
PF06/0029/A769,AN,43.550716,13.162285,21.0,4823627.919,2371559.783
PF04/0030/A769,AN,43.546639,13.127909,50.0,4823237.061,2368772.725
PF06/0030/A769,AN,43.549577,13.126694,10.0,4823565.54,2368681.872
PF07/0030/A769,AN,43.544554,13.133051,10.0,4822996.143,2369182.884
PF08/0030/A769,AN,43.547929,13.130858,21.0,4823374.969,2369014.197
PF03/0031/A769,AN,43.546531,13.146879,10.0,4823190.767,2370304.979
PF04/0031/A769,AN,43.542627,13.143922,10.0,4822762.438,2370056.339
PF05/0031/A769,AN,43.543499,13.147832,10.0,4822852.224,2370374.431
PF06/0031/A769,AN,43.548276,13.14207,21.0,4823393.21,2369920.737
PF04/0032/A769,AN,43.543219,13.159447,50.0,4822800.36,2371312.106
PF05/0032/A769,AN,43.547283,13.153791,10.0,4823261.865,2370865.221
PF06/0032/A769,AN,43.546629,13.159039,10.0,4823179.74,2371287.552
PF07/0032/A769,AN,43.537669,13.150417,21.0,4822200.102,2370568.836
PF03/0033/A769,AN,43.547035,13.162961,50.0,4823217.851,2371605.349
PF05/0033/A769,AN,43.543587,13.167545,21.0,4822826.751,2371967.239
PF04/0034/A769,AN,43.545182,13.168633,10.0,4823001.887,2372059.068
PF05/0034/A769,AN,43.547814,13.170439,21.0,4823291.079,2372211.378
PF01/0001/B468,AN,43.538768,13.532024,50.0,4821706.974,2401403.862
PF02/0001/B468,AN,43.548107,13.533565,50.0,4822742.066,2401546.658
PF03/0001/B468,AN,43.547193,13.537915,12.0,4822634.29,2401896.25
PF07/0001/B468,AN,43.545674,13.530676,12.0,4822475.91,2401308.47
PF08/0001/B468,AN,43.541938,13.529833,50.0,4822062.217,2401233.037
PF20/0001/B468,AN,43.536409,13.52606,50.0,4821453.573,2400917.364
PF21/0001/B468,AN,43.536635,13.529847,50.0,4821473.243,2401223.74
PF22/0001/B468,AN,43.539014,13.525417,10.0,4821743.8,2400870.54
PF01/0002/B468,AN,43.533319,13.544616,50.0,4821083.956,2402410.608
PF03/0002/B468,AN,43.543636,13.541255,50.0,4822234.578,2402159.187
PF04/0002/B468,AN,43.5448,13.535486,12.0,4822372.04,2401695.34
PF06/0002/B468,AN,43.535129,13.546254,50.0,4821282.659,2402546.492
PF08/0002/B468,AN,43.537038,13.543447,50.0,4821498.61,2402323.451
PF09/0002/B468,AN,43.535156,13.541961,50.0,4821291.732,2402199.718
PF01/0003/B468,AN,43.547946,13.552167,50.0,4822697.841,2403049.08
PF05/0003/B468,AN,43.545935,13.55474,12.0,4822470.84,2403253.07
PF06/0003/B468,AN,43.543818,13.560123,50.0,4822228.163,2403683.86
PF08/0003/B468,AN,43.55074,13.553298,12.0,4823006.55,2403145.82
PF09/0003/B468,AN,43.545582,13.548397,50.0,4822440.561,2402739.967
PF10/0003/B468,AN,43.545927,13.560278,50.0,4822462.2,2403700.444
PF11/0003/B468,AN,43.544618,13.552486,50.0,4822327.781,2403068.429
PF03/0004/B468,AN,43.532767,13.518035,50.0,4821060.594,2400261.756
PF04/0004/B468,AN,43.53382,13.521044,50.0,4821173.157,2400506.971
PF05/0004/B468,AN,43.532114,13.526661,50.0,4820975.633,2400957.484
PF06/0004/B468,AN,43.529866,13.517493,50.0,4820739.123,2400212.183
PF01/0005/B468,AN,43.535302,13.539355,50.0,4821311.679,2401989.417
PF02/0005/B468,AN,43.531315,13.538312,8.0,4820870.26,2401897.35
PF03/0005/B468,AN,43.536773,13.536731,50.0,4821478.744,2401780.236
PF01/0006/B468,AN,43.539227,13.548954,12.0,4821734.0,2402772.61
PF02/0006/B468,AN,43.541945,13.545589,8.0,4822040.62,2402506.02
PF03/0006/B468,AN,43.533519,13.553396,50.0,4821093.822,2403120.456
PF06/0006/B468,AN,43.535526,13.549548,50.0,4821322.116,2402813.441
PF08/0006/B468,AN,43.538847,13.552745,50.0,4821686.439,2403078.167
PF09/0006/B468,AN,43.536455,13.555834,12.0,4821416.47,2403323.16
PF01/0007/B468,AN,43.531513,13.555318,50.0,4820868.273,2403271.925
PF02/0007/B468,AN,43.535923,13.561527,8.0,4821349.36,2403782.08
PF04/0007/B468,AN,43.53209,13.558014,50.0,4820928.579,2403490.882
PF06/0007/B468,AN,43.542189,13.561366,50.0,4822045.476,2403781.089
PF07/0007/B468,AN,43.540853,13.556527,50.0,4821903.885,2403387.608
PF02/0008/B468,AN,43.544016,13.567247,12.0,4822240.17,2404259.79
PF03/0008/B468,AN,43.542867,13.564644,12.0,4822116.27,2404047.24
PF04/0008/B468,AN,43.54061,13.568664,50.0,4821859.967,2404367.722
PF05/0008/B468,AN,43.53685,13.570211,50.0,4821440.27,2404485.528
PF06/0008/B468,AN,43.536605,13.565068,50.0,4821420.195,2404069.512
PF07/0008/B468,AN,43.543753,13.570319,12.0,4822206.71,2404507.42
PF01/0009/B468,AN,43.51942,13.529817,50.0,4819561.298,2401187.523
PF03/0009/B468,AN,43.519711,13.523984,50.0,4819601.951,2400716.713
PF04/0009/B468,AN,43.521696,13.523579,50.0,4819822.977,2400687.89
PF05/0009/B468,AN,43.524243,13.52608,50.0,4820102.336,2400895.036
PF08/0009/B468,AN,43.517238,13.528282,50.0,4819321.171,2401059.19
PF09/0009/B468,AN,43.528604,13.521428,50.0,4820593.332,2400527.64
PF10/0009/B468,AN,43.526923,13.521194,12.0,4820406.956,2400505.482
PF01/0010/B468,AN,43.518596,13.533482,50.0,4819464.607,2401482.136
PF03/0010/B468,AN,43.522583,13.533144,50.0,4819907.88,2401462.609
PF05/0010/B468,AN,43.525171,13.531233,50.0,4820198.023,2401313.286
PF10/0010/B468,AN,43.530672,13.532975,50.0,4820806.471,2401464.812
PF12/0010/B468,AN,43.529968,13.527629,50.0,4820735.895,2401031.431
PF14/0010/B468,AN,43.52681,13.540146,50.0,4820367.417,2402036.784
PF15/0010/B468,AN,43.52917,13.539654,50.0,4820630.132,2402001.575
PF02/0011/B468,AN,43.522046,13.541718,50.0,4819836.057,2402154.512
PF05/0011/B468,AN,43.525273,13.543132,50.0,4820192.445,2402275.104
PF06/0011/B468,AN,43.527889,13.542973,50.0,4820483.221,2402267.279
PF08/0011/B468,AN,43.530502,13.545242,50.0,4820770.19,2402455.768
PF11/0011/B468,AN,43.520431,13.536667,50.0,4819663.787,2401743.18
PF12/0011/B468,AN,43.529287,13.545581,50.0,4820634.752,2402480.787
PF13/0011/B468,AN,43.523737,13.537186,50.0,4820030.271,2401791.568
PF02/0012/B468,AN,43.521378,13.55587,50.0,4819741.941,2403296.939
PF06/0012/B468,AN,43.52984,13.555093,50.0,4820682.796,2403250.502
PF07/0012/B468,AN,43.52597,13.553168,50.0,4820255.692,2403087.495
PF10/0012/B468,AN,43.528052,13.553775,12.0,4820486.1,2403140.56
PF12/0012/B468,AN,43.52891,13.548385,12.0,4820588.95,2402706.65
PF13/0012/B468,AN,43.528974,13.552192,50.0,4820590.68,2403014.411
PF15/0012/B468,AN,43.532363,13.54902,50.0,4820971.492,2402764.647
PF18/0012/B468,AN,43.522097,13.546449,50.0,4819835.016,2402536.983
PF19/0012/B468,AN,43.527636,13.545405,50.0,4820451.671,2402463.315
PF21/0012/B468,AN,43.527343,13.55534,50.0,4820405.155,2403265.653
PF22/0012/B468,AN,43.523555,13.552238,50.0,4819988.813,2403007.601
PF02/0013/B468,AN,43.523626,13.569803,50.0,4819972.059,2404427.286
PF05/0013/B468,AN,43.526686,13.564224,12.0,4820319.7,2403982.3
PF06/0013/B468,AN,43.527451,13.558589,50.0,4820412.55,2403528.384
PF07/0013/B468,AN,43.522394,13.558534,50.0,4819850.95,2403514.259
PF01/0014/B468,AN,43.526051,13.569262,50.0,4820242.167,2404388.177
PF02/0014/B468,AN,43.532603,13.568793,50.0,4820970.524,2404362.85
PF03/0014/B468,AN,43.529196,13.563689,50.0,4820599.258,2403943.849
PF04/0014/B468,AN,43.530262,13.561488,50.0,4820720.669,2403768.029
PF01/0015/B468,AN,43.507278,13.537755,12.0,4818201.52,2401805.43
PF02/0015/B468,AN,43.509069,13.54298,12.0,4818393.01,2402231.3
PF04/0015/B468,AN,43.511212,13.539781,50.0,4818635.562,2401976.811
PF05/0015/B468,AN,43.510943,13.534762,50.0,4818612.736,2401570.643
PF07/0015/B468,AN,43.514024,13.536586,50.0,4818952.333,2401724.078
PF08/0015/B468,AN,43.517107,13.536245,50.0,4819295.267,2401702.511
PF10/0015/B468,AN,43.516288,13.531213,50.0,4819211.486,2401294.249
PF11/0015/B468,AN,43.514789,13.528213,50.0,4819049.289,2401048.82
PF13/0015/B468,AN,43.515001,13.532849,50.0,4819066.199,2401423.962
PF07/0016/B468,AN,43.51807,13.549712,50.0,4819383.164,2402792.889
PF12/0016/B468,AN,43.517001,13.542874,12.0,4819274.09,2402238.15
PF13/0016/B468,AN,43.514319,13.542306,50.0,4818977.072,2402186.991
PF14/0016/B468,AN,43.510146,13.547214,50.0,4818506.631,2402575.626
PF15/0016/B468,AN,43.514236,13.545994,50.0,4818962.608,2402484.959
PF17/0016/B468,AN,43.516369,13.54618,50.0,4819199.2,2402504.141
PF18/0016/B468,AN,43.515456,13.539911,50.0,4819106.677,2401995.671
PF02/0017/B468,AN,43.512669,13.547407,50.0,4818786.53,2402596.117
PF03/0017/B468,AN,43.513852,13.55435,50.0,4818908.202,2403159.599
PF04/0017/B468,AN,43.506582,13.54579,50.0,4818112.749,2402453.605
PF05/0017/B468,AN,43.517255,13.55099,50.0,4819290.808,2402894.603
PF06/0017/B468,AN,43.504198,13.545748,12.0,4817848.08,2402445.58
PF08/0018/B468,AN,43.515501,13.560019,50.0,4819083.347,2403620.974
PF09/0018/B468,AN,43.520149,13.558599,50.0,4819601.572,2403515.147
PF10/0018/B468,AN,43.518593,13.561668,50.0,4819424.476,2403760.187
PF05/0019/B468,AN,43.518122,13.564839,12.0,4819367.77,2404015.61
PF06/0019/B468,AN,43.520216,13.569829,50.0,4819593.367,2404422.873
PF07/0019/B468,AN,43.516306,13.571768,50.0,4819156.355,2404572.142
PF09/0019/B468,AN,43.514685,13.567842,50.0,4818981.829,2404251.761
PF10/0019/B468,AN,43.520558,13.572633,50.0,4819627.409,2404650.179
PF01/0020/B468,AN,43.50536,13.550692,50.0,4817970.213,2402847.496
PF02/0020/B468,AN,43.511471,13.556575,50.0,4818640.6,2403334.867
PF03/0020/B468,AN,43.509028,13.56141,50.0,4818362.476,2403721.016
PF04/0020/B468,AN,43.507156,13.553966,50.0,4818164.979,2403115.638
PF02/0021/B468,AN,43.509679,13.569984,50.0,4818422.897,2404415.332
PF04/0021/B468,AN,43.511976,13.573449,50.0,4818673.139,2404699.726
PF05/0021/B468,AN,43.513432,13.570993,50.0,4818838.264,2404504.038
PF06/0021/B468,AN,43.506546,13.573705,50.0,4818069.699,2404710.131
PF01/0022/B468,AN,43.503735,13.55346,50.0,4817785.831,2403068.088
PF02/0022/B468,AN,43.505407,13.563945,8.0,4817956.82,2403918.94
PF03/0022/B468,AN,43.502762,13.558823,50.0,4817670.219,2403499.762
PF04/0022/B468,AN,43.500825,13.56139,50.0,4817451.519,2403703.637
PF06/0022/B468,AN,43.504151,13.561479,50.0,4817820.805,2403717.17
PF01/0023/B468,AN,43.502795,13.566669,50.0,4817662.87,2404134.163
PF02/0023/B468,AN,43.497426,13.572321,50.0,4817058.775,2404580.847
PF22/0004/B470,AN,43.58376,13.368526,50.0,4826950.159,2388292.053
PF23/0004/B470,AN,43.584093,13.365707,50.0,4826991.612,2388065.137
PF21/0005/B470,AN,43.569113,13.333012,50.0,4825380.375,2385392.145
PF22/0005/B470,AN,43.574307,13.337182,50.0,4825950.486,2385740.414
PF23/0005/B470,AN,43.567424,13.335733,50.0,4825188.426,2385608.147
PF21/0007/B470,AN,43.577421,13.353975,50.0,4826269.304,2387103.313
PF23/0007/B470,AN,43.574684,13.361665,50.0,4825953.122,2387718.193
PF24/0007/B470,AN,43.573338,13.358722,50.0,4825808.244,2387477.659
PF26/0007/B470,AN,43.57383,13.35453,50.0,4825869.673,2387140.178
PF27/0007/B470,AN,43.576066,13.358679,50.0,4826111.372,2387480.104
PF21/0008/B470,AN,43.591238,13.382401,50.0,4827758.806,2389428.396
PF22/0008/B470,AN,43.596795,13.3801,50.0,4828379.6,2389254.71
PF21/0009/B470,AN,43.592468,13.377306,50.0,4827903.474,2389019.737
PF22/0009/B470,AN,43.590458,13.376446,10.0,4827681.64,2388945.97
PF23/0009/B470,AN,43.589607,13.370465,50.0,4827596.496,2388461.295
PF24/0009/B470,AN,43.584557,13.377686,50.0,4827024.23,2389033.265
PF25/0009/B470,AN,43.582379,13.380266,50.0,4826778.279,2389236.845
PF27/0009/B470,AN,43.588308,13.374917,10.0,4827445.242,2388817.912
PF22/0010/B470,AN,43.583466,13.386824,50.0,4826888.725,2389768.711
PF24/0010/B470,AN,43.587157,13.388343,50.0,4827296.223,2389899.263
PF25/0010/B470,AN,43.58181,13.38437,50.0,4826708.594,2389567.011
PF26/0010/B470,AN,43.589909,13.38277,50.0,4827610.659,2389455.282
PF21/0011/B470,AN,43.594175,13.399612,9.0,4828058.17,2390824.05
PF22/0011/B470,AN,43.591657,13.395719,50.0,4827784.559,2390504.368
PF23/0011/B470,AN,43.58982,13.39819,50.0,4827576.625,2390699.965
PF24/0011/B470,AN,43.587182,13.395499,50.0,4827287.843,2390477.069
PF26/0011/B470,AN,43.593013,13.402271,50.0,4827924.929,2391036.193
PF27/0011/B470,AN,43.588954,13.401201,50.0,4827475.777,2390941.169
PF24/0013/B470,AN,43.576245,13.39182,50.0,4826078.861,2390156.507
PF25/0013/B470,AN,43.5744,13.387355,50.0,4825880.941,2389792.052
PF26/0013/B470,AN,43.573473,13.393072,10.0,4825769.08,2390251.67
PF01/0001/C060,AN,43.498917,13.146721,50.0,4817902.77,2370174.357
PF04/0001/C060,AN,43.503549,13.147707,50.0,4818415.51,2370265.505
PF06/0001/C060,AN,43.499534,13.154992,50.0,4817956.458,2370844.568
PF08/0001/C060,AN,43.501259,13.148044,50.0,4818160.539,2370287.086
PF09/0001/C060,AN,43.501976,13.142755,50.0,4818249.683,2369861.268
PF11/0001/C060,AN,43.501767,13.151048,50.0,4818211.568,2370531.213
PF12/0001/C060,AN,43.499305,13.149567,50.0,4817940.801,2370405.382
PF13/0001/C060,AN,43.504195,13.153051,50.0,4818477.653,2370699.099
PF01/0002/C060,AN,43.499143,13.170002,50.0,4817886.207,2372057.149
PF02/0002/C060,AN,43.500878,13.168056,50.0,4818082.385,2371904.01
PF03/0002/C060,AN,43.499509,13.164704,50.0,4817936.379,2371629.707
PF06/0002/C060,AN,43.502079,13.177761,50.0,4818198.599,2372691.614
PF08/0002/C060,AN,43.503325,13.167268,50.0,4818355.567,2371846.308
PF10/0002/C060,AN,43.504382,13.163684,50.0,4818479.392,2371559.177
PF11/0002/C060,AN,43.501465,13.163423,50.0,4818155.907,2371530.924
PF12/0002/C060,AN,43.499942,13.175227,50.0,4817965.658,2372481.486
PF13/0002/C060,AN,43.501287,13.171373,50.0,4818121.912,2372173.246
PF14/0002/C060,AN,43.506236,13.172784,50.0,4818669.029,2372299.356
PF15/0002/C060,AN,43.505144,13.168916,50.0,4818554.671,2371983.973
PF01/0003/C060,AN,43.498239,13.184517,50.0,4817760.124,2373228.468
PF02/0003/C060,AN,43.500066,13.180807,50.0,4817969.639,2372932.971
PF06/0003/C060,AN,43.497246,13.189304,50.0,4817641.467,2373613.089
PF07/0003/C060,AN,43.501544,13.18748,8.0,4818122.01,2373476.03
PF09/0003/C060,AN,43.501983,13.1851,50.0,4818174.905,2373284.721
PF12/0003/C060,AN,43.500176,13.190086,50.0,4817965.432,2373683.414
PF03/0004/C060,AN,43.487364,13.143135,50.0,4816626.135,2369855.738
PF05/0004/C060,AN,43.489524,13.142802,50.0,4816866.611,2369834.157
PF07/0004/C060,AN,43.494066,13.141046,50.0,4817374.23,2369703.494
PF09/0004/C060,AN,43.484115,13.133678,50.0,4816282.474,2369082.906
PF05/0005/C060,AN,43.493166,13.144699,50.0,4817267.741,2369996.618
PF08/0005/C060,AN,43.48805,13.14879,50.0,4816692.129,2370314.714
PF09/0005/C060,AN,43.495218,13.144199,50.0,4817496.491,2369961.254
PF10/0005/C060,AN,43.486075,13.150663,50.0,4816469.485,2370461.34
PF11/0005/C060,AN,43.485415,13.143352,50.0,4816409.27,2369868.514
PF12/0005/C060,AN,43.483212,13.148617,50.0,4816155.104,2370288.781
PF02/0006/C060,AN,43.491606,13.153597,50.0,4817078.452,2370712.266
PF04/0006/C060,AN,43.48795,13.154796,50.0,4816670.279,2370800.149
PF05/0006/C060,AN,43.494459,13.153419,50.0,4817395.685,2370704.866
PF07/0006/C060,AN,43.487668,13.159186,8.0,4816631.08,2371154.44
PF08/0006/C060,AN,43.490857,13.156885,50.0,4816989.425,2370976.217
PF10/0006/C060,AN,43.494289,13.160391,50.0,4817364.245,2371268.184
PF11/0006/C060,AN,43.495609,13.156508,50.0,4817517.84,2370957.498
PF12/0006/C060,AN,43.493459,13.156712,50.0,4817278.679,2370968.63
PF13/0006/C060,AN,43.489983,13.149938,50.0,4816904.765,2370412.339
PF01/0001/C100,AN,43.49493,13.552845,50.0,4816808.774,2403001.356
PF04/0001/C100,AN,43.494841,13.556175,50.0,4816794.209,2403270.494
PF07/0001/C100,AN,43.497045,13.563274,50.0,4817029.048,2403848.687
PF08/0001/C100,AN,43.492692,13.557351,50.0,4816553.853,2403361.368
PF09/0001/C100,AN,43.492568,13.553543,50.0,4816545.451,2403053.23
PF02/0002/C100,AN,43.491103,13.571594,50.0,4816357.579,2404510.04
PF03/0002/C100,AN,43.494468,13.568711,50.0,4816735.233,2404283.303
PF04/0002/C100,AN,43.490066,13.579165,50.0,4816231.9,2405120.227
PF05/0002/C100,AN,43.488004,13.575339,50.0,4816008.158,2404806.911
PF07/0002/C100,AN,43.48856,13.570622,50.0,4816076.458,2404426.596
PF08/0002/C100,AN,43.486857,13.580797,50.0,4815873.228,2405246.114
PF02/0003/C100,AN,43.482887,13.546694,50.0,4815479.943,2402480.739
PF03/0003/C100,AN,43.484827,13.548072,12.0,4815693.41,2402595.93
PF04/0003/C100,AN,43.483971,13.551933,12.0,4815592.97,2402906.44
PF05/0003/C100,AN,43.48081,13.554713,50.0,4815237.954,2403125.168
PF06/0003/C100,AN,43.484252,13.555429,50.0,4815619.257,2403189.717
PF07/0003/C100,AN,43.477042,13.555792,50.0,4814817.932,2403205.199
PF08/0003/C100,AN,43.487417,13.555538,12.0,4815970.58,2403204.65
PF09/0003/C100,AN,43.489511,13.553435,50.0,4816206.059,2403038.627
PF02/0004/C100,AN,43.482022,13.562293,50.0,4815361.952,2403740.559
PF03/0004/C100,AN,43.4817,13.565368,50.0,4815321.851,2403988.614
PF06/0004/C100,AN,43.485279,13.561365,50.0,4815724.909,2403671.704
PF07/0004/C100,AN,43.488177,13.559253,50.0,4816049.797,2403506.539
PF10/0004/C100,AN,43.490914,13.568428,50.0,4816340.986,2404253.682
PF12/0004/C100,AN,43.490391,13.560259,50.0,4816294.282,2403592.138
PF16/0004/C100,AN,43.483966,13.564551,50.0,4815574.734,2403926.898
PF17/0004/C100,AN,43.488,13.567051,50.0,4816019.185,2404136.725
PF18/0004/C100,AN,43.491195,13.563207,50.0,4816379.442,2403832.01
PF01/0005/C100,AN,43.475855,13.565759,50.0,4814672.222,2404009.054
PF04/0005/C100,AN,43.476816,13.570039,50.0,4814772.954,2404356.994
PF09/0005/C100,AN,43.482949,13.570927,50.0,4815452.881,2404440.506
PF11/0005/C100,AN,43.470759,13.569884,50.0,4814100.426,2404332.971
PF14/0005/C100,AN,43.479779,13.565754,50.0,4815107.981,2404016.094
PF15/0005/C100,AN,43.484134,13.568032,50.0,4815588.443,2404208.653
PF16/0005/C100,AN,43.486532,13.568657,50.0,4815853.925,2404263.779
PF03/0006/C100,AN,43.477182,13.581611,50.0,4814797.567,2405293.631
PF05/0006/C100,AN,43.48127,13.572396,50.0,4815264.354,2404556.17
PF06/0006/C100,AN,43.482308,13.576209,50.0,4815374.382,2404866.502
PF09/0006/C100,AN,43.484769,13.578963,8.0,4815643.84,2405093.87
PF10/0006/C100,AN,43.485019,13.572531,50.0,4815680.542,2404574.232
PF11/0006/C100,AN,43.4798,13.578757,50.0,4815092.307,2405067.808
PF01/0007/C100,AN,43.475309,13.590342,12.0,4814577.53,2405996.25
PF03/0007/C100,AN,43.47729,13.589716,12.0,4814798.5,2405949.39
PF04/0007/C100,AN,43.475157,13.590097,12.0,4814560.98,2405976.12
PF05/0007/C100,AN,43.480976,13.585117,50.0,4815214.13,2405584.325
PF01/0008/C100,AN,43.474574,13.545614,50.0,4814558.171,2402377.196
PF05/0008/C100,AN,43.476966,13.546923,50.0,4814821.98,2402487.708
PF06/0008/C100,AN,43.473414,13.54808,50.0,4814425.843,2402574.451
PF07/0008/C100,AN,43.475228,13.540966,12.0,4814637.43,2402002.55
PF08/0008/C100,AN,43.471442,13.548664,50.0,4814206.063,2402617.824
PF01/0009/C100,AN,43.473828,13.56063,50.0,4814454.234,2403590.321
PF07/0009/C100,AN,43.4743,13.557649,50.0,4814510.837,2403350.083
PF10/0009/C100,AN,43.478564,13.560426,50.0,4814980.461,2403582.912
PF12/0009/C100,AN,43.479595,13.56429,12.0,4815089.55,2403897.39
PF13/0009/C100,AN,43.471797,13.556096,50.0,4814235.037,2403219.667
PF14/0009/C100,AN,43.471476,13.559148,50.0,4814195.04,2403465.932
PF15/0009/C100,AN,43.47278,13.565076,50.0,4814331.633,2403947.882
PF16/0009/C100,AN,43.473686,13.554736,12.0,4814446.7,2403113.3
PF18/0009/C100,AN,43.475522,13.552056,50.0,4814654.332,2402900.108
PF01/0010/C100,AN,43.471527,13.576862,50.0,4814176.117,2404898.827
PF02/0010/C100,AN,43.471542,13.573545,50.0,4814182.304,2404630.525
PF06/0010/C100,AN,43.471183,13.589197,50.0,4814120.952,2405895.886
PF08/0010/C100,AN,43.47428,13.584979,50.0,4814470.604,2405560.556
PF11/0010/C100,AN,43.476825,13.573184,50.0,4814769.605,2404611.381
PF13/0010/C100,AN,43.474083,13.57274,10.0,4814465.71,2404570.29
PF03/0011/C100,AN,43.472908,13.533805,50.0,4814389.93,2401418.838
PF09/0011/C100,AN,43.475427,13.536871,50.0,4814665.322,2401671.712
PF11/0011/C100,AN,43.465984,13.54036,50.0,4813611.612,2401935.515
PF12/0011/C100,AN,43.464631,13.541793,50.0,4813459.334,2402048.863
PF14/0011/C100,AN,43.468917,13.540346,50.0,4813937.378,2401940.142
PF15/0011/C100,AN,43.470388,13.536503,50.0,4814106.248,2401632.154
PF01/0012/C100,AN,43.468003,13.543746,50.0,4813831.049,2402213.377
PF02/0012/C100,AN,43.470652,13.554224,50.0,4814110.442,2403066.077
PF06/0012/C100,AN,43.467396,13.549776,50.0,4813755.143,2402699.957
PF08/0012/C100,AN,43.470984,13.551277,12.0,4814151.45,2402828.35
PF03/0013/C100,AN,43.469002,13.569522,50.0,4813905.824,2404300.267
PF05/0013/C100,AN,43.471491,13.566828,50.0,4814186.002,2404087.171
PF08/0013/C100,AN,43.467669,13.55641,50.0,4813776.14,2403237.131
PF09/0013/C100,AN,43.470266,13.561501,50.0,4814057.35,2403653.879
PF11/0013/C100,AN,43.468282,13.553771,50.0,4813847.879,2403024.821
PF12/0013/C100,AN,43.469343,13.558926,50.0,4813958.507,2403443.873
PF01/0014/C100,AN,43.462817,13.571229,50.0,4813216.612,2404426.592
PF04/0014/C100,AN,43.463627,13.566241,50.0,4813313.442,2404024.609
PF06/0014/C100,AN,43.466431,13.569466,50.0,4813620.359,2404290.832
PF07/0014/C100,AN,43.467022,13.578275,50.0,4813673.865,2405004.568
PF10/0014/C100,AN,43.462514,13.576185,50.0,4813175.986,2404826.914
PF12/0014/C100,AN,43.463368,13.581423,50.0,4813263.618,2405252.276
PF18/0014/C100,AN,43.459869,13.582215,12.0,4812873.94,2405309.76
PF19/0014/C100,AN,43.467641,13.573561,50.0,4813749.047,2404624.432
PF20/0014/C100,AN,43.464175,13.578724,50.0,4813357.036,2405035.479
PF21/0014/C100,AN,43.461417,13.580152,50.0,4813048.749,2405145.78
PF22/0014/C100,AN,43.466081,13.58237,50.0,4813563.684,2405334.052
PF01/0015/C100,AN,43.462704,13.58591,50.0,4813183.782,2405614.051
PF02/0015/C100,AN,43.463464,13.590894,50.0,4813261.268,2406018.629
PF03/0015/C100,AN,43.463434,13.59478,50.0,4813252.71,2406332.971
PF04/0015/C100,AN,43.468959,13.593017,12.0,4813868.73,2406200.7
PF05/0015/C100,AN,43.465805,13.592455,50.0,4813519.117,2406149.293
PF01/0016/C100,AN,43.459924,13.60103,50.0,4812854.357,2406832.017
PF02/0016/C100,AN,43.463603,13.600351,50.0,4813263.883,2406783.943
PF05/0016/C100,AN,43.469582,13.597954,12.0,4813931.14,2406601.22
PF06/0016/C100,AN,43.471945,13.594068,12.0,4814198.89,2406291.28
PF07/0016/C100,AN,43.465251,13.597993,8.0,4813450.04,2406596.28
PF08/0016/C100,AN,43.469301,13.592695,50.0,4813907.119,2406175.283
PF01/0017/C100,AN,43.468273,13.602071,12.0,4813780.12,2406931.81
PF02/0017/C100,AN,43.473471,13.596635,50.0,4814364.798,2406501.785
PF03/0017/C100,AN,43.466566,13.604332,12.0,4813587.53,2407111.49
PF04/0017/C100,AN,43.47079,13.605513,50.0,4814055.014,2407214.905
PF05/0017/C100,AN,43.473623,13.603469,50.0,4814372.438,2407054.8
PF01/0018/C100,AN,43.467175,13.614177,12.0,4813641.85,2407909.02
PF02/0018/C100,AN,43.467171,13.60854,12.0,4813648.96,2407452.97
PF07/0019/C100,AN,43.467013,13.5351,50.0,4813733.415,2401512.033
PF09/0019/C100,AN,43.46427,13.526978,50.0,4813440.332,2400849.698
PF10/0019/C100,AN,43.465875,13.536848,12.0,4813604.46,2401651.27
PF11/0019/C100,AN,43.46844,13.529204,50.0,4813900.285,2401037.96
PF12/0019/C100,AN,43.461994,13.533752,50.0,4813177.891,2401393.207
PF13/0019/C100,AN,43.466581,13.53109,50.0,4813691.15,2401186.862
PF14/0019/C100,AN,43.464157,13.537241,12.0,4813413.15,2401679.72
PF15/0019/C100,AN,43.461609,13.527291,50.0,4813144.293,2400869.8
PF16/0019/C100,AN,43.463933,13.533683,10.0,4813393.3,2401391.391
PF01/0020/C100,AN,43.46535,13.543411,50.0,4813536.823,2402181.159
PF03/0020/C100,AN,43.463729,13.548869,50.0,4813349.08,2402619.472
PF04/0021/C100,AN,43.461407,13.561699,50.0,4813073.26,2403652.952
PF08/0021/C100,AN,43.460806,13.554061,50.0,4813017.213,2403033.86
PF09/0021/C100,AN,43.46501,13.551734,50.0,4813487.389,2402853.734
PF10/0021/C100,AN,43.463084,13.554065,50.0,4813270.128,2403038.594
PF11/0021/C100,AN,43.465168,13.556794,50.0,4813497.846,2403263.392
PF13/0021/C100,AN,43.464492,13.561211,50.0,4813416.561,2403619.375
PF14/0021/C100,AN,43.461546,13.552296,50.0,4813101.88,2402892.518
PF01/0022/C100,AN,43.459607,13.563461,50.0,4812870.843,2403792.028
PF02/0022/C100,AN,43.457655,13.561903,50.0,4812656.295,2403662.246
PF04/0022/C100,AN,43.460297,13.566254,20.0,4812943.616,2404019.347
PF05/0022/C100,AN,43.456871,13.566453,20.0,4812562.81,2404028.874
PF06/0022/C100,AN,43.458383,13.568741,50.0,4812727.516,2404216.827
PF08/0022/C100,AN,43.455342,13.573996,20.0,4812382.53,2404636.211
PF01/0023/C100,AN,43.455689,13.578015,50.0,4812415.464,2404962.033
PF02/0023/C100,AN,43.458048,13.579472,12.0,4812675.49,2405084.42
PF04/0023/C100,AN,43.456432,13.582288,50.0,4812492.148,2405309.118
PF06/0023/C100,AN,43.460904,13.585648,50.0,4812984.178,2405589.398
PF13/0023/C100,AN,43.452878,13.582583,50.0,4812097.013,2405326.309
PF16/0023/C100,AN,43.4544,13.5873,50.0,4812259.533,2405710.83
PF17/0023/C100,AN,43.452114,13.587609,50.0,4812005.239,2405731.511
PF18/0023/C100,AN,43.45654,13.588009,12.0,4812496.31,2405772.19
PF19/0023/C100,AN,43.456083,13.592062,50.0,4812440.001,2406099.227
PF20/0023/C100,AN,43.460207,13.590753,50.0,4812899.744,2406001.113
PF04/0024/C100,AN,43.450687,13.593035,50.0,4811839.396,2406167.899
PF05/0024/C100,AN,43.453191,13.591348,50.0,4812119.706,2406036.087
PF06/0024/C100,AN,43.453277,13.596138,50.0,4812122.711,2406423.817
PF08/0024/C100,AN,43.453611,13.599761,50.0,4812154.895,2406717.568
PF09/0024/C100,AN,43.455966,13.60053,50.0,4812415.397,2406784.184
PF11/0024/C100,AN,43.457485,13.595667,50.0,4812590.734,2406393.586
PF12/0024/C100,AN,43.448671,13.594891,50.0,4811612.953,2406314.294
PF01/0025/C100,AN,43.456057,13.519552,50.0,4812538.86,2400232.751
PF03/0025/C100,AN,43.454392,13.525835,12.0,4812344.85,2400737.79
PF04/0025/C100,AN,43.453436,13.530656,50.0,4812231.761,2401125.991
PF07/0025/C100,AN,43.459674,13.518444,50.0,4812942.143,2400150.214
PF11/0025/C100,AN,43.459279,13.531311,12.0,4812879.8,2401190.43
PF12/0025/C100,AN,43.456077,13.516811,8.0,4812545.0,2400011.0
PF13/0025/C100,AN,43.460284,13.523792,12.0,4813002.23,2400584.13
PF03/0026/C100,AN,43.459182,13.541841,50.0,4812854.032,2402042.149
PF04/0026/C100,AN,43.456525,13.542394,50.0,4812558.242,2402081.734
PF08/0026/C100,AN,43.454813,13.537836,50.0,4812374.54,2401709.624
PF09/0026/C100,AN,43.45045,13.537171,50.0,4811890.875,2401647.243
PF15/0026/C100,AN,43.459033,13.537211,50.0,4812844.076,2401667.284
PF17/0026/C100,AN,43.460968,13.540135,50.0,4813054.854,2401907.609
PF18/0026/C100,AN,43.462419,13.539206,50.0,4813217.337,2401835.287
PF19/0026/C100,AN,43.455696,13.533707,50.0,4812478.49,2401377.242
PF20/0026/C100,AN,43.450433,13.542394,50.0,4811881.621,2402069.878
PF21/0026/C100,AN,43.452799,13.540192,50.0,4812147.479,2401896.313
PF22/0026/C100,AN,43.454215,13.542412,50.0,4812301.656,2402078.678
PF23/0026/C100,AN,43.450869,13.545045,50.0,4811926.304,2402285.204
PF24/0026/C100,AN,43.46239,13.535747,50.0,4813219.044,2401555.369
PF25/0026/C100,AN,43.460749,13.54245,50.0,4813027.209,2402094.466
PF01/0027/C100,AN,43.453709,13.55083,50.0,4812233.512,2402758.751
PF04/0027/C100,AN,43.457145,13.551219,50.0,4812614.621,2402796.895
PF05/0027/C100,AN,43.459503,13.557045,50.0,4812868.263,2403272.805
PF10/0027/C100,AN,43.45485,13.547531,50.0,4812364.877,2402494.078
PF12/0027/C100,AN,43.448495,13.546218,50.0,4811661.01,2402375.515
PF13/0027/C100,AN,43.450743,13.549623,12.0,4811905.81,2402655.34
PF14/0027/C100,AN,43.459455,13.551049,50.0,4812871.369,2402787.628
PF15/0027/C100,AN,43.461879,13.546913,50.0,4813146.374,2402457.659
PF16/0027/C100,AN,43.452809,13.553417,50.0,4812129.912,2402966.312
PF17/0027/C100,AN,43.459097,13.546547,50.0,4812837.954,2402422.668
PF18/0027/C100,AN,43.460641,13.549256,10.0,4813005.6,2402644.85
PF04/0028/C100,AN,43.453329,13.562526,50.0,4812174.967,2403704.385
PF07/0028/C100,AN,43.458821,13.55835,50.0,4812790.768,2403377.016
PF01/0029/C100,AN,43.452046,13.566753,50.0,4812026.537,2404043.868
PF03/0029/C100,AN,43.449466,13.56689,50.0,4811739.815,2404050.022
PF04/0029/C100,AN,43.448054,13.571595,50.0,4811576.411,2404428.06
PF09/0029/C100,AN,43.454794,13.570239,50.0,4812326.907,2404331.22
PF10/0029/C100,AN,43.451891,13.574925,8.0,4811998.0,2404704.82
PF11/0029/C100,AN,43.456636,13.563929,50.0,4812540.261,2403824.198
PF01/0030/C100,AN,43.445121,13.518852,12.0,4811325.23,2400154.53
PF04/0030/C100,AN,43.453249,13.520626,50.0,4812225.384,2400314.057
PF06/0030/C100,AN,43.451548,13.526409,50.0,4812028.18,2400778.644
PF07/0030/C100,AN,43.451716,13.51723,50.0,4812060.048,2400036.273
PF08/0030/C100,AN,43.447072,13.518549,50.0,4811542.425,2400133.814
PF01/0031/C100,AN,43.443583,13.526045,50.0,4811144.143,2400733.559
PF02/0031/C100,AN,43.444379,13.53268,50.0,4811223.057,2401272.014
PF04/0031/C100,AN,43.448907,13.531512,50.0,4811727.633,2401186.325
PF05/0031/C100,AN,43.446442,13.524561,50.0,4811463.746,2400619.093
PF08/0031/C100,AN,43.44041,13.53301,12.0,4810781.8,2401290.92
PF01/0032/C100,AN,43.446736,13.539779,50.0,4811474.742,2401851.031
PF03/0032/C100,AN,43.440764,13.535249,12.0,4810817.88,2401472.85
PF04/0032/C100,AN,43.4427,13.536842,50.0,4811030.598,2401605.533
PF05/0032/C100,AN,43.440108,13.538316,50.0,4810740.699,2401719.728
PF07/0032/C100,AN,43.447996,13.542424,50.0,4811610.899,2402067.54
PF09/0032/C100,AN,43.449561,13.534982,50.0,4811795.28,2401468.38
PF01/0033/C100,AN,43.441571,13.544296,50.0,4810894.678,2402206.533
PF02/0033/C100,AN,43.445847,13.550816,8.0,4811360.37,2402742.46
PF03/0033/C100,AN,43.445604,13.554684,50.0,4811327.947,2403054.995
PF05/0033/C100,AN,43.447021,13.549827,50.0,4811492.196,2402664.655
PF07/0033/C100,AN,43.443855,13.549902,50.0,4811140.463,2402664.642
PF08/0033/C100,AN,43.445719,13.546181,50.0,4811352.694,2402367.116
PF09/0033/C100,AN,43.440751,13.560191,50.0,4810781.244,2403491.3
PF01/0034/C100,AN,43.447077,13.552503,50.0,4811494.565,2402881.314
PF02/0034/C100,AN,43.4489,13.553808,12.0,4811695.3,2402990.45
PF06/0034/C100,AN,43.447505,13.558482,50.0,4811533.717,2403365.949
PF01/0035/C100,AN,43.444362,13.565931,50.0,4811174.251,2403962.689
PF02/0035/C100,AN,43.446523,13.563244,50.0,4811418.079,2403749.402
PF03/0035/C100,AN,43.441619,13.564812,50.0,4810871.192,2403866.914
PF01/0036/C100,AN,43.445891,13.576718,50.0,4811329.149,2404838.521
PF02/0036/C100,AN,43.447562,13.5833,50.0,4811505.648,2405374.3
PF08/0036/C100,AN,43.449192,13.581299,50.0,4811689.394,2405215.465
PF13/0036/C100,AN,43.444552,13.585371,50.0,4811168.535,2405536.185
PF14/0036/C100,AN,43.445272,13.58955,50.0,4811242.717,2405875.714
PF15/0036/C100,AN,43.450482,13.589919,50.0,4811820.817,2405915.346
PF16/0036/C100,AN,43.44779,13.591147,50.0,4811520.187,2406009.643
PF01/0001/C152,AN,43.627458,12.986831,50.0,4832479.64,2357593.122
PF02/0001/C152,AN,43.631931,12.985979,50.0,4832978.045,2357536.45
PF03/0001/C152,AN,43.623373,12.991019,50.0,4832017.746,2357920.065
PF01/0002/C152,AN,43.625534,12.996969,50.0,4832246.12,2358405.863
PF03/0002/C152,AN,43.626639,13.002988,50.0,4832357.128,2358894.446
PF04/0002/C152,AN,43.627688,12.993275,12.0,4832492.55,2358113.64
PF05/0002/C152,AN,43.630203,12.998537,50.0,4832761.618,2358544.949
PF01/0003/C152,AN,43.616951,12.978641,50.0,4831328.636,2356903.963
PF03/0003/C152,AN,43.619642,12.988693,50.0,4831607.828,2357722.352
PF04/0003/C152,AN,43.621661,12.990314,50.0,4831828.894,2357858.53
PF05/0003/C152,AN,43.624405,12.983099,50.0,4832147.836,2357283.824
PF02/0004/C152,AN,43.620023,12.998164,50.0,4831631.688,2358487.563
PF03/0004/C152,AN,43.616306,12.995562,12.0,4831223.94,2358267.6
PF01/0005/C152,AN,43.614916,13.010538,50.0,4831040.463,2359472.393
PF02/0005/C152,AN,43.618865,13.00845,50.0,4831483.098,2359314.406
PF02/0006/C152,AN,43.616615,12.986361,50.0,4831276.2,2357526.015
PF03/0006/C152,AN,43.61361,12.984804,50.0,4830945.552,2357392.243
PF04/0006/C152,AN,43.610772,12.987498,50.0,4830625.014,2357601.993
PF06/0006/C152,AN,43.610667,12.979602,50.0,4830628.895,2356964.553
PF02/0007/C152,AN,43.614491,12.994876,8.0,4831023.73,2358207.4
PF03/0007/C152,AN,43.609616,13.007358,8.0,4830458.02,2359201.69
PF05/0007/C152,AN,43.611011,13.001429,50.0,4830624.429,2358726.919
PF06/0007/C152,AN,43.610729,12.993524,50.0,4830608.501,2358088.227
PF07/0007/C152,AN,43.613251,12.992671,50.0,4830890.309,2358026.156
PF01/0008/C152,AN,43.606053,13.004082,50.0,4830068.657,2358927.748
PF03/0008/C152,AN,43.606667,13.013388,50.0,4830118.828,2359680.465
PF01/0009/C152,AN,43.605672,12.968791,12.0,4830095.33,2356078.5
PF02/0009/C152,AN,43.604207,12.969376,50.0,4829931.462,2356121.7
PF06/0009/C152,AN,43.60385,12.973053,50.0,4829884.589,2356417.535
PF08/0009/C152,AN,43.611332,12.973638,50.0,4830714.492,2356485.028
PF10/0009/C152,AN,43.601808,12.962295,12.0,4829679.04,2355543.72
PF11/0009/C152,AN,43.6066,12.97587,50.0,4830184.469,2356652.338
PF13/0009/C152,AN,43.605677,12.973421,50.0,4830086.798,2356452.18
PF14/0009/C152,AN,43.608537,12.974568,50.0,4830402.204,2356552.496
PF01/0010/C152,AN,43.607184,12.97682,50.0,4830247.509,2356730.604
PF02/0010/C152,AN,43.60879,12.977485,8.0,4830424.56,2356788.57
PF01/0011/C152,AN,43.609438,12.982928,50.0,4830485.791,2357229.625
PF03/0011/C152,AN,43.606602,12.990422,12.0,4830156.16,2357826.81
PF04/0011/C152,AN,43.611993,12.979096,50.0,4830777.091,2356927.258
PF05/0011/C152,AN,43.61405,12.977047,50.0,4831009.627,2356767.525
PF06/0011/C152,AN,43.608101,12.979928,50.0,4830343.231,2356983.901
PF07/0011/C152,AN,43.607668,12.988154,12.0,4830279.04,2357646.6
PF01/0012/C152,AN,43.6045,13.007508,12.0,4829889.55,2359200.12
PF02/0012/C152,AN,43.600083,13.010818,50.0,4829392.523,2359455.484
PF03/0012/C152,AN,43.603224,13.016343,50.0,4829730.753,2359909.771
PF04/0012/C152,AN,43.601536,13.020054,50.0,4829536.081,2360204.85
PF01/0013/C152,AN,43.600777,12.973109,12.0,4829543.16,2356413.72
PF03/0013/C152,AN,43.60522,12.978037,50.0,4830027.015,2356823.54
PF06/0013/C152,AN,43.599716,12.982041,50.0,4829407.841,2357131.811
PF08/0013/C152,AN,43.602181,12.985195,12.0,4829675.4,2357393.01
PF09/0013/C152,AN,43.601897,12.989143,50.0,4829636.1,2357710.882
PF10/0013/C152,AN,43.598889,12.989798,50.0,4829300.74,2357755.654
PF11/0013/C152,AN,43.597659,12.986423,8.0,4829170.71,2357479.92
PF12/0013/C152,AN,43.602932,12.977636,50.0,4829773.616,2356784.926
PF13/0013/C152,AN,43.605543,12.983802,50.0,4830051.516,2357289.66
PF02/0014/C152,AN,43.597041,12.998428,12.0,4829078.67,2358447.31
PF03/0014/C152,AN,43.596568,12.995,50.0,4829032.802,2358169.334
PF05/0014/C152,AN,43.600341,12.994118,50.0,4829453.65,2358108.282
PF07/0014/C152,AN,43.603399,12.993777,12.0,4829793.93,2358088.96
PF08/0014/C152,AN,43.603556,12.997356,50.0,4829804.411,2358378.249
PF13/0014/C152,AN,43.601196,13.000134,12.0,4829536.84,2358596.12
PF16/0014/C152,AN,43.600201,13.005757,12.0,4829415.47,2359047.37
PF01/0015/C152,AN,43.59265,12.96764,50.0,4828651.402,2355950.19
PF02/0015/C152,AN,43.590534,12.971065,8.0,4828409.58,2356220.92
PF03/0015/C152,AN,43.598645,12.963121,50.0,4829326.116,2355601.71
PF04/0015/C152,AN,43.598301,12.970295,50.0,4829273.754,2356179.908
PF06/0015/C152,AN,43.592793,12.962026,50.0,4828678.305,2355497.434
PF01/0016/C152,AN,43.591919,12.978859,50.0,4828548.108,2356853.863
PF02/0016/C152,AN,43.592003,12.983524,50.0,4828548.289,2357230.699
PF03/0016/C152,AN,43.59476,12.969589,50.0,4828881.867,2356113.258
PF04/0016/C152,AN,43.596764,12.983301,50.0,4829077.427,2357225.554
PF02/0017/C152,AN,43.592765,12.993636,50.0,4828613.138,2358049.054
PF03/0017/C152,AN,43.594554,12.988629,50.0,4828821.544,2357649.623
PF04/0017/C152,AN,43.591591,12.988427,50.0,4828492.917,2357625.354
PF01/0018/C152,AN,43.588992,12.972507,50.0,4828235.427,2356333.142
PF02/0018/C152,AN,43.587247,12.980107,50.0,4828026.672,2356942.026
PF04/0001/C248,AN,43.538129,13.144376,21.0,4822262.066,2370081.873
PF03/0002/C248,AN,43.526387,13.138275,50.0,4820968.972,2369559.742
PF04/0002/C248,AN,43.523178,13.135973,12.0,4820616.72,2369365.76
PF06/0002/C248,AN,43.528451,13.140844,20.0,4821193.547,2369772.463
PF02/0003/C248,AN,43.525525,13.122935,50.0,4820901.073,2368317.965
PF03/0003/C248,AN,43.528032,13.125585,50.0,4821174.692,2368538.326
PF06/0003/C248,AN,43.521361,13.123111,21.0,4820438.276,2368321.752
PF04/0004/C248,AN,43.515107,13.130451,21.0,4819730.316,2368899.281
PF03/0005/C248,AN,43.510326,13.115066,50.0,4819227.403,2367643.784
PF05/0005/C248,AN,43.511726,13.105441,50.0,4819400.582,2366869.238
PF07/0005/C248,AN,43.512081,13.110879,21.0,4819430.081,2367309.751
PF01/0006/C248,AN,43.510962,13.119505,50.0,4819289.984,2368004.181
PF02/0006/C248,AN,43.51269,13.123749,12.0,4819474.07,2368351.59
PF05/0006/C248,AN,43.507807,13.121112,50.0,4818936.575,2368126.187
PF06/0006/C248,AN,43.50808,13.123245,50.0,4818963.08,2368299.248
PF08/0006/C248,AN,43.513584,13.126445,50.0,4819568.552,2368571.698
PF09/0006/C248,AN,43.513161,13.11741,50.0,4819537.987,2367840.332
PF10/0006/C248,AN,43.517597,13.12648,50.0,4820014.145,2368584.55
PF12/0006/C248,AN,43.508894,13.120309,21.0,4819058.851,2368064.007
PF01/0007/C248,AN,43.504113,13.079938,50.0,4818602.313,2364788.24
PF02/0007/C248,AN,43.5088,13.085662,50.0,4819112.22,2365263.017
PF06/0007/C248,AN,43.506157,13.090977,50.0,4818808.779,2365685.863
PF07/0007/C248,AN,43.508374,13.088332,50.0,4819059.906,2365477.761
PF08/0007/C248,AN,43.506686,13.085494,21.0,4818877.794,2365244.017
PF02/0008/C248,AN,43.503592,13.098175,50.0,4818510.629,2366261.258
PF04/0008/C248,AN,43.508021,13.096856,50.0,4819004.976,2366165.87
PF06/0008/C248,AN,43.50527,13.0968,50.0,4818699.512,2366154.339
PF07/0008/C248,AN,43.511313,13.090244,50.0,4819382.804,2365639.756
PF08/0008/C248,AN,43.510266,13.091884,21.0,4819263.54,2365769.706
PF01/0009/C248,AN,43.503964,13.107299,50.0,4818535.154,2366999.836
PF02/0009/C248,AN,43.501771,13.10937,50.0,4818287.782,2367161.737
PF04/0009/C248,AN,43.505935,13.112355,50.0,4818744.715,2367413.555
PF05/0009/C248,AN,43.504393,13.114314,50.0,4818569.904,2367568.008
PF08/0009/C248,AN,43.506676,13.117674,50.0,4818817.333,2367845.393
PF09/0009/C248,AN,43.508212,13.11083,50.0,4819000.441,2367296.024
PF13/0009/C248,AN,43.500727,13.116171,50.0,4818159.266,2367708.918
PF14/0009/C248,AN,43.506088,13.120058,50.0,4818747.602,2368036.594
PF16/0009/C248,AN,43.502844,13.118126,21.0,4818390.896,2367872.34
PF01/0010/C248,AN,43.49541,13.079056,50.0,4817637.398,2364694.615
PF07/0010/C248,AN,43.497094,13.071611,50.0,4817838.377,2364097.001
PF09/0010/C248,AN,43.489387,13.074209,50.0,4816977.485,2364287.225
PF11/0010/C248,AN,43.497116,13.081096,21.0,4817823.093,2364863.968
PF01/0011/C248,AN,43.492026,13.080535,50.0,4817258.862,2364805.526
PF02/0011/C248,AN,43.493889,13.081024,50.0,4817464.856,2364849.872
PF04/0011/C248,AN,43.493995,13.08619,50.0,4817466.984,2365267.854
PF05/0011/C248,AN,43.495377,13.089836,50.0,4817613.684,2365566.144
PF06/0011/C248,AN,43.497564,13.084276,50.0,4817866.922,2365122.183
PF07/0011/C248,AN,43.500791,13.0821,50.0,4818229.376,2364954.519
PF08/0011/C248,AN,43.503822,13.087564,50.0,4818555.794,2365404.011
PF09/0011/C248,AN,43.492323,13.083873,21.0,4817285.584,2365076.24
PF01/0012/C248,AN,43.491611,13.089866,50.0,4817195.31,2365559.021
PF06/0012/C248,AN,43.498618,13.091614,50.0,4817970.336,2365718.182
PF07/0012/C248,AN,43.498806,13.088477,50.0,4817997.087,2365465.04
PF08/0012/C248,AN,43.498798,13.097459,50.0,4817979.453,2366191.193
PF09/0012/C248,AN,43.503695,13.095347,50.0,4818527.283,2366032.879
PF10/0012/C248,AN,43.502356,13.090311,50.0,4818387.861,2365622.366
PF11/0012/C248,AN,43.494619,13.094085,50.0,4817521.662,2365907.768
PF12/0012/C248,AN,43.496692,13.09216,21.0,4817755.432,2365757.446
PF01/0013/C248,AN,43.497257,13.102119,50.0,4817799.761,2366564.068
PF02/0013/C248,AN,43.497746,13.098288,50.0,4817861.164,2366255.543
PF07/0013/C248,AN,43.504305,13.103718,50.0,4818579.566,2366711.167
PF11/0013/C248,AN,43.499911,13.106039,50.0,4818087.273,2366887.681
PF12/0013/C248,AN,43.502152,13.098723,21.0,4818349.701,2366301.943
PF01/0014/C248,AN,43.495645,13.106246,50.0,4817613.078,2366893.639
PF03/0014/C248,AN,43.49278,13.099408,50.0,4817307.539,2366333.482
PF04/0014/C248,AN,43.497564,13.10926,50.0,4817820.658,2367142.166
PF06/0014/C248,AN,43.497049,13.121846,50.0,4817740.47,2368158.498
PF08/0014/C248,AN,43.49927,13.11632,50.0,4817997.248,2367717.281
PF09/0014/C248,AN,43.494914,13.101874,50.0,4817540.025,2366538.317
PF10/0014/C248,AN,43.499673,13.11326,50.0,4818047.593,2367470.893
PF11/0014/C248,AN,43.500162,13.118789,50.0,4818091.83,2367919.135
PF12/0014/C248,AN,43.499601,13.108691,21.0,4818048.008,2367101.378
PF04/0015/C248,AN,43.492944,13.081803,21.0,4817358.412,2364910.45
PF05/0016/C248,AN,43.488617,13.079388,50.0,4816882.383,2364704.055
PF06/0016/C248,AN,43.489192,13.086048,50.0,4816933.781,2365244.133
PF07/0016/C248,AN,43.48126,13.082429,50.0,4816059.546,2364931.185
PF10/0016/C248,AN,43.484544,13.083579,50.0,4816422.146,2365032.55
PF11/0016/C248,AN,43.482907,13.085398,50.0,4816236.953,2365175.451
PF13/0016/C248,AN,43.482493,13.087902,50.0,4816186.326,2365376.888
PF14/0016/C248,AN,43.487107,13.085351,50.0,4816703.51,2365182.368
PF16/0016/C248,AN,43.49043,13.083803,50.0,4817075.436,2365065.755
PF17/0016/C248,AN,43.484915,13.078798,21.0,4816472.277,2364646.885
PF02/0017/C248,AN,43.483908,13.090915,50.0,4816337.841,2365624.148
PF04/0017/C248,AN,43.488822,13.091494,50.0,4816882.631,2365683.567
PF05/0017/C248,AN,43.489427,13.093704,8.0,4816945.72,2365863.77
PF06/0017/C248,AN,43.485212,13.087281,50.0,4816489.485,2365333.676
PF07/0017/C248,AN,43.488652,13.087885,50.0,4816870.439,2365391.277
PF11/0017/C248,AN,43.483138,13.093706,50.0,4816247.169,2365847.904
PF12/0017/C248,AN,43.485469,13.089795,21.0,4816513.337,2365537.617
PF01/0001/C524,AN,43.33401,12.986597,12.0,4799888.7,2356785.75
PF03/0001/C524,AN,43.330886,12.982289,12.0,4799550.13,2356428.13
PF04/0001/C524,AN,43.334753,12.981123,12.0,4799981.97,2356344.01
PF05/0001/C524,AN,43.33017,12.977326,50.0,4799480.451,2356023.805
PF01/0002/C524,AN,43.324716,12.988721,12.0,4798852.38,2356933.04
PF03/0002/C524,AN,43.326463,12.993051,50.0,4799037.946,2357288.839
PF05/0002/C524,AN,43.327764,12.997742,12.0,4799173.29,2357672.66
PF06/0002/C524,AN,43.329176,12.991816,50.0,4799341.66,2357195.92
PF07/0002/C524,AN,43.32967,12.987914,12.0,4799404.11,2356880.91
PF09/0002/C524,AN,43.331861,12.992859,8.0,4799637.84,2357287.68
PF01/0003/C524,AN,43.325178,12.998241,50.0,4798885.097,2357706.206
PF03/0003/C524,AN,43.323019,13.006784,12.0,4798628.77,2358393.16
PF05/0003/C524,AN,43.32647,13.00492,50.0,4799015.589,2358251.155
PF06/0003/C524,AN,43.331247,13.003039,12.0,4799549.76,2358111.36
PF07/0003/C524,AN,43.328697,13.003503,50.0,4799265.664,2358142.239
PF08/0003/C524,AN,43.329363,13.012021,12.0,4799323.2,2358834.61
PF09/0003/C524,AN,43.326435,13.009849,12.0,4799002.25,2358650.74
PF10/0003/C524,AN,43.322975,13.009959,50.0,4798617.764,2358650.457
PF02/0004/C524,AN,43.324829,13.012242,12.0,4798819.17,2358840.47
PF01/0005/C524,AN,43.327295,13.025159,12.0,4799068.17,2359894.33
PF01/0006/C524,AN,43.334426,13.024332,12.0,4799861.81,2359846.05
PF01/0007/C524,AN,43.338814,13.024583,12.0,4800348.61,2359877.88
PF01/0008/C524,AN,43.329307,12.97295,50.0,4799393.171,2355666.745
PF02/0008/C524,AN,43.324571,12.974886,50.0,4798863.325,2355810.892
PF03/0008/C524,AN,43.321203,12.967085,50.0,4798504.706,2355169.262
PF05/0008/C524,AN,43.323323,12.969495,50.0,4798735.335,2355370.41
PF07/0008/C524,AN,43.319321,12.966289,50.0,4798297.238,2355099.622
PF08/0008/C524,AN,43.325764,12.9676,12.0,4799010.22,2355223.34
PF09/0008/C524,AN,43.31969,12.974164,50.0,4798322.688,2355739.18
PF02/0009/C524,AN,43.323759,12.980767,50.0,4798761.634,2356285.576
PF04/0009/C524,AN,43.326825,12.974879,50.0,4799113.68,2355816.424
PF06/0009/C524,AN,43.32733,12.979159,50.0,4799161.371,2356164.786
PF07/0009/C524,AN,43.325867,12.981966,12.0,4798993.36,2356388.46
PF08/0009/C524,AN,43.329546,12.986065,50.0,4799393.937,2356730.687
PF09/0009/C524,AN,43.326335,12.988765,12.0,4799032.09,2356940.99
PF11/0009/C524,AN,43.323369,12.985754,50.0,4798708.57,2356688.916
PF13/0009/C524,AN,43.323808,12.989784,50.0,4798749.373,2357016.846
PF14/0009/C524,AN,43.322876,12.991628,12.0,4798642.29,2357163.83
PF15/0009/C524,AN,43.322015,12.983178,50.0,4798563.179,2356476.352
PF01/0010/C524,AN,43.319494,12.98601,50.0,4798277.674,2356699.235
PF02/0010/C524,AN,43.321498,12.983988,7.0,4798504.25,2356540.68
PF03/0010/C524,AN,43.320924,12.985688,50.0,4798437.18,2356677.007
PF04/0010/C524,AN,43.322794,12.985194,50.0,4798645.75,2356641.947
PF01/0011/C524,AN,43.315173,13.00005,12.0,4797770.45,2357826.26
PF06/0011/C524,AN,43.315214,13.00598,50.0,4797763.477,2358307.297
PF12/0011/C524,AN,43.319255,12.997148,50.0,4798229.428,2357601.792
PF13/0011/C524,AN,43.319748,13.008037,50.0,4798262.988,2358486.11
PF14/0011/C524,AN,43.322217,13.008435,50.0,4798536.522,2358524.934
PF15/0011/C524,AN,43.318188,13.001735,50.0,4798102.029,2357970.939
PF16/0011/C524,AN,43.322907,12.996001,50.0,4798637.213,2357518.529
PF17/0011/C524,AN,43.323253,13.003515,10.0,4798661.106,2358128.684
PF02/0012/C524,AN,43.315595,13.011829,50.0,4797794.467,2358782.593
PF03/0012/C524,AN,43.312665,13.011487,12.0,4797469.77,2358747.09
PF04/0012/C524,AN,43.312292,13.014294,12.0,4797422.9,2358973.74
PF05/0012/C524,AN,43.320239,13.012411,50.0,4798309.113,2358842.056
PF06/0012/C524,AN,43.321679,13.015202,50.0,4798463.63,2359072.174
PF07/0012/C524,AN,43.316888,13.014656,50.0,4797932.575,2359015.23
PF01/0013/C524,AN,43.309354,12.970761,50.0,4797181.475,2355435.353
PF02/0013/C524,AN,43.311765,12.967373,50.0,4797455.901,2355167.093
PF03/0013/C524,AN,43.315646,12.965702,50.0,4797890.309,2355042.127
PF04/0013/C524,AN,43.313795,12.969517,12.0,4797677.16,2355346.49
PF05/0013/C524,AN,43.304545,12.967213,12.0,4796654.43,2355134.64
PF01/0014/C524,AN,43.311824,12.976032,50.0,4797445.412,2355869.471
PF05/0014/C524,AN,43.321947,12.975172,50.0,4798571.331,2355827.048
PF06/0014/C524,AN,43.320475,12.978595,50.0,4798401.178,2356100.664
PF07/0014/C524,AN,43.317186,12.977362,50.0,4798038.351,2355991.82
PF01/0015/C524,AN,43.310067,12.981084,12.0,4797240.37,2356274.5
PF07/0015/C524,AN,43.317433,12.982288,50.0,4798056.065,2356391.914
PF08/0015/C524,AN,43.320382,12.982774,50.0,4798382.645,2356439.207
PF10/0015/C524,AN,43.317964,12.989901,50.0,4798100.169,2357010.695
PF11/0015/C524,AN,43.319794,12.988797,50.0,4798305.592,2356926.058
PF13/0015/C524,AN,43.3139,12.990753,7.0,4797647.1,2357068.94
PF14/0015/C524,AN,43.308488,12.985533,50.0,4797056.33,2356631.065
PF16/0015/C524,AN,43.316183,12.986195,50.0,4797909.647,2356705.385
PF18/0015/C524,AN,43.314049,12.986735,50.0,4797671.528,2356743.509
PF21/0015/C524,AN,43.311017,12.983879,50.0,4797340.385,2356503.709
PF22/0015/C524,AN,43.314674,12.983187,50.0,4797747.926,2356457.456
PF23/0015/C524,AN,43.320634,12.992176,10.0,4798392.3,2357202.3
PF01/0016/C524,AN,43.310978,12.992361,50.0,4797319.439,2357191.501
PF04/0016/C524,AN,43.311794,12.996461,50.0,4797402.115,2357526.187
PF05/0016/C524,AN,43.314524,12.999097,50.0,4797700.223,2357747.266
PF07/0016/C524,AN,43.313553,13.002116,50.0,4797586.473,2357989.521
PF10/0016/C524,AN,43.311446,13.002738,50.0,4797351.324,2358034.339
PF11/0016/C524,AN,43.307316,13.006004,50.0,4796886.279,2358288.245
PF02/0017/C524,AN,43.306195,12.97061,12.0,4796830.89,2355414.62
PF03/0017/C524,AN,43.308964,12.97698,50.0,4797125.901,2355938.658
PF04/0017/C524,AN,43.295828,12.97507,12.0,4795670.77,2355748.42
PF05/0017/C524,AN,43.299861,12.979965,50.0,4796109.114,2356156.317
PF07/0017/C524,AN,43.302853,12.973084,50.0,4796454.86,2355606.27
PF01/0018/C524,AN,43.301742,12.984644,50.0,4796308.767,2356540.894
PF05/0018/C524,AN,43.306377,12.98248,12.0,4796827.85,2356377.84
PF06/0018/C524,AN,43.308332,12.982437,50.0,4797045.017,2356379.578
PF08/0018/C524,AN,43.299997,12.989525,50.0,4796105.513,2356932.186
PF09/0018/C524,AN,43.303718,12.986354,12.0,4796524.97,2356684.92
PF10/0018/C524,AN,43.306946,12.985541,12.0,4796885.04,2356627.64
PF01/0019/C524,AN,43.303599,12.991167,12.0,4796502.28,2357074.97
PF05/0019/C524,AN,43.307439,13.000982,8.0,4796909.71,2357881.3
PF01/0020/C524,AN,43.295869,12.984423,50.0,4795656.942,2356507.241
PF02/0020/C524,AN,43.297002,12.986371,50.0,4795779.011,2356668.252
PF21/0001/C615,AN,43.627029,13.287662,8.0,4831887.22,2381862.53
PF21/0002/C615,AN,43.621242,13.279551,50.0,4831258.027,2381194.808
PF22/0002/C615,AN,43.620538,13.288971,50.0,4831164.164,2381953.291
PF23/0002/C615,AN,43.623572,13.288343,50.0,4831502.202,2381909.505
PF24/0002/C615,AN,43.618563,13.285851,8.0,4830950.0,2381697.0
PF25/0002/C615,AN,43.616699,13.289123,50.0,4830737.481,2381956.721
PF21/0003/C615,AN,43.622002,13.292891,50.0,4831320.212,2382272.883
PF22/0003/C615,AN,43.617948,13.295391,50.0,4830865.854,2382465.39
PF21/0004/C615,AN,43.62137,13.298237,50.0,4831241.197,2382702.772
PF22/0004/C615,AN,43.612311,13.294072,50.0,4830241.905,2382346.066
PF24/0004/C615,AN,43.606906,13.298879,50.0,4829633.662,2382721.656
PF25/0004/C615,AN,43.615375,13.298813,50.0,4830574.458,2382735.595
PF21/0005/C615,AN,43.613843,13.303438,50.0,4830396.604,2383105.364
PF22/0005/C615,AN,43.612961,13.307665,50.0,4830291.684,2383444.417
PF23/0005/C615,AN,43.611162,13.305378,50.0,4830095.644,2383255.859
PF24/0005/C615,AN,43.610929,13.300804,50.0,4830077.349,2382886.188
PF25/0005/C615,AN,43.605967,13.308554,50.0,4829513.503,2383500.382
PF26/0005/C615,AN,43.605694,13.302129,50.0,4829493.719,2382981.208
PF27/0005/C615,AN,43.603754,13.30941,50.0,4829266.231,2383564.45
PF21/0007/C615,AN,43.627472,13.330684,50.0,4831865.771,2385334.439
PF22/0007/C615,AN,43.625331,13.325653,8.0,4831636.11,2384923.7
PF23/0007/C615,AN,43.623104,13.323691,50.0,4831392.027,2384760.455
PF24/0007/C615,AN,43.618729,13.321689,50.0,4830909.392,2384589.101
PF25/0007/C615,AN,43.622156,13.329366,50.0,4831277.436,2385216.172
PF22/0011/C615,AN,43.615864,13.336782,50.0,4830566.668,2385800.53
PF23/0011/C615,AN,43.615284,13.332187,50.0,4830509.688,2385428.504
PF24/0011/C615,AN,43.612569,13.334369,50.0,4830204.64,2385598.515
PF25/0011/C615,AN,43.616967,13.341082,50.0,4830682.195,2386150.0
PF21/0012/C615,AN,43.604096,13.329986,50.0,4829270.588,2385225.877
PF22/0012/C615,AN,43.602357,13.32839,50.0,4829080.039,2385093.162
PF23/0012/C615,AN,43.600432,13.32877,50.0,4828865.702,2385119.59
PF24/0012/C615,AN,43.604842,13.327197,50.0,4829358.047,2385002.431
PF21/0013/C615,AN,43.602195,13.325599,50.0,4829066.608,2384867.589
PF22/0013/C615,AN,43.601156,13.323156,50.0,4828955.232,2384668.025
PF23/0013/C615,AN,43.600646,13.326891,8.0,4828892.51,2384968.34
PF24/0013/C615,AN,43.599152,13.323795,50.0,4828731.628,2384715.144
PF26/0013/C615,AN,43.597755,13.324033,50.0,4828576.063,2384731.248
PF27/0013/C615,AN,43.598815,13.325405,50.0,4828691.52,2384844.293
PF28/0013/C615,AN,43.603057,13.323492,50.0,4829165.768,2384699.469
PF21/0014/C615,AN,43.608688,13.336373,50.0,4829770.254,2385751.573
PF22/0014/C615,AN,43.603313,13.333593,50.0,4829177.782,2385515.289
PF23/0014/C615,AN,43.602271,13.340048,8.0,4829051.62,2386033.93
PF21/0015/C615,AN,43.611015,13.344092,50.0,4830016.329,2386379.724
PF22/0015/C615,AN,43.605054,13.342095,50.0,4829357.422,2386205.274
PF23/0015/C615,AN,43.60375,13.345596,50.0,4829207.023,2386485.014
PF21/0017/C615,AN,43.60124,13.330109,50.0,4828953.209,2385229.395
PF22/0017/C615,AN,43.599205,13.328461,50.0,4828729.856,2385091.87
PF23/0017/C615,AN,43.599011,13.331345,50.0,4828703.661,2385324.204
PF21/0022/C615,AN,43.597874,13.355999,50.0,4828537.712,2387311.639
PF22/0022/C615,AN,43.592952,13.353086,50.0,4827995.692,2387065.714
PF23/0022/C615,AN,43.590735,13.357882,50.0,4827741.849,2387447.949
PF03/0001/D007,AN,43.689142,13.073728,50.0,4839164.181,2364762.918
PF04/0001/D007,AN,43.68714,13.068624,21.0,4838951.499,2364346.39
PF04/0002/D007,AN,43.678181,13.052659,50.0,4837986.473,2363036.24
PF05/0002/D007,AN,43.680687,13.048931,50.0,4838271.925,2362742.288
PF07/0002/D007,AN,43.683219,13.056535,50.0,4838538.708,2363361.836
PF08/0002/D007,AN,43.677904,13.044908,21.0,4837970.447,2362410.747
PF01/0003/D007,AN,43.677024,13.063222,50.0,4837838.014,2363884.75
PF02/0003/D007,AN,43.684923,13.062087,50.0,4838717.51,2363813.759
PF03/0003/D007,AN,43.688836,13.067318,50.0,4839142.264,2364245.488
PF04/0003/D007,AN,43.681797,13.066203,50.0,4838362.608,2364137.384
PF06/0003/D007,AN,43.680659,13.058575,21.0,4838250.571,2363519.611
PF01/0004/D007,AN,43.679232,13.075649,12.0,4838059.94,2364892.16
PF03/0004/D007,AN,43.681395,13.074964,50.0,4838301.517,2364842.523
PF05/0004/D007,AN,43.686438,13.07976,21.0,4838852.583,2365242.122
PF02/0005/D007,AN,43.671698,13.029631,50.0,4837310.301,2361162.837
PF03/0005/D007,AN,43.672814,13.025648,50.0,4837441.884,2360844.7
PF06/0005/D007,AN,43.668945,13.027456,21.0,4837008.687,2360980.272
PF03/0006/D007,AN,43.670926,13.040534,50.0,4837203.73,2362039.821
PF15/0006/D007,AN,43.672879,13.036562,21.0,4837428.217,2361724.762
PF04/0007/D007,AN,43.673514,13.049008,21.0,4837475.079,2362729.78
PF05/0007/D007,AN,43.674734,13.041345,21.0,4837625.135,2362115.218
PF03/0008/D007,AN,43.668748,13.03843,12.0,4836965.8,2361864.43
PF04/0008/D007,AN,43.670204,13.044313,50.0,4837116.344,2362342.584
PF06/0008/D007,AN,43.672489,13.046073,50.0,4837366.788,2362490.462
PF07/0008/D007,AN,43.671305,13.050078,50.0,4837227.663,2362810.21
PF08/0008/D007,AN,43.669007,13.047498,50.0,4836977.301,2362596.266
PF13/0008/D007,AN,43.667322,13.040035,21.0,4836804.394,2361990.162
PF03/0009/D007,AN,43.667507,13.056133,50.0,4836794.369,2363288.522
PF08/0009/D007,AN,43.674175,13.055397,50.0,4837536.425,2363246.522
PF12/0009/D007,AN,43.674458,13.060921,21.0,4837557.416,2363692.612
PF08/0010/D007,AN,43.674243,13.065467,50.0,4837524.997,2364058.532
PF09/0010/D007,AN,43.676043,13.068025,50.0,4837720.018,2364269.348
PF11/0010/D007,AN,43.677334,13.071632,50.0,4837856.7,2364563.445
PF12/0010/D007,AN,43.675514,13.072467,50.0,4837652.952,2364626.122
PF17/0010/D007,AN,43.667261,13.058978,21.0,4836761.722,2363517.273
PF01/0011/D007,AN,43.669604,13.070175,50.0,4837000.862,2364426.06
PF02/0011/D007,AN,43.673222,13.074111,50.0,4837395.305,2364752.715
PF04/0011/D007,AN,43.663028,13.068658,50.0,4836273.34,2364286.697
PF08/0011/D007,AN,43.665004,13.075033,50.0,4836480.828,2364805.855
PF09/0011/D007,AN,43.665426,13.069202,21.0,4836538.684,2364336.834
PF10/0011/D007,AN,43.676417,13.077932,10.0,4837743.0,2365069.0
PF02/0012/D007,AN,43.658669,13.019089,50.0,4835883.491,2360278.435
PF04/0012/D007,AN,43.660942,13.018371,12.0,4836137.32,2360226.57
PF05/0012/D007,AN,43.660058,13.021337,50.0,4836033.38,2360463.391
PF06/0012/D007,AN,43.662418,13.022543,50.0,4836293.193,2360566.888
PF07/0012/D007,AN,43.666671,13.021752,50.0,4836767.136,2360514.32
PF10/0012/D007,AN,43.663126,13.015839,50.0,4836384.749,2360028.219
PF11/0012/D007,AN,43.660829,13.014899,20.0,4836131.403,2359946.325
PF03/0013/D007,AN,43.656895,13.022403,50.0,4835680.047,2360540.943
PF05/0013/D007,AN,43.657084,13.026291,50.0,4835693.538,2360854.934
PF11/0013/D007,AN,43.654536,13.035244,12.0,4835393.47,2361570.19
PF12/0013/D007,AN,43.659011,13.040374,50.0,4835880.699,2361995.648
PF14/0013/D007,AN,43.659385,13.030253,50.0,4835941.521,2361180.514
PF16/0013/D007,AN,43.652723,13.032329,50.0,4835197.694,2361330.403
PF17/0013/D007,AN,43.657663,13.033722,12.0,4835743.67,2361455.68
PF18/0013/D007,AN,43.651674,13.028449,21.0,4835088.537,2361014.662
PF02/0014/D007,AN,43.659264,13.027814,50.0,4835932.755,2360983.565
PF03/0014/D007,AN,43.662396,13.030887,12.0,4836274.74,2361239.56
PF06/0014/D007,AN,43.664296,13.040848,50.0,4836466.806,2362047.73
PF08/0014/D007,AN,43.662064,13.041612,50.0,4836217.357,2362103.459
PF09/0014/D007,AN,43.663925,13.043899,50.0,4836419.741,2362292.781
PF10/0014/D007,AN,43.661931,13.046673,50.0,4836193.04,2362511.193
PF14/0014/D007,AN,43.659016,13.044093,50.0,4835874.206,2362295.536
PF15/0014/D007,AN,43.6654,13.036664,21.0,4836597.346,2361713.324
PF04/0015/D007,AN,43.65342,13.041477,50.0,4835257.568,2362069.947
PF07/0015/D007,AN,43.655503,13.042693,50.0,4835486.621,2362173.428
PF10/0015/D007,AN,43.653344,13.045106,50.0,4835242.219,2362362.415
PF13/0015/D007,AN,43.650079,13.04441,50.0,4834880.972,2362297.711
PF14/0015/D007,AN,43.656303,13.046272,50.0,4835568.692,2362464.14
PF15/0015/D007,AN,43.647865,13.046241,12.0,4834631.57,2362439.56
PF16/0015/D007,AN,43.651085,13.038315,21.0,4835004.268,2361808.764
PF05/0016/D007,AN,43.648434,13.055012,50.0,4834678.186,2363148.446
PF09/0016/D007,AN,43.658351,13.051625,50.0,4835786.059,2362901.184
PF12/0016/D007,AN,43.663671,13.049073,50.0,4836381.757,2362709.295
PF14/0016/D007,AN,43.650212,13.050074,50.0,4834885.016,2362754.861
PF15/0016/D007,AN,43.652211,13.049603,50.0,4835107.936,2362722.085
PF17/0016/D007,AN,43.657518,13.047249,50.0,4835701.817,2362546.085
PF18/0016/D007,AN,43.654792,13.047665,12.0,4835398.26,2362572.57
PF19/0016/D007,AN,43.652248,13.052283,50.0,4835106.977,2362938.272
PF23/0016/D007,AN,43.656946,13.050716,21.0,4835631.673,2362824.233
PF01/0017/D007,AN,43.663205,13.057189,50.0,4836314.559,2363362.457
PF04/0017/D007,AN,43.658731,13.058059,50.0,4835816.004,2363420.999
PF09/0017/D007,AN,43.659797,13.064004,50.0,4835923.22,2363903.108
PF10/0017/D007,AN,43.666402,13.053618,12.0,4836676.41,2363082.85
PF11/0017/D007,AN,43.664445,13.060275,50.0,4836446.453,2363614.525
PF12/0017/D007,AN,43.660935,13.067242,21.0,4836043.557,2364167.184
PF05/0018/D007,AN,43.658709,13.072999,50.0,4835785.514,2364625.619
PF06/0018/D007,AN,43.663271,13.077869,20.0,4836283.112,2365030.083
PF01/0019/D007,AN,43.651412,13.013136,12.0,4835088.95,2359779.11
PF03/0019/D007,AN,43.653892,13.011011,50.0,4835368.53,2359614.288
PF04/0019/D007,AN,43.65558,13.01347,50.0,4835551.187,2359817.078
PF06/0019/D007,AN,43.658559,13.007118,21.0,4835894.315,2359312.861
PF02/0020/D007,AN,43.654071,13.018977,50.0,4835372.945,2360257.204
PF03/0020/D007,AN,43.649158,13.025424,50.0,4834814.975,2360764.092
PF04/0020/D007,AN,43.650546,13.022614,50.0,4834974.48,2360541.117
PF05/0020/D007,AN,43.647453,13.016795,21.0,4834642.111,2360063.613
PF01/0021/D007,AN,43.648125,13.049773,50.0,4834653.714,2362725.135
PF03/0021/D007,AN,43.650613,13.046962,50.0,4834935.371,2362504.922
PF04/0021/D007,AN,43.648988,13.048337,21.0,4834752.308,2362611.522
PF01/0022/D007,AN,43.649787,13.060803,50.0,4834817.466,2363618.967
PF02/0022/D007,AN,43.65261,13.061002,50.0,4835130.664,2363642.393
PF03/0022/D007,AN,43.653891,13.064137,50.0,4835267.001,2363898.524
PF05/0022/D007,AN,43.656964,13.059648,50.0,4835616.791,2363544.516
PF06/0022/D007,AN,43.657237,13.065584,50.0,4835635.894,2364023.855
PF07/0022/D007,AN,43.658157,13.06986,50.0,4835730.1,2364371.085
PF08/0022/D007,AN,43.653157,13.057815,21.0,4835197.42,2363386.753
PF01/0023/D007,AN,43.646313,13.075474,50.0,4834404.098,2364793.263
PF12/0023/D007,AN,43.655535,13.072188,50.0,4835434.557,2364551.991
PF13/0023/D007,AN,43.653249,13.070422,21.0,4835183.927,2364403.662
PF03/0024/D007,AN,43.656504,13.077543,50.0,4835532.155,2364986.372
PF04/0024/D007,AN,43.649148,13.077519,50.0,4834715.099,2364965.496
PF05/0024/D007,AN,43.648264,13.082924,50.0,4834606.881,2365399.073
PF06/0024/D007,AN,43.652006,13.08444,50.0,4835019.613,2365530.93
PF07/0024/D007,AN,43.656566,13.074029,21.0,4835545.581,2364703.175
PF01/0025/D007,AN,43.645755,13.079542,50.0,4834334.538,2365119.937
PF02/0025/D007,AN,43.643708,13.082754,50.0,4834101.168,2365373.747
PF03/0025/D007,AN,43.648912,13.085655,50.0,4834673.719,2365621.064
PF05/0025/D007,AN,43.649108,13.091765,12.0,4834684.15,2366114.27
PF07/0025/D007,AN,43.652298,13.090946,21.0,4835040.033,2366056.363
PF01/0026/D007,AN,43.647568,12.993341,50.0,4834700.408,2358172.372
PF03/0026/D007,AN,43.654491,13.00523,12.0,4835446.2,2359149.75
PF04/0026/D007,AN,43.6523,13.008034,50.0,4835197.422,2359370.027
PF05/0026/D007,AN,43.651514,13.004969,12.0,4835116.12,2359120.7
PF06/0026/D007,AN,43.651218,13.001299,50.0,4835090.375,2358823.921
PF08/0026/D007,AN,43.652837,12.990993,12.0,4835290.25,2357997.16
PF09/0026/D007,AN,43.653566,12.995847,50.0,4835361.713,2358390.542
PF10/0026/D007,AN,43.650381,12.99574,21.0,4835008.212,2358373.36
PF02/0027/D007,AN,43.649172,13.008274,50.0,4834849.554,2359381.024
PF04/0027/D007,AN,43.648918,13.002322,12.0,4834832.92,2358900.27
PF06/0027/D007,AN,43.644283,13.010102,50.0,4834303.034,2359515.389
PF07/0027/D007,AN,43.644218,13.005863,21.0,4834304.041,2359173.302
PF01/0028/D007,AN,43.642806,13.031434,50.0,4834097.943,2361232.063
PF04/0028/D007,AN,43.646698,13.028515,50.0,4834535.778,2361006.873
PF08/0028/D007,AN,43.645597,13.032819,12.0,4834405.23,2361351.097
PF09/0028/D007,AN,43.646233,13.037497,21.0,4834466.928,2361730.049
PF02/0029/D007,AN,43.639893,13.05808,50.0,4833723.769,2363373.669
PF05/0029/D007,AN,43.640858,13.052735,12.0,4833840.99,2362945.08
PF06/0029/D007,AN,43.642476,13.055854,50.0,4834014.825,2363200.88
PF07/0029/D007,AN,43.643715,13.051632,20.0,4834160.395,2362863.557
PF09/0029/D007,AN,43.645122,13.049131,50.0,4834321.465,2362665.461
PF10/0029/D007,AN,43.644359,13.045694,50.0,4834243.248,2362386.284
PF13/0029/D007,AN,43.647166,13.051081,50.0,4834544.758,2362828.091
PF14/0029/D007,AN,43.64682,13.048263,21.0,4834511.654,2362599.891
PF04/0030/D007,AN,43.644212,13.070377,50.0,4834180.292,2364376.696
PF06/0030/D007,AN,43.647733,13.064447,50.0,4834582.504,2363907.582
PF07/0030/D007,AN,43.647452,13.057266,50.0,4834564.857,2363327.716
PF10/0030/D007,AN,43.646747,13.053385,20.0,4834493.846,2363012.8
PF02/0031/D007,AN,43.637971,13.075596,50.0,4833477.341,2364781.608
PF09/0031/D007,AN,43.639416,13.067527,50.0,4833652.929,2364134.485
PF11/0031/D007,AN,43.642377,13.073594,21.0,4833970.46,2364631.43
PF01/0032/D007,AN,43.642771,13.085644,50.0,4833991.739,2365604.386
PF02/0032/D007,AN,43.640301,13.094122,50.0,4833701.664,2366281.884
PF03/0032/D007,AN,43.643578,13.097114,50.0,4834060.068,2366531.603
PF05/0032/D007,AN,43.646835,13.089392,12.0,4834436.08,2365917.09
PF06/0032/D007,AN,43.640455,13.087054,21.0,4833731.886,2365712.17
PF01/0033/D007,AN,43.635859,12.991379,50.0,4833403.819,2357982.653
PF02/0033/D007,AN,43.645489,12.993201,50.0,4834469.749,2358155.488
PF03/0033/D007,AN,43.646944,12.987752,50.0,4834641.986,2357719.918
PF04/0033/D007,AN,43.640706,12.988389,50.0,4833947.949,2357754.543
PF05/0033/D007,AN,43.642212,12.990156,21.0,4834111.792,2357901.049
PF03/0034/D007,AN,43.641904,12.996323,50.0,4834065.511,2358397.698
PF07/0034/D007,AN,43.638132,12.996046,21.0,4833647.153,2358365.184
PF01/0035/D007,AN,43.640039,13.005875,50.0,4833839.878,2359163.187
PF04/0035/D007,AN,43.641404,13.014787,12.0,4833974.19,2359885.6
PF06/0035/D007,AN,43.6455,13.014055,21.0,4834430.59,2359837.44
PF01/0036/D007,AN,43.639151,13.02416,50.0,4833705.925,2360635.717
PF03/0036/D007,AN,43.643865,13.018979,50.0,4834239.49,2360230.275
PF05/0036/D007,AN,43.640831,13.027947,20.0,4833885.196,2360945.557
PF01/0037/D007,AN,43.640038,13.040232,50.0,4833773.669,2361934.461
PF02/0037/D007,AN,43.638202,13.041608,50.0,4833567.184,2362040.585
PF05/0037/D007,AN,43.639285,13.033677,50.0,4833702.529,2361403.704
PF10/0037/D007,AN,43.643303,13.038981,10.0,4834138.74,2361842.06
PF11/0037/D007,AN,43.634634,13.046864,21.0,4833160.841,2362455.205
PF03/0038/D007,AN,43.6383,13.065447,50.0,4833532.952,2363963.826
PF09/0038/D007,AN,43.639606,13.063667,50.0,4833681.307,2363823.612
PF10/0038/D007,AN,43.635938,13.074034,50.0,4833254.52,2364650.379
PF11/0038/D007,AN,43.638099,13.070389,50.0,4833501.277,2364361.894
PF12/0038/D007,AN,43.640672,13.060054,20.0,4833806.521,2363534.895
PF02/0039/D007,AN,43.63607,13.091365,12.0,4833236.85,2366048.74
PF05/0039/D007,AN,43.637766,13.08162,21.0,4833443.339,2365266.954
PF01/0040/D007,AN,43.634174,13.001211,50.0,4833197.52,2358771.223
PF02/0040/D007,AN,43.636318,13.003837,50.0,4833430.46,2358988.837
PF03/0040/D007,AN,43.63631,13.01133,12.0,4833415.15,2359593.27
PF05/0040/D007,AN,43.637998,13.004853,21.0,4833615.16,2359075.231
PF02/0041/D007,AN,43.633939,13.032072,12.0,4833111.9,2361260.19
PF03/0041/D007,AN,43.636249,13.031769,50.0,4833368.972,2361241.81
PF04/0041/D007,AN,43.634071,13.037657,50.0,4833115.822,2361711.037
PF05/0041/D007,AN,43.639772,13.029581,12.0,4833764.5,2361074.58
PF07/0041/D007,AN,43.635695,13.042671,50.0,4833286.681,2362119.779
PF09/0041/D007,AN,43.635644,13.025989,21.0,4833312.954,2360773.924
PF01/0042/D007,AN,43.626294,13.044076,50.0,4832239.912,2362208.49
PF02/0042/D007,AN,43.628928,13.041891,50.0,4832536.633,2362039.092
PF03/0042/D007,AN,43.633506,13.043122,50.0,4833042.731,2362150.411
PF04/0042/D007,AN,43.63042,13.037819,12.0,4832710.09,2361714.55
PF05/0042/D007,AN,43.628947,13.045261,21.0,4832532.246,2362311.018
PF01/0043/D007,AN,43.627267,13.050356,50.0,4832336.075,2362717.704
PF03/0043/D007,AN,43.63037,13.056657,50.0,4832668.736,2363234.099
PF05/0043/D007,AN,43.62533,13.048559,50.0,4832124.329,2362567.703
PF08/0043/D007,AN,43.631299,13.046708,50.0,4832790.728,2362433.909
PF09/0043/D007,AN,43.629865,13.053156,21.0,4832619.242,2362950.346
PF01/0044/D007,AN,43.630877,13.06437,50.0,4832710.569,2363857.691
PF02/0044/D007,AN,43.632922,13.06466,50.0,4832937.105,2363886.389
PF03/0044/D007,AN,43.631176,13.059634,50.0,4832752.699,2363476.405
PF11/0044/D007,AN,43.635474,13.059996,50.0,4833229.346,2363516.728
PF12/0044/D007,AN,43.635896,13.056674,50.0,4833282.43,2363249.915
PF13/0044/D007,AN,43.637153,13.059878,21.0,4833416.007,2363511.562
PF07/0045/D007,AN,43.635562,13.081031,50.0,4833199.66,2365213.841
PF08/0045/D007,AN,43.631128,13.077574,21.0,4832713.624,2364923.509
PF01/0046/D007,AN,43.630364,13.082248,50.0,4832620.078,2365298.658
PF02/0046/D007,AN,43.631715,13.094565,50.0,4832747.193,2366295.756
PF04/0046/D007,AN,43.633005,13.088352,50.0,4832902.033,2365797.813
PF05/0046/D007,AN,43.634933,13.085128,50.0,4833122.117,2365542.706
PF06/0046/D007,AN,43.6288,13.088054,21.0,4832435.539,2365763.012
PF05/0047/D007,AN,43.62389,13.017744,50.0,4832023.302,2360077.673
PF06/0047/D007,AN,43.630976,13.011314,21.0,4832822.743,2359577.713
PF02/0048/D007,AN,43.623016,13.033486,50.0,4831895.97,2361345.517
PF04/0048/D007,AN,43.629172,13.017695,12.0,4832610.02,2360087.74
PF05/0048/D007,AN,43.62853,13.02599,12.0,4832522.75,2360755.23
PF06/0048/D007,AN,43.621336,13.027383,21.0,4831721.134,2360848.609
PF01/0049/D007,AN,43.622225,13.038109,50.0,4831799.347,2361716.396
PF03/0049/D007,AN,43.623545,13.045269,20.0,4831932.357,2362297.538
PF01/0050/D007,AN,43.61583,13.020077,50.0,4831123.599,2360244.593
PF02/0050/D007,AN,43.624075,13.010834,50.0,4832057.166,2359520.669
PF05/0050/D007,AN,43.640672,13.060054,21.0,4833806.521,2363534.895
PF05/0051/D007,AN,43.619653,13.031477,50.0,4831526.339,2361174.571
PF07/0051/D007,AN,43.621522,13.024644,50.0,4831747.033,2360628.132
PF08/0051/D007,AN,43.612988,13.037039,20.0,4830775.487,2361605.793
PF02/0052/D007,AN,43.621321,13.021778,50.0,4831730.202,2360396.381
PF03/0052/D007,AN,43.61288,13.025747,50.0,4830785.064,2360694.319
PF05/0052/D007,AN,43.612232,13.035235,21.0,4830694.963,2361458.228
PF06/0053/D007,AN,43.611469,13.022676,21.0,4830634.27,2360442.719
PF07/0053/D007,AN,43.606147,13.022484,21.0,4830043.541,2360413.148
PF01/0001/D211,AN,43.464453,13.065216,50.0,4814225.174,2363495.727
PF03/0001/D211,AN,43.46357,13.082465,50.0,4814094.851,2364888.788
PF04/0001/D211,AN,43.466147,13.077947,50.0,4814389.416,2364529.952
PF05/0001/D211,AN,43.466724,13.070773,50.0,4814466.938,2363951.055
PF06/0001/D211,AN,43.464945,13.068714,50.0,4814273.23,2363779.898
PF07/0001/D211,AN,43.462222,13.068778,12.0,4813970.72,2363778.13
PF08/0001/D211,AN,43.469682,13.078535,50.0,4814780.902,2364586.536
PF09/0001/D211,AN,43.467632,13.083083,12.0,4814544.79,2364949.21
PF10/0001/D211,AN,43.464122,13.073799,50.0,4814172.247,2364189.151
PF01/0002/D211,AN,43.463915,13.091578,50.0,4814116.175,2365626.897
PF05/0002/D211,AN,43.462569,13.096683,50.0,4813957.208,2366036.432
PF06/0002/D211,AN,43.461806,13.102824,50.0,4813861.201,2366531.282
PF08/0002/D211,AN,43.465335,13.087722,12.0,4814281.07,2365318.58
PF09/0002/D211,AN,43.462107,13.086174,8.0,4813925.38,2365185.11
PF10/0002/D211,AN,43.463758,13.094445,50.0,4814093.426,2365858.447
PF11/0002/D211,AN,43.463364,13.088494,50.0,4814060.649,2365375.997
PF01/0003/D211,AN,43.45198,13.112383,50.0,4812752.303,2367279.918
PF02/0003/D211,AN,43.449985,13.114986,12.0,4812525.91,2367485.49
PF06/0003/D211,AN,43.46148,13.10954,12.0,4813812.57,2367073.85
PF07/0003/D211,AN,43.462927,13.111775,50.0,4813969.155,2367258.271
PF08/0003/D211,AN,43.463743,13.116176,50.0,4814051.757,2367616.323
PF11/0003/D211,AN,43.459913,13.102878,50.0,4813650.792,2366530.906
PF12/0003/D211,AN,43.454369,13.115533,50.0,4813011.877,2367540.78
PF13/0003/D211,AN,43.462201,13.106763,50.0,4813897.794,2366850.975
PF14/0003/D211,AN,43.453949,13.107675,50.0,4812979.607,2366903.913
PF15/0003/D211,AN,43.457126,13.107115,50.0,4813333.498,2366866.626
PF16/0003/D211,AN,43.458637,13.112392,50.0,4813491.625,2367297.405
PF17/0003/D211,AN,43.460794,13.112598,50.0,4813730.742,2367319.473
PF01/0004/D211,AN,43.464352,13.123504,50.0,4814105.961,2368210.702
PF03/0004/D211,AN,43.459537,13.120354,50.0,4813576.948,2367943.755
PF05/0004/D211,AN,43.456841,13.117175,50.0,4813283.386,2367679.806
PF06/0004/D211,AN,43.45857,13.115862,50.0,4813477.794,2367577.92
PF07/0004/D211,AN,43.457522,13.119909,50.0,4813354.032,2367902.707
PF08/0004/D211,AN,43.453999,13.117154,12.0,4812967.81,2367671.03
PF09/0004/D211,AN,43.455779,13.121643,50.0,4813157.308,2368038.629
PF10/0004/D211,AN,43.461424,13.121743,10.0,4813783.98,2368060.87
PF11/0004/D211,AN,43.467058,13.12214,50.0,4814408.973,2368107.093
PF12/0004/D211,AN,43.46033,13.117426,12.0,4813670.43,2367708.89
PF01/0005/D211,AN,43.46212,13.133892,50.0,4813839.205,2369045.445
PF03/0005/D211,AN,43.46718,13.129059,50.0,4814409.924,2368667.126
PF05/0005/D211,AN,43.463659,13.1364,50.0,4814005.619,2369252.213
PF06/0005/D211,AN,43.466112,13.136849,50.0,4814277.17,2369294.585
PF07/0005/D211,AN,43.461011,13.137649,50.0,4813709.222,2369346.667
PF08/0005/D211,AN,43.465986,13.133007,12.0,4814270.15,2368983.53
PF09/0005/D211,AN,43.464801,13.140799,50.0,4814124.522,2369610.858
PF01/0006/D211,AN,43.466324,13.142824,12.0,4814289.99,2369778.48
PF02/0006/D211,AN,43.46789,13.145576,50.0,4814458.975,2370004.934
PF03/0006/D211,AN,43.465228,13.143337,50.0,4814167.362,2369817.248
PF04/0006/D211,AN,43.463081,13.142578,50.0,4813930.189,2369750.552
PF05/0006/D211,AN,43.462397,13.149474,50.0,4813841.89,2370306.763
PF06/0006/D211,AN,43.458945,13.140991,50.0,4813473.737,2369611.921
PF07/0006/D211,AN,43.461015,13.143926,50.0,4813698.337,2369854.463
PF01/0007/D211,AN,43.466865,13.162811,50.0,4814314.134,2371396.625
PF02/0007/D211,AN,43.470459,13.160892,12.0,4814716.71,2371250.18
PF03/0007/D211,AN,43.470286,13.164806,50.0,4814690.519,2371566.401
PF04/0007/D211,AN,43.468146,13.165709,50.0,4814451.274,2371634.183
PF05/0007/D211,AN,43.472558,13.162747,50.0,4814946.518,2371405.405
PF06/0007/D211,AN,43.470792,13.157674,50.0,4814759.456,2370990.753
PF07/0007/D211,AN,43.46481,13.154323,50.0,4814101.095,2370704.956
PF08/0007/D211,AN,43.468897,13.149331,12.0,4814564.06,2370311.18
PF02/0008/D211,AN,43.477107,13.173716,50.0,4815432.314,2372303.669
PF03/0008/D211,AN,43.479015,13.175143,50.0,4815641.677,2372423.773
PF04/0008/D211,AN,43.475278,13.171358,50.0,4815233.366,2372108.521
PF01/0009/D211,AN,43.457363,13.074213,50.0,4813420.874,2364205.302
PF02/0009/D211,AN,43.458958,13.088948,50.0,4813570.503,2365401.513
PF04/0009/D211,AN,43.459766,13.084064,50.0,4813669.299,2365008.455
PF05/0009/D211,AN,43.45826,13.08046,50.0,4813508.818,2364713.003
PF07/0009/D211,AN,43.462717,13.076314,50.0,4814011.593,2364388.993
PF08/0009/D211,AN,43.462878,13.079516,12.0,4814023.4,2364648.47
PF09/0009/D211,AN,43.459649,13.076958,50.0,4813669.645,2364433.273
PF10/0009/D211,AN,43.455076,13.079709,50.0,4813156.568,2364644.111
PF11/0009/D211,AN,43.462177,13.073583,50.0,4813956.674,2364166.698
PF12/0009/D211,AN,43.460534,13.070688,50.0,4813779.572,2363928.293
PF01/0010/D211,AN,43.453649,13.084198,50.0,4812989.741,2365003.628
PF02/0010/D211,AN,43.460408,13.095026,50.0,4813720.34,2365896.877
PF03/0010/D211,AN,43.462573,13.09595,50.0,4813958.98,2365977.15
PF04/0010/D211,AN,43.456257,13.091512,50.0,4813265.741,2365602.022
PF05/0010/D211,AN,43.451987,13.08854,12.0,4812797.09,2365350.7
PF01/0011/D211,AN,43.453138,13.100172,50.0,4812903.367,2366294.833
PF03/0011/D211,AN,43.451229,13.093159,50.0,4812704.295,2365722.529
PF04/0011/D211,AN,43.44965,13.097751,50.0,4812520.41,2366090.061
PF06/0011/D211,AN,43.455372,13.101464,12.0,4813149.12,2366404.98
PF07/0011/D211,AN,43.456595,13.096833,12.0,4813293.49,2366033.4
PF08/0011/D211,AN,43.46002,13.099874,50.0,4813668.182,2366288.149
PF09/0011/D211,AN,43.451939,13.097074,8.0,4812775.91,2366041.1
PF10/0011/D211,AN,43.455341,13.104447,50.0,4813140.182,2366646.268
PF11/0011/D211,AN,43.457273,13.103752,50.0,4813355.951,2366594.884
PF12/0011/D211,AN,43.452,13.103918,50.0,4812770.049,2366595.058
PF05/0012/D211,AN,43.449409,13.110266,50.0,4812470.625,2367102.087
PF06/0012/D211,AN,43.449731,13.113626,50.0,4812500.252,2367374.842
PF09/0012/D211,AN,43.444298,13.112349,50.0,4811899.106,2367257.836
PF10/0012/D211,AN,43.448145,13.119612,12.0,4812313.07,2367855.21
PF11/0012/D211,AN,43.450386,13.117398,50.0,4812566.075,2367681.658
PF12/0012/D211,AN,43.450047,13.121591,50.0,4812520.697,2368020.062
PF13/0012/D211,AN,43.44769,13.116534,12.0,4812268.22,2367604.96
PF15/0012/D211,AN,43.447075,13.113762,50.0,4812204.928,2367379.123
PF16/0012/D211,AN,43.446125,13.110853,50.0,4812104.817,2367141.359
PF01/0013/D211,AN,43.451479,13.125113,50.0,4812673.327,2368308.633
PF03/0013/D211,AN,43.45157,13.128309,50.0,4812677.627,2368567.439
PF05/0013/D211,AN,43.457232,13.127902,50.0,4813307.205,2368548.651
PF06/0013/D211,AN,43.459752,13.130383,50.0,4813582.617,2368755.673
PF07/0013/D211,AN,43.453866,13.132289,50.0,4812925.451,2368895.252
PF08/0013/D211,AN,43.456733,13.133175,50.0,4813242.209,2368974.08
PF10/0013/D211,AN,43.456194,13.124429,50.0,4813198.225,2368265.102
PF12/0013/D211,AN,43.453719,13.127986,50.0,4812916.95,2368546.697
PF01/0014/D211,AN,43.453212,13.139422,50.0,4812839.879,2369470.731
PF02/0014/D211,AN,43.452376,13.135795,8.0,4812753.62,2369175.22
PF05/0014/D211,AN,43.455088,13.134656,50.0,4813056.86,2369089.796
PF06/0014/D211,AN,43.458028,13.144781,12.0,4813365.07,2369916.28
PF07/0014/D211,AN,43.455755,13.143765,50.0,4813114.496,2369828.462
PF08/0014/D211,AN,43.452718,13.149989,50.0,4812765.97,2370324.538
PF09/0014/D211,AN,43.457662,13.136681,50.0,4813339.065,2369259.983
PF10/0014/D211,AN,43.453384,13.152643,50.0,4812835.098,2370540.899
PF01/0015/D211,AN,43.445567,13.097882,50.0,4812066.737,2366090.33
PF02/0015/D211,AN,43.44473,13.094719,50.0,4811979.578,2365832.196
PF04/0015/D211,AN,43.446314,13.093524,50.0,4812157.731,2365739.565
PF05/0015/D211,AN,43.449452,13.09243,50.0,4812508.26,2365659.016
PF06/0015/D211,AN,43.448296,13.096788,50.0,4812371.865,2366008.694
PF07/0015/D211,AN,43.450141,13.100371,50.0,4812570.121,2366303.285
PF08/0015/D211,AN,43.450333,13.103929,50.0,4812584.889,2366591.73
PF09/0015/D211,AN,43.449064,13.10707,50.0,4812438.137,2366842.626
PF10/0015/D211,AN,43.447237,13.105147,50.0,4812238.778,2366682.429
PF11/0015/D211,AN,43.44466,13.106262,50.0,4811950.537,2366766.149
PF15/0015/D211,AN,43.45168,13.108422,50.0,4812726.212,2366958.611
PF16/0015/D211,AN,43.447071,13.090393,50.0,4812247.621,2365488.156
PF17/0015/D211,AN,43.450218,13.087327,50.0,4812602.868,2365248.033
PF18/0015/D211,AN,43.445755,13.101809,50.0,4812080.366,2366408.548
PF01/0016/D211,AN,43.445211,13.113152,50.0,4811999.067,2367325.043
PF02/0016/D211,AN,43.446219,13.117036,8.0,4812103.92,2367641.92
PF03/0016/D211,AN,43.446025,13.116466,3.0,4812083.38,2367595.33
PF04/0016/D211,AN,43.44658,13.118956,20.0,4812140.5,2367798.208
PF05/0016/D211,AN,43.444616,13.115821,12.0,4811928.09,2367539.54
PF06/0016/D211,AN,43.446569,13.114314,12.0,4812147.76,2367422.49
PF04/0017/D211,AN,43.451994,13.135103,50.0,4812712.379,2369118.244
PF05/0017/D211,AN,43.451901,13.131955,50.0,4812707.739,2368863.306
PF06/0017/D211,AN,43.449078,13.132422,12.0,4812393.44,2368894.1
PF09/0017/D211,AN,43.446765,13.131955,50.0,4812137.384,2368850.525
PF10/0017/D211,AN,43.446225,13.137241,50.0,4812067.823,2369276.92
PF11/0017/D211,AN,43.445838,13.125533,12.0,4812046.08,2368328.53
PF12/0017/D211,AN,43.445851,13.12294,12.0,4812052.26,2368118.73
PF13/0017/D211,AN,43.449295,13.129505,12.0,4812422.84,2368658.6
PF14/0017/D211,AN,43.449051,13.126375,50.0,4812401.443,2368404.733
PF01/0018/D211,AN,43.444985,13.142088,50.0,4811921.348,2369666.033
PF02/0018/D211,AN,43.44958,13.15233,50.0,4812413.224,2370506.183
PF03/0018/D211,AN,43.450469,13.148532,50.0,4812518.791,2370201.043
PF04/0018/D211,AN,43.449975,13.139022,50.0,4812481.021,2369430.346
PF05/0018/D211,AN,43.443019,13.138329,50.0,4811709.734,2369356.957
PF01/0019/D211,AN,43.438045,13.096943,50.0,4811233.086,2365995.248
PF02/0019/D211,AN,43.440889,13.104488,50.0,4811535.04,2366613.037
PF03/0019/D211,AN,43.440836,13.108988,50.0,4811520.806,2366977.112
PF04/0019/D211,AN,43.439198,13.093818,50.0,4811366.91,2365745.274
PF05/0019/D211,AN,43.440895,13.097615,12.0,4811548.36,2366056.87
PF06/0019/D211,AN,43.444542,13.109272,50.0,4811931.878,2367009.413
PF07/0019/D211,AN,43.442519,13.10684,50.0,4811711.636,2366807.523
PF01/0020/D211,AN,43.434489,13.106232,50.0,4810821.01,2366738.054
PF02/0020/D211,AN,43.437195,13.110394,8.0,4811113.89,2367081.67
PF03/0020/D211,AN,43.437073,13.106982,50.0,4811106.617,2366805.231
PF04/0020/D211,AN,43.43867,13.103004,50.0,4811291.241,2366487.308
PF02/0021/D211,AN,43.430537,13.11168,50.0,4810372.057,2367168.996
PF05/0021/D211,AN,43.434471,13.118167,50.0,4810797.04,2367703.922
PF06/0021/D211,AN,43.435921,13.121952,50.0,4810951.252,2368013.961
PF07/0021/D211,AN,43.43631,13.117388,50.0,4811002.753,2367645.506
PF08/0021/D211,AN,43.43825,13.115298,50.0,4811222.07,2367481.206
PF09/0021/D211,AN,43.443327,13.117593,12.0,4811781.65,2367679.73
PF10/0021/D211,AN,43.442805,13.116768,50.0,4811725.288,2367611.659
PF11/0021/D211,AN,43.441125,13.11344,50.0,4811544.778,2367338.071
PF12/0021/D211,AN,43.43965,13.116985,50.0,4811374.392,2367621.315
PF13/0021/D211,AN,43.432048,13.11882,50.0,4810526.836,2367750.731
PF14/0021/D211,AN,43.443531,13.121107,50.0,4811797.956,2367964.584
PF15/0021/D211,AN,43.440908,13.120571,50.0,4811507.65,2367914.646
PF16/0021/D211,AN,43.432915,13.114177,10.0,4810631.542,2367377.123
PF01/0022/D211,AN,43.439798,13.124,50.0,4811378.088,2368189.345
PF02/0022/D211,AN,43.436743,13.134303,8.0,4811020.06,2369015.58
PF03/0022/D211,AN,43.440834,13.127198,50.0,4811487.316,2368450.749
PF04/0022/D211,AN,43.439771,13.13479,50.0,4811355.435,2369062.551
PF05/0022/D211,AN,43.436982,13.128795,50.0,4811056.626,2368570.392
PF01/0023/D211,AN,43.434915,13.144094,50.0,4810799.349,2369803.503
PF02/0023/D211,AN,43.428337,13.139229,50.0,4810077.56,2369393.356
PF03/0023/D211,AN,43.439893,13.141163,12.0,4811357.52,2369578.57
PF05/0023/D211,AN,43.443276,13.148204,50.0,4811720.527,2370156.74
PF06/0023/D211,AN,43.440988,13.15025,50.0,4811462.745,2370316.677
PF01/0024/D211,AN,43.428712,13.129123,50.0,4810137.557,2368576.344
PF02/0024/D211,AN,43.432797,13.128042,8.0,4810593.2,2368499.02
PF03/0024/D211,AN,43.429126,13.136692,50.0,4810169.706,2369190.04
PF04/0024/D211,AN,43.426553,13.137687,50.0,4809882.215,2369264.135
PF05/0024/D211,AN,43.426528,13.141503,50.0,4809872.57,2369572.984
PF06/0024/D211,AN,43.42938,13.124522,50.0,4810220.036,2368205.566
PF07/0024/D211,AN,43.432654,13.121975,50.0,4810588.301,2368007.629
PF09/0024/D211,AN,43.428204,13.132748,50.0,4810074.515,2368868.44
PF11/0024/D211,AN,43.434121,13.134876,50.0,4810727.764,2369055.409
PF01/0025/D211,AN,43.424794,13.139668,50.0,4809683.3,2369420.173
PF02/0025/D211,AN,43.428331,13.148511,50.0,4810060.124,2370144.693
PF03/0025/D211,AN,43.43297,13.146743,12.0,4810578.55,2370013.03
PF05/0025/D211,AN,43.423762,13.143963,50.0,4809560.882,2369765.272
PF07/0025/D211,AN,43.421834,13.14353,50.0,4809347.551,2369725.453
PF03/0026/D211,AN,43.424286,13.138318,8.0,4809629.27,2369309.6
PF04/0026/D211,AN,43.418468,13.141161,50.0,4808977.929,2369525.358
PF05/0026/D211,AN,43.425259,13.134819,50.0,4809743.684,2369028.809
PF07/0026/D211,AN,43.423278,13.133356,50.0,4809526.268,2368905.433
PF08/0026/D211,AN,43.418607,13.147547,50.0,4808981.925,2370042.672
PF01/0001/D451,AN,43.424755,12.998812,10.0,4809943.179,2358017.899
PF03/0001/D451,AN,43.424762,12.995169,50.0,4809950.994,2357723.029
PF04/0001/D451,AN,43.422188,12.997946,50.0,4809659.793,2357941.008
PF01/0003/D451,AN,43.402793,12.989755,50.0,4807521.677,2357225.906
PF02/0003/D451,AN,43.406363,12.988983,50.0,4807919.727,2357172.944
PF03/0003/D451,AN,43.404935,12.989706,50.0,4807759.641,2357227.719
PF01/0004/D451,AN,43.402824,13.006315,50.0,4807492.927,2358567.031
PF02/0004/D451,AN,43.405515,13.006682,50.0,4807791.052,2358603.836
PF03/0004/D451,AN,43.405844,13.001079,50.0,4807838.516,2358151.04
PF04/0004/D451,AN,43.412356,13.010805,50.0,4808542.879,2358955.887
PF01/0005/D451,AN,43.412982,13.013198,50.0,4808607.75,2359151.265
PF03/0005/D451,AN,43.426064,13.017259,12.0,4810052.866,2359514.655
PF04/0005/D451,AN,43.413344,13.013919,50.0,4808646.579,2359210.601
PF05/0005/D451,AN,43.420354,13.012141,50.0,4809428.54,2359085.195
PF01/0006/D451,AN,43.42142,13.036084,50.0,4809501.022,2361026.364
PF03/0006/D451,AN,43.416865,13.040865,50.0,4808985.999,2361401.488
PF05/0006/D451,AN,43.413674,13.041553,50.0,4808630.286,2361448.834
PF06/0006/D451,AN,43.414953,13.04327,50.0,4808769.047,2361591.189
PF07/0006/D451,AN,43.417922,13.038943,50.0,4809107.067,2361248.596
PF09/0006/D451,AN,43.419782,13.032437,50.0,4809325.987,2360726.75
PF10/0006/D451,AN,43.41981,13.03978,50.0,4809315.138,2361321.301
PF04/0007/D451,AN,43.392618,12.997951,50.0,4806375.686,2357862.475
PF05/0007/D451,AN,43.396897,13.000759,50.0,4806845.409,2358101.301
PF06/0007/D451,AN,43.401969,13.00511,50.0,4807400.28,2358467.155
PF01/0008/D451,AN,43.402099,13.005805,50.0,4807413.369,2358523.819
PF03/0008/D451,AN,43.403185,13.007199,50.0,4807531.317,2358639.515
PF04/0008/D451,AN,43.403231,13.008094,50.0,4807534.661,2358712.184
PF01/0009/D451,AN,43.405164,13.019997,12.0,4807726.374,2359681.12
PF02/0009/D451,AN,43.405042,13.013645,8.0,4807725.055,2359166.458
PF03/0009/D451,AN,43.401888,13.011196,50.0,4807379.485,2358959.782
PF01/0010/D451,AN,43.406864,13.030604,50.0,4807894.82,2360544.505
PF04/0010/D451,AN,43.408361,13.032059,50.0,4808058.265,2360666.262
PF05/0010/D451,AN,43.402516,13.025411,12.0,4807421.916,2360112.552
PF06/0010/D451,AN,43.399584,13.027769,10.0,4807091.765,2360295.793
PF02/0011/D451,AN,43.41041,13.033309,8.0,4808283.502,2360772.793
PF03/0011/D451,AN,43.400009,13.033709,50.0,4807127.595,2360777.948
PF01/0012/D451,AN,43.40374,13.044349,50.0,4807521.709,2361649.351
PF02/0012/D451,AN,43.408314,13.048227,50.0,4808022.319,2361975.243
PF03/0012/D451,AN,43.406595,13.048861,50.0,4807830.218,2362022.079
PF04/0012/D451,AN,43.410684,13.043876,50.0,4808293.813,2361629.101
PF05/0012/D451,AN,43.414383,13.045633,50.0,4808701.221,2361780.982
PF06/0012/D451,AN,43.412386,13.049155,50.0,4808472.835,2362060.964
PF01/0013/D451,AN,43.36853,12.766486,12.0,4804176.63,2339043.99
PF01/0014/D451,AN,43.371737,12.781036,12.0,4804501.38,2340232.34
PF01/0015/D451,AN,43.374154,12.78939,50.0,4804751.81,2340916.33
PF02/0015/D451,AN,43.372298,12.789837,50.0,4804544.695,2340947.024
PF03/0015/D451,AN,43.37402,12.79193,50.0,4804731.54,2341121.68
PF04/0015/D451,AN,43.369732,12.790609,50.0,4804258.12,2341002.05
PF05/0015/D451,AN,43.377052,12.78997,12.0,4805072.46,2340971.79
PF06/0015/D451,AN,43.373852,12.794791,50.0,4804706.723,2341353.006
PF01/0016/D451,AN,43.376578,12.807489,10.0,4804982.352,2342389.719
PF01/0017/D451,AN,43.370471,12.82033,50.0,4804276.819,2343412.3
PF03/0017/D451,AN,43.375594,12.832522,50.0,4804820.062,2344414.866
PF06/0017/D451,AN,43.37273,12.829071,50.0,4804509.19,2344127.028
PF07/0017/D451,AN,43.372256,12.825066,50.0,4804465.053,2343801.152
PF10/0017/D451,AN,43.368371,12.822759,50.0,4804038.462,2343602.951
PF11/0017/D451,AN,43.376047,12.822237,50.0,4804892.018,2343582.921
PF01/0018/D451,AN,43.37398,12.834662,10.0,4804636.214,2344583.566
PF03/0018/D451,AN,43.374456,12.835686,50.0,4804687.011,2344667.94
PF05/0018/D451,AN,43.365228,12.841627,10.0,4803649.59,2345122.702
PF01/0019/D451,AN,43.375101,12.848527,50.0,4804731.646,2345710.125
PF04/0019/D451,AN,43.374217,12.855606,50.0,4804618.732,2346281.111
PF06/0019/D451,AN,43.376754,12.840909,50.0,4804931.211,2345097.722
PF07/0019/D451,AN,43.379029,12.849039,50.0,4805166.917,2345762.855
PF08/0019/D451,AN,43.378554,12.853666,50.0,4805104.418,2346136.308
PF04/0020/D451,AN,43.391479,12.853059,50.0,4806541.161,2346124.116
PF07/0020/D451,AN,43.382797,12.853406,50.0,4805576.276,2346127.404
PF08/0020/D451,AN,43.386333,12.853996,50.0,4805967.72,2346185.334
PF09/0020/D451,AN,43.388171,12.85401,50.0,4806171.845,2346191.658
PF10/0020/D451,AN,43.384594,12.852777,50.0,4805777.18,2346081.56
PF13/0020/D451,AN,43.389346,12.854055,50.0,4806302.188,2346198.657
PF14/0020/D451,AN,43.393261,12.850649,50.0,4806744.199,2345934.07
PF15/0020/D451,AN,43.383797,12.848444,50.0,4805697.706,2345728.309
PF05/0021/D451,AN,43.379445,12.861437,50.0,4805187.26,2346768.398
PF06/0021/D451,AN,43.387237,12.858909,50.0,4806057.878,2346585.805
PF07/0021/D451,AN,43.379896,12.864733,50.0,4805230.505,2347036.731
PF08/0021/D451,AN,43.380155,12.867301,50.0,4805253.966,2347245.501
PF09/0021/D451,AN,43.383339,12.866431,50.0,4805609.366,2347184.069
PF01/0022/D451,AN,43.384299,12.873944,50.0,4805700.411,2347795.343
PF02/0022/D451,AN,43.382077,12.883993,50.0,4805432.911,2348603.094
PF03/0022/D451,AN,43.375497,12.881803,50.0,4804706.601,2348407.088
PF04/0022/D451,AN,43.384489,12.880524,50.0,4805707.975,2348328.908
PF01/0023/D451,AN,43.386333,12.883937,50.0,4805905.744,2348610.562
PF02/0023/D451,AN,43.38514,12.89518,8.0,4805750.222,2349517.883
PF01/0024/D451,AN,43.376113,12.894923,50.0,4804748.142,2349471.744
PF02/0024/D451,AN,43.378658,12.89825,50.0,4805024.017,2349748.392
PF03/0024/D451,AN,43.381606,12.891131,50.0,4805365.966,2349179.99
PF06/0024/D451,AN,43.379159,12.891606,50.0,4805093.244,2349211.614
PF07/0024/D451,AN,43.376431,12.898904,50.0,4804775.375,2349795.17
PF08/0024/D451,AN,43.382904,12.888322,50.0,4805515.835,2348956.04
PF01/0025/D451,AN,43.383911,12.91766,10.0,4805567.902,2351335.38
PF01/0026/D451,AN,43.387429,12.937396,10.0,4805918.903,2352943.717
PF02/0026/D451,AN,43.387304,12.932625,10.0,4805914.647,2352556.945
PF03/0027/D451,AN,43.387085,12.950262,50.0,4805854.997,2353984.98
PF04/0027/D451,AN,43.385616,12.950015,50.0,4805692.344,2353960.903
PF01/0028/D451,AN,43.387508,12.96253,12.0,4805877.583,2354979.779
PF01/0029/D451,AN,43.387046,12.997197,12.0,4805758.252,2357786.574
PF01/0030/D451,AN,43.399912,13.008138,12.0,4807165.976,2358706.931
PF03/0030/D451,AN,43.401606,13.006871,10.0,4807356.549,2358608.775
PF01/0031/D451,AN,43.39625,13.025461,50.0,4806725.855,2360100.08
PF05/0031/D451,AN,43.393213,13.027071,50.0,4806385.532,2360222.552
PF06/0031/D451,AN,43.390868,13.024939,50.0,4806129.151,2360043.653
PF01/0032/D451,AN,43.39223,13.033552,50.0,4806263.958,2360744.832
PF02/0032/D451,AN,43.393513,13.034381,50.0,4806404.773,2360815.363
PF03/0032/D451,AN,43.391307,13.036287,50.0,4806156.189,2360963.973
PF04/0032/D451,AN,43.397007,13.039044,50.0,4806784.002,2361202.134
PF05/0032/D451,AN,43.399549,13.03181,50.0,4807080.141,2360622.954
PF06/0032/D451,AN,43.388589,13.038912,50.0,4805849.287,2361169.473
PF07/0032/D451,AN,43.388217,13.04077,10.0,4805804.471,2361318.942
PF08/0032/D451,AN,43.389324,13.03387,50.0,4805940.55,2360762.955
PF09/0032/D451,AN,43.395795,13.03311,50.0,4806660.69,2360718.43
PF10/0032/D451,AN,43.388806,13.040395,50.0,4805870.571,2361290.129
PF01/0033/D451,AN,43.400675,13.045622,50.0,4807178.815,2361744.408
PF02/0033/D451,AN,43.397826,13.048619,50.0,4806856.721,2361979.709
PF03/0033/D451,AN,43.399031,13.052013,50.0,4806984.125,2362257.717
PF04/0033/D451,AN,43.395913,13.047438,50.0,4806646.474,2361879.082
PF05/0033/D451,AN,43.396817,13.051726,50.0,4806738.779,2362228.743
PF01/0034/D451,AN,43.353292,12.779529,10.0,4802456.128,2340055.667
PF01/0035/D451,AN,43.358955,12.791554,10.0,4803059.129,2341046.889
PF01/0036/D451,AN,43.363867,12.797384,50.0,4803592.211,2341533.771
PF02/0036/D451,AN,43.368216,12.795196,50.0,4804079.893,2341369.263
PF03/0036/D451,AN,43.366136,12.79813,50.0,4803842.562,2341600.838
PF04/0036/D451,AN,43.368789,12.797538,50.0,4804138.536,2341560.668
PF01/0037/D451,AN,43.365866,12.81522,50.0,4803776.237,2342984.873
PF02/0037/D451,AN,43.364408,12.8006,50.0,4803645.386,2341795.99
PF03/0037/D451,AN,43.36458,12.805839,50.0,4803653.371,2342221.006
PF04/0037/D451,AN,43.364363,12.813579,50.0,4803612.713,2342847.547
PF05/0037/D451,AN,43.366082,12.812177,50.0,4803806.607,2342738.953
PF01/0038/D451,AN,43.354984,12.815798,50.0,4802566.397,2342999.998
PF02/0038/D451,AN,43.362489,12.822989,50.0,4803384.636,2343604.606
PF03/0038/D451,AN,43.356012,12.822361,50.0,4802666.626,2343534.87
PF04/0038/D451,AN,43.357323,12.823994,50.0,4802808.834,2343671.051
PF01/0039/D451,AN,43.358963,12.850267,50.0,4802935.684,2345804.889
PF02/0039/D451,AN,43.369426,12.849727,50.0,4804098.915,2345791.041
PF03/0039/D451,AN,43.363908,12.85476,50.0,4803475.511,2346183.081
PF04/0039/D451,AN,43.371953,12.851075,50.0,4804376.691,2345907.557
PF01/0040/D451,AN,43.373224,12.860308,50.0,4804498.711,2346659.239
PF05/0040/D451,AN,43.375718,12.862768,50.0,4804770.544,2346865.64
PF06/0040/D451,AN,43.377762,12.862333,50.0,4804998.418,2346836.2
PF07/0040/D451,AN,43.375181,12.871938,50.0,4804691.875,2347607.01
PF08/0040/D451,AN,43.369884,12.870117,10.0,4804107.347,2347444.456
PF02/0041/D451,AN,43.369833,12.908106,50.0,4804023.824,2350522.248
PF04/0041/D451,AN,43.371331,12.915882,10.0,4804174.36,2351156.428
PF05/0041/D451,AN,43.36544,12.911619,50.0,4803528.764,2350794.706
PF03/0042/D451,AN,43.375037,12.9167,50.0,4804584.365,2351232.999
PF04/0042/D451,AN,43.37728,12.927048,50.0,4804812.523,2352077.561
PF05/0042/D451,AN,43.377138,12.921614,50.0,4804807.727,2351636.896
PF01/0043/D451,AN,43.374337,12.943818,50.0,4804452.036,2353428.04
PF02/0043/D451,AN,43.376463,12.947578,50.0,4804680.672,2353738.478
PF03/0043/D451,AN,43.37448,12.941409,50.0,4804472.691,2353233.269
PF05/0044/D451,AN,43.381521,12.94075,50.0,4805256.088,2353199.182
PF06/0044/D451,AN,43.384162,12.953171,50.0,4805524.625,2354212.609
PF07/0044/D451,AN,43.384709,12.94496,50.0,4805601.657,2353548.967
PF08/0044/D451,AN,43.38588,12.953041,50.0,4805715.618,2354206.745
PF01/0045/D451,AN,43.369255,12.953631,50.0,4803868.121,2354209.214
PF02/0045/D451,AN,43.370688,12.951841,50.0,4804030.791,2354068.145
PF01/0047/D451,AN,43.38488,12.987771,10.0,4805536.094,2357017.215
PF02/0048/D451,AN,43.381275,13.000419,12.0,4805111.048,2358032.141
PF01/0049/D451,AN,43.379688,13.022369,10.0,4804892.352,2359806.048
PF02/0049/D451,AN,43.381393,13.025214,50.0,4805076.339,2360041.064
PF01/0050/D451,AN,43.381548,13.028653,10.0,4805086.928,2360320.024
PF03/0051/D451,AN,43.386718,13.043508,12.0,4805632.76,2361536.868
PF05/0051/D451,AN,43.385072,13.058023,50.0,4805422.432,2362708.291
PF06/0051/D451,AN,43.380986,13.05886,50.0,4804967.121,2362765.486
PF08/0051/D451,AN,43.380819,13.053112,10.0,4804959.42,2362299.5
PF01/0052/D451,AN,43.35327,12.779635,10.0,4802453.403,2340064.245
PF01/0053/D451,AN,43.353169,12.779557,10.0,4802442.335,2340057.621
PF01/0054/D451,AN,43.354399,12.80341,12.0,4802527.764,2341994.379
PF03/0054/D451,AN,43.359422,12.808921,50.0,4803073.89,2342455.644
PF04/0055/D451,AN,43.367028,12.826457,50.0,4803881.472,2343898.729
PF05/0055/D451,AN,43.35455,12.82877,50.0,4802490.712,2344050.069
PF06/0055/D451,AN,43.364695,12.825971,50.0,4803623.368,2343852.616
PF01/0056/D451,AN,43.361103,12.839849,50.0,4803195.181,2344966.816
PF02/0056/D451,AN,43.360946,12.844378,50.0,4803168.255,2345333.345
PF01/0057/D451,AN,43.363228,12.859301,50.0,4803390.611,2346549.101
PF04/0057/D451,AN,43.362623,12.862639,50.0,4803316.431,2346817.854
PF05/0057/D451,AN,43.360266,12.865882,50.0,4803047.95,2347073.968
PF01/0058/D451,AN,43.372988,12.879914,50.0,4804431.924,2348246.992
PF04/0058/D451,AN,43.364743,12.876375,50.0,4803523.464,2347936.908
PF05/0058/D451,AN,43.365024,12.880272,50.0,4803546.598,2348253.544
PF03/0059/D451,AN,43.367544,12.892623,50.0,4803801.207,2349261.372
PF04/0059/D451,AN,43.371191,12.894175,50.0,4804203.05,2349397.349
PF06/0059/D451,AN,43.375101,12.890709,50.0,4804644.368,2349127.49
PF04/0060/D451,AN,43.363995,12.895865,50.0,4803400.403,2349514.093
PF05/0060/D451,AN,43.368466,12.895878,50.0,4803896.886,2349527.673
PF07/0060/D451,AN,43.367104,12.899116,50.0,4803738.977,2349786.202
PF08/0060/D451,AN,43.374438,12.894503,10.0,4804563.0,2349433.0
PF01/0061/D451,AN,43.366498,12.922132,50.0,4803624.942,2351649.436
PF03/0061/D451,AN,43.373644,12.919727,50.0,4804423.444,2351474.357
PF04/0061/D451,AN,43.371793,12.929195,10.0,4804198.875,2352236.335
PF02/0062/D451,AN,43.36782,12.935431,50.0,4803745.029,2352730.704
PF03/0062/D451,AN,43.367648,12.941445,50.0,4803713.842,2353217.512
PF04/0062/D451,AN,43.371964,12.940896,50.0,4804194.369,2353184.827
PF06/0062/D451,AN,43.361809,12.943946,10.0,4803060.408,2353404.127
PF03/0063/D451,AN,43.376324,12.94833,50.0,4804663.67,2353799.059
PF04/0063/D451,AN,43.367076,12.94824,50.0,4803636.797,2353766.443
PF05/0063/D451,AN,43.371846,12.947901,50.0,4804167.233,2353752.078
PF06/0063/D451,AN,43.370396,12.95199,50.0,4803998.062,2354079.374
PF01/0064/D451,AN,43.364598,12.955638,12.0,4803346.836,2354359.184
PF01/0065/D451,AN,43.370796,12.975121,10.0,4803996.724,2355954.58
PF02/0065/D451,AN,43.364089,12.971051,12.0,4803259.835,2355606.697
PF01/0066/D451,AN,43.364095,12.993652,12.0,4803216.194,2357438.078
PF03/0066/D451,AN,43.365627,12.997213,12.0,4803379.421,2357730.695
PF01/0067/D451,AN,43.370304,13.012111,12.0,4803869.965,2358950.203
PF01/0069/D451,AN,43.379411,13.028296,10.0,4804850.311,2360285.505
PF02/0069/D451,AN,43.377169,13.025297,50.0,4804607.001,2360036.672
PF03/0069/D451,AN,43.378682,13.019505,50.0,4804786.161,2359571.43
PF01/0070/D451,AN,43.372208,13.03944,10.0,4804028.952,2361169.468
PF02/0070/D451,AN,43.380228,13.041889,50.0,4804915.03,2361388.799
PF03/0070/D451,AN,43.377701,13.040679,50.0,4804636.702,2361284.147
PF01/0071/D451,AN,43.371513,13.050065,50.0,4803931.581,2362028.426
PF02/0071/D451,AN,43.376262,13.046893,50.0,4804465.023,2361783.793
PF03/0071/D451,AN,43.379473,13.045897,50.0,4804823.632,2361711.503
PF04/0071/D451,AN,43.380147,13.047044,50.0,4804896.263,2361806.165
PF05/0071/D451,AN,43.378022,13.043395,50.0,4804667.225,2361505.001
PF06/0071/D451,AN,43.377935,13.048474,50.0,4804647.926,2361916.287
PF08/0071/D451,AN,43.374751,13.042866,12.0,4804304.909,2361453.674
PF09/0071/D451,AN,43.382893,13.044811,10.0,4805205.52,2361632.42
PF01/0072/D451,AN,43.368327,13.05354,10.0,4803571.207,2362301.775
PF01/0073/D451,AN,43.34383,12.788629,12.0,4801385.608,2340765.355
PF01/0074/D451,AN,43.3461,12.794853,10.0,4801624.336,2341276.476
PF01/0075/D451,AN,43.351495,12.809577,50.0,4802192.103,2342485.684
PF02/0075/D451,AN,43.345936,12.80083,50.0,4801593.345,2341760.505
PF03/0075/D451,AN,43.357087,12.812193,50.0,4802807.65,2342713.988
PF01/0076/D451,AN,43.353961,12.818462,50.0,4802447.161,2343212.938
PF01/0077/D451,AN,43.349064,12.837248,50.0,4801863.619,2344721.382
PF02/0077/D451,AN,43.34778,12.839345,50.0,4801716.59,2344887.594
PF03/0077/D451,AN,43.34884,12.832069,50.0,4801849.612,2344300.908
PF06/0077/D451,AN,43.350579,12.830278,50.0,4802046.586,2344160.839
PF07/0077/D451,AN,43.359474,12.83442,50.0,4803025.711,2344522.175
PF01/0078/D451,AN,43.343211,12.843598,50.0,4801200.194,2345219.243
PF04/0078/D451,AN,43.34743,12.841403,50.0,4801673.395,2345053.407
PF05/0078/D451,AN,43.346392,12.846558,50.0,4801547.307,2345468.23
PF06/0078/D451,AN,43.345248,12.848842,50.0,4801415.491,2345650.123
PF08/0078/D451,AN,43.350484,12.841117,50.0,4802013.234,2345039.013
PF11/0078/D451,AN,43.353225,12.847349,50.0,4802304.518,2345551.989
PF12/0078/D451,AN,43.345985,12.843448,50.0,4801508.677,2345215.007
PF01/0079/D451,AN,43.345392,12.852466,50.0,4801423.868,2345944.309
PF06/0079/D451,AN,43.346254,12.856216,50.0,4801511.789,2346250.716
PF09/0079/D451,AN,43.348868,12.853263,50.0,4801808.324,2346018.849
PF10/0079/D451,AN,43.345118,12.859285,50.0,4801379.244,2346496.196
PF11/0079/D451,AN,43.347076,12.852118,50.0,4801611.671,2345920.854
PF12/0079/D451,AN,43.346869,12.860507,50.0,4801571.229,2346600.261
PF02/0080/D451,AN,43.354668,12.868459,50.0,4802420.882,2347266.919
PF03/0080/D451,AN,43.353948,12.856229,50.0,4802366.316,2346273.692
PF04/0080/D451,AN,43.350238,12.862084,10.0,4801942.13,2346737.66
PF01/0081/D451,AN,43.354276,12.877263,50.0,4802359.201,2347979.283
PF02/0081/D451,AN,43.355078,12.882294,50.0,4802437.86,2348389.27
PF04/0081/D451,AN,43.357807,12.870465,10.0,4802765.4,2347438.4
PF01/0082/D451,AN,43.360633,12.878046,50.0,4803063.601,2348060.729
PF04/0082/D451,AN,43.360279,12.882914,50.0,4803014.203,2348454.241
PF05/0082/D451,AN,43.361207,12.887026,50.0,4803108.812,2348790.025
PF06/0082/D451,AN,43.363258,12.888929,50.0,4803332.736,2348949.97
PF07/0082/D451,AN,43.356988,12.892672,50.0,4802628.702,2349235.684
PF01/0083/D451,AN,43.35813,12.895,50.0,4802750.7,2349427.613
PF03/0083/D451,AN,43.356339,12.905315,50.0,4802530.841,2350258.506
PF04/0083/D451,AN,43.357642,12.899694,50.0,4802686.915,2349806.61
PF05/0083/D451,AN,43.360658,12.897655,50.0,4803026.14,2349649.838
PF07/0083/D451,AN,43.360792,12.901457,50.0,4803033.189,2349958.273
PF08/0083/D451,AN,43.359378,12.90416,50.0,4802870.629,2350173.376
PF01/0084/D451,AN,43.358115,12.913001,50.0,4802712.397,2350886.267
PF05/0084/D451,AN,43.357686,12.918027,50.0,4802654.612,2351292.399
PF06/0084/D451,AN,43.36296,12.907533,50.0,4803261.581,2350456.68
PF07/0084/D451,AN,43.359335,12.920683,50.0,4802832.401,2351512.179
PF08/0084/D451,AN,43.362305,12.910098,50.0,4803183.642,2350662.708
PF01/0085/D451,AN,43.354134,12.908044,50.0,4802280.406,2350473.524
PF02/0085/D451,AN,43.355229,12.917782,50.0,4802382.242,2351265.765
PF03/0085/D451,AN,43.356792,12.921385,50.0,4802548.479,2351562.058
PF04/0085/D451,AN,43.353782,12.922262,50.0,4802212.427,2351624.783
PF06/0085/D451,AN,43.359013,12.924699,50.0,4802788.474,2351836.726
PF01/0086/D451,AN,43.362377,12.923019,50.0,4803165.528,2351709.9
PF02/0086/D451,AN,43.359107,12.934356,50.0,4802779.536,2352619.576
PF03/0086/D451,AN,43.359744,12.927241,50.0,4802864.527,2352044.81
PF04/0086/D451,AN,43.364593,12.930865,50.0,4803395.858,2352351.795
PF01/0087/D451,AN,43.359288,12.942126,50.0,4802784.046,2353249.737
PF02/0087/D451,AN,43.361365,12.948513,50.0,4803002.019,2353773.015
PF03/0087/D451,AN,43.363958,12.952999,10.0,4803281.025,2354143.562
PF01/0088/D451,AN,43.362564,12.968735,50.0,4803094.991,2355414.922
PF02/0088/D451,AN,43.364038,12.963293,8.0,4803269.497,2354977.959
PF04/0089/D451,AN,43.368333,12.990118,50.0,4803693.74,2357163.035
PF05/0089/D451,AN,43.36409,12.993602,50.0,4803215.701,2357434.003
PF01/0090/D451,AN,43.363908,13.0297,50.0,4803125.821,2360358.57
PF02/0090/D451,AN,43.365179,13.032584,50.0,4803261.438,2360595.562
PF03/0090/D451,AN,43.367243,13.030511,50.0,4803494.653,2360432.972
PF04/0090/D451,AN,43.369834,13.027626,50.0,4803787.953,2360206.088
PF02/0091/D451,AN,43.345034,12.81009,50.0,4801473.492,2342508.441
PF03/0091/D451,AN,43.342923,12.811934,50.0,4801235.052,2342651.712
PF04/0091/D451,AN,43.339944,12.812893,50.0,4800902.24,2342720.81
PF05/0091/D451,AN,43.345839,12.811423,50.0,4801560.001,2342618.863
PF01/0092/D451,AN,43.343135,12.814272,50.0,4801253.698,2342841.894
PF02/0092/D451,AN,43.347834,12.829592,50.0,4801743.102,2344097.273
PF01/0093/D451,AN,43.345473,12.86433,50.0,4801408.23,2346906.137
PF03/0093/D451,AN,43.345403,12.868825,50.0,4801391.149,2347270.319
PF05/0093/D451,AN,43.352112,12.868065,50.0,4802137.812,2347227.741
PF06/0093/D451,AN,43.345523,12.874069,50.0,4801393.623,2347695.701
PF07/0093/D451,AN,43.347764,12.875758,50.0,4801639.073,2347838.918
PF08/0093/D451,AN,43.344694,12.87788,50.0,4801293.676,2348002.248
PF09/0093/D451,AN,43.345386,12.879365,50.0,4801367.434,2348124.545
PF10/0093/D451,AN,43.352884,12.877773,20.0,4802203.512,2348016.682
PF11/0093/D451,AN,43.348515,12.872042,50.0,4801730.063,2347539.843
PF12/0093/D451,AN,43.346594,12.868631,50.0,4801523.871,2347257.916
PF13/0093/D451,AN,43.348428,12.869221,50.0,4801726.252,2347310.959
PF01/0094/D451,AN,43.350328,12.881829,50.0,4801911.296,2348338.179
PF02/0094/D451,AN,43.344753,12.887379,50.0,4801280.73,2348772.394
PF03/0094/D451,AN,43.343889,12.891021,50.0,4801177.291,2349065.16
PF04/0094/D451,AN,43.349875,12.889169,50.0,4801845.904,2348931.802
PF05/0094/D451,AN,43.35187,12.88699,50.0,4802071.966,2348760.867
PF06/0094/D451,AN,43.349159,12.884286,50.0,4801776.425,2348534.038
PF07/0094/D451,AN,43.345468,12.882125,50.0,4801370.906,2348348.475
PF01/0095/D451,AN,43.35041,12.893365,50.0,4801896.682,2349273.454
PF02/0095/D451,AN,43.351036,12.899793,50.0,4801953.084,2349796.159
PF04/0095/D451,AN,43.34804,12.896114,50.0,4801627.906,2349489.604
PF05/0095/D451,AN,43.354612,12.886889,10.0,4802376.681,2348760.416
PF01/0096/D451,AN,43.346538,12.902342,50.0,4801448.349,2349990.207
PF03/0096/D451,AN,43.349853,12.904241,50.0,4801812.595,2350153.314
PF04/0096/D451,AN,43.346024,12.906973,50.0,4801381.841,2350364.104
PF05/0096/D451,AN,43.346381,12.910131,50.0,4801415.069,2350621.046
PF08/0096/D451,AN,43.351473,12.907708,50.0,4801985.482,2350438.885
PF09/0096/D451,AN,43.353324,12.911256,50.0,4802183.819,2350731.54
PF10/0096/D451,AN,43.349038,12.913654,50.0,4801702.987,2350913.966
PF11/0096/D451,AN,43.351449,12.914537,50.0,4801968.958,2350992.243
PF12/0096/D451,AN,43.352446,12.918447,50.0,4802071.741,2351311.956
PF13/0096/D451,AN,43.353256,12.922062,50.0,4802154.47,2351607.168
PF14/0096/D451,AN,43.347184,12.905456,3.0,4801513.699,2350244.396
PF03/0097/D451,AN,43.340113,12.919573,50.0,4800699.842,2351368.985
PF04/0097/D451,AN,43.342305,12.922045,50.0,4800938.25,2351575.465
PF05/0097/D451,AN,43.350353,12.919814,50.0,4801836.586,2351416.894
PF06/0097/D451,AN,43.34292,12.915545,50.0,4801019.685,2351050.268
PF07/0097/D451,AN,43.344105,12.918823,50.0,4801144.682,2351319.316
PF09/0097/D451,AN,43.344613,12.925752,50.0,4801187.078,2351882.294
PF12/0097/D451,AN,43.349722,12.922504,50.0,4801761.047,2351633.19
PF14/0097/D451,AN,43.347929,12.915686,50.0,4801575.761,2351075.596
PF16/0097/D451,AN,43.344796,12.912376,50.0,4801234.428,2350798.601
PF18/0097/D451,AN,43.340301,12.912116,50.0,4800735.803,2350765.103
PF19/0097/D451,AN,43.342261,12.91188,50.0,4800953.953,2350751.357
PF20/0097/D451,AN,43.348223,12.918945,50.0,4801601.72,2351340.6
PF21/0097/D451,AN,43.34498,12.920973,50.0,4801237.483,2351495.952
PF22/0097/D451,AN,43.345884,12.923006,50.0,4801333.77,2351663.263
PF02/0098/D451,AN,43.343899,12.928961,50.0,4801101.315,2352140.466
PF03/0098/D451,AN,43.34522,12.934698,50.0,4801236.488,2352609.086
PF04/0098/D451,AN,43.346904,12.930347,50.0,4801432.275,2352261.111
PF05/0098/D451,AN,43.346791,12.926623,50.0,4801427.267,2351958.913
PF06/0098/D451,AN,43.348703,12.927839,50.0,4801637.116,2352062.789
PF12/0098/D451,AN,43.351648,12.92191,50.0,4801976.214,2351590.335
PF14/0098/D451,AN,43.356009,12.930706,50.0,4802442.818,2352315.297
PF15/0098/D451,AN,43.35646,12.933788,50.0,4802486.669,2352566.28
PF17/0098/D451,AN,43.352561,12.927186,50.0,4802066.922,2352020.494
PF18/0098/D451,AN,43.350371,12.926692,50.0,4801824.734,2351974.403
PF19/0098/D451,AN,43.344297,12.925939,50.0,4801151.678,2351896.617
PF20/0098/D451,AN,43.353397,12.929074,50.0,4802156.029,2352175.843
PF21/0098/D451,AN,43.351531,12.933042,50.0,4801940.796,2352492.298
PF22/0098/D451,AN,43.35214,12.931426,50.0,4802011.671,2352362.984
PF02/0099/D451,AN,43.346893,12.939599,50.0,4801412.544,2353011.001
PF04/0099/D451,AN,43.351319,12.934569,10.0,4801914.167,2352615.468
PF05/0099/D451,AN,43.346635,12.943348,50.0,4801376.305,2353314.129
PF08/0099/D451,AN,43.346306,12.949708,50.0,4801327.136,2353828.749
PF10/0099/D451,AN,43.349091,12.935362,50.0,4801665.132,2352673.546
PF11/0099/D451,AN,43.344899,12.941094,50.0,4801188.079,2353126.669
PF01/0100/D451,AN,43.354446,12.935081,50.0,4802260.457,2352665.539
PF03/0100/D451,AN,43.356921,12.944154,50.0,4802517.072,2353407.576
PF05/0100/D451,AN,43.352676,12.945764,50.0,4802042.434,2353526.48
PF01/0101/D451,AN,43.348332,12.957419,50.0,4801536.837,2354459.25
PF03/0101/D451,AN,43.345421,12.957334,50.0,4801213.731,2354444.411
PF02/0102/D451,AN,43.358008,12.951893,50.0,4802622.443,2354037.753
PF06/0102/D451,AN,43.354766,12.950031,50.0,4802266.056,2353877.991
PF07/0102/D451,AN,43.35064,12.957669,50.0,4801792.649,2354485.762
PF01/0103/D451,AN,43.354191,12.969337,50.0,4802163.919,2355441.059
PF03/0103/D451,AN,43.357638,12.966196,50.0,4802552.955,2355195.821
PF04/0103/D451,AN,43.354709,12.963112,12.0,4802233.811,2354937.973
PF03/0104/D451,AN,43.356581,12.98257,50.0,4802403.322,2356519.944
PF04/0104/D451,AN,43.359664,12.973875,50.0,4802762.873,2355823.594
PF05/0104/D451,AN,43.361027,12.970942,50.0,4802919.958,2355589.618
PF06/0104/D451,AN,43.359963,12.984801,50.0,4802774.577,2356709.779
PF01/0105/D451,AN,43.349359,12.978827,50.0,4801608.627,2356197.132
PF03/0105/D451,AN,43.344448,12.98222,50.0,4801056.52,2356458.979
PF04/0105/D451,AN,43.357132,12.978653,50.0,4802472.251,2356203.928
PF01/0106/D451,AN,43.34896,12.994187,50.0,4801534.2,2357440.984
PF02/0106/D451,AN,43.346417,12.991394,50.0,4801257.282,2357207.843
PF05/0106/D451,AN,43.346907,12.999148,50.0,4801296.535,2357837.65
PF07/0106/D451,AN,43.345553,12.99612,50.0,4801152.145,2357588.553
PF09/0106/D451,AN,43.35716,12.99357,50.0,4802446.172,2357412.885
PF01/0107/D451,AN,43.359135,12.997368,50.0,4802658.08,2357725.971
PF02/0107/D451,AN,43.364809,12.997244,50.0,4803288.52,2357731.055
PF03/0107/D451,AN,43.364128,12.994466,50.0,4803218.298,2357504.097
PF04/0107/D451,AN,43.362632,13.006937,50.0,4803027.895,2358510.655
PF01/0109/D451,AN,43.362762,13.024054,50.0,4803009.333,2359898.06
PF03/0109/D451,AN,43.363917,13.027394,50.0,4803131.255,2360171.712
PF05/0109/D451,AN,43.365166,13.02936,50.0,4803266.129,2360334.312
PF06/0109/D451,AN,43.358285,13.025973,50.0,4802508.459,2360041.722
PF07/0109/D451,AN,43.364743,13.02478,50.0,4803228.005,2359962.074
PF01/0110/D451,AN,43.361663,13.045598,50.0,4802846.117,2361640.898
PF03/0110/D451,AN,43.364923,13.048023,50.0,4803203.63,2361845.872
PF01/0111/D451,AN,43.340548,12.785055,12.0,4801028.859,2340465.943
PF01/0112/D451,AN,43.332141,12.799493,12.0,4800064.122,2341611.7
PF01/0113/D451,AN,43.334285,12.811594,10.0,4800276.432,2342599.054
PF02/0113/D451,AN,43.336796,12.817859,50.0,4800542.065,2343114.257
PF03/0113/D451,AN,43.331183,12.805503,50.0,4799944.903,2342096.184
PF04/0113/D451,AN,43.33016,12.81505,10.0,4799811.021,2342867.243
PF05/0113/D451,AN,43.339759,12.81164,12.0,4800884.345,2342618.717
PF01/0114/D451,AN,43.331234,12.821411,50.0,4799916.766,2343386.08
PF02/0114/D451,AN,43.335983,12.823138,50.0,4800440.503,2343539.823
PF03/0114/D451,AN,43.334772,12.829962,50.0,4800291.599,2344089.551
PF01/0115/D451,AN,43.340527,12.815467,8.0,4800961.503,2342931.174
PF03/0115/D451,AN,43.337692,12.824151,50.0,4800628.208,2343626.887
PF04/0115/D451,AN,43.342057,12.821352,50.0,4801118.934,2343412.683
PF05/0115/D451,AN,43.341343,12.828172,50.0,4801025.164,2343963.372
PF03/0116/D451,AN,43.340358,12.834969,50.0,4800901.505,2344511.51
PF04/0116/D451,AN,43.341933,12.83922,50.0,4801067.467,2344860.637
PF05/0116/D451,AN,43.339148,12.837428,50.0,4800761.936,2344707.363
PF06/0116/D451,AN,43.336811,12.833242,50.0,4800511.16,2344361.332
PF01/0117/D451,AN,43.340024,12.841602,50.0,4800850.512,2345048.263
PF04/0117/D451,AN,43.341694,12.850063,50.0,4801018.223,2345738.88
PF05/0117/D451,AN,43.34099,12.846805,50.0,4800946.832,2345472.818
PF07/0117/D451,AN,43.338736,12.84759,50.0,4800694.877,2345529.97
PF08/0117/D451,AN,43.34172,12.854383,50.0,4801012.148,2346089.189
PF02/0118/D451,AN,43.342292,12.863446,50.0,4801056.831,2346825.45
PF03/0118/D451,AN,43.344222,12.866883,50.0,4801263.965,2347109.548
PF05/0118/D451,AN,43.338097,12.869406,50.0,4800578.497,2347296.675
PF06/0118/D451,AN,43.335669,12.867134,50.0,4800313.617,2347105.6
PF07/0118/D451,AN,43.340967,12.869017,50.0,4800898.071,2347273.277
PF08/0118/D451,AN,43.340107,12.871081,50.0,4800798.274,2347438.124
PF09/0118/D451,AN,43.34381,12.871378,50.0,4801208.951,2347472.722
PF10/0118/D451,AN,43.342866,12.877351,50.0,4801091.723,2347954.177
PF12/0118/D451,AN,43.338982,12.875326,50.0,4800664.526,2347779.088
PF16/0118/D451,AN,43.339743,12.86734,50.0,4800765.587,2347133.855
PF17/0118/D451,AN,43.339173,12.861902,50.0,4800713.605,2346691.409
PF18/0118/D451,AN,43.342282,12.857545,50.0,4801067.898,2346347.065
PF19/0118/D451,AN,43.342365,12.873244,50.0,4801044.544,2347619.882
PF01/0119/D451,AN,43.339674,12.87894,50.0,4800733.96,2348073.949
PF03/0119/D451,AN,43.341105,12.882392,50.0,4800885.813,2348357.813
PF05/0119/D451,AN,43.343606,12.885089,50.0,4801157.993,2348583.485
PF06/0119/D451,AN,43.342294,12.879734,50.0,4801023.354,2348145.763
PF01/0120/D451,AN,43.340068,12.888021,50.0,4800759.099,2348811.192
PF05/0120/D451,AN,43.339802,12.893814,50.0,4800717.589,2349280.07
PF07/0120/D451,AN,43.342482,12.896025,50.0,4801010.719,2349466.82
PF08/0120/D451,AN,43.34528,12.893776,50.0,4801326.118,2349292.373
PF09/0120/D451,AN,43.347267,12.893136,50.0,4801548.096,2349246.074
PF10/0120/D451,AN,43.345521,12.897631,50.0,4801344.987,2349605.503
PF11/0120/D451,AN,43.343724,12.899786,50.0,4801141.038,2349775.123
PF14/0120/D451,AN,43.345405,12.906625,50.0,4801313.744,2350334.202
PF17/0120/D451,AN,43.340759,12.902549,50.0,4800806.108,2349990.834
PF18/0120/D451,AN,43.343569,12.902815,50.0,4801117.611,2350020.267
PF19/0120/D451,AN,43.341883,12.900426,50.0,4800935.3,2349821.868
PF20/0120/D451,AN,43.340362,12.897771,50.0,4800771.775,2349602.363
PF21/0120/D451,AN,43.341896,12.891879,50.0,4800954.167,2349129.053
PF01/0121/D451,AN,43.341342,12.961272,50.0,4800752.8,2354752.549
PF02/0121/D451,AN,43.344576,12.962333,50.0,4801109.934,2354847.316
PF03/0121/D451,AN,43.347794,12.962384,50.0,4801467.254,2354860.177
PF04/0121/D451,AN,43.350591,12.962391,50.0,4801777.804,2354868.376
PF01/0122/D451,AN,43.344411,12.968719,50.0,4801079.005,2355364.476
PF03/0122/D451,AN,43.355032,12.97429,50.0,4802247.573,2355844.731
PF04/0122/D451,AN,43.350618,12.974975,50.0,4801755.99,2355888.323
PF05/0122/D451,AN,43.351696,12.971013,10.0,4801883.482,2355570.112
PF06/0122/D451,AN,43.347564,12.967497,50.0,4801431.542,2355273.992
PF01/0123/D451,AN,43.349328,13.014059,12.0,4801536.53,2359052.577
PF01/0124/D451,AN,43.354464,13.038707,50.0,4802059.718,2361063.694
PF02/0124/D451,AN,43.355023,13.043209,50.0,4802113.229,2361430.0
PF01/0125/D451,AN,43.324548,12.803312,12.0,4799212.73,2341899.124
PF01/0126/D451,AN,43.326776,12.820953,50.0,4799422.628,2343335.989
PF03/0126/D451,AN,43.32443,12.817754,50.0,4799168.853,2343069.78
PF02/0127/D451,AN,43.327894,12.823055,8.0,4799542.382,2343509.655
PF03/0127/D451,AN,43.321997,12.822984,50.0,4798887.589,2343486.837
PF01/0128/D451,AN,43.321979,12.828678,50.0,4798873.587,2343948.451
PF03/0128/D451,AN,43.322761,12.839996,50.0,4798936.622,2344868.427
PF04/0128/D451,AN,43.321963,12.832151,50.0,4798864.501,2344230.041
PF05/0128/D451,AN,43.325938,12.836667,50.0,4799296.377,2344607.649
PF04/0129/D451,AN,43.334036,12.852544,10.0,4800162.538,2345918.099
PF05/0129/D451,AN,43.328981,12.843502,50.0,4799620.046,2345170.587
PF06/0129/D451,AN,43.334579,12.847429,50.0,4800233.528,2345504.989
PF01/0130/D451,AN,43.326173,12.854111,50.0,4799286.051,2346022.696
PF02/0130/D451,AN,43.322754,12.85022,50.0,4798914.348,2345697.459
PF03/0130/D451,AN,43.328952,12.848261,50.0,4799606.837,2345556.325
PF02/0131/D451,AN,43.330337,12.854078,50.0,4799748.566,2346031.897
PF03/0131/D451,AN,43.32368,12.858737,10.0,4798999.445,2346390.657
PF04/0131/D451,AN,43.324874,12.854877,50.0,4799140.086,2346081.124
PF05/0131/D451,AN,43.323658,12.853148,50.0,4799008.69,2345937.418
PF06/0131/D451,AN,43.326816,12.854764,50.0,4799356.1,2346077.502
PF01/0132/D451,AN,43.334112,12.857071,50.0,4800161.503,2346285.339
PF02/0132/D451,AN,43.335849,12.859411,50.0,4800349.604,2346480.01
PF03/0132/D451,AN,43.332952,12.855022,50.0,4800036.961,2346115.911
PF05/0132/D451,AN,43.335261,12.872287,50.0,4800257.558,2347522.181
PF06/0132/D451,AN,43.336265,12.874285,12.0,4800365.0,2347687.0
PF01/0133/D451,AN,43.329499,12.877337,50.0,4799607.231,2347915.255
PF03/0133/D451,AN,43.333044,12.87446,50.0,4800006.836,2347692.101
PF01/0134/D451,AN,43.329427,12.878555,50.0,4799596.774,2348013.825
PF02/0134/D451,AN,43.329645,12.89042,50.0,4799596.596,2348976.412
PF03/0134/D451,AN,43.335497,12.884755,50.0,4800258.083,2348533.629
PF04/0134/D451,AN,43.337974,12.888268,50.0,4800525.959,2348825.336
PF05/0134/D451,AN,43.332097,12.885768,50.0,4799878.38,2348606.151
PF06/0134/D451,AN,43.334343,12.879486,50.0,4800140.76,2348103.177
PF07/0134/D451,AN,43.32334,12.885905,8.0,4798905.595,2348592.631
PF08/0134/D451,AN,43.334324,12.881791,10.0,4800133.927,2348289.988
PF01/0135/D451,AN,43.328341,12.89243,50.0,4799447.584,2349135.765
PF05/0135/D451,AN,43.331946,12.890095,50.0,4799852.814,2348956.511
PF06/0135/D451,AN,43.332506,12.892845,50.0,4799909.34,2349181.03
PF08/0135/D451,AN,43.33535,12.900575,50.0,4800209.436,2349815.657
PF09/0135/D451,AN,43.335507,12.897703,50.0,4800232.659,2349583.333
PF10/0135/D451,AN,43.337942,12.892587,50.0,4800513.531,2349175.417
PF13/0135/D451,AN,43.337789,12.899927,50.0,4800481.617,2349769.979
PF15/0135/D451,AN,43.33434,12.888513,50.0,4800121.853,2348835.013
PF16/0135/D451,AN,43.329772,12.893554,50.0,4799604.277,2349230.849
PF17/0135/D451,AN,43.339794,12.895764,50.0,4800712.724,2349438.142
PF18/0135/D451,AN,43.335033,12.894923,10.0,4800185.673,2349356.588
PF19/0135/D451,AN,43.332841,12.895392,10.0,4799941.312,2349388.485
PF01/0136/D451,AN,43.333,12.901597,50.0,4799946.253,2349891.973
PF02/0136/D451,AN,43.339598,12.906959,10.0,4800668.144,2350345.071
PF05/0136/D451,AN,43.334457,12.906559,50.0,4800098.072,2350298.34
PF06/0136/D451,AN,43.335964,12.904567,50.0,4800269.465,2350141.047
PF07/0136/D451,AN,43.334161,12.904177,50.0,4800070.003,2350104.411
PF09/0136/D451,AN,43.338994,12.904519,50.0,4800606.11,2350145.585
PF10/0136/D451,AN,43.339082,12.900994,50.0,4800623.006,2349860.072
PF11/0136/D451,AN,43.337725,12.901662,50.0,4800470.954,2349910.44
PF12/0136/D451,AN,43.336749,12.902072,50.0,4800361.668,2349940.969
PF13/0136/D451,AN,43.337475,12.90547,50.0,4800435.431,2350218.431
PF14/0136/D451,AN,43.338166,12.90336,50.0,4800516.464,2350049.315
PF16/0136/D451,AN,43.337059,12.903277,50.0,4800393.712,2350039.519
PF03/0137/D451,AN,43.334893,12.912602,50.0,4800134.138,2350789.414
PF06/0137/D451,AN,43.337473,12.918458,50.0,4800408.829,2351271.349
PF07/0137/D451,AN,43.331371,12.913218,50.0,4799741.739,2350829.575
PF09/0137/D451,AN,43.33246,12.916162,50.0,4799856.794,2351071.268
PF12/0137/D451,AN,43.343449,12.908399,50.0,4801092.986,2350472.493
PF13/0137/D451,AN,43.343206,12.906503,50.0,4801069.864,2350318.134
PF14/0137/D451,AN,43.336417,12.916551,50.0,4800295.388,2351113.807
PF03/0138/D451,AN,43.331067,12.921865,50.0,4799690.511,2351529.794
PF05/0138/D451,AN,43.332237,12.928766,50.0,4799806.501,2352092.52
PF06/0138/D451,AN,43.333735,12.921761,50.0,4799987.001,2351528.75
PF07/0138/D451,AN,43.334639,12.918527,50.0,4800093.953,2351269.079
PF08/0138/D451,AN,43.335357,12.928808,50.0,4800152.95,2352104.479
PF12/0138/D451,AN,43.34191,12.925194,50.0,4800888.003,2351829.649
PF13/0138/D451,AN,43.329774,12.918392,50.0,4799553.88,2351244.613
PF14/0138/D451,AN,43.339381,12.923305,50.0,4800610.97,2351669.513
PF01/0139/D451,AN,43.334061,12.931342,50.0,4800003.885,2352306.385
PF02/0139/D451,AN,43.336019,12.941922,50.0,4800200.225,2353169.443
PF03/0139/D451,AN,43.340818,12.938505,50.0,4800739.961,2352905.634
PF04/0139/D451,AN,43.340749,12.93396,50.0,4800741.449,2352537.035
PF05/0139/D451,AN,43.337848,12.930755,50.0,4800425.66,2352269.192
PF07/0139/D451,AN,43.333435,12.93796,50.0,4799921.084,2352841.174
PF08/0139/D451,AN,43.330906,12.932702,50.0,4799650.826,2352407.95
PF01/0140/D451,AN,43.339748,12.946791,50.0,4800604.633,2353574.394
PF03/0140/D451,AN,43.34253,12.945274,50.0,4800916.554,2353458.996
PF04/0140/D451,AN,43.343156,12.955397,50.0,4800965.958,2354281.257
PF04/0141/D451,AN,43.329107,12.956875,50.0,4799402.789,2354362.871
PF05/0141/D451,AN,43.34007,12.958887,50.0,4800616.265,2354555.77
PF06/0141/D451,AN,43.33487,12.958877,50.0,4800038.847,2354540.83
PF08/0141/D451,AN,43.337348,12.961698,50.0,4800308.472,2354776.283
PF10/0141/D451,AN,43.327085,12.961787,50.0,4799168.443,2354755.668
PF11/0141/D451,AN,43.328631,12.967021,50.0,4799329.809,2355184.181
PF12/0141/D451,AN,43.327554,12.957517,50.0,4799228.942,2354410.704
PF13/0141/D451,AN,43.331908,12.966796,50.0,4799694.14,2355174.768
PF01/0142/D451,AN,43.342033,12.96831,50.0,4800815.696,2355324.897
PF02/0142/D451,AN,43.340244,12.968092,50.0,4800617.432,2355302.426
PF03/0142/D451,AN,43.342541,12.971222,50.0,4800866.398,2355562.353
PF04/0142/D451,AN,43.341478,12.978135,12.0,4800734.694,2356119.845
PF05/0142/D451,AN,43.338452,12.965878,50.0,4800422.814,2355118.086
PF03/0143/D451,AN,43.334031,12.972036,50.0,4799919.674,2355605.335
PF04/0143/D451,AN,43.337839,12.976767,50.0,4800333.201,2355999.137
PF02/0144/D451,AN,43.340178,12.99305,10.0,4800561.147,2357325.387
PF03/0144/D451,AN,43.338446,12.987971,50.0,4800378.723,2356909.033
PF04/0144/D451,AN,43.341484,12.986136,50.0,4800719.727,2356768.392
PF05/0144/D451,AN,43.341615,12.993265,50.0,4800720.271,2357346.626
PF03/0145/D451,AN,43.342062,13.007981,50.0,4800741.371,2358540.685
PF05/0145/D451,AN,43.348283,13.00132,50.0,4801445.147,2358017.331
PF07/0145/D451,AN,43.342063,13.001826,50.0,4800753.347,2358041.786
PF08/0145/D451,AN,43.352625,13.000993,50.0,4801928.07,2358002.39
PF09/0145/D451,AN,43.348612,13.00697,50.0,4801470.796,2358476.132
PF01/0146/D451,AN,43.347489,13.024704,10.0,4801311.903,2359910.522
PF03/0146/D451,AN,43.343411,13.0103,50.0,4800886.66,2358732.288
PF04/0146/D451,AN,43.342643,13.010105,50.0,4800801.795,2358714.43
PF01/0147/D451,AN,43.352763,13.029962,10.0,4801887.539,2360350.541
PF02/0147/D451,AN,43.354098,13.044127,50.0,4802008.791,2361502.044
PF03/0147/D451,AN,43.354011,13.040333,50.0,4802006.277,2361194.29
PF01/0148/D451,AN,43.311152,12.803908,12.0,4797723.621,2341908.333
PF01/0149/D451,AN,43.32088,12.822019,10.0,4798765.55,2343405.32
PF03/0149/D451,AN,43.312417,12.824891,50.0,4797819.6,2343613.72
PF01/0150/D451,AN,43.314644,12.837961,10.0,4798039.42,2344680.12
PF01/0151/D451,AN,43.317236,12.851658,10.0,4798298.517,2345798.262
PF01/0152/D451,AN,43.317649,12.873486,50.0,4798299.069,2347569.545
PF03/0152/D451,AN,43.318023,12.867153,50.0,4798353.736,2347057.048
PF04/0152/D451,AN,43.318608,12.865943,50.0,4798421.243,2346960.598
PF03/0153/D451,AN,43.319728,12.883113,50.0,4798510.109,2348356.104
PF06/0153/D451,AN,43.323202,12.889494,50.0,4798882.823,2348883.277
PF08/0153/D451,AN,43.326079,12.895356,50.0,4799190.444,2349366.595
PF09/0153/D451,AN,43.324477,12.892751,50.0,4799017.828,2349150.922
PF10/0153/D451,AN,43.321119,12.891248,50.0,4798647.91,2349019.606
PF11/0153/D451,AN,43.321911,12.887063,50.0,4798744.497,2348682.484
PF02/0154/D451,AN,43.319153,12.906606,50.0,4798398.225,2350259.484
PF06/0154/D451,AN,43.326829,12.902726,50.0,4799258.656,2349966.294
PF08/0154/D451,AN,43.328754,12.90156,50.0,4799474.869,2349877.161
PF11/0154/D451,AN,43.327306,12.898813,50.0,4799319.605,2349650.315
PF12/0154/D451,AN,43.318432,12.909453,50.0,4798312.438,2350488.334
PF13/0154/D451,AN,43.324493,12.903192,50.0,4798998.226,2349997.517
PF14/0154/D451,AN,43.324816,12.900195,50.0,4799040.271,2349755.482
PF01/0155/D451,AN,43.326935,12.909256,50.0,4799257.113,2350496.033
PF05/0155/D451,AN,43.329543,12.910056,50.0,4799545.133,2350568.133
PF07/0155/D451,AN,43.328236,12.914581,50.0,4799390.807,2350931.358
PF11/0155/D451,AN,43.331937,12.908756,50.0,4799813.701,2350469.447
PF14/0155/D451,AN,43.327806,12.917698,50.0,4799336.769,2351182.953
PF15/0155/D451,AN,43.332352,12.91031,50.0,4799856.668,2350596.553
PF17/0155/D451,AN,43.328446,12.920568,50.0,4799401.993,2351417.382
PF18/0155/D451,AN,43.330509,12.90734,50.0,4799657.919,2350350.661
PF19/0155/D451,AN,43.332292,12.906433,50.0,4799857.814,2350282.068
PF20/0155/D451,AN,43.329301,12.916745,50.0,4799504.721,2351109.787
PF01/0156/D451,AN,43.32412,12.930073,50.0,4798902.451,2352176.134
PF03/0156/D451,AN,43.327778,12.928876,50.0,4799311.134,2352089.147
PF04/0156/D451,AN,43.328798,12.925905,50.0,4799430.365,2351851.097
PF05/0156/D451,AN,43.325507,12.926617,10.0,4799063.455,2351899.713
PF01/0157/D451,AN,43.329308,12.942274,50.0,4799454.139,2353179.633
PF02/0157/D451,AN,43.333974,12.953919,50.0,4799949.094,2354136.484
PF03/0157/D451,AN,43.331746,12.945051,50.0,4799719.36,2353411.438
PF03/0158/D451,AN,43.338398,12.998075,50.0,4800353.682,2357727.983
PF06/0158/D451,AN,43.339947,13.000253,50.0,4800521.431,2357908.614
PF07/0158/D451,AN,43.334883,12.999348,50.0,4799960.814,2357821.834
PF08/0158/D451,AN,43.344171,12.999237,50.0,4800992.581,2357837.519
PF09/0158/D451,AN,43.333854,12.996064,10.0,4799852.93,2357552.825
PF01/0159/D451,AN,43.33265,13.009914,50.0,4799692.269,2358672.463
PF06/0159/D451,AN,43.334835,13.011418,50.0,4799932.092,2358800.213
PF10/0159/D451,AN,43.337949,13.011635,50.0,4800277.45,2358826.024
PF12/0159/D451,AN,43.337828,13.009616,50.0,4800267.957,2358662.062
PF13/0159/D451,AN,43.337695,13.007029,50.0,4800258.199,2358451.938
PF01/0160/D451,AN,43.330608,13.016231,50.0,4799453.341,2359179.177
PF03/0160/D451,AN,43.3283,13.013563,50.0,4799202.108,2358956.814
PF04/0160/D451,AN,43.332563,13.014795,50.0,4799673.264,2359067.942
PF05/0160/D451,AN,43.326607,13.014239,50.0,4799012.875,2359007.102
PF01/0161/D451,AN,43.345034,13.041024,10.0,4801008.033,2361226.905
PF01/0162/D451,AN,43.309477,12.823325,50.0,4797496.332,2343478.219
PF02/0162/D451,AN,43.311465,12.821022,50.0,4797722.064,2343297.218
PF01/0163/D451,AN,43.310856,12.827008,50.0,4797641.74,2343780.86
PF02/0163/D451,AN,43.310601,12.825074,50.0,4797617.45,2343623.27
PF02/0164/D451,AN,43.313994,12.862359,50.0,4797916.171,2346656.838
PF03/0164/D451,AN,43.311767,12.857296,50.0,4797679.384,2346239.901
PF04/0164/D451,AN,43.310054,12.855547,50.0,4797492.821,2346093.189
PF05/0164/D451,AN,43.308357,12.852097,8.0,4797311.562,2345808.464
PF01/0165/D451,AN,43.311287,12.872401,10.0,4797594.794,2347463.535
PF03/0165/D451,AN,43.311837,12.862813,50.0,4797675.692,2346687.473
PF04/0165/D451,AN,43.315927,12.864255,50.0,4798126.964,2346816.058
PF01/0166/D451,AN,43.317685,12.895474,10.0,4798257.869,2349352.687
PF02/0166/D451,AN,43.319692,12.88627,50.0,4798499.72,2348611.939
PF01/0167/D451,AN,43.320188,12.912013,50.0,4798502.249,2350700.841
PF02/0167/D451,AN,43.32273,12.910287,50.0,4798788.03,2350567.936
PF03/0167/D451,AN,43.316809,12.913165,50.0,4798124.62,2350784.832
PF01/0168/D451,AN,43.315807,12.920613,50.0,4797998.214,2351386.066
PF02/0168/D451,AN,43.321772,12.920623,50.0,4798660.71,2351403.373
PF03/0168/D451,AN,43.319237,12.929832,50.0,4798360.599,2352143.135
PF04/0168/D451,AN,43.323321,12.935112,50.0,4798803.601,2352582.477
PF06/0168/D451,AN,43.32154,12.929469,50.0,4798617.104,2352120.004
PF07/0168/D451,AN,43.317468,12.926339,50.0,4798171.149,2351854.96
PF01/0169/D451,AN,43.322119,12.941257,50.0,4798657.789,2353077.475
PF03/0169/D451,AN,43.320256,12.948049,50.0,4798437.341,2353623.132
PF04/0169/D451,AN,43.326228,12.946216,50.0,4799104.259,2353490.826
PF05/0169/D451,AN,43.318035,12.941281,50.0,4798204.167,2353068.257
PF06/0169/D451,AN,43.316493,12.951797,50.0,4798011.932,2353916.771
PF06/0170/D451,AN,43.322677,12.956815,50.0,4798688.759,2354340.514
PF07/0170/D451,AN,43.322643,12.953421,8.0,4798691.704,2354065.231
PF08/0170/D451,AN,43.325107,12.957353,50.0,4798957.555,2354390.718
PF09/0170/D451,AN,43.319312,12.955589,50.0,4798317.436,2354231.919
PF02/0171/D451,AN,43.302289,12.819838,50.0,4796705.47,2343174.553
PF01/0172/D451,AN,43.300847,12.836902,50.0,4796509.231,2344554.481
PF02/0172/D451,AN,43.304289,12.84293,50.0,4796878.942,2345053.361
PF04/0172/D451,AN,43.300269,12.837256,50.0,4796444.383,2344581.584
PF05/0172/D451,AN,43.308049,12.845896,50.0,4797290.323,2345304.702
PF01/0174/D451,AN,43.315574,12.888445,10.0,4798037.825,2348776.767
PF02/0174/D451,AN,43.318571,12.880595,50.0,4798386.866,2348148.624
PF01/0175/D451,AN,43.306585,12.887087,10.0,4797042.314,2348641.396
PF01/0176/D451,AN,43.307316,12.918375,50.0,4797059.709,2351181.068
PF05/0176/D451,AN,43.308276,12.901491,50.0,4797200.664,2349814.353
PF06/0176/D451,AN,43.309055,12.918547,50.0,4797252.573,2351199.796
PF08/0176/D451,AN,43.312293,12.917737,50.0,4797613.777,2351143.092
PF01/0177/D451,AN,43.30957,12.925516,50.0,4797295.657,2351766.47
PF02/0177/D451,AN,43.304694,12.921597,50.0,4796762.09,2351435.12
PF03/0177/D451,AN,43.309145,12.920386,50.0,4797258.831,2351349.233
PF04/0177/D451,AN,43.311633,12.926591,50.0,4797522.593,2351859.314
PF05/0177/D451,AN,43.308252,12.930103,50.0,4797140.041,2352134.808
PF07/0177/D451,AN,43.306927,12.922171,50.0,4797008.895,2351487.851
PF08/0177/D451,AN,43.31499,12.922085,50.0,4797904.581,2351503.204
PF09/0177/D451,AN,43.304237,12.92281,50.0,4796708.795,2351532.232
PF01/0178/D451,AN,43.316726,12.932987,50.0,4798075.43,2352392.076
PF02/0178/D451,AN,43.313576,12.93847,50.0,4797714.55,2352828.075
PF01/0179/D451,AN,43.306015,12.935873,50.0,4796880.015,2352596.708
PF02/0179/D451,AN,43.310646,12.938842,50.0,4797388.342,2352850.16
PF03/0179/D451,AN,43.304968,12.94003,50.0,4796755.409,2352930.952
PF04/0179/D451,AN,43.315606,12.943629,50.0,4797929.699,2353252.004
PF01/0180/D451,AN,43.309791,12.95626,50.0,4797258.662,2354260.437
PF03/0180/D451,AN,43.306728,12.958102,50.0,4796914.878,2354401.528
PF05/0180/D451,AN,43.311458,12.958512,50.0,4797439.327,2354447.624
PF06/0180/D451,AN,43.311519,12.957055,12.0,4797449.047,2354329.645
PF01/0181/D451,AN,43.296747,12.811255,10.0,4796108.18,2342462.238
PF02/0181/D451,AN,43.298105,12.802671,10.0,4796277.247,2341769.836
PF03/0181/D451,AN,43.301179,12.810539,10.0,4796601.881,2342417.069
PF04/0183/D451,AN,43.299986,12.827368,50.0,4796433.768,2343778.667
PF05/0183/D451,AN,43.298429,12.829648,50.0,4796256.004,2343959.108
PF06/0183/D451,AN,43.301174,12.83208,50.0,4796555.793,2344164.299
PF07/0183/D451,AN,43.296715,12.812251,50.0,4796102.434,2342542.944
PF04/0184/D451,AN,43.299365,12.833154,50.0,4796352.613,2344246.254
PF05/0184/D451,AN,43.290607,12.832429,50.0,4795381.393,2344162.162
PF06/0184/D451,AN,43.292433,12.839019,50.0,4795570.331,2344702.067
PF07/0184/D451,AN,43.292844,12.824647,50.0,4795646.341,2343537.322
PF01/0185/D451,AN,43.293429,12.850569,50.0,4795656.826,2345641.868
PF02/0185/D451,AN,43.300349,12.846846,50.0,4796433.095,2345359.652
PF03/0185/D451,AN,43.293819,12.840431,50.0,4795721.352,2344820.546
PF01/0186/D451,AN,43.306854,12.859003,50.0,4797130.215,2346364.308
PF02/0186/D451,AN,43.309826,12.860667,50.0,4797456.852,2346507.753
PF01/0187/D451,AN,43.298075,12.871776,50.0,4796128.744,2347375.444
PF03/0187/D451,AN,43.297252,12.872939,50.0,4796034.867,2347467.477
PF04/0187/D451,AN,43.301475,12.866503,50.0,4796517.258,2346957.363
PF01/0188/D451,AN,43.296047,12.872586,50.0,4795901.85,2347435.42
PF02/0188/D451,AN,43.297608,12.874352,50.0,4796071.556,2347583.116
PF03/0188/D451,AN,43.296027,12.873988,50.0,4795896.69,2347549.08
PF01/0189/D451,AN,43.302432,12.891,12.0,4796573.063,2348947.096
PF01/0190/D451,AN,43.300602,12.893204,50.0,4796365.282,2349120.764
PF02/0190/D451,AN,43.302737,12.898141,8.0,4796592.347,2349527.128
PF03/0191/D451,AN,43.305745,12.920075,50.0,4796881.864,2351314.6
PF05/0191/D451,AN,43.304076,12.918631,50.0,4796699.403,2351192.89
PF06/0191/D451,AN,43.303926,12.916532,50.0,4796686.968,2351022.153
PF07/0191/D451,AN,43.305596,12.922334,50.0,4796860.77,2351497.364
PF08/0191/D451,AN,43.304047,12.914638,50.0,4796704.304,2350868.881
PF01/0192/D451,AN,43.298766,12.930331,50.0,4796086.107,2352127.187
PF03/0192/D451,AN,43.2995,12.941461,50.0,4796145.244,2353032.065
PF04/0192/D451,AN,43.304281,12.932666,12.0,4796693.918,2352331.785
PF05/0192/D451,AN,43.301497,12.936899,10.0,4796376.162,2352667.524
PF04/0193/D451,AN,43.295812,12.948708,50.0,4795721.266,2353609.809
PF06/0193/D451,AN,43.294172,12.945035,50.0,4795546.371,2353307.417
PF07/0193/D451,AN,43.289251,12.945844,50.0,4794998.227,2353359.569
PF08/0193/D451,AN,43.298413,12.948942,50.0,4796009.604,2353635.941
PF01/0194/D451,AN,43.314471,12.952139,50.0,4797786.646,2353938.985
PF02/0194/D451,AN,43.310903,12.952309,50.0,4797390.112,2353943.101
PF03/0194/D451,AN,43.302865,12.953483,50.0,4796495.023,2354016.366
PF04/0194/D451,AN,43.305281,12.949974,50.0,4796770.3,2353738.393
PF05/0194/D451,AN,43.31408,12.946899,50.0,4797753.7,2353512.996
PF04/0195/D451,AN,43.297743,12.954742,50.0,4795923.657,2354104.602
PF05/0195/D451,AN,43.293769,12.972329,50.0,4795447.488,2355520.509
PF07/0195/D451,AN,43.299785,12.958438,50.0,4796143.113,2354409.938
PF08/0195/D451,AN,43.300922,12.966234,50.0,4796253.932,2355045.433
PF09/0195/D451,AN,43.300319,12.954539,10.0,4796210.156,2354095.153
PF10/0195/D451,AN,43.298519,12.970364,50.0,4795978.889,2355373.897
PF11/0195/D451,AN,43.295376,12.955651,50.0,4795659.028,2354171.878
PF12/0195/D451,AN,43.297397,12.962257,50.0,4795870.36,2354713.286
PF13/0195/D451,AN,43.294291,12.949791,50.0,4795550.085,2353693.587
PF01/0196/D451,AN,43.283229,12.789996,10.0,4794652.259,2340697.972
PF01/0197/D451,AN,43.273204,12.804935,10.0,4793506.879,2341880.83
PF01/0198/D451,AN,43.281819,12.818944,10.0,4794433.952,2343042.642
PF01/0199/D451,AN,43.288694,12.840726,50.0,4795151.477,2344829.748
PF03/0199/D451,AN,43.287376,12.837568,50.0,4795011.736,2344569.785
PF02/0200/D451,AN,43.2865,12.842984,50.0,4794903.104,2345006.682
PF03/0200/D451,AN,43.28465,12.843886,50.0,4794695.808,2345074.555
PF01/0201/D451,AN,43.285749,12.859695,12.0,4794784.82,2346360.389
PF01/0202/D451,AN,43.287016,12.866408,10.0,4794911.602,2346908.648
PF01/0203/D451,AN,43.283663,12.883857,12.0,4794503.223,2348314.916
PF01/0204/D451,AN,43.288245,12.891864,12.0,4794995.675,2348977.419
PF01/0205/D451,AN,43.289643,12.897722,10.0,4795138.948,2349456.558
PF01/0206/D451,AN,43.291304,12.903107,12.0,4795312.461,2349898.092
PF01/0207/D451,AN,43.289159,12.913245,12.0,4795053.623,2350714.553
PF02/0208/D451,AN,43.297338,12.921294,50.0,4795945.636,2351390.214
PF03/0208/D451,AN,43.294398,12.936895,50.0,4795587.759,2352647.683
PF04/0208/D451,AN,43.293541,12.92879,50.0,4795508.827,2351987.852
PF05/0208/D451,AN,43.289533,12.926873,50.0,4795067.63,2351821.27
PF06/0208/D451,AN,43.291263,12.925178,50.0,4795263.158,2351688.495
PF01/0209/D451,AN,43.271239,12.808575,10.0,4793280.883,2342170.473
PF01/0210/D451,AN,43.27659,12.825804,12.0,4793838.691,2343584.142
PF02/0211/D451,AN,43.279443,12.846351,50.0,4794112.285,2345259.63
PF03/0211/D451,AN,43.275666,12.848423,50.0,4793688.531,2345416.948
PF04/0211/D451,AN,43.278976,12.837616,50.0,4794078.724,2344549.538
PF05/0211/D451,AN,43.276543,12.841827,50.0,4793799.694,2344884.269
PF01/0212/D451,AN,43.279692,12.88828,10.0,4794053.157,2348662.589
PF01/0213/D451,AN,43.270119,12.89395,10.0,4792978.29,2349095.857
PF01/0214/D451,AN,43.282849,12.907575,10.0,4794364.291,2350237.032
PF01/0215/D451,AN,43.280234,12.919648,12.0,4794049.381,2351209.35
PF04/0216/D451,AN,43.29239,12.970155,50.0,4795298.633,2355340.408
PF05/0216/D451,AN,43.295631,12.961562,4.0,4795675.531,2354652.052
PF06/0216/D451,AN,43.290594,12.975034,10.0,4795089.569,2355731.348
PF07/0216/D451,AN,43.292893,12.963699,10.0,4795367.22,2354818.04
PF01/0217/D451,AN,43.26699,12.824767,10.0,4792774.646,2343472.249
PF01/0218/D451,AN,43.270141,12.840983,10.0,4793090.444,2344797.388
PF02/0219/D451,AN,43.26729,12.850067,50.0,4792754.8,2345526.453
PF03/0219/D451,AN,43.26371,12.84866,50.0,4792360.21,2345402.044
PF06/0219/D451,AN,43.265769,12.841793,50.0,4792603.28,2344850.56
PF07/0219/D451,AN,43.267416,12.844268,50.0,4792780.912,2345056.196
PF08/0219/D451,AN,43.269128,12.849737,50.0,4792959.629,2345504.924
PF09/0219/D451,AN,43.265546,12.846402,50.0,4792568.85,2345223.994
PF10/0219/D451,AN,43.263963,12.850988,50.0,4792383.447,2345591.658
PF11/0219/D451,AN,43.265829,12.848849,50.0,4792595.082,2345423.443
PF01/0220/D451,AN,43.26703,12.851825,50.0,4792722.29,2345668.368
PF02/0220/D451,AN,43.265388,12.849944,50.0,4792543.9,2345511.017
PF03/0220/D451,AN,43.268428,12.857296,50.0,4792866.138,2346116.36
PF01/0221/D451,AN,43.271064,12.863189,12.0,4793146.629,2346602.095
PF01/0222/D451,AN,43.267819,12.877649,12.0,4792756.371,2347766.495
PF01/0223/D451,AN,43.270321,12.911349,10.0,4792965.28,2350508.433
PF01/0224/D451,AN,43.281847,12.93357,50.0,4794200.51,2352343.501
PF02/0224/D451,AN,43.278373,12.933368,50.0,4793815.097,2352317.509
PF03/0224/D451,AN,43.283067,12.932067,50.0,4794339.081,2352224.837
PF01/0225/D451,AN,43.281601,12.9402,50.0,4794159.943,2352880.753
PF03/0225/D451,AN,43.285403,12.940952,50.0,4794580.701,2352952.151
PF04/0225/D451,AN,43.281833,12.93747,50.0,4794191.201,2352659.837
PF05/0225/D451,AN,43.287253,12.943022,50.0,4794781.997,2353125.219
PF06/0225/D451,AN,43.283797,12.943719,50.0,4794396.759,2353172.276
PF07/0225/D451,AN,43.279352,12.943908,50.0,4793902.724,2353175.447
PF01/0226/D451,AN,43.28265,12.946205,50.0,4794264.399,2353370.847
PF02/0226/D451,AN,43.288079,12.950874,50.0,4794858.03,2353764.499
PF04/0226/D451,AN,43.29407,12.953212,50.0,4795518.764,2353970.513
PF05/0226/D451,AN,43.290489,12.953447,50.0,4795120.592,2353979.769
PF06/0226/D451,AN,43.290806,12.957124,50.0,4795148.547,2354278.96
PF07/0226/D451,AN,43.281768,12.951146,10.0,4794156.594,2353769.361
PF08/0226/D451,AN,43.291538,12.951038,50.0,4795241.851,2353787.193
PF01/0227/D451,AN,43.28481,12.96196,50.0,4794472.988,2354655.063
PF02/0227/D451,AN,43.286813,12.971759,50.0,4794676.105,2355455.497
PF03/0227/D451,AN,43.285579,12.957996,50.0,4794566.318,2354335.537
PF04/0227/D451,AN,43.288567,12.960656,50.0,4794892.788,2354559.447
PF01/0228/D451,AN,43.261459,12.844858,10.0,4792118.132,2345086.995
PF01/0229/D451,AN,43.257657,12.859128,12.0,4791666.14,2346234.388
PF01/0230/D451,AN,43.262831,12.877467,12.0,4792202.78,2347737.636
PF01/0231/D451,AN,43.257735,12.829929,10.0,4791735.866,2343864.505
PF03/0232/D451,AN,43.26268,12.852849,50.0,4792237.092,2345739.035
PF05/0232/D451,AN,43.25826,12.850403,50.0,4791751.287,2345527.883
PF06/0232/D451,AN,43.260738,12.854413,50.0,4792018.056,2345860.449
PF01/0233/D451,AN,43.262351,12.879102,10.0,4792146.133,2347868.962
PF01/0234/D451,AN,43.240526,12.830061,10.0,4789824.432,2343825.621
PF01/0235/D451,AN,43.246383,12.844689,10.0,4790444.179,2345030.08
PF01/0236/D451,AN,43.247822,12.864279,50.0,4790563.148,2346624.603
PF02/0236/D451,AN,43.24639,12.866546,50.0,4790399.368,2346804.577
PF04/0236/D451,AN,43.25053,12.857414,10.0,4790878.14,2346075.0
PF01/0237/D451,AN,43.251266,12.879796,10.0,4790913.497,2347894.042
PF01/0238/D451,AN,43.229571,12.834459,10.0,4788598.454,2344151.153
PF01/0239/D451,AN,43.235642,12.828567,10.0,4789285.119,2343690.168
PF01/0240/D451,AN,43.240046,12.858539,50.0,4789711.446,2346136.508
PF04/0240/D451,AN,43.243411,12.849481,50.0,4790104.026,2345410.618
PF06/0240/D451,AN,43.238523,12.856479,50.0,4789546.554,2345964.912
PF07/0240/D451,AN,43.242202,12.853912,50.0,4789960.546,2345766.906
PF08/0240/D451,AN,43.239903,12.863764,50.0,4789684.687,2346560.33
PF09/0240/D451,AN,43.237516,12.86087,50.0,4789425.594,2346318.549
PF01/0241/D451,AN,43.236344,12.86531,12.0,4789286.23,2346675.747
PF01/0242/D451,AN,43.242171,12.883913,12.0,4789895.026,2348202.718
PF01/0243/D451,AN,43.221276,12.842577,10.0,4787660.153,2344786.684
PF01/0244/D451,AN,43.23136,12.855704,50.0,4788752.643,2345881.587
PF02/0244/D451,AN,43.230741,12.860556,50.0,4788673.898,2346273.835
PF04/0244/D451,AN,43.231931,12.86463,50.0,4788797.537,2346608.066
PF05/0244/D451,AN,43.229253,12.855864,10.0,4788518.3,2345888.523
PF06/0244/D451,AN,43.234046,12.859195,50.0,4789043.786,2346172.714
PF07/0244/D451,AN,43.236063,12.861061,50.0,4789263.826,2346329.973
PF01/0245/D451,AN,43.218927,12.856713,50.0,4787369.742,2345928.071
PF02/0245/D451,AN,43.222168,12.859153,50.0,4787724.693,2346135.52
PF01/0246/D451,AN,43.226624,12.86352,50.0,4788210.435,2346502.843
PF03/0246/D451,AN,43.229016,12.867994,50.0,4788466.889,2346872.919
PF04/0246/D451,AN,43.233015,12.870918,50.0,4788904.937,2347121.703
PF01/0247/D451,AN,43.224372,12.876362,10.0,4787933.786,2347539.383
PF01/0248/D451,AN,43.226134,12.889195,10.0,4788103.045,2348586.634
PF01/0249/D451,AN,43.216506,12.850098,10.0,4787114.646,2345383.894
PF01/0250/D451,AN,43.213467,12.855025,50.0,4786766.907,2345775.414
PF04/0250/D451,AN,43.216865,12.856607,50.0,4787141.039,2345913.63
PF05/0250/D451,AN,43.211599,12.86163,10.0,4786545.742,2346306.621
PF03/0251/D451,AN,43.215402,12.866786,50.0,4786957.389,2346736.265
PF04/0251/D451,AN,43.219152,12.864708,50.0,4787378.202,2346578.078
PF06/0251/D451,AN,43.223676,12.863885,50.0,4787882.338,2346524.077
PF21/0003/D472,AN,43.637908,13.381012,7.0,4832944.44,2389417.39
PF22/0003/D472,AN,43.636522,13.378038,50.0,4832795.12,2389174.478
PF23/0003/D472,AN,43.637813,13.374558,50.0,4832944.061,2388896.575
PF24/0003/D472,AN,43.63949,13.374458,50.0,4833130.429,2388892.106
PF21/0007/D472,AN,43.643905,13.346384,10.0,4833665.51,2386637.41
PF22/0007/D472,AN,43.640751,13.359365,50.0,4833294.449,2387677.451
PF23/0007/D472,AN,43.640664,13.347161,50.0,4833304.317,2386692.883
PF25/0007/D472,AN,43.635361,13.356647,50.0,4832700.121,2387446.355
PF26/0007/D472,AN,43.637845,13.346715,50.0,4832991.985,2386650.698
PF21/0009/D472,AN,43.629583,13.377568,50.0,4832025.224,2389121.491
PF22/0009/D472,AN,43.628967,13.370953,8.0,4831967.2,2388586.47
PF23/0009/D472,AN,43.626321,13.36841,50.0,4831677.425,2388375.554
PF21/0013/D472,AN,43.631092,13.333015,50.0,4832264.082,2385530.544
PF22/0013/D472,AN,43.627897,13.343203,50.0,4831892.775,2386345.344
PF23/0013/D472,AN,43.632333,13.340711,50.0,4832389.377,2386154.188
PF24/0013/D472,AN,43.634268,13.346697,50.0,4832594.699,2386641.377
PF21/0014/D472,AN,43.632236,13.356624,50.0,4832353.073,2387437.69
PF22/0014/D472,AN,43.629697,13.349819,50.0,4832081.997,2386883.129
PF24/0014/D472,AN,43.626942,13.347552,8.0,4831779.67,2386694.11
PF25/0014/D472,AN,43.629225,13.352198,50.0,4832025.731,2387073.982
PF21/0015/D472,AN,43.631961,13.364047,50.0,4832310.789,2388035.902
PF22/0015/D472,AN,43.628505,13.359876,50.0,4831933.541,2387691.794
PF21/0017/D472,AN,43.608191,13.394094,50.0,4829623.362,2390408.759
PF23/0017/D472,AN,43.607674,13.378641,50.0,4829590.173,2389160.474
PF24/0017/D472,AN,43.604981,13.39004,50.0,4829273.236,2390074.689
PF25/0017/D472,AN,43.604349,13.397745,50.0,4829191.04,2390695.115
PF26/0017/D472,AN,43.609759,13.395977,50.0,4829794.594,2390564.059
PF21/0018/D472,AN,43.605728,13.412017,50.0,4829322.072,2391849.983
PF22/0018/D472,AN,43.604148,13.413594,50.0,4829144.109,2391973.888
PF23/0018/D472,AN,43.604422,13.401967,50.0,4829192.539,2391036.034
PF24/0018/D472,AN,43.60243,13.410513,50.0,4828958.022,2391721.58
PF22/0019/D472,AN,43.624889,13.344431,50.0,4831556.614,2386437.728
PF23/0019/D472,AN,43.629139,13.336803,50.0,4832040.997,2385831.78
PF21/0020/D472,AN,43.625173,13.361646,50.0,4831560.696,2387827.311
PF22/0020/D472,AN,43.623385,13.353818,50.0,4831374.595,2387191.842
PF23/0020/D472,AN,43.621025,13.364462,50.0,4831095.466,2388045.46
PF24/0020/D472,AN,43.620271,13.351803,8.0,4831031.96,2387022.36
PF21/0021/D472,AN,43.617416,13.359849,8.0,4830702.02,2387665.31
PF22/0021/D472,AN,43.61715,13.349338,50.0,4830689.236,2386816.553
PF23/0021/D472,AN,43.612977,13.34683,50.0,4830229.788,2386604.938
PF21/0027/D472,AN,43.597867,13.367549,50.0,4828518.523,2388243.927
PF23/0027/D472,AN,43.593055,13.371233,50.0,4827978.219,2388530.81
PF24/0027/D472,AN,43.595629,13.370736,50.0,4828264.946,2388496.323
PF25/0027/D472,AN,43.596309,13.374679,50.0,4828334.241,2388816.024
PF01/0001/D597,AN,43.475792,13.380598,50.0,4814939.913,2389033.123
PF02/0001/D597,AN,43.470182,13.379045,8.0,4814319.24,2388895.44
PF03/0001/D597,AN,43.474338,13.376765,50.0,4814784.45,2388719.984
PF04/0001/D597,AN,43.474757,13.387981,12.0,4814813.35,2389628.04
PF05/0001/D597,AN,43.473998,13.390075,50.0,4814725.737,2389795.787
PF01/0002/D597,AN,43.471633,13.395693,50.0,4814454.31,2390245.122
PF04/0002/D597,AN,43.471502,13.405409,10.0,4814424.68,2391030.71
PF05/0002/D597,AN,43.468911,13.397636,10.0,4814148.96,2390396.49
PF01/0003/D597,AN,43.463861,13.356995,12.0,4813652.19,2387097.94
PF05/0003/D597,AN,43.473485,13.354118,50.0,4814725.638,2386886.379
PF06/0003/D597,AN,43.46752,13.352191,50.0,4814066.279,2386717.433
PF07/0003/D597,AN,43.469458,13.360268,50.0,4814268.659,2387374.979
PF08/0003/D597,AN,43.46637,13.358562,50.0,4813928.343,2387230.248
PF02/0004/D597,AN,43.476212,13.371982,50.0,4815000.131,2388337.166
PF03/0004/D597,AN,43.473211,13.362707,12.0,4814681.54,2387580.51
PF04/0004/D597,AN,43.471692,13.366627,50.0,4814506.635,2387894.27
PF06/0004/D597,AN,43.475958,13.364776,12.0,4814983.33,2387753.86
PF07/0004/D597,AN,43.463672,13.366003,50.0,4813616.838,2387826.264
PF08/0004/D597,AN,43.469645,13.372512,50.0,4814269.898,2388365.811
PF01/0005/D597,AN,43.466443,13.37161,50.0,4813915.716,2388285.867
PF04/0005/D597,AN,43.466776,13.375012,12.0,4813947.4,2388561.79
PF01/0006/D597,AN,43.459056,13.391728,50.0,4813063.704,2389897.462
PF04/0006/D597,AN,43.465181,13.38572,12.0,4813753.36,2389424.54
PF06/0006/D597,AN,43.461868,13.396936,50.0,4813367.911,2390324.814
PF07/0006/D597,AN,43.468867,13.389763,50.0,4814156.389,2389759.517
PF01/0007/D597,AN,43.460056,13.407167,50.0,4813150.755,2391148.576
PF02/0007/D597,AN,43.464135,13.401008,50.0,4813613.309,2390658.994
PF03/0007/D597,AN,43.463646,13.406845,50.0,4813549.964,2391130.168
PF01/0008/D597,AN,43.46176,13.321638,12.0,4813475.96,2384233.04
PF02/0008/D597,AN,43.461137,13.323277,12.0,4813404.01,2384364.22
PF01/0009/D597,AN,43.46266,13.339601,50.0,4813546.7,2385688.18
PF02/0009/D597,AN,43.466413,13.334095,12.0,4813972.48,2385251.15
PF03/0009/D597,AN,43.464646,13.341411,12.0,4813764.43,2385839.01
PF04/0009/D597,AN,43.460173,13.340444,12.0,4813269.12,2385750.94
PF05/0009/D597,AN,43.457743,13.340435,12.0,4812999.25,2385744.81
PF06/0009/D597,AN,43.462031,13.334237,50.0,4813485.56,2385252.92
PF07/0009/D597,AN,43.465878,13.330541,12.0,4813918.81,2384962.46
PF01/0010/D597,AN,43.461675,13.347933,12.0,4813423.94,2386360.12
PF02/0010/D597,AN,43.464776,13.345651,50.0,4813772.024,2386182.284
PF03/0010/D597,AN,43.459194,13.34841,12.0,4813147.66,2386393.19
PF05/0010/D597,AN,43.456892,13.349222,50.0,4812890.659,2386453.863
PF01/0011/D597,AN,43.455865,13.362552,50.0,4812755.3,2387530.023
PF02/0011/D597,AN,43.458872,13.370552,50.0,4813076.559,2388183.834
PF03/0011/D597,AN,43.462788,13.367199,50.0,4813516.821,2387921.143
PF04/0011/D597,AN,43.458413,13.357419,50.0,4813046.414,2387120.377
PF06/0011/D597,AN,43.461848,13.360099,50.0,4813423.672,2387344.688
PF07/0011/D597,AN,43.460744,13.355842,50.0,4813307.886,2386997.833
PF01/0012/D597,AN,43.455522,13.38562,50.0,4812680.762,2389395.678
PF02/0012/D597,AN,43.452289,13.392844,50.0,4812310.392,2389973.22
PF04/0012/D597,AN,43.453472,13.399669,50.0,4812431.11,2390527.921
PF05/0012/D597,AN,43.451985,13.386,50.0,4812287.292,2389418.819
PF06/0012/D597,AN,43.458044,13.397836,50.0,4812941.813,2390389.417
PF07/0012/D597,AN,43.458107,13.405642,50.0,4812936.684,2391021.102
PF08/0012/D597,AN,43.454378,13.404195,50.0,4812524.734,2390896.058
PF01/0013/D597,AN,43.455981,13.414795,50.0,4812686.443,2391757.134
PF02/0013/D597,AN,43.455219,13.416755,50.0,4812598.708,2391914.034
PF02/0014/D597,AN,43.461038,13.309727,50.0,4813415.175,2383267.835
PF03/0014/D597,AN,43.459533,13.31739,50.0,4813235.511,2383884.385
PF05/0014/D597,AN,43.45901,13.307567,50.0,4813193.586,2383088.528
PF06/0014/D597,AN,43.46087,13.306064,50.0,4813402.615,2382971.129
PF01/0015/D597,AN,43.451541,13.325005,12.0,4812335.52,2384482.6
PF05/0015/D597,AN,43.460888,13.325848,12.0,4813372.23,2384571.7
PF06/0015/D597,AN,43.461589,13.329268,50.0,4813444.481,2384849.937
PF07/0015/D597,AN,43.459203,13.332234,8.0,4813174.69,2385084.56
PF08/0015/D597,AN,43.452776,13.320819,12.0,4812479.46,2384146.69
PF09/0015/D597,AN,43.454692,13.323404,12.0,4812688.06,2384360.06
PF03/0016/D597,AN,43.449248,13.346924,50.0,4812045.392,2386251.092
PF05/0016/D597,AN,43.455114,13.356467,50.0,4812681.643,2387036.096
PF06/0016/D597,AN,43.45221,13.345821,50.0,4812376.174,2386168.317
PF09/0016/D597,AN,43.449295,13.360177,50.0,4812029.41,2387323.498
PF10/0016/D597,AN,43.449477,13.343083,50.0,4812076.957,2385940.756
PF01/0017/D597,AN,43.453667,13.368856,50.0,4812501.231,2388035.344
PF02/0017/D597,AN,43.452392,13.382357,8.0,4812338.3,2389124.89
PF03/0017/D597,AN,43.45296,13.375763,50.0,4812411.704,2388592.603
PF04/0017/D597,AN,43.453743,13.37864,12.0,4812494.16,2388827.07
PF06/0017/D597,AN,43.450372,13.377653,50.0,4812121.319,2388739.938
PF07/0017/D597,AN,43.449836,13.385817,12.0,4812048.98,2389399.35
PF03/0018/D597,AN,43.446339,13.399163,50.0,4811639.781,2390471.765
PF04/0018/D597,AN,43.453219,13.401616,50.0,4812400.045,2390684.945
PF05/0018/D597,AN,43.449326,13.393422,50.0,4811980.371,2390013.648
PF06/0018/D597,AN,43.452355,13.397055,50.0,4812311.213,2390314.041
PF09/0018/D597,AN,43.446646,13.38818,50.0,4811690.953,2389583.711
PF01/0019/D597,AN,43.446241,13.405072,50.0,4811619.662,2390949.718
PF02/0019/D597,AN,43.444506,13.412846,50.0,4811415.02,2391575.1
PF03/0019/D597,AN,43.447093,13.41574,50.0,4811697.82,2391814.735
PF05/0019/D597,AN,43.448663,13.409433,50.0,4811881.889,2391307.743
PF09/0019/D597,AN,43.453189,13.414856,50.0,4812376.204,2391756.105
PF10/0019/D597,AN,43.455896,13.410187,50.0,4812684.045,2391384.13
PF11/0019/D597,AN,43.451607,13.412927,50.0,4812203.441,2391596.728
PF01/0020/D597,AN,43.458257,13.295579,50.0,4813129.741,2382116.964
PF02/0020/D597,AN,43.455436,13.297979,50.0,4812812.429,2382304.661
PF03/0020/D597,AN,43.45682,13.307073,50.0,4812951.119,2383043.588
PF01/0021/D597,AN,43.452262,13.304504,12.0,4812449.13,2382825.46
PF02/0021/D597,AN,43.45525,13.303154,50.0,4812783.21,2382722.974
PF03/0021/D597,AN,43.45474,13.309496,50.0,4812716.192,2383234.91
PF04/0021/D597,AN,43.450826,13.310766,50.0,4812279.382,2383328.898
PF05/0021/D597,AN,43.452427,13.315553,50.0,4812449.271,2383719.766
PF06/0021/D597,AN,43.457149,13.313289,50.0,4812977.51,2383547.248
PF04/0022/D597,AN,43.453677,13.335529,50.0,4812555.673,2385338.827
PF05/0022/D597,AN,43.453186,13.329169,50.0,4812511.446,2384823.21
PF07/0022/D597,AN,43.446391,13.336572,50.0,4811744.736,2385407.098
PF08/0022/D597,AN,43.450665,13.337277,50.0,4812218.293,2385473.626
PF09/0022/D597,AN,43.456808,13.333864,50.0,4812906.087,2385211.1
PF10/0022/D597,AN,43.445732,13.341729,50.0,4811663.247,2385822.937
PF01/0023/D597,AN,43.442889,13.3519,50.0,4811331.184,2386639.741
PF03/0023/D597,AN,43.446991,13.348814,50.0,4811791.678,2386399.004
PF05/0023/D597,AN,43.445656,13.356197,50.0,4811631.612,2386993.515
PF06/0023/D597,AN,43.445801,13.344948,50.0,4811665.787,2386083.551
PF09/0023/D597,AN,43.442675,13.365532,50.0,4811285.619,2387742.369
PF10/0023/D597,AN,43.442381,13.358696,50.0,4811263.921,2387188.561
PF12/0023/D597,AN,43.446773,13.360542,50.0,4811748.765,2387347.548
PF02/0024/D597,AN,43.444755,13.371338,50.0,4811507.44,2388216.789
PF04/0024/D597,AN,43.44662,13.368152,50.0,4811719.627,2387963.027
PF05/0024/D597,AN,43.446831,13.363844,50.0,4811749.961,2387614.856
PF08/0024/D597,AN,43.442313,13.372768,50.0,4811233.979,2388327.183
PF09/0024/D597,AN,43.441007,13.369263,50.0,4811094.497,2388040.708
PF10/0024/D597,AN,43.442688,13.370124,50.0,4811279.806,2388114.003
PF11/0024/D597,AN,43.44724,13.373012,50.0,4811780.802,2388357.616
PF12/0024/D597,AN,43.444066,13.366898,50.0,4811438.033,2387855.989
PF13/0024/D597,AN,43.455911,13.365866,12.0,4812755.1,2387798.28
PF02/0025/D597,AN,43.443727,13.383572,12.0,4811374.06,2389204.53
PF03/0025/D597,AN,43.445625,13.385357,50.0,4811582.04,2389353.041
PF05/0025/D597,AN,43.446478,13.380813,50.0,4811683.836,2388987.203
PF06/0025/D597,AN,43.448672,13.388555,50.0,4811915.414,2389618.375
PF02/0026/D597,AN,43.438199,13.408576,50.0,4810721.132,2391216.238
PF04/0026/D597,AN,43.438918,13.412514,50.0,4810794.838,2391536.427
PF05/0026/D597,AN,43.440554,13.40079,50.0,4810994.754,2390591.128
PF07/0026/D597,AN,43.439115,13.404676,50.0,4810828.849,2390902.533
PF08/0026/D597,AN,43.436192,13.412932,7.0,4810491.5,2391564.51
PF11/0026/D597,AN,43.440323,13.396904,50.0,4810975.159,2390276.163
PF12/0026/D597,AN,43.437807,13.400778,50.0,4810689.657,2390584.305
PF13/0026/D597,AN,43.43535,13.408171,50.0,4810405.277,2391177.39
PF02/0027/D597,AN,43.457088,13.27793,50.0,4813029.213,2380686.397
PF03/0027/D597,AN,43.453117,13.273778,50.0,4812595.197,2380341.32
PF04/0027/D597,AN,43.447322,13.280193,50.0,4811940.832,2380847.077
PF05/0027/D597,AN,43.448835,13.283642,50.0,4812103.084,2381129.643
PF06/0027/D597,AN,43.450961,13.28131,12.0,4812343.12,2380945.81
PF01/0028/D597,AN,43.453437,13.283373,50.0,4812614.64,2381118.406
PF02/0028/D597,AN,43.460094,13.291261,8.0,4813340.92,2381771.75
PF03/0028/D597,AN,43.451442,13.290247,50.0,4812381.604,2381669.981
PF03/0029/D597,AN,43.450583,13.300953,50.0,4812268.525,2382534.335
PF04/0029/D597,AN,43.452843,13.299655,12.0,4812521.71,2382434.38
PF06/0029/D597,AN,43.451402,13.292003,50.0,4812374.337,2381811.983
PF07/0029/D597,AN,43.448526,13.301728,8.0,4812038.77,2382592.38
PF08/0029/D597,AN,43.445393,13.292217,50.0,4811706.538,2381815.633
PF09/0029/D597,AN,43.448083,13.290559,50.0,4812008.121,2381687.62
PF10/0029/D597,AN,43.446786,13.31083,50.0,4811830.612,2383324.96
PF01/0030/D597,AN,43.443844,13.319521,50.0,4811489.595,2384021.624
PF02/0030/D597,AN,43.444915,13.324747,8.0,4811600.06,2384446.93
PF03/0030/D597,AN,43.446948,13.320175,12.0,4811833.22,2384081.5
PF05/0030/D597,AN,43.442801,13.330003,50.0,4811356.649,2384867.49
PF06/0030/D597,AN,43.444714,13.323867,12.0,4811579.09,2384375.25
PF07/0030/D597,AN,43.447862,13.315497,50.0,4811942.403,2383704.989
PF08/0030/D597,AN,43.442005,13.325565,50.0,4811275.534,2384506.582
PF01/0031/D597,AN,43.438334,13.334773,50.0,4810852.871,2385243.639
PF03/0031/D597,AN,43.43689,13.338478,50.0,4810686.473,2385540.255
PF05/0031/D597,AN,43.443833,13.338675,50.0,4811457.33,2385571.616
PF08/0031/D597,AN,43.434469,13.33452,8.0,4810423.98,2385214.54
PF09/0031/D597,AN,43.440513,13.346209,50.0,4811076.447,2386173.945
PF10/0031/D597,AN,43.439529,13.348346,50.0,4810963.693,2386344.731
PF12/0031/D597,AN,43.436282,13.343747,50.0,4810610.438,2385965.311
PF14/0031/D597,AN,43.433755,13.331339,50.0,4810349.87,2384955.519
PF15/0031/D597,AN,43.442773,13.343979,50.0,4811331.049,2385998.451
PF02/0032/D597,AN,43.439202,13.36393,8.0,4810902.44,2387605.15
PF03/0032/D597,AN,43.440635,13.366577,50.0,4811057.452,2387822.489
PF04/0032/D597,AN,43.439578,13.350678,50.0,4810965.442,2386533.511
PF07/0032/D597,AN,43.434466,13.344814,50.0,4810407.076,2386047.674
PF12/0032/D597,AN,43.437973,13.354629,50.0,4810780.848,2386849.788
PF13/0032/D597,AN,43.442212,13.348574,50.0,4811261.299,2386369.088
PF14/0032/D597,AN,43.436978,13.347575,50.0,4810681.608,2386276.714
PF15/0032/D597,AN,43.440482,13.357854,12.0,4811054.38,2387116.24
PF16/0032/D597,AN,43.438746,13.360854,50.0,4810856.759,2387355.255
PF01/0033/D597,AN,43.437332,13.358151,50.0,4810703.977,2387133.43
PF02/0033/D597,AN,43.436641,13.352284,50.0,4810636.662,2386657.031
PF03/0033/D597,AN,43.43563,13.358989,50.0,4810513.682,2387197.479
PF08/0033/D597,AN,43.434902,13.364784,50.0,4810423.548,2387664.959
PF09/0033/D597,AN,43.437408,13.366941,50.0,4810698.421,2387844.986
PF01/0034/D597,AN,43.436892,13.373221,50.0,4810631.244,2388352.047
PF03/0034/D597,AN,43.435902,13.377214,50.0,4810515.005,2388673.134
PF04/0034/D597,AN,43.438673,13.377383,50.0,4810822.466,2388692.803
PF07/0034/D597,AN,43.439495,13.381862,8.0,4810906.66,2389057.0
PF08/0034/D597,AN,43.441825,13.373593,50.0,4811178.499,2388392.905
PF01/0035/D597,AN,43.431221,13.389711,50.0,4809975.482,2389674.494
PF02/0035/D597,AN,43.440548,13.390202,50.0,4811010.574,2389734.268
PF03/0035/D597,AN,43.441451,13.38666,12.0,4811116.35,2389449.57
PF04/0035/D597,AN,43.436025,13.38943,12.0,4810509.41,2389662.07
PF05/0035/D597,AN,43.441182,13.393348,50.0,4811076.001,2389990.187
PF01/0036/D597,AN,43.432021,13.403611,50.0,4810042.608,2390801.26
PF03/0036/D597,AN,43.433228,13.409351,50.0,4810167.766,2391268.391
PF04/0036/D597,AN,43.424958,13.399597,12.0,4809264.5,2390461.29
PF05/0036/D597,AN,43.429591,13.407047,50.0,4809767.458,2391074.166
PF06/0036/D597,AN,43.435279,13.398876,12.0,4810411.87,2390424.95
PF01/0037/D597,AN,43.439632,13.286574,50.0,4811076.152,2381345.835
PF02/0037/D597,AN,43.444023,13.285642,50.0,4811565.313,2381280.427
PF05/0037/D597,AN,43.44712,13.284355,50.0,4811911.505,2381183.394
PF06/0037/D597,AN,43.448976,13.287109,50.0,4812112.97,2381410.456
PF07/0037/D597,AN,43.448003,13.290274,50.0,4811999.618,2381664.357
PF01/0038/D597,AN,43.439236,13.299326,50.0,4811011.003,2382376.965
PF02/0038/D597,AN,43.437551,13.303585,50.0,4810816.879,2382717.839
PF03/0038/D597,AN,43.438005,13.30952,50.0,4810857.502,2383199.122
PF05/0038/D597,AN,43.443635,13.301787,50.0,4811495.543,2382586.055
PF06/0038/D597,AN,43.443838,13.308915,50.0,4811506.333,2383163.376
PF07/0038/D597,AN,43.443277,13.295398,50.0,4811466.254,2382068.269
PF02/0039/D597,AN,43.438881,13.313779,50.0,4810947.738,2383545.765
PF07/0039/D597,AN,43.43765,13.311612,7.0,4810814.65,2383367.62
PF08/0039/D597,AN,43.439866,13.318918,50.0,4811048.726,2383963.877
PF09/0039/D597,AN,43.442172,13.316048,50.0,4811309.555,2383736.8
PF11/0039/D597,AN,43.43591,13.318713,50.0,4810609.782,2383938.412
PF02/0040/D597,AN,43.435626,13.351635,6.0,4810524.9,2386602.29
PF04/0040/D597,AN,43.434347,13.350032,50.0,4810385.482,2386469.742
PF01/0041/D597,AN,43.429761,13.369317,50.0,4809845.452,2388020.663
PF03/0041/D597,AN,43.42518,13.375869,50.0,4809326.316,2388541.013
PF04/0041/D597,AN,43.427421,13.375901,50.0,4809575.161,2388548.485
PF05/0041/D597,AN,43.426542,13.383721,12.0,4809465.19,2389179.56
PF06/0041/D597,AN,43.431496,13.376354,50.0,4810026.961,2388593.996
PF07/0041/D597,AN,43.430824,13.373061,50.0,4809957.519,2388325.994
PF08/0041/D597,AN,43.427664,13.367839,50.0,4809614.886,2387896.436
PF09/0041/D597,AN,43.42578,13.365867,50.0,4809408.718,2387732.667
PF02/0042/D597,AN,43.424572,13.393641,50.0,4809230.857,2389978.294
PF03/0042/D597,AN,43.430419,13.385993,50.0,4809892.173,2389371.833
PF06/0042/D597,AN,43.427375,13.391503,10.0,4809545.5,2389811.3
PF01/0043/D597,AN,43.429353,13.290789,50.0,4809927.542,2381663.543
PF03/0043/D597,AN,43.425772,13.28793,50.0,4809534.602,2381423.972
PF04/0043/D597,AN,43.435425,13.293354,50.0,4810597.669,2381884.937
PF01/0044/D597,AN,43.429559,13.302357,50.0,4809931.289,2382600.293
PF02/0044/D597,AN,43.427665,13.30068,8.0,4809723.63,2382460.27
PF04/0044/D597,AN,43.437286,13.299701,50.0,4810793.824,2382402.863
PF05/0044/D597,AN,43.432712,13.300961,50.0,4810283.696,2382494.461
PF06/0044/D597,AN,43.425824,13.296485,50.0,4809526.101,2382116.587
PF01/0045/D597,AN,43.427174,13.308562,50.0,4809656.154,2383097.163
PF02/0045/D597,AN,43.426883,13.304263,50.0,4809630.878,2382748.556
PF03/0045/D597,AN,43.433955,13.312394,50.0,4810402.933,2383422.648
PF04/0045/D597,AN,43.434757,13.306227,50.0,4810502.183,2382925.318
PF05/0045/D597,AN,43.423547,13.30536,50.0,4809258.642,2382829.781
PF01/0046/D597,AN,43.429228,13.315576,50.0,4809872.812,2383669.516
PF02/0046/D597,AN,43.431295,13.320456,50.0,4810094.402,2384069.168
PF04/0046/D597,AN,43.432364,13.323371,50.0,4810208.282,2384307.474
PF05/0046/D597,AN,43.428915,13.322439,50.0,4809826.787,2384224.349
PF06/0046/D597,AN,43.437123,13.316339,50.0,4810748.353,2383749.075
PF02/0047/D597,AN,43.430959,13.34106,50.0,4810023.644,2385736.148
PF06/0047/D597,AN,43.430113,13.346103,50.0,4809921.594,2386142.449
PF07/0047/D597,AN,43.433121,13.344878,50.0,4810257.627,2386049.878
PF08/0047/D597,AN,43.434443,13.339204,12.0,4810413.52,2385593.58
PF09/0047/D597,AN,43.426856,13.346118,50.0,4809559.772,2386136.425
PF10/0047/D597,AN,43.428259,13.343079,50.0,4809720.559,2385893.53
PF11/0047/D597,AN,43.433914,13.346781,50.0,4810342.578,2386205.668
PF14/0047/D597,AN,43.433093,13.330298,50.0,4810277.984,2384869.75
PF15/0047/D597,AN,43.43384,13.333898,50.0,4810355.156,2385162.805
PF16/0047/D597,AN,43.43312,13.342347,12.0,4810261.53,2385845.04
PF17/0047/D597,AN,43.428092,13.338407,50.0,4809709.516,2385515.01
PF18/0047/D597,AN,43.430659,13.333249,12.0,4810002.9,2385103.2
PF03/0048/D597,AN,43.42791,13.351399,50.0,4809668.392,2386566.288
PF07/0048/D597,AN,43.431638,13.347392,50.0,4810088.802,2386250.156
PF09/0048/D597,AN,43.424474,13.349888,50.0,4809289.187,2386436.399
PF11/0048/D597,AN,43.422218,13.350744,50.0,4809037.245,2386500.702
PF12/0048/D597,AN,43.427138,13.348549,50.0,4809587.221,2386333.864
PF13/0048/D597,AN,43.43384,13.350878,50.0,4810327.849,2386537.098
PF16/0048/D597,AN,43.423963,13.345994,12.0,4809238.656,2386120.067
PF01/0049/D597,AN,43.423386,13.356368,12.0,4809157.97,2386958.51
PF02/0049/D597,AN,43.423322,13.360404,12.0,4809144.5,2387285.16
PF03/0049/D597,AN,43.425961,13.353497,12.0,4809448.59,2386731.78
PF06/0049/D597,AN,43.430414,13.355003,50.0,4809940.721,2386863.483
PF07/0049/D597,AN,43.431438,13.357294,50.0,4810050.833,2387051.104
PF08/0049/D597,AN,43.427314,13.359358,50.0,4809589.51,2387209.174
PF01/0050/D597,AN,43.421319,13.374474,50.0,4808899.635,2388419.752
PF02/0050/D597,AN,43.422813,13.383201,50.0,4809051.878,2389129.456
PF03/0050/D597,AN,43.423486,13.367536,50.0,4809151.377,2387862.792
PF04/0050/D597,AN,43.416644,13.377317,50.0,4808375.941,2388639.775
PF05/0050/D597,AN,43.420476,13.385753,12.0,4808788.32,2389330.99
PF06/0050/D597,AN,43.416174,13.373944,50.0,4808329.1,2388365.681
PF01/0051/D597,AN,43.420644,13.298304,12.0,4808947.83,2382252.05
PF02/0051/D597,AN,43.42163,13.295908,12.0,4809061.29,2382060.29
PF01/0052/D597,AN,43.41622,13.309932,50.0,4808437.28,2383183.407
PF02/0052/D597,AN,43.417847,13.301139,12.0,4808632.48,2382475.23
PF02/0053/D597,AN,43.424505,13.315108,50.0,4809348.948,2383621.044
PF03/0053/D597,AN,43.420209,13.312354,50.0,4808876.354,2383388.503
PF04/0053/D597,AN,43.424394,13.322888,50.0,4809323.959,2384250.607
PF01/0054/D597,AN,43.417856,13.322852,50.0,4808597.904,2384233.103
PF02/0054/D597,AN,43.420541,13.327494,50.0,4808888.532,2384614.83
PF03/0054/D597,AN,43.428848,13.32609,50.0,4809813.409,2384519.739
PF04/0054/D597,AN,43.424414,13.328116,50.0,4809317.699,2384673.827
PF01/0055/D597,AN,43.421829,13.335556,50.0,4809018.47,2385270.322
PF02/0055/D597,AN,43.424064,13.343161,50.0,4809254.476,2385890.968
PF03/0055/D597,AN,43.418954,13.339633,50.0,4808692.681,2385594.069
PF04/0055/D597,AN,43.420045,13.346673,50.0,4808802.455,2386166.387
PF05/0055/D597,AN,43.425001,13.340576,50.0,4809362.67,2385683.775
PF01/0056/D597,AN,43.413116,13.366424,50.0,4808001.442,2387750.214
PF02/0056/D597,AN,43.411492,13.364392,50.0,4807824.217,2387582.172
PF05/0056/D597,AN,43.422262,13.362114,50.0,4809023.984,2387421.193
PF06/0056/D597,AN,43.418937,13.363738,50.0,4808652.123,2387545.444
PF01/0057/D597,AN,43.410182,13.30918,12.0,4807767.95,2383108.95
PF03/0057/D597,AN,43.41107,13.312032,12.0,4807861.9,2383341.86
PF04/0057/D597,AN,43.413131,13.307109,12.0,4808098.88,2382947.86
PF01/0058/D597,AN,43.414934,13.317325,50.0,4808282.408,2383779.046
PF03/0058/D597,AN,43.420999,13.320273,50.0,4808951.179,2384031.308
PF04/0058/D597,AN,43.413559,13.314028,50.0,4808135.106,2383509.061
PF01/0059/D597,AN,43.411578,13.326582,50.0,4807894.615,2384521.052
PF03/0059/D597,AN,43.408686,13.329356,50.0,4807568.923,2384739.208
PF04/0059/D597,AN,43.413109,13.319802,50.0,4808075.645,2383975.528
PF01/0060/D597,AN,43.415866,13.334617,12.0,4808357.73,2385181.14
PF02/0060/D597,AN,43.414591,13.347545,50.0,4808195.287,2386224.981
PF03/0060/D597,AN,43.411471,13.339109,50.0,4807862.451,2385535.071
PF04/0060/D597,AN,43.413718,13.344811,50.0,4808102.822,2386001.686
PF05/0060/D597,AN,43.416915,13.34294,50.0,4808460.888,2385857.226
PF01/0061/D597,AN,43.410282,13.352215,50.0,4807709.292,2386593.62
PF02/0061/D597,AN,43.416521,13.349758,50.0,4808406.092,2386408.4
PF04/0061/D597,AN,43.414178,13.351244,50.0,4808143.538,2386523.511
PF05/0061/D597,AN,43.407962,13.354859,12.0,4807447.43,2386802.58
PF01/0062/D597,AN,43.410652,13.360587,12.0,4807736.98,2387272.22
PF02/0062/D597,AN,43.413085,13.358384,50.0,4808010.682,2387099.208
PF03/0062/D597,AN,43.414986,13.362009,12.0,4808216.09,2387396.81
PF04/0062/D597,AN,43.417235,13.357765,50.0,4808472.644,2387058.173
PF05/0062/D597,AN,43.408009,13.364285,12.0,4807437.62,2387565.89
PF06/0062/D597,AN,43.419855,13.359006,50.0,4808761.68,2387164.373
PF08/0062/D597,AN,43.420858,13.354801,50.0,4808879.776,2386826.193
PF01/0063/D597,AN,43.400823,13.3188,12.0,4806712.76,2383866.84
PF02/0063/D597,AN,43.409991,13.318439,50.0,4807731.544,2383858.161
PF03/0063/D597,AN,43.405562,13.313684,50.0,4807247.518,2383463.212
PF01/0064/D597,AN,43.397582,13.330132,12.0,4806334.38,2384777.32
PF02/0064/D597,AN,43.399411,13.333234,8.0,4806532.48,2385032.61
PF04/0064/D597,AN,43.398028,13.326112,12.0,4806390.52,2384452.75
PF05/0064/D597,AN,43.400386,13.32837,50.0,4806648.702,2384640.884
PF06/0064/D597,AN,43.406089,13.320794,12.0,4807294.43,2384040.1
PF09/0064/D597,AN,43.403538,13.328824,50.0,4806997.973,2384684.617
PF10/0064/D597,AN,43.398076,13.321639,50.0,4806403.113,2384090.611
PF01/0065/D597,AN,43.403664,13.339369,50.0,4806994.91,2385538.821
PF02/0065/D597,AN,43.40848,13.348003,50.0,4807515.958,2386248.571
PF03/0065/D597,AN,43.405176,13.354593,50.0,4807138.379,2386774.912
PF05/0065/D597,AN,43.407655,13.340736,50.0,4807436.008,2385658.357
PF01/0066/D597,AN,43.39222,13.337634,50.0,4805726.763,2385372.994
PF02/0066/D597,AN,43.404228,13.335943,50.0,4807063.116,2385262.624
PF03/0066/D597,AN,43.395567,13.338148,50.0,4806097.632,2385422.004
PF04/0066/D597,AN,43.393245,13.341293,50.0,4805834.637,2385671.569
PF05/0066/D597,AN,43.40161,13.336379,50.0,4806771.613,2385292.157
PF01/0067/D597,AN,43.401272,13.344973,50.0,4806720.265,2385987.365
PF02/0067/D597,AN,43.401174,13.353596,12.0,4806695.58,2386685.41
PF03/0067/D597,AN,43.396023,13.348916,12.0,4806130.92,2386295.09
PF02/0001/D965,AN,43.467601,12.91768,12.0,4814862.79,2351569.38
PF03/0001/D965,AN,43.471957,12.916151,12.0,4815349.66,2351457.76
PF05/0001/D965,AN,43.469698,12.919714,6.0,4815091.53,2351739.7
PF01/0002/D965,AN,43.47253,12.929701,50.0,4815385.974,2352555.37
PF04/0002/D965,AN,43.468211,12.930352,50.0,4814904.891,2352596.115
PF05/0002/D965,AN,43.465376,12.935035,12.0,4814580.61,2352967.12
PF07/0002/D965,AN,43.470383,12.939512,50.0,4815127.784,2353343.06
PF08/0002/D965,AN,43.477058,12.927742,50.0,4815892.81,2352409.483
PF09/0002/D965,AN,43.474722,12.935522,50.0,4815617.718,2353032.226
PF10/0002/D965,AN,43.467441,12.925202,12.0,4814829.76,2352177.35
PF11/0002/D965,AN,43.466963,12.927628,12.0,4814771.83,2352372.29
PF01/0003/D965,AN,43.469344,12.940315,50.0,4815010.779,2353405.147
PF02/0003/D965,AN,43.480248,12.941409,20.0,4816219.64,2353523.63
PF03/0003/D965,AN,43.476125,12.945204,20.0,4815754.15,2353819.19
PF04/0003/D965,AN,43.475228,12.948187,12.0,4815648.59,2354057.98
PF05/0003/D965,AN,43.471607,12.946302,50.0,4815250.121,2353895.603
PF06/0003/D965,AN,43.468293,12.945354,12.0,4814883.98,2353809.86
PF02/0004/D965,AN,43.476137,12.95506,12.0,4815735.84,2354616.37
PF03/0004/D965,AN,43.4688,12.952055,12.0,4814926.89,2354353.32
PF04/0004/D965,AN,43.468671,12.951166,12.0,4814914.4,2354281.05
PF01/0005/D965,AN,43.465583,12.911485,12.0,4814651.23,2351062.61
PF02/0005/D965,AN,43.468028,12.91986,50.0,4814905.761,2351746.878
PF03/0005/D965,AN,43.467271,12.919547,50.0,4814822.339,2351719.442
PF03/0007/D965,AN,43.46457,12.947718,50.0,4814465.786,2353990.891
PF04/0007/D965,AN,43.467218,12.938465,50.0,4814778.344,2353249.639
PF01/0008/D965,AN,43.467286,12.952075,12.0,4814758.69,2354350.77
PF02/0008/D965,AN,43.46599,12.949913,50.0,4814619.152,2354172.332
PF03/0008/D965,AN,43.46622,12.961368,12.0,4814621.94,2355099.63
PF04/0008/D965,AN,43.47188,12.96122,12.0,4815250.82,2355103.07
PF05/0008/D965,AN,43.46378,12.953149,12.0,4814367.24,2354428.06
PF01/0009/D965,AN,43.455698,12.912985,12.0,4813550.22,2351156.47
PF01/0010/D965,AN,43.457197,12.9325,12.0,4813677.32,2352739.47
PF01/0011/D965,AN,43.461007,12.944827,12.0,4814075.87,2353747.27
PF02/0011/D965,AN,43.458312,12.943809,12.0,4813778.53,2353657.47
PF04/0011/D965,AN,43.463015,12.94573,8.0,4814297.0,2353825.85
PF05/0012/D965,AN,43.456584,12.948006,50.0,4813578.243,2353992.299
PF06/0012/D965,AN,43.458186,12.947508,50.0,4813757.167,2353956.439
PF07/0012/D965,AN,43.457535,12.95069,50.0,4813678.505,2354212.069
PF08/0012/D965,AN,43.449559,12.951421,12.0,4812791.23,2354249.45
PF09/0012/D965,AN,43.45397,12.949531,12.0,4813284.89,2354108.6
PF10/0012/D965,AN,43.45335,12.953743,12.0,4813207.65,2354447.68
PF11/0012/D965,AN,43.450957,12.945446,50.0,4812958.383,2353769.826
PF05/0014/D965,AN,43.450464,12.906949,12.0,4812981.22,2350653.45
PF06/0014/D965,AN,43.453133,12.906427,12.0,4813278.69,2350618.69
PF07/0014/D965,AN,43.451775,12.903676,12.0,4813133.53,2350392.3
PF08/0014/D965,AN,43.450228,12.894653,50.0,4812980.11,2349657.849
PF09/0014/D965,AN,43.453771,12.900029,10.0,4813362.6,2350102.8
PF01/0015/D965,AN,43.444194,12.912586,12.0,4812273.42,2351092.15
PF01/0016/D965,AN,43.447213,12.920246,12.0,4812593.15,2351720.4
PF01/0018/D965,AN,43.442201,12.945512,50.0,4811985.75,2353751.164
PF03/0018/D965,AN,43.444289,12.942466,50.0,4812223.818,2353510.382
PF04/0018/D965,AN,43.446758,12.941509,50.0,4812499.935,2353439.684
PF05/0018/D965,AN,43.445613,12.951106,50.0,4812353.643,2354213.137
PF06/0018/D965,AN,43.448465,12.948016,50.0,4812676.499,2353970.904
PF07/0018/D965,AN,43.449207,12.951147,50.0,4812752.673,2354226.288
PF02/0019/D965,AN,43.446365,12.97393,12.0,4812391.93,2356062.14
PF03/0019/D965,AN,43.445834,12.9735,12.0,4812333.76,2356025.91
PF01/0020/D965,AN,43.446851,12.893551,50.0,4812607.31,2349559.219
PF02/0020/D965,AN,43.449276,12.89348,50.0,4812876.735,2349560.276
PF03/0020/D965,AN,43.444333,12.894273,12.0,4812326.11,2349610.58
PF04/0020/D965,AN,43.443887,12.896949,50.0,4812271.172,2349825.824
PF05/0020/D965,AN,43.443526,12.901761,12.0,4812221.27,2350214.27
PF07/0020/D965,AN,43.448732,12.903758,50.0,4812795.347,2350390.437
PF09/0020/D965,AN,43.443468,12.894784,8.0,4812229.1,2349649.5
PF10/0020/D965,AN,43.44778,12.907905,12.0,4812681.14,2350723.36
PF11/0020/D965,AN,43.440533,12.899849,50.0,4811892.75,2350051.131
PF01/0021/D965,AN,43.436944,12.902166,12.0,4811489.38,2350228.58
PF03/0021/D965,AN,43.434961,12.90381,50.0,4811265.768,2350356.123
PF06/0021/D965,AN,43.439751,12.90342,50.0,4811798.551,2350337.984
PF07/0021/D965,AN,43.438966,12.907015,50.0,4811704.104,2350626.673
PF08/0021/D965,AN,43.440775,12.913368,12.0,4811892.06,2351145.92
PF09/0021/D965,AN,43.442873,12.90428,12.0,4812143.56,2350416.25
PF11/0021/D965,AN,43.446435,12.90947,8.0,4812528.65,2350846.24
PF12/0021/D965,AN,43.437343,12.908803,8.0,4811520.19,2350766.86
PF13/0021/D965,AN,43.437116,12.904927,50.0,4811502.907,2350452.549
PF14/0021/D965,AN,43.433197,12.908371,12.0,4811060.56,2350720.35
PF01/0022/D965,AN,43.431327,12.910552,50.0,4810848.502,2350891.709
PF02/0022/D965,AN,43.430284,12.914626,50.0,4810724.365,2351218.536
PF04/0022/D965,AN,43.433048,12.913893,50.0,4811032.836,2351166.871
PF02/0023/D965,AN,43.438777,12.940272,50.0,4811615.965,2353317.656
PF03/0023/D965,AN,43.434119,12.937356,50.0,4811104.489,2353068.875
PF04/0023/D965,AN,43.434912,12.932568,50.0,4811202.18,2352683.526
PF01/0024/D965,AN,43.435456,12.944324,12.0,4811239.07,2353636.54
PF03/0024/D965,AN,43.44176,12.945975,50.0,4811935.914,2353787.438
PF01/0025/D965,AN,43.433419,12.948817,50.0,4811003.827,2353994.547
PF02/0025/D965,AN,43.435522,12.953875,8.0,4811227.37,2354409.73
PF03/0025/D965,AN,43.434914,12.959817,12.0,4811148.07,2354888.96
PF04/0025/D965,AN,43.439666,12.95572,12.0,4811683.94,2354570.32
PF01/0026/D965,AN,43.442235,12.956583,50.0,4811967.563,2354647.134
PF02/0026/D965,AN,43.441744,12.953749,50.0,4811918.627,2354416.464
PF01/0027/D965,AN,43.436119,12.972085,12.0,4811257.59,2355885.13
PF02/0027/D965,AN,43.442009,12.975683,12.0,4811904.65,2356192.23
PF03/0027/D965,AN,43.44061,12.977979,12.0,4811744.8,2356374.25
PF01/0028/D965,AN,43.437458,12.982082,12.0,4811386.68,2356697.83
PF02/0028/D965,AN,43.439489,12.980932,12.0,4811614.49,2356610.21
PF02/0029/D965,AN,43.4225,12.89633,12.0,4809897.08,2349715.8
PF03/0029/D965,AN,43.423743,12.89882,50.0,4810030.041,2349920.867
PF04/0029/D965,AN,43.427142,12.903365,12.0,4810398.34,2350298.28
PF05/0029/D965,AN,43.427648,12.89499,50.0,4810471.595,2349621.729
PF06/0029/D965,AN,43.429469,12.893661,50.0,4810676.566,2349519.267
PF07/0029/D965,AN,43.426957,12.89156,7.0,4810401.89,2349342.18
PF01/0030/D965,AN,43.430997,12.923627,50.0,4810785.386,2351949.034
PF03/0030/D965,AN,43.432976,12.925143,50.0,4811002.082,2352077.201
PF03/0031/D965,AN,43.428751,12.928329,50.0,4810526.427,2352323.422
PF05/0031/D965,AN,43.431506,12.926417,50.0,4810836.302,2352176.311
PF06/0031/D965,AN,43.43232,12.931911,12.0,4810915.65,2352623.2
PF07/0031/D965,AN,43.429769,12.923869,50.0,4810648.483,2351965.212
PF08/0031/D965,AN,43.42783,12.933401,50.0,4810413.941,2352731.452
PF04/0032/D965,AN,43.431342,12.935692,50.0,4810799.463,2352926.575
PF05/0032/D965,AN,43.432105,12.94114,12.0,4810873.23,2353369.64
PF06/0032/D965,AN,43.434495,12.941025,50.0,4811138.87,2353366.895
PF07/0032/D965,AN,43.429021,12.935097,8.0,4810542.88,2352872.02
PF08/0032/D965,AN,43.427351,12.937803,50.0,4810351.936,2353086.408
PF01/0033/D965,AN,43.421044,12.949621,20.0,4809627.859,2354025.791
PF02/0033/D965,AN,43.431704,12.952993,12.0,4810805.08,2354327.88
PF03/0033/D965,AN,43.432489,12.948228,12.0,4810901.7,2353944.36
PF04/0034/D965,AN,43.422949,12.966323,50.0,4809806.27,2355383.096
PF07/0034/D965,AN,43.428549,12.954677,12.0,4810451.34,2354455.55
PF08/0034/D965,AN,43.426803,12.96575,50.0,4810235.481,2355347.154
PF09/0034/D965,AN,43.424525,12.959227,50.0,4809995.418,2354812.96
PF01/0035/D965,AN,43.431031,12.96574,12.0,4810705.03,2355357.77
PF06/0035/D965,AN,43.430484,12.97217,12.0,4810631.58,2355876.78
PF07/0035/D965,AN,43.430281,12.976838,12.0,4810599.9,2356254.05
PF01/0036/D965,AN,43.420603,12.968811,12.0,4809540.8,2355578.16
PF02/0036/D965,AN,43.426946,12.969696,12.0,4810243.54,2355666.92
PF03/0036/D965,AN,43.418483,12.968219,50.0,4809306.535,2355524.463
PF04/0036/D965,AN,43.420973,12.972549,12.0,4809574.49,2355881.7
PF01/0037/D965,AN,43.419838,12.986874,50.0,4809420.356,2357038.329
PF02/0037/D965,AN,43.423154,12.990712,8.0,4809781.14,2357357.92
PF07/0037/D965,AN,43.428461,12.979197,12.0,4810393.05,2356440.13
PF08/0037/D965,AN,43.423944,12.980157,12.0,4809889.6,2356505.68
PF09/0037/D965,AN,43.420917,12.995237,50.0,4809523.842,2357718.241
PF10/0037/D965,AN,43.421129,12.989113,50.0,4809559.371,2357223.082
PF11/0037/D965,AN,43.418498,12.983839,50.0,4809277.509,2356789.075
PF01/0038/D965,AN,43.41995,12.871983,12.0,4809663.97,2347737.58
PF04/0039/D965,AN,43.424957,12.883714,50.0,4810195.871,2348701.383
PF05/0039/D965,AN,43.429531,12.882902,50.0,4810705.489,2348648.577
PF06/0039/D965,AN,43.42129,12.883236,12.0,4809789.62,2348652.35
PF01/0040/D965,AN,43.425383,12.885965,50.0,4810238.545,2348884.863
PF02/0040/D965,AN,43.425616,12.891091,50.0,4810253.942,2349300.469
PF01/0041/D965,AN,43.421781,12.907696,12.0,4809794.13,2350633.89
PF02/0041/D965,AN,43.430581,12.905501,12.0,4810775.93,2350480.78
PF03/0041/D965,AN,43.427593,12.905214,12.0,4810444.62,2350449.22
PF04/0041/D965,AN,43.426465,12.914738,50.0,4810299.981,2351217.008
PF05/0041/D965,AN,43.424833,12.911058,50.0,4810126.254,2350914.521
PF01/0042/D965,AN,43.415245,12.910635,20.0,4809062.25,2350853.581
PF02/0042/D965,AN,43.41553,12.919192,8.0,4809076.56,2351547.18
PF04/0042/D965,AN,43.413568,12.916392,50.0,4808864.269,2351315.063
PF05/0042/D965,AN,43.424519,12.914694,50.0,4810083.996,2351208.029
PF06/0042/D965,AN,43.419298,12.92006,50.0,4809493.278,2351627.928
PF07/0042/D965,AN,43.422783,12.915933,50.0,4809888.66,2351303.456
PF01/0043/D965,AN,43.418117,12.924109,50.0,4809353.899,2351952.451
PF03/0043/D965,AN,43.419258,12.920289,50.0,4809488.374,2351646.333
PF04/0043/D965,AN,43.42047,12.922373,50.0,4809618.805,2351818.36
PF06/0043/D965,AN,43.42573,12.921515,50.0,4810204.705,2351763.527
PF07/0043/D965,AN,43.427078,12.931173,12.0,4810334.98,2352548.99
PF01/0044/D965,AN,43.421529,12.934305,50.0,4809712.397,2352787.256
PF02/0044/D965,AN,43.425801,12.936143,50.0,4810183.089,2352947.833
PF03/0044/D965,AN,43.418636,12.933959,50.0,4809391.704,2352751.271
PF02/0045/D965,AN,43.415563,12.955879,8.0,4809006.71,2354517.5
PF03/0045/D965,AN,43.420746,12.946936,50.0,4809600.068,2353807.627
PF04/0045/D965,AN,43.419065,12.948792,50.0,4809409.662,2353953.276
PF05/0045/D965,AN,43.415969,12.945332,50.0,4809072.784,2353664.724
PF06/0045/D965,AN,43.418195,12.94655,50.0,4809317.547,2353769.431
PF07/0045/D965,AN,43.419565,12.94608,50.0,4809470.693,2353735.096
PF02/0046/D965,AN,43.41291,12.976116,50.0,4808672.034,2356148.73
PF01/0047/D965,AN,43.416106,12.985949,50.0,4809007.669,2356953.499
PF03/0047/D965,AN,43.418909,12.989751,50.0,4809311.545,2357268.78
PF01/0048/D965,AN,43.412328,12.881936,12.0,4808796.92,2348521.86
PF02/0049/D965,AN,43.415256,12.896441,8.0,4809092.35,2349704.45
PF03/0049/D965,AN,43.417377,12.903659,50.0,4809313.153,2350294.764
PF04/0049/D965,AN,43.415058,12.900187,50.0,4809062.674,2350007.137
PF05/0049/D965,AN,43.414003,12.902788,50.0,4808940.204,2350214.846
PF06/0049/D965,AN,43.412746,12.8961,50.0,4808814.329,2349669.78
PF07/0049/D965,AN,43.416289,12.894122,50.0,4809211.836,2349519.57
PF08/0049/D965,AN,43.417314,12.898867,50.0,4809316.01,2349906.609
PF09/0049/D965,AN,43.417925,12.893158,50.0,4809395.511,2349446.156
PF01/0050/D965,AN,43.411092,12.903421,50.0,4808615.681,2350257.945
PF02/0050/D965,AN,43.414023,12.904946,50.0,4808938.038,2350389.554
PF01/0051/D965,AN,43.406866,12.917631,50.0,4808117.493,2351396.749
PF03/0051/D965,AN,43.414769,12.919703,50.0,4808991.017,2351586.401
PF01/0052/D965,AN,43.408375,12.932948,12.0,4808254.12,2352641.14
PF02/0052/D965,AN,43.407421,12.929109,50.0,4808155.933,2352327.685
PF03/0052/D965,AN,43.410013,12.929228,50.0,4808443.515,2352344.482
PF04/0052/D965,AN,43.413252,12.921934,50.0,4808817.942,2351762.833
PF01/0053/D965,AN,43.407889,12.937204,50.0,4808191.62,2352984.443
PF04/0053/D965,AN,43.410837,12.94212,12.0,4808509.24,2353390.59
PF06/0053/D965,AN,43.412071,12.947569,50.0,4808635.381,2353835.137
PF07/0053/D965,AN,43.414117,12.932699,12.0,4808892.32,2352636.85
PF09/0053/D965,AN,43.404598,12.938963,50.0,4807822.632,2353117.863
PF10/0053/D965,AN,43.410172,12.946148,50.0,4808427.344,2353714.924
PF11/0053/D965,AN,43.412059,12.949591,50.0,4808630.047,2353998.873
PF01/0054/D965,AN,43.403119,12.954749,12.0,4807626.84,2354392.07
PF02/0055/D965,AN,43.413103,12.969593,50.0,4808706.337,2355621.122
PF03/0055/D965,AN,43.411726,12.968315,50.0,4808555.841,2355513.963
PF04/0055/D965,AN,43.402079,12.956351,12.0,4807508.17,2354519.01
PF05/0055/D965,AN,43.40128,12.960527,12.0,4807411.11,2354854.99
PF02/0056/D965,AN,43.403275,12.97101,50.0,4807611.95,2355709.267
PF03/0056/D965,AN,43.40326,12.977692,50.0,4807597.148,2356250.359
PF04/0056/D965,AN,43.405584,12.978148,50.0,4807854.365,2356293.537
PF05/0056/D965,AN,43.408303,12.972624,50.0,4808167.256,2355853.561
PF06/0056/D965,AN,43.410289,12.971845,8.0,4808389.37,2355795.86
PF08/0056/D965,AN,43.41074,12.968767,50.0,4808445.527,2355547.836
PF09/0056/D965,AN,43.404947,12.969562,50.0,4807800.5,2355596.567
PF10/0056/D965,AN,43.401503,12.973606,50.0,4807410.052,2355914.752
PF11/0056/D965,AN,43.410916,12.969787,10.0,4808463.0,2355630.9
PF02/0057/D965,AN,43.407267,12.98111,50.0,4808035.48,2356537.877
PF04/0057/D965,AN,43.41454,12.982836,50.0,4808839.828,2356697.182
PF05/0057/D965,AN,43.413794,12.986118,50.0,4808750.606,2356960.927
PF07/0057/D965,AN,43.419054,12.989376,12.0,4809328.36,2357238.82
PF08/0057/D965,AN,43.417641,12.987377,12.0,4809175.39,2357073.16
PF09/0057/D965,AN,43.417717,12.985339,50.0,4809187.821,2356908.373
PF01/0058/D965,AN,43.400671,12.889392,12.0,4807486.92,2349092.71
PF03/0059/D965,AN,43.398411,12.902367,50.0,4807209.412,2350137.136
PF01/0060/D965,AN,43.398214,12.906993,50.0,4807178.099,2350511.243
PF02/0060/D965,AN,43.398631,12.903246,50.0,4807232.044,2350208.973
PF03/0060/D965,AN,43.395031,12.905176,50.0,4806828.328,2350355.217
PF04/0060/D965,AN,43.404262,12.907336,50.0,4807849.106,2350555.833
PF05/0060/D965,AN,43.395193,12.91032,50.0,4806835.799,2350772.218
PF01/0061/D965,AN,43.399156,12.916015,12.0,4807264.39,2351244.48
PF01/0062/D965,AN,43.405133,12.931026,12.0,4807897.96,2352476.61
PF01/0063/D965,AN,43.399532,12.930454,50.0,4807277.031,2352414.87
PF03/0063/D965,AN,43.397158,12.932165,50.0,4807009.968,2352546.823
PF06/0063/D965,AN,43.405859,12.932599,12.0,4807975.38,2352606.01
PF07/0063/D965,AN,43.39746,12.935996,8.0,4807035.75,2352857.91
PF08/0063/D965,AN,43.403409,12.936367,12.0,4807695.73,2352904.38
PF01/0064/D965,AN,43.403256,12.938436,12.0,4807674.63,2353071.47
PF01/0065/D965,AN,43.402214,12.968222,50.0,4807499.608,2355480.632
PF05/0065/D965,AN,43.402305,12.97065,8.0,4807504.95,2355677.54
PF07/0065/D965,AN,43.400927,12.961073,50.0,4807370.818,2354898.218
PF08/0065/D965,AN,43.396828,12.9744,50.0,4806889.315,2355966.435
PF01/0066/D965,AN,43.402122,12.980091,50.0,4807466.035,2356441.53
PF02/0066/D965,AN,43.400352,12.978728,50.0,4807272.122,2356326.367
PF05/0066/D965,AN,43.400636,12.980945,50.0,4807299.339,2356506.732
PF06/0066/D965,AN,43.4038,12.984361,12.0,4807644.11,2356791.84
PF07/0066/D965,AN,43.395939,12.97883,50.0,4806781.864,2356322.783
PF08/0066/D965,AN,43.394311,12.987133,50.0,4806584.759,2356990.829
PF09/0066/D965,AN,43.398252,12.988006,50.0,4807020.742,2357072.134
PF01/0067/D965,AN,43.388692,12.906706,12.0,4806121.13,2350461.43
PF02/0067/D965,AN,43.394086,12.904378,50.0,4806724.962,2350287.885
PF03/0067/D965,AN,43.386215,12.911144,12.0,4805837.0,2350814.0
PF01/0068/D965,AN,43.390517,12.912571,50.0,4806311.92,2350941.531
PF02/0068/D965,AN,43.39716,12.918736,8.0,4807037.23,2351459.27
PF03/0068/D965,AN,43.393338,12.913274,50.0,4806623.863,2351006.36
PF04/0068/D965,AN,43.38173,12.910958,12.0,4805339.31,2350786.44
PF05/0068/D965,AN,43.397304,12.915234,12.0,4807060.28,2351176.08
PF02/0069/D965,AN,43.393226,12.929644,50.0,4806578.3,2352331.808
PF03/0069/D965,AN,43.388754,12.92581,50.0,4806089.32,2352008.972
PF04/0070/D965,AN,43.384185,12.90397,12.0,4805626.16,2350227.2
PF05/0071/D965,AN,43.393969,12.975362,50.0,4806569.904,2356036.609
PF07/0071/D965,AN,43.389151,12.980889,50.0,4806023.93,2356471.242
PF09/0071/D965,AN,43.391031,12.982148,50.0,4806230.249,2356578.306
PF01/0072/D965,AN,43.388655,12.97745,12.0,4805975.54,2356191.42
PF02/0073/D965,AN,43.381713,12.98506,50.0,4805189.647,2356789.124
PF03/0073/D965,AN,43.383347,12.982979,50.0,4805375.205,2356624.996
PF02/0074/D965,AN,43.37453,12.979826,50.0,4804402.144,2356345.807
PF03/0074/D965,AN,43.374106,12.980167,50.0,4804354.456,2356372.273
PF03/0001/E388,AN,43.579916,13.315684,50.0,4826608.424,2384017.154
PF04/0001/E388,AN,43.578527,13.310423,21.0,4826462.83,2383589.187
PF03/0002/E388,AN,43.582022,13.324971,50.0,4826827.197,2384771.694
PF04/0002/E388,AN,43.582719,13.329748,50.0,4826896.781,2385158.948
PF05/0002/E388,AN,43.584241,13.316598,21.0,4827087.235,2384100.637
PF03/0003/E388,AN,43.578132,13.305051,50.0,4826427.755,2383154.593
PF05/0003/E388,AN,43.571458,13.302853,50.0,4825690.138,2382961.956
PF07/0003/E388,AN,43.568141,13.299169,21.0,4825327.827,2382656.963
PF05/0004/E388,AN,43.570686,13.316515,12.0,4825581.99,2384063.43
PF06/0004/E388,AN,43.575449,13.32713,20.0,4826093.677,2384931.296
PF01/0005/E388,AN,43.570408,13.324182,12.0,4825538.55,2384681.94
PF02/0005/E388,AN,43.577068,13.327062,50.0,4826273.575,2384929.407
PF03/0005/E388,AN,43.572272,13.326396,50.0,4825741.965,2384864.928
PF06/0005/E388,AN,43.575449,13.32713,20.0,4826093.677,2384931.296
PF01/0006/E388,AN,43.563324,13.294641,50.0,4824800.303,2382280.276
PF06/0006/E388,AN,43.564159,13.303833,50.0,4824877.868,2383024.525
PF07/0006/E388,AN,43.562522,13.303155,21.0,4824697.168,2382966.042
PF01/0007/E388,AN,43.558458,13.314135,8.0,4824227.75,2383843.75
PF03/0007/E388,AN,43.569966,13.308522,50.0,4825515.091,2383416.358
PF04/0007/E388,AN,43.564588,13.310011,50.0,4824915.294,2383524.443
PF05/0007/E388,AN,43.567427,13.30851,21.0,4825233.134,2383409.629
PF02/0008/E388,AN,43.56797,13.32056,50.0,4825273.68,2384383.996
PF05/0008/E388,AN,43.564916,13.313701,50.0,4824945.656,2383823.239
PF06/0008/E388,AN,43.565126,13.321241,50.0,4824956.732,2384432.61
PF07/0008/E388,AN,43.567978,13.315527,21.0,4825282.823,2383977.555
PF01/0009/E388,AN,43.557609,13.287311,12.0,4824177.74,2381675.19
PF03/0009/E388,AN,43.560232,13.294156,50.0,4824457.727,2382234.063
PF05/0009/E388,AN,43.558932,13.290524,50.0,4824319.316,2381937.764
PF10/0009/E388,AN,43.558187,13.293694,50.0,4824231.348,2382192.08
PF11/0009/E388,AN,43.56069,13.289995,21.0,4824515.473,2381899.063
PF01/0010/E388,AN,43.55754,13.303841,50.0,4824142.738,2383010.196
PF03/0010/E388,AN,43.55397,13.301216,50.0,4823750.578,2382790.099
PF04/0010/E388,AN,43.556557,13.310171,50.0,4824023.092,2383519.284
PF05/0010/E388,AN,43.554798,13.295426,21.0,4823852.062,2382324.294
PF01/0011/E388,AN,43.553262,13.31656,50.0,4823646.695,2384027.908
PF05/0011/E388,AN,43.554067,13.315405,20.0,4823737.979,2383936.388
PF06/0012/E388,AN,43.546563,13.216522,50.0,4823071.15,2375931.165
PF07/0012/E388,AN,43.544031,13.220234,50.0,4822783.53,2376225.013
PF09/0012/E388,AN,43.547836,13.222838,21.0,4823201.711,2376444.486
PF01/0013/E388,AN,43.551368,13.226141,50.0,4823588.292,2376719.639
PF04/0013/E388,AN,43.556113,13.231729,50.0,4824105.593,2377182.285
PF05/0013/E388,AN,43.555088,13.222085,50.0,4824008.402,2376400.813
PF06/0013/E388,AN,43.552622,13.218323,50.0,4823740.973,2376091.08
PF07/0013/E388,AN,43.550162,13.233438,50.0,4823441.713,2377306.23
PF08/0013/E388,AN,43.548938,13.228473,21.0,4823314.279,2376902.317
PF01/0014/E388,AN,43.549116,13.235521,50.0,4823321.949,2377472.063
PF02/0014/E388,AN,43.549991,13.239315,12.0,4823412.7,2377780.63
PF04/0014/E388,AN,43.546409,13.241977,50.0,4823010.274,2377987.231
PF05/0014/E388,AN,43.552092,13.239408,50.0,4823645.84,2377793.051
PF08/0014/E388,AN,43.545078,13.245364,50.0,4822856.643,2378257.767
PF09/0014/E388,AN,43.548587,13.244042,50.0,4823248.653,2378159.153
PF10/0014/E388,AN,43.554135,13.243087,50.0,4823866.448,2378095.072
PF12/0014/E388,AN,43.555086,13.235823,21.0,4823984.49,2377510.487
PF01/0015/E388,AN,43.552854,13.246795,50.0,4823717.885,2378391.538
PF03/0015/E388,AN,43.548422,13.254682,50.0,4823212.224,2379018.324
PF04/0015/E388,AN,43.545999,13.257679,50.0,4822938.027,2379254.805
PF09/0015/E388,AN,43.552944,13.250383,50.0,4823721.813,2378681.586
PF11/0015/E388,AN,43.546988,13.252764,21.0,4823056.177,2378860.003
PF02/0016/E388,AN,43.551043,13.27689,50.0,4823465.914,2380818.367
PF03/0016/E388,AN,43.553577,13.272959,50.0,4823753.926,2380506.645
PF05/0016/E388,AN,43.546589,13.265878,50.0,4822989.769,2379918.472
PF06/0016/E388,AN,43.548463,13.272083,21.0,4823187.384,2380424.119
PF02/0017/E388,AN,43.549863,13.278633,50.0,4823331.912,2380956.441
PF03/0017/E388,AN,43.548342,13.284179,50.0,4823153.695,2381401.014
PF04/0017/E388,AN,43.551894,13.280158,50.0,4823554.897,2381084.349
PF08/0017/E388,AN,43.556388,13.289731,50.0,4824038.072,2381867.856
PF09/0017/E388,AN,43.551297,13.28567,21.0,4823479.424,2381528.226
PF06/0018/E388,AN,43.551342,13.299666,50.0,4823461.259,2382658.901
PF08/0018/E388,AN,43.554116,13.298391,12.0,4823771.39,2382562.24
PF10/0018/E388,AN,43.549897,13.29107,21.0,4823314.951,2381961.245
PF03/0019/E388,AN,43.550951,13.317516,12.0,4823388.48,2384099.95
PF04/0019/E388,AN,43.549259,13.312912,50.0,4823208.125,2383724.216
PF05/0019/E388,AN,43.54998,13.308227,21.0,4823295.826,2383347.334
PF09/0020/E388,AN,43.538342,13.220326,50.0,4822151.566,2376218.948
PF11/0020/E388,AN,43.539859,13.216548,50.0,4822326.547,2375917.317
PF12/0020/E388,AN,43.540738,13.213146,50.0,4822430.071,2375644.53
PF14/0020/E388,AN,43.535203,13.222178,50.0,4821799.774,2376361.106
PF15/0020/E388,AN,43.536186,13.2242,12.0,4821905.46,2376526.83
PF16/0020/E388,AN,43.534827,13.216222,21.0,4821768.3,2375879.015
PF01/0021/E388,AN,43.542982,13.230066,50.0,4822650.112,2377016.876
PF02/0021/E388,AN,43.538741,13.231468,50.0,4822176.61,2377120.14
PF03/0021/E388,AN,43.536556,13.234423,50.0,4821928.966,2377353.751
PF04/0021/E388,AN,43.538576,13.228322,50.0,4822163.704,2376865.571
PF06/0021/E388,AN,43.544746,13.232405,21.0,4822842.043,2377209.982
PF01/0022/E388,AN,43.540259,13.234411,50.0,4822340.23,2377361.483
PF06/0022/E388,AN,43.542437,13.237498,50.0,4822576.864,2377616.076
PF08/0022/E388,AN,43.53819,13.238043,50.0,4822104.166,2377650.036
PF09/0022/E388,AN,43.538958,13.241357,50.0,4822183.826,2377919.666
PF10/0022/E388,AN,43.536662,13.237278,21.0,4821935.829,2377584.635
PF03/0023/E388,AN,43.547707,13.261119,50.0,4823121.959,2379536.674
PF07/0023/E388,AN,43.540423,13.264549,50.0,4822307.136,2379796.814
PF09/0023/E388,AN,43.537109,13.257224,50.0,4821951.512,2379197.337
PF12/0023/E388,AN,43.539041,13.261279,50.0,4822159.132,2379529.464
PF13/0023/E388,AN,43.544929,13.270017,12.0,4822798.4,2380249.08
PF15/0023/E388,AN,43.543899,13.262556,20.0,4822696.518,2379643.893
PF01/0024/E388,AN,43.546016,13.273368,50.0,4822913.47,2380522.302
PF05/0024/E388,AN,43.544721,13.281188,50.0,4822756.62,2381151.067
PF06/0024/E388,AN,43.548611,13.276245,50.0,4823196.829,2380760.667
PF08/0024/E388,AN,43.543115,13.276388,20.0,4822586.184,2380759.582
PF05/0025/E388,AN,43.543227,13.288797,50.0,4822577.929,2381762.365
PF06/0025/E388,AN,43.538978,13.281927,50.0,4822117.47,2381197.589
PF07/0025/E388,AN,43.541159,13.282302,21.0,4822359.052,2381232.894
PF01/0026/E388,AN,43.539246,13.292472,50.0,4822129.685,2382050.135
PF03/0026/E388,AN,43.545595,13.290868,12.0,4822837.57,2381935.03
PF05/0026/E388,AN,43.541987,13.294345,21.0,4822430.987,2382207.703
PF03/0027/E388,AN,43.544989,13.304606,50.0,4822747.521,2383043.516
PF04/0027/E388,AN,43.539205,13.307599,21.0,4822100.122,2383272.243
PF01/0028/E388,AN,43.536119,13.316098,50.0,4821743.508,2383951.978
PF03/0028/E388,AN,43.543716,13.322693,12.0,4822576.42,2384501.86
PF05/0028/E388,AN,43.544318,13.316803,50.0,4822652.899,2384027.394
PF06/0028/E388,AN,43.540804,13.320586,20.0,4822256.443,2384325.136
PF03/0029/E388,AN,43.533073,13.32328,50.0,4821393.453,2384525.465
PF04/0029/E388,AN,43.537298,13.325362,12.0,4821859.3,2384703.19
PF05/0029/E388,AN,43.540533,13.32347,50.0,4822221.629,2384557.552
PF06/0029/E388,AN,43.538706,13.321783,21.0,4822021.474,2384417.144
PF02/0030/E388,AN,43.525646,13.182298,50.0,4820807.972,2373115.619
PF04/0030/E388,AN,43.527683,13.174773,12.0,4821047.57,2372512.44
PF06/0030/E388,AN,43.533235,13.182631,20.0,4821650.25,2373160.916
PF01/0031/E388,AN,43.530358,13.183418,50.0,4821329.338,2373217.493
PF04/0031/E388,AN,43.527836,13.182991,50.0,4821049.984,2373176.877
PF07/0031/E388,AN,43.533871,13.191783,50.0,4821704.735,2373901.943
PF08/0031/E388,AN,43.537318,13.192524,50.0,4822086.286,2373970.158
PF09/0031/E388,AN,43.530322,13.19081,21.0,4821312.306,2373814.777
PF03/0032/E388,AN,43.525303,13.202104,50.0,4820735.12,2374715.369
PF05/0032/E388,AN,43.529004,13.200654,50.0,4821148.705,2374607.108
PF06/0032/E388,AN,43.531927,13.197999,50.0,4821477.973,2374399.561
PF09/0032/E388,AN,43.53742,13.202583,50.0,4822080.028,2374783.197
PF13/0032/E388,AN,43.535979,13.196637,20.0,4821930.379,2374299.271
PF03/0033/E388,AN,43.526825,13.20351,12.0,4820901.7,2374832.62
PF10/0033/E388,AN,43.535018,13.204263,50.0,4821810.31,2374913.173
PF13/0033/E388,AN,43.524811,13.206442,12.0,4820672.89,2375064.73
PF14/0033/E388,AN,43.529763,13.209704,12.0,4821217.13,2375340.24
PF15/0033/E388,AN,43.52816,13.23927,20.0,4820988.138,2377725.596
PF02/0034/E388,AN,43.523438,13.214213,50.0,4820506.813,2375689.518
PF09/0034/E388,AN,43.53318,13.219289,50.0,4821580.027,2376122.896
PF14/0034/E388,AN,43.531679,13.212871,50.0,4821424.475,2375600.688
PF16/0034/E388,AN,43.533046,13.215292,50.0,4821572.104,2375799.62
PF17/0034/E388,AN,43.530173,13.216214,20.0,4821251.414,2375867.281
PF15/0035/E388,AN,43.528559,13.234207,50.0,4821041.066,2377317.415
PF17/0035/E388,AN,43.532543,13.241552,12.0,4821471.06,2377920.35
PF18/0035/E388,AN,43.53142,13.236359,50.0,4821355.225,2377498.057
PF20/0035/E388,AN,43.532656,13.227039,10.0,4821508.5,2376747.9
PF22/0035/E388,AN,43.5318,13.230456,21.0,4821407.534,2377021.925
PF03/0036/E388,AN,43.532567,13.245404,50.0,4821467.1,2378231.62
PF05/0036/E388,AN,43.53427,13.247231,50.0,4821653.113,2378383.251
PF09/0036/E388,AN,43.537226,13.244692,50.0,4821985.753,2378185.026
PF12/0036/E388,AN,43.542249,13.246707,52.0,4822540.18,2378359.6
PF13/0036/E388,AN,43.544819,13.249735,50.0,4822820.43,2378610.239
PF14/0036/E388,AN,43.538707,13.247443,50.0,4822145.541,2378410.762
PF15/0036/E388,AN,43.534511,13.239922,21.0,4821692.401,2377793.214
PF06/0037/E388,AN,43.534596,13.252055,50.0,4821681.17,2378773.827
PF07/0037/E388,AN,43.541279,13.251846,50.0,4822423.732,2378772.501
PF08/0037/E388,AN,43.542342,13.255573,50.0,4822535.407,2379076.115
PF09/0037/E388,AN,43.537037,13.252963,50.0,4821950.658,2378852.845
PF10/0037/E388,AN,43.535769,13.249825,21.0,4821815.234,2378596.347
PF01/0038/E388,AN,43.53573,13.260867,50.0,4821792.129,2379488.499
PF05/0038/E388,AN,43.539269,13.268866,50.0,4822171.708,2380142.933
PF07/0038/E388,AN,43.539798,13.275302,50.0,4822219.652,2380664.214
PF08/0038/E388,AN,43.536852,13.267656,50.0,4821905.337,2380039.62
PF09/0038/E388,AN,43.534246,13.264812,50.0,4821620.677,2379803.804
PF10/0038/E388,AN,43.542206,13.270768,21.0,4822494.652,2380303.434
PF01/0039/E388,AN,43.531446,13.265324,50.0,4821308.824,2379838.627
PF04/0039/E388,AN,43.531408,13.271691,50.0,4821293.886,2380353.067
PF06/0039/E388,AN,43.533445,13.277072,50.0,4821511.078,2380792.594
PF09/0039/E388,AN,43.537307,13.283895,50.0,4821928.639,2381352.742
PF17/0039/E388,AN,43.537066,13.275805,21.0,4821915.434,2380698.551
PF01/0040/E388,AN,43.531546,13.278209,12.0,4821298.24,2380880.08
PF02/0040/E388,AN,43.536069,13.28593,50.0,4821787.742,2381514.313
PF03/0040/E388,AN,43.529083,13.28291,50.0,4821016.939,2381254.267
PF04/0040/E388,AN,43.530861,13.284712,50.0,4821211.374,2381403.975
PF05/0040/E388,AN,43.532198,13.288705,50.0,4821353.218,2381729.697
PF06/0040/E388,AN,43.533834,13.280239,50.0,4821549.007,2381049.374
PF07/0040/E388,AN,43.529017,13.280275,21.0,4821013.987,2381041.239
PF03/0041/E388,AN,43.528289,13.299535,50.0,4820901.077,2382595.961
PF04/0041/E388,AN,43.533615,13.300782,21.0,4821490.607,2382708.768
PF01/0042/E388,AN,43.53088,13.3044,12.0,4821180.81,2382994.95
PF05/0042/E388,AN,43.529989,13.301495,21.0,4821086.706,2382758.156
PF03/0043/E388,AN,43.533507,13.316036,50.0,4821453.471,2383941.112
PF04/0043/E388,AN,43.5299,13.317483,20.0,4821050.56,2384049.929
PF01/0044/E388,AN,43.520358,13.319552,50.0,4819987.413,2384195.749
PF06/0044/E388,AN,43.531216,13.319136,21.0,4821194.022,2384186.461
PF02/0045/E388,AN,43.523085,13.176151,12.0,4820534.37,2372612.58
PF04/0045/E388,AN,43.520618,13.178557,50.0,4820256.161,2372801.004
PF05/0045/E388,AN,43.521061,13.174556,12.0,4820312.43,2372478.72
PF07/0045/E388,AN,43.514121,13.181123,50.0,4819530.053,2372992.645
PF08/0045/E388,AN,43.517705,13.180303,21.0,4819929.515,2372935.066
PF03/0046/E388,AN,43.523346,13.190147,50.0,4820538.642,2373744.301
PF05/0046/E388,AN,43.521855,13.197573,50.0,4820360.031,2374340.872
PF06/0046/E388,AN,43.516679,13.185636,20.0,4819806.147,2373363.622
PF12/0047/E388,AN,43.5202,13.210475,50.0,4820153.765,2375379.65
PF13/0047/E388,AN,43.522711,13.209597,50.0,4820434.107,2375314.742
PF14/0047/E388,AN,43.520224,13.201012,50.0,4820172.864,2374614.881
PF15/0047/E388,AN,43.519335,13.203199,12.0,4820070.3,2374789.51
PF17/0047/E388,AN,43.5244,13.204251,21.0,4820631.037,2374886.721
PF01/0048/E388,AN,43.528462,13.22002,50.0,4821054.825,2376170.71
PF07/0048/E388,AN,43.526262,13.233998,50.0,4820786.408,2377295.082
PF09/0048/E388,AN,43.528299,13.225776,12.0,4821026.77,2376635.48
PF11/0048/E388,AN,43.521836,13.23363,50.0,4820295.407,2377254.946
PF13/0048/E388,AN,43.522916,13.227361,50.0,4820426.155,2376750.813
PF19/0048/E388,AN,43.527648,13.229101,50.0,4820948.711,2376902.669
PF22/0048/E388,AN,43.524882,13.215386,50.0,4820665.251,2375787.73
PF23/0048/E388,AN,43.526247,13.218807,50.0,4820810.917,2376067.417
PF24/0048/E388,AN,43.525724,13.227317,50.0,4820738.132,2376753.893
PF25/0048/E388,AN,43.52582,13.230865,50.0,4820742.633,2377040.897
PF27/0048/E388,AN,43.528485,13.231221,50.0,4821038.057,2377075.955
PF28/0048/E388,AN,43.526247,13.224802,50.0,4820800.556,2376551.907
PF30/0048/E388,AN,43.52471,13.222641,50.0,4820633.49,2376373.61
PF31/0048/E388,AN,43.523261,13.218388,50.0,4820479.935,2376026.491
PF32/0048/E388,AN,43.530297,13.223729,50.0,4821252.217,2376474.794
PF33/0048/E388,AN,43.523759,13.231501,21.0,4820512.659,2377087.378
PF01/0049/E388,AN,43.522539,13.23721,50.0,4820367.378,2377545.881
PF06/0049/E388,AN,43.523765,13.241785,50.0,4820495.718,2377918.522
PF07/0049/E388,AN,43.524148,13.238667,50.0,4820543.565,2377667.465
PF08/0049/E388,AN,43.524962,13.243566,50.0,4820625.625,2378065.299
PF09/0049/E388,AN,43.525771,13.238783,21.0,4820723.635,2377680.622
PF07/0050/E388,AN,43.526829,13.244158,12.0,4820831.97,2378117.47
PF09/0050/E388,AN,43.526591,13.241843,50.0,4820809.437,2377929.864
PF10/0050/E388,AN,43.527183,13.235929,12.0,4820885.35,2377453.34
PF12/0050/E388,AN,43.52816,13.23927,21.0,4820988.138,2377725.596
PF01/0051/E388,AN,43.529698,13.241209,50.0,4821155.587,2377885.917
PF03/0051/E388,AN,43.530216,13.244575,50.0,4821207.353,2378159.143
PF07/0051/E388,AN,43.528494,13.248842,50.0,4821008.913,2378499.879
PF10/0051/E388,AN,43.528963,13.245701,21.0,4821066.342,2378247.176
PF01/0052/E388,AN,43.52395,13.251076,50.0,4820500.4,2378669.838
PF05/0052/E388,AN,43.526853,13.250649,50.0,4820823.582,2378642.107
PF07/0052/E388,AN,43.526008,13.248797,50.0,4820732.881,2378490.425
PF08/0052/E388,AN,43.524696,13.253201,20.0,4820579.668,2378843.301
PF04/0053/E388,AN,43.526668,13.259409,50.0,4820788.201,2379349.626
PF05/0053/E388,AN,43.526215,13.267025,12.0,4820724.96,2379964.02
PF06/0053/E388,AN,43.527965,13.262081,50.0,4820927.73,2379568.558
PF08/0053/E388,AN,43.528691,13.267789,12.0,4820998.68,2380031.48
PF13/0053/E388,AN,43.53397,13.258124,50.0,4821601.36,2379262.699
PF17/0053/E388,AN,43.529603,13.258619,50.0,4821115.412,2379292.551
PF20/0053/E388,AN,43.525028,13.257632,50.0,4820609.032,2379202.176
PF21/0053/E388,AN,43.529484,13.254311,50.0,4821109.498,2378944.131
PF22/0053/E388,AN,43.532102,13.259559,21.0,4821391.449,2379374.343
PF03/0054/E388,AN,43.52344,13.265195,50.0,4820419.865,2379809.68
PF05/0054/E388,AN,43.525694,13.274725,50.0,4820654.187,2380585.076
PF08/0054/E388,AN,43.519832,13.265748,50.0,4820018.18,2379845.999
PF09/0054/E388,AN,43.524541,13.260674,21.0,4820549.796,2379446.88
PF01/0055/E388,AN,43.528266,13.275525,50.0,4820938.467,2380655.653
PF02/0055/E388,AN,43.530193,13.269396,50.0,4821162.812,2380164.806
PF06/0055/E388,AN,43.528423,13.269759,21.0,4820965.639,2380190.065
PF02/0056/E388,AN,43.520682,13.292595,12.0,4820067.68,2382017.73
PF04/0056/E388,AN,43.51721,13.280264,50.0,4819702.615,2381013.183
PF05/0056/E388,AN,43.517732,13.279798,21.0,4819761.409,2380976.771
PF05/0057/E388,AN,43.520783,13.303687,50.0,4820060.63,2382914.429
PF07/0057/E388,AN,43.520992,13.295455,21.0,4820097.434,2382249.591
PF01/0058/E388,AN,43.525135,13.318117,50.0,4820520.314,2384090.495
PF10/0058/E388,AN,43.526431,13.311806,50.0,4820674.505,2383583.33
PF11/0058/E388,AN,43.52816,13.315512,21.0,4820860.53,2383886.74
PF02/0059/E388,AN,43.507943,13.177675,12.0,4818849.98,2372698.9
PF03/0059/E388,AN,43.505833,13.180267,50.0,4818611.043,2372903.338
PF04/0059/E388,AN,43.507465,13.183077,50.0,4818787.4,2373134.426
PF05/0059/E388,AN,43.510344,13.181843,21.0,4819109.242,2373041.669
PF05/0060/E388,AN,43.506684,13.188704,50.0,4818690.731,2373587.389
PF06/0060/E388,AN,43.508423,13.19231,50.0,4818877.437,2373883.128
PF07/0060/E388,AN,43.506408,13.193605,50.0,4818651.457,2373982.953
PF11/0060/E388,AN,43.512138,13.201503,50.0,4819274.013,2374635.17
PF13/0060/E388,AN,43.515772,13.196096,50.0,4819687.1,2374206.895
PF14/0060/E388,AN,43.516388,13.191919,50.0,4819762.768,2373870.751
PF16/0060/E388,AN,43.506587,13.196912,12.0,4818665.55,2374250.73
PF17/0060/E388,AN,43.511148,13.193196,21.0,4819178.545,2373961.328
PF01/0061/E388,AN,43.504816,13.210517,50.0,4818445.044,2375346.29
PF02/0061/E388,AN,43.506863,13.211304,12.0,4818671.02,2375414.78
PF05/0061/E388,AN,43.512764,13.206394,50.0,4819335.022,2375032.012
PF07/0061/E388,AN,43.514684,13.204137,50.0,4819552.201,2374854.19
PF14/0061/E388,AN,43.51795,13.207628,50.0,4819908.805,2375144.145
PF15/0061/E388,AN,43.517648,13.214716,50.0,4819862.901,2375716.353
PF16/0061/E388,AN,43.506264,13.208281,8.0,4818609.77,2375169.01
PF18/0061/E388,AN,43.507766,13.204531,12.0,4818783.14,2374869.48
PF19/0061/E388,AN,43.514046,13.210173,21.0,4819470.749,2375340.573
PF04/0062/E388,AN,43.512251,13.218845,50.0,4819256.419,2376037.227
PF05/0062/E388,AN,43.513449,13.214451,50.0,4819397.073,2375684.939
PF06/0062/E388,AN,43.510999,13.222064,50.0,4819111.699,2376294.473
PF11/0062/E388,AN,43.508863,13.22411,50.0,4818870.979,2376454.798
PF12/0062/E388,AN,43.509257,13.217525,50.0,4818926.164,2375923.423
PF13/0062/E388,AN,43.510982,13.225413,21.0,4819104.055,2376565.089
PF02/0063/E388,AN,43.519454,13.218416,50.0,4820057.113,2376019.658
PF07/0063/E388,AN,43.519729,13.223878,50.0,4820078.203,2376461.757
PF11/0063/E388,AN,43.518245,13.227662,12.0,4819906.8,2376764.12
PF12/0063/E388,AN,43.516138,13.229223,12.0,4819670.17,2376885.32
PF16/0063/E388,AN,43.520516,13.227283,50.0,4820159.698,2376738.806
PF19/0063/E388,AN,43.521991,13.222866,50.0,4820331.198,2376385.352
PF21/0063/E388,AN,43.517093,13.217829,50.0,4819795.892,2375966.623
PF23/0063/E388,AN,43.515559,13.225733,12.0,4819611.83,2376601.8
PF24/0063/E388,AN,43.521694,13.230758,12.0,4820284.6,2377022.48
PF25/0063/E388,AN,43.518415,13.232551,50.0,4819917.334,2377159.618
PF26/0063/E388,AN,43.520044,13.23337,12.0,4820096.87,2377229.67
PF27/0063/E388,AN,43.517207,13.22186,21.0,4819801.57,2376292.662
PF11/0064/E388,AN,43.51485,13.233562,12.0,4819519.68,2377232.92
PF12/0064/E388,AN,43.511619,13.228361,50.0,4819169.765,2376804.96
PF13/0064/E388,AN,43.514202,13.231482,20.0,4819451.239,2377063.276
PF03/0065/E388,AN,43.514309,13.235152,12.0,4819456.84,2377360.2
PF04/0065/E388,AN,43.513086,13.233323,12.0,4819324.12,2377209.44
PF05/0065/E388,AN,43.512673,13.23551,50.0,4819274.549,2377385.245
PF06/0065/E388,AN,43.513491,13.237702,21.0,4819361.601,2377564.367
PF04/0066/E388,AN,43.516918,13.237299,50.0,4819742.899,2377539.865
PF06/0066/E388,AN,43.51539,13.235312,50.0,4819576.59,2377375.687
PF08/0066/E388,AN,43.516124,13.23312,50.0,4819661.931,2377200.212
PF10/0066/E388,AN,43.51677,13.231352,50.0,4819736.673,2377058.873
PF11/0066/E388,AN,43.519578,13.235968,50.0,4820040.607,2377438.54
PF13/0066/E388,AN,43.520642,13.237868,50.0,4820155.531,2377594.656
PF14/0066/E388,AN,43.518787,13.238662,50.0,4819948.197,2377654.422
PF15/0066/E388,AN,43.51788,13.235524,21.0,4819852.799,2377398.656
PF04/0067/E388,AN,43.517275,13.239848,50.0,4819778.199,2377746.722
PF08/0067/E388,AN,43.515383,13.237565,12.0,4819571.98,2377557.77
PF09/0067/E388,AN,43.515462,13.24211,50.0,4819572.99,2377925.307
PF10/0067/E388,AN,43.517093,13.242274,50.0,4819753.867,2377942.41
PF11/0067/E388,AN,43.513623,13.239865,20.0,4819372.561,2377739.514
PF05/0068/E388,AN,43.521102,13.24336,50.0,4820197.216,2378039.553
PF09/0068/E388,AN,43.522222,13.240934,12.0,4820325.75,2377846.15
PF11/0068/E388,AN,43.522392,13.243581,12.0,4820340.17,2378060.47
PF12/0068/E388,AN,43.519024,13.239437,50.0,4819973.107,2377717.661
PF13/0068/E388,AN,43.519671,13.241462,21.0,4820041.554,2377882.801
PF01/0069/E388,AN,43.522216,13.245558,50.0,4820317.267,2378219.791
PF05/0069/E388,AN,43.522934,13.247086,50.0,4820394.368,2378344.981
PF07/0069/E388,AN,43.51986,13.245571,50.0,4820055.505,2378215.391
PF08/0069/E388,AN,43.524333,13.249207,50.0,4820546.116,2378519.679
PF09/0069/E388,AN,43.526344,13.24589,50.0,4820775.091,2378256.322
PF10/0069/E388,AN,43.523654,13.243257,50.0,4820480.851,2378037.242
PF11/0069/E388,AN,43.524351,13.245185,21.0,4820554.987,2378194.671
PF05/0070/E388,AN,43.523687,13.256051,50.0,4820462.788,2379071.302
PF06/0070/E388,AN,43.520546,13.247662,50.0,4820128.141,2378385.958
PF07/0070/E388,AN,43.519124,13.249269,50.0,4819967.528,2378512.501
PF08/0070/E388,AN,43.521689,13.24984,50.0,4820251.431,2378564.635
PF11/0070/E388,AN,43.52262,13.252051,50.0,4820351.076,2378745.482
PF12/0070/E388,AN,43.522599,13.247829,21.0,4820355.895,2378404.251
PF01/0071/E388,AN,43.51857,13.244153,50.0,4819914.719,2378097.723
PF03/0071/E388,AN,43.51687,13.248019,50.0,4819719.254,2378406.231
PF04/0071/E388,AN,43.518352,13.246945,50.0,4819885.733,2378322.84
PF05/0071/E388,AN,43.516333,13.250724,50.0,4819655.021,2378623.6
PF06/0071/E388,AN,43.517569,13.251264,20.0,4819791.393,2378670.119
PF04/0072/E388,AN,43.520739,13.253842,50.0,4820139.056,2378885.916
PF05/0072/E388,AN,43.522011,13.259199,50.0,4820271.304,2379321.794
PF08/0072/E388,AN,43.513636,13.25548,50.0,4819347.412,2379001.729
PF10/0072/E388,AN,43.518467,13.254296,20.0,4819885.982,2378917.275
PF01/0073/E388,AN,43.513444,13.264987,50.0,4819310.02,2379769.753
PF02/0073/E388,AN,43.514502,13.261303,50.0,4819433.779,2379474.372
PF05/0073/E388,AN,43.515424,13.271525,21.0,4819518.931,2380302.776
PF01/0074/E388,AN,43.517291,13.289252,50.0,4819696.674,2381739.825
PF02/0074/E388,AN,43.519722,13.290607,50.0,4819964.435,2381854.928
PF03/0074/E388,AN,43.515975,13.294242,50.0,4819542.206,2382140.165
PF04/0074/E388,AN,43.51744,13.284285,50.0,4819721.535,2381338.716
PF05/0074/E388,AN,43.520376,13.288321,20.0,4820040.858,2381671.607
PF02/0075/E388,AN,43.513439,13.317931,50.0,4819221.584,2384049.173
PF04/0075/E388,AN,43.515395,13.312708,21.0,4819447.371,2383631.386
PF03/0076/E388,AN,43.527289,13.333772,50.0,4820734.022,2385360.361
PF04/0076/E388,AN,43.521902,13.331266,50.0,4820139.812,2385145.855
PF07/0076/E388,AN,43.52788,13.330249,21.0,4820805.418,2385077.037
PF01/0077/E388,AN,43.502685,13.187999,50.0,4818247.779,2373520.78
PF04/0077/E388,AN,43.502572,13.193517,50.0,4818225.502,2373966.555
PF08/0077/E388,AN,43.503378,13.204075,60.0,4818296.571,2374822.03
PF09/0077/E388,AN,43.505765,13.204506,50.0,4818560.979,2374862.61
PF13/0077/E388,AN,43.505783,13.190691,21.0,4818587.081,2373745.881
PF01/0078/E388,AN,43.497237,13.199966,60.0,4817621.692,2374475.116
PF03/0078/E388,AN,43.501097,13.198325,12.0,4818053.29,2374351.7
PF04/0078/E388,AN,43.50294,13.208333,21.0,4818240.459,2375165.283
PF01/0079/E388,AN,43.502707,13.211504,50.0,4818209.138,2375421.056
PF02/0079/E388,AN,43.501226,13.216323,12.0,4818036.27,2375807.15
PF03/0079/E388,AN,43.505337,13.214712,50.0,4818495.618,2375686.679
PF07/0079/E388,AN,43.503554,13.220625,12.0,4818287.39,2376160.43
PF12/0079/E388,AN,43.50494,13.225923,50.0,4818432.198,2376592.005
PF13/0079/E388,AN,43.50669,13.220025,21.0,4818636.667,2376119.354
PF01/0080/E388,AN,43.509559,13.22875,50.0,4818940.241,2376831.532
PF12/0080/E388,AN,43.510821,13.233276,20.0,4819072.645,2377200.311
PF07/0081/E388,AN,43.506007,13.23165,50.0,4818540.774,2377057.567
PF08/0081/E388,AN,43.508403,13.236048,21.0,4818799.335,2377418.69
PF01/0082/E388,AN,43.510005,13.238405,50.0,4818973.287,2377613.043
PF02/0082/E388,AN,43.510401,13.242934,50.0,4819009.468,2377980.0
PF04/0082/E388,AN,43.513263,13.246634,50.0,4819321.034,2378285.829
PF05/0082/E388,AN,43.515201,13.244722,50.0,4819539.539,2378135.799
PF08/0082/E388,AN,43.512543,13.252365,50.0,4819231.303,2378747.415
PF09/0082/E388,AN,43.515129,13.253426,50.0,4819516.762,2378839.155
PF10/0082/E388,AN,43.515493,13.245387,21.0,4819570.824,2378190.243
PF01/0083/E388,AN,43.509515,13.268467,50.0,4818867.766,2380041.96
PF03/0083/E388,AN,43.505887,13.2709,12.0,4818460.73,2380230.2
PF04/0083/E388,AN,43.510663,13.272959,50.0,4818987.741,2380407.695
PF05/0083/E388,AN,43.507158,13.276945,12.0,4818591.77,2380721.78
PF06/0083/E388,AN,43.510221,13.276502,20.0,4818932.711,2380693.087
PF03/0084/E388,AN,43.509753,13.292278,50.0,4818854.411,2381967.218
PF06/0084/E388,AN,43.512327,13.280203,50.0,4819160.45,2380997.073
PF07/0084/E388,AN,43.512438,13.299711,21.0,4819140.34,2382574.146
PF04/0085/E388,AN,43.514955,13.298668,50.0,4819421.582,2382495.565
PF06/0085/E388,AN,43.514588,13.30937,50.0,4819363.215,2383359.737
PF07/0085/E388,AN,43.514246,13.304365,21.0,4819333.468,2382954.433
PF01/0086/E388,AN,43.507061,13.333392,50.0,4818488.082,2385284.7
PF06/0086/E388,AN,43.50852,13.342859,21.0,4818634.813,2386053.172
PF03/0087/E388,AN,43.497082,13.22381,50.0,4817563.027,2376402.56
PF04/0087/E388,AN,43.49735,13.21949,12.0,4817600.26,2376053.95
PF07/0087/E388,AN,43.495249,13.226518,21.0,4817354.873,2376617.172
PF01/0088/E388,AN,43.49452,13.232006,50.0,4817264.365,2377059.22
PF02/0088/E388,AN,43.497917,13.234957,50.0,4817636.613,2377305.808
PF04/0088/E388,AN,43.499936,13.239567,50.0,4817853.015,2377683.28
PF06/0088/E388,AN,43.496033,13.236579,20.0,4817424.549,2377432.502
PF02/0089/E388,AN,43.497668,13.249843,50.0,4817583.509,2378508.742
PF03/0089/E388,AN,43.494857,13.241809,50.0,4817284.989,2377852.634
PF04/0089/E388,AN,43.500955,13.248484,50.0,4817950.964,2378406.615
PF09/0089/E388,AN,43.504961,13.241676,50.0,4818407.491,2377865.572
PF12/0089/E388,AN,43.505985,13.247487,50.0,4818511.281,2378337.76
PF13/0089/E388,AN,43.499055,13.246397,50.0,4817743.434,2378233.395
PF14/0089/E388,AN,43.503796,13.248223,21.0,4818266.861,2378392.119
PF01/0090/E388,AN,43.497659,13.254081,50.0,4817575.342,2378851.403
PF03/0090/E388,AN,43.502856,13.253073,50.0,4818154.226,2378782.035
PF13/0090/E388,AN,43.508791,13.254293,20.0,4818811.348,2378894.496
PF14/0090/E388,AN,43.507915,13.257385,20.0,4818708.826,2379142.359
PF15/0090/E388,AN,43.499782,13.262189,50.0,4817797.419,2379511.859
PF17/0090/E388,AN,43.504921,13.256792,21.0,4818377.26,2379087.489
PF01/0091/E388,AN,43.499274,13.266975,50.0,4817732.97,2379897.639
PF02/0091/E388,AN,43.501707,13.264028,50.0,4818008.104,2379664.962
PF03/0091/E388,AN,43.503834,13.264935,50.0,4818242.83,2379743.222
PF04/0091/E388,AN,43.506534,13.265259,14.0,4818542.14,2379775.7
PF07/0091/E388,AN,43.50958,13.266018,50.0,4818879.19,2379844.102
PF10/0091/E388,AN,43.511354,13.257782,50.0,4819090.072,2379182.488
PF13/0091/E388,AN,43.509579,13.259545,50.0,4818889.93,2379320.867
PF15/0091/E388,AN,43.506298,13.261653,50.0,4818522.014,2379483.673
PF17/0091/E388,AN,43.51062,13.262054,20.0,4819001.322,2379526.103
PF03/0092/E388,AN,43.497569,13.279482,12.0,4817522.58,2380904.86
PF04/0092/E388,AN,43.501332,13.268691,50.0,4817958.561,2380041.077
PF06/0092/E388,AN,43.506764,13.26909,12.0,4818561.17,2380085.94
PF07/0092/E388,AN,43.504983,13.267132,21.0,4818366.684,2379923.543
PF04/0093/E388,AN,43.497799,13.295415,12.0,4817521.62,2382193.61
PF07/0093/E388,AN,43.507319,13.282784,50.0,4818599.967,2381194.24
PF08/0093/E388,AN,43.502426,13.281343,50.0,4818058.904,2381066.473
PF09/0093/E388,AN,43.505689,13.293065,10.0,4818401.81,2382021.55
PF10/0093/E388,AN,43.504562,13.290344,21.0,4818281.107,2381799.014
PF03/0094/E388,AN,43.506804,13.300702,50.0,4818512.943,2382641.508
PF04/0094/E388,AN,43.502154,13.297337,12.0,4818002.05,2382358.87
PF05/0094/E388,AN,43.499766,13.297309,12.0,4817736.95,2382351.19
PF06/0094/E388,AN,43.503826,13.299043,21.0,4818184.949,2382500.595
PF01/0095/E388,AN,43.485741,13.218423,50.0,4816312.786,2375940.051
PF02/0095/E388,AN,43.484424,13.213796,50.0,4816174.545,2375562.776
PF03/0095/E388,AN,43.487655,13.22276,50.0,4816517.903,2376295.338
PF06/0095/E388,AN,43.494073,13.216498,12.0,4817241.51,2375804.23
PF08/0095/E388,AN,43.491834,13.21814,50.0,4816989.972,2375931.654
PF09/0095/E388,AN,43.488806,13.218837,20.0,4816652.547,2375980.809
PF01/0096/E388,AN,43.488284,13.226232,50.0,4816581.736,2376577.568
PF03/0096/E388,AN,43.492012,13.223431,50.0,4817000.591,2376359.947
PF04/0096/E388,AN,43.490947,13.231895,50.0,4816867.755,2377041.776
PF06/0096/E388,AN,43.496498,13.229335,21.0,4817488.632,2376847.891
PF01/0097/E388,AN,43.485525,13.234697,50.0,4816260.814,2377255.585
PF02/0097/E388,AN,43.493239,13.239779,50.0,4817108.798,2377684.697
PF05/0097/E388,AN,43.488991,13.236459,21.0,4816642.747,2377406.231
PF03/0098/E388,AN,43.482072,13.248509,12.0,4815853.67,2378364.47
PF05/0098/E388,AN,43.489611,13.244525,50.0,4816697.81,2378059.933
PF06/0098/E388,AN,43.48536,13.243614,21.0,4816227.235,2377976.303
PF07/0099/E388,AN,43.492919,13.257627,1.0,4817042.95,2379127.057
PF08/0099/E388,AN,43.49608,13.257927,21.0,4817393.412,2379158.69
PF01/0100/E388,AN,43.4904,13.264425,12.0,4816751.63,2379670.89
PF03/0100/E388,AN,43.495543,13.26892,50.0,4817315.3,2380046.285
PF04/0100/E388,AN,43.486806,13.271083,12.0,4816341.33,2380200.95
PF05/0100/E388,AN,43.484264,13.273839,50.0,4816054.37,2380418.001
PF06/0100/E388,AN,43.492747,13.26286,21.0,4817015.005,2379549.821
PF01/0101/E388,AN,43.495728,13.272346,12.0,4817330.11,2380323.71
PF02/0101/E388,AN,43.498554,13.270895,50.0,4817646.406,2380212.876
PF04/0101/E388,AN,43.490441,13.278464,21.0,4816732.672,2380806.163
PF04/0102/E388,AN,43.497001,13.285913,50.0,4817448.771,2381423.517
PF05/0102/E388,AN,43.487313,13.284795,21.0,4816374.691,2381310.941
PF01/0103/E388,AN,43.490435,13.294141,12.0,4816705.88,2382073.8
PF02/0103/E388,AN,43.492824,13.290069,50.0,4816977.939,2381750.04
PF03/0103/E388,AN,43.484237,13.289373,50.0,4816025.449,2381674.12
PF04/0103/E388,AN,43.483286,13.287411,21.0,4815923.077,2381513.286
PF03/0104/E388,AN,43.473046,13.209404,12.0,4814918.5,2375180.39
PF04/0104/E388,AN,43.4814,13.215682,12.0,4815835.42,2375708.11
PF07/0104/E388,AN,43.468421,13.219819,21.0,4814386.795,2376011.809
PF01/0105/E388,AN,43.475818,13.220889,50.0,4815206.5,2376115.93
PF02/0105/E388,AN,43.468533,13.225436,12.0,4814389.57,2376466.47
PF04/0105/E388,AN,43.473567,13.231308,12.0,4814938.52,2376953.34
PF05/0105/E388,AN,43.478996,13.232216,21.0,4815539.934,2377039.554
PF01/0106/E388,AN,43.47772,13.233337,12.0,4815396.28,2377127.21
PF04/0106/E388,AN,43.480842,13.240637,21.0,4815730.529,2377724.953
PF01/0107/E388,AN,43.476916,13.249182,12.0,4815279.92,2378406.8
PF02/0107/E388,AN,43.475889,13.253025,12.0,4815159.34,2378715.26
PF03/0107/E388,AN,43.47924,13.255138,21.0,4815527.917,2378893.988
PF01/0108/E388,AN,43.48617,13.254244,12.0,4816299.11,2378837.83
PF03/0108/E388,AN,43.482881,13.261215,12.0,4815921.93,2379393.87
PF04/0108/E388,AN,43.486297,13.26519,21.0,4816294.707,2379723.293
PF05/0109/E388,AN,43.479807,13.27412,50.0,4815558.864,2380430.414
PF06/0109/E388,AN,43.481303,13.267048,21.0,4815736.922,2379861.919
PF02/0110/E388,AN,43.482445,13.276478,50.0,4815847.878,2380627.248
PF03/0110/E388,AN,43.475912,13.274537,10.0,4815125.582,2380455.203
PF04/0110/E388,AN,43.478556,13.286849,20.0,4815398.676,2381457.027
PF03/0111/E388,AN,43.47904,13.288835,50.0,4815449.143,2381618.784
PF04/0111/E388,AN,43.481656,13.288447,50.0,4815740.302,2381593.35
PF05/0111/E388,AN,43.482304,13.293224,12.0,4815804.32,2381981.19
PF08/0111/E388,AN,43.488057,13.293159,50.0,4816443.405,2381989.042
PF09/0111/E388,AN,43.487467,13.292145,21.0,4816379.572,2381905.657
PF04/0112/E388,AN,43.467311,13.231846,12.0,4814242.77,2376982.04
PF05/0112/E388,AN,43.465169,13.234782,21.0,4813999.84,2377214.53
PF01/0113/E388,AN,43.469311,13.236924,12.0,4814456.19,2377397.57
PF03/0113/E388,AN,43.475487,13.245088,21.0,4815128.179,2378072.391
PF01/0114/E388,AN,43.464088,13.23946,12.0,4813871.82,2377590.43
PF03/0114/E388,AN,43.470161,13.249465,12.0,4814529.24,2378413.95
PF04/0114/E388,AN,43.463027,13.24423,12.0,4813745.82,2377973.78
PF05/0114/E388,AN,43.469494,13.246866,21.0,4814459.539,2378202.185
PF03/0115/E388,AN,43.469745,13.260527,21.0,4814464.238,2379307.723
PF01/0116/E388,AN,43.475087,13.264165,12.0,4815051.37,2379614.4
PF03/0116/E388,AN,43.47378,13.262486,12.0,4814909.05,2379475.54
PF04/0116/E388,AN,43.473346,13.272736,21.0,4814843.619,2380303.598
PF01/0117/E388,AN,43.466596,13.283095,50.0,4814076.553,2381126.048
PF07/0117/E388,AN,43.471151,13.285369,50.0,4814578.645,2381320.382
PF08/0117/E388,AN,43.473036,13.287569,20.0,4814784.402,2381502.651
PF02/0118/E388,AN,43.466275,13.295974,50.0,4814019.505,2382167.076
PF03/0118/E388,AN,43.469872,13.29389,50.0,4814422.46,2382006.756
PF05/0118/E388,AN,43.469616,13.298247,50.0,4814386.882,2382358.597
PF07/0118/E388,AN,43.473923,13.296457,50.0,4814868.187,2382223.561
PF08/0118/E388,AN,43.476448,13.295583,50.0,4815150.055,2382158.599
PF10/0118/E388,AN,43.467748,13.302615,21.0,4814172.169,2382707.677
PF02/0119/E388,AN,43.463852,13.253797,12.0,4813821.09,2378749.66
PF04/0119/E388,AN,43.462217,13.241945,21.0,4813659.717,2377787.064
PF04/0120/E388,AN,43.471419,13.266892,12.0,4814639.39,2379826.52
PF06/0120/E388,AN,43.46323,13.261715,50.0,4813738.668,2379388.711
PF07/0120/E388,AN,43.464591,13.26801,50.0,4813879.242,2379901.128
PF08/0120/E388,AN,43.464285,13.260025,21.0,4813858.675,2379254.446
PF01/0121/E388,AN,43.464019,13.278581,50.0,4813797.943,2380754.998
PF04/0121/E388,AN,43.468898,13.276905,12.0,4814342.6,2380630.61
PF05/0121/E388,AN,43.462682,13.273,50.0,4813658.747,2380300.435
PF06/0121/E388,AN,43.473797,13.27433,50.0,4814891.056,2380433.573
PF07/0121/E388,AN,43.4715,13.272166,21.0,4814639.55,2380253.239
PF02/0122/E388,AN,43.463474,13.285375,50.0,4813726.057,2381303.347
PF04/0122/E388,AN,43.462082,13.296568,50.0,4813552.832,2382205.607
PF11/0122/E388,AN,43.465303,13.292776,50.0,4813916.865,2381906.203
PF13/0122/E388,AN,43.463289,13.303033,21.0,4813676.243,2382731.399
PF01/0001/E690,AN,43.448345,13.599367,50.0,4811570.601,2406675.854
PF02/0001/E690,AN,43.45016,13.604565,50.0,4811765.103,2407099.797
PF03/0001/E690,AN,43.45042,13.600482,50.0,4811799.526,2406769.927
PF05/0001/E690,AN,43.444695,13.597786,8.0,4811167.36,2406541.06
PF07/0001/E690,AN,43.445518,13.601949,50.0,4811253.149,2406879.464
PF08/0001/E690,AN,43.443934,13.605354,50.0,4811072.574,2407152.088
PF10/0001/E690,AN,43.454537,13.603409,50.0,4812252.828,2407014.411
PF01/0002/E690,AN,43.446126,13.61252,50.0,4811306.345,2407735.974
PF03/0002/E690,AN,43.444916,13.614703,50.0,4811169.073,2407910.458
PF04/0002/E690,AN,43.447463,13.615633,50.0,4811450.612,2407990.4
PF06/0002/E690,AN,43.448355,13.609551,50.0,4811557.928,2407499.921
PF07/0002/E690,AN,43.446752,13.606989,50.0,4811383.375,2407289.611
PF08/0002/E690,AN,43.453269,13.609142,50.0,4812104.209,2407475.903
PF10/0002/E690,AN,43.441931,13.610345,50.0,4810843.336,2407552.244
PF13/0002/E690,AN,43.44926,13.612659,50.0,4811654.194,2407753.095
PF15/0002/E690,AN,43.441618,13.613458,12.0,4810804.47,2407803.59
PF16/0002/E690,AN,43.452454,13.613336,50.0,4812008.012,2407813.731
PF04/0003/E690,AN,43.446774,13.625604,50.0,4811360.756,2408795.969
PF08/0003/E690,AN,43.447418,13.629016,50.0,4811427.776,2409073.217
PF10/0003/E690,AN,43.442717,13.628137,50.0,4810906.843,2408993.451
PF12/0003/E690,AN,43.448211,13.621609,50.0,4811525.686,2408475.332
PF14/0003/E690,AN,43.451995,13.617539,12.0,4811951.41,2408152.97
PF16/0003/E690,AN,43.450004,13.618226,50.0,4811729.311,2408204.867
PF17/0003/E690,AN,43.442525,13.618257,50.0,4810898.714,2408193.64
PF19/0003/E690,AN,43.45015,13.627823,50.0,4811732.699,2408981.694
PF20/0003/E690,AN,43.450057,13.624087,50.0,4811727.381,2408679.177
PF21/0003/E690,AN,43.445635,13.62193,50.0,4811239.165,2408496.538
PF02/0004/E690,AN,43.439136,13.594832,50.0,4810554.04,2406291.618
PF03/0004/E690,AN,43.437557,13.591505,50.0,4810383.177,2406019.424
PF05/0004/E690,AN,43.439015,13.600351,50.0,4810533.095,2406738.064
PF08/0004/E690,AN,43.4423,13.601495,50.0,4810896.359,2406836.752
PF09/0004/E690,AN,43.444042,13.599757,50.0,4811092.125,2406699.36
PF10/0004/E690,AN,43.444783,13.595454,50.0,4811180.389,2406352.524
PF01/0005/E690,AN,43.440232,13.606867,12.0,4810659.43,2407267.65
PF02/0005/E690,AN,43.441266,13.610325,3.0,4810769.56,2407549.42
PF03/0006/E690,AN,43.438214,13.616209,50.0,4810422.695,2408019.93
PF05/0006/E690,AN,43.441128,13.607301,12.0,4810758.33,2407304.39
PF07/0006/E690,AN,43.433999,13.610267,50.0,4809962.594,2407531.225
PF09/0006/E690,AN,43.440619,13.619338,50.0,4810685.531,2408277.586
PF13/0006/E690,AN,43.434855,13.604839,50.0,4810064.909,2407093.514
PF14/0006/E690,AN,43.441053,13.613845,50.0,4810741.169,2407833.879
PF15/0006/E690,AN,43.438823,13.603496,50.0,4810507.481,2406992.208
PF16/0006/E690,AN,43.434806,13.601407,50.0,4810064.171,2406815.647
PF17/0006/E690,AN,43.436488,13.616332,50.0,4810230.856,2408026.724
PF18/0006/E690,AN,43.436012,13.59946,12.0,4810200.75,2406660.36
PF19/0006/E690,AN,43.441464,13.604699,50.0,4810799.104,2407094.437
PF20/0006/E690,AN,43.436123,13.609376,12.0,4810199.68,2407463.07
PF01/0007/E690,AN,43.434755,13.630597,50.0,4810019.223,2409178.053
PF03/0007/E690,AN,43.4352,13.621807,50.0,4810080.454,2408467.391
PF04/0007/E690,AN,43.438314,13.624442,50.0,4810422.736,2408686.402
PF06/0007/E690,AN,43.437941,13.635611,12.0,4810366.41,2409589.65
PF07/0007/E690,AN,43.433113,13.636961,50.0,4809828.409,2409690.102
PF08/0007/E690,AN,43.433016,13.627191,8.0,4809830.68,2408899.17
PF10/0007/E690,AN,43.441937,13.632497,50.0,4810814.345,2409344.868
PF12/0007/E690,AN,43.442232,13.624474,50.0,4810857.807,2408696.168
PF13/0007/E690,AN,43.44105,13.626297,50.0,4810724.085,2408841.499
PF15/0007/E690,AN,43.439114,13.628274,50.0,4810506.508,2408997.978
PF01/0008/E690,AN,43.439331,13.64326,50.0,4810510.654,2410211.164
PF02/0008/E690,AN,43.4425,13.6389,8.0,4810868.43,2409864.05
PF03/0008/E690,AN,43.440306,13.637864,50.0,4810626.169,2409776.215
PF04/0008/E690,AN,43.444558,13.634475,12.0,4811102.87,2409509.7
PF06/0008/E690,AN,43.441467,13.641446,50.0,4810750.367,2410068.231
PF08/0008/E690,AN,43.444324,13.643312,12.0,4811065.13,2410224.38
PF09/0008/E690,AN,43.436112,13.64364,50.0,4810152.699,2410236.065
PF02/0009/E690,AN,43.436202,13.650003,50.0,4810154.363,2410751.27
PF05/0009/E690,AN,43.435939,13.655746,50.0,4810117.636,2411215.557
PF06/0009/E690,AN,43.442076,13.654221,50.0,4810801.211,2411103.177
PF07/0009/E690,AN,43.44634,13.653169,12.0,4811276.14,2411025.66
PF08/0009/E690,AN,43.44066,13.646917,50.0,4810653.441,2410509.549
PF09/0009/E690,AN,43.44546,13.64781,50.0,4811185.445,2410590.467
PF01/0010/E690,AN,43.428477,13.58253,12.0,4809387.13,2405275.91
PF02/0010/E690,AN,43.431437,13.579911,8.0,4809719.4,2405069.52
PF03/0010/E690,AN,43.432794,13.584446,12.0,4809863.91,2405439.11
PF04/0010/E690,AN,43.433363,13.588231,50.0,4809921.951,2405746.515
PF05/0010/E690,AN,43.435136,13.592273,50.0,4810113.32,2406077.014
PF03/0011/E690,AN,43.429596,13.58573,12.0,4809506.97,2405537.05
PF05/0011/E690,AN,43.433941,13.596389,50.0,4809974.974,2406407.916
PF07/0011/E690,AN,43.428685,13.593045,50.0,4809395.741,2406127.386
PF08/0011/E690,AN,43.426303,13.584517,12.0,4809142.95,2405432.59
PF09/0011/E690,AN,43.430691,13.596708,50.0,4809613.572,2406427.671
PF01/0012/E690,AN,43.424093,13.602553,50.0,4808872.797,2406888.475
PF04/0012/E690,AN,43.427725,13.604662,50.0,4809273.371,2407065.95
PF07/0012/E690,AN,43.430187,13.599819,7.0,4809553.36,2406678.49
PF08/0012/E690,AN,43.431848,13.606377,50.0,4809728.897,2407212.386
PF09/0012/E690,AN,43.430266,13.609744,50.0,4809548.658,2407481.974
PF12/0012/E690,AN,43.418287,13.60781,50.0,4808220.914,2407303.199
PF13/0012/E690,AN,43.422511,13.60818,50.0,4808689.453,2407341.022
PF14/0012/E690,AN,43.432395,13.602334,50.0,4809795.149,2406886.205
PF15/0012/E690,AN,43.426365,13.610194,50.0,4809114.792,2407511.171
PF16/0012/E690,AN,43.419788,13.600752,50.0,4808397.131,2406734.664
PF01/0013/E690,AN,43.423663,13.615321,50.0,4808807.855,2407921.215
PF02/0013/E690,AN,43.425952,13.613875,50.0,4809063.952,2407808.401
PF03/0013/E690,AN,43.425042,13.619274,50.0,4808955.702,2408243.694
PF04/0013/E690,AN,43.427938,13.619096,50.0,4809277.488,2408234.65
PF05/0013/E690,AN,43.430302,13.616246,50.0,4809543.873,2408008.286
PF06/0013/E690,AN,43.430276,13.612994,50.0,4809545.42,2407745.049
PF07/0013/E690,AN,43.431283,13.620424,50.0,4809647.212,2408348.281
PF01/0014/E690,AN,43.426213,13.627432,50.0,4809074.792,2408906.254
PF02/0014/E690,AN,43.430923,13.634546,50.0,4809588.443,2409490.687
PF03/0014/E690,AN,43.42776,13.631559,12.0,4809241.1,2409243.13
PF04/0014/E690,AN,43.427848,13.636987,50.0,4809243.692,2409682.603
PF01/0015/E690,AN,43.429101,13.649621,50.0,4809366.204,2410707.56
PF02/0015/E690,AN,43.428814,13.647647,8.0,4809336.9,2410547.2
PF03/0015/E690,AN,43.434816,13.646925,50.0,4810004.399,2410499.589
PF04/0015/E690,AN,43.43532,13.654593,50.0,4810050.421,2411121.093
PF05/0015/E690,AN,43.434274,13.657609,50.0,4809930.252,2411363.393
PF09/0015/E690,AN,43.430052,13.653925,12.0,4809466.17,2411057.65
PF10/0015/E690,AN,43.432162,13.646965,50.0,4809709.6,2410498.048
PF11/0015/E690,AN,43.425575,13.640156,10.0,4808987.0,2409935.0
PF01/0016/E690,AN,43.422651,13.586955,50.0,4808733.948,2405623.114
PF02/0016/E690,AN,43.424921,13.591416,50.0,4808979.949,2405988.48
PF03/0016/E690,AN,43.420254,13.593911,50.0,4808458.204,2406181.668
PF04/0016/E690,AN,43.427369,13.597983,50.0,4809242.825,2406524.626
PF05/0016/E690,AN,43.419778,13.586232,50.0,4808415.877,2405559.165
PF06/0016/E690,AN,43.427151,13.587581,50.0,4809232.874,2405682.213
PF01/0017/E690,AN,43.417985,13.611982,50.0,4808181.721,2407640.42
PF03/0017/E690,AN,43.421306,13.62251,50.0,4808536.415,2408498.838
PF04/0017/E690,AN,43.418664,13.624043,50.0,4808240.887,2408618.071
PF05/0001/E837,AN,43.530713,13.148603,50.0,4821430.859,2370405.105
PF07/0001/E837,AN,43.524853,13.146366,21.0,4820783.973,2370209.794
PF02/0002/E837,AN,43.529906,13.152354,50.0,4821334.427,2370706.238
PF03/0002/E837,AN,43.527084,13.153176,50.0,4821019.575,2370765.642
PF04/0002/E837,AN,43.523939,13.15493,50.0,4820667.088,2370899.699
PF05/0002/E837,AN,43.528018,13.155609,21.0,4821118.89,2370964.569
PF01/0003/E837,AN,43.521048,13.165759,50.0,4820326.636,2371767.783
PF06/0003/E837,AN,43.525791,13.156341,21.0,4820870.235,2371018.239
PF01/0004/E837,AN,43.512163,13.136742,12.0,4819392.03,2369400.46
PF06/0004/E837,AN,43.518629,13.146016,50.0,4820093.353,2370166.138
PF08/0004/E837,AN,43.514443,13.15004,21.0,4819621.172,2370480.996
PF03/0005/E837,AN,43.504097,13.161047,12.0,4818452.42,2371345.3
PF04/0005/E837,AN,43.511364,13.156204,50.0,4819268.229,2370971.701
PF08/0005/E837,AN,43.510379,13.159049,12.0,4819153.68,2371199.22
PF09/0005/E837,AN,43.510354,13.158966,20.0,4819151.02,2371192.43
PF04/0006/E837,AN,43.512349,13.171569,50.0,4819350.113,2372216.103
PF07/0006/E837,AN,43.514386,13.164467,12.0,4819589.01,2371647.0
PF11/0006/E837,AN,43.508229,13.17086,50.0,4818893.897,2372148.701
PF14/0006/E837,AN,43.505722,13.161804,12.0,4818631.52,2371410.47
PF15/0006/E837,AN,43.507157,13.16854,21.0,4818778.863,2371958.529
PF02/0007/E837,AN,43.509476,13.136391,50.0,4819094.137,2369365.425
PF03/0007/E837,AN,43.513091,13.133272,50.0,4819501.356,2369122.271
PF08/0007/E837,AN,43.502505,13.137592,50.0,4818317.842,2369445.175
PF10/0007/E837,AN,43.503823,13.132994,50.0,4818472.475,2369076.76
PF14/0007/E837,AN,43.506136,13.127619,50.0,4818739.203,2368647.965
PF15/0007/E837,AN,43.504426,13.136576,50.0,4818532.988,2369367.82
PF19/0007/E837,AN,43.505582,13.133108,21.0,4818667.708,2369090.305
PF01/0008/E837,AN,43.506802,13.142651,50.0,4818785.854,2369864.811
PF04/0008/E837,AN,43.503795,13.142875,50.0,4818451.573,2369875.448
PF08/0008/E837,AN,43.504994,13.140537,21.0,4818588.953,2369689.417
PF01/0009/E837,AN,43.501545,13.121024,50.0,4818241.256,2368103.352
PF05/0009/E837,AN,43.503715,13.127958,50.0,4818469.615,2368669.318
PF08/0009/E837,AN,43.502964,13.122269,50.0,4818396.649,2368207.546
PF09/0009/E837,AN,43.500969,13.123966,50.0,4818171.957,2368339.738
PF12/0009/E837,AN,43.502964,13.124428,50.0,4818392.625,2368382.101
PF13/0009/E837,AN,43.505475,13.123107,21.0,4818674.014,2368281.541
PF01/0010/E837,AN,43.49821,13.13466,50.0,4817846.052,2369197.447
PF05/0010/E837,AN,43.501271,13.12736,50.0,4818199.268,2368614.859
PF07/0010/E837,AN,43.499585,13.137938,50.0,4817992.901,2369465.906
PF08/0010/E837,AN,43.50099,13.141577,50.0,4818142.364,2369763.588
PF09/0010/E837,AN,43.50228,13.140532,50.0,4818287.433,2369682.297
PF10/0010/E837,AN,43.498108,13.12613,50.0,4817850.257,2368507.556
PF11/0010/E837,AN,43.499589,13.130052,50.0,4818007.661,2368828.363
PF12/0010/E837,AN,43.501822,13.132355,21.0,4818251.47,2369020.058
PF04/0011/E837,AN,43.490754,13.116469,50.0,4817051.133,2367707.937
PF05/0011/E837,AN,43.49329,13.120466,50.0,4817325.492,2368037.507
PF06/0011/E837,AN,43.494495,13.116747,50.0,4817466.101,2367739.794
PF07/0011/E837,AN,43.493501,13.112389,50.0,4817363.701,2367384.929
PF08/0011/E837,AN,43.491945,13.108352,50.0,4817198.249,2367054.618
PF11/0011/E837,AN,43.488951,13.10545,50.0,4816871.119,2366812.343
PF12/0011/E837,AN,43.491326,13.111709,50.0,4817123.386,2367324.521
PF13/0011/E837,AN,43.493829,13.125449,21.0,4817376.283,2368441.734
PF04/0012/E837,AN,43.484857,13.11827,50.0,4816392.871,2367838.73
PF05/0012/E837,AN,43.491581,13.12291,12.0,4817131.18,2368230.8
PF06/0012/E837,AN,43.487218,13.12048,12.0,4816651.08,2368023.38
PF07/0012/E837,AN,43.479322,13.116559,21.0,4815781.296,2367686.453
PF01/0013/E837,AN,43.490134,13.136773,50.0,4816945.283,2369348.227
PF04/0013/E837,AN,43.489859,13.129273,50.0,4816928.4,2368741.043
PF05/0013/E837,AN,43.494353,13.138089,12.0,4817411.47,2369465.11
PF06/0013/E837,AN,43.48835,13.126938,50.0,4816765.027,2368548.439
PF07/0013/E837,AN,43.486961,13.131293,50.0,4816602.799,2368897.183
PF08/0013/E837,AN,43.486976,13.136593,21.0,4816594.918,2369325.766
PF04/0014/E837,AN,43.477378,13.107588,12.0,4815581.88,2366956.06
PF06/0014/E837,AN,43.481345,13.10477,50.0,4816027.624,2366738.169
PF08/0014/E837,AN,43.483423,13.111443,50.0,4816246.15,2367283.026
PF09/0014/E837,AN,43.486073,13.109697,12.0,4816543.62,2367148.55
PF10/0014/E837,AN,43.486968,13.106042,12.0,4816649.82,2366855.25
PF19/0014/E837,AN,43.481966,13.113077,21.0,4816081.33,2367411.497
PF01/0015/E837,AN,43.481747,13.123342,12.0,4816038.24,2368241.14
PF04/0015/E837,AN,43.484643,13.131014,50.0,4816345.928,2368868.808
PF07/0015/E837,AN,43.490341,13.125594,12.0,4816988.58,2368444.74
PF08/0015/E837,AN,43.477818,13.12079,50.0,4815606.531,2368024.892
PF12/0015/E837,AN,43.479238,13.128412,21.0,4815750.344,2368644.875
PF01/0016/E837,AN,43.484255,13.097975,50.0,4816363.381,2366196.034
PF03/0016/E837,AN,43.488259,13.101089,50.0,4816802.331,2366458.022
PF04/0016/E837,AN,43.483185,13.100717,50.0,4816239.506,2366415.063
PF06/0016/E837,AN,43.477302,13.097873,21.0,4815591.31,2366170.145
PF03/0017/E837,AN,43.475715,13.116392,21.0,4815380.992,2367663.882
PF01/0018/E837,AN,43.469631,13.118934,50.0,4814700.607,2367854.214
PF04/0018/E837,AN,43.475605,13.125758,50.0,4815351.7,2368421.129
PF08/0018/E837,AN,43.469984,13.123905,50.0,4814730.778,2368257.197
PF09/0018/E837,AN,43.475962,13.122506,21.0,4815397.253,2368159.011
PF01/0019/E837,AN,43.474788,13.087899,12.0,4815330.62,2365356.98
PF05/0019/E837,AN,43.476938,13.086679,21.0,4815571.632,2365263.851
PF01/0020/E837,AN,43.46631,13.101411,50.0,4814363.979,2366428.386
PF03/0020/E837,AN,43.470632,13.106897,50.0,4814833.85,2366883.137
PF04/0020/E837,AN,43.473101,13.10237,50.0,4815116.493,2366523.213
PF05/0020/E837,AN,43.464043,13.104153,21.0,4814107.12,2366644.454
PF04/0021/E837,AN,43.473146,13.120355,50.0,4815088.423,2367978.002
PF08/0021/E837,AN,43.472188,13.110933,21.0,4814999.273,2367213.461
PF03/0022/E837,AN,43.473237,13.082292,50.0,4815168.802,2364899.566
PF04/0022/E837,AN,43.472508,13.085839,12.0,4815081.22,2365184.56
PF06/0022/E837,AN,43.471904,13.077361,21.0,4815029.898,2364497.299
PF02/0023/E837,AN,43.471136,13.096687,50.0,4814908.721,2366058.57
PF05/0023/E837,AN,43.46935,13.098975,50.0,4814706.099,2366239.08
PF07/0023/E837,AN,43.470814,13.093416,50.0,4814878.983,2365793.151
PF08/0023/E837,AN,43.469958,13.086298,21.0,4814797.11,2365215.215
PF01/0001/F145,AN,43.478341,13.01152,19.0,4815870.0,2359188.72
PF04/0001/F145,AN,43.478501,13.019963,10.0,4815871.5,2359872.0
PF05/0001/F145,AN,43.485289,13.019868,19.0,4816625.5,2359882.3
PF06/0001/F145,AN,43.48117,13.015851,10.0,4816175.8,2359546.5
PF08/0001/F145,AN,43.47601,13.024118,50.0,4815586.79,2360201.535
PF09/0001/F145,AN,43.484454,13.013771,19.0,4816544.5,2359387.0
PF10/0001/F145,AN,43.476755,13.01869,9.0,4815680.0,2359764.43
PF01/0002/F145,AN,43.48113,13.030009,50.0,4816144.096,2360691.399
PF03/0002/F145,AN,43.483762,13.031087,50.0,4816434.378,2360785.549
PF04/0002/F145,AN,43.48157,13.023873,50.0,4816204.774,2360196.314
PF05/0002/F145,AN,43.477878,13.026741,9.0,4815789.2,2360418.6
PF06/0002/F145,AN,43.48467,13.023201,9.0,4816550.4,2360150.2
PF07/0002/F145,AN,43.477084,13.034393,9.0,4815686.4,2361035.4
PF08/0002/F145,AN,43.475332,13.032557,19.0,4815495.3,2360882.3
PF09/0002/F145,AN,43.476407,13.028455,19.0,4815622.6,2360553.3
PF02/0003/F145,AN,43.47569,13.037102,50.0,4815526.392,2361250.843
PF03/0003/F145,AN,43.478586,13.035475,19.0,4815851.2,2361126.8
PF04/0003/F145,AN,43.479419,13.039553,19.0,4815935.9,2361458.8
PF05/0003/F145,AN,43.475189,13.045174,50.0,4815455.359,2361902.347
PF06/0003/F145,AN,43.486286,13.035212,12.0,4816706.8,2361125.7
PF02/0004/F145,AN,43.471798,13.021205,19.0,4815124.6,2359954.8
PF04/0004/F145,AN,43.474974,13.022488,50.0,4815474.871,2360066.919
PF07/0004/F145,AN,43.473394,13.036024,50.0,4815273.452,2361157.591
PF10/0004/F145,AN,43.473759,13.03105,50.0,4815323.529,2360756.281
PF11/0004/F145,AN,43.470557,13.037355,19.0,4814955.8,2361257.8
PF02/0005/F145,AN,43.469354,13.041706,19.0,4814814.0,2361606.6
PF03/0005/F145,AN,43.470998,13.039804,19.0,4815000.2,2361457.1
PF04/0005/F145,AN,43.470551,13.044889,19.0,4814940.8,2361867.2
PF05/0005/F145,AN,43.468373,13.047689,50.0,4814693.605,2362088.035
PF06/0005/F145,AN,43.471999,13.04731,19.0,4815097.1,2362066.8
PF07/0005/F145,AN,43.469734,13.053943,8.0,4814832.9,2362597.5
PF09/0005/F145,AN,43.472945,13.04347,50.0,4815209.462,2361758.733
PF10/0005/F145,AN,43.474875,13.04122,50.0,4815428.057,2361581.761
PF04/0006/F145,AN,43.458511,13.044958,8.0,4813603.5,2361841.4
PF11/0006/F145,AN,43.465374,13.054426,50.0,4814347.755,2362625.25
PF12/0006/F145,AN,43.458869,13.048009,50.0,4813637.497,2362089.161
PF13/0006/F145,AN,43.467669,13.054697,50.0,4814602.15,2362653.075
PF14/0006/F145,AN,43.468214,13.058042,19.0,4814656.4,2362925.1
PF15/0006/F145,AN,43.46596,13.057728,50.0,4814406.61,2362893.842
PF16/0006/F145,AN,43.467853,13.062028,19.0,4814608.8,2363246.6
PF17/0006/F145,AN,43.463292,13.044984,50.0,4814134.399,2361855.975
PF18/0006/F145,AN,43.465075,13.056468,50.0,4814310.729,2362789.593
PF05/0001/F381,AN,43.56588,13.244464,50.0,4825168.597,2378233.82
PF07/0001/F381,AN,43.567053,13.241671,21.0,4825303.612,2378010.98
PF01/0002/F381,AN,43.568398,13.247957,50.0,4825442.233,2378521.821
PF03/0002/F381,AN,43.57061,13.251358,50.0,4825682.152,2378801.651
PF04/0002/F381,AN,43.574334,13.247535,21.0,4826102.285,2378501.607
PF02/0003/F381,AN,43.575489,13.259684,50.0,4826209.981,2379485.375
PF04/0003/F381,AN,43.571593,13.261214,21.0,4825774.651,2379599.813
PF06/0004/F381,AN,43.581185,13.27286,50.0,4826820.336,2380562.442
PF07/0004/F381,AN,43.581908,13.285275,50.0,4826879.853,2381566.417
PF08/0004/F381,AN,43.581557,13.278252,21.0,4826852.675,2380998.621
PF01/0005/F381,AN,43.581143,13.287573,50.0,4826791.098,2381750.219
PF03/0005/F381,AN,43.580218,13.297144,50.0,4826672.479,2382520.866
PF04/0005/F381,AN,43.579404,13.301664,12.0,4826574.64,2382883.98
PF05/0005/F381,AN,43.580519,13.293696,21.0,4826711.668,2382243.204
PF01/0006/F381,AN,43.558185,13.231396,50.0,4824336.321,2377160.25
PF04/0006/F381,AN,43.559445,13.242617,50.0,4824457.001,2378069.573
PF06/0006/F381,AN,43.560459,13.23459,12.0,4824583.42,2377423.62
PF07/0006/F381,AN,43.562875,13.237661,50.0,4824846.448,2377677.295
PF08/0006/F381,AN,43.556977,13.239185,21.0,4824188.759,2377786.504
PF01/0007/F381,AN,43.556136,13.246988,50.0,4824082.05,2378414.809
PF03/0007/F381,AN,43.556608,13.253368,50.0,4824123.653,2378931.274
PF05/0007/F381,AN,43.558773,13.246608,50.0,4824375.6,2378390.351
PF07/0007/F381,AN,43.562947,13.248387,50.0,4824836.127,2378543.795
PF13/0007/F381,AN,43.559157,13.249448,50.0,4824413.44,2378620.601
PF14/0007/F381,AN,43.560645,13.249714,21.0,4824578.19,2378645.541
PF01/0008/F381,AN,43.562522,13.252672,12.0,4824781.65,2378888.86
PF05/0008/F381,AN,43.563797,13.257396,50.0,4824915.212,2379273.363
PF08/0008/F381,AN,43.56881,13.260702,50.0,4825466.401,2379551.97
PF09/0008/F381,AN,43.571569,13.256069,50.0,4825780.722,2379184.26
PF10/0008/F381,AN,43.564933,13.254549,50.0,4825046.227,2379046.066
PF11/0008/F381,AN,43.566771,13.249309,50.0,4825259.303,2378627.154
PF13/0008/F381,AN,43.565217,13.25919,21.0,4825069.913,2379421.535
PF01/0009/F381,AN,43.567096,13.273051,50.0,4825255.288,2380545.302
PF04/0009/F381,AN,43.571413,13.274187,50.0,4825732.772,2380646.986
PF05/0009/F381,AN,43.572791,13.266662,50.0,4825898.458,2380042.506
PF06/0009/F381,AN,43.570809,13.278624,21.0,4825658.309,2381003.927
PF01/0010/F381,AN,43.576389,13.267348,50.0,4826296.941,2380106.237
PF02/0010/F381,AN,43.57701,13.276113,50.0,4826351.19,2380815.403
PF06/0010/F381,AN,43.57861,13.278907,50.0,4826524.21,2381044.734
PF18/0010/F381,AN,43.578081,13.271315,21.0,4826478.235,2380430.495
PF01/0011/F381,AN,43.569998,13.28153,50.0,4825563.403,2381236.729
PF03/0011/F381,AN,43.572737,13.280563,50.0,4825869.233,2381164.949
PF06/0011/F381,AN,43.578059,13.287294,50.0,4826449.022,2381720.649
PF07/0011/F381,AN,43.574217,13.287989,12.0,4826021.14,2381767.98
PF08/0011/F381,AN,43.576223,13.29873,50.0,4826226.119,2382639.837
PF09/0011/F381,AN,43.578092,13.291652,12.0,4826445.46,2382072.62
PF10/0011/F381,AN,43.574513,13.284249,12.0,4826060.33,2381466.65
PF12/0011/F381,AN,43.57396,13.291549,21.0,4825986.744,2382054.874
PF01/0012/F381,AN,43.55354,13.254937,50.0,4823780.203,2379050.821
PF03/0012/F381,AN,43.557554,13.259065,50.0,4824219.011,2379393.644
PF05/0012/F381,AN,43.558596,13.253405,50.0,4824344.384,2378938.857
PF06/0012/F381,AN,43.556663,13.256311,50.0,4824124.795,2379169.124
PF07/0012/F381,AN,43.552884,13.257614,50.0,4823702.838,2379265.527
PF08/0012/F381,AN,43.550524,13.262667,21.0,4823432.142,2379668.237
PF03/0013/F381,AN,43.558002,13.265597,50.0,4824257.777,2379922.233
PF04/0013/F381,AN,43.555333,13.267592,50.0,4823958.027,2380077.176
PF05/0013/F381,AN,43.558223,13.275147,21.0,4824266.25,2380694.134
PF01/0014/F381,AN,43.563042,13.272333,50.0,4824806.173,2380477.948
PF04/0014/F381,AN,43.567844,13.26336,50.0,4825354.616,2379764.4
PF07/0014/F381,AN,43.564238,13.265873,50.0,4824949.882,2379959.01
PF08/0014/F381,AN,43.563909,13.26177,20.0,4824920.278,2379626.863
PF01/0015/F381,AN,43.555165,13.281667,50.0,4823915.706,2381213.703
PF04/0015/F381,AN,43.55761,13.285147,50.0,4824181.507,2381500.422
PF07/0015/F381,AN,43.558899,13.281973,50.0,4824329.882,2381247.014
PF08/0015/F381,AN,43.562213,13.277062,50.0,4824706.188,2380858.004
PF09/0015/F381,AN,43.560623,13.283922,12.0,4824518.17,2381408.36
PF10/0015/F381,AN,43.560045,13.279837,12.0,4824460.79,2381077.15
PF13/0015/F381,AN,43.559124,13.287661,50.0,4824345.406,2381706.951
PF14/0015/F381,AN,43.553612,13.277954,50.0,4823749.495,2380910.273
PF15/0015/F381,AN,43.557171,13.281113,50.0,4824139.445,2381173.576
PF16/0015/F381,AN,43.555709,13.2778,50.0,4823982.645,2380902.642
PF17/0015/F381,AN,43.562652,13.281408,21.0,4824747.688,2381210.014
PF01/0016/F381,AN,43.564376,13.286445,50.0,4824930.742,2381620.726
PF02/0016/F381,AN,43.566223,13.290431,50.0,4825129.28,2381946.879
PF04/0016/F381,AN,43.562417,13.290845,50.0,4824705.916,2381971.602
PF05/0016/F381,AN,43.567535,13.29683,50.0,4825264.343,2382466.666
PF07/0016/F381,AN,43.562027,13.286088,12.0,4824670.44,2381586.51
PF09/0016/F381,AN,43.568168,13.286508,21.0,4825351.827,2381634.548
PF02/0017/F381,AN,43.567824,13.293929,50.0,4825301.266,2382233.046
PF07/0017/F381,AN,43.575759,13.294717,12.0,4826181.21,2382314.75
PF09/0017/F381,AN,43.568541,13.28905,50.0,4825388.956,2381840.643
PF10/0017/F381,AN,43.571128,13.29506,50.0,4825666.369,2382331.941
PF11/0017/F381,AN,43.571581,13.299216,20.0,4825709.818,2382668.578
PF02/0001/F401,AN,43.64883,13.125708,50.0,4834590.902,2368851.067
PF04/0001/F401,AN,43.650167,13.132025,50.0,4834727.903,2369363.855
PF05/0001/F401,AN,43.648294,13.131541,21.0,4834520.721,2369320.134
PF03/0002/F401,AN,43.642109,13.14393,12.0,4833811.35,2370303.97
PF04/0002/F401,AN,43.643118,13.146721,12.0,4833918.48,2370531.56
PF06/0002/F401,AN,43.6452,13.142665,50.0,4834157.013,2370209.605
PF07/0002/F401,AN,43.646142,13.14723,50.0,4834253.401,2370580.111
PF10/0002/F401,AN,43.648552,13.142154,50.0,4834530.217,2370176.746
PF11/0002/F401,AN,43.649029,13.138333,21.0,4834590.05,2369869.743
PF01/0003/F401,AN,43.641963,13.109352,50.0,4833858.094,2367514.565
PF03/0003/F401,AN,43.647745,13.117669,50.0,4834485.048,2368199.96
PF04/0003/F401,AN,43.644255,13.120934,50.0,4834091.532,2368454.547
PF05/0003/F401,AN,43.645916,13.11227,50.0,4834291.799,2367759.954
PF06/0003/F401,AN,43.643019,13.117831,50.0,4833959.886,2368201.134
PF07/0003/F401,AN,43.640286,13.124987,21.0,4833643.32,2368771.458
PF02/0004/F401,AN,43.636614,13.144385,12.0,4833200.31,2370327.0
PF04/0004/F401,AN,43.639298,13.13967,50.0,4833506.836,2369953.324
PF12/0004/F401,AN,43.636763,13.140872,50.0,4833223.198,2370043.955
PF13/0004/F401,AN,43.643147,13.131078,12.0,4833949.9,2369269.89
PF15/0004/F401,AN,43.642768,13.137159,21.0,4833896.779,2369759.45
PF01/0005/F401,AN,43.638427,13.100836,50.0,4833481.088,2366818.727
PF02/0005/F401,AN,43.638374,13.111219,50.0,4833456.052,2367656.126
PF04/0005/F401,AN,43.633496,13.116951,21.0,4832903.842,2368106.155
PF02/0006/F401,AN,43.632895,13.133206,50.0,4832807.396,2369415.955
PF03/0006/F401,AN,43.63978,13.121525,50.0,4833593.433,2368490.943
PF04/0006/F401,AN,43.634743,13.134256,21.0,4833010.831,2369505.267
PF01/0007/F401,AN,43.62622,13.10549,12.0,4832116.72,2367163.16
PF02/0007/F401,AN,43.634805,13.097663,50.0,4833084.707,2366553.526
PF04/0007/F401,AN,43.632453,13.107618,12.0,4832805.13,2367350.65
PF06/0007/F401,AN,43.630226,13.09846,50.0,4832574.587,2366606.159
PF07/0007/F401,AN,43.634306,13.114485,21.0,4832998.32,2367909.266
PF01/0008/F401,AN,43.629128,13.125442,50.0,4832403.144,2368780.197
PF13/0008/F401,AN,43.625838,13.132141,50.0,4832025.531,2369312.428
PF15/0008/F401,AN,43.629624,13.131873,50.0,4832446.538,2369300.242
PF16/0008/F401,AN,43.629599,13.121296,21.0,4832463.073,2368446.871
PF03/0009/F401,AN,43.626348,13.14499,50.0,4832058.997,2370350.333
PF04/0009/F401,AN,43.625371,13.139635,50.0,4831960.141,2369915.883
PF05/0009/F401,AN,43.626281,13.135082,50.0,4832069.495,2369550.744
PF07/0009/F401,AN,43.629149,13.138096,50.0,4832382.496,2369801.083
PF08/0009/F401,AN,43.630335,13.134488,50.0,4832520.753,2369512.989
PF09/0009/F401,AN,43.631495,13.140653,12.0,4832638.49,2370013.2
PF10/0009/F401,AN,43.634479,13.139469,12.0,4832971.99,2369925.15
PF19/0009/F401,AN,43.623341,13.147179,21.0,4831721.099,2370519.481
PF01/0010/F401,AN,43.625706,13.159542,12.0,4831961.53,2371522.81
PF03/0010/F401,AN,43.624215,13.163652,50.0,4831788.542,2371850.667
PF06/0010/F401,AN,43.628575,13.166279,50.0,4832268.174,2372073.351
PF09/0010/F401,AN,43.629074,13.151577,50.0,4832349.91,2370888.493
PF10/0010/F401,AN,43.628097,13.147666,50.0,4832248.398,2370570.511
PF12/0010/F401,AN,43.626385,13.168031,50.0,4832021.835,2372209.364
PF13/0010/F401,AN,43.631541,13.14797,21.0,4832630.317,2370603.618
PF05/0011/F401,AN,43.63418,13.168383,50.0,4832886.894,2372256.844
PF06/0011/F401,AN,43.63725,13.164754,50.0,4833234.394,2371971.626
PF08/0011/F401,AN,43.630251,13.170287,50.0,4832447.124,2372400.84
PF09/0011/F401,AN,43.636899,13.170101,12.0,4833185.83,2372402.11
PF11/0011/F401,AN,43.630184,13.17604,50.0,4832429.503,2372864.751
PF13/0011/F401,AN,43.632849,13.175357,21.0,4832726.683,2372816.197
PF01/0012/F401,AN,43.635669,13.177271,50.0,4833036.504,2372977.478
PF03/0012/F401,AN,43.636971,13.17248,12.0,4833189.6,2372594.14
PF05/0012/F401,AN,43.638786,13.178668,50.0,4833380.202,2373097.748
PF08/0012/F401,AN,43.637751,13.194036,12.0,4833238.21,2374334.83
PF09/0012/F401,AN,43.63455,13.193445,12.0,4832883.68,2374279.44
PF10/0012/F401,AN,43.636208,13.186666,50.0,4833079.727,2373736.601
PF12/0012/F401,AN,43.639385,13.195524,50.0,4833417.053,2374458.805
PF14/0012/F401,AN,43.639797,13.182532,21.0,4833485.688,2373411.908
PF02/0013/F401,AN,43.619771,13.107204,12.0,4831397.34,2367285.08
PF06/0013/F401,AN,43.627274,13.101823,50.0,4832240.537,2366870.005
PF07/0013/F401,AN,43.616458,13.106733,21.0,4831030.223,2367238.709
PF01/0014/F401,AN,43.619215,13.116277,12.0,4831318.9,2368015.79
PF04/0014/F401,AN,43.621793,13.122401,50.0,4831594.012,2368516.437
PF10/0014/F401,AN,43.623029,13.12574,12.0,4831725.25,2368788.91
PF11/0014/F401,AN,43.626153,13.124967,50.0,4832073.604,2368734.354
PF12/0014/F401,AN,43.624633,13.121703,50.0,4831910.696,2368467.239
PF14/0014/F401,AN,43.623558,13.109364,21.0,4831813.963,2367468.97
PF04/0015/F401,AN,43.619716,13.135913,50.0,4831338.77,2369601.418
PF05/0015/F401,AN,43.622135,13.134242,50.0,4831610.49,2369472.686
PF08/0015/F401,AN,43.618903,13.130584,50.0,4831258.208,2369169.408
PF11/0015/F401,AN,43.623557,13.128654,50.0,4831778.611,2369025.33
PF12/0015/F401,AN,43.618718,13.125222,21.0,4831247.393,2368736.312
PF01/0016/F401,AN,43.621415,13.158018,50.0,4831487.664,2371389.224
PF08/0016/F401,AN,43.624097,13.149576,50.0,4831800.701,2370714.749
PF09/0016/F401,AN,43.618663,13.15995,50.0,4831178.545,2371538.338
PF10/0016/F401,AN,43.62615,13.155702,50.0,4832017.705,2371214.087
PF11/0016/F401,AN,43.620285,13.162356,50.0,4831354.451,2371736.452
PF12/0016/F401,AN,43.617818,13.157223,50.0,4831089.65,2371316.224
PF13/0016/F401,AN,43.623559,13.154091,50.0,4831732.808,2371077.71
PF14/0016/F401,AN,43.618021,13.166677,50.0,4831095.234,2372079.584
PF15/0016/F401,AN,43.621461,13.149919,21.0,4831507.365,2370735.902
PF01/0017/F401,AN,43.618065,13.170548,50.0,4831093.284,2372392.069
PF03/0017/F401,AN,43.618937,13.174025,50.0,4831183.911,2372674.691
PF04/0017/F401,AN,43.620629,13.168608,50.0,4831381.492,2372241.775
PF12/0017/F401,AN,43.621757,13.175867,50.0,4831493.82,2372830.225
PF13/0017/F401,AN,43.621543,13.163821,21.0,4831491.579,2371857.804
PF03/0018/F401,AN,43.627444,13.183642,50.0,4832111.701,2373471.384
PF06/0018/F401,AN,43.631529,13.190289,12.0,4832553.7,2374017.58
PF07/0018/F401,AN,43.627425,13.1779,21.0,4832119.749,2373008.12
PF03/0019/F401,AN,43.612752,13.119268,50.0,4830595.68,2368240.906
PF05/0019/F401,AN,43.617053,13.123028,50.0,4831066.408,2368555.122
PF07/0019/F401,AN,43.61612,13.113659,50.0,4830979.932,2367796.702
PF09/0019/F401,AN,43.613626,13.109947,50.0,4830709.73,2367490.903
PF10/0019/F401,AN,43.613658,13.108425,20.0,4830716.125,2367368.157
PF12/0020/F401,AN,43.613146,13.132773,50.0,4830614.758,2369331.635
PF14/0020/F401,AN,43.611489,13.129035,50.0,4830437.515,2369025.891
PF16/0020/F401,AN,43.608499,13.121526,21.0,4830119.138,2368412.405
PF04/0021/F401,AN,43.617348,13.140126,12.0,4831068.17,2369935.46
PF07/0021/F401,AN,43.610034,13.145137,50.0,4830246.77,2370321.697
PF13/0021/F401,AN,43.610858,13.153468,50.0,4830323.269,2370996.073
PF14/0021/F401,AN,43.61611,13.134578,50.0,4830940.752,2369484.77
PF15/0021/F401,AN,43.613631,13.144609,50.0,4830647.27,2370288.026
PF16/0021/F401,AN,43.611402,13.140923,21.0,4830406.349,2369985.033
PF07/0022/F401,AN,43.618818,13.150707,50.0,4831212.312,2370792.894
PF11/0022/F401,AN,43.617503,13.152975,50.0,4831062.27,2370972.659
PF13/0022/F401,AN,43.620277,13.14396,50.0,4831386.572,2370252.153
PF14/0022/F401,AN,43.619255,13.14739,21.0,4831266.899,2370526.379
PF03/0023/F401,AN,43.615763,13.158998,50.0,4830858.164,2371454.376
PF04/0023/F401,AN,43.611688,13.155941,21.0,4830411.099,2371197.688
PF01/0024/F401,AN,43.611877,13.160908,50.0,4830423.219,2371598.938
PF05/0024/F401,AN,43.612526,13.165145,50.0,4830487.693,2371942.458
PF06/0024/F401,AN,43.614448,13.161781,50.0,4830707.197,2371675.731
PF07/0024/F401,AN,43.617191,13.16121,50.0,4831012.837,2371636.398
PF08/0024/F401,AN,43.616974,13.164385,50.0,4830983.01,2371892.051
PF11/0024/F401,AN,43.614416,13.16669,50.0,4830694.842,2372071.806
PF14/0024/F401,AN,43.606034,13.1599,21.0,4829776.041,2371503.262
PF01/0025/F401,AN,43.617217,13.181471,50.0,4830979.7,2373271.387
PF04/0025/F401,AN,43.60991,13.185185,50.0,4830161.552,2373553.308
PF05/0025/F401,AN,43.621181,13.183116,12.0,4831417.05,2373413.72
PF08/0025/F401,AN,43.615827,13.175395,50.0,4830836.045,2372777.648
PF09/0025/F401,AN,43.614112,13.187985,20.0,4830623.309,2373789.409
PF04/0026/F401,AN,43.605654,13.126446,12.0,4829794.14,2368802.36
PF06/0026/F401,AN,43.601741,13.123837,12.0,4829364.32,2368581.93
PF07/0026/F401,AN,43.605377,13.131562,20.0,4829754.12,2369214.546
PF02/0027/F401,AN,43.6116,13.136315,50.0,4830436.628,2369613.665
PF07/0027/F401,AN,43.608257,13.135289,20.0,4830067.234,2369522.526
PF03/0028/F401,AN,43.601832,13.13949,12.0,4829346.02,2369845.58
PF04/0028/F401,AN,43.603053,13.143052,50.0,4829475.253,2370136.112
PF05/0028/F401,AN,43.603789,13.146604,50.0,4829550.55,2370424.634
PF11/0028/F401,AN,43.608023,13.152298,20.0,4830010.572,2370894.643
PF03/0029/F401,AN,43.604566,13.156642,50.0,4829618.781,2371236.655
PF04/0029/F401,AN,43.605187,13.153431,12.0,4829693.54,2370979.07
PF09/0029/F401,AN,43.608431,13.156042,21.0,4830049.173,2371197.806
PF03/0030/F401,AN,43.606385,13.174198,12.0,4829789.51,2372658.04
PF04/0030/F401,AN,43.60994,13.167319,50.0,4830196.591,2372111.6
PF06/0030/F401,AN,43.604351,13.166427,21.0,4829577.468,2372025.909
PF02/0031/F401,AN,43.610709,13.172171,50.0,4830273.381,2372504.999
PF05/0031/F401,AN,43.60533,13.177665,12.0,4829666.2,2372935.27
PF06/0031/F401,AN,43.605534,13.18527,21.0,4829675.469,2373549.502
PF01/0032/F401,AN,43.592006,13.115304,50.0,4828298.756,2367868.67
PF03/0032/F401,AN,43.594184,13.118512,50.0,4828534.761,2368133.167
PF05/0032/F401,AN,43.599862,13.115311,21.0,4829171.215,2367889.061
PF01/0033/F401,AN,43.597435,13.139451,50.0,4828857.755,2369831.439
PF06/0033/F401,AN,43.601521,13.136167,12.0,4829317.52,2369576.58
PF07/0033/F401,AN,43.595534,13.144323,21.0,4828637.804,2370220.033
PF01/0034/F401,AN,43.596235,13.149447,12.0,4828706.44,2370635.33
PF06/0034/F401,AN,43.600495,13.151155,50.0,4829176.489,2370783.769
PF08/0034/F401,AN,43.602836,13.152523,50.0,4829434.021,2370899.937
PF11/0034/F401,AN,43.606556,13.151061,50.0,4829849.872,2370791.17
PF12/0034/F401,AN,43.604757,13.149122,50.0,4829653.577,2370630.185
PF13/0034/F401,AN,43.601507,13.147309,21.0,4829295.827,2370475.864
PF01/0035/F401,AN,43.59211,13.158124,12.0,4828232.71,2371325.56
PF02/0035/F401,AN,43.598859,13.157309,50.0,4828983.73,2371276.427
PF04/0035/F401,AN,43.599884,13.160319,21.0,4829092.231,2371521.948
PF04/0036/F401,AN,43.601472,13.16283,21.0,4829264.12,2371728.525
PF05/0037/F401,AN,43.596949,13.176211,50.0,4828737.992,2372797.453
PF06/0037/F401,AN,43.601332,13.17497,50.0,4829226.974,2372707.972
PF07/0037/F401,AN,43.59607,13.166741,21.0,4828657.164,2372030.951
PF01/0038/F401,AN,43.589644,13.098728,12.0,4828066.85,2366524.56
PF02/0038/F401,AN,43.58926,13.094226,50.0,4828032.555,2366160.167
PF03/0038/F401,AN,43.584959,13.091107,50.0,4827560.615,2365897.383
PF04/0038/F401,AN,43.588052,13.104349,50.0,4827879.682,2366974.319
PF05/0038/F401,AN,43.587809,13.098287,21.0,4827863.953,2366484.317
PF06/0039/F401,AN,43.589958,13.115229,12.0,4828071.37,2367857.45
PF07/0039/F401,AN,43.591191,13.108195,50.0,4828221.234,2367292.745
PF10/0039/F401,AN,43.583816,13.112767,21.0,4827393.702,2367643.231
PF02/0040/F401,AN,43.585246,13.117293,50.0,4827544.326,2368012.215
PF03/0040/F401,AN,43.582679,13.120395,50.0,4827253.486,2368256.221
PF04/0040/F401,AN,43.589022,13.11955,50.0,4827959.578,2368203.93
PF05/0040/F401,AN,43.579592,13.121342,21.0,4826908.981,2368324.943
PF01/0041/F401,AN,43.593834,13.129091,50.0,4828476.548,2368986.21
PF03/0041/F401,AN,43.592764,13.134215,50.0,4828348.494,2369397.15
PF04/0041/F401,AN,43.596171,13.128472,50.0,4828737.271,2368942.099
PF08/0041/F401,AN,43.587801,13.135869,21.0,4827794.202,2369518.344
PF01/0042/F401,AN,43.589683,13.138031,50.0,4827999.36,2369697.58
PF03/0042/F401,AN,43.592798,13.140771,20.0,4828340.336,2369926.511
PF03/0043/F401,AN,43.582842,13.095297,50.0,4827317.757,2366230.294
PF04/0043/F401,AN,43.578179,13.094163,50.0,4826801.942,2366126.812
PF05/0043/F401,AN,43.579644,13.095292,21.0,4826962.634,2366221.734
PF01/0044/F401,AN,43.570248,13.096978,12.0,4825915.86,2366333.95
PF03/0044/F401,AN,43.577302,13.102402,50.0,4826689.33,2366789.852
PF04/0044/F401,AN,43.574979,13.093724,21.0,4826447.413,2366083.242
PF04/0045/F401,AN,43.573021,13.111001,21.0,4826198.091,2367473.393
PF03/0046/F401,AN,43.569235,13.09892,21.0,4825799.838,2366488.216
PF03/0047/F401,AN,43.565409,13.102398,21.0,4825368.481,2366759.384
PF04/0048/F401,AN,43.562698,13.12285,21.0,4825029.877,2368404.316
PF02/0049/F401,AN,43.557693,13.117497,12.0,4824483.79,2367959.33
PF03/0049/F401,AN,43.555879,13.11241,21.0,4824291.611,2367543.928
PF03/0001/F453,AN,43.573111,13.079209,50.0,4826266.913,2364906.375
PF04/0001/F453,AN,43.575871,13.083106,21.0,4826566.205,2365228.138
PF02/0002/F453,AN,43.569736,13.08147,50.0,4825887.805,2365080.323
PF04/0002/F453,AN,43.568055,13.086492,50.0,4825691.815,2365481.557
PF05/0002/F453,AN,43.572877,13.090491,20.0,4826219.945,2365816.816
PF01/0003/F453,AN,43.563106,13.077867,50.0,4825158.225,2364772.319
PF03/0003/F453,AN,43.567495,13.076063,50.0,4825649.064,2364637.884
PF04/0003/F453,AN,43.561804,13.081286,21.0,4825007.229,2365045.102
PF03/0004/F453,AN,43.566362,13.092122,21.0,4825493.324,2365931.908
PF03/0005/F453,AN,43.566305,13.094391,50.0,4825482.752,2366115.035
PF04/0005/F453,AN,43.565042,13.101309,50.0,4825329.69,2366670.481
PF06/0005/F453,AN,43.563089,13.091174,21.0,4825131.563,2365846.998
PF03/0006/F453,AN,43.558164,13.081713,50.0,4824602.127,2365070.259
PF05/0006/F453,AN,43.557661,13.091534,50.0,4824528.013,2365862.264
PF06/0006/F453,AN,43.551949,13.090878,12.0,4823894.81,2365794.68
PF07/0006/F453,AN,43.554104,13.093672,50.0,4824129.036,2366025.873
PF08/0006/F453,AN,43.553727,13.086965,50.0,4824099.624,2365483.144
PF09/0006/F453,AN,43.560206,13.084922,21.0,4824822.973,2365334.679
PF01/0007/F453,AN,43.549335,13.091847,50.0,4823602.763,2365866.293
PF03/0007/F453,AN,43.548564,13.097915,21.0,4823505.85,2366354.515
PF01/0008/F453,AN,43.553561,13.101795,50.0,4824053.665,2366680.59
PF04/0008/F453,AN,43.5577,13.107176,50.0,4824503.42,2367125.75
PF05/0008/F453,AN,43.55251,13.110809,50.0,4823920.36,2367406.073
PF06/0008/F453,AN,43.554702,13.104469,20.0,4824175.481,2366899.519
PF01/0009/F453,AN,43.549733,13.119174,50.0,4823596.571,2368074.843
PF03/0009/F453,AN,43.554302,13.118212,50.0,4824105.789,2368008.617
PF04/0009/F453,AN,43.554018,13.113152,20.0,4824083.557,2367599.171
PF01/0010/F453,AN,43.547097,13.067987,50.0,4823398.671,2363933.002
PF02/0010/F453,AN,43.552439,13.075857,12.0,4823977.25,2364582.57
PF03/0010/F453,AN,43.549835,13.08228,50.0,4823676.083,2365094.709
PF05/0010/F453,AN,43.548405,13.073183,50.0,4823534.203,2364356.138
PF06/0010/F453,AN,43.547694,13.084898,21.0,4823433.362,2365300.722
PF03/0011/F453,AN,43.548444,13.114048,50.0,4823462.85,2367657.501
PF04/0011/F453,AN,43.5444,13.110014,50.0,4823021.102,2367321.415
PF05/0011/F453,AN,43.542116,13.114943,20.0,4822758.37,2367713.867
PF03/0012/F453,AN,43.542012,13.05824,50.0,4822852.256,2363132.457
PF04/0012/F453,AN,43.548949,13.06579,50.0,4823608.503,2363760.322
PF05/0012/F453,AN,43.544367,13.062307,50.0,4823106.114,2363467.141
PF07/0012/F453,AN,43.537965,13.054305,21.0,4822410.184,2362803.978
PF04/0013/F453,AN,43.538049,13.081155,50.0,4822369.194,2364973.609
PF05/0013/F453,AN,43.540669,13.077023,21.0,4822667.809,2364646.49
PF03/0014/F453,AN,43.545495,13.086049,50.0,4823186.98,2365388.108
PF06/0014/F453,AN,43.543679,13.093876,12.0,4822970.82,2366015.76
PF07/0014/F453,AN,43.537392,13.089249,21.0,4822281.076,2365625.921
PF01/0015/F453,AN,43.536793,13.096381,50.0,4822201.317,2366200.64
PF03/0015/F453,AN,43.543082,13.11479,50.0,4822865.971,2367703.917
PF04/0015/F453,AN,43.543233,13.106815,50.0,4822897.404,2367059.966
PF05/0015/F453,AN,43.537153,13.109206,12.0,4822217.68,2367237.77
PF09/0015/F453,AN,43.54392,13.104287,21.0,4822978.304,2366857.509
PF01/0016/F453,AN,43.529828,13.056444,50.0,4821502.47,2362955.727
PF04/0016/F453,AN,43.5339,13.060319,50.0,4821947.394,2363279.401
PF05/0016/F453,AN,43.535099,13.057012,50.0,4822086.754,2363015.255
PF06/0016/F453,AN,43.535541,13.062504,50.0,4822125.543,2363460.138
PF08/0016/F453,AN,43.539659,13.068662,50.0,4822571.294,2363968.365
PF09/0016/F453,AN,43.540498,13.063413,50.0,4822674.401,2363546.48
PF12/0016/F453,AN,43.528959,13.06097,21.0,4821397.461,2363319.172
PF05/0017/F453,AN,43.537738,13.067037,50.0,4822361.042,2363832.092
PF07/0017/F453,AN,43.536263,13.073329,50.0,4822185.429,2364336.713
PF10/0017/F453,AN,43.533681,13.06937,50.0,4821906.056,2364010.128
PF11/0017/F453,AN,43.532061,13.065604,12.0,4821733.17,2363701.63
PF12/0017/F453,AN,43.527781,13.068091,50.0,4821253.18,2363891.554
PF14/0017/F453,AN,43.52891,13.07066,50.0,4821373.735,2364102.096
PF15/0017/F453,AN,43.526994,13.063692,50.0,4821174.029,2363534.062
PF16/0017/F453,AN,43.532349,13.073231,21.0,4821750.836,2364318.704
PF04/0018/F453,AN,43.533289,13.081101,50.0,4821840.575,2364957.027
PF05/0018/F453,AN,43.533798,13.07755,50.0,4821903.726,2364671.408
PF08/0018/F453,AN,43.536334,13.075799,50.0,4822188.646,2364536.452
PF10/0018/F453,AN,43.538437,13.085539,50.0,4822404.113,2365328.852
PF11/0018/F453,AN,43.530037,13.076903,12.0,4821487.28,2364609.46
PF12/0018/F453,AN,43.534519,13.085268,21.0,4821969.384,2365296.912
PF01/0019/F453,AN,43.529468,13.104142,50.0,4821373.51,2366809.18
PF04/0019/F453,AN,43.534383,13.09525,50.0,4821935.801,2366103.095
PF06/0019/F453,AN,43.534606,13.091882,12.0,4821966.76,2365831.56
PF07/0019/F453,AN,43.531132,13.109407,21.0,4821548.579,2367238.86
PF01/0020/F453,AN,43.522331,13.052709,50.0,4820676.909,2362634.356
PF02/0020/F453,AN,43.523848,13.056082,50.0,4820839.033,2362910.949
PF04/0020/F453,AN,43.524086,13.060803,50.0,4820856.457,2363293.09
PF07/0020/F453,AN,43.521907,13.069337,50.0,4820598.462,2363977.164
PF09/0020/F453,AN,43.524119,13.068343,50.0,4820845.952,2363902.536
PF12/0020/F453,AN,43.527293,13.054853,50.0,4821223.89,2362820.53
PF14/0020/F453,AN,43.527749,13.058025,21.0,4821268.625,2363078.048
PF01/0021/F453,AN,43.525346,13.061996,50.0,4820994.244,2363392.707
PF04/0021/F453,AN,43.525996,13.064257,21.0,4821062.187,2363577.133
PF06/0022/F453,AN,43.521376,13.086094,50.0,4820508.196,2365330.084
PF13/0022/F453,AN,43.529239,13.073561,50.0,4821404.844,2364337.402
PF16/0022/F453,AN,43.52955,13.082593,12.0,4821422.53,2365068.03
PF17/0022/F453,AN,43.523796,13.084189,50.0,4820780.524,2365182.286
PF20/0022/F453,AN,43.526204,13.071306,20.0,4821072.055,2364147.327
PF01/0023/F453,AN,43.525006,13.090561,50.0,4820903.042,2365700.316
PF02/0023/F453,AN,43.524654,13.094925,50.0,4820855.882,2366052.114
PF07/0023/F453,AN,43.530552,13.096024,12.0,4821508.87,2366155.95
PF14/0023/F453,AN,43.531972,13.085084,50.0,4821686.881,2365275.494
PF15/0023/F453,AN,43.527506,13.096756,50.0,4821169.261,2366207.308
PF17/0023/F453,AN,43.528346,13.085396,21.0,4821283.538,2365291.469
PF03/0024/F453,AN,43.517772,13.051697,50.0,4820172.47,2362540.739
PF04/0024/F453,AN,43.515627,13.060348,12.0,4819917.83,2363234.35
PF05/0024/F453,AN,43.520392,13.056438,50.0,4820454.479,2362930.672
PF06/0024/F453,AN,43.518994,13.060164,12.0,4820292.2,2363228.24
PF07/0024/F453,AN,43.516571,13.057585,10.0,4820027.93,2363013.5
PF08/0024/F453,AN,43.514734,13.052931,21.0,4819832.734,2362632.55
PF02/0025/F453,AN,43.514363,13.046316,12.0,4819804.04,2362096.88
PF03/0025/F453,AN,43.51376,13.049814,50.0,4819730.402,2362378.048
PF04/0025/F453,AN,43.510532,13.045091,50.0,4819380.928,2361987.873
PF05/0025/F453,AN,43.51182,13.049886,50.0,4819514.844,2362378.829
PF06/0025/F453,AN,43.51234,13.052221,20.0,4819568.188,2362568.935
PF03/0026/F453,AN,43.503185,13.034759,50.0,4818584.606,2361133.423
PF04/0026/F453,AN,43.513228,13.040227,50.0,4819689.517,2361601.761
PF05/0026/F453,AN,43.507173,13.03732,50.0,4819022.554,2361350.927
PF06/0026/F453,AN,43.511683,13.033035,21.0,4819531.707,2361016.361
PF21/0006/F560,AN,43.65557,13.303481,50.0,4835031.005,2383203.576
PF22/0006/F560,AN,43.653995,13.312386,50.0,4834841.369,2383918.126
PF23/0006/F560,AN,43.652626,13.304207,50.0,4834702.801,2383255.433
PF22/0007/F560,AN,43.647636,13.323247,50.0,4834117.32,2384779.683
PF24/0007/F560,AN,43.640035,13.316141,50.0,4833284.735,2384189.466
PF25/0007/F560,AN,43.645328,13.325587,50.0,4833857.272,2384963.245
PF26/0007/F560,AN,43.648237,13.318261,50.0,4834192.256,2384378.904
PF21/0009/F560,AN,43.651112,13.311946,50.0,4834521.857,2383876.131
PF22/0009/F560,AN,43.647014,13.299474,50.0,4834087.299,2382860.958
PF23/0009/F560,AN,43.649127,13.309154,50.0,4834306.043,2383646.458
PF22/0010/F560,AN,43.646611,13.295636,50.0,4834048.897,2382550.473
PF23/0010/F560,AN,43.645016,13.289574,50.0,4833881.762,2382057.947
PF24/0010/F560,AN,43.648736,13.28597,50.0,4834300.939,2381775.821
PF25/0010/F560,AN,43.650561,13.287797,50.0,4834500.659,2381927.292
PF21/0012/F560,AN,43.641326,13.321541,50.0,4833419.278,2384627.903
PF22/0012/F560,AN,43.639533,13.327726,50.0,4833210.133,2385122.76
PF23/0012/F560,AN,43.637936,13.316035,50.0,4833051.802,2384176.159
PF24/0012/F560,AN,43.636379,13.318418,50.0,4832874.978,2384364.847
PF25/0012/F560,AN,43.636077,13.313049,50.0,4832850.185,2383931.099
PF26/0012/F560,AN,43.63262,13.318363,50.0,4832457.603,2384351.941
PF21/0014/F560,AN,43.647623,13.281682,50.0,4834184.519,2381427.425
PF22/0014/F560,AN,43.645951,13.284063,50.0,4833994.839,2381615.602
PF23/0014/F560,AN,43.645798,13.271463,50.0,4833998.922,2380599.042
PF24/0014/F560,AN,43.642916,13.285121,8.0,4833656.0,2381694.0
PF25/0014/F560,AN,43.647511,13.273496,50.0,4834185.722,2380766.929
PF21/0018/F560,AN,43.646077,13.269083,50.0,4834033.892,2380407.704
PF22/0018/F560,AN,43.640558,13.27286,50.0,4833414.55,2380699.61
PF24/0018/F560,AN,43.636102,13.269543,50.0,4832925.308,2380421.748
PF21/0019/F560,AN,43.641896,13.280655,50.0,4833550.203,2381331.431
PF22/0019/F560,AN,43.63991,13.273151,50.0,4833342.1,2380721.547
PF23/0019/F560,AN,43.636107,13.281892,50.0,4832905.153,2381417.878
PF24/0019/F560,AN,43.635621,13.272175,50.0,4832867.469,2380632.948
PF25/0019/F560,AN,43.634228,13.280776,50.0,4832698.261,2381323.553
PF26/0019/F560,AN,43.632687,13.277872,50.0,4832531.976,2381085.68
PF27/0019/F560,AN,43.63331,13.285641,50.0,4832588.179,2381713.879
PF28/0019/F560,AN,43.6379,13.286556,50.0,4833096.509,2381798.235
PF21/0022/F560,AN,43.623245,13.317177,50.0,4831418.309,2384235.227
PF22/0022/F560,AN,43.622942,13.307771,50.0,4831400.049,2383475.635
PF23/0022/F560,AN,43.621107,13.315596,50.0,4831183.414,2384102.802
PF24/0022/F560,AN,43.620728,13.307925,50.0,4831153.919,2383483.039
PF25/0022/F560,AN,43.625235,13.315005,50.0,4831642.906,2384064.448
PF21/0023/F560,AN,43.633301,13.26606,50.0,4832620.0,2380134.257
PF22/0023/F560,AN,43.627237,13.269943,50.0,4831940.036,2380433.467
PF23/0023/F560,AN,43.624552,13.271018,10.0,4831640.0,2380514.0
PF21/0024/F560,AN,43.62228,13.299003,50.0,4831341.005,2382766.699
PF22/0024/F560,AN,43.618789,13.312023,50.0,4830931.855,2383809.326
PF23/0024/F560,AN,43.618375,13.305962,50.0,4830895.858,2383319.302
PF03/0001/F581,AN,43.621147,13.057969,12.0,4831641.9,2363316.03
PF05/0001/F581,AN,43.61851,13.053707,21.0,4831357.034,2362965.23
PF03/0002/F581,AN,43.616669,13.065726,50.0,4831129.93,2363930.317
PF04/0002/F581,AN,43.617554,13.062552,50.0,4831234.203,2363676.444
PF05/0002/F581,AN,43.619466,13.066722,50.0,4831438.682,2364017.922
PF06/0002/F581,AN,43.627815,13.066923,50.0,4832365.676,2364055.714
PF07/0002/F581,AN,43.613453,13.064526,50.0,4830774.979,2363825.169
PF08/0002/F581,AN,43.623884,13.065483,50.0,4831931.74,2363929.398
PF09/0002/F581,AN,43.624057,13.068911,50.0,4831944.547,2364206.362
PF10/0002/F581,AN,43.615151,13.068802,50.0,4830955.577,2364174.595
PF11/0002/F581,AN,43.619081,13.058816,21.0,4831410.805,2363378.957
PF01/0003/F581,AN,43.621918,13.078158,50.0,4831689.623,2364946.947
PF03/0003/F581,AN,43.62585,13.083948,50.0,4832115.587,2365424.188
PF04/0003/F581,AN,43.621591,13.082411,21.0,4831645.354,2365289.258
PF01/0004/F581,AN,43.619559,13.082292,50.0,4831419.968,2365274.493
PF05/0004/F581,AN,43.61985,13.09422,50.0,4831430.064,2366237.692
PF06/0004/F581,AN,43.623154,13.084951,21.0,4831814.223,2365498.206
PF01/0005/F581,AN,43.61602,13.09688,12.0,4830999.79,2366442.57
PF04/0005/F581,AN,43.621576,13.096522,12.0,4831617.53,2366427.78
PF05/0005/F581,AN,43.623243,13.093187,50.0,4831808.792,2366162.966
PF06/0005/F581,AN,43.618649,13.094454,21.0,4831296.229,2366253.463
PF01/0006/F581,AN,43.612677,13.040578,50.0,4830734.129,2361890.621
PF04/0006/F581,AN,43.616397,13.041804,50.0,4831144.939,2361999.274
PF05/0006/F581,AN,43.610101,13.049103,50.0,4830431.906,2362571.829
PF06/0006/F581,AN,43.619562,13.043052,21.0,4831494.19,2362108.235
PF01/0007/F581,AN,43.604702,13.050684,50.0,4829829.187,2362685.287
PF04/0007/F581,AN,43.604843,13.056312,50.0,4829834.243,2363139.95
PF06/0007/F581,AN,43.609635,13.053873,50.0,4830371.108,2362955.555
PF07/0007/F581,AN,43.611629,13.0603,50.0,4830580.407,2363479.414
PF09/0007/F581,AN,43.608539,13.056694,50.0,4830244.038,2363180.363
PF10/0007/F581,AN,43.612659,13.057081,21.0,4830700.918,2363222.273
PF01/0008/F581,AN,43.605191,13.065081,12.0,4829856.35,2363848.53
PF02/0008/F581,AN,43.606844,13.068952,12.0,4830032.69,2364165.21
PF03/0008/F581,AN,43.60833,13.06193,12.0,4830210.94,2363602.4
PF04/0008/F581,AN,43.608913,13.069848,12.0,4830260.78,2364242.87
PF06/0008/F581,AN,43.611354,13.065306,50.0,4830540.39,2363882.69
PF08/0008/F581,AN,43.61343,13.067442,21.0,4830766.933,2364060.372
PF03/0009/F581,AN,43.616337,13.079367,50.0,4831067.552,2365030.144
PF04/0009/F581,AN,43.613912,13.07705,50.0,4830802.563,2364836.938
PF05/0009/F581,AN,43.615758,13.073536,50.0,4831014.097,2364558.15
PF06/0009/F581,AN,43.617826,13.07699,21.0,4831237.301,2364842.172
PF02/0010/F581,AN,43.608394,13.080707,50.0,4830182.784,2365117.91
PF06/0010/F581,AN,43.605849,13.083151,50.0,4829895.637,2365308.617
PF07/0010/F581,AN,43.607726,13.075761,50.0,4830117.88,2364717.063
PF08/0010/F581,AN,43.610575,13.084044,21.0,4830418.8,2365392.785
PF01/0011/F581,AN,43.609563,13.088254,50.0,4830298.603,2365729.99
PF02/0011/F581,AN,43.61384,13.080487,50.0,4830788.075,2365114.171
PF03/0011/F581,AN,43.612264,13.086907,50.0,4830601.131,2365628.141
PF06/0011/F581,AN,43.607751,13.09154,21.0,4830091.221,2365990.512
PF01/0012/F581,AN,43.607239,13.103324,50.0,4830012.631,2366940.206
PF02/0012/F581,AN,43.610564,13.102263,50.0,4830383.845,2366863.095
PF03/0012/F581,AN,43.612418,13.098805,50.0,4830596.161,2366588.7
PF04/0012/F581,AN,43.608482,13.105723,21.0,4830146.211,2367137.0
PF01/0013/F581,AN,43.603158,13.03855,50.0,4829680.828,2361701.952
PF03/0013/F581,AN,43.6095,13.031718,50.0,4830398.196,2361167.238
PF07/0013/F581,AN,43.599833,13.038454,50.0,4829311.652,2361685.498
PF08/0013/F581,AN,43.601447,13.041178,21.0,4829485.781,2361909.562
PF05/0014/F581,AN,43.605634,13.059973,50.0,4829915.15,2363437.441
PF06/0014/F581,AN,43.602276,13.056015,50.0,4829549.718,2363109.245
PF07/0014/F581,AN,43.603019,13.058636,21.0,4829627.3,2363322.727
PF02/0015/F581,AN,43.599204,13.078994,50.0,4829165.304,2364956.068
PF05/0015/F581,AN,43.600747,13.083993,50.0,4829327.343,2365363.497
PF06/0015/F581,AN,43.595172,13.083721,50.0,4828708.656,2365327.277
PF07/0015/F581,AN,43.597575,13.090004,50.0,4828963.925,2365840.574
PF09/0015/F581,AN,43.596496,13.094873,50.0,4828835.004,2366230.822
PF11/0015/F581,AN,43.601195,13.08094,21.0,4829382.777,2365118.214
PF03/0016/F581,AN,43.600363,13.094008,50.0,4829266.133,2366170.856
PF05/0016/F581,AN,43.605857,13.08908,50.0,4829885.49,2365787.126
PF06/0016/F581,AN,43.598336,13.096631,12.0,4829036.11,2366377.39
PF07/0016/F581,AN,43.600185,13.097029,50.0,4829240.753,2366414.283
PF09/0016/F581,AN,43.602312,13.098113,20.0,4829474.963,2366507.15
PF01/0017/F581,AN,43.604348,13.103979,50.0,4829690.317,2366985.763
PF04/0017/F581,AN,43.606851,13.116615,50.0,4829945.096,2368011.929
PF05/0017/F581,AN,43.609715,13.108776,12.0,4830277.51,2367386.51
PF08/0017/F581,AN,43.607133,13.106669,21.0,4829994.642,2367209.93
PF02/0018/F581,AN,43.600652,13.030101,50.0,4829418.59,2361013.452
PF03/0018/F581,AN,43.604886,13.02821,50.0,4829892.515,2360871.989
PF06/0018/F581,AN,43.601961,13.021052,21.0,4829581.369,2360286.497
PF01/0019/F581,AN,43.600135,13.04534,50.0,4829332.115,2362242.111
PF03/0019/F581,AN,43.600876,13.050372,50.0,4829404.893,2362650.156
PF04/0019/F581,AN,43.592043,13.047138,12.0,4828429.98,2362366.11
PF07/0019/F581,AN,43.605934,13.046701,50.0,4829973.652,2362367.105
PF08/0019/F581,AN,43.602977,13.047552,21.0,4829643.602,2362428.02
PF05/0020/F581,AN,43.597429,13.063219,50.0,4828997.715,2363678.139
PF06/0020/F581,AN,43.60032,13.064313,50.0,4829316.8,2363773.954
PF08/0020/F581,AN,43.598445,13.055148,50.0,4829125.854,2363029.302
PF09/0020/F581,AN,43.600892,13.054935,50.0,4829397.99,2363018.504
PF13/0020/F581,AN,43.605493,13.061509,12.0,4829896.62,2363561.08
PF14/0020/F581,AN,43.602912,13.06018,12.0,4829612.5,2363447.12
PF16/0020/F581,AN,43.594002,13.063876,21.0,4828615.943,2363722.304
PF01/0021/F581,AN,43.591692,13.065009,50.0,4828357.242,2363807.816
PF04/0021/F581,AN,43.595691,13.06537,50.0,4828800.722,2363847.318
PF07/0021/F581,AN,43.599294,13.067987,50.0,4829195.942,2364067.861
PF08/0021/F581,AN,43.598206,13.072267,50.0,4829067.12,2364410.48
PF09/0021/F581,AN,43.602012,13.070385,50.0,4829493.367,2364268.436
PF10/0021/F581,AN,43.603047,13.074317,50.0,4829600.847,2364588.455
PF12/0021/F581,AN,43.603255,13.063736,12.0,4829643.86,2363734.99
PF13/0021/F581,AN,43.601044,13.066988,50.0,4829392.213,2363991.757
PF14/0021/F581,AN,43.59357,13.067948,50.0,4828560.255,2364049.87
PF15/0021/F581,AN,43.59674,13.067802,21.0,4828912.665,2364046.296
PF01/0022/F581,AN,43.58736,13.067429,50.0,4827871.484,2363991.996
PF04/0022/F581,AN,43.583882,13.075671,50.0,4827469.817,2364648.383
PF05/0022/F581,AN,43.591272,13.074476,50.0,4828292.797,2364570.97
PF06/0022/F581,AN,43.593254,13.080907,50.0,4828500.924,2365095.217
PF07/0022/F581,AN,43.585542,13.078923,21.0,4827648.126,2364915.209
PF01/0023/F581,AN,43.588776,13.083358,50.0,4827999.03,2365281.577
PF04/0023/F581,AN,43.593181,13.096128,50.0,4828464.548,2366323.73
PF05/0023/F581,AN,43.59448,13.086897,20.0,4828625.922,2365581.825
PF06/0023/F581,AN,43.595427,13.092085,21.0,4828721.425,2366003.051
PF01/0024/F581,AN,43.597763,13.10279,50.0,4828961.15,2366873.116
PF02/0024/F581,AN,43.601289,13.105778,50.0,4829347.277,2367123.191
PF03/0024/F581,AN,43.602767,13.102323,21.0,4829517.727,2366848.102
PF01/0025/F581,AN,43.595456,13.103406,12.0,4828703.79,2366916.99
PF02/0025/F581,AN,43.594271,13.110552,12.0,4828558.98,2367490.79
PF03/0025/F581,AN,43.592491,13.108169,12.0,4828365.67,2367293.94
PF05/0025/F581,AN,43.598888,13.108419,50.0,4829075.758,2367330.296
PF06/0025/F581,AN,43.601791,13.111808,50.0,4829391.962,2367611.152
PF08/0025/F581,AN,43.592471,13.102356,12.0,4828374.14,2366824.66
PF10/0025/F581,AN,43.597294,13.106109,21.0,4828902.886,2367139.815
PF02/0026/F581,AN,43.594294,13.045024,50.0,4828683.942,2362201.325
PF03/0026/F581,AN,43.596691,13.035319,50.0,4828968.682,2361424.219
PF04/0026/F581,AN,43.598277,13.04489,21.0,4829126.642,2362200.879
PF01/0027/F581,AN,43.589028,13.059825,12.0,4828071.15,2363382.4
PF03/0027/F581,AN,43.592334,13.058451,50.0,4828440.843,2363280.109
PF04/0027/F581,AN,43.589938,13.061889,21.0,4828168.308,2363551.376
PF01/0028/F581,AN,43.582465,13.082092,50.0,4827300.412,2365163.215
PF02/0028/F581,AN,43.58997,13.091192,50.0,4828117.076,2365917.038
PF03/0028/F581,AN,43.591125,13.088057,50.0,4828251.144,2365666.952
PF04/0028/F581,AN,43.5864,13.089983,21.0,4827722.837,2365810.324
PF01/0029/F581,AN,43.583271,13.044575,50.0,4827460.608,2362136.217
PF04/0029/F581,AN,43.590517,13.044832,50.0,4828264.879,2362175.937
PF06/0029/F581,AN,43.590002,13.049479,21.0,4828198.86,2362549.707
PF02/0030/F581,AN,43.57701,13.059647,12.0,4826736.7,2363336.85
PF04/0030/F581,AN,43.579824,13.058447,12.0,4827051.5,2363247.26
PF05/0030/F581,AN,43.577905,13.063278,21.0,4826829.233,2363632.35
PF01/0031/F581,AN,43.582737,13.059875,50.0,4827372.296,2363370.128
PF05/0031/F581,AN,43.584953,13.06689,21.0,4827605.238,2363942.214
PF03/0032/F581,AN,43.585973,13.050621,50.0,4827749.228,2362631.413
PF04/0032/F581,AN,43.579121,13.050047,50.0,4826989.25,2362567.22
PF06/0032/F581,AN,43.588323,13.050349,12.0,4828010.7,2362615.59
PF07/0032/F581,AN,43.590795,13.051937,12.0,4828282.29,2362750.24
PF08/0032/F581,AN,43.582722,13.050483,50.0,4827388.44,2362611.77
PF09/0032/F581,AN,43.579348,13.053878,21.0,4827007.232,2362877.108
PF01/0033/F581,AN,43.579962,13.064133,50.0,4827056.084,2363706.753
PF05/0033/F581,AN,43.578538,13.071353,50.0,4826884.379,2364286.03
PF08/0033/F581,AN,43.582152,13.074078,50.0,4827280.606,2364515.303
PF09/0033/F581,AN,43.584124,13.070132,50.0,4827507.031,2364201.83
PF10/0033/F581,AN,43.578183,13.077731,50.0,4826832.956,2364800.097
PF11/0033/F581,AN,43.580717,13.07098,50.0,4827127.068,2364261.505
PF13/0033/F581,AN,43.579618,13.07626,21.0,4826995.143,2364684.977
PF03/0001/F600,AN,43.491479,13.172395,19.0,4817030.85,2372231.89
PF04/0001/F600,AN,43.491144,13.167957,18.0,4817001.48,2371872.27
PF05/0001/F600,AN,43.49256,13.163494,19.0,4817166.7,2371514.82
PF06/0001/F600,AN,43.494639,13.165727,19.0,4817393.61,2371700.44
PF08/0001/F600,AN,43.494692,13.170701,8.0,4817390.68,2372102.76
PF09/0001/F600,AN,43.490231,13.161361,50.0,4816911.817,2371336.625
PF13/0001/F600,AN,43.488348,13.161304,19.0,4816702.79,2371327.39
PF14/0001/F600,AN,43.495731,13.173634,19.0,4817500.83,2372342.46
PF16/0001/F600,AN,43.490347,13.178628,19.0,4816894.04,2372733.14
PF02/0002/F600,AN,43.483534,13.184462,7.0,4816127.09,2373188.38
PF04/0002/F600,AN,43.490039,13.188972,50.0,4816841.595,2373568.831
PF05/0002/F600,AN,43.48973,13.183393,50.0,4816817.115,2373116.951
PF07/0002/F600,AN,43.492424,13.185824,19.0,4817112.0,2373320.06
PF08/0002/F600,AN,43.487523,13.189901,19.0,4816560.53,2373637.89
PF09/0002/F600,AN,43.487114,13.183085,19.0,4816527.08,2373085.71
PF03/0003/F600,AN,43.492356,13.196174,19.0,4817086.27,2374156.76
PF04/0003/F600,AN,43.487857,13.193373,19.0,4816591.47,2373919.44
PF02/0004/F600,AN,43.494126,13.203585,50.0,4817269.902,2374760.242
PF03/0004/F600,AN,43.493908,13.205911,50.0,4817241.593,2374947.793
PF04/0004/F600,AN,43.496643,13.208872,50.0,4817540.233,2375193.764
PF01/0005/F600,AN,43.489439,13.21074,50.0,4816736.89,2375327.58
PF04/0005/F600,AN,43.49802,13.215623,50.0,4817681.445,2375742.882
PF08/0005/F600,AN,43.497955,13.211494,50.0,4817681.305,2375408.888
PF09/0005/F600,AN,43.496149,13.209443,19.0,4817484.33,2375238.74
PF10/0005/F600,AN,43.492526,13.21202,10.0,4817077.5,2375438.5
PF01/0006/F600,AN,43.475944,13.132231,19.0,4815377.56,2368945.57
PF02/0006/F600,AN,43.477828,13.138118,50.0,4815576.171,2369426.374
PF04/0006/F600,AN,43.477282,13.144259,50.0,4815504.412,2369921.726
PF05/0006/F600,AN,43.480749,13.147045,50.0,4815884.446,2370155.605
PF06/0006/F600,AN,43.480398,13.14252,50.0,4815853.587,2369788.749
PF07/0006/F600,AN,43.483787,13.141374,50.0,4816232.025,2369704.512
PF11/0006/F600,AN,43.48139,13.139455,8.0,4815969.27,2369543.38
PF12/0006/F600,AN,43.480577,13.13636,50.0,4815884.609,2369291.058
PF15/0006/F600,AN,43.482803,13.144177,19.0,4816117.75,2369928.75
PF16/0006/F600,AN,43.480075,13.131182,50.0,4815838.315,2368870.998
PF17/0006/F600,AN,43.479381,13.138335,19.0,4815748.18,2369447.8
PF18/0006/F600,AN,43.478086,13.136136,10.0,4815608.39,2369266.75
PF03/0007/F600,AN,43.476368,13.155275,19.0,4815383.13,2370810.37
PF04/0007/F600,AN,43.478574,13.153749,19.0,4815630.83,2370692.41
PF07/0007/F600,AN,43.483634,13.153059,50.0,4816194.049,2370649.093
PF08/0007/F600,AN,43.484437,13.159359,50.0,4816271.969,2371160.528
PF09/0007/F600,AN,43.481044,13.151152,19.0,4815909.81,2370488.45
PF10/0007/F600,AN,43.481425,13.157522,19.0,4815940.69,2371004.55
PF11/0007/F600,AN,43.476727,13.147639,19.0,4815436.69,2370193.67
PF04/0008/F600,AN,43.485466,13.166592,50.0,4816373.331,2371747.979
PF06/0008/F600,AN,43.484689,13.174316,50.0,4816273.3,2372370.729
PF09/0008/F600,AN,43.48811,13.166899,10.0,4816666.46,2371779.28
PF10/0008/F600,AN,43.488806,13.17211,10.0,4816734.43,2372202.38
PF11/0008/F600,AN,43.489478,13.176967,19.0,4816800.5,2372596.77
PF13/0008/F600,AN,43.482796,13.161518,50.0,4816085.777,2371331.111
PF14/0008/F600,AN,43.488132,13.163447,19.0,4816675.04,2371500.2
PF01/0009/F600,AN,43.479041,13.174717,19.0,4815645.24,2372389.34
PF02/0009/F600,AN,43.480767,13.172929,8.0,4815840.14,2372248.95
PF03/0009/F600,AN,43.477092,13.181791,19.0,4815416.34,2372956.79
PF05/0009/F600,AN,43.484786,13.181459,19.0,4816271.36,2372948.56
PF07/0009/F600,AN,43.486227,13.177428,19.0,4816438.53,2372626.07
PF09/0009/F600,AN,43.487646,13.180854,50.0,4816590.09,2372906.636
PF10/0009/F600,AN,43.48149,13.178473,19.0,4815910.68,2372699.13
PF01/0010/F600,AN,43.478127,13.189268,50.0,4815518.098,2373563.982
PF02/0010/F600,AN,43.483276,13.193247,19.0,4816082.97,2373898.25
PF03/0010/F600,AN,43.481656,13.187766,19.0,4815912.64,2373451.08
PF01/0011/F600,AN,43.47475,13.204445,19.0,4815116.43,2374783.41
PF02/0011/F600,AN,43.477306,13.203233,50.0,4815402.45,2374691.472
PF03/0011/F600,AN,43.483989,13.203192,19.0,4816144.74,2374704.18
PF04/0011/F600,AN,43.481648,13.209804,19.0,4815873.19,2375233.31
PF05/0011/F600,AN,43.479717,13.203536,19.0,4815669.68,2374721.75
PF02/0012/F600,AN,43.467174,13.142693,8.0,4814384.6,2369770.01
PF04/0012/F600,AN,43.474209,13.140392,19.0,4815170.09,2369601.27
PF05/0012/F600,AN,43.470669,13.133814,19.0,4814788.83,2369060.44
PF07/0012/F600,AN,43.474419,13.136654,19.0,4815200.13,2369299.47
PF08/0012/F600,AN,43.471902,13.137083,19.0,4814919.8,2369327.91
PF09/0012/F600,AN,43.469812,13.139775,19.0,4814682.88,2369540.5
PF03/0013/F600,AN,43.470943,13.149535,50.0,4814790.868,2370332.774
PF04/0013/F600,AN,43.47068,13.146026,19.0,4814767.98,2370048.28
PF01/0014/F600,AN,43.478141,13.160662,19.0,4815570.35,2371250.47
PF02/0014/F600,AN,43.481035,13.16594,50.0,4815882.394,2371684.385
PF04/0014/F600,AN,43.474051,13.159498,19.0,4815118.24,2371146.26
PF05/0014/F600,AN,43.477065,13.169103,19.0,4815435.76,2371930.48
PF06/0001/F634,AN,43.624617,13.25677,21.0,4831671.272,2379364.618
PF03/0002/F634,AN,43.629546,13.279134,20.0,4832181.09,2381180.27
PF01/0003/F634,AN,43.615316,13.249659,50.0,4830650.329,2378769.097
PF04/0003/F634,AN,43.617076,13.252495,50.0,4830840.91,2379002.011
PF06/0003/F634,AN,43.614706,13.245559,50.0,4830589.594,2378436.773
PF07/0003/F634,AN,43.621631,13.251161,21.0,4831349.14,2378905.084
PF01/0004/F634,AN,43.614985,13.253322,12.0,4830607.34,2379063.9
PF04/0004/F634,AN,43.614188,13.26801,50.0,4830493.972,2380247.252
PF07/0004/F634,AN,43.618885,13.253872,50.0,4831039.574,2379117.407
PF08/0004/F634,AN,43.617858,13.26922,12.0,4830899.56,2380353.37
PF09/0004/F634,AN,43.613715,13.260408,21.0,4830454.261,2379632.692
PF02/0005/F634,AN,43.611924,13.279645,50.0,4830223.051,2381180.973
PF06/0005/F634,AN,43.613396,13.276112,21.0,4830392.408,2380899.225
PF02/0006/F634,AN,43.60705,13.258945,50.0,4829716.533,2379499.152
PF06/0006/F634,AN,43.613397,13.242055,50.0,4830450.105,2378150.957
PF07/0006/F634,AN,43.612523,13.246076,50.0,4830346.217,2378473.423
PF08/0006/F634,AN,43.612391,13.25378,21.0,4830318.432,2379094.739
PF06/0007/F634,AN,43.610198,13.257657,12.0,4830068.32,2379402.54
PF10/0007/F634,AN,43.60512,13.261561,21.0,4829497.691,2379705.753
PF02/0008/F634,AN,43.608564,13.269774,50.0,4829866.402,2380376.626
PF03/0008/F634,AN,43.607289,13.273029,12.0,4829719.35,2380636.35
PF04/0008/F634,AN,43.6097,13.287378,50.0,4829963.034,2381799.911
PF05/0008/F634,AN,43.610832,13.283906,50.0,4830094.639,2381522.312
PF06/0008/F634,AN,43.607962,13.276751,50.0,4829787.795,2380938.248
PF07/0008/F634,AN,43.612018,13.269832,50.0,4830249.848,2380389.269
PF08/0008/F634,AN,43.610691,13.271052,21.0,4830100.459,2380484.64
PF04/0009/F634,AN,43.602904,13.259925,50.0,4829254.352,2379568.55
PF10/0009/F634,AN,43.600897,13.252806,21.0,4829043.48,2378989.282
PF01/0010/F634,AN,43.596417,13.263056,50.0,4828528.58,2379806.216
PF03/0010/F634,AN,43.596814,13.269638,50.0,4828561.548,2380338.468
PF04/0010/F634,AN,43.59636,13.276459,50.0,4828499.669,2380887.938
PF06/0010/F634,AN,43.595851,13.272434,50.0,4828449.932,2380561.925
PF09/0010/F634,AN,43.603803,13.275072,50.0,4829328.701,2380793.159
PF10/0010/F634,AN,43.598166,13.261066,50.0,4828726.246,2379649.678
PF13/0010/F634,AN,43.601099,13.266299,50.0,4829043.16,2380078.836
PF14/0010/F634,AN,43.603209,13.266962,50.0,4829276.312,2380137.217
PF15/0010/F634,AN,43.604339,13.278223,50.0,4829382.952,2381048.748
PF17/0010/F634,AN,43.600867,13.276473,50.0,4829000.223,2380899.454
PF18/0010/F634,AN,43.603228,13.270194,50.0,4829273.08,2380398.113
PF20/0010/F634,AN,43.600988,13.263558,21.0,4829035.39,2379857.333
PF03/0011/F634,AN,43.595975,13.278862,50.0,4828452.992,2381081.027
PF04/0011/F634,AN,43.594994,13.29005,50.0,4828325.354,2381981.883
PF05/0011/F634,AN,43.598734,13.280704,50.0,4828756.245,2381236.066
PF12/0011/F634,AN,43.598896,13.285674,50.0,4828765.994,2381637.643
PF14/0011/F634,AN,43.59727,13.289321,50.0,4828579.363,2381928.236
PF16/0011/F634,AN,43.605015,13.28703,50.0,4829443.339,2381761.045
PF17/0011/F634,AN,43.602855,13.28662,50.0,4829204.14,2381723.069
PF19/0011/F634,AN,43.60221,13.283083,21.0,4829138.358,2381436.083
PF02/0012/F634,AN,43.60034,13.289135,50.0,4828920.579,2381920.275
PF03/0012/F634,AN,43.598185,13.293895,50.0,4828673.403,2382299.555
PF06/0012/F634,AN,43.59625,13.29602,50.0,4828454.957,2382466.682
PF08/0012/F634,AN,43.596937,13.298909,50.0,4828526.403,2382701.413
PF09/0012/F634,AN,43.599516,13.300918,50.0,4828809.608,2382869.459
PF10/0012/F634,AN,43.600836,13.294108,21.0,4828967.42,2382322.804
PF02/0013/F634,AN,43.592732,13.301866,50.0,4828054.534,2382930.562
PF03/0013/F634,AN,43.598588,13.305966,50.0,4828698.119,2383274.745
PF04/0013/F634,AN,43.594014,13.298945,50.0,4828201.78,2382697.642
PF05/0013/F634,AN,43.598875,13.309751,50.0,4828723.773,2383580.95
PF07/0013/F634,AN,43.595923,13.306983,50.0,4828400.471,2383350.842
PF09/0013/F634,AN,43.595022,13.302527,21.0,4828307.756,2382989.141
PF02/0014/F634,AN,43.596895,13.313845,50.0,4828497.165,2383906.907
PF04/0014/F634,AN,43.594228,13.312011,50.0,4828203.973,2383752.856
PF08/0014/F634,AN,43.590108,13.315402,50.0,4827740.889,2384017.29
PF09/0014/F634,AN,43.590636,13.311147,10.0,4827806.5,2383675.0
PF10/0014/F634,AN,43.595917,13.316142,21.0,4828384.798,2384090.106
PF01/0015/F634,AN,43.595714,13.248213,50.0,4828475.695,2378606.447
PF12/0015/F634,AN,43.596121,13.246807,21.0,4828523.223,2378493.961
PF02/0016/F634,AN,43.595982,13.256689,50.0,4828491.005,2379291.3
PF03/0016/F634,AN,43.594245,13.254266,50.0,4828302.257,2379091.638
PF05/0016/F634,AN,43.588479,13.251303,50.0,4827666.901,2378838.968
PF06/0016/F634,AN,43.591193,13.252098,21.0,4827966.999,2378909.459
PF04/0017/F634,AN,43.593674,13.260631,50.0,4828228.06,2379604.113
PF05/0017/F634,AN,43.58847,13.267568,50.0,4827638.386,2380152.023
PF06/0017/F634,AN,43.590285,13.259601,50.0,4827853.338,2379513.044
PF07/0017/F634,AN,43.592813,13.265247,21.0,4828124.569,2379974.697
PF01/0018/F634,AN,43.590945,13.279475,50.0,4827893.215,2381118.989
PF02/0018/F634,AN,43.593674,13.273196,50.0,4828206.907,2380618.36
PF04/0018/F634,AN,43.590414,13.266074,50.0,4827856.817,2380035.892
PF05/0018/F634,AN,43.58711,13.274596,50.0,4827475.443,2380716.261
PF06/0018/F634,AN,43.594848,13.26899,50.0,4828344.363,2380281.582
PF07/0018/F634,AN,43.594876,13.264905,12.0,4828354.29,2379951.86
PF08/0018/F634,AN,43.591731,13.269798,21.0,4827996.734,2380339.574
PF01/0019/F634,AN,43.587005,13.282144,50.0,4827451.159,2381325.4
PF02/0019/F634,AN,43.586238,13.278291,12.0,4827372.46,2381012.52
PF06/0019/F634,AN,43.586115,13.28897,50.0,4827340.996,2381874.426
PF07/0019/F634,AN,43.59347,13.285427,50.0,4828163.789,2381605.239
PF10/0019/F634,AN,43.588255,13.294313,50.0,4827569.802,2382310.665
PF12/0019/F634,AN,43.592892,13.294757,50.0,4828084.103,2382357.07
PF17/0019/F634,AN,43.58618,13.298501,50.0,4827332.405,2382643.974
PF19/0019/F634,AN,43.592637,13.282257,50.0,4828076.507,2381347.381
PF20/0019/F634,AN,43.591161,13.292476,50.0,4827895.582,2382168.937
PF21/0019/F634,AN,43.58817,13.30067,50.0,4827549.784,2382823.654
PF22/0019/F634,AN,43.59062,13.297652,21.0,4827826.891,2382585.602
PF01/0020/F634,AN,43.582647,13.301874,50.0,4826934.458,2382908.322
PF04/0020/F634,AN,43.586795,13.318596,50.0,4827367.654,2384267.713
PF08/0020/F634,AN,43.582892,13.312736,50.0,4826943.721,2383785.853
PF11/0020/F634,AN,43.58551,13.303653,50.0,4827249.473,2383058.402
PF15/0020/F634,AN,43.586527,13.314708,50.0,4827344.272,2383953.232
PF16/0020/F634,AN,43.58709,13.309776,50.0,4827414.921,2383556.302
PF18/0020/F634,AN,43.584881,13.309285,12.0,4827170.38,2383511.67
PF19/0020/F634,AN,43.583102,13.306113,21.0,4826977.933,2383251.536
PF01/0001/F745,AN,43.629594,13.213104,50.0,4832298.958,2375853.436
PF02/0001/F745,AN,43.630084,13.218658,50.0,4832343.727,2376302.725
PF06/0001/F745,AN,43.629985,13.215687,20.0,4832337.886,2376062.748
PF01/0002/F745,AN,43.624315,13.225372,50.0,4831691.38,2376830.653
PF04/0002/F745,AN,43.628033,13.230979,50.0,4832094.62,2377291.781
PF07/0002/F745,AN,43.63304,13.230792,20.0,4832651.121,2377288.583
PF02/0003/F745,AN,43.630698,13.233923,8.0,4832385.65,2377535.65
PF03/0003/F745,AN,43.629035,13.236882,12.0,4832195.829,2377770.411
PF04/0003/F745,AN,43.631346,13.236651,20.0,4832452.918,2377757.24
PF03/0004/F745,AN,43.629612,13.247574,12.0,4832241.644,2378634.323
PF06/0004/F745,AN,43.626174,13.248764,20.0,4831857.795,2378722.321
PF01/0005/F745,AN,43.625676,13.209402,50.0,4831870.188,2375545.393
PF02/0005/F745,AN,43.622609,13.214264,12.0,4831521.133,2375930.313
PF03/0005/F745,AN,43.624928,13.221412,50.0,4831766.33,2376512.613
PF06/0005/F745,AN,43.628578,13.215048,20.0,4832182.722,2376007.837
PF01/0006/F745,AN,43.621358,13.23169,50.0,4831352.055,2377333.35
PF02/0006/F745,AN,43.613529,13.238357,50.0,4830471.073,2377852.837
PF03/0006/F745,AN,43.616964,13.237338,50.0,4830854.329,2377778.691
PF06/0006/F745,AN,43.628429,13.232787,20.0,4832135.561,2377438.62
PF04/0007/F745,AN,43.612583,13.20556,12.0,4830422.778,2375204.015
PF05/0007/F745,AN,43.616876,13.206604,12.0,4830897.709,2375298.532
PF06/0007/F745,AN,43.619006,13.205159,20.0,4831136.783,2375187.035
PF06/0008/F745,AN,43.622658,13.206348,20.0,4831540.328,2375291.738
PF03/0009/F745,AN,43.615778,13.234058,12.0,4830728.276,2377511.276
PF04/0009/F745,AN,43.614837,13.229547,50.0,4830631.517,2377145.053
PF05/0009/F745,AN,43.613801,13.221561,50.0,4830530.189,2376498.101
PF06/0009/F745,AN,43.616944,13.226386,50.0,4830871.024,2376894.971
PF07/0009/F745,AN,43.620321,13.228173,50.0,4831242.996,2377047.175
PF08/0009/F745,AN,43.616337,13.220134,20.0,4830814.338,2376389.016
PF01/0010/F745,AN,43.603855,13.199817,50.0,4829463.432,2374719.57
PF02/0010/F745,AN,43.605302,13.202208,50.0,4829619.977,2374915.97
PF04/0010/F745,AN,43.608181,13.203084,50.0,4829938.129,2374993.587
PF08/0010/F745,AN,43.605454,13.206467,20.0,4829629.32,2375260.069
PF01/0011/F745,AN,43.605709,13.210963,50.0,4829649.853,2375623.553
PF03/0011/F745,AN,43.611318,13.212607,50.0,4830270.004,2375769.666
PF06/0011/F745,AN,43.613561,13.211258,50.0,4830521.452,2375666.17
PF07/0011/F745,AN,43.609929,13.210992,21.0,4830118.469,2375635.981
PF05/0012/F745,AN,43.607124,13.226714,50.0,4829779.711,2376898.151
PF06/0012/F745,AN,43.609539,13.221297,8.0,4830057.37,2376466.71
PF07/0012/F745,AN,43.60646,13.221597,50.0,4829714.799,2376483.571
PF08/0012/F745,AN,43.602464,13.213289,50.0,4829285.417,2375803.555
PF10/0012/F745,AN,43.602745,13.216788,50.0,4829310.535,2376086.579
PF11/0012/F745,AN,43.603426,13.21964,50.0,4829381.269,2376318.402
PF12/0012/F745,AN,43.608739,13.230541,20.0,4829952.504,2377210.814
PF01/0013/F745,AN,43.600852,13.236507,50.0,4829066.328,2377673.631
PF02/0013/F745,AN,43.603192,13.238441,50.0,4829322.955,2377835.27
PF03/0013/F745,AN,43.606149,13.232024,50.0,4829662.351,2377324.327
PF04/0013/F745,AN,43.610314,13.234141,50.0,4830121.27,2377505.036
PF05/0013/F745,AN,43.600842,13.229376,50.0,4829077.458,2377098.045
PF06/0013/F745,AN,43.602933,13.229515,20.0,4829309.413,2377114.265
PF01/0014/F745,AN,43.608707,13.238738,50.0,4829934.93,2377872.209
PF03/0014/F745,AN,43.599579,13.239817,50.0,4828919.292,2377937.843
PF04/0014/F745,AN,43.611441,13.236408,50.0,4830242.575,2377690.676
PF06/0014/F745,AN,43.605339,13.238659,21.0,4829560.951,2377857.959
PF06/0015/F745,AN,43.602636,13.202173,50.0,4829323.846,2374906.785
PF09/0015/F745,AN,43.597258,13.204331,50.0,4828722.859,2375068.001
PF10/0015/F745,AN,43.596883,13.208571,50.0,4828673.799,2375409.357
PF11/0015/F745,AN,43.602245,13.211183,50.0,4829264.797,2375633.061
PF12/0015/F745,AN,43.602534,13.20685,50.0,4829304.408,2375284.032
PF13/0015/F745,AN,43.591994,13.207254,50.0,4828133.11,2375291.306
PF14/0015/F745,AN,43.594233,13.209638,21.0,4828377.627,2375489.134
PF03/0016/F745,AN,43.601923,13.214535,50.0,4829223.209,2375902.761
PF05/0016/F745,AN,43.602512,13.212017,12.0,4829293.0,2375701.0
PF06/0016/F745,AN,43.600631,13.213449,21.0,4829081.611,2375812.054
PF04/0017/F745,AN,43.595457,13.226125,50.0,4828484.974,2376822.899
PF05/0017/F745,AN,43.599292,13.215735,50.0,4828928.921,2375993.388
PF08/0017/F745,AN,43.593403,13.221891,8.0,4828264.11,2376476.24
PF09/0017/F745,AN,43.595419,13.210733,50.0,4828507.368,2375580.389
PF10/0017/F745,AN,43.598606,13.21166,50.0,4828859.78,2375662.784
PF11/0017/F745,AN,43.599457,13.224773,50.0,4828931.551,2376723.302
PF13/0017/F745,AN,43.596134,13.215512,50.0,4828578.567,2375967.818
PF14/0017/F745,AN,43.601954,13.219811,21.0,4829217.417,2376328.709
PF02/0018/F745,AN,43.592319,13.239112,50.0,4828114.194,2377863.839
PF03/0018/F745,AN,43.59624,13.232906,50.0,4828560.321,2377372.099
PF04/0018/F745,AN,43.592698,13.236512,50.0,4828160.69,2377654.868
PF16/0018/F745,AN,43.593232,13.233778,21.0,4828224.738,2377435.431
PF01/0019/F745,AN,43.588155,13.202894,50.0,4827714.291,2374930.107
PF02/0019/F745,AN,43.591138,13.205989,8.0,4828040.2,2375187.19
PF03/0019/F745,AN,43.590385,13.20393,50.0,4827960.109,2375019.149
PF05/0019/F745,AN,43.592925,13.200509,12.0,4828248.276,2374749.121
PF06/0019/F745,AN,43.593911,13.196231,50.0,4828365.213,2374406.104
PF07/0019/F745,AN,43.596372,13.195366,50.0,4828640.082,2374342.224
PF08/0019/F745,AN,43.590931,13.200644,21.0,4828026.569,2374755.165
PF08/0020/F745,AN,43.592545,13.213869,50.0,4828182.74,2375826.639
PF09/0020/F745,AN,43.592297,13.216795,50.0,4828150.085,2376062.292
PF10/0020/F745,AN,43.58601,13.20654,12.0,4827469.745,2375219.312
PF12/0020/F745,AN,43.588298,13.212755,21.0,4827713.027,2375726.567
PF01/0021/F745,AN,43.588149,13.218273,50.0,4827686.936,2376171.689
PF02/0021/F745,AN,43.592675,13.219918,50.0,4828186.755,2376315.248
PF03/0021/F745,AN,43.593648,13.222978,50.0,4828289.474,2376564.547
PF05/0021/F745,AN,43.589925,13.221603,50.0,4827878.356,2376444.756
PF06/0021/F745,AN,43.590051,13.225198,50.0,4827886.123,2376735.253
PF07/0021/F745,AN,43.593715,13.22975,21.0,4828285.304,2377111.415
PF01/0001/F978,AN,43.511108,13.621787,50.0,4818510.884,2408605.373
PF03/0001/F978,AN,43.511563,13.623035,50.0,4818559.765,2408707.102
PF04/0001/F978,AN,43.512384,13.622044,50.0,4818652.229,2408628.499
PF05/0001/F978,AN,43.513375,13.621674,50.0,4818762.825,2408600.422
PF06/0001/F978,AN,43.513489,13.619891,12.0,4818777.83,2408456.5
PF07/0001/F978,AN,43.514655,13.621755,50.0,4818904.832,2408609.34
PF09/0001/F978,AN,43.510218,13.623557,50.0,4818409.653,2408746.823
PF10/0001/F978,AN,43.512237,13.624236,50.0,4818633.019,2408805.44
PF11/0001/F978,AN,43.514282,13.623734,50.0,4818860.788,2408768.589
PF12/0001/F978,AN,43.511835,13.624972,10.0,4818587.41,2408864.17
PF13/0001/F978,AN,43.513464,13.624396,10.0,4818769.02,2408820.62
PF01/0002/F978,AN,43.505384,13.617667,50.0,4817880.722,2408261.827
PF04/0002/F978,AN,43.512797,13.617617,12.0,4818704.02,2408271.45
PF05/0002/F978,AN,43.510271,13.621288,50.0,4818418.599,2408563.545
PF06/0002/F978,AN,43.509657,13.619986,50.0,4818352.2,2408457.1
PF07/0002/F978,AN,43.510696,13.617871,50.0,4818470.338,2408288.086
PF08/0002/F978,AN,43.508088,13.619513,50.0,4818178.578,2408416.007
PF10/0002/F978,AN,43.507405,13.617812,50.0,4818104.916,2408277.242
PF11/0002/F978,AN,43.509832,13.613741,50.0,4818379.968,2407952.622
PF12/0002/F978,AN,43.509778,13.615611,50.0,4818371.518,2408103.738
PF13/0002/F978,AN,43.511646,13.615693,50.0,4818578.792,2408113.793
PF14/0002/F978,AN,43.511911,13.620068,50.0,4818602.361,2408467.896
PF15/0002/F978,AN,43.505986,13.61451,50.0,4817951.764,2408007.707
PF16/0002/F978,AN,43.508057,13.61248,50.0,4818184.515,2407847.458
PF19/0002/F978,AN,43.507393,13.621739,50.0,4818098.35,2408594.693
PF20/0002/F978,AN,43.506116,13.610904,50.0,4817971.149,2407716.413
PF21/0002/F978,AN,43.501121,13.623086,12.0,4817400.0,2408692.0
PF01/0003/F978,AN,43.496359,13.61055,12.0,4816887.95,2407669.72
PF02/0003/F978,AN,43.4988,13.608971,50.0,4817161.181,2407546.572
PF04/0003/F978,AN,43.500604,13.613817,12.0,4817355.05,2407941.72
PF06/0003/F978,AN,43.501177,13.621474,50.0,4817408.371,2408561.787
PF08/0003/F978,AN,43.502634,13.617015,50.0,4817576.181,2408204.045
PF04/0004/F978,AN,43.498567,13.619658,50.0,4817120.951,2408410.181
PF07/0004/F978,AN,43.494932,13.624802,50.0,4816710.342,2408819.432
PF08/0004/F978,AN,43.496413,13.621054,50.0,4816879.857,2408519.056
PF09/0004/F978,AN,43.493072,13.623028,50.0,4816506.122,2408672.533
PF10/0004/F978,AN,43.497004,13.624902,50.0,4816940.251,2408831.319
PF11/0004/F978,AN,43.499386,13.622882,50.0,4817207.602,2408672.345
PF12/0004/F978,AN,43.495242,13.626774,50.0,4816742.072,2408979.448
PF01/0005/F978,AN,43.490054,13.610044,50.0,4816188.352,2407617.068
PF02/0005/F978,AN,43.489013,13.606373,50.0,4816077.749,2407318.364
PF04/0005/F978,AN,43.495271,13.613452,50.0,4816763.244,2407902.334
PF05/0005/F978,AN,43.494832,13.609559,50.0,4816719.704,2407586.73
PF08/0005/F978,AN,43.498538,13.603917,50.0,4817138.874,2407137.491
PF09/0005/F978,AN,43.501759,13.605649,50.0,4817494.273,2407283.548
PF10/0005/F978,AN,43.494126,13.601525,50.0,4816652.2,2406935.869
PF11/0005/F978,AN,43.49342,13.611731,12.0,4816559.91,2407759.73
PF13/0005/F978,AN,43.496567,13.605882,50.0,4816917.371,2407292.694
PF15/0005/F978,AN,43.492176,13.614388,12.0,4816418.25,2407972.29
PF01/0006/F978,AN,43.487453,13.61725,50.0,4815889.781,2408194.981
PF02/0006/F978,AN,43.489353,13.616917,50.0,4816101.236,2408171.556
PF01/0007/F978,AN,43.485378,13.619726,50.0,4815656.021,2408391.362
PF02/0007/F978,AN,43.484488,13.622917,50.0,4815552.909,2408647.798
PF05/0007/F978,AN,43.492181,13.614895,50.0,4816418.054,2408013.32
PF06/0007/F978,AN,43.491663,13.618126,50.0,4816356.207,2408273.588
PF10/0007/F978,AN,43.488588,13.628057,50.0,4816001.356,2409070.952
PF12/0007/F978,AN,43.49143,13.62115,50.0,4816326.291,2408517.691
PF13/0007/F978,AN,43.490499,13.624599,50.0,4816218.207,2408794.842
PF14/0007/F978,AN,43.489918,13.620605,50.0,4816159.08,2408470.812
PF15/0007/F978,AN,43.493494,13.620357,50.0,4816556.551,2408457.376
PF16/0007/F978,AN,43.488819,13.617132,50.0,4816041.694,2408187.978
PF02/0008/F978,AN,43.490651,13.598975,8.0,4816269.7,2406723.22
PF04/0008/F978,AN,43.486631,13.60016,50.0,4815821.659,2406811.48
PF06/0008/F978,AN,43.478749,13.596322,50.0,4814951.413,2406486.352
PF07/0008/F978,AN,43.48221,13.59664,50.0,4815335.414,2406518.555
PF08/0008/F978,AN,43.481754,13.593457,50.0,4815289.115,2406260.335
PF01/0009/F978,AN,43.477619,13.592768,50.0,4814830.783,2406196.831
PF02/0009/F978,AN,43.476131,13.603248,50.0,4814651.24,2407041.624
PF03/0009/F978,AN,43.476205,13.597407,50.0,4814667.494,2406569.329
PF01/0010/F978,AN,43.482973,13.605548,50.0,4815408.015,2407240.372
PF03/0010/F978,AN,43.480127,13.614254,50.0,4815080.209,2407939.136
PF04/0010/F978,AN,43.478031,13.61794,12.0,4814842.41,2408233.41
PF05/0010/F978,AN,43.482614,13.61099,50.0,4815360.758,2407679.774
PF01/0011/F978,AN,43.479427,13.626218,50.0,4814986.38,2408905.48
PF04/0011/F978,AN,43.472383,13.630427,12.0,4814198.53,2409232.98
PF05/0011/F978,AN,43.483191,13.628044,12.0,4815402.0,2409060.0
PF06/0011/F978,AN,43.473321,13.624929,12.0,4814310.0,2408790.0
PF02/0012/F978,AN,43.474918,13.63295,50.0,4814476.626,2409441.723
PF04/0012/F978,AN,43.481368,13.634717,50.0,4815190.661,2409596.388
PF05/0012/F978,AN,43.481876,13.63082,50.0,4815252.327,2409282.123
PF06/0012/F978,AN,43.48287,13.633288,50.0,4815359.37,2409483.554
PF07/0012/F978,AN,43.484233,13.630471,7.0,4815514.46,2409258.17
PF08/0012/F978,AN,43.485965,13.633128,50.0,4815703.384,2409476.241
PF10/0012/F978,AN,43.474877,13.638406,8.0,4814464.92,2409882.88
PF11/0012/F978,AN,43.47844,13.638381,50.0,4814860.643,2409887.384
PF12/0012/F978,AN,43.481849,13.636651,50.0,4815241.506,2409753.665
PF13/0012/F978,AN,43.484033,13.635011,50.0,4815486.321,2409624.995
PF14/0012/F978,AN,43.476566,13.636034,50.0,4814655.617,2409694.086
PF15/0012/F978,AN,43.482928,13.634892,12.0,4815363.74,2409613.33
PF16/0012/F978,AN,43.487752,13.631703,50.0,4815903.686,2409364.273
PF01/0013/F978,AN,43.473343,13.615866,12.0,4814324.6,2408057.03
PF01/0014/F978,AN,43.5123,13.624252,12.0,4818640.02,2408806.8
PF02/0014/F978,AN,43.51047,13.626619,50.0,4818433.591,2408994.78
PF01/0001/G003,AN,43.539756,13.428769,19.0,4821969.2,2393063.4
PF03/0001/G003,AN,43.540829,13.449123,19.0,4822057.5,2394710.1
PF04/0001/G003,AN,43.54246,13.442727,19.0,4822248.3,2394196.7
PF05/0001/G003,AN,43.543483,13.435555,19.0,4822372.8,2393619.4
PF06/0001/G003,AN,43.617165,13.427347,12.0,4830568.766,2393111.21
PF01/0002/G003,AN,43.527845,13.423599,19.0,4820654.3,2392620.6
PF02/0002/G003,AN,43.534392,13.422357,19.0,4821383.3,2392534.0
PF03/0002/G003,AN,43.526745,13.429707,19.0,4820522.7,2393111.9
PF04/0002/G003,AN,43.537995,13.425361,19.0,4821778.8,2392784.3
PF01/0003/G003,AN,43.52909,13.4379,50.0,4820770.747,2393778.847
PF03/0003/G003,AN,43.533891,13.432895,19.0,4821311.5,2393384.5
PF04/0003/G003,AN,43.536972,13.435139,19.0,4821650.3,2393572.2
PF05/0003/G003,AN,43.539363,13.441411,19.0,4821906.3,2394084.0
PF09/0003/G003,AN,43.526329,13.437049,50.0,4820465.405,2393704.351
PF10/0003/G003,AN,43.534576,13.443973,19.0,4821370.8,2394281.0
PF12/0003/G003,AN,43.53063,13.435864,50.0,4820944.894,2393617.558
PF13/0003/G003,AN,43.532189,13.441313,19.0,4821109.7,2394061.1
PF16/0003/G003,AN,43.53422,13.437655,19.0,4821340.8,2393769.8
PF17/0003/G003,AN,43.524807,13.438952,50.0,4820293.452,2393854.935
PF02/0004/G003,AN,43.532083,13.452166,50.0,4821081.568,2394937.841
PF06/0004/G003,AN,43.529228,13.44822,19.0,4820770.4,2394613.1
PF07/0004/G003,AN,43.529871,13.450498,10.0,4820838.4,2394798.5
PF08/0004/G003,AN,43.528805,13.452815,19.0,4820716.5,2394983.5
PF11/0004/G003,AN,43.526452,13.447307,50.0,4820463.5,2394533.537
PF12/0004/G003,AN,43.537747,13.44611,12.0,4821719.8,2394460.3
PF13/0004/G003,AN,43.527896,13.445256,50.0,4820627.006,2394370.774
PF15/0004/G003,AN,43.535788,13.454096,19.0,4821490.1,2395101.5
PF17/0004/G003,AN,43.531118,13.443908,50.0,4820986.871,2394268.567
PF18/0004/G003,AN,43.535145,13.451192,50.0,4821423.088,2394865.469
PF19/0004/G003,AN,43.531383,13.44892,19.0,4821008.7,2394674.1
PF20/0004/G003,AN,43.540107,13.451951,19.0,4821973.1,2394937.1
PF21/0004/G003,AN,43.538166,13.449377,50.0,4821761.404,2394725.101
PF22/0004/G003,AN,43.537616,13.452855,12.0,4821695.0,2395005.0
PF01/0005/G003,AN,43.529643,13.456158,19.0,4820804.6,2395255.4
PF03/0005/G003,AN,43.5298,13.47244,19.0,4820797.7,2396571.4
PF04/0005/G003,AN,43.53193,13.467251,19.0,4821042.0,2396156.5
PF05/0005/G003,AN,43.534794,13.45659,50.0,4821376.037,2395300.954
PF06/0005/G003,AN,43.534247,13.47248,19.0,4821291.5,2396583.7
PF08/0005/G003,AN,43.533321,13.463289,10.0,4821202.35,2395839.17
PF01/0006/G003,AN,43.521739,13.420435,19.0,4819980.9,2392352.0
PF02/0006/G003,AN,43.524691,13.421894,50.0,4820306.601,2392476.166
PF04/0006/G003,AN,43.522002,13.433675,50.0,4819989.875,2393422.599
PF05/0006/G003,AN,43.519742,13.434797,50.0,4819737.265,2393508.582
PF06/0006/G003,AN,43.51888,13.427178,50.0,4819653.077,2392891.022
PF08/0006/G003,AN,43.52571,13.43233,10.0,4820403.78,2393321.68
PF01/0007/G003,AN,43.517433,13.437249,50.0,4819477.017,2393701.926
PF03/0007/G003,AN,43.520714,13.452713,19.0,4819818.1,2394958.6
PF05/0007/G003,AN,43.525064,13.442186,50.0,4820317.114,2394116.803
PF06/0007/G003,AN,43.520577,13.437661,50.0,4819825.621,2393741.76
PF07/0007/G003,AN,43.519304,13.444979,50.0,4819673.14,2394330.574
PF08/0007/G003,AN,43.522716,13.440525,50.0,4820058.866,2393977.699
PF10/0007/G003,AN,43.522988,13.437661,19.0,4820093.4,2393746.8
PF12/0007/G003,AN,43.524233,13.445788,50.0,4820219.356,2394406.195
PF13/0007/G003,AN,43.520763,13.449677,19.0,4819828.1,2394713.3
PF14/0007/G003,AN,43.523197,13.449634,19.0,4820098.5,2394714.9
PF15/0007/G003,AN,43.517191,13.446902,19.0,4819435.6,2394481.6
PF17/0007/G003,AN,43.518779,13.439926,19.0,4819622.5,2393921.1
PF01/0008/G003,AN,43.522896,13.4552,50.0,4820056.633,2395164.082
PF03/0008/G003,AN,43.521334,13.462807,19.0,4819871.8,2395775.6
PF04/0008/G003,AN,43.519081,13.458406,19.0,4819628.2,2395415.3
PF05/0008/G003,AN,43.526676,13.463393,50.0,4820464.2,2395833.962
PF06/0008/G003,AN,43.527502,13.46872,50.0,4820547.972,2396266.159
PF07/0008/G003,AN,43.523647,13.460168,19.0,4820132.6,2395567.1
PF08/0008/G003,AN,43.526893,13.456156,12.0,4820499.203,2395249.592
PF01/0001/G157,AN,43.516263,13.417323,50.0,4819377.597,2392088.953
PF02/0001/G157,AN,43.513687,13.42103,12.0,4819085.76,2392383.16
PF01/0002/G157,AN,43.510521,13.427757,50.0,4818723.842,2392920.226
PF02/0002/G157,AN,43.515382,13.443799,50.0,4819239.274,2394227.06
PF03/0002/G157,AN,43.514244,13.428087,50.0,4819136.854,2392954.706
PF04/0002/G157,AN,43.515149,13.439288,50.0,4819220.294,2393861.935
PF05/0002/G157,AN,43.515625,13.434547,50.0,4819280.388,2393479.747
PF06/0002/G157,AN,43.512898,13.441275,12.0,4818967.31,2394017.9
PF07/0002/G157,AN,43.511616,13.431098,50.0,4818840.373,2393192.627
PF08/0002/G157,AN,43.51253,13.437092,50.0,4818932.715,2393678.989
PF01/0003/G157,AN,43.509768,13.449552,50.0,4818607.107,2394680.448
PF03/0003/G157,AN,43.507506,13.450158,50.0,4818354.96,2394724.721
PF04/0003/G157,AN,43.5071,13.458002,50.0,4818298.14,2395357.994
PF05/0003/G157,AN,43.514103,13.447777,50.0,4819091.323,2394545.91
PF06/0003/G157,AN,43.51187,13.446626,50.0,4818845.002,2394448.244
PF07/0003/G157,AN,43.511179,13.452029,50.0,4818760.138,2394883.614
PF08/0003/G157,AN,43.511643,13.455506,12.0,4818806.4,2395165.56
PF09/0003/G157,AN,43.508006,13.446515,12.0,4818415.99,2394431.27
PF01/0004/G157,AN,43.516354,13.456473,50.0,4819328.153,2395253.49
PF02/0004/G157,AN,43.508912,13.461436,8.0,4818494.23,2395639.29
PF03/0004/G157,AN,43.513473,13.453967,12.0,4819011.94,2395044.96
PF04/0004/G157,AN,43.510145,13.458579,50.0,4818635.485,2395410.886
PF05/0004/G157,AN,43.511178,13.462904,12.0,4818743.73,2395762.63
PF06/0004/G157,AN,43.513039,13.460707,12.0,4818953.63,2395588.9
PF07/0004/G157,AN,43.514079,13.465406,12.0,4819062.2,2395970.85
PF08/0004/G157,AN,43.51811,13.464477,12.0,4819511.24,2395904.02
PF01/0005/G157,AN,43.522761,13.476036,50.0,4820010.639,2396847.728
PF02/0005/G157,AN,43.520286,13.478318,50.0,4819732.309,2397027.069
PF03/0005/G157,AN,43.523433,13.479694,50.0,4820079.877,2397144.699
PF04/0005/G157,AN,43.521724,13.48152,50.0,4819887.352,2397288.791
PF05/0005/G157,AN,43.523038,13.472882,50.0,4820046.007,2396593.4
PF06/0005/G157,AN,43.51944,13.470032,12.0,4819650.63,2396355.65
PF07/0005/G157,AN,43.518176,13.475796,12.0,4819501.79,2396818.93
PF08/0005/G157,AN,43.519061,13.485622,50.0,4819585.535,2397614.903
PF09/0005/G157,AN,43.524749,13.470073,50.0,4820240.274,2396369.825
PF10/0005/G157,AN,43.517103,13.481383,50.0,4819374.295,2397268.343
PF01/0006/G157,AN,43.53102,13.475709,12.0,4820928.4,2396838.09
PF03/0006/G157,AN,43.525822,13.478183,8.0,4820347.4,2397027.41
PF04/0006/G157,AN,43.52989,13.482141,12.0,4820793.34,2397355.53
PF06/0006/G157,AN,43.532054,13.484413,12.0,4821030.35,2397543.51
PF07/0006/G157,AN,43.528076,13.484187,12.0,4820588.83,2397517.2
PF08/0006/G157,AN,43.52526,13.482014,50.0,4820279.289,2397335.868
PF09/0006/G157,AN,43.528096,13.474975,10.0,4820604.7,2396772.8
PF02/0007/G157,AN,43.518232,13.493297,50.0,4819482.195,2398233.526
PF03/0007/G157,AN,43.521077,13.49335,50.0,4819798.049,2398243.575
PF05/0007/G157,AN,43.523337,13.486954,50.0,4820058.451,2397731.233
PF06/0007/G157,AN,43.524507,13.489379,50.0,4820184.824,2397929.577
PF08/0007/G157,AN,43.523342,13.492123,50.0,4820051.405,2398148.956
PF09/0007/G157,AN,43.524959,13.499244,12.0,4820220.64,2398727.73
PF10/0007/G157,AN,43.526386,13.490304,50.0,4820392.235,2398008.119
PF12/0007/G157,AN,43.526965,13.499484,50.0,4820443.12,2398751.121
PF14/0007/G157,AN,43.531025,13.496622,50.0,4820898.127,2398527.953
PF16/0007/G157,AN,43.530851,13.488326,50.0,4820890.938,2397857.226
PF17/0007/G157,AN,43.522837,13.495084,50.0,4819991.051,2398387.274
PF18/0007/G157,AN,43.520495,13.497354,50.0,4819727.6,2398565.974
PF19/0007/G157,AN,43.518242,13.496934,50.0,4819478.043,2398527.517
PF20/0007/G157,AN,43.527496,13.495434,50.0,4820507.995,2398424.903
PF03/0008/G157,AN,43.52047,13.506921,50.0,4819710.89,2399339.197
PF05/0008/G157,AN,43.519286,13.51211,50.0,4819571.931,2399756.156
PF06/0008/G157,AN,43.522111,13.508818,50.0,4819890.349,2399495.76
PF07/0008/G157,AN,43.522376,13.504617,12.0,4819925.95,2399156.77
PF09/0008/G157,AN,43.525274,13.501642,50.0,4820252.114,2398922.101
PF10/0008/G157,AN,43.523708,13.510945,50.0,4820064.679,2399670.815
PF11/0008/G157,AN,43.526305,13.510676,50.0,4820353.489,2399654.27
PF12/0008/G157,AN,43.527607,13.505941,50.0,4820504.943,2399274.189
PF13/0008/G157,AN,43.530302,13.504016,50.0,4820807.044,2399124.013
PF14/0008/G157,AN,43.530682,13.501472,50.0,4820852.947,2398919.235
PF16/0008/G157,AN,43.518211,13.501321,50.0,4819468.172,2398882.071
PF18/0008/G157,AN,43.52311,13.498226,12.0,4820016.77,2398641.7
PF21/0008/G157,AN,43.520631,13.500466,50.0,4819738.145,2398817.805
PF22/0008/G157,AN,43.532777,13.501959,50.0,4821084.955,2398962.755
PF01/0009/G157,AN,43.525312,13.517277,50.0,4820233.655,2400185.742
PF02/0009/G157,AN,43.525827,13.513988,50.0,4820295.683,2399920.98
PF04/0009/G157,AN,43.52255,13.520165,50.0,4819922.736,2400413.654
PF08/0009/G157,AN,43.529904,13.509551,50.0,4820754.802,2399570.49
PF09/0009/G157,AN,43.528419,13.512766,50.0,4820585.267,2399827.345
PF10/0009/G157,AN,43.531571,13.511947,50.0,4820936.564,2399767.43
PF12/0009/G157,AN,43.528335,13.517806,50.0,4820568.701,2400234.467
PF15/0009/G157,AN,43.531753,13.515875,50.0,4820951.113,2400085.147
PF02/0010/G157,AN,43.508339,13.408063,50.0,4818511.787,2391323.633
PF03/0010/G157,AN,43.504928,13.403108,50.0,4818140.594,2390915.86
PF04/0010/G157,AN,43.504032,13.409804,50.0,4818030.719,2391455.224
PF05/0010/G157,AN,43.499218,13.406634,50.0,4817501.026,2391188.742
PF06/0010/G157,AN,43.50938,13.412371,50.0,4818620.715,2391674.09
PF01/0011/G157,AN,43.508179,13.42426,50.0,4818469.045,2392632.661
PF02/0011/G157,AN,43.509894,13.417138,50.0,4818670.529,2392060.497
PF03/0011/G157,AN,43.50471,13.418711,12.0,4818092.36,2392176.73
PF04/0011/G157,AN,43.511848,13.424873,12.0,4818875.61,2392689.88
PF02/0012/G157,AN,43.500367,13.429954,50.0,4817592.728,2393076.503
PF09/0012/G157,AN,43.504836,13.429739,50.0,4818089.407,2393068.51
PF12/0012/G157,AN,43.508409,13.431464,50.0,4818483.646,2393215.449
PF15/0012/G157,AN,43.501133,13.434672,50.0,4817670.671,2393459.572
PF16/0012/G157,AN,43.502873,13.422339,50.0,4817882.676,2392466.184
PF01/0013/G157,AN,43.500526,13.43638,50.0,4817600.575,2393596.423
PF06/0013/G157,AN,43.504754,13.44406,50.0,4818058.551,2394226.057
PF07/0013/G157,AN,43.504072,13.449133,50.0,4817975.105,2394634.808
PF12/0013/G157,AN,43.505611,13.455555,50.0,4818136.43,2395157.084
PF14/0013/G157,AN,43.504111,13.451617,50.0,4817975.735,2394835.698
PF15/0013/G157,AN,43.506008,13.432835,50.0,4818214.869,2393321.243
PF02/0014/G157,AN,43.499524,13.476029,50.0,4817429.897,2396799.842
PF04/0014/G157,AN,43.505276,13.478928,50.0,4818064.406,2397045.879
PF05/0014/G157,AN,43.505347,13.475746,50.0,4818076.947,2396788.806
PF06/0014/G157,AN,43.50499,13.464397,50.0,4818054.232,2395870.656
PF07/0014/G157,AN,43.503656,13.467567,50.0,4817901.393,2396124.181
PF08/0014/G157,AN,43.505952,13.461533,50.0,4818165.367,2395641.088
PF10/0014/G157,AN,43.500887,13.466926,50.0,4817594.804,2396066.659
PF11/0014/G157,AN,43.502407,13.477632,50.0,4817747.717,2396935.3
PF01/0015/G157,AN,43.509704,13.467407,50.0,4818573.323,2396123.583
PF02/0015/G157,AN,43.507696,13.46414,12.0,4818355.14,2395855.42
PF04/0015/G157,AN,43.506275,13.46939,50.0,4818189.494,2396276.857
PF05/0015/G157,AN,43.512841,13.47168,50.0,4818915.328,2396475.381
PF06/0015/G157,AN,43.516233,13.48562,12.0,4819271.48,2397609.03
PF07/0015/G157,AN,43.514763,13.478049,50.0,4819119.407,2396994.12
PF08/0015/G157,AN,43.508664,13.483717,50.0,4818433.645,2397439.926
PF09/0015/G157,AN,43.514701,13.482331,50.0,4819106.132,2397340.066
PF10/0015/G157,AN,43.510541,13.479254,50.0,4818648.632,2397082.949
PF11/0015/G157,AN,43.508442,13.470653,50.0,4818428.317,2396383.422
PF03/0016/G157,AN,43.511445,13.494044,50.0,4818727.307,2398280.259
PF04/0016/G157,AN,43.508986,13.495536,50.0,4818452.026,2398395.984
PF05/0016/G157,AN,43.511147,13.496998,50.0,4818689.937,2398518.475
PF06/0016/G157,AN,43.512493,13.490242,50.0,4818849.322,2397975.077
PF09/0016/G157,AN,43.51483,13.495289,50.0,4819101.444,2398387.702
PF10/0016/G157,AN,43.51538,13.488431,50.0,4819172.53,2397834.54
PF11/0016/G157,AN,43.517234,13.493998,50.0,4819370.339,2398288.245
PF13/0016/G157,AN,43.518056,13.489163,50.0,4819468.717,2397899.103
PF14/0016/G157,AN,43.506578,13.489431,50.0,4818193.549,2397897.576
PF15/0016/G157,AN,43.513318,13.486092,50.0,4818946.996,2397641.324
PF01/0017/G157,AN,43.506443,13.50226,50.0,4818159.76,2398934.405
PF02/0017/G157,AN,43.51532,13.498689,50.0,4819150.951,2398663.549
PF04/0017/G157,AN,43.513184,13.498449,50.0,4818913.973,2398639.849
PF05/0017/G157,AN,43.514391,13.503738,50.0,4819040.389,2399069.763
PF06/0017/G157,AN,43.504741,13.506254,50.0,4817964.939,2399253.869
PF07/0017/G157,AN,43.504682,13.500233,50.0,4817967.148,2398767.051
PF08/0017/G157,AN,43.507282,13.49929,50.0,4818257.284,2398695.967
PF09/0017/G157,AN,43.515236,13.508894,50.0,4819126.789,2399488.156
PF10/0017/G157,AN,43.509121,13.50328,50.0,4818455.703,2399022.175
PF11/0017/G157,AN,43.508817,13.508968,50.0,4818413.758,2399481.373
PF01/0018/G157,AN,43.509215,13.520856,50.0,4818440.798,2400443.12
PF03/0018/G157,AN,43.512865,13.524832,50.0,4818840.455,2400771.76
PF05/0018/G157,AN,43.515344,13.514789,50.0,4819130.191,2399964.882
PF06/0018/G157,AN,43.514826,13.523004,50.0,4819060.875,2400627.82
PF07/0018/G157,AN,43.51689,13.521544,50.0,4819292.162,2400513.906
PF08/0018/G157,AN,43.518774,13.515063,50.0,4819510.757,2399993.858
PF12/0018/G157,AN,43.520232,13.52309,12.0,4819661.13,2400645.45
PF15/0018/G157,AN,43.518701,13.520029,10.0,4819495.524,2400395.058
PF01/0019/G157,AN,43.496358,13.347852,50.0,4817276.0,2386429.995
PF02/0019/G157,AN,43.498607,13.350798,50.0,4817521.12,2386673.165
PF01/0020/G157,AN,43.486412,13.357036,50.0,4816156.7,2387150.748
PF02/0020/G157,AN,43.487313,13.362773,50.0,4816247.621,2387616.608
PF03/0020/G157,AN,43.495983,13.362135,50.0,4817211.545,2387583.975
PF05/0020/G157,AN,43.497061,13.3586,50.0,4817336.962,2387300.547
PF06/0020/G157,AN,43.490647,13.356005,50.0,4816628.709,2387076.649
PF01/0021/G157,AN,43.49683,13.367468,12.0,4817297.18,2388017.05
PF03/0021/G157,AN,43.48632,13.371398,50.0,4816123.69,2388311.96
PF04/0021/G157,AN,43.490498,13.372021,12.0,4816586.66,2388371.41
PF05/0021/G157,AN,43.488713,13.368682,50.0,4816393.751,2388097.494
PF06/0021/G157,AN,43.493034,13.366408,50.0,4816877.287,2387923.043
PF01/0022/G157,AN,43.49217,13.378011,50.0,4816762.962,2388859.387
PF02/0022/G157,AN,43.496839,13.380114,50.0,4817278.207,2389039.506
PF03/0022/G157,AN,43.486243,13.375403,50.0,4816108.737,2388635.636
PF01/0023/G157,AN,43.490576,13.383069,12.0,4816577.96,2389264.86
PF02/0023/G157,AN,43.493641,13.387775,50.0,4816910.99,2389652.007
PF03/0023/G157,AN,43.497697,13.387571,12.0,4817361.74,2389644.27
PF01/0024/G157,AN,43.491021,13.398922,12.0,4816602.62,2390547.75
PF03/0024/G157,AN,43.497764,13.396974,50.0,4817354.472,2390404.599
PF04/0024/G157,AN,43.501735,13.395021,50.0,4817798.536,2390255.213
PF05/0024/G157,AN,43.500131,13.398462,50.0,4817615.092,2390530.015
PF06/0024/G157,AN,43.502205,13.400539,50.0,4817842.14,2390702.357
PF07/0024/G157,AN,43.494679,13.392135,12.0,4817019.41,2390006.76
PF01/0025/G157,AN,43.490095,13.402506,50.0,4816494.202,2390835.558
PF02/0025/G157,AN,43.485965,13.404248,50.0,4816032.773,2390967.634
PF03/0025/G157,AN,43.487259,13.400069,12.0,4816182.93,2390632.45
PF04/0025/G157,AN,43.496257,13.401039,50.0,4817180.772,2390730.078
PF01/0026/G157,AN,43.497037,13.411926,50.0,4817250.601,2391611.998
PF02/0026/G157,AN,43.498474,13.418036,50.0,4817400.755,2392109.034
PF03/0026/G157,AN,43.502079,13.420932,12.0,4817796.73,2392350.73
PF04/0026/G157,AN,43.505093,13.412591,50.0,4818144.253,2391682.831
PF05/0026/G157,AN,43.495397,13.416367,50.0,4817061.634,2391967.578
PF01/0027/G157,AN,43.489583,13.421269,12.0,4816408.37,2392351.62
PF02/0027/G157,AN,43.49334,13.422747,12.0,4816823.39,2392479.08
PF04/0027/G157,AN,43.496585,13.425955,12.0,4817178.84,2392745.28
PF05/0027/G157,AN,43.490305,13.427697,50.0,4816478.711,2392872.991
PF06/0027/G157,AN,43.487408,13.41879,12.0,4816170.56,2392146.65
PF03/0028/G157,AN,43.495319,13.435177,50.0,4817024.207,2393488.28
PF05/0028/G157,AN,43.492473,13.431659,50.0,4816713.392,2393197.831
PF07/0028/G157,AN,43.485936,13.436139,50.0,4815980.633,2393546.435
PF08/0028/G157,AN,43.489134,13.438203,50.0,4816332.635,2393720.008
PF01/0029/G157,AN,43.496457,13.447009,50.0,4817132.661,2394447.282
PF02/0029/G157,AN,43.496396,13.455034,50.0,4817113.788,2395095.969
PF03/0029/G157,AN,43.499297,13.454534,50.0,4817436.741,2395061.579
PF04/0029/G157,AN,43.494875,13.450737,50.0,4816951.355,2394745.46
PF01/0030/G157,AN,43.502242,13.456213,50.0,4817761.322,2395203.352
PF02/0030/G157,AN,43.498949,13.465198,50.0,4817382.089,2395923.022
PF03/0030/G157,AN,43.494311,13.46324,50.0,4816869.904,2395755.164
PF04/0030/G157,AN,43.494342,13.457964,50.0,4816881.216,2395328.662
PF05/0030/G157,AN,43.503849,13.461184,50.0,4817932.275,2395608.558
PF06/0030/G157,AN,43.499659,13.458633,12.0,4817470.72,2395393.69
PF07/0030/G157,AN,43.490023,13.462844,50.0,4816394.304,2395714.362
PF08/0030/G157,AN,43.492257,13.458543,50.0,4816648.767,2395371.163
PF09/0030/G157,AN,43.497761,13.46119,10.0,4817256.15,2395596.5
PF01/0031/G157,AN,43.489505,13.47072,50.0,4816324.991,2396350.183
PF02/0031/G157,AN,43.489822,13.46747,50.0,4816365.004,2396088.041
PF04/0031/G157,AN,43.492606,13.468887,50.0,4816672.134,2396208.281
PF06/0031/G157,AN,43.48889,13.474332,50.0,4816251.351,2396640.999
PF07/0031/G157,AN,43.49216,13.479293,50.0,4816607.141,2397048.822
PF08/0031/G157,AN,43.492261,13.476259,50.0,4816622.904,2396803.672
PF11/0031/G157,AN,43.494441,13.473524,50.0,4816869.058,2396586.95
PF12/0031/G157,AN,43.496384,13.477048,50.0,4817079.572,2396875.87
PF13/0031/G157,AN,43.496232,13.471849,12.0,4817070.49,2396455.22
PF14/0031/G157,AN,43.497019,13.468741,50.0,4817162.513,2396205.513
PF01/0032/G157,AN,43.498409,13.484386,50.0,4817293.669,2397473.262
PF03/0032/G157,AN,43.498399,13.490967,12.0,4817282.87,2398005.25
PF04/0032/G157,AN,43.497595,13.494445,50.0,4817188.56,2398284.891
PF05/0032/G157,AN,43.497342,13.495726,12.0,4817158.56,2398387.96
PF06/0032/G157,AN,43.499302,13.495334,50.0,4817376.781,2398360.21
PF07/0032/G157,AN,43.499199,13.493279,50.0,4817368.337,2398193.842
PF08/0032/G157,AN,43.50363,13.492659,50.0,4817861.374,2398152.584
PF09/0032/G157,AN,43.502162,13.485993,50.0,4817708.13,2397610.731
PF10/0032/G157,AN,43.500166,13.482344,12.0,4817491.79,2397311.69
PF11/0032/G157,AN,43.500823,13.480812,12.0,4817567.12,2397189.19
PF13/0032/G157,AN,43.503526,13.480446,50.0,4817867.835,2397165.058
PF14/0032/G157,AN,43.504795,13.482603,50.0,4818005.603,2397342.032
PF16/0032/G157,AN,43.505891,13.485843,50.0,4818122.556,2397606.143
PF18/0032/G157,AN,43.505556,13.49173,50.0,4818076.636,2398081.4
PF19/0032/G157,AN,43.505823,13.495612,50.0,4818100.677,2398395.72
PF21/0032/G157,AN,43.501943,13.495315,50.0,4817670.096,2398363.926
PF01/0033/G157,AN,43.506805,13.511945,50.0,4818185.998,2399718.087
PF03/0033/G157,AN,43.510006,13.515629,50.0,4818536.196,2400022.227
PF04/0033/G157,AN,43.504046,13.520484,50.0,4817867.2,2400402.883
PF05/0034/G157,AN,43.504974,13.531536,50.0,4817954.431,2401298.138
PF08/0034/G157,AN,43.507793,13.523255,50.0,4818279.431,2400634.283
PF14/0034/G157,AN,43.507354,13.525597,50.0,4818227.28,2400822.736
PF15/0034/G157,AN,43.502107,13.531565,50.0,4817636.029,2401294.855
PF16/0034/G157,AN,43.507776,13.528796,50.0,4818269.605,2401082.151
PF01/0035/G157,AN,43.509466,13.53218,50.0,4818452.481,2401359.046
PF02/0035/G157,AN,43.506652,13.534502,50.0,4818136.593,2401541.208
PF04/0035/G157,AN,43.504813,13.536056,50.0,4817930.18,2401663.281
PF06/0035/G157,AN,43.50449,13.539886,50.0,4817888.792,2401972.273
PF08/0035/G157,AN,43.503281,13.542328,50.0,4817751.109,2402167.26
PF02/0036/G157,AN,43.487164,13.386247,50.0,4816193.999,2389514.507
PF04/0036/G157,AN,43.487881,13.391585,50.0,4816265.241,2389947.713
PF06/0036/G157,AN,43.491061,13.391607,12.0,4816618.48,2389956.31
PF08/0036/G157,AN,43.4914,13.39529,12.0,4816650.3,2390254.83
PF10/0036/G157,AN,43.486339,13.395962,50.0,4816087.184,2390298.342
PF11/0036/G157,AN,43.487781,13.398503,12.0,4816243.43,2390506.94
PF12/0036/G157,AN,43.485676,13.389782,8.0,4816023.19,2389797.2
PF01/0037/G157,AN,43.488224,13.413405,50.0,4816269.48,2391712.893
PF02/0037/G157,AN,43.492759,13.414514,8.0,4816771.45,2391812.2
PF03/0037/G157,AN,43.484489,13.416896,50.0,4815849.351,2391987.271
PF04/0037/G157,AN,43.488789,13.41598,50.0,4816328.315,2391922.281
PF05/0037/G157,AN,43.490981,13.411547,50.0,4816578.536,2391568.513
PF02/0038/G157,AN,43.495326,13.446469,50.0,4817007.855,2394401.293
PF03/0038/G157,AN,43.497086,13.443413,50.0,4817207.911,2394157.879
PF04/0038/G157,AN,43.48345,13.440328,12.0,4815698.12,2393880.06
PF05/0038/G157,AN,43.485644,13.444221,50.0,4815935.918,2394199.447
PF06/0038/G157,AN,43.489813,13.446959,50.0,4816394.837,2394429.503
PF07/0038/G157,AN,43.484491,13.446831,12.0,4815803.95,2394408.09
PF08/0038/G157,AN,43.487163,13.447774,50.0,4816099.269,2394489.897
PF09/0038/G157,AN,43.492321,13.445107,50.0,4816676.157,2394284.95
PF01/0039/G157,AN,43.481459,13.451526,50.0,4815460.066,2394781.514
PF03/0039/G157,AN,43.481975,13.456845,50.0,4815509.417,2395212.693
PF04/0039/G157,AN,43.485755,13.454232,50.0,4815933.172,2395009.195
PF05/0039/G157,AN,43.482235,13.447891,12.0,4815551.77,2394489.11
PF06/0039/G157,AN,43.485035,13.451001,50.0,4815858.066,2394746.391
PF07/0039/G157,AN,43.489997,13.459919,50.0,4816395.711,2395477.829
PF08/0039/G157,AN,43.492402,13.453965,12.0,4816671.77,2395001.29
PF09/0039/G157,AN,43.484459,13.45924,50.0,4815781.721,2395411.533
PF10/0039/G157,AN,43.490309,13.452004,50.0,4816442.311,2394838.42
PF04/0040/G157,AN,43.4832,13.465499,50.0,4815632.53,2395915.118
PF05/0040/G157,AN,43.481074,13.471717,50.0,4815387.112,2396413.567
PF07/0040/G157,AN,43.484594,13.4748,50.0,4815773.58,2396670.082
PF08/0040/G157,AN,43.484337,13.46273,50.0,4815762.985,2395693.456
PF10/0040/G157,AN,43.48509,13.470166,50.0,4815835.539,2396296.405
PF12/0040/G157,AN,43.48551,13.466279,50.0,4815887.964,2395982.879
PF13/0040/G157,AN,43.487063,13.47299,50.0,4816050.404,2396528.731
PF14/0040/G157,AN,43.487923,13.476708,50.0,4816140.475,2396831.137
PF16/0040/G157,AN,43.4878,13.466339,50.0,4816142.122,2395992.414
PF18/0040/G157,AN,43.488599,13.471885,8.0,4816222.62,2396442.54
PF21/0040/G157,AN,43.481853,13.47708,50.0,4815465.759,2396848.934
PF23/0040/G157,AN,43.483803,13.477514,50.0,4815681.643,2396887.991
PF24/0040/G157,AN,43.482673,13.474242,50.0,4815561.018,2396621.021
PF02/0041/G157,AN,43.485553,13.489256,8.0,4815858.75,2397841.06
PF03/0041/G157,AN,43.48636,13.479714,6.0,4815962.38,2397071.04
PF01/0042/G157,AN,43.491555,13.484427,50.0,4816532.404,2397462.719
PF02/0042/G157,AN,43.49364,13.482536,8.0,4816766.71,2397314.01
PF03/0042/G157,AN,43.493834,13.499857,50.0,4816762.944,2398714.87
PF05/0042/G157,AN,43.491308,13.497045,50.0,4816486.432,2398482.48
PF07/0042/G157,AN,43.49484,13.494854,50.0,4816881.916,2398312.4
PF08/0042/G157,AN,43.489272,13.47976,50.0,4816285.726,2397080.664
PF09/0042/G157,AN,43.487679,13.485222,50.0,4816100.725,2397519.142
PF10/0042/G157,AN,43.49496,13.491634,50.0,4816899.944,2398052.279
PF11/0042/G157,AN,43.487037,13.489059,12.0,4816023.83,2397828.11
PF12/0042/G157,AN,43.488562,13.487834,50.0,4816195.034,2397732.167
PF13/0042/G157,AN,43.487357,13.481539,50.0,4816070.464,2397220.658
PF14/0042/G157,AN,43.492046,13.488201,50.0,4816581.382,2397768.825
PF15/0042/G157,AN,43.491736,13.493026,50.0,4816539.907,2398158.374
PF01/0043/G157,AN,43.491368,13.499255,12.0,4816489.89,2398661.26
PF02/0043/G157,AN,43.491959,13.50356,12.0,4816549.3,2399010.58
PF05/0043/G157,AN,43.496276,13.497549,50.0,4817037.482,2398533.169
PF11/0043/G157,AN,43.499633,13.509379,50.0,4817393.13,2399496.369
PF12/0043/G157,AN,43.501103,13.502694,50.0,4817566.051,2398958.799
PF13/0043/G157,AN,43.502561,13.506007,50.0,4817723.22,2399229.553
PF16/0043/G157,AN,43.489793,13.503897,50.0,4816308.235,2399033.506
PF17/0043/G157,AN,43.499141,13.499848,50.0,4817352.28,2398724.834
PF18/0043/G157,AN,43.494296,13.504794,10.0,4816807.0,2399115.0
PF01/0044/G157,AN,43.493058,13.514898,50.0,4816654.874,2399929.482
PF02/0044/G157,AN,43.493167,13.509662,50.0,4816674.55,2399506.335
PF04/0044/G157,AN,43.49307,13.520434,50.0,4816648.31,2400377.162
PF08/0044/G157,AN,43.497062,13.509698,50.0,4817107.155,2399517.014
PF09/0044/G157,AN,43.496381,13.516247,50.0,4817022.017,2400045.136
PF10/0044/G157,AN,43.494567,13.519179,50.0,4816816.353,2400278.603
PF15/0044/G157,AN,43.499928,13.521083,50.0,4817408.986,2400443.152
PF16/0044/G157,AN,43.495962,13.524548,50.0,4816963.592,2400715.458
PF17/0044/G157,AN,43.501487,13.512504,50.0,4817594.566,2399752.652
PF18/0044/G157,AN,43.495274,13.529787,50.0,4816879.691,2401137.704
PF02/0045/G157,AN,43.490214,13.531553,50.0,4816315.192,2401270.608
PF03/0045/G157,AN,43.491169,13.527753,50.0,4816426.613,2400965.202
PF06/0045/G157,AN,43.493294,13.537046,50.0,4816649.402,2401720.781
PF10/0045/G157,AN,43.49601,13.532769,50.0,4816957.159,2401380.241
PF12/0045/G157,AN,43.496222,13.537345,50.0,4816974.138,2401750.701
PF14/0045/G157,AN,43.49854,13.535884,50.0,4817233.688,2401637.093
PF15/0045/G157,AN,43.499359,13.532519,50.0,4817329.386,2401366.615
PF18/0045/G157,AN,43.501362,13.540875,50.0,4817540.033,2402046.119
PF19/0045/G157,AN,43.495006,13.540043,50.0,4816835.264,2401966.463
PF20/0045/G157,AN,43.489911,13.540699,50.0,4816268.456,2402009.524
PF05/0046/G157,AN,43.493063,13.541166,50.0,4816617.934,2402053.429
PF06/0046/G157,AN,43.492199,13.545138,50.0,4816516.285,2402372.946
PF09/0046/G157,AN,43.498151,13.542918,50.0,4817180.543,2402204.986
PF13/0046/G157,AN,43.49908,13.550423,50.0,4817273.077,2402813.553
PF15/0046/G157,AN,43.502044,13.545813,50.0,4817608.773,2402446.663
PF18/0046/G157,AN,43.497451,13.552407,50.0,4817089.332,2402970.805
PF19/0046/G157,AN,43.503076,13.551274,50.0,4817715.689,2402890.129
PF20/0046/G157,AN,43.490689,13.548196,50.0,4816344.307,2402617.277
PF03/0047/G157,AN,43.479423,13.347318,50.0,4815396.019,2386349.456
PF04/0047/G157,AN,43.481116,13.350085,50.0,4815579.607,2386576.965
PF05/0047/G157,AN,43.474114,13.345206,50.0,4814809.823,2386166.929
PF01/0048/G157,AN,43.47807,13.354244,50.0,4815234.702,2386906.661
PF03/0048/G157,AN,43.482085,13.35811,50.0,4815674.433,2387228.068
PF04/0048/G157,AN,43.483012,13.361487,50.0,4815771.98,2387503.266
PF05/0048/G157,AN,43.480776,13.36607,50.0,4815516.396,2387868.991
PF01/0049/G157,AN,43.47952,13.372838,50.0,4815366.111,2388413.64
PF03/0049/G157,AN,43.479798,13.381355,50.0,4815383.587,2389103.049
PF04/0049/G157,AN,43.477881,13.377837,50.0,4815176.283,2388814.329
PF05/0049/G157,AN,43.485357,13.383154,50.0,4815998.124,2389260.499
PF06/0049/G157,AN,43.48001,13.386415,50.0,4815399.223,2389512.69
PF07/0049/G157,AN,43.482591,13.376958,50.0,4815700.739,2388753.44
PF01/0050/G157,AN,43.476477,13.394061,50.0,4814994.912,2390123.471
PF02/0050/G157,AN,43.476673,13.389482,12.0,4815023.76,2389753.55
PF04/0050/G157,AN,43.479275,13.391284,12.0,4815309.98,2389904.92
PF05/0050/G157,AN,43.479257,13.394068,12.0,4815303.55,2390129.98
PF06/0050/G157,AN,43.479933,13.396784,50.0,4815374.489,2390351.088
PF07/0050/G157,AN,43.482477,13.38878,12.0,4815669.45,2389709.28
PF08/0050/G157,AN,43.482594,13.391079,12.0,4815678.86,2389895.44
PF09/0050/G157,AN,43.482615,13.393809,12.0,4815676.97,2390116.25
PF10/0050/G157,AN,43.482625,13.396523,50.0,4815673.816,2390335.774
PF12/0050/G157,AN,43.485186,13.390941,12.0,4815967.01,2389889.88
PF13/0050/G157,AN,43.485421,13.395508,50.0,4815985.93,2390259.693
PF14/0050/G157,AN,43.485476,13.397639,50.0,4815988.738,2390432.146
PF15/0050/G157,AN,43.485131,13.388189,50.0,4815965.154,2389667.158
PF01/0051/G157,AN,43.480589,13.406438,50.0,4815432.322,2391133.306
PF02/0051/G157,AN,43.483679,13.411426,12.0,4815767.79,2391543.2
PF04/0051/G157,AN,43.476638,13.402208,50.0,4815000.115,2390782.783
PF05/0051/G157,AN,43.482753,13.400152,50.0,4815682.376,2390629.522
PF01/0052/G157,AN,43.481019,13.413318,50.0,4815469.396,2391690.598
PF02/0052/G157,AN,43.477893,13.415888,50.0,4815118.339,2391891.862
PF01/0053/G157,AN,43.479234,13.420453,12.0,4815260.22,2392263.83
PF02/0053/G157,AN,43.473631,13.422347,50.0,4814635.002,2392405.246
PF04/0053/G157,AN,43.474097,13.428992,50.0,4814676.581,2392943.697
PF05/0053/G157,AN,43.479993,13.424582,50.0,4815338.15,2392599.405
PF07/0053/G157,AN,43.482035,13.421665,50.0,4815569.405,2392367.755
PF09/0053/G157,AN,43.481814,13.428672,50.0,4815534.129,2392934.005
PF10/0053/G157,AN,43.480473,13.432365,50.0,4815379.624,2393229.868
PF13/0053/G157,AN,43.48453,13.431138,12.0,4815832.08,2393139.14
PF15/0053/G157,AN,43.484956,13.422151,50.0,4815893.159,2392413.268
PF16/0053/G157,AN,43.476879,13.42562,50.0,4814990.773,2392676.77
PF01/0054/G157,AN,43.469989,13.426625,50.0,4814224.031,2392743.606
PF02/0054/G157,AN,43.471904,13.436969,50.0,4814420.971,2393584.306
PF03/0054/G157,AN,43.478712,13.435773,50.0,4815178.834,2393501.808
PF01/0055/G157,AN,43.476948,13.441768,50.0,4814973.885,2393982.964
PF02/0055/G157,AN,43.476298,13.440153,50.0,4814904.137,2393851.026
PF04/0055/G157,AN,43.476782,13.44401,12.0,4814952.01,2394163.98
PF05/0055/G157,AN,43.479141,13.442571,50.0,4815216.143,2394052.459
PF07/0055/G157,AN,43.479474,13.445978,12.0,4815248.05,2394328.68
PF08/0055/G157,AN,43.48369,13.432803,50.0,4815736.263,2393271.997
PF10/0055/G157,AN,43.481658,13.435973,50.0,4815505.752,2393524.119
PF12/0055/G157,AN,43.478449,13.438933,12.0,4815144.81,2393756.82
PF01/0056/G157,AN,43.472605,13.456381,50.0,4814469.514,2395155.876
PF03/0056/G157,AN,43.475207,13.450917,12.0,4814766.69,2394719.36
PF05/0056/G157,AN,43.476444,13.446498,12.0,4814910.7,2394364.5
PF07/0056/G157,AN,43.477069,13.452987,50.0,4814970.387,2394890.591
PF09/0056/G157,AN,43.477498,13.461822,50.0,4815004.727,2395606.053
PF10/0056/G157,AN,43.474002,13.46184,50.0,4814616.436,2395600.33
PF02/0057/G157,AN,43.473267,13.465779,50.0,4814528.889,2395917.408
PF09/0057/G157,AN,43.470423,13.461915,50.0,4814218.802,2395598.987
PF10/0057/G157,AN,43.465804,13.462142,50.0,4813705.464,2395607.951
PF11/0057/G157,AN,43.46867,13.464735,50.0,4814019.984,2395823.509
PF12/0057/G157,AN,43.476276,13.468717,50.0,4814858.714,2396161.187
PF13/0057/G157,AN,43.478454,13.472836,12.0,4815094.5,2396498.74
PF14/0057/G157,AN,43.479488,13.466344,50.0,4815219.051,2395975.827
PF02/0058/G157,AN,43.478324,13.480902,50.0,4815068.111,2397150.828
PF03/0058/G157,AN,43.477621,13.486344,50.0,4814982.097,2397589.548
PF04/0058/G157,AN,43.476387,13.480429,50.0,4814853.774,2397108.669
PF05/0058/G157,AN,43.483338,13.478934,50.0,4815627.957,2397001.857
PF06/0058/G157,AN,43.485381,13.47741,50.0,4815857.035,2396882.717
PF07/0058/G157,AN,43.48439,13.480747,50.0,4815742.074,2397150.57
PF09/0058/G157,AN,43.480369,13.486864,50.0,4815286.512,2397637.144
PF11/0058/G157,AN,43.485242,13.484443,50.0,4815831.212,2397451.244
PF12/0058/G157,AN,43.480887,13.48335,50.0,4815349.173,2397353.972
PF13/0058/G157,AN,43.483217,13.486006,50.0,4815604.088,2397573.481
PF15/0058/G157,AN,43.483971,13.488399,50.0,4815684.229,2397768.558
PF05/0059/G157,AN,43.485116,13.503962,50.0,4815788.712,2399029.395
PF06/0059/G157,AN,43.486683,13.505365,50.0,4815960.699,2399146.015
PF10/0059/G157,AN,43.486156,13.495609,50.0,4815916.427,2398355.988
PF11/0059/G157,AN,43.484541,13.493229,50.0,4815740.516,2398160.323
PF12/0059/G157,AN,43.486977,13.492713,50.0,4816011.855,2398123.46
PF14/0059/G157,AN,43.48971,13.494417,50.0,4816312.784,2398266.79
PF17/0059/G157,AN,43.488775,13.497593,50.0,4816204.355,2398521.715
PF18/0059/G157,AN,43.488199,13.49042,50.0,4816150.887,2397940.531
PF19/0059/G157,AN,43.481594,13.50068,50.0,4815402.319,2398756.965
PF22/0059/G157,AN,43.484141,13.49025,50.0,4815700.428,2397918.622
PF23/0059/G157,AN,43.487158,13.50234,50.0,4816017.863,2398902.296
PF24/0059/G157,AN,43.483915,13.499662,50.0,4815661.61,2398679.286
PF25/0059/G157,AN,43.484603,13.51069,50.0,4815721.998,2399572.475
PF03/0060/G157,AN,43.488381,13.510963,50.0,4816141.17,2399602.009
PF04/0060/G157,AN,43.484523,13.513191,50.0,4815709.473,2399774.523
PF05/0060/G157,AN,43.492447,13.524265,50.0,4816573.633,2400685.724
PF06/0060/G157,AN,43.486216,13.521067,50.0,4815886.139,2400414.817
PF07/0060/G157,AN,43.486899,13.524967,50.0,4815956.353,2400731.515
PF08/0060/G157,AN,43.489273,13.517495,50.0,4816230.787,2400132.007
PF09/0060/G157,AN,43.49247,13.510742,50.0,4816595.626,2399592.27
PF10/0060/G157,AN,43.492271,13.514288,50.0,4816568.396,2399878.655
PF11/0060/G157,AN,43.484677,13.517898,50.0,4815719.79,2400155.484
PF12/0060/G157,AN,43.484588,13.520848,8.0,4815705.7,2400393.88
PF02/0061/G157,AN,43.484405,13.53574,50.0,4815664.063,2401597.78
PF03/0061/G157,AN,43.488432,13.529426,50.0,4816120.309,2401095.131
PF04/0061/G157,AN,43.476113,13.530585,50.0,4814750.49,2401164.663
PF05/0061/G157,AN,43.479417,13.528374,50.0,4815120.536,2400992.344
PF06/0061/G157,AN,43.478793,13.523792,50.0,4815057.798,2400620.583
PF07/0061/G157,AN,43.488763,13.534195,50.0,4816150.261,2401481.392
PF01/0062/G157,AN,43.478012,13.536958,12.0,4814952.24,2401683.83
PF04/0062/G157,AN,43.48028,13.542896,12.0,4815195.74,2402168.49
PF06/0062/G157,AN,43.480378,13.53677,12.0,4815215.35,2401673.24
PF08/0062/G157,AN,43.483715,13.539275,50.0,4815582.396,2401882.366
PF12/0062/G157,AN,43.485852,13.543462,50.0,4815813.755,2402225.078
PF17/0062/G157,AN,43.488992,13.542852,50.0,4816163.416,2402181.906
PF18/0062/G157,AN,43.488601,13.534965,7.0,4816131.19,2401543.36
PF19/0062/G157,AN,43.477813,13.536983,8.0,4814930.16,2401685.44
PF20/0062/G157,AN,43.486695,13.539913,50.0,4815912.417,2401939.757
PF21/0062/G157,AN,43.484481,13.545445,12.0,4815658.73,2402382.79
PF01/0063/G157,AN,43.470812,13.412504,50.0,4814337.103,2391603.163
PF02/0063/G157,AN,43.469689,13.418327,12.0,4814203.38,2392071.76
PF04/0063/G157,AN,43.474063,13.408025,50.0,4814705.011,2391247.752
PF05/0063/G157,AN,43.466998,13.424809,50.0,4813894.636,2392590.459
PF06/0063/G157,AN,43.470591,13.422202,50.0,4814297.659,2392387.091
PF05/0064/G157,AN,43.468555,13.456168,50.0,4814019.978,2395130.284
PF06/0064/G157,AN,43.467548,13.459017,50.0,4813903.857,2395358.728
PF08/0064/G157,AN,43.470977,13.458082,50.0,4814286.131,2395290.141
PF09/0064/G157,AN,43.474123,13.447175,50.0,4814651.894,2394414.38
PF10/0064/G157,AN,43.470854,13.448191,12.0,4814287.32,2394489.86
PF11/0064/G157,AN,43.469819,13.44185,50.0,4814181.935,2393974.814
PF12/0064/G157,AN,43.467325,13.454295,50.0,4813886.197,2394976.3
PF13/0064/G157,AN,43.470045,13.444399,12.0,4814203.14,2394181.42
PF14/0064/G157,AN,43.472285,13.461679,50.0,4814426.055,2395583.737
PF15/0064/G157,AN,43.468243,13.451312,12.0,4813992.66,2394736.85
PF01/0065/G157,AN,43.468083,13.473111,50.0,4813942.264,2396499.907
PF06/0065/G157,AN,43.470934,13.468382,50.0,4814265.92,2396123.202
PF09/0065/G157,AN,43.47207,13.473364,50.0,4814384.774,2396528.477
PF11/0065/G157,AN,43.473167,13.469217,50.0,4814512.743,2396195.284
PF13/0065/G157,AN,43.475401,13.478048,50.0,4814747.703,2396914.066
PF16/0065/G157,AN,43.468404,13.469553,50.0,4813983.203,2396212.69
PF17/0065/G157,AN,43.479856,13.479105,50.0,4815240.937,2397008.612
PF18/0065/G157,AN,43.476405,13.470608,50.0,4814870.241,2396314.357
PF19/0065/G157,AN,43.46543,13.473949,12.0,4813646.39,2396562.29
PF20/0065/G157,AN,43.472201,13.478835,50.0,4814391.222,2396971.214
PF02/0066/G157,AN,43.474089,13.488084,12.0,4814587.23,2397723.17
PF03/0066/G157,AN,43.473584,13.490725,50.0,4814527.22,2397935.77
PF06/0066/G157,AN,43.47778,13.494748,50.0,4814987.416,2398269.536
PF08/0066/G157,AN,43.478665,13.492154,50.0,4815089.472,2398061.546
PF10/0066/G157,AN,43.482672,13.48977,50.0,4815538.037,2397876.808
PF11/0066/G157,AN,43.481723,13.490946,12.0,4815430.83,2397970.02
PF14/0066/G157,AN,43.482747,13.497355,50.0,4815535.271,2398490.406
PF16/0066/G157,AN,43.478674,13.489548,50.0,4815094.341,2397850.834
PF17/0066/G157,AN,43.482904,13.495713,50.0,4815555.04,2398357.853
PF18/0066/G157,AN,43.477105,13.488659,50.0,4814921.293,2397775.732
PF20/0066/G157,AN,43.471778,13.489827,10.0,4814328.033,2397859.5
PF01/0067/G157,AN,43.475332,13.499451,12.0,4814708.62,2398645.02
PF02/0067/G157,AN,43.475572,13.496358,50.0,4814739.85,2398395.343
PF04/0067/G157,AN,43.479024,13.501048,50.0,4815116.399,2398781.597
PF05/0067/G157,AN,43.478122,13.498646,50.0,4815019.702,2398585.471
PF03/0068/G157,AN,43.474956,13.501607,50.0,4814663.696,2398818.681
PF04/0068/G157,AN,43.477542,13.503769,50.0,4814947.758,2398998.688
PF06/0068/G157,AN,43.476127,13.50744,50.0,4814785.272,2399292.791
PF09/0068/G157,AN,43.472292,13.499855,10.0,4814370.46,2398671.64
PF01/0069/G157,AN,43.48028,13.51794,50.0,4815231.43,2400150.208
PF03/0069/G157,AN,43.482374,13.523606,50.0,4815455.778,2400612.528
PF04/0069/G157,AN,43.481636,13.509163,50.0,4815394.634,2399443.1
PF05/0069/G157,AN,43.48219,13.505199,50.0,4815461.913,2399123.565
PF06/0069/G157,AN,43.478054,13.512561,50.0,4814991.901,2399710.785
PF07/0069/G157,AN,43.48043,13.503227,50.0,4815269.342,2398960.634
PF02/0070/G157,AN,43.474126,13.511934,8.0,4814556.61,2399652.22
PF03/0070/G157,AN,43.47603,13.518137,12.0,4814759.07,2400157.7
PF05/0070/G157,AN,43.475282,13.522012,12.0,4814670.39,2400469.69
PF06/0070/G157,AN,43.473151,13.517879,50.0,4814439.738,2400131.204
PF07/0070/G157,AN,43.471953,13.521948,50.0,4814300.842,2400457.901
PF08/0070/G157,AN,43.473541,13.52629,50.0,4814470.948,2400812.233
PF09/0070/G157,AN,43.469453,13.529127,50.0,4814012.832,2401033.714
PF02/0071/G157,AN,43.456392,13.407846,7.0,4812742.73,2391195.79
PF03/0071/G157,AN,43.464462,13.416437,50.0,4813625.73,2391907.869
PF04/0071/G157,AN,43.461208,13.412079,50.0,4813271.087,2391548.444
PF02/0072/G157,AN,43.462423,13.42562,12.0,4813385.19,2392646.4
PF03/0072/G157,AN,43.458961,13.427336,50.0,4812998.144,2392777.973
PF04/0072/G157,AN,43.459264,13.415529,50.0,4813049.878,2391823.417
PF03/0073/G157,AN,43.461597,13.432958,50.0,4813282.336,2393238.346
PF04/0073/G157,AN,43.461915,13.436567,50.0,4813312.12,2393530.921
PF05/0073/G157,AN,43.46393,13.432702,50.0,4813541.841,2393222.488
PF07/0073/G157,AN,43.463202,13.438906,50.0,4813451.528,2393722.879
PF09/0073/G157,AN,43.461522,13.442934,50.0,4813258.825,2394045.259
PF10/0073/G157,AN,43.464681,13.441565,50.0,4813611.701,2393941.018
PF01/0074/G157,AN,43.463307,13.444527,50.0,4813454.723,2394177.771
PF02/0074/G157,AN,43.460608,13.444563,50.0,4813154.838,2394175.144
PF04/0074/G157,AN,43.461363,13.453326,12.0,4813225.51,2394885.58
PF07/0074/G157,AN,43.464438,13.45763,50.0,4813560.517,2395240.098
PF08/0074/G157,AN,43.465729,13.448355,12.0,4813717.9,2394492.49
PF09/0074/G157,AN,43.464494,13.454125,50.0,4813572.043,2394956.682
PF10/0074/G157,AN,43.46388,13.448191,50.0,4813512.791,2394475.405
PF01/0075/G157,AN,43.463617,13.465683,50.0,4813457.325,2395889.846
PF03/0075/G157,AN,43.461945,13.471166,50.0,4813263.488,2396329.999
PF05/0075/G157,AN,43.466309,13.469894,50.0,4813750.039,2396236.056
PF08/0075/G157,AN,43.466574,13.46517,12.0,4813786.55,2395854.41
PF01/0076/G157,AN,43.464658,13.48171,12.0,4813549.2,2397188.54
PF05/0076/G157,AN,43.465771,13.476184,12.0,4813680.96,2396743.78
PF08/0076/G157,AN,43.468221,13.484212,50.0,4813941.203,2397398.137
PF11/0076/G157,AN,43.468789,13.479636,50.0,4814011.085,2397029.146
PF12/0076/G157,AN,43.469702,13.487318,50.0,4814101.113,2397652.355
PF13/0076/G157,AN,43.47067,13.481793,50.0,4814216.76,2397207.38
PF14/0076/G157,AN,43.47395,13.482001,50.0,4814580.708,2397230.902
PF15/0076/G157,AN,43.472399,13.485606,50.0,4814403.12,2397519.27
PF16/0076/G157,AN,43.46277,13.479963,50.0,4813342.116,2397043.324
PF01/0077/G157,AN,43.465132,13.487627,50.0,4813593.075,2397668.119
PF02/0077/G157,AN,43.464637,13.491676,50.0,4813532.238,2397994.647
PF03/0077/G157,AN,43.462216,13.48862,12.0,4813267.83,2397742.6
PF05/0077/G157,AN,43.460504,13.493861,50.0,4813070.016,2398163.091
PF02/0078/G157,AN,43.466658,13.497556,50.0,4813748.004,2398474.377
PF03/0078/G157,AN,43.469227,13.497923,50.0,4814032.795,2398509.172
PF05/0078/G157,AN,43.473406,13.496316,50.0,4814499.342,2398387.629
PF07/0078/G157,AN,43.463225,13.494163,50.0,4813371.779,2398192.974
PF02/0079/G157,AN,43.460269,13.496589,8.0,4813039.94,2398383.31
PF03/0079/G157,AN,43.465261,13.497827,50.0,4813592.513,2398493.489
PF05/0079/G157,AN,43.461689,13.498821,50.0,4813194.372,2398566.785
PF06/0079/G157,AN,43.469293,13.498999,50.0,4814038.591,2398596.405
PF03/0080/G157,AN,43.46735,13.504582,50.0,4813814.666,2399044.135
PF04/0080/G157,AN,43.469875,13.506124,12.0,4814092.82,2399173.88
PF07/0080/G157,AN,43.473559,13.509183,50.0,4814497.609,2399428.635
PF08/0080/G157,AN,43.46328,13.503004,50.0,4813364.991,2398908.288
PF02/0081/G157,AN,43.460266,13.503699,50.0,4813029.161,2398958.536
PF06/0081/G157,AN,43.466678,13.506463,50.0,4813737.305,2399194.9
PF08/0081/G157,AN,43.470098,13.508651,50.0,4814113.922,2399378.71
PF10/0081/G157,AN,43.474817,13.510231,50.0,4814635.789,2399515.926
PF12/0081/G157,AN,43.467901,13.512138,12.0,4813864.93,2399656.42
PF13/0081/G157,AN,43.465502,13.510247,50.0,4813601.27,2399498.686
PF01/0082/G157,AN,43.459602,13.512746,50.0,4812942.353,2399689.123
PF03/0082/G157,AN,43.462543,13.510017,50.0,4813272.927,2399474.19
PF04/0082/G157,AN,43.466327,13.511784,50.0,4813690.603,2399624.618
PF06/0082/G157,AN,43.470636,13.514222,50.0,4814165.687,2399830.428
PF01/0083/G157,AN,43.466547,13.516549,50.0,4813708.143,2400010.539
PF02/0083/G157,AN,43.472535,13.51488,50.0,4814375.675,2399887.351
PF03/0083/G157,AN,43.469973,13.52441,50.0,4814077.366,2400653.183
PF04/0083/G157,AN,43.464555,13.521158,50.0,4813480.338,2400379.423
PF01/0084/G157,AN,43.457608,13.421683,50.0,4812856.529,2392317.768
PF03/0084/G157,AN,43.45869,13.430718,50.0,4812962.848,2393051.027
PF04/0084/G157,AN,43.452542,13.420045,50.0,4812296.407,2392174.645
PF05/0084/G157,AN,43.449201,13.419679,12.0,4811925.84,2392137.96
PF06/0084/G157,AN,43.450631,13.424549,12.0,4812077.25,2392535.03
PF01/0085/G157,AN,43.449804,13.439113,50.0,4811963.233,2393711.743
PF03/0085/G157,AN,43.450248,13.436238,50.0,4812016.878,2393480.011
PF05/0085/G157,AN,43.451972,13.432778,50.0,4812213.663,2393203.653
PF07/0085/G157,AN,43.454125,13.441774,12.0,4812439.11,2393936.03
PF08/0085/G157,AN,43.455699,13.430968,50.0,4812630.267,2393064.989
PF09/0085/G157,AN,43.456213,13.438573,50.0,4812675.8,2393681.388
PF12/0085/G157,AN,43.448248,13.441434,50.0,4811786.888,2393896.319
PF13/0085/G157,AN,43.44882,13.432159,50.0,4811864.456,2393146.969
PF01/0086/G157,AN,43.451716,13.44332,50.0,4812169.163,2394056.12
PF02/0086/G157,AN,43.45564,13.446184,50.0,4812600.628,2394295.914
PF05/0086/G157,AN,43.458434,13.445321,50.0,4812912.287,2394231.911
PF07/0086/G157,AN,43.449857,13.443147,50.0,4811963.007,2394038.264
PF08/0086/G157,AN,43.448972,13.447442,50.0,4811858.253,2394383.938
PF03/0087/G157,AN,43.448298,13.456811,12.0,4811769.29,2395140.66
PF04/0087/G157,AN,43.44952,13.457431,12.0,4811904.09,2395193.29
PF05/0087/G157,AN,43.455466,13.452066,50.0,4812572.436,2394771.502
PF06/0087/G157,AN,43.453146,13.456925,50.0,4812307.482,2395159.87
PF07/0087/G157,AN,43.451422,13.446647,50.0,4812131.448,2394324.679
PF08/0087/G157,AN,43.448263,13.448685,12.0,4811777.63,2394483.08
PF01/0088/G157,AN,43.4593,13.458189,50.0,4812989.085,2395274.802
PF02/0088/G157,AN,43.461388,13.462631,12.0,4813214.3,2395638.43
PF03/0088/G157,AN,43.45812,13.45482,50.0,4812863.069,2394999.742
PF01/0089/G157,AN,43.45005,13.461677,12.0,4811956.53,2395537.97
PF02/0089/G157,AN,43.44903,13.464202,12.0,4811839.54,2395740.21
PF03/0089/G157,AN,43.455123,13.467311,12.0,4812511.55,2396004.21
PF01/0090/G157,AN,43.451081,13.469722,12.0,4812059.04,2396191.0
PF02/0090/G157,AN,43.458941,13.474623,50.0,4812924.745,2396603.591
PF01/0091/G157,AN,43.460257,13.478387,50.0,4813065.29,2396910.795
PF02/0091/G157,AN,43.463265,13.474259,50.0,4813405.469,2396582.946
PF03/0091/G157,AN,43.460268,13.482728,50.0,4813060.136,2397261.95
PF04/0091/G157,AN,43.456591,13.480338,50.0,4812655.299,2397061.138
PF01/0092/G157,AN,43.450689,13.488297,50.0,4811988.093,2397693.219
PF02/0092/G157,AN,43.449762,13.491629,50.0,4811880.272,2397960.906
PF03/0092/G157,AN,43.460067,13.48674,50.0,4813031.839,2397586.173
PF04/0092/G157,AN,43.456222,13.483857,50.0,4812609.119,2397345.159
PF04/0093/G157,AN,43.451814,13.492949,50.0,4812106.204,2398071.839
PF11/0093/G157,AN,43.449522,13.498483,50.0,4811843.537,2398515.039
PF12/0093/G157,AN,43.453969,13.490714,50.0,4812348.753,2397895.386
PF13/0093/G157,AN,43.453135,13.495998,50.0,4812248.403,2398321.217
PF14/0093/G157,AN,43.455849,13.49754,50.0,4812547.575,2398451.393
PF16/0093/G157,AN,43.459678,13.490135,50.0,4812983.745,2397860.049
PF01/0094/G157,AN,43.446697,13.508169,50.0,4811515.73,2399293.128
PF02/0094/G157,AN,43.448294,13.504745,50.0,4811698.099,2399019.306
PF06/0094/G157,AN,43.454634,13.503092,12.0,4812404.61,2398898.19
PF09/0094/G157,AN,43.45941,13.500413,50.0,4812938.956,2398691.009
PF10/0094/G157,AN,43.455956,13.499181,50.0,4812557.12,2398584.415
PF11/0094/G157,AN,43.451152,13.50299,10.0,4812018.0,2398883.0
PF01/0095/G157,AN,43.448744,13.510915,50.0,4811739.115,2399519.412
PF02/0095/G157,AN,43.456142,13.505865,50.0,4812568.015,2399125.521
PF03/0095/G157,AN,43.457257,13.509881,50.0,4812686.052,2399452.697
PF01/0096/G157,AN,43.443886,13.427103,12.0,4811324.22,2392727.5
PF03/0096/G157,AN,43.443674,13.419474,50.0,4811312.361,2392109.704
PF04/0096/G157,AN,43.435894,13.42385,50.0,4810441.579,2392447.486
PF05/0096/G157,AN,43.436287,13.417382,12.0,4810495.2,2391924.8
PF01/0097/G157,AN,43.445646,13.4311,50.0,4811513.599,2393054.658
PF02/0097/G157,AN,43.446814,13.437886,12.0,4811632.98,2393606.18
PF03/0097/G157,AN,43.446764,13.427642,50.0,4811642.995,2392777.207
PF04/0097/G157,AN,43.443212,13.434124,50.0,4811238.68,2393294.269
PF05/0097/G157,AN,43.439696,13.429594,50.0,4810855.123,2392920.339
PF01/0098/G157,AN,43.446572,13.44469,50.0,4811595.785,2394156.293
PF02/0098/G157,AN,43.443879,13.440699,50.0,4811302.797,2393827.754
PF01/0099/G157,AN,43.449335,13.443121,50.0,4811905.086,2394035.053
PF01/0100/G157,AN,43.449853,13.4767,12.0,4811912.33,2396753.15
PF02/0100/G157,AN,43.449282,13.485657,50.0,4811835.654,2397476.743
PF03/0100/G157,AN,43.452844,13.474855,50.0,4812247.294,2396609.951
PF04/0100/G157,AN,43.449921,13.473538,12.0,4811924.6,2396497.41
PF01/0101/G157,AN,43.447367,13.499979,50.0,4811602.065,2398631.8
PF02/0101/G157,AN,43.446413,13.511263,12.0,4811479.65,2399542.93
PF03/0101/G157,AN,43.445108,13.503494,50.0,4811346.08,2398911.666
PF04/0101/G157,AN,43.444402,13.510603,12.0,4811257.32,2399485.55
PF01/0102/G157,AN,43.435893,13.428442,50.0,4810434.422,2392819.121
PF02/0102/G157,AN,43.436099,13.432768,50.0,4810450.708,2393169.689
PF03/0102/G157,AN,43.433948,13.426744,12.0,4810221.05,2392677.59
PF01/0103/G157,AN,43.441094,13.464189,12.0,4810958.1,2395722.86
PF03/0103/G157,AN,43.441984,13.459349,12.0,4811064.25,2395333.06
PF05/0103/G157,AN,43.442518,13.453887,12.0,4811131.66,2394892.11
PF07/0103/G157,AN,43.4444,13.464845,12.0,4811324.37,2395782.76
PF08/0103/G157,AN,43.445426,13.461902,12.0,4811442.64,2395546.73
PF10/0103/G157,AN,43.446088,13.458123,12.0,4811521.81,2395242.23
PF13/0103/G157,AN,43.44524,13.454664,8.0,4811432.85,2394960.61
PF14/0103/G157,AN,43.4436,13.451575,12.0,4811255.3,2394707.26
PF15/0103/G157,AN,43.446769,13.45076,12.0,4811608.49,2394647.84
PF16/0103/G157,AN,43.443985,13.468639,12.0,4811272.59,2396088.93
PF17/0103/G157,AN,43.439701,13.46671,12.0,4810799.64,2395924.07
PF03/0104/G157,AN,43.443046,13.485297,12.0,4811143.59,2397435.03
PF04/0104/G157,AN,43.438587,13.485443,12.0,4810648.16,2397437.8
PF05/0104/G157,AN,43.440412,13.47724,50.0,4810862.985,2396777.652
PF06/0104/G157,AN,43.444128,13.481336,50.0,4811269.685,2397116.702
PF07/0104/G157,AN,43.44485,13.47376,50.0,4811361.042,2396505.106
PF08/0104/G157,AN,43.442261,13.470347,50.0,4811078.529,2396223.58
PF09/0104/G157,AN,43.43832,13.480377,10.0,4810626.0,2397027.32
PF01/0105/G157,AN,43.438358,13.490276,50.0,4810615.709,2397828.469
PF02/0105/G157,AN,43.442188,13.489438,50.0,4811042.24,2397768.43
PF03/0105/G157,AN,43.443571,13.494251,50.0,4811188.852,2398160.686
PF04/0105/G157,AN,43.440766,13.496606,50.0,4810873.867,2398345.607
PF05/0105/G157,AN,43.441846,13.500896,12.0,4810987.49,2398694.96
PF06/0105/G157,AN,43.441814,13.507836,40.0,4810973.919,2399256.495
PF01/0001/G771,AN,43.538681,13.12367,12.0,4822360.95,2368410.31
PF03/0001/G771,AN,43.545597,13.121284,12.0,4823133.45,2368234.91
PF04/0001/G771,AN,43.5403,13.12519,12.0,4822537.96,2368537.14
PF01/0002/G771,AN,43.527821,13.120926,12.0,4821159.76,2368161.32
PF02/0002/G771,AN,43.539005,13.127762,50.0,4822389.421,2368741.726
PF03/0002/G771,AN,43.535774,13.126739,12.0,4822032.45,2368650.97
PF01/0003/G771,AN,43.5322,13.131467,12.0,4821626.97,2369024.08
PF02/0003/G771,AN,43.535212,13.13588,8.0,4821953.41,2369388.16
PF01/0004/G771,AN,43.522008,13.099836,12.0,4820552.84,2366442.32
PF03/0004/G771,AN,43.526687,13.111549,50.0,4821051.019,2367400.733
PF04/0004/G771,AN,43.520254,13.103864,50.0,4820350.679,2366763.401
PF06/0004/G771,AN,43.524231,13.099412,50.0,4820800.587,2366413.697
PF07/0004/G771,AN,43.531072,13.110292,12.0,4821540.35,2367310.24
PF08/0004/G771,AN,43.518686,13.100535,12.0,4820182.61,2366490.36
PF01/0005/G771,AN,43.517959,13.113051,50.0,4820078.908,2367500.086
PF02/0005/G771,AN,43.528115,13.117392,50.0,4821198.843,2367876.511
PF03/0005/G771,AN,43.532626,13.113957,50.0,4821706.19,2367610.287
PF04/0005/G771,AN,43.521747,13.110529,50.0,4820504.235,2367305.825
PF01/0006/G771,AN,43.518321,13.077132,50.0,4820185.597,2364597.88
PF03/0006/G771,AN,43.522989,13.094063,50.0,4820672.475,2365978.194
PF04/0006/G771,AN,43.518524,13.093709,12.0,4820177.29,2365938.25
PF05/0006/G771,AN,43.518906,13.086992,50.0,4820232.138,2365396.302
PF01/0007/G771,AN,43.513029,13.088337,12.0,4819576.95,2365490.03
PF05/0007/G771,AN,43.517342,13.096486,12.0,4820040.81,2366159.67
PF01/0008/G771,AN,43.510328,13.064658,50.0,4819321.225,2363569.069
PF02/0008/G771,AN,43.509362,13.070868,50.0,4819202.264,2364068.553
PF09/0008/G771,AN,43.517794,13.07335,50.0,4820134.153,2364290.902
PF11/0008/G771,AN,43.520553,13.076052,8.0,4820435.52,2364516.32
PF12/0008/G771,AN,43.514219,13.069395,50.0,4819744.5,2363961.978
PF13/0008/G771,AN,43.512312,13.067539,50.0,4819536.22,2363807.08
PF14/0008/G771,AN,43.517906,13.067461,50.0,4820157.613,2363815.157
PF02/0009/G771,AN,43.515506,13.078367,50.0,4819870.592,2364690.493
PF03/0009/G771,AN,43.512959,13.078644,50.0,4819587.245,2364706.357
PF04/0009/G771,AN,43.51517,13.081935,50.0,4819826.693,2364978.02
PF05/0009/G771,AN,43.512029,13.08195,12.0,4819477.74,2364971.2
PF06/0009/G771,AN,43.510916,13.086495,12.0,4819345.73,2365335.72
PF09/0009/G771,AN,43.51664,13.086394,50.0,4819981.579,2365342.156
PF01/0010/G771,AN,43.505123,13.074858,50.0,4818724.03,2364380.191
PF04/0010/G771,AN,43.507884,13.077693,12.0,4819025.35,2364616.46
PF05/0010/G771,AN,43.508162,13.074618,50.0,4819061.962,2364368.593
PF08/0010/G771,AN,43.515116,13.072579,50.0,4819838.114,2364221.699
PF11/0010/G771,AN,43.511326,13.072888,50.0,4819416.578,2364236.846
PF12/0010/G771,AN,43.511758,13.076759,8.0,4819457.33,2364550.89
PF01/0011/G771,AN,43.508221,13.051142,50.0,4819112.74,2362471.001
PF05/0011/G771,AN,43.506653,13.060849,12.0,4818920.24,2363251.6
PF06/0011/G771,AN,43.51171,13.061378,50.0,4819480.878,2363307.468
PF12/0011/G771,AN,43.512529,13.057293,8.0,4819579.58,2362979.42
PF13/0011/G771,AN,43.506902,13.0582,12.0,4818952.84,2363038.15
PF14/0011/G771,AN,43.512174,13.053745,50.0,4819546.802,2362691.72
PF15/0011/G771,AN,43.513816,13.061904,12.0,4819713.79,2363355.43
PF16/0011/G771,AN,43.517215,13.062727,12.0,4820089.71,2363430.76
PF02/0012/G771,AN,43.495561,13.063804,50.0,4817682.724,2363461.85
PF03/0012/G771,AN,43.498155,13.065138,50.0,4817968.354,2363576.368
PF05/0012/G771,AN,43.50157,13.060214,50.0,4818356.944,2363187.172
PF07/0012/G771,AN,43.503715,13.06876,50.0,4818579.018,2363883.557
PF08/0012/G771,AN,43.503903,13.058157,50.0,4818619.844,2363026.914
PF10/0012/G771,AN,43.50555,13.06501,50.0,4818789.869,2363585.155
PF11/0012/G771,AN,43.502314,13.065892,50.0,4818428.851,2363648.088
PF13/0012/G771,AN,43.500108,13.063471,50.0,4818188.441,2363446.669
PF14/0012/G771,AN,43.496212,13.058935,50.0,4817764.264,2363069.85
PF15/0012/G771,AN,43.497159,13.061054,50.0,4817865.412,2363243.608
PF02/0013/G771,AN,43.501334,13.046638,50.0,4818356.43,2362088.966
PF03/0013/G771,AN,43.502835,13.042182,50.0,4818531.532,2361732.619
PF05/0013/G771,AN,43.507025,13.050353,50.0,4818981.341,2362404.128
PF06/0013/G771,AN,43.508258,13.0422,10.0,4819133.82,2361748.26
PF02/0014/G771,AN,43.502052,13.050949,8.0,4818427.93,2362439.38
PF03/0014/G771,AN,43.502991,13.055731,12.0,4818523.2,2362828.42
PF04/0014/G771,AN,43.49731,13.049833,50.0,4817903.384,2362336.781
PF01/0001/G803,AN,43.536299,13.337151,50.0,4821729.286,2385653.474
PF02/0001/G803,AN,43.539273,13.335438,12.0,4822062.299,2385521.706
PF03/0001/G803,AN,43.541359,13.337655,50.0,4822290.392,2385705.433
PF01/0002/G803,AN,43.530279,13.362753,50.0,4821019.589,2387708.927
PF02/0002/G803,AN,43.525417,13.371175,50.0,4820466.277,2388378.887
PF03/0002/G803,AN,43.534217,13.366593,50.0,4821450.855,2388027.84
PF04/0002/G803,AN,43.527007,13.362425,50.0,4820656.696,2387675.266
PF01/0003/G803,AN,43.5324,13.37248,50.0,4821239.757,2388499.585
PF02/0003/G803,AN,43.532373,13.379134,50.0,4821226.234,2389037.135
PF03/0003/G803,AN,43.534527,13.375531,12.0,4821471.145,2388750.71
PF04/0003/G803,AN,43.535393,13.380697,50.0,4821559.197,2389169.985
PF05/0003/G803,AN,43.534545,13.385257,50.0,4821457.867,2389536.625
PF06/0003/G803,AN,43.529165,13.381725,50.0,4820865.854,2389239.582
PF07/0003/G803,AN,43.532671,13.391967,12.0,4821239.167,2390074.755
PF08/0003/G803,AN,43.530024,13.387334,50.0,4820952.498,2389694.668
PF09/0003/G803,AN,43.532691,13.383797,8.0,4821254.23,2389414.66
PF01/0004/G803,AN,43.534865,13.3939,50.0,4821479.818,2390235.667
PF03/0004/G803,AN,43.538692,13.399311,50.0,4821896.39,2390681.025
PF05/0004/G803,AN,43.539008,13.407269,50.0,4821919.196,2391324.727
PF06/0004/G803,AN,43.534779,13.399206,50.0,4821461.987,2390664.239
PF07/0004/G803,AN,43.533517,13.407556,12.0,4821308.862,2391336.225
PF01/0005/G803,AN,43.530875,13.332683,50.0,4821134.112,2385280.411
PF03/0005/G803,AN,43.532252,13.339431,50.0,4821276.116,2385828.74
PF04/0005/G803,AN,43.528261,13.339477,12.0,4820832.708,2385823.58
PF05/0005/G803,AN,43.536049,13.33394,12.0,4821706.713,2385393.486
PF01/0006/G803,AN,43.532336,13.350398,50.0,4821267.78,2386715.113
PF03/0006/G803,AN,43.534928,13.351247,50.0,4821554.333,2386789.407
PF05/0006/G803,AN,43.533565,13.355738,50.0,4821395.733,2387149.301
PF06/0006/G803,AN,43.525215,13.352266,50.0,4820473.943,2386850.34
PF07/0006/G803,AN,43.528794,13.354508,50.0,4820867.857,2387039.374
PF02/0007/G803,AN,43.520897,13.37608,50.0,4819956.421,2388765.509
PF05/0007/G803,AN,43.517093,13.378732,50.0,4819529.78,2388971.602
PF06/0007/G803,AN,43.516902,13.369624,10.0,4819523.0,2388235.0
PF07/0007/G803,AN,43.52653,13.377432,12.0,4820580.0,2388887.0
PF01/0008/G803,AN,43.52488,13.393438,50.0,4820371.608,2390176.906
PF03/0008/G803,AN,43.524357,13.395125,50.0,4820310.852,2390312.118
PF01/0009/G803,AN,43.533348,13.418528,50.0,4821273.264,2392222.457
PF04/0009/G803,AN,43.53022,13.409927,50.0,4820939.065,2391520.834
PF06/0009/G803,AN,43.534652,13.413311,8.0,4821426.09,2391803.66
PF08/0009/G803,AN,43.527592,13.406222,50.0,4820652.937,2391215.85
PF09/0009/G803,AN,43.530563,13.405115,50.0,4820984.575,2391132.686
PF10/0009/G803,AN,43.531211,13.416487,50.0,4821038.992,2392052.983
PF01/0010/G803,AN,43.519017,13.341696,50.0,4819802.477,2385982.438
PF02/0010/G803,AN,43.530079,13.344707,50.0,4821026.259,2386250.243
PF03/0010/G803,AN,43.524131,13.341993,50.0,4820370.053,2386017.753
PF01/0011/G803,AN,43.515616,13.348672,12.0,4819413.599,2386538.766
PF02/0011/G803,AN,43.520008,13.35064,8.0,4819898.2,2386707.52
PF03/0011/G803,AN,43.521453,13.351007,12.0,4820058.143,2386740.354
PF04/0011/G803,AN,43.519615,13.357067,12.0,4819844.278,2387226.055
PF05/0011/G803,AN,43.514288,13.352129,50.0,4819260.517,2386815.273
PF06/0011/G803,AN,43.517197,13.354857,12.0,4819579.306,2387042.145
PF01/0012/G803,AN,43.517316,13.358427,12.0,4819586.715,2387330.97
PF04/0012/G803,AN,43.514884,13.3661,50.0,4819304.44,2387945.805
PF05/0012/G803,AN,43.52437,13.36323,50.0,4820362.52,2387734.593
PF06/0012/G803,AN,43.521707,13.361955,50.0,4820068.78,2387625.666
PF07/0012/G803,AN,43.520967,13.366863,50.0,4819978.801,2388020.73
PF01/0013/G803,AN,43.514604,13.388234,50.0,4819238.48,2389734.239
PF03/0013/G803,AN,43.518768,13.387405,50.0,4819702.255,2389676.225
PF04/0013/G803,AN,43.520807,13.392478,50.0,4819920.685,2390090.575
PF05/0013/G803,AN,43.521733,13.387852,50.0,4820030.84,2389718.739
PF06/0013/G803,AN,43.524047,13.386839,50.0,4820289.372,2389641.823
PF09/0013/G803,AN,43.52094,13.385214,50.0,4819946.884,2389503.76
PF10/0013/G803,AN,43.521292,13.381761,50.0,4819991.424,2389225.502
PF11/0013/G803,AN,43.526399,13.389248,50.0,4820546.898,2389841.536
PF02/0014/G803,AN,43.522142,13.400412,50.0,4820056.616,2390734.686
PF06/0014/G803,AN,43.528757,13.397092,50.0,4820796.526,2390480.504
PF08/0014/G803,AN,43.52222,13.404845,50.0,4820058.406,2391093.06
PF09/0014/G803,AN,43.523724,13.402855,50.0,4820228.493,2390935.439
PF10/0014/G803,AN,43.522412,13.394738,50.0,4820095.503,2390276.687
PF11/0014/G803,AN,43.524997,13.400632,50.0,4820373.387,2390758.543
PF12/0014/G803,AN,43.526362,13.403594,50.0,4820520.434,2391000.854
PF13/0014/G803,AN,43.524828,13.397834,8.0,4820359.0,2390532.095
PF14/0014/G803,AN,43.518295,13.393139,12.0,4819640.671,2390138.612
PF15/0014/G803,AN,43.526462,13.392401,50.0,4820548.917,2390096.486
PF16/0014/G803,AN,43.519847,13.394656,50.0,4819810.74,2390264.564
PF01/0015/G803,AN,43.523359,13.415007,50.0,4820169.198,2391916.742
PF02/0015/G803,AN,43.528677,13.418052,50.0,4820755.119,2392174.079
PF03/0015/G803,AN,43.52562,13.413134,50.0,4820423.185,2391770.19
PF05/0015/G803,AN,43.523802,13.40576,50.0,4820232.747,2391170.39
PF06/0015/G803,AN,43.521514,13.409164,50.0,4819973.269,2391440.659
PF07/0015/G803,AN,43.519811,13.406234,12.0,4819788.762,2391200.199
PF01/0016/G803,AN,43.505399,13.349568,50.0,4818277.4,2386588.618
PF02/0016/G803,AN,43.512713,13.348692,50.0,4819091.08,2386533.953
PF01/0017/G803,AN,43.506473,13.358745,50.0,4818381.979,2387332.91
PF02/0017/G803,AN,43.505355,13.353466,50.0,4818266.251,2386903.713
PF05/0017/G803,AN,43.510598,13.36307,50.0,4818833.211,2387691.56
PF06/0017/G803,AN,43.507403,13.35991,50.0,4818483.382,2387429.117
PF07/0017/G803,AN,43.50978,13.351068,10.0,4818761.6,2386719.52
PF01/0018/G803,AN,43.507103,13.37644,50.0,4818423.902,2388764.711
PF02/0018/G803,AN,43.509336,13.370689,50.0,4818680.95,2388304.641
PF03/0018/G803,AN,43.507476,13.380075,50.0,4818459.641,2389059.383
PF05/0018/G803,AN,43.510971,13.377532,50.0,4818851.809,2388861.371
PF06/0018/G803,AN,43.511782,13.372282,50.0,4818950.19,2388438.73
PF08/0018/G803,AN,43.512192,13.366953,12.0,4819004.117,2388008.865
PF09/0018/G803,AN,43.509718,13.380665,50.0,4818707.732,2389111.9
PF01/0019/G803,AN,43.504006,13.396724,12.0,4818048.187,2390397.815
PF02/0019/G803,AN,43.505538,13.399798,50.0,4818213.54,2390649.548
PF04/0019/G803,AN,43.511191,13.39724,50.0,4818845.301,2390454.835
PF06/0019/G803,AN,43.512869,13.392344,50.0,4819039.271,2390062.722
PF07/0019/G803,AN,43.516553,13.394188,50.0,4819445.621,2390219.63
PF08/0019/G803,AN,43.513355,13.39744,8.0,4819085.31,2390475.7
PF09/0019/G803,AN,43.509587,13.400505,50.0,4818662.126,2390715.347
PF10/0019/G803,AN,43.515936,13.397705,50.0,4819371.631,2390502.582
PF01/0020/G803,AN,43.5153,13.40794,12.0,4819285.087,2391328.529
PF02/0020/G803,AN,43.517869,13.404674,50.0,4819575.496,2391070.035
PF04/0020/G803,AN,43.51334,13.39838,50.0,4819082.178,2390551.579
PF05/0020/G803,AN,43.510085,13.401406,50.0,4818716.044,2390789.274
PF01/0021/G803,AN,43.501715,13.359752,50.0,4817851.996,2387403.862
PF02/0021/G803,AN,43.501472,13.35664,12.0,4817829.945,2387151.719
PF03/0021/G803,AN,43.508141,13.361113,8.0,4818563.54,2387527.95
PF04/0021/G803,AN,43.499547,13.362555,50.0,4817606.716,2387625.73
PF05/0021/G803,AN,43.507687,13.367771,12.0,4818502.446,2388065.166
PF01/0022/G803,AN,43.501376,13.373262,12.0,4817792.837,2388495.358
PF02/0022/G803,AN,43.498941,13.378328,8.0,4817514.46,2388899.63
PF03/0022/G803,AN,43.504928,13.36897,12.0,4818194.104,2388156.069
PF04/0022/G803,AN,43.504649,13.379246,12.0,4818146.966,2388986.248
PF05/0022/G803,AN,43.49704,13.376857,50.0,4817305.619,2388776.607
PF01/0023/G803,AN,43.509127,13.386026,50.0,4818633.621,2389543.988
PF02/0023/G803,AN,43.511675,13.385865,50.0,4818916.856,2389536.456
PF03/0023/G803,AN,43.501661,13.379612,12.0,4817814.482,2389009.31
PF04/0023/G803,AN,43.502816,13.38395,12.0,4817935.919,2389362.548
PF01/0001/H575,AN,43.49205,13.030601,50.0,4817355.832,2360768.042
PF02/0001/H575,AN,43.50432,13.027248,8.0,4818725.02,2360529.24
PF05/0001/H575,AN,43.492071,13.034439,12.0,4817350.78,2361078.36
PF06/0001/H575,AN,43.49688,13.032252,50.0,4817889.064,2360914.158
PF01/0002/H575,AN,43.49133,13.037273,50.0,4817263.128,2361305.621
PF03/0002/H575,AN,43.490474,13.041958,50.0,4817159.081,2361682.179
PF04/0002/H575,AN,43.495588,13.040877,50.0,4817729.119,2361608.191
PF05/0002/H575,AN,43.490025,13.046839,12.0,4817100.01,2362075.68
PF02/0003/H575,AN,43.487527,13.054785,12.0,4816807.52,2362711.77
PF03/0003/H575,AN,43.490755,13.054239,50.0,4817167.019,2362675.949
PF04/0003/H575,AN,43.48499,13.059385,12.0,4816517.02,2363077.14
PF05/0003/H575,AN,43.490342,13.049893,12.0,4817129.37,2362323.52
PF06/0003/H575,AN,43.48688,13.058602,12.0,4816728.39,2363018.76
PF07/0003/H575,AN,43.489011,13.057883,50.0,4816966.428,2362966.129
PF01/0004/H575,AN,43.488102,13.061854,50.0,4816857.968,2363284.886
PF02/0004/H575,AN,43.487562,13.064258,50.0,4816793.476,2363477.879
PF03/0004/H575,AN,43.486773,13.068322,50.0,4816698.232,2363804.481
PF06/0004/H575,AN,43.48746,13.072877,50.0,4816765.967,2364174.581
PF08/0004/H575,AN,43.483122,13.068725,7.0,4816291.95,2363827.7
PF09/0004/H575,AN,43.490632,13.067824,50.0,4817127.83,2363774.164
PF10/0004/H575,AN,43.484072,13.071916,50.0,4816391.562,2364088.145
PF12/0004/H575,AN,43.485005,13.068364,12.0,4816501.83,2363803.32
PF13/0004/H575,AN,43.489528,13.063739,8.0,4817012.87,2363440.99
PF01/0005/H575,AN,43.49093,13.025426,50.0,4817241.33,2360346.591
PF02/0005/H575,AN,43.488274,13.032866,50.0,4816932.105,2360941.235
PF01/0006/H575,AN,43.480248,13.046944,12.0,4816013.9,2362058.71
PF03/0006/H575,AN,43.484503,13.049964,50.0,4816480.743,2362314.024
PF05/0006/H575,AN,43.487599,13.042801,50.0,4816838.194,2361742.852
PF07/0006/H575,AN,43.483665,13.044484,50.0,4816398.09,2361868.701
PF08/0006/H575,AN,43.485896,13.046737,50.0,4816641.577,2362056.718
PF03/0007/H575,AN,43.481276,13.055752,50.0,4816111.418,2362773.72
PF04/0007/H575,AN,43.477407,13.058853,50.0,4815675.856,2363014.486
PF07/0007/H575,AN,43.48374,13.06282,12.0,4816371.68,2363351.75
PF08/0007/H575,AN,43.478791,13.055778,12.0,4815835.37,2362769.37
PF09/0007/H575,AN,43.481533,13.066036,50.0,4816120.551,2363606.114
PF11/0007/H575,AN,43.480382,13.068412,50.0,4815988.325,2363795.321
PF02/0008/H575,AN,43.475934,13.083428,50.0,4815466.23,2364998.319
PF04/0008/H575,AN,43.480011,13.080346,50.0,4815924.714,2364759.477
PF05/0008/H575,AN,43.482434,13.078581,50.0,4816197.109,2364622.961
PF06/0008/H575,AN,43.479017,13.077203,12.0,4815820.26,2364502.74
PF08/0008/H575,AN,43.481831,13.075019,50.0,4816136.856,2364333.348
PF09/0008/H575,AN,43.481511,13.072032,50.0,4816106.873,2364090.956
PF10/0008/H575,AN,43.477862,13.071367,12.0,4815702.82,2364027.81
PF11/0008/H575,AN,43.483931,13.07535,50.0,4816369.434,2364365.501
PF12/0008/H575,AN,43.476018,13.073642,50.0,4815493.801,2364207.028
PF13/0008/H575,AN,43.474726,13.070753,50.0,4815355.726,2363970.038
PF01/0009/H575,AN,43.471187,13.066261,50.0,4814971.135,2363597.627
PF04/0009/H575,AN,43.472564,13.07226,50.0,4815112.717,2364086.41
PF07/0009/H575,AN,43.474615,13.068079,50.0,4815348.373,2363753.497
PF09/0009/H575,AN,43.475409,13.064833,50.0,4815442.704,2363493.021
PF10/0009/H575,AN,43.468799,13.063914,50.0,4814710.235,2363401.618
PF11/0009/H575,AN,43.474662,13.058284,12.0,4815372.04,2362961.39
PF12/0009/H575,AN,43.470599,13.069872,50.0,4814899.044,2363888.13
PF14/0009/H575,AN,43.472555,13.060617,50.0,4815133.67,2363144.585
PF15/0009/H575,AN,43.469775,13.062132,10.0,4814822.0,2363260.0
PF01/0001/H979,AN,43.58628,13.242243,50.0,4827438.078,2378102.416
PF02/0001/H979,AN,43.581046,13.239333,50.0,4826861.754,2377855.131
PF04/0001/H979,AN,43.581282,13.231622,21.0,4826901.193,2377233.138
PF05/0001/H979,AN,43.582094,13.241228,10.0,4826974.9,2378010.6
PF06/0001/H979,AN,43.58489,13.226706,10.0,4827310.37,2376844.74
PF03/0002/H979,AN,43.582273,13.259101,50.0,4826964.338,2379454.066
PF04/0002/H979,AN,43.583762,13.245373,9.0,4827153.08,2378349.19
PF05/0002/H979,AN,43.582791,13.25343,21.0,4827031.554,2378997.37
PF13/0003/H979,AN,43.580387,13.21274,12.0,4826834.4,2375706.44
PF16/0003/H979,AN,43.576064,13.202952,50.0,4826371.299,2374905.77
PF17/0003/H979,AN,43.581028,13.199307,21.0,4826929.013,2374623.395
PF18/0003/H979,AN,43.583645,13.202288,21.0,4827214.463,2374870.371
PF19/0003/H979,AN,43.580222,13.20242,20.0,4826834.052,2374872.803
PF20/0003/H979,AN,43.579606,13.197328,21.0,4826774.54,2374460.183
PF21/0003/H979,AN,43.577975,13.205062,21.0,4826579.874,2375080.732
PF22/0003/H979,AN,43.577035,13.208681,20.0,4826469.166,2375370.698
PF13/0004/H979,AN,43.578367,13.22252,10.0,4826593.065,2376491.259
PF14/0004/H979,AN,43.582221,13.213913,20.0,4827036.065,2375805.544
PF15/0004/H979,AN,43.584547,13.223325,20.0,4827278.115,2376570.987
PF16/0004/H979,AN,43.58304,13.226197,10.0,4827105.757,2376799.304
PF02/0005/H979,AN,43.578116,13.23828,50.0,4826538.069,2377763.231
PF06/0005/H979,AN,43.580875,13.227957,21.0,4826862.292,2376936.259
PF07/0005/H979,AN,43.580627,13.235392,20.0,4826821.973,2377535.985
PF08/0005/H979,AN,43.576037,13.225427,21.0,4826329.312,2376720.509
PF09/0005/H979,AN,43.575904,13.240294,21.0,4826289.013,2377920.67
PF10/0005/H979,AN,43.571824,13.237523,10.0,4825840.565,2377687.3
PF02/0006/H979,AN,43.579501,13.249158,12.0,4826673.38,2378644.75
PF03/0006/H979,AN,43.579868,13.25389,50.0,4826706.154,2379027.708
PF06/0006/H979,AN,43.583421,13.249781,21.0,4827107.725,2378704.229
PF07/0006/H979,AN,43.578882,13.244297,10.0,4826612.936,2378250.877
PF08/0006/H979,AN,43.574297,13.242292,21.0,4826107.117,2378078.148
PF04/0007/H979,AN,43.58004,13.25651,12.0,4826720.8,2379239.63
PF06/0007/H979,AN,43.58256,13.264612,21.0,4826986.983,2379899.653
PF07/0007/H979,AN,43.584787,13.269771,21.0,4827225.643,2380321.335
PF08/0007/H979,AN,43.581906,13.261557,21.0,4826919.501,2379651.476
PF08/0008/H979,AN,43.577967,13.197094,50.0,4826592.877,2374437.335
PF11/0008/H979,AN,43.579646,13.192593,21.0,4826787.287,2374077.965
PF12/0008/H979,AN,43.572105,13.197667,21.0,4825940.837,2374469.485
PF13/0008/H979,AN,43.570871,13.19422,20.0,4825809.823,2374188.154
PF14/0008/H979,AN,43.580984,13.197298,10.0,4826927.591,2374461.073
PF05/0009/H979,AN,43.575452,13.207444,50.0,4826295.507,2375267.019
PF06/0009/H979,AN,43.576838,13.205025,21.0,4826453.656,2375075.017
PF07/0009/H979,AN,43.575589,13.203255,21.0,4826318.023,2374929.096
PF17/0010/H979,AN,43.571416,13.221139,50.0,4825823.512,2376363.248
PF19/0010/H979,AN,43.574491,13.208451,10.0,4826187.0,2375346.0
PF20/0010/H979,AN,43.576438,13.207382,21.0,4826405.122,2375264.378
PF21/0010/H979,AN,43.577313,13.212816,20.0,4826492.854,2375705.248
PF22/0010/H979,AN,43.575624,13.21121,20.0,4826308.053,2375571.532
PF23/0010/H979,AN,43.574619,13.216114,21.0,4826187.919,2375965.125
PF24/0010/H979,AN,43.577274,13.218724,20.0,4826478.28,2376182.202
PF25/0010/H979,AN,43.576414,13.224778,21.0,4826372.303,2376668.998
PF26/0010/H979,AN,43.574737,13.223555,20.0,4826188.155,2376566.262
PF13/0011/H979,AN,43.57293,13.229419,21.0,4825977.353,2377035.5
PF14/0011/H979,AN,43.57026,13.228343,21.0,4825682.657,2376942.289
PF15/0011/H979,AN,43.569871,13.23156,10.0,4825633.871,2377201.149
PF16/0011/H979,AN,43.56751,13.231393,10.0,4825371.945,2377182.046
PF01/0012/H979,AN,43.562747,13.179122,12.0,4824934.21,2372949.17
PF05/0012/H979,AN,43.566651,13.183252,10.0,4825360.415,2373292.228
PF06/0012/H979,AN,43.565283,13.182629,10.0,4825209.611,2373238.565
PF07/0012/H979,AN,43.568735,13.185071,21.0,4825588.677,2373444.154
PF27/0013/H979,AN,43.566399,13.203802,21.0,4825296.368,2374951.204
PF28/0013/H979,AN,43.573311,13.20109,20.0,4826068.795,2374748.8
PF29/0013/H979,AN,43.5717,13.209651,21.0,4825874.939,2375436.256
PF30/0013/H979,AN,43.568883,13.212587,21.0,4825556.962,2375666.619
PF31/0013/H979,AN,43.568216,13.209673,21.0,4825487.946,2375429.697
PF32/0013/H979,AN,43.569382,13.203985,20.0,4825627.359,2374973.143
PF04/0014/H979,AN,43.566405,13.219053,50.0,4825270.539,2376182.883
PF06/0014/H979,AN,43.563194,13.217213,20.0,4824917.082,2376026.648
PF07/0014/H979,AN,43.558744,13.224049,21.0,4824411.018,2376568.196
PF08/0014/H979,AN,43.561299,13.228125,21.0,4824687.767,2376903.467
PF01/0015/H979,AN,43.559607,13.183865,50.0,4824577.004,2373324.629
PF04/0015/H979,AN,43.562948,13.190833,50.0,4824935.795,2373895.498
PF06/0015/H979,AN,43.568622,13.192439,21.0,4825563.161,2374038.898
PF01/0016/H979,AN,43.558775,13.190299,50.0,4824473.269,2373842.247
PF03/0016/H979,AN,43.567466,13.198757,50.0,4825423.75,2374546.362
PF04/0016/H979,AN,43.564291,13.195978,21.0,4825075.924,2374314.256
PF04/0017/H979,AN,43.559636,13.200778,50.0,4824550.566,2374690.692
PF05/0017/H979,AN,43.553637,13.198397,12.0,4823888.451,2374484.012
PF07/0017/H979,AN,43.555779,13.201104,10.0,4824121.61,2374707.771
PF08/0017/H979,AN,43.553793,13.195922,20.0,4823910.16,2374284.429
PF07/0018/H979,AN,43.563068,13.21596,21.0,4824905.259,2375925.15
PF08/0018/H979,AN,43.56442,13.210161,20.0,4825065.489,2375460.027
PF09/0018/H979,AN,43.560355,13.205717,20.0,4824621.743,2375091.369
PF10/0018/H979,AN,43.561159,13.217452,10.0,4824690.675,2376041.095
PF12/0018/H979,AN,43.557165,13.213866,10.0,4824253.322,2375741.916
PF13/0018/H979,AN,43.561939,13.206808,10.0,4824795.853,2375183.311
PF03/0019/H979,AN,43.556784,13.174419,12.0,4824280.19,2372554.82
PF04/0019/H979,AN,43.5509,13.180856,20.0,4823615.364,2373060.414
PF01/0020/H979,AN,43.552068,13.204261,50.0,4823703.88,2374953.907
PF02/0020/H979,AN,43.556567,13.206148,50.0,4824200.292,2375117.097
PF04/0020/H979,AN,43.547316,13.207795,50.0,4823169.962,2375228.01
PF05/0020/H979,AN,43.555366,13.203782,21.0,4824071.009,2374923.109
PF02/0021/H979,AN,43.549395,13.213467,50.0,4823391.077,2375691.142
PF05/0021/H979,AN,43.558504,13.216443,21.0,4824397.515,2375953.282
PF06/0021/H979,AN,43.552258,13.210043,20.0,4823714.907,2375421.41
PF11/0022/H979,AN,43.547534,13.180846,12.0,4823241.48,2373051.42
PF12/0022/H979,AN,43.540723,13.172578,50.0,4822499.726,2372366.904
PF13/0022/H979,AN,43.548059,13.175082,50.0,4823310.025,2372587.054
PF15/0022/H979,AN,43.541123,13.176246,21.0,4822537.631,2372664.195
PF16/0022/H979,AN,43.537704,13.182356,10.0,4822147.071,2373149.565
PF17/0022/H979,AN,43.538201,13.178169,20.0,4822209.691,2372812.451
PF18/0022/H979,AN,43.537037,13.173505,10.0,4822088.645,2372432.812
PF02/0023/H979,AN,43.544719,13.180976,50.0,4822928.668,2373055.127
PF06/0023/H979,AN,43.552417,13.187128,10.0,4823772.755,2373570.739
PF08/0023/H979,AN,43.550411,13.184684,20.0,4823554.294,2373368.457
PF03/0024/H979,AN,43.546251,13.192799,50.0,4823077.971,2374013.918
PF05/0024/H979,AN,43.538065,13.188789,10.0,4822175.865,2373670.181
PF06/0024/H979,AN,43.538437,13.192715,10.0,4822210.201,2373988.318
PF08/0024/H979,AN,43.542409,13.192717,21.0,4822651.408,2373998.054
PF01/0025/H979,AN,43.545468,13.200631,50.0,4822977.239,2374644.814
PF03/0025/H979,AN,43.540973,13.20646,50.0,4822467.884,2375104.919
PF04/0025/H979,AN,43.541236,13.199145,21.0,4822509.861,2374514.564
PF01/0026/H979,AN,43.53422,13.163797,50.0,4821793.076,2371641.469
PF03/0026/H979,AN,43.537396,13.160709,50.0,4822151.278,2371399.745
PF05/0026/H979,AN,43.538052,13.16364,21.0,4822218.962,2371638.175
PF03/0027/H979,AN,43.529586,13.167519,50.0,4821271.752,2371930.903
PF06/0027/H979,AN,43.528683,13.172413,10.0,4821162.79,2372324.119
PF07/0027/H979,AN,43.536055,13.166148,10.0,4821992.717,2371835.952
PF08/0027/H979,AN,43.532533,13.173716,21.0,4821588.062,2372438.833
PF02/0001/I071,AN,43.472849,13.176213,50.0,4814954.899,2372495.308
PF03/0001/I071,AN,43.475786,13.177407,12.0,4815279.04,2372598.99
PF04/0001/I071,AN,43.464903,13.176077,50.0,4814072.623,2372464.947
PF05/0001/I071,AN,43.467908,13.17151,50.0,4814414.514,2372102.858
PF01/0002/I071,AN,43.473762,13.186175,50.0,4815038.756,2373303.297
PF03/0002/I071,AN,43.470886,13.195645,12.0,4814702.67,2374062.35
PF04/0002/I071,AN,43.477933,13.197049,12.0,4815482.87,2374192.79
PF05/0002/I071,AN,43.473774,13.202045,50.0,4815012.166,2374586.901
PF06/0002/I071,AN,43.47313,13.191181,12.0,4814959.78,2373706.67
PF07/0002/I071,AN,43.472844,13.198286,12.0,4814915.5,2374280.62
PF01/0003/I071,AN,43.453871,13.155293,50.0,4812884.458,2370756.511
PF03/0003/I071,AN,43.45749,13.152063,12.0,4813292.22,2370504.1
PF04/0003/I071,AN,43.461117,13.156197,50.0,4813687.656,2370847.414
PF05/0003/I071,AN,43.459954,13.151954,50.0,4813566.007,2370501.346
PF06/0003/I071,AN,43.46173,13.16075,50.0,4813747.588,2371217.325
PF08/0003/I071,AN,43.45825,13.158896,50.0,4813364.325,2371058.778
PF09/0003/I071,AN,43.457876,13.161867,50.0,4813317.501,2371298.236
PF01/0004/I071,AN,43.455322,13.16262,50.0,4813032.571,2371352.9
PF02/0004/I071,AN,43.4558,13.16815,50.0,4813075.725,2371801.471
PF03/0004/I071,AN,43.453095,13.165647,50.0,4812779.778,2371592.317
PF06/0004/I071,AN,43.458559,13.171826,50.0,4813375.611,2372105.631
PF08/0004/I071,AN,43.46147,13.172961,12.0,4813696.97,2372204.56
PF09/0004/I071,AN,43.461731,13.168716,12.0,4813733.5,2371861.77
PF10/0004/I071,AN,43.462816,13.164593,50.0,4813861.338,2371530.813
PF14/0004/I071,AN,43.456128,13.174255,8.0,4813101.34,2372296.2
PF15/0004/I071,AN,43.459437,13.167955,50.0,4813479.98,2371794.57
PF16/0004/I071,AN,43.453867,13.169969,50.0,4812857.797,2371943.933
PF01/0005/I071,AN,43.452092,13.183089,50.0,4812637.42,2373001.179
PF04/0005/I071,AN,43.457029,13.184676,12.0,4813182.91,2373141.51
PF05/0005/I071,AN,43.457574,13.180196,50.0,4813251.418,2372780.367
PF06/0005/I071,AN,43.460302,13.185068,50.0,4813545.833,2373181.129
PF07/0005/I071,AN,43.460399,13.180553,50.0,4813564.497,2372816.079
PF08/0005/I071,AN,43.458862,13.174701,50.0,4813404.18,2372338.946
PF02/0006/I071,AN,43.468925,13.175839,8.0,4814519.79,2372455.48
PF03/0006/I071,AN,43.465019,13.18973,50.0,4814061.504,2373569.66
PF04/0006/I071,AN,43.468091,13.194046,12.0,4814395.02,2373926.25
PF05/0006/I071,AN,43.466063,13.186885,50.0,4814182.452,2373342.053
PF06/0006/I071,AN,43.46245,13.177982,50.0,4813796.909,2372613.069
PF03/0007/I071,AN,43.470206,13.200906,12.0,4814617.89,2374486.2
PF05/0007/I071,AN,43.466378,13.197155,12.0,4814199.32,2374173.62
PF06/0007/I071,AN,43.467031,13.201484,50.0,4814264.321,2374525.39
PF08/0007/I071,AN,43.471193,13.209871,10.0,4814711.95,2375213.75
PF01/0008/I071,AN,43.462832,13.204267,50.0,4813793.083,2374740.394
PF03/0008/I071,AN,43.467411,13.213708,50.0,4814285.217,2375515.056
PF03/0009/I071,AN,43.450952,13.163308,50.0,4812546.005,2371397.791
PF05/0009/I071,AN,43.447913,13.169773,12.0,4812196.96,2371913.54
PF09/0009/I071,AN,43.449397,13.175267,50.0,4812352.011,2372361.678
PF11/0009/I071,AN,43.451959,13.178208,50.0,4812631.255,2372605.876
PF12/0009/I071,AN,43.45546,13.178316,50.0,4813019.948,2372623.137
PF14/0009/I071,AN,43.45545,13.173846,50.0,4813026.76,2372261.43
PF16/0009/I071,AN,43.4505,13.169666,50.0,4812484.398,2371911.163
PF17/0009/I071,AN,43.450489,13.166197,50.0,4812489.413,2371630.438
PF01/0010/I071,AN,43.463339,13.194569,50.0,4813866.37,2373957.108
PF03/0010/I071,AN,43.463468,13.191631,50.0,4813885.85,2373719.752
PF01/0001/I251,AN,43.500615,13.306654,50.0,4817815.812,2383108.622
PF02/0001/I251,AN,43.507307,13.309594,50.0,4818554.216,2383361.425
PF03/0001/I251,AN,43.505603,13.315705,50.0,4818354.944,2383851.645
PF04/0001/I251,AN,43.50466,13.310117,50.0,4818259.395,2383397.749
PF02/0002/I251,AN,43.510462,13.3186,12.0,4818889.88,2384096.55
PF04/0002/I251,AN,43.506963,13.320236,12.0,4818498.61,2384220.97
PF06/0002/I251,AN,43.50135,13.314112,50.0,4817885.16,2383713.232
PF02/0003/I251,AN,43.500621,13.329639,50.0,4817778.856,2384966.968
PF03/0003/I251,AN,43.498596,13.32804,50.0,4817556.566,2384833.116
PF04/0003/I251,AN,43.502339,13.326218,50.0,4817975.268,2384694.166
PF03/0004/I251,AN,43.499173,13.34292,12.0,4817596.57,2386037.44
PF04/0004/I251,AN,43.501401,13.340541,12.0,4817847.88,2385850.07
PF05/0004/I251,AN,43.501792,13.347884,12.0,4817879.52,2386444.55
PF08/0004/I251,AN,43.500147,13.337924,12.0,4817712.88,2385635.72
PF03/0005/I251,AN,43.497577,13.307963,50.0,4817476.187,2383207.586
PF04/0005/I251,AN,43.499345,13.30548,50.0,4817676.679,2383010.894
PF05/0005/I251,AN,43.492678,13.302775,50.0,4816940.669,2382777.024
PF06/0005/I251,AN,43.494108,13.297975,12.0,4817107.39,2382392.22
PF04/0006/I251,AN,43.494425,13.3217,50.0,4817103.714,2384311.244
PF05/0006/I251,AN,43.498651,13.323644,50.0,4817569.857,2384477.82
PF06/0006/I251,AN,43.49483,13.32561,50.0,4817142.275,2384628.276
PF03/0007/I251,AN,43.487085,13.343995,12.0,4816252.34,2386097.66
PF07/0007/I251,AN,43.491819,13.336204,50.0,4816790.649,2385478.122
PF08/0007/I251,AN,43.494157,13.345755,50.0,4817034.907,2386255.576
PF10/0007/I251,AN,43.496067,13.339135,50.0,4817257.742,2385724.56
PF11/0007/I251,AN,43.489534,13.335421,50.0,4816538.161,2385409.734
PF01/0008/I251,AN,43.484448,13.306183,50.0,4816021.044,2383034.0
PF02/0008/I251,AN,43.481657,13.307485,50.0,4815708.859,2383133.039
PF05/0008/I251,AN,43.489494,13.310511,50.0,4816574.275,2383395.421
PF09/0008/I251,AN,43.487912,13.303403,50.0,4816410.334,2382817.056
PF13/0008/I251,AN,43.492835,13.306657,50.0,4816951.69,2383091.303
PF15/0008/I251,AN,43.490768,13.302989,50.0,4816728.2,2382790.08
PF01/0009/I251,AN,43.483915,13.314044,50.0,4815948.918,2383668.498
PF03/0009/I251,AN,43.489568,13.323466,50.0,4816561.33,2384443.088
PF06/0009/I251,AN,43.491091,13.321522,50.0,4816733.724,2384289.331
PF07/0009/I251,AN,43.495559,13.313627,50.0,4817242.774,2383661.032
PF08/0009/I251,AN,43.494615,13.316076,50.0,4817134.002,2383856.897
PF09/0009/I251,AN,43.483146,13.318837,50.0,4815855.648,2384054.411
PF10/0009/I251,AN,43.490272,13.314498,50.0,4816654.178,2383719.509
PF11/0009/I251,AN,43.485759,13.319922,50.0,4816144.072,2384147.986
PF12/0009/I251,AN,43.487849,13.32033,50.0,4816375.52,2384185.655
PF15/0009/I251,AN,43.493136,13.318828,50.0,4816965.192,2384076.086
PF16/0009/I251,AN,43.484134,13.322107,50.0,4815960.048,2384321.044
PF01/0010/I251,AN,43.481891,13.324871,50.0,4815706.433,2384539.573
PF06/0010/I251,AN,43.490082,13.32818,50.0,4816610.818,2384825.445
PF09/0010/I251,AN,43.491159,13.324305,50.0,4816736.724,2384514.496
PF10/0010/I251,AN,43.495427,13.328632,50.0,4817203.666,2384873.948
PF11/0010/I251,AN,43.488297,13.32633,50.0,4816415.576,2384671.887
PF13/0010/I251,AN,43.484634,13.327153,50.0,4816007.342,2384730.261
PF14/0010/I251,AN,43.486061,13.334426,50.0,4816154.045,2385321.554
PF03/0011/I251,AN,43.482903,13.342415,50.0,4815790.459,2385960.606
PF04/0011/I251,AN,43.482822,13.347199,50.0,4815773.79,2386347.336
PF05/0011/I251,AN,43.48658,13.347755,12.0,4816190.19,2386400.59
PF06/0011/I251,AN,43.489062,13.346318,12.0,4816468.21,2386289.88
PF01/0012/I251,AN,43.486659,13.354146,50.0,4816188.808,2386917.553
PF02/0012/I251,AN,43.485156,13.358782,50.0,4816014.378,2387289.176
PF03/0012/I251,AN,43.490495,13.353447,12.0,4816615.91,2386869.5
PF01/0013/I251,AN,43.484756,13.304052,50.0,4816058.752,2382862.361
PF03/0013/I251,AN,43.491725,13.298684,12.0,4816841.57,2382444.1
PF04/0013/I251,AN,43.489231,13.302095,50.0,4816559.023,2382714.262
PF01/0014/I251,AN,43.479774,13.324394,50.0,4815472.088,2384496.28
PF03/0014/I251,AN,43.478536,13.327433,50.0,4815329.675,2384739.291
PF04/0014/I251,AN,43.484311,13.335232,50.0,4815958.418,2385382.875
PF05/0014/I251,AN,43.476787,13.329548,12.0,4815131.95,2384906.41
PF06/0014/I251,AN,43.482007,13.337577,50.0,4815698.682,2385567.382
PF01/0015/I251,AN,43.472386,13.309798,50.0,4814675.461,2383299.128
PF02/0015/I251,AN,43.475556,13.305621,50.0,4815034.36,2382968.474
PF03/0015/I251,AN,43.47394,13.312415,50.0,4814843.779,2383514.356
PF04/0015/I251,AN,43.478855,13.30801,50.0,4815396.869,2383169.143
PF01/0016/I251,AN,43.478624,13.317824,50.0,4815355.059,2383962.318
PF03/0016/I251,AN,43.467398,13.323075,8.0,4814099.78,2384361.9
PF04/0016/I251,AN,43.47563,13.31841,50.0,4815021.576,2384003.02
PF05/0016/I251,AN,43.480578,13.319673,50.0,4815569.103,2384116.278
PF06/0016/I251,AN,43.475062,13.326472,50.0,4814945.354,2384653.819
PF07/0016/I251,AN,43.469486,13.322143,50.0,4814333.12,2384291.196
PF01/0017/I251,AN,43.466081,13.307933,12.0,4813978.21,2383134.05
PF02/0017/I251,AN,43.471632,13.316992,50.0,4814579.963,2383879.379
PF04/0017/I251,AN,43.471685,13.305576,50.0,4814604.573,2382956.081
PF05/0017/I251,AN,43.468337,13.315892,12.0,4814215.73,2383782.96
PF06/0017/I251,AN,43.468814,13.305556,12.0,4814285.7,2382947.93
PF07/0017/I251,AN,43.468741,13.319343,12.0,4814255.02,2384063.01
PF08/0017/I251,AN,43.468867,13.311555,50.0,4814281.747,2383433.309
PF01/0018/I251,AN,43.472293,13.333101,12.0,4814627.12,2385183.84
PF02/0018/I251,AN,43.472387,13.341881,8.0,4814623.42,2385894.17
PF03/0018/I251,AN,43.47407,13.336613,12.0,4814818.84,2385471.78
PF04/0018/I251,AN,43.471056,13.330554,50.0,4814493.829,2384975.043
PF05/0018/I251,AN,43.476701,13.338448,50.0,4815107.99,2385626.089
PF01/0001/I461,AN,43.523942,12.85218,50.0,4821254.806,2346432.519
PF02/0001/I461,AN,43.528095,12.852913,8.0,4821714.55,2346503.6
PF03/0001/I461,AN,43.521389,12.853231,50.0,4820969.161,2346510.109
PF01/0002/I461,AN,43.521643,12.859135,12.0,4820985.0,2346987.97
PF03/0002/I461,AN,43.523484,12.862427,20.0,4821182.657,2347259.298
PF04/0002/I461,AN,43.522549,12.85878,8.0,4821086.4,2346961.86
PF05/0002/I461,AN,43.526785,12.864137,50.0,4821545.774,2347406.941
PF06/0002/I461,AN,43.530884,12.867779,12.0,4821993.41,2347712.9
PF01/0003/I461,AN,43.523383,12.86981,12.0,4821156.12,2347855.72
PF04/0003/I461,AN,43.527963,12.877471,12.0,4821648.96,2348487.83
PF05/0003/I461,AN,43.530223,12.874382,12.0,4821906.31,2348244.65
PF06/0003/I461,AN,43.53058,12.87057,12.0,4821953.92,2347937.61
PF07/0003/I461,AN,43.533246,12.875441,12.0,4822239.88,2348338.79
PF09/0003/I461,AN,43.532093,12.872446,12.0,4822118.03,2348093.47
PF02/0004/I461,AN,43.51652,12.852018,12.0,4820430.88,2346398.08
PF03/0004/I461,AN,43.518795,12.852348,50.0,4820682.892,2346431.264
PF04/0004/I461,AN,43.515565,12.844953,50.0,4820339.535,2345824.306
PF05/0004/I461,AN,43.519707,12.844942,50.0,4820799.665,2345835.353
PF01/0005/I461,AN,43.507097,12.841693,50.0,4819405.881,2345536.394
PF02/0005/I461,AN,43.512135,12.843206,50.0,4819962.271,2345673.255
PF03/0005/I461,AN,43.511633,12.837621,50.0,4819918.218,2345220.342
PF05/0005/I461,AN,43.506358,12.846855,50.0,4819313.078,2345951.557
PF06/0005/I461,AN,43.507941,12.842533,50.0,4819497.884,2345606.734
PF01/0006/I461,AN,43.50779,12.848329,50.0,4819468.94,2346074.819
PF03/0006/I461,AN,43.516143,12.859457,50.0,4820373.522,2346998.276
PF04/0006/I461,AN,43.513693,12.855785,50.0,4820109.091,2346694.506
PF05/0006/I461,AN,43.508918,12.853374,50.0,4819583.717,2346485.943
PF01/0007/I461,AN,43.506391,12.857497,50.0,4819294.484,2346812.001
PF02/0007/I461,AN,43.507035,12.854704,12.0,4819371.85,2346588.04
PF07/0007/I461,AN,43.513845,12.867911,50.0,4820100.724,2347675.057
PF08/0007/I461,AN,43.515728,12.867406,50.0,4820310.886,2347639.623
PF09/0007/I461,AN,43.507178,12.866731,7.0,4819362.67,2347560.65
PF01/0008/I461,AN,43.509686,12.871551,50.0,4819631.303,2347957.44
PF03/0008/I461,AN,43.509515,12.876896,12.0,4819601.2,2348389.01
PF04/0008/I461,AN,43.505417,12.877576,12.0,4819144.7,2348432.38
PF05/0008/I461,AN,43.512242,12.86887,50.0,4819920.712,2347748.042
PF06/0008/I461,AN,43.519404,12.870275,12.0,4820713.26,2347881.92
PF07/0008/I461,AN,43.507912,12.872552,50.0,4819432.124,2348033.362
PF01/0009/I461,AN,43.513639,12.884721,12.0,4820043.09,2349033.22
PF03/0009/I461,AN,43.51469,12.887611,12.0,4820153.93,2349269.8
PF01/0010/I461,AN,43.496437,12.812015,12.0,4818284.65,2343106.07
PF02/0010/I461,AN,43.495558,12.814762,8.0,4818181.24,2343325.63
PF01/0011/I461,AN,43.503918,12.842492,50.0,4819051.162,2345591.854
PF02/0011/I461,AN,43.506039,12.843151,8.0,4819285.3,2345651.25
PF02/0012/I461,AN,43.507061,12.85175,8.0,4819380.9,2346349.32
PF03/0012/I461,AN,43.503687,12.843327,12.0,4819023.8,2345658.67
PF05/0012/I461,AN,43.50244,12.844954,50.0,4818881.84,2345786.647
PF06/0012/I461,AN,43.500493,12.843914,50.0,4818667.766,2345696.965
PF07/0012/I461,AN,43.499124,12.850754,50.0,4818501.467,2346246.043
PF03/0013/I461,AN,43.502804,12.869074,50.0,4818872.011,2347737.677
PF05/0013/I461,AN,43.504436,12.862112,50.0,4819067.784,2347179.499
PF07/0013/I461,AN,43.506544,12.86966,50.0,4819286.264,2347795.641
PF08/0013/I461,AN,43.499738,12.864319,12.0,4818541.37,2347344.48
PF09/0013/I461,AN,43.502424,12.861403,50.0,4818845.771,2347116.421
PF10/0013/I461,AN,43.504322,12.8591,50.0,4819061.308,2346935.632
PF01/0014/I461,AN,43.498349,12.866782,12.0,4818382.01,2347539.65
PF02/0014/I461,AN,43.500263,12.873654,12.0,4818580.32,2348100.74
PF03/0014/I461,AN,43.50248,12.876886,50.0,4818819.929,2348368.326
PF04/0014/I461,AN,43.504408,12.880944,12.0,4819025.69,2348701.78
PF02/0015/I461,AN,43.503799,12.885979,8.0,4818947.69,2349107.15
PF03/0015/I461,AN,43.509269,12.881337,50.0,4819564.73,2348747.32
PF04/0015/I461,AN,43.509166,12.888823,50.0,4819537.927,2349352.191
PF05/0015/I461,AN,43.505959,12.891217,50.0,4819176.803,2349536.679
PF01/0016/I461,AN,43.497855,12.880462,50.0,4818298.901,2348644.307
PF03/0016/I461,AN,43.497031,12.876425,12.0,4818215.72,2348315.57
PF04/0016/I461,AN,43.49921,12.885294,50.0,4818439.369,2349038.843
PF03/0017/I461,AN,43.494604,12.809903,12.0,4818085.56,2342930.0
PF06/0017/I461,AN,43.494162,12.808066,7.0,4818040.4,2342780.12
PF07/0017/I461,AN,43.491622,12.806784,12.0,4817760.97,2342669.07
PF08/0017/I461,AN,43.504858,12.813426,20.0,4819216.901,2343244.765
PF09/0017/I461,AN,43.501986,12.804887,20.0,4818916.124,2342546.053
PF10/0017/I461,AN,43.498674,12.808371,12.0,4818540.81,2342818.05
PF01/0018/I461,AN,43.491398,12.807567,50.0,4817734.524,2342731.759
PF01/0019/I461,AN,43.495913,12.833153,12.0,4818181.69,2344813.7
PF01/0020/I461,AN,43.491638,12.840184,12.0,4817692.12,2345369.81
PF02/0020/I461,AN,43.491447,12.844148,12.0,4817662.67,2345689.84
PF04/0020/I461,AN,43.493927,12.844777,12.0,4817936.75,2345747.82
PF05/0020/I461,AN,43.497294,12.842842,12.0,4818314.72,2345601.07
PF06/0020/I461,AN,43.494735,12.842992,7.0,4818030.19,2345605.83
PF04/0021/I461,AN,43.493264,12.851486,50.0,4817849.09,2346288.37
PF05/0021/I461,AN,43.497925,12.849012,12.0,4818371.94,2346101.76
PF06/0021/I461,AN,43.494064,12.855881,8.0,4817928.75,2346646.01
PF07/0021/I461,AN,43.490901,12.852544,12.0,4817584.45,2346367.16
PF08/0021/I461,AN,43.490858,12.849478,12.0,4817586.05,2346119.11
PF01/0022/I461,AN,43.486387,12.860829,12.0,4817065.77,2347024.18
PF02/0022/I461,AN,43.487362,12.864559,8.0,4817166.31,2347328.65
PF03/0022/I461,AN,43.488732,12.866079,50.0,4817315.368,2347455.445
PF04/0022/I461,AN,43.491389,12.858112,12.0,4817626.96,2346818.82
PF05/0022/I461,AN,43.495324,12.859057,12.0,4818062.09,2346906.44
PF01/0023/I461,AN,43.493241,12.870382,12.0,4817807.25,2347816.17
PF03/0023/I461,AN,43.494846,12.874892,50.0,4817976.193,2348185.41
PF04/0023/I461,AN,43.495665,12.869349,12.0,4818078.55,2347739.55
PF05/0023/I461,AN,43.49578,12.879518,12.0,4818070.38,2348562.14
PF01/0024/I461,AN,43.483642,12.802231,12.0,4816884.4,2342277.46
PF02/0024/I461,AN,43.486074,12.807344,12.0,4817143.6,2342698.07
PF03/0024/I461,AN,43.488675,12.808469,50.0,4817430.159,2342796.7
PF05/0024/I461,AN,43.48811,12.800635,50.0,4817384.061,2342161.55
PF01/0025/I461,AN,43.486027,12.821849,12.0,4817107.57,2343870.95
PF02/0025/I461,AN,43.484969,12.819272,12.0,4816995.54,2343659.45
PF02/0026/I461,AN,43.485209,12.846792,8.0,4816964.25,2345885.7
PF03/0026/I461,AN,43.481629,12.840871,50.0,4816579.013,2345396.519
PF05/0026/I461,AN,43.48648,12.842892,50.0,4817113.58,2345573.948
PF06/0026/I461,AN,43.483867,12.841619,50.0,4816826.037,2345463.501
PF07/0026/I461,AN,43.480288,12.844303,50.0,4816422.916,2345670.279
PF08/0026/I461,AN,43.483481,12.836132,10.0,4816794.68,2345018.62
PF09/0026/I461,AN,43.484065,12.844444,10.0,4816842.144,2345692.55
PF01/0027/I461,AN,43.472623,12.851382,50.0,4815556.8,2346220.743
PF02/0027/I461,AN,43.48548,12.853976,12.0,4816979.39,2346467.45
PF03/0027/I461,AN,43.480858,12.851239,50.0,4816471.731,2346232.844
PF04/0027/I461,AN,43.474398,12.854617,12.0,4815747.15,2346487.54
PF05/0027/I461,AN,43.483897,12.847659,12.0,4816816.77,2345952.06
PF06/0027/I461,AN,43.478329,12.850121,50.0,4816193.194,2346135.115
PF01/0028/I461,AN,43.477092,12.858132,50.0,4816039.121,2346779.558
PF02/0028/I461,AN,43.479206,12.855912,8.0,4816278.54,2346606.0
PF03/0028/I461,AN,43.478389,12.861334,50.0,4816176.515,2347042.219
PF05/0028/I461,AN,43.474743,12.858348,50.0,4815777.745,2346790.31
PF06/0028/I461,AN,43.477241,12.852753,50.0,4816066.82,2346344.908
PF03/0029/I461,AN,43.485296,12.871027,50.0,4816923.533,2347845.775
PF04/0029/I461,AN,43.49084,12.868008,12.0,4817545.47,2347617.43
PF06/0029/I461,AN,43.481638,12.864475,10.0,4816530.85,2347305.5
PF03/0030/I461,AN,43.47768,12.878253,50.0,4816062.736,2348408.584
PF04/0030/I461,AN,43.477591,12.881908,50.0,4816045.342,2348703.903
PF05/0030/I461,AN,43.479224,12.873024,12.0,4816244.93,2347990.04
PF06/0030/I461,AN,43.480547,12.875775,12.0,4816386.28,2348216.25
PF02/0031/I461,AN,43.479837,12.800521,8.0,4816465.54,2342128.02
PF03/0031/I461,AN,43.48633,12.809413,12.0,4817167.68,2342866.19
PF02/0032/I461,AN,43.47672,12.811366,12.0,4816096.2,2342996.04
PF03/0032/I461,AN,43.48032,12.809085,12.0,4816500.91,2342822.11
PF04/0032/I461,AN,43.482664,12.810192,12.0,4816758.86,2342918.48
PF05/0032/I461,AN,43.476676,12.827141,12.0,4816057.84,2344271.81
PF07/0032/I461,AN,43.477669,12.830441,12.0,4816161.13,2344541.55
PF08/0032/I461,AN,43.476019,12.814281,12.0,4816012.12,2343229.78
PF09/0032/I461,AN,43.479932,12.828614,12.0,4816416.42,2344400.35
PF01/0033/I461,AN,43.47531,12.836106,50.0,4815887.253,2344992.894
PF02/0033/I461,AN,43.471119,12.838738,12.0,4815416.29,2345193.7
PF03/0033/I461,AN,43.47359,12.83398,50.0,4815700.68,2344815.979
PF06/0033/I461,AN,43.479663,12.831523,12.0,4816380.32,2344634.83
PF09/0033/I461,AN,43.475622,12.849102,50.0,4815894.704,2346044.994
PF11/0033/I461,AN,43.477239,12.83315,6.0,4816107.69,2344759.39
PF12/0033/I461,AN,43.4755,12.830154,50.0,4815920.857,2344512.057
PF14/0033/I461,AN,43.472877,12.832509,12.0,4815624.6,2344694.95
PF15/0033/I461,AN,43.476769,12.838554,50.0,4816044.126,2345195.165
PF02/0034/I461,AN,43.469543,12.861372,8.0,4815193.98,2347020.06
PF04/0034/I461,AN,43.474625,12.862401,50.0,4815756.224,2347117.743
PF05/0034/I461,AN,43.469842,12.860822,50.0,4815228.275,2346976.36
PF06/0034/I461,AN,43.47903,12.865112,50.0,4816239.775,2347349.571
PF08/0034/I461,AN,43.474452,12.866547,50.0,4815728.356,2347452.609
PF01/0035/I461,AN,43.470747,12.878435,50.0,4815292.297,2348403.628
PF02/0035/I461,AN,43.469031,12.877172,6.0,4815104.32,2348296.61
PF03/0035/I461,AN,43.473163,12.885363,12.0,4815546.34,2348970.89
PF04/0035/I461,AN,43.475144,12.881879,50.0,4815773.627,2348694.684
PF05/0035/I461,AN,43.471569,12.873296,50.0,4815394.272,2347990.35
PF06/0035/I461,AN,43.472554,12.880527,50.0,4815488.725,2348577.976
PF09/0035/I461,AN,43.474342,12.875258,50.0,4815698.138,2348156.912
PF10/0035/I461,AN,43.471888,12.870768,50.0,4815434.909,2347786.754
PF12/0035/I461,AN,43.474821,12.870784,50.0,4815760.605,2347796.349
PF01/0036/I461,AN,43.470848,12.785715,50.0,4815498.856,2340903.993
PF02/0036/I461,AN,43.471729,12.788483,50.0,4815590.811,2341130.489
PF03/0036/I461,AN,43.474129,12.790018,50.0,4815854.023,2341261.728
PF04/0036/I461,AN,43.473077,12.78508,12.0,4815747.8,2340859.24
PF01/0037/I461,AN,43.473021,12.791385,12.0,4815728.08,2341369.1
PF03/0037/I461,AN,43.47653,12.807148,12.0,4816084.04,2342654.3
PF04/0037/I461,AN,43.471022,12.812667,50.0,4815460.538,2343084.623
PF05/0037/I461,AN,43.473946,12.812263,50.0,4815786.19,2343060.517
PF06/0037/I461,AN,43.469329,12.803681,50.0,4815291.648,2342352.838
PF02/0038/I461,AN,43.468716,12.814966,50.0,4815199.621,2343263.841
PF04/0038/I461,AN,43.462577,12.818756,50.0,4814509.697,2343552.575
PF07/0038/I461,AN,43.467607,12.811154,50.0,4815084.469,2342952.273
PF08/0038/I461,AN,43.463276,12.816062,50.0,4814593.043,2343336.649
PF09/0038/I461,AN,43.461043,12.819159,50.0,4814338.489,2343580.71
PF01/0039/I461,AN,43.471841,12.8163,50.0,4815543.865,2343380.88
PF02/0039/I461,AN,43.475179,12.814651,50.0,4815918.095,2343257.2
PF01/0040/I461,AN,43.467689,12.827912,12.0,4815058.07,2344308.09
PF02/0040/I461,AN,43.463848,12.829649,50.0,4814627.843,2344437.451
PF06/0040/I461,AN,43.472062,12.830869,50.0,4815537.58,2344559.963
PF10/0040/I461,AN,43.470438,12.83434,12.0,4815349.87,2344836.0
PF11/0040/I461,AN,43.47321,12.828025,50.0,4815671.01,2344333.249
PF12/0040/I461,AN,43.470856,12.829015,12.0,4815407.55,2344406.53
PF13/0040/I461,AN,43.467606,12.832865,12.0,4815038.41,2344708.54
PF14/0040/I461,AN,43.466386,12.829176,50.0,4814910.675,2344406.565
PF15/0040/I461,AN,43.462046,12.823811,50.0,4814440.079,2343959.983
PF01/0041/I461,AN,43.463233,12.838227,50.0,4814541.518,2345129.659
PF02/0041/I461,AN,43.468685,12.839693,12.0,4815143.88,2345263.92
PF03/0041/I461,AN,43.463999,12.8411,50.0,4814620.512,2345364.261
PF01/0042/I461,AN,43.466309,12.854769,12.0,4814848.48,2346476.7
PF02/0042/I461,AN,43.471106,12.854318,12.0,4815382.23,2346453.89
PF01/0043/I461,AN,43.465634,12.875783,50.0,4814729.895,2348174.621
PF02/0043/I461,AN,43.463468,12.874075,50.0,4814492.889,2348030.324
PF03/0043/I461,AN,43.468886,12.872198,50.0,4815098.464,2347893.897
PF01/0044/I461,AN,43.468809,12.885864,12.0,4815061.83,2348999.09
PF02/0044/I461,AN,43.461552,12.889892,8.0,4814247.55,2349304.5
PF03/0044/I461,AN,43.474205,12.89004,12.0,4815652.49,2349352.13
PF04/0044/I461,AN,43.465396,12.884275,12.0,4814686.01,2348860.94
PF05/0044/I461,AN,43.469649,12.889328,12.0,4815147.98,2349281.71
PF01/0045/I461,AN,43.454953,12.894529,50.0,4813505.175,2349661.077
PF02/0045/I461,AN,43.458231,12.896832,12.0,4813864.53,2349856.66
PF01/0046/I461,AN,43.456148,12.899565,50.0,4813627.563,2350071.901
PF03/0046/I461,AN,43.463705,12.903161,8.0,4814459.52,2350384.02
PF04/0046/I461,AN,43.461567,12.901668,12.0,4814225.12,2350257.23
PF06/0046/I461,AN,43.464999,12.904501,50.0,4814600.513,2350495.977
PF07/0046/I461,AN,43.458471,12.901716,12.0,4813881.17,2350252.42
PF08/0046/I461,AN,43.463109,12.90535,8.0,4814388.93,2350559.45
PF09/0046/I461,AN,43.456863,12.90135,50.0,4813703.384,2350218.303
PF01/0047/I461,AN,43.46383,12.771858,12.0,4814749.35,2339762.25
PF01/0048/I461,AN,43.469067,12.792011,50.0,4815287.563,2341408.074
PF03/0048/I461,AN,43.465176,12.791142,12.0,4814857.25,2341326.27
PF04/0048/I461,AN,43.465188,12.787539,12.0,4814866.33,2341034.89
PF05/0049/I461,AN,43.461933,12.802538,50.0,4814472.643,2342238.627
PF07/0049/I461,AN,43.453381,12.802879,50.0,4813522.126,2342241.158
PF08/0049/I461,AN,43.46009,12.796055,50.0,4814281.911,2341708.741
PF10/0049/I461,AN,43.457371,12.797535,50.0,4813976.674,2341820.48
PF11/0049/I461,AN,43.458717,12.799783,50.0,4814121.352,2342006.36
PF12/0049/I461,AN,43.453144,12.800094,50.0,4813501.784,2342015.132
PF01/0050/I461,AN,43.457057,12.803694,50.0,4813928.711,2342317.913
PF01/0051/I461,AN,43.453742,12.818647,12.0,4813528.72,2343518.0
PF02/0051/I461,AN,43.456295,12.818194,50.0,4813813.147,2343488.798
PF03/0051/I461,AN,43.457472,12.823354,50.0,4813932.981,2343909.694
PF04/0051/I461,AN,43.460038,12.820044,50.0,4814224.946,2343649.362
PF01/0052/I461,AN,43.460194,12.824045,50.0,4814233.864,2343973.506
PF02/0052/I461,AN,43.459196,12.840553,8.0,4814088.2,2345306.15
PF03/0052/I461,AN,43.455441,12.839385,50.0,4813673.626,2345200.868
PF04/0052/I461,AN,43.456582,12.825681,12.0,4813829.28,2344095.37
PF06/0052/I461,AN,43.455453,12.835358,50.0,4813683.436,2344875.091
PF07/0052/I461,AN,43.458905,12.827233,50.0,4814083.987,2344227.727
PF01/0053/I461,AN,43.461197,12.846386,12.0,4814298.28,2345783.87
PF01/0054/I461,AN,43.459745,12.860427,50.0,4814107.684,2346915.654
PF02/0054/I461,AN,43.46185,12.8626,50.0,4814336.976,2347097.396
PF01/0055/I461,AN,43.458408,12.863969,50.0,4813951.825,2347198.345
PF02/0055/I461,AN,43.456765,12.865572,8.0,4813766.0,2347323.38
PF02/0056/I461,AN,43.45533,12.875978,50.0,4813585.136,2348161.242
PF03/0056/I461,AN,43.460124,12.869921,50.0,4814130.102,2347684.826
PF04/0056/I461,AN,43.455223,12.872319,10.0,4813580.8,2347864.9
PF02/0057/I461,AN,43.460025,12.891986,50.0,4814073.664,2349469.578
PF03/0057/I461,AN,43.458561,12.886412,50.0,4813922.451,2349014.551
PF01/0058/I461,AN,43.457573,12.773754,12.0,4814050.31,2339897.12
PF01/0059/I461,AN,43.460376,12.792457,12.0,4814321.38,2341418.55
PF01/0060/I461,AN,43.451055,12.782457,12.0,4813307.57,2340581.9
PF03/0061/I461,AN,43.445036,12.807513,50.0,4812585.451,2342591.71
PF05/0061/I461,AN,43.447104,12.809972,12.0,4812809.86,2342796.72
PF06/0061/I461,AN,43.451525,12.813316,50.0,4813293.728,2343080.214
PF08/0061/I461,AN,43.447118,12.806811,50.0,4812818.179,2342541.01
PF09/0061/I461,AN,43.452203,12.817213,50.0,4813360.844,2343397.507
PF10/0061/I461,AN,43.451304,12.805223,10.0,4813286.46,2342424.77
PF02/0062/I461,AN,43.449776,12.825307,12.0,4813074.16,2344045.37
PF03/0062/I461,AN,43.452473,12.828865,50.0,4813366.12,2344341.13
PF05/0062/I461,AN,43.455318,12.826512,50.0,4813687.076,2344158.966
PF06/0062/I461,AN,43.456993,12.824403,50.0,4813877.599,2343993.211
PF07/0062/I461,AN,43.448779,12.828196,7.0,4812957.27,2344276.3
PF08/0062/I461,AN,43.453309,12.818824,50.0,4813480.175,2343531.093
PF01/0063/I461,AN,43.449645,12.831041,50.0,4813047.438,2344508.968
PF03/0063/I461,AN,43.451481,12.83539,50.0,4813242.262,2344866.202
PF04/0063/I461,AN,43.452273,12.83182,50.0,4813337.694,2344579.601
PF03/0064/I461,AN,43.448164,12.84662,50.0,4812850.213,2345765.356
PF04/0064/I461,AN,43.447268,12.850025,12.0,4812743.64,2346038.3
PF07/0064/I461,AN,43.456093,12.845655,50.0,4813732.896,2345709.995
PF09/0064/I461,AN,43.45342,12.847235,50.0,4813432.724,2345830.169
PF10/0064/I461,AN,43.450974,12.849388,12.0,4813156.59,2345997.35
PF11/0064/I461,AN,43.450239,12.845091,50.0,4813083.884,2345647.58
PF13/0064/I461,AN,43.4483,12.84256,50.0,4812873.855,2345437.223
PF01/0065/I461,AN,43.446679,12.862928,50.0,4812651.335,2347080.679
PF02/0065/I461,AN,43.443739,12.860913,8.0,4812329.05,2346909.25
PF03/0065/I461,AN,43.454213,12.862228,50.0,4813489.522,2347045.52
PF04/0065/I461,AN,43.452814,12.855799,50.0,4813347.495,2346521.381
PF05/0065/I461,AN,43.457043,12.856856,50.0,4813814.978,2346618.97
PF06/0065/I461,AN,43.445232,12.85586,12.0,4812505.37,2346504.65
PF07/0065/I461,AN,43.451618,12.863591,12.0,4813198.55,2347148.44
PF08/0065/I461,AN,43.456167,12.862953,12.0,4813705.06,2347109.76
PF01/0066/I461,AN,43.439617,12.863147,12.0,4811866.54,2347078.33
PF02/0066/I461,AN,43.440047,12.866196,50.0,4811907.982,2347326.325
PF03/0066/I461,AN,43.441555,12.871795,12.0,4812063.9,2347783.67
PF04/0066/I461,AN,43.442028,12.867575,50.0,4812125.133,2347443.529
PF05/0066/I461,AN,43.443982,12.86541,50.0,4812346.684,2347273.91
PF06/0066/I461,AN,43.444356,12.869412,12.0,4812379.92,2347598.77
PF08/0066/I461,AN,43.451866,12.866713,12.0,4813219.55,2347401.75
PF10/0066/I461,AN,43.449122,12.865423,12.0,4812917.44,2347289.55
PF11/0066/I461,AN,43.449139,12.868023,12.0,4812913.98,2347500.0
PF12/0066/I461,AN,43.450508,12.875116,50.0,4813051.357,2348077.82
PF13/0066/I461,AN,43.448208,12.871307,50.0,4812803.779,2347763.052
PF14/0066/I461,AN,43.439371,12.870818,50.0,4811823.341,2347698.407
PF01/0067/I461,AN,43.439374,12.877386,12.0,4811810.06,2348230.0
PF02/0067/I461,AN,43.447892,12.88152,50.0,4812747.662,2348588.58
PF03/0067/I461,AN,43.444621,12.874081,50.0,4812399.685,2347977.341
PF04/0067/I461,AN,43.44321,12.881027,10.0,4812228.6,2348535.44
PF01/0068/I461,AN,43.443776,12.887314,50.0,4812278.604,2349045.853
PF03/0068/I461,AN,43.43882,12.880435,50.0,4811742.32,2348475.167
PF04/0068/I461,AN,43.441183,12.881318,50.0,4812002.951,2348553.308
PF01/0069/I461,AN,43.443051,12.770715,12.0,4812443.99,2339608.03
PF01/0070/I461,AN,43.440489,12.778472,12.0,4812142.71,2340228.21
PF02/0070/I461,AN,43.437613,12.778348,12.0,4811823.6,2340209.63
PF03/0070/I461,AN,43.437133,12.783744,12.0,4811758.57,2340644.88
PF04/0070/I461,AN,43.435873,12.786793,12.0,4811612.15,2340887.99
PF06/0070/I461,AN,43.439054,12.782153,12.0,4811975.38,2340521.79
PF01/0071/I461,AN,43.447482,12.784642,12.0,4812906.12,2340748.19
PF01/0072/I461,AN,43.439974,12.809971,50.0,4812018.043,2342775.851
PF02/0072/I461,AN,43.438731,12.806665,50.0,4811887.039,2342504.613
PF03/0072/I461,AN,43.44087,12.805844,50.0,4812126.303,2342444.435
PF05/0072/I461,AN,43.438294,12.818863,12.0,4811812.49,2343490.58
PF06/0072/I461,AN,43.44268,12.804746,7.0,4812329.72,2342360.88
PF07/0072/I461,AN,43.44323,12.80337,50.0,4812393.65,2342251.173
PF08/0072/I461,AN,43.440427,12.814749,12.0,4812058.12,2343163.85
PF02/0073/I461,AN,43.439599,12.833879,8.0,4811925.74,2344709.6
PF04/0073/I461,AN,43.445036,12.8349,12.0,4812527.4,2344807.9
PF05/0073/I461,AN,43.442738,12.825726,12.0,4812291.62,2344058.87
PF06/0073/I461,AN,43.436711,12.822286,12.0,4811629.42,2343763.03
PF07/0073/I461,AN,43.438584,12.831676,50.0,4811817.705,2344528.393
PF01/0074/I461,AN,43.43714,12.853977,50.0,4811610.524,2346329.082
PF02/0074/I461,AN,43.439661,12.856645,12.0,4811884.98,2346552.21
PF05/0074/I461,AN,43.44285,12.853983,12.0,4812244.74,2346345.9
PF06/0074/I461,AN,43.434309,12.854579,50.0,4811294.906,2346369.698
PF01/0075/I461,AN,43.43756,12.890004,50.0,4811582.712,2349246.077
PF03/0075/I461,AN,43.441163,12.893818,50.0,4811974.98,2349564.802
PF04/0075/I461,AN,43.439175,12.897966,12.0,4811745.75,2349894.98
PF05/0075/I461,AN,43.439263,12.887242,50.0,4811777.533,2349027.323
PF01/0076/I461,AN,43.431468,12.770583,12.0,4811157.9,2339562.9
PF01/0077/I461,AN,43.436604,12.781165,12.0,4811705.44,2340434.58
PF04/0077/I461,AN,43.434982,12.787787,12.0,4811511.05,2340965.75
PF05/0077/I461,AN,43.433012,12.786214,12.0,4811295.56,2340832.61
PF06/0077/I461,AN,43.43434,12.785368,12.0,4811444.95,2340768.06
PF01/0078/I461,AN,43.432091,12.790419,12.0,4811184.31,2341170.28
PF01/0079/I461,AN,43.42743,12.799182,12.0,4810647.83,2341865.89
PF01/0080/I461,AN,43.436549,12.798369,12.0,4811662.32,2341826.82
PF01/0081/I461,AN,43.43529,12.810413,50.0,4811496.825,2342797.913
PF02/0081/I461,AN,43.431467,12.80607,6.0,4811081.45,2342435.21
PF03/0081/I461,AN,43.436984,12.809814,50.0,4811686.255,2342754.437
PF01/0082/I461,AN,43.432401,12.815995,12.0,4811164.09,2343241.26
PF02/0082/I461,AN,43.433903,12.818904,8.0,4811324.75,2343481.11
PF03/0082/I461,AN,43.430792,12.818953,12.0,4810979.16,2343476.01
PF04/0082/I461,AN,43.433625,12.811334,50.0,4811310.004,2342867.597
PF05/0082/I461,AN,43.436658,12.818322,12.0,4811631.92,2343441.99
PF01/0083/I461,AN,43.431841,12.830468,50.0,4811071.258,2344411.106
PF02/0083/I461,AN,43.433825,12.833029,50.0,4811286.297,2344624.142
PF03/0083/I461,AN,43.435066,12.839725,50.0,4811410.013,2345169.668
PF04/0083/I461,AN,43.428271,12.843011,50.0,4810648.486,2345416.109
PF02/0084/I461,AN,43.433845,12.839852,12.0,4811274.11,2345176.39
PF03/0084/I461,AN,43.436463,12.851155,12.0,4811541.18,2346098.8
PF04/0084/I461,AN,43.438097,12.846738,50.0,4811731.933,2345745.961
PF07/0084/I461,AN,43.441206,12.851344,50.0,4812067.586,2346127.653
PF08/0084/I461,AN,43.443396,12.844697,12.0,4812324.73,2345595.99
PF09/0084/I461,AN,43.443968,12.848532,50.0,4812380.221,2345908.006
PF10/0084/I461,AN,43.44621,12.847987,12.0,4812630.42,2345870.34
PF11/0084/I461,AN,43.43769,12.845904,8.0,4811688.53,2345677.31
PF12/0084/I461,AN,43.444774,12.851291,12.0,4812463.97,2346133.58
PF13/0084/I461,AN,43.43885,12.850371,12.0,4811807.94,2346042.16
PF01/0085/I461,AN,43.429751,12.857248,50.0,4810783.097,2346572.684
PF03/0085/I461,AN,43.432234,12.856264,50.0,4811060.868,2346500.17
PF01/0086/I461,AN,43.436337,12.859643,12.0,4811509.52,2346785.38
PF02/0086/I461,AN,43.434996,12.859007,6.0,4811361.92,2346730.04
PF03/0086/I461,AN,43.437724,12.862721,12.0,4811657.23,2347038.41
PF04/0086/I461,AN,43.436073,12.857704,50.0,4811484.31,2346627.716
PF02/0087/I461,AN,43.431663,12.85909,50.0,4810991.586,2346727.3
PF03/0087/I461,AN,43.433349,12.86266,50.0,4811171.441,2347021.049
PF04/0087/I461,AN,43.43401,12.867579,50.0,4811234.606,2347421.021
PF05/0087/I461,AN,43.435654,12.864338,12.0,4811423.92,2347163.4
PF06/0087/I461,AN,43.43641,12.867615,12.0,4811501.08,2347430.75
PF08/0087/I461,AN,43.436776,12.87106,12.0,4811534.65,2347710.66
PF10/0087/I461,AN,43.436651,12.880237,50.0,4811501.77,2348452.99
PF11/0087/I461,AN,43.43375,12.859813,50.0,4811221.845,2346791.754
PF12/0087/I461,AN,43.435508,12.87376,12.0,4811388.16,2347925.54
PF13/0087/I461,AN,43.437967,12.864704,12.0,4811680.07,2347199.61
PF01/0088/I461,AN,43.433046,12.876661,12.0,4811108.77,2348153.39
PF02/0088/I461,AN,43.431788,12.881228,12.0,4810959.7,2348519.5
PF03/0088/I461,AN,43.430773,12.877033,12.0,4810855.57,2348177.02
PF02/0089/I461,AN,43.422655,12.780256,8.0,4810158.21,2340319.79
PF01/0090/I461,AN,43.433516,12.777642,12.0,4811370.08,2340140.34
PF02/0090/I461,AN,43.429307,12.780716,12.0,4810895.92,2340376.67
PF03/0090/I461,AN,43.431977,12.772731,12.0,4811209.78,2339738.25
PF01/0091/I461,AN,43.424502,12.794343,12.0,4810332.97,2341465.57
PF01/0092/I461,AN,43.422583,12.805386,12.0,4810096.31,2342353.87
PF02/0092/I461,AN,43.425725,12.807192,8.0,4810441.33,2342509.31
PF04/0093/I461,AN,43.424022,12.818038,50.0,4810229.135,2343382.255
PF05/0093/I461,AN,43.428986,12.817835,50.0,4810780.897,2343380.303
PF06/0093/I461,AN,43.420606,12.820382,8.0,4809844.77,2343562.12
PF07/0093/I461,AN,43.419252,12.829354,50.0,4809675.43,2344284.543
PF09/0093/I461,AN,43.420821,12.82481,8.0,4809859.28,2343921.16
PF10/0093/I461,AN,43.428924,12.820365,50.0,4810768.721,2343584.885
PF03/0094/I461,AN,43.416653,12.838339,12.0,4809367.96,2345004.39
PF04/0094/I461,AN,43.422133,12.833763,50.0,4809986.167,2344649.773
PF06/0094/I461,AN,43.426298,12.839387,50.0,4810436.945,2345117.03
PF07/0094/I461,AN,43.426342,12.830247,12.0,4810461.08,2344377.34
PF08/0094/I461,AN,43.420798,12.839406,50.0,4809826.081,2345102.72
PF09/0094/I461,AN,43.425132,12.834613,50.0,4810317.436,2344727.201
PF10/0094/I461,AN,43.428469,12.835691,50.0,4810685.762,2344824.107
PF11/0094/I461,AN,43.418851,12.834773,10.0,4809619.5,2344722.1
PF02/0095/I461,AN,43.418982,12.843145,12.0,4809616.54,2345400.23
PF04/0095/I461,AN,43.424522,12.846479,50.0,4810224.839,2345686.03
PF05/0095/I461,AN,43.42529,12.843224,50.0,4810316.965,2345424.782
PF09/0095/I461,AN,43.428784,12.849014,50.0,4810692.886,2345903.483
PF10/0095/I461,AN,43.430005,12.855156,50.0,4810815.643,2346404.138
PF11/0095/I461,AN,43.431187,12.852883,12.0,4810951.63,2346223.51
PF12/0095/I461,AN,43.431392,12.849418,12.0,4810981.68,2345943.62
PF13/0095/I461,AN,43.433363,12.852765,12.0,4811193.56,2346220.21
PF14/0095/I461,AN,43.434455,12.848312,12.0,4811324.19,2345862.9
PF15/0095/I461,AN,43.425995,12.851275,8.0,4810378.42,2346078.48
PF16/0095/I461,AN,43.42857,12.852175,12.0,4810662.46,2346158.7
PF17/0095/I461,AN,43.419321,12.846922,12.0,4809646.19,2345706.99
PF18/0095/I461,AN,43.422303,12.84526,50.0,4809980.865,2345581.004
PF01/0096/I461,AN,43.421826,12.852407,50.0,4809912.972,2346158.169
PF02/0096/I461,AN,43.419086,12.852136,12.0,4809609.29,2346128.41
PF03/0096/I461,AN,43.420001,12.848776,50.0,4809717.894,2345859.0
PF04/0096/I461,AN,43.423331,12.855767,12.0,4810073.12,2346434.51
PF05/0096/I461,AN,43.425557,12.856016,50.0,4810319.843,2346460.979
PF06/0096/I461,AN,43.427252,12.857716,50.0,4810504.562,2346603.451
PF04/0097/I461,AN,43.428825,12.859274,50.0,4810675.984,2346734.024
PF05/0097/I461,AN,43.426572,12.86026,12.0,4810423.73,2346807.43
PF06/0097/I461,AN,43.431354,12.867343,8.0,4810940.14,2347394.38
PF07/0097/I461,AN,43.427908,12.8626,12.0,4810567.2,2347000.65
PF01/0098/I461,AN,43.41913,12.792549,12.0,4809740.27,2341304.55
PF02/0098/I461,AN,43.421563,12.792416,12.0,4810010.74,2341300.9
PF01/0099/I461,AN,43.416048,12.794056,12.0,4809394.64,2341417.46
PF01/0100/I461,AN,43.415206,12.813699,12.0,4809259.29,2343005.35
PF02/0100/I461,AN,43.418247,12.818856,50.0,4809586.004,2343431.735
PF03/0100/I461,AN,43.414951,12.82411,50.0,4809208.914,2343847.509
PF02/0101/I461,AN,43.40932,12.841172,50.0,4808547.58,2345212.654
PF03/0101/I461,AN,43.412052,12.845321,50.0,4808842.248,2345556.453
PF04/0101/I461,AN,43.41676,12.84987,50.0,4809355.649,2345938.258
PF05/0101/I461,AN,43.417646,12.846207,12.0,4809461.68,2345644.28
PF06/0101/I461,AN,43.404586,12.84212,12.0,4808019.82,2345275.86
PF07/0101/I461,AN,43.413592,12.839477,50.0,4809025.603,2345087.746
PF02/0102/I461,AN,43.409106,12.860046,50.0,4808484.361,2346740.287
PF04/0102/I461,AN,43.421063,12.858389,12.0,4809815.79,2346640.24
PF05/0102/I461,AN,43.413405,12.859001,50.0,4808964.027,2346667.963
PF06/0102/I461,AN,43.411591,12.859204,50.0,4808762.081,2346679.217
PF02/0103/I461,AN,43.415856,12.858319,8.0,4809237.64,2346619.76
PF03/0103/I461,AN,43.416653,12.866744,8.0,4809308.66,2347304.12
PF04/0103/I461,AN,43.423721,12.86033,12.0,4810106.95,2346804.98
PF02/0104/I461,AN,43.403334,12.775132,12.0,4808023.42,2339847.63
PF01/0105/I461,AN,43.41226,12.790912,50.0,4808980.729,2341151.741
PF02/0105/I461,AN,43.409809,12.791489,12.0,4808707.3,2341191.3
PF03/0105/I461,AN,43.414434,12.7895,50.0,4809225.16,2341043.829
PF01/0106/I461,AN,43.418291,12.80827,12.0,4809613.48,2342574.79
PF02/0107/I461,AN,43.410702,12.818037,8.0,4808749.84,2343343.44
PF03/0107/I461,AN,43.413112,12.825646,50.0,4809001.376,2343966.491
PF04/0107/I461,AN,43.408577,12.828986,50.0,4808490.611,2344223.832
PF06/0107/I461,AN,43.411896,12.821045,50.0,4808876.077,2343590.517
PF07/0107/I461,AN,43.412203,12.814931,50.0,4808923.086,2343096.34
PF08/0107/I461,AN,43.404643,12.827188,50.0,4808057.534,2344066.815
PF09/0107/I461,AN,43.406421,12.827426,50.0,4808254.48,2344091.234
PF10/0107/I461,AN,43.409377,12.826193,50.0,4808585.416,2344000.019
PF02/0108/I461,AN,43.414023,12.836296,50.0,4809080.093,2344831.422
PF03/0108/I461,AN,43.414515,12.833174,50.0,4809141.306,2344580.085
PF04/0108/I461,AN,43.412358,12.834637,50.0,4808898.714,2344692.27
PF05/0108/I461,AN,43.41521,12.827576,12.0,4809230.29,2344128.89
PF01/0109/I461,AN,43.405666,12.84959,50.0,4808124.127,2345883.826
PF02/0109/I461,AN,43.406185,12.844258,50.0,4808192.864,2345453.565
PF04/0109/I461,AN,43.410607,12.848228,50.0,4808675.702,2345787.665
PF06/0109/I461,AN,43.413497,12.849163,50.0,4808994.722,2345871.724
PF07/0109/I461,AN,43.408405,12.845182,12.0,4808437.48,2345534.73
PF11/0109/I461,AN,43.408458,12.852244,50.0,4808428.641,2346106.674
PF02/0110/I461,AN,43.405204,12.860765,12.0,4808049.53,2346787.38
PF03/0110/I461,AN,43.408798,12.86246,50.0,4808445.182,2346934.885
PF05/0110/I461,AN,43.406658,12.863716,12.0,4808204.85,2347030.46
PF01/0111/I461,AN,43.403454,12.862849,12.0,4807850.83,2346951.19
PF03/0111/I461,AN,43.401806,12.866712,12.0,4807659.73,2347259.3
PF04/0111/I461,AN,43.404531,12.872054,12.0,4807951.29,2347699.6
PF05/0111/I461,AN,43.408094,12.872341,12.0,4808346.46,2347732.96
PF01/0112/I461,AN,43.403781,12.881702,12.0,4807848.18,2348478.78
PF01/0113/I461,AN,43.400599,12.772467,12.0,4807725.36,2339623.7
PF02/0113/I461,AN,43.401421,12.774842,8.0,4807811.58,2339818.5
PF03/0113/I461,AN,43.398266,12.765248,12.0,4807481.98,2339032.15
PF04/0113/I461,AN,43.400063,12.770076,12.0,4807671.02,2339428.52
PF01/0114/I461,AN,43.399252,12.786782,12.0,4807544.94,2340779.02
PF01/0115/I461,AN,43.397607,12.797671,12.0,4807338.85,2341656.02
PF01/0116/I461,AN,43.404525,12.798282,12.0,4808105.87,2341725.81
PF02/0116/I461,AN,43.398773,12.817754,12.0,4807425.5,2343285.86
PF03/0116/I461,AN,43.398954,12.81502,12.0,4807451.48,2343064.98
PF01/0117/I461,AN,43.400934,12.82697,12.0,4807646.1,2344038.45
PF02/0117/I461,AN,43.403331,12.829264,20.0,4807907.485,2344231.159
PF03/0117/I461,AN,43.401148,12.819296,12.0,4807686.09,2343417.66
PF04/0117/I461,AN,43.401283,12.83761,12.0,4807662.37,2344901.12
PF02/0118/I461,AN,43.397968,12.848514,50.0,4807271.35,2345774.641
PF03/0118/I461,AN,43.399087,12.843743,50.0,4807405.695,2345391.415
PF05/0118/I461,AN,43.402524,12.84314,50.0,4807788.661,2345352.499
PF06/0118/I461,AN,43.401531,12.849489,12.0,4807665.02,2345863.82
PF07/0118/I461,AN,43.401302,12.848192,50.0,4807642.39,2345758.086
PF04/0119/I461,AN,43.395984,12.872529,12.0,4807001.06,2347713.88
PF05/0119/I461,AN,43.397797,12.871712,12.0,4807204.18,2347652.83
PF09/0119/I461,AN,43.397608,12.870255,8.0,4807186.23,2347534.28
PF10/0119/I461,AN,43.398036,12.852381,8.0,4807270.87,2346087.99
PF12/0119/I461,AN,43.39832,12.864105,12.0,4807277.99,2347038.24
PF13/0119/I461,AN,43.400322,12.859268,12.0,4807510.4,2346652.2
PF01/0120/I461,AN,43.398011,12.873845,12.0,4807223.48,2347826.16
PF02/0120/I461,AN,43.400725,12.872145,12.0,4807528.46,2347696.16
PF06/0120/I461,AN,43.393778,12.876053,12.0,4806748.88,2347992.98
PF01/0121/I461,AN,43.391411,12.762096,12.0,4806727.39,2338756.5
PF02/0121/I461,AN,43.392711,12.764206,8.0,4806867.22,2338931.26
PF01/0122/I461,AN,43.387097,12.781412,12.0,4806206.45,2340308.22
PF02/0122/I461,AN,43.385645,12.781596,8.0,4806044.84,2340318.85
PF01/0123/I461,AN,43.390812,12.791648,12.0,4806597.02,2341148.22
PF02/0124/I461,AN,43.397978,12.81953,50.0,4807333.541,2343427.327
PF04/0124/I461,AN,43.391598,12.822884,50.0,4806617.864,2343680.509
PF05/0124/I461,AN,43.398065,12.82378,8.0,4807334.18,2343771.81
PF06/0125/I461,AN,43.399843,12.829293,50.0,4807519.996,2344223.378
PF08/0125/I461,AN,43.39797,12.827084,50.0,4807316.609,2344039.124
PF09/0125/I461,AN,43.390274,12.8243,50.0,4806467.751,2343791.332
PF10/0125/I461,AN,43.390482,12.826399,50.0,4806486.446,2343961.919
PF05/0126/I461,AN,43.388701,12.842435,50.0,4806254.847,2345255.681
PF06/0126/I461,AN,43.386727,12.841823,50.0,4806036.977,2345200.415
PF07/0126/I461,AN,43.399978,12.83718,50.0,4807518.362,2344862.495
PF08/0126/I461,AN,43.392651,12.845361,12.0,4806687.44,2345504.03
PF09/0126/I461,AN,43.398068,12.846315,50.0,4807287.129,2345596.825
PF01/0127/I461,AN,43.383955,12.844051,50.0,4805724.365,2345372.905
PF02/0127/I461,AN,43.387273,12.845315,50.0,4806090.248,2345484.797
PF01/0128/I461,AN,43.392377,12.859175,50.0,4806628.183,2346622.071
PF02/0128/I461,AN,43.390252,12.861659,50.0,4806386.983,2346817.211
PF03/0128/I461,AN,43.391955,12.874128,50.0,4806550.324,2347831.954
PF05/0128/I461,AN,43.394763,12.874414,50.0,4806861.559,2347863.023
PF06/0128/I461,AN,43.396208,12.869095,50.0,4807033.059,2347436.406
PF01/0129/I461,AN,43.386134,12.752149,12.0,4806163.09,2337935.0
PF01/0130/I461,AN,43.387213,12.764316,12.0,4806256.33,2338923.74
PF02/0130/I461,AN,43.389462,12.76197,12.0,4806511.21,2338740.49
PF01/0131/I461,AN,43.381507,12.774666,12.0,4805600.2,2339745.17
PF02/0131/I461,AN,43.380153,12.777263,12.0,4805444.18,2339951.6
PF01/0132/I461,AN,43.376753,12.784797,50.0,4805050.41,2340551.876
PF03/0132/I461,AN,43.375341,12.784509,12.0,4804894.19,2340524.39
PF04/0132/I461,AN,43.376657,12.782,12.0,4805045.72,2340324.97
PF01/0133/I461,AN,43.379489,12.790115,50.0,4805342.758,2340990.73
PF02/0133/I461,AN,43.380236,12.787904,50.0,4805430.48,2340813.858
PF03/0133/I461,AN,43.380007,12.794153,50.0,4805391.622,2341319.382
PF01/0134/I461,AN,43.389586,12.803529,12.0,4806435.52,2342106.93
PF01/0135/I461,AN,43.382539,12.80492,12.0,4805649.91,2342199.02
PF01/0136/I461,AN,43.382394,12.820336,50.0,4805601.018,2343447.34
PF02/0136/I461,AN,43.386889,12.824033,8.0,4806092.43,2343759.9
PF03/0136/I461,AN,43.377321,12.827162,12.0,4805023.12,2343985.64
PF04/0136/I461,AN,43.378751,12.823714,50.0,4805189.203,2343710.416
PF05/0136/I461,AN,43.379188,12.822034,12.0,4805241.32,2343575.65
PF02/0137/I461,AN,43.385253,12.828974,50.0,4805900.236,2344155.406
PF03/0137/I461,AN,43.386258,12.831332,12.0,4806006.9,2344349.26
PF05/0137/I461,AN,43.380353,12.837089,12.0,4805338.98,2344798.63
PF06/0137/I461,AN,43.382606,12.840605,50.0,4805581.819,2345089.879
PF01/0138/I461,AN,43.377492,12.754257,12.0,4805198.63,2338079.92
PF01/0139/I461,AN,43.377594,12.772675,12.0,4805169.9,2339572.27
PF02/0139/I461,AN,43.375711,12.781025,12.0,4804942.8,2340243.2
PF01/0140/I461,AN,43.373633,12.757696,12.0,4804762.53,2338347.0
PF02/0140/I461,AN,43.368281,12.76638,8.0,4804149.29,2339034.66
PF21/0006/I608,AN,43.723118,13.21065,50.0,4842690.596,2375879.59
PF22/0006/I608,AN,43.722786,13.213965,50.0,4842647.935,2376145.827
PF24/0006/I608,AN,43.721144,13.210138,50.0,4842472.221,2375833.621
PF25/0006/I608,AN,43.720792,13.213236,50.0,4842427.67,2376082.319
PF26/0006/I608,AN,43.719657,13.212678,50.0,4842302.6,2376034.633
PF28/0006/I608,AN,43.719192,13.214171,50.0,4842248.375,2376153.841
PF29/0006/I608,AN,43.718711,13.21301,50.0,4842197.021,2376059.153
PF22/0007/I608,AN,43.719047,13.217121,50.0,4842227.147,2376391.104
PF23/0007/I608,AN,43.721134,13.217357,50.0,4842458.564,2376415.11
PF24/0007/I608,AN,43.718095,13.215113,50.0,4842124.907,2376227.047
PF26/0007/I608,AN,43.722494,13.219115,50.0,4842606.533,2376559.929
PF27/0007/I608,AN,43.719744,13.220184,50.0,4842299.25,2376639.541
PF28/0007/I608,AN,43.719806,13.215102,50.0,4842315.018,2376230.265
PF29/0007/I608,AN,43.723919,13.221275,10.0,4842761.05,2376737.31
PF30/0007/I608,AN,43.717324,13.219225,10.0,4842032.17,2376556.52
PF21/0008/I608,AN,43.717057,13.210484,50.0,4842017.699,2375851.692
PF22/0008/I608,AN,43.716939,13.213459,50.0,4841999.373,2376091.095
PF23/0008/I608,AN,43.715328,13.21016,50.0,4841826.22,2375821.412
PF24/0008/I608,AN,43.714889,13.212422,50.0,4841773.449,2376002.618
PF22/0014/I608,AN,43.691741,13.252651,50.0,4839133.41,2379189.29
PF23/0014/I608,AN,43.688418,13.257952,50.0,4838755.3,2379608.72
PF24/0014/I608,AN,43.687609,13.252438,50.0,4838674.83,2379162.435
PF25/0014/I608,AN,43.692943,13.258422,50.0,4839257.175,2379657.154
PF21/0015/I608,AN,43.688837,13.266519,50.0,4838787.371,2380300.176
PF22/0015/I608,AN,43.688425,13.262436,50.0,4838748.58,2379970.157
PF23/0015/I608,AN,43.680873,13.256633,50.0,4837919.612,2379484.811
PF21/0016/I608,AN,43.68604,13.272122,50.0,4838467.345,2380745.251
PF22/0016/I608,AN,43.68559,13.267448,50.0,4838425.248,2380367.495
PF21/0017/I608,AN,43.685781,13.272486,8.0,4838438.0,2380774.0
PF22/0017/I608,AN,43.684978,13.274672,50.0,4838345.129,2380948.357
PF24/0017/I608,AN,43.679556,13.275614,50.0,4837741.286,2381011.752
PF25/0017/I608,AN,43.676996,13.274221,50.0,4837459.33,2380893.592
PF26/0017/I608,AN,43.674944,13.266206,50.0,4837244.922,2380242.706
PF27/0017/I608,AN,43.67362,13.269709,8.0,4837092.0,2380522.0
PF28/0017/I608,AN,43.683104,13.276206,50.0,4838134.364,2381067.707
PF21/0021/I608,AN,43.742505,13.162657,50.0,4844928.429,2372061.541
PF22/0021/I608,AN,43.738449,13.151776,50.0,4844497.411,2371175.297
PF23/0021/I608,AN,43.737202,13.159751,50.0,4844344.595,2371814.488
PF21/0022/I608,AN,43.740027,13.1669,10.0,4844645.58,2372397.146
PF23/0022/I608,AN,43.736481,13.176237,50.0,4844235.175,2373140.333
PF24/0022/I608,AN,43.73505,13.171614,50.0,4844084.43,2372764.56
PF25/0022/I608,AN,43.734339,13.166321,50.0,4844014.868,2372336.491
PF27/0022/I608,AN,43.728797,13.162389,50.0,4843406.372,2372006.236
PF28/0022/I608,AN,43.728928,13.165522,50.0,4843415.365,2372258.891
PF29/0022/I608,AN,43.726593,13.163017,50.0,4843160.449,2372051.35
PF30/0022/I608,AN,43.737754,13.168445,50.0,4844390.366,2372515.959
PF31/0022/I608,AN,43.733307,13.162587,50.0,4843906.991,2372033.283
PF21/0023/I608,AN,43.733729,13.180213,50.0,4843922.531,2373453.837
PF22/0023/I608,AN,43.730766,13.181066,50.0,4843591.915,2373515.245
PF23/0023/I608,AN,43.730256,13.176699,50.0,4843542.92,2373162.332
PF24/0023/I608,AN,43.726549,13.175527,50.0,4843133.309,2373058.879
PF21/0025/I608,AN,43.720198,13.188487,50.0,4842404.981,2374087.269
PF22/0025/I608,AN,43.716825,13.188306,50.0,4842030.682,2374064.516
PF25/0025/I608,AN,43.718688,13.184417,50.0,4842244.443,2373755.783
PF26/0025/I608,AN,43.715626,13.191394,4.0,4841892.14,2374310.4
PF21/0026/I608,AN,43.721054,13.202034,50.0,4842476.302,2375180.65
PF22/0026/I608,AN,43.719677,13.199245,50.0,4842328.238,2374952.596
PF23/0026/I608,AN,43.718013,13.194115,50.0,4842152.486,2374535.337
PF24/0026/I608,AN,43.718101,13.205004,50.0,4842143.143,2375412.778
PF25/0026/I608,AN,43.715919,13.205431,50.0,4841900.094,2375441.865
PF26/0026/I608,AN,43.715625,13.201386,50.0,4841874.521,2375115.307
PF21/0028/I608,AN,43.709178,13.210249,50.0,4841143.004,2375813.84
PF23/0028/I608,AN,43.701681,13.202951,50.0,4840323.079,2375207.833
PF25/0028/I608,AN,43.703977,13.20739,50.0,4840570.263,2375571.03
PF22/0031/I608,AN,43.694478,13.239347,50.0,4839460.054,2378123.581
PF24/0031/I608,AN,43.690613,13.238094,50.0,4839032.916,2378013.451
PF25/0031/I608,AN,43.690543,13.232563,50.0,4839034.705,2377567.56
PF26/0031/I608,AN,43.687322,13.234578,50.0,4838673.482,2377722.296
PF21/0033/I608,AN,43.683036,13.252039,50.0,4838167.644,2379119.573
PF22/0033/I608,AN,43.681188,13.247252,50.0,4837970.488,2378729.427
PF23/0033/I608,AN,43.676793,13.242333,50.0,4837490.822,2378322.564
PF21/0034/I608,AN,43.675289,13.253062,50.0,4837305.42,2379183.873
PF23/0034/I608,AN,43.671629,13.253832,50.0,4836897.649,2379237.387
PF21/0035/I608,AN,43.675745,13.256199,50.0,4837350.795,2379437.861
PF21/0036/I608,AN,43.66972,13.261875,50.0,4836672.031,2379881.407
PF23/0036/I608,AN,43.663494,13.266198,50.0,4835973.258,2380215.467
PF21/0037/I608,AN,43.671272,13.278152,50.0,4836816.949,2381197.225
PF22/0037/I608,AN,43.671636,13.268969,50.0,4836872.792,2380457.795
PF23/0037/I608,AN,43.667551,13.269824,50.0,4836417.702,2380517.19
PF21/0038/I608,AN,43.667607,13.281959,50.0,4836403.575,2381495.748
PF23/0038/I608,AN,43.665647,13.273351,50.0,4836200.255,2380797.217
PF25/0038/I608,AN,43.662694,13.280729,50.0,4835859.97,2381385.204
PF26/0038/I608,AN,43.665884,13.283285,50.0,4836210.035,2381598.647
PF21/0039/I608,AN,43.664007,13.283069,50.0,4836001.839,2381576.908
PF23/0039/I608,AN,43.660449,13.285026,50.0,4835603.5,2381726.561
PF25/0039/I608,AN,43.663342,13.285203,50.0,4835924.525,2381747.447
PF27/0039/I608,AN,43.660814,13.280207,10.0,4835652.02,2381338.832
PF21/0040/I608,AN,43.664011,13.296849,50.0,4835979.466,2382688.038
PF22/0040/I608,AN,43.660847,13.297685,50.0,4835626.654,2382748.227
PF24/0040/I608,AN,43.655721,13.289957,50.0,4835070.088,2382113.315
PF25/0040/I608,AN,43.653913,13.296112,50.0,4834859.063,2382605.523
PF26/0040/I608,AN,43.65998,13.296843,10.0,4835531.761,2382678.348
PF21/0041/I608,AN,43.733717,13.159079,50.0,4843958.705,2371751.728
PF22/0041/I608,AN,43.728734,13.160274,50.0,4843403.165,2371835.708
PF23/0041/I608,AN,43.726872,13.154507,50.0,4843206.683,2371366.598
PF24/0041/I608,AN,43.726503,13.160048,50.0,4843155.822,2371811.973
PF22/0042/I608,AN,43.724842,13.170449,50.0,4842952.746,2372645.647
PF23/0042/I608,AN,43.723799,13.164039,50.0,4842848.367,2372126.804
PF21/0043/I608,AN,43.725516,13.179861,50.0,4843010.931,2373405.405
PF23/0043/I608,AN,43.718374,13.179084,50.0,4842219.051,2373325.417
PF24/0043/I608,AN,43.72386,13.172282,50.0,4842840.468,2372790.938
PF25/0043/I608,AN,43.720682,13.182045,50.0,4842470.192,2373569.566
PF21/0044/I608,AN,43.716011,13.172113,50.0,4841968.911,2372758.031
PF22/0044/I608,AN,43.715856,13.180902,50.0,4841936.205,2373465.727
PF23/0044/I608,AN,43.714953,13.186611,50.0,4841825.821,2373923.461
PF24/0044/I608,AN,43.712568,13.182301,50.0,4841568.534,2373570.411
PF25/0044/I608,AN,43.709612,13.171021,50.0,4841260.137,2372654.421
PF27/0044/I608,AN,43.709902,13.176422,50.0,4841282.769,2373090.243
PF21/0045/I608,AN,43.71469,13.192079,50.0,4841786.918,2374363.31
PF22/0045/I608,AN,43.71359,13.186203,50.0,4841675.114,2373887.254
PF23/0045/I608,AN,43.71121,13.186395,50.0,4841410.407,2373896.892
PF24/0045/I608,AN,43.709343,13.179675,8.0,4841215.0,2373351.0
PF25/0045/I608,AN,43.707675,13.183593,50.0,4841022.78,2373662.552
PF27/0045/I608,AN,43.707549,13.178813,50.0,4841017.269,2373277.171
PF21/0046/I608,AN,43.705374,13.185838,50.0,4840763.2,2373837.843
PF22/0046/I608,AN,43.704527,13.194116,50.0,4840654.599,2374502.825
PF23/0046/I608,AN,43.702971,13.192011,50.0,4840485.485,2374329.438
PF24/0046/I608,AN,43.702009,13.186616,50.0,4840388.125,2373892.339
PF25/0046/I608,AN,43.700951,13.190262,50.0,4840264.188,2374183.629
PF27/0046/I608,AN,43.6991,13.192165,50.0,4840055.3,2374332.437
PF28/0046/I608,AN,43.69834,13.18776,50.0,4839978.589,2373975.625
PF29/0046/I608,AN,43.701077,13.196545,50.0,4840267.157,2374690.191
PF21/0048/I608,AN,43.696613,13.217847,50.0,4839734.271,2376395.988
PF22/0048/I608,AN,43.695876,13.213225,50.0,4839660.362,2376021.766
PF23/0048/I608,AN,43.693583,13.213885,8.0,4839404.6,2376069.5
PF24/0048/I608,AN,43.691185,13.222107,50.0,4839124.043,2376726.358
PF21/0049/I608,AN,43.691782,13.229847,50.0,4839176.962,2377351.61
PF24/0049/I608,AN,43.687772,13.226486,50.0,4838737.409,2377071.167
PF25/0049/I608,AN,43.685155,13.226151,50.0,4838447.272,2377037.932
PF26/0049/I608,AN,43.683451,13.224112,50.0,4838261.559,2376869.536
PF27/0049/I608,AN,43.690242,13.224692,50.0,4839014.762,2376932.433
PF28/0049/I608,AN,43.689388,13.229855,50.0,4838911.074,2377346.553
PF21/0050/I608,AN,43.679441,13.227709,50.0,4837810.005,2377149.969
PF22/0050/I608,AN,43.676876,13.232201,8.0,4837517.34,2377505.97
PF23/0050/I608,AN,43.680963,13.234855,50.0,4837966.685,2377729.617
PF24/0050/I608,AN,43.679018,13.244848,50.0,4837733.655,2378530.5
PF25/0050/I608,AN,43.676176,13.237563,50.0,4837430.436,2377936.54
PF21/0051/I608,AN,43.676337,13.234281,50.0,4837453.873,2377672.425
PF22/0051/I608,AN,43.672573,13.231542,50.0,4837040.519,2377442.707
PF23/0051/I608,AN,43.671569,13.238879,10.0,4836916.421,2378031.776
PF24/0051/I608,AN,43.668823,13.240751,50.0,4836608.282,2378176.272
PF25/0051/I608,AN,43.67208,13.244516,50.0,4836963.559,2378487.47
PF26/0051/I608,AN,43.669386,13.231534,50.0,4836686.564,2377434.47
PF21/0052/I608,AN,43.659691,13.257472,50.0,4835565.539,2379503.007
PF22/0052/I608,AN,43.659311,13.260939,50.0,4835517.471,2379781.658
PF21/0053/I608,AN,43.663537,13.269674,50.0,4835972.109,2380495.834
PF22/0053/I608,AN,43.660828,13.265757,50.0,4835677.797,2380173.713
PF23/0053/I608,AN,43.654552,13.266091,50.0,4834980.211,2380186.058
PF25/0053/I608,AN,43.650806,13.267122,50.0,4834562.504,2380260.497
PF26/0053/I608,AN,43.650656,13.270479,50.0,4834540.122,2380530.905
PF27/0053/I608,AN,43.64895,13.268032,50.0,4834354.758,2380329.579
PF28/0053/I608,AN,43.652287,13.264525,50.0,4834731.335,2380054.537
PF21/0054/I608,AN,43.659276,13.274312,50.0,4835491.083,2380859.936
PF22/0054/I608,AN,43.653056,13.278505,8.0,4834793.24,2381183.68
PF23/0054/I608,AN,43.652187,13.274451,50.0,4834703.556,2380854.799
PF21/0055/I608,AN,43.738283,13.144806,50.0,4844491.561,2370613.66
PF22/0055/I608,AN,43.735394,13.143406,50.0,4844173.138,2370493.664
PF23/0055/I608,AN,43.734712,13.147916,50.0,4844089.312,2370855.181
PF24/0055/I608,AN,43.73456,13.140748,50.0,4844085.365,2370277.529
PF25/0055/I608,AN,43.732687,13.142779,50.0,4843873.695,2370436.429
PF26/0055/I608,AN,43.730473,13.142189,50.0,4843628.793,2370383.407
PF27/0055/I608,AN,43.731513,13.14968,8.0,4843730.8,2370989.3
PF28/0055/I608,AN,43.729915,13.14604,50.0,4843559.903,2370692.239
PF21/0056/I608,AN,43.724363,13.152329,50.0,4842931.96,2371184.985
PF22/0056/I608,AN,43.72259,13.147691,50.0,4842743.385,2370806.995
PF23/0056/I608,AN,43.721292,13.158283,50.0,4842580.181,2371656.994
PF24/0056/I608,AN,43.718931,13.152499,50.0,4842328.257,2371185.174
PF22/0058/I608,AN,43.715545,13.164463,50.0,4841930.868,2372140.664
PF23/0058/I608,AN,43.714163,13.158319,50.0,4841788.273,2371642.301
PF24/0058/I608,AN,43.714369,13.151261,50.0,4841823.889,2371074.201
PF25/0058/I608,AN,43.712293,13.167676,50.0,4841563.929,2372391.503
PF26/0058/I608,AN,43.711314,13.154899,50.0,4841478.054,2371359.676
PF27/0058/I608,AN,43.709924,13.168722,50.0,4841298.874,2372469.913
PF21/0059/I608,AN,43.706863,13.169642,50.0,4840957.281,2372536.531
PF22/0059/I608,AN,43.705771,13.175147,50.0,4840826.209,2372977.469
PF25/0059/I608,AN,43.701002,13.171245,50.0,4840303.512,2372651.342
PF21/0060/I608,AN,43.701833,13.179381,50.0,4840381.354,2373308.932
PF22/0060/I608,AN,43.699754,13.183264,50.0,4840143.633,2373616.814
PF23/0060/I608,AN,43.697203,13.183707,50.0,4839859.448,2373646.262
PF24/0060/I608,AN,43.693878,13.180603,50.0,4839495.63,2373388.007
PF25/0060/I608,AN,43.698255,13.180796,50.0,4839981.463,2373414.241
PF21/0061/I608,AN,43.696538,13.189925,50.0,4839774.638,2374145.736
PF22/0061/I608,AN,43.694304,13.187576,50.0,4839530.665,2373951.032
PF23/0061/I608,AN,43.691897,13.182375,12.0,4839272.5,2373526.0
PF24/0061/I608,AN,43.69016,13.180591,50.0,4839082.767,2373378.008
PF25/0061/I608,AN,43.686219,13.189097,12.0,4838630.0,2374054.0
PF21/0062/I608,AN,43.690275,13.192202,50.0,4839075.096,2374314.106
PF22/0062/I608,AN,43.683835,13.189617,50.0,4838364.314,2374090.135
PF23/0062/I608,AN,43.682555,13.186027,50.0,4838228.47,2373797.656
PF24/0062/I608,AN,43.67944,13.188557,8.0,4837878.0,2373994.0
PF25/0062/I608,AN,43.679195,13.185768,50.0,4837855.777,2373768.582
PF26/0062/I608,AN,43.686607,13.193017,50.0,4838666.182,2374370.842
PF21/0064/I608,AN,43.692935,13.210072,50.0,4839339.272,2375760.66
PF22/0064/I608,AN,43.687886,13.206113,10.0,4838785.33,2375429.42
PF24/0064/I608,AN,43.683551,13.204445,50.0,4838306.844,2375284.559
PF25/0064/I608,AN,43.682842,13.208609,50.0,4838220.818,2375618.546
PF21/0066/I608,AN,43.677095,13.225045,50.0,4837553.947,2376929.619
PF22/0066/I608,AN,43.675469,13.221094,50.0,4837380.269,2376607.328
PF23/0066/I608,AN,43.673736,13.225491,50.0,4837180.132,2376957.623
PF24/0066/I608,AN,43.668374,13.225915,50.0,4836583.888,2376979.055
PF21/0067/I608,AN,43.664295,13.248085,50.0,4836092.81,2378756.88
PF23/0067/I608,AN,43.65939,13.247921,50.0,4835548.383,2378732.168
PF24/0067/I608,AN,43.658908,13.23808,50.0,4835511.658,2377937.499
PF26/0067/I608,AN,43.656703,13.237862,50.0,4835267.146,2377914.736
PF21/0068/I608,AN,43.662361,13.255496,50.0,4835865.465,2379349.953
PF23/0068/I608,AN,43.654241,13.244723,50.0,4834981.975,2378462.224
PF24/0068/I608,AN,43.653536,13.253909,50.0,4834887.98,2379201.308
PF25/0068/I608,AN,43.65875,13.250774,10.0,4835472.4,2378960.7
PF21/0069/I608,AN,43.652361,13.251078,50.0,4834762.28,2378970.287
PF22/0069/I608,AN,43.650142,13.251316,50.0,4834515.499,2378984.296
PF23/0069/I608,AN,43.647728,13.252593,50.0,4834245.213,2379081.617
PF25/0069/I608,AN,43.646504,13.257189,50.0,4834101.466,2379449.443
PF21/0070/I608,AN,43.730396,13.137976,50.0,4843627.846,2370043.936
PF22/0070/I608,AN,43.727188,13.145055,50.0,4843258.771,2370606.05
PF24/0070/I608,AN,43.725568,13.135887,50.0,4843095.425,2369863.593
PF25/0070/I608,AN,43.729982,13.132966,50.0,4843591.023,2369639.394
PF26/0070/I608,AN,43.727093,13.130765,50.0,4843274.14,2369454.849
PF23/0071/I608,AN,43.717458,13.142892,50.0,4842181.978,2370407.666
PF24/0071/I608,AN,43.719524,13.14647,10.0,4842405.0,2370701.0
PF21/0072/I608,AN,43.707692,13.164619,50.0,4841058.296,2372133.889
PF22/0072/I608,AN,43.705842,13.162269,8.0,4840857.0,2371940.0
PF23/0072/I608,AN,43.704651,13.158245,50.0,4840731.98,2371612.862
PF24/0072/I608,AN,43.700544,13.159768,50.0,4840273.126,2371725.391
PF21/0073/I608,AN,43.698735,13.167272,50.0,4840058.821,2372325.683
PF22/0073/I608,AN,43.698645,13.172118,50.0,4840040.178,2372715.938
PF23/0073/I608,AN,43.696149,13.174183,50.0,4839759.251,2372876.245
PF25/0073/I608,AN,43.693088,13.174079,50.0,4839419.449,2372860.361
PF26/0073/I608,AN,43.691478,13.176068,50.0,4839237.127,2373016.685
PF27/0073/I608,AN,43.696036,13.169905,10.0,4839754.33,2372531.17
PF21/0075/I608,AN,43.680219,13.195301,50.0,4837952.728,2374539.547
PF23/0075/I608,AN,43.679027,13.204064,10.0,4837805.0,2375243.0
PF24/0075/I608,AN,43.676632,13.19466,50.0,4837555.468,2374479.144
PF25/0075/I608,AN,43.675522,13.189391,50.0,4837441.472,2374051.765
PF26/0075/I608,AN,43.673955,13.193599,50.0,4837260.01,2374387.146
PF27/0075/I608,AN,43.679758,13.198782,10.0,4837895.41,2374819.02
PF21/0077/I608,AN,43.669441,13.217988,50.0,4836716.109,2376342.546
PF22/0077/I608,AN,43.666793,13.213081,50.0,4836430.556,2375940.585
PF22/0078/I608,AN,43.661792,13.219769,9.0,4835863.44,2376467.91
PF23/0078/I608,AN,43.662427,13.228035,50.0,4835919.776,2377135.889
PF24/0078/I608,AN,43.65951,13.216554,50.0,4835615.534,2376203.195
PF25/0078/I608,AN,43.659304,13.220226,50.0,4835586.39,2376498.805
PF26/0078/I608,AN,43.662937,13.223806,10.0,4835983.68,2376796.14
PF21/0079/I608,AN,43.662367,13.234549,10.0,4835901.85,2377660.93
PF22/0079/I608,AN,43.661047,13.237655,10.0,4835749.9,2377908.3
PF23/0079/I608,AN,43.656213,13.231224,50.0,4835224.124,2377378.32
PF25/0079/I608,AN,43.656372,13.237162,10.0,4835231.54,2377857.5
PF22/0080/I608,AN,43.654588,13.227473,8.0,4835050.0,2377072.0
PF23/0080/I608,AN,43.652544,13.221347,50.0,4834833.585,2376573.105
PF24/0080/I608,AN,43.649597,13.236052,10.0,4834481.0,2377752.0
PF26/0080/I608,AN,43.647025,13.231532,50.0,4834203.081,2377381.396
PF27/0080/I608,AN,43.648995,13.224322,8.0,4834434.27,2376804.57
PF21/0081/I608,AN,43.654652,13.243317,50.0,4835029.953,2378349.782
PF22/0081/I608,AN,43.652425,13.245349,50.0,4834779.148,2378508.411
PF23/0081/I608,AN,43.645485,13.241294,50.0,4834015.34,2378165.032
PF24/0081/I608,AN,43.642002,13.24109,50.0,4833628.796,2378140.412
PF25/0081/I608,AN,43.65295,13.236533,50.0,4834852.522,2377798.716
PF21/0082/I608,AN,43.643818,13.234886,50.0,4833841.15,2377644.275
PF23/0082/I608,AN,43.640545,13.232891,50.0,4833481.029,2377475.64
PF24/0082/I608,AN,43.63927,13.239906,50.0,4833327.417,2378038.45
PF22/0083/I608,AN,43.64038,13.250393,50.0,4833432.743,2378886.961
PF21/0084/I608,AN,43.641698,13.251679,50.0,4833576.975,2378993.803
PF22/0084/I608,AN,43.637414,13.250672,50.0,4833102.904,2378902.524
PF21/0085/I608,AN,43.646028,13.264762,7.0,4834035.8,2380059.1
PF22/0085/I608,AN,43.643394,13.264243,50.0,4833744.033,2380011.117
PF23/0085/I608,AN,43.640929,13.262276,50.0,4833473.681,2379846.709
PF24/0085/I608,AN,43.635292,13.258049,50.0,4832854.754,2379492.693
PF21/0086/I608,AN,43.725532,13.119923,50.0,4843120.513,2368577.664
PF22/0086/I608,AN,43.725352,13.126475,50.0,4843088.495,2369104.949
PF24/0086/I608,AN,43.729856,13.129421,50.0,4843583.413,2369353.524
PF25/0086/I608,AN,43.721911,13.123693,50.0,4842711.42,2368872.267
PF21/0087/I608,AN,43.72382,13.142089,50.0,4842890.059,2370358.81
PF22/0087/I608,AN,43.721582,13.133978,50.0,4842656.146,2369699.887
PF23/0087/I608,AN,43.7205,13.142768,50.0,4842520.085,2370405.221
PF24/0087/I608,AN,43.718424,13.12664,50.0,4842318.72,2369100.843
PF25/0087/I608,AN,43.717743,13.133148,50.0,4842231.3,2369623.385
PF26/0087/I608,AN,43.718691,13.129625,8.0,4842343.0,2369342.0
PF21/0088/I608,AN,43.710974,13.142951,50.0,4841461.733,2370396.258
PF22/0088/I608,AN,43.710697,13.126422,50.0,4841460.986,2369063.869
PF23/0088/I608,AN,43.710091,13.133513,50.0,4841380.754,2369633.651
PF25/0088/I608,AN,43.708052,13.127297,50.0,4841165.598,2369127.793
PF26/0088/I608,AN,43.706021,13.140844,50.0,4840915.47,2370214.147
PF27/0088/I608,AN,43.708236,13.144891,50.0,4841154.185,2370545.731
PF28/0088/I608,AN,43.707052,13.13309,10.0,4841043.97,2369591.96
PF21/0089/I608,AN,43.709565,13.148388,50.0,4841295.497,2370830.789
PF22/0089/I608,AN,43.706982,13.150502,50.0,4841004.734,2370994.75
PF23/0089/I608,AN,43.704868,13.144832,50.0,4840780.2,2370532.642
PF24/0089/I608,AN,43.702982,13.142369,50.0,4840575.148,2370329.505
PF25/0089/I608,AN,43.701779,13.152805,50.0,4840422.79,2371167.402
PF26/0089/I608,AN,43.699755,13.147983,50.0,4840206.599,2370773.805
PF27/0089/I608,AN,43.69759,13.144552,50.0,4839972.293,2370491.992
PF28/0089/I608,AN,43.697512,13.153624,50.0,4839947.336,2371222.836
PF29/0089/I608,AN,43.697171,13.150073,50.0,4839915.825,2370935.832
PF31/0089/I608,AN,43.695613,13.146115,50.0,4839749.96,2370613.021
PF21/0090/I608,AN,43.693701,13.159577,50.0,4839513.356,2371693.154
PF22/0090/I608,AN,43.691784,13.157053,8.0,4839305.0,2371485.0
PF23/0090/I608,AN,43.688807,13.166086,50.0,4838958.169,2372205.661
PF21/0092/I608,AN,43.677669,13.184084,50.0,4837689.223,2373629.132
PF22/0092/I608,AN,43.677676,13.180874,50.0,4837695.687,2373370.422
PF23/0092/I608,AN,43.675363,13.180804,50.0,4837438.916,2373359.118
PF24/0092/I608,AN,43.674999,13.188109,50.0,4837385.56,2373947.137
PF25/0092/I608,AN,43.673214,13.183822,50.0,4837194.877,2373597.169
PF27/0092/I608,AN,43.66999,13.17594,50.0,4836850.794,2372953.869
PF28/0092/I608,AN,43.669094,13.181298,8.0,4836741.76,2373383.67
PF21/0093/I608,AN,43.671176,13.192656,50.0,4836952.941,2374304.402
PF22/0093/I608,AN,43.670232,13.189674,50.0,4836853.353,2374061.733
PF23/0093/I608,AN,43.66889,13.186462,50.0,4836709.943,2373799.493
PF21/0094/I608,AN,43.670226,13.195269,50.0,4836842.887,2374512.744
PF22/0094/I608,AN,43.673046,13.199079,10.0,4837149.431,2374826.786
PF23/0094/I608,AN,43.669341,13.201571,8.0,4836733.6,2375018.72
PF23/0095/I608,AN,43.661878,13.200511,50.0,4835906.542,2374915.293
PF24/0095/I608,AN,43.662108,13.214997,50.0,4835906.834,2376083.823
PF25/0095/I608,AN,43.664491,13.214249,50.0,4836172.786,2376029.247
PF26/0095/I608,AN,43.663027,13.196665,10.0,4836040.85,2374607.96
PF21/0096/I608,AN,43.661485,13.210646,50.0,4835845.249,2375731.521
PF22/0096/I608,AN,43.660655,13.205492,50.0,4835762.0,2375314.0
PF21/0097/I608,AN,43.657749,13.214547,50.0,4835423.484,2376037.158
PF22/0097/I608,AN,43.656054,13.211885,50.0,4835239.844,2375818.399
PF23/0097/I608,AN,43.653246,13.205134,8.0,4834939.7,2375267.3
PF24/0097/I608,AN,43.652122,13.208594,50.0,4834808.877,2375543.628
PF25/0097/I608,AN,43.653369,13.216385,50.0,4834933.878,2376174.882
PF21/0098/I608,AN,43.648251,13.215533,50.0,4834366.919,2376093.987
PF22/0098/I608,AN,43.645115,13.215738,50.0,4834018.176,2376102.997
PF23/0098/I608,AN,43.645162,13.220089,50.0,4834015.868,2376454.013
PF24/0098/I608,AN,43.649731,13.207636,50.0,4834545.004,2375460.605
PF25/0098/I608,AN,43.652584,13.21337,50.0,4834851.883,2375929.916
PF21/0099/I608,AN,43.641832,13.221993,50.0,4833642.707,2376599.65
PF22/0099/I608,AN,43.637813,13.221012,50.0,4833198.05,2376510.955
PF23/0099/I608,AN,43.638861,13.227589,50.0,4833303.127,2377043.994
PF21/0100/I608,AN,43.705014,13.137517,50.0,4840809.563,2369943.591
PF22/0100/I608,AN,43.703306,13.134883,50.0,4840624.638,2369727.053
PF23/0100/I608,AN,43.69985,13.130931,10.0,4840248.005,2369399.962
PF24/0100/I608,AN,43.699345,13.136983,50.0,4840180.916,2369886.405
PF21/0102/I608,AN,43.691437,13.149341,50.0,4839280.371,2370862.602
PF22/0102/I608,AN,43.690016,13.154808,50.0,4839112.664,2371299.717
PF23/0102/I608,AN,43.686782,13.154336,50.0,4838754.286,2371253.656
PF24/0102/I608,AN,43.68637,13.144568,50.0,4838726.121,2370465.33
PF21/0103/I608,AN,43.680874,13.158948,50.0,4838089.93,2371610.849
PF22/0103/I608,AN,43.679084,13.164372,8.0,4837881.4,2372043.63
PF23/0103/I608,AN,43.676323,13.16015,50.0,4837582.28,2371696.477
PF24/0103/I608,AN,43.673676,13.159848,50.0,4837288.844,2371665.607
PF21/0104/I608,AN,43.678436,13.177546,50.0,4837785.948,2373103.951
PF22/0104/I608,AN,43.677695,13.172876,50.0,4837711.939,2372725.69
PF23/0104/I608,AN,43.673549,13.172209,50.0,4837252.665,2372661.771
PF24/0104/I608,AN,43.673428,13.165348,50.0,4837251.408,2372108.435
PF21/0105/I608,AN,43.667303,13.177018,10.0,4836550.464,2373034.242
PF22/0105/I608,AN,43.666399,13.184064,50.0,4836437.527,2373600.121
PF24/0105/I608,AN,43.665736,13.174277,50.0,4836381.189,2372809.441
PF25/0105/I608,AN,43.664976,13.17064,50.0,4836303.251,2372514.353
PF26/0105/I608,AN,43.664554,13.177012,50.0,4836245.073,2373027.026
PF27/0105/I608,AN,43.665597,13.189736,50.0,4836338.485,2374055.492
PF28/0105/I608,AN,43.663287,13.182804,50.0,4836094.18,2373490.991
PF21/0106/I608,AN,43.658362,13.19502,50.0,4835525.691,2374464.043
PF22/0106/I608,AN,43.656923,13.191873,50.0,4835371.345,2374206.808
PF23/0106/I608,AN,43.656546,13.197122,50.0,4835320.223,2374629.127
PF21/0107/I608,AN,43.652973,13.199472,50.0,4834919.264,2374810.061
PF22/0107/I608,AN,43.647876,13.194926,50.0,4834361.121,2374431.152
PF23/0107/I608,AN,43.643715,13.200888,50.0,4833888.556,2374901.903
PF21/0108/I608,AN,43.64513,13.203943,12.0,4834040.37,2375151.77
PF22/0108/I608,AN,43.644556,13.207241,50.0,4833970.846,2375416.377
PF23/0108/I608,AN,43.639371,13.211558,50.0,4833387.507,2375752.147
PF24/0108/I608,AN,43.637095,13.213023,50.0,4833132.134,2375864.883
PF21/0109/I608,AN,43.686056,13.137988,50.0,4838703.157,2369934.263
PF23/0109/I608,AN,43.682342,13.138917,50.0,4838288.996,2369999.843
PF24/0109/I608,AN,43.682718,13.146422,10.0,4838317.23,2370605.74
PF21/0110/I608,AN,43.678703,13.143757,50.0,4837876.05,2370380.933
PF23/0110/I608,AN,43.675689,13.149159,50.0,4837531.528,2370808.911
PF24/0110/I608,AN,43.678688,13.147732,50.0,4837867.251,2370701.337
PF22/0111/I608,AN,43.678011,13.154156,50.0,4837780.514,2371217.492
PF23/0111/I608,AN,43.67466,13.155817,50.0,4837405.34,2371343.063
PF25/0111/I608,AN,43.681875,13.153555,10.0,4838210.69,2371178.6
PF21/0112/I608,AN,43.674463,13.137603,50.0,4837416.226,2369874.335
PF22/0112/I608,AN,43.67202,13.137017,10.0,4837146.0,2369821.0
PF23/0112/I608,AN,43.670335,13.138774,50.0,4836955.672,2369958.379
PF22/0113/I608,AN,43.670757,13.155693,50.0,4836972.028,2371323.498
PF23/0113/I608,AN,43.670447,13.151884,50.0,4836944.444,2371015.597
PF24/0113/I608,AN,43.672317,13.144386,50.0,4837165.688,2370415.752
PF21/0115/I608,AN,43.660866,13.164934,50.0,4835857.001,2372044.142
PF22/0115/I608,AN,43.659604,13.155884,50.0,4835732.995,2371311.304
PF23/0115/I608,AN,43.659343,13.160774,8.0,4835695.3,2371705.0
PF24/0115/I608,AN,43.656303,13.157257,50.0,4835363.852,2371413.87
PF25/0115/I608,AN,43.655088,13.153712,50.0,4835235.318,2371124.982
PF26/0115/I608,AN,43.653272,13.160589,50.0,4835021.268,2371675.128
PF21/0117/I608,AN,43.659104,13.179128,50.0,4835636.095,2373184.343
PF22/0117/I608,AN,43.654896,13.177295,50.0,4835171.971,2373026.271
PF23/0117/I608,AN,43.654045,13.187993,50.0,4835058.545,2373886.966
PF24/0117/I608,AN,43.652855,13.181535,50.0,4834937.795,2373363.248
PF21/0118/I608,AN,43.649185,13.184076,50.0,4834525.652,2373559.204
PF24/0118/I608,AN,43.641632,13.17881,50.0,4833696.076,2373116.135
PF25/0118/I608,AN,43.641311,13.183579,50.0,4833652.043,2373500.019
PF26/0118/I608,AN,43.640775,13.189084,50.0,4833582.726,2373942.779
PF27/0118/I608,AN,43.648204,13.180334,50.0,4834423.327,2373255.103
PF29/0118/I608,AN,43.645461,13.186529,50.0,4834107.746,2373748.044
PF21/0119/I608,AN,43.649305,13.193779,50.0,4834521.921,2374342.064
PF22/0119/I608,AN,43.645574,13.196605,50.0,4834102.553,2374560.96
PF23/0119/I608,AN,43.641213,13.196267,50.0,4833618.829,2374523.193
PF21/0120/I608,AN,43.641907,13.199814,50.0,4833689.688,2374810.93
PF22/0120/I608,AN,43.638819,13.200513,50.0,4833345.487,2374859.887
PF23/0120/I608,AN,43.629075,13.194686,10.0,4832273.45,2374366.34
PF21/0121/I608,AN,43.641905,13.204596,50.0,4833681.09,2375196.631
PF22/0121/I608,AN,43.634605,13.205094,50.0,4832869.433,2375219.286
PF23/0121/I608,AN,43.630778,13.204447,50.0,4832445.536,2375157.873
PF21/0122/I608,AN,43.651321,13.154648,8.0,4834815.2,2371191.2
PF22/0122/I608,AN,43.648342,13.153432,50.0,4834486.538,2371085.784
PF23/0122/I608,AN,43.647964,13.15685,8.0,4834438.4,2371360.47
PF24/0122/I608,AN,43.646885,13.160791,50.0,4834311.599,2371675.65
PF25/0122/I608,AN,43.643536,13.156639,50.0,4833946.997,2371332.575
PF21/0123/I608,AN,43.650079,13.163272,50.0,4834661.909,2371883.652
PF22/0123/I608,AN,43.647871,13.165026,50.0,4834413.495,2372019.656
PF23/0123/I608,AN,43.643826,13.167359,50.0,4833960.068,2372197.866
PF24/0123/I608,AN,43.642863,13.176376,50.0,4833837.071,2372922.82
PF25/0123/I608,AN,43.640058,13.174915,50.0,4833528.19,2372798.15
PF26/0123/I608,AN,43.638299,13.16807,50.0,4833344.996,2372241.692
PF21/0124/I608,AN,43.627443,13.203856,50.0,4832076.084,2375102.221
PF22/0124/I608,AN,43.625862,13.197751,50.0,4831911.179,2374605.824
PF24/0124/I608,AN,43.623537,13.196899,50.0,4831654.454,2374531.5
PF25/0124/I608,AN,43.624971,13.19341,50.0,4831819.871,2374253.451
PF26/0124/I608,AN,43.619974,13.192493,50.0,4831266.529,2374167.394
PF27/0124/I608,AN,43.619598,13.189258,50.0,4831230.407,2373905.43
PF28/0124/I608,AN,43.625087,13.199987,50.0,4831821.203,2374784.416
PF21/0125/I608,AN,43.645081,13.16324,50.0,4834106.831,2371868.761
PF22/0125/I608,AN,43.643024,13.160431,50.0,4833883.341,2371637.173
PF23/0125/I608,AN,43.636562,13.161342,50.0,4833164.055,2371694.672
PF21/0126/I608,AN,43.64117,13.150598,50.0,4833695.148,2370839.428
PF22/0126/I608,AN,43.637281,13.147723,50.0,4833268.318,2370597.878
PF22/0128/I608,AN,43.60476,13.184977,10.0,4829590.0,2373524.0
PF01/0001/I643,AN,43.559204,13.023665,12.0,4824827.48,2360384.43
PF04/0001/I643,AN,43.559504,13.031671,50.0,4824845.462,2361031.888
PF09/0001/I643,AN,43.565608,13.028419,50.0,4825529.715,2360785.259
PF10/0001/I643,AN,43.560521,13.026277,20.0,4824968.75,2360598.863
PF02/0002/I643,AN,43.566137,13.040342,50.0,4825565.626,2361749.557
PF04/0002/I643,AN,43.567637,13.046161,50.0,4825721.21,2362223.428
PF06/0002/I643,AN,43.573258,13.053154,50.0,4826332.185,2362802.786
PF07/0002/I643,AN,43.57334,13.046057,50.0,4826354.741,2362229.963
PF09/0002/I643,AN,43.564924,13.036092,20.0,4825438.998,2361403.156
PF01/0003/I643,AN,43.565525,13.061069,50.0,4825458.424,2363421.872
PF02/0003/I643,AN,43.562797,13.053957,12.0,4825168.83,2362840.47
PF03/0003/I643,AN,43.571304,13.051463,50.0,4826118.381,2362661.175
PF05/0003/I643,AN,43.569719,13.06336,50.0,4825919.925,2363617.828
PF08/0003/I643,AN,43.573655,13.060434,50.0,4826362.568,2363391.702
PF09/0003/I643,AN,43.57422,13.056626,21.0,4826432.492,2363085.665
PF01/0004/I643,AN,43.567704,13.067184,50.0,4825688.868,2363921.417
PF02/0004/I643,AN,43.57318,13.066064,50.0,4826299.235,2363845.101
PF05/0004/I643,AN,43.56594,13.069431,21.0,4825488.766,2364098.292
PF04/0005/I643,AN,43.559774,13.040646,50.0,4824858.317,2361757.472
PF06/0005/I643,AN,43.558425,13.04384,50.0,4824702.406,2362011.941
PF07/0005/I643,AN,43.555497,13.040793,50.0,4824383.037,2361758.138
PF08/0005/I643,AN,43.553149,13.041622,12.0,4824120.69,2361818.94
PF09/0005/I643,AN,43.559312,13.03626,21.0,4824815.376,2361401.994
PF02/0006/I643,AN,43.558384,13.068599,50.0,4824651.079,2364011.618
PF06/0006/I643,AN,43.563303,13.068298,10.0,4825198.0,2364000.0
PF08/0006/I643,AN,43.561419,13.071606,21.0,4824982.56,2364262.294
PF01/0007/I643,AN,43.54693,13.014011,50.0,4823482.928,2359572.093
PF06/0007/I643,AN,43.552566,13.019403,12.0,4824098.47,2360022.59
PF10/0007/I643,AN,43.554016,13.022713,50.0,4824253.191,2360293.824
PF11/0007/I643,AN,43.551577,13.023697,50.0,4823980.407,2360366.917
PF15/0007/I643,AN,43.550171,13.016863,50.0,4823837.377,2359811.118
PF16/0007/I643,AN,43.555991,13.020857,12.0,4824476.07,2360149.14
PF17/0007/I643,AN,43.547941,13.019594,20.0,4823584.491,2360025.801
PF01/0008/I643,AN,43.544497,13.031703,50.0,4823178.652,2360994.942
PF02/0008/I643,AN,43.547189,13.032511,14.0,4823476.12,2361067.35
PF03/0008/I643,AN,43.550077,13.034696,50.0,4823792.737,2361251.416
PF04/0008/I643,AN,43.550544,13.03136,50.0,4823850.972,2360983.135
PF06/0008/I643,AN,43.55491,13.032409,50.0,4824333.876,2361079.369
PF07/0008/I643,AN,43.555139,13.035584,50.0,4824353.228,2361336.486
PF08/0008/I643,AN,43.55741,13.025785,50.0,4824624.231,2360550.898
PF10/0008/I643,AN,43.547127,13.02308,50.0,4823487.368,2360305.307
PF12/0008/I643,AN,43.547647,13.036835,50.0,4823518.74,2361417.856
PF13/0008/I643,AN,43.553002,13.035319,12.0,4824116.38,2361309.46
PF14/0008/I643,AN,43.544609,13.026439,20.0,4823201.272,2360569.984
PF01/0009/I643,AN,43.553482,13.046662,50.0,4824148.154,2362226.984
PF04/0009/I643,AN,43.559491,13.051996,50.0,4824805.412,2362673.497
PF06/0009/I643,AN,43.549291,13.052164,50.0,4823672.148,2362660.48
PF07/0009/I643,AN,43.551837,13.051624,21.0,4823955.959,2362623.47
PF03/0010/I643,AN,43.556192,13.061195,50.0,4824421.622,2363407.909
PF04/0010/I643,AN,43.550483,13.06282,50.0,4823784.502,2363524.399
PF05/0010/I643,AN,43.559875,13.061974,20.0,4824829.165,2363480.353
PF02/0011/I643,AN,43.556113,13.070802,50.0,4824394.77,2364183.703
PF04/0011/I643,AN,43.550939,13.070029,21.0,4823821.545,2364107.897
PF03/0012/I643,AN,43.544772,13.011137,50.0,4823248.788,2359334.209
PF05/0012/I643,AN,43.537537,13.018421,50.0,4822431.165,2359903.521
PF07/0012/I643,AN,43.535827,13.025797,50.0,4822227.059,2360494.975
PF08/0012/I643,AN,43.537183,13.029248,50.0,4822371.056,2360777.374
PF12/0012/I643,AN,43.541559,13.029268,50.0,4822857.003,2360790.556
PF13/0012/I643,AN,43.543424,13.02229,50.0,4823077.58,2360231.664
PF14/0012/I643,AN,43.536183,13.011237,50.0,4822294.711,2359319.495
PF16/0012/I643,AN,43.539255,13.014312,21.0,4822629.952,2359576.05
PF02/0013/I643,AN,43.544308,13.037715,12.0,4823146.22,2361480.16
PF03/0013/I643,AN,43.541142,13.037677,21.0,4822794.608,2361468.799
PF02/0014/I643,AN,43.54382,13.042035,12.0,4823083.79,2361827.93
PF03/0014/I643,AN,43.542547,13.045971,50.0,4822934.882,2362142.573
PF08/0014/I643,AN,43.548831,13.043072,50.0,4823638.318,2361924.77
PF10/0014/I643,AN,43.541939,13.041551,50.0,4822875.779,2361783.907
PF11/0014/I643,AN,43.545849,13.047484,21.0,4823298.743,2362273.422
PF01/0015/I643,AN,43.543828,13.05554,50.0,4823059.014,2362919.043
PF04/0015/I643,AN,43.542482,13.050459,10.0,4822919.17,2362505.03
PF05/0015/I643,AN,43.547238,13.055086,21.0,4823438.62,2362891.176
PF01/0016/I643,AN,43.532626,13.030253,50.0,4821862.991,2360846.569
PF02/0016/I643,AN,43.529364,13.038524,12.0,4821484.9,2361506.42
PF03/0016/I643,AN,43.533289,13.039394,50.0,4821919.163,2361586.993
PF04/0016/I643,AN,43.533062,13.03531,50.0,4821901.82,2361256.352
PF05/0016/I643,AN,43.536223,13.033433,50.0,4822256.415,2361113.008
PF07/0016/I643,AN,43.540868,13.032851,50.0,4822773.42,2361078.17
PF10/0016/I643,AN,43.538906,13.035338,50.0,4822550.746,2361273.953
PF12/0016/I643,AN,43.534641,13.041826,21.0,4822064.78,2361787.008
PF03/0017/I643,AN,43.53312,13.052209,50.0,4821876.146,2362622.023
PF04/0017/I643,AN,43.536838,13.045172,50.0,4822302.403,2362063.137
PF06/0017/I643,AN,43.539481,13.042657,50.0,4822600.698,2361866.855
PF08/0017/I643,AN,43.540212,13.05175,50.0,4822664.665,2362603.427
PF12/0017/I643,AN,43.536562,13.053679,50.0,4822255.544,2362749.727
PF13/0017/I643,AN,43.533431,13.043573,20.0,4821927.069,2361925.007
PF01/0018/I643,AN,43.522877,13.013721,50.0,4820812.064,2359484.862
PF02/0018/I643,AN,43.524186,13.018648,50.0,4820947.889,2359886.502
PF03/0018/I643,AN,43.5252,13.013834,50.0,4821069.842,2359500.173
PF04/0018/I643,AN,43.532263,13.019979,50.0,4821842.477,2360015.47
PF05/0018/I643,AN,43.527594,13.017907,20.0,4821327.889,2359835.636
PF01/0019/I643,AN,43.520133,13.022003,12.0,4820491.36,2360146.93
PF03/0019/I643,AN,43.524713,13.026979,50.0,4820990.399,2360561.149
PF04/0019/I643,AN,43.530774,13.022493,50.0,4821672.172,2360214.636
PF06/0019/I643,AN,43.520824,13.029879,50.0,4820552.954,2360785.326
PF07/0019/I643,AN,43.529045,13.026998,50.0,4821471.572,2360574.132
PF08/0019/I643,AN,43.526572,13.022523,20.0,4821205.5,2360205.964
PF01/0020/I643,AN,43.527067,13.035671,50.0,4821235.21,2361269.831
PF02/0020/I643,AN,43.530799,13.043358,12.0,4821635.08,2361900.79
PF03/0020/I643,AN,43.524307,13.044074,50.0,4820912.74,2361941.696
PF04/0020/I643,AN,43.52634,13.050145,50.0,4821126.979,2362437.588
PF05/0020/I643,AN,43.529052,13.049356,12.0,4821429.66,2362380.92
PF06/0020/I643,AN,43.5237,13.051426,20.0,4820831.394,2362534.234
PF01/0021/I643,AN,43.511647,13.025679,50.0,4819541.8,2360421.713
PF03/0021/I643,AN,43.515189,13.029403,50.0,4819927.997,2360732.036
PF05/0021/I643,AN,43.516157,13.021683,50.0,4820050.385,2360110.613
PF08/0021/I643,AN,43.514966,13.034117,21.0,4819894.266,2361112.441
PF02/0022/I643,AN,43.515567,13.043601,12.0,4819942.88,2361880.63
PF03/0022/I643,AN,43.521738,13.040764,12.0,4820633.65,2361667.43
PF04/0022/I643,AN,43.520448,13.050018,50.0,4820472.86,2362411.989
PF05/0022/I643,AN,43.5193,13.032172,21.0,4820379.34,2360966.618
PF01/0001/I653,AN,43.470303,13.000482,12.0,4814998.58,2358274.57
PF02/0002/I653,AN,43.474086,13.015901,6.0,4815388.91,2359531.83
PF04/0002/I653,AN,43.475169,13.011931,50.0,4815516.871,2359213.582
PF06/0002/I653,AN,43.468152,13.00742,50.0,4814746.238,2358830.087
PF07/0002/I653,AN,43.471275,13.010888,50.0,4815086.45,2359118.868
PF02/0003/I653,AN,43.467381,13.034228,50.0,4814609.071,2360996.579
PF03/0003/I653,AN,43.465663,13.025577,50.0,4814434.776,2360292.274
PF04/0003/I653,AN,43.469759,13.024549,12.0,4814891.73,2360219.92
PF05/0003/I653,AN,43.467509,13.022514,12.0,4814645.76,2360049.34
PF06/0003/I653,AN,43.471252,13.01787,50.0,4815070.344,2359683.558
PF01/0004/I653,AN,43.469103,12.995125,12.0,4814875.78,2357838.03
PF03/0004/I653,AN,43.46298,12.992688,12.0,4814200.47,2357624.49
PF04/0004/I653,AN,43.465565,12.993928,12.0,4814485.15,2357731.76
PF02/0005/I653,AN,43.464598,13.007093,50.0,4814352.133,2358794.148
PF04/0005/I653,AN,43.460384,13.006998,50.0,4813884.388,2358775.242
PF05/0005/I653,AN,43.464898,13.002025,50.0,4814395.371,2358384.955
PF06/0005/I653,AN,43.463234,13.013443,50.0,4814188.374,2359304.226
PF07/0005/I653,AN,43.457668,13.009982,50.0,4813576.887,2359009.447
PF03/0006/I653,AN,43.454367,13.018935,12.0,4813193.01,2359725.07
PF04/0006/I653,AN,43.452267,13.018439,12.0,4812960.79,2359679.45
PF05/0006/I653,AN,43.458302,13.015052,12.0,4813637.56,2359421.33
PF06/0006/I653,AN,43.460698,13.017222,12.0,4813899.48,2359603.24
PF07/0006/I653,AN,43.458877,13.02398,50.0,4813684.197,2360145.19
PF08/0006/I653,AN,43.463576,13.016478,50.0,4814220.489,2359550.659
PF10/0006/I653,AN,43.467038,13.01916,12.0,4814599.89,2359776.79
PF12/0006/I653,AN,43.453766,13.014906,12.0,4813134.02,2359397.52
PF01/0007/I653,AN,43.452816,13.024101,50.0,4813010.893,2360138.965
PF04/0007/I653,AN,43.4564,13.027085,12.0,4813403.16,2360389.82
PF06/0007/I653,AN,43.457333,13.031325,50.0,4813498.657,2360735.325
PF07/0007/I653,AN,43.458392,13.028847,50.0,4813621.032,2360537.643
PF08/0007/I653,AN,43.460473,13.027906,50.0,4813853.908,2360467.017
PF09/0007/I653,AN,43.461326,13.030673,12.0,4813943.4,2360693.06
PF11/0007/I653,AN,43.460483,13.029989,8.0,4813851.1,2360635.54
PF12/0007/I653,AN,43.453558,13.027064,50.0,4813087.581,2360380.65
PF13/0007/I653,AN,43.455099,13.022895,50.0,4813266.7,2360047.411
PF05/0008/I653,AN,43.456033,13.035019,50.0,4813347.231,2361030.801
PF06/0008/I653,AN,43.454402,13.041757,50.0,4813153.214,2361571.71
PF08/0008/I653,AN,43.458106,13.040572,50.0,4813566.813,2361485.465
PF09/0008/I653,AN,43.458306,13.03723,50.0,4813595.4,2361215.626
PF10/0008/I653,AN,43.459825,13.033583,50.0,4813771.13,2360924.573
PF12/0008/I653,AN,43.461742,13.039195,50.0,4813973.274,2361383.623
PF14/0008/I653,AN,43.450857,13.036861,8.0,4812768.9,2361166.27
PF15/0008/I653,AN,43.455464,13.043828,12.0,4813267.23,2361742.02
PF16/0008/I653,AN,43.463081,13.033603,50.0,4814132.743,2360934.74
PF17/0008/I653,AN,43.453494,13.033544,50.0,4813068.001,2360904.786
PF18/0008/I653,AN,43.44893,13.033568,50.0,4812561.121,2360894.785
PF19/0008/I653,AN,43.451994,13.031981,12.0,4812904.46,2360774.39
PF04/0009/I653,AN,43.45684,13.050906,50.0,4813406.607,2362318.237
PF07/0009/I653,AN,43.461292,13.060421,12.0,4813883.07,2363099.64
PF08/0009/I653,AN,43.463832,13.060299,50.0,4814165.49,2363096.306
PF10/0009/I653,AN,43.456507,13.055025,50.0,4813361.854,2362650.667
PF11/0009/I653,AN,43.461745,13.063162,50.0,4813928.311,2363322.542
PF12/0009/I653,AN,43.45627,13.060052,50.0,4813326.026,2363056.76
PF13/0009/I653,AN,43.453839,13.055919,12.0,4813063.8,2362716.11
PF14/0009/I653,AN,43.4603,13.054827,10.0,4813783.5,2362644.5
PF02/0010/I653,AN,43.446248,13.060495,12.0,4812212.14,2363066.66
PF03/0010/I653,AN,43.449427,13.067025,12.0,4812552.96,2363603.3
PF05/0010/I653,AN,43.451585,13.068977,50.0,4812788.984,2363766.805
PF06/0010/I653,AN,43.454616,13.074311,12.0,4813115.59,2364206.19
PF08/0010/I653,AN,43.457273,13.066754,50.0,4813424.81,2363601.574
PF09/0010/I653,AN,43.449091,13.061645,7.0,4812525.71,2363167.09
PF10/0010/I653,AN,43.448268,13.059531,12.0,4812438.3,2362993.89
PF11/0010/I653,AN,43.446024,13.063481,50.0,4812181.599,2363307.752
PF12/0010/I653,AN,43.452526,13.065254,50.0,4812900.487,2363467.994
PF13/0010/I653,AN,43.4515,13.061452,50.0,4812793.643,2363157.693
PF01/0011/I653,AN,43.446401,12.980815,12.0,4812382.35,2356619.36
PF02/0011/I653,AN,43.443839,12.973917,12.0,4812111.38,2356054.27
PF03/0011/I653,AN,43.446122,12.97443,12.0,4812363.95,2356101.97
PF02/0012/I653,AN,43.449303,12.995726,12.0,4812675.56,2357833.76
PF03/0012/I653,AN,43.45203,12.99098,12.0,4812987.7,2357457.02
PF01/0013/I653,AN,43.459348,13.004173,50.0,4813774.759,2358544.009
PF02/0013/I653,AN,43.462718,13.003111,50.0,4814151.092,2358467.038
PF03/0013/I653,AN,43.450421,13.002395,12.0,4812786.79,2358376.31
PF01/0014/I653,AN,43.44652,13.01038,50.0,4812338.057,2359012.066
PF02/0014/I653,AN,43.444498,13.00882,12.0,4812116.46,2358880.47
PF03/0014/I653,AN,43.444923,13.015215,50.0,4812151.271,2359399.124
PF04/0014/I653,AN,43.449966,13.009644,50.0,4812722.185,2358961.679
PF07/0014/I653,AN,43.451199,13.015436,50.0,4812847.878,2359433.616
PF08/0014/I653,AN,43.44954,13.012551,50.0,4812669.292,2359195.774
PF10/0014/I653,AN,43.455909,13.009402,50.0,4813382.701,2358957.856
PF11/0014/I653,AN,43.447144,13.014006,50.0,4812400.377,2359307.121
PF12/0014/I653,AN,43.450459,13.018918,50.0,4812758.999,2359713.428
PF02/0015/I653,AN,43.447772,13.014511,8.0,4812469.05,2359349.67
PF04/0015/I653,AN,43.44642,13.016597,12.0,4812314.9,2359514.92
PF04/0016/I653,AN,43.444892,13.023121,50.0,4812132.661,2360038.767
PF05/0016/I653,AN,43.449826,13.024285,50.0,4812678.397,2360145.972
PF09/0016/I653,AN,43.442951,13.026672,50.0,4811910.275,2360321.037
PF10/0016/I653,AN,43.444939,13.030062,12.0,4812124.55,2360600.63
PF11/0016/I653,AN,43.442608,13.022897,8.0,4811879.41,2360014.66
PF12/0016/I653,AN,43.445684,13.026405,50.0,4812214.267,2360306.619
PF13/0016/I653,AN,43.445617,13.019173,12.0,4812220.75,2359721.2
PF14/0016/I653,AN,43.448261,13.026711,12.0,4812499.93,2360338.19
PF15/0016/I653,AN,43.450642,13.02807,50.0,4812761.75,2360454.382
PF16/0016/I653,AN,43.448144,13.031201,50.0,4812478.346,2360701.157
PF02/0017/I653,AN,43.448213,13.037732,50.0,4812473.556,2361229.824
PF03/0017/I653,AN,43.448683,13.041319,50.0,4812518.868,2361521.339
PF04/0017/I653,AN,43.44786,13.044321,50.0,4812421.736,2361762.061
PF05/0017/I653,AN,43.450693,13.045871,50.0,4812733.438,2361894.92
PF01/0018/I653,AN,43.449018,13.053142,50.0,4812533.621,2362478.893
PF02/0018/I653,AN,43.445912,13.057722,50.0,4812180.039,2362841.407
PF03/0018/I653,AN,43.443465,13.057537,12.0,4811908.58,2362820.07
PF04/0018/I653,AN,43.454537,13.05048,50.0,4813151.637,2362277.827
PF05/0018/I653,AN,43.454337,13.046626,50.0,4813136.726,2361965.473
PF03/0019/I653,AN,43.438927,13.063454,50.0,4811393.458,2363287.177
PF05/0019/I653,AN,43.435297,13.066994,12.0,4810983.71,2363564.36
PF06/0019/I653,AN,43.442611,13.06363,50.0,4811802.274,2363310.941
PF07/0019/I653,AN,43.441081,13.058155,10.0,4811642.73,2362863.95
PF01/0020/I653,AN,43.444215,13.06791,12.0,4811972.41,2363661.45
PF02/0020/I653,AN,43.447339,13.066732,12.0,4812321.62,2363574.18
PF03/0020/I653,AN,43.446413,13.070165,50.0,4812212.337,2363849.638
PF04/0020/I653,AN,43.446839,13.076518,12.0,4812247.74,2364364.81
PF05/0020/I653,AN,43.451327,13.080719,12.0,4812738.28,2364716.24
PF06/0020/I653,AN,43.438937,13.072994,50.0,4811376.667,2364059.325
PF07/0020/I653,AN,43.449453,13.073942,50.0,4812542.806,2364163.012
PF08/0020/I653,AN,43.441868,13.076266,12.0,4811696.11,2364331.6
PF09/0020/I653,AN,43.453741,13.077576,12.0,4813012.27,2364468.06
PF11/0020/I653,AN,43.444959,13.079384,12.0,4812033.53,2364591.87
PF13/0020/I653,AN,43.448001,13.079935,12.0,4812370.43,2364644.24
PF01/0021/I653,AN,43.443917,12.983812,12.0,4812100.65,2356855.19
PF02/0021/I653,AN,43.447361,12.99347,12.0,4812464.29,2357645.99
PF03/0021/I653,AN,43.443879,12.990833,12.0,4812082.63,2357423.28
PF02/0022/I653,AN,43.438855,12.989701,8.0,4811526.89,2357318.17
PF04/0022/I653,AN,43.43941,12.993776,12.0,4811580.57,2357649.45
PF02/0023/I653,AN,43.441891,12.9991,12.0,4811845.75,2358086.95
PF03/0023/I653,AN,43.443052,13.002568,12.0,4811968.02,2358370.72
PF04/0023/I653,AN,43.442105,13.009234,12.0,4811849.88,2358907.61
PF01/0024/I653,AN,43.431288,13.01182,50.0,4810643.526,2359088.188
PF04/0024/I653,AN,43.436729,13.013547,12.0,4811244.48,2359242.46
PF06/0024/I653,AN,43.440836,13.014794,12.0,4811698.22,2359354.23
PF07/0024/I653,AN,43.44055,13.01052,12.0,4811674.68,2359007.55
PF10/0024/I653,AN,43.440326,13.020015,50.0,4811631.475,2359775.382
PF11/0024/I653,AN,43.436338,13.019068,50.0,4811190.424,2359688.241
PF12/0024/I653,AN,43.442728,13.018545,50.0,4811901.141,2359662.815
PF13/0024/I653,AN,43.442099,13.013714,12.0,4811840.57,2359270.18
PF14/0024/I653,AN,43.430356,13.016428,50.0,4810531.092,2359458.715
PF02/0025/I653,AN,43.441356,13.030602,50.0,4811725.604,2360634.861
PF04/0025/I653,AN,43.444596,13.034153,50.0,4812078.595,2360930.77
PF05/0025/I653,AN,43.43923,13.03707,50.0,4811477.127,2361152.724
PF10/0025/I653,AN,43.43958,13.028609,50.0,4811532.198,2360468.917
PF12/0025/I653,AN,43.437819,13.042902,12.0,4811309.3,2361621.05
PF13/0025/I653,AN,43.440961,13.046756,50.0,4811650.914,2361941.135
PF14/0025/I653,AN,43.436773,13.048358,50.0,4811182.79,2362059.869
PF15/0025/I653,AN,43.445304,13.044567,50.0,4812137.404,2361775.357
PF16/0025/I653,AN,43.442582,13.034065,50.0,4811855.103,2360918.316
PF01/0026/I653,AN,43.433827,13.058002,50.0,4810837.359,2362832.806
PF03/0026/I653,AN,43.435809,13.059655,50.0,4811054.344,2362971.679
PF04/0026/I653,AN,43.435191,13.054462,50.0,4810995.516,2362549.828
PF01/0027/I653,AN,43.436867,13.075636,50.0,4811141.888,2364267.816
PF05/0027/I653,AN,43.436252,13.08435,50.0,4811057.282,2364971.48
PF06/0027/I653,AN,43.435124,13.072476,12.0,4810954.16,2364007.61
PF07/0027/I653,AN,43.434556,13.075036,50.0,4810886.347,2364213.347
PF02/0028/I653,AN,43.442592,13.08162,8.0,4811766.48,2364766.75
PF03/0028/I653,AN,43.436371,13.088793,50.0,4811062.222,2365331.354
PF04/0028/I653,AN,43.447298,13.084189,12.0,4812284.37,2364986.69
PF05/0028/I653,AN,43.442427,13.088043,50.0,4811736.272,2365286.1
PF06/0028/I653,AN,43.439134,13.086037,50.0,4811374.212,2365115.395
PF07/0028/I653,AN,43.43971,13.08049,12.0,4811448.51,2364667.94
PF08/0028/I653,AN,43.433945,13.091204,50.0,4810788.347,2365520.335
PF01/0029/I653,AN,43.42811,12.986998,12.0,4810338.82,2357070.64
PF02/0029/I653,AN,43.425516,12.993454,10.0,4810038.092,2357586.217
PF01/0030/I653,AN,43.429401,12.999121,12.0,4810458.53,2358055.36
PF02/0030/I653,AN,43.437148,13.002946,6.0,4811311.56,2358385.58
PF03/0030/I653,AN,43.438022,13.00416,8.0,4811406.31,2358486.12
PF04/0030/I653,AN,43.432447,13.008704,50.0,4810778.226,2358839.107
PF05/0030/I653,AN,43.436483,13.00862,12.0,4811226.69,2358842.99
PF01/0031/I653,AN,43.433126,13.022413,50.0,4810827.309,2359950.485
PF06/0031/I653,AN,43.437887,13.022973,50.0,4811354.964,2360008.345
PF07/0031/I653,AN,43.440018,13.024543,50.0,4811588.579,2360141.047
PF08/0031/I653,AN,43.429094,13.028055,8.0,4810368.64,2360396.49
PF09/0031/I653,AN,43.431353,13.029842,12.0,4810616.06,2360547.11
PF11/0031/I653,AN,43.435457,13.022703,50.0,4811085.558,2359980.065
PF02/0032/I653,AN,43.434638,13.028847,12.0,4810982.85,2360475.19
PF03/0032/I653,AN,43.435645,13.037207,50.0,4811078.701,2361154.47
PF04/0032/I653,AN,43.438333,13.03292,50.0,4811385.379,2360814.51
PF04/0033/I653,AN,43.429929,13.042184,12.0,4810434.38,2361542.33
PF05/0033/I653,AN,43.435468,13.044198,50.0,4811045.755,2361719.784
PF04/0034/I653,AN,43.430524,13.055907,50.0,4810474.475,2362654.674
PF05/0034/I653,AN,43.427464,13.053655,12.0,4810138.87,2362464.46
PF07/0034/I653,AN,43.429523,13.056574,12.0,4810361.99,2362706.05
PF08/0034/I653,AN,43.425278,13.05264,12.0,4809897.97,2362376.6
PF09/0034/I653,AN,43.427246,13.050125,12.0,4810121.34,2362178.11
PF02/0035/I653,AN,43.431963,13.063283,50.0,4810620.335,2363255.377
PF03/0035/I653,AN,43.431506,13.06704,50.0,4810562.558,2363558.342
PF04/0035/I653,AN,43.427872,13.067462,50.0,4810158.124,2363583.064
PF07/0035/I653,AN,43.424923,13.071603,50.0,4809822.911,2363910.701
PF08/0035/I653,AN,43.429791,13.075544,50.0,4810356.084,2364242.193
PF09/0035/I653,AN,43.430266,13.072098,8.0,4810415.32,2363964.48
PF10/0035/I653,AN,43.427641,13.063434,50.0,4810140.018,2363256.435
PF11/0035/I653,AN,43.432048,13.072309,50.0,4810612.855,2363986.203
PF01/0036/I653,AN,43.425832,13.082898,50.0,4809902.7,2364827.339
PF03/0036/I653,AN,43.433113,13.081152,50.0,4810714.618,2364704.644
PF05/0036/I653,AN,43.432829,13.086925,50.0,4810672.377,2365171.13
PF08/0036/I653,AN,43.432728,13.090256,50.0,4810654.929,2365440.491
PF09/0036/I653,AN,43.428966,13.082221,50.0,4810252.026,2364780.54
PF10/0036/I653,AN,43.432388,13.077951,50.0,4810640.061,2364443.735
PF01/0037/I653,AN,43.423149,13.032795,12.0,4809699.34,2360764.57
PF02/0037/I653,AN,43.426443,13.020006,12.0,4810089.68,2359738.02
PF03/0037/I653,AN,43.424181,13.020698,12.0,4809837.11,2359788.05
PF01/0038/I653,AN,43.415051,13.051581,12.0,4808764.18,2362264.3
PF02/0038/I653,AN,43.422178,13.047405,12.0,4809563.57,2361944.75
PF04/0038/I653,AN,43.425888,13.054926,12.0,4809961.47,2362563.25
PF01/0039/I653,AN,43.421185,13.063801,50.0,4809422.358,2363269.536
PF02/0039/I653,AN,43.419169,13.074247,8.0,4809178.87,2364109.97
PF03/0039/I653,AN,43.421974,13.056913,50.0,4809522.969,2362713.912
PF04/0039/I653,AN,43.423749,13.059702,50.0,4809714.793,2362944.263
PF05/0039/I653,AN,43.422421,13.075116,50.0,4809538.451,2364188.629
PF06/0039/I653,AN,43.425925,13.076324,50.0,4809925.28,2364295.45
PF01/0040/I653,AN,43.413043,13.056234,12.0,4808532.35,2362635.86
PF02/0040/I653,AN,43.421146,13.060593,6.0,4809424.02,2363009.73
PF05/0040/I653,AN,43.417597,13.062478,12.0,4809026.38,2363153.15
PF06/0040/I653,AN,43.418207,13.069192,50.0,4809081.535,2363698.294
PF07/0040/I653,AN,43.416698,13.05585,12.0,4808939.02,2362614.21
PF08/0040/I653,AN,43.414183,13.071603,10.0,4808630.05,2363883.1
PF01/0041/I653,AN,43.411153,13.054432,50.0,4808325.855,2362485.052
PF04/0041/I653,AN,43.402175,13.062105,12.0,4807314.28,2363083.14
PF05/0041/I653,AN,43.404028,13.060241,50.0,4807523.562,2362936.923
PF06/0041/I653,AN,43.407962,13.055896,8.0,4807968.68,2362595.3
PF03/0042/I653,AN,43.398913,13.067411,50.0,4806942.04,2363504.361
PF05/0042/I653,AN,43.403133,13.066482,50.0,4807412.375,2363439.997
PF06/0042/I653,AN,43.405178,13.069149,50.0,4807634.559,2363661.283
PF07/0042/I653,AN,43.407831,13.065591,50.0,4807935.866,2363379.969
PF08/0042/I653,AN,43.406593,13.062344,50.0,4807804.528,2363113.891
PF09/0042/I653,AN,43.409591,13.070815,50.0,4808121.495,2363807.487
PF10/0042/I653,AN,43.401474,13.062812,8.0,4807235.03,2363138.52
PF02/0043/I653,AN,43.402252,13.077042,50.0,4807294.789,2364292.871
PF03/0043/I653,AN,43.400605,13.081575,50.0,4807103.399,2364655.734
PF06/0043/I653,AN,43.393365,13.084535,50.0,4806293.85,2364877.008
PF07/0043/I653,AN,43.395261,13.073908,50.0,4806524.233,2364021.163
PF01/0044/I653,AN,43.391762,13.065438,12.0,4806151.56,2363326.14
PF02/0044/I653,AN,43.397291,13.064942,12.0,4806766.5,2363300.23
PF04/0044/I653,AN,43.401151,13.061452,50.0,4807201.724,2363027.555
PF06/0044/I653,AN,43.39943,13.064016,50.0,4807005.851,2363230.774
PF01/0045/I653,AN,43.391892,13.07436,50.0,4806149.267,2364049.1
PF02/0045/I653,AN,43.390723,13.071731,50.0,4806024.251,2363833.203
PF03/0045/I653,AN,43.396107,13.069765,50.0,4806625.906,2363687.76
PF04/0045/I653,AN,43.39368,13.076613,50.0,4806343.534,2364236.153
PF02/0046/I653,AN,43.381649,13.062651,12.0,4805033.55,2363074.34
PF01/0002/I758,AN,43.540225,13.609915,12.0,4821760.7,2407699.83
PF02/0002/I758,AN,43.547198,13.616546,8.0,4822526.15,2408248.45
PF03/0003/I758,AN,43.537644,13.609991,12.0,4821473.91,2407701.11
PF04/0003/I758,AN,43.541777,13.611099,50.0,4821931.453,2407798.349
PF05/0003/I758,AN,43.535664,13.609869,12.0,4821254.18,2407687.64
PF06/0003/I758,AN,43.534378,13.605219,50.0,4821117.652,2407309.473
PF07/0003/I758,AN,43.53294,13.607075,50.0,4820955.42,2407456.779
PF08/0003/I758,AN,43.531147,13.605992,8.0,4820757.76,2407365.91
PF09/0003/I758,AN,43.530356,13.608649,50.0,4820666.348,2407579.189
PF01/0004/I758,AN,43.534044,13.617655,12.0,4821063.75,2408313.76
PF02/0004/I758,AN,43.53652,13.613371,50.0,4821344.555,2407972.195
PF03/0004/I758,AN,43.537733,13.620425,50.0,4821469.785,2408544.368
PF04/0004/I758,AN,43.539144,13.616311,50.0,4821631.989,2408214.563
PF05/0004/I758,AN,43.539263,13.620568,50.0,4821639.443,2408558.707
PF01/0005/I758,AN,43.525778,13.599126,50.0,4820170.776,2406801.093
PF03/0005/I758,AN,43.530642,13.597957,50.0,4820712.592,2406715.746
PF04/0005/I758,AN,43.531344,13.601565,50.0,4820785.644,2407008.613
PF05/0005/I758,AN,43.529657,13.603353,50.0,4820595.795,2407149.949
PF06/0005/I758,AN,43.526526,13.602269,50.0,4820249.57,2407056.51
PF07/0005/I758,AN,43.527958,13.597512,50.0,4820415.101,2406674.722
PF08/0005/I758,AN,43.534841,13.600053,12.0,4821176.11,2406892.93
PF03/0006/I758,AN,43.525116,13.613764,50.0,4820077.416,2407982.78
PF07/0006/I758,AN,43.528411,13.613946,50.0,4820443.159,2408003.585
PF11/0006/I758,AN,43.522116,13.610088,50.0,4819749.201,2407680.143
PF12/0006/I758,AN,43.526099,13.611758,50.0,4820189.258,2407822.479
PF13/0006/I758,AN,43.528034,13.608764,12.0,4820408.28,2407584.13
PF15/0006/I758,AN,43.520295,13.614657,50.0,4819540.825,2408046.074
PF16/0006/I758,AN,43.52426,13.610579,50.0,4819986.628,2407723.85
PF17/0006/I758,AN,43.527532,13.605708,50.0,4820356.642,2407336.241
PF18/0006/I758,AN,43.523315,13.607033,50.0,4819886.451,2407435.504
PF19/0006/I758,AN,43.526028,13.607777,50.0,4820186.758,2407500.696
PF02/0007/I758,AN,43.525956,13.616893,50.0,4820166.559,2408237.249
PF03/0007/I758,AN,43.523944,13.617311,50.0,4819942.489,2408267.256
PF04/0007/I758,AN,43.530567,13.615569,50.0,4820680.424,2408138.77
PF07/0007/I758,AN,43.523996,13.621367,50.0,4819942.853,2408595.148
PF08/0007/I758,AN,43.532163,13.612689,50.0,4820861.476,2407908.98
PF09/0007/I758,AN,43.522614,13.624577,12.0,4819785.0,2408852.0
PF10/0007/I758,AN,43.523738,13.622955,12.0,4819912.0,2408723.0
PF01/0008/I758,AN,43.520555,13.600589,12.0,4819588.72,2406909.56
PF02/0008/I758,AN,43.521114,13.60354,50.0,4819646.727,2407149.071
PF04/0008/I758,AN,43.522411,13.595354,50.0,4819801.933,2406489.919
PF05/0008/I758,AN,43.518709,13.597773,50.0,4819387.559,2406678.54
PF06/0008/I758,AN,43.518638,13.606978,50.0,4819367.161,2407422.371
PF07/0008/I758,AN,43.518459,13.601941,12.0,4819354.07,2407014.88
PF08/0008/I758,AN,43.517635,13.594004,50.0,4819273.369,2406371.848
PF01/0009/I758,AN,43.507569,13.609041,12.0,4818135.0,2407568.54
PF02/0009/I758,AN,43.509177,13.610986,50.0,4818310.942,2407728.774
PF05/0009/I758,AN,43.515108,13.613995,50.0,4818965.657,2407982.941
PF07/0009/I758,AN,43.51909,13.612232,50.0,4819410.272,2407847.847
PF08/0009/I758,AN,43.511759,13.611815,50.0,4818596.647,2407800.527
PF09/0009/I758,AN,43.514157,13.608538,50.0,4818867.301,2407540.138
PF10/0009/I758,AN,43.514091,13.611351,50.0,4818856.211,2407767.323
PF01/0010/I758,AN,43.521727,13.615748,50.0,4819698.416,2408136.872
PF02/0010/I758,AN,43.523145,13.619385,50.0,4819850.992,2408433.399
PF04/0010/I758,AN,43.517589,13.61629,50.0,4819238.1,2408172.991
PF05/0010/I758,AN,43.521763,13.622324,50.0,4819693.495,2408668.358
PF06/0010/I758,AN,43.51704,13.619866,50.0,4819172.294,2408461.073
PF08/0010/I758,AN,43.514996,13.617909,50.0,4818947.925,2408299.076
PF09/0010/I758,AN,43.518667,13.621583,50.0,4819350.631,2408602.814
PF10/0010/I758,AN,43.521521,13.620501,50.0,4819669.079,2408520.631
PF01/0011/I758,AN,43.519672,13.59171,12.0,4819502.7,2406190.31
PF02/0011/I758,AN,43.509817,13.586569,12.0,4818415.26,2405756.16
PF03/0011/I758,AN,43.512274,13.590408,50.0,4818682.92,2406071.132
PF01/0012/I758,AN,43.510152,13.595003,12.0,4818440.97,2406438.56
PF02/0012/I758,AN,43.510668,13.598784,50.0,4818493.081,2406745.174
PF03/0012/I758,AN,43.514568,13.599642,50.0,4818925.011,2406821.789
PF06/0012/I758,AN,43.516426,13.590883,50.0,4819143.353,2406117.36
PF09/0012/I758,AN,43.515779,13.607744,50.0,4819048.618,2407478.966
PF10/0012/I758,AN,43.514641,13.604234,50.0,4818926.874,2407193.142
PF13/0012/I758,AN,43.511747,13.602581,50.0,4818607.808,2407054.103
PF14/0012/I758,AN,43.512035,13.606453,50.0,4818634.509,2407367.629
PF02/0013/I758,AN,43.504622,13.602123,50.0,4817817.075,2407003.8
PF04/0013/I758,AN,43.507572,13.605521,50.0,4818140.069,2407284.019
PF05/0013/I758,AN,43.506635,13.600133,50.0,4818043.311,2406846.697
PF07/0013/I758,AN,43.510289,13.601925,50.0,4818446.737,2406998.337
PF08/0013/I758,AN,43.505446,13.593926,50.0,4817919.708,2406342.651
PF09/0013/I758,AN,43.502072,13.599935,50.0,4817536.864,2406822.181
PF10/0013/I758,AN,43.504102,13.598592,10.0,4817764.15,2406717.37
PF11/0013/I758,AN,43.504659,13.606369,10.0,4817815.42,2407347.13
PF01/0014/I758,AN,43.505004,13.574824,50.0,4817896.982,2404797.629
PF02/0014/I758,AN,43.508111,13.577584,50.0,4818238.221,2405026.689
PF01/0015/I758,AN,43.495699,13.57398,50.0,4816864.683,2404711.666
PF02/0015/I758,AN,43.500289,13.582677,50.0,4817362.392,2405423.593
PF03/0015/I758,AN,43.497095,13.585717,50.0,4817003.496,2405663.275
PF04/0015/I758,AN,43.507131,13.585059,50.0,4818119.054,2405629.094
PF05/0015/I758,AN,43.504116,13.583009,50.0,4817787.005,2405457.627
PF01/0016/I758,AN,43.498866,13.593492,12.0,4817189.58,2406295.22
PF02/0016/I758,AN,43.507586,13.59462,50.0,4818156.479,2406402.795
PF06/0016/I758,AN,43.502744,13.592358,50.0,4817621.761,2406210.855
PF07/0016/I758,AN,43.502962,13.588534,50.0,4817651.222,2405902.086
PF02/0017/I758,AN,43.500078,13.599115,50.0,4817316.538,2406752.092
PF03/0017/I758,AN,43.499675,13.595336,10.0,4817276.86,2406445.89
PF01/0018/I758,AN,43.494348,13.582943,12.0,4816702.29,2405433.8
PF02/0018/I758,AN,43.491421,13.580913,12.0,4816379.94,2405264.14
PF03/0018/I758,AN,43.496352,13.584664,50.0,4816922.493,2405576.747
PF01/0019/I758,AN,43.492807,13.597939,50.0,4816510.579,2406643.476
PF02/0019/I758,AN,43.494942,13.595718,50.0,4816750.757,2406467.89
PF03/0019/I758,AN,43.491736,13.593614,50.0,4816397.494,2406291.733
PF01/0020/I758,AN,43.488459,13.587441,50.0,4816041.967,2405786.439
PF03/0001/I932,AN,43.448261,13.162467,50.0,4812248.616,2371323.171
PF04/0001/I932,AN,43.449627,13.156147,50.0,4812411.61,2370815.187
PF05/0001/I932,AN,43.445256,13.159626,50.0,4811919.962,2371085.927
PF07/0001/I932,AN,43.437875,13.152799,50.0,4811112.35,2370515.276
PF01/0002/I932,AN,43.44302,13.170673,50.0,4811651.916,2371974.426
PF03/0002/I932,AN,43.440712,13.16898,50.0,4811398.53,2371831.791
PF04/0002/I932,AN,43.446049,13.172971,50.0,4811984.189,2372167.724
PF05/0002/I932,AN,43.440734,13.174678,50.0,4811390.935,2372292.913
PF06/0002/I932,AN,43.444724,13.166598,50.0,4811848.371,2371648.798
PF01/0003/I932,AN,43.444219,13.181096,50.0,4811766.545,2372820.768
PF02/0003/I932,AN,43.449297,13.181381,50.0,4812330.077,2372856.191
PF03/0003/I932,AN,43.448069,13.18391,50.0,4812189.244,2373057.854
PF02/0004/I932,AN,43.455836,13.192313,50.0,4813037.072,2373756.53
PF05/0004/I932,AN,43.453433,13.196537,50.0,4812762.729,2374092.481
PF04/0005/I932,AN,43.464746,13.217411,50.0,4813982.823,2375808.272
PF05/0005/I932,AN,43.460859,13.210074,50.0,4813563.887,2375205.508
PF01/0006/I932,AN,43.456343,13.230266,12.0,4813027.41,2376828.36
PF02/0006/I932,AN,43.457717,13.22531,12.0,4813188.49,2376430.66
PF03/0006/I932,AN,43.45808,13.236627,12.0,4813209.41,2377347.07
PF04/0006/I932,AN,43.457129,13.240542,12.0,4813097.0,2377661.6
PF03/0007/I932,AN,43.440899,13.18877,50.0,4811384.35,2373433.763
PF04/0007/I932,AN,43.447451,13.189729,50.0,4812110.348,2373527.17
PF05/0007/I932,AN,43.439543,13.193057,12.0,4811226.13,2373777.42
PF06/0007/I932,AN,43.447464,13.193223,50.0,4812105.631,2373809.934
PF01/0008/I932,AN,43.440483,13.20191,50.0,4811315.043,2374496.147
PF02/0008/I932,AN,43.446426,13.203831,50.0,4811971.737,2374665.877
PF03/0008/I932,AN,43.449016,13.196431,50.0,4812272.349,2374073.291
PF04/0008/I932,AN,43.448653,13.201954,50.0,4812222.362,2374519.301
PF05/0008/I932,AN,43.444709,13.19645,50.0,4811793.958,2374064.427
PF06/0008/I932,AN,43.452788,13.202142,50.0,4812681.319,2374544.422
PF01/0009/I932,AN,43.457416,13.207904,12.0,4813185.2,2375021.71
PF02/0009/I932,AN,43.453224,13.217957,50.0,4812702.216,2375825.068
PF03/0009/I932,AN,43.460104,13.222065,12.0,4813459.23,2376173.74
PF01/0010/I932,AN,43.447858,13.207035,12.0,4812125.26,2374928.55
PF05/0010/I932,AN,43.441186,13.213219,12.0,4811373.44,2375413.03
PF08/0010/I932,AN,43.44048,13.212332,50.0,4811296.609,2375339.53
PF09/0010/I932,AN,43.439133,13.209897,50.0,4811151.221,2375139.282
PF02/0011/I932,AN,43.452147,13.223942,50.0,4812572.199,2376306.796
PF03/0012/I932,AN,43.455239,13.23327,50.0,4812899.569,2377068.836
PF01/0013/I932,AN,43.424746,13.151909,50.0,4809655.882,2370410.951
PF04/0013/I932,AN,43.432352,13.155618,50.0,4810493.915,2370729.837
PF01/0014/I932,AN,43.431455,13.165524,50.0,4810376.631,2371529.419
PF02/0014/I932,AN,43.439383,13.164515,50.0,4811258.882,2371467.176
PF03/0014/I932,AN,43.434369,13.170633,50.0,4810691.115,2371950.044
PF01/0015/I932,AN,43.433161,13.173162,50.0,4810552.478,2372151.843
PF02/0015/I932,AN,43.436551,13.178844,8.0,4810918.99,2372619.96
PF03/0015/I932,AN,43.435445,13.181879,50.0,4810790.697,2372862.868
PF04/0015/I932,AN,43.438096,13.176007,50.0,4811095.562,2372394.076
PF05/0015/I932,AN,43.438977,13.183496,50.0,4811180.103,2373002.301
PF07/0015/I932,AN,43.434972,13.174683,50.0,4810750.923,2372279.29
PF01/0016/I932,AN,43.433923,13.190586,50.0,4810606.327,2373563.873
PF02/0016/I932,AN,43.432022,13.191154,50.0,4810394.263,2373605.322
PF04/0016/I932,AN,43.435783,13.189293,50.0,4810815.232,2373463.758
PF05/0016/I932,AN,43.438003,13.189024,50.0,4811062.182,2373447.299
PF07/0016/I932,AN,43.438515,13.195409,50.0,4811107.929,2373965.296
PF11/0016/I932,AN,43.435567,13.197509,50.0,4810776.75,2374128.198
PF12/0016/I932,AN,43.431683,13.194464,12.0,4810350.79,2373872.41
PF13/0016/I932,AN,43.439879,13.198978,50.0,4811253.07,2374257.441
PF14/0016/I932,AN,43.438987,13.203553,50.0,4811146.101,2374625.548
PF01/0017/I932,AN,43.433054,13.183956,50.0,4810521.531,2373025.206
PF03/0017/I932,AN,43.432683,13.188527,12.0,4810472.26,2373394.28
PF04/0017/I932,AN,43.433537,13.186249,12.0,4810571.13,2373211.98
PF03/0018/I932,AN,43.428944,13.192632,50.0,4810049.752,2373717.492
PF05/0018/I932,AN,43.434216,13.20233,50.0,4810618.282,2374515.149
PF06/0018/I932,AN,43.429554,13.197676,50.0,4810108.68,2374127.234
PF07/0018/I932,AN,43.438389,13.20532,12.0,4811076.55,2374767.08
PF08/0018/I932,AN,43.424982,13.200345,50.0,4809596.294,2374332.304
PF09/0018/I932,AN,43.426879,13.194488,12.0,4809817.15,2373862.72
PF01/0019/I932,AN,43.435396,13.209502,50.0,4810736.881,2375098.426
PF03/0019/I932,AN,43.435168,13.22517,50.0,4810684.369,2376365.978
PF04/0019/I932,AN,43.437751,13.224884,50.0,4810971.794,2376348.906
PF05/0019/I932,AN,43.440228,13.223238,50.0,4811249.715,2376221.572
PF08/0019/I932,AN,43.436797,13.212956,50.0,4810886.508,2375381.266
PF09/0019/I932,AN,43.433532,13.211895,50.0,4810525.677,2375287.608
PF10/0019/I932,AN,43.441908,13.215443,50.0,4811449.819,2375594.744
PF01/0020/I932,AN,43.445241,13.219264,50.0,4811813.371,2375911.842
PF02/0020/I932,AN,43.442934,13.218576,8.0,4811558.28,2375850.74
PF04/0020/I932,AN,43.448892,13.214673,50.0,4812226.784,2375549.029
PF02/0021/I932,AN,43.422121,13.163175,8.0,4809344.15,2371316.44
PF03/0021/I932,AN,43.423039,13.157695,12.0,4809455.89,2370875.08
PF04/0021/I932,AN,43.419601,13.160106,12.0,4809069.75,2371061.85
PF05/0021/I932,AN,43.421892,13.166611,12.0,4809312.63,2371594.08
PF06/0021/I932,AN,43.424926,13.159055,12.0,4809663.09,2370989.79
PF07/0021/I932,AN,43.425663,13.166207,50.0,4809732.171,2371570.528
PF03/0022/I932,AN,43.425546,13.172858,50.0,4809707.358,2372108.679
PF04/0022/I932,AN,43.426348,13.178143,50.0,4809786.984,2372538.421
PF05/0022/I932,AN,43.420331,13.173897,50.0,4809126.251,2372180.038
PF06/0022/I932,AN,43.423812,13.169257,50.0,4809521.181,2371812.897
PF07/0022/I932,AN,43.419995,13.170814,50.0,4809094.487,2371929.678
PF08/0022/I932,AN,43.429153,13.174521,10.0,4810104.941,2372252.085
PF01/0023/I932,AN,43.419931,13.183232,12.0,4809065.29,2372934.79
PF02/0023/I932,AN,43.424434,13.177565,50.0,4809575.499,2372486.946
PF03/0023/I932,AN,43.428223,13.179712,12.0,4809992.5,2372669.94
PF04/0023/I932,AN,43.42188,13.180801,50.0,4809286.095,2372742.762
PF05/0023/I932,AN,43.419138,13.177281,12.0,4808987.74,2372451.08
PF01/0024/I932,AN,43.426993,13.207882,50.0,4809806.447,2374947.206
PF02/0024/I932,AN,43.428517,13.217191,50.0,4809959.508,2375704.389
PF03/0024/I932,AN,43.428337,13.220192,50.0,4809934.321,2375946.805
PF04/0024/I932,AN,43.428955,13.206038,50.0,4810027.599,2374802.604
PF05/0024/I932,AN,43.430893,13.218533,50.0,4810221.033,2375818.596
PF02/0025/I932,AN,43.422745,13.185181,12.0,4809374.41,2373099.37
PF03/0025/I932,AN,43.422757,13.190897,50.0,4809365.74,2373562.147
PF04/0025/I932,AN,43.42381,13.188359,50.0,4809487.123,2373359.227
PF05/0025/I932,AN,43.424837,13.189362,50.0,4809599.359,2373442.881
PF07/0025/I932,AN,43.428751,13.188422,50.0,4810035.701,2373376.256
PF08/0025/I932,AN,43.427654,13.184726,12.0,4809920.42,2373074.43
PF09/0025/I932,AN,43.431093,13.189239,50.0,4810294.395,2373448.053
PF10/0025/I932,AN,43.431338,13.186556,50.0,4810326.38,2373231.465
PF11/0025/I932,AN,43.430741,13.182041,50.0,4810268.01,2372864.591
PF12/0025/I932,AN,43.433075,13.181349,50.0,4810528.445,2372814.223
PF13/0025/I932,AN,43.426653,13.190707,50.0,4809798.702,2373556.175
PF01/0026/I932,AN,43.421629,13.198036,50.0,4809227.865,2374137.303
PF02/0026/I932,AN,43.418482,13.200868,50.0,4808873.397,2374359.051
PF04/0026/I932,AN,43.423698,13.193684,12.0,4809465.34,2373790.04
PF05/0026/I932,AN,43.424971,13.196954,12.0,4809600.96,2374057.79
PF06/0026/I932,AN,43.419656,13.204502,50.0,4808997.438,2374656.066
PF01/0027/I932,AN,43.422255,13.201754,50.0,4809290.944,2374439.847
PF02/0027/I932,AN,43.421398,13.207384,8.0,4809185.95,2374893.54
PF03/0027/I932,AN,43.424782,13.214267,50.0,4809549.76,2375458.778
PF01/0028/I932,AN,43.416949,13.151298,50.0,4808790.98,2370342.239
PF02/0028/I932,AN,43.419303,13.151259,50.0,4809052.567,2370344.907
PF03/0028/I932,AN,43.41668,13.157161,50.0,4808750.583,2370816.204
PF02/0001/M318A,AN,43.725567,13.077174,12.0,4843203.43,2365134.51
PF03/0001/M318A,AN,43.722139,13.06766,50.0,4842840.533,2364359.331
PF04/0001/M318A,AN,43.722899,13.064187,50.0,4842931.477,2364081.489
PF01/0002/M318A,AN,43.721956,13.084206,50.0,4842789.187,2365691.607
PF04/0002/M318A,AN,43.722531,13.076532,50.0,4842867.443,2365074.951
PF05/0002/M318A,AN,43.725936,13.082253,50.0,4843234.942,2365544.518
PF07/0002/M318A,AN,43.726923,13.088102,50.0,4843333.584,2366018.213
PF09/0002/M318A,AN,43.724584,13.089749,50.0,4843070.839,2366144.884
PF10/0002/M318A,AN,43.723414,13.086555,50.0,4842946.784,2365884.607
PF11/0002/M318A,AN,43.72722,13.09515,50.0,4843353.524,2366586.636
PF12/0002/M318A,AN,43.727074,13.091384,50.0,4843344.314,2366282.876
PF01/0003/M318A,AN,43.72055,13.103108,50.0,4842598.019,2367210.606
PF04/0003/M318A,AN,43.724455,13.101859,50.0,4843034.047,2367119.959
PF05/0003/M318A,AN,43.726381,13.106683,50.0,4843239.022,2367513.436
PF06/0003/M318A,AN,43.722714,13.105909,50.0,4842833.237,2367441.72
PF07/0003/M318A,AN,43.727713,13.096689,50.0,4843405.482,2366711.806
PF09/0003/M318A,AN,43.724612,13.092738,50.0,4843068.364,2366385.698
PF10/0003/M318A,AN,43.720568,13.10064,50.0,4842604.621,2367011.903
PF11/0003/M318A,AN,43.719352,13.105344,12.0,4842460.81,2367387.72
PF12/0003/M318A,AN,43.723034,13.109374,50.0,4842862.336,2367721.643
PF03/0004/M318A,AN,43.715104,13.074646,12.0,4842045.98,2364903.9
PF05/0004/M318A,AN,43.719893,13.082075,50.0,4842564.015,2365514.68
PF06/0004/M318A,AN,43.720083,13.076007,12.0,4842596.51,2365026.32
PF08/0004/M318A,AN,43.715866,13.081317,50.0,4842118.161,2365443.25
PF09/0004/M318A,AN,43.717866,13.077922,8.0,4842346.62,2365174.93
PF10/0004/M318A,AN,43.708272,13.075282,50.0,4841286.029,2364937.469
PF11/0004/M318A,AN,43.710021,13.081285,8.0,4841469.1,2365425.65
PF02/0005/M318A,AN,43.716284,13.092204,50.0,4842144.388,2366321.385
PF03/0005/M318A,AN,43.718579,13.086717,50.0,4842409.515,2365885.216
PF04/0005/M318A,AN,43.718501,13.100462,50.0,4842375.295,2366992.241
PF02/0006/M318A,AN,43.710095,13.084474,50.0,4841471.345,2365682.745
PF03/0006/M318A,AN,43.716221,13.082735,50.0,4842154.961,2365558.427
PF05/0006/M318A,AN,43.712767,13.098594,50.0,4841741.92,2366827.19
PF07/0006/M318A,AN,43.712199,13.087216,50.0,4841699.949,2365909.033
PF03/0007/M318A,AN,43.705626,13.087132,50.0,4840970.07,2365885.447
PF06/0007/M318A,AN,43.708828,13.08793,50.0,4841324.243,2365957.965
PF07/0007/M318A,AN,43.709462,13.094426,50.0,4841382.561,2366482.916
PF08/0007/M318A,AN,43.710793,13.101446,50.0,4841517.389,2367051.947
PF09/0007/M318A,AN,43.707779,13.097111,50.0,4841190.703,2366695.004
PF02/0008/M318A,AN,43.708344,13.102063,50.0,4841244.214,2367095.416
PF03/0008/M318A,AN,43.70598,13.100911,12.0,4840983.79,2366996.53
PF04/0008/M318A,AN,43.704025,13.104102,50.0,4840760.826,2367248.729
PF07/0008/M318A,AN,43.700668,13.103988,12.0,4840388.146,2367230.996
PF01/0009/M318A,AN,43.696181,13.080925,50.0,4839932.591,2365361.064
PF02/0009/M318A,AN,43.698016,13.076669,50.0,4840144.289,2365022.765
PF04/0009/M318A,AN,43.701125,13.080095,12.0,4840483.28,2365306.88
PF06/0009/M318A,AN,43.703894,13.089209,50.0,4840773.799,2366048.354
PF08/0009/M318A,AN,43.700377,13.086749,50.0,4840387.747,2365841.112
PF09/0009/M318A,AN,43.697947,13.090687,8.0,4840110.56,2366152.22
PF10/0009/M318A,AN,43.697004,13.088661,12.0,4840009.55,2365986.58
PF02/0010/M318A,AN,43.693056,13.09578,50.0,4839557.923,2366550.155
PF05/0010/M318A,AN,43.697579,13.102337,50.0,4840048.072,2367090.127
PF06/0010/M318A,AN,43.700873,13.095191,50.0,4840427.232,2366522.686
PF08/0010/M318A,AN,43.703807,13.094408,50.0,4840754.476,2366467.092
PF09/0010/M318A,AN,43.695837,13.100962,50.0,4839857.144,2366974.904
PF10/0010/M318A,AN,43.699474,13.096401,50.0,4840269.54,2366616.578
PF02/0011/M318A,AN,43.687711,13.081854,50.0,4838990.113,2365414.131
PF03/0011/M318A,AN,43.689519,13.085394,50.0,4839184.269,2365704.11
PF04/0011/M318A,AN,43.692089,13.0866,12.0,4839467.51,2365807.9
PF06/0011/M318A,AN,43.69124,13.090384,50.0,4839366.157,2366110.681
PF08/0011/M318A,AN,43.693424,13.074243,50.0,4839638.857,2364815.456
PF10/0011/M318A,AN,43.695662,13.091845,50.0,4839854.589,2366239.726
PF11/0011/M318A,AN,43.695324,13.086711,50.0,4839826.605,2365825.095
PF12/0011/M318A,AN,43.693297,13.09251,50.0,4839590.747,2366287.24
PF03/0001/M318B,AN,43.722783,13.118027,50.0,4842818.61,2368418.048
PF04/0001/M318B,AN,43.725914,13.116871,12.0,4843168.48,2368332.84
PF05/0001/M318B,AN,43.71623,13.117843,12.0,4842091.17,2368386.71
PF06/0001/M318B,AN,43.71967,13.118054,12.0,4842472.78,2368412.32
PF07/0001/M318B,AN,43.720039,13.11493,50.0,4842519.5,2368161.598
PF01/0002/M318B,AN,43.714078,13.106712,12.0,4841872.56,2367484.51
PF03/0002/M318B,AN,43.708781,13.112781,12.0,4841273.1,2367960.06
PF05/0002/M318B,AN,43.70559,13.112883,50.0,4840918.497,2367960.212
PF06/0002/M318B,AN,43.710548,13.10821,12.0,4841477.79,2367596.21
PF07/0002/M318B,AN,43.717504,13.108887,12.0,4842249.05,2367668.41
PF01/0003/M318B,AN,43.704448,13.113804,50.0,4840789.926,2368031.51
PF04/0003/M318B,AN,43.705302,13.116964,12.0,4840879.01,2368288.28
PF01/0004/M318B,AN,43.702218,13.125002,50.0,4840521.833,2368928.171
PF04/0004/M318B,AN,43.71191,13.124169,50.0,4841599.798,2368885.404
PF06/0004/M318B,AN,43.702223,13.132021,12.0,4840509.56,2369493.8
PF07/0004/M318B,AN,43.707223,13.125663,50.0,4841076.495,2368994.018
PF01/0005/M318B,AN,43.692142,13.103471,50.0,4839442.192,2367167.635
PF04/0005/M318B,AN,43.694723,13.104074,50.0,4839727.771,2367222.851
PF06/0005/M318B,AN,43.694015,13.109068,50.0,4839639.888,2367623.465
PF01/0006/M318B,AN,43.694684,13.113787,50.0,4839705.538,2368005.441
PF02/0006/M318B,AN,43.697182,13.121765,50.0,4839968.407,2368654.703
PF04/0006/M318B,AN,43.699333,13.111952,50.0,4840225.206,2367869.355
PF05/0006/M318B,AN,43.700948,13.129702,50.0,4840372.221,2369303.696
PF01/0007/M318B,AN,43.687992,13.119647,12.0,4838951.5,2368460.89
PF02/0007/M318B,AN,43.692723,13.124667,50.0,4839467.804,2368877.318
PF03/0007/M318B,AN,43.696629,13.12448,50.0,4839902.056,2368872.094
PF04/0007/M318B,AN,43.692445,13.131,12.0,4839425.41,2369387.02
PF02/0008/M318B,AN,43.685808,13.08512,50.0,4838772.639,2365672.513
PF05/0008/M318B,AN,43.689321,13.09391,20.0,4839146.527,2366389.911
PF10/0008/M318B,AN,43.69047,13.089739,12.0,4839281.92,2366056.68
PF13/0008/M318B,AN,43.68549,13.098049,50.0,4838713.331,2366713.786
PF15/0008/M318B,AN,43.682832,13.099464,50.0,4838415.507,2366821.001
PF16/0008/M318B,AN,43.688184,13.098111,50.0,4839012.501,2366725.587
PF17/0008/M318B,AN,43.686482,13.090739,50.0,4838837.08,2366127.12
PF02/0009/M318B,AN,43.677344,13.101333,50.0,4837802.572,2366957.694
PF03/0009/M318B,AN,43.678075,13.10794,50.0,4837871.559,2367492.175
PF07/0009/M318B,AN,43.675936,13.105762,50.0,4837638.015,2367311.207
PF08/0009/M318B,AN,43.690075,13.106629,50.0,4839206.765,2367416.906
PF09/0009/M318B,AN,43.688557,13.10334,50.0,4839044.245,2367147.961
PF10/0009/M318B,AN,43.680845,13.104372,50.0,4838185.737,2367211.601
PF11/0009/M318B,AN,43.68497,13.107188,50.0,4838638.769,2367449.003
PF01/0010/M318B,AN,43.684446,13.112866,50.0,4838570.162,2367905.396
PF03/0010/M318B,AN,43.685428,13.119427,50.0,4838667.138,2368436.672
PF04/0010/M318B,AN,43.688657,13.119067,50.0,4839026.446,2368415.793
PF07/0010/M318B,AN,43.684627,13.116717,50.0,4838583.146,2368216.193
PF10/0010/M318B,AN,43.692383,13.108485,50.0,4839459.668,2367572.37
PF12/0010/M318B,AN,43.69151,13.118289,10.0,4839344.8,2368360.3
PF02/0011/M318B,AN,43.68126,13.124483,12.0,4838194.98,2368833.71
PF03/0011/M318B,AN,43.683326,13.127979,12.0,4838418.06,2369120.7
PF04/0011/M318B,AN,43.684636,13.123028,50.0,4838572.638,2368724.877
PF01/0012/M318B,AN,43.673635,13.091696,50.0,4837408.431,2366171.368
PF02/0012/M318B,AN,43.675457,13.095564,50.0,4837603.585,2366487.859
PF03/0012/M318B,AN,43.678951,13.09186,12.0,4837998.55,2366198.21
PF04/0012/M318B,AN,43.681036,13.098801,50.0,4838217.294,2366762.982
PF05/0012/M318B,AN,43.677596,13.089697,12.0,4837852.11,2366020.42
PF06/0012/M318B,AN,43.678813,13.086228,12.0,4837993.65,2365743.85
PF07/0012/M318B,AN,43.68031,13.089609,50.0,4838153.64,2366020.208
PF04/0013/M318B,AN,43.679003,13.124397,50.0,4837944.467,2368821.069
PF06/0013/M318B,AN,43.680405,13.129595,12.0,4838090.71,2369243.65
PF08/0013/M318B,AN,43.68064,13.118562,50.0,4838136.991,2368354.883
PF09/0013/M318B,AN,43.679349,13.114642,50.0,4838000.74,2368035.624
PF11/0013/M318B,AN,43.675197,13.113307,50.0,4837542.065,2367917.534
PF01/0001/M318C,AN,43.66885,13.087621,50.0,4836884.514,2365830.606
PF05/0001/M318C,AN,43.669188,13.082729,50.0,4836931.195,2365437.116
PF06/0001/M318C,AN,43.671633,13.091564,50.0,4837186.334,2366155.648
PF08/0001/M318C,AN,43.666793,13.081031,12.0,4836668.36,2365294.03
PF09/0001/M318C,AN,43.67119,13.087767,12.0,4837144.16,2365848.4
PF10/0001/M318C,AN,43.671678,13.096897,10.0,4837181.41,2366585.66
PF01/0002/M318C,AN,43.675833,13.099892,12.0,4837637.36,2366837.7
PF02/0002/M318C,AN,43.672903,13.100957,50.0,4837310.015,2366916.139
PF03/0002/M318C,AN,43.673128,13.104766,50.0,4837328.005,2367223.777
PF04/0002/M318C,AN,43.671013,13.104204,50.0,4837094.118,2367173.087
PF05/0002/M318C,AN,43.671704,13.108498,50.0,4837162.877,2367520.984
PF08/0002/M318C,AN,43.674819,13.106816,12.0,4837512.04,2367393.29
PF09/0002/M318C,AN,43.670482,13.113068,12.0,4837018.87,2367886.36
PF01/0003/M318C,AN,43.669021,13.116686,12.0,4836849.89,2368174.37
PF02/0003/M318C,AN,43.674221,13.117284,50.0,4837426.368,2368235.662
PF03/0003/M318C,AN,43.675172,13.122157,50.0,4837523.042,2368630.876
PF04/0003/M318C,AN,43.675719,13.125141,50.0,4837578.391,2368872.849
PF09/0003/M318C,AN,43.6732,13.115912,12.0,4837315.46,2368122.48
PF01/0004/M318C,AN,43.666495,13.089544,50.0,4836619.366,2365979.617
PF02/0004/M318C,AN,43.667426,13.092715,12.0,4836716.96,2366237.69
PF03/0004/M318C,AN,43.665035,13.084599,50.0,4836466.502,2365577.181
PF04/0004/M318C,AN,43.663211,13.086378,50.0,4836260.609,2365715.995
PF01/0005/M318C,AN,43.657859,13.099543,50.0,4835641.771,2366763.833
PF02/0005/M318C,AN,43.655244,13.105437,50.0,4835340.466,2367232.521
PF03/0005/M318C,AN,43.66249,13.101084,50.0,4836153.208,2366899.874
PF04/0005/M318C,AN,43.668738,13.099231,12.0,4836850.64,2366766.38
PF05/0005/M318C,AN,43.667155,13.096611,50.0,4836679.612,2366551.141
PF06/0005/M318C,AN,43.663508,13.097371,50.0,4836273.201,2366603.073
PF01/0006/M318C,AN,43.65572,13.109582,50.0,4835385.613,2367567.933
PF02/0006/M318C,AN,43.658063,13.110349,12.0,4835644.47,2367635.73
PF07/0006/M318C,AN,43.669045,13.106167,50.0,4836871.847,2367326.328
PF08/0006/M318C,AN,43.661047,13.109252,50.0,4835977.895,2367554.802
PF02/0007/M318C,AN,43.663597,13.10933,50.0,4836261.036,2367567.538
PF04/0007/M318C,AN,43.667438,13.112099,50.0,4836682.484,2367800.526
PF05/0007/M318C,AN,43.666074,13.113587,12.0,4836528.23,2367917.06
PF06/0007/M318C,AN,43.666301,13.106885,50.0,4836565.757,2367377.247
PF07/0007/M318C,AN,43.659762,13.114178,50.0,4835826.169,2367948.778
PF01/0008/M318C,AN,43.661825,13.120786,50.0,4836043.191,2368486.783
PF02/0008/M318C,AN,43.669951,13.122403,50.0,4836942.781,2368637.612
PF03/0008/M318C,AN,43.668484,13.129758,50.0,4836766.459,2369226.867
PF05/0008/M318C,AN,43.671144,13.126438,50.0,4837067.925,2368965.913
PF06/0008/M318C,AN,43.665314,13.118637,12.0,4836434.66,2368322.3
PF03/0009/M318C,AN,43.660417,13.132816,50.0,4835864.862,2369453.289
PF04/0009/M318C,AN,43.665123,13.126706,50.0,4836398.702,2368972.37
PF05/0009/M318C,AN,43.65946,13.122549,50.0,4835777.241,2368623.042
PF01/0010/M318C,AN,43.664776,13.137468,50.0,4836340.654,2369839.217
PF02/0010/M318C,AN,43.668799,13.132747,50.0,4836795.986,2369468.648
PF03/0010/M318C,AN,43.662641,13.143306,50.0,4836092.955,2370304.658
PF04/0010/M318C,AN,43.674511,13.134366,50.0,4837427.409,2369613.484
PF01/0011/M318C,AN,43.66558,13.151985,50.0,4836403.765,2371011.707
PF02/0011/M318C,AN,43.66514,13.148379,12.0,4836361.35,2370719.87
PF03/0011/M318C,AN,43.667957,13.147478,12.0,4836675.85,2370654.26
PF04/0011/M318C,AN,43.66838,13.144277,12.0,4836728.62,2370397.19
PF07/0011/M318C,AN,43.661687,13.154676,50.0,4835966.564,2371219.07
PF01/0012/M318C,AN,43.657275,13.087897,50.0,4835598.468,2365823.29
PF02/0012/M318C,AN,43.659567,13.093145,8.0,4835843.21,2366252.3
PF03/0012/M318C,AN,43.654122,13.094045,50.0,4835236.859,2366310.975
PF04/0012/M318C,AN,43.660783,13.098336,50.0,4835968.664,2366673.978
PF05/0012/M318C,AN,43.663374,13.094236,50.0,4836264.023,2366350.011
PF02/0013/M318C,AN,43.654392,13.113725,50.0,4835230.603,2367898.683
PF03/0013/M318C,AN,43.651364,13.099213,50.0,4834920.982,2366720.681
PF05/0013/M318C,AN,43.652864,13.108022,50.0,4835071.292,2367434.889
PF06/0013/M318C,AN,43.652883,13.092999,50.0,4835101.125,2366223.434
PF01/0014/M318C,AN,43.654467,13.118858,50.0,4835229.476,2368312.822
PF02/0014/M318C,AN,43.655153,13.121771,50.0,4835300.306,2368549.459
PF03/0014/M318C,AN,43.650931,13.122837,50.0,4834829.526,2368624.797
PF05/0014/M318C,AN,43.656545,13.118132,50.0,4835461.573,2368259.481
PF06/0014/M318C,AN,43.656172,13.113914,50.0,4835427.879,2367918.417
PF07/0014/M318C,AN,43.658329,13.115704,50.0,4835664.145,2368068.179
PF08/0014/M318C,AN,43.658559,13.119738,12.0,4835682.4,2368394.07
PF01/0015/M318C,AN,43.657391,13.122178,50.0,4835548.219,2368587.904
PF02/0015/M318C,AN,43.654692,13.125264,50.0,4835242.812,2368829.924
PF03/0015/M318C,AN,43.655677,13.12879,50.0,4835345.799,2369116.793
PF04/0015/M318C,AN,43.653129,13.129856,12.0,4835060.83,2369196.33
PF05/0015/M318C,AN,43.657459,13.126564,50.0,4835547.73,2368941.699
PF06/0015/M318C,AN,43.659264,13.128925,12.0,4835743.96,2369136.68
PF07/0015/M318C,AN,43.654784,13.132102,50.0,4835240.522,2369381.642
PF01/0016/M318C,AN,43.658188,13.134148,50.0,4835614.929,2369555.114
PF04/0016/M318C,AN,43.658102,13.146128,50.0,4835583.725,2370520.925
PF05/0016/M318C,AN,43.660582,13.146883,50.0,4835857.751,2370587.966
PF06/0016/M318C,AN,43.657438,13.15302,50.0,4835497.536,2371075.027
PF08/0016/M318C,AN,43.660549,13.153531,50.0,4835842.214,2371123.943
PF09/0016/M318C,AN,43.65636,13.135692,12.0,4835409.13,2369675.05
PF02/0017/M318C,AN,43.649428,13.101834,50.0,4834701.075,2366927.153
PF03/0017/M318C,AN,43.643838,13.102444,50.0,4834079.138,2366962.144
PF01/0018/M318C,AN,43.648683,13.109553,50.0,4834604.103,2367547.833
PF02/0018/M318C,AN,43.651808,13.117857,50.0,4834936.039,2368225.391
PF04/0018/M318C,AN,43.648525,13.120241,12.0,4834567.02,2368409.38
PF05/0018/M318C,AN,43.649738,13.113935,50.0,4834713.232,2367903.87
PF01/0019/M318C,AN,43.656232,13.139658,50.0,4835387.67,2369994.548
PF04/0019/M318C,AN,43.65592,13.152128,12.0,4835330.53,2370999.36
PF05/0019/M318C,AN,43.652395,13.148087,50.0,4834946.327,2370664.723
PF06/0019/M318C,AN,43.655223,13.142545,8.0,4835270.43,2370224.85
PF07/0019/M318C,AN,43.657672,13.149275,50.0,4835530.28,2370773.649
PF09/0019/M318C,AN,43.655282,13.136534,50.0,4835287.822,2369740.256
PF10/0019/M318C,AN,43.654308,13.145785,50.0,4835162.897,2370483.835
