identificativo,provincia,lat_wgs84,lon_wgs84,quota,coord_nord,coord_est
PF08/0001/A018,AQ,42.280925,13.396626,70.0,-5776.754,17801.775
PF14/0001/A018,AQ,42.278272,13.392822,21.0,-6065.464,17482.553
PF15/0001/A018,AQ,42.277428,13.404012,21.0,-6176.552,18403.547
PF01/0009/A018,AQ,42.273673,13.434329,70.0,-6639.893,20895.827
PF07/0009/A018,AQ,42.271426,13.43523,20.0,-6890.8,20965.556
PF05/0011/A018,AQ,42.278081,13.406582,21.0,-6108.016,18616.782
PF02/0012/A018,AQ,42.275652,13.405625,70.0,-6376.229,18532.825
PF07/0012/A018,AQ,42.274325,13.399008,21.0,-6513.304,17984.426
PF08/0013/A018,AQ,42.270537,13.42769,21.0,-6978.033,20341.934
PF05/0015/A018,AQ,42.268634,13.439374,12.0,-7207.054,21301.667
PF08/0015/A018,AQ,42.272644,13.438188,12.0,-6760.0,21212.0
PF09/0015/A018,AQ,42.26525,13.439069,21.0,-7582.364,21269.611
PF09/0020/A018,AQ,42.257717,13.456061,21.0,-8444.379,22655.866
PF09/0024/A018,AQ,42.251592,13.457289,20.0,-9126.342,22744.883
PF03/0025/A018,AQ,42.25477,13.457106,70.0,-8773.205,22736.19
PF06/0025/A018,AQ,42.258337,13.45985,20.0,-8381.166,22969.69
PF02/0029/A018,AQ,42.254517,13.47194,21.0,-8823.32,23959.36
PF01/0030/A018,AQ,42.255162,13.460586,70.0,-8734.843,23024.017
PF03/0030/A018,AQ,42.251159,13.464987,21.0,-9185.93,23379.063
PF04/0031/A018,AQ,42.24421,13.470605,21.0,-9965.876,23828.689
PF01/0033/A018,AQ,42.251507,13.479776,21.0,-9169.141,24599.722
PF01/0001/A100,AQ,42.196101,13.320509,8.0,-15074.58,11339.7
PF02/0001/A100,AQ,42.185676,13.326455,8.0,-16241.89,11807.92
PF01/0003/A100,AQ,42.171699,13.322784,6.0,-17787.94,11474.26
PF02/0003/A100,AQ,42.164944,13.321738,8.0,-18536.25,11373.09
PF01/0004/A100,AQ,42.16498,13.343448,8.0,-18567.31,13166.62
PF01/0005/A100,AQ,42.156341,13.300233,50.0,-19456.41,9577.613
PF02/0005/A100,AQ,42.157456,13.305038,50.0,-19340.486,9977.032
PF03/0005/A100,AQ,42.161895,13.301214,52.0,-18841.299,9670.903
PF04/0005/A100,AQ,42.159398,13.30255,52.0,-19120.74,9775.791
PF06/0005/A100,AQ,42.159825,13.298927,70.0,-19067.357,9477.425
PF07/0005/A100,AQ,42.154769,13.29551,70.0,-19623.082,9183.901
PF08/0005/A100,AQ,42.1609,13.303686,52.0,-18955.808,9872.951
PF09/0005/A100,AQ,42.160665,13.301158,52.0,-18977.695,9663.587
PF11/0005/A100,AQ,42.160547,13.309609,12.0,-19004.715,10361.503
PF01/0006/A100,AQ,42.160259,13.32179,50.0,-19056.522,11367.214
PF02/0006/A100,AQ,42.164807,13.325388,52.0,-18557.357,11674.379
PF03/0006/A100,AQ,42.162066,13.319133,50.0,-18851.58,11151.63
PF01/0007/A100,AQ,42.162375,13.329111,52.0,-18833.522,11976.572
PF02/0007/A100,AQ,42.161641,13.325501,50.0,-18909.095,11676.809
PF01/0008/A100,AQ,42.16114,13.332665,52.0,-18976.361,12267.507
PF01/0009/A100,AQ,42.14788,13.304116,6.0,-20402.24,9879.75
PF02/0009/A100,AQ,42.148523,13.295912,8.0,-20317.32,9203.22
PF03/0009/A100,AQ,42.148027,13.303876,9.0,-20385.56,9860.2
PF04/0009/A100,AQ,42.151486,13.292205,56.0,-19982.246,8903.541
PF05/0009/A100,AQ,42.148683,13.293707,70.0,-20295.898,9021.429
PF06/0009/A100,AQ,42.151899,13.29521,54.0,-19941.32,9152.718
PF07/0009/A100,AQ,42.154827,13.302826,50.0,-19628.764,9788.469
PF09/0009/A100,AQ,42.147774,13.300653,12.0,-20408.345,9593.391
PF10/0009/A100,AQ,42.150394,13.303994,12.0,-20122.906,9875.228
PF11/0009/A100,AQ,42.147412,13.308658,12.0,-20461.652,10253.994
PF12/0009/A100,AQ,42.153587,13.299192,70.0,-19760.471,9485.514
PF13/0009/A100,AQ,42.155663,13.308247,12.0,-19544.84,10238.2
PF01/0010/A100,AQ,42.159352,13.316121,50.0,-19148.026,10896.847
PF01/0011/A100,AQ,42.160046,13.328915,50.0,-19091.745,11955.388
PF02/0011/A100,AQ,42.157807,13.323915,52.0,-19332.247,11537.403
PF03/0011/A100,AQ,42.154775,13.324357,52.0,-19669.656,11567.292
PF04/0011/A100,AQ,42.152596,13.328061,12.0,-19917.608,11868.563
PF01/0012/A100,AQ,42.155374,13.333903,70.0,-19618.65,12357.328
PF02/0012/A100,AQ,42.156451,13.331721,8.0,-19495.43,12179.34
PF05/0012/A100,AQ,42.156644,13.329354,50.0,-19470.233,11984.22
PF06/0012/A100,AQ,42.157221,13.334055,70.0,-19413.778,12373.874
PF07/0012/A100,AQ,42.158593,13.332889,70.0,-19259.523,12280.502
PF08/0012/A100,AQ,42.15823,13.331712,50.0,-19297.901,12182.503
PF10/0012/A100,AQ,42.159735,13.330977,52.0,-19129.623,12125.03
PF13/0012/A100,AQ,42.159649,13.330936,50.0,-19139.125,12121.446
PF14/0012/A100,AQ,42.155061,13.329201,52.0,-19645.74,11968.178
PF15/0012/A100,AQ,42.155173,13.331602,70.0,-19637.242,12166.758
PF03/0013/A100,AQ,42.158417,13.33423,52.0,-19281.223,12390.952
PF05/0013/A100,AQ,42.156725,13.33688,54.0,-19473.347,12606.162
PF06/0013/A100,AQ,42.154451,13.337333,52.0,-19726.576,12638.718
PF07/0013/A100,AQ,42.152885,13.333312,50.0,-19894.062,12303.068
PF08/0013/A100,AQ,42.154438,13.331168,70.0,-19718.078,12129.325
PF10/0013/A100,AQ,42.159719,13.338761,52.0,-19144.013,12768.064
PF12/0013/A100,AQ,42.154074,13.337358,54.0,-19768.546,12639.965
PF13/0013/A100,AQ,42.154559,13.334647,70.0,-19710.266,12417.041
PF01/0014/A100,AQ,42.152293,13.337875,8.0,-19967.11,12678.85
PF02/0014/A100,AQ,42.152227,13.337792,54.0,-19974.246,12671.788
PF03/0014/A100,AQ,42.152855,13.340946,50.0,-19909.605,12933.761
PF04/0014/A100,AQ,42.149073,13.340121,54.0,-20328.29,12857.436
PF05/0014/A100,AQ,42.152025,13.337715,50.0,-19996.635,12665.042
PF06/0014/A100,AQ,42.150755,13.342191,52.0,-20144.844,13032.067
PF01/0015/A100,AQ,42.165756,13.360981,8.0,-18509.08,14616.63
PF02/0015/A100,AQ,42.153039,13.353872,8.0,-19909.94,14002.15
PF03/0015/A100,AQ,42.161854,13.359403,50.0,-18939.891,14477.965
PF01/0016/A100,AQ,42.139033,13.307444,52.0,-21390.031,10135.239
PF03/0016/A100,AQ,42.140662,13.299961,52.0,-21196.835,9520.417
PF04/0016/A100,AQ,42.145093,13.295618,70.0,-20697.68,9171.32
PF05/0016/A100,AQ,42.141938,13.297272,54.0,-21050.733,9301.091
PF06/0016/A100,AQ,42.143004,13.300629,52.0,-20937.951,9580.823
PF07/0016/A100,AQ,42.139957,13.303576,70.0,-21281.107,9817.593
PF01/0017/A100,AQ,42.152306,13.318391,8.0,-19934.09,11068.96
PF02/0017/A100,AQ,42.14086,13.320376,52.0,-21208.292,11207.97
PF03/0017/A100,AQ,42.139129,13.319091,52.0,-21398.415,11097.967
PF04/0017/A100,AQ,42.144201,13.314804,50.0,-20828.283,10754.805
PF05/0017/A100,AQ,42.137489,13.312682,52.0,-21570.039,10564.704
PF01/0018/A100,AQ,42.152668,13.333787,54.0,-19918.836,12341.845
PF02/0018/A100,AQ,42.152168,13.331371,70.0,-19970.466,12141.168
PF03/0018/A100,AQ,42.150677,13.33451,50.0,-20141.154,12397.307
PF04/0018/A100,AQ,42.149923,13.330738,70.0,-20218.778,12083.966
PF05/0018/A100,AQ,42.148827,13.32703,70.0,-20334.423,11775.227
PF06/0018/A100,AQ,42.146093,13.329763,50.0,-20642.509,11995.104
PF10/0018/A100,AQ,42.143949,13.32651,50.0,-20875.262,11721.605
PF11/0018/A100,AQ,42.144778,13.332593,54.0,-20793.099,12226.077
PF14/0018/A100,AQ,42.146668,13.324306,50.0,-20569.806,11545.423
PF15/0018/A100,AQ,42.148471,13.337437,50.0,-20390.814,12634.335
PF17/0018/A100,AQ,42.144682,13.332397,70.0,-20803.414,12209.679
PF18/0018/A100,AQ,42.147045,13.331446,50.0,-20539.447,12136.231
PF19/0018/A100,AQ,42.147248,13.334449,12.0,-20521.8,12384.8
PF20/0018/A100,AQ,42.147248,13.334449,12.0,-20521.8,12384.8
PF01/0019/A100,AQ,42.137462,13.324803,6.0,-21592.8,11566.39
PF02/0019/A100,AQ,42.136586,13.327884,70.0,-21695.074,11819.098
PF06/0019/A100,AQ,42.136414,13.325426,52.0,-21710.214,11615.644
PF13/0019/A100,AQ,42.139695,13.328196,70.0,-21350.378,11851.724
PF14/0019/A100,AQ,42.1426,13.325914,70.0,-21024.123,11669.462
PF17/0019/A100,AQ,42.139614,13.325012,70.0,-21354.187,11588.415
PF18/0019/A100,AQ,42.138393,13.322884,52.0,-21486.343,11409.818
PF19/0019/A100,AQ,42.14256,13.331479,50.0,-21037.536,12129.173
PF01/0020/A100,AQ,42.132811,13.30933,8.0,-22084.06,10277.42
PF02/0020/A100,AQ,42.136218,13.307958,52.0,-21703.436,10171.495
PF03/0020/A100,AQ,42.137364,13.303258,52.0,-21568.471,9785.627
PF04/0020/A100,AQ,42.138982,13.29745,54.0,-21379.297,9309.187
PF05/0020/A100,AQ,42.141687,13.297265,54.0,-21078.668,9299.876
PF07/0020/A100,AQ,42.134668,13.304253,70.0,-21869.506,9861.936
PF01/0021/A100,AQ,42.125626,13.307549,52.0,-22878.971,10114.421
PF02/0021/A100,AQ,42.126191,13.304173,52.0,-22810.604,9836.623
PF03/0021/A100,AQ,42.128098,13.307647,70.0,-22604.608,10127.95
PF05/0021/A100,AQ,42.129877,13.303863,70.0,-22400.892,9819.09
PF06/0021/A100,AQ,42.132162,13.302357,70.0,-22144.65,9699.651
PF07/0021/A100,AQ,42.131935,13.307854,52.0,-22178.827,10153.519
PF08/0021/A100,AQ,42.131002,13.316284,52.0,-22296.277,10848.184
PF09/0021/A100,AQ,42.131763,13.311656,52.0,-22204.185,10467.385
PF11/0021/A100,AQ,42.128945,13.31372,70.0,-22520.502,10631.819
PF12/0021/A100,AQ,42.12612,13.310733,52.0,-22829.325,10378.715
PF01/0022/A100,AQ,42.131998,13.330013,50.0,-22207.95,11985.118
PF02/0022/A100,AQ,42.132978,13.326528,50.0,-22093.451,11699.21
PF03/0022/A100,AQ,42.133223,13.322436,70.0,-22059.67,11361.568
PF04/0022/A100,AQ,42.135245,13.316776,52.0,-21825.919,10898.163
PF05/0022/A100,AQ,42.130317,13.32463,70.0,-22385.94,11536.557
PF06/0022/A100,AQ,42.129195,13.328599,50.0,-22516.87,11862.158
PF07/0022/A100,AQ,42.128398,13.325188,50.0,-22599.847,11578.453
PF08/0022/A100,AQ,42.13322,13.313969,52.0,-22046.149,10661.772
PF11/0022/A100,AQ,42.135046,13.319731,12.0,-21852.848,11141.937
PF02/0023/A100,AQ,42.126038,13.319743,70.0,-22853.039,11123.281
PF03/0023/A100,AQ,42.128822,13.320022,70.0,-22544.425,11152.419
PF04/0023/A100,AQ,42.121193,13.316176,52.0,-23385.205,10817.803
PF05/0023/A100,AQ,42.120738,13.313119,50.0,-23430.736,10564.071
PF06/0023/A100,AQ,42.124478,13.315585,70.0,-23019.553,10776.166
PF07/0023/A100,AQ,42.122377,13.313331,52.0,-23249.116,10585.195
PF02/0024/A100,AQ,42.122155,13.31734,70.0,-23280.302,10916.122
PF03/0024/A100,AQ,42.118243,13.317925,52.0,-23715.66,10955.959
PF06/0024/A100,AQ,42.123467,13.326643,72.0,-23149.727,11688.002
PF08/0024/A100,AQ,42.119904,13.321732,12.0,-23537.447,11274.256
PF03/0025/A100,AQ,42.121043,13.293632,54.0,-23364.873,8953.839
PF04/0025/A100,AQ,42.122395,13.296219,50.0,-23219.106,9170.714
PF05/0025/A100,AQ,42.119388,13.313382,52.0,-23581.174,10582.895
PF06/0025/A100,AQ,42.123972,13.301382,50.0,-23052.505,9600.958
PF07/0025/A100,AQ,42.115121,13.300154,52.0,-24033.252,9479.943
PF08/0025/A100,AQ,42.113776,13.29502,70.0,-24174.089,9052.52
PF09/0025/A100,AQ,42.118219,13.29982,50.0,-23688.664,9459.168
PF10/0025/A100,AQ,42.110457,13.304734,52.0,-24558.616,9848.293
PF11/0025/A100,AQ,42.11701,13.305147,52.0,-23831.73,9896.852
PF12/0025/A100,AQ,42.119937,13.305821,50.0,-23507.766,9959.079
PF13/0025/A100,AQ,42.121968,13.305908,50.0,-23282.419,9970.742
PF14/0025/A100,AQ,42.10466,13.30178,52.0,-25197.448,9591.268
PF15/0025/A100,AQ,42.105552,13.306378,50.0,-25105.961,9973.412
PF16/0025/A100,AQ,42.115366,13.310722,52.0,-24023.372,10354.191
PF17/0025/A100,AQ,42.103109,13.295215,52.0,-25358.928,9044.951
PF18/0025/A100,AQ,42.099741,13.300417,50.0,-25741.441,9467.649
PF20/0025/A100,AQ,42.107338,13.295266,52.0,-24889.379,9058.573
PF21/0025/A100,AQ,42.121434,13.309464,50.0,-23347.569,10263.503
PF22/0025/A100,AQ,42.116239,13.293768,70.0,-23898.562,8954.416
PF23/0025/A100,AQ,42.110284,13.31073,42.0,-24587.707,10343.618
PF24/0025/A100,AQ,42.108072,13.311602,42.0,-24834.707,10410.875
PF25/0025/A100,AQ,42.110191,13.297071,12.0,-24575.629,9214.146
PF26/0025/A100,AQ,42.10569,13.298788,12.0,-25078.157,9346.123
PF27/0025/A100,AQ,42.120311,13.297927,12.0,-23453.274,9307.314
PF01/0026/A100,AQ,42.089258,13.30147,8.0,-26907.13,9531.62
PF03/0026/A100,AQ,42.084789,13.301561,50.0,-27403.582,9529.27
PF04/0026/A100,AQ,42.085706,13.298481,50.0,-27296.708,9276.551
PF05/0026/A100,AQ,42.10262,13.312809,50.0,-25442.101,10498.708
PF06/0026/A100,AQ,42.098944,13.311115,50.0,-25847.441,10350.6
PF07/0026/A100,AQ,42.102498,13.306716,50.0,-25445.592,9994.641
PF08/0026/A100,AQ,42.089137,13.292528,50.0,-26905.846,8791.788
PF09/0026/A100,AQ,42.093673,13.298364,50.0,-26411.864,9284.462
PF10/0026/A100,AQ,42.09228,13.295216,52.0,-26561.301,9021.092
PF11/0026/A100,AQ,42.084413,13.291275,70.0,-27428.312,8677.697
PF13/0026/A100,AQ,42.4166,12.843926,12.0,10295.685,-27390.761
PF16/0026/A100,AQ,42.256976,13.078363,50.0,-7892.734,-8501.497
PF17/0026/A100,AQ,42.41873,12.846406,12.0,10527.01,-27180.65
PF18/0026/A100,AQ,42.098759,13.299958,50.0,-25849.715,9427.565
PF19/0026/A100,AQ,42.084556,13.295408,70.0,-27419.29,9019.802
PF20/0026/A100,AQ,42.087349,13.295317,50.0,-27109.04,9018.519
PF21/0026/A100,AQ,42.092755,13.301065,50.0,-26518.199,9505.83
PF22/0026/A100,AQ,42.094678,13.300968,50.0,-26304.493,9502.112
PF23/0026/A100,AQ,42.25429,13.082153,50.0,-8198.074,-8195.504
PF01/0001/A187,AQ,41.832854,13.76809,6.0,-56038.22,47714.52
PF02/0001/A187,AQ,41.831409,13.776659,8.0,-56208.9,48423.81
PF01/0002/A187,AQ,41.818631,13.783223,8.0,-57635.32,48948.78
PF02/0002/A187,AQ,41.820598,13.780081,52.0,-57413.232,48690.952
PF04/0003/A187,AQ,41.821125,13.796144,68.0,-57373.525,50025.854
PF12/0003/A187,AQ,41.82528,13.800189,68.0,-56916.921,50368.248
PF19/0003/A187,AQ,41.824099,13.808293,8.0,-57057.42,51039.45
PF28/0003/A187,AQ,41.822774,13.798562,68.0,-57193.327,50229.221
PF31/0003/A187,AQ,41.825913,13.805068,9.0,-56852.302,50774.416
PF33/0003/A187,AQ,41.824126,13.79623,1.0,-57040.503,50037.628
PF34/0003/A187,AQ,41.823266,13.804702,54.0,-57145.802,50739.869
PF04/0004/A187,AQ,41.826459,13.815962,52.0,-56804.18,51679.917
PF05/0004/A187,AQ,41.825346,13.811802,54.0,-56922.986,51332.766
PF06/0004/A187,AQ,41.829787,13.818982,52.0,-56438.154,51935.84
PF07/0004/A187,AQ,41.828092,13.822107,70.0,-56629.929,52192.757
PF08/0004/A187,AQ,41.831654,13.823131,52.0,-56235.617,52283.166
PF09/0004/A187,AQ,41.825265,13.811752,12.0,-56931.989,51328.445
PF10/0004/A187,AQ,41.827313,13.819359,70.0,-56713.263,51963.3
PF01/0005/A187,AQ,42.317082,12.477793,484.0,74.63,-57845.341
PF02/0005/A187,AQ,41.81852,13.776489,52.0,-57639.757,48389.33
PF03/0005/A187,AQ,41.815487,13.774804,9.0,-57974.458,48244.58
PF04/0005/A187,AQ,41.819082,13.771915,9.0,-57571.88,48010.258
PF05/0006/A187,AQ,41.817898,13.785137,70.0,-57719.032,49106.561
PF10/0006/A187,AQ,41.814849,13.780647,70.0,-58052.215,48728.842
PF11/0006/A187,AQ,41.815715,13.779499,52.0,-57954.687,48634.837
PF16/0006/A187,AQ,41.817165,13.781117,70.0,-57795.631,48771.574
PF17/0006/A187,AQ,41.815026,13.78462,70.0,-58037.249,49059.165
PF01/0007/A187,AQ,41.813175,13.794624,8.0,-58254.52,49887.22
PF02/0007/A187,AQ,41.817042,13.79809,70.0,-57829.129,50181.115
PF03/0007/A187,AQ,41.8168,13.795519,9.0,-57852.998,49967.181
PF04/0007/A187,AQ,42.316444,12.478691,505.0,1.6,-57773.43
PF05/0007/A187,AQ,42.316399,12.476093,503.0,2.9,-57987.722
PF06/0007/A187,AQ,42.31637,12.474651,500.0,3.2,-58106.625
PF01/0008/A187,AQ,41.81337,13.816495,8.0,-58258.13,51704.15
PF02/0008/A187,AQ,41.820975,13.821873,8.0,-57419.88,52162.48
PF03/0008/A187,AQ,41.82427,13.815241,12.0,-57046.427,51616.662
PF01/0009/A187,AQ,41.809422,13.781769,8.0,-58656.09,48813.52
PF03/0009/A187,AQ,41.811385,13.779195,50.0,-58435.185,48602.807
PF04/0009/A187,AQ,41.810747,13.775905,9.0,-58502.134,48328.517
PF05/0009/A187,AQ,41.805388,13.770936,52.0,-59091.234,47907.236
PF06/0009/A187,AQ,41.813416,13.777364,52.0,-58207.451,48453.876
PF07/0009/A187,AQ,41.809155,13.778401,52.0,-58681.795,48533.36
PF08/0009/A187,AQ,41.807318,13.775855,52.0,-58882.721,48318.904
PF05/0010/A187,AQ,41.82006,13.79165,68.0,-57486.52,49650.894
PF06/0010/A187,AQ,41.818994,13.789431,70.0,-57602.376,49464.937
PF14/0010/A187,AQ,41.810327,13.785225,52.0,-58559.709,49102.054
PF28/0010/A187,AQ,41.812267,13.792466,9.0,-58352.776,49706.55
PF29/0010/A187,AQ,42.316256,12.469225,494.0,3.9,-58554.209
PF30/0010/A187,AQ,41.807712,13.787526,9.0,-58852.713,49289.097
PF31/0010/A187,AQ,41.813283,13.787157,70.0,-58233.815,49267.108
PF32/0010/A187,AQ,41.816227,13.792354,54.0,-57912.982,49703.422
PF01/0011/A187,AQ,41.810169,13.796083,6.0,-58589.98,50003.75
PF01/0012/A187,AQ,41.806794,13.80709,8.0,-58977.46,50912.82
PF01/0013/A187,AQ,41.804052,13.796999,8.0,-59270.15,50070.26
PF05/0013/A187,AQ,41.800402,13.794215,12.0,-59672.225,49833.336
PF06/0013/A187,AQ,41.802594,13.795409,12.0,-59430.194,49935.933
PF07/0013/A187,AQ,41.804763,13.789938,12.0,-59183.04,49484.809
PF01/0014/A187,AQ,41.770018,13.692743,1.0,-62922.49,41351.77
PF02/0014/A187,AQ,41.785337,13.701807,8.0,-61233.03,42130.79
PF03/0014/A187,AQ,41.784615,13.680001,8.0,-61285.55,40317.51
PF01/0015/A187,AQ,41.777531,13.711134,8.0,-62111.37,42892.9
PF02/0015/A187,AQ,41.775063,13.740946,8.0,-62422.1,45366.54
PF03/0015/A187,AQ,41.78193,13.729467,70.0,-61645.628,44423.8
PF04/0015/A187,AQ,41.780091,13.731361,70.0,-61852.15,44578.186
PF05/0015/A187,AQ,41.78419,13.732871,12.0,-61398.924,44710.321
PF01/0016/A187,AQ,41.793283,13.745583,8.0,-60404.8,45781.42
PF02/0016/A187,AQ,41.784863,13.741251,6.0,-61334.44,45407.82
PF03/0016/A187,AQ,41.781824,13.734746,70.0,-61663.915,44862.284
PF04/0016/A187,AQ,41.781212,13.73845,12.0,-61736.4,45169.124
PF01/0017/A187,AQ,41.803981,13.762779,8.0,-59237.69,47227.33
PF02/0017/A187,AQ,41.801469,13.758944,12.0,-59512.011,46904.749
PF03/0017/A187,AQ,41.800516,13.765319,12.0,-59625.44,47432.8
PF05/0017/A187,AQ,41.791846,13.761903,12.0,-60584.013,47135.145
PF06/0017/A187,AQ,41.791289,13.765091,12.0,-60649.603,47399.17
PF01/0018/A187,AQ,41.795329,13.767224,8.0,-60203.65,47582.8
PF02/0018/A187,AQ,41.788961,13.773209,8.0,-60917.8,48070.04
PF06/0018/A187,AQ,41.802924,13.77304,52.0,-59367.314,48078.114
PF07/0018/A187,AQ,41.797424,13.770227,12.0,-59974.608,47835.65
PF08/0018/A187,AQ,41.803062,13.766718,12.0,-59344.472,47553.097
PF01/0019/A187,AQ,41.800999,13.782945,6.0,-59592.72,48897.99
PF02/0019/A187,AQ,41.804593,13.77665,52.0,-59186.226,48380.621
PF03/0019/A187,AQ,41.80235,13.776406,12.0,-59435.007,48356.834
PF01/0020/A187,AQ,41.791055,13.804492,8.0,-60721.93,50672.73
PF02/0020/A187,AQ,41.783201,13.788391,8.0,-61575.21,49322.53
PF01/0021/A187,AQ,41.78762,13.754525,8.0,-61044.32,46515.34
PF02/0021/A187,AQ,41.789624,13.759926,12.0,-60828.377,46967.355
PF01/0022/A187,AQ,41.770907,13.77351,8.0,-62922.72,48066.39
PF02/0022/A187,AQ,41.764254,13.77124,6.0,-63658.68,47867.18
PF03/0022/A187,AQ,41.770615,13.761915,8.0,-62941.28,47102.22
PF01/0002/A318,AQ,42.094286,13.564934,8.0,-26748.43,31331.16
PF01/0003/A318,AQ,42.091548,13.550757,6.0,-27032.66,30153.6
PF02/0003/A318,AQ,42.083073,13.557,52.0,-27982.439,30654.069
PF01/0004/A318,AQ,42.08469,13.56213,52.0,-27810.017,31081.387
PF02/0004/A318,AQ,42.087314,13.567805,50.0,-27526.59,31555.654
PF03/0004/A318,AQ,42.086378,13.556515,52.0,-27614.848,30620.098
PF04/0004/A318,AQ,42.084919,13.559168,52.0,-27780.546,30836.808
PF05/0004/A318,AQ,42.087015,13.561632,52.0,-27551.26,31044.504
PF06/0004/A318,AQ,42.089377,13.555911,12.0,-27281.012,30575.787
PF01/0005/A318,AQ,42.076754,13.53647,8.0,-28655.2,28943.89
PF02/0005/A318,AQ,42.086643,13.531874,52.0,-27550.679,28582.541
PF03/0006/A318,AQ,42.080171,13.547228,70.0,-28291.009,29840.231
PF05/0006/A318,AQ,42.075097,13.543875,70.0,-28849.665,29553.328
PF07/0006/A318,AQ,42.086849,13.543038,50.0,-27543.615,29506.313
PF08/0006/A318,AQ,42.076999,13.54298,70.0,-28637.266,29482.898
PF09/0006/A318,AQ,42.073228,13.541987,70.0,-29054.52,29393.577
PF10/0006/A318,AQ,42.082887,13.544062,70.0,-27985.01,29583.558
PF11/0006/A318,AQ,42.079298,13.54303,70.0,-28381.994,29491.345
PF12/0006/A318,AQ,42.082423,13.541011,50.0,-28032.129,29330.317
PF13/0006/A318,AQ,42.085334,13.540656,50.0,-27708.402,29306.459
PF14/0006/A318,AQ,42.089176,13.535626,52.0,-27274.719,28897.676
PF15/0006/A318,AQ,42.077103,13.545755,12.0,-28629.623,29712.627
PF04/0007/A318,AQ,42.07519,13.548158,70.0,-28845.387,29907.84
PF05/0007/A318,AQ,42.077776,13.547934,70.0,-28557.86,29894.132
PF06/0007/A318,AQ,42.077123,13.551638,54.0,-28635.562,30199.315
PF07/0007/A318,AQ,42.083546,13.552748,52.0,-27923.939,30303.24
PF08/0007/A318,AQ,42.082422,13.547201,52.0,-28041.025,29842.323
PF10/0007/A318,AQ,42.075247,13.554568,50.0,-28848.02,30438.182
PF11/0007/A318,AQ,42.074408,13.550795,54.0,-28935.947,30124.446
PF12/0007/A318,AQ,42.085972,13.546341,52.0,-27645.637,29777.836
PF13/0007/A318,AQ,42.084042,13.549458,52.0,-27864.343,30032.051
PF14/0007/A318,AQ,42.08025,13.554757,4.0,-28292.825,30463.228
PF15/0007/A318,AQ,42.079278,13.550916,52.0,-28395.359,30143.669
PF02/0008/A318,AQ,42.081557,13.559529,52.0,-28154.341,30860.37
PF03/0008/A318,AQ,42.078194,13.556743,12.0,-28523.804,30623.605
PF01/0009/A318,AQ,42.079666,13.570067,12.0,-28378.977,31728.533
PF01/0011/A318,AQ,42.062912,13.520226,12.0,-30169.046,27573.545
PF04/0013/A318,AQ,42.072614,13.549315,52.0,-29133.012,29998.643
PF11/0013/A318,AQ,42.070089,13.54825,52.0,-29411.903,29905.766
PF12/0013/A318,AQ,42.072976,13.544811,52.0,-29086.545,29626.737
PF15/0013/A318,AQ,42.066478,13.549338,8.0,-29814.35,29989.03
PF16/0013/A318,AQ,42.07126,13.552447,50.0,-29287.763,30255.177
PF17/0013/A318,AQ,42.069222,13.543051,52.0,-29500.836,29474.069
PF01/0014/A318,AQ,42.061453,13.560009,70.0,-30387.294,30862.446
PF02/0014/A318,AQ,42.063038,13.555399,70.0,-30204.794,30483.97
PF03/0014/A318,AQ,42.064865,13.553768,12.0,-29999.701,30352.518
PF01/0015/A318,AQ,42.067491,13.566132,8.0,-29725.37,31380.38
PF01/0016/A318,AQ,42.061838,13.563059,50.0,-30348.695,31115.559
PF01/0017/A318,AQ,42.059603,13.583335,8.0,-30624.88,32789.12
PF01/0018/A318,AQ,42.047726,13.538021,8.0,-31880.54,29017.1
PF02/0018/A318,AQ,42.05789,13.531344,8.0,-30742.47,28483.85
PF03/0018/A318,AQ,42.05443,13.536816,12.0,-31134.493,28930.08
PF01/0019/A318,AQ,42.050702,13.557254,8.0,-31577.19,30614.34
PF02/0019/A318,AQ,42.054455,13.540682,12.0,-31137.126,29250.04
PF03/0019/A318,AQ,42.052344,13.540883,12.0,-31371.88,29262.721
PF01/0020/A318,AQ,42.043877,13.582326,8.0,-32369.72,32676.68
PF02/0020/A318,AQ,42.052113,13.56675,6.0,-31433.68,31402.83
PF03/0020/A318,AQ,42.060227,13.558946,8.0,-30521.88,30772.24
PF04/0020/A318,AQ,42.05876,13.55634,50.0,-30681.116,30553.805
PF01/0022/A318,AQ,42.045144,13.601794,8.0,-32255.52,34290.25
PF01/0002/A345A,AQ,42.593233,13.135138,8.0,29342.67,-2997.83
PF02/0002/A345A,AQ,42.600554,13.135933,52.0,30154.192,-2914.702
PF03/0002/A345A,AQ,42.587528,13.144501,50.0,28692.291,-2243.451
PF04/0002/A345A,AQ,42.581489,13.140228,50.0,28029.312,-2608.88
PF05/0002/A345A,AQ,42.591432,13.150884,70.0,29114.359,-1710.238
PF01/0003/A345A,AQ,42.56691,13.074031,8.0,26531.87,-8078.12
PF02/0003/A345A,AQ,42.567759,13.090862,8.0,26594.83,-6694.48
PF03/0003/A345A,AQ,42.574491,13.089422,50.0,27345.074,-6795.739
PF04/0003/A345A,AQ,42.575563,13.084087,70.0,27474.026,-7230.951
PF05/0003/A345A,AQ,42.576637,13.087016,52.0,27587.84,-6987.879
PF06/0003/A345A,AQ,42.567912,13.08499,52.0,26622.673,-7176.06
PF07/0003/A345A,AQ,42.572057,13.080501,70.0,27091.354,-7534.047
PF11/0003/A345A,AQ,42.570287,13.082769,70.0,26890.613,-7352.399
PF12/0003/A345A,AQ,42.579375,13.08967,12.0,27887.0,-6763.15
PF01/0004/A345A,AQ,42.576054,13.121094,8.0,27460.51,-4192.5
PF02/0004/A345A,AQ,42.570317,13.103851,8.0,26854.97,-5621.93
PF03/0004/A345A,AQ,42.568075,13.103542,50.0,26606.529,-5652.882
PF04/0004/A345A,AQ,42.565592,13.101839,50.0,26333.956,-5798.822
PF05/0004/A345A,AQ,42.56765,13.107151,52.0,26552.667,-5357.639
PF06/0004/A345A,AQ,42.585593,13.098381,70.0,28561.355,-6032.806
PF01/0005/A345A,AQ,42.582827,13.147635,8.0,28164.61,-1997.78
PF02/0005/A345A,AQ,42.585408,13.14697,50.0,28452.399,-2046.063
PF05/0005/A345A,AQ,42.589603,13.154097,12.0,28905.413,-1451.042
PF01/0006/A345A,AQ,42.553691,13.076777,8.0,25058.86,-7886.11
PF02/0006/A345A,AQ,42.561067,13.094889,50.0,25844.261,-6380.632
PF03/0006/A345A,AQ,42.560371,13.088879,50.0,25778.055,-6875.77
PF01/0007/A345A,AQ,42.56118,13.116879,8.0,25816.47,-4575.15
PF02/0007/A345A,AQ,42.564787,13.107057,52.0,26234.971,-5372.534
PF08/0007/A345A,AQ,42.565523,13.11288,52.0,26305.971,-4892.659
PF01/0008/A345A,AQ,42.564499,13.139367,8.0,26144.18,-2721.01
PF01/0009/A345A,AQ,42.571111,13.174193,8.0,26816.22,153.58
PF01/0010/A345A,AQ,42.543878,13.149457,8.0,23836.1,-1942.74
PF01/0011/A345A,AQ,42.555218,13.163713,8.0,25069.98,-744.88
PF01/0013/A345A,AQ,42.569644,13.181422,8.0,26640.46,743.46
PF01/0014/A345A,AQ,42.559165,13.199089,8.0,25445.81,2168.83
PF02/0014/A345A,AQ,42.551832,13.188572,12.0,24649.977,1287.988
PF01/0016/A345A,AQ,42.536449,13.166254,8.0,22981.23,-581.32
PF01/0017/A345A,AQ,42.547253,13.191859,8.0,24135.76,1547.05
PF02/0017/A345A,AQ,42.535134,13.203561,8.0,22769.54,2479.31
PF03/0017/A345A,AQ,42.543605,13.219857,8.0,23681.88,3837.37
PF04/0017/A345A,AQ,42.550135,13.188433,12.0,24461.791,1272.604
PF01/0018/A345A,AQ,42.553192,13.223704,8.0,24739.88,4175.64
PF01/0019/A345A,AQ,42.525309,13.25534,8.0,21589.63,6709.19
PF02/0019/A345A,AQ,42.531467,13.230342,8.0,22315.97,4670.18
PF03/0019/A345A,AQ,42.547122,13.257262,8.0,24008.58,6916.9
PF01/0020/A345A,AQ,42.527379,13.145156,8.0,22011.69,-2336.07
PF01/0021/A345A,AQ,42.524095,13.163304,8.0,21614.51,-853.4
PF01/0022/A345A,AQ,42.524821,13.192424,8.0,21643.72,1540.24
PF01/0023/A345A,AQ,42.514325,13.146558,8.0,20559.59,-2252.63
PF01/0024/A345A,AQ,42.486295,13.171039,8.0,17403.33,-308.6
PF02/0024/A345A,AQ,42.493157,13.151964,8.0,18199.25,-1859.76
PF04/0025/A345A,AQ,42.518587,13.174785,12.0,20982.5,76.5
PF05/0025/A345A,AQ,42.517221,13.175617,12.0,20829.4,141.6
PF01/0026/A345A,AQ,42.51593,13.179032,54.0,20679.935,419.073
PF02/0026/A345A,AQ,42.516481,13.182896,54.0,20734.403,737.767
PF03/0026/A345A,AQ,42.513446,13.180658,54.0,20401.316,546.664
PF04/0026/A345A,AQ,42.512263,13.187901,70.0,20257.146,1138.916
PF01/0028/A345A,AQ,42.516265,13.192274,50.0,20693.91,1507.637
PF01/0029/A345A,AQ,42.510122,13.191597,8.0,20012.96,1437.51
PF02/0029/A345A,AQ,42.510969,13.197553,9.0,20096.582,1928.848
PF03/0029/A345A,AQ,42.512977,13.192845,70.0,20327.776,1546.759
PF04/0029/A345A,AQ,42.51399,13.198244,50.0,20430.84,1992.74
PF05/0029/A345A,AQ,42.512919,13.203323,10.0,20303.059,2407.471
PF06/0029/A345A,AQ,42.51124,13.193399,12.0,20133.9,1588.2
PF01/0030/A345A,AQ,42.504844,13.137035,6.0,19523.92,-3058.12
PF02/0030/A345A,AQ,42.498541,13.126591,8.0,18842.92,-3931.67
PF02/0031/A345A,AQ,42.497905,13.169945,7.0,18694.45,-370.65
PF03/0031/A345A,AQ,42.499735,13.194396,8.0,18854.54,1642.92
PF01/0033/A345A,AQ,42.480472,13.135729,8.0,16819.92,-3224.92
PF01/0036/A345A,AQ,42.471141,13.165205,12.0,15730.83,-824.46
PF01/0038/A345A,AQ,42.470209,13.146328,52.0,15661.08,-2378.619
PF02/0038/A345A,AQ,42.460083,13.155007,56.0,14521.11,-1689.587
PF03/0038/A345A,AQ,42.467049,13.145274,70.0,15312.153,-2472.944
PF04/0038/A345A,AQ,42.468482,13.149308,52.0,15463.994,-2137.84
PF05/0038/A345A,AQ,42.47053,13.146009,50.0,15697.37,-2404.065
PF01/0039/A345A,AQ,42.477933,13.158633,7.0,16496.75,-1348.37
PF02/0039/A345A,AQ,42.46693,13.14905,50.0,15292.06,-2162.797
PF03/0039/A345A,AQ,42.466263,13.153579,70.0,15209.984,-1792.055
PF04/0039/A345A,AQ,42.471684,13.160796,50.0,15798.98,-1185.611
PF05/0039/A345A,AQ,42.47172,13.156964,50.0,15809.891,-1500.561
PF01/0042/A345A,AQ,42.469445,13.125657,8.0,15613.62,-4079.87
PF01/0043/A345A,AQ,42.462141,13.13894,8.0,14778.51,-3005.65
PF03/0043/A345A,AQ,42.468512,13.141274,70.0,15481.744,-2798.257
PF02/0044/A345A,AQ,42.462701,13.148663,54.0,14823.231,-2204.867
PF05/0044/A345A,AQ,42.465774,13.142609,50.0,15175.282,-2695.173
PF08/0044/A345A,AQ,42.472746,13.148929,50.0,15938.124,-2158.648
PF09/0044/A345A,AQ,42.4647,13.142239,12.0,15056.746,-2728.147
PF10/0044/A345A,AQ,42.46236,13.142205,12.0,14796.886,-2736.676
PF11/0044/A345A,AQ,42.468623,13.146669,12.0,15484.419,-2354.412
PF12/0044/A345A,AQ,42.467696,13.142744,12.0,15388.468,-2679.341
PF13/0044/A345A,AQ,42.469511,13.145854,12.0,15584.5,-2419.3
PF01/0045/A345A,AQ,42.468576,13.150748,50.0,15471.803,-2019.214
PF03/0045/A345A,AQ,42.46717,13.15475,50.0,15308.497,-1693.561
PF04/0045/A345A,AQ,42.465469,13.149703,50.0,15128.693,-2112.661
PF05/0045/A345A,AQ,42.464002,13.152312,50.0,14961.153,-1901.647
PF06/0045/A345A,AQ,42.462895,13.157021,50.0,14829.821,-1517.19
PF07/0045/A345A,AQ,42.459965,13.149616,50.0,14517.641,-2133.092
PF09/0045/A345A,AQ,42.470952,13.152896,50.0,15731.895,-1836.868
PF10/0045/A345A,AQ,42.468872,13.151564,50.0,15503.229,-1951.401
PF11/0045/A345A,AQ,42.468804,13.149567,70.0,15499.303,-2115.752
PF01/0046/A345A,AQ,42.464492,13.161282,8.0,14999.55,-1163.03
PF02/0046/A345A,AQ,42.470071,13.158975,50.0,15623.123,-1339.229
PF03/0046/A345A,AQ,42.471192,13.170024,12.0,15728.01,-428.2
PF12/0047/A345A,AQ,42.46069,13.073706,52.0,14737.112,-8372.894
PF14/0047/A345A,AQ,42.457255,13.070302,52.0,14362.09,-8661.485
PF20/0047/A345A,AQ,42.467224,13.078411,8.0,15453.86,-7969.6
PF22/0047/A345A,AQ,42.459399,13.070814,52.0,14599.198,-8613.975
PF02/0050/A345A,AQ,42.45478,13.070863,70.0,14086.136,-8621.575
PF04/0050/A345A,AQ,42.454003,13.073039,52.0,13995.784,-8444.668
PF06/0050/A345A,AQ,42.450583,13.064031,70.0,13632.911,-9194.063
PF07/0050/A345A,AQ,42.450611,13.059408,70.0,13644.735,-9574.162
PF08/0050/A345A,AQ,42.447783,13.059536,70.0,13330.371,-9570.788
PF09/0050/A345A,AQ,42.454963,13.06715,12.0,14113.47,-8926.47
PF10/0050/A345A,AQ,42.255139,13.348385,12.0,-8564.03,13768.47
PF11/0050/A345A,AQ,42.452777,13.067919,12.0,13869.285,-8868.769
PF05/0051/A345A,AQ,42.450191,13.079147,54.0,13561.119,-7951.964
PF09/0051/A345A,AQ,42.447331,13.084346,70.0,13233.822,-7531.536
PF10/0051/A345A,AQ,42.450079,13.082884,70.0,13541.745,-7644.89
PF19/0051/A345A,AQ,42.454455,13.079234,70.0,14034.494,-7934.104
PF23/0051/A345A,AQ,42.452822,13.081397,70.0,13849.118,-7760.312
PF01/0052/A345A,AQ,42.457996,13.092918,6.0,14402.32,-6799.96
PF02/0052/A345A,AQ,42.449134,13.085806,70.0,13431.3,-7406.997
PF03/0052/A345A,AQ,42.450672,13.088129,70.0,13597.838,-7212.085
PF04/0052/A345A,AQ,42.453828,13.084408,70.0,13955.245,-7510.183
PF06/0052/A345A,AQ,42.452117,13.084941,70.0,13764.236,-7470.64
PF07/0052/A345A,AQ,42.454209,13.088432,4.0,13990.056,-7178.354
PF01/0053/A345A,AQ,42.451476,13.122137,6.0,13624.61,-4413.43
PF02/0053/A345A,AQ,42.448488,13.107784,8.0,13319.12,-5601.15
PF03/0053/A345A,AQ,42.446437,13.10135,70.0,13103.115,-6135.333
PF04/0053/A345A,AQ,42.440415,13.12171,70.0,12397.116,-4475.716
PF05/0053/A345A,AQ,42.442792,13.12476,70.0,12655.566,-4219.032
PF06/0053/A345A,AQ,42.447834,13.099021,52.0,13262.574,-6323.463
PF07/0053/A345A,AQ,42.447385,13.096053,52.0,13218.216,-6568.65
PF08/0053/A345A,AQ,42.442691,13.119665,70.0,12653.599,-4638.335
PF09/0053/A345A,AQ,42.442959,13.108504,70.0,12703.806,-5555.644
PF10/0053/A345A,AQ,42.444815,13.12603,70.0,12877.887,-4109.629
PF01/0056/A345A,AQ,42.458608,13.146994,54.0,14371.729,-2352.024
PF01/0057/A345A,AQ,42.457039,13.152124,8.0,14188.25,-1934.0
PF02/0057/A345A,AQ,42.450994,13.147643,52.0,13525.035,-2317.118
PF03/0057/A345A,AQ,42.458517,13.155837,12.0,14345.732,-1625.141
PF04/0057/A345A,AQ,42.452921,13.148724,50.0,13737.012,-2223.572
PF05/0057/A345A,AQ,42.454047,13.146784,50.0,13865.593,-2380.321
PF01/0058/A345A,AQ,42.454352,13.161076,54.0,13873.933,-1204.361
PF02/0058/A345A,AQ,42.459311,13.16587,54.0,14416.049,-798.212
PF03/0058/A345A,AQ,42.458028,13.161937,12.0,14280.6,-1124.7
PF01/0059/A345A,AQ,42.448783,13.057185,70.0,13445.852,-9761.591
PF02/0059/A345A,AQ,42.447366,13.073239,70.0,13258.433,-8444.923
PF03/0059/A345A,AQ,42.441905,13.061232,70.0,12674.523,-9446.238
PF04/0059/A345A,AQ,42.44938,13.070922,70.0,13486.43,-8630.411
PF05/0059/A345A,AQ,42.441087,13.052283,12.0,12600.482,-10184.338
PF06/0059/A345A,AQ,42.446188,13.062288,70.0,13148.135,-9348.52
PF01/0060/A345A,AQ,42.44721,13.0606,8.0,13264.77,-9484.77
PF02/0060/A345A,AQ,42.444651,13.062157,52.0,12977.704,-9363.219
PF04/0060/A345A,AQ,42.445448,13.068253,52.0,13054.724,-8859.82
PF05/0060/A345A,AQ,42.44353,13.066773,70.0,12844.539,-8986.408
PF09/0060/A345A,AQ,42.436534,13.061476,56.0,12077.59,-9439.847
PF10/0060/A345A,AQ,42.442552,13.059929,54.0,12748.74,-9551.776
PF12/0060/A345A,AQ,42.438175,13.0624,70.0,12258.151,-9359.681
PF16/0060/A345A,AQ,42.439165,13.059824,70.0,12372.839,-9568.993
PF17/0060/A345A,AQ,42.448115,13.067695,70.0,13351.98,-8899.002
PF18/0060/A345A,AQ,42.446054,13.103266,52.0,13057.057,-5978.752
PF19/0060/A345A,AQ,42.436851,13.061443,70.0,12112.865,-9441.686
PF21/0060/A345A,AQ,42.441715,13.069545,70.0,12637.838,-8763.032
PF22/0060/A345A,AQ,42.439953,13.072013,70.0,12437.564,-8564.421
PF01/0061/A345A,AQ,42.449719,13.073754,52.0,13518.794,-8396.655
PF02/0061/A345A,AQ,42.450839,13.075146,54.0,13640.503,-8279.312
PF03/0061/A345A,AQ,42.448718,13.07642,70.0,13402.586,-8179.915
PF07/0061/A345A,AQ,42.445864,13.071503,52.0,13094.842,-8591.521
PF08/0061/A345A,AQ,42.441752,13.074965,70.0,12631.782,-8317.09
PF16/0061/A345A,AQ,42.445197,13.076848,70.0,13010.842,-8153.597
PF17/0061/A345A,AQ,42.443904,13.07112,70.0,12877.915,-8627.937
PF01/0062/A345A,AQ,42.445516,13.089151,50.0,13023.396,-7140.941
PF04/0062/A345A,AQ,42.445925,13.086756,70.0,13073.208,-7336.927
PF05/0062/A345A,AQ,42.444478,13.082089,70.0,12921.197,-7724.343
PF06/0062/A345A,AQ,42.442597,13.078179,70.0,12719.601,-8050.66
PF08/0062/A345A,AQ,42.439429,13.082,50.0,12360.688,-7744.303
PF09/0062/A345A,AQ,42.440133,13.079422,70.0,12443.682,-7954.643
PF12/0062/A345A,AQ,42.447866,13.079813,70.0,13301.638,-7902.988
PF13/0062/A345A,AQ,42.440321,13.086695,50.0,12451.114,-7355.898
PF14/0062/A345A,AQ,42.440665,13.087783,52.0,12487.213,-7265.575
PF17/0062/A345A,AQ,42.443084,13.092538,70.0,12747.08,-6868.445
PF21/0062/A345A,AQ,42.446187,13.083664,52.0,13108.049,-7590.551
PF25/0062/A345A,AQ,42.443234,13.086994,52.0,12773.986,-7324.035
PF26/0062/A345A,AQ,42.441242,13.090739,9.0,12545.81,-7021.051
PF27/0062/A345A,AQ,42.441921,13.093396,9.0,12616.287,-6800.752
PF28/0062/A345A,AQ,42.442007,13.084036,70.0,12643.22,-7570.406
PF29/0062/A345A,AQ,42.441265,13.081258,50.0,12566.02,-7800.734
PF07/0063/A345A,AQ,42.445195,13.093928,52.0,12978.864,-6748.877
PF08/0063/A345A,AQ,42.44436,13.096399,70.0,12881.619,-6547.702
PF09/0063/A345A,AQ,42.445176,13.099188,70.0,12967.079,-6316.324
PF03/0064/A345A,AQ,42.438887,13.058429,70.0,12344.676,-9684.465
PF05/0064/A345A,AQ,42.438141,13.0631,70.0,12253.062,-9302.148
PF06/0064/A345A,AQ,42.436943,13.068008,70.0,12110.724,-8901.484
PF08/0064/A345A,AQ,42.434926,13.065153,70.0,11892.18,-9141.417
PF09/0064/A345A,AQ,42.44245,13.058003,70.0,12741.096,-9710.461
PF10/0064/A345A,AQ,42.440359,13.056439,50.0,12511.823,-9844.408
PF11/0064/A345A,AQ,42.433902,13.065971,9.0,11776.89,-9076.77
PF12/0064/A345A,AQ,42.438395,13.069868,12.0,12268.527,-8744.786
PF03/0065/A345A,AQ,42.439227,13.078343,70.0,12345.144,-8045.61
PF06/0065/A345A,AQ,42.437414,13.07874,70.0,12143.043,-8017.516
PF07/0065/A345A,AQ,42.439059,13.073992,70.0,12334.509,-8403.927
PF08/0065/A345A,AQ,42.437004,13.074666,70.0,12105.126,-8353.706
PF02/0066/A345A,AQ,42.4341,13.094474,68.0,11745.859,-6731.625
PF03/0066/A345A,AQ,42.437668,13.097095,70.0,12137.214,-6507.113
PF05/0066/A345A,AQ,42.434275,13.084104,70.0,11784.467,-7584.228
PF06/0066/A345A,AQ,42.431663,13.093592,68.0,11476.895,-6810.272
PF07/0066/A345A,AQ,42.432306,13.089926,68.0,11555.082,-7110.187
PF08/0066/A345A,AQ,42.432293,13.086246,70.0,11560.419,-7412.931
PF11/0066/A345A,AQ,42.43713,13.079547,70.0,12109.944,-7951.919
PF16/0066/A345A,AQ,42.439885,13.090425,70.0,12395.744,-7050.227
PF18/0066/A345A,AQ,42.435532,13.088977,9.0,11915.033,-7180.219
PF20/0066/A345A,AQ,42.439393,13.089433,9.0,12342.966,-7133.077
PF22/0066/A345A,AQ,42.439075,13.087104,72.0,12311.99,-7325.45
PF23/0066/A345A,AQ,42.43766,13.082819,12.0,12162.817,-7681.43
PF25/0066/A345A,AQ,42.435814,13.093185,54.0,11938.617,-6833.398
PF01/0067/A345A,AQ,42.442459,13.099165,70.0,12665.411,-6324.96
PF03/0067/A345A,AQ,42.444433,13.101927,52.0,12879.553,-6092.905
PF06/0067/A345A,AQ,42.441644,13.102684,70.0,12568.47,-6037.549
PF15/0067/A345A,AQ,42.439427,13.094386,9.0,12337.585,-6725.621
PF19/0067/A345A,AQ,42.438636,13.099761,70.0,12239.828,-6285.429
PF21/0067/A345A,AQ,42.444171,13.101556,70.0,12851.173,-6124.096
PF22/0067/A345A,AQ,42.441657,13.095057,12.0,12584.0,-6664.8
PF23/0067/A345A,AQ,42.44359,13.106276,12.0,12777.912,-5737.28
PF04/0068/A345A,AQ,42.433525,13.109271,68.0,11654.748,-5515.895
PF07/0068/A345A,AQ,42.435724,13.10435,50.0,11908.047,-5915.244
PF08/0068/A345A,AQ,42.438578,13.09886,70.0,12234.977,-6359.729
PF10/0068/A345A,AQ,42.440213,13.1034,52.0,12408.237,-5982.248
PF11/0068/A345A,AQ,42.435843,13.097992,70.0,11932.961,-6437.932
PF14/0068/A345A,AQ,42.438282,13.102204,68.0,12195.969,-6085.39
PF17/0068/A345A,AQ,42.434271,13.114999,9.0,11727.196,-5042.837
PF18/0068/A345A,AQ,42.436518,13.10161,9.0,12001.157,-6138.649
PF19/0068/A345A,AQ,42.434452,13.107116,70.0,11761.625,-5690.812
PF20/0068/A345A,AQ,42.436994,13.108404,70.0,12041.577,-5578.627
PF01/0069/A345A,AQ,42.443124,13.119387,10.0,12702.2,-4660.1
PF08/0069/A345A,AQ,42.439161,13.114397,68.0,12271.254,-5080.273
PF20/0069/A345A,AQ,42.436475,13.11737,9.0,11967.607,-4842.363
PF25/0069/A345A,AQ,42.441236,13.114135,9.0,12502.108,-5096.727
PF26/0069/A345A,AQ,42.43759,13.106644,9.0,12110.986,-5721.914
PF27/0069/A345A,AQ,42.43731,13.113088,9.0,12068.069,-5192.564
PF28/0069/A345A,AQ,42.440629,13.106573,52.0,12448.582,-5720.178
PF30/0069/A345A,AQ,42.438835,13.118726,70.0,12227.157,-4725.054
PF32/0069/A345A,AQ,42.439776,13.108952,70.0,12349.542,-5526.654
PF33/0069/A345A,AQ,42.440886,13.117635,70.0,12456.893,-4809.718
PF34/0069/A345A,AQ,42.438791,13.111747,70.0,12235.057,-5299.156
PF06/0070/A345A,AQ,42.440857,13.136013,70.0,12420.256,-3298.253
PF07/0070/A345A,AQ,42.441454,13.126611,52.0,12503.596,-4070.079
PF09/0070/A345A,AQ,42.44188,13.133118,70.0,12539.13,-3533.823
PF10/0070/A345A,AQ,42.438494,13.131935,12.0,12165.24,-3639.382
PF06/0071/A345A,AQ,42.440689,13.136127,52.0,12401.467,-3289.269
PF07/0071/A345A,AQ,42.439454,13.140072,70.0,12257.135,-2967.767
PF10/0071/A345A,AQ,42.441287,13.144154,54.0,12453.348,-2627.621
PF11/0071/A345A,AQ,42.440083,13.148805,70.0,12311.294,-2248.006
PF13/0071/A345A,AQ,42.438388,13.145437,70.0,12129.101,-2529.109
PF16/0071/A345A,AQ,42.442235,13.140061,50.0,12566.075,-2961.925
PF17/0071/A345A,AQ,42.443142,13.143692,50.0,12660.167,-2661.119
PF20/0071/A345A,AQ,42.440287,13.145354,70.0,12340.208,-2531.336
PF21/0071/A345A,AQ,42.444629,13.137467,70.0,12836.568,-3169.487
PF22/0071/A345A,AQ,42.438681,13.134523,70.0,12181.391,-3426.073
PF23/0071/A345A,AQ,42.440803,13.142616,12.0,12402.4,-2755.3
PF01/0072/A345A,AQ,42.445346,13.146528,8.0,12899.8,-2422.49
PF02/0072/A345A,AQ,42.444248,13.154881,50.0,12762.916,-1738.149
PF03/0072/A345A,AQ,42.442855,13.149171,70.0,12618.485,-2211.179
PF04/0072/A345A,AQ,42.448621,13.157478,52.0,13243.853,-1514.036
PF05/0072/A345A,AQ,42.448566,13.150408,52.0,13250.44,-2095.604
PF06/0072/A345A,AQ,42.446946,13.152355,52.0,13067.099,-1939.386
PF07/0072/A345A,AQ,42.446819,13.156994,52.0,13044.659,-1558.155
PF08/0072/A345A,AQ,42.444535,13.151535,70.0,12800.788,-2012.654
PF09/0072/A345A,AQ,42.44759,13.15406,52.0,13135.504,-1797.585
PF10/0072/A345A,AQ,42.451018,13.149563,50.0,13524.296,-2159.117
PF01/0073/A345A,AQ,42.449489,13.164736,8.0,13327.4,-915.1
PF02/0073/A345A,AQ,42.445161,13.159599,52.0,12855.872,-1347.984
PF03/0073/A345A,AQ,42.448279,13.160406,52.0,13200.656,-1274.04
PF05/0073/A345A,AQ,42.451493,13.162762,52.0,13553.397,-1072.577
PF06/0073/A345A,AQ,42.450532,13.158327,70.0,13454.548,-1439.6
PF07/0073/A345A,AQ,42.448882,13.162626,52.0,13263.743,-1090.05
PF08/0073/A345A,AQ,42.450502,13.154213,52.0,13458.654,-1778.014
PF01/0074/A345A,AQ,42.442227,13.15705,70.0,12534.595,-1564.638
PF02/0074/A345A,AQ,42.441132,13.152649,70.0,12420.967,-1929.234
PF04/0074/A345A,AQ,42.441097,13.159825,50.0,12404.193,-1339.17
PF06/0074/A345A,AQ,42.436604,13.156606,70.0,11911.088,-1614.752
PF07/0074/A345A,AQ,42.434974,13.153085,70.0,11736.321,-1908.277
PF08/0074/A345A,AQ,42.43722,13.151981,70.0,11987.668,-1993.663
PF13/0074/A345A,AQ,42.435281,13.150092,70.0,11775.794,-2153.757
PF18/0074/A345A,AQ,42.438604,13.15404,70.0,12137.758,-1820.942
PF19/0074/A345A,AQ,42.437567,13.162473,70.0,12007.562,-1129.856
PF20/0074/A345A,AQ,42.439838,13.156812,52.0,12269.788,-1590.027
PF21/0074/A345A,AQ,42.443215,13.159082,70.0,12640.684,-1395.158
PF22/0074/A345A,AQ,42.436315,13.160227,70.0,11872.442,-1317.593
PF01/0075/A345A,AQ,42.431424,13.070998,6.0,11492.35,-8669.47
PF02/0075/A345A,AQ,42.432819,13.075351,54.0,11639.106,-8307.844
PF04/0075/A345A,AQ,42.434756,13.073634,70.0,11857.433,-8444.256
PF05/0075/A345A,AQ,42.435518,13.077109,70.0,11935.537,-8156.44
PF07/0075/A345A,AQ,42.43528,13.08154,52.0,11900.855,-7792.578
PF12/0075/A345A,AQ,42.435238,13.078539,52.0,11901.752,-8039.578
PF14/0075/A345A,AQ,42.431039,13.079996,70.0,11432.745,-7930.238
PF15/0075/A345A,AQ,42.431146,13.072215,9.0,11459.23,-8570.023
PF16/0075/A345A,AQ,42.4329,13.069222,54.0,11659.534,-8811.847
PF17/0075/A345A,AQ,42.433282,13.080173,52.0,11681.574,-7910.09
PF18/0075/A345A,AQ,42.433214,13.076625,52.0,11680.583,-8202.09
PF20/0075/A345A,AQ,42.428517,13.081194,9.0,11150.5,-7838.0
PF10/0076/A345A,AQ,42.42772,13.072716,70.0,11077.793,-8537.503
PF15/0076/A345A,AQ,42.42767,13.078679,70.0,11061.155,-8047.091
PF16/0076/A345A,AQ,42.429134,13.074412,70.0,11231.7,-8394.413
PF04/0077/A345A,AQ,42.427491,13.091583,68.0,11017.249,-6985.956
PF08/0077/A345A,AQ,42.428073,13.097839,52.0,11070.358,-6469.803
PF10/0077/A345A,AQ,42.426331,13.099371,70.0,10874.146,-6348.093
PF14/0077/A345A,AQ,42.426994,13.094607,56.0,10956.48,-6738.42
PF16/0077/A345A,AQ,42.424982,13.092381,68.0,10737.265,-6926.546
PF19/0077/A345A,AQ,42.428646,13.088054,68.0,11152.053,-7273.398
PF20/0077/A345A,AQ,42.426822,13.087117,70.0,10951.321,-7355.039
PF25/0077/A345A,AQ,42.424752,13.0855,70.0,10724.369,-7493.229
PF26/0077/A345A,AQ,42.426979,13.083547,70.0,10975.337,-7648.311
PF27/0077/A345A,AQ,42.429576,13.085021,70.0,11261.021,-7520.573
PF30/0077/A345A,AQ,42.430448,13.089891,52.0,11348.806,-7117.749
PF31/0077/A345A,AQ,42.430084,13.098864,70.0,11291.758,-6380.479
PF32/0077/A345A,AQ,42.428707,13.095039,70.0,11145.922,-6698.624
PF09/0078/A345A,AQ,42.427008,13.104172,52.0,10940.411,-5951.476
PF16/0078/A345A,AQ,42.427636,13.101881,70.0,11014.363,-6138.364
PF18/0078/A345A,AQ,42.429874,13.106505,9.0,11254.412,-5752.456
PF19/0078/A345A,AQ,42.430644,13.102086,70.0,11348.007,-6114.022
PF21/0078/A345A,AQ,42.43314,13.098669,70.0,11631.47,-6388.903
PF22/0078/A345A,AQ,42.429408,13.103751,52.0,11207.754,-5980.172
PF23/0078/A345A,AQ,42.428202,13.102881,52.0,11075.404,-6054.69
PF24/0078/A345A,AQ,42.434269,13.100905,70.0,11752.714,-6202.226
PF25/0078/A345A,AQ,42.431756,13.109459,12.0,11458.02,-5504.75
PF26/0078/A345A,AQ,42.431852,13.105435,12.0,11476.05,-5835.6
PF06/0079/A345A,AQ,42.427264,13.115897,70.0,10947.431,-4986.256
PF08/0079/A345A,AQ,42.4245,13.117447,70.0,10637.698,-4865.56
PF09/0079/A345A,AQ,42.425408,13.114241,50.0,10744.284,-5127.106
PF10/0079/A345A,AQ,42.426349,13.119406,70.0,10839.401,-4699.868
PF11/0079/A345A,AQ,42.427521,13.109936,70.0,10986.867,-5476.04
PF12/0079/A345A,AQ,42.424187,13.105582,70.0,10624.617,-5842.493
PF18/0079/A345A,AQ,42.429687,13.113811,52.0,11220.293,-5151.892
PF20/0079/A345A,AQ,42.427481,13.112911,70.0,10976.911,-5231.356
PF24/0079/A345A,AQ,42.42491,13.108463,56.0,10699.578,-5603.654
PF28/0079/A345A,AQ,42.430911,13.115747,70.0,11352.677,-4989.634
PF29/0079/A345A,AQ,42.428506,13.120656,70.0,11076.691,-4591.673
PF30/0079/A345A,AQ,42.430607,13.111642,70.0,11326.403,-5328.09
PF05/0081/A345A,AQ,42.436939,13.136835,70.0,11983.734,-3240.147
PF07/0081/A345A,AQ,42.435493,13.141491,70.0,11814.727,-2860.74
PF20/0081/A345A,AQ,42.437603,13.137987,8.0,12055.44,-3143.82
PF22/0081/A345A,AQ,42.437808,13.140881,70.0,12072.944,-2905.284
PF23/0081/A345A,AQ,42.432835,13.136327,70.0,11528.943,-3291.984
PF26/0081/A345A,AQ,42.427416,13.141776,70.0,10917.4,-2856.941
PF27/0081/A345A,AQ,42.429876,13.135056,70.0,11202.676,-3403.731
PF28/0081/A345A,AQ,42.434913,13.136754,70.0,11758.863,-3251.793
PF01/0082/A345A,AQ,42.434854,13.146382,70.0,11735.027,-2459.984
PF03/0082/A345A,AQ,42.428405,13.145214,54.0,11021.008,-2571.708
PF05/0082/A345A,AQ,42.436532,13.143642,70.0,11926.258,-2681.237
PF07/0082/A345A,AQ,42.437483,13.148112,70.0,12023.886,-2311.252
PF17/0082/A345A,AQ,42.433451,13.143245,70.0,11584.883,-2721.363
PF21/0082/A345A,AQ,42.428314,13.145553,70.0,11010.235,-2544.031
PF22/0082/A345A,AQ,42.426759,13.142968,70.0,10842.266,-2760.453
PF23/0082/A345A,AQ,42.439196,13.151757,70.0,12207.506,-2007.283
PF24/0082/A345A,AQ,42.429382,13.143427,12.0,11132.75,-2716.3
PF01/0083/A345A,AQ,42.42589,13.149602,70.0,10733.878,-2216.747
PF05/0083/A345A,AQ,42.429599,13.151231,70.0,11142.803,-2073.829
PF14/0083/A345A,AQ,42.431727,13.152336,70.0,11377.158,-1977.75
PF15/0083/A345A,AQ,42.431352,13.155947,70.0,11329.048,-1681.589
PF16/0083/A345A,AQ,42.427103,13.152015,70.0,10864.254,-2015.323
PF17/0083/A345A,AQ,42.428741,13.155271,70.0,11040.233,-1743.55
PF21/0083/A345A,AQ,42.42655,13.143166,8.0,10818.72,-2744.7
PF23/0083/A345A,AQ,42.42714,13.143893,50.0,10882.905,-2683.447
PF25/0083/A345A,AQ,42.428227,13.147507,70.0,10997.099,-2383.513
PF26/0083/A345A,AQ,42.432899,13.147197,70.0,11516.471,-2397.618
PF27/0083/A345A,AQ,42.434453,13.149204,12.0,11685.434,-2228.771
PF28/0083/A345A,AQ,42.430262,13.147601,12.0,11222.95,-2370.8
PF03/0084/A345A,AQ,42.432146,13.157772,70.0,11413.903,-1529.543
PF04/0084/A345A,AQ,42.432911,13.162614,70.0,11490.18,-1129.442
PF08/0084/A345A,AQ,42.429554,13.1594,54.0,11123.172,-1401.892
PF10/0084/A345A,AQ,42.425789,13.154719,70.0,10713.435,-1796.067
PF11/0084/A345A,AQ,42.429388,13.159596,70.0,11104.449,-1386.193
PF12/0084/A345A,AQ,42.434338,13.158271,70.0,11656.456,-1483.285
PF01/0085/A345A,AQ,42.422583,13.111149,56.0,10436.243,-5388.395
PF02/0085/A345A,AQ,42.421922,13.115732,70.0,10354.511,-5013.023
PF03/0085/A345A,AQ,42.420026,13.111238,70.0,10152.157,-5387.453
PF04/0085/A345A,AQ,42.421384,13.103472,70.0,10317.251,-6023.0
PF05/0085/A345A,AQ,42.419931,13.107615,70.0,10148.294,-5685.778
PF06/0085/A345A,AQ,42.423842,13.098369,70.0,10599.585,-6436.724
PF09/0085/A345A,AQ,42.422526,13.10741,12.0,10436.83,-5696.2
PF10/0085/A345A,AQ,42.42406,13.113147,9.0,10596.6,-5220.4
PF03/0087/A345A,AQ,42.41693,13.13698,50.0,9761.588,-3277.013
PF05/0087/A345A,AQ,42.418642,13.138496,50.0,9948.998,-3148.087
PF06/0087/A345A,AQ,42.418424,13.141477,70.0,9919.415,-2903.386
PF09/0087/A345A,AQ,42.418994,13.135158,70.0,9994.102,-3421.917
PF15/0087/A345A,AQ,42.42113,13.146167,70.0,10211.432,-2510.914
PF19/0087/A345A,AQ,42.424681,13.146639,50.0,10604.944,-2463.487
PF21/0087/A345A,AQ,42.423226,13.140258,50.0,10454.802,-2991.947
PF24/0087/A345A,AQ,42.420278,13.143286,70.0,10122.05,-2749.994
PF25/0087/A345A,AQ,42.416449,13.140592,56.0,9701.653,-2981.01
PF27/0087/A345A,AQ,42.417958,13.147502,70.0,9856.799,-2408.75
PF28/0087/A345A,AQ,42.424017,13.14997,70.0,10525.234,-2191.072
PF29/0087/A345A,AQ,42.422703,13.148218,50.0,10382.372,-2338.342
PF31/0087/A345A,AQ,42.420844,13.138682,50.0,10193.141,-3127.478
PF32/0087/A345A,AQ,42.424965,13.141815,70.0,10645.149,-2859.631
PF33/0087/A345A,AQ,42.416595,13.141023,12.0,9717.116,-2945.172
PF34/0087/A345A,AQ,42.416595,13.141023,12.0,9717.116,-2945.172
PF01/0088/A345A,AQ,42.429988,13.163586,70.0,11163.893,-1056.499
PF03/0088/A345A,AQ,42.425368,13.16266,70.0,10652.513,-1143.791
PF04/0088/A345A,AQ,42.426806,13.159633,70.0,10817.593,-1389.328
PF11/0088/A345A,AQ,42.421897,13.156409,52.0,10278.302,-1666.395
PF12/0088/A345A,AQ,42.423436,13.153654,52.0,10454.075,-1889.351
PF14/0088/A345A,AQ,42.422474,13.156162,70.0,10342.735,-1685.339
PF15/0088/A345A,AQ,42.421718,13.1521,70.0,10266.052,-2021.376
PF17/0088/A345A,AQ,42.419174,13.15613,70.0,9976.327,-1695.975
PF18/0088/A345A,AQ,42.419971,13.157604,70.0,10062.281,-1572.703
PF19/0088/A345A,AQ,42.421981,13.156411,8.0,10287.57,-1666.07
PF21/0088/A345A,AQ,42.421771,13.157211,70.0,10262.797,-1600.729
PF22/0088/A345A,AQ,42.417474,13.153316,70.0,9792.678,-1931.534
PF23/0088/A345A,AQ,42.424388,13.157553,70.0,10552.807,-1566.311
PF02/0089/A345A,AQ,42.403853,13.143569,70.0,8297.611,-2766.619
PF03/0089/A345A,AQ,42.404955,13.139536,70.0,8427.213,-3095.834
PF04/0089/A345A,AQ,42.406901,13.142925,70.0,8637.201,-2812.216
PF08/0089/A345A,AQ,42.410829,13.133576,70.0,9090.256,-3571.953
PF12/0089/A345A,AQ,42.410191,13.143261,52.0,9001.904,-2776.606
PF16/0089/A345A,AQ,42.41269,13.137695,54.0,9289.45,-3228.488
PF17/0089/A345A,AQ,42.414054,13.135145,54.0,9445.601,-3435.039
PF21/0089/A345A,AQ,42.414513,13.138318,70.0,9490.82,-3172.828
PF26/0089/A345A,AQ,42.411866,13.135102,70.0,9202.683,-3443.882
PF27/0089/A345A,AQ,42.412976,13.132033,70.0,9331.489,-3693.697
PF28/0089/A345A,AQ,42.407275,13.139372,70.0,8685.176,-3103.657
PF29/0089/A345A,AQ,42.412027,13.140729,70.0,9210.377,-2980.494
PF31/0089/A345A,AQ,42.412128,13.134867,70.0,9232.209,-3462.553
PF05/0090/A345A,AQ,42.409316,13.146966,70.0,8898.171,-2473.842
PF06/0090/A345A,AQ,42.410639,13.145212,56.0,9048.184,-2614.964
PF07/0090/A345A,AQ,42.412192,13.141979,56.0,9226.48,-2877.224
PF13/0090/A345A,AQ,42.418426,13.150869,52.0,9902.709,-2130.621
PF14/0090/A345A,AQ,42.414042,13.150314,52.0,9416.865,-2186.874
PF17/0090/A345A,AQ,42.409231,13.151225,70.0,8881.053,-2123.513
PF18/0090/A345A,AQ,42.411911,13.146958,8.0,9186.28,-2468.16
PF19/0090/A345A,AQ,42.41579,13.142942,70.0,9624.27,-2789.264
PF21/0090/A345A,AQ,42.415045,13.14599,70.0,9536.033,-2540.227
PF25/0090/A345A,AQ,42.416083,13.144676,70.0,9653.654,-2645.815
PF27/0090/A345A,AQ,42.411413,13.149708,50.0,9126.092,-2243.089
PF28/0090/A345A,AQ,42.406768,13.146139,70.0,8616.716,-2548.059
PF29/0090/A345A,AQ,42.413231,13.153119,70.0,9321.844,-1958.063
PF30/0090/A345A,AQ,42.413933,13.144552,70.0,9415.169,-2661.259
PF31/0090/A345A,AQ,42.413926,13.1477,70.0,9408.673,-2402.243
PF32/0090/A345A,AQ,42.413654,13.147342,12.0,9379.16,-2432.38
PF33/0090/A345A,AQ,42.413909,13.141261,12.0,9418.408,-2932.115
PF02/0091/A345A,AQ,42.415137,13.155755,52.0,9528.739,-1736.494
PF10/0091/A345A,AQ,42.416536,13.160781,52.0,9675.193,-1319.591
PF13/0091/A345A,AQ,42.412777,13.158289,70.0,9262.166,-1533.705
PF14/0091/A345A,AQ,42.414701,13.164408,70.0,9464.884,-1025.6
PF19/0091/A345A,AQ,42.419399,13.159825,70.0,9994.816,-1391.339
PF22/0091/A345A,AQ,42.413212,13.156207,70.0,9314.217,-1703.942
PF23/0091/A345A,AQ,42.415697,13.152186,52.0,9597.29,-2028.801
PF25/0091/A345A,AQ,42.417041,13.156522,70.0,9738.784,-1668.805
PF26/0091/A345A,AQ,42.421923,13.164283,70.0,10267.095,-1018.498
PF27/0091/A345A,AQ,42.423589,13.161636,70.0,10456.844,-1232.34
PF29/0091/A345A,AQ,42.419992,13.165169,12.0,10051.155,-950.294
PF30/0091/A345A,AQ,42.417697,13.164777,12.0,9797.0,-988.0
PF02/0092/A345A,AQ,42.408766,13.155296,70.0,8822.076,-1789.637
PF14/0092/A345A,AQ,42.413901,13.163138,52.0,9378.341,-1132.03
PF19/0092/A345A,AQ,42.408907,13.163129,70.0,8823.785,-1144.759
PF20/0092/A345A,AQ,42.406616,13.150546,70.0,8591.931,-2185.744
PF21/0092/A345A,AQ,42.407457,13.15889,70.0,8670.326,-1497.052
PF23/0092/A345A,AQ,42.41194,13.154479,70.0,9175.996,-1849.209
PF25/0092/A345A,AQ,42.410676,13.157108,70.0,9031.018,-1635.957
PF26/0092/A345A,AQ,42.410194,13.16045,70.0,8971.503,-1362.117
PF27/0092/A345A,AQ,42.409509,13.167279,70.0,8883.225,-801.822
PF28/0092/A345A,AQ,42.41235,13.160943,70.0,9209.981,-1316.358
PF29/0092/A345A,AQ,42.41134,13.165392,70.0,9089.97,-952.688
PF03/0093/A345A,AQ,42.427285,13.123475,70.0,10935.975,-4362.814
PF01/0094/A345A,AQ,42.427055,13.130272,8.0,10898.05,-3804.19
PF02/0094/A345A,AQ,42.427411,13.133897,52.0,10931.051,-3505.087
PF03/0094/A345A,AQ,42.426926,13.126902,70.0,10889.849,-4081.744
PF01/0095/A345A,AQ,42.422651,13.1259,70.0,10416.934,-4174.693
PF02/0095/A345A,AQ,42.424419,13.123946,52.0,10616.813,-4331.117
PF04/0095/A345A,AQ,42.418829,13.12765,70.0,9989.32,-4040.039
PF02/0096/A345A,AQ,42.416508,13.132806,70.0,9722.301,-3621.443
PF01/0097/A345A,AQ,42.425569,13.127099,70.0,10738.762,-4068.887
PF01/0098/A345A,AQ,42.423547,13.131611,6.0,10506.03,-3702.64
PF02/0098/A345A,AQ,42.425043,13.134133,50.0,10667.628,-3491.461
PF03/0098/A345A,AQ,42.425799,13.127549,50.0,10763.517,-4031.253
PF04/0098/A345A,AQ,42.423577,13.128003,52.0,10515.978,-3999.376
PF03/0099/A345A,AQ,42.424844,13.137459,70.0,10639.555,-3218.353
PF05/0101/A345A,AQ,42.418743,13.132112,70.0,9971.761,-3673.152
PF06/0101/A345A,AQ,42.422082,13.135029,50.0,10337.237,-3424.982
PF07/0101/A345A,AQ,42.420985,13.132121,70.0,10220.611,-3666.912
PF01/0102/A345A,AQ,42.422753,13.136453,70.0,10409.141,-3306.178
PF02/0102/A345A,AQ,42.421187,13.135629,70.0,10236.774,-3377.798
PF02/0103/A345A,AQ,42.482321,13.052076,52.0,17179.779,-10096.25
PF03/0103/A345A,AQ,42.480593,13.042066,52.0,17006.844,-10923.427
PF04/0103/A345A,AQ,42.483639,13.045351,52.0,17338.882,-10645.646
PF06/0103/A345A,AQ,42.480454,13.050805,50.0,16974.865,-10205.488
PF07/0103/A345A,AQ,42.479375,13.054498,50.0,16848.002,-9904.653
PF08/0103/A345A,AQ,42.479463,13.044932,12.0,16875.913,-10690.77
PF01/0104/A345A,AQ,42.473534,13.037605,54.0,16231.408,-11308.276
PF02/0104/A345A,AQ,42.465588,13.04252,70.0,15339.715,-10924.556
PF03/0104/A345A,AQ,42.467227,13.037143,52.0,15531.933,-11362.435
PF04/0104/A345A,AQ,42.470157,13.039528,50.0,15852.816,-11158.87
PF06/0104/A345A,AQ,42.472247,13.042395,70.0,16079.452,-10917.843
PF08/0104/A345A,AQ,42.477357,13.04274,52.0,16646.194,-10876.374
PF09/0104/A345A,AQ,42.468469,13.041592,70.0,15661.4,-10993.546
PF11/0104/A345A,AQ,42.469883,13.043931,12.0,15814.0,-10797.6
PF05/0105/A345A,AQ,42.46656,13.051239,70.0,15431.194,-10205.306
PF06/0105/A345A,AQ,42.469113,13.052742,70.0,15711.77,-10075.153
PF07/0105/A345A,AQ,42.470969,13.050113,72.0,15922.895,-10286.566
PF10/0105/A345A,AQ,42.474231,13.048259,72.0,16288.662,-10430.651
PF11/0105/A345A,AQ,42.474298,13.052139,72.0,16288.673,-10111.515
PF13/0105/A345A,AQ,42.478401,13.050995,72.0,16746.539,-10195.126
PF14/0105/A345A,AQ,42.468488,13.047397,12.0,15652.51,-10516.23
PF01/0106/A345A,AQ,42.470453,13.06076,8.0,15845.52,-9412.63
PF02/0106/A345A,AQ,42.465574,13.05653,54.0,15311.669,-9772.743
PF03/0106/A345A,AQ,42.471625,13.0544,70.0,15987.644,-9932.473
PF04/0106/A345A,AQ,42.475349,13.05279,50.0,16404.231,-10055.339
PF05/0106/A345A,AQ,42.46958,13.055669,70.0,15758.193,-9833.39
PF01/0107/A345A,AQ,42.465959,13.069651,50.0,15329.82,-8693.026
PF02/0108/A345A,AQ,42.466016,13.037539,70.0,15396.734,-11333.01
PF03/0108/A345A,AQ,42.465354,13.044773,52.0,15309.445,-10739.974
PF04/0108/A345A,AQ,42.462234,13.041893,70.0,14968.477,-10984.753
PF05/0108/A345A,AQ,42.464676,13.049593,70.0,15225.019,-10345.384
PF07/0108/A345A,AQ,42.460025,13.050072,70.0,14707.693,-10317.855
PF08/0108/A345A,AQ,42.462826,13.036494,52.0,15044.474,-11427.097
PF09/0108/A345A,AQ,42.457974,13.045981,70.0,14487.693,-10659.508
PF11/0108/A345A,AQ,42.456791,13.049957,70.0,14348.779,-10335.571
PF12/0108/A345A,AQ,42.454843,13.05383,52.0,14125.099,-10022.129
PF13/0108/A345A,AQ,42.453207,13.051878,70.0,13947.193,-10186.766
PF14/0108/A345A,AQ,42.462268,13.04531,12.0,14965.724,-10703.702
PF02/0109/A345A,AQ,42.456928,13.06141,52.0,14342.379,-9393.479
PF03/0109/A345A,AQ,42.465086,13.053007,50.0,15264.18,-10063.679
PF05/0109/A345A,AQ,42.463959,13.058802,52.0,15128.066,-9590.099
PF07/0109/A345A,AQ,42.456766,13.056771,52.0,14333.152,-9775.356
PF08/0109/A345A,AQ,42.458075,13.053655,52.0,14484.387,-10028.242
PF09/0109/A345A,AQ,42.457721,13.057854,50.0,14437.119,-9683.85
PF11/0109/A345A,AQ,42.456651,13.061361,70.0,14311.753,-9398.228
PF12/0109/A345A,AQ,42.453338,13.060232,70.0,13945.998,-9499.435
PF13/0109/A345A,AQ,42.459012,13.063036,52.0,14570.793,-9254.538
PF14/0109/A345A,AQ,42.455635,13.058335,12.0,14204.56,-9649.65
PF01/0110/A345A,AQ,42.462618,13.065105,8.0,14967.31,-9075.22
PF02/0110/A345A,AQ,42.458616,13.059032,52.0,14534.351,-9584.73
PF03/0110/A345A,AQ,42.460231,13.06404,70.0,14704.252,-9168.882
PF05/0110/A345A,AQ,42.461679,13.065992,70.0,14861.353,-9004.662
PF06/0110/A345A,AQ,42.462498,13.062677,52.0,14958.486,-9275.194
PF07/0110/A345A,AQ,42.465099,13.065469,52.0,15242.174,-9039.066
PF08/0110/A345A,AQ,42.463335,13.068802,70.0,15039.991,-8769.444
PF09/0110/A345A,AQ,42.462734,13.071915,52.0,14967.429,-8515.016
PF10/0110/A345A,AQ,42.458352,13.06751,70.0,14489.059,-8888.284
PF01/0111/A345A,AQ,42.452487,13.055822,70.0,13859.805,-9864.293
PF03/0111/A345A,AQ,42.45417,13.055605,70.0,14047.024,-9877.849
PF05/0111/A345A,AQ,42.453136,13.062605,70.0,13919.05,-9304.875
PF06/0111/A345A,AQ,42.450558,13.043557,56.0,13668.752,-10877.823
PF07/0111/A345A,AQ,42.44329,13.038213,70.0,12871.786,-11335.929
PF08/0111/A345A,AQ,42.451892,13.038101,56.0,13827.255,-11323.084
PF09/0111/A345A,AQ,42.452757,13.047611,70.0,13905.247,-10538.796
PF01/0001/A345B,AQ,42.537504,13.121114,1.0,23179.61,-4285.84
PF02/0001/A345B,AQ,42.525343,13.121165,8.0,21829.01,-4311.61
PF03/0001/A345B,AQ,42.524092,13.120956,12.0,21690.5,-4331.8
PF01/0003/A345B,AQ,42.471975,13.108184,6.0,15926.49,-5510.09
PF01/0004/A345B,AQ,42.514479,13.116621,12.0,20630.9,-4711.6
PF02/0005/A345B,AQ,42.524097,13.12232,12.0,21688.6,-4219.8
PF03/0005/A345B,AQ,42.520718,13.123503,12.0,21311.2,-4130.9
PF04/0005/A345B,AQ,42.512418,13.123668,12.0,20389.2,-4137.8
PF14/0007/A345B,AQ,42.512556,13.113787,12.0,20422.6,-4949.2
PF01/0008/A345B,AQ,42.504467,13.087629,6.0,19572.49,-7118.49
PF01/0010/A345B,AQ,42.50514,13.102096,8.0,19620.43,-5928.17
PF01/0011/A345B,AQ,42.504497,13.116601,8.0,19522.53,-4737.95
PF01/0013/A345B,AQ,42.498918,13.078993,50.0,18972.303,-7842.042
PF01/0014/A345B,AQ,42.493335,13.084471,8.0,18342.17,-7405.92
PF05/0014/A345B,AQ,42.493272,13.080024,70.0,18343.4,-7771.49
PF06/0014/A345B,AQ,42.488298,13.085344,70.0,17781.208,-7346.786
PF07/0014/A345B,AQ,42.488714,13.080463,52.0,17836.494,-7746.923
PF08/0014/A345B,AQ,42.491249,13.08156,52.0,18115.925,-7650.374
PF01/0015/A345B,AQ,42.492373,13.099111,54.0,18208.309,-6205.216
PF02/0015/A345B,AQ,42.489005,13.092841,54.0,17845.878,-6728.853
PF01/0017/A345B,AQ,42.493449,13.112265,8.0,18303.62,-5121.5
PF02/0017/A345B,AQ,42.482801,13.112571,8.0,17120.61,-5122.7
PF01/0018/A345B,AQ,42.493936,13.072904,8.0,18430.41,-8355.0
PF02/0018/A345B,AQ,42.493529,13.075454,70.0,18380.505,-8146.41
PF03/0018/A345B,AQ,42.494014,13.068979,70.0,18446.478,-8677.331
PF04/0018/A345B,AQ,42.496888,13.075514,70.0,18753.402,-8133.004
PF05/0018/A345B,AQ,42.496005,13.071664,50.0,18662.502,-8451.618
PF02/0019/A345B,AQ,42.491222,13.070013,70.0,18134.432,-8599.436
PF08/0019/A345B,AQ,42.491137,13.076732,70.0,18112.474,-8047.419
PF12/0019/A345B,AQ,42.490366,13.072861,70.0,18034.129,-8367.556
PF14/0019/A345B,AQ,42.488689,13.070852,70.0,17851.612,-8536.832
PF15/0019/A345B,AQ,42.491575,13.074653,70.0,18165.039,-8217.2
PF16/0019/A345B,AQ,42.492159,13.072274,70.0,18234.309,-8411.201
PF01/0020/A345B,AQ,42.487633,13.066543,70.0,17742.404,-8893.664
PF06/0020/A345B,AQ,42.484255,13.067477,70.0,17365.529,-8825.505
PF07/0020/A345B,AQ,42.489644,13.066656,54.0,17965.519,-8879.334
PF10/0020/A345B,AQ,42.486311,13.066675,70.0,17595.327,-8886.188
PF11/0020/A345B,AQ,42.486644,13.070136,70.0,17625.848,-8600.913
PF12/0020/A345B,AQ,42.485132,13.065708,70.0,17466.314,-8968.636
PF01/0021/A345B,AQ,42.477695,13.081331,8.0,16611.26,-7703.29
PF02/0021/A345B,AQ,42.484186,13.081848,52.0,17331.085,-7644.487
PF03/0021/A345B,AQ,42.487043,13.073293,70.0,17664.285,-8340.43
PF04/0021/A345B,AQ,42.484708,13.074911,70.0,17401.957,-8213.342
PF05/0021/A345B,AQ,42.486989,13.077627,70.0,17650.176,-7984.311
PF06/0021/A345B,AQ,42.481701,13.07689,70.0,17064.409,-8058.221
PF07/0021/A345B,AQ,42.491753,13.070066,70.0,18193.319,-8593.721
PF08/0021/A345B,AQ,42.480522,13.081946,52.0,16924.055,-7645.64
PF01/0022/A345B,AQ,42.486092,13.085976,50.0,17535.025,-7300.411
PF02/0022/A345B,AQ,42.483247,13.088129,50.0,17215.122,-7130.595
PF03/0022/A345B,AQ,42.484328,13.086547,54.0,17338.108,-7257.859
PF01/0023/A345B,AQ,42.487248,13.097862,8.0,17641.39,-6320.57
PF01/0024/A345B,AQ,42.487296,13.091894,52.0,17657.766,-6811.013
PF01/0026/A345B,AQ,42.483355,13.058788,8.0,17281.95,-9541.91
PF02/0026/A345B,AQ,42.483401,13.059003,50.0,17286.66,-9524.152
PF03/0026/A345B,AQ,42.483202,13.071499,70.0,17241.1,-8497.512
PF04/0026/A345B,AQ,42.48567,13.057537,12.0,17541.4,-9638.9
PF05/0026/A345B,AQ,42.48532,13.063278,70.0,17491.702,-9167.861
PF01/0030/A345B,AQ,42.474297,13.097148,8.0,16204.58,-6411.59
PF02/0030/A345B,AQ,42.480201,13.083806,50.0,16884.943,-7493.538
PF01/0033/A345B,AQ,42.463405,13.105686,8.0,14979.41,-5736.68
PF01/0001/A345C,AQ,42.40598,13.133559,70.0,8551.871,-3585.24
PF02/0001/A345C,AQ,42.406728,13.130728,70.0,8640.058,-3816.344
PF03/0001/A345C,AQ,42.408366,13.132984,70.0,8817.865,-3626.701
PF05/0001/A345C,AQ,42.399488,13.134766,70.0,7828.706,-3501.764
PF06/0001/A345C,AQ,42.400894,13.127121,50.0,7998.732,-4127.46
PF07/0001/A345C,AQ,42.403305,13.130351,50.0,8260.581,-3855.753
PF08/0001/A345C,AQ,42.399032,13.1298,52.0,7787.09,-3911.568
PF11/0001/A345C,AQ,42.40243,13.132258,12.0,8160.0,-3701.0
PF02/0002/A345C,AQ,42.407126,13.135953,70.0,8674.764,-3385.45
PF03/0002/A345C,AQ,42.404781,13.135911,54.0,8414.435,-3394.611
PF05/0002/A345C,AQ,42.401919,13.140004,70.0,8089.207,-3064.685
PF07/0002/A345C,AQ,42.401813,13.135637,54.0,8085.349,-3424.355
PF09/0002/A345C,AQ,42.39915,13.137922,70.0,7785.493,-3242.795
PF10/0002/A345C,AQ,42.403045,13.136864,12.0,8219.956,-3320.425
PF02/0003/A345C,AQ,42.401581,13.143298,52.0,8045.781,-2794.426
PF03/0003/A345C,AQ,42.399589,13.144619,70.0,7822.173,-2690.572
PF04/0003/A345C,AQ,42.402315,13.146198,70.0,8122.041,-2554.027
PF05/0003/A345C,AQ,42.403086,13.150147,52.0,8200.643,-2227.148
PF06/0003/A345C,AQ,42.405295,13.148147,52.0,8449.502,-2386.355
PF07/0003/A345C,AQ,42.404742,13.153671,52.0,8378.193,-1933.108
PF09/0003/A345C,AQ,42.404869,13.157013,52.0,8386.289,-1657.737
PF11/0003/A345C,AQ,42.401305,13.154202,52.0,7995.597,-1897.681
PF12/0003/A345C,AQ,42.404435,13.145204,70.0,8359.287,-2630.684
PF03/0004/A345C,AQ,42.396146,13.135344,70.0,7456.588,-3462.294
PF07/0004/A345C,AQ,42.401455,13.125248,50.0,8064.43,-4280.307
PF08/0004/A345C,AQ,42.397566,13.132301,70.0,7619.828,-3709.306
PF09/0004/A345C,AQ,42.394777,13.136556,70.0,7302.399,-3365.891
PF10/0004/A345C,AQ,42.395811,13.132918,70.0,7423.753,-3662.832
PF01/0005/A345C,AQ,42.396459,13.143321,70.0,7476.996,-2804.98
PF02/0005/A345C,AQ,42.398012,13.141018,52.0,7653.541,-2990.797
PF03/0005/A345C,AQ,42.395388,13.146137,70.0,7352.963,-2575.8
PF04/0005/A345C,AQ,42.399701,13.148317,70.0,7828.03,-2385.944
PF05/0005/A345C,AQ,42.393356,13.146112,70.0,7127.366,-2582.754
PF09/0005/A345C,AQ,42.397537,13.141135,70.0,7600.568,-2982.269
PF10/0005/A345C,AQ,42.393885,13.144456,70.0,7189.077,-2717.802
PF13/0005/A345C,AQ,42.397842,13.146525,70.0,7624.81,-2537.939
PF14/0005/A345C,AQ,42.396715,13.149668,52.0,7493.985,-2281.996
PF03/0006/A345C,AQ,42.392229,13.159006,70.0,6979.208,-1524.204
PF05/0006/A345C,AQ,42.394295,13.157591,70.0,7211.054,-1635.653
PF06/0006/A345C,AQ,42.396641,13.157554,70.0,7471.631,-1633.035
PF08/0006/A345C,AQ,42.389802,13.157444,70.0,6712.482,-1658.622
PF09/0006/A345C,AQ,42.394196,13.160769,70.0,7194.386,-1374.326
PF10/0006/A345C,AQ,42.397128,13.152861,70.0,7534.169,-2018.129
PF11/0006/A345C,AQ,42.389595,13.163623,12.0,6678.4,-1150.5
PF12/0006/A345C,AQ,42.395213,13.152504,12.0,7322.087,-2052.128
PF14/0006/A345C,AQ,42.392251,13.156634,12.0,6985.805,-1719.393
PF15/0006/A345C,AQ,42.392537,13.150413,12.0,7028.676,-2230.78
PF01/0007/A345C,AQ,42.392085,13.162948,8.0,6956.16,-1200.05
PF02/0007/A345C,AQ,42.403154,13.160126,70.0,8190.368,-1405.715
PF03/0007/A345C,AQ,42.392922,13.167535,70.0,7040.89,-820.494
PF04/0007/A345C,AQ,42.399756,13.165841,52.0,7802.844,-943.549
PF05/0007/A345C,AQ,42.395663,13.164169,56.0,7351.252,-1090.916
PF06/0007/A345C,AQ,42.398307,13.169761,50.0,7634.981,-624.387
PF08/0007/A345C,AQ,42.392145,13.16289,9.0,6962.894,-1204.648
PF09/0007/A345C,AQ,42.399162,13.161533,9.0,7744.481,-1299.536
PF10/0007/A345C,AQ,42.394721,13.160533,9.0,7253.115,-1392.483
PF12/0007/A345C,AQ,42.400573,13.158822,70.0,7906.023,-1519.266
PF14/0007/A345C,AQ,42.390646,13.16721,70.0,6788.811,-852.693
PF15/0007/A345C,AQ,42.398758,13.15667,70.0,7708.349,-1700.706
PF16/0007/A345C,AQ,42.401188,13.162493,70.0,7967.786,-1215.588
PF18/0007/A345C,AQ,42.395678,13.169769,12.0,7342.96,-629.96
PF01/0008/A345C,AQ,42.398626,13.174337,8.0,7662.32,-246.98
PF02/0008/A345C,AQ,42.385704,13.17187,70.0,6231.719,-480.917
PF03/0008/A345C,AQ,42.395223,13.172306,70.0,7288.003,-422.235
PF04/0008/A345C,AQ,42.392205,13.171808,9.0,6953.708,-470.464
PF05/0008/A345C,AQ,42.394608,13.17528,9.0,7214.448,-178.974
PF08/0008/A345C,AQ,42.397483,13.17281,70.0,7538.047,-375.35
PF09/0008/A345C,AQ,42.390083,13.170329,70.0,6720.67,-597.294
PF10/0008/A345C,AQ,42.387197,13.174936,12.0,6392.055,-224.958
PF02/0009/A345C,AQ,42.394699,13.183091,52.0,7210.723,464.215
PF03/0009/A345C,AQ,42.396454,13.177742,70.0,7415.073,28.111
PF04/0009/A345C,AQ,42.392829,13.177051,52.0,7013.708,-37.451
PF05/0009/A345C,AQ,42.393838,13.187172,9.0,7107.996,798.074
PF06/0009/A345C,AQ,42.39381,13.179805,9.0,7117.781,191.626
PF07/0009/A345C,AQ,42.390292,13.176417,9.0,6733.152,-95.63
PF09/0009/A345C,AQ,42.385505,13.176799,54.0,6200.932,-75.627
PF10/0009/A345C,AQ,42.388333,13.180477,70.0,6508.415,233.92
PF11/0009/A345C,AQ,42.384345,13.180148,70.0,6066.234,197.34
PF12/0009/A345C,AQ,42.387219,13.183545,54.0,6379.328,483.825
PF13/0009/A345C,AQ,42.392376,13.18441,52.0,6950.456,567.281
PF14/0009/A345C,AQ,42.382953,13.177192,70.0,5916.831,-49.306
PF15/0009/A345C,AQ,42.391969,13.180676,52.0,6911.805,258.887
PF16/0009/A345C,AQ,42.389575,13.177911,50.0,6650.857,25.6
PF18/0009/A345C,AQ,42.389728,13.182224,12.0,6660.25,381.0
PF01/0010/A345C,AQ,42.398313,13.195427,56.0,7590.382,1488.065
PF02/0010/A345C,AQ,42.393291,13.198452,70.0,7027.5,1725.206
PF03/0010/A345C,AQ,42.392818,13.194169,70.0,6982.462,1371.591
PF04/0010/A345C,AQ,42.392039,13.188747,9.0,6905.43,923.42
PF05/0010/A345C,AQ,42.342073,13.26648,9.0,1223.514,7208.644
PF06/0010/A345C,AQ,42.395726,13.185215,70.0,7321.009,641.423
PF08/0010/A345C,AQ,42.389958,13.193479,54.0,6666.074,1308.025
PF09/0010/A345C,AQ,42.396206,13.195861,70.0,7355.64,1518.82
PF01/0011/A345C,AQ,42.391699,13.201593,8.0,6845.16,1980.0
PF02/0011/A345C,AQ,42.390988,13.197596,70.0,6773.269,1649.337
PF03/0011/A345C,AQ,42.388399,13.196892,9.0,6486.936,1585.331
PF04/0011/A345C,AQ,42.389803,13.20037,9.0,6636.807,1874.914
PF12/0011/A345C,AQ,42.396239,13.199998,70.0,7352.119,1859.444
PF13/0011/A345C,AQ,42.394655,13.20148,54.0,7173.64,1977.687
PF14/0011/A345C,AQ,42.396284,13.204263,52.0,7349.753,2210.536
PF15/0011/A345C,AQ,42.388835,13.206137,56.0,6519.237,2347.372
PF01/0012/A345C,AQ,42.394692,13.208735,52.0,7165.172,2574.908
PF02/0012/A345C,AQ,42.392017,13.205258,52.0,6874.093,2282.487
PF03/0012/A345C,AQ,42.3919,13.211433,52.0,6850.448,2790.441
PF04/0012/A345C,AQ,42.386713,13.212202,50.0,6273.162,2841.639
PF01/0013/A345C,AQ,42.388111,13.159498,70.0,6520.961,-1493.543
PF03/0013/A345C,AQ,42.390481,13.149476,70.0,6802.074,-2312.822
PF05/0013/A345C,AQ,42.385042,13.158457,56.0,6182.056,-1586.627
PF06/0013/A345C,AQ,42.38711,13.155659,56.0,6416.663,-1812.045
PF08/0013/A345C,AQ,42.3905,13.145649,12.0,6811.125,-2627.824
PF09/0013/A345C,AQ,42.390296,13.153609,12.0,6774.15,-1973.1
PF10/0013/A345C,AQ,42.38664,13.151691,12.0,6371.6,-2139.82
PF05/0015/A345C,AQ,42.382465,13.167773,70.0,5879.378,-825.929
PF06/0015/A345C,AQ,42.385581,13.162575,70.0,6234.562,-1246.39
PF08/0015/A345C,AQ,42.380194,13.163766,70.0,5634.282,-1161.221
PF09/0015/A345C,AQ,42.384959,13.166782,70.0,6158.058,-901.554
PF10/0015/A345C,AQ,42.381525,13.1708,52.0,5769.605,-578.959
PF12/0015/A345C,AQ,42.38001,13.165243,54.0,5611.244,-1040.1
PF13/0015/A345C,AQ,42.383758,13.170639,70.0,6017.828,-586.881
PF14/0015/A345C,AQ,42.383366,13.164212,70.0,5985.673,-1116.955
PF15/0015/A345C,AQ,42.387544,13.16633,70.0,6445.84,-932.57
PF01/0016/A345C,AQ,42.382649,13.14365,8.0,5942.86,-2811.37
PF00/0017/A345C,AQ,42.381245,13.149801,12.0,5775.91,-2308.463
PF01/0017/A345C,AQ,42.371813,13.154048,8.0,4720.94,-1981.52
PF03/0017/A345C,AQ,42.381245,13.149801,52.0,5775.91,-2308.463
PF03/0018/A345C,AQ,42.374759,13.169199,70.0,5021.06,-726.933
PF04/0018/A345C,AQ,42.374973,13.161332,52.0,5058.875,-1374.145
PF07/0018/A345C,AQ,42.373945,13.165216,12.0,4937.77,-1056.86
PF01/0019/A345C,AQ,42.380032,13.184727,52.0,5579.22,564.054
PF02/0019/A345C,AQ,42.37823,13.176112,70.0,5394.297,-149.516
PF03/0019/A345C,AQ,42.379826,13.180928,70.0,5563.044,250.775
PF05/0019/A345C,AQ,42.377588,13.181929,56.0,5312.737,327.863
PF07/0019/A345C,AQ,42.375838,13.178057,56.0,5125.187,4.89
PF10/0019/A345C,AQ,42.383317,13.174016,70.0,5962.859,-309.923
PF12/0019/A345C,AQ,42.37928,13.169038,52.0,5523.42,-729.436
PF14/0019/A345C,AQ,42.37799,13.173601,70.0,5372.038,-356.823
PF16/0019/A345C,AQ,42.376708,13.170832,70.0,5234.636,-587.835
PF17/0019/A345C,AQ,42.382967,13.183015,70.0,5908.136,430.099
PF18/0019/A345C,AQ,42.375303,13.17834,12.0,5065.372,26.977
PF19/0019/A345C,AQ,42.379412,13.172507,12.0,5531.95,-443.45
PF01/0020/A345C,AQ,42.372642,13.179859,8.0,4767.17,145.72
PF02/0020/A345C,AQ,42.374372,13.175956,52.0,4966.109,-171.578
PF03/0020/A345C,AQ,42.375569,13.173225,70.0,5103.905,-393.523
PF04/0020/A345C,AQ,42.372269,13.182392,50.0,4721.292,353.39
PF05/0020/A345C,AQ,42.37002,13.179715,50.0,4476.284,127.629
PF06/0020/A345C,AQ,42.372339,13.178581,50.0,4735.777,39.765
PF07/0020/A345C,AQ,42.373407,13.172184,52.0,4865.718,-484.401
PF01/0022/A345C,AQ,42.371664,13.135185,8.0,4738.27,-3535.07
PF01/0025/A345C,AQ,42.358852,13.163107,6.0,3265.55,-1266.7
PF01/0027/A345C,AQ,42.342454,13.162062,8.0,1446.49,-1392.14
PF02/0027/A345C,AQ,42.344313,13.178527,8.0,1623.74,-31.4
PF03/0027/A345C,AQ,42.329703,13.17933,3.0,0.0,0.0
PF01/0001/A345D,AQ,42.520772,13.218342,8.0,21149.04,3659.65
PF01/0002/A345D,AQ,42.531467,13.230342,8.0,22315.97,4670.18
PF02/0002/A345D,AQ,42.512764,13.241149,6.0,20220.64,5514.68
PF01/0003/A345D,AQ,42.525309,13.25534,8.0,21589.63,6709.19
PF01/0004/A345D,AQ,42.522408,13.276778,8.0,21231.39,8463.5
PF02/0004/A345D,AQ,42.517605,13.290266,50.0,20675.643,9560.723
PF03/0004/A345D,AQ,42.520661,13.286996,50.0,21020.439,9298.921
PF04/0004/A345D,AQ,42.516577,13.288253,50.0,20564.838,9393.041
PF05/0004/A345D,AQ,42.519324,13.288383,50.0,20869.667,9409.842
PF06/0004/A345D,AQ,42.523013,13.282517,12.0,21289.0,8936.3
PF01/0005/A345D,AQ,42.528254,13.31787,8.0,21812.73,11851.74
PF02/0005/A345D,AQ,42.518765,13.297619,8.0,20792.28,10167.29
PF03/0005/A345D,AQ,42.531591,13.299078,8.0,22214.18,10315.75
PF04/0005/A345D,AQ,42.521316,13.292848,50.0,21083.45,9781.095
PF05/0005/A345D,AQ,42.517057,13.303468,50.0,20592.959,10643.978
PF06/0005/A345D,AQ,42.516986,13.294195,50.0,20600.361,9882.072
PF07/0005/A345D,AQ,42.517357,13.298944,50.0,20633.736,10273.043
PF01/0006/A345D,AQ,42.526022,13.344536,8.0,21521.74,14037.13
PF01/0007/A345D,AQ,42.496624,13.3563,8.0,18238.46,14940.07
PF02/0007/A345D,AQ,42.514347,13.355421,8.0,20207.96,14906.03
PF01/0008/A345D,AQ,42.517299,13.384536,8.0,20489.74,17304.08
PF02/0008/A345D,AQ,42.505201,13.37722,7.0,19157.78,16677.43
PF01/0009/A345D,AQ,42.508448,13.209237,8.0,19796.21,2882.82
PF01/0010/A345D,AQ,42.502499,13.22462,70.0,19109.065,4132.903
PF01/0011/A345D,AQ,42.499094,13.223644,70.0,18732.63,4044.752
PF02/0011/A345D,AQ,42.501006,13.219443,70.0,18952.208,3703.999
PF03/0011/A345D,AQ,42.502694,13.216226,70.0,19145.151,3443.6
PF01/0012/A345D,AQ,42.507844,13.227102,50.0,19698.365,4349.22
PF02/0012/A345D,AQ,42.507064,13.230386,50.0,19606.031,4617.205
PF03/0012/A345D,AQ,42.505663,13.227853,50.0,19454.823,4405.842
PF01/0013/A345D,AQ,42.499343,13.228943,8.0,18751.23,4480.73
PF02/0013/A345D,AQ,42.500432,13.238771,50.0,18855.265,5290.891
PF03/0013/A345D,AQ,42.500019,13.228824,50.0,18826.445,4472.587
PF04/0013/A345D,AQ,42.493361,13.236915,70.0,18073.26,5122.014
PF05/0013/A345D,AQ,42.497101,13.236778,52.0,18488.771,5119.407
PF01/0014/A345D,AQ,42.490786,13.237942,70.0,17785.587,5200.513
PF02/0014/A345D,AQ,42.492272,13.240278,70.0,17946.594,5395.901
PF03/0014/A345D,AQ,42.490109,13.240449,70.0,17706.114,5404.926
PF04/0014/A345D,AQ,42.488556,13.242239,70.0,17530.647,5548.447
PF06/0014/A345D,AQ,42.491078,13.243134,70.0,17809.156,5627.867
PF07/0014/A345D,AQ,42.492525,13.237316,70.0,17979.772,5153.011
PF08/0014/A345D,AQ,42.492325,13.247821,50.0,17939.634,6015.926
PF09/0014/A345D,AQ,42.493568,13.243653,52.0,18084.723,5676.26
PF11/0014/A345D,AQ,42.499992,13.242623,52.0,18799.843,5606.378
PF12/0014/A345D,AQ,42.496595,13.242669,70.0,18422.527,5602.312
PF13/0014/A345D,AQ,42.497358,13.239158,50.0,18513.241,5315.557
PF14/0014/A345D,AQ,42.49477,13.246462,50.0,18213.487,5909.809
PF15/0014/A345D,AQ,42.49425,13.23981,70.0,18167.065,5362.021
PF17/0014/A345D,AQ,42.494078,13.250339,70.0,18130.03,6226.859
PF18/0014/A345D,AQ,42.488894,13.244366,12.0,17564.547,5724.07
PF01/0015/A345D,AQ,42.500028,13.252336,8.0,18787.37,6404.6
PF02/0015/A345D,AQ,42.501364,13.258677,74.0,18924.987,6928.681
PF03/0015/A345D,AQ,42.497733,13.247316,50.0,18541.055,5986.798
PF04/0015/A345D,AQ,42.49909,13.256096,12.0,18676.877,6711.37
PF01/0016/A345D,AQ,42.498907,13.259142,70.0,18651.31,6961.269
PF02/0016/A345D,AQ,42.496509,13.256319,70.0,18389.879,6723.839
PF03/0016/A345D,AQ,42.495576,13.253621,70.0,18290.825,6499.965
PF04/0016/A345D,AQ,42.499168,13.26601,70.0,18668.797,7526.273
PF05/0016/A345D,AQ,42.498499,13.269288,50.0,18588.945,7794.04
PF06/0016/A345D,AQ,42.49331,13.255484,70.0,18036.043,6647.884
PF07/0016/A345D,AQ,42.502386,13.261568,70.0,19033.604,7168.592
PF01/0017/A345D,AQ,42.51025,13.26695,8.0,19897.79,7628.63
PF02/0017/A345D,AQ,42.503633,13.25892,54.0,19176.569,6953.825
PF03/0017/A345D,AQ,42.503556,13.26434,74.0,19158.885,7399.003
PF01/0018/A345D,AQ,42.504159,13.29729,7.0,19170.88,10107.7
PF02/0018/A345D,AQ,42.495699,13.287041,8.0,18248.45,9246.61
PF03/0018/A345D,AQ,42.492905,13.292511,12.0,17929.06,9689.89
PF01/0019/A345D,AQ,42.515347,13.296993,50.0,20413.751,10108.266
PF03/0019/A345D,AQ,42.51281,13.303056,12.0,20122.09,10600.72
PF01/0020/A345D,AQ,42.513016,13.324719,8.0,20109.5,12380.85
PF02/0020/A345D,AQ,42.500093,13.338267,7.0,18652.62,13465.73
PF03/0020/A345D,AQ,42.50449,13.314783,6.0,19178.9,11545.75
PF01/0022/A345D,AQ,42.493878,13.197204,8.0,18199.25,1859.76
PF01/0023/A345D,AQ,42.48392,13.191264,6.0,17103.87,1348.08
PF01/0026/A345D,AQ,42.48464,13.222885,50.0,17128.927,3948.739
PF02/0026/A345D,AQ,42.482802,13.220902,50.0,16928.196,3781.503
PF01/0027/A345D,AQ,42.497182,13.226617,50.0,18515.156,4284.621
PF02/0027/A345D,AQ,42.493467,13.233581,52.0,18090.676,4848.3
PF03/0027/A345D,AQ,42.495234,13.230673,50.0,18291.958,4613.374
PF04/0027/A345D,AQ,42.493241,13.227419,50.0,18076.213,4341.334
PF01/0028/A345D,AQ,42.485674,13.232079,52.0,17227.87,4706.76
PF02/0028/A345D,AQ,42.48147,13.224877,50.0,16773.453,4105.071
PF03/0028/A345D,AQ,42.479667,13.2273,50.0,16569.079,4300.088
PF04/0028/A345D,AQ,42.47703,13.233313,54.0,16265.885,4788.235
PF05/0028/A345D,AQ,42.486681,13.228342,50.0,17346.172,4401.968
PF06/0028/A345D,AQ,42.484424,13.229091,50.0,17094.27,4458.33
PF08/0028/A345D,AQ,42.488475,13.234071,12.0,17535.55,4877.0
PF02/0029/A345D,AQ,42.487914,13.23831,70.0,17466.058,5224.057
PF03/0029/A345D,AQ,42.490398,13.234386,70.0,17748.52,4907.346
PF04/0029/A345D,AQ,42.486453,13.235607,52.0,17308.349,4998.593
PF05/0029/A345D,AQ,42.488687,13.237683,70.0,17552.917,5174.371
PF02/0030/A345D,AQ,42.485726,13.240924,70.0,17218.559,5433.919
PF03/0030/A345D,AQ,42.484065,13.235873,52.0,17042.7,5014.93
PF02/0031/A345D,AQ,42.489491,13.247859,70.0,17624.811,6012.535
PF03/0031/A345D,AQ,42.490975,13.255449,50.0,17776.743,6639.66
PF01/0032/A345D,AQ,42.479337,13.248247,7.0,16496.66,6021.12
PF01/0034/A345D,AQ,42.494425,13.271786,8.0,18132.44,7990.12
PF02/0034/A345D,AQ,42.48321,13.28554,8.0,16864.08,9095.25
PF03/0034/A345D,AQ,42.490058,13.292903,50.0,17612.326,9715.747
PF05/0034/A345D,AQ,42.489354,13.289322,50.0,17540.053,9419.87
PF06/0034/A345D,AQ,42.492087,13.258942,54.0,17894.36,6929.309
PF07/0034/A345D,AQ,42.49005,13.292923,12.0,17611.34,9717.38
PF08/0034/A345D,AQ,42.496126,13.273889,70.0,18317.774,8166.786
PF09/0034/A345D,AQ,42.493619,13.279504,70.0,18029.98,8622.521
PF10/0034/A345D,AQ,42.488073,13.291065,12.0,17394.966,9560.225
PF01/0036/A345D,AQ,42.488702,13.311312,8.0,17431.46,11225.64
PF02/0036/A345D,AQ,42.478429,13.317574,52.0,16280.432,11717.683
PF03/0036/A345D,AQ,42.482795,13.314262,52.0,16770.709,11455.056
PF04/0036/A345D,AQ,42.48525,13.319446,52.0,17034.875,11886.56
PF05/0036/A345D,AQ,42.490137,13.31821,52.0,17579.492,11795.739
PF01/0037/A345D,AQ,42.483876,13.328195,8.0,16868.08,12602.62
PF02/0037/A345D,AQ,42.488796,13.322685,52.0,17423.361,12160.571
PF03/0037/A345D,AQ,42.485354,13.323881,52.0,17039.126,12251.298
PF04/0037/A345D,AQ,42.488515,13.329095,52.0,17381.659,12686.7
PF05/0037/A345D,AQ,42.494882,13.355465,52.0,18046.396,14867.692
PF01/0038/A345D,AQ,42.491909,13.356524,52.0,17714.582,14948.339
PF02/0038/A345D,AQ,42.494335,13.360302,52.0,17977.917,15264.006
PF01/0039/A345D,AQ,42.475828,13.181552,8.0,16222.37,530.51
PF02/0039/A345D,AQ,42.469322,13.183525,50.0,15496.44,677.291
PF03/0039/A345D,AQ,42.471247,13.185188,50.0,15707.244,818.558
PF04/0039/A345D,AQ,42.471431,13.18007,50.0,15736.695,398.256
PF01/0040/A345D,AQ,42.473584,13.191401,50.0,15955.84,1334.823
PF02/0040/A345D,AQ,42.472727,13.190449,12.0,15862.39,1254.566
PF01/0042/A345D,AQ,42.471667,13.206907,52.0,15715.975,2605.045
PF01/0043/A345D,AQ,42.476263,13.228731,8.0,16188.64,4409.82
PF03/0043/A345D,AQ,42.472005,13.217295,12.0,15735.462,3459.762
PF04/0043/A345D,AQ,42.474308,13.220276,12.0,15986.038,3710.238
PF01/0046/A345D,AQ,42.474515,13.272208,8.0,15920.78,7979.76
PF02/0046/A345D,AQ,42.468582,13.258926,8.0,15284.23,6874.41
PF01/0049/A345D,AQ,42.473821,13.299801,8.0,15797.88,10246.49
PF01/0050/A345D,AQ,42.462816,13.284937,50.0,14600.394,8999.888
PF02/0050/A345D,AQ,42.464153,13.290878,50.0,14739.007,9491.311
PF03/0050/A345D,AQ,42.465878,13.28638,50.0,14938.051,9125.402
PF01/0052/A345D,AQ,42.471782,13.196659,12.0,15746.6,1762.8
PF01/0053/A345D,AQ,42.464809,13.193555,8.0,14977.66,1491.2
PF01/0054/A345D,AQ,42.468661,13.210506,8.0,15375.87,2893.84
PF02/0054/A345D,AQ,42.468836,13.225952,70.0,15368.623,4164.144
PF03/0054/A345D,AQ,42.468189,13.225054,50.0,15298.374,4088.788
PF04/0054/A345D,AQ,42.470447,13.210079,52.0,15575.025,2862.955
PF05/0054/A345D,AQ,42.472249,13.222827,12.0,15753.071,3915.173
PF01/0055/A345D,AQ,42.46949,13.230717,70.0,15433.063,4557.348
PF02/0055/A345D,AQ,42.472668,13.232807,52.0,15782.471,4736.563
PF05/0055/A345D,AQ,42.468994,13.23489,70.0,15370.888,4899.254
PF01/0058/A345D,AQ,42.45504,13.270956,8.0,13760.31,7832.76
PF01/0059/A345D,AQ,42.464995,13.279869,8.0,14850.89,8588.12
PF02/0059/A345D,AQ,42.460471,13.27905,52.0,14349.829,8510.556
PF01/0060/A345D,AQ,42.461654,13.28809,52.0,14466.177,9256.476
PF02/0060/A345D,AQ,42.458185,13.285617,52.0,14085.01,9045.402
PF01/0062/A345D,AQ,42.459867,13.176236,8.0,14459.43,55.47
PF01/0066/A345D,AQ,42.461527,13.209334,50.0,14585.737,2780.794
PF02/0066/A345D,AQ,42.463302,13.212587,52.0,14777.211,3052.369
PF03/0066/A345D,AQ,42.462783,13.215946,52.0,14713.711,3327.371
PF04/0066/A345D,AQ,42.466954,13.214382,12.0,15179.6,3208.5
PF01/0067/A345D,AQ,42.460914,13.224319,50.0,14491.722,4011.437
PF03/0067/A345D,AQ,42.459755,13.213738,52.0,14381.287,3138.709
PF05/0067/A345D,AQ,42.459048,13.220327,50.0,14291.471,3678.904
PF06/0067/A345D,AQ,42.458819,13.217113,52.0,14271.579,3414.021
PF07/0067/A345D,AQ,42.462051,13.220929,52.0,14623.872,3735.38
PF08/0067/A345D,AQ,42.458428,13.223143,52.0,14217.795,3908.978
PF09/0067/A345D,AQ,42.459021,13.218566,12.0,14291.5,3534.0
PF01/0068/A345D,AQ,42.458744,13.226502,52.0,14247.081,4185.898
PF02/0068/A345D,AQ,42.458897,13.230518,52.0,14257.121,4516.508
PF04/0068/A345D,AQ,42.455789,13.224728,50.0,13921.926,4033.188
PF10/0068/A345D,AQ,42.454104,13.229326,70.0,13726.959,4407.351
PF11/0068/A345D,AQ,42.456578,13.232247,70.0,13996.686,4653.305
PF12/0068/A345D,AQ,42.454724,13.233654,12.0,13788.38,4764.71
PF10/0069/A345D,AQ,42.463671,13.223325,50.0,14799.688,3936.112
PF12/0069/A345D,AQ,42.461623,13.235712,52.0,14551.015,4949.864
PF01/0070/A345D,AQ,42.461117,13.231569,70.0,14501.895,4608.012
PF03/0070/A345D,AQ,42.457033,13.239032,50.0,14035.566,5212.218
PF04/0070/A345D,AQ,42.458874,13.236185,70.0,14244.837,4982.381
PF01/0071/A345D,AQ,42.459826,13.247225,7.0,14331.74,5892.34
PF02/0071/A345D,AQ,42.45538,13.243905,50.0,13843.753,5609.096
PF01/0072/A345D,AQ,42.451343,13.25074,70.0,13383.815,6161.933
PF04/0072/A345D,AQ,42.450762,13.244031,50.0,13330.691,5608.882
PF05/0072/A345D,AQ,42.453217,13.248318,52.0,13596.008,5967.012
PF06/0072/A345D,AQ,42.452936,13.245036,50.0,13570.465,5696.558
PF07/0072/A345D,AQ,42.448217,13.247016,52.0,13043.016,5848.522
PF08/0072/A345D,AQ,42.450776,13.240596,50.0,13338.116,5326.411
PF03/0073/A345D,AQ,42.446053,13.237416,50.0,12819.118,5054.01
PF04/0073/A345D,AQ,42.446893,13.242502,50.0,12903.687,5474.281
PF05/0073/A345D,AQ,42.449471,13.253251,70.0,13171.683,6364.099
PF06/0073/A345D,AQ,42.444954,13.247124,54.0,12680.469,5849.882
PF07/0073/A345D,AQ,42.44615,13.250289,70.0,12807.9,6112.962
PF06/0074/A345D,AQ,42.450123,13.256514,70.0,13238.586,6633.991
PF10/0074/A345D,AQ,42.453067,13.255955,70.0,13566.431,6594.716
PF11/0074/A345D,AQ,42.454818,13.253428,12.0,13765.202,6390.886
PF01/0076/A345D,AQ,42.444352,13.240551,50.0,12624.85,5307.911
PF01/0077/A345D,AQ,42.447432,13.254627,70.0,12942.948,6472.659
PF02/0077/A345D,AQ,42.448634,13.25889,70.0,13069.216,6825.942
PF03/0077/A345D,AQ,42.443474,13.250503,70.0,12510.456,6124.441
PF01/0080/A345D,AQ,42.432985,13.246664,52.0,11352.168,5784.578
PF01/0082/A345D,AQ,42.441147,13.253139,8.0,12247.6,6335.9
PF01/0084/A345D,AQ,42.430037,13.241509,6.0,11033.6,5353.78
PF05/0084/A345D,AQ,42.431713,13.242184,52.0,11218.625,5413.163
PF06/0084/A345D,AQ,42.431166,13.237874,70.0,11165.178,5057.393
PF07/0084/A345D,AQ,42.428787,13.236869,70.0,10902.722,4969.207
PF08/0084/A345D,AQ,42.425741,13.238417,12.0,10561.882,5089.544
PF01/0085/A345D,AQ,42.430441,13.243924,52.0,11074.372,5553.388
PF02/0085/A345D,AQ,42.430875,13.248231,52.0,11115.241,5908.651
PF01/0087/A345D,AQ,42.432041,13.274116,7.0,11201.12,8040.65
PF01/0088/A345D,AQ,42.422366,13.248308,8.0,10170.22,5895.48
PF02/0001/A345E,AQ,42.451009,13.17153,50.0,13484.045,-352.687
PF03/0001/A345E,AQ,42.451745,13.174706,70.0,13560.223,-89.736
PF04/0001/A345E,AQ,42.453356,13.177536,50.0,13734.128,146.827
PF06/0001/A345E,AQ,42.45379,13.166435,12.0,13801.9,-765.02
PF07/0001/A345E,AQ,42.456698,13.166106,12.0,14125.4,-785.1
PF01/0002/A345E,AQ,42.444655,13.165783,52.0,12788.65,-840.552
PF02/0002/A345E,AQ,42.448217,13.164819,52.0,13185.976,-911.279
PF03/0002/A345E,AQ,42.446001,13.169883,70.0,12930.915,-500.132
PF04/0002/A345E,AQ,42.449266,13.167805,52.0,13297.112,-663.217
PF05/0002/A345E,AQ,42.449057,13.1735,50.0,13263.819,-195.328
PF07/0002/A345E,AQ,42.443943,13.167657,52.0,12706.311,-688.139
PF08/0002/A345E,AQ,42.444018,13.165611,50.0,12718.223,-856.226
PF09/0002/A345E,AQ,42.447102,13.173201,52.0,13047.266,-224.655
PF01/0003/A345E,AQ,42.448138,13.176026,70.0,13157.341,10.181
PF03/0003/A345E,AQ,42.450427,13.178338,70.0,13407.369,205.8
PF04/0003/A345E,AQ,42.443269,13.181412,50.0,12607.078,441.514
PF01/0004/A345E,AQ,42.446981,13.189251,8.0,13005.54,1095.08
PF04/0004/A345E,AQ,42.807544,13.179455,70.0,53062.542,1151.407
PF05/0004/A345E,AQ,42.445896,13.187563,12.0,12888.068,953.649
PF06/0004/A345E,AQ,42.810325,13.175196,70.0,53378.936,809.859
PF07/0004/A345E,AQ,42.4485,13.192523,12.0,13168.48,1367.7
PF08/0004/A345E,AQ,42.451669,13.190428,12.0,13524.056,1202.98
PF01/0005/A345E,AQ,42.451082,13.202406,8.0,13437.92,2186.57
PF02/0005/A345E,AQ,42.448431,13.201682,54.0,13144.804,2120.825
PF02/0006/A345E,AQ,42.457512,13.211511,50.0,14136.125,2950.392
PF03/0006/A345E,AQ,42.458937,13.205623,50.0,14304.61,2469.545
PF04/0006/A345E,AQ,42.455148,13.205039,50.0,13884.836,2412.624
PF05/0006/A345E,AQ,42.454878,13.211382,50.0,13843.887,2933.569
PF05/0007/A345E,AQ,42.437632,13.16939,52.0,12002.412,-560.717
PF07/0007/A345E,AQ,42.437272,13.173643,52.0,11954.924,-211.766
PF12/0007/A345E,AQ,42.441406,13.16893,52.0,12422.326,-589.523
PF13/0007/A345E,AQ,42.442334,13.164661,70.0,12532.982,-938.436
PF15/0007/A345E,AQ,42.439694,13.165971,70.0,12237.464,-836.988
PF18/0007/A345E,AQ,42.440843,13.172378,52.0,12353.645,-307.316
PF21/0007/A345E,AQ,42.443355,13.170934,52.0,12635.195,-420.068
PF22/0007/A345E,AQ,42.442956,13.171675,52.0,12589.574,-360.022
PF23/0007/A345E,AQ,42.437211,13.181113,52.0,11934.965,402.492
PF24/0007/A345E,AQ,42.441208,13.175834,70.0,12388.162,-22.166
PF25/0007/A345E,AQ,42.437047,13.167154,12.0,11941.447,-746.017
PF02/0008/A345E,AQ,42.441721,13.180771,52.0,12436.381,385.154
PF04/0008/A345E,AQ,42.440499,13.186013,9.0,12291.44,813.35
PF06/0008/A345E,AQ,42.438508,13.183591,70.0,12074.594,609.438
PF07/0008/A345E,AQ,42.436737,13.184685,70.0,11875.993,695.237
PF08/0008/A345E,AQ,42.439351,13.189162,56.0,12158.456,1069.608
PF11/0008/A345E,AQ,42.441516,13.189591,70.0,12398.134,1110.031
PF14/0008/A345E,AQ,42.437744,13.186997,70.0,11983.831,887.759
PF15/0008/A345E,AQ,42.443836,13.189685,70.0,12655.582,1123.257
PF16/0008/A345E,AQ,42.440082,13.188027,70.0,12241.574,978.023
PF17/0008/A345E,AQ,42.441046,13.18354,70.0,12356.535,611.276
PF18/0008/A345E,AQ,42.439118,13.178493,12.0,12151.33,191.58
PF19/0008/A345E,AQ,42.444148,13.186651,12.0,12695.518,874.493
PF08/0009/A345E,AQ,42.444562,13.19384,50.0,12728.906,1466.766
PF10/0009/A345E,AQ,42.44036,13.199618,9.0,12252.12,1932.02
PF16/0009/A345E,AQ,42.445348,13.19971,54.0,12805.943,1951.36
PF22/0009/A345E,AQ,42.447129,13.199356,54.0,13004.265,1926.434
PF24/0009/A345E,AQ,42.441529,13.202138,70.0,12377.627,2142.059
PF26/0009/A345E,AQ,42.446451,13.191744,12.0,12942.28,1298.799
PF27/0009/A345E,AQ,42.442203,13.194801,52.0,12465.195,1540.182
PF28/0009/A345E,AQ,42.439473,13.195965,52.0,12160.005,1629.469
PF29/0009/A345E,AQ,42.440176,13.199559,70.0,12231.896,1926.731
PF30/0009/A345E,AQ,42.44696,13.195869,12.0,12991.64,1639.28
PF31/0009/A345E,AQ,42.444518,13.196796,12.0,12718.785,1709.702
PF32/0009/A345E,AQ,42.440578,13.192796,70.0,12288.357,1371.431
PF02/0010/A345E,AQ,42.439204,13.206923,50.0,12111.031,2530.144
PF04/0010/A345E,AQ,42.438267,13.204149,70.0,12011.827,2299.772
PF05/0010/A345E,AQ,42.44193,13.202932,50.0,12420.706,2208.304
PF06/0010/A345E,AQ,42.442525,13.206632,50.0,12480.411,2513.982
PF07/0010/A345E,AQ,42.444213,13.204616,50.0,12671.273,2352.14
PF08/0010/A345E,AQ,42.440997,13.208543,50.0,12307.407,2667.579
PF09/0010/A345E,AQ,42.443793,13.210997,50.0,12613.548,2876.002
PF11/0010/A345E,AQ,42.447473,13.213249,70.0,13018.319,3069.839
PF12/0010/A345E,AQ,42.442108,13.204226,12.0,12438.28,2315.11
PF01/0011/A345E,AQ,42.454514,13.220236,50.0,13788.153,3660.805
PF02/0011/A345E,AQ,42.450296,13.215608,70.0,13327.782,3270.384
PF03/0011/A345E,AQ,42.45205,13.217668,70.0,13518.939,3443.902
PF04/0011/A345E,AQ,42.449619,13.221289,70.0,13242.783,3735.991
PF05/0011/A345E,AQ,42.446451,13.219529,70.0,12893.985,3583.901
PF01/0012/A345E,AQ,42.442234,13.220514,8.0,12424.02,3655.1
PF01/0014/A345E,AQ,42.422642,13.172196,6.0,10332.85,-365.81
PF03/0014/A345E,AQ,42.426849,13.167817,54.0,10807.837,-715.934
PF04/0014/A345E,AQ,42.420217,13.167203,70.0,10072.488,-782.381
PF05/0014/A345E,AQ,42.434642,13.1732,52.0,11663.68,-254.461
PF06/0014/A345E,AQ,42.422358,13.168309,52.0,10308.263,-686.279
PF07/0014/A345E,AQ,42.429722,13.166908,70.0,11128.513,-783.881
PF08/0014/A345E,AQ,42.424337,13.165213,70.0,10533.514,-936.253
PF09/0014/A345E,AQ,42.427602,13.168162,70.0,10890.812,-685.758
PF10/0014/A345E,AQ,42.431876,13.171876,52.0,11358.895,-370.024
PF11/0014/A345E,AQ,42.427712,13.16396,12.0,10910.52,-1031.197
PF01/0015/A345E,AQ,42.425792,13.186645,8.0,10657.24,830.43
PF02/0015/A345E,AQ,42.429648,13.187398,50.0,11084.111,901.57
PF03/0015/A345E,AQ,42.423457,13.187953,52.0,10395.612,932.533
PF04/0015/A345E,AQ,42.431329,13.183061,70.0,11278.351,548.737
PF06/0015/A345E,AQ,42.434163,13.181885,56.0,11595.152,458.742
PF08/0015/A345E,AQ,42.425446,13.177275,50.0,10635.327,58.747
PF09/0015/A345E,AQ,42.429047,13.177476,50.0,11034.826,83.911
PF10/0015/A345E,AQ,42.422731,13.181427,70.0,10326.505,393.882
PF11/0015/A345E,AQ,42.42717,13.179791,70.0,10822.242,269.896
PF12/0015/A345E,AQ,42.433305,13.175709,52.0,11510.797,-51.27
PF13/0015/A345E,AQ,42.432854,13.178947,70.0,11454.923,213.941
PF14/0015/A345E,AQ,42.434175,13.182227,70.0,11595.89,486.967
PF15/0015/A345E,AQ,42.428411,13.18507,70.0,10950.744,707.087
PF07/0016/A345E,AQ,42.434083,13.200017,9.0,11554.47,1950.07
PF09/0016/A345E,AQ,42.430124,13.200625,70.0,11113.765,1990.763
PF10/0016/A345E,AQ,42.435845,13.203845,9.0,11743.45,2269.06
PF15/0016/A345E,AQ,42.434825,13.188411,70.0,11657.105,997.147
PF16/0016/A345E,AQ,42.437729,13.2012,70.0,11957.206,2055.999
PF20/0016/A345E,AQ,42.437659,13.190783,70.0,11967.737,1198.935
PF23/0016/A345E,AQ,42.432243,13.197064,70.0,11355.287,1702.8
PF24/0016/A345E,AQ,42.43458,13.192103,70.0,11623.479,1300.263
PF25/0016/A345E,AQ,42.430426,13.193364,50.0,11159.964,1394.179
PF26/0016/A345E,AQ,42.438464,13.19122,70.0,12056.322,1236.848
PF27/0016/A345E,AQ,42.436774,13.198338,12.0,11856.19,1818.337
PF28/0016/A345E,AQ,42.437473,13.19531,12.0,11939.09,1570.87
PF02/0017/A345E,AQ,42.42574,13.189811,70.0,10645.858,1090.752
PF05/0017/A345E,AQ,42.428588,13.196449,52.0,10950.539,1643.65
PF07/0017/A345E,AQ,42.428,13.191684,50.0,10893.492,1250.233
PF08/0017/A345E,AQ,42.423873,13.19382,52.0,10431.496,1416.179
PF09/0017/A345E,AQ,42.426911,13.198443,52.0,10760.731,1803.722
PF10/0017/A345E,AQ,42.42728,13.195907,70.0,10806.19,1595.907
PF11/0017/A345E,AQ,42.428858,13.198054,70.0,10977.616,1776.286
PF12/0017/A345E,AQ,42.431035,13.189581,12.0,11234.286,1084.418
PF13/0017/A345E,AQ,42.433368,13.203954,12.0,11468.246,2272.246
PF02/0018/A345E,AQ,42.422135,13.194563,52.0,10237.165,1473.244
PF03/0018/A345E,AQ,42.423798,13.189336,70.0,10430.997,1047.085
PF04/0018/A345E,AQ,42.420639,13.187854,50.0,10082.864,917.678
PF05/0018/A345E,AQ,42.425314,13.196654,52.0,10586.522,1652.716
PF06/0018/A345E,AQ,42.421366,13.192021,12.0,10156.315,1262.292
PF01/0019/A345E,AQ,42.430182,13.204524,70.0,11113.405,2311.668
PF03/0019/A345E,AQ,42.428209,13.202438,70.0,10897.965,2135.395
PF04/0019/A345E,AQ,42.4279,13.201069,70.0,10866.06,2022.048
PF08/0019/A345E,AQ,42.424095,13.20583,70.0,10435.203,2404.753
PF09/0019/A345E,AQ,42.425982,13.204344,52.0,10647.344,2286.958
PF21/0019/A345E,AQ,42.429519,13.205991,9.0,11037.24,2430.79
PF28/0019/A345E,AQ,42.417291,13.201168,56.0,9687.807,2005.244
PF29/0019/A345E,AQ,42.423282,13.200552,70.0,10354.164,1968.65
PF30/0019/A345E,AQ,42.420534,13.1973,70.0,10054.629,1694.639
PF34/0019/A345E,AQ,42.421619,13.20821,70.0,10156.093,2594.773
PF36/0019/A345E,AQ,42.419023,13.199924,70.0,9882.307,1906.984
PF37/0019/A345E,AQ,42.416743,13.20516,70.0,9620.021,2332.391
PF38/0019/A345E,AQ,42.421077,13.20614,70.0,10099.506,2423.223
PF39/0019/A345E,AQ,42.331834,13.30403,219.0,24.25,10279.291
PF40/0019/A345E,AQ,42.418986,13.20522,70.0,9868.901,2342.57
PF41/0019/A345E,AQ,42.428903,13.209265,70.0,10963.199,2698.619
PF42/0019/A345E,AQ,42.417361,13.208583,70.0,9682.607,2615.476
PF43/0019/A345E,AQ,42.427255,13.206189,70.0,10785.449,2441.712
PF03/0020/A345E,AQ,42.433842,13.210387,52.0,11509.655,2802.546
PF05/0020/A345E,AQ,42.436009,13.213706,54.0,11744.497,3080.619
PF06/0020/A345E,AQ,42.43752,13.208713,66.0,11921.023,2673.41
PF07/0020/A345E,AQ,42.431755,13.21413,70.0,11271.399,3105.573
PF01/0021/A345E,AQ,42.432873,13.223243,8.0,11379.88,3857.78
PF02/0021/A345E,AQ,42.433138,13.234941,50.0,11389.211,4820.68
PF03/0021/A345E,AQ,42.434334,13.23144,50.0,11528.032,4535.45
PF01/0022/A345E,AQ,42.432612,13.228143,50.0,11342.418,4260.204
PF02/0022/A345E,AQ,42.431377,13.232948,70.0,11197.003,4652.669
PF03/0022/A345E,AQ,42.429214,13.224074,56.0,10972.08,3917.595
PF04/0022/A345E,AQ,42.431932,13.224722,56.0,11272.829,3977.289
PF05/0023/A345E,AQ,42.426248,13.211944,9.0,10663.71,2912.79
PF07/0023/A345E,AQ,42.431487,13.213734,52.0,11242.29,3072.331
PF09/0023/A345E,AQ,42.431521,13.218842,70.0,11237.277,3492.624
PF10/0023/A345E,AQ,42.429093,13.219455,50.0,10966.655,3537.397
PF13/0023/A345E,AQ,42.424551,13.21895,9.0,10463.14,3485.24
PF15/0023/A345E,AQ,42.424218,13.210689,9.0,10440.44,2804.81
PF18/0023/A345E,AQ,42.42821,13.215528,9.0,10875.33,3212.22
PF19/0023/A345E,AQ,42.421547,13.216808,9.0,10133.25,3302.02
PF21/0023/A345E,AQ,42.418535,13.216603,9.0,9799.16,3278.15
PF25/0023/A345E,AQ,42.417183,13.21336,9.0,9654.56,3008.12
PF27/0023/A345E,AQ,42.419549,13.211699,8.0,9920.17,2876.98
PF30/0023/A345E,AQ,42.428425,13.212238,70.0,10904.917,2942.11
PF31/0023/A345E,AQ,42.423852,13.214148,70.0,10393.772,3088.517
PF01/0024/A345E,AQ,42.42385,13.229994,8.0,10366.31,4392.19
PF02/0024/A345E,AQ,42.424173,13.222394,70.0,10415.178,3767.7
PF03/0024/A345E,AQ,42.424277,13.226639,70.0,10419.424,4117.223
PF04/0024/A345E,AQ,42.422253,13.225798,70.0,10196.172,4043.301
PF05/0024/A345E,AQ,42.421383,13.23009,10.0,10092.14,4394.37
PF01/0025/A345E,AQ,42.417701,13.169338,70.0,9789.29,-612.777
PF02/0025/A345E,AQ,42.417188,13.179881,9.0,9713.712,253.479
PF03/0025/A345E,AQ,42.418079,13.175248,50.0,9820.851,-125.55
PF04/0025/A345E,AQ,42.413579,13.176917,50.0,9318.13,1.017
PF05/0025/A345E,AQ,42.422859,13.179534,9.0,10344.045,238.431
PF06/0025/A345E,AQ,42.413198,13.177237,70.0,9275.236,26.472
PF07/0025/A345E,AQ,42.421935,13.176473,70.0,10246.787,-15.57
PF08/0026/A345E,AQ,42.410941,13.172083,52.0,9033.738,-403.015
PF11/0026/A345E,AQ,42.415519,13.168953,9.0,9547.719,-649.659
PF17/0026/A345E,AQ,42.408421,13.172461,70.0,8753.242,-377.937
PF18/0026/A345E,AQ,42.413555,13.16608,50.0,9334.695,-890.749
PF21/0026/A345E,AQ,42.411935,13.16681,70.0,9153.551,-834.598
PF22/0026/A345E,AQ,42.411159,13.174422,70.0,9053.829,-210.02
PF23/0026/A345E,AQ,42.410213,13.179056,70.0,8940.642,168.989
PF01/0027/A345E,AQ,42.411635,13.181209,70.0,9094.763,349.553
PF02/0027/A345E,AQ,42.409924,13.184146,70.0,8899.494,587.191
PF03/0027/A345E,AQ,42.412307,13.185252,70.0,9162.251,683.86
PF04/0027/A345E,AQ,42.410836,13.187869,52.0,8994.265,895.7
PF07/0027/A345E,AQ,42.413561,13.180027,52.0,9310.637,256.855
PF08/0027/A345E,AQ,42.421134,13.181039,9.0,10149.805,358.171
PF10/0027/A345E,AQ,42.419874,13.186986,9.0,9999.442,844.441
PF11/0027/A345E,AQ,42.414793,13.18804,9.0,9433.416,919.158
PF12/0027/A345E,AQ,42.415664,13.184481,70.0,9536.344,628.366
PF13/0027/A345E,AQ,42.414412,13.187981,12.0,9391.2,913.4
PF01/0028/A345E,AQ,42.414168,13.204609,70.0,9334.949,2281.065
PF02/0028/A345E,AQ,42.416838,13.195561,70.0,9647.241,1542.811
PF05/0028/A345E,AQ,42.414392,13.197977,52.0,9371.433,1735.816
PF06/0028/A345E,AQ,42.415006,13.194839,70.0,9445.07,1479.076
PF07/0028/A345E,AQ,42.414961,13.202013,52.0,9427.621,2069.289
PF08/0028/A345E,AQ,42.413097,13.201574,54.0,9221.364,2028.774
PF10/0028/A345E,AQ,42.411703,13.195791,70.0,9076.656,1549.606
PF13/0028/A345E,AQ,42.418406,13.19764,52.0,9817.801,1717.557
PF15/0028/A345E,AQ,42.414945,13.191169,70.0,9444.768,1176.979
PF16/0028/A345E,AQ,42.41557,13.199148,70.0,9500.167,1834.957
PF17/0028/A345E,AQ,42.412612,13.20172,52.0,9167.263,2039.612
PF18/0028/A345E,AQ,42.412472,13.198214,70.0,9157.799,1750.799
PF20/0028/A345E,AQ,42.417229,13.201678,70.0,9680.018,2047.039
PF21/0028/A345E,AQ,42.41166,13.191048,70.0,9080.138,1159.241
PF22/0028/A345E,AQ,42.418672,13.19337,12.0,9854.738,1366.849
PF23/0028/A345E,AQ,42.418511,13.189945,12.0,9842.874,1084.736
PF02/0029/A345E,AQ,42.412236,13.21482,52.0,9102.736,3116.716
PF04/0029/A345E,AQ,42.415131,13.217308,70.0,9419.931,3328.173
PF05/0029/A345E,AQ,42.415682,13.208353,50.0,9496.672,2592.62
PF01/0030/A345E,AQ,42.413435,13.209253,70.0,9245.576,2661.449
PF02/0030/A345E,AQ,42.407848,13.207355,54.0,8628.439,2492.188
PF03/0030/A345E,AQ,42.408131,13.205514,70.0,8663.047,2341.287
PF07/0030/A345E,AQ,42.409748,13.210506,70.0,8833.893,2755.941
PF08/0030/A345E,AQ,42.411726,13.207426,54.0,9058.885,2507.128
PF11/0030/A345E,AQ,42.411456,13.209918,52.0,9024.639,2711.525
PF12/0030/A345E,AQ,42.408811,13.199517,70.0,8749.042,1849.447
PF13/0030/A345E,AQ,42.408366,13.214501,70.0,8673.572,3081.432
PF14/0030/A345E,AQ,42.406922,13.208871,70.0,8522.962,2614.755
PF18/0030/A345E,AQ,42.406856,13.204563,70.0,8523.078,2260.102
PF19/0030/A345E,AQ,42.409964,13.205783,52.0,8866.088,2367.736
PF20/0030/A345E,AQ,42.410541,13.202462,70.0,8936.019,2095.857
PF23/0030/A345E,AQ,42.407906,13.20168,12.0,8644.693,2025.302
PF24/0030/A345E,AQ,42.404639,13.212856,70.0,8262.512,2937.364
PF01/0031/A345E,AQ,42.41244,13.218077,70.0,9119.776,3385.193
PF02/0031/A345E,AQ,42.41572,13.221498,50.0,9478.053,3674.358
PF03/0031/A345E,AQ,42.413901,13.22201,70.0,9275.194,3712.204
PF04/0031/A345E,AQ,42.418989,13.220858,54.0,9842.191,3629.267
PF02/0032/A345E,AQ,42.404495,13.227929,70.0,8220.617,4177.474
PF03/0032/A345E,AQ,42.405595,13.215775,70.0,8363.668,3179.776
PF04/0032/A345E,AQ,42.406802,13.224628,52.0,8482.435,3911.152
PF05/0032/A345E,AQ,42.404289,13.222925,70.0,8206.279,3765.196
PF07/0032/A345E,AQ,42.409271,13.218583,70.0,8767.055,3419.438
PF09/0032/A345E,AQ,42.403051,13.221377,50.0,8071.487,3634.916
PF10/0032/A345E,AQ,42.401409,13.226372,70.0,7880.525,4042.153
PF11/0032/A345E,AQ,42.405805,13.219261,12.0,8380.982,3467.138
PF12/0032/A345E,AQ,42.403914,13.216721,12.0,8175.4,3253.7
PF01/0033/A345E,AQ,42.410331,13.235002,7.0,8856.53,4772.99
PF03/0034/A345E,AQ,42.403024,13.23318,52.0,8048.235,4606.208
PF05/0034/A345E,AQ,42.400493,13.236852,52.0,7760.875,4902.533
PF07/0034/A345E,AQ,42.398474,13.241596,50.0,7528.637,5288.328
PF08/0034/A345E,AQ,42.401452,13.240036,52.0,7861.923,5166.797
PF09/0034/A345E,AQ,42.400254,13.230251,70.0,7745.628,4358.732
PF10/0034/A345E,AQ,42.401428,13.232409,70.0,7872.364,4539.031
PF11/0034/A345E,AQ,42.40687,13.229179,52.0,8482.157,4285.825
PF12/0034/A345E,AQ,42.401885,13.228787,70.0,7929.296,4242.041
PF13/0034/A345E,AQ,42.399829,13.233444,52.0,7692.958,4620.533
PF14/0034/A345E,AQ,42.403329,13.237214,12.0,8075.179,4938.858
PF15/0034/A345E,AQ,42.404831,13.233558,12.0,8248.189,4641.458
PF01/0035/A345E,AQ,42.406081,13.161491,54.0,8512.891,-1286.287
PF02/0035/A345E,AQ,42.403859,13.166659,70.0,8256.933,-866.355
PF03/0035/A345E,AQ,42.409294,13.177522,50.0,8841.232,40.586
PF04/0035/A345E,AQ,42.405081,13.178725,70.0,8371.342,129.519
PF05/0035/A345E,AQ,42.405853,13.174666,70.0,8464.206,-202.651
PF07/0035/A345E,AQ,42.40384,13.172721,70.0,8244.082,-367.553
PF08/0035/A345E,AQ,42.401417,13.168225,50.0,7982.984,-743.307
PF09/0035/A345E,AQ,42.406661,13.16482,70.0,8571.393,-1010.993
PF11/0035/A345E,AQ,42.406147,13.161684,70.0,8519.917,-1270.279
PF12/0035/A345E,AQ,42.400903,13.172974,70.0,7917.53,-353.71
PF13/0035/A345E,AQ,42.407683,13.183172,12.0,8652.35,501.672
PF14/0035/A345E,AQ,42.406571,13.168019,12.0,8555.72,-747.973
PF00/0036/A345E,AQ,42.40302,13.176221,12.0,8146.906,-81.444
PF01/0036/A345E,AQ,42.397882,13.182425,70.0,7565.36,416.913
PF02/0036/A345E,AQ,42.400588,13.177555,70.0,7874.421,22.548
PF03/0036/A345E,AQ,42.401581,13.182008,70.0,7976.916,391.377
PF04/0036/A345E,AQ,42.400431,13.186008,50.0,7842.153,717.853
PF05/0036/A345E,AQ,42.402663,13.176957,70.0,8105.927,-21.677
PF03/0037/A345E,AQ,42.406052,13.182363,50.0,8472.699,431.232
PF07/0037/A345E,AQ,42.396069,13.189764,70.0,7351.183,1016.695
PF08/0037/A345E,AQ,42.404336,13.180333,70.0,8285.706,260.115
PF09/0037/A345E,AQ,42.404642,13.186052,50.0,8309.696,731.461
PF10/0037/A345E,AQ,42.408324,13.190349,70.0,8710.989,1093.871
PF11/0037/A345E,AQ,42.407816,13.179518,70.0,8673.614,201.31
PF12/0037/A345E,AQ,42.405524,13.181544,50.0,8415.51,362.57
PF13/0037/A345E,AQ,42.407545,13.185701,70.0,8632.616,709.471
PF02/0038/A345E,AQ,42.40614,13.205904,70.0,8441.302,2368.758
PF03/0038/A345E,AQ,42.405046,13.202037,70.0,8326.488,2047.974
PF04/0038/A345E,AQ,42.402817,13.204843,50.0,8074.173,2273.663
PF08/0038/A345E,AQ,42.402828,13.208852,70.0,8068.407,2603.593
PF10/0038/A345E,AQ,42.40796,13.198069,50.0,8657.042,1728.3
PF11/0038/A345E,AQ,42.402612,13.199968,50.0,8059.83,1871.937
PF12/0038/A345E,AQ,42.405954,13.195879,50.0,8438.069,1543.273
PF13/0038/A345E,AQ,42.408656,13.193608,50.0,8742.152,1362.763
PF01/0039/A345E,AQ,42.399835,13.198379,50.0,7754.252,1734.644
PF03/0039/A345E,AQ,42.398116,13.201296,52.0,7558.296,1970.669
PF05/0039/A345E,AQ,42.400429,13.195367,52.0,7825.542,1488.142
PF07/0039/A345E,AQ,42.397014,13.205502,52.0,7428.576,2314.28
PF08/0039/A345E,AQ,42.398189,13.194533,70.0,7578.235,1414.243
PF09/0039/A345E,AQ,42.400074,13.202143,50.0,7774.257,2045.009
PF10/0039/A345E,AQ,42.397988,13.199694,9.0,7546.9,1838.5
PF11/0039/A345E,AQ,42.400269,13.196934,52.0,7805.031,1616.72
PF12/0039/A345E,AQ,42.399795,13.206367,10.0,7735.954,2391.995
PF01/0040/A345E,AQ,42.398789,13.227072,50.0,7588.417,4093.678
PF02/0040/A345E,AQ,42.399818,13.229709,50.0,7698.166,4313.151
PF06/0040/A345E,AQ,42.400978,13.216036,52.0,7850.479,3190.545
PF08/0040/A345E,AQ,42.400158,13.219746,52.0,7753.036,3493.938
PF09/0040/A345E,AQ,42.39783,13.220709,52.0,7492.869,3567.764
PF11/0040/A345E,AQ,42.400035,13.211231,52.0,7754.147,2792.826
PF13/0040/A345E,AQ,42.397859,13.216282,12.0,7503.8,3203.5
PF14/0040/A345E,AQ,42.39536,13.226647,12.0,7208.368,4050.769
PF15/0040/A345E,AQ,42.399029,13.180963,12.0,7695.351,299.331
PF01/0041/A345E,AQ,42.396513,13.23067,12.0,7329.504,4384.592
PF02/0041/A345E,AQ,42.397446,13.23664,52.0,7422.885,4878.133
PF02/0042/A345E,AQ,42.394464,13.22018,50.0,7120.066,3516.442
PF03/0042/A345E,AQ,42.391933,13.22027,50.0,6838.779,3517.903
PF04/0042/A345E,AQ,42.394694,13.213537,52.0,7157.025,2970.183
PF06/0042/A345E,AQ,42.394971,13.216388,12.0,7182.9,3205.5
PF01/0001/A345F,AQ,42.497544,12.938736,8.0,19090.46,-19371.2
PF01/0002/A345F,AQ,42.485076,12.965069,50.0,17653.692,-17240.446
PF03/0002/A345F,AQ,42.496309,12.967631,12.0,18896.0,-17000.0
PF01/0004/A345F,AQ,42.490855,12.957448,8.0,18310.46,-17851.43
PF01/0005/A345F,AQ,42.48847,12.928881,12.0,18102.538,-20205.604
PF01/0007/A345F,AQ,42.484283,12.940322,8.0,17614.75,-19276.59
PF02/0007/A345F,AQ,42.483687,12.933459,12.0,17562.286,-19842.35
PF01/0008/A345F,AQ,42.482911,12.979715,8.0,17384.42,-16042.45
PF03/0008/A345F,AQ,42.490987,12.969013,50.0,18302.303,-16900.586
PF04/0008/A345F,AQ,42.495454,12.972823,50.0,18790.801,-16575.582
PF01/0010/A345F,AQ,42.484774,12.929685,12.0,17690.532,-20149.602
PF01/0011/A345F,AQ,42.47624,12.949701,8.0,16702.87,-18527.31
PF02/0011/A345F,AQ,42.474182,12.956491,70.0,16460.867,-17974.639
PF03/0011/A345F,AQ,42.473923,12.952612,70.0,16439.755,-18294.224
PF01/0012/A345F,AQ,42.482556,12.965507,70.0,17372.923,-17211.151
PF02/0012/A345F,AQ,42.48129,12.963151,50.0,17236.991,-17408.231
PF03/0012/A345F,AQ,42.478828,12.964831,50.0,16960.315,-17276.702
PF05/0012/A345F,AQ,42.480742,12.970516,4.0,17161.634,-16804.287
PF06/0012/A345F,AQ,42.477198,12.959187,70.0,16790.422,-17744.984
PF01/0013/A345F,AQ,42.474149,12.96862,8.0,16433.22,-16977.64
PF02/0013/A345F,AQ,42.481124,12.969758,50.0,17205.517,-16865.578
PF03/0013/A345F,AQ,42.477895,12.970545,50.0,16845.498,-16809.489
PF06/0013/A345F,AQ,42.475378,12.964265,50.0,16578.262,-17332.438
PF07/0013/A345F,AQ,42.476435,12.96805,50.0,16688.24,-17018.457
PF08/0013/A345F,AQ,42.477774,12.965112,12.0,16842.7,-17256.4
PF01/0015/A345F,AQ,42.472259,12.959439,70.0,16241.454,-17737.435
PF03/0015/A345F,AQ,42.470915,12.970319,70.0,16070.762,-16846.637
PF04/0015/A345F,AQ,42.473159,12.967839,70.0,16324.901,-17044.532
PF05/0015/A345F,AQ,42.471004,12.961466,50.0,16098.094,-17574.151
PF06/0015/A345F,AQ,42.468707,12.968778,50.0,15828.598,-16979.17
PF07/0015/A345F,AQ,42.470902,12.967755,70.0,16074.434,-17057.448
PF02/0016/A345F,AQ,42.472146,12.972664,70.0,16202.865,-16650.525
PF04/0016/A345F,AQ,42.474398,12.973271,70.0,16451.768,-16594.687
PF05/0016/A345F,AQ,42.476981,12.975195,50.0,16734.774,-16429.682
PF08/0016/A345F,AQ,42.471408,12.97803,70.0,16110.403,-16211.367
PF09/0016/A345F,AQ,42.473701,12.97552,70.0,16369.916,-16411.635
PF10/0016/A345F,AQ,42.471891,12.981782,70.0,16156.627,-15901.673
PF11/0016/A345F,AQ,42.473248,12.978594,70.0,16313.587,-16160.126
PF12/0016/A345F,AQ,42.475386,12.982535,12.0,16543.3,-15830.52
PF01/0017/A345F,AQ,42.474644,12.986874,8.0,16452.44,-15475.82
PF07/0019/A345F,AQ,42.469083,12.973237,70.0,15861.613,-16611.54
PF01/0020/A345F,AQ,42.463478,12.997031,8.0,15192.74,-14670.11
PF01/0021/A345F,AQ,42.46737,13.011554,8.0,15596.86,-13465.91
PF01/0022/A345F,AQ,42.466763,13.022093,52.0,15509.135,-12601.015
PF02/0022/A345F,AQ,42.466845,13.017367,70.0,15527.286,-12989.313
PF03/0022/A345F,AQ,42.469353,13.01813,52.0,15804.366,-12920.102
PF04/0022/A345F,AQ,42.468837,13.024086,70.0,15735.693,-12431.742
PF04/0023/A345F,AQ,42.468191,13.014314,70.0,15682.674,-13236.832
PF05/0023/A345F,AQ,42.465277,13.005946,52.0,15375.271,-13932.431
PF06/0023/A345F,AQ,42.464512,13.016878,70.0,15269.149,-13035.581
PF07/0023/A345F,AQ,42.465762,13.011738,70.0,15417.915,-13454.912
PF08/0023/A345F,AQ,42.463752,13.010542,12.0,15197.0,-13558.5
PF09/0023/A345F,AQ,42.462984,13.004778,12.0,15122.867,-14034.406
PF01/0024/A345F,AQ,42.467565,13.026322,50.0,15590.116,-12251.25
PF02/0024/A345F,AQ,42.464643,13.025693,70.0,15266.81,-12310.513
PF04/0024/A345F,AQ,42.469133,13.028654,70.0,15759.755,-12055.429
PF06/0024/A345F,AQ,42.465644,13.028697,70.0,15372.299,-12060.913
PF07/0024/A345F,AQ,42.46745,13.031522,70.0,15567.37,-11823.993
PF01/0026/A345F,AQ,42.46406,13.015202,52.0,15222.257,-13174.566
PF02/0026/A345F,AQ,42.462541,13.013121,50.0,15057.537,-13349.64
PF03/0026/A345F,AQ,42.460171,13.020592,56.0,14780.071,-12741.46
PF04/0026/A345F,AQ,42.460521,13.02205,70.0,14816.062,-12620.739
PF01/0027/A345F,AQ,42.463744,13.032585,50.0,15153.868,-11746.139
PF02/0027/A345F,AQ,42.463105,13.03498,70.0,15078.376,-11550.895
PF04/0027/A345F,AQ,42.461998,13.028507,50.0,14967.779,-12085.993
PF05/0027/A345F,AQ,42.464135,13.019285,70.0,15222.668,-12838.709
PF06/0027/A345F,AQ,42.462376,13.023608,52.0,15019.047,-12487.812
PF07/0027/A345F,AQ,42.462048,13.025169,70.0,14979.715,-12360.313
PF01/0028/A345F,AQ,42.452893,13.011629,6.0,13989.08,-13497.42
PF02/0028/A345F,AQ,42.449129,13.02094,7.0,13553.16,-12741.49
PF03/0028/A345F,AQ,42.45094,13.023987,70.0,13748.407,-12486.226
PF04/0028/A345F,AQ,42.448328,13.015126,52.0,13475.438,-13221.706
PF05/0028/A345F,AQ,42.447784,13.018297,52.0,13408.865,-12962.346
PF06/0028/A345F,AQ,42.446334,13.020254,72.0,13244.106,-12805.125
PF02/0029/A345F,AQ,42.455639,13.028469,70.0,14261.719,-12105.497
PF03/0029/A345F,AQ,42.459051,13.024696,70.0,14647.755,-12406.91
PF04/0029/A345F,AQ,42.449984,13.027611,70.0,13635.371,-12190.639
PF05/0029/A345F,AQ,42.445195,13.030604,70.0,13097.847,-11956.903
PF06/0029/A345F,AQ,42.453326,13.029463,70.0,14002.955,-12029.717
PF07/0029/A345F,AQ,42.452906,13.029486,4.0,13956.264,-12028.958
PF08/0029/A345F,AQ,42.457089,13.02596,70.0,14427.449,-12308.104
PF01/0030/A345F,AQ,42.459385,13.030294,8.0,14674.12,-11945.76
PF02/0030/A345F,AQ,42.446446,13.030838,70.0,13236.338,-11934.415
PF03/0030/A345F,AQ,42.453915,13.033246,70.0,14061.144,-11717.164
PF04/0030/A345F,AQ,42.449484,13.034367,70.0,13566.93,-11636.344
PF05/0030/A345F,AQ,42.454802,13.03693,70.0,14152.578,-11411.881
PF06/0030/A345F,AQ,42.446278,13.032163,70.0,13215.176,-11825.859
PF07/0030/A345F,AQ,42.458503,13.034652,70.0,14567.875,-11589.705
PF05/0031/A345F,AQ,42.449626,13.041281,70.0,13569.573,-11067.38
PF06/0031/A345F,AQ,42.456089,13.042501,70.0,14284.983,-10950.512
PF07/0031/A345F,AQ,42.453333,13.042671,12.0,13978.526,-10943.618
PF02/0032/A345F,AQ,42.44212,13.039292,70.0,12739.855,-11250.222
PF03/0032/A345F,AQ,42.442647,13.029517,56.0,12816.966,-12052.863
PF04/0032/A345F,AQ,42.445205,13.044918,70.0,13071.688,-10779.58
PF05/0032/A345F,AQ,42.446309,13.047962,70.0,13188.574,-10526.428
PF08/0032/A345F,AQ,42.446925,13.043126,70.0,13266.145,-10922.545
PF09/0032/A345F,AQ,42.445057,13.036635,70.0,13071.05,-11461.182
PF10/0032/A345F,AQ,42.446339,13.041323,70.0,13204.417,-11072.38
PF01/0033/A345F,AQ,42.443194,13.007234,54.0,12920.517,-13884.149
PF02/0033/A345F,AQ,42.439005,13.008967,52.0,12451.958,-13752.528
PF03/0033/A345F,AQ,42.446603,13.007392,70.0,13298.774,-13862.219
PF04/0033/A345F,AQ,42.444687,13.010364,70.0,13080.295,-13622.82
PF06/0033/A345F,AQ,42.441306,13.009907,50.0,12705.652,-13669.167
PF07/0033/A345F,AQ,42.446087,13.004261,70.0,13247.486,-14121.124
PF01/0034/A345F,AQ,42.447061,13.028818,70.0,13308.494,-12098.938
PF02/0034/A345F,AQ,42.443152,13.028262,70.0,12875.491,-12154.74
PF03/0034/A345F,AQ,42.442374,13.032568,70.0,12780.857,-11802.597
PF04/0034/A345F,AQ,42.445279,13.032016,50.0,13104.488,-11840.512
PF08/0034/A345F,AQ,42.444997,13.035207,56.0,13067.101,-11578.827
PF09/0034/A345F,AQ,42.441344,13.032452,50.0,12666.675,-11814.768
PF10/0034/A345F,AQ,42.442712,13.037942,50.0,12808.161,-11359.701
PF11/0034/A345F,AQ,42.444528,13.0267,12.0,13031.2,-12279.654
PF12/0034/A345F,AQ,42.44133,13.044031,12.0,12643.07,-10862.45
PF01/0035/A345F,AQ,42.437217,13.044451,9.0,12185.6,-10838.47
PF02/0035/A345F,AQ,42.446511,13.046308,52.0,13214.154,-10661.962
PF03/0035/A345F,AQ,42.444945,13.057662,70.0,13018.757,-9732.184
PF06/0035/A345F,AQ,42.437645,13.052461,12.0,12217.978,-10178.491
PF07/0035/A345F,AQ,42.439402,13.046879,70.0,12423.578,-10633.158
PF01/0036/A345F,AQ,42.436009,13.014189,70.0,12109.268,-13330.757
PF02/0036/A345F,AQ,42.433252,13.016887,52.0,11797.897,-13115.962
PF01/0037/A345F,AQ,42.443457,13.015133,70.0,12934.512,-13233.779
PF02/0037/A345F,AQ,42.4441,13.020942,70.0,12994.696,-12754.358
PF03/0037/A345F,AQ,42.445723,13.018436,70.0,13179.814,-12956.246
PF04/0037/A345F,AQ,42.44028,13.020623,72.0,12571.163,-12790.472
PF05/0037/A345F,AQ,42.436521,13.016775,56.0,12161.111,-13116.739
PF06/0037/A345F,AQ,42.439188,13.015661,70.0,12459.43,-13201.464
PF07/0037/A345F,AQ,42.445431,13.015954,70.0,13152.136,-13161.124
PF09/0037/A345F,AQ,42.445901,13.024309,70.0,13188.325,-12472.723
PF10/0037/A345F,AQ,42.441946,13.018705,70.0,12759.882,-12943.928
PF11/0037/A345F,AQ,42.437638,13.019683,70.0,12279.602,-12874.66
PF12/0037/A345F,AQ,42.442147,13.024003,72.0,12771.951,-12507.637
PF14/0037/A345F,AQ,42.434556,13.021521,70.0,11933.767,-12731.455
PF01/0038/A345F,AQ,42.436143,13.022856,70.0,12107.486,-12617.517
PF04/0038/A345F,AQ,42.43301,13.025441,9.0,11754.62,-12413.0
PF07/0038/A345F,AQ,42.437149,13.028994,70.0,12207.464,-12109.995
PF09/0038/A345F,AQ,42.44019,13.035997,70.0,12531.829,-11526.196
PF14/0038/A345F,AQ,42.438783,13.039597,70.0,12368.715,-11233.727
PF15/0038/A345F,AQ,42.436596,13.032473,70.0,12139.384,-11825.307
PF17/0038/A345F,AQ,42.441068,13.027387,72.0,12645.751,-12232.067
PF19/0038/A345F,AQ,42.437944,13.024688,56.0,12304.006,-12462.152
PF21/0038/A345F,AQ,42.439263,13.030171,70.0,12439.949,-12007.726
PF23/0038/A345F,AQ,42.437861,13.037313,52.0,12270.695,-11423.914
PF01/0001/A345G,AQ,42.416366,13.076842,8.0,9809.31,-8226.63
PF12/0001/A345G,AQ,42.419349,13.08467,52.0,10125.953,-7575.051
PF13/0001/A345G,AQ,42.42042,13.080111,70.0,10253.417,-7947.427
PF14/0001/A345G,AQ,42.421209,13.075259,70.0,10350.037,-8344.703
PF15/0001/A345G,AQ,42.41862,13.078639,56.0,10056.23,-8073.09
PF16/0001/A345G,AQ,42.417936,13.07435,56.0,9988.259,-8427.718
PF17/0001/A345G,AQ,42.423841,13.076979,70.0,10639.118,-8196.569
PF18/0001/A345G,AQ,42.42363,13.088039,52.0,10595.078,-7287.121
PF19/0001/A345G,AQ,42.425181,13.073315,70.0,10794.765,-8494.6
PF20/0001/A345G,AQ,42.421449,13.070048,70.0,10386.425,-8772.803
PF21/0001/A345G,AQ,42.423078,13.072313,70.0,10563.07,-8582.31
PF22/0001/A345G,AQ,42.416981,13.070613,70.0,9889.25,-8737.626
PF23/0001/A345G,AQ,42.423624,13.082097,70.0,10605.441,-7776.047
PF02/0002/A345G,AQ,42.420902,13.098331,9.0,10273.18,-6447.23
PF03/0002/A345G,AQ,42.419385,13.094333,9.0,10112.14,-6779.94
PF04/0002/A345G,AQ,42.421832,13.091633,9.0,10388.84,-6995.94
PF05/0002/A345G,AQ,42.418093,13.09181,9.0,9973.29,-6990.7
PF08/0002/A345G,AQ,42.422441,13.094616,70.0,10450.895,-6749.034
PF09/0002/A345G,AQ,42.418641,13.097674,56.0,10023.282,-6506.854
PF11/0002/A345G,AQ,42.418284,13.100896,50.0,9977.686,-6242.687
PF15/0002/A345G,AQ,42.420021,13.088295,52.0,10193.858,-7275.133
PF18/0002/A345G,AQ,42.421647,13.086562,12.0,10377.6,-7413.6
PF01/0003/A345G,AQ,42.413268,13.068448,70.0,9480.939,-8925.146
PF02/0003/A345G,AQ,42.41064,13.06786,52.0,9190.194,-8980.145
PF01/0004/A345G,AQ,42.410198,13.082851,52.0,9113.186,-7747.66
PF02/0004/A345G,AQ,42.41017,13.076781,52.0,9121.348,-8247.194
PF03/0004/A345G,AQ,42.412966,13.08105,50.0,9423.941,-7888.935
PF05/0004/A345G,AQ,42.415159,13.080367,50.0,9668.667,-7939.585
PF06/0004/A345G,AQ,42.412719,13.072542,52.0,9412.367,-8589.641
PF07/0004/A345G,AQ,42.415616,13.077248,50.0,9725.225,-8195.076
PF09/0004/A345G,AQ,42.413201,13.077252,50.0,9457.035,-8200.823
PF10/0004/A345G,AQ,42.413529,13.073985,12.0,9499.617,-8468.811
PF01/0005/A345G,AQ,42.417933,13.092753,8.0,9953.75,-6913.5
PF02/0005/A345G,AQ,42.337249,13.092021,9.0,995.61,-7174.96
PF04/0005/A345G,AQ,42.41227,13.084795,70.0,9339.694,-7582.505
PF07/0005/A345G,AQ,42.414537,13.085681,52.0,9589.773,-7503.878
PF09/0005/A345G,AQ,42.411157,13.095594,52.0,9196.118,-6696.671
PF12/0005/A345G,AQ,42.410639,13.099388,70.0,9131.57,-6385.752
PF13/0005/A345G,AQ,42.416497,13.089632,12.0,9800.1,-7173.9
PF14/0005/A345G,AQ,42.414138,13.096162,12.0,9526.1,-6642.5
PF15/0005/A345G,AQ,42.411,13.092536,12.0,9184.277,-6948.721
PF01/0006/A345G,AQ,42.412565,13.108417,6.0,9328.9,-5638.01
PF02/0006/A345G,AQ,42.412746,13.10706,9.0,9351.49,-5749.18
PF03/0006/A345G,AQ,42.410536,13.108712,52.0,9103.056,-5618.715
PF05/0006/A345G,AQ,42.41168,13.111183,56.0,9225.505,-5412.535
PF06/0006/A345G,AQ,42.410043,13.1129,52.0,9040.563,-5275.363
PF07/0006/A345G,AQ,42.408785,13.103321,70.0,8918.432,-6066.669
PF08/0006/A345G,AQ,42.405925,13.112104,70.0,8584.762,-5350.972
PF12/0006/A345G,AQ,42.413405,13.100651,12.0,9436.395,-6274.964
PF15/0006/A345G,AQ,42.413065,13.105318,70.0,9390.012,-5891.796
PF16/0006/A345G,AQ,42.407265,13.110165,12.0,8737.122,-5507.223
PF01/0007/A345G,AQ,42.418944,13.117215,70.0,10021.165,-4898.295
PF02/0007/A345G,AQ,42.410562,13.124435,54.0,9077.211,-4324.827
PF03/0007/A345G,AQ,42.41407,13.121321,70.0,9472.36,-4572.436
PF04/0007/A345G,AQ,42.415824,13.124394,52.0,9661.56,-4315.348
PF05/0007/A345G,AQ,42.412742,13.124523,54.0,9319.091,-4312.292
PF06/0007/A345G,AQ,42.410919,13.121481,50.0,9122.186,-4567.074
PF08/0007/A345G,AQ,42.419657,13.121236,70.0,10092.913,-4565.745
PF09/0007/A345G,AQ,42.414859,13.119998,70.0,9562.403,-4679.375
PF10/0007/A345G,AQ,42.416878,13.121633,70.0,9783.663,-4539.918
PF01/0008/A345G,AQ,42.406589,13.068061,6.0,8740.07,-8973.83
PF02/0008/A345G,AQ,42.396806,13.074332,8.0,7641.99,-8482.42
PF03/0008/A345G,AQ,42.401868,13.07,54.0,8212.109,-8826.178
PF04/0008/A345G,AQ,42.404274,13.068389,54.0,8482.35,-8952.719
PF05/0008/A345G,AQ,42.399158,13.072423,54.0,7906.664,-8633.585
PF01/0009/A345G,AQ,42.404681,13.090755,8.0,8485.96,-7111.03
PF03/0009/A345G,AQ,42.401343,13.084595,70.0,8126.693,-7626.347
PF04/0009/A345G,AQ,42.402656,13.082723,70.0,8275.95,-7777.073
PF05/0009/A345G,AQ,42.405508,13.079728,52.0,8598.183,-8016.44
PF06/0009/A345G,AQ,42.407126,13.08359,52.0,8770.736,-7694.522
PF07/0009/A345G,AQ,42.399334,13.085536,52.0,7901.804,-7553.911
PF08/0009/A345G,AQ,42.402899,13.08652,70.0,8295.885,-7464.007
PF11/0009/A345G,AQ,42.410543,13.087267,70.0,9143.353,-7383.388
PF12/0009/A345G,AQ,42.409231,13.090893,70.0,8990.849,-7088.282
PF13/0009/A345G,AQ,42.407414,13.08885,54.0,8792.949,-7260.922
PF22/0009/A345G,AQ,42.39779,13.08594,54.0,7729.62,-7524.534
PF23/0009/A345G,AQ,42.405628,13.087161,70.0,8597.748,-7404.393
PF24/0009/A345G,AQ,42.404598,13.08437,70.0,8488.555,-7636.685
PF25/0009/A345G,AQ,42.399869,13.089404,70.0,7954.05,-7234.223
PF26/0009/A345G,AQ,42.397107,13.08406,12.0,7657.227,-7680.951
PF27/0009/A345G,AQ,42.405418,13.090059,70.0,8569.068,-7166.449
PF28/0009/A345G,AQ,42.404992,13.087421,70.0,8526.595,-7384.574
PF29/0009/A345G,AQ,42.402221,13.089307,70.0,8215.388,-7236.3
PF30/0009/A345G,AQ,42.400711,13.082388,70.0,8060.544,-7809.538
PF31/0009/A345G,AQ,42.40741,13.092683,12.0,8785.4,-6945.5
PF15/0010/A345G,AQ,42.407082,13.107407,54.0,8721.839,-5734.698
PF18/0010/A345G,AQ,42.404108,13.108863,70.0,8388.884,-5622.24
PF19/0010/A345G,AQ,42.403817,13.094236,70.0,8383.477,-6826.718
PF25/0010/A345G,AQ,42.404707,13.100455,50.0,8470.903,-6312.658
PF26/0010/A345G,AQ,42.407382,13.102862,50.0,8763.544,-6107.977
PF27/0010/A345G,AQ,42.40459,13.103474,70.0,8452.306,-6064.545
PF28/0010/A345G,AQ,42.400035,13.096434,52.0,7959.452,-6655.248
PF29/0010/A345G,AQ,42.406608,13.098365,12.0,8685.801,-6479.975
PF02/0011/A345G,AQ,42.406141,13.124505,50.0,8586.08,-4329.906
PF05/0011/A345G,AQ,42.404168,13.121517,70.0,8372.533,-4580.697
PF06/0011/A345G,AQ,42.407052,13.116597,70.0,8701.737,-4978.455
PF07/0011/A345G,AQ,42.408958,13.126765,70.0,8894.819,-4137.009
PF02/0013/A345G,AQ,42.397945,13.091202,52.0,7737.135,-7091.028
PF06/0013/A345G,AQ,42.400258,13.094273,70.0,7988.267,-6832.506
PF09/0013/A345G,AQ,42.398126,13.100864,50.0,7739.3,-6295.317
PF11/0013/A345G,AQ,42.397028,13.097698,70.0,7623.26,-6558.661
PF12/0013/A345G,AQ,42.397294,13.093899,52.0,7659.818,-6870.705
PF14/0013/A345G,AQ,42.395431,13.092218,52.0,7456.011,-7013.693
PF15/0013/A345G,AQ,42.396008,13.102776,50.0,7500.701,-6143.273
PF16/0013/A345G,AQ,42.394276,13.096882,52.0,7319.154,-6632.677
PF17/0013/A345G,AQ,42.39404,13.101926,52.0,7283.625,-6218.107
PF18/0013/A345G,AQ,42.40197,13.101162,70.0,8165.608,-6261.291
PF20/0013/A345G,AQ,42.401951,13.101179,70.0,8163.464,-6259.903
PF21/0013/A345G,AQ,42.398857,13.102147,70.0,7818.118,-6187.941
PF02/0014/A345G,AQ,42.394096,13.109184,70.0,7276.525,-5620.544
PF03/0014/A345G,AQ,42.391767,13.107978,50.0,7020.128,-5725.591
PF04/0014/A345G,AQ,42.394745,13.105696,50.0,7355.064,-5905.994
PF05/0014/A345G,AQ,42.392743,13.104475,50.0,7134.927,-6011.531
PF06/0014/A345G,AQ,42.39052,13.115712,12.0,6867.535,-5091.997
PF08/0015/A345G,AQ,42.400805,13.103849,70.0,8031.311,-6043.069
PF11/0015/A345G,AQ,42.399423,13.108632,70.0,7869.157,-5652.827
PF19/0015/A345G,AQ,42.403339,13.106161,70.0,8308.511,-5846.515
PF22/0015/A345G,AQ,42.401855,13.107963,70.0,8140.368,-5701.807
PF23/0015/A345G,AQ,42.396855,13.112992,70.0,7575.988,-5300.307
PF26/0015/A345G,AQ,42.399702,13.111736,12.0,7894.443,-5396.652
PF01/0016/A345G,AQ,42.404315,13.114035,8.0,8402.47,-5196.04
PF02/0016/A345G,AQ,42.404234,13.116995,70.0,8388.095,-4952.66
PF03/0016/A345G,AQ,42.400785,13.11606,56.0,8006.721,-5038.067
PF04/0016/A345G,AQ,42.401051,13.124069,50.0,8021.674,-4378.32
PF01/0017/A345G,AQ,42.384866,13.084851,6.0,6296.52,-7646.51
PF01/0019/A345G,AQ,42.390482,13.106729,8.0,6879.74,-5831.57
PF01/0020/A345G,AQ,42.392499,13.128911,8.0,7063.23,-4000.74
PF02/0020/A345G,AQ,42.38909,13.121449,50.0,6698.272,-4623.301
PF03/0020/A345G,AQ,42.392566,13.117569,50.0,7091.392,-4934.17
PF01/0021/A345G,AQ,42.376078,13.105508,7.0,5282.54,-5967.71
PF01/0024/A345G,AQ,42.360246,13.128958,6.0,3481.66,-4075.7
PF01/0001/A345H,AQ,42.424309,13.032202,70.0,10775.553,-11879.21
PF02/0001/A345H,AQ,42.425423,13.031469,70.0,10900.572,-11936.687
PF07/0001/A345H,AQ,42.423473,13.029808,70.0,10687.232,-12078.324
PF10/0001/A345H,AQ,42.427424,13.026968,70.0,11131.386,-12301.803
PF17/0001/A345H,AQ,42.429827,13.026492,70.0,11399.188,-12334.764
PF27/0001/A345H,AQ,42.432425,13.032717,9.0,11675.76,-11815.95
PF29/0001/A345H,AQ,42.428579,13.02204,9.0,11269.14,-12704.19
PF30/0001/A345H,AQ,42.432063,13.028951,70.0,11642.714,-12126.654
PF31/0001/A345H,AQ,42.426497,13.022039,50.0,11037.944,-12709.681
PF32/0001/A345H,AQ,42.429679,13.029576,70.0,11376.774,-12081.454
PF33/0001/A345H,AQ,42.428662,13.032164,70.0,11258.947,-11871.168
PF34/0001/A345H,AQ,42.424614,13.022783,70.0,10827.385,-12653.317
PF35/0001/A345H,AQ,42.424721,13.02652,70.0,10832.118,-12345.633
PF36/0001/A345H,AQ,42.422788,13.025075,12.0,10620.232,-12469.489
PF01/0002/A345H,AQ,42.43479,13.031017,9.0,11941.6,-11949.69
PF02/0002/A345H,AQ,42.435721,13.033204,9.0,12040.84,-11767.4
PF03/0002/A345H,AQ,42.43317,13.032679,9.0,11758.54,-11817.15
PF04/0002/A345H,AQ,42.433211,13.035346,9.0,11758.03,-11597.65
PF05/0002/A345H,AQ,42.435504,13.036506,9.0,12010.46,-11496.35
PF06/0002/A345H,AQ,42.433788,13.038238,9.0,11816.57,-11358.28
PF08/0002/A345H,AQ,42.435365,13.042532,9.0,11983.62,-11001.03
PF10/0002/A345H,AQ,42.435278,13.04526,9.0,11968.7,-10776.87
PF24/0002/A345H,AQ,42.434213,13.041795,70.0,11857.045,-11064.623
PF25/0002/A345H,AQ,42.432533,13.050529,70.0,11653.909,-10350.48
PF26/0002/A345H,AQ,42.433288,13.048359,52.0,11741.933,-10526.996
PF27/0002/A345H,AQ,42.431334,13.042533,56.0,11535.975,-11011.28
PF28/0002/A345H,AQ,42.429611,13.048666,70.0,11333.04,-10511.176
PF30/0002/A345H,AQ,42.435528,13.038462,12.0,12009.43,-11335.427
PF01/0003/A345H,AQ,42.423648,13.045425,8.0,10676.92,-10793.01
PF02/0003/A345H,AQ,42.424325,13.045861,70.0,10751.319,-10755.394
PF04/0003/A345H,AQ,42.427784,13.045381,52.0,11136.327,-10786.072
PF05/0003/A345H,AQ,42.430542,13.045877,70.0,11441.693,-10738.222
PF06/0003/A345H,AQ,42.427547,13.048851,70.0,11103.451,-10501.205
PF08/0003/A345H,AQ,42.425621,13.038682,70.0,10908.805,-11342.711
PF09/0003/A345H,AQ,42.42802,13.04163,70.0,11169.649,-11094.082
PF10/0003/A345H,AQ,42.428565,13.033494,56.0,11245.62,-11762.005
PF11/0003/A345H,AQ,42.424205,13.05,70.0,10730.136,-10415.199
PF12/0003/A345H,AQ,42.428527,13.035132,70.0,11238.302,-11627.345
PF13/0003/A345H,AQ,42.425086,13.04229,52.0,10842.575,-11047.27
PF14/0003/A345H,AQ,42.422814,13.042576,70.0,10589.715,-11029.524
PF03/0004/A345H,AQ,42.441699,13.05397,50.0,12665.338,-10044.03
PF04/0004/A345H,AQ,42.435734,13.057782,56.0,11995.754,-9745.717
PF07/0004/A345H,AQ,42.433417,13.057458,70.0,11739.09,-9778.232
PF16/0004/A345H,AQ,42.427987,13.059757,52.0,11131.765,-9602.921
PF19/0004/A345H,AQ,42.431443,13.059705,52.0,11515.607,-9598.441
PF20/0004/A345H,AQ,42.434239,13.061213,9.0,11823.28,-9467.22
PF26/0004/A345H,AQ,42.431424,13.070998,8.0,11492.35,-8669.47
PF27/0004/A345H,AQ,42.428413,13.069566,9.0,11160.67,-8794.84
PF29/0004/A345H,AQ,42.427504,13.064529,70.0,11069.117,-9211.508
PF31/0004/A345H,AQ,42.429755,13.062128,52.0,11323.558,-9403.393
PF33/0004/A345H,AQ,42.436889,13.053711,8.0,12131.6,-10077.63
PF34/0004/A345H,AQ,42.429262,13.053263,52.0,11285.598,-10133.906
PF35/0004/A345H,AQ,42.432255,13.065248,52.0,11595.316,-9140.398
PF37/0004/A345H,AQ,42.433671,13.052816,56.0,11776.007,-10159.451
PF38/0004/A345H,AQ,42.430815,13.067536,70.0,11431.128,-8955.824
PF39/0004/A345H,AQ,42.437526,13.051016,70.0,12207.524,-10297.626
PF41/0004/A345H,AQ,42.428491,13.069569,70.0,11169.262,-8794.465
PF02/0006/A345H,AQ,42.417733,13.01253,52.0,10083.008,-13514.756
PF04/0006/A345H,AQ,42.4203,13.013503,50.0,10366.142,-13428.018
PF07/0006/A345H,AQ,42.422403,13.016487,70.0,10593.955,-13177.091
PF08/0006/A345H,AQ,42.424385,13.01737,70.0,10812.38,-13099.273
PF09/0006/A345H,AQ,42.423191,13.022657,70.0,10669.638,-12667.383
PF12/0006/A345H,AQ,42.420747,13.019481,50.0,10404.27,-12934.983
PF18/0006/A345H,AQ,42.421559,13.026864,70.0,10480.36,-12325.477
PF19/0006/A345H,AQ,42.420238,13.025188,50.0,10336.799,-12466.745
PF20/0006/A345H,AQ,42.419288,13.022693,56.0,10236.095,-12674.518
PF22/0006/A345H,AQ,42.41749,13.025281,70.0,10031.546,-12466.203
PF23/0006/A345H,AQ,42.416754,13.026113,52.0,9948.214,-12399.635
PF25/0006/A345H,AQ,42.41778,13.020328,70.0,10073.163,-12873.027
PF30/0006/A345H,AQ,42.421263,13.029623,70.0,10442.139,-12099.275
PF33/0006/A345H,AQ,42.419583,13.016702,6.0,10280.42,-13166.64
PF34/0006/A345H,AQ,42.424514,13.019558,70.0,10822.498,-12918.895
PF35/0006/A345H,AQ,42.418512,13.028738,52.0,10138.368,-12179.174
PF36/0006/A345H,AQ,42.419174,13.023168,70.0,10222.539,-12635.717
PF37/0006/A345H,AQ,42.416816,13.01736,12.0,9971.8,-13119.7
PF02/0007/A345H,AQ,42.415469,13.017941,70.0,9821.212,-13075.435
PF03/0007/A345H,AQ,42.413759,13.016326,54.0,9634.38,-13212.715
PF04/0007/A345H,AQ,42.415608,13.015414,52.0,9841.497,-13282.973
PF05/0007/A345H,AQ,42.407498,13.01542,52.0,8940.83,-13303.54
PF06/0007/A345H,AQ,42.40344,13.014939,52.0,8491.199,-13353.635
PF07/0007/A345H,AQ,42.403478,13.018715,52.0,8488.153,-13042.82
PF10/0007/A345H,AQ,42.407729,13.00965,50.0,8977.589,-13777.769
PF11/0007/A345H,AQ,42.411491,13.016217,70.0,9382.698,-13227.561
PF12/0007/A345H,AQ,42.413731,13.011047,70.0,9641.412,-13647.216
PF13/0007/A345H,AQ,42.408431,13.012657,52.0,9049.758,-13528.454
PF14/0007/A345H,AQ,42.410196,13.007865,50.0,9255.062,-13918.242
PF15/0007/A345H,AQ,42.410574,13.014178,12.0,9284.82,-13397.751
PF01/0008/A345H,AQ,42.414281,13.026799,52.0,9672.225,-12349.577
PF02/0008/A345H,AQ,42.408596,13.01787,70.0,9058.033,-13099.063
PF03/0008/A345H,AQ,42.413523,13.031732,70.0,9578.668,-11945.628
PF04/0008/A345H,AQ,42.413285,13.021529,70.0,9571.702,-12785.787
PF07/0008/A345H,AQ,42.41009,13.03001,52.0,9200.784,-12096.187
PF08/0008/A345H,AQ,42.410957,13.020614,52.0,9314.961,-12867.164
PF06/0009/A345H,AQ,42.423299,13.039,70.0,10650.364,-11322.528
PF11/0009/A345H,AQ,42.42009,13.042571,70.0,10287.31,-11036.931
PF12/0009/A345H,AQ,42.419754,13.039244,50.0,10256.282,-11311.582
PF14/0009/A345H,AQ,42.42028,13.035597,50.0,10321.672,-11610.225
PF15/0009/A345H,AQ,42.420619,13.032523,70.0,10365.133,-11862.296
PF16/0009/A345H,AQ,42.418387,13.03187,52.0,10118.479,-11921.781
PF18/0009/A345H,AQ,42.417568,13.03801,50.0,10015.919,-11418.682
PF20/0009/A345H,AQ,42.417087,13.044264,70.0,9950.618,-10905.298
PF23/0009/A345H,AQ,42.416033,13.031667,70.0,9857.478,-11944.56
PF26/0009/A345H,AQ,42.413673,13.044819,50.0,9570.384,-10868.397
PF29/0009/A345H,AQ,42.411117,13.045272,50.0,9285.8,-10837.694
PF30/0009/A345H,AQ,42.411101,13.03977,50.0,9294.434,-11290.48
PF37/0009/A345H,AQ,42.409552,13.036091,70.0,9129.411,-11597.165
PF38/0009/A345H,AQ,42.423383,13.035597,70.0,10666.162,-11602.317
PF39/0009/A345H,AQ,42.415639,13.0347,50.0,9807.931,-11696.018
PF40/0009/A345H,AQ,42.416468,13.041031,70.0,9887.944,-11172.923
PF41/0009/A345H,AQ,42.414065,13.037642,70.0,9627.641,-11457.982
PF03/0010/A345H,AQ,42.424281,13.054036,70.0,10730.981,-10082.944
PF05/0010/A345H,AQ,42.422208,13.052055,70.0,10504.552,-10251.228
PF06/0010/A345H,AQ,42.420531,13.050625,70.0,10320.961,-10373.186
PF09/0010/A345H,AQ,42.421919,13.045468,70.0,10484.92,-10793.913
PF10/0010/A345H,AQ,42.419142,13.044219,70.0,10178.896,-10903.753
PF20/0010/A345H,AQ,42.416767,13.048661,52.0,9906.744,-10544.343
PF21/0010/A345H,AQ,42.418485,13.046926,12.0,10100.836,-10682.738
PF01/0011/A345H,AQ,42.414644,13.052988,8.0,9662.82,-10193.75
PF02/0011/A345H,AQ,42.413346,13.059695,50.0,9506.054,-9645.132
PF03/0011/A345H,AQ,42.415867,13.060701,50.0,9784.095,-9555.997
PF04/0011/A345H,AQ,42.415092,13.057658,50.0,9703.769,-9808.328
PF05/0011/A345H,AQ,42.414976,13.049232,70.0,9706.826,-10501.945
PF06/0011/A345H,AQ,42.412105,13.049554,52.0,9387.399,-10482.789
PF07/0011/A345H,AQ,42.416002,13.052252,52.0,9815.038,-10250.822
PF08/0011/A345H,AQ,42.418326,13.055882,52.0,10066.236,-9946.288
PF01/0012/A345H,AQ,42.401424,13.033347,7.0,8232.03,-11843.88
PF03/0012/A345H,AQ,42.405906,13.018703,52.0,8757.719,-13037.452
PF04/0012/A345H,AQ,42.405354,13.03308,52.0,8668.983,-11855.723
PF05/0012/A345H,AQ,42.406959,13.035608,52.0,8842.398,-11643.61
PF07/0012/A345H,AQ,42.402607,13.037509,70.0,8355.52,-11498.331
PF08/0012/A345H,AQ,42.403006,13.024076,50.0,8425.435,-12602.843
PF09/0012/A345H,AQ,42.405884,13.022723,50.0,8747.642,-12706.707
PF10/0012/A345H,AQ,42.401624,13.025337,50.0,8269.506,-12502.56
PF11/0012/A345H,AQ,42.405341,13.026266,52.0,8680.485,-12416.568
PF12/0012/A345H,AQ,42.402461,13.028693,70.0,8356.048,-12224.207
PF13/0012/A345H,AQ,42.406588,13.029587,52.0,8812.628,-12140.05
PF15/0012/A345H,AQ,42.407514,13.020315,52.0,8933.272,-12900.684
PF16/0012/A345H,AQ,42.402276,13.019843,70.0,8352.502,-12953.035
PF17/0012/A345H,AQ,42.400179,13.024015,70.0,8111.672,-12615.104
PF18/0012/A345H,AQ,42.400806,13.030522,70.0,8168.829,-12077.967
PF01/0013/A345H,AQ,42.399941,13.039302,50.0,8056.044,-11357.559
PF03/0013/A345H,AQ,42.404486,13.036557,52.0,8565.916,-11571.821
PF04/0013/A345H,AQ,42.40248,13.041876,52.0,8333.053,-11139.219
PF05/0013/A345H,AQ,42.40607,13.037953,52.0,8739.201,-11452.856
PF01/0014/A345H,AQ,42.397376,13.056575,50.0,7738.505,-9942.501
PF02/0014/A345H,AQ,42.400674,13.054136,50.0,8109.392,-10134.857
PF03/0014/A345H,AQ,42.401372,13.051023,50.0,8192.759,-10389.29
PF04/0014/A345H,AQ,42.396249,13.058024,12.0,7610.7,-9826.1
PF01/0015/A345H,AQ,42.396562,13.059532,50.0,7642.533,-9701.161
PF02/0015/A345H,AQ,42.399403,13.059497,50.0,7958.114,-9696.845
PF01/0016/A345H,AQ,42.39898,13.016626,52.0,7992.716,-13226.371
PF02/0016/A345H,AQ,42.394391,13.024344,52.0,7468.29,-12602.973
PF03/0016/A345H,AQ,42.397806,13.019646,52.0,7856.445,-12980.89
PF04/0016/A345H,AQ,42.397119,13.022919,52.0,7773.912,-12713.227
PF01/0017/A345H,AQ,42.398482,13.034601,70.0,7902.95,-11748.232
PF04/0017/A345H,AQ,42.390755,13.034559,50.0,7045.025,-11771.555
PF05/0017/A345H,AQ,42.393627,13.027613,50.0,7377.231,-12335.886
PF07/0017/A345H,AQ,42.395167,13.028047,54.0,7547.383,-12296.204
PF08/0017/A345H,AQ,42.398767,13.036616,52.0,7930.758,-11581.659
PF09/0017/A345H,AQ,42.393072,13.036749,70.0,7298.149,-11585.314
PF10/0017/A345H,AQ,42.399091,13.033023,70.0,7973.656,-11876.566
PF11/0017/A345H,AQ,42.398414,13.027832,70.0,7908.326,-12305.493
PF12/0017/A345H,AQ,42.395096,13.027945,50.0,7539.692,-12304.789
PF13/0017/A345H,AQ,42.391287,13.026511,50.0,7119.414,-12432.633
PF14/0017/A345H,AQ,42.392441,13.029946,50.0,7241.045,-12146.881
PF16/0017/A345H,AQ,42.396115,13.033692,12.0,7641.9,-11829.1
PF01/0018/A345H,AQ,42.395756,13.042205,70.0,7585.784,-11129.398
PF02/0018/A345H,AQ,42.391661,13.043747,70.0,7128.198,-11012.942
PF03/0018/A345H,AQ,42.393541,13.039681,70.0,7344.599,-11342.797
PF04/0018/A345H,AQ,42.395968,13.037955,70.0,7617.373,-11478.65
PF05/0018/A345H,AQ,42.39127,13.039812,54.0,7092.192,-11337.825
PF06/0018/A345H,AQ,42.397891,13.040895,70.0,7825.325,-11231.686
PF07/0018/A345H,AQ,42.399007,13.051153,50.0,7929.899,-10384.584
PF08/0018/A345H,AQ,42.391609,13.040187,70.0,7129.125,-11306.078
PF09/0018/A345H,AQ,42.398,13.042939,52.0,7833.595,-11063.175
PF10/0018/A345H,AQ,42.393852,13.046577,70.0,7366.082,-10774.364
PF01/0019/A345H,AQ,42.384022,13.032527,52.0,6301.24,-11956.101
PF02/0019/A345H,AQ,42.388102,13.030474,50.0,6758.184,-12114.644
PF03/0019/A345H,AQ,42.381848,13.031919,52.0,6060.927,-12011.768
PF04/0019/A345H,AQ,42.386193,13.027909,54.0,6551.142,-12330.661
PF05/0019/A345H,AQ,42.382585,13.026608,70.0,6152.949,-12447.126
PF06/0019/A345H,AQ,42.381653,13.036275,52.0,6031.033,-11653.62
PF07/0019/A345H,AQ,42.382329,13.032993,50.0,6112.35,-11922.122
PF08/0019/A345H,AQ,42.381968,13.040143,12.0,6058.67,-11334.39
PF01/0001/A481,AQ,41.970982,13.880075,8.0,-40829.07,57213.74
PF02/0001/A481,AQ,41.961828,13.868796,8.0,-41833.15,56265.8
PF01/0002/A481,AQ,41.966955,13.914988,8.0,-41313.4,60100.93
PF01/0003/A481,AQ,41.973706,13.902239,3.0,-40550.4,59054.13
PF02/0003/A481,AQ,41.988622,13.930501,8.0,-38923.8,61416.44
PF03/0003/A481,AQ,41.98558,13.914557,8.0,-39245.01,60091.45
PF04/0003/A481,AQ,41.97377,13.912884,50.0,-40554.53,59936.238
PF05/0003/A481,AQ,41.973037,13.916105,50.0,-40639.313,60202.067
PF07/0003/A481,AQ,41.975918,13.914529,50.0,-40317.787,60075.506
PF08/0003/A481,AQ,41.984796,13.924538,52.0,-39342.455,60917.155
PF01/0004/A481,AQ,42.321015,12.695877,627.0,1.3,-39860.44
PF02/0004/A481,AQ,41.970114,13.930863,50.0,-40979.157,61420.802
PF03/0004/A481,AQ,41.973476,13.934558,50.0,-40609.764,61731.602
PF04/0004/A481,AQ,41.970588,13.939354,50.0,-40935.297,62125.012
PF05/0004/A481,AQ,41.97825,13.953261,12.0,-40098.773,63287.738
PF06/0004/A481,AQ,41.977794,13.9487,12.0,-40144.796,62909.185
PF01/0005/A481,AQ,41.952278,13.886342,8.0,-42912.58,57706.03
PF02/0005/A481,AQ,41.956922,13.904344,50.0,-42416.159,59204.681
PF03/0005/A481,AQ,41.950484,13.890046,52.0,-43115.771,58010.505
PF04/0005/A481,AQ,41.948645,13.891959,52.0,-43321.972,58166.397
PF05/0005/A481,AQ,41.950791,13.895543,52.0,-43087.499,58466.536
PF06/0005/A481,AQ,41.944411,13.888596,52.0,-43788.441,57881.556
PF01/0006/A481,AQ,41.96024,13.902185,8.0,-42045.5,59030.52
PF02/0006/A481,AQ,41.959655,13.905616,50.0,-42114.062,59313.99
PF01/0008/A481,AQ,41.957503,13.93237,8.0,-42380.96,61528.22
PF01/0009/A481,AQ,41.967584,13.934371,6.0,-41263.72,61708.0
PF01/0011/A481,AQ,41.975318,13.952267,12.0,-40423.316,63201.419
PF01/0012/A481,AQ,41.966564,13.9716,8.0,-41414.72,64791.51
PF02/0013/A481,AQ,41.947988,13.896855,52.0,-43400.128,58571.294
PF03/0013/A481,AQ,41.94916,13.900987,52.0,-43274.492,58915.466
PF01/0014/A481,AQ,41.951264,13.909026,6.0,-43049.35,59584.69
PF02/0014/A481,AQ,41.94555,13.917173,54.0,-43692.333,60251.963
PF02/0015/A481,AQ,41.94702,13.91981,70.0,-43531.902,60472.571
PF03/0015/A481,AQ,41.951529,13.924063,56.0,-43035.723,60831.428
PF01/0016/A481,AQ,41.950089,13.926378,9.0,-43197.961,61021.28
PF02/0016/A481,AQ,41.948125,13.923529,50.0,-43413.072,60782.391
PF11/0017/A481,AQ,41.954526,13.938795,9.0,-42718.112,62056.592
PF13/0017/A481,AQ,41.952461,13.933442,9.0,-42941.876,61610.082
PF18/0017/A481,AQ,41.954945,13.933571,50.0,-42666.29,61624.229
PF19/0017/A481,AQ,41.957202,13.936528,50.0,-42418.669,61872.413
PF16/0018/A481,AQ,41.950165,13.946796,70.0,-43210.526,62713.724
PF17/0018/A481,AQ,41.952782,13.94185,54.0,-42914.94,62307.408
PF18/0018/A481,AQ,41.954578,13.943212,56.0,-42716.883,62422.774
PF20/0018/A481,AQ,41.953823,13.945857,54.0,-42803.45,62640.914
PF22/0018/A481,AQ,41.952086,13.952041,70.0,-43002.598,63151.059
PF01/0019/A481,AQ,41.945102,13.959189,12.0,-43785.231,63734.105
PF01/0021/A481,AQ,41.958215,13.961415,8.0,-42331.54,63936.29
PF02/0021/A481,AQ,41.962576,13.976548,50.0,-41862.38,65196.226
PF03/0021/A481,AQ,41.960875,13.973666,50.0,-42048.458,64955.09
PF04/0021/A481,AQ,41.962856,13.970857,52.0,-41825.685,64724.987
PF05/0021/A481,AQ,41.964488,13.968649,52.0,-41642.259,64544.211
PF01/0022/A481,AQ,41.954588,13.970572,9.0,-42743.371,64690.316
PF01/0024/A481,AQ,41.942465,13.910013,56.0,-44027.368,59654.1
PF02/0024/A481,AQ,41.943291,13.90271,12.0,-43927.905,59049.879
PF02/0025/A481,AQ,41.944092,13.925387,50.0,-43862.787,60930.789
PF06/0025/A481,AQ,41.945389,13.922123,9.0,-43715.354,60662.036
PF08/0025/A481,AQ,41.938726,13.927812,56.0,-44461.124,61124.396
PF10/0025/A481,AQ,41.935541,13.921745,52.0,-44808.409,60616.929
PF11/0025/A481,AQ,41.936341,13.918813,52.0,-44716.53,60375.008
PF18/0025/A481,AQ,41.940902,13.921473,9.0,-44212.954,60601.865
PF22/0025/A481,AQ,41.943745,13.919932,56.0,-43895.651,60478.171
PF01/0026/A481,AQ,41.940916,13.939854,50.0,-44230.348,62125.656
PF02/0026/A481,AQ,41.943194,13.941745,70.0,-43979.342,62285.558
PF03/0026/A481,AQ,41.942554,13.9381,54.0,-44046.691,61982.498
PF01/0027/A481,AQ,41.949477,13.949165,9.0,-43289.32,62909.181
PF02/0027/A481,AQ,41.944218,13.945305,56.0,-43869.357,62582.066
PF03/0027/A481,AQ,41.947566,13.950197,54.0,-43502.524,62992.125
PF04/0027/A481,AQ,41.944754,13.945407,12.0,-43809.901,62591.206
PF02/0028/A481,AQ,41.942143,13.945452,50.0,-44099.849,62591.428
PF05/0028/A481,AQ,41.940514,13.95027,56.0,-44285.616,62988.553
PF06/0029/A481,AQ,41.940287,13.950614,56.0,-44311.212,63016.775
PF07/0029/A481,AQ,41.940625,13.952023,54.0,-44275.096,63134.042
PF08/0029/A481,AQ,41.938649,13.955953,9.0,-44498.508,63457.184
PF15/0029/A481,AQ,41.939958,13.962002,9.0,-44359.271,63960.34
PF16/0029/A481,AQ,41.94183,13.956848,12.0,-44146.15,63535.632
PF17/0029/A481,AQ,41.942708,13.954032,12.0,-44045.885,63303.438
PF18/0029/A481,AQ,41.947436,13.953444,70.0,-43520.265,63261.074
PF01/0030/A481,AQ,41.933726,14.032963,6.0,-45120.02,69835.15
PF02/0030/A481,AQ,41.946071,13.973467,8.0,-43691.96,64918.98
PF03/0030/A481,AQ,41.948036,13.960601,9.0,-43460.855,63855.122
PF01/0031/A481,AQ,41.941258,13.905013,8.0,-44156.1,59237.95
PF02/0031/A481,AQ,41.939673,13.911255,52.0,-44338.682,59753.147
PF06/0031/A481,AQ,41.935193,13.909266,56.0,-44834.019,59581.866
PF07/0031/A481,AQ,41.935751,13.912391,70.0,-44775.298,59841.784
PF08/0031/A481,AQ,41.935202,13.909377,52.0,-44833.132,59591.162
PF11/0031/A481,AQ,41.934674,13.914599,70.0,-44897.232,60023.343
PF12/0031/A481,AQ,41.938105,13.916822,52.0,-44518.638,60212.446
PF13/0031/A481,AQ,41.937189,13.907763,52.0,-44610.795,59460.116
PF14/0031/A481,AQ,41.941123,13.904778,50.0,-44170.799,59218.254
PF15/0031/A481,AQ,41.937387,13.911107,70.0,-44592.3,59737.659
PF16/0031/A481,AQ,41.938578,13.904641,12.0,-44453.22,59203.24
PF01/0032/A481,AQ,41.932689,13.916551,50.0,-45119.675,60182.38
PF02/0032/A481,AQ,41.932796,13.909458,50.0,-45100.335,59594.454
PF03/0032/A481,AQ,41.932859,13.905206,50.0,-45088.879,59242.038
PF04/0032/A481,AQ,41.933162,13.913355,70.0,-45063.811,59918.009
PF04/0033/A481,AQ,41.932966,13.919591,70.0,-45092.112,60434.767
PF05/0033/A481,AQ,41.937856,13.923293,9.0,-44553.011,60748.503
PF07/0033/A481,AQ,41.935484,13.924496,52.0,-44817.614,60844.974
PF14/0033/A481,AQ,41.932638,13.929218,70.0,-45138.566,61232.447
PF01/0034/A481,AQ,41.937259,13.935001,6.0,-44631.48,61718.31
PF03/0034/A481,AQ,41.940967,13.926645,52.0,-44211.112,61030.744
PF07/0034/A481,AQ,41.939026,13.930807,9.0,-44430.887,61373.053
PF08/0034/A481,AQ,41.938666,13.937009,50.0,-44477.313,61886.727
PF13/0034/A481,AQ,41.935426,13.93585,50.0,-44835.865,61786.202
PF02/0035/A481,AQ,41.938825,13.944032,70.0,-44466.822,62469.153
PF04/0035/A481,AQ,41.939244,13.947271,70.0,-44423.65,62738.195
PF08/0035/A481,AQ,41.935118,13.945445,70.0,-44879.832,62581.241
PF10/0035/A481,AQ,41.932545,13.938771,70.0,-45158.685,62024.341
PF11/0035/A481,AQ,41.931416,13.94234,70.0,-45287.763,62318.724
PF12/0035/A481,AQ,41.927391,13.9417,70.0,-45733.968,62260.159
PF15/0035/A481,AQ,41.937806,13.93813,70.0,-44573.901,61978.449
PF16/0035/A481,AQ,41.936408,13.939974,70.0,-44731.053,62129.397
PF01/0036/A481,AQ,41.937009,13.948311,52.0,-44672.849,62821.432
PF03/0036/A481,AQ,41.94005,13.950768,70.0,-44337.696,63029.209
PF10/0036/A481,AQ,41.928903,13.946034,50.0,-45570.572,62621.571
PF13/0036/A481,AQ,41.938135,13.951043,54.0,-44550.607,63049.456
PF14/0036/A481,AQ,41.936174,13.952448,54.0,-44769.757,63163.237
PF01/0001/A515,AQ,42.13994,13.192571,8.0,-21094.73,643.97
PF01/0002/A515,AQ,42.132773,13.176039,9.0,-21861.51,-739.26
PF02/0002/A515,AQ,42.13371,13.173095,9.0,-21752.2,-980.33
PF03/0002/A515,AQ,42.138563,13.174031,9.0,-21215.05,-891.48
PF08/0002/A515,AQ,42.135964,13.176401,56.0,-21507.785,-701.761
PF01/0003/A515,AQ,42.130789,13.177678,70.0,-22084.629,-608.461
PF02/0003/A515,AQ,42.127546,13.185251,70.0,-22458.144,9.82
PF03/0003/A515,AQ,42.129178,13.182182,70.0,-22271.461,-239.988
PF04/0003/A515,AQ,42.138413,13.178331,56.0,-21239.237,-536.435
PF05/0003/A515,AQ,42.13346,13.179555,56.0,-21791.4,-447.003
PF06/0003/A515,AQ,42.130693,13.188273,50.0,-22113.925,267.031
PF07/0003/A515,AQ,42.131615,13.185407,56.0,-22006.573,32.295
PF08/0003/A515,AQ,42.126248,13.18918,54.0,-22609.14,331.514
PF09/0003/A515,AQ,42.12836,13.188413,12.0,-22373.224,273.062
PF01/0004/A515,AQ,42.136129,13.204707,54.0,-21539.036,1638.024
PF02/0004/A515,AQ,42.131726,13.202982,56.0,-22024.989,1485.183
PF03/0004/A515,AQ,42.13475,13.195504,54.0,-21676.173,874.217
PF04/0004/A515,AQ,42.133215,13.198441,70.0,-21851.672,1113.323
PF05/0004/A515,AQ,42.133502,13.186952,52.0,-21799.691,164.474
PF02/0005/A515,AQ,42.125947,13.194547,54.0,-22651.989,774.436
PF05/0005/A515,AQ,42.125707,13.190329,54.0,-22671.196,425.198
PF06/0005/A515,AQ,42.129895,13.205256,70.0,-22232.211,1668.881
PF08/0005/A515,AQ,42.131046,13.200716,70.0,-22096.523,1296.294
PF09/0005/A515,AQ,42.12945,13.198551,70.0,-22269.938,1113.584
PF15/0005/A515,AQ,42.126011,13.198931,70.0,-22652.457,1136.95
PF21/0005/A515,AQ,42.123739,13.195321,70.0,-22898.424,833.252
PF22/0005/A515,AQ,42.131152,13.196205,70.0,-22076.925,923.693
PF32/0005/A515,AQ,42.129452,13.190831,54.0,-22256.198,475.534
PF33/0005/A515,AQ,42.129344,13.194997,54.0,-22275.492,819.611
PF34/0005/A515,AQ,42.131691,13.19262,54.0,-22010.808,628.608
PF35/0005/A515,AQ,42.127169,13.207668,54.0,-22539.051,1861.872
PF36/0005/A515,AQ,42.122224,13.199157,70.0,-23073.346,1146.756
PF01/0006/A515,AQ,42.121278,13.119226,8.0,-23035.98,-5463.05
PF01/0007/A515,AQ,42.112478,13.154891,9.0,-24077.41,-2535.83
PF02/0007/A515,AQ,42.11411,13.153441,70.0,-23893.606,-2651.839
PF10/0007/A515,AQ,42.118215,13.144707,9.0,-23422.14,-3364.02
PF11/0007/A515,AQ,42.119141,13.148091,9.0,-23325.46,-3082.05
PF13/0007/A515,AQ,42.115032,13.142608,52.0,-23771.803,-3545.226
PF14/0007/A515,AQ,42.11626,13.146354,68.0,-23642.22,-3232.558
PF15/0007/A515,AQ,42.114419,13.148663,70.0,-23850.746,-3046.097
PF17/0007/A515,AQ,42.116875,13.150427,9.0,-23581.179,-2894.359
PF18/0007/A515,AQ,42.112539,13.150818,9.0,-24063.427,-2872.427
PF19/0007/A515,AQ,42.115137,13.151589,9.0,-23776.286,-2802.5
PF01/0008/A515,AQ,42.112738,13.156647,56.0,-24051.664,-2390.045
PF02/0008/A515,AQ,42.113186,13.15639,56.0,-24001.5,-2410.243
PF05/0008/A515,AQ,42.110637,13.159691,70.0,-24290.391,-2143.439
PF06/0008/A515,AQ,42.117681,13.152818,9.0,-23496.007,-2694.773
PF08/0008/A515,AQ,42.106266,13.154125,70.0,-24765.864,-2614.118
PF09/0008/A515,AQ,42.119671,13.15478,54.0,-23278.515,-2527.783
PF10/0008/A515,AQ,42.120753,13.151611,70.0,-23152.698,-2787.16
PF11/0008/A515,AQ,42.113127,13.158528,70.0,-24011.915,-2233.566
PF13/0008/A515,AQ,42.121475,13.149891,68.0,-23069.476,-2927.581
PF15/0008/A515,AQ,42.099453,13.156934,9.0,-25527.38,-2398.167
PF16/0008/A515,AQ,42.123648,13.152399,70.0,-22832.701,-2715.072
PF17/0008/A515,AQ,42.111925,13.158455,70.0,-24145.251,-2242.48
PF04/0009/A515,AQ,42.119574,13.164481,70.0,-23306.638,-1726.025
PF06/0009/A515,AQ,42.126955,13.15393,70.0,-22468.195,-2580.583
PF08/0009/A515,AQ,42.122273,13.168552,70.0,-23014.165,-1383.035
PF12/0009/A515,AQ,42.124302,13.161493,8.0,-22776.32,-1961.72
PF13/0009/A515,AQ,42.124878,13.160684,70.0,-22710.927,-2027.286
PF14/0009/A515,AQ,42.126838,13.165787,70.0,-22502.351,-1600.716
PF15/0009/A515,AQ,42.117683,13.166382,70.0,-23519.986,-1573.389
PF16/0009/A515,AQ,42.122406,13.163684,70.0,-22990.703,-1785.187
PF17/0009/A515,AQ,42.119479,13.163214,12.0,-23314.85,-1831.0
PF19/0009/A515,AQ,42.118896,13.169256,12.0,-23390.33,-1332.95
PF01/0010/A515,AQ,42.114037,13.159844,70.0,-23913.124,-2122.595
PF02/0010/A515,AQ,42.110549,13.159448,52.0,-24299.778,-2163.695
PF03/0010/A515,AQ,42.109242,13.156779,52.0,-24440.166,-2387.476
PF04/0010/A515,AQ,42.114053,13.161731,70.0,-23914.803,-1966.608
PF01/0011/A515,AQ,42.111573,13.157543,56.0,-24182.642,-2318.786
PF03/0011/A515,AQ,42.111654,13.160544,70.0,-24179.066,-2070.436
PF01/0012/A515,AQ,42.113813,13.162623,70.0,-23943.045,-1893.395
PF04/0012/A515,AQ,42.111969,13.163863,50.0,-24149.956,-1795.324
PF05/0012/A515,AQ,42.116039,13.167231,70.0,-23704.048,-1507.117
PF09/0012/A515,AQ,42.115379,13.160759,70.0,-23765.826,-2043.796
PF10/0012/A515,AQ,42.114939,13.166006,12.0,-23824.0,-1611.0
PF11/0012/A515,AQ,42.115035,13.169765,12.0,-23820.0,-1300.0
PF12/0012/A515,AQ,42.113843,13.168469,12.0,-23950.0,-1410.0
PF01/0013/A515,AQ,42.116794,13.175039,9.0,-23633.95,-859.82
PF02/0013/A515,AQ,42.116419,13.172551,9.0,-23671.26,-1066.43
PF03/0013/A515,AQ,42.116886,13.173965,9.0,-23621.87,-948.4
PF04/0013/A515,AQ,42.116518,13.172144,9.0,-23659.53,-1099.84
PF05/0013/A515,AQ,42.117805,13.171294,9.0,-23515.06,-1167.06
PF06/0013/A515,AQ,42.118217,13.172268,9.0,-23471.12,-1085.56
PF07/0013/A515,AQ,42.118195,13.172202,70.0,-23473.446,-1091.005
PF08/0013/A515,AQ,42.119135,13.17181,70.0,-23368.384,-1121.2
PF10/0013/A515,AQ,42.121484,13.170739,54.0,-23105.591,-1204.156
PF11/0013/A515,AQ,42.124222,13.171491,9.0,-22802.89,-1135.45
PF17/0013/A515,AQ,42.121215,13.171704,56.0,-23137.228,-1125.052
PF20/0013/A515,AQ,42.125055,13.167988,70.0,-22704.252,-1423.101
PF21/0013/A515,AQ,42.12198,13.175473,56.0,-23058.93,-811.648
PF23/0013/A515,AQ,42.130196,13.176047,8.0,-22147.62,-744.7
PF24/0013/A515,AQ,42.125745,13.171817,70.0,-22634.431,-1104.909
PF25/0013/A515,AQ,42.129114,13.172866,70.0,-22262.155,-1010.166
PF26/0013/A515,AQ,42.1279,13.17529,70.0,-22401.245,-812.734
PF27/0013/A515,AQ,42.120715,13.175626,12.0,-23199.6,-802.0
PF05/0014/A515,AQ,42.127687,13.175782,56.0,-22425.742,-772.585
PF07/0014/A515,AQ,42.125867,13.185443,56.0,-22644.89,21.671
PF08/0014/A515,AQ,42.121452,13.190626,70.0,-23144.174,439.762
PF09/0014/A515,AQ,42.126959,13.18091,70.0,-22515.663,-350.414
PF10/0014/A515,AQ,42.121853,13.176008,70.0,-23073.945,-767.708
PF11/0014/A515,AQ,42.126464,13.179821,54.0,-22568.663,-441.595
PF12/0014/A515,AQ,42.124213,13.178766,70.0,-22816.8,-534.116
PF13/0014/A515,AQ,42.126699,13.175151,70.0,-22534.347,-827.079
PF01/0015/A515,AQ,42.10862,13.104638,8.0,-24414.89,-6700.2
PF02/0015/A515,AQ,42.105038,13.110129,50.0,-24822.65,-6254.958
PF03/0015/A515,AQ,42.105415,13.113756,50.0,-24787.414,-5954.095
PF04/0015/A515,AQ,42.107036,13.106843,50.0,-24594.735,-6521.76
PF05/0015/A515,AQ,42.111174,13.103144,50.0,-24128.48,-6817.405
PF06/0015/A515,AQ,42.103797,13.105295,50.0,-24951.58,-6657.706
PF01/0016/A515,AQ,42.097009,13.10635,50.0,-25707.207,-6587.157
PF02/0016/A515,AQ,42.094122,13.106215,50.0,-26027.622,-6605.489
PF03/0016/A515,AQ,42.097321,13.109216,50.0,-25677.86,-6349.426
PF04/0016/A515,AQ,42.100397,13.106841,50.0,-25331.921,-6538.278
PF05/0016/A515,AQ,42.102898,13.110687,50.0,-25061.327,-6214.052
PF07/0016/A515,AQ,42.097287,13.111979,52.0,-25686.749,-6120.983
PF08/0016/A515,AQ,42.093278,13.111876,50.0,-26131.665,-6139.368
PF11/0016/A515,AQ,42.095961,13.11923,52.0,-25847.119,-5524.634
PF13/0016/A515,AQ,42.091926,13.112129,12.0,-26282.206,-6121.763
PF01/0018/A515,AQ,42.101054,13.126062,70.0,-25294.029,-4947.228
PF02/0018/A515,AQ,42.103062,13.121274,54.0,-25062.416,-5338.222
PF05/0018/A515,AQ,42.103968,13.126122,54.0,-24970.652,-4935.172
PF01/0019/A515,AQ,42.102837,13.129289,8.0,-25101.88,-4676.04
PF02/0019/A515,AQ,42.102659,13.129511,70.0,-25122.139,-4658.052
PF03/0019/A515,AQ,42.106608,13.12483,54.0,-24675.127,-5035.559
PF05/0019/A515,AQ,42.108618,13.12268,52.0,-24448.033,-5208.42
PF06/0019/A515,AQ,42.106092,13.128801,12.0,-24739.638,-4708.469
PF07/0019/A515,AQ,42.104521,13.13202,12.0,-24919.902,-4446.081
PF01/0020/A515,AQ,42.11015,13.136475,2.0,-24302.88,-4064.1
PF02/0020/A515,AQ,42.110089,13.136541,9.0,-24309.83,-4058.8
PF03/0020/A515,AQ,42.113549,13.144515,70.0,-23939.969,-3391.103
PF05/0020/A515,AQ,42.109948,13.148999,56.0,-24347.8,-3029.064
PF01/0021/A515,AQ,42.099946,13.133834,56.0,-25431.192,-4307.18
PF02/0021/A515,AQ,42.09867,13.150504,70.0,-25602.811,-2931.78
PF01/0022/A515,AQ,42.110674,13.154996,70.0,-24277.931,-2531.515
PF02/0022/A515,AQ,42.107395,13.155582,70.0,-24643.095,-2490.877
PF05/0022/A515,AQ,42.108247,13.155847,9.0,-24548.99,-2466.93
PF06/0022/A515,AQ,42.108791,13.153456,9.0,-24484.32,-2663.35
PF07/0022/A515,AQ,42.107831,13.153744,9.0,-24591.37,-2641.8
PF08/0022/A515,AQ,42.109892,13.149657,9.0,-24355.22,-2974.84
PF09/0022/A515,AQ,42.109811,13.15718,70.0,-24377.628,-2353.034
PF02/0023/A515,AQ,42.107967,13.159849,70.0,-24587.199,-2136.754
PF03/0023/A515,AQ,42.105259,13.162899,70.0,-24893.339,-1890.989
PF04/0023/A515,AQ,42.103544,13.16238,70.0,-25082.784,-1938.026
PF06/0023/A515,AQ,42.105172,13.15934,70.0,-24896.675,-2185.523
PF07/0023/A515,AQ,42.102634,13.165462,70.0,-25189.338,-1685.34
PF08/0023/A515,AQ,42.103078,13.158746,70.0,-25128.112,-2239.674
PF01/0024/A515,AQ,42.099633,13.164951,70.0,-25521.632,-1734.793
PF05/0024/A515,AQ,42.101083,13.16245,52.0,-25356.195,-1938.091
PF06/0024/A515,AQ,42.101436,13.158769,52.0,-25310.505,-2241.706
PF01/0025/A515,AQ,42.093742,13.160869,56.0,-26168.56,-2086.422
PF03/0025/A515,AQ,42.095031,13.163394,70.0,-26029.857,-1874.484
PF07/0025/A515,AQ,42.096661,13.15864,70.0,-25840.403,-2263.758
PF12/0025/A515,AQ,42.098397,13.162686,70.0,-25654.931,-1925.054
PF14/0025/A515,AQ,42.096737,13.163615,56.0,-25840.847,-1852.18
PF15/0025/A515,AQ,42.098803,13.157862,52.0,-25601.175,-2322.95
PF16/0025/A515,AQ,42.09088,13.158836,52.0,-26482.707,-2261.368
PF01/0026/A515,AQ,42.097564,13.165754,8.0,-25752.861,-1673.296
PF02/0026/A515,AQ,42.097715,13.167529,70.0,-25739.229,-1526.175
PF03/0026/A515,AQ,42.100713,13.167478,12.0,-25406.25,-1523.25
PF01/0027/A515,AQ,42.106818,13.169298,9.0,-24731.54,-1358.18
PF02/0027/A515,AQ,42.108065,13.163168,56.0,-24582.216,-1862.034
PF03/0027/A515,AQ,42.109701,13.161332,56.0,-24397.255,-2009.932
PF04/0027/A515,AQ,42.108744,13.167142,70.0,-24513.911,-1531.883
PF05/0027/A515,AQ,42.106507,13.165783,56.0,-24759.847,-1649.578
PF01/0028/A515,AQ,42.110094,13.170343,70.0,-24369.614,-1263.972
PF02/0028/A515,AQ,42.112012,13.171615,70.0,-24158.965,-1154.299
PF03/0028/A515,AQ,42.110166,13.16477,70.0,-24351.76,-1724.612
PF04/0028/A515,AQ,42.111268,13.167779,70.0,-24234.768,-1473.193
PF01/0029/A515,AQ,42.104667,13.175416,70.0,-24981.194,-857.398
PF02/0029/A515,AQ,42.104938,13.172367,70.0,-24945.748,-1108.916
PF03/0029/A515,AQ,42.106783,13.173355,70.0,-24742.672,-1022.799
PF01/0030/A515,AQ,42.101402,13.170397,70.0,-25334.9,-1280.236
PF02/0030/A515,AQ,42.103748,13.169801,70.0,-25073.316,-1323.919
PF03/0030/A515,AQ,42.103304,13.16668,56.0,-25117.124,-1583.064
PF01/0031/A515,AQ,42.099947,13.168395,70.0,-25492.928,-1449.22
PF02/0031/A515,AQ,42.098724,13.172116,50.0,-25635.331,-1144.44
PF03/0031/A515,AQ,42.096219,13.169087,70.0,-25908.106,-1400.89
PF01/0032/A515,AQ,42.097003,13.173923,70.0,-25829.619,-999.096
PF02/0032/A515,AQ,42.097253,13.178253,70.0,-25809.513,-640.395
PF03/0032/A515,AQ,42.099653,13.175905,70.0,-25538.873,-828.865
PF05/0032/A515,AQ,42.097714,13.179582,70.0,-25760.634,-529.372
PF06/0032/A515,AQ,42.102203,13.174489,70.0,-25253.208,-939.898
PF01/0033/A515,AQ,42.11482,13.174419,8.0,-23852.09,-915.74
PF02/0033/A515,AQ,42.114006,13.172829,70.0,-23939.646,-1049.164
PF03/0033/A515,AQ,42.111218,13.173871,70.0,-24251.11,-969.639
PF04/0033/A515,AQ,42.109342,13.174499,70.0,-24460.461,-922.183
PF05/0033/A515,AQ,42.1128,13.176903,70.0,-24080.728,-715.207
PF02/0034/A515,AQ,42.116501,13.175142,70.0,-23666.686,-852.028
PF03/0034/A515,AQ,42.114705,13.172068,70.0,-23860.707,-1110.374
PF04/0034/A515,AQ,42.112287,13.18068,9.0,-24144.4,-404.11
PF05/0034/A515,AQ,42.113246,13.183416,9.0,-24042.76,-175.63
PF06/0034/A515,AQ,42.105563,13.187621,9.0,-24903.22,153.91
PF07/0034/A515,AQ,42.124719,13.176645,54.0,-22756.872,-708.292
PF09/0034/A515,AQ,42.123284,13.180391,54.0,-22922.777,-401.992
PF10/0034/A515,AQ,42.120909,13.185825,54.0,-23196.058,41.569
PF11/0034/A515,AQ,42.121214,13.176214,54.0,-23145.289,-752.234
PF13/0034/A515,AQ,42.117166,13.182774,70.0,-23606.273,-219.512
PF16/0034/A515,AQ,42.120383,13.176867,70.0,-23238.695,-700.206
PF19/0034/A515,AQ,42.110122,13.180942,56.0,-24385.262,-387.574
PF20/0034/A515,AQ,42.109104,13.182262,54.0,-24500.669,-280.831
PF24/0034/A515,AQ,42.123571,13.185179,54.0,-22899.395,-5.52
PF26/0034/A515,AQ,42.115242,13.180145,70.0,-23815.384,-441.396
PF30/0034/A515,AQ,42.123736,13.17718,70.0,-22866.925,-666.358
PF31/0034/A515,AQ,42.118459,13.175289,70.0,-23449.561,-835.189
PF33/0034/A515,AQ,42.115252,13.183358,70.0,-23819.844,-175.69
PF34/0034/A515,AQ,42.114826,13.186124,70.0,-23872.066,51.979
PF01/0035/A515,AQ,42.117621,13.190292,9.0,-23568.98,403.1
PF02/0035/A515,AQ,42.117695,13.191669,9.0,-23563.24,517.12
PF03/0035/A515,AQ,42.120254,13.19777,9.0,-23289.72,1027.48
PF04/0035/A515,AQ,42.114377,13.197546,9.0,-23941.9,995.24
PF05/0035/A515,AQ,42.114965,13.198059,9.0,-23877.49,1039.02
PF06/0035/A515,AQ,42.12073,13.193648,8.0,-23229.71,687.82
PF07/0035/A515,AQ,42.112531,13.189632,70.0,-24133.031,336.59
PF09/0035/A515,AQ,42.118063,13.198185,52.0,-23533.714,1056.708
PF11/0035/A515,AQ,42.1181,13.194144,70.0,-23522.578,722.697
PF12/0035/A515,AQ,42.119156,13.200373,56.0,-23416.191,1240.131
PF13/0035/A515,AQ,42.116687,13.203893,56.0,-23696.465,1525.373
PF14/0035/A515,AQ,42.116053,13.200942,50.0,-23761.71,1279.858
PF16/0035/A515,AQ,42.118611,13.187008,50.0,-23453.276,133.994
PF22/0035/A515,AQ,42.109855,13.188169,70.0,-24427.57,209.288
PF25/0035/A515,AQ,42.115202,13.194798,54.0,-23845.502,769.95
PF01/0036/A515,AQ,42.113526,13.198578,9.0,-24038.2,1078.54
PF02/0036/A515,AQ,42.11122,13.19938,9.0,-24295.66,1139.45
PF03/0036/A515,AQ,42.112011,13.202493,70.0,-24213.192,1398.631
PF06/0036/A515,AQ,42.114659,13.202279,50.0,-23918.814,1387.175
PF10/0036/A515,AQ,42.110608,13.202235,70.0,-24368.596,1374.041
PF12/0036/A515,AQ,42.109457,13.20255,66.0,-24496.969,1397.397
PF15/0036/A515,AQ,42.11203,13.206209,70.0,-24217.613,1705.899
PF18/0036/A515,AQ,42.116099,13.209621,70.0,-23771.727,1997.534
PF21/0036/A515,AQ,42.11197,13.201032,50.0,-24215.294,1277.785
PF01/0037/A515,AQ,42.117342,13.215573,56.0,-23644.006,2492.484
PF03/0037/A515,AQ,42.117941,13.21031,70.0,-23568.328,2058.778
PF04/0037/A515,AQ,42.119415,13.213893,56.0,-23410.933,2358.416
PF09/0037/A515,AQ,42.120465,13.20112,70.0,-23272.119,1304.943
PF11/0037/A515,AQ,42.122155,13.205389,70.0,-23091.895,1661.749
PF13/0037/A515,AQ,42.124652,13.208435,70.0,-22819.965,1919.411
PF19/0037/A515,AQ,42.124712,13.205153,70.0,-22807.566,1648.23
PF20/0037/A515,AQ,42.118317,13.208085,70.0,-23522.709,1875.655
PF22/0037/A515,AQ,42.119947,13.20963,70.0,-23344.379,2007.179
PF02/0038/A515,AQ,42.125144,13.233315,70.0,-22808.152,3977.118
PF08/0038/A515,AQ,42.114727,13.23577,50.0,-23969.026,4156.179
PF09/0038/A515,AQ,42.116812,13.232217,50.0,-23731.424,3867.198
PF10/0038/A515,AQ,42.125995,13.230865,70.0,-22709.437,3776.603
PF13/0038/A515,AQ,42.121543,13.23361,70.0,-23208.472,3993.247
PF19/0038/A515,AQ,42.112818,13.212809,50.0,-24141.547,2253.441
PF20/0038/A515,AQ,42.112136,13.233973,70.0,-24253.668,4001.641
PF21/0038/A515,AQ,42.110845,13.210184,54.0,-24356.044,2031.868
PF22/0038/A515,AQ,42.109875,13.222408,50.0,-24484.905,3040.227
PF23/0038/A515,AQ,42.109586,13.216524,50.0,-24506.879,2553.113
PF24/0038/A515,AQ,42.121403,13.22895,50.0,-23216.022,3607.71
PF25/0038/A515,AQ,42.117034,13.236377,52.0,-23713.95,4211.641
PF26/0038/A515,AQ,42.114659,13.221492,50.0,-23952.089,2975.594
PF27/0038/A515,AQ,42.112492,13.237206,12.0,-24219.6,4269.75
PF01/0039/A515,AQ,42.112449,13.190759,9.0,-24144.1,429.56
PF02/0039/A515,AQ,42.112324,13.194826,9.0,-24165.15,765.53
PF03/0039/A515,AQ,42.103338,13.192944,70.0,-25159.574,588.839
PF05/0039/A515,AQ,42.107839,13.194576,70.0,-24662.649,734.319
PF08/0039/A515,AQ,42.108553,13.19976,56.0,-24592.453,1164.576
PF10/0039/A515,AQ,42.109286,13.190308,56.0,-24494.577,384.846
PF11/0039/A515,AQ,42.108828,13.192533,70.0,-24549.264,567.672
PF12/0039/A515,AQ,42.10662,13.191761,70.0,-24793.103,498.712
PF21/0039/A515,AQ,42.110749,13.193049,70.0,-24336.926,614.887
PF22/0039/A515,AQ,42.107583,13.197911,70.0,-24696.928,1009.494
PF01/0040/A515,AQ,42.104588,13.177522,8.0,-24993.75,-683.48
PF03/0040/A515,AQ,42.100961,13.181454,50.0,-25403.422,-366.935
PF04/0040/A515,AQ,42.10644,13.179051,56.0,-24790.783,-552.693
PF06/0040/A515,AQ,42.106639,13.185984,54.0,-24780.848,21.052
PF07/0040/A515,AQ,42.105406,13.186986,56.0,-24919.501,100.979
PF09/0040/A515,AQ,42.107469,13.190803,56.0,-24697.145,421.495
PF10/0040/A515,AQ,42.106577,13.184813,54.0,-24785.706,-75.927
PF13/0040/A515,AQ,42.109226,13.177772,70.0,-24479.164,-651.794
PF15/0040/A515,AQ,42.103105,13.177018,56.0,-25157.483,-728.689
PF16/0040/A515,AQ,42.105434,13.176603,70.0,-24898.104,-757.488
PF18/0040/A515,AQ,42.104021,13.182915,50.0,-25066.177,-238.854
PF19/0040/A515,AQ,42.102989,13.184033,70.0,-25182.748,-148.862
PF24/0040/A515,AQ,42.102128,13.189487,54.0,-25287.892,300.052
PF27/0040/A515,AQ,42.104599,13.189036,54.0,-25012.732,268.598
PF28/0040/A515,AQ,42.102519,13.189863,70.0,-25245.205,332.099
PF29/0040/A515,AQ,42.098671,13.177374,54.0,-25650.465,-709.758
PF30/0040/A515,AQ,42.102982,13.183899,56.0,-25183.234,-159.941
PF31/0040/A515,AQ,42.107179,13.188855,52.0,-24725.903,259.738
PF32/0040/A515,AQ,42.105925,13.185004,70.0,-24858.389,-61.691
PF01/0041/A515,AQ,42.100449,13.177199,70.0,-25452.785,-719.977
PF04/0041/A515,AQ,42.100976,13.1819,54.0,-25402.503,-329.984
PF09/0041/A515,AQ,42.102991,13.176735,54.0,-25169.612,-752.345
PF11/0041/A515,AQ,42.098812,13.191077,70.0,-25658.923,423.806
PF12/0041/A515,AQ,42.098152,13.183245,70.0,-25718.407,-225.481
PF15/0041/A515,AQ,42.096398,13.18235,70.0,-25911.592,-303.599
PF17/0041/A515,AQ,42.099564,13.179951,70.0,-25555.847,-494.485
PF19/0041/A515,AQ,42.098728,13.18312,70.0,-25654.278,-234.412
PF20/0041/A515,AQ,42.091778,13.191146,70.0,-26440.049,412.905
PF01/0042/A515,AQ,42.106946,13.202066,8.0,-24774.91,1351.52
PF02/0042/A515,AQ,42.099493,13.199988,70.0,-25598.863,1162.29
PF03/0042/A515,AQ,42.109147,13.207428,54.0,-24539.872,1800.012
PF04/0042/A515,AQ,42.104032,13.198492,70.0,-25092.266,1049.206
PF05/0042/A515,AQ,42.098625,13.21821,70.0,-25726.791,2667.13
PF06/0042/A515,AQ,42.099769,13.224373,70.0,-25610.416,3179.397
PF08/0042/A515,AQ,42.097078,13.224438,70.0,-25909.321,3178.589
PF09/0042/A515,AQ,42.109892,13.22708,50.0,-24490.978,3426.55
PF10/0042/A515,AQ,42.103965,13.211605,50.0,-25122.507,2133.324
PF11/0042/A515,AQ,42.10303,13.204386,50.0,-25213.806,1534.22
PF12/0042/A515,AQ,42.105165,13.206915,56.0,-24981.087,1748.286
PF13/0042/A515,AQ,42.099871,13.214903,50.0,-25582.784,2396.565
PF14/0042/A515,AQ,42.101396,13.217851,70.0,-25418.478,2643.835
PF15/0042/A515,AQ,42.095179,13.196654,50.0,-26072.084,876.435
PF16/0042/A515,AQ,42.095897,13.191943,50.0,-25984.053,488.514
PF18/0042/A515,AQ,42.105159,13.217839,50.0,-25000.713,2651.602
PF19/0042/A515,AQ,42.096902,13.197578,50.0,-25882.408,956.895
PF21/0042/A515,AQ,42.096004,13.221396,70.0,-26023.324,2924.521
PF22/0042/A515,AQ,42.107641,13.218081,50.0,-24725.527,2677.308
PF23/0042/A515,AQ,42.105212,13.224011,50.0,-25005.412,3161.991
PF24/0042/A515,AQ,42.105274,13.206877,12.0,-24968.9,1745.4
PF25/0042/A515,AQ,42.09757,13.205601,12.0,-25822.2,1621.95
PF26/0042/A515,AQ,42.095409,13.202819,12.0,-26057.25,1386.8
PF27/0042/A515,AQ,42.096822,13.208802,12.0,-25910.8,1884.9
PF28/0042/A515,AQ,42.095688,13.215124,12.0,-26047.65,2405.06
PF29/0042/A515,AQ,42.103952,13.201377,12.0,-25106.1,1287.55
PF30/0042/A515,AQ,42.093045,13.202898,12.0,-26319.95,1387.84
PF01/0043/A515,AQ,42.103208,13.233539,8.0,-25244.3,3945.29
PF02/0043/A515,AQ,42.102927,13.23247,70.0,-25273.624,3856.218
PF03/0043/A515,AQ,42.092759,13.218381,70.0,-26378.464,2667.652
PF04/0043/A515,AQ,42.092709,13.224599,70.0,-26394.73,3181.767
PF05/0043/A515,AQ,42.08863,13.219252,70.0,-26838.398,2730.129
PF06/0043/A515,AQ,42.093921,13.231964,50.0,-26272.83,3793.646
PF07/0043/A515,AQ,42.089478,13.230744,70.0,-26764.047,3682.572
PF08/0043/A515,AQ,42.089601,13.224941,50.0,-26740.421,3202.932
PF10/0043/A515,AQ,42.096249,13.227882,70.0,-26007.288,3461.435
PF11/0043/A515,AQ,42.10291,13.227741,50.0,-25267.454,3465.18
PF12/0043/A515,AQ,42.098625,13.232792,70.0,-25751.862,3872.983
PF13/0043/A515,AQ,42.110068,13.23132,70.0,-24478.721,3777.574
PF14/0043/A515,AQ,42.087059,13.22812,70.0,-27028.168,3459.989
PF15/0043/A515,AQ,42.087089,13.225115,70.0,-27019.612,3211.528
PF01/0044/A515,AQ,42.094528,13.24622,8.0,-26229.71,4974.08
PF02/0044/A515,AQ,42.089586,13.239384,50.0,-26766.849,4397.395
PF03/0044/A515,AQ,42.089392,13.234654,70.0,-26780.244,4005.771
PF05/0044/A515,AQ,42.094549,13.246663,50.0,-26228.103,5010.774
PF08/0044/A515,AQ,42.100094,13.235725,50.0,-25593.803,4118.88
PF10/0044/A515,AQ,42.10111,13.240057,50.0,-25488.394,4479.452
PF11/0044/A515,AQ,42.098997,13.24629,70.0,-25733.581,4990.049
PF13/0044/A515,AQ,42.096526,13.240302,52.0,-25997.748,4489.235
PF14/0044/A515,AQ,42.089828,13.244197,52.0,-26748.083,4796.052
PF15/0044/A515,AQ,42.091823,13.24071,52.0,-26520.647,4512.213
PF16/0044/A515,AQ,42.092693,13.246104,52.0,-26433.241,4960.282
PF17/0044/A515,AQ,42.094115,13.235771,70.0,-26257.706,4108.987
PF18/0044/A515,AQ,42.100792,13.247034,50.0,-25535.497,5055.614
PF19/0044/A515,AQ,42.092742,13.252642,52.0,-26438.865,5501.072
PF20/0044/A515,AQ,42.107353,13.233903,70.0,-24784.656,3984.87
PF21/0044/A515,AQ,42.096949,13.24866,50.0,-25964.995,5181.327
PF22/0044/A515,AQ,42.09677,13.244685,52.0,-25978.111,4852.259
PF23/0044/A515,AQ,42.088205,13.249774,52.0,-26937.834,5253.585
PF24/0044/A515,AQ,42.096976,13.2525,52.0,-25968.545,5499.019
PF25/0044/A515,AQ,42.103623,13.246074,12.0,-25219.5,4982.7
PF26/0044/A515,AQ,42.10339,13.239215,12.0,-25233.7,4415.0
PF02/0045/A515,AQ,42.089574,13.118377,50.0,-26554.825,-5610.731
PF03/0045/A515,AQ,42.088761,13.127081,50.0,-26660.955,-4892.834
PF04/0045/A515,AQ,42.091808,13.126618,50.0,-26321.715,-4923.767
PF05/0045/A515,AQ,42.092018,13.123408,50.0,-26292.616,-5188.707
PF06/0045/A515,AQ,42.092652,13.115786,52.0,-26208.346,-5817.531
PF07/0045/A515,AQ,42.085564,13.128397,50.0,-27018.234,-4791.767
PF08/0045/A515,AQ,42.090381,13.124881,50.0,-26477.045,-5070.88
PF09/0045/A515,AQ,42.096921,13.122719,12.0,-25746.93,-5233.71
PF01/0046/A515,AQ,42.089624,13.129532,8.0,-26569.57,-4688.08
PF02/0046/A515,AQ,42.090824,13.132536,56.0,-26441.756,-4436.677
PF03/0046/A515,AQ,42.092065,13.13498,56.0,-26308.355,-4231.524
PF04/0046/A515,AQ,42.094389,13.131577,70.0,-26044.162,-4507.32
PF07/0046/A515,AQ,42.095725,13.128463,70.0,-25890.148,-4761.656
PF08/0046/A515,AQ,42.098858,13.125816,70.0,-25537.446,-4972.934
PF01/0047/A515,AQ,42.097313,13.13219,70.0,-25720.572,-4449.548
PF02/0047/A515,AQ,42.1003,13.131279,70.0,-25387.252,-4517.619
PF03/0047/A515,AQ,42.098888,13.129678,70.0,-25541.117,-4653.424
PF01/0048/A515,AQ,42.095596,13.143093,8.0,-25930.88,-3552.04
PF02/0048/A515,AQ,42.094276,13.13495,70.0,-26062.795,-4228.688
PF03/0048/A515,AQ,42.094161,13.138567,52.0,-26082.093,-3929.838
PF04/0048/A515,AQ,42.098743,13.13503,70.0,-25566.912,-4211.243
PF05/0048/A515,AQ,42.090266,13.144786,12.0,-26525.714,-3424.849
PF06/0048/A515,AQ,42.090515,13.148964,12.0,-26505.585,-3078.752
PF02/0049/A515,AQ,42.085896,13.139972,52.0,-27002.325,-3833.59
PF03/0049/A515,AQ,42.088257,13.134747,52.0,-26730.699,-4260.079
PF02/0050/A515,AQ,42.090843,13.138115,70.0,-26449.681,-3975.202
PF03/0050/A515,AQ,42.087511,13.14298,52.0,-26828.4,-3580.938
PF04/0050/A515,AQ,42.081983,13.143318,52.0,-27442.867,-3566.279
PF05/0050/A515,AQ,42.084464,13.143952,52.0,-27168.536,-3507.896
PF06/0050/A515,AQ,42.077752,13.144578,52.0,-27914.902,-3472.242
PF07/0050/A515,AQ,42.081547,13.147073,12.0,-27498.0,-3256.7
PF01/0051/A515,AQ,42.084368,13.220204,8.0,-27313.33,2799.06
PF02/0051/A515,AQ,42.088402,13.147606,12.0,-26737.782,-3196.158
PF01/0052/A515,AQ,42.095519,13.155832,56.0,-25962.203,-2498.688
PF02/0052/A515,AQ,42.098564,13.155142,70.0,-25622.936,-2548.471
PF03/0052/A515,AQ,42.091753,13.156585,56.0,-26381.772,-2445.445
PF04/0052/A515,AQ,42.085848,13.158291,56.0,-27040.441,-2318.474
PF05/0052/A515,AQ,42.095942,13.151992,70.0,-25908.37,-2815.262
PF03/0053/A515,AQ,42.09324,13.166969,70.0,-26235.128,-1583.13
PF07/0053/A515,AQ,42.095554,13.166404,70.0,-25977.217,-1624.337
PF11/0053/A515,AQ,42.090581,13.162458,56.0,-26522.341,-1962.567
PF12/0053/A515,AQ,42.091358,13.168231,70.0,-26446.356,-1483.234
PF13/0053/A515,AQ,42.089144,13.165427,70.0,-26687.191,-1720.439
PF18/0053/A515,AQ,42.094533,13.169007,70.0,-26095.145,-1411.534
PF19/0053/A515,AQ,42.091996,13.164293,70.0,-26368.535,-1807.439
PF22/0053/A515,AQ,42.093426,13.159959,70.0,-26202.016,-2162.442
PF23/0053/A515,AQ,42.091191,13.17174,70.0,-26471.087,-1193.414
PF24/0053/A515,AQ,42.090866,13.166227,70.0,-26497.427,-1650.11
PF25/0053/A515,AQ,42.089472,13.168923,70.0,-26656.934,-1430.446
PF26/0053/A515,AQ,42.090332,13.168799,70.0,-26561.213,-1438.731
PF27/0053/A515,AQ,42.087624,13.159068,70.0,-26844.628,-2250.026
PF28/0053/A515,AQ,42.090093,13.156246,70.0,-26565.48,-2477.502
PF01/0054/A515,AQ,42.088612,13.171842,70.0,-26757.625,-1191.087
PF04/0054/A515,AQ,42.096035,13.174338,70.0,-25937.813,-967.026
PF05/0054/A515,AQ,42.094542,13.17652,54.0,-26107.452,-790.151
PF07/0054/A515,AQ,42.090917,13.178756,54.0,-26513.934,-613.796
PF15/0054/A515,AQ,42.096029,13.170852,52.0,-25932.259,-1255.386
PF16/0054/A515,AQ,42.088181,13.172622,70.0,-26806.865,-1127.656
PF20/0054/A515,AQ,42.080892,13.172156,56.0,-27615.398,-1183.463
PF21/0054/A515,AQ,42.081687,13.174332,70.0,-27530.966,-1001.565
PF22/0054/A515,AQ,42.091812,13.176611,54.0,-26410.791,-789.053
PF23/0054/A515,AQ,42.085597,13.18237,70.0,-27111.026,-327.455
PF24/0054/A515,AQ,42.089807,13.170596,70.0,-26622.713,-1291.322
PF25/0054/A515,AQ,42.096521,13.174686,52.0,-25884.477,-937.127
PF26/0054/A515,AQ,42.095767,13.173645,54.0,-25966.295,-1024.974
PF27/0054/A515,AQ,42.085896,13.177431,70.0,-27069.07,-735.285
PF28/0054/A515,AQ,42.088628,13.180832,56.0,-26771.753,-447.497
PF02/0055/A515,AQ,42.096015,13.181921,70.0,-25953.412,-340.033
PF09/0055/A515,AQ,42.089031,13.183545,54.0,-26731.791,-222.152
PF11/0055/A515,AQ,42.087184,13.186909,54.0,-26942.766,51.688
PF12/0055/A515,AQ,42.088188,13.190195,70.0,-26837.006,325.881
PF13/0055/A515,AQ,42.095331,13.178105,70.0,-26022.61,-657.168
PF14/0055/A515,AQ,42.090103,13.181506,56.0,-26609.188,-388.3
PF15/0055/A515,AQ,42.083957,13.187638,70.0,-27302.324,104.409
PF16/0055/A515,AQ,42.094558,13.184333,70.0,-26119.435,-143.943
PF01/0056/A515,AQ,42.079736,13.1432,8.0,-27692.18,-3581.5
PF02/0056/A515,AQ,42.079186,13.133267,50.0,-27735.333,-4404.448
PF03/0056/A515,AQ,42.075613,13.13749,50.0,-28139.621,-4063.731
PF04/0056/A515,AQ,42.079765,13.142692,52.0,-27687.952,-3623.41
PF01/0057/A515,AQ,42.080916,13.161459,9.0,-27593.75,-2068.27
PF01/0058/A515,AQ,42.087487,13.165024,54.0,-26870.456,-1757.688
PF02/0058/A515,AQ,42.079897,13.169759,9.0,-27721.65,-1384.1
PF03/0058/A515,AQ,42.0851,13.164991,8.0,-27135.423,-1766.107
PF04/0058/A515,AQ,42.087168,13.171475,54.0,-26917.344,-1224.929
PF07/0058/A515,AQ,42.08023,13.16437,9.0,-27675.14,-1829.07
PF08/0058/A515,AQ,42.086735,13.169085,70.0,-26961.126,-1423.596
PF13/0058/A515,AQ,42.085093,13.161748,54.0,-27130.44,-2034.381
PF14/0058/A515,AQ,42.082923,13.164857,70.0,-27376.918,-1782.356
PF15/0058/A515,AQ,42.081643,13.164025,70.0,-27517.56,-1854.298
PF16/0058/A515,AQ,42.080671,13.169223,70.0,-27634.739,-1426.623
PF17/0058/A515,AQ,42.078747,13.167246,70.0,-27844.897,-1594.725
PF01/0059/A515,AQ,42.068609,13.171139,56.0,-28977.437,-1296.804
PF02/0059/A515,AQ,42.066535,13.170554,54.0,-29206.754,-1350.111
PF03/0059/A515,AQ,42.071502,13.169083,70.0,-28652.598,-1459.996
PF04/0059/A515,AQ,42.068952,13.167226,54.0,-28932.507,-1619.743
PF05/0059/A515,AQ,42.071797,13.16541,70.0,-28613.318,-1763.198
PF06/0059/A515,AQ,42.066319,13.172674,52.0,-29234.479,-1175.189
PF07/0059/A515,AQ,42.066802,13.164429,6.0,-29166.29,-1856.26
PF01/0060/A515,AQ,42.069915,13.176952,56.0,-28842.781,-812.795
PF02/0060/A515,AQ,42.071953,13.175754,56.0,-28614.39,-907.066
PF04/0060/A515,AQ,42.074007,13.174398,70.0,-28383.843,-1014.347
PF05/0060/A515,AQ,42.070946,13.173936,70.0,-28722.889,-1059.845
PF09/0060/A515,AQ,42.078459,13.172151,9.0,-27885.61,-1189.64
PF10/0060/A515,AQ,42.080054,13.17438,9.0,-27712.42,-1001.47
PF11/0060/A515,AQ,42.078192,13.169594,9.0,-27910.68,-1401.8
PF13/0060/A515,AQ,42.077793,13.1723,9.0,-27959.72,-1178.94
PF14/0060/A515,AQ,42.074839,13.172029,56.0,-28287.307,-1208.396
PF18/0060/A515,AQ,42.075284,13.176157,56.0,-28245.15,-865.773
PF19/0060/A515,AQ,42.078467,13.17471,9.0,-27889.22,-977.98
PF20/0060/A515,AQ,42.074355,13.168072,70.0,-28333.99,-1536.884
PF06/0061/A515,AQ,42.077965,13.187627,70.0,-27967.647,89.335
PF09/0061/A515,AQ,42.080196,13.184779,70.0,-27714.992,-140.966
PF10/0061/A515,AQ,42.082869,13.182502,54.0,-27414.1,-323.021
PF12/0061/A515,AQ,42.080893,13.178347,70.0,-27626.231,-671.399
PF16/0061/A515,AQ,42.074023,13.186022,54.0,-28402.557,-52.699
PF17/0061/A515,AQ,42.070619,13.169476,54.0,-28751.329,-1429.622
PF18/0061/A515,AQ,42.074631,13.18111,70.0,-28326.39,-457.572
PF19/0061/A515,AQ,42.071477,13.178783,56.0,-28672.563,-657.59
PF21/0061/A515,AQ,42.072479,13.176725,56.0,-28557.668,-825.447
PF24/0061/A515,AQ,42.078929,13.180866,70.0,-27848.721,-467.657
PF28/0061/A515,AQ,42.07786,13.184678,8.0,-27974.2,-154.86
PF29/0061/A515,AQ,42.0825,13.183516,70.0,-27456.881,-239.954
PF30/0061/A515,AQ,42.076062,13.179227,56.0,-28164.203,-610.028
PF32/0061/A515,AQ,42.078,13.1811,70.0,-27952.348,-450.44
PF33/0061/A515,AQ,42.073603,13.182077,52.0,-28442.233,-380.077
PF34/0061/A515,AQ,42.072501,13.182591,56.0,-28565.559,-340.144
PF01/0062/A515,AQ,42.087149,13.212547,8.0,-26991.3,2172.12
PF04/0062/A515,AQ,42.089258,13.211639,52.0,-26755.514,2101.958
PF06/0062/A515,AQ,42.087243,13.207314,70.0,-26971.773,1739.499
PF11/0062/A515,AQ,42.067924,13.20405,56.0,-29111.247,1424.506
PF15/0062/A515,AQ,42.087317,13.200974,70.0,-26952.545,1215.366
PF16/0062/A515,AQ,42.090126,13.197716,70.0,-26634.997,952.459
PF17/0062/A515,AQ,42.066236,13.21333,56.0,-29314.822,2188.317
PF19/0062/A515,AQ,42.065964,13.205397,56.0,-29331.211,1531.389
PF21/0062/A515,AQ,42.066387,13.216405,56.0,-29303.408,2443.149
PF22/0062/A515,AQ,42.068415,13.215969,52.0,-29077.456,2411.789
PF23/0062/A515,AQ,42.068079,13.212082,52.0,-29107.994,2089.363
PF24/0062/A515,AQ,42.06862,13.207966,56.0,-29040.801,1750.113
PF26/0062/A515,AQ,42.072467,13.206983,56.0,-28611.964,1677.77
PF27/0062/A515,AQ,42.075601,13.204235,56.0,-28259.19,1457.745
PF28/0062/A515,AQ,42.072425,13.200709,56.0,-28605.722,1158.561
PF29/0062/A515,AQ,42.071925,13.213669,52.0,-28683.748,2229.631
PF33/0062/A515,AQ,42.087908,13.197913,70.0,-26881.663,963.57
PF34/0062/A515,AQ,42.090969,13.209427,50.0,-26561.772,1923.006
PF35/0062/A515,AQ,42.091173,13.215487,54.0,-26549.6,2424.624
PF37/0062/A515,AQ,42.076929,13.198182,50.0,-28101.141,960.092
PF38/0062/A515,AQ,42.086847,13.196596,70.0,-26997.08,852.143
PF45/0062/A515,AQ,42.081535,13.200698,12.0,-27594.064,1179.002
PF46/0062/A515,AQ,42.067763,13.199952,4.0,-29122.0,1085.06
PF48/0062/A515,AQ,42.082965,13.210718,70.0,-27452.704,2011.147
PF50/0062/A515,AQ,42.084005,13.200443,70.0,-27319.394,1163.626
PF51/0062/A515,AQ,42.077298,13.21312,70.0,-28086.19,2196.623
PF52/0062/A515,AQ,42.074635,13.21343,70.0,-28382.409,2216.121
PF53/0062/A515,AQ,42.076319,13.207131,70.0,-28184.501,1698.955
PF54/0062/A515,AQ,42.083191,13.215749,70.0,-27436.345,2427.799
PF55/0062/A515,AQ,42.080647,13.211979,70.0,-27712.316,2110.042
PF56/0062/A515,AQ,42.082866,13.204302,70.0,-27452.638,1480.231
PF57/0062/A515,AQ,42.085496,13.204933,70.0,-27161.633,1538.494
PF58/0062/A515,AQ,42.065763,13.199987,12.0,-29344.147,1083.318
PF03/0063/A515,AQ,42.076791,13.236115,70.0,-28182.003,4097.695
PF04/0063/A515,AQ,42.091902,13.242776,52.0,-26515.401,4683.214
PF05/0063/A515,AQ,42.082548,13.243635,70.0,-27555.556,4732.935
PF06/0063/A515,AQ,42.077434,13.241725,70.0,-28120.153,4563.234
PF07/0063/A515,AQ,42.080081,13.246512,70.0,-27834.389,4965.321
PF08/0063/A515,AQ,42.084409,13.24708,70.0,-27354.719,5022.13
PF11/0063/A515,AQ,42.068375,13.218193,54.0,-29085.712,2595.697
PF13/0063/A515,AQ,42.085413,13.234856,70.0,-27222.419,4013.355
PF16/0063/A515,AQ,42.085237,13.242391,50.0,-27254.797,4636.139
PF17/0063/A515,AQ,42.085827,13.249169,50.0,-27200.864,5198.168
PF18/0063/A515,AQ,42.085219,13.242475,52.0,-27256.972,4643.091
PF19/0063/A515,AQ,42.086932,13.240795,52.0,-27063.936,4508.041
PF22/0063/A515,AQ,42.079079,13.231243,70.0,-27919.57,3699.949
PF24/0063/A515,AQ,42.083272,13.231082,70.0,-27453.744,3696.262
PF25/0063/A515,AQ,42.085192,13.241773,50.0,-27258.767,4584.991
PF26/0063/A515,AQ,42.069671,13.222869,56.0,-28949.906,2985.555
PF27/0063/A515,AQ,42.073564,13.219394,52.0,-28511.643,2706.991
PF30/0063/A515,AQ,42.085433,13.250575,52.0,-27246.917,5313.571
PF31/0063/A515,AQ,42.0687,13.227453,54.0,-29065.579,3362.518
PF32/0063/A515,AQ,42.088212,13.246459,52.0,-26931.405,4979.448
PF33/0063/A515,AQ,42.085241,13.247755,52.0,-27263.503,5079.877
PF34/0063/A515,AQ,42.08161,13.243921,52.0,-27660.134,4754.466
PF35/0063/A515,AQ,42.088688,13.235742,52.0,-26860.359,4094.167
PF36/0063/A515,AQ,42.083514,13.225265,50.0,-27416.844,3215.703
PF37/0063/A515,AQ,42.079762,13.229112,70.0,-27840.099,3525.273
PF38/0063/A515,AQ,42.086807,13.225121,50.0,-27050.978,3211.388
PF39/0063/A515,AQ,42.084475,13.228392,50.0,-27315.569,3476.549
PF40/0063/A515,AQ,42.080658,13.216027,70.0,-27718.082,2444.898
PF41/0063/A515,AQ,42.076688,13.21644,70.0,-28159.61,2469.898
PF42/0063/A515,AQ,42.079658,13.219008,70.0,-27834.249,2689.217
PF43/0063/A515,AQ,42.077664,13.222066,70.0,-28060.977,2937.585
PF44/0063/A515,AQ,42.08103,13.225217,70.0,-27692.59,3205.928
PF45/0063/A515,AQ,42.073353,13.225863,70.0,-28546.181,3241.695
PF46/0063/A515,AQ,42.075913,13.228119,70.0,-28265.797,3434.215
PF47/0063/A515,AQ,42.07938,13.232987,70.0,-27889.126,3844.879
PF48/0063/A515,AQ,42.08165,13.236185,70.0,-27642.601,4114.631
PF49/0063/A515,AQ,42.076538,13.233623,70.0,-28205.814,3890.96
PF50/0063/A515,AQ,42.076583,13.232027,70.0,-28198.117,3759.034
PF51/0063/A515,AQ,42.073214,13.23145,70.0,-28571.144,3703.581
PF52/0063/A515,AQ,42.074067,13.237329,70.0,-28486.476,4191.866
PF53/0063/A515,AQ,42.082019,13.248516,70.0,-27622.548,5135.438
PF01/0064/A515,AQ,42.068888,13.178282,56.0,-28959.112,-705.152
PF02/0064/A515,AQ,42.066835,13.179327,56.0,-29188.953,-623.535
PF04/0064/A515,AQ,42.065098,13.177268,56.0,-29378.228,-797.982
PF05/0064/A515,AQ,42.067372,13.184385,56.0,-29138.265,-203.769
PF06/0064/A515,AQ,42.066322,13.187377,54.0,-29260.042,41.313
PF07/0064/A515,AQ,42.068504,13.186845,56.0,-29016.859,2.357
PF08/0064/A515,AQ,42.063022,13.179978,56.0,-29613.516,-578.703
PF13/0064/A515,AQ,42.064592,13.183309,56.0,-29444.949,-299.394
PF14/0064/A515,AQ,42.068249,13.174989,54.0,-29024.33,-979.07
PF15/0064/A515,AQ,42.064567,13.186303,54.0,-29453.047,-51.688
PF16/0064/A515,AQ,42.062633,13.185026,50.0,-29665.499,-161.904
PF17/0064/A515,AQ,42.061038,13.188253,52.0,-29848.331,101.304
PF19/0064/A515,AQ,42.062221,13.185805,56.0,-29712.678,-98.494
PF20/0064/A515,AQ,42.069238,13.181825,56.0,-28926.552,-411.193
PF21/0064/A515,AQ,42.071475,13.18706,56.0,-28687.338,27.207
PF22/0064/A515,AQ,42.068416,13.174308,56.0,-29004.552,-1035.068
PF01/0065/A515,AQ,42.060138,13.172982,8.0,-29921.39,-1164.45
PF02/0065/A515,AQ,42.061622,13.177183,52.0,-29763.996,-813.321
PF03/0065/A515,AQ,42.060227,13.184337,54.0,-29931.458,-224.592
PF01/0067/A515,AQ,42.137999,13.20745,50.0,-21336.199,1869.051
PF01/0068/A515,AQ,42.13582,13.222269,70.0,-21603.687,3088.72
PF02/0068/A515,AQ,42.138316,13.228856,70.0,-21337.928,3638.877
PF03/0068/A515,AQ,42.136675,13.225817,70.0,-21514.931,3383.94
PF04/0068/A515,AQ,42.135752,13.218104,52.0,-21604.164,2744.334
PF05/0068/A515,AQ,42.137402,13.219778,52.0,-21423.766,2886.576
PF01/0069/A515,AQ,42.143538,13.238825,50.0,-20775.148,4474.726
PF03/0069/A515,AQ,42.140747,13.232739,12.0,-21074.599,3965.36
PF04/0069/A515,AQ,42.143392,13.23297,12.0,-20781.356,3990.525
PF01/0070/A515,AQ,42.141182,13.236984,52.0,-21033.542,4317.175
PF02/0070/A515,AQ,42.143724,13.239504,70.0,-20755.56,4531.239
PF01/0071/A515,AQ,42.13081,13.214414,7.0,-22146.48,2427.9
PF02/0071/A515,AQ,42.128571,13.21009,9.0,-22387.66,2065.28
PF08/0071/A515,AQ,42.130985,13.209173,70.0,-22117.998,1995.171
PF13/0071/A515,AQ,42.136338,13.215912,50.0,-21535.214,2564.584
PF21/0071/A515,AQ,42.128616,13.218992,70.0,-22397.968,2801.191
PF22/0071/A515,AQ,42.127796,13.214423,50.0,-22481.205,2421.668
PF23/0071/A515,AQ,42.13656,13.211051,50.0,-21502.167,2163.357
PF24/0071/A515,AQ,42.13271,13.212843,52.0,-21932.838,2302.465
PF25/0071/A515,AQ,42.134622,13.213977,50.0,-21722.473,2400.681
PF26/0071/A515,AQ,42.127837,13.221277,70.0,-22488.413,2988.307
PF01/0072/A515,AQ,42.132345,13.216848,52.0,-21980.22,2632.672
PF02/0072/A515,AQ,42.133941,13.21965,70.0,-21807.891,2867.95
PF03/0072/A515,AQ,42.133678,13.21632,70.0,-21831.312,2592.148
PF01/0073/A515,AQ,42.120096,13.215794,50.0,-23338.604,2517.138
PF02/0073/A515,AQ,42.117944,13.214983,50.0,-23576.127,2445.057
PF03/0073/A515,AQ,42.120971,13.213958,70.0,-23238.255,2367.391
PF06/0073/A515,AQ,42.125131,13.214922,56.0,-22777.943,2456.699
PF10/0073/A515,AQ,42.126866,13.211167,56.0,-22578.794,2150.333
PF18/0073/A515,AQ,42.126256,13.221148,56.0,-22663.81,2973.972
PF19/0073/A515,AQ,42.125755,13.217278,56.0,-22712.796,2652.888
PF20/0073/A515,AQ,42.122295,13.211833,70.0,-23087.494,2194.825
PF21/0073/A515,AQ,42.117977,13.221018,50.0,-23582.802,2944.055
PF01/0074/A515,AQ,42.1326,13.221456,70.0,-21959.891,3014.116
PF17/0074/A515,AQ,42.129449,13.225041,70.0,-22315.958,3303.155
PF18/0074/A515,AQ,42.127013,13.226986,70.0,-22589.738,3458.28
PF19/0074/A515,AQ,42.133518,13.224073,70.0,-21862.49,3232.551
PF20/0074/A515,AQ,42.130898,13.222436,70.0,-22150.506,3091.129
PF01/0075/A515,AQ,42.136642,13.236166,54.0,-21536.288,4239.136
PF02/0075/A515,AQ,42.13062,13.237492,7.0,-22207.19,4334.96
PF03/0075/A515,AQ,42.126912,13.23979,56.0,-22622.872,4516.448
PF04/0075/A515,AQ,42.127326,13.236339,70.0,-22571.004,4232.102
PF09/0075/A515,AQ,42.136033,13.230482,70.0,-21594.136,3768.033
PF10/0075/A515,AQ,42.132438,13.233997,70.0,-21999.396,4050.262
PF13/0075/A515,AQ,42.128775,13.232306,52.0,-22403.287,3902.047
PF15/0075/A515,AQ,42.134115,13.226767,70.0,-21800.745,3456.588
PF16/0075/A515,AQ,42.132166,13.22644,56.0,-22016.658,3425.074
PF18/0075/A515,AQ,42.127394,13.228488,56.0,-22549.981,3583.296
PF19/0075/A515,AQ,42.129047,13.227548,56.0,-22364.88,3509.455
PF27/0075/A515,AQ,42.130526,13.23062,56.0,-22205.928,3766.744
PF28/0075/A515,AQ,42.130047,13.234381,70.0,-22265.557,4076.478
PF29/0075/A515,AQ,42.128704,13.232611,70.0,-22411.635,3927.084
PF30/0075/A515,AQ,42.133554,13.234071,70.0,-21875.562,4058.956
PF01/0076/A515,AQ,42.133502,13.239703,70.0,-21890.956,4524.346
PF02/0076/A515,AQ,42.131276,13.239976,54.0,-22138.571,4541.741
PF03/0076/A515,AQ,42.134472,13.242178,54.0,-21787.52,4731.056
PF04/0076/A515,AQ,42.132736,13.243917,70.0,-21983.246,4870.807
PF05/0076/A515,AQ,42.129833,13.243553,70.0,-22304.985,4834.161
PF06/0076/A515,AQ,42.136767,13.240307,70.0,-21529.462,4581.717
PF07/0076/A515,AQ,42.128095,13.247208,70.0,-22504.12,5132.242
PF01/0077/A515,AQ,42.122625,13.24339,56.0,-23104.979,4804.218
PF02/0077/A515,AQ,42.120384,13.245038,56.0,-23356.689,4935.293
PF03/0077/A515,AQ,42.120835,13.239336,56.0,-23296.918,4464.975
PF04/0077/A515,AQ,42.113926,13.244628,70.0,-24073.083,4886.66
PF05/0077/A515,AQ,42.111577,13.244865,70.0,-24334.299,4900.902
PF07/0077/A515,AQ,42.110517,13.242728,50.0,-24448.352,4721.776
PF08/0077/A515,AQ,42.124363,13.240771,70.0,-22907.563,4591.639
PF10/0077/A515,AQ,42.108969,13.249808,70.0,-24632.255,5303.629
PF12/0077/A515,AQ,42.124807,13.250993,70.0,-22875.635,5437.606
PF13/0077/A515,AQ,42.125417,13.246872,56.0,-22800.959,5098.391
PF14/0077/A515,AQ,42.107654,13.252083,52.0,-24782.127,5488.778
PF15/0077/A515,AQ,42.118582,13.241968,50.0,-23551.582,4677.369
PF17/0077/A515,AQ,42.106771,13.241094,70.0,-24861.512,4578.12
PF18/0077/A515,AQ,42.105272,13.243864,50.0,-25032.739,4803.743
PF19/0077/A515,AQ,42.111382,13.248985,70.0,-24362.897,5241.104
PF21/0077/A515,AQ,42.121212,13.251036,54.0,-23274.853,5433.045
PF22/0077/A515,AQ,42.108871,13.247948,50.0,-24639.963,5149.633
PF23/0077/A515,AQ,42.117083,13.245358,12.0,-23723.7,4954.2
PF24/0077/A515,AQ,42.10833,13.248026,12.0,-24700.21,5154.85
PF25/0077/A515,AQ,42.112605,13.240437,12.0,-24212.563,4537.138
PF01/0078/A515,AQ,42.16208,13.17624,54.0,-18607.595,-653.095
PF02/0078/A515,AQ,42.163881,13.18425,54.0,-18421.724,12.856
PF03/0078/A515,AQ,42.167225,13.176118,50.0,-18036.037,-650.96
PF04/0079/A515,AQ,42.163417,13.187739,54.0,-18479.388,300.059
PF05/0079/A515,AQ,42.168251,13.195097,52.0,-17955.461,919.234
PF06/0079/A515,AQ,42.165801,13.19545,52.0,-18228.206,942.598
PF01/0080/A515,AQ,42.168894,13.200044,52.0,-17892.753,1329.359
PF01/0081/A515,AQ,42.159532,13.193937,8.0,-18921.57,802.93
PF03/0081/A515,AQ,42.159171,13.190808,52.0,-18956.252,543.587
PF04/0081/A515,AQ,42.16109,13.183075,54.0,-18729.598,-90.741
PF05/0081/A515,AQ,42.161331,13.190404,54.0,-18715.634,515.284
PF06/0081/A515,AQ,42.163334,13.193513,70.0,-18498.697,776.797
PF08/0081/A515,AQ,42.156774,13.193738,12.0,-19227.5,780.0
PF09/0081/A515,AQ,42.159901,13.186479,12.0,-18867.61,187.66
PF01/0082/A515,AQ,42.15948,13.177243,9.0,-18898.03,-576.4
PF02/0082/A515,AQ,42.15248,13.174722,8.0,-19670.94,-801.33
PF04/0082/A515,AQ,42.158506,13.181719,54.0,-19014.057,-208.937
PF05/0082/A515,AQ,42.15566,13.173859,70.0,-19316.258,-865.029
PF08/0082/A515,AQ,42.158501,13.181728,54.0,-19014.645,-208.181
PF09/0082/A515,AQ,42.164754,13.137815,54.0,-18242.152,-3820.982
PF10/0082/A515,AQ,42.156022,13.177905,12.0,-19283.25,-529.9
PF11/0082/A515,AQ,42.160108,13.172699,12.0,-18820.25,-950.29
PF01/0083/A515,AQ,42.158927,13.197507,52.0,-18995.052,1096.414
PF03/0083/A515,AQ,42.158006,13.199717,50.0,-19101.189,1276.894
PF04/0083/A515,AQ,42.157806,13.20333,50.0,-19129.602,1574.922
PF05/0083/A515,AQ,42.159678,13.205562,50.0,-18925.709,1763.627
PF06/0083/A515,AQ,42.161326,13.198035,52.0,-18729.605,1145.654
PF01/0084/A515,AQ,42.167774,13.206597,8.0,-18028.53,1868.08
PF02/0084/A515,AQ,42.149924,13.218029,6.0,-20030.34,2771.0
PF01/0085/A515,AQ,42.149056,13.179901,12.0,-20060.204,-381.474
PF02/0085/A515,AQ,42.146653,13.181287,12.0,-20329.479,-272.684
PF03/0085/A515,AQ,42.144779,13.175684,12.0,-20527.721,-740.119
PF04/0085/A515,AQ,42.149671,13.186725,12.0,-20003.967,183.839
PF05/0085/A515,AQ,42.15241,13.178987,12.0,-19686.203,-449.092
PF04/0086/A515,AQ,42.148039,13.140401,54.0,-20102.785,-3647.828
PF03/0087/A515,AQ,42.141094,13.145183,70.0,-20882.614,-3269.435
PF05/0087/A515,AQ,42.146452,13.139997,68.0,-20278.243,-3685.063
PF06/0087/A515,AQ,42.140656,13.139512,52.0,-20921.001,-3739.139
PF07/0087/A515,AQ,42.143039,13.143628,56.0,-20663.797,-3393.265
PF08/0087/A515,AQ,42.137646,13.136923,9.0,-21250.61,-3960.422
PF09/0087/A515,AQ,42.140997,13.143669,9.0,-20890.646,-3394.826
PF11/0087/A515,AQ,42.137467,13.143258,70.0,-21281.853,-3437.262
PF12/0087/A515,AQ,42.140463,13.138399,12.0,-20940.42,-3831.59
PF13/0087/A515,AQ,42.142016,13.135475,56.0,-20762.654,-4069.516
PF14/0087/A515,AQ,42.13576,13.138998,56.0,-21463.711,-3793.542
PF15/0087/A515,AQ,42.143415,13.138135,12.0,-20612.1,-3846.3
PF01/0088/A515,AQ,42.141094,13.147773,8.0,-20887.24,-3055.45
PF02/0088/A515,AQ,42.13947,13.150425,70.0,-21072.296,-2840.158
PF03/0088/A515,AQ,42.141091,13.147717,70.0,-20887.402,-3060.027
PF01/0089/A515,AQ,42.143071,13.149515,54.0,-20670.825,-2906.671
PF02/0089/A515,AQ,42.143616,13.153607,50.0,-20617.597,-2567.261
PF03/0089/A515,AQ,42.145348,13.155708,12.0,-20429.062,-2389.487
PF01/0090/A515,AQ,42.137671,13.15314,70.0,-21276.959,-2620.109
PF02/0090/A515,AQ,42.136047,13.156213,70.0,-21462.718,-2370.032
PF03/0090/A515,AQ,42.135832,13.150496,70.0,-21476.425,-2843.042
PF04/0090/A515,AQ,42.13726,13.148012,68.0,-21313.307,-3044.916
PF05/0090/A515,AQ,42.133523,13.157927,70.0,-21746.041,-2234.394
PF06/0090/A515,AQ,42.133432,13.160337,54.0,-21760.402,-2035.485
PF07/0090/A515,AQ,42.133031,13.149172,56.0,-21785.028,-2959.249
PF08/0090/A515,AQ,42.139849,13.158685,56.0,-21044.965,-2156.651
PF09/0090/A515,AQ,42.141481,13.153526,54.0,-20854.575,-2579.049
PF10/0090/A515,AQ,42.139458,13.155746,70.0,-21083.145,-2400.441
PF03/0091/A515,AQ,42.129767,13.139445,56.0,-22130.013,-3771.039
PF04/0091/A515,AQ,42.131411,13.150022,9.0,-21966.449,-2892.835
PF05/0091/A515,AQ,42.130383,13.148058,9.0,-22077.056,-3057.695
PF06/0091/A515,AQ,42.132682,13.140011,56.0,-21807.352,-3717.255
PF07/0091/A515,AQ,42.132656,13.14413,56.0,-21817.583,-3376.874
PF08/0091/A515,AQ,42.126992,13.148901,70.0,-22455.075,-2996.15
PF09/0091/A515,AQ,42.133009,13.14646,70.0,-21782.634,-3183.394
PF10/0091/A515,AQ,42.134304,13.142892,70.0,-21632.444,-3475.218
PF01/0092/A515,AQ,42.12518,13.149998,70.0,-22658.324,-2909.88
PF03/0092/A515,AQ,42.131588,13.156463,54.0,-21958.28,-2360.038
PF04/0092/A515,AQ,42.132487,13.155465,56.0,-21856.634,-2440.418
PF05/0092/A515,AQ,42.128166,13.151917,70.0,-22330.166,-2744.01
PF06/0092/A515,AQ,42.12848,13.155394,68.0,-22301.451,-2455.922
PF07/0092/A515,AQ,42.125048,13.152605,70.0,-22677.619,-2694.672
PF09/0092/A515,AQ,42.1304,13.159577,9.0,-22095.81,-2105.531
PF11/0092/A515,AQ,42.13047,13.152827,56.0,-22075.985,-2663.282
PF02/0093/A515,AQ,42.134913,13.164549,54.0,-21603.521,-1683.776
PF03/0093/A515,AQ,42.134143,13.169052,70.0,-21697.033,-1313.51
PF05/0093/A515,AQ,42.130673,13.173778,70.0,-22090.607,-931.124
PF06/0093/A515,AQ,42.131576,13.166442,70.0,-21977.352,-1535.334
PF07/0093/A515,AQ,42.131218,13.169877,56.0,-22023.226,-1252.234
PF08/0093/A515,AQ,42.136057,13.171207,70.0,-21488.239,-1130.78
PF09/0093/A515,AQ,42.132362,13.163365,9.0,-21884.649,-1787.794
PF10/0093/A515,AQ,42.131106,13.17089,9.0,-22037.431,-1168.777
PF01/0094/A515,AQ,42.138495,13.169943,8.0,-21215.35,-1229.5
PF04/0094/A515,AQ,42.140669,13.176783,56.0,-20986.049,-659.025
PF05/0094/A515,AQ,42.137724,13.166553,70.0,-21294.892,-1511.499
PF06/0094/A515,AQ,42.137266,13.160976,68.0,-21335.872,-1973.44
PF07/0094/A515,AQ,42.142193,13.164519,70.0,-20795.054,-1668.902
PF09/0094/A515,AQ,42.145845,13.16409,52.0,-20388.789,-1695.633
PF12/0094/A515,AQ,42.143744,13.166769,52.0,-20626.819,-1479.277
PF13/0094/A515,AQ,42.139898,13.161123,52.0,-21043.861,-1955.024
PF19/0094/A515,AQ,42.140494,13.167559,12.0,-20989.14,-1421.7
PF20/0094/A515,AQ,42.142395,13.173491,12.0,-20788.5,-927.0
PF01/0095/A515,AQ,42.129444,13.168269,56.0,-22217.396,-1389.413
PF02/0095/A515,AQ,42.128644,13.161612,68.0,-22294.423,-1941.551
PF04/0095/A515,AQ,42.130359,13.162278,9.0,-22105.13,-1882.399
PF12/0095/A515,AQ,42.125247,13.16148,9.0,-22671.385,-1960.579
PF01/0001/A603,AQ,41.911635,13.331158,8.0,-46678.09,11602.46
PF02/0001/A603,AQ,41.914341,13.342359,8.0,-46395.63,12537.23
PF03/0001/A603,AQ,41.921479,13.329494,8.0,-45582.41,11485.79
PF02/0002/A603,AQ,41.903429,13.310273,70.0,-47555.378,9852.377
PF03/0002/A603,AQ,41.906819,13.308567,70.0,-47176.091,9718.24
PF04/0002/A603,AQ,41.901129,13.307264,70.0,-47805.763,9597.713
PF05/0002/A603,AQ,41.909655,13.308748,70.0,-46861.482,9739.506
PF01/0003/A603,AQ,41.906629,13.315585,8.0,-47208.73,10300.0
PF02/0003/A603,AQ,41.900133,13.310927,50.0,-47922.353,9899.386
PF03/0003/A603,AQ,41.904603,13.31276,70.0,-47428.982,10061.188
PF04/0003/A603,AQ,41.902717,13.31497,52.0,-47642.07,10240.413
PF05/0003/A603,AQ,41.896301,13.312785,56.0,-48350.884,10045.135
PF06/0003/A603,AQ,41.900223,13.311342,70.0,-47913.072,9933.985
PF07/0003/A603,AQ,41.899144,13.313939,50.0,-48037.106,10147.12
PF01/0004/A603,AQ,41.900431,13.343345,8.0,-47941.74,12589.21
PF02/0004/A603,AQ,41.901865,13.351072,8.0,-47794.84,13233.22
PF01/0005/A603,AQ,41.8923,13.356032,8.0,-48864.75,13624.3
PF02/0005/A603,AQ,41.903672,13.364231,7.0,-47615.17,14328.58
PF03/0005/A603,AQ,41.897614,13.382198,8.0,-48316.02,15806.19
PF01/0006/A603,AQ,41.898485,13.305397,8.0,-48096.27,9437.06
PF03/0006/A603,AQ,41.896642,13.299297,54.0,-48290.943,8926.985
PF05/0006/A603,AQ,41.898948,13.300729,54.0,-48037.266,9050.816
PF07/0006/A603,AQ,41.899896,13.295975,54.0,-47924.15,8658.566
PF08/0006/A603,AQ,41.902555,13.302106,12.0,-47639.0,9173.0
PF09/0006/A603,AQ,41.901859,13.304969,12.0,-47721.0,9409.0
PF10/0006/A603,AQ,41.894256,13.301274,56.0,-48559.063,9085.776
PF11/0006/A603,AQ,41.893593,13.305866,56.0,-48640.281,9465.203
PF01/0007/A603,AQ,41.89264,13.319614,8.0,-48768.54,10603.67
PF02/0007/A603,AQ,41.900354,13.32418,7.0,-47919.38,10999.21
PF03/0007/A603,AQ,41.894724,13.320519,70.0,-48538.538,10683.334
PF04/0007/A603,AQ,41.89117,13.322517,70.0,-48936.44,10841.334
PF05/0007/A603,AQ,41.889072,13.31996,70.0,-49165.195,10624.631
PF06/0007/A603,AQ,41.890091,13.3253,50.0,-49060.767,11069.892
PF07/0007/A603,AQ,41.891297,13.32754,50.0,-48930.429,11258.396
PF08/0007/A603,AQ,41.893801,13.32778,60.0,-48652.774,11283.653
PF01/0008/A603,AQ,41.884646,13.30574,8.0,-49633.43,9435.12
PF02/0008/A603,AQ,41.888521,13.309479,70.0,-49209.306,9753.887
PF03/0008/A603,AQ,41.888656,13.305611,70.0,-49187.952,9433.225
PF05/0008/A603,AQ,41.893382,13.309837,70.0,-48670.215,9794.179
PF07/0008/A603,AQ,41.895846,13.309223,56.0,-48395.623,9748.685
PF09/0008/A603,AQ,41.886672,13.307112,70.0,-49410.727,9553.427
PF10/0008/A603,AQ,41.892735,13.313662,56.0,-48748.212,10110.094
PF11/0008/A603,AQ,41.890859,13.310972,56.0,-48952.221,9882.883
PF12/0008/A603,AQ,41.891973,13.307271,56.0,-48822.414,9578.264
PF13/0008/A603,AQ,41.886952,13.30365,70.0,-49374.041,9266.792
PF14/0008/A603,AQ,41.898039,13.307816,56.0,-48149.767,9636.71
PF15/0008/A603,AQ,41.884527,13.305776,70.0,-49646.719,9437.907
PF16/0008/A603,AQ,41.89093,13.303945,56.0,-48932.813,9299.98
PF01/0009/A603,AQ,41.887088,13.32069,52.0,-49386.695,10680.874
PF02/0009/A603,AQ,41.885119,13.313531,56.0,-49593.696,10082.653
PF04/0009/A603,AQ,41.885449,13.316537,70.0,-49561.947,10332.804
PF05/0009/A603,AQ,41.884191,13.312991,56.0,-49695.807,10035.809
PF08/0009/A603,AQ,41.886773,13.31198,70.0,-49407.485,9957.533
PF11/0009/A603,AQ,41.890578,13.311694,52.0,-48984.589,9942.13
PF12/0009/A603,AQ,41.889553,13.315664,56.0,-49104.811,10269.312
PF13/0009/A603,AQ,41.891372,13.313612,56.0,-48899.506,10103.03
PF15/0009/A603,AQ,41.891455,13.317511,56.0,-48896.597,10426.647
PF16/0009/A603,AQ,41.893971,13.317452,54.0,-48617.169,10427.281
PF17/0009/A603,AQ,41.894564,13.317422,54.0,-48551.293,10426.047
PF19/0009/A603,AQ,41.896399,13.315585,54.0,-48344.584,10277.69
PF20/0009/A603,AQ,41.888664,13.317331,56.0,-49206.207,10405.687
PF22/0009/A603,AQ,41.885696,13.314307,50.0,-49530.881,10148.247
PF25/0009/A603,AQ,41.893792,13.315163,54.0,-48633.38,10236.947
PF27/0009/A603,AQ,41.887997,13.31634,56.0,-49278.714,10321.943
PF28/0009/A603,AQ,41.889159,13.313509,56.0,-49145.062,10089.609
PF01/0010/A603,AQ,41.884998,13.33544,8.0,-49642.6,11900.2
PF02/0010/A603,AQ,41.88624,13.329306,50.0,-49494.789,11393.923
PF03/0010/A603,AQ,41.884075,13.327265,50.0,-49731.914,11219.879
PF04/0010/A603,AQ,41.89256,13.329244,60.0,-48792.997,11402.443
PF05/0010/A603,AQ,41.888711,13.33193,50.0,-49224.716,11616.975
PF01/0012/A603,AQ,41.878918,13.386711,1.0,-50399.0,16141.59
PF02/0012/A603,AQ,41.884143,13.374187,8.0,-49799.21,15113.31
PF03/0012/A603,AQ,41.879326,13.364889,8.0,-50319.42,14331.61
PF01/0013/A603,AQ,41.882824,13.309589,70.0,-49842.017,9750.501
PF02/0013/A603,AQ,41.885458,13.309201,70.0,-49548.922,9724.103
PF03/0013/A603,AQ,41.883064,13.307272,9.0,-49811.588,9558.798
PF01/0014/A603,AQ,41.882947,13.312429,70.0,-49833.024,9986.491
PF02/0014/A603,AQ,41.882043,13.317101,70.0,-49940.981,10372.112
PF03/0014/A603,AQ,41.880332,13.314258,9.0,-50126.35,10132.536
PF04/0014/A603,AQ,41.878712,13.312531,9.0,-50303.415,9985.638
PF05/0014/A603,AQ,41.883945,13.321012,70.0,-49736.261,10700.776
PF06/0014/A603,AQ,41.883588,13.324985,50.0,-49782.305,11029.667
PF07/0014/A603,AQ,41.884076,13.322277,70.0,-49723.666,10805.999
PF11/0014/A603,AQ,41.879911,13.32504,54.0,-50190.705,11026.234
PF12/0014/A603,AQ,41.887565,13.325738,50.0,-49341.892,11100.81
PF13/0014/A603,AQ,41.879715,13.316825,56.0,-50199.047,10344.178
PF02/0015/A603,AQ,41.87907,13.311671,70.0,-50262.251,9915.118
PF06/0015/A603,AQ,41.880435,13.311138,56.0,-50109.876,9873.845
PF14/0015/A603,AQ,41.885423,13.30272,54.0,-49542.242,9186.304
PF17/0015/A603,AQ,41.879057,13.308141,9.0,-50258.004,9622.148
PF18/0015/A603,AQ,41.877413,13.304587,9.0,-50434.688,9323.589
PF19/0015/A603,AQ,41.879686,13.302438,56.0,-50178.756,9150.291
PF20/0015/A603,AQ,41.880409,13.305623,56.0,-50103.72,9416.188
PF21/0015/A603,AQ,41.8831,13.303974,70.0,-49802.195,9285.206
PF01/0016/A603,AQ,41.874621,13.321558,52.0,-50772.428,10725.816
PF02/0016/A603,AQ,41.874828,13.323521,70.0,-50752.527,10889.217
PF03/0016/A603,AQ,41.875464,13.320715,70.0,-50677.443,10657.692
PF05/0016/A603,AQ,41.875813,13.323938,70.0,-50643.866,10925.966
PF12/0016/A603,AQ,41.877691,13.32351,54.0,-50434.658,10894.461
PF13/0016/A603,AQ,41.877825,13.317906,70.0,-50410.739,10429.731
PF18/0016/A603,AQ,41.879087,13.320889,70.0,-50275.397,10680.04
PF22/0016/A603,AQ,41.876011,13.322896,8.0,-50620.19,10839.89
PF01/0017/A603,AQ,41.880398,13.335718,50.0,-50153.866,11913.355
PF02/0017/A603,AQ,41.880534,13.331715,50.0,-50132.298,11581.46
PF03/0017/A603,AQ,41.881784,13.333335,50.0,-49996.106,11718.637
PF05/0017/A603,AQ,41.883091,13.328691,50.0,-49843.498,11336.108
PF06/0017/A603,AQ,41.876624,13.33384,50.0,-50569.829,11749.419
PF07/0017/A603,AQ,41.877642,13.329163,12.0,-50449.3,11363.45
PF08/0017/A603,AQ,41.876568,13.326565,54.0,-50564.318,11145.566
PF01/0018/A603,AQ,41.874776,13.343666,8.0,-50790.82,12560.82
PF02/0018/A603,AQ,41.872848,13.350144,50.0,-51015.22,13094.294
PF03/0018/A603,AQ,41.871247,13.347493,50.0,-51188.826,12870.82
PF01/0019/A603,AQ,41.869226,13.304785,7.0,-51344.07,9322.13
PF02/0019/A603,AQ,41.876327,13.310777,9.0,-50565.435,9834.867
PF03/0019/A603,AQ,41.8729,13.305884,56.0,-50937.926,9421.338
PF03/0020/A603,AQ,41.869331,13.3163,9.0,-51351.189,10277.986
PF04/0020/A603,AQ,41.874614,13.313471,56.0,-50760.046,10054.758
PF05/0020/A603,AQ,41.876072,13.318322,56.0,-50606.054,10460.492
PF06/0020/A603,AQ,41.871682,13.316598,56.0,-51090.653,10307.796
PF07/0020/A603,AQ,41.873226,13.320317,52.0,-50925.256,10619.784
PF01/0021/A603,AQ,41.865906,13.329151,8.0,-51752.33,11337.12
PF04/0021/A603,AQ,41.868751,13.329942,52.0,-51437.711,11408.906
PF06/0021/A603,AQ,41.872844,13.320405,9.0,-50967.777,10626.334
PF07/0021/A603,AQ,41.870812,13.321312,9.0,-51194.938,10697.177
PF08/0021/A603,AQ,41.867784,13.324949,9.0,-51537.002,10992.409
PF09/0021/A603,AQ,41.871975,13.325654,54.0,-51072.818,11059.995
PF10/0021/A603,AQ,41.875281,13.331226,50.0,-50714.777,11529.555
PF11/0021/A603,AQ,41.877401,13.329612,70.0,-50476.731,11400.21
PF12/0021/A603,AQ,41.86526,13.327806,56.0,-51821.879,11224.111
PF01/0022/A603,AQ,41.866395,13.334156,9.0,-51706.167,11753.52
PF02/0022/A603,AQ,41.87196,13.328951,52.0,-51079.82,11333.569
PF01/0024/A603,AQ,41.860967,13.290421,8.0,-52237.43,8111.69
PF02/0024/A603,AQ,41.851922,13.297493,8.0,-53253.4,8678.78
PF02/0025/A603,AQ,41.863456,13.314262,56.0,-52000.186,10096.046
PF04/0025/A603,AQ,41.863603,13.320193,70.0,-51993.48,10588.606
PF05/0025/A603,AQ,41.867108,13.314281,50.0,-51594.708,10105.581
PF06/0025/A603,AQ,41.865991,13.319888,9.0,-51727.93,10568.451
PF07/0025/A603,AQ,41.864162,13.324211,9.0,-51937.944,10923.314
PF08/0025/A603,AQ,41.861429,13.319956,56.0,-52234.557,10564.256
PF09/0025/A603,AQ,41.861007,13.316572,56.0,-52275.878,10282.418
PF10/0025/A603,AQ,41.866174,13.324105,56.0,-51714.456,10918.886
PF11/0025/A603,AQ,41.862319,13.318161,56.0,-52132.751,10417.191
PF01/0026/A603,AQ,41.865148,13.331627,50.0,-51840.452,11540.955
PF04/0026/A603,AQ,41.863835,13.3348,56.0,-51991.433,11801.497
PF06/0026/A603,AQ,41.86131,13.334672,9.0,-52271.561,11785.41
PF07/0026/A603,AQ,41.860103,13.337897,9.0,-52410.805,12050.505
PF08/0026/A603,AQ,41.862677,13.338418,70.0,-52125.806,12099.298
PF09/0026/A603,AQ,41.862053,13.33976,56.0,-52197.281,12209.342
PF10/0026/A603,AQ,41.863195,13.331168,56.0,-52056.581,11498.667
PF01/0027/A603,AQ,41.867407,13.365443,52.0,-51643.717,14352.422
PF02/0027/A603,AQ,41.862066,13.364646,54.0,-52235.443,14274.962
PF04/0027/A603,AQ,41.86513,13.34515,12.0,-51864.171,12663.322
PF05/0027/A603,AQ,41.869714,13.352728,12.0,-51367.3,13302.0
PF01/0028/A603,AQ,41.857232,13.344481,8.0,-52740.14,12590.87
PF02/0028/A603,AQ,41.85692,13.340965,9.0,-52769.133,12298.317
PF03/0028/A603,AQ,41.861292,13.3432,9.0,-52287.296,12493.213
PF04/0028/A603,AQ,41.854591,13.345367,9.0,-53034.767,12658.779
PF05/0028/A603,AQ,41.859356,13.352035,9.0,-52516.282,13222.446
PF06/0028/A603,AQ,41.855478,13.352311,9.0,-52947.303,13237.089
PF07/0028/A603,AQ,41.86166,13.367449,70.0,-52284.94,14506.72
PF08/0028/A603,AQ,41.864936,13.365958,70.0,-51918.88,14389.883
PF09/0028/A603,AQ,41.859835,13.340706,70.0,-52445.003,12283.111
PF10/0028/A603,AQ,41.857949,13.344096,70.0,-52659.894,12560.405
PF11/0028/A603,AQ,41.856407,13.347413,52.0,-52836.385,12832.496
PF01/0029/A603,AQ,41.864215,13.358788,8.0,-51987.58,13793.27
PF02/0029/A603,AQ,41.86433,13.362966,44.0,-51981.363,14140.263
PF04/0029/A603,AQ,41.862409,13.362619,70.0,-52194.2,14107.442
PF05/0029/A603,AQ,41.862637,13.365735,70.0,-52173.737,14366.51
PF06/0029/A603,AQ,41.865201,13.36916,12.0,-51894.494,14656.22
PF07/0029/A603,AQ,41.862911,13.353751,12.0,-52124.31,13372.47
PF02/0030/A603,AQ,41.861153,13.355952,44.0,-52323.079,13551.428
PF03/0030/A603,AQ,41.858706,13.367531,70.0,-52613.104,14507.35
PF04/0030/A603,AQ,41.855024,13.365449,70.0,-53018.633,14326.703
PF05/0030/A603,AQ,41.859647,13.363836,70.0,-52502.736,14202.596
PF07/0030/A603,AQ,41.85606,13.368346,70.0,-52908.168,14569.358
PF08/0030/A603,AQ,41.856237,13.359831,54.0,-52875.025,13862.964
PF09/0030/A603,AQ,41.857955,13.365985,70.0,-52693.979,14377.366
PF10/0030/A603,AQ,41.862714,13.360638,70.0,-52157.151,13943.663
PF11/0030/A603,AQ,41.862079,13.358508,54.0,-52224.234,13765.503
PF12/0030/A603,AQ,41.859287,13.359953,12.0,-52536.55,13879.55
PF01/0031/A603,AQ,41.861209,13.32757,9.0,-52271.298,11195.761
PF02/0031/A603,AQ,41.859627,13.330534,9.0,-52451.743,11438.33
PF03/0031/A603,AQ,41.858377,13.323375,9.0,-52578.955,10841.39
PF04/0031/A603,AQ,41.855839,13.327984,52.0,-52868.181,11218.434
PF05/0031/A603,AQ,41.858507,13.327864,56.0,-52571.763,11214.312
PF07/0031/A603,AQ,41.85884,13.314953,56.0,-52513.799,10143.295
PF01/0032/A603,AQ,41.850994,13.329042,8.0,-53407.94,11295.8
PF02/0032/A603,AQ,41.854518,13.334968,9.0,-53026.173,11795.374
PF03/0032/A603,AQ,41.856244,13.334208,9.0,-52833.33,11735.96
PF04/0032/A603,AQ,41.852628,13.340392,9.0,-53244.728,12241.541
PF05/0032/A603,AQ,41.854269,13.330844,9.0,-53047.117,11452.454
PF06/0032/A603,AQ,41.851319,13.319262,50.0,-53355.964,10484.601
PF07/0032/A603,AQ,41.853177,13.315962,50.0,-53144.24,10214.74
PF08/0032/A603,AQ,41.850857,13.342157,56.0,-53444.2,12384.312
PF09/0032/A603,AQ,41.852694,13.340167,56.0,-53237.05,12223.022
PF10/0032/A603,AQ,41.85013,13.336737,50.0,-53516.269,11932.791
PF11/0032/A603,AQ,41.854069,13.321701,52.0,-53054.554,10693.064
PF12/0032/A603,AQ,41.852572,13.325601,12.0,-53227.146,11013.621
PF01/0033/A603,AQ,41.852351,13.346409,9.0,-53285.177,12740.466
PF02/0033/A603,AQ,41.85074,13.349572,9.0,-53469.012,12999.622
PF03/0033/A603,AQ,41.846737,13.353927,9.0,-53920.52,13352.611
PF04/0033/A603,AQ,41.850315,13.352195,70.0,-53520.486,13216.455
PF05/0033/A603,AQ,41.848493,13.356523,70.0,-53729.679,13571.83
PF06/0033/A603,AQ,41.853319,13.361643,70.0,-53201.953,14007.16
PF07/0033/A603,AQ,41.851153,13.357397,70.0,-53435.711,13650.085
PF08/0033/A603,AQ,41.849618,13.361377,50.0,-53612.454,13977.26
PF09/0033/A603,AQ,41.852593,13.350585,70.0,-53264.897,13087.627
PF10/0033/A603,AQ,41.845174,13.351487,70.0,-54090.164,13146.74
PF13/0033/A603,AQ,41.848124,13.351646,70.0,-53762.868,13166.192
PF14/0033/A603,AQ,41.854104,13.355016,56.0,-53104.262,13458.733
PF15/0033/A603,AQ,42.813832,13.320831,12.0,53520.76,12725.229
PF01/0034/A603,AQ,41.847472,13.270938,7.0,-53703.37,6464.38
PF01/0035/A603,AQ,41.847427,13.314999,8.0,-53781.18,10122.29
PF02/0035/A603,AQ,41.839999,13.291795,8.0,-54567.8,8179.43
PF03/0035/A603,AQ,41.854031,13.322217,52.0,-53059.661,10735.799
PF01/0036/A603,AQ,41.847889,13.344003,56.0,-53776.766,12531.206
PF02/0036/A603,AQ,41.845452,13.344454,52.0,-54048.078,12563.373
PF03/0036/A603,AQ,41.847357,13.346969,70.0,-53840.549,12776.288
PF04/0036/A603,AQ,41.84209,13.339799,8.0,-54413.88,12169.72
PF05/0036/A603,AQ,41.844465,13.348127,52.0,-54163.539,12866.218
PF07/0036/A603,AQ,41.845636,13.340418,56.0,-54021.157,12228.685
PF08/0036/A603,AQ,41.849637,13.337418,56.0,-53572.083,11988.25
PF09/0036/A603,AQ,41.847698,13.335885,50.0,-53784.943,11856.778
PF10/0036/A603,AQ,41.843863,13.342387,54.0,-54221.198,12388.353
PF11/0036/A603,AQ,41.844314,13.335909,50.0,-54160.63,11851.531
PF12/0036/A603,AQ,41.847612,13.33917,50.0,-53799.709,12129.323
PF01/0037/A603,AQ,41.836821,13.312843,7.0,-54955.24,9920.13
PF01/0001/A656,AQ,42.55037,13.055215,7.0,24730.43,-9664.84
PF01/0002/A656,AQ,42.548661,13.03454,50.0,24579.849,-11366.733
PF02/0002/A656,AQ,42.548402,13.040254,50.0,24540.24,-10898.253
PF04/0002/A656,AQ,42.546755,13.042714,12.0,24352.7,-10700.5
PF05/0002/A656,AQ,42.54535,13.039341,12.0,24203.0,-10981.1
PF01/0003/A656,AQ,42.542614,13.035489,8.0,23906.56,-11304.43
PF03/0003/A656,AQ,42.542607,13.047817,12.0,23882.4,-10292.1
PF04/0003/A656,AQ,42.542221,13.0402,12.0,23853.9,-10918.6
PF01/0005/A656,AQ,42.555755,13.023228,8.0,25389.23,-12277.14
PF02/0005/A656,AQ,42.545548,13.02778,70.0,24247.085,-11929.822
PF03/0005/A656,AQ,42.548711,13.02553,70.0,24602.675,-12106.436
PF04/0005/A656,AQ,42.544475,13.022087,70.0,24138.781,-12400.142
PF01/0006/A656,AQ,42.53556,13.02135,8.0,23150.21,-12483.74
PF02/0007/A656,AQ,42.425795,13.200252,70.0,10633.657,1949.852
PF03/0007/A656,AQ,42.534465,13.001902,50.0,23066.156,-14083.804
PF04/0007/A656,AQ,42.528231,12.998835,50.0,22379.877,-14352.028
PF02/0008/A656,AQ,42.522299,13.002385,70.0,21714.184,-14076.004
PF04/0008/A656,AQ,42.524513,13.005747,70.0,21953.577,-13794.07
PF05/0008/A656,AQ,42.52474,13.006003,70.0,21978.328,-13772.41
PF06/0008/A656,AQ,42.526986,13.010885,50.0,22218.313,-13365.552
PF07/0008/A656,AQ,42.526238,12.998195,50.0,22159.724,-14409.851
PF08/0008/A656,AQ,42.527446,13.01043,72.0,22270.258,-13401.759
PF09/0008/A656,AQ,42.525301,13.000827,70.0,22050.645,-14196.074
PF10/0008/A656,AQ,42.529158,13.006371,72.0,22468.165,-13730.615
PF11/0008/A656,AQ,42.526052,12.99816,50.0,22139.199,-14413.16
PF12/0008/A656,AQ,42.522851,13.012984,70.0,21755.065,-13203.935
PF02/0009/A656,AQ,42.518186,13.012652,70.0,21237.696,-13243.347
PF03/0009/A656,AQ,42.520671,13.009167,70.0,21520.351,-13523.12
PF04/0009/A656,AQ,42.500004,13.025217,52.0,19194.497,-12258.213
PF05/0009/A656,AQ,42.514981,13.007665,52.0,20891.341,-13661.409
PF06/0009/A656,AQ,42.509976,13.018868,52.0,20314.033,-12754.043
PF07/0009/A656,AQ,42.517027,13.017506,70.0,21099.623,-12847.557
PF09/0009/A656,AQ,42.519719,13.001632,70.0,21429.205,-14144.624
PF10/0009/A656,AQ,42.517447,13.005661,70.0,21169.059,-13819.587
PF11/0009/A656,AQ,42.520493,13.016457,70.0,21486.522,-12924.746
PF12/0009/A656,AQ,42.515916,13.015696,70.0,20979.681,-12999.155
PF13/0009/A656,AQ,42.519678,13.018344,50.0,21392.34,-12771.877
PF14/0009/A656,AQ,42.506082,13.020042,70.0,19879.333,-12667.655
PF01/0010/A656,AQ,42.397798,13.246608,54.0,7444.995,5699.363
PF02/0010/A656,AQ,42.525597,12.992787,50.0,22099.114,-14855.728
PF04/0010/A656,AQ,42.53382,12.997191,50.0,23003.667,-14472.368
PF06/0010/A656,AQ,42.423126,13.20013,70.0,10337.506,1933.599
PF07/0010/A656,AQ,42.522968,12.996947,50.0,21799.075,-14520.913
PF08/0010/A656,AQ,42.423093,13.195281,70.0,10342.385,1534.582
PF01/0011/A656,AQ,42.516951,12.99323,8.0,21138.1,-14842.06
PF03/0011/A656,AQ,42.517049,13.000709,54.0,21134.518,-14227.416
PF04/0011/A656,AQ,42.516677,12.997264,54.0,21099.872,-14511.38
PF05/0011/A656,AQ,42.474207,13.049959,54.0,16282.743,-10290.961
PF06/0011/A656,AQ,42.514664,13.000131,54.0,20870.693,-14281.131
PF07/0011/A656,AQ,42.509017,12.998325,70.0,20247.203,-14444.341
PF08/0011/A656,AQ,42.510728,13.000403,50.0,20433.142,-14269.12
PF09/0011/A656,AQ,42.511507,13.003767,50.0,20513.156,-13990.689
PF10/0011/A656,AQ,42.52085,12.998249,70.0,21561.278,-14419.543
PF02/0012/A656,AQ,42.51195,13.007528,50.0,20555.014,-13680.565
PF03/0012/A656,AQ,42.497889,13.020473,70.0,18968.68,-12653.496
PF04/0012/A656,AQ,42.494149,13.026121,70.0,18542.5,-12199.009
PF05/0012/A656,AQ,42.51373,13.014853,70.0,20738.559,-13074.159
PF06/0012/A656,AQ,42.498531,13.02462,70.0,19032.017,-12311.052
PF01/0014/A656,AQ,42.521426,12.992667,50.0,21636.079,-14876.519
PF01/0015/A656,AQ,42.506123,12.988207,70.0,19945.426,-15283.24
PF02/0015/A656,AQ,42.508776,12.98854,70.0,20239.473,-15248.886
PF03/0015/A656,AQ,42.505614,12.985255,70.0,19894.728,-15527.177
PF06/0016/A656,AQ,42.504408,12.991614,70.0,19748.337,-15007.849
PF08/0016/A656,AQ,42.501312,12.994999,50.0,19397.953,-14737.866
PF09/0016/A656,AQ,42.50001,12.991672,52.0,19259.873,-15014.677
PF15/0016/A656,AQ,42.499989,12.994902,50.0,19251.326,-14749.304
PF17/0016/A656,AQ,42.501579,12.985323,50.0,19446.538,-15532.167
PF18/0016/A656,AQ,42.500369,12.988106,52.0,19306.683,-15306.691
PF19/0016/A656,AQ,42.503402,12.987605,70.0,19644.452,-15339.865
PF20/0016/A656,AQ,42.503459,12.994704,72.0,19636.984,-14756.4
PF21/0016/A656,AQ,42.504919,12.981768,12.0,19824.346,-15815.458
PF22/0016/A656,AQ,42.505399,12.996553,12.0,19848.841,-14599.404
PF01/0017/A656,AQ,42.504247,13.000247,8.0,19713.72,-14298.89
PF02/0017/A656,AQ,42.50229,13.001891,50.0,19493.252,-14168.921
PF03/0017/A656,AQ,42.499126,13.002293,50.0,19141.154,-14144.232
PF04/0017/A656,AQ,42.503286,13.006226,50.0,19595.42,-13810.165
PF05/0017/A656,AQ,42.507243,12.999521,70.0,20047.793,-14350.723
PF06/0017/A656,AQ,42.503833,12.998035,12.0,19672.0,-14481.781
PF07/0017/A656,AQ,42.504789,13.001418,12.0,19771.665,-14201.245
PF02/0018/A656,AQ,42.508966,12.976141,52.0,20284.778,-16267.069
PF03/0018/A656,AQ,42.503461,12.975094,50.0,19675.549,-16367.744
PF04/0018/A656,AQ,42.509322,12.977847,12.0,20320.991,-16126.028
PF05/0018/A656,AQ,42.507332,12.979937,12.0,20095.915,-15959.515
PF06/0018/A656,AQ,42.505725,12.974629,12.0,19927.795,-16399.971
PF01/0019/A656,AQ,42.494941,12.976865,50.0,18725.919,-16244.827
PF02/0020/A656,AQ,42.502115,12.979748,50.0,19516.961,-15988.89
PF03/0020/A656,AQ,42.50039,12.978638,50.0,19327.56,-16084.623
PF01/0021/A656,AQ,42.493291,12.989293,52.0,18518.406,-15227.837
PF02/0021/A656,AQ,42.494816,12.98639,52.0,18693.401,-15462.339
PF03/0021/A656,AQ,42.49216,12.976832,50.0,18417.144,-16254.851
PF04/0021/A656,AQ,42.49244,12.984955,52.0,18432.396,-15586.566
PF05/0021/A656,AQ,42.494785,12.980641,50.0,18701.249,-15934.899
PF01/0022/A656,AQ,42.49229,12.990956,8.0,18403.99,-15093.79
PF03/0022/A656,AQ,42.498216,12.988823,50.0,19066.174,-15253.484
PF04/0022/A656,AQ,42.493209,12.992664,50.0,18502.75,-14951.022
PF05/0022/A656,AQ,42.499187,12.99169,52.0,19168.515,-15015.288
PF06/0022/A656,AQ,42.49441,12.995748,50.0,18630.13,-14694.418
PF07/0022/A656,AQ,42.497583,12.985929,52.0,19001.555,-15492.935
PF08/0022/A656,AQ,42.495758,12.995637,12.0,18780.0,-14700.0
PF01/0023/A656,AQ,42.500667,12.998548,50.0,19319.517,-14447.932
PF02/0023/A656,AQ,42.490203,12.995837,50.0,18162.786,-14698.15
PF04/0023/A656,AQ,42.497365,13.002011,52.0,18946.126,-14171.965
PF05/0023/A656,AQ,42.495463,12.998064,50.0,18742.55,-14501.329
PF06/0023/A656,AQ,42.493772,13.000353,52.0,18550.37,-14317.671
PF08/0023/A656,AQ,42.49815,13.005702,52.0,19026.091,-13866.624
PF09/0023/A656,AQ,42.495269,13.005293,52.0,18707.023,-13907.721
PF02/0024/A656,AQ,42.490327,12.982717,52.0,18202.087,-15776.09
PF03/0024/A656,AQ,42.487049,12.98239,52.0,17838.684,-15811.577
PF08/0034/A667,AQ,42.402633,13.322679,21.0,7855.493,11970.911
PF09/0034/A667,AQ,42.404948,13.324019,21.0,8110.285,12086.285
PF06/0035/A667,AQ,42.411471,13.32441,21.0,8834.055,12132.771
PF07/0035/A667,AQ,42.407814,13.328163,20.0,8421.911,12433.563
PF06/0039/A667,AQ,42.393955,13.317038,52.0,6901.049,11487.584
PF07/0039/A667,AQ,42.39551,13.318035,70.0,7072.018,11573.094
PF12/0039/A667,AQ,42.401421,13.320662,21.0,7724.134,11802.239
PF13/0039/A667,AQ,42.398665,13.323313,20.0,7413.799,12014.437
PF34/0040/A667,AQ,42.400842,13.333874,20.0,7638.383,12888.372
PF03/0044/A667,AQ,42.395506,13.304341,52.0,7094.06,10445.985
PF07/0044/A667,AQ,42.391756,13.297759,20.0,6688.397,9895.822
PF08/0044/A667,AQ,42.393209,13.305183,20.0,6837.571,10510.185
PF03/0046/A667,AQ,42.394016,13.321042,70.0,6901.21,11817.331
PF05/0046/A667,AQ,42.391177,13.321929,20.0,6584.586,11884.098
PF03/0047/A667,AQ,42.396536,13.325976,70.0,7173.055,12228.891
PF10/0047/A667,AQ,42.395364,13.335182,20.0,7028.059,12984.117
PF05/0052/A667,AQ,42.382168,13.324267,21.0,5580.378,12056.783
PF03/0053/A667,AQ,42.380197,13.351967,20.0,5316.909,14332.919
PF03/0058/A667,AQ,42.380217,13.322436,12.0,5366.733,11901.794
PF04/0058/A667,AQ,42.37878,13.325337,20.0,5202.399,12137.49
PF06/0066/A667,AQ,42.408208,13.261315,21.0,8576.042,6933.447
PF06/0067/A667,AQ,42.407025,13.268702,21.0,8432.25,7538.62
PF07/0067/A667,AQ,42.407396,13.264149,21.0,8481.186,7164.803
PF02/0068/A667,AQ,42.408049,13.271164,21.0,8541.885,7743.558
PF03/0068/A667,AQ,42.404097,13.275395,12.0,8095.994,8082.874
PF03/0069/A667,AQ,42.408261,13.251785,12.0,8598.018,6149.296
PF04/0069/A667,AQ,42.415433,13.249062,21.0,9399.035,5941.705
PF01/0070/A667,AQ,42.404022,13.258215,52.0,8116.509,6668.851
PF09/0070/A667,AQ,42.407061,13.253218,12.0,8462.42,6264.54
PF10/0070/A667,AQ,42.405691,13.254814,20.0,8307.502,6392.702
PF06/0071/A667,AQ,42.398067,13.258068,21.0,7455.411,6643.14
PF07/0071/A667,AQ,42.400067,13.26326,12.0,7668.776,7075.01
PF12/0072/A667,AQ,42.40613,13.262392,50.0,8343.464,7017.328
PF13/0072/A667,AQ,42.401901,13.268186,50.0,7864.119,7484.546
PF16/0072/A667,AQ,42.40714,13.256128,52.0,8466.215,6504.134
PF18/0072/A667,AQ,42.405687,13.258767,21.0,8300.468,6718.02
PF19/0072/A667,AQ,42.40128,13.265052,21.0,7800.435,7225.243
PF09/0073/A667,AQ,42.398205,13.244093,20.0,7494.427,5493.296
PF10/0073/A667,AQ,42.395177,13.24203,20.0,7161.72,5316.482
PF06/0074/A667,AQ,42.391522,13.249269,12.0,6743.611,5903.982
PF07/0074/A667,AQ,42.39806,13.251687,12.0,7465.491,6117.913
PF08/0074/A667,AQ,42.394247,13.248766,20.0,7047.071,5868.797
PF09/0074/A667,AQ,42.394705,13.254785,20.0,7087.705,6365.265
PF10/0075/A667,AQ,42.392715,13.239391,20.0,6892.857,5093.606
PF01/0001/A678,AQ,41.920948,13.751305,6.0,-46236.88,46463.12
PF02/0001/A678,AQ,41.912953,13.733299,8.0,-47102.7,44956.85
PF03/0001/A678,AQ,41.922444,13.745399,52.0,-46063.691,45975.783
PF04/0001/A678,AQ,41.917663,13.748333,52.0,-46598.054,46211.303
PF05/0001/A678,AQ,41.923428,13.741069,52.0,-45949.122,45618.343
PF06/0001/A678,AQ,41.921187,13.738473,52.0,-46194.803,45399.414
PF07/0001/A678,AQ,41.917503,13.739897,52.0,-46605.611,45511.494
PF08/0001/A678,AQ,41.916489,13.744618,52.0,-46723.893,45901.303
PF09/0001/A678,AQ,41.919919,13.743518,52.0,-46341.71,45815.707
PF10/0001/A678,AQ,41.917297,13.752393,52.0,-46643.665,46547.456
PF11/0001/A678,AQ,41.918088,13.754523,52.0,-46558.331,46725.306
PF12/0001/A678,AQ,41.915419,13.752775,52.0,-46852.597,46576.07
PF13/0001/A678,AQ,41.913574,13.7558,52.0,-47061.125,46824.002
PF14/0001/A678,AQ,41.913358,13.753035,52.0,-47081.701,46594.343
PF15/0001/A678,AQ,41.912934,13.760511,52.0,-47137.857,47213.633
PF16/0001/A678,AQ,41.910465,13.751866,52.0,-47401.581,46492.706
PF17/0001/A678,AQ,41.910685,13.755906,52.0,-47382.003,46828.114
PF18/0001/A678,AQ,41.908816,13.760799,52.0,-47595.371,47230.946
PF01/0002/A678,AQ,41.89584,13.759802,8.0,-49034.97,47127.36
PF02/0002/A678,AQ,41.903234,13.757582,8.0,-48211.27,46955.13
PF03/0002/A678,AQ,41.907306,13.761234,56.0,-47763.603,47264.577
PF06/0002/A678,AQ,41.894211,13.766188,52.0,-49223.44,47654.541
PF07/0002/A678,AQ,41.908332,13.756202,52.0,-47643.611,46848.884
PF08/0002/A678,AQ,41.907745,13.751669,52.0,-47703.263,46471.934
PF09/0002/A678,AQ,41.906054,13.758866,56.0,-47899.769,47066.128
PF10/0002/A678,AQ,41.90548,13.754024,56.0,-47957.591,46663.591
PF11/0002/A678,AQ,41.903,13.753995,56.0,-48232.957,46657.182
PF12/0002/A678,AQ,41.90013,13.759202,56.0,-48557.911,47084.516
PF13/0002/A678,AQ,41.90746,13.765189,56.0,-47751.221,47592.84
PF14/0002/A678,AQ,41.899293,13.765055,12.0,-48657.862,47568.674
PF01/0003/A678,AQ,41.876088,13.710892,8.0,-51168.2,43037.04
PF02/0003/A678,AQ,41.883875,13.720756,8.0,-50315.82,43868.46
PF03/0003/A678,AQ,41.898429,13.710554,8.0,-48687.22,43046.25
PF01/0004/A678,AQ,41.895159,13.727164,8.0,-49070.83,44418.7
PF01/0006/A678,AQ,41.880197,13.74438,3.0,-50753.15,45822.64
PF01/0008/A678,AQ,41.879466,13.767858,8.0,-50862.56,47769.56
PF02/0008/A678,AQ,41.876697,13.777843,8.0,-51181.89,48593.71
PF03/0008/A678,AQ,41.89006,13.775347,6.0,-49695.2,48407.74
PF01/0009/A678,AQ,41.862335,13.712303,8.0,-52696.96,43131.23
PF01/0010/A678,AQ,41.871373,13.736077,8.0,-51722.85,45119.22
PF02/0010/A678,AQ,41.869094,13.725098,8.0,-51962.4,44204.32
PF03/0010/A678,AQ,41.861356,13.738771,6.0,-52838.36,45326.45
PF01/0011/A678,AQ,41.868616,13.751308,8.0,-52047.42,46378.75
PF01/0012/A678,AQ,41.860925,13.768786,8.0,-52922.29,47817.04
PF01/0013/A678,AQ,41.84925,13.733882,54.0,-54176.491,44900.8
PF02/0013/A678,AQ,41.851815,13.720078,52.0,-53874.724,43759.097
PF04/0013/A678,AQ,41.85064,13.723673,12.0,-54009.573,44055.576
PF01/0014/A678,AQ,41.848482,13.741552,9.0,-54271.063,45536.29
PF01/0016/A678,AQ,41.848963,13.723477,7.0,-54195.56,44036.55
PF03/0016/A678,AQ,41.846949,13.720273,52.0,-54415.209,43767.261
PF05/0016/A678,AQ,41.848519,13.712616,50.0,-54231.357,43134.197
PF06/0016/A678,AQ,41.848566,13.717515,56.0,-54232.241,43540.981
PF07/0016/A678,AQ,41.851111,13.714204,50.0,-53945.54,43270.314
PF01/0017/A678,AQ,41.846695,13.733967,8.0,-54460.22,44903.72
PF02/0017/A678,AQ,41.845832,13.725118,52.0,-54545.194,44167.611
PF03/0017/A678,AQ,41.844995,13.729989,9.0,-54644.103,44570.63
PF04/0017/A678,AQ,41.842751,13.740026,9.0,-54905.606,45400.319
PF05/0017/A678,AQ,41.844494,13.736787,54.0,-54708.059,45134.185
PF01/0018/A678,AQ,41.844315,13.751938,8.0,-54746.36,46391.85
PF01/0019/A678,AQ,41.841738,13.715079,12.0,-54987.309,43327.353
PF02/0019/A678,AQ,41.843502,13.709093,12.0,-54784.017,42833.353
PF01/0020/A678,AQ,41.840856,13.720957,8.0,-55092.53,43813.94
PF02/0020/A678,AQ,41.838699,13.730131,9.0,-55343.41,44572.113
PF03/0020/A678,AQ,41.839521,13.722728,54.0,-55242.991,43958.812
PF04/0020/A678,AQ,41.841817,13.718957,12.0,-54983.437,43649.525
PF05/0020/A678,AQ,41.838281,13.719346,12.0,-55376.442,43675.96
PF12/0021/A678,AQ,41.840525,13.741996,7.0,-55155.1,45560.23
PF13/0021/A678,AQ,41.833919,13.743112,70.0,-55889.895,45642.129
PF14/0021/A678,AQ,41.840107,13.7392,56.0,-55198.085,45327.409
PF02/0022/A678,AQ,41.837737,13.744468,52.0,-55467.714,45760.963
PF03/0022/A678,AQ,41.835542,13.744078,52.0,-55710.882,45724.989
PF04/0022/A678,AQ,41.832566,13.745122,52.0,-56042.564,45806.859
PF06/0022/A678,AQ,41.839302,13.746385,52.0,-55296.297,45922.659
PF07/0022/A678,AQ,41.830872,13.74807,70.0,-56234.301,46048.939
PF08/0022/A678,AQ,41.835253,13.74931,12.0,-55749.355,46158.944
PF01/0023/A678,AQ,41.834818,13.755189,6.0,-55804.76,46646.43
PF01/0024/A678,AQ,41.831216,13.710712,8.0,-56150.22,42947.26
PF01/0025/A678,AQ,41.826496,13.72374,8.0,-56690.39,44021.35
PF03/0025/A678,AQ,41.832019,13.73471,50.0,-56090.619,44941.363
PF04/0025/A678,AQ,41.83625,13.725692,50.0,-55609.785,44199.46
PF05/0025/A678,AQ,41.833988,13.727785,50.0,-55863.536,44369.559
PF06/0025/A678,AQ,41.834395,13.733421,12.0,-55825.3,44838.198
PF02/0026/A678,AQ,41.826892,13.740846,9.0,-56667.39,45442.54
PF04/0026/A678,AQ,41.83274,13.737538,70.0,-56014.116,45177.417
PF05/0026/A678,AQ,41.836056,13.741114,70.0,-55650.222,45479.707
PF08/0026/A678,AQ,41.837916,13.739853,9.0,-55442.193,45378.035
PF09/0026/A678,AQ,41.835637,13.736751,52.0,-55691.416,45116.737
PF10/0026/A678,AQ,41.839865,13.737252,56.0,-55222.601,45165.255
PF14/0026/A678,AQ,41.82527,13.736134,9.0,-56841.742,45048.59
PF15/0026/A678,AQ,41.82956,13.738556,54.0,-56368.38,45256.768
PF16/0026/A678,AQ,41.836988,13.733939,12.0,-55537.979,44885.455
PF01/0027/A678,AQ,41.825908,13.731884,9.0,-56765.739,44696.699
PF02/0027/A678,AQ,41.824157,13.740908,56.0,-56971.138,45443.266
PF01/0028/A678,AQ,41.824781,13.744309,8.0,-56905.98,45726.69
PF02/0028/A678,AQ,41.824839,13.744195,9.0,-56899.441,45717.36
PF03/0028/A678,AQ,41.829836,13.743471,9.0,-56343.712,45665.3
PF04/0028/A678,AQ,41.827299,13.743786,54.0,-56625.797,45687.38
PF05/0028/A678,AQ,41.822835,13.747819,54.0,-57126.28,46015.033
PF06/0028/A678,AQ,41.824167,13.752187,54.0,-56983.673,46380.004
PF01/0029/A678,AQ,41.820742,13.755399,50.0,-57367.882,46641.188
PF02/0029/A678,AQ,41.822966,13.758391,12.0,-57124.514,46893.268
PF03/0029/A678,AQ,41.822966,13.758391,50.0,-57124.51,46893.274
PF01/0031/A678,AQ,41.818928,13.648176,8.0,-57434.73,37732.77
PF01/0032/A678,AQ,41.814369,13.685248,6.0,-57988.61,40804.1
PF02/0032/A678,AQ,41.822537,13.709712,8.0,-57112.57,42849.72
PF01/0034/A678,AQ,41.809487,13.722708,8.0,-58577.69,43907.55
PF01/0035/A678,AQ,41.815153,13.731989,8.0,-57959.94,44687.76
PF01/0036/A678,AQ,41.816281,13.743006,50.0,-57848.234,45604.694
PF01/0037/A678,AQ,41.820644,13.744907,50.0,-57366.02,45769.63
PF02/0037/A678,AQ,41.817525,13.746727,50.0,-57714.621,45915.752
PF01/0038/A678,AQ,41.817471,13.764146,8.0,-57741.55,47362.46
PF02/0038/A678,AQ,41.815379,13.763395,12.0,-57972.947,47296.756
PF03/0038/A678,AQ,41.819906,13.759208,50.0,-57465.242,46956.261
PF04/0038/A678,AQ,41.821362,13.751417,50.0,-57294.229,46311.514
PF01/0039/A678,AQ,41.808184,13.670175,6.0,-58656.06,39541.45
PF02/0039/A678,AQ,41.798962,13.671457,8.0,-59681.65,39632.17
PF01/0040/A678,AQ,41.801498,13.691045,8.0,-59425.08,41263.88
PF01/0042/A678,AQ,41.80715,13.753322,8.0,-58874.45,46446.78
PF02/0042/A678,AQ,41.80444,13.761963,12.0,-59185.717,47160.283
PF01/0043/A678,AQ,41.799659,13.733748,8.0,-59682.41,44808.52
PF01/0044/A678,AQ,41.801673,13.712984,8.0,-59433.21,43086.8
PF01/0001/A884,AQ,42.03732,13.498327,8.0,-32979.12,25711.7
PF02/0001/A884,AQ,42.040189,13.497307,12.0,-32659.005,25632.86
PF03/0001/A884,AQ,42.044802,13.492802,12.0,-32140.229,25269.015
PF04/0001/A884,AQ,42.046632,13.498719,12.0,-31945.656,25762.323
PF05/0001/A884,AQ,42.043126,13.499725,12.0,-32336.442,25838.733
PF01/0003/A884,AQ,42.028626,13.522757,8.0,-33979.62,27717.16
PF02/0003/A884,AQ,42.042194,13.519961,8.0,-32469.15,27511.81
PF01/0004/A884,AQ,42.024008,13.504378,8.0,-34465.92,26186.72
PF02/0004/A884,AQ,42.027703,13.501786,54.0,-34051.873,25979.337
PF03/0004/A884,AQ,42.022274,13.507379,54.0,-34662.803,26431.859
PF04/0004/A884,AQ,42.02152,13.505865,12.0,-34744.309,26305.043
PF02/0005/A884,AQ,42.029858,13.501251,52.0,-33811.904,25939.25
PF03/0005/A884,AQ,42.032898,13.499696,52.0,-33472.089,25816.397
PF04/0005/A884,AQ,42.025748,13.496977,54.0,-34262.026,25577.361
PF05/0005/A884,AQ,42.021176,13.503028,70.0,-34778.486,26069.475
PF06/0005/A884,AQ,42.023096,13.497422,70.0,-34557.158,25609.042
PF07/0005/A884,AQ,42.024802,13.500144,12.0,-34371.65,25837.7
PF01/0006/A884,AQ,42.021629,13.482208,6.0,-34697.79,24346.56
PF01/0007/A884,AQ,42.019523,13.497063,70.0,-34953.327,25572.354
PF01/0008/A884,AQ,42.015053,13.500933,54.0,-35455.326,25884.106
PF01/0009/A884,AQ,42.012868,13.500013,8.0,-35696.54,25803.64
PF04/0009/A884,AQ,42.018029,13.502916,70.0,-35127.736,26054.038
PF06/0009/A884,AQ,42.016707,13.505872,70.0,-35278.829,26296.27
PF07/0009/A884,AQ,42.019785,13.508439,50.0,-34940.699,26514.746
PF08/0009/A884,AQ,42.014427,13.507666,12.0,-35534.58,26440.35
PF01/0010/A884,AQ,42.017066,13.52129,8.0,-35261.14,27573.6
PF01/0011/A884,AQ,41.998792,13.51092,6.0,-37275.28,26679.65
PF02/0011/A884,AQ,41.99778,13.505335,70.0,-37379.517,26215.074
PF04/0011/A884,AQ,41.99548,13.507745,70.0,-37638.467,26410.273
PF01/0013/A884,AQ,42.002693,13.481695,6.0,-36799.6,24266.77
PF01/0014/A884,AQ,41.992122,13.49492,8.0,-37992.65,25341.45
PF02/0014/A884,AQ,41.988573,13.50554,50.0,-38402.129,26214.231
PF03/0014/A884,AQ,41.992385,13.505264,50.0,-37978.53,26198.712
PF04/0014/A884,AQ,41.996602,13.504697,70.0,-37509.461,26159.924
PF01/0015/A884,AQ,41.985703,13.512761,8.0,-38731.25,26806.85
PF03/0015/A884,AQ,41.9913,13.507927,12.0,-38102.813,26417.25
PF01/0016/A884,AQ,41.995907,13.5286,8.0,-37620.88,28138.45
PF01/0017/A884,AQ,42.004122,13.539876,8.0,-36724.79,29087.93
PF01/0018/A884,AQ,41.98695,13.559776,6.0,-38659.36,30703.94
PF02/0018/A884,AQ,41.974181,13.562835,8.0,-40081.38,30933.52
PF01/0019/A884,AQ,41.983505,13.531361,8.0,-39001.92,28343.5
PF01/0023/A884,AQ,41.972805,13.499218,8.0,-40143.78,25659.88
PF01/0025/A884,AQ,41.971583,13.514878,8.0,-40302.07,26955.03
PF01/0027/A884,AQ,41.967588,13.549817,8.0,-40795.35,29842.5
PF02/0027/A884,AQ,41.967974,13.563353,12.0,-40771.318,30964.877
PF03/0027/A884,AQ,41.965978,13.56545,12.0,-40995.872,31134.977
PF04/0027/A884,AQ,41.967462,13.561707,12.0,-40825.938,30827.546
PF01/0001/B256,AQ,42.116387,13.590367,8.0,-24329.48,33474.97
PF02/0001/B256,AQ,42.11986,13.583822,8.0,-23934.92,32940.28
PF03/0001/B256,AQ,42.112359,13.586014,52.0,-24770.714,33107.74
PF04/0001/B256,AQ,42.111516,13.591151,52.0,-24871.397,33530.905
PF05/0001/B256,AQ,42.116322,13.590498,50.0,-24336.824,33485.702
PF01/0002/B256,AQ,42.122523,13.600747,52.0,-23662.236,34344.284
PF02/0002/B256,AQ,42.125125,13.600651,50.0,-23373.159,34341.03
PF03/0002/B256,AQ,42.121861,13.595613,12.0,-23728.826,33918.708
PF01/0003/B256,AQ,42.118411,13.600295,52.0,-24118.166,34299.446
PF02/0003/B256,AQ,42.118032,13.596951,50.0,-24155.77,34022.301
PF03/0003/B256,AQ,42.112949,13.596537,50.0,-24719.623,33978.776
PF04/0003/B256,AQ,42.109191,13.59677,50.0,-25137.153,33991.174
PF05/0003/B256,AQ,42.11226,13.603395,12.0,-24805.41,34544.53
PF01/0004/B256,AQ,42.122356,13.603893,52.0,-23685.002,34604.054
PF02/0004/B256,AQ,42.121624,13.610101,70.0,-23774.679,35115.907
PF03/0004/B256,AQ,42.12086,13.613934,52.0,-23864.713,35431.345
PF04/0004/B256,AQ,42.119546,13.604919,52.0,-23998.424,34683.719
PF05/0004/B256,AQ,42.117087,13.611151,52.0,-24279.842,35194.449
PF06/0004/B256,AQ,42.115254,13.606426,52.0,-24477.084,34800.52
PF07/0004/B256,AQ,42.114571,13.610985,50.0,-24559.048,35176.214
PF08/0004/B256,AQ,42.120616,13.613122,54.0,-23890.701,35363.767
PF01/0005/B256,AQ,42.124363,13.610093,56.0,-23470.537,35120.128
PF02/0005/B256,AQ,42.123523,13.612124,8.0,-23566.59,35286.51
PF03/0005/B256,AQ,42.124593,13.611509,70.0,-23446.946,35237.645
PF04/0005/B256,AQ,42.125158,13.615094,70.0,-23389.032,35534.996
PF06/0005/B256,AQ,42.128205,13.613142,70.0,-23048.045,35379.154
PF08/0005/B256,AQ,42.12518,13.603911,54.0,-23371.496,34610.626
PF09/0005/B256,AQ,42.126585,13.615629,70.0,-23231.296,35581.738
PF11/0005/B256,AQ,42.125792,13.606659,12.0,-23307.206,34838.876
PF01/0006/B256,AQ,42.117785,13.614221,52.0,-24206.529,35449.504
PF02/0006/B256,AQ,42.119521,13.616834,52.0,-24017.234,35668.667
PF03/0006/B256,AQ,42.122183,13.619251,56.0,-23724.85,35873.281
PF05/0006/B256,AQ,42.119488,13.616714,12.0,-24020.756,35658.663
PF03/0007/B256,AQ,42.112736,13.619621,56.0,-24774.305,35886.842
PF04/0007/B256,AQ,42.117055,13.617479,56.0,-24291.897,35717.577
PF05/0007/B256,AQ,42.121325,13.624184,56.0,-23826.733,36279.483
PF06/0007/B256,AQ,42.11997,13.620837,50.0,-23972.788,36000.411
PF07/0007/B256,AQ,42.117135,13.623077,56.0,-24290.482,36180.488
PF08/0007/B256,AQ,42.119107,13.626548,56.0,-24076.15,36470.911
PF09/0007/B256,AQ,42.115545,13.62084,50.0,-24464.08,35992.659
PF01/0008/B256,AQ,42.121479,13.630241,70.0,-23817.745,36780.421
PF02/0008/B256,AQ,42.12278,13.627736,70.0,-23669.881,36575.746
PF03/0008/B256,AQ,42.121566,13.632487,52.0,-23811.042,36966.3
PF04/0008/B256,AQ,42.119929,13.628575,54.0,-23987.613,36639.953
PF05/0008/B256,AQ,42.12381,13.633064,54.0,-23562.658,37017.981
PF01/0010/B256,AQ,42.101053,13.587299,54.0,-26027.859,33193.159
PF02/0010/B256,AQ,42.104784,13.586096,54.0,-25611.963,33100.578
PF05/0010/B256,AQ,42.109306,13.59011,52.0,-25115.345,33440.758
PF06/0010/B256,AQ,42.10735,13.588922,52.0,-25330.903,33338.977
PF03/0011/B256,AQ,42.107539,13.605582,52.0,-25332.599,34716.74
PF04/0011/B256,AQ,42.108768,13.601045,52.0,-25190.007,34343.922
PF05/0011/B256,AQ,42.106481,13.594637,50.0,-25435.24,33809.913
PF06/0011/B256,AQ,42.104191,13.594301,50.0,-25689.005,33777.951
PF07/0011/B256,AQ,42.106573,13.602577,50.0,-25435.762,34466.545
PF08/0011/B256,AQ,42.105219,13.603692,70.0,-25587.633,34556.289
PF09/0011/B256,AQ,42.107028,13.598042,50.0,-25379.102,34092.391
PF10/0011/B256,AQ,42.103599,13.591434,52.0,-25750.82,33539.764
PF01/0012/B256,AQ,42.108878,13.609353,52.0,-25188.936,35031.015
PF02/0012/B256,AQ,42.110292,13.607715,52.0,-25029.753,34898.112
PF03/0012/B256,AQ,42.111883,13.607434,52.0,-24852.694,34877.793
PF04/0012/B256,AQ,42.110952,13.605674,52.0,-24953.762,34730.543
PF06/0012/B256,AQ,42.110867,13.614812,52.0,-24975.44,35485.927
PF07/0012/B256,AQ,42.114715,13.615712,56.0,-24549.387,35567.223
PF08/0012/B256,AQ,42.111869,13.607727,52.0,-24854.629,34901.93
PF09/0012/B256,AQ,42.115179,13.614263,50.0,-24495.867,35448.322
PF10/0012/B256,AQ,42.112313,13.612437,50.0,-24811.699,35292.181
PF01/0013/B256,AQ,42.105675,13.606954,70.0,-25541.42,34826.833
PF02/0013/B256,AQ,42.104368,13.609118,70.0,-25689.462,35003.417
PF04/0013/B256,AQ,42.112214,13.623168,52.0,-24837.104,36179.228
PF05/0013/B256,AQ,42.108386,13.611853,50.0,-25247.008,35236.827
PF06/0013/B256,AQ,42.104925,13.612412,52.0,-25632.04,35276.807
PF07/0013/B256,AQ,42.110889,13.617784,52.0,-24976.928,35731.656
PF08/0013/B256,AQ,42.10516,13.615786,50.0,-25610.485,35556.199
PF09/0013/B256,AQ,42.109305,13.621708,52.0,-25158.144,36053.253
PF01/0014/B256,AQ,42.102687,13.60971,50.0,-25876.843,35049.357
PF02/0014/B256,AQ,42.102085,13.606269,70.0,-25939.086,34763.697
PF03/0014/B256,AQ,42.100352,13.607742,50.0,-26133.46,34882.369
PF04/0014/B256,AQ,42.103321,13.613392,54.0,-25811.437,35354.929
PF01/0015/B256,AQ,42.097083,13.579551,8.0,-26458.12,32545.19
PF02/0015/B256,AQ,42.094639,13.578016,56.0,-26727.329,32413.698
PF03/0015/B256,AQ,42.099585,13.58474,50.0,-26187.365,32978.914
PF05/0015/B256,AQ,42.099373,13.576055,56.0,-26198.982,32260.273
PF06/0015/B256,AQ,42.095017,13.574843,12.0,-26681.0,32152.0
PF07/0015/B256,AQ,42.087841,12.800824,12.0,-26120.0,-31880.0
PF01/0016/B256,AQ,42.099208,13.593401,52.0,-26241.102,33694.372
PF01/0017/B256,AQ,42.103436,13.59976,8.0,-25780.27,34227.91
PF02/0017/B256,AQ,42.099869,13.604374,70.0,-26182.6,34602.971
PF03/0017/B256,AQ,42.101456,13.597144,52.0,-25996.552,34008.003
PF04/0017/B256,AQ,42.10197,13.602101,70.0,-25946.194,34418.802
PF01/0018/B256,AQ,42.103306,13.605202,50.0,-25802.01,34677.688
PF01/0021/B256,AQ,42.091967,13.595728,8.0,-27048.28,33873.64
PF01/0022/B256,AQ,42.095892,13.605294,50.0,-26625.414,34671.828
PF01/0023/B256,AQ,42.075144,13.573965,8.0,-28886.39,32042.6
PF01/0025/B256,AQ,42.08062,13.59467,8.0,-28306.71,33765.4
PF03/0001/B358,AQ,42.552125,12.978813,50.0,25072.206,-15933.207
PF04/0001/B358,AQ,42.552372,12.978278,70.0,25100.674,-15976.468
PF01/0003/B358,AQ,42.549594,13.006842,8.0,24736.62,-13638.52
PF01/0005/B358,AQ,42.540221,12.91959,8.0,23868.06,-20828.15
PF01/0007/B358,AQ,42.544552,12.9363,8.0,24315.45,-19444.17
PF03/0007/B358,AQ,42.544149,12.943466,50.0,24256.432,-18856.874
PF04/0007/B358,AQ,42.538923,12.942341,70.0,23678.25,-18963.359
PF06/0007/B358,AQ,42.541333,12.940279,70.0,23950.025,-19126.196
PF07/0007/B358,AQ,42.54235,12.943217,50.0,24057.166,-18882.161
PF01/0008/B358,AQ,42.5469,12.945358,50.0,24558.081,-18694.064
PF02/0008/B358,AQ,42.544935,12.948845,50.0,24332.953,-18413.029
PF03/0008/B358,AQ,42.540288,12.945925,70.0,23822.767,-18665.36
PF01/0009/B358,AQ,42.545665,12.958068,50.0,24395.769,-17653.778
PF02/0009/B358,AQ,42.54637,12.961071,50.0,24468.121,-17405.306
PF03/0009/B358,AQ,42.544089,12.96042,50.0,24216.094,-17464.828
PF04/0009/B358,AQ,42.550039,12.972202,70.0,24853.583,-16481.539
PF01/0010/B358,AQ,42.36048,13.278568,70.0,3247.299,8245.846
PF02/0010/B358,AQ,42.370129,13.259614,50.0,4350.53,6706.8
PF04/0010/B358,AQ,42.483639,13.148399,52.0,17148.718,-2175.76
PF05/0010/B358,AQ,42.535293,13.26638,70.0,22679.72,7638.69
PF06/0010/B358,AQ,42.596162,13.250187,52.0,29466.322,6448.558
PF07/0010/B358,AQ,42.540545,12.992003,12.0,23760.5,-14880.8
PF01/0011/B358,AQ,42.549707,12.988377,8.0,24785.05,-15154.37
PF02/0011/B358,AQ,42.546303,12.990786,12.0,24402.3,-14965.55
PF01/0012/B358,AQ,42.539843,13.001245,8.0,23664.61,-14123.68
PF01/0013/B358,AQ,42.53196,12.899708,8.0,22990.97,-22483.63
PF02/0013/B358,AQ,42.52895,12.902893,12.0,22650.28,-22230.275
PF03/0013/B358,AQ,42.527917,12.908389,12.0,22524.435,-21781.716
PF01/0014/B358,AQ,42.526091,12.914029,8.0,22310.19,-21323.48
PF01/0015/B358,AQ,42.531383,12.930239,8.0,22865.22,-19977.61
PF02/0015/B358,AQ,42.532175,12.919246,12.0,22975.259,-20878.366
PF01/0016/B358,AQ,42.474343,12.99806,70.0,16397.258,-14557.047
PF03/0016/B358,AQ,42.530566,12.946096,52.0,22742.756,-18677.469
PF04/0016/B358,AQ,42.537706,12.939896,52.0,23548.036,-19167.43
PF05/0016/B358,AQ,42.535894,12.942298,12.0,23342.0,-18975.0
PF01/0017/B358,AQ,42.534926,12.951097,8.0,23216.98,-18255.02
PF02/0017/B358,AQ,42.478662,12.99857,70.0,16875.917,-14503.737
PF03/0017/B358,AQ,42.529641,12.955281,70.0,22621.824,-17925.552
PF04/0017/B358,AQ,42.531075,12.949207,70.0,22793.152,-18420.58
PF05/0017/B358,AQ,42.534146,12.950021,70.0,23132.499,-18345.518
PF06/0017/B358,AQ,42.537787,12.949458,50.0,23538.018,-18381.89
PF09/0017/B358,AQ,42.536931,12.944796,54.0,23452.25,-18767.095
PF10/0017/B358,AQ,42.531144,12.95098,70.0,22797.312,-18274.772
PF11/0017/B358,AQ,42.534669,12.946476,12.0,23197.65,-18635.19
PF02/0018/B358,AQ,42.528169,12.95819,70.0,22452.579,-17690.571
PF07/0018/B358,AQ,42.531492,12.968081,70.0,22802.123,-16869.302
PF08/0018/B358,AQ,42.533745,12.964864,50.0,23058.662,-17127.556
PF10/0018/B358,AQ,42.535271,12.970825,52.0,23216.377,-16633.94
PF22/0018/B358,AQ,42.532939,12.961275,70.0,22976.171,-17424.405
PF01/0019/B358,AQ,42.542855,12.977298,8.0,24045.75,-16082.22
PF03/0019/B358,AQ,42.535373,12.974125,70.0,23221.112,-16362.613
PF04/0019/B358,AQ,42.498119,13.683086,50.0,17935.565,41796.136
PF05/0019/B358,AQ,42.897038,13.600566,50.0,62343.09,35749.265
PF06/0019/B358,AQ,42.529912,12.970904,52.0,22621.111,-16641.644
PF07/0019/B358,AQ,42.536682,13.044824,70.0,23230.127,-10553.059
PF08/0019/B358,AQ,42.605324,13.349055,52.0,30320.706,14580.044
PF09/0019/B358,AQ,42.53761,12.971988,70.0,23473.729,-16532.186
PF10/0019/B358,AQ,42.530734,12.970765,52.0,22712.574,-16650.883
PF11/0019/B358,AQ,42.594316,13.247042,52.0,29266.681,6186.303
PF01/0020/B358,AQ,42.357595,13.285444,70.0,2915.454,8805.642
PF02/0020/B358,AQ,42.358237,13.282382,70.0,2991.882,8554.897
PF03/0020/B358,AQ,42.361656,13.28175,70.0,3372.592,8510.536
PF04/0020/B358,AQ,42.428489,13.164289,50.0,10996.169,-1002.232
PF05/0020/B358,AQ,42.534834,12.990386,12.0,23129.5,-15028.6
PF01/0022/B358,AQ,42.523184,12.888575,8.0,22039.19,-23422.25
PF02/0022/B358,AQ,42.521292,12.887492,50.0,21831.34,-23516.418
PF07/0022/B358,AQ,42.518764,12.88995,12.0,21545.5,-23321.5
PF08/0022/B358,AQ,42.518675,12.88638,12.0,21543.0,-23615.0
PF01/0023/B358,AQ,42.521809,12.906538,50.0,21849.89,-21950.462
PF02/0023/B358,AQ,42.523289,12.903166,50.0,22021.07,-22223.401
PF03/0023/B358,AQ,42.519565,12.912411,50.0,21588.752,-21474.185
PF04/0023/B358,AQ,42.523243,12.911804,12.0,21998.41,-21514.041
PF03/0025/B358,AQ,42.526539,12.954811,70.0,22278.329,-17972.47
PF04/0025/B358,AQ,42.529347,12.95172,70.0,22596.227,-18218.849
PF05/0025/B358,AQ,42.530138,12.948907,70.0,22689.671,-18447.774
PF06/0025/B358,AQ,42.527733,12.961113,9.0,22398.455,-17451.671
PF08/0025/B358,AQ,42.52145,12.946245,70.0,21730.231,-18689.738
PF10/0025/B358,AQ,42.524711,12.949234,52.0,22086.313,-18435.475
PF11/0025/B358,AQ,42.522938,12.954831,70.0,21878.351,-17980.488
PF12/0025/B358,AQ,42.530631,12.947219,52.0,22747.777,-18585.051
PF13/0025/B358,AQ,42.527695,12.957042,12.0,22402.27,-17786.16
PF02/0026/B358,AQ,42.53221,13.047528,70.0,22728.374,-10342.426
PF04/0026/B358,AQ,42.526892,12.967213,54.0,22292.979,-16952.838
PF06/0026/B358,AQ,42.526698,12.963035,70.0,22279.695,-17296.535
PF08/0026/B358,AQ,42.523622,12.964363,70.0,21935.478,-17195.695
PF09/0026/B358,AQ,42.523308,12.966917,70.0,21895.577,-16986.702
PF10/0026/B358,AQ,42.521817,12.964437,70.0,21734.9,-17194.426
PF11/0026/B358,AQ,42.525078,12.966154,70.0,22093.664,-17044.659
PF20/0026/B358,AQ,42.528517,12.973351,8.0,22461.39,-16444.44
PF21/0026/B358,AQ,42.528829,12.968369,54.0,22505.798,-16852.789
PF22/0026/B358,AQ,42.525374,12.969945,70.0,22119.011,-16732.536
PF23/0026/B358,AQ,42.519501,12.966246,50.0,21474.15,-17051.974
PF01/0027/B358,AQ,42.523948,12.985383,8.0,21930.44,-15468.18
PF02/0027/B358,AQ,42.534071,13.270152,70.0,22537.623,7945.736
PF04/0027/B358,AQ,42.532393,13.271409,70.0,22349.24,8045.149
PF06/0027/B358,AQ,42.550358,13.283617,50.0,24323.754,9088.155
PF07/0027/B358,AQ,42.590496,13.209661,52.0,28906.614,3110.27
PF08/0027/B358,AQ,42.53351,13.058752,70.0,22851.509,-9417.291
PF09/0027/B358,AQ,42.546138,13.278049,50.0,23864.383,8621.516
PF10/0027/B358,AQ,42.592874,13.250526,52.0,29100.607,6468.785
PF12/0027/B358,AQ,42.52215,12.980391,50.0,21740.535,-15883.046
PF13/0027/B358,AQ,42.528237,12.99091,12.0,22395.92,-15002.96
PF14/0027/B358,AQ,42.528472,12.981455,12.0,22440.45,-15778.915
PF01/0028/B358,AQ,42.511018,12.857743,8.0,20751.75,-25989.03
PF02/0028/B358,AQ,42.518127,12.875168,8.0,21505.18,-24537.58
PF01/0029/B358,AQ,42.517526,12.882653,50.0,21422.993,-23924.395
PF02/0030/B358,AQ,42.519286,12.90087,50.0,21581.262,-22423.05
PF03/0030/B358,AQ,42.519204,12.907935,50.0,21557.804,-21842.885
PF04/0030/B358,AQ,42.516499,12.903138,50.0,21267.099,-22244.396
PF05/0030/B358,AQ,42.515384,12.891443,50.0,21167.126,-23208.197
PF07/0030/B358,AQ,42.517333,12.897805,50.0,21370.559,-22680.166
PF01/0031/B358,AQ,42.515016,12.918471,50.0,21071.334,-20988.82
PF02/0031/B358,AQ,42.511799,12.918064,50.0,20714.939,-21031.019
PF03/0031/B358,AQ,42.510124,12.919511,50.0,20526.023,-20916.727
PF01/0032/B358,AQ,42.520651,12.930905,8.0,21672.13,-19952.02
PF02/0032/B358,AQ,42.520502,12.942901,70.0,21631.549,-18967.004
PF03/0032/B358,AQ,42.520189,12.939652,52.0,21603.33,-19234.775
PF04/0032/B358,AQ,42.515542,12.935581,52.0,21095.422,-19581.712
PF01/0033/B358,AQ,42.516582,12.939583,70.0,21202.94,-19250.174
PF02/0033/B358,AQ,42.515196,12.955097,54.0,21018.145,-17979.372
PF03/0033/B358,AQ,42.519622,12.951604,70.0,21516.491,-18254.466
PF04/0033/B358,AQ,42.51735,12.952742,54.0,21261.943,-18167.071
PF06/0033/B358,AQ,42.517421,12.948001,70.0,21279.263,-18556.386
PF02/0034/B358,AQ,42.524984,12.960238,70.0,22094.913,-17530.911
PF05/0034/B358,AQ,42.520897,12.961097,9.0,21639.318,-17471.251
PF08/0034/B358,AQ,42.519307,12.955978,9.0,21472.933,-17896.01
PF09/0034/B358,AQ,42.523362,12.961863,9.0,21911.489,-17401.748
PF15/0034/B358,AQ,42.518872,12.958611,9.0,21419.369,-17680.849
PF16/0034/B358,AQ,42.522006,12.955175,8.0,21774.19,-17954.74
PF17/0034/B358,AQ,42.523564,12.956792,70.0,21944.033,-17817.721
PF01/0035/B358,AQ,42.529786,13.048585,70.0,22457.162,-10261.81
PF02/0035/B358,AQ,42.518425,12.972707,12.0,21341.888,-16524.105
PF03/0035/B358,AQ,42.520963,12.979342,50.0,21610.79,-15972.33
PF04/0035/B358,AQ,42.523195,12.977264,50.0,21862.67,-16137.14
PF01/0036/B358,AQ,42.507609,12.886074,8.0,20314.78,-23670.8
PF02/0036/B358,AQ,42.511266,12.892665,52.0,20707.377,-23119.154
PF03/0036/B358,AQ,42.513885,12.888262,50.0,21007.155,-23473.705
PF01/0037/B358,AQ,42.514144,12.904276,70.0,21003.323,-22157.33
PF02/0037/B358,AQ,42.515773,12.900534,50.0,21191.754,-22460.318
PF03/0037/B358,AQ,42.51243,12.90162,52.0,20818.311,-22380.31
PF04/0037/B358,AQ,42.514307,12.894935,50.0,21040.406,-22924.291
PF05/0037/B358,AQ,42.5099,12.907257,50.0,20525.94,-21924.126
PF06/0037/B358,AQ,42.509567,12.906899,70.0,20489.728,-21954.436
PF01/0038/B358,AQ,42.506671,12.91444,8.0,20152.88,-21342.76
PF02/0038/B358,AQ,42.51378,12.914793,52.0,20941.534,-21294.311
PF04/0038/B358,AQ,42.517514,12.910873,50.0,21364.126,-21606.154
PF05/0038/B358,AQ,42.510903,12.915109,70.0,20621.44,-21276.248
PF06/0038/B358,AQ,42.507906,12.910538,70.0,20297.897,-21660.021
PF07/0038/B358,AQ,42.508112,12.915969,12.0,20309.794,-21213.199
PF02/0039/B358,AQ,42.513824,12.938932,70.0,20897.932,-19311.129
PF04/0039/B358,AQ,42.50952,12.939084,70.0,20419.637,-19310.192
PF05/0039/B358,AQ,42.512985,12.94162,70.0,20799.388,-19092.518
PF06/0039/B358,AQ,42.511938,12.937378,70.0,20691.626,-19443.875
PF07/0039/B358,AQ,42.510257,12.934918,52.0,20509.907,-19650.54
PF08/0039/B358,AQ,42.511419,12.931107,52.0,20646.538,-19960.51
PF09/0039/B358,AQ,42.514687,12.930765,70.0,21010.078,-19979.694
PF10/0039/B358,AQ,42.508035,12.941976,52.0,20248.945,-19076.6
PF11/0039/B358,AQ,42.514238,12.935543,70.0,20950.667,-19588.394
PF12/0039/B358,AQ,42.511915,12.931166,70.0,20701.451,-19954.257
PF01/0040/B358,AQ,42.511751,12.944126,70.0,20657.322,-18889.996
PF02/0040/B358,AQ,42.152493,13.402664,6.0,-20047.16,18032.41
PF01/0042/B358,AQ,42.513293,12.97479,8.0,20767.95,-16366.65
PF02/0042/B358,AQ,42.508452,12.969669,9.0,20240.47,-16800.19
PF03/0042/B358,AQ,42.514357,12.972239,9.0,20891.114,-16573.399
PF04/0042/B358,AQ,42.510479,12.972726,52.0,20459.475,-16543.665
PF05/0042/B358,AQ,42.517964,12.968038,50.0,21299.967,-16908.907
PF08/0042/B358,AQ,42.513781,12.96803,50.0,20835.432,-16920.669
PF09/0042/B358,AQ,42.511778,12.972166,50.0,20604.857,-16586.22
PF01/0043/B358,AQ,42.502265,12.874608,8.0,19744.89,-24627.81
PF02/0043/B358,AQ,42.506651,12.902191,52.0,20175.5,-22349.278
PF01/0044/B358,AQ,42.497065,12.894958,8.0,19125.64,-22969.99
PF02/0044/B358,AQ,42.502333,12.90653,50.0,19687.097,-22004.567
PF03/0044/B358,AQ,42.504462,12.902698,52.0,19931.308,-22313.588
PF04/0044/B358,AQ,42.49851,12.904256,12.0,19267.223,-22201.927
PF02/0045/B358,AQ,42.505982,12.921314,50.0,20062.484,-20779.82
PF04/0045/B358,AQ,42.505066,12.908327,52.0,19986.979,-21849.395
PF05/0045/B358,AQ,42.504064,12.916066,52.0,19860.031,-21216.292
PF03/0046/B358,AQ,42.508612,12.923786,50.0,20349.484,-20569.552
PF04/0046/B358,AQ,42.505677,12.924244,50.0,20022.697,-20539.908
PF01/0049/B358,AQ,42.500394,12.910112,70.0,19464.532,-21715.548
PF02/0049/B358,AQ,42.50106,12.910877,52.0,19536.937,-21650.91
PF03/0049/B358,AQ,42.49776,12.908715,70.0,19174.888,-21837.536
PF04/0049/B358,AQ,42.497891,12.915602,70.0,19175.455,-21271.236
PF05/0049/B358,AQ,42.494882,12.914824,50.0,18842.955,-21343.446
PF01/0051/B358,AQ,42.491648,12.883177,8.0,18548.25,-23953.08
PF02/0051/B358,AQ,42.118447,13.405901,12.0,-23832.53,18229.23
PF03/0051/B358,AQ,42.117682,13.403813,12.0,-23914.3,18055.1
PF04/0051/B358,AQ,42.116349,13.404963,12.0,-24064.0,18147.35
PF01/0052/B358,AQ,42.490177,12.914099,8.0,18321.87,-21415.88
PF01/0011/B382,AQ,42.406863,13.422066,21.0,8168.35,20159.024
PF02/0013/B382,AQ,42.404152,13.455921,21.0,7816.17,22939.517
PF05/0014/B382,AQ,42.405143,13.436102,21.0,7956.013,21310.529
PF02/0016/B382,AQ,42.404466,13.43874,12.0,7876.847,21526.233
PF04/0016/B382,AQ,42.402117,13.436099,21.0,7620.082,21304.124
PF04/0017/B382,AQ,42.383614,13.459945,20.0,5529.613,23229.346
PF04/0019/B382,AQ,42.384367,13.465671,20.0,5604.613,23702.291
PF05/0019/B382,AQ,42.385315,13.469616,21.0,5704.026,24028.873
PF01/0003/B526,AQ,42.112252,13.814233,8.0,-25069.85,51975.67
PF02/0003/B526,AQ,42.113473,13.832151,6.0,-24954.64,53458.92
PF03/0003/B526,AQ,42.099763,13.824807,8.0,-26468.58,52830.77
PF05/0003/B526,AQ,42.086087,13.829154,12.0,-27992.087,53169.479
PF01/0004/B526,AQ,42.094638,13.762213,6.0,-26964.61,47646.52
PF01/0005/B526,AQ,42.094834,13.775467,9.0,-26958.63,48742.99
PF02/0005/B526,AQ,42.094036,13.777208,9.0,-27049.32,48885.63
PF04/0005/B526,AQ,42.095745,13.772709,54.0,-26854.172,48516.32
PF12/0005/B526,AQ,42.095959,13.77587,8.0,-26834.19,48778.08
PF13/0005/B526,AQ,42.093091,13.770421,12.0,-27146.187,48322.873
PF14/0005/B526,AQ,42.094655,13.768195,12.0,-26969.872,48141.277
PF01/0006/B526,AQ,42.094679,13.781632,9.0,-26983.05,49252.58
PF02/0006/B526,AQ,42.094204,13.782439,9.0,-27036.84,49318.53
PF03/0006/B526,AQ,42.093583,13.782239,70.0,-27105.546,49300.968
PF06/0006/B526,AQ,42.094833,13.779327,56.0,-26963.238,49062.192
PF07/0006/B526,AQ,42.094798,13.78623,70.0,-26975.344,49632.944
PF08/0006/B526,AQ,42.094162,13.789919,70.0,-27050.188,49937.069
PF09/0006/B526,AQ,42.097908,13.783088,56.0,-26626.28,49378.027
PF17/0006/B526,AQ,42.099024,13.786857,52.0,-26506.822,49691.473
PF26/0006/B526,AQ,42.10115,13.786149,54.0,-26269.868,49636.272
PF27/0006/B526,AQ,42.10494,13.785171,50.0,-25847.946,49561.396
PF01/0007/B526,AQ,42.098631,13.790917,70.0,-26555.147,50026.611
PF02/0007/B526,AQ,42.099606,13.795942,54.0,-26452.812,50443.669
PF01/0008/B526,AQ,42.094261,13.791044,50.0,-27040.524,50030.23
PF03/0008/B526,AQ,42.09364,13.794166,70.0,-27113.17,50287.477
PF04/0008/B526,AQ,42.097224,13.797944,50.0,-26719.67,50605.5
PF01/0009/B526,AQ,42.090237,13.771855,9.0,-27464.75,48436.92
PF02/0009/B526,AQ,42.091658,13.776557,9.0,-27312.55,48828.06
PF03/0009/B526,AQ,42.08934,13.778086,9.0,-27571.78,48950.81
PF04/0009/B526,AQ,42.092344,13.778917,9.0,-27239.2,49024.33
PF05/0009/B526,AQ,42.092424,13.780295,9.0,-27231.89,49138.4
PF06/0009/B526,AQ,42.092827,13.781268,9.0,-27188.3,49219.5
PF08/0009/B526,AQ,42.086947,13.777697,56.0,-27837.019,48914.822
PF09/0009/B526,AQ,42.090214,13.781234,56.0,-27478.394,49212.519
PF01/0010/B526,AQ,42.091076,13.787189,70.0,-27389.713,49706.379
PF06/0010/B526,AQ,42.090886,13.791532,52.0,-27415.902,50065.286
PF15/0010/B526,AQ,42.08909,13.796401,52.0,-27620.983,50465.191
PF17/0010/B526,AQ,42.091694,13.799847,52.0,-27335.889,50754.211
PF18/0010/B526,AQ,42.086654,13.798547,52.0,-27893.967,50638.86
PF01/0011/B526,AQ,42.089904,13.805799,52.0,-27541.486,51243.71
PF02/0011/B526,AQ,42.0872,13.801889,52.0,-27837.234,50916.127
PF03/0011/B526,AQ,42.086748,13.805065,52.0,-27891.106,51178.124
PF04/0011/B526,AQ,42.092816,13.805454,52.0,-27217.745,51219.669
PF01/0012/B526,AQ,42.083935,13.813858,54.0,-28213.513,51901.031
PF02/0012/B526,AQ,42.083651,13.817221,54.0,-28248.904,52178.739
PF02/0013/B526,AQ,42.090913,13.785505,70.0,-27405.83,49566.896
PF07/0013/B526,AQ,42.0892,13.785646,6.0,-27596.17,49575.86
PF08/0013/B526,AQ,42.086992,13.791151,52.0,-27847.817,50027.667
PF09/0013/B526,AQ,42.085685,13.788598,52.0,-27989.944,49814.43
PF10/0013/B526,AQ,42.082906,13.789673,52.0,-28299.785,49899.005
PF11/0013/B526,AQ,42.08548,13.785537,50.0,-28009.092,49560.982
PF12/0013/B526,AQ,42.088808,13.781078,12.0,-27634.377,49197.435
PF01/0014/B526,AQ,42.079773,13.798239,6.0,-28657.64,50602.6
PF02/0014/B526,AQ,42.08427,13.793112,50.0,-28152.37,50185.567
PF03/0014/B526,AQ,42.083588,13.80251,52.0,-28239.014,50961.837
PF04/0014/B526,AQ,42.083759,13.79929,50.0,-28216.295,50695.754
PF05/0014/B526,AQ,42.081743,13.80432,50.0,-28445.92,51108.673
PF02/0015/B526,AQ,42.078657,13.810191,12.0,-28795.411,51589.511
PF01/0016/B526,AQ,42.07023,13.815593,52.0,-29737.316,52023.425
PF02/0016/B526,AQ,42.070339,13.81154,52.0,-29720.527,51688.321
PF03/0016/B526,AQ,42.070081,13.808502,52.0,-29745.675,51436.567
PF04/0016/B526,AQ,42.072796,13.806167,52.0,-29441.556,51247.627
PF05/0016/B526,AQ,42.073715,13.809063,52.0,-29342.806,51488.573
PF06/0016/B526,AQ,42.072729,13.814273,12.0,-29458.331,51918.054
PF01/0017/B526,AQ,42.079643,13.818834,8.0,-28695.83,52305.98
PF02/0017/B526,AQ,42.082642,13.83253,8.0,-28378.35,53443.49
PF03/0017/B526,AQ,42.073746,13.831903,8.0,-29365.48,53378.13
PF04/0017/B526,AQ,42.080372,13.814941,54.0,-28610.395,51985.124
PF05/0017/B526,AQ,42.076763,13.81483,52.0,-29011.033,51970.36
PF08/0017/B526,AQ,42.083488,13.831964,12.0,-28283.787,53397.92
PF01/0018/B526,AQ,42.064163,13.819378,8.0,-30415.28,52327.25
PF02/0018/B526,AQ,42.060568,13.822446,56.0,-30817.929,52575.584
PF03/0018/B526,AQ,42.06704,13.8187,56.0,-30094.998,52275.551
PF01/0020/B526,AQ,42.052016,13.821354,8.0,-31766.22,52472.14
PF02/0020/B526,AQ,42.049275,13.841283,6.0,-32093.11,54117.2
PF03/0020/B526,AQ,42.027332,13.844564,8.0,-34533.18,54355.87
PF04/0020/B526,AQ,42.033104,13.829011,50.0,-33874.85,53077.039
PF05/0020/B526,AQ,42.049241,13.822417,52.0,-32075.533,52555.917
PF06/0020/B526,AQ,42.042125,13.823934,50.0,-32867.382,52670.519
PF07/0020/B526,AQ,42.036048,13.828468,50.0,-33547.332,53036.611
PF01/0001/B569,AQ,42.653261,13.120336,8.0,36035.5,-4064.19
PF02/0001/B569,AQ,42.662224,13.115696,8.0,37039.36,-4422.34
PF01/0002/B569,AQ,42.646555,13.034286,8.0,35451.26,-11135.02
PF02/0002/B569,AQ,42.639132,13.040544,50.0,34615.102,-10641.145
PF01/0003/B569,AQ,42.650308,13.059539,8.0,35820.27,-9055.25
PF04/0004/B569,AQ,42.644997,13.048576,50.0,35251.099,-9967.585
PF05/0004/B569,AQ,42.638477,13.057159,50.0,34510.858,-9280.557
PF06/0004/B569,AQ,42.635188,13.0508,70.0,34157.668,-9810.331
PF07/0004/B569,AQ,42.637265,13.05408,12.0,34382.151,-9536.095
PF01/0005/B569,AQ,42.649519,13.075597,7.0,35702.56,-7740.91
PF01/0006/B569,AQ,42.643501,13.095078,12.0,34998.0,-6159.0
PF01/0007/B569,AQ,42.653497,13.10337,8.0,36092.79,-5454.27
PF03/0008/B569,AQ,42.636981,13.036972,12.0,34383.0,-10939.5
PF01/0009/B569,AQ,42.633241,13.045453,8.0,33951.54,-10253.79
PF06/0010/B569,AQ,42.634348,13.05316,70.0,34059.912,-9618.996
PF09/0010/B569,AQ,42.630155,13.055286,52.0,33590.241,-9455.4
PF13/0010/B569,AQ,42.6346,13.05108,12.0,34091.862,-9788.871
PF14/0010/B569,AQ,42.635493,13.055203,12.0,34183.217,-9448.532
PF15/0010/B569,AQ,42.632203,13.0534,12.0,33821.282,-9604.789
PF01/0011/B569,AQ,42.63431,13.066665,8.0,34030.33,-8511.73
PF02/0011/B569,AQ,42.632642,13.056947,52.0,33863.272,-9312.794
PF03/0011/B569,AQ,42.633323,13.070815,70.0,33912.934,-8173.938
PF04/0011/B569,AQ,42.629834,13.071343,70.0,33524.472,-8139.473
PF06/0011/B569,AQ,42.635547,13.058375,50.0,34183.185,-9188.284
PF01/0014/B569,AQ,42.639287,13.088454,8.0,34542.37,-6712.59
PF02/0014/B569,AQ,42.639561,13.095774,52.0,34559.18,-6111.782
PF03/0014/B569,AQ,42.635082,13.095248,70.0,34062.862,-6166.081
PF05/0014/B569,AQ,42.638293,13.099054,52.0,34412.354,-5846.054
PF06/0014/B569,AQ,42.635476,13.089075,50.0,34117.952,-6671.302
PF07/0014/B569,AQ,42.642572,13.090691,12.0,34903.0,-6521.0
PF01/0015/B569,AQ,42.635648,13.103944,12.0,34109.67,-5451.68
PF02/0015/B569,AQ,42.632813,13.10597,52.0,33791.137,-5292.596
PF03/0015/B569,AQ,42.632576,13.100421,52.0,33774.982,-5748.239
PF05/0015/B569,AQ,42.635096,13.100043,50.0,34055.508,-5772.947
PF06/0015/B569,AQ,42.629188,13.102345,52.0,33395.221,-5598.899
PF01/0016/B569,AQ,42.640789,13.114407,8.0,34661.33,-4581.04
PF01/0018/B569,AQ,42.644052,13.131085,7.0,34993.39,-3205.7
PF02/0018/B569,AQ,42.632268,13.131953,8.0,33683.18,-3163.38
PF01/0019/B569,AQ,42.62085,13.042524,2.0,32581.08,-10525.81
PF02/0019/B569,AQ,42.631574,13.050801,52.0,33756.369,-9819.475
PF03/0019/B569,AQ,42.630686,13.052712,52.0,33654.045,-9665.108
PF01/0020/B569,AQ,42.627029,13.060913,70.0,33232.496,-9001.939
PF01/0021/B569,AQ,42.628166,13.058079,70.0,33364.159,-9231.409
PF01/0022/B569,AQ,42.624594,13.065621,70.0,32953.282,-8622.016
PF17/0026/B569,AQ,42.630061,13.091318,52.0,33512.535,-6500.976
PF19/0026/B569,AQ,42.633639,13.090009,70.0,33912.272,-6599.311
PF20/0026/B569,AQ,42.626782,13.097369,52.0,33137.234,-6012.961
PF21/0026/B569,AQ,42.628128,13.095744,52.0,33289.658,-6142.861
PF01/0027/B569,AQ,42.629305,13.110239,50.0,33393.744,-4951.248
PF02/0027/B569,AQ,42.627771,13.108213,50.0,33227.12,-5121.212
PF03/0027/B569,AQ,42.62763,13.112331,50.0,33203.866,-4783.91
PF04/0027/B569,AQ,42.626252,13.108109,52.0,33058.555,-5133.557
PF06/0027/B569,AQ,42.625365,13.104245,50.0,32967.184,-5452.623
PF08/0027/B569,AQ,42.630054,13.113107,50.0,33471.671,-4714.222
PF09/0027/B569,AQ,42.623698,13.107222,50.0,32776.545,-5212.636
PF10/0027/B569,AQ,42.627689,13.108429,50.0,33217.584,-5103.703
PF11/0027/B569,AQ,42.631858,13.110404,12.0,33676.88,-4931.423
PF12/0027/B569,AQ,42.631858,13.110404,12.0,33676.88,-4931.423
PF13/0027/B569,AQ,42.624518,13.111159,12.0,32860.4,-4887.7
PF01/0029/B569,AQ,42.619445,13.134679,8.0,32254.29,-2971.3
PF02/0029/B569,AQ,42.622854,13.119501,8.0,32660.42,-4207.67
PF01/0030/B569,AQ,42.613602,13.062265,8.0,31738.97,-8925.18
PF02/0030/B569,AQ,42.60907,13.07112,50.0,31219.117,-8210.371
PF03/0030/B569,AQ,42.60648,13.060367,12.0,30951.674,-9099.03
PF01/0031/B569,AQ,42.616693,13.087343,8.0,32035.33,-6860.5
PF01/0033/B569,AQ,42.60791,13.110583,8.0,31017.24,-4976.18
PF02/0033/B569,AQ,42.612979,13.098308,50.0,31602.698,-5970.418
PF03/0033/B569,AQ,42.611272,13.099446,50.0,31410.99,-5881.316
PF01/0035/B569,AQ,42.622933,13.115269,52.0,32676.907,-4554.539
PF02/0035/B569,AQ,42.621834,13.110828,52.0,32562.947,-4921.493
PF03/0035/B569,AQ,42.618347,13.116688,70.0,32165.049,-4449.559
PF05/0035/B569,AQ,42.619429,13.113516,12.0,32291.0,-4707.0
PF01/0037/B569,AQ,42.606852,13.071527,50.0,30972.056,-8182.577
PF03/0037/B569,AQ,42.602443,13.067721,12.0,30489.565,-8506.009
PF02/0038/B569,AQ,42.603984,13.075478,70.0,30646.095,-7865.75
PF04/0038/B569,AQ,42.600761,13.079733,70.0,30280.3,-7524.83
PF05/0038/B569,AQ,42.597919,13.079289,56.0,29965.528,-7568.372
PF06/0038/B569,AQ,42.599485,13.074993,50.0,30147.498,-7916.878
PF07/0038/B569,AQ,42.599728,13.08441,70.0,30156.859,-7143.728
PF08/0038/B569,AQ,42.602709,13.084648,50.0,30487.528,-7116.636
PF09/0038/B569,AQ,42.599171,13.075323,50.0,30111.997,-7890.632
PF10/0038/B569,AQ,42.606168,13.076176,50.0,30887.324,-7802.965
PF17/0038/B569,AQ,42.604763,13.08038,50.0,30723.459,-7461.63
PF18/0038/B569,AQ,42.603706,13.078019,50.0,30610.557,-7657.96
PF19/0038/B569,AQ,42.606778,13.071625,70.0,30963.633,-8174.718
PF01/0040/B569,AQ,42.599409,13.094601,8.0,30102.57,-6308.44
PF03/0040/B569,AQ,42.599875,13.097595,50.0,30148.832,-6061.611
PF04/0040/B569,AQ,42.418344,13.09567,12.0,9994.0,-6672.5
PF05/0040/B569,AQ,42.598849,13.093599,12.0,30042.2,-6392.0
PF01/0045/B569,AQ,42.608436,13.134237,70.0,31032.569,-3034.543
PF01/0046/B569,AQ,42.605194,13.141862,8.0,30658.75,-2416.98
PF02/0046/B569,AQ,42.604468,13.137972,70.0,30585.167,-2737.838
PF03/0046/B569,AQ,42.60201,13.140871,54.0,30306.95,-2506.05
PF05/0046/B569,AQ,42.60411,13.142889,70.0,30536.494,-2335.376
PF06/0046/B569,AQ,42.601538,13.137323,70.0,30261.014,-2798.28
PF07/0046/B569,AQ,42.592704,13.15375,70.0,29250.481,-1471.965
PF08/0046/B569,AQ,42.592802,13.15063,70.0,29266.884,-1727.766
PF09/0046/B569,AQ,42.607879,13.138917,70.0,30962.25,-2651.961
PF01/0048/B569,AQ,42.60079,13.070323,70.0,30301.125,-8296.71
PF01/0049/B569,AQ,42.590665,13.074395,8.0,29169.17,-7988.26
PF01/0050/B569,AQ,42.585181,13.091705,12.0,28527.913,-6581.671
PF01/0051/B569,AQ,42.58929,13.103075,8.0,28963.3,-5638.42
PF01/0052/B569,AQ,42.581272,13.084304,8.0,28107.54,-7198.76
PF01/0053/B569,AQ,42.590284,13.120405,6.0,29041.88,-4213.95
PF04/0053/B569,AQ,42.594998,13.104627,70.0,29594.245,-5496.853
PF05/0053/B569,AQ,42.597115,13.099129,50.0,29839.474,-5942.634
PF06/0053/B569,AQ,42.594831,13.101452,70.0,29581.596,-5757.768
PF07/0053/B569,AQ,42.596386,13.114185,70.0,29730.943,-4709.21
PF08/0053/B569,AQ,42.600424,13.125178,70.0,30159.225,-3797.33
PF01/0001/B606,AQ,42.020665,13.161414,8.0,-34283.83,-2215.82
PF03/0001/B606,AQ,42.019815,13.162151,54.0,-34379.508,-2156.844
PF04/0001/B606,AQ,42.017384,13.165788,12.0,-34655.919,-1861.476
PF01/0002/B606,AQ,42.023611,13.152876,50.0,-33941.488,-2915.669
PF02/0002/B606,AQ,42.020311,13.154196,70.0,-34310.319,-2814.348
PF04/0002/B606,AQ,42.02035,13.157805,50.0,-34312.351,-2515.399
PF05/0002/B606,AQ,42.021398,13.149137,70.0,-34180.567,-3230.581
PF06/0002/B606,AQ,42.022483,13.159186,50.0,-34077.94,-2395.957
PF07/0002/B606,AQ,42.018813,13.15153,12.0,-34471.845,-3038.655
PF02/0003/B606,AQ,42.015871,13.143433,54.0,-34783.959,-3716.153
PF03/0003/B606,AQ,42.014363,13.136092,54.0,-34938.198,-4327.651
PF04/0003/B606,AQ,42.012928,13.139236,70.0,-35103.198,-4070.782
PF01/0004/B606,AQ,42.011451,13.125504,8.0,-35242.44,-5211.48
PF01/0005/B606,AQ,42.015189,13.143188,70.0,-34859.238,-3738.06
PF02/0005/B606,AQ,42.013678,13.144079,70.0,-35028.65,-3667.95
PF04/0005/B606,AQ,42.013756,13.146612,70.0,-35024.583,-3458.054
PF09/0005/B606,AQ,42.013662,13.144886,8.0,-35031.91,-3601.14
PF10/0005/B606,AQ,42.011913,13.146847,54.0,-35229.648,-3443.003
PF11/0005/B606,AQ,42.015179,13.226567,12.0,-35006.9,3166.0
PF01/0006/B606,AQ,42.012476,13.156954,70.0,-35185.217,-2604.682
PF02/0006/B606,AQ,42.013184,13.153626,70.0,-35100.556,-2878.603
PF03/0006/B606,AQ,42.013849,13.154115,70.0,-35027.591,-2836.467
PF05/0006/B606,AQ,42.015307,13.155112,70.0,-34867.586,-2750.455
PF07/0006/B606,AQ,42.013263,13.156362,54.0,-35096.747,-2651.805
PF12/0006/B606,AQ,42.014035,13.156781,70.0,-35011.769,-2615.309
PF13/0006/B606,AQ,42.015017,13.153397,54.0,-34896.697,-2893.143
PF01/0007/B606,AQ,42.01351,13.157528,70.0,-35071.422,-2554.669
PF02/0007/B606,AQ,42.014818,13.159992,70.0,-34930.571,-2347.545
PF03/0007/B606,AQ,42.017103,13.159725,52.0,-34676.386,-2364.232
PF04/0007/B606,AQ,42.015611,13.162378,54.0,-34846.678,-2148.088
PF05/0007/B606,AQ,42.012629,13.16147,70.0,-35176.171,-2230.398
PF06/0007/B606,AQ,42.011582,13.159267,54.0,-35288.546,-2415.266
PF08/0007/B606,AQ,42.010022,13.166961,52.0,-35475.421,-1781.896
PF10/0007/B606,AQ,42.013053,13.169638,50.0,-35143.618,-1553.008
PF13/0007/B606,AQ,42.011409,13.163783,54.0,-35315.85,-2041.713
PF14/0007/B606,AQ,42.014301,13.164453,70.0,-34995.888,-1979.369
PF01/0008/B606,AQ,41.998376,13.102663,8.0,-36652.52,-7135.15
PF02/0009/B606,AQ,42.008643,13.141105,50.0,-35582.406,-3926.402
PF03/0009/B606,AQ,42.006974,13.137726,52.0,-35761.631,-4210.259
PF05/0009/B606,AQ,42.002765,13.140216,50.0,-36233.453,-4014.173
PF07/0009/B606,AQ,42.010486,13.135801,54.0,-35368.202,-4361.167
PF08/0009/B606,AQ,42.009913,13.132607,12.0,-35426.0,-4627.0
PF09/0009/B606,AQ,41.999094,13.143232,12.0,-36646.517,-3773.255
PF10/0009/B606,AQ,41.998308,13.136999,12.0,-36722.525,-4291.396
PF11/0009/B606,AQ,42.000084,13.139844,12.0,-36530.452,-4051.449
PF12/0009/B606,AQ,42.282391,12.743426,12.0,-4392.74,-36055.79
PF13/0009/B606,AQ,42.283055,12.740094,12.0,-4311.66,-36328.53
PF07/0010/B606,AQ,42.010473,13.148801,54.0,-35393.025,-3284.648
PF15/0010/B606,AQ,42.00538,13.143484,52.0,-35949.014,-3737.187
PF16/0010/B606,AQ,42.010022,13.140287,54.0,-35427.793,-3990.788
PF20/0010/B606,AQ,42.006494,13.142909,50.0,-35824.235,-3782.12
PF21/0010/B606,AQ,42.002345,13.147477,50.0,-36293.143,-3413.796
PF01/0011/B606,AQ,42.007618,13.154945,54.0,-35721.045,-2782.699
PF02/0011/B606,AQ,42.006031,13.152791,52.0,-35893.402,-2964.896
PF03/0011/B606,AQ,42.008127,13.15208,54.0,-35659.363,-3018.76
PF04/0011/B606,AQ,42.005547,13.155574,54.0,-35952.089,-2735.52
PF05/0011/B606,AQ,42.011811,13.155012,54.0,-35255.522,-2767.094
PF06/0011/B606,AQ,42.011214,13.156908,54.0,-35325.247,-2611.535
PF07/0011/B606,AQ,42.007708,13.160339,52.0,-35720.66,-2335.774
PF08/0011/B606,AQ,42.010709,13.15148,54.0,-35371.633,-3062.189
PF09/0011/B606,AQ,42.003288,13.154024,54.0,-36200.172,-2869.314
PF10/0011/B606,AQ,42.008392,13.157595,54.0,-35639.768,-2561.423
PF01/0012/B606,AQ,41.994337,13.125198,8.0,-37142.17,-5278.44
PF01/0013/B606,AQ,41.989537,13.140614,8.0,-37703.0,-4013.08
PF02/0013/B606,AQ,41.990114,13.147169,8.0,-37650.65,-3468.7
PF03/0013/B606,AQ,41.996638,13.145853,50.0,-36923.918,-3562.037
PF04/0013/B606,AQ,41.992562,13.145363,50.0,-37375.672,-3612.412
PF05/0013/B606,AQ,41.991275,13.14791,50.0,-37523.057,-3404.55
PF06/0013/B606,AQ,41.997173,13.141388,12.0,-36856.48,-3930.6
PF01/0014/B606,AQ,42.00172,13.153855,8.0,-36373.92,-2887.05
PF02/0014/B606,AQ,41.997825,13.149238,50.0,-36798.132,-3278.855
PF03/0014/B606,AQ,41.995344,13.150055,50.0,-37075.072,-3217.095
PF04/0014/B606,AQ,41.988729,13.150301,50.0,-37810.083,-3212.587
PF05/0014/B606,AQ,41.990643,13.149758,70.0,-37596.605,-3252.973
PF06/0014/B606,AQ,42.00216,13.151467,52.0,-36320.826,-3083.792
PF07/0014/B606,AQ,41.996376,13.153641,52.0,-36966.925,-2917.616
PF01/0001/B624,AQ,42.09799,13.729888,8.0,-26553.19,44978.83
PF02/0001/B624,AQ,42.089112,13.749356,8.0,-27562.7,46574.3
PF03/0001/B624,AQ,42.090333,13.733354,50.0,-27407.594,45252.918
PF04/0001/B624,AQ,42.088997,13.730839,50.0,-27552.804,45042.64
PF05/0001/B624,AQ,42.093953,13.729044,50.0,-27000.331,44902.369
PF06/0001/B624,AQ,42.091648,13.755216,52.0,-27288.198,47063.08
PF07/0001/B624,AQ,42.098031,13.721588,52.0,-26538.387,44292.559
PF08/0001/B624,AQ,42.09493,13.7259,52.0,-26887.963,44643.989
PF09/0001/B624,AQ,42.097816,13.726911,52.0,-26568.815,44732.424
PF01/0003/B624,AQ,42.081626,13.735512,52.0,-28377.055,45417.039
PF02/0004/B624,AQ,42.085679,13.736155,12.0,-27927.825,45476.851
PF03/0004/B624,AQ,42.080825,13.738461,52.0,-28469.549,45659.695
PF04/0004/B624,AQ,42.085359,13.739689,12.0,-27967.672,45768.696
PF02/0006/B624,AQ,42.089323,13.757789,50.0,-27549.404,47272.151
PF04/0006/B624,AQ,42.082037,13.759327,50.0,-28360.266,47387.55
PF05/0006/B624,AQ,42.085055,13.760418,50.0,-28026.467,47482.689
PF12/0006/B624,AQ,42.083247,13.755488,52.0,-28221.264,47072.028
PF13/0006/B624,AQ,42.083047,13.763588,52.0,-28253.206,47741.644
PF01/0008/B624,AQ,42.082314,13.767242,8.0,-28338.95,48042.71
PF02/0008/B624,AQ,42.087541,13.760757,52.0,-27750.822,47514.729
PF03/0008/B624,AQ,42.085719,13.776257,50.0,-27971.611,48793.777
PF04/0008/B624,AQ,42.083642,13.773339,50.0,-28198.829,48549.12
PF01/0009/B624,AQ,42.082709,13.770369,54.0,-28298.871,48302.012
PF02/0009/B624,AQ,42.082014,13.777073,50.0,-28383.968,48855.367
PF01/0011/B624,AQ,42.071626,13.770069,8.0,-29529.14,48259.44
PF04/0011/B624,AQ,42.08005,13.768102,12.0,-28591.345,48110.179
PF05/0011/B624,AQ,42.077728,13.766055,12.0,-28846.783,47937.176
PF01/0012/B624,AQ,42.079522,13.750126,70.0,-28628.405,46622.43
PF02/0012/B624,AQ,42.078563,13.756343,70.0,-28742.446,47135.183
PF01/0013/B624,AQ,42.07077,13.749744,8.0,-29599.7,46576.6
PF01/0015/B624,AQ,42.062325,13.740315,8.0,-30526.03,45782.76
PF01/0016/B624,AQ,42.076567,13.752976,70.0,-28959.998,46853.411
PF01/0020/B624,AQ,42.067627,13.798256,8.0,-30006.29,50585.07
PF01/0024/B624,AQ,42.062077,13.759929,8.0,-30577.22,47405.26
PF01/0030/B624,AQ,42.051657,13.800949,8.0,-31782.63,50783.02
PF02/0030/B624,AQ,42.050555,13.791818,8.0,-31894.35,50025.68
PF01/0034/B624,AQ,42.041278,13.823856,8.0,-32961.36,52662.78
PF02/0034/B624,AQ,42.028302,13.83169,8.0,-34411.11,53291.57
PF03/0034/B624,AQ,42.03381,13.825732,50.0,-33792.781,52806.661
PF04/0034/B624,AQ,42.032064,13.826768,50.0,-33987.816,52889.792
PF05/0034/B624,AQ,42.039321,13.824017,50.0,-33178.826,52673.158
PF01/0035/B624,AQ,42.047043,13.757498,8.0,-32243.67,47179.86
PF02/0035/B624,AQ,42.04741,13.743633,6.0,-32186.14,46032.92
PF02/0001/B651,AQ,42.365573,13.493351,68.0,3476.919,25943.895
PF06/0001/B651,AQ,42.365703,13.50471,20.0,3474.911,26879.526
PF07/0001/B651,AQ,42.363412,13.493942,21.0,3236.077,25988.332
PF07/0002/B651,AQ,42.36319,13.507252,20.0,3192.102,27084.001
PF06/0003/B651,AQ,42.368116,13.526084,70.0,3712.08,28644.234
PF10/0003/B651,AQ,42.36974,13.52447,21.0,3894.672,28514.509
PF06/0004/B651,AQ,42.370117,13.530095,12.0,3928.508,28978.394
PF07/0004/B651,AQ,42.366729,13.529844,20.0,3552.653,28951.203
PF08/0004/B651,AQ,42.369806,13.533405,20.0,3889.247,29250.352
PF06/0005/B651,AQ,42.375261,13.548865,20.0,4473.211,30533.653
PF07/0005/B651,AQ,42.380112,13.54523,20.0,5016.931,30243.597
PF04/0007/B651,AQ,42.361731,13.481372,70.0,3067.825,24949.888
PF05/0007/B651,AQ,42.360353,13.488143,70.0,2904.935,25504.769
PF06/0007/B651,AQ,42.357434,13.479259,70.0,2593.871,24767.365
PF07/0007/B651,AQ,42.358295,13.485203,50.0,2680.658,25258.524
PF08/0007/B651,AQ,42.361824,13.486305,70.0,3071.007,25356.316
PF09/0007/B651,AQ,42.364036,13.482365,20.0,3322.387,25036.209
PF10/0007/B651,AQ,42.357434,13.488129,20.0,2580.794,25497.798
PF04/0008/B651,AQ,42.360953,13.499966,70.0,2954.286,26479.57
PF07/0008/B651,AQ,42.358054,13.507862,20.0,2620.963,27124.219
PF08/0008/B651,AQ,42.362167,13.494993,20.0,3096.313,26072.4
PF02/0009/B651,AQ,42.362979,13.527024,52.0,3140.331,28711.748
PF06/0009/B651,AQ,42.360359,13.524266,70.0,2853.27,28479.571
PF09/0009/B651,AQ,42.365461,13.526141,21.0,3417.21,28643.868
PF06/0010/B651,AQ,42.362193,13.529403,72.0,3049.65,28906.164
PF12/0010/B651,AQ,42.363602,13.531232,21.0,3203.523,29059.448
PF03/0013/B651,AQ,42.363681,13.572288,20.0,3154.617,32440.49
PF11/0014/B651,AQ,42.361353,13.573652,20.0,2894.292,32548.507
PF04/0015/B651,AQ,42.357267,13.464472,20.0,2597.237,23549.139
PF05/0015/B651,AQ,42.354065,13.466882,21.0,2238.088,23741.22
PF06/0016/B651,AQ,42.360745,13.464603,52.0,2983.153,23566.955
PF07/0016/B651,AQ,42.349283,13.473148,12.0,1697.749,24247.753
PF08/0016/B651,AQ,42.356776,13.471663,20.0,2532.03,24140.466
PF02/0017/B651,AQ,42.355405,13.47661,50.0,2372.488,24545.113
PF04/0017/B651,AQ,42.35109,13.480568,50.0,1887.438,24862.503
PF08/0017/B651,AQ,42.355731,13.481128,20.0,2401.991,24917.88
PF09/0017/B651,AQ,42.358259,13.476837,20.0,2689.025,24569.518
PF04/0018/B651,AQ,42.398072,13.424742,70.0,7188.088,20361.157
PF06/0018/B651,AQ,42.348231,13.500701,21.0,1540.599,26515.229
PF07/0018/B651,AQ,42.349867,13.499297,21.0,1724.24,26402.755
PF08/0018/B651,AQ,42.35411,13.493413,12.0,2204.0,25926.5
PF08/0019/B651,AQ,42.349508,13.51721,10.0,1658.5,27877.5
PF11/0019/B651,AQ,42.356337,13.510501,70.0,2426.435,27338.142
PF12/0019/B651,AQ,42.349544,13.508682,20.0,1674.742,27175.125
PF13/0019/B651,AQ,42.351816,13.510327,21.0,1924.66,27315.066
PF05/0020/B651,AQ,42.351478,13.530757,20.0,1857.838,28997.096
PF06/0020/B651,AQ,42.350834,13.527163,20.0,1791.529,28699.884
PF05/0021/B651,AQ,42.342729,13.53009,20.0,887.353,28925.341
PF06/0021/B651,AQ,42.345889,13.522397,21.0,1249.269,28297.738
PF03/0022/B651,AQ,42.350833,13.535839,70.0,1779.062,29414.472
PF04/0022/B651,AQ,42.346528,13.539031,21.0,1296.446,29669.163
PF03/0023/B651,AQ,42.357131,13.57336,20.0,2425.819,32516.6
PF04/0023/B651,AQ,42.355253,13.567199,20.0,2225.869,32005.65
PF03/0024/B651,AQ,42.350443,13.483893,20.0,1810.698,25135.117
PF01/0025/B651,AQ,42.398854,13.419386,70.0,7283.212,19921.927
PF05/0025/B651,AQ,42.341576,13.493257,21.0,812.469,25888.916
PF02/0026/B651,AQ,42.345865,13.510621,70.0,1263.473,27327.688
PF07/0026/B651,AQ,42.34382,13.506254,21.0,1042.655,26963.95
PF08/0026/B651,AQ,42.347186,13.5128,21.0,1406.998,27509.71
PF03/0027/B651,AQ,42.395042,13.421757,70.0,6856.205,20109.232
PF06/0027/B651,AQ,42.345001,13.499331,70.0,1183.911,26396.052
PF09/0027/B651,AQ,42.345871,13.500217,20.0,1279.169,26470.668
PF05/0028/B651,AQ,42.342312,13.509529,20.0,870.503,27230.86
PF05/0029/B651,AQ,42.341816,13.525325,21.0,792.773,28531.088
PF05/0030/B651,AQ,42.344008,13.535446,21.0,1021.707,29369.004
PF06/0030/B651,AQ,42.339997,13.537051,21.0,574.121,29493.562
PF07/0031/B651,AQ,42.340661,13.554976,21.0,622.554,30971.465
PF04/0035/B651,AQ,42.333268,13.558981,20.0,-203.949,31287.516
PF02/0038/B651,AQ,42.337594,13.518777,21.0,333.368,27983.481
PF05/0040/B651,AQ,42.339081,13.532803,20.0,478.352,29141.879
PF06/0040/B651,AQ,42.341156,13.532914,21.0,708.679,29154.956
PF03/0041/B651,AQ,42.32585,13.54293,21.0,-1005.092,29950.939
PF08/0042/B651,AQ,42.337464,13.551784,20.0,272.024,30702.435
PF01/0001/B656,AQ,42.097245,13.085054,52.0,-25641.79,-8347.762
PF02/0001/B656,AQ,42.095188,13.079629,12.0,-25860.14,-8801.51
PF01/0002/B656,AQ,42.097488,13.103623,50.0,-25649.049,-6811.543
PF02/0002/B656,AQ,42.106129,13.101121,50.0,-24684.967,-6997.085
PF03/0002/B656,AQ,42.1029,13.097549,52.0,-25036.968,-7300.486
PF04/0002/B656,AQ,42.099914,13.095266,52.0,-25364.345,-7496.664
PF02/0003/B656,AQ,42.086111,13.082764,70.0,-26873.821,-8564.859
PF03/0003/B656,AQ,42.087653,13.077784,50.0,-26693.394,-8972.949
PF04/0003/B656,AQ,42.090277,13.074287,70.0,-26395.46,-9255.618
PF05/0003/B656,AQ,42.08978,13.083146,70.0,-26467.214,-8524.127
PF01/0004/B656,AQ,42.090935,13.088573,8.0,-26349.01,-8072.39
PF02/0004/B656,AQ,42.084424,13.090772,70.0,-27076.025,-7906.718
PF03/0004/B656,AQ,42.093747,13.092905,52.0,-26044.684,-7707.192
PF04/0004/B656,AQ,42.094811,13.096291,52.0,-25932.881,-7424.467
PF05/0004/B656,AQ,42.087539,13.095924,70.0,-26739.685,-7472.873
PF06/0004/B656,AQ,42.093936,13.089104,50.0,-26016.742,-8021.004
PF07/0004/B656,AQ,42.093022,13.086187,52.0,-26112.855,-8264.575
PF09/0004/B656,AQ,42.084466,13.086139,70.0,-27062.805,-8289.792
PF10/0004/B656,AQ,42.089762,13.095518,50.0,-26492.029,-7500.879
PF11/0004/B656,AQ,42.088898,13.085945,52.0,-26570.3,-8294.794
PF01/0005/B656,AQ,42.089308,13.109901,8.0,-26568.92,-6312.49
PF02/0005/B656,AQ,42.089188,13.10724,50.0,-26577.376,-6532.817
PF04/0005/B656,AQ,42.087176,13.097977,50.0,-26783.715,-7303.92
PF05/0005/B656,AQ,42.091734,13.098809,50.0,-26279.118,-7223.828
PF06/0005/B656,AQ,42.087328,13.103543,50.0,-26777.113,-6843.212
PF02/0007/B656,AQ,42.079434,13.08424,56.0,-27618.029,-8459.44
PF03/0007/B656,AQ,42.085328,13.079505,50.0,-26954.702,-8836.418
PF04/0007/B656,AQ,42.082567,13.084687,56.0,-27270.948,-8414.663
PF01/0008/B656,AQ,42.082019,13.088193,56.0,-27338.28,-8126.002
PF01/0009/B656,AQ,42.084854,13.093801,8.0,-27033.84,-7655.11
PF08/0009/B656,AQ,42.084644,13.097612,56.0,-27064.181,-7340.41
PF10/0009/B656,AQ,42.08253,13.097733,70.0,-27299.164,-7335.603
PF12/0009/B656,AQ,42.082194,13.093677,56.0,-27329.008,-7671.932
PF01/0010/B656,AQ,42.08207,13.105927,8.0,-27365.33,-6658.92
PF02/0010/B656,AQ,42.085621,13.106989,50.0,-26972.984,-6562.395
PF03/0010/B656,AQ,42.082839,13.111003,50.0,-27289.256,-6237.177
PF01/0011/B656,AQ,42.07792,13.086517,54.0,-27790.288,-8274.775
PF02/0011/B656,AQ,42.076909,13.090674,70.0,-27910.24,-7933.444
PF03/0011/B656,AQ,42.0735,13.095696,70.0,-28298.132,-7526.414
PF01/0012/B656,AQ,42.079298,13.092144,8.0,-27647.68,-7805.89
PF02/0012/B656,AQ,42.077911,13.104501,50.0,-27824.533,-6787.189
PF03/0012/B656,AQ,42.079065,13.107536,50.0,-27701.927,-6533.286
PF04/0012/B656,AQ,42.079931,13.097169,56.0,-27586.749,-7388.648
PF05/0012/B656,AQ,42.081784,13.101684,50.0,-27389.298,-7010.642
PF06/0012/B656,AQ,42.07625,13.094896,70.0,-27991.303,-7585.804
PF07/0012/B656,AQ,42.078667,13.100949,50.0,-27733.993,-7079.133
PF01/0013/B656,AQ,42.080471,13.111654,50.0,-27553.296,-6189.15
PF02/0013/B656,AQ,42.076139,13.118503,50.0,-28046.868,-5633.181
PF03/0013/B656,AQ,42.076443,13.114818,50.0,-28006.424,-5937.256
PF01/0014/B656,AQ,42.071228,13.095485,70.0,-28549.938,-7549.48
PF01/0015/B656,AQ,42.073059,13.105677,50.0,-28365.377,-6701.804
PF03/0015/B656,AQ,42.076501,13.107676,50.0,-27986.864,-6527.975
PF04/0015/B656,AQ,42.076552,13.101862,70.0,-27970.538,-7008.808
PF02/0016/B656,AQ,42.069957,13.116552,54.0,-28729.758,-5809.694
PF03/0016/B656,AQ,42.067665,13.113453,52.0,-28978.569,-6071.703
PF04/0016/B656,AQ,42.073804,13.117245,54.0,-28303.858,-5742.997
PF01/0017/B656,AQ,42.068846,13.119838,8.0,-28859.1,-5540.54
PF02/0017/B656,AQ,42.069893,13.131418,52.0,-28763.783,-4579.958
PF03/0017/B656,AQ,42.06849,13.123098,54.0,-28904.538,-5271.744
PF04/0017/B656,AQ,42.071003,13.122375,54.0,-28624.227,-5325.427
PF05/0017/B656,AQ,42.06597,13.119625,54.0,-29178.09,-5565.233
PF06/0017/B656,AQ,42.064106,13.121778,50.0,-29388.984,-5391.645
PF07/0017/B656,AQ,42.063831,13.12142,52.0,-29418.809,-5421.926
PF01/0019/B656,AQ,42.06417,13.145394,8.0,-29424.49,-3437.46
PF02/0019/B656,AQ,42.064121,13.145294,9.0,-29429.74,-3445.86
PF03/0019/B656,AQ,42.076652,13.144879,52.0,-28037.555,-3449.971
PF04/0019/B656,AQ,42.070465,13.14838,50.0,-28730.916,-3175.25
PF05/0019/B656,AQ,42.067025,13.144752,50.0,-29106.367,-3483.745
PF08/0019/B656,AQ,42.073768,13.14444,50.0,-28357.082,-3493.274
PF09/0019/B656,AQ,42.073598,13.147984,50.0,-28382.22,-3200.473
PF10/0019/B656,AQ,42.07023,13.14208,12.0,-28745.687,-3697.075
PF02/0020/B656,AQ,42.072325,13.151082,50.0,-28529.158,-2947.241
PF01/0021/B656,AQ,42.064462,13.11624,52.0,-29339.291,-5849.01
PF03/0021/B656,AQ,42.064451,13.11333,52.0,-29335.233,-6089.782
PF04/0021/B656,AQ,42.066032,13.107992,50.0,-29149.898,-6527.573
PF05/0021/B656,AQ,42.063861,13.113658,12.0,-29401.4,-6064.1
PF01/0022/B656,AQ,42.067742,13.128647,52.0,-28997.709,-4814.438
PF02/0022/B656,AQ,42.066199,13.124195,50.0,-29160.878,-5186.554
PF03/0022/B656,AQ,42.062934,13.125561,50.0,-29525.952,-5081.47
PF01/0023/B656,AQ,42.064237,13.134456,52.0,-29397.367,-4342.319
PF02/0023/B656,AQ,42.066352,13.141431,50.0,-29175.096,-3760.129
PF03/0023/B656,AQ,42.066708,13.133191,52.0,-29120.698,-4441.03
PF01/0024/B656,AQ,42.053403,13.111798,7.0,-30559.16,-6243.67
PF02/0024/B656,AQ,42.054559,13.127774,8.0,-30459.85,-4918.77
PF03/0024/B656,AQ,42.056415,13.129745,54.0,-30257.335,-4751.14
PF04/0024/B656,AQ,42.061786,13.121872,52.0,-29646.704,-5389.529
PF05/0024/B656,AQ,42.058514,13.122834,50.0,-30011.772,-5317.897
PF06/0024/B656,AQ,42.062456,13.118745,52.0,-29566.619,-5646.594
PF03/0025/B656,AQ,42.060299,13.125976,50.0,-29819.234,-5053.585
PF04/0025/B656,AQ,42.059268,13.13042,50.0,-29941.81,-4688.302
PF01/0026/B656,AQ,42.06122,13.140034,52.0,-29742.387,-3888.112
PF02/0026/B656,AQ,42.061501,13.13508,50.0,-29702.314,-4297.311
PF01/0027/B656,AQ,42.059953,13.145845,9.0,-29893.6,-3410.33
PF02/0027/B656,AQ,42.062292,13.143536,56.0,-29629.734,-3595.73
PF01/0028/B656,AQ,42.064861,13.158857,50.0,-29371.833,-2321.875
PF02/0028/B656,AQ,42.065574,13.155798,50.0,-29287.196,-2573.323
PF03/0028/B656,AQ,42.062044,13.149276,54.0,-29667.473,-3121.369
PF04/0028/B656,AQ,42.062772,13.15747,70.0,-29601.329,-2441.695
PF05/0028/B656,AQ,42.062795,13.163071,70.0,-29608.744,-1978.154
PF06/0028/B656,AQ,42.060729,13.16452,70.0,-29840.766,-1863.202
PF07/0028/B656,AQ,42.065254,13.152053,12.0,-29316.07,-2883.94
PF08/0028/B656,AQ,42.063297,13.154339,12.0,-29537.42,-2699.45
PF09/0028/B656,AQ,42.06742,13.151294,50.0,-29074.187,-2941.475
PF01/0029/B656,AQ,42.057596,13.167098,70.0,-30193.232,-1657.331
PF02/0029/B656,AQ,42.05461,13.169316,50.0,-30528.678,-1480.92
PF04/0029/B656,AQ,42.064,13.168186,12.0,-29484.081,-1552.041
PF01/0030/B656,AQ,42.056721,13.13646,50.0,-30235.494,-4194.693
PF02/0031/B656,AQ,42.056782,13.140491,56.0,-30236.044,-3860.997
PF03/0031/B656,AQ,42.056159,13.144072,12.0,-30311.6,-3566.2
PF01/0032/B656,AQ,42.056937,13.15067,52.0,-30237.094,-3018.329
PF02/0032/B656,AQ,42.059137,13.152666,54.0,-29996.341,-2847.851
PF01/0033/B656,AQ,42.045164,13.10968,54.0,-31470.14,-6439.168
PF02/0033/B656,AQ,42.047771,13.106836,12.0,-31175.434,-6668.093
PF01/0034/B656,AQ,42.052431,13.134998,70.0,-30709.253,-4326.047
PF03/0034/B656,AQ,42.05162,13.139445,9.0,-30807.33,-3960.03
PF05/0034/B656,AQ,42.050886,13.143503,70.0,-30896.114,-3625.963
PF06/0034/B656,AQ,42.049713,13.141622,56.0,-31023.035,-3784.474
PF08/0034/B656,AQ,42.052676,13.142618,9.0,-30695.8,-3694.92
PF10/0034/B656,AQ,42.053964,13.137242,56.0,-30543.069,-4136.659
PF11/0034/B656,AQ,42.053764,13.139014,56.0,-30568.517,-3990.537
PF12/0034/B656,AQ,42.05428,13.141579,56.0,-30515.765,-3777.015
PF16/0034/B656,AQ,42.050345,13.136655,70.0,-30943.848,-4194.044
PF01/0035/B656,AQ,42.050733,13.144763,9.0,-30915.33,-3522.1
PF03/0035/B656,AQ,42.050441,13.147421,56.0,-30952.547,-3302.796
PF07/0035/B656,AQ,42.053183,13.144607,56.0,-30643.044,-3529.093
PF11/0035/B656,AQ,42.053259,13.147389,50.0,-30639.606,-3298.685
PF01/0036/B656,AQ,42.052892,13.153645,9.0,-30691.61,-2781.87
PF05/0036/B656,AQ,42.050866,13.150377,70.0,-30910.626,-3057.156
PF07/0036/B656,AQ,42.051791,13.154194,56.0,-30814.781,-2739.023
PF10/0036/B656,AQ,42.05429,13.151828,70.0,-30533.129,-2928.845
PF11/0036/B656,AQ,42.050549,13.154073,56.0,-30952.483,-2752.001
PF01/0037/B656,AQ,42.05392,13.155276,9.0,-30580.33,-2644.38
PF02/0037/B656,AQ,42.053965,13.158193,70.0,-30580.588,-2402.902
PF03/0037/B656,AQ,42.056872,13.159045,70.0,-30259.244,-2325.434
PF04/0037/B656,AQ,42.056064,13.163245,70.0,-30356.482,-1979.805
PF05/0037/B656,AQ,42.058507,13.161945,70.0,-30082.831,-2081.588
PF06/0037/B656,AQ,42.059776,13.155992,70.0,-29931.395,-2571.114
PF07/0037/B656,AQ,42.05727,13.153661,70.0,-30205.512,-2770.009
PF08/0037/B656,AQ,42.050236,13.162925,56.0,-31002.993,-2020.175
PF09/0037/B656,AQ,42.053441,13.164799,12.0,-30650.5,-1857.5
PF02/0038/B656,AQ,42.048236,13.167291,56.0,-31232.839,-1663.665
PF03/0038/B656,AQ,42.044592,13.169639,70.0,-31641.674,-1477.949
PF04/0038/B656,AQ,42.05123,13.168798,50.0,-30903.037,-1531.817
PF02/0040/B656,AQ,42.043967,13.112656,54.0,-31608.516,-6195.802
PF03/0040/B656,AQ,42.041199,13.112142,54.0,-31914.951,-6245.097
PF04/0040/B656,AQ,42.039431,13.132066,70.0,-32147.507,-4600.285
PF01/0041/B656,AQ,42.043073,13.136649,9.0,-31751.34,-4212.07
PF02/0041/B656,AQ,42.054169,13.132617,56.0,-30511.96,-4518.892
PF03/0041/B656,AQ,42.046916,13.140078,70.0,-31330.817,-3919.018
PF04/0041/B656,AQ,42.041317,13.134642,56.0,-31942.676,-4382.438
PF05/0041/B656,AQ,42.04157,13.131271,70.0,-31908.514,-4660.91
PF06/0041/B656,AQ,42.050511,13.132935,56.0,-30918.725,-4501.46
PF07/0041/B656,AQ,42.046852,13.136778,12.0,-31331.944,-4192.251
PF05/0042/B656,AQ,42.048815,13.145299,56.0,-31129.301,-3482.335
PF06/0042/B656,AQ,42.047451,13.141333,70.0,-31273.632,-3813.869
PF08/0042/B656,AQ,42.046259,13.143639,9.0,-31410.13,-3625.91
PF09/0042/B656,AQ,42.048846,13.138362,56.0,-31113.431,-4056.333
PF10/0042/B656,AQ,42.044658,13.142739,52.0,-31586.297,-3704.244
PF13/0042/B656,AQ,42.048579,13.147786,56.0,-31159.983,-3277.046
PF01/0043/B656,AQ,42.050734,13.14776,70.0,-30920.666,-3274.011
PF03/0043/B656,AQ,42.049576,13.150372,9.0,-31053.869,-3060.677
PF11/0043/B656,AQ,42.043654,13.147688,52.0,-31706.633,-3297.026
PF13/0043/B656,AQ,42.039791,13.144575,56.0,-32130.024,-3564.03
PF14/0043/B656,AQ,42.046456,13.14659,56.0,-31393.581,-3381.139
PF15/0043/B656,AQ,42.046564,13.149713,56.0,-31387.137,-3122.469
PF01/0044/B656,AQ,42.049271,13.156527,56.0,-31098.798,-2552.007
PF03/0044/B656,AQ,42.04399,13.162878,52.0,-31696.434,-2039.016
PF04/0044/B656,AQ,42.044185,13.159455,50.0,-31668.762,-2321.812
PF05/0044/B656,AQ,42.045064,13.166531,70.0,-31583.71,-1734.117
PF06/0044/B656,AQ,42.044145,13.159683,56.0,-31673.531,-2303.09
PF07/0044/B656,AQ,42.04706,13.160702,12.0,-31351.7,-2211.75
PF01/0045/B656,AQ,42.04218,13.097549,8.0,-31779.27,-7450.56
PF02/0045/B656,AQ,42.043991,13.106184,12.0,-31593.964,-6731.389
PF01/0046/B656,AQ,42.038358,13.123656,70.0,-32251.318,-5299.007
PF04/0046/B656,AQ,42.034463,13.122211,56.0,-32681.203,-5428.11
PF06/0046/B656,AQ,42.030739,13.111634,12.0,-33075.488,-6312.764
PF07/0046/B656,AQ,42.036987,13.122022,12.0,-32400.639,-5437.591
PF08/0046/B656,AQ,42.039502,13.120716,12.0,-32118.94,-5539.59
PF01/0047/B656,AQ,42.038219,13.128836,8.0,-32276.14,-4870.56
PF02/0047/B656,AQ,42.037225,13.130397,9.0,-32389.42,-4743.74
PF03/0047/B656,AQ,42.036904,13.125348,70.0,-32415.85,-5162.514
PF04/0047/B656,AQ,42.039023,13.126479,70.0,-32182.673,-5063.724
PF01/0048/B656,AQ,42.038617,13.138072,9.0,-32248.628,-4105.113
PF02/0048/B656,AQ,42.039057,13.134937,52.0,-32194.156,-4363.552
PF01/0049/B656,AQ,42.044828,13.140423,9.0,-31563.22,-3895.53
PF02/0049/B656,AQ,42.039737,13.141126,9.0,-32129.87,-3849.59
PF03/0049/B656,AQ,42.043097,13.138899,70.0,-31752.686,-4025.775
PF04/0049/B656,AQ,42.043107,13.142335,52.0,-31757.846,-3741.393
PF05/0049/B656,AQ,42.040921,13.137952,70.0,-31992.657,-4109.479
PF01/0050/B656,AQ,42.036886,13.134845,9.0,-32435.11,-4376.43
PF03/0050/B656,AQ,42.034605,13.135546,54.0,-32689.66,-4323.89
PF01/0051/B656,AQ,42.0292,13.138106,8.0,-33294.34,-4125.08
PF04/0051/B656,AQ,42.037419,13.140896,56.0,-32386.801,-3874.224
PF05/0051/B656,AQ,42.031624,13.139426,54.0,-33027.611,-4009.92
PF06/0051/B656,AQ,42.032661,13.136978,70.0,-32908.038,-4210.037
PF07/0051/B656,AQ,42.031318,13.1363,54.0,-33055.913,-4269.462
PF09/0051/B656,AQ,42.036037,13.137848,12.0,-32534.8,-4129.91
PF01/0052/B656,AQ,42.03645,13.156791,7.0,-32522.9,-2560.87
PF02/0052/B656,AQ,42.025754,13.179097,8.0,-33750.12,-739.69
PF03/0052/B656,AQ,42.045249,13.180375,8.0,-31587.62,-587.85
PF04/0052/B656,AQ,42.03952,13.147709,56.0,-32165.753,-3305.216
PF01/0053/B656,AQ,42.031568,13.093523,8.0,-32950.09,-7810.03
PF02/0053/B656,AQ,42.023274,13.112137,8.0,-33905.29,-6289.41
PF03/0053/B656,AQ,42.032395,13.107636,12.0,-32884.234,-6639.666
PF01/0054/B656,AQ,42.032358,13.12132,50.0,-32913.369,-5507.003
PF02/0054/B656,AQ,42.029915,13.120103,50.0,-33182.349,-5613.653
PF03/0054/B656,AQ,42.026697,13.120431,54.0,-33540.32,-5594.427
PF04/0054/B656,AQ,42.028875,13.113628,12.0,-33286.028,-6152.243
PF01/0055/B656,AQ,42.034746,13.127003,70.0,-32658.497,-5030.739
PF02/0055/B656,AQ,42.031699,13.124572,56.0,-32992.465,-5239.418
PF04/0055/B656,AQ,42.034004,13.130684,56.0,-32747.541,-4727.853
PF05/0055/B656,AQ,42.031062,13.13476,54.0,-33081.614,-4397.562
PF06/0055/B656,AQ,42.028101,13.124807,54.0,-33392.379,-5228.675
PF07/0055/B656,AQ,42.025364,13.126922,54.0,-33700.096,-5060.218
PF08/0055/B656,AQ,42.024315,13.129966,54.0,-33822.142,-4810.75
PF09/0055/B656,AQ,42.032215,13.128864,10.0,-32942.95,-4882.8
PF01/0056/B656,AQ,42.026112,13.131737,9.0,-33625.82,-4659.76
PF02/0056/B656,AQ,42.022459,13.13271,54.0,-34033.13,-4588.058
PF03/0056/B656,AQ,42.027802,13.135899,70.0,-33445.608,-4311.172
PF04/0056/B656,AQ,42.025567,13.141963,56.0,-33704.687,-3814.505
PF06/0056/B656,AQ,42.022928,13.14109,50.0,-33996.193,-3893.187
PF07/0056/B656,AQ,42.020678,13.134519,54.0,-34234.138,-4442.593
PF08/0056/B656,AQ,42.025189,13.135533,54.0,-33735.106,-4347.776
PF09/0056/B656,AQ,42.028207,13.136074,12.0,-33400.991,-4295.694
PF01/0057/B656,AQ,42.028826,13.142193,54.0,-33343.228,-3787.599
PF02/0057/B656,AQ,42.023006,13.146934,50.0,-33998.048,-3409.124
PF03/0057/B656,AQ,42.021218,13.14487,50.0,-34192.875,-3584.265
PF04/0057/B656,AQ,42.02712,13.150951,50.0,-33548.46,-3066.649
PF05/0057/B656,AQ,42.025965,13.154006,50.0,-33682.138,-2816.509
PF01/0059/B656,AQ,42.015431,13.101684,8.0,-34756.98,-7174.21
PF02/0060/B656,AQ,42.021177,13.127706,54.0,-34166.403,-5005.477
PF03/0060/B656,AQ,42.017407,13.131323,12.0,-34591.64,-4715.171
PF01/0001/B658,AQ,42.629639,13.029222,8.0,33582.51,-11593.94
PF02/0001/B658,AQ,42.619367,13.02252,8.0,32454.56,-12170.2
PF01/0002/B658,AQ,42.614496,13.000394,50.0,31956.342,-13997.682
PF02/0003/B658,AQ,42.61128,13.002415,50.0,31595.248,-13840.323
PF03/0003/B658,AQ,42.612514,13.015656,50.0,31706.818,-12751.036
PF04/0003/B658,AQ,42.611667,13.010598,56.0,31622.494,-13168.089
PF05/0003/B658,AQ,42.610297,13.005572,12.0,31480.0,-13584.0
PF06/0003/B658,AQ,42.60901,13.012214,12.0,31324.281,-13042.545
PF01/0004/B658,AQ,42.606274,13.004814,9.0,31034.733,-13656.715
PF02/0004/B658,AQ,42.606197,13.010732,9.0,31014.738,-13171.428
PF03/0004/B658,AQ,42.603273,13.005817,9.0,30699.585,-13582.29
PF04/0004/B658,AQ,42.608177,13.005335,70.0,31245.096,-13608.982
PF05/0004/B658,AQ,42.602341,13.003785,70.0,30600.007,-13751.395
PF06/0004/B658,AQ,42.604772,13.005224,54.0,30867.141,-13626.994
PF01/0005/B658,AQ,42.60611,13.014138,8.0,30998.55,-12892.24
PF02/0005/B658,AQ,42.603271,13.020596,9.0,30670.817,-12369.827
PF03/0005/B658,AQ,42.60563,13.017219,52.0,30939.304,-12640.717
PF04/0005/B658,AQ,42.610095,13.016056,56.0,31437.359,-12724.553
PF05/0005/B658,AQ,42.605196,13.02224,56.0,30881.42,-12229.973
PF06/0005/B658,AQ,42.607918,13.020685,56.0,31186.681,-12350.448
PF07/0005/B658,AQ,42.603647,13.025091,56.0,30703.971,-12000.121
PF09/0005/B658,AQ,42.604346,13.018633,50.0,30793.946,-12528.088
PF10/0005/B658,AQ,42.605544,13.019494,50.0,30925.346,-12454.379
PF01/0006/B658,AQ,42.603915,13.043735,8.0,30698.23,-10469.96
PF02/0006/B658,AQ,42.610949,13.020836,50.0,31523.034,-12330.173
PF03/0006/B658,AQ,42.596037,13.033202,52.0,29843.354,-11354.384
PF01/0008/B658,AQ,42.601342,13.001479,8.0,30493.48,-13943.22
PF02/0008/B658,AQ,42.60128,13.001719,9.0,30486.192,-13923.675
PF03/0008/B658,AQ,42.59912,12.999612,70.0,30250.404,-14102.181
PF04/0008/B658,AQ,42.598169,13.002415,70.0,30139.338,-13874.707
PF05/0008/B658,AQ,42.594949,13.00398,9.0,29778.734,-13754.785
PF07/0008/B658,AQ,42.596702,12.996204,70.0,29988.475,-14388.2
PF08/0008/B658,AQ,42.594896,13.000101,50.0,29780.383,-14073.203
PF09/0008/B658,AQ,42.60199,12.997047,70.0,30574.055,-14305.135
PF11/0008/B658,AQ,42.596289,13.001186,70.0,29932.942,-13980.533
PF12/0008/B658,AQ,42.600279,13.006305,52.0,30366.15,-13550.098
PF01/0009/B658,AQ,42.594065,13.01957,9.0,29650.477,-12477.946
PF02/0009/B658,AQ,42.601283,13.01676,9.0,30457.442,-12689.746
PF03/0009/B658,AQ,42.601374,13.013104,9.0,30474.56,-12989.441
PF04/0009/B658,AQ,42.598104,13.012462,9.0,30112.691,-13050.645
PF05/0009/B658,AQ,42.595847,13.016015,9.0,29855.215,-12764.96
PF06/0009/B658,AQ,42.601475,13.009252,70.0,30493.291,-13305.152
PF08/0009/B658,AQ,42.598596,13.018991,12.0,30154.8,-12513.7
PF09/0009/B658,AQ,42.603631,13.010312,52.0,30730.651,-13212.571
PF01/0010/B658,AQ,42.594694,13.026916,70.0,29706.285,-11873.593
PF02/0010/B658,AQ,42.597686,13.03025,9.0,30032.122,-11592.32
PF05/0010/B658,AQ,42.60103,13.025836,50.0,30411.912,-11945.754
PF07/0010/B658,AQ,42.603411,13.019043,56.0,30689.376,-12496.857
PF10/0010/B658,AQ,42.595248,13.030649,52.0,29760.618,-11565.891
PF12/0010/B658,AQ,42.595331,13.023835,50.0,29782.965,-12124.695
PF14/0010/B658,AQ,42.597805,13.021933,56.0,30061.273,-12274.38
PF19/0010/B658,AQ,42.593122,13.025008,52.0,29535.371,-12034.193
PF20/0010/B658,AQ,42.597606,13.026954,52.0,30029.53,-11862.973
PF21/0010/B658,AQ,42.598994,13.024602,52.0,30188.247,-12052.28
PF22/0010/B658,AQ,42.598283,13.021649,52.0,30114.925,-12296.431
PF01/0011/B658,AQ,42.593587,13.055512,8.0,29529.08,-9530.15
PF02/0011/B658,AQ,42.591417,13.056277,50.0,29286.598,-9472.948
PF04/0011/B658,AQ,42.591554,13.03642,56.0,29339.407,-11101.869
PF01/0012/B658,AQ,42.59305,12.993574,9.0,29588.047,-14613.59
PF02/0012/B658,AQ,42.587622,13.004017,9.0,28965.006,-13770.971
PF03/0012/B658,AQ,42.589738,12.993089,52.0,29221.228,-14662.114
PF04/0012/B658,AQ,42.59149,12.997746,50.0,29406.725,-14275.372
PF05/0012/B658,AQ,42.592555,13.002085,56.0,29516.559,-13916.571
PF06/0012/B658,AQ,42.588532,13.00027,50.0,29073.38,-14075.977
PF09/0012/B658,AQ,42.587935,12.996869,52.0,29013.598,-14356.659
PF10/0012/B658,AQ,42.594407,12.996889,50.0,29732.304,-14337.991
PF11/0012/B658,AQ,42.592165,12.986736,50.0,29503.146,-15176.922
PF12/0012/B658,AQ,42.59456,12.996092,12.0,29750.786,-14403.025
PF02/0013/B658,AQ,42.584002,13.011001,9.0,28549.49,-13207.327
PF03/0013/B658,AQ,42.594638,13.007425,9.0,29737.501,-13472.941
PF04/0013/B658,AQ,42.588315,13.012824,56.0,29024.987,-13046.487
PF05/0013/B658,AQ,42.594431,13.010517,56.0,29708.618,-13219.786
PF06/0013/B658,AQ,42.590615,13.005627,56.0,29294.265,-13631.025
PF05/0014/B658,AQ,42.587287,13.021932,9.0,28893.336,-12301.712
PF10/0014/B658,AQ,42.590819,13.024629,9.0,29280.36,-12071.308
PF14/0014/B658,AQ,42.583123,13.024142,50.0,28426.705,-12131.155
PF16/0014/B658,AQ,42.58456,13.020521,9.0,28593.192,-12424.646
PF18/0014/B658,AQ,42.584796,13.016488,9.0,28627.123,-12754.957
PF19/0014/B658,AQ,42.591179,13.016061,70.0,29336.792,-12773.353
PF21/0014/B658,AQ,42.593127,13.02193,12.0,29541.832,-12286.714
PF23/0014/B658,AQ,42.587237,13.024825,70.0,28882.195,-12064.512
PF24/0014/B658,AQ,42.592144,13.021303,52.0,29433.85,-12340.713
PF01/0015/B658,AQ,42.592461,13.029516,8.0,29453.35,-11666.028
PF06/0015/B658,AQ,42.589389,13.028178,68.0,29114.758,-11783.767
PF07/0015/B658,AQ,42.592676,13.033601,50.0,29469.451,-11330.305
PF11/0015/B658,AQ,42.589342,13.03111,70.0,29103.934,-11543.324
PF13/0015/B658,AQ,42.59103,13.033742,12.0,29286.317,-11322.97
PF01/0016/B658,AQ,42.587107,13.037095,9.0,28844.357,-11057.958
PF02/0016/B658,AQ,42.585167,13.036633,9.0,28629.796,-11100.889
PF03/0016/B658,AQ,42.587202,13.033879,9.0,28860.983,-11321.606
PF04/0016/B658,AQ,42.582843,13.031542,9.0,28381.402,-11524.655
PF05/0016/B658,AQ,42.586558,13.03068,9.0,28795.625,-11585.8
PF06/0016/B658,AQ,42.583951,13.040019,50.0,28488.282,-10826.173
PF07/0016/B658,AQ,42.583461,13.035383,50.0,28442.764,-11207.843
PF08/0016/B658,AQ,42.583944,13.028491,52.0,28509.521,-11772.195
PF01/0017/B658,AQ,42.580123,13.065048,8.0,28015.92,-8781.95
PF02/0017/B658,AQ,42.583927,13.044168,50.0,28477.804,-10485.777
PF03/0017/B658,AQ,42.589079,13.05607,50.0,29027.407,-9495.865
PF01/0018/B658,AQ,42.591582,13.060075,50.0,29297.758,-9160.933
PF02/0019/B658,AQ,42.580936,13.026449,52.0,28179.409,-11947.515
PF01/0020/B658,AQ,42.581788,13.045308,8.0,28238.09,-10397.67
PF04/0020/B658,AQ,42.581112,13.044031,50.0,28165.455,-10504.206
PF05/0020/B658,AQ,42.577885,13.042838,10.0,27809.338,-10610.407
PF01/0021/B658,AQ,42.576789,13.038689,50.0,27695.457,-10953.725
PF01/0023/B658,AQ,42.569274,13.057652,8.0,26825.09,-9416.53
PF03/0002/B672,AQ,42.345891,13.412318,21.0,1412.932,19230.338
PF04/0004/B672,AQ,42.328659,13.411734,21.0,-499.65,19146.485
PF03/0005/B672,AQ,42.337168,13.418187,70.0,435.227,19695.769
PF05/0005/B672,AQ,42.330402,13.413424,21.0,-308.76,19289.31
PF04/0006/B672,AQ,42.327709,13.416732,21.0,-612.832,19556.364
PF03/0007/B672,AQ,42.333122,13.401527,21.0,11.675,18314.808
PF02/0008/B672,AQ,42.329561,13.404917,70.0,-389.023,18586.672
PF03/0008/B672,AQ,42.323792,13.401294,20.0,-1024.022,18276.134
PF03/0009/B672,AQ,42.325794,13.408156,21.0,-812.257,18845.691
PF14/0009/B672,AQ,42.328312,13.409283,70.0,-534.401,18943.812
PF15/0009/B672,AQ,42.325373,13.411644,21.0,-864.474,19132.285
PF05/0010/B672,AQ,42.322095,13.397066,20.0,-1205.87,17924.19
PF07/0013/B672,AQ,42.319528,13.395414,21.0,-1488.368,17782.696
PF08/0013/B672,AQ,42.320228,13.397908,20.0,-1414.533,17989.673
PF05/0014/B672,AQ,42.31861,13.405133,21.0,-1605.397,18581.699
PF03/0016/B672,AQ,42.325125,13.414349,20.0,-896.084,19354.62
PF02/0018/B672,AQ,42.32059,13.393078,21.0,-1366.765,17592.397
PF01/0001/B677,AQ,42.090394,12.94759,7.0,-26138.49,-19734.04
PF01/0002/B677,AQ,42.08702,12.932912,8.0,-26483.87,-20957.04
PF02/0002/B677,AQ,42.076561,12.941034,8.0,-27661.52,-20313.27
PF01/0003/B677,AQ,42.08179,12.978775,8.0,-27155.42,-17177.42
PF02/0003/B677,AQ,42.074529,12.961269,8.0,-27927.33,-18644.71
PF01/0004/B677,AQ,42.089651,12.964894,8.0,-26255.31,-18304.81
PF02/0004/B677,AQ,42.090489,12.990465,7.0,-26212.24,-16187.71
PF01/0005/B677,AQ,42.096155,13.003589,8.0,-25608.55,-15087.56
PF02/0005/B677,AQ,42.089668,13.015657,50.0,-26352.162,-14106.274
PF03/0005/B677,AQ,42.09375,13.013217,50.0,-25894.202,-14297.558
PF01/0006/B677,AQ,42.09374,13.016096,50.0,-25900.799,-14059.435
PF02/0006/B677,AQ,42.096032,13.01369,50.0,-25641.687,-14252.486
PF03/0006/B677,AQ,42.097212,13.010966,50.0,-25505.462,-14474.727
PF04/0006/B677,AQ,42.099705,13.010163,50.0,-25227.083,-14534.701
PF05/0006/B677,AQ,42.097886,13.007591,50.0,-25424.129,-14752.093
PF01/0007/B677,AQ,42.090439,13.024465,70.0,-26283.443,-13375.794
PF02/0007/B677,AQ,42.091558,13.019535,52.0,-26149.745,-13780.651
PF03/0007/B677,AQ,42.089485,13.020274,54.0,-26381.32,-13724.875
PF07/0007/B677,AQ,42.088568,13.025948,70.0,-26493.964,-13257.984
PF11/0007/B677,AQ,42.086574,13.024438,70.0,-26712.502,-13387.956
PF20/0007/B677,AQ,42.09495,13.028509,8.0,-25790.23,-13029.8
PF21/0007/B677,AQ,42.08222,13.01997,54.0,-27187.48,-13768.748
PF22/0007/B677,AQ,42.083324,13.022653,54.0,-27070.03,-13543.989
PF23/0007/B677,AQ,42.093824,13.024617,12.0,-25907.9,-13354.5
PF01/0008/B677,AQ,42.087962,13.026896,8.0,-26563.17,-13181.11
PF02/0008/B677,AQ,42.08596,13.031739,52.0,-26794.633,-12785.644
PF01/0009/B677,AQ,42.088768,13.030558,52.0,-26480.651,-12876.119
PF01/0010/B677,AQ,42.079963,13.013592,54.0,-27425.827,-14302.079
PF02/0010/B677,AQ,42.077695,13.01445,54.0,-27679.315,-14236.979
PF20/0010/B677,AQ,42.083057,13.016159,50.0,-27087.243,-14081.767
PF02/0011/B677,AQ,42.080548,13.016934,54.0,-27367.257,-14024.132
PF03/0011/B677,AQ,42.079696,13.019771,70.0,-27467.331,-13791.71
PF12/0011/B677,AQ,42.086436,13.028582,52.0,-26735.824,-13045.516
PF14/0011/B677,AQ,42.082226,13.019954,54.0,-27186.733,-13770.065
PF17/0011/B677,AQ,42.080396,13.022647,12.0,-27395.09,-13552.0
PF03/0012/B677,AQ,42.082198,13.035259,50.0,-27219.093,-12504.109
PF04/0012/B677,AQ,42.080386,13.036618,50.0,-27422.902,-12396.346
PF01/0014/B677,AQ,42.068058,12.982334,8.0,-28687.18,-16918.99
PF01/0015/B677,AQ,42.057711,12.995897,8.0,-29862.46,-15823.83
PF02/0015/B677,AQ,42.057877,13.015432,50.0,-29881.784,-14206.86
PF03/0015/B677,AQ,42.058367,13.012357,50.0,-29821.404,-14460.076
PF04/0015/B677,AQ,42.064317,12.997111,12.0,-29131.35,-15706.18
PF05/0015/B677,AQ,42.065941,12.991255,12.0,-28939.68,-16186.48
PF06/0015/B677,AQ,42.066389,12.998495,12.0,-28903.97,-15586.28
PF07/0015/B677,AQ,42.064946,13.011859,12.0,-29090.0,-14484.3
PF01/0016/B677,AQ,42.082611,13.00889,8.0,-27122.69,-14684.18
PF02/0016/B677,AQ,42.078719,13.000136,8.0,-27537.99,-15418.44
PF03/0016/B677,AQ,42.067433,13.013837,8.0,-28817.57,-14314.19
PF02/0017/B677,AQ,42.074924,13.023024,70.0,-28003.429,-13534.838
PF03/0017/B677,AQ,42.076401,13.019208,70.0,-27832.158,-13846.759
PF04/0017/B677,AQ,42.074315,13.019045,54.0,-28063.455,-13865.546
PF05/0017/B677,AQ,42.072548,13.020476,50.0,-28262.403,-13751.77
PF06/0017/B677,AQ,42.071503,13.022579,70.0,-28382.513,-13580.416
PF07/0017/B677,AQ,42.070643,13.025661,70.0,-28483.854,-13327.672
PF10/0017/B677,AQ,42.078783,13.030608,52.0,-27589.473,-12897.56
PF11/0017/B677,AQ,42.074998,13.029197,10.0,-28007.0,-13024.0
PF01/0018/B677,AQ,42.077224,13.022939,8.0,-27747.849,-13535.936
PF02/0018/B677,AQ,42.077466,13.025999,70.0,-27726.824,-13282.218
PF03/0018/B677,AQ,42.076173,13.028522,54.0,-27875.252,-13076.8
PF01/0021/B677,AQ,42.055183,13.029333,7.0,-30207.54,-13063.48
PF02/0021/B677,AQ,42.057471,13.018476,50.0,-29932.687,-13955.98
PF04/0021/B677,AQ,42.053435,13.024185,54.0,-30391.765,-13493.983
PF05/0021/B677,AQ,42.060557,13.015037,50.0,-29583.443,-14232.623
PF06/0021/B677,AQ,42.051585,13.028493,70.0,-30605.398,-13142.172
PF07/0021/B677,AQ,42.065292,13.015527,12.0,-29058.6,-14179.9
PF01/0022/B677,AQ,42.044097,12.988682,8.0,-31360.14,-16456.41
PF02/0022/B677,AQ,42.039083,13.012052,12.0,-31962.09,-14535.11
PF03/0022/B677,AQ,42.039983,13.008776,12.0,-31855.92,-14803.92
PF01/0023/B677,AQ,42.047266,13.011746,8.0,-31052.88,-14539.29
PF02/0023/B677,AQ,42.036256,13.029311,8.0,-32309.11,-13113.73
PF04/0023/B677,AQ,42.041877,13.011951,12.0,-31651.75,-14536.18
PF01/0025/B677,AQ,42.11359,12.997303,12.0,-23660.45,-15562.0
PF02/0025/B677,AQ,42.116768,12.994422,12.0,-23301.979,-15791.954
PF03/0025/B677,AQ,42.117508,12.996839,12.0,-23224.441,-15590.195
PF04/0025/B677,AQ,42.119273,12.994895,12.0,-23024.765,-15746.281
PF01/0026/B677,AQ,42.112912,12.989374,8.0,-23720.35,-16219.34
PF02/0026/B677,AQ,42.110418,12.985415,54.0,-23989.579,-16553.187
PF03/0026/B677,AQ,42.112621,12.986259,50.0,-23746.599,-16477.62
PF04/0026/B677,AQ,42.110857,12.988917,54.0,-23947.633,-16262.447
PF05/0026/B677,AQ,42.117674,12.987584,50.0,-23188.067,-16354.868
PF06/0026/B677,AQ,42.11016,12.993828,50.0,-24034.527,-15858.229
PF01/0028/B677,AQ,42.107097,13.004488,8.0,-24395.38,-14984.86
PF02/0028/B677,AQ,42.106415,12.993886,70.0,-24450.494,-15863.267
PF03/0028/B677,AQ,42.105353,12.996486,52.0,-24573.506,-15650.978
PF04/0028/B677,AQ,42.109826,12.993786,54.0,-24071.572,-15862.6
PF05/0028/B677,AQ,42.107602,12.995894,50.0,-24322.607,-15694.148
PF06/0028/B677,AQ,42.108091,12.991363,56.0,-24259.536,-16067.472
PF07/0028/B677,AQ,42.106495,13.000425,54.0,-24454.284,-15322.349
PF08/0028/B677,AQ,42.108813,12.996915,54.0,-24190.128,-15606.531
PF01/0029/B677,AQ,42.106609,12.988717,8.0,-24418.96,-16290.16
PF02/0029/B677,AQ,42.104227,12.990061,70.0,-24686.042,-16185.235
PF01/0031/B677,AQ,42.101113,12.975563,8.0,-25003.53,-17392.21
PF01/0036/B677,AQ,42.104452,13.017133,8.0,-24713.39,-13946.07
PF01/0037/B677,AQ,42.084404,12.911461,7.0,-26731.23,-22738.39
PF26/0003/B725,AQ,42.37863,13.420842,21.0,5035.184,19999.99
PF27/0003/B725,AQ,42.380104,13.418894,12.0,5201.877,19842.661
PF02/0004/B725,AQ,42.376081,13.423371,20.0,4748.283,20202.999
PF03/0005/B725,AQ,42.370556,13.443039,70.0,4104.889,21811.019
PF04/0005/B725,AQ,42.378065,13.44138,12.0,4941.25,21689.74
PF07/0005/B725,AQ,42.374749,13.443469,21.0,4569.918,21855.023
PF08/0005/B725,AQ,42.372312,13.445593,21.0,4296.076,22024.928
PF03/0007/B725,AQ,42.368045,13.428926,12.0,3847.5,20643.8
PF04/0007/B725,AQ,42.370639,13.430638,20.0,4132.931,20790.127
PF05/0007/B725,AQ,42.369705,13.426589,20.0,4035.424,20454.838
PF02/0008/B725,AQ,42.365463,13.439215,21.0,3545.172,21485.811
PF05/0009/B725,AQ,42.366857,13.448553,20.0,3685.86,22257.592
PF06/0009/B725,AQ,42.366767,13.453727,20.0,3668.111,22683.464
PF04/0015/B725,AQ,42.473033,13.391768,21.0,15562.872,17804.992
PF01/0001/B842,AQ,42.245416,12.825176,6.0,-8674.05,-29419.71
PF02/0001/B842,AQ,42.238082,12.830061,70.0,-9498.673,-29037.398
PF03/0002/B842,AQ,42.234758,12.852027,52.0,-9913.794,-27234.207
PF04/0002/B842,AQ,42.238435,12.848714,50.0,-9498.595,-27497.278
PF05/0002/B842,AQ,42.236454,12.852368,52.0,-9726.134,-27201.319
PF06/0002/B842,AQ,42.24432,12.840015,70.0,-8826.921,-28198.489
PF07/0002/B842,AQ,42.242934,12.853201,12.0,-9008.336,-27114.424
PF08/0002/B842,AQ,42.244179,12.844192,70.0,-8851.255,-27854.228
PF01/0003/B842,AQ,42.238361,12.86856,8.0,-9548.0,-25859.87
PF01/0004/B842,AQ,42.231772,12.88501,8.0,-10313.43,-24520.63
PF02/0006/B842,AQ,42.219808,12.853977,70.0,-11577.93,-27115.073
PF03/0006/B842,AQ,42.227254,12.85126,52.0,-10745.461,-27318.457
PF04/0006/B842,AQ,42.222022,12.851677,52.0,-11327.259,-27298.695
PF05/0006/B842,AQ,42.222214,12.855192,52.0,-11313.251,-27008.074
PF06/0006/B842,AQ,42.232796,12.853758,52.0,-10135.212,-27096.833
PF01/0009/B842,AQ,42.222994,12.844773,70.0,-11204.918,-27865.799
PF01/0010/B842,AQ,42.220747,12.847112,70.0,-11459.354,-27679.061
PF02/0010/B842,AQ,42.219421,12.851371,70.0,-11615.503,-27331.257
PF03/0010/B842,AQ,42.224452,12.850035,70.0,-11054.019,-27427.427
PF05/0010/B842,AQ,42.221692,12.851281,70.0,-11363.098,-27332.36
PF01/0011/B842,AQ,42.218387,12.856579,52.0,-11741.171,-26904.313
PF02/0011/B842,AQ,42.218985,12.859632,70.0,-11681.017,-26650.575
PF01/0016/B842,AQ,42.219883,12.838279,8.0,-11536.89,-28410.57
PF02/0016/B842,AQ,42.217916,12.829145,52.0,-11736.078,-29170.084
PF03/0016/B842,AQ,42.223145,12.829858,52.0,-11156.929,-29096.381
PF04/0016/B842,AQ,42.219689,12.836166,52.0,-11553.993,-28585.535
PF17/0016/B842,AQ,42.217824,12.843572,52.0,-11776.547,-27979.475
PF01/0017/B842,AQ,42.217044,12.848683,52.0,-11873.844,-27559.774
PF02/0017/B842,AQ,42.218547,12.850708,12.0,-11711.188,-27388.458
PF01/0018/B842,AQ,42.212302,12.851852,8.0,-12407.04,-27311.47
PF02/0018/B842,AQ,42.217533,12.853194,70.0,-11828.876,-27186.059
PF03/0018/B842,AQ,42.214195,12.858463,70.0,-12210.525,-26760.491
PF04/0018/B842,AQ,42.211203,12.860717,50.0,-12547.378,-26582.749
PF05/0018/B842,AQ,42.216674,12.858848,70.0,-11936.082,-26721.804
PF01/0019/B842,AQ,42.205253,12.871583,7.0,-13230.62,-25702.28
PF02/0019/B842,AQ,42.204444,12.872036,50.0,-13321.378,-25667.117
PF03/0019/B842,AQ,42.20549,12.868012,50.0,-13196.89,-25996.374
PF04/0019/B842,AQ,42.210461,12.864127,12.0,-12636.911,-26303.306
PF05/0019/B842,AQ,42.205069,12.876333,50.0,-13260.796,-25310.643
PF01/0020/B842,AQ,42.214918,12.864399,70.0,-12142.581,-26268.474
PF02/0020/B842,AQ,42.213535,12.861848,12.0,-12290.814,-26482.927
PF01/0021/B842,AQ,42.212099,12.888928,8.0,-12506.0,-24251.5
PF01/0022/B842,AQ,42.219085,12.90835,8.0,-11769.84,-22629.14
PF01/0024/B842,AQ,42.202568,12.834989,8.0,-13452.65,-28730.95
PF02/0024/B842,AQ,42.202871,12.842175,12.0,-13434.1,-28136.8
PF03/0024/B842,AQ,42.20442,12.839138,12.0,-13255.692,-28383.213
PF01/0025/B842,AQ,42.1961,12.848552,8.0,-14199.18,-27629.29
PF02/0025/B842,AQ,42.202174,12.855767,52.0,-13539.728,-27016.579
PF03/0025/B842,AQ,42.200183,12.853481,52.0,-13756.106,-27210.872
PF04/0025/B842,AQ,42.199444,12.848781,12.0,-13828.434,-27601.027
PF05/0025/B842,AQ,42.197192,12.849007,12.0,-14078.954,-27588.693
PF01/0026/B842,AQ,42.204347,12.862579,50.0,-13312.58,-26448.173
PF02/0026/B842,AQ,42.202208,12.859868,70.0,-13544.501,-26677.915
PF01/0027/B842,AQ,42.202896,12.871021,70.0,-13491.171,-25755.168
PF02/0027/B842,AQ,42.202073,12.863386,70.0,-13566.783,-26387.807
PF03/0027/B842,AQ,42.204677,12.866179,70.0,-13283.365,-26149.982
PF01/0029/B842,AQ,42.2014,12.905691,8.0,-13728.17,-22896.87
PF02/0029/B842,AQ,42.193802,12.890536,12.0,-14541.0,-24169.0
PF01/0030/B842,AQ,42.219965,13.544879,8.0,-12765.27,29910.6
PF01/0032/B842,AQ,42.191212,12.832503,50.0,-14708.452,-28968.26
PF02/0032/B842,AQ,42.18708,12.835306,50.0,-15173.198,-28748.466
PF02/0033/B842,AQ,42.192403,12.838282,50.0,-14588.339,-28487.728
PF03/0033/B842,AQ,42.194764,12.845089,50.0,-14340.346,-27918.963
PF04/0033/B842,AQ,42.196028,12.842507,50.0,-14194.656,-28128.666
PF05/0033/B842,AQ,42.198097,12.844063,12.0,-13968.152,-27994.362
PF06/0033/B842,AQ,42.186309,12.838713,50.0,-15265.871,-28469.235
PF07/0033/B842,AQ,42.198668,12.840692,12.0,-13897.64,-28271.11
PF09/0033/B842,AQ,42.188106,12.844609,12.0,-15078.667,-27977.308
PF01/0034/B842,AQ,42.189537,12.848849,8.0,-14928.67,-27623.18
PF03/0034/B842,AQ,42.184302,12.847178,50.0,-15506.394,-27775.813
PF06/0034/B842,AQ,42.079386,13.001357,12.0,-27466.3,-15315.7
PF01/0035/B842,AQ,42.200039,12.869052,70.0,-13804.331,-25925.665
PF01/0036/B842,AQ,42.183016,12.858935,50.0,-15673.7,-26808.504
PF01/0037/B842,AQ,42.188763,12.868346,8.0,-15054.97,-26015.26
PF02/0037/B842,AQ,42.181215,12.862645,50.0,-15881.386,-26507.086
PF01/0038/B842,AQ,42.20285,12.873518,50.0,-13501.377,-25549.193
PF03/0038/B842,AQ,42.199346,12.873041,12.0,-13889.468,-25598.271
PF01/0040/B842,AQ,42.19212,12.883572,8.0,-14713.5,-24748.69
PF01/0041/B842,AQ,42.192047,12.819976,8.0,-14589.39,-30000.34
PF02/0041/B842,AQ,42.188616,12.82993,50.0,-14991.282,-29188.1
PF03/0041/B842,AQ,42.184484,12.827442,50.0,-15444.929,-29405.267
PF01/0042/B842,AQ,42.19843,12.812017,8.0,-13863.71,-30639.37
PF02/0042/B842,AQ,42.187689,12.809552,50.0,-15051.257,-30873.543
PF01/0043/B842,AQ,42.178725,12.823378,50.0,-16075.847,-29757.154
PF02/0043/B842,AQ,42.1825,12.824044,50.0,-15658.081,-29691.5
PF03/0043/B842,AQ,42.183041,12.821565,12.0,-15592.789,-29894.689
PF01/0044/B842,AQ,42.17074,12.829669,70.0,-16975.788,-29260.132
PF02/0044/B842,AQ,42.175207,12.829339,52.0,-16479.042,-29274.768
PF03/0044/B842,AQ,42.172871,12.830354,52.0,-16740.579,-29197.585
PF04/0044/B842,AQ,42.171961,12.82565,70.0,-16831.714,-29588.64
PF01/0045/B842,AQ,42.179079,12.836894,8.0,-16064.96,-28639.85
PF02/0045/B842,AQ,42.185943,12.832207,50.0,-15292.923,-29007.573
PF03/0045/B842,AQ,42.181872,12.847059,12.0,-15775.994,-27792.477
PF01/0046/B842,AQ,42.17468,12.856008,7.0,-16593.25,-27073.43
PF02/0046/B842,AQ,42.179409,12.860307,50.0,-16077.026,-26705.194
PF01/0047/B842,AQ,42.16994,12.867499,52.0,-17143.418,-26137.486
PF02/0047/B842,AQ,42.171135,12.864898,52.0,-17005.34,-26349.045
PF03/0047/B842,AQ,42.166382,12.862022,50.0,-17527.11,-26599.803
PF04/0047/B842,AQ,42.16638,12.866536,50.0,-17536.765,-26226.972
PF05/0047/B842,AQ,42.164865,12.864864,50.0,-17701.437,-26369.302
PF06/0047/B842,AQ,42.169774,12.858841,52.0,-17143.895,-26853.125
PF07/0047/B842,AQ,42.172039,12.860675,52.0,-16896.166,-26695.33
PF08/0047/B842,AQ,42.170792,12.864056,52.0,-17041.639,-26419.545
PF09/0047/B842,AQ,42.172047,12.856308,12.0,-16886.248,-27056.02
PF10/0047/B842,AQ,42.167237,12.858912,12.0,-17425.818,-26854.331
PF01/0049/B842,AQ,42.171167,12.870763,8.0,-17013.87,-25864.44
PF02/0049/B842,AQ,42.16836,12.871853,50.0,-17327.777,-25782.232
PF03/0049/B842,AQ,42.172478,12.868545,50.0,-16863.7,-26044.029
PF05/0049/B842,AQ,42.170023,12.869823,50.0,-17138.993,-25945.301
PF06/0049/B842,AQ,42.170851,12.873308,50.0,-17054.242,-25655.126
PF01/0051/B842,AQ,42.177627,12.884145,8.0,-16324.02,-24741.27
PF02/0051/B842,AQ,42.173953,12.904093,7.0,-16772.72,-23103.76
PF03/0051/B842,AQ,42.167417,12.89931,70.0,-17488.794,-23516.716
PF04/0051/B842,AQ,42.169571,12.89779,50.0,-17246.499,-23636.356
PF05/0051/B842,AQ,42.167628,12.904031,70.0,-17474.926,-23126.148
PF01/0052/B842,AQ,42.188697,12.798214,8.0,-14915.16,-31806.94
PF02/0052/B842,AQ,42.185693,12.793432,50.0,-15238.575,-32210.516
PF03/0052/B842,AQ,42.186442,12.791026,54.0,-15150.246,-32407.031
PF04/0052/B842,AQ,42.187132,12.795487,54.0,-15083.115,-32036.646
PF05/0052/B842,AQ,42.183676,12.794179,50.0,-15464.077,-32154.611
PF06/0052/B842,AQ,42.189033,12.790009,54.0,-14860.312,-32483.601
PF07/0052/B842,AQ,42.185059,12.7965,50.0,-15315.465,-31958.97
PF02/0053/B842,AQ,42.181819,12.798371,52.0,-15679.207,-31813.737
PF03/0053/B842,AQ,42.179846,12.797956,70.0,-15897.396,-31853.649
PF04/0053/B842,AQ,42.185517,12.80197,50.0,-15276.288,-31505.919
PF08/0053/B842,AQ,42.181853,12.793466,52.0,-15664.982,-32218.751
PF01/0054/B842,AQ,42.180521,12.816244,8.0,-15861.32,-30341.27
PF02/0054/B842,AQ,42.190509,12.805294,50.0,-14728.97,-31217.091
PF03/0054/B842,AQ,42.193066,12.80352,50.0,-14441.265,-31356.279
PF01/0055/B842,AQ,42.180311,12.788909,52.0,-15826.489,-32599.496
PF02/0055/B842,AQ,42.179868,12.779589,50.0,-15855.705,-33370.575
PF03/0055/B842,AQ,42.182873,12.788061,12.0,-15540.198,-32662.195
PF01/0056/B842,AQ,42.176561,12.784094,50.0,-16232.521,-33007.976
PF02/0056/B842,AQ,42.177985,12.781453,50.0,-16068.81,-33222.067
PF03/0056/B842,AQ,42.175179,12.780935,50.0,-16379.289,-33272.902
PF04/0056/B842,AQ,42.173269,12.787073,52.0,-16604.55,-32771.467
PF05/0056/B842,AQ,42.172308,12.777631,50.0,-16690.901,-33554.12
PF06/0056/B842,AQ,42.179749,12.783292,50.0,-15876.841,-33065.061
PF07/0056/B842,AQ,42.176436,12.774017,50.0,-16224.788,-33840.714
PF08/0056/B842,AQ,42.175841,12.785922,70.0,-16316.447,-32859.064
PF09/0056/B842,AQ,42.179841,12.780299,12.0,-15860.246,-33312.022
PF10/0056/B842,AQ,42.179793,12.777048,12.0,-15858.568,-33580.669
PF01/0057/B842,AQ,42.17718,12.791447,8.0,-16179.58,-32398.87
PF02/0057/B842,AQ,42.179354,12.792706,52.0,-15940.821,-32288.658
PF03/0057/B842,AQ,42.174951,12.792896,70.0,-16430.149,-32285.6
PF04/0057/B842,AQ,42.181926,12.791413,50.0,-15652.507,-32388.044
PF01/0058/B842,AQ,42.174339,12.789618,70.0,-16491.122,-32558.162
PF02/0058/B842,AQ,42.173558,12.795252,52.0,-16589.925,-32095.039
PF03/0058/B842,AQ,42.175663,12.795782,70.0,-16357.268,-32045.248
PF01/0059/B842,AQ,42.171143,12.798238,50.0,-16864.408,-31855.347
PF02/0059/B842,AQ,42.174059,12.798264,50.0,-16540.732,-31844.781
PF01/0060/B842,AQ,42.166423,12.816574,54.0,-17427.542,-30354.077
PF02/0060/B842,AQ,42.165695,12.820154,52.0,-17515.961,-30060.458
PF07/0060/B842,AQ,42.170548,12.825616,70.0,-16988.588,-29595.526
PF08/0060/B842,AQ,42.16843,12.817268,10.0,-17206.104,-30291.087
PF14/0060/B842,AQ,42.168476,12.817226,8.0,-17200.93,-30294.43
PF17/0060/B842,AQ,42.175634,12.821676,50.0,-16415.496,-29906.511
PF19/0060/B842,AQ,42.168509,12.82104,52.0,-17205.322,-29979.284
PF21/0060/B842,AQ,42.167805,12.825134,70.0,-17292.087,-29643.062
PF22/0060/B842,AQ,42.172748,12.823885,70.0,-16740.609,-29732.249
PF23/0060/B842,AQ,42.170776,12.822274,52.0,-16956.179,-29870.905
PF01/0061/B842,AQ,42.16903,12.832513,52.0,-17171.571,-29030.018
PF04/0061/B842,AQ,42.167823,12.838767,50.0,-17318.793,-28516.83
PF08/0061/B842,AQ,42.170047,12.844001,50.0,-17082.746,-28078.264
PF18/0061/B842,AQ,42.169582,12.836284,52.0,-17118.178,-28716.955
PF21/0061/B842,AQ,42.16724,12.839434,52.0,-17384.925,-28463.381
PF01/0062/B842,AQ,42.168623,12.856458,52.0,-17266.772,-27053.198
PF02/0062/B842,AQ,42.168148,12.853508,50.0,-17313.448,-27298.234
PF03/0062/B842,AQ,42.167592,12.845103,52.0,-17357.622,-27994.114
PF05/0062/B842,AQ,42.169442,12.849581,12.0,-17161.53,-27618.969
PF01/0063/B842,AQ,42.170993,12.774657,8.0,-16830.55,-33803.59
PF02/0063/B842,AQ,42.172944,12.772566,52.0,-16609.402,-33970.648
PF01/0064/B842,AQ,42.160617,12.783812,8.0,-18002.45,-33077.31
PF03/0064/B842,AQ,42.166597,12.774478,52.0,-17318.297,-33831.087
PF04/0064/B842,AQ,42.165179,12.782627,12.0,-17493.299,-33162.078
PF05/0064/B842,AQ,42.026257,12.974541,12.0,-33313.517,-17673.713
PF01/0065/B842,AQ,42.169575,12.785762,52.0,-17011.865,-32890.352
PF02/0065/B842,AQ,42.167763,12.78353,52.0,-17208.357,-33079.949
PF03/0065/B842,AQ,42.170487,12.779572,50.0,-16897.369,-33399.087
PF04/0065/B842,AQ,42.171047,12.78321,52.0,-16842.912,-33096.959
PF05/0065/B842,AQ,42.168065,12.787487,50.0,-17183.227,-32752.256
PF06/0065/B842,AQ,42.171154,12.79048,70.0,-16846.656,-32496.14
PF07/0065/B842,AQ,42.168263,12.792655,52.0,-17172.287,-32324.735
PF09/0065/B842,AQ,42.167255,12.780686,52.0,-17258.64,-33316.397
PF01/0066/B842,AQ,42.163988,12.796943,9.0,-17656.21,-31982.78
PF02/0066/B842,AQ,42.159593,12.799402,9.0,-18149.42,-31792.28
PF04/0066/B842,AQ,42.157913,12.795877,52.0,-18328.465,-32088.326
PF05/0066/B842,AQ,42.16379,12.793108,56.0,-17670.043,-32300.197
PF06/0066/B842,AQ,42.166173,12.793413,52.0,-17406.072,-32268.133
PF07/0066/B842,AQ,42.158683,12.785352,52.0,-18220.442,-32955.617
PF08/0066/B842,AQ,42.160814,12.794308,70.0,-18003.02,-32209.612
PF09/0066/B842,AQ,42.162621,12.785568,50.0,-17783.655,-32926.484
PF10/0066/B842,AQ,42.159056,12.79992,50.0,-18210.216,-31751.014
PF11/0066/B842,AQ,42.163267,12.789538,50.0,-17720.449,-32596.625
PF12/0066/B842,AQ,42.164873,12.785391,52.0,-17533.217,-32934.608
PF13/0066/B842,AQ,42.160849,12.787325,12.0,-17984.169,-32786.38
PF01/0067/B842,AQ,42.165127,12.801389,8.0,-17539.2,-31612.24
PF02/0067/B842,AQ,42.166298,12.797965,54.0,-17401.909,-31891.765
PF03/0067/B842,AQ,42.167464,12.801871,54.0,-17280.72,-31565.704
PF01/0068/B842,AQ,42.162332,12.80996,52.0,-17867.81,-30912.185
PF02/0068/B842,AQ,42.160649,12.814848,70.0,-18064.974,-30513.152
PF04/0068/B842,AQ,42.163069,12.816454,9.0,-17799.64,-30373.59
PF05/0068/B842,AQ,42.161366,12.818282,9.0,-17992.68,-30227.36
PF07/0068/B842,AQ,42.163365,12.820588,50.0,-17775.57,-30031.172
PF08/0068/B842,AQ,42.164256,12.814844,9.0,-17664.47,-30503.2
PF09/0068/B842,AQ,42.164582,12.811581,9.0,-17621.41,-30771.79
PF24/0068/B842,AQ,42.162335,12.814168,12.0,-17876.327,-30564.483
PF01/0069/B842,AQ,42.16159,12.822563,50.0,-17976.816,-29873.066
PF02/0069/B842,AQ,42.163576,12.82449,52.0,-17760.344,-29708.244
PF01/0070/B842,AQ,42.168209,12.828532,50.0,-17254.442,-29361.251
PF02/0070/B842,AQ,42.168735,12.830904,52.0,-17200.997,-29163.821
PF03/0070/B842,AQ,42.165798,12.828393,70.0,-17521.781,-29379.536
PF04/0070/B842,AQ,42.165651,12.825092,52.0,-17531.261,-29652.625
PF01/0071/B842,AQ,42.158141,12.832873,8.0,-18381.44,-29031.02
PF02/0071/B842,AQ,42.156014,12.837548,70.0,-18627.466,-28650.768
PF03/0071/B842,AQ,42.165199,12.830478,50.0,-17592.749,-29208.946
PF04/0071/B842,AQ,42.165633,12.824865,50.0,-17532.736,-29671.408
PF05/0071/B842,AQ,42.164262,12.833347,50.0,-17702.813,-28974.571
PF06/0071/B842,AQ,42.164117,12.83293,52.0,-17717.997,-29009.498
PF07/0071/B842,AQ,42.163675,12.837892,50.0,-17777.491,-28600.795
PF01/0072/B842,AQ,42.159611,12.853686,8.0,-18261.7,-27307.36
PF02/0072/B842,AQ,42.16025,12.849691,70.0,-18182.453,-27635.613
PF03/0072/B842,AQ,42.16559,12.841735,54.0,-17572.934,-28277.896
PF01/0073/B842,AQ,42.161276,12.857667,52.0,-18085.153,-26973.848
PF02/0073/B842,AQ,42.161912,12.854974,50.0,-18008.863,-27194.559
PF03/0073/B842,AQ,42.156737,12.857548,52.0,-18588.856,-26996.323
PF04/0073/B842,AQ,42.161336,12.854948,12.0,-18072.827,-27198.31
PF01/0074/B842,AQ,42.158436,12.869665,50.0,-18425.258,-25990.463
PF02/0074/B842,AQ,42.159817,12.859006,52.0,-18249.915,-26867.235
PF03/0074/B842,AQ,42.158088,12.861662,12.0,-18447.38,-26652.63
PF01/0075/B842,AQ,42.154104,12.878418,8.0,-18924.3,-25279.24
PF02/0075/B842,AQ,42.156894,12.873111,50.0,-18603.595,-25710.07
PF03/0076/B842,AQ,42.142261,12.933641,50.0,-20351.388,-20748.366
PF09/0076/B842,AQ,42.167479,12.894743,70.0,-17472.608,-23893.772
PF10/0076/B842,AQ,42.169713,12.889182,70.0,-17213.115,-24347.001
PF11/0076/B842,AQ,42.168997,12.886689,12.0,-17287.532,-24554.923
PF12/0076/B842,AQ,42.165827,12.891,70.0,-17648.342,-24207.542
PF13/0076/B842,AQ,42.167479,12.883286,12.0,-17449.194,-24840.193
PF01/0077/B842,AQ,42.164673,12.895637,50.0,-17785.958,-23827.569
PF01/0078/B842,AQ,42.16549,12.897642,50.0,-17699.318,-23659.758
PF01/0079/B842,AQ,42.153548,12.897491,8.0,-19025.14,-23704.93
PF02/0079/B842,AQ,42.164414,12.904328,70.0,-17832.411,-23110.351
PF03/0079/B842,AQ,42.163059,12.908397,52.0,-17991.177,-22777.858
PF04/0079/B842,AQ,42.162055,12.904211,52.0,-18094.085,-23126.428
PF05/0079/B842,AQ,42.165147,12.900191,70.0,-17742.647,-23450.069
PF06/0079/B842,AQ,42.163122,12.901144,50.0,-17969.444,-23376.908
PF01/0080/B842,AQ,42.160286,12.908137,52.0,-18298.508,-22806.881
PF02/0080/B842,AQ,42.154636,12.91406,52.0,-18937.855,-22332.881
PF03/0080/B842,AQ,42.156479,12.916008,52.0,-18737.184,-22166.994
PF01/0081/B842,AQ,42.162584,12.921473,7.0,-18070.24,-21698.94
PF01/0082/B842,AQ,42.156035,12.804774,9.0,-18555.97,-31358.58
PF02/0082/B842,AQ,42.155245,12.8065,9.0,-18647.39,-31218.21
PF03/0082/B842,AQ,42.152882,12.804706,9.0,-18905.93,-31373.24
PF05/0082/B842,AQ,42.154497,12.803099,9.0,-18723.19,-31501.4
PF06/0082/B842,AQ,42.153721,12.800514,9.0,-18803.89,-31717.17
PF07/0082/B842,AQ,42.155938,12.796447,9.0,-18549.06,-32046.86
PF08/0082/B842,AQ,42.156851,12.79855,9.0,-18452.08,-31870.49
PF10/0082/B842,AQ,42.156827,12.801485,56.0,-18461.069,-31628.09
PF11/0082/B842,AQ,42.150647,12.802353,70.0,-19149.158,-31574.013
PF01/0083/B842,AQ,42.159636,12.818128,8.0,-18184.46,-30245.06
PF02/0083/B842,AQ,42.159985,12.814021,9.0,-18137.01,-30583.37
PF03/0083/B842,AQ,42.160141,12.810544,9.0,-18112.26,-30870.16
PF04/0083/B842,AQ,42.158855,12.809625,9.0,-18253.19,-30949.77
PF05/0083/B842,AQ,42.157792,12.808048,9.0,-18367.87,-31083.06
PF06/0083/B842,AQ,42.156132,12.806642,9.0,-18549.16,-31204.01
PF08/0083/B842,AQ,42.162902,12.807437,9.0,-17799.1,-31118.93
PF09/0083/B842,AQ,42.163538,12.805499,9.0,-17724.38,-31277.23
PF10/0083/B842,AQ,42.162082,12.802009,9.0,-17878.63,-31569.74
PF11/0083/B842,AQ,42.161652,12.800103,9.0,-17922.31,-31728.46
PF12/0083/B842,AQ,42.160897,12.807854,68.0,-18022.603,-31090.207
PF01/0084/B842,AQ,42.156045,12.815362,52.0,-18577.322,-30483.752
PF02/0084/B842,AQ,42.155588,12.809002,70.0,-18614.558,-31010.509
PF03/0084/B842,AQ,42.153646,12.807855,52.0,-18827.792,-31110.84
PF04/0084/B842,AQ,42.153692,12.813936,50.0,-18835.644,-30608.233
PF06/0084/B842,AQ,42.152183,12.818785,50.0,-19013.444,-30211.904
PF09/0084/B842,AQ,42.15418,12.81892,12.0,-18791.96,-30195.094
PF10/0084/B842,AQ,42.151535,12.8096,70.0,-19065.959,-30972.655
PF01/0085/B842,AQ,42.158157,12.819615,70.0,-18351.791,-30126.389
PF02/0085/B842,AQ,42.153769,12.823018,52.0,-18846.24,-29857.632
PF03/0085/B842,AQ,42.157117,12.823577,52.0,-18475.692,-29801.994
PF04/0085/B842,AQ,42.159415,12.823073,52.0,-18219.38,-29837.118
PF05/0085/B842,AQ,42.160373,12.826163,54.0,-18119.527,-29579.07
PF07/0085/B842,AQ,42.156375,12.827314,12.0,-18565.937,-29495.285
PF08/0085/B842,AQ,42.163954,12.827389,12.0,-17724.49,-29467.666
PF01/0086/B842,AQ,42.148923,12.80924,50.0,-19355.213,-31009.831
PF02/0086/B842,AQ,42.150012,12.806784,52.0,-19229.126,-31209.675
PF04/0086/B842,AQ,42.147059,12.815716,50.0,-19575.951,-30480.031
PF05/0086/B842,AQ,42.145609,12.81087,70.0,-19726.708,-30884.639
PF07/0086/B842,AQ,42.150228,12.82174,12.0,-19236.69,-29973.273
PF08/0086/B842,AQ,42.148079,12.806436,12.0,-19443.0,-31244.0
PF01/0087/B842,AQ,42.153775,12.83594,70.0,-18872.777,-28789.92
PF02/0087/B842,AQ,42.150883,12.836462,50.0,-19194.911,-28754.989
PF03/0087/B842,AQ,42.152648,12.83199,70.0,-18989.625,-29119.49
PF04/0087/B842,AQ,42.150024,12.829375,50.0,-19275.499,-29343.01
PF05/0087/B842,AQ,42.150356,12.832925,50.0,-19246.08,-29048.701
PF06/0087/B842,AQ,42.146884,12.829233,50.0,-19623.803,-29363.595
PF07/0087/B842,AQ,42.147021,12.825995,50.0,-19601.852,-29630.739
PF08/0087/B842,AQ,42.154633,12.833168,50.0,-18771.698,-29016.562
PF09/0087/B842,AQ,42.152959,12.829016,50.0,-18948.845,-29364.347
PF01/0088/B842,AQ,42.153468,12.839172,50.0,-18913.609,-28523.786
PF01/0089/B842,AQ,42.151356,12.840501,70.0,-19150.901,-28419.845
PF02/0089/B842,AQ,42.149205,12.84403,50.0,-19397.102,-28134.31
PF03/0089/B842,AQ,42.147057,12.837543,54.0,-19622.069,-28676.429
PF01/0090/B842,AQ,42.152341,12.843733,52.0,-19048.269,-28150.025
PF02/0090/B842,AQ,42.153591,12.847391,70.0,-18917.068,-27844.283
PF03/0090/B842,AQ,42.154333,12.842991,54.0,-18825.475,-28205.743
PF01/0091/B842,AQ,42.14848,12.849722,7.0,-19489.46,-27666.03
PF02/0091/B842,AQ,42.146735,12.845786,52.0,-19675.022,-27996.134
PF01/0092/B842,AQ,42.145671,12.870047,8.0,-19843.54,-25994.27
PF01/0094/B842,AQ,42.154695,12.919139,52.0,-18941.591,-21913.074
PF06/0002/C083,AQ,42.503533,13.473244,21.0,18826.009,24563.749
PF09/0004/C083,AQ,42.483414,13.475625,12.0,16588.353,24719.175
PF10/0004/C083,AQ,42.485343,13.477381,21.0,16800.015,24867.347
PF04/0016/C083,AQ,42.450646,13.434553,20.0,13011.157,21276.299
PF06/0021/C083,AQ,42.447311,13.441483,21.0,12630.315,21839.373
PF24/0022/C083,AQ,42.443903,13.463985,12.0,12218.2,23683.022
PF25/0022/C083,AQ,42.447463,13.461958,12.0,12616.51,23523.523
PF26/0022/C083,AQ,42.444989,13.456718,21.0,12349.599,23087.612
PF27/0022/C083,AQ,42.440418,13.455766,21.0,11843.44,23000.056
PF21/0023/C083,AQ,42.438877,13.452649,21.0,11676.972,22740.524
PF22/0023/C083,AQ,42.44176,13.457667,21.0,11989.592,23159.143
PF19/0024/C083,AQ,42.43994,13.465687,12.0,11775.589,23815.042
PF20/0024/C083,AQ,42.444256,13.467413,12.0,12252.323,23965.72
PF21/0024/C083,AQ,42.4427,13.462113,21.0,12087.344,23526.628
PF04/0028/C083,AQ,42.430554,13.443682,21.0,10766.248,21986.045
PF06/0029/C083,AQ,42.431895,13.449215,21.0,10906.882,22443.939
PF07/0029/C083,AQ,42.427837,13.452626,21.0,10451.096,22716.305
PF05/0031/C083,AQ,42.435663,13.476,21.0,11285.415,24654.771
PF02/0032/C083,AQ,42.417645,13.452578,20.0,9319.419,22691.772
PF22/0001/C090,AQ,42.194418,13.480669,20.0,-15509.547,24560.43
PF03/0002/C090,AQ,42.192833,13.485836,21.0,-15693.129,24983.922
PF11/0003/C090,AQ,42.187033,13.475567,54.0,-16322.006,24124.499
PF21/0003/C090,AQ,42.192173,13.481186,21.0,-15759.563,24598.676
PF23/0004/C090,AQ,42.188705,13.491645,52.0,-16159.944,25455.462
PF24/0004/C090,AQ,42.190121,13.486984,21.0,-15995.947,25073.4
PF24/0007/C090,AQ,42.190178,13.481302,21.0,-15981.256,24604.324
PF25/0007/C090,AQ,42.18974,13.483847,21.0,-16033.625,24813.587
PF03/0008/C090,AQ,42.185822,13.490815,21.0,-16478.935,25381.304
PF02/0009/C090,AQ,42.180303,13.496013,21.0,-17099.356,25799.763
PF05/0014/C090,AQ,42.182192,13.492364,21.0,-16884.271,25502.029
PF03/0017/C090,AQ,42.157109,13.458526,21.0,-19619.407,22657.188
PF01/0002/C096,AQ,41.911656,13.868425,8.0,-47403.41,56161.5
PF02/0002/C096,AQ,41.912058,13.875617,52.0,-47366.705,56758.572
PF01/0003/C096,AQ,41.902144,13.873871,6.0,-48465.55,56599.32
PF02/0003/C096,AQ,41.908533,13.884464,8.0,-47767.62,57487.19
PF05/0003/C096,AQ,41.909907,13.876786,52.0,-47606.709,56852.359
PF06/0003/C096,AQ,41.912035,13.878831,52.0,-47372.703,57025.052
PF07/0003/C096,AQ,41.90319,13.878254,12.0,-48354.2,56964.39
PF02/0006/C096,AQ,41.908282,13.851066,70.0,-47758.886,54716.802
PF07/0006/C096,AQ,41.904264,13.85216,9.0,-48206.32,54801.577
PF09/0006/C096,AQ,41.901017,13.853998,70.0,-48568.864,54949.207
PF13/0006/C096,AQ,41.906261,13.854075,9.0,-47986.66,54963.398
PF14/0006/C096,AQ,41.903838,13.85505,9.0,-48256.79,55040.62
PF16/0006/C096,AQ,41.902726,13.855489,9.0,-48380.72,55075.42
PF18/0006/C096,AQ,41.899557,13.85729,70.0,-48734.592,55220.138
PF21/0006/C096,AQ,41.904426,13.858979,70.0,-48195.803,55367.398
PF22/0006/C096,AQ,41.904587,13.849409,56.0,-48167.339,54573.836
PF23/0006/C096,AQ,41.906424,13.861661,12.0,-47976.927,55592.775
PF01/0007/C096,AQ,41.898603,13.865639,50.0,-48849.726,55911.275
PF02/0007/C096,AQ,41.90293,13.861786,70.0,-48365.044,55598.043
PF03/0007/C096,AQ,41.906409,13.861661,70.0,-47978.565,55592.771
PF02/0008/C096,AQ,41.8971,13.872633,50.0,-49024.169,56489.205
PF03/0008/C096,AQ,41.900279,13.871187,70.0,-48669.684,56373.958
PF04/0008/C096,AQ,41.894909,13.873461,50.0,-49268.412,56554.689
PF05/0008/C096,AQ,41.892781,13.871233,70.0,-49502.202,56366.8
PF07/0008/C096,AQ,41.900544,13.868506,50.0,-48637.314,56151.923
PF08/0008/C096,AQ,41.894833,13.877043,54.0,-49280.781,56851.768
PF09/0008/C096,AQ,41.894151,13.874718,52.0,-49353.908,56657.923
PF02/0009/C096,AQ,41.897693,13.875823,54.0,-48961.818,56754.749
PF04/0009/C096,AQ,41.901728,13.882917,12.0,-48521.51,57349.0
PF05/0009/C096,AQ,41.900767,13.878063,12.0,-48623.0,56945.0
PF01/0010/C096,AQ,41.902808,13.896843,8.0,-48416.6,58505.69
PF02/0010/C096,AQ,41.899474,13.896066,70.0,-48785.954,58436.521
PF03/0010/C096,AQ,41.90191,13.892486,12.0,-48511.658,58142.989
PF01/0011/C096,AQ,41.86506,13.812632,6.0,-52514.48,51462.64
PF02/0011/C096,AQ,41.880754,13.806774,8.0,-50765.22,51000.73
PF01/0012/C096,AQ,41.876492,13.820816,8.0,-51254.56,52159.34
PF01/0013/C096,AQ,41.894722,13.831138,6.0,-49242.22,53043.43
PF02/0013/C096,AQ,41.896918,13.849634,8.0,-49019.07,54581.08
PF05/0013/C096,AQ,41.893627,13.837407,12.0,-49370.77,53561.84
PF02/0014/C096,AQ,41.876922,13.848134,52.0,-51237.641,54426.873
PF03/0014/C096,AQ,41.875375,13.842241,56.0,-51402.785,53935.538
PF04/0014/C096,AQ,41.874741,13.845026,52.0,-51476.253,54165.658
PF05/0014/C096,AQ,41.878444,13.845371,52.0,-51065.503,54199.892
PF06/0014/C096,AQ,41.880988,13.842754,52.0,-50780.184,53986.532
PF01/0015/C096,AQ,41.880358,13.850498,52.0,-50858.769,54628.111
PF02/0015/C096,AQ,41.883562,13.848576,52.0,-50500.826,54473.419
PF01/0016/C096,AQ,41.884025,13.851894,52.0,-50453.156,54749.387
PF02/0016/C096,AQ,41.884603,13.855292,52.0,-50392.683,55032.198
PF01/0017/C096,AQ,41.897115,13.858489,70.0,-49006.993,55315.981
PF01/0018/C096,AQ,41.895854,13.865662,50.0,-49154.939,55909.096
PF02/0018/C096,AQ,41.891092,13.862186,54.0,-49679.881,55613.792
PF01/0019/C096,AQ,41.895782,13.868748,70.0,-49166.375,56165.029
PF02/0019/C096,AQ,41.896515,13.871768,70.0,-49088.288,56416.645
PF03/0019/C096,AQ,41.898487,13.868929,70.0,-48866.182,56183.997
PF04/0019/C096,AQ,41.894962,13.869814,52.0,-49258.544,56252.285
PF05/0019/C096,AQ,41.894284,13.868783,52.0,-49332.699,56165.74
PF01/0020/C096,AQ,41.896887,13.89674,70.0,-49073.838,58488.721
PF02/0020/C096,AQ,41.892925,13.889202,70.0,-49505.73,57857.729
PF04/0020/C096,AQ,41.896117,13.890537,70.0,-49152.772,57973.04
PF05/0020/C096,AQ,41.894608,13.892934,70.0,-49322.84,58169.756
PF06/0020/C096,AQ,41.897969,13.900443,70.0,-48957.651,58797.417
PF07/0020/C096,AQ,41.897704,13.892738,12.0,-48978.88,58157.916
PF01/0021/C096,AQ,41.887757,13.887529,52.0,-50077.719,57711.471
PF02/0021/C096,AQ,41.891283,13.882935,12.0,-49681.325,57335.383
PF03/0021/C096,AQ,41.889057,13.883745,12.0,-49929.301,57399.379
PF04/0021/C096,AQ,41.890783,13.888415,12.0,-49742.672,57789.294
PF01/0022/C096,AQ,41.884937,13.868382,8.0,-50370.02,56118.81
PF02/0022/C096,AQ,41.881804,13.864079,12.0,-50713.15,55757.17
PF04/0022/C096,AQ,41.887924,13.856127,50.0,-50024.874,55106.398
PF05/0022/C096,AQ,41.880634,13.857454,50.0,-50835.787,55205.728
PF06/0022/C096,AQ,41.881975,13.860401,52.0,-50690.156,55452.24
PF23/0022/C096,AQ,41.883875,13.858756,52.0,-50477.336,55318.527
PF01/0023/C096,AQ,41.874272,13.856254,70.0,-51540.821,55096.745
PF02/0023/C096,AQ,41.88178,13.853866,52.0,-50704.59,54909.725
PF04/0023/C096,AQ,41.879061,13.855511,50.0,-51008.268,55042.191
PF05/0023/C096,AQ,41.879232,13.851689,52.0,-50985.045,54725.314
PF06/0023/C096,AQ,41.876573,13.855769,12.0,-51284.793,55059.894
PF01/0024/C096,AQ,41.880419,13.867427,12.0,-50870.681,56032.954
PF02/0024/C096,AQ,41.875843,13.876372,12.0,-51388.468,56768.468
PF02/0025/C096,AQ,41.879854,13.882212,70.0,-50949.437,57258.89
PF03/0025/C096,AQ,41.885078,13.882182,70.0,-50369.385,57263.963
PF02/0026/C096,AQ,41.890572,13.891649,50.0,-49769.583,58057.295
PF03/0026/C096,AQ,41.892083,13.894966,50.0,-49605.333,58334.645
PF04/0026/C096,AQ,41.883699,13.887138,52.0,-50527.916,57673.204
PF01/0027/C096,AQ,41.880702,13.896325,8.0,-50870.45,58431.13
PF02/0027/C096,AQ,41.880122,13.886046,8.0,-50923.85,57577.39
PF03/0027/C096,AQ,41.881956,13.892792,50.0,-50727.474,58139.791
PF04/0027/C096,AQ,41.87545,13.888092,70.0,-51444.817,57740.493
PF05/0027/C096,AQ,41.877708,13.888001,52.0,-51194.035,57736.159
PF06/0027/C096,AQ,41.887013,13.893207,52.0,-50166.458,58181.514
PF07/0027/C096,AQ,41.87448,13.891334,54.0,-51555.936,58008.082
PF08/0027/C096,AQ,41.879628,13.889583,50.0,-50982.552,57870.192
PF09/0027/C096,AQ,41.88031,13.886167,70.0,-50903.156,57587.749
PF01/0028/C096,AQ,41.883687,13.895653,52.0,-50538.335,58379.709
PF01/0029/C096,AQ,41.886897,13.906106,8.0,-50193.07,59251.5
PF02/0029/C096,AQ,41.900167,13.911109,8.0,-48724.95,59685.34
PF01/0030/C096,AQ,41.870085,13.836387,8.0,-51983.52,53441.78
PF01/0031/C096,AQ,41.854618,13.826729,8.0,-53689.98,52616.78
PF01/0032/C096,AQ,41.871812,13.853092,8.0,-51810.46,54830.68
PF02/0032/C096,AQ,41.868719,13.846396,70.0,-52146.407,54270.421
PF03/0032/C096,AQ,41.874083,13.849074,52.0,-51553.841,54500.634
PF04/0032/C096,AQ,41.872432,13.853169,50.0,-51741.702,54837.999
PF07/0032/C096,AQ,41.875838,13.851614,50.0,-51361.822,54714.035
PF08/0032/C096,AQ,41.871138,13.847867,52.0,-51879.541,54396.087
PF09/0032/C096,AQ,41.872357,13.843181,56.0,-51738.932,54008.99
PF01/0033/C096,AQ,41.863808,13.84568,52.0,-52690.901,54203.603
PF02/0033/C096,AQ,41.866857,13.84544,70.0,-52352.182,54188.281
PF03/0033/C096,AQ,41.864046,13.840426,50.0,-52658.605,53767.918
PF04/0033/C096,AQ,41.86234,13.843335,52.0,-52851.312,54006.787
PF05/0033/C096,AQ,41.860817,13.842423,54.0,-53019.377,53928.874
PF01/0034/C096,AQ,41.863372,13.855257,8.0,-52749.98,54997.85
PF07/0034/C096,AQ,41.861709,13.855562,70.0,-52934.979,55020.69
PF08/0034/C096,AQ,41.863544,13.856505,52.0,-52732.222,55101.673
PF10/0034/C096,AQ,41.864,13.854059,70.0,-52678.887,54899.384
PF12/0034/C096,AQ,41.868875,13.855677,70.0,-52139.418,55040.825
PF15/0034/C096,AQ,41.871176,13.852808,70.0,-51880.777,54806.181
PF17/0034/C096,AQ,41.864873,13.849882,70.0,-52577.399,54553.949
PF19/0034/C096,AQ,41.857697,13.846942,70.0,-53370.794,54299.267
PF20/0034/C096,AQ,41.866427,13.8544,70.0,-52409.893,54931.261
PF21/0034/C096,AQ,41.866795,13.850884,70.0,-52365.087,54640.036
PF22/0034/C096,AQ,41.86526,13.857216,52.0,-52542.508,55163.206
PF23/0034/C096,AQ,41.859901,13.854449,70.0,-53134.461,54925.671
PF24/0034/C096,AQ,41.861011,13.84796,50.0,-53004.03,54388.732
PF26/0034/C096,AQ,41.861326,13.85184,12.0,-52973.355,54711.199
PF01/0035/C096,AQ,41.867461,13.858932,52.0,-52300.001,55308.914
PF02/0035/C096,AQ,41.869997,13.859822,70.0,-52019.486,55386.548
PF03/0035/C096,AQ,41.871305,13.855786,70.0,-51869.81,55053.531
PF02/0036/C096,AQ,41.872773,13.860104,70.0,-51711.537,55414.055
PF03/0036/C096,AQ,41.873622,13.864868,50.0,-51622.498,55810.624
PF04/0036/C096,AQ,41.874003,13.87384,50.0,-51590.058,56555.675
PF05/0036/C096,AQ,41.876466,13.873168,12.0,-51315.877,56503.485
PF01/0037/C096,AQ,41.871377,13.865854,70.0,-51872.854,55889.126
PF02/0037/C096,AQ,41.869178,13.866248,70.0,-52117.475,55918.595
PF07/0037/C096,AQ,41.86805,13.861181,52.0,-52237.173,55496.406
PF08/0037/C096,AQ,41.866567,13.861786,54.0,-52402.44,55544.471
PF09/0037/C096,AQ,41.865534,13.864091,54.0,-52519.7,55734.247
PF10/0037/C096,AQ,41.863985,13.865933,9.0,-52693.74,55884.84
PF11/0037/C096,AQ,41.863925,13.866194,9.0,-52700.69,55906.4
PF14/0037/C096,AQ,41.862134,13.867907,9.0,-52901.35,56046.01
PF16/0037/C096,AQ,41.860806,13.86532,50.0,-53045.999,55829.292
PF18/0037/C096,AQ,41.863199,13.86098,56.0,-52775.509,55472.626
PF19/0037/C096,AQ,41.866009,13.859674,54.0,-52462.076,55368.357
PF20/0037/C096,AQ,41.860749,13.865961,8.0,-53053.06,55882.39
PF21/0037/C096,AQ,41.866677,13.86721,70.0,-52396.245,55994.789
PF22/0037/C096,AQ,41.870613,13.862713,52.0,-51954.211,55627.31
PF23/0037/C096,AQ,41.86598,13.864215,56.0,-52470.331,55745.204
PF24/0037/C096,AQ,41.859197,13.867181,50.0,-53226.67,55981.387
PF25/0037/C096,AQ,41.864443,13.868685,12.0,-52645.8,56113.9
PF02/0038/C096,AQ,41.877283,13.884807,70.0,-51237.709,57470.529
PF03/0038/C096,AQ,41.874973,13.881923,70.0,-51491.081,57227.885
PF04/0038/C096,AQ,41.871309,13.877477,70.0,-51893.104,56853.638
PF10/0039/C096,AQ,41.868653,13.880856,9.0,-52191.64,57130.2
PF14/0039/C096,AQ,41.866229,13.875583,9.0,-52455.04,56688.99
PF16/0039/C096,AQ,41.864626,13.870988,9.0,-52628.02,56305.3
PF17/0039/C096,AQ,41.863281,13.871402,9.0,-52777.88,56337.75
PF18/0039/C096,AQ,41.865047,13.870656,9.0,-52580.99,56278.36
PF20/0039/C096,AQ,41.870393,13.868538,52.0,-51985.099,56110.445
PF21/0039/C096,AQ,41.868172,13.879177,56.0,-52243.263,56990.147
PF22/0039/C096,AQ,41.872106,13.869885,50.0,-51796.304,56224.753
PF23/0039/C096,AQ,41.869324,13.872816,50.0,-52108.422,56463.901
PF24/0039/C096,AQ,41.866003,13.880865,54.0,-52485.88,57127.077
PF06/0040/C096,AQ,41.859017,13.88243,70.0,-53263.26,57246.858
PF09/0040/C096,AQ,41.86103,13.877067,9.0,-53033.99,56804.63
PF10/0040/C096,AQ,41.862239,13.874222,70.0,-52896.577,56570.237
PF01/0041/C096,AQ,41.873022,13.886531,54.0,-51712.663,57607.405
PF02/0041/C096,AQ,41.870843,13.888538,52.0,-51956.782,57770.848
PF03/0041/C096,AQ,41.870305,13.885023,70.0,-52012.723,57478.415
PF04/0041/C096,AQ,41.864317,13.888427,50.0,-52681.286,57752.223
PF06/0041/C096,AQ,41.867563,13.893627,50.0,-52326.37,58188.451
PF07/0041/C096,AQ,41.867227,13.884955,52.0,-52354.455,57468.273
PF08/0041/C096,AQ,41.864121,13.883607,52.0,-52697.825,57351.949
PF09/0041/C096,AQ,41.864495,13.891919,12.0,-52665.214,58042.335
PF10/0041/C096,AQ,41.859973,13.891377,50.0,-53166.755,57990.888
PF01/0042/C096,AQ,41.867966,13.899898,8.0,-52288.41,58709.48
PF02/0042/C096,AQ,41.8689,13.903654,50.0,-52188.647,59022.531
PF03/0042/C096,AQ,41.870888,13.903346,50.0,-51967.636,58999.816
PF04/0042/C096,AQ,41.870437,13.899969,12.0,-52014.069,58718.875
PF01/0043/C096,AQ,41.859386,13.906333,50.0,-53247.861,59231.389
PF01/0044/C096,AQ,41.874859,13.920236,6.0,-51544.48,60407.04
PF02/0044/C096,AQ,41.862991,13.924623,8.0,-52866.74,60754.55
PF04/0044/C096,AQ,41.878978,13.914767,50.0,-51081.459,59958.951
PF06/0044/C096,AQ,41.869865,13.912847,52.0,-52091.271,59786.848
PF07/0044/C096,AQ,41.869104,13.916362,50.0,-52179.396,60077.503
PF08/0044/C096,AQ,41.86753,13.913592,52.0,-52351.204,59845.36
PF11/0044/C096,AQ,41.873608,13.912762,50.0,-51675.58,59785.078
PF12/0044/C096,AQ,41.874883,13.915342,50.0,-51536.667,60000.939
PF13/0044/C096,AQ,41.868062,13.909821,52.0,-52288.183,59533.194
PF14/0044/C096,AQ,41.879943,13.907672,12.0,-50966.83,59371.59
PF15/0044/C096,AQ,41.876477,13.912607,12.0,-51356.789,59776.215
PF16/0044/C096,AQ,41.87696,13.907782,12.0,-51298.09,59376.514
PF17/0044/C096,AQ,41.883361,13.916375,12.0,-50596.418,60098.57
PF01/0045/C096,AQ,41.848531,13.83105,50.0,-54370.719,52966.279
PF02/0045/C096,AQ,41.850579,13.827795,12.0,-54139.655,52699.162
PF03/0045/C096,AQ,41.850869,13.830849,12.0,-54110.885,52953.122
PF02/0046/C096,AQ,41.857401,13.840738,52.0,-53396.768,53783.865
PF05/0046/C096,AQ,41.852428,13.838281,52.0,-53946.14,53572.46
PF06/0046/C096,AQ,41.850666,13.837396,50.0,-54140.797,53496.343
PF11/0046/C096,AQ,41.856678,13.852658,70.0,-53490.308,54772.175
PF12/0046/C096,AQ,41.853597,13.851196,70.0,-53830.759,54646.317
PF13/0046/C096,AQ,41.8509,13.849736,70.0,-54128.659,54521.08
PF15/0046/C096,AQ,41.85011,13.847678,54.0,-54214.058,54349.016
PF16/0046/C096,AQ,41.854789,13.846835,70.0,-53693.559,54286.028
PF18/0046/C096,AQ,41.851837,13.845406,70.0,-54019.798,54162.983
PF19/0046/C096,AQ,41.858353,13.843989,52.0,-53294.711,54055.092
PF20/0046/C096,AQ,41.856418,13.849752,70.0,-53515.994,54530.623
PF21/0046/C096,AQ,41.85343,13.842608,52.0,-53839.745,53933.112
PF01/0047/C096,AQ,41.866429,13.858049,56.0,-52413.689,55234.09
PF02/0047/C096,AQ,41.864936,13.859491,50.0,-52581.008,55351.577
PF04/0047/C096,AQ,41.863522,13.859971,50.0,-52738.49,55389.372
PF06/0047/C096,AQ,41.858839,13.85452,70.0,-53252.525,54929.974
PF07/0047/C096,AQ,41.861556,13.858542,54.0,-52955.249,55267.805
PF08/0047/C096,AQ,41.861257,13.861135,50.0,-52991.261,55482.603
PF09/0047/C096,AQ,41.859675,13.862272,50.0,-53168.156,55574.63
PF10/0047/C096,AQ,41.858228,13.862643,50.0,-53329.279,55603.296
PF13/0047/C096,AQ,41.857694,13.859854,50.0,-53385.512,55371.007
PF14/0047/C096,AQ,41.855422,13.858201,54.0,-53635.895,55230.423
PF15/0047/C096,AQ,41.855685,13.855218,70.0,-53603.39,54983.278
PF17/0047/C096,AQ,41.853101,13.854392,56.0,-53889.407,54910.82
PF19/0047/C096,AQ,41.851366,13.85468,70.0,-54082.328,54932.179
PF21/0047/C096,AQ,41.859504,13.858353,50.0,-53182.912,55249.119
PF22/0047/C096,AQ,41.862907,13.856475,12.0,-52802.917,55098.283
PF01/0048/C096,AQ,41.849325,13.857418,70.0,-54312.01,55156.429
PF03/0048/C096,AQ,41.855815,13.867368,52.0,-53602.393,55991.95
PF04/0048/C096,AQ,41.854135,13.870436,52.0,-53792.288,56244.209
PF06/0048/C096,AQ,41.853226,13.859123,70.0,-53880.827,55303.778
PF08/0048/C096,AQ,41.855144,13.86403,52.0,-53673.205,55713.943
PF09/0048/C096,AQ,41.865562,13.87061,12.0,-52523.755,56275.296
PF10/0048/C096,AQ,41.854718,13.873835,12.0,-53731.221,56527.217
PF02/0049/C096,AQ,41.856246,13.878361,70.0,-53566.559,56905.104
PF03/0049/C096,AQ,41.85859,13.874541,54.0,-53302.075,56591.459
PF04/0049/C096,AQ,41.861355,13.870882,70.0,-52991.104,56291.771
PF05/0049/C096,AQ,41.859282,13.870595,70.0,-53221.022,56264.863
PF06/0049/C096,AQ,41.855589,13.882336,70.0,-53643.784,57234.131
PF07/0049/C096,AQ,41.85682,13.87259,12.0,-53496.55,56426.9
PF01/0050/C096,AQ,41.857081,13.886026,70.0,-53482.107,57542.518
PF02/0050/C096,AQ,41.857503,13.88313,50.0,-53432.159,57302.801
PF03/0050/C096,AQ,41.855033,13.89367,70.0,-53717.684,58174.088
PF04/0050/C096,AQ,41.855724,13.889411,50.0,-53636.399,57821.606
PF05/0050/C096,AQ,41.856409,13.899188,70.0,-53570.805,58634.123
PF06/0050/C096,AQ,41.853115,13.899195,50.0,-53936.528,58630.012
PF02/0051/C096,AQ,41.858182,13.904021,52.0,-53379.062,59037.796
PF03/0051/C096,AQ,41.85706,13.907308,54.0,-53507.123,59309.055
PF05/0051/C096,AQ,41.853839,13.913479,54.0,-53871.246,59816.788
PF06/0051/C096,AQ,41.850604,13.914547,52.0,-54231.604,59900.839
PF07/0051/C096,AQ,41.851756,13.909964,70.0,-54098.8,59522.026
PF01/0052/C096,AQ,41.848531,13.848478,70.0,-54390.283,54413.117
PF04/0052/C096,AQ,41.842662,13.843658,70.0,-55036.547,54004.168
PF06/0052/C096,AQ,41.840375,13.843992,70.0,-55290.831,54028.538
PF07/0052/C096,AQ,41.836866,13.842544,9.0,-55678.77,53903.04
PF08/0052/C096,AQ,41.837234,13.841292,9.0,-55636.5,53799.63
PF09/0052/C096,AQ,41.83821,13.841755,70.0,-55528.694,53839.538
PF11/0052/C096,AQ,41.842487,13.839453,52.0,-55051.206,53654.839
PF14/0052/C096,AQ,41.847287,13.842473,54.0,-54521.701,53912.7
PF17/0052/C096,AQ,41.843944,13.848505,70.0,-54899.619,54408.559
PF18/0052/C096,AQ,41.841659,13.847547,70.0,-55152.279,54325.582
PF20/0052/C096,AQ,41.836059,13.844842,50.0,-55771.007,54092.588
PF21/0052/C096,AQ,41.845342,13.834989,52.0,-54729.236,53288.449
PF23/0052/C096,AQ,41.845431,13.840323,70.0,-54725.324,53731.421
PF24/0052/C096,AQ,41.849532,13.842029,70.0,-54271.921,53879.225
PF25/0052/C096,AQ,41.845477,13.845608,70.0,-54726.201,54170.293
PF02/0053/C096,AQ,41.849669,13.849908,70.0,-54265.452,54533.493
PF03/0053/C096,AQ,41.847042,13.848287,50.0,-54555.336,54395.008
PF05/0053/C096,AQ,41.848323,13.854641,50.0,-54420.153,54924.424
PF06/0053/C096,AQ,41.846721,13.852324,70.0,-54595.48,54729.703
PF10/0053/C096,AQ,41.843934,13.852335,56.0,-54904.906,54726.498
PF15/0053/C096,AQ,41.838248,13.848326,52.0,-55531.821,54385.144
PF16/0053/C096,AQ,41.844446,13.84995,70.0,-54845.443,54529.26
PF01/0054/C096,AQ,41.852411,13.862539,52.0,-53975.011,55586.109
PF01/0055/C096,AQ,41.852432,13.87765,52.0,-53989.209,56840.55
PF02/0055/C096,AQ,41.845518,13.877851,50.0,-54757.143,56847.207
PF03/0055/C096,AQ,41.851563,13.874239,12.0,-54082.0,56556.15
PF04/0055/C096,AQ,41.849535,13.878006,52.0,-54311.212,56865.917
PF05/0055/C096,AQ,41.847867,13.880416,52.0,-54499.091,57063.526
PF03/0056/C096,AQ,41.846301,13.884186,52.0,-54676.993,57374.256
PF05/0056/C096,AQ,41.853444,13.884878,70.0,-53884.712,57442.026
PF06/0056/C096,AQ,41.851827,13.88061,70.0,-54059.624,57085.398
PF07/0056/C096,AQ,41.851668,13.888015,52.0,-54085.274,57699.894
PF08/0056/C096,AQ,41.85031,13.884276,52.0,-54232.005,57387.543
PF09/0056/C096,AQ,41.847955,13.888695,52.0,-54498.207,57751.016
PF11/0056/C096,AQ,41.844383,13.888805,52.0,-54894.925,57755.015
PF12/0056/C096,AQ,41.848506,13.88584,52.0,-54433.979,57514.745
PF13/0056/C096,AQ,41.843683,13.883653,12.0,-54967.13,57326.24
PF01/0057/C096,AQ,41.8516,13.893439,50.0,-54098.621,58149.994
PF02/0057/C096,AQ,41.853161,13.902908,70.0,-53935.346,58938.309
PF04/0057/C096,AQ,41.84943,13.895672,12.0,-54341.973,58332.317
PF05/0057/C096,AQ,41.850732,13.899757,12.0,-54201.768,58673.274
PF01/0058/C096,AQ,41.84764,13.919037,6.0,-54565.4,60269.5
PF02/0058/C096,AQ,41.849716,13.907163,52.0,-54322.396,59286.656
PF03/0058/C096,AQ,41.845284,13.910215,70.0,-54817.723,59533.744
PF04/0058/C096,AQ,41.847203,13.913852,70.0,-54608.416,59838.381
PF05/0058/C096,AQ,41.848429,13.909969,70.0,-54468.189,59517.748
PF01/0059/C096,AQ,41.844915,13.926418,8.0,-54875.57,60878.42
PF02/0059/C096,AQ,41.851444,13.942831,8.0,-54167.56,62250.0
PF03/0059/C096,AQ,41.858331,13.948499,8.0,-53408.7,62729.9
PF04/0059/C096,AQ,41.84435,13.948357,8.0,-54960.9,62699.1
PF07/0059/C096,AQ,41.852832,13.940417,56.0,-54011.014,62051.517
PF08/0059/C096,AQ,41.851486,13.938577,54.0,-54158.598,61896.906
PF09/0059/C096,AQ,41.855344,13.948116,12.0,-53740.0,62694.0
PF10/0059/C096,AQ,41.851547,13.946142,56.0,-54159.574,62524.984
PF11/0059/C096,AQ,41.849782,13.941376,56.0,-54350.63,62126.953
PF12/0059/C096,AQ,41.84946,13.944312,56.0,-54389.42,62370.268
PF13/0059/C096,AQ,41.858682,13.943879,70.0,-53364.983,62346.855
PF01/0060/C096,AQ,41.842892,13.855153,50.0,-55023.733,54958.897
PF02/0060/C096,AQ,41.840615,13.852631,70.0,-55273.754,54746.132
PF03/0060/C096,AQ,41.840284,13.855792,50.0,-55314.007,55008.073
PF04/0060/C096,AQ,41.846745,13.857239,50.0,-54598.326,55137.75
PF05/0060/C096,AQ,41.834367,13.858173,52.0,-55973.664,55197.005
PF06/0060/C096,AQ,41.836319,13.850495,50.0,-55748.373,54562.41
PF07/0060/C096,AQ,41.834304,13.852837,52.0,-55974.747,54753.886
PF01/0061/C096,AQ,41.834198,13.858263,8.0,-55992.55,55204.25
PF02/0061/C096,AQ,41.837323,13.861039,50.0,-55648.604,55439.409
PF03/0061/C096,AQ,41.83665,13.857319,52.0,-55719.269,55129.474
PF04/0061/C096,AQ,41.841285,13.858567,50.0,-55205.987,55239.985
PF05/0061/C096,AQ,41.838769,13.860146,52.0,-55487.088,55367.359
PF06/0061/C096,AQ,41.832478,13.867371,70.0,-56193.488,55958.004
PF07/0061/C096,AQ,41.836184,13.869398,12.0,-55784.262,56131.756
PF01/0062/C096,AQ,41.843421,13.874968,54.0,-54986.81,56604.8
PF02/0062/C096,AQ,41.841278,13.872493,50.0,-55222.079,56396.23
PF03/0062/C096,AQ,41.836011,13.882391,50.0,-55817.519,57210.353
PF04/0062/C096,AQ,41.839615,13.88291,54.0,-55417.993,57258.696
PF05/0062/C096,AQ,41.833794,13.872938,54.0,-56053.446,56422.271
PF06/0062/C096,AQ,41.836972,13.878404,12.0,-55706.565,56880.742
PF07/0062/C096,AQ,41.838706,13.870815,12.0,-55505.752,56253.076
PF01/0063/C096,AQ,41.841594,13.887562,50.0,-55203.239,57647.756
PF02/0063/C096,AQ,41.835021,13.885836,50.0,-55931.233,57495.0
PF03/0063/C096,AQ,41.832961,13.884739,50.0,-56158.707,57400.926
PF04/0063/C096,AQ,41.837161,13.886585,12.0,-55694.463,57560.244
PF01/0064/C096,AQ,41.834288,13.9132,8.0,-56041.68,59766.12
PF03/0064/C096,AQ,41.837497,13.902997,54.0,-55674.67,58923.501
PF04/0064/C096,AQ,41.835808,13.900559,12.0,-55859.539,58718.672
PF05/0064/C096,AQ,41.835808,13.900559,12.0,-55859.539,58718.672
PF01/0065/C096,AQ,41.828119,13.857654,50.0,-56666.846,55144.73
PF02/0065/C096,AQ,41.833234,13.848998,50.0,-56089.293,54433.487
PF03/0065/C096,AQ,41.822317,13.848079,70.0,-57300.316,54340.921
PF04/0065/C096,AQ,41.820011,13.847815,70.0,-57556.06,54315.623
PF01/0066/C096,AQ,41.824722,13.869961,54.0,-57057.473,56161.781
PF03/0066/C096,AQ,41.821793,13.86519,50.0,-57377.453,55761.257
PF04/0066/C096,AQ,41.821474,13.861843,50.0,-57409.236,55482.784
PF05/0066/C096,AQ,41.829592,13.860165,50.0,-56505.991,55355.413
PF06/0066/C096,AQ,41.826636,13.860588,50.0,-56834.712,55386.198
PF07/0066/C096,AQ,41.828659,13.867708,70.0,-56617.914,55980.469
PF08/0066/C096,AQ,41.823492,13.865103,70.0,-57188.676,55756.493
PF01/0067/C096,AQ,41.828361,13.874194,6.0,-56658.09,56518.65
PF03/0067/C096,AQ,41.828522,13.880986,50.0,-56647.506,57082.854
PF04/0067/C096,AQ,41.833473,13.878863,54.0,-56095.595,56913.731
PF05/0067/C096,AQ,41.826915,13.872572,54.0,-56816.834,56381.806
PF01/0068/C096,AQ,41.814233,13.854741,8.0,-58205.31,54882.22
PF02/0068/C096,AQ,41.80448,13.853145,8.0,-59286.49,54735.22
PF06/0068/C096,AQ,41.816449,13.855602,50.0,-57960.254,54957.042
PF07/0068/C096,AQ,41.812307,13.856466,50.0,-58421.095,55022.679
PF08/0068/C096,AQ,41.81304,13.852324,50.0,-58335.112,54679.736
PF09/0068/C096,AQ,41.817762,13.846559,12.0,-57804.39,54207.92
PF10/0068/C096,AQ,41.817767,13.84917,12.0,-57806.82,54424.75
PF11/0068/C096,AQ,41.815896,13.850433,12.0,-58015.88,54526.939
PF13/0068/C096,AQ,41.812829,13.846497,12.0,-58352.02,54195.373
PF01/0069/C096,AQ,41.819464,13.871555,8.0,-57643.05,56286.52
PF03/0069/C096,AQ,41.81704,13.871969,70.0,-57912.558,56317.367
PF04/0069/C096,AQ,41.815708,13.864266,50.0,-58052.031,55675.56
PF05/0069/C096,AQ,41.813573,13.868981,70.0,-58294.313,56064.128
PF07/0069/C096,AQ,41.811911,13.875486,70.0,-58485.884,56602.017
PF01/0070/C096,AQ,41.807042,13.872993,12.0,-59023.802,56387.857
PF02/0070/C096,AQ,41.809303,13.871193,12.0,-58770.788,56241.596
PF01/0071/C096,AQ,41.800506,13.876469,8.0,-59753.23,56667.08
PF01/0001/C126,AQ,42.075214,13.062205,50.0,-28045.539,-10292.782
PF03/0001/C126,AQ,42.078789,13.055065,56.0,-27635.137,-10874.392
PF01/0002/C126,AQ,42.076761,13.074986,8.0,-27897.63,-9231.63
PF03/0002/C126,AQ,42.076412,13.065077,70.0,-27917.861,-10052.147
PF04/0002/C126,AQ,42.07568,13.068614,70.0,-28005.757,-9761.392
PF05/0002/C126,AQ,42.078235,13.065758,50.0,-27716.746,-9991.24
PF06/0002/C126,AQ,42.074318,13.066045,70.0,-28152.176,-9977.33
PF07/0002/C126,AQ,42.076649,13.063807,50.0,-27889.122,-10156.674
PF01/0003/C126,AQ,42.07441,13.071392,70.0,-28151.947,-9534.799
PF03/0003/C126,AQ,42.070293,13.071007,12.0,-28608.38,-9576.986
PF04/0003/C126,AQ,42.071114,13.074753,12.0,-28524.173,-9265.013
PF05/0005/C126,AQ,42.180453,13.057226,54.0,-16350.422,-10438.757
PF11/0005/C126,AQ,42.0867,13.07704,70.0,-26797.806,-9036.824
PF19/0005/C126,AQ,42.088306,13.077546,50.0,-26620.476,-8990.945
PF20/0005/C126,AQ,42.103154,13.077871,50.0,-24972.314,-8927.029
PF21/0005/C126,AQ,42.10109,13.079146,50.0,-25203.923,-8826.694
PF22/0005/C126,AQ,42.104937,13.079359,70.0,-24777.059,-8799.526
PF23/0005/C126,AQ,42.174933,13.057876,54.0,-16964.582,-10399.03
PF24/0005/C126,AQ,42.068369,13.074883,12.0,-28829.21,-9261.1
PF01/0006/C126,AQ,42.064182,13.054712,8.0,-29256.44,-10940.54
PF01/0007/C126,AQ,42.059652,13.076935,8.0,-29800.98,-9113.1
PF04/0007/C126,AQ,42.088107,13.080586,70.0,-26648.173,-8740.041
PF06/0007/C126,AQ,42.094624,13.084481,52.0,-25931.822,-8401.626
PF09/0007/C126,AQ,42.099461,13.075935,50.0,-25378.754,-9096.309
PF10/0007/C126,AQ,42.094901,13.082351,52.0,-25897.082,-8577.139
PF01/0008/C126,AQ,42.063234,13.092625,8.0,-29432.3,-7805.96
PF02/0008/C126,AQ,42.088688,13.081011,50.0,-26584.421,-8703.42
PF03/0008/C126,AQ,42.148982,13.083207,54.0,-19893.528,-8371.551
PF05/0008/C126,AQ,42.090822,13.083672,70.0,-26352.433,-8478.0
PF11/0008/C126,AQ,42.059286,13.087231,70.0,-29860.718,-8262.082
PF19/0008/C126,AQ,42.084629,13.08291,50.0,-27038.662,-8556.455
PF20/0008/C126,AQ,42.059828,13.088964,52.0,-29803.815,-8117.327
PF22/0008/C126,AQ,42.08742,13.084762,50.0,-26732.246,-8396.388
PF23/0008/C126,AQ,42.089961,13.079427,50.0,-26440.21,-8831.264
PF24/0008/C126,AQ,42.086814,13.082311,50.0,-26794.931,-8600.566
PF25/0008/C126,AQ,42.070821,13.085125,56.0,-28576.057,-8407.601
PF26/0008/C126,AQ,42.060378,13.090858,70.0,-29746.177,-7959.206
PF01/0009/C126,AQ,42.098721,13.050893,50.0,-25413.964,-11169.062
PF03/0009/C126,AQ,42.057439,13.072466,12.0,-30038.4,-9488.423
PF01/0010/C126,AQ,42.093381,13.074107,54.0,-26050.47,-9262.671
PF02/0010/C126,AQ,42.141612,13.086358,56.0,-20717.686,-8129.534
PF04/0010/C126,AQ,42.052627,13.081231,12.0,-30589.0,-8775.1
PF01/0013/C126,AQ,42.04773,13.059127,8.0,-31091.51,-10616.71
PF01/0014/C126,AQ,42.040644,13.080971,7.0,-31919.14,-8826.48
PF01/0016/C126,AQ,42.025247,13.059554,8.0,-33588.83,-10638.05
PF02/0016/C126,AQ,42.020942,13.068681,8.0,-34083.9,-9893.21
PF03/0003/C278,AQ,42.392493,13.387478,21.0,6626.14,17282.377
PF06/0005/C278,AQ,42.39066,13.425972,12.0,6363.235,20447.105
PF07/0005/C278,AQ,42.38948,13.422109,21.0,6238.107,20126.687
PF02/0006/C278,AQ,42.383266,13.441112,20.0,5519.229,21678.278
PF04/0007/C278,AQ,42.387794,13.416795,21.0,6059.024,19685.775
PF05/0007/C278,AQ,42.389773,13.417313,21.0,6277.984,19732.489
PF06/0008/C278,AQ,42.38502,13.41608,12.0,5752.117,19621.192
PF07/0008/C278,AQ,42.388667,13.419726,21.0,6151.458,19928.898
PF08/0008/C278,AQ,42.385141,13.429087,20.0,5745.652,20692.217
PF11/0009/C278,AQ,42.387716,13.424708,21.0,6038.208,20337.002
PF12/0009/C278,AQ,42.387307,13.422144,20.0,5996.723,20125.065
PF02/0010/C278,AQ,42.381121,13.441665,20.0,5280.197,21719.414
PF03/0010/C278,AQ,42.38202,13.451876,20.0,5364.599,22561.841
PF04/0011/C278,AQ,42.374145,13.451718,20.0,4490.407,22532.966
PF05/0011/C278,AQ,42.373602,13.448187,21.0,4435.384,22241.131
PF04/0012/C278,AQ,42.362659,13.463876,20.0,3196.836,23510.932
PF05/0012/C278,AQ,42.360466,13.460645,20.0,2958.116,23240.44
PF06/0001/C279,AQ,42.223715,13.459304,21.0,-12224.756,22855.082
PF02/0002/C279,AQ,42.210225,13.466749,70.0,-13733.723,23442.601
PF03/0002/C279,AQ,42.210193,13.463635,52.0,-13732.679,23185.491
PF09/0002/C279,AQ,42.208409,13.461421,21.0,-13927.459,22999.137
PF01/0003/C279,AQ,42.212947,13.464034,52.0,-13427.507,23223.916
PF13/0003/C279,AQ,42.216344,13.46117,21.0,-13046.066,22994.382
PF01/0004/C279,AQ,42.211616,13.472052,52.0,-13587.13,23883.132
PF06/0004/C279,AQ,42.210991,13.468986,21.0,-13652.029,23628.834
PF04/0005/C279,AQ,42.208626,13.471336,21.0,-13918.097,23818.068
PF05/0006/C279,AQ,42.200366,13.476091,20.0,-14842.334,24194.193
PF05/0008/C279,AQ,42.20478,13.471398,70.0,-14345.289,23815.53
PF07/0008/C279,AQ,42.206752,13.470198,70.0,-14124.521,23720.371
PF09/0008/C279,AQ,42.207715,13.465322,70.0,-14010.332,23319.827
PF21/0008/C279,AQ,42.20377,13.459779,52.0,-14440.134,22854.297
PF22/0008/C279,AQ,42.203449,13.466515,21.0,-14485.842,23409.755
PF07/0009/C279,AQ,42.199148,13.462595,20.0,-14957.566,23077.558
PF07/0010/C279,AQ,42.203289,13.473656,21.0,-14514.203,23999.005
PF08/0012/C279,AQ,42.19369,13.467801,21.0,-15571.346,23496.447
PF03/0016/C279,AQ,42.162151,13.454984,21.0,-19054.36,22374.729
PF04/0018/C279,AQ,42.155107,13.455083,20.0,-19836.586,22368.748
PF02/0019/C279,AQ,42.145869,13.457952,21.0,-20866.695,22587.254
PF01/0001/C426,AQ,42.188741,13.300689,8.0,-15859.41,9686.95
PF02/0001/C426,AQ,42.162752,13.297527,70.0,-18739.997,9368.222
PF03/0001/C426,AQ,42.164247,13.295219,50.0,-18570.212,9180.871
PF01/0002/C426,AQ,42.177494,13.293496,6.0,-17096.42,9067.96
PF02/0002/C426,AQ,42.166723,13.287475,54.0,-18282.433,8546.668
PF03/0002/C426,AQ,42.163258,13.28891,70.0,-18669.644,8657.527
PF04/0002/C426,AQ,42.173096,13.27343,52.0,-17551.384,7400.793
PF05/0002/C426,AQ,42.175062,13.271965,50.0,-17330.638,7284.229
PF06/0002/C426,AQ,42.169127,13.278421,56.0,-18000.461,7804.172
PF07/0002/C426,AQ,42.165478,13.281549,70.0,-18410.831,8054.344
PF01/0003/C426,AQ,42.162855,13.265374,8.0,-18675.05,6712.23
PF02/0003/C426,AQ,42.160427,13.263393,70.0,-18941.413,6543.123
PF04/0003/C426,AQ,42.164399,13.264907,9.0,-18502.9,6677.2
PF05/0003/C426,AQ,42.164272,13.26869,9.0,-18523.3,6989.39
PF06/0003/C426,AQ,42.165018,13.270383,9.0,-18443.31,7130.89
PF07/0003/C426,AQ,42.166758,13.270338,9.0,-18250.07,7131.09
PF08/0003/C426,AQ,42.170616,13.26873,56.0,-17818.91,7006.989
PF09/0003/C426,AQ,42.169804,13.272105,70.0,-17914.796,7283.919
PF10/0003/C426,AQ,42.170953,13.274689,9.0,-17791.45,7500.0
PF11/0003/C426,AQ,42.166135,13.272812,9.0,-18323.37,7334.08
PF12/0003/C426,AQ,42.168313,13.268553,70.0,-18074.393,6987.179
PF13/0003/C426,AQ,42.168214,13.274444,56.0,-18095.231,7473.589
PF14/0003/C426,AQ,42.16708,13.263813,12.0,-18203.305,6592.841
PF01/0004/C426,AQ,42.160653,13.268015,70.0,-18924.002,6925.428
PF02/0004/C426,AQ,42.161339,13.270832,70.0,-18852.629,7159.711
PF15/0004/C426,AQ,42.167039,13.278676,9.0,-18232.75,7820.49
PF16/0004/C426,AQ,42.16681,13.276718,9.0,-18254.97,7658.28
PF18/0004/C426,AQ,42.163775,13.283679,9.0,-18603.53,8226.53
PF01/0005/C426,AQ,42.156143,13.247221,8.0,-19389.69,5197.32
PF04/0005/C426,AQ,42.155193,13.253626,70.0,-19506.058,5724.324
PF05/0005/C426,AQ,42.16163,13.259927,54.0,-18801.962,6259.472
PF06/0005/C426,AQ,42.159631,13.260343,54.0,-19024.642,6289.338
PF07/0005/C426,AQ,42.156929,13.257553,70.0,-19319.911,6052.704
PF08/0005/C426,AQ,42.152545,13.240274,70.0,-19777.418,4615.062
PF02/0009/C426,AQ,42.147781,13.240369,70.0,-20306.623,4612.04
PF03/0009/C426,AQ,42.145016,13.241896,52.0,-20616.214,4731.893
PF04/0009/C426,AQ,42.149629,13.245602,70.0,-20110.273,5048.68
PF05/0009/C426,AQ,42.151177,13.248903,70.0,-19944.051,5324.951
PF06/0009/C426,AQ,42.146456,13.244821,52.0,-20461.308,4976.899
PF07/0009/C426,AQ,42.150725,13.242195,70.0,-19982.754,4769.622
PF08/0009/C426,AQ,42.145794,13.23725,12.0,-20521.907,4349.751
PF01/0010/C426,AQ,42.142051,13.245104,8.0,-20950.87,4990.22
PF02/0010/C426,AQ,42.152789,13.254061,70.0,-19773.736,5754.813
PF03/0010/C426,AQ,42.153365,13.256496,54.0,-19713.892,5957.333
PF04/0010/C426,AQ,42.152387,13.258438,54.0,-19825.787,6115.518
PF05/0010/C426,AQ,42.15124,13.255742,52.0,-19948.575,5890.179
PF06/0010/C426,AQ,42.149784,13.252125,54.0,-20104.171,5587.999
PF07/0010/C426,AQ,42.148172,13.248524,54.0,-20277.011,5286.766
PF08/0010/C426,AQ,42.154884,13.258922,70.0,-19549.281,6161.21
PF09/0010/C426,AQ,42.146632,13.258033,52.0,-20464.145,6069.023
PF11/0010/C426,AQ,42.145908,13.250638,56.0,-20532.033,5456.271
PF12/0010/C426,AQ,42.148676,13.254531,56.0,-20231.27,5784.266
PF13/0010/C426,AQ,42.149989,13.258861,52.0,-20092.797,6145.078
PF01/0011/C426,AQ,42.156165,13.266868,70.0,-19420.416,6820.591
PF02/0011/C426,AQ,42.154724,13.263535,70.0,-19574.818,6541.971
PF03/0011/C426,AQ,42.158017,13.264835,70.0,-19211.339,6656.782
PF04/0011/C426,AQ,42.158486,13.268974,70.0,-19166.267,6999.844
PF05/0011/C426,AQ,42.156192,13.261074,70.0,-19407.732,6341.97
PF06/0011/C426,AQ,42.149678,13.263003,52.0,-20134.286,6486.603
PF07/0011/C426,AQ,42.151822,13.264056,70.0,-19897.952,6578.471
PF08/0011/C426,AQ,42.154399,13.268614,56.0,-19619.449,6960.845
PF09/0011/C426,AQ,42.156241,13.269997,70.0,-19417.254,7079.283
PF10/0011/C426,AQ,42.151412,13.26692,56.0,-19948.294,6814.14
PF11/0011/C426,AQ,42.154289,13.261691,56.0,-19620.041,6388.586
PF12/0011/C426,AQ,42.152579,13.271603,56.0,-19826.612,7203.691
PF01/0012/C426,AQ,42.159589,13.278112,9.0,-19059.034,7757.201
PF02/0012/C426,AQ,42.158343,13.273811,9.0,-19190.27,7399.15
PF03/0012/C426,AQ,42.157347,13.277513,9.0,-19306.985,7702.727
PF04/0012/C426,AQ,42.158272,13.282582,70.0,-19212.774,8123.596
PF05/0012/C426,AQ,42.161221,13.280601,56.0,-18882.016,7966.552
PF06/0012/C426,AQ,42.155989,13.274886,56.0,-19453.401,7482.659
PF07/0012/C426,AQ,42.153741,13.275088,54.0,-19703.376,7494.292
PF09/0012/C426,AQ,42.155334,13.278905,52.0,-19532.864,7813.222
PF01/0013/C426,AQ,42.15946,13.286027,9.0,-19086.537,8410.842
PF02/0013/C426,AQ,42.160929,13.290823,52.0,-18931.355,8810.351
PF03/0013/C426,AQ,42.157609,13.285385,54.0,-19291.073,8353.714
PF04/0013/C426,AQ,42.159024,13.289945,70.0,-19141.495,8733.572
PF05/0013/C426,AQ,42.161897,13.285441,70.0,-18814.948,8367.899
PF01/0014/C426,AQ,42.156957,13.291704,52.0,-19373.898,8874.308
PF06/0014/C426,AQ,42.162808,13.292088,50.0,-18724.803,8919.012
PF08/0014/C426,AQ,42.160942,13.295841,9.0,-18938.27,9224.94
PF09/0014/C426,AQ,42.158967,13.293448,56.0,-19153.574,9022.89
PF01/0015/C426,AQ,42.150178,13.272086,70.0,-20093.973,7238.26
PF03/0015/C426,AQ,42.152772,13.28063,52.0,-19820.177,7950.029
PF04/0015/C426,AQ,42.146205,13.278552,54.0,-20545.967,7763.586
PF05/0015/C426,AQ,42.146512,13.273985,54.0,-20504.183,7386.956
PF06/0015/C426,AQ,42.151288,13.27766,70.0,-19980.075,7701.328
PF07/0015/C426,AQ,42.148541,13.276849,70.0,-20283.669,7628.14
PF11/0015/C426,AQ,42.143764,13.276133,12.0,-20812.96,7558.265
PF02/0016/C426,AQ,42.153232,13.283629,70.0,-19774.08,8198.83
PF05/0016/C426,AQ,42.15551,13.282652,70.0,-19519.58,8123.171
PF06/0016/C426,AQ,42.152044,13.285219,70.0,-19908.699,8327.562
PF01/0017/C426,AQ,42.152768,13.288168,70.0,-19833.221,8572.817
PF02/0017/C426,AQ,42.154163,13.28544,44.0,-19673.77,8350.578
PF03/0017/C426,AQ,42.155096,13.288343,52.0,-19574.939,8592.488
PF04/0017/C426,AQ,42.157191,13.288226,52.0,-19342.1,8587.453
PF05/0017/C426,AQ,42.156055,13.285105,52.0,-19463.158,8327.052
PF07/0017/C426,AQ,42.15301,13.285295,70.0,-19801.576,8336.007
PF02/0018/C426,AQ,42.156053,13.290671,52.0,-19472.517,8786.951
PF06/0018/C426,AQ,42.153045,13.290614,52.0,-19806.435,8775.583
PF07/0018/C426,AQ,42.152127,13.28995,70.0,-19907.266,8718.675
PF08/0018/C426,AQ,42.154202,13.292308,56.0,-19680.784,8918.103
PF09/0018/C426,AQ,42.154375,13.289814,52.0,-19657.49,8712.427
PF03/0019/C426,AQ,42.137926,13.248572,70.0,-21414.803,5267.413
PF05/0019/C426,AQ,42.140674,13.244208,70.0,-21102.277,4913.062
PF06/0019/C426,AQ,42.14399,13.247377,52.0,-20739.448,5182.443
PF07/0019/C426,AQ,42.136896,13.2445,70.0,-21522.336,4928.533
PF10/0019/C426,AQ,42.134984,13.248731,70.0,-21741.74,5273.819
PF02/0020/C426,AQ,42.143766,13.260435,70.0,-20786.453,6261.008
PF03/0020/C426,AQ,42.140067,13.24975,70.0,-21179.056,5369.596
PF04/0020/C426,AQ,42.14047,13.259593,70.0,-21150.992,6183.969
PF05/0020/C426,AQ,42.144666,13.255466,70.0,-20678.094,5852.463
PF06/0020/C426,AQ,42.141825,13.253589,70.0,-20990.43,5690.849
PF07/0020/C426,AQ,42.141694,13.256977,54.0,-21010.627,5970.593
PF08/0020/C426,AQ,42.13822,13.25471,70.0,-21392.569,5775.371
PF09/0020/C426,AQ,42.137761,13.2516,54.0,-21438.301,5517.254
PF10/0020/C426,AQ,42.144004,13.250925,54.0,-20743.944,5475.723
PF01/0021/C426,AQ,42.146577,13.261073,52.0,-20475.302,6320.147
PF02/0021/C426,AQ,42.145066,13.267613,70.0,-20654.108,6857.129
PF03/0021/C426,AQ,42.148355,13.269796,70.0,-20292.534,7044.901
PF04/0021/C426,AQ,42.141829,13.264512,70.0,-21008.388,6593.592
PF06/0021/C426,AQ,42.14704,13.264963,52.0,-20430.469,6642.607
PF07/0021/C426,AQ,42.149059,13.266272,70.0,-20208.541,6755.341
PF02/0022/C426,AQ,42.141599,13.274993,56.0,-21051.409,7459.152
PF03/0022/C426,AQ,42.138322,13.27387,70.0,-21413.392,7359.047
PF04/0022/C426,AQ,42.140004,13.264912,70.0,-21211.683,6622.505
PF06/0022/C426,AQ,42.140229,13.272425,56.0,-21199.255,7243.905
PF07/0022/C426,AQ,42.144269,13.270576,54.0,-20747.573,7100.167
PF08/0022/C426,AQ,42.140589,13.268242,54.0,-21152.322,6899.017
PF02/0023/C426,AQ,42.136567,13.277934,56.0,-21615.068,7690.963
PF03/0023/C426,AQ,42.138945,13.276245,9.0,-21348.2,7556.7
PF04/0023/C426,AQ,42.135875,13.284508,9.0,-21702.83,8232.71
PF05/0023/C426,AQ,42.141778,13.278234,56.0,-21036.988,7727.456
PF06/0023/C426,AQ,42.142872,13.281459,56.0,-20920.85,7996.332
PF07/0023/C426,AQ,42.138354,13.280828,56.0,-21421.449,7934.093
PF08/0023/C426,AQ,42.138194,13.283717,70.0,-21444.083,8172.515
PF01/0024/C426,AQ,42.151007,13.283793,70.0,-20021.449,8207.448
PF02/0024/C426,AQ,42.148304,13.281135,70.0,-20317.168,7981.76
PF04/0024/C426,AQ,42.13969,13.288626,54.0,-21286.064,8581.59
PF05/0024/C426,AQ,42.147712,13.284986,70.0,-20389.339,8298.638
PF06/0024/C426,AQ,42.149263,13.286812,52.0,-20220.132,8452.955
PF07/0024/C426,AQ,42.143192,13.289081,56.0,-20897.941,8626.915
PF08/0024/C426,AQ,42.143812,13.285218,70.0,-20822.768,8309.072
PF09/0024/C426,AQ,42.140418,13.284611,56.0,-21198.592,8251.343
PF11/0024/C426,AQ,42.148291,13.290217,56.0,-20333.726,8732.124
PF14/0024/C426,AQ,42.146458,13.28749,70.0,-20532.665,8502.71
PF15/0024/C426,AQ,42.137263,13.28846,12.0,-21555.285,8562.439
PF16/0024/C426,AQ,42.145105,13.282357,12.0,-20674.364,8075.605
PF01/0025/C426,AQ,42.134083,13.294229,54.0,-21917.911,9032.149
PF02/0025/C426,AQ,42.136207,13.295827,52.0,-21684.743,9168.919
PF03/0025/C426,AQ,42.136309,13.291544,70.0,-21666.386,8815.168
PF04/0025/C426,AQ,42.146113,13.290628,70.0,-20576.206,8761.273
PF05/0025/C426,AQ,42.143782,13.292864,54.0,-20838.761,8940.847
PF06/0025/C426,AQ,42.140938,13.292863,54.0,-21154.525,8934.46
PF08/0025/C426,AQ,42.136572,13.298737,70.0,-21649.07,9410.213
PF09/0025/C426,AQ,42.134535,13.299988,12.0,-21877.25,9509.1
PF01/0032/C426,AQ,42.135233,13.252053,70.0,-21719.767,5548.992
PF02/0032/C426,AQ,42.132108,13.251951,70.0,-22066.542,5533.403
PF03/0032/C426,AQ,42.134954,13.259012,70.0,-21762.471,6123.488
PF04/0032/C426,AQ,42.136513,13.257065,70.0,-21586.085,5966.11
PF05/0032/C426,AQ,42.131798,13.260279,70.0,-22115.095,6221.029
PF07/0032/C426,AQ,42.134239,13.256648,70.0,-21837.864,5926.508
PF08/0032/C426,AQ,42.128875,13.256848,70.0,-22433.862,5930.827
PF09/0032/C426,AQ,42.129181,13.252017,70.0,-22391.663,5532.226
PF10/0032/C426,AQ,42.131988,13.252429,70.0,-22080.726,5572.677
PF02/0033/C426,AQ,42.127372,13.27114,52.0,-22624.732,7108.82
PF03/0033/C426,AQ,42.128419,13.266995,70.0,-22501.561,6768.558
PF04/0033/C426,AQ,42.124768,13.269827,70.0,-22911.686,6994.355
PF05/0033/C426,AQ,42.122954,13.267305,70.0,-23108.935,6781.863
PF06/0033/C426,AQ,42.133408,13.269912,70.0,-21952.453,7020.876
PF07/0033/C426,AQ,42.136011,13.270598,70.0,-21664.575,7083.389
PF08/0033/C426,AQ,42.121825,13.272145,50.0,-23242.398,7179.381
PF09/0033/C426,AQ,42.136897,13.265466,70.0,-21557.594,6661.243
PF10/0033/C426,AQ,42.137354,13.26121,70.0,-21499.733,6310.529
PF11/0033/C426,AQ,42.127179,13.271688,70.0,-22647.052,7153.639
PF12/0033/C426,AQ,42.129704,13.262048,56.0,-22350.582,6362.528
PF13/0033/C426,AQ,42.130659,13.264684,56.0,-22248.991,6582.582
PF14/0033/C426,AQ,42.125808,13.267334,70.0,-22792.044,6790.64
PF15/0033/C426,AQ,42.133711,13.265346,52.0,-21911.155,6644.157
PF16/0033/C426,AQ,42.135381,13.262141,70.0,-21720.294,6383.057
PF17/0033/C426,AQ,42.125507,13.26425,56.0,-22820.296,6535.051
PF18/0033/C426,AQ,42.126128,13.25952,56.0,-22743.313,6145.452
PF19/0033/C426,AQ,42.134513,13.265355,70.0,-21822.071,6646.742
PF01/0034/C426,AQ,42.130604,13.283694,9.0,-22286.83,8153.66
PF02/0034/C426,AQ,42.129696,13.27762,9.0,-22377.57,7649.57
PF03/0034/C426,AQ,42.128357,13.27735,9.0,-22525.79,7624.27
PF04/0034/C426,AQ,42.132288,13.272934,9.0,-22081.88,7268.08
PF05/0034/C426,AQ,42.133647,13.274184,9.0,-21933.04,7374.458
PF06/0034/C426,AQ,42.134355,13.279086,9.0,-21862.597,7781.235
PF07/0034/C426,AQ,42.135191,13.280335,9.0,-21771.87,7886.28
PF08/0034/C426,AQ,42.134973,13.282481,9.0,-21799.72,8063.16
PF09/0034/C426,AQ,42.134695,13.28462,9.0,-21834.04,8239.33
PF10/0034/C426,AQ,42.134444,13.286784,9.0,-21865.51,8417.66
PF11/0034/C426,AQ,42.133614,13.285295,9.0,-21955.28,8292.75
PF13/0034/C426,AQ,42.131264,13.290135,52.0,-22224.163,8687.481
PF14/0034/C426,AQ,42.129424,13.27309,70.0,-22400.19,7274.572
PF15/0034/C426,AQ,42.127487,13.293311,52.0,-22648.85,8941.637
PF16/0034/C426,AQ,42.128922,13.290618,54.0,-22485.039,8722.216
PF17/0034/C426,AQ,42.135952,13.273961,70.0,-21676.709,7361.247
PF18/0034/C426,AQ,42.131865,13.276094,70.0,-22134.163,7528.325
PF20/0034/C426,AQ,42.128196,13.282464,70.0,-22552.116,8046.616
PF21/0034/C426,AQ,42.130228,13.292742,56.0,-22343.515,8900.652
PF22/0034/C426,AQ,42.132374,13.282494,54.0,-22088.256,8058.44
PF23/0034/C426,AQ,42.129071,13.285891,52.0,-22460.735,8331.84
PF24/0034/C426,AQ,42.134361,13.290127,54.0,-21880.315,8693.742
PF25/0034/C426,AQ,42.128199,13.291799,52.0,-22567.248,8818.248
PF01/0035/C426,AQ,42.125889,13.299893,52.0,-22837.097,9482.171
PF02/0035/C426,AQ,42.125479,13.295987,54.0,-22876.21,9158.359
PF03/0035/C426,AQ,42.131093,13.296223,56.0,-22253.206,9190.317
PF05/0035/C426,AQ,42.12882,13.296976,56.0,-22506.857,9247.527
PF06/0035/C426,AQ,42.133252,13.29738,52.0,-22015.457,9290.765
PF07/0035/C426,AQ,42.13035,13.299407,70.0,-22341.045,9451.832
PF08/0035/C426,AQ,42.128265,13.301598,70.0,-22576.105,9628.325
PF01/0036/C426,AQ,42.123093,13.282463,9.0,-23118.83,8035.15
PF02/0036/C426,AQ,42.125898,13.284005,9.0,-22809.83,8168.87
PF03/0036/C426,AQ,42.125844,13.280433,9.0,-22809.88,7873.51
PF04/0036/C426,AQ,42.126861,13.276425,9.0,-22690.29,7544.46
PF06/0036/C426,AQ,42.12572,13.287101,70.0,-22834.725,8424.359
PF07/0036/C426,AQ,42.123317,13.280208,70.0,-23090.094,7849.219
PF08/0036/C426,AQ,42.120461,13.282558,70.0,-23411.156,8037.159
PF09/0036/C426,AQ,42.119104,13.286732,50.0,-23568.765,8379.195
PF10/0036/C426,AQ,42.121858,13.28625,50.0,-23262.171,8345.48
PF11/0036/C426,AQ,42.123022,13.289887,50.0,-23138.927,8648.676
PF12/0036/C426,AQ,42.123882,13.272877,56.0,-23015.13,7244.528
PF14/0036/C426,AQ,42.124468,13.27652,70.0,-22956.162,7546.977
PF15/0036/C426,AQ,42.125528,13.290263,50.0,-22861.292,8685.38
PF16/0036/C426,AQ,42.119992,13.279774,12.0,-23458.665,7805.959
PF01/0037/C426,AQ,42.108667,13.25711,8.0,-24678.11,5906.69
PF02/0037/C426,AQ,42.112907,13.257738,52.0,-24208.411,5968.204
PF04/0037/C426,AQ,42.116742,13.25106,70.0,-23771.243,5424.876
PF05/0037/C426,AQ,42.120413,13.256975,56.0,-23373.706,5922.138
PF09/0037/C426,AQ,42.123428,13.264116,56.0,-23050.858,6519.263
PF10/0037/C426,AQ,42.110066,13.251944,52.0,-24514.068,5482.716
PF11/0037/C426,AQ,42.105969,13.252241,50.0,-24969.475,5498.019
PF12/0037/C426,AQ,42.108323,13.256656,52.0,-24715.574,5868.364
PF13/0037/C426,AQ,42.101653,13.255958,50.0,-25455.08,5795.547
PF15/0037/C426,AQ,42.113394,13.261918,54.0,-24161.315,6314.886
PF16/0037/C426,AQ,42.125311,13.255365,70.0,-22827.123,5800.189
PF18/0037/C426,AQ,42.117748,13.262135,56.0,-23678.321,6342.706
PF19/0037/C426,AQ,42.110887,13.260151,56.0,-24436.757,6163.148
PF20/0037/C426,AQ,42.106276,13.260464,50.0,-24949.241,6178.608
PF21/0037/C426,AQ,42.10384,13.258319,56.0,-25216.164,5995.698
PF23/0037/C426,AQ,42.111152,13.254008,70.0,-24396.993,5655.839
PF24/0037/C426,AQ,42.108706,13.263636,56.0,-24684.765,6446.344
PF25/0037/C426,AQ,42.1086,13.260295,56.0,-24690.941,6169.923
PF26/0037/C426,AQ,42.117427,13.257686,54.0,-23706.469,5974.149
PF27/0037/C426,AQ,42.104088,13.263378,54.0,-25197.142,6414.623
PF28/0037/C426,AQ,42.099623,13.262794,12.0,-25691.996,6356.221
PF29/0037/C426,AQ,42.099373,13.25501,12.0,-25706.598,5711.963
PF02/0038/C426,AQ,42.113808,13.287907,70.0,-24158.79,8464.464
PF04/0038/C426,AQ,42.109368,13.283379,70.0,-24644.309,8080.198
PF08/0038/C426,AQ,42.09976,13.267839,70.0,-25685.251,6773.701
PF09/0038/C426,AQ,42.120549,13.269647,54.0,-23379.869,6970.015
PF10/0038/C426,AQ,42.119891,13.274635,50.0,-23461.26,7380.859
PF11/0038/C426,AQ,42.100105,13.279788,52.0,-25666.846,7762.651
PF12/0038/C426,AQ,42.117963,13.291741,70.0,-23703.813,8790.722
PF13/0038/C426,AQ,42.118703,13.287548,50.0,-23614.633,8445.758
PF14/0038/C426,AQ,42.109107,13.270551,70.0,-24651.833,7018.985
PF15/0038/C426,AQ,42.109176,13.276232,52.0,-24653.743,7488.869
PF18/0038/C426,AQ,42.100541,13.292032,50.0,-25638.823,8776.09
PF19/0038/C426,AQ,42.100427,13.287455,70.0,-25643.878,8397.318
PF20/0038/C426,AQ,42.108868,13.26684,70.0,-24672.254,6711.668
PF21/0038/C426,AQ,42.113552,13.267009,70.0,-24152.419,6736.189
PF24/0038/C426,AQ,42.104828,13.28359,70.0,-25148.767,8087.533
PF25/0038/C426,AQ,42.109592,13.288681,54.0,-24628.241,8519.133
PF27/0038/C426,AQ,42.10456,13.275896,70.0,-25165.662,7450.746
PF31/0038/C426,AQ,42.114042,13.291674,70.0,-24139.096,8776.467
PF33/0038/C426,AQ,42.112119,13.286712,70.0,-24344.406,8361.983
PF34/0038/C426,AQ,42.115727,13.28841,70.0,-23946.593,8510.367
PF35/0038/C426,AQ,42.116963,13.272442,70.0,-23782.709,7193.003
PF36/0038/C426,AQ,42.113469,13.270822,70.0,-24168.029,7051.227
PF38/0038/C426,AQ,42.116797,13.275565,50.0,-23806.392,7450.83
PF39/0038/C426,AQ,42.120365,13.292403,54.0,-23438.12,8850.807
PF40/0038/C426,AQ,42.106617,13.273717,70.0,-24933.648,7275.177
PF41/0038/C426,AQ,42.099883,13.272069,70.0,-25678.668,7123.787
PF43/0038/C426,AQ,42.11391,13.278186,52.0,-24131.292,7661.024
PF44/0038/C426,AQ,42.104848,13.288897,70.0,-25155.334,8526.432
PF45/0038/C426,AQ,42.105105,13.29245,50.0,-25132.716,8820.741
PF46/0038/C426,AQ,42.107247,13.288556,70.0,-24888.36,8503.6
PF47/0038/C426,AQ,42.104428,13.268297,70.0,-25167.674,6822.152
PF48/0038/C426,AQ,42.100116,13.283748,50.0,-25672.198,8090.146
PF49/0038/C426,AQ,42.113804,13.274923,70.0,-24137.645,7391.03
PF50/0038/C426,AQ,42.10969,13.292361,54.0,-24623.401,8823.635
PF51/0038/C426,AQ,42.104685,13.27999,52.0,-25158.653,7789.532
PF52/0038/C426,AQ,42.117161,13.265668,70.0,-23749.378,6633.413
PF53/0038/C426,AQ,42.111428,13.275173,52.0,-24401.937,7406.409
PF55/0038/C426,AQ,42.106858,13.277625,52.0,-24913.463,7598.895
PF58/0038/C426,AQ,42.116431,13.282178,70.0,-23858.065,7996.705
PF59/0038/C426,AQ,42.118788,13.282155,12.0,-23596.337,8000.055
PF60/0038/C426,AQ,42.099879,13.272071,12.0,-25679.087,7123.989
PF02/0039/C426,AQ,42.069633,13.25562,50.0,-29009.871,5695.038
PF05/0039/C426,AQ,42.073563,13.267913,70.0,-28594.223,6720.898
PF08/0039/C426,AQ,42.087485,13.272444,52.0,-27055.864,7126.956
PF09/0039/C426,AQ,42.090973,13.276953,50.0,-26676.135,7507.722
PF10/0039/C426,AQ,42.095377,13.27653,50.0,-26186.428,7482.633
PF12/0039/C426,AQ,42.094563,13.263989,70.0,-26255.782,6443.636
PF13/0039/C426,AQ,42.078619,13.260075,70.0,-28019.669,6083.896
PF14/0039/C426,AQ,42.078934,13.257266,54.0,-27979.919,5852.279
PF15/0039/C426,AQ,42.081069,13.249133,70.0,-27729.136,5184.315
PF16/0039/C426,AQ,42.083341,13.252647,50.0,-27482.726,5480.176
PF18/0039/C426,AQ,42.080017,13.272591,70.0,-27885.402,7122.343
PF19/0039/C426,AQ,42.080959,13.265249,54.0,-27768.534,6517.141
PF21/0039/C426,AQ,42.075968,13.266065,70.0,-28323.995,6573.435
PF22/0039/C426,AQ,42.077111,13.246393,70.0,-28163.907,4948.671
PF23/0039/C426,AQ,42.07527,13.24994,70.0,-28374.329,5237.878
PF24/0039/C426,AQ,42.086794,13.250193,70.0,-27095.18,5285.011
PF26/0039/C426,AQ,42.090613,13.271097,54.0,-26706.367,7022.603
PF27/0039/C426,AQ,42.085526,13.264631,70.0,-27260.365,6476.335
PF30/0039/C426,AQ,42.090054,13.261617,70.0,-26752.455,6237.302
PF32/0039/C426,AQ,42.078161,13.270296,70.0,-28087.591,6928.402
PF33/0039/C426,AQ,42.077073,13.27601,52.0,-28217.993,7398.564
PF34/0039/C426,AQ,42.09486,13.255722,52.0,-26208.93,5760.617
PF38/0039/C426,AQ,42.071189,13.270194,70.0,-28861.582,6904.223
PF41/0039/C426,AQ,42.090702,13.273998,70.0,-26701.282,7262.71
PF42/0039/C426,AQ,42.081262,13.254743,50.0,-27717.197,5648.81
PF43/0039/C426,AQ,42.079291,13.252401,50.0,-27932.05,5450.635
PF45/0039/C426,AQ,42.087839,13.253576,50.0,-26984.932,5567.213
PF46/0039/C426,AQ,42.078915,13.275941,70.0,-28013.344,7397.005
PF47/0039/C426,AQ,42.083601,13.262639,52.0,-27470.721,6307.27
PF48/0039/C426,AQ,42.084214,13.253538,50.0,-27387.306,5555.87
PF49/0039/C426,AQ,42.077266,13.25667,70.0,-28164.068,5799.175
PF50/0039/C426,AQ,42.082428,13.272677,70.0,-27617.796,7134.916
PF51/0039/C426,AQ,42.086111,13.273744,50.0,-27210.669,7231.447
PF52/0039/C426,AQ,42.076705,13.26774,54.0,-28245.026,6713.668
PF53/0039/C426,AQ,42.088436,13.271562,12.0,-26948.878,7056.14
PF54/0039/C426,AQ,42.092997,13.271333,12.0,-26441.98,7047.445
PF55/0039/C426,AQ,42.073563,13.264843,70.0,-28589.073,6466.902
PF56/0039/C426,AQ,42.075428,13.260374,70.0,-28374.447,6101.385
PF57/0039/C426,AQ,42.095149,13.270356,12.0,-26201.387,6971.473
PF58/0039/C426,AQ,42.084928,13.26834,12.0,-27333.0,6781.8
PF60/0039/C426,AQ,42.090562,13.265342,12.0,-26702.3,6546.5
PF61/0039/C426,AQ,42.097039,13.259191,12.0,-25972.837,6052.412
PF62/0039/C426,AQ,42.092565,13.258837,12.0,-26468.96,6013.03
PF63/0039/C426,AQ,42.074842,13.27235,12.0,-28459.59,7090.85
PF64/0039/C426,AQ,42.090311,13.258935,12.0,-26719.477,6016.027
PF65/0039/C426,AQ,42.085786,13.261804,12.0,-27226.693,6243.082
PF01/0040/C426,AQ,42.0958,13.294607,3.0,-26169.49,8978.47
PF02/0040/C426,AQ,42.083024,13.298625,50.0,-27594.751,9282.5
PF03/0040/C426,AQ,42.095662,13.278181,52.0,-26157.497,7619.78
PF04/0040/C426,AQ,42.095448,13.282229,50.0,-26188.073,7954.099
PF05/0040/C426,AQ,42.079618,13.282269,50.0,-27945.787,7922.066
PF10/0040/C426,AQ,42.076501,13.305038,50.0,-28329.569,9798.586
PF11/0040/C426,AQ,42.075001,13.298818,50.0,-28485.865,9280.766
PF12/0040/C426,AQ,42.071268,13.298956,52.0,-28900.633,9283.901
PF13/0040/C426,AQ,42.07289,13.308369,50.0,-28735.977,10066.257
PF14/0040/C426,AQ,42.091019,13.281627,50.0,-26678.835,7894.392
PF16/0040/C426,AQ,42.081833,13.28126,52.0,-27698.227,7843.493
PF17/0040/C426,AQ,42.083915,13.280946,70.0,-27466.481,7822.18
PF18/0040/C426,AQ,42.086464,13.286719,50.0,-27193.02,8305.347
PF19/0040/C426,AQ,42.092935,13.288011,52.0,-26476.658,8426.649
PF20/0040/C426,AQ,42.093177,13.284538,50.0,-26444.003,8139.993
PF21/0040/C426,AQ,42.0891,13.2817,52.0,-26892.046,7896.181
PF22/0040/C426,AQ,42.088943,13.288166,50.0,-26920.223,8430.583
PF23/0040/C426,AQ,42.080369,13.307878,70.0,-27904.758,10042.08
PF24/0040/C426,AQ,42.070189,13.284615,70.0,-28996.7,8095.062
PF26/0040/C426,AQ,42.070544,13.291368,70.0,-28968.497,8654.532
PF27/0040/C426,AQ,42.078216,13.277311,70.0,-28093.23,7508.819
PF32/0040/C426,AQ,42.080279,13.298766,12.0,-27899.776,9288.102
PF34/0040/C426,AQ,42.078798,13.304965,70.0,-28074.372,9797.611
PF35/0040/C426,AQ,42.095564,13.285314,70.0,-26180.32,8209.495
PF36/0040/C426,AQ,42.084795,13.27172,50.0,-27353.43,7061.074
PF37/0040/C426,AQ,42.095829,13.291343,70.0,-26160.87,8708.669
PF41/0040/C426,AQ,42.07959,13.27917,50.0,-27943.806,7665.657
PF42/0040/C426,AQ,42.081195,13.284469,52.0,-27774.363,8107.528
PF43/0040/C426,AQ,42.081203,13.304881,70.0,-27807.144,9795.965
PF44/0040/C426,AQ,42.069478,13.274025,70.0,-29057.96,7217.344
PF46/0040/C426,AQ,42.080793,13.275632,70.0,-27804.269,7375.685
PF47/0040/C426,AQ,42.07362,13.293842,52.0,-28630.984,8866.065
PF48/0040/C426,AQ,42.075137,13.291373,70.0,-28458.439,8665.142
PF49/0040/C426,AQ,42.080106,13.293415,70.0,-27910.105,8845.123
PF51/0040/C426,AQ,42.080198,13.282714,70.0,-27882.172,7960.131
PF01/0041/C426,AQ,42.233818,13.320744,8.0,-10886.86,11441.61
PF01/0042/C426,AQ,42.227125,13.336473,8.0,-11655.56,12725.03
PF01/0043/C426,AQ,42.210963,13.36851,8.0,-13501.32,15334.64
PF02/0043/C426,AQ,42.221156,13.350517,1.0,-12340.83,13871.26
PF01/0045/C426,AQ,42.185776,13.357168,8.0,-16280.04,14344.47
PF02/0045/C426,AQ,42.197907,13.347671,8.0,-14917.94,13586.3
PF01/0046/C426,AQ,42.203943,13.384055,8.0,-14305.25,16603.1
PF01/0047/C426,AQ,42.174763,13.358239,8.0,-17504.65,14409.36
PF01/0049/C426,AQ,42.184574,13.376406,8.0,-16443.95,15930.65
PF02/0049/C426,AQ,42.171181,13.379023,6.0,-17935.2,16118.49
PF03/0049/C426,AQ,42.165565,13.389888,8.0,-18575.76,17004.22
PF01/0050/C426,AQ,42.166985,13.403601,8.0,-18439.42,18139.91
PF02/0050/C426,AQ,42.166354,13.421043,8.0,-18536.33,19579.42
PF03/0050/C426,AQ,42.161164,13.400368,70.0,-19080.788,17860.708
PF01/0051/C426,AQ,42.151694,13.420785,8.0,-20163.72,19528.0
PF02/0051/C426,AQ,42.14243,13.434771,8.0,-21213.62,20664.72
PF01/0001/C492,AQ,42.160532,13.365418,50.0,-19096.268,14972.052
PF02/0001/C492,AQ,42.15926,13.368883,50.0,-19242.971,15255.655
PF03/0001/C492,AQ,42.156604,13.368509,50.0,-19537.246,15219.119
PF04/0001/C492,AQ,42.156685,13.364021,50.0,-19521.172,14848.451
PF05/0001/C492,AQ,42.158912,13.363118,50.0,-19272.419,14778.612
PF06/0001/C492,AQ,42.163933,13.366928,50.0,-18720.95,15104.066
PF01/0003/C492,AQ,42.143631,13.342706,54.0,-20936.701,13059.304
PF02/0003/C492,AQ,42.144918,13.341692,70.0,-20792.151,12978.298
PF03/0003/C492,AQ,42.145842,13.341193,54.0,-20688.723,12939.077
PF04/0003/C492,AQ,42.145771,13.342315,54.0,-20698.384,13031.574
PF05/0003/C492,AQ,42.14805,13.349089,12.0,-20456.262,13596.232
PF06/0003/C492,AQ,42.148862,13.351501,12.0,-20369.867,13797.341
PF01/0004/C492,AQ,42.131721,13.33362,8.0,-22244.54,12282.61
PF03/0004/C492,AQ,42.136774,13.331317,52.0,-21679.748,12103.24
PF06/0004/C492,AQ,42.135261,13.336234,52.0,-21855.685,12506.338
PF07/0004/C492,AQ,42.140723,13.336432,70.0,-21249.552,12534.529
PF08/0004/C492,AQ,42.142836,13.338546,70.0,-21018.289,12713.826
PF10/0004/C492,AQ,42.138705,13.339367,70.0,-21478.283,12772.762
PF12/0004/C492,AQ,42.135849,13.339397,52.0,-21795.418,12769.052
PF13/0004/C492,AQ,42.135274,13.341759,54.0,-21863.159,12963.013
PF14/0004/C492,AQ,42.132224,13.338703,52.0,-22196.868,12703.869
PF15/0004/C492,AQ,42.144022,13.335614,70.0,-20881.881,12474.05
PF16/0004/C492,AQ,42.140999,13.332203,50.0,-21212.03,12185.647
PF18/0004/C492,AQ,42.135267,13.332483,52.0,-21848.901,12196.333
PF19/0004/C492,AQ,42.137521,13.330478,70.0,-21595.438,12035.561
PF01/0006/C492,AQ,42.145252,13.348634,56.0,-20766.19,13552.631
PF02/0006/C492,AQ,42.142577,13.351367,50.0,-21067.545,13772.739
PF03/0006/C492,AQ,42.142684,13.355926,12.0,-21063.003,14149.714
PF04/0006/C492,AQ,42.140292,13.353941,12.0,-21325.406,13980.566
PF05/0006/C492,AQ,42.146546,13.353606,12.0,-20630.47,13966.296
PF02/0007/C492,AQ,42.134039,13.342581,50.0,-22001.584,13028.321
PF03/0007/C492,AQ,42.136594,13.342781,54.0,-21718.132,13050.289
PF06/0007/C492,AQ,42.13939,13.348786,52.0,-21417.349,13552.614
PF07/0007/C492,AQ,42.136442,13.346368,52.0,-21740.848,13346.479
PF08/0007/C492,AQ,42.134215,13.346783,70.0,-21988.777,13375.923
PF12/0007/C492,AQ,42.131847,13.349802,70.0,-22256.561,13620.402
PF13/0007/C492,AQ,42.135775,13.349114,54.0,-21819.219,13571.962
PF14/0007/C492,AQ,42.134,13.352311,70.0,-22021.41,13832.4
PF01/0008/C492,AQ,42.131798,13.344424,70.0,-22253.407,13175.803
PF02/0008/C492,AQ,42.12844,13.337096,52.0,-22614.462,12562.828
PF03/0008/C492,AQ,42.12793,13.340922,52.0,-22677.213,12877.959
PF04/0008/C492,AQ,42.129589,13.33412,52.0,-22482.067,12319.321
PF05/0008/C492,AQ,42.130584,13.341619,50.0,-22383.691,12941.341
PF06/0008/C492,AQ,42.125547,13.33045,52.0,-22924.95,12007.218
PF07/0008/C492,AQ,42.122527,13.334095,50.0,-23266.154,12301.976
PF08/0008/C492,AQ,42.124953,13.327612,50.0,-22986.302,11771.337
PF09/0008/C492,AQ,42.127354,13.328411,50.0,-22721.003,11842.591
PF01/0009/C492,AQ,42.124963,13.341835,8.0,-23008.15,12947.08
PF02/0009/C492,AQ,42.128765,13.348766,52.0,-22597.061,13528.129
PF03/0009/C492,AQ,42.123031,13.347814,52.0,-23232.216,13437.114
PF04/0009/C492,AQ,42.121469,13.344039,52.0,-23399.696,13121.685
PF05/0009/C492,AQ,42.118136,13.346053,52.0,-23772.955,13281.006
PF06/0009/C492,AQ,42.115367,13.348231,52.0,-24083.927,13455.151
PF07/0009/C492,AQ,42.127655,13.34547,12.0,-22715.1,13253.33
PF01/0010/C492,AQ,42.112584,13.334028,8.0,-24370.14,12274.92
PF02/0010/C492,AQ,42.117363,13.337064,52.0,-23844.37,12536.251
PF03/0010/C492,AQ,42.115376,13.335196,50.0,-24062.022,12377.51
PF04/0010/C492,AQ,42.117223,13.323962,12.0,-23838.7,11452.8
PF02/0011/C492,AQ,42.111898,13.349096,12.0,-24470.453,13519.182
PF03/0011/C492,AQ,42.111262,13.342986,12.0,-24531.322,13012.651
PF01/0012/C492,AQ,42.109359,13.333803,70.0,-24727.906,12249.315
PF02/0012/C492,AQ,42.114453,13.340376,52.0,-24172.802,12803.772
PF02/0013/C492,AQ,42.094999,13.345139,70.0,-26340.539,13155.683
PF03/0013/C492,AQ,42.097394,13.349349,70.0,-26081.39,13508.99
PF04/0013/C492,AQ,42.099365,13.348619,50.0,-25861.315,13452.864
PF05/0013/C492,AQ,42.104096,13.344007,50.0,-25328.704,13081.644
PF06/0013/C492,AQ,42.100283,13.342013,50.0,-25748.905,12908.587
PF07/0013/C492,AQ,42.097148,13.343688,12.0,-26099.644,13040.299
PF01/0014/C492,AQ,42.104949,13.337671,52.0,-25223.763,12559.605
PF02/0014/C492,AQ,42.102649,13.333154,50.0,-25471.885,12181.105
PF03/0014/C492,AQ,42.10115,13.32871,50.0,-25631.18,11810.351
PF04/0014/C492,AQ,42.103888,13.325217,50.0,-25321.508,11527.474
PF05/0014/C492,AQ,42.111456,13.329571,70.0,-24488.216,11903.953
PF08/0014/C492,AQ,42.110421,13.320807,50.0,-24588.846,11177.16
PF09/0014/C492,AQ,42.110407,13.317642,42.0,-24585.266,10915.445
PF11/0014/C492,AQ,42.115162,13.315364,54.0,-24053.593,10737.474
PF12/0014/C492,AQ,42.112111,13.321824,50.0,-24402.855,11264.93
PF13/0014/C492,AQ,42.106627,13.330863,70.0,-25026.465,12000.301
PF14/0014/C492,AQ,42.108274,13.318725,12.0,-24823.942,11000.301
PF15/0014/C492,AQ,42.106429,13.325027,12.0,-25039.002,11517.347
PF16/0014/C492,AQ,42.113553,13.318458,12.0,-24237.324,10989.787
PF01/0015/C492,AQ,42.094486,13.320907,8.0,-26358.42,11150.6
PF02/0015/C492,AQ,42.095946,13.330573,50.0,-26211.962,11953.13
PF03/0015/C492,AQ,42.09961,13.336047,50.0,-25813.943,12413.797
PF04/0015/C492,AQ,42.095247,13.33976,50.0,-26304.436,12711.361
PF05/0015/C492,AQ,42.092426,13.34893,52.0,-26632.395,13463.714
PF06/0015/C492,AQ,42.098534,13.343995,50.0,-25946.215,13068.688
PF07/0015/C492,AQ,42.09884,13.326992,50.0,-25884.865,11663.292
PF08/0015/C492,AQ,42.089452,13.316615,50.0,-26910.46,10784.607
PF09/0015/C492,AQ,42.089426,13.323827,52.0,-26925.058,11381.048
PF10/0015/C492,AQ,42.094598,13.321891,50.0,-26347.642,11232.193
PF11/0015/C492,AQ,42.09448,13.318874,50.0,-26355.78,10982.471
PF12/0015/C492,AQ,42.253577,13.076115,50.0,-8266.01,-8695.394
PF13/0015/C492,AQ,42.099068,13.316095,50.0,-25841.837,10762.671
PF14/0015/C492,AQ,42.090498,13.334913,50.0,-26823.985,12300.24
PF15/0015/C492,AQ,42.085848,13.332499,52.0,-27336.315,12090.529
PF16/0015/C492,AQ,42.088356,13.346935,12.0,-27081.137,13289.94
PF02/0001/C766,AQ,41.972737,13.182776,50.0,-39643.373,-560.135
PF03/0001/C766,AQ,41.976327,13.185054,52.0,-39248.766,-362.891
PF04/0001/C766,AQ,41.977049,13.188145,70.0,-39174.06,-105.122
PF05/0001/C766,AQ,41.976501,13.193026,50.0,-39243.423,297.971
PF06/0001/C766,AQ,41.974139,13.186625,70.0,-39494.505,-237.869
PF08/0001/C766,AQ,41.979158,13.190743,70.0,-38944.431,115.059
PF01/0002/C766,AQ,41.972221,13.203264,8.0,-39736.54,1136.26
PF02/0002/C766,AQ,41.971498,13.197991,50.0,-39807.621,697.7
PF03/0002/C766,AQ,41.985785,13.200427,50.0,-38225.476,932.887
PF04/0002/C766,AQ,41.981833,13.196954,50.0,-38658.251,635.923
PF05/0002/C766,AQ,41.980225,13.202538,50.0,-38846.471,1094.749
PF06/0002/C766,AQ,41.97342,13.200017,50.0,-39597.737,870.073
PF01/0003/C766,AQ,41.978513,13.216077,8.0,-39060.05,2212.5
PF02/0003/C766,AQ,41.991919,13.212717,3.0,-37565.68,1965.21
PF03/0003/C766,AQ,41.980703,13.227275,8.0,-38836.18,3145.34
PF04/0003/C766,AQ,41.974383,13.217232,52.0,-39520.603,2298.672
PF01/0004/C766,AQ,41.970008,13.187141,8.0,-39954.04,-204.85
PF02/0004/C766,AQ,41.963752,13.191582,56.0,-40656.523,148.482
PF03/0004/C766,AQ,41.966952,13.194046,50.0,-40305.448,360.147
PF04/0004/C766,AQ,41.969724,13.196163,50.0,-40001.396,542.064
PF05/0004/C766,AQ,41.972319,13.19316,50.0,-39707.956,299.316
PF07/0004/C766,AQ,41.971957,13.188581,52.0,-39740.139,-80.993
PF08/0004/C766,AQ,41.974339,13.190986,50.0,-39479.924,123.915
PF09/0004/C766,AQ,41.967863,13.1889,12.0,-40195.28,-64.11
PF01/0005/C766,AQ,41.972368,13.203234,50.0,-39720.179,1134.142
PF02/0005/C766,AQ,41.973745,13.210188,50.0,-39579.335,1713.56
PF03/0005/C766,AQ,41.972854,13.20703,50.0,-39672.751,1449.779
PF04/0005/C766,AQ,41.975217,13.207282,50.0,-39410.789,1476.185
PF05/0005/C766,AQ,41.974859,13.202779,50.0,-39442.711,1102.26
PF06/0005/C766,AQ,41.977543,13.206257,50.0,-39150.779,1396.696
PF01/0006/C766,AQ,41.96623,13.213065,52.0,-40418.692,1934.477
PF02/0006/C766,AQ,41.969091,13.1998,50.0,-40077.976,841.984
PF04/0006/C766,AQ,41.964134,13.209413,52.0,-40645.14,1626.987
PF05/0006/C766,AQ,41.969867,13.204013,50.0,-39999.176,1192.9
PF06/0006/C766,AQ,41.966588,13.206569,12.0,-40367.758,1397.026
PF05/0007/C766,AQ,41.954692,13.201276,9.0,-41679.35,930.7
PF06/0007/C766,AQ,41.956509,13.199478,9.0,-41474.56,785.89
PF08/0007/C766,AQ,41.958606,13.200667,56.0,-41243.764,889.308
PF09/0007/C766,AQ,41.959034,13.196963,9.0,-41189.79,583.35
PF12/0007/C766,AQ,41.965456,13.198661,52.0,-40479.665,739.088
PF16/0007/C766,AQ,41.961453,13.194927,9.0,-40917.58,420.29
PF24/0007/C766,AQ,41.951376,13.200555,52.0,-42046.351,863.16
PF26/0007/C766,AQ,41.962235,13.202092,50.0,-40843.302,1015.895
PF27/0007/C766,AQ,41.953952,13.197095,12.0,-41754.31,582.41
PF01/0008/C766,AQ,41.965144,13.202762,8.0,-40521.4,1078.24
PF02/0008/C766,AQ,41.959637,13.205712,70.0,-41138.093,1309.866
PF03/0008/C766,AQ,41.957503,13.207449,70.0,-41377.97,1448.877
PF04/0008/C766,AQ,41.956689,13.203058,70.0,-41460.773,1083.065
PF05/0008/C766,AQ,41.960663,13.208932,50.0,-41029.717,1579.128
PF01/0009/C766,AQ,41.970605,13.219564,8.0,-39944.13,2483.15
PF04/0009/C766,AQ,41.960062,13.215744,70.0,-41108.251,2142.231
PF06/0009/C766,AQ,41.962353,13.21345,52.0,-40849.905,1957.475
PF07/0009/C766,AQ,41.964349,13.223245,54.0,-40645.17,2773.767
PF08/0009/C766,AQ,41.971547,13.214956,54.0,-39831.628,2103.503
PF09/0009/C766,AQ,41.970444,13.21078,50.0,-39946.878,1754.901
PF11/0009/C766,AQ,41.968796,13.215843,54.0,-40138.618,2170.685
PF12/0009/C766,AQ,41.961814,13.220685,70.0,-40922.221,2555.787
PF13/0009/C766,AQ,41.967808,13.21978,54.0,-40255.067,2494.642
PF14/0009/C766,AQ,41.960372,13.212379,70.0,-41068.031,1864.127
PF15/0009/C766,AQ,41.964205,13.218459,12.0,-40652.9,2376.808
PF16/0009/C766,AQ,41.965394,13.220851,12.0,-40525.016,2577.822
PF17/0009/C766,AQ,41.964132,13.215449,12.0,-40655.819,2127.219
PF01/0010/C766,AQ,41.981485,13.248471,7.0,-38785.45,4903.18
PF04/0010/C766,AQ,41.977982,13.229705,54.0,-39142.45,3340.368
PF05/0010/C766,AQ,41.964452,13.226948,50.0,-40640.093,3080.856
PF06/0010/C766,AQ,41.962772,13.228944,50.0,-40829.961,3242.438
PF01/0011/C766,AQ,41.944204,13.206484,52.0,-42853.05,1337.997
PF06/0011/C766,AQ,41.948474,13.205269,9.0,-42376.75,1247.21
PF09/0011/C766,AQ,41.953335,13.203729,52.0,-41834.324,1130.862
PF12/0011/C766,AQ,41.946845,13.208495,52.0,-42563.23,1510.777
PF01/0012/C766,AQ,41.958228,13.219009,70.0,-41317.538,2408.602
PF02/0013/C766,AQ,41.959249,13.223663,54.0,-41212.106,2796.686
PF03/0013/C766,AQ,41.955233,13.21483,54.0,-41642.79,2055.353
PF04/0013/C766,AQ,41.954616,13.224332,50.0,-41727.674,2841.469
PF05/0013/C766,AQ,41.95352,13.219029,50.0,-41840.328,2399.388
PF06/0013/C766,AQ,41.956819,13.21285,56.0,-41463.31,1894.863
PF08/0013/C766,AQ,41.957267,13.216227,70.0,-41419.345,2175.822
PF09/0013/C766,AQ,41.962375,13.22434,54.0,-40866.179,2859.959
PF10/0013/C766,AQ,41.959617,13.228404,54.0,-41179.436,3190.415
PF11/0013/C766,AQ,41.956362,13.222328,50.0,-41530.428,2679.391
PF01/0014/C766,AQ,41.962299,13.24545,8.0,-40910.65,4609.21
PF01/0015/C766,AQ,41.947328,13.211432,8.0,-42514.66,1755.41
PF02/0015/C766,AQ,41.949256,13.219453,54.0,-42314.452,2424.685
PF03/0015/C766,AQ,41.950719,13.215752,54.0,-42145.62,2121.267
PF04/0015/C766,AQ,41.952399,13.209628,56.0,-41948.518,1617.625
PF05/0015/C766,AQ,41.952511,13.225903,50.0,-41964.154,2966.785
PF01/0016/C766,AQ,41.946759,13.242418,8.0,-42631.03,4322.53
PF02/0016/C766,AQ,41.938893,13.249712,8.0,-43516.85,4909.33
PF03/0016/C766,AQ,41.956304,13.234591,8.0,-41557.9,3695.57
PF04/0016/C766,AQ,41.957042,13.228952,52.0,-41466.223,3229.929
PF01/0017/C766,AQ,41.942748,13.221148,8.0,-43040.0,2550.19
PF02/0017/C766,AQ,41.938633,13.21079,9.0,-43479.06,1682.01
PF03/0017/C766,AQ,41.942326,13.209547,9.0,-43066.85,1587.5
PF04/0017/C766,AQ,41.946199,13.216653,54.0,-42649.035,2185.564
PF05/0017/C766,AQ,41.941022,13.218865,50.0,-43227.676,2356.962
PF06/0017/C766,AQ,41.939764,13.222984,56.0,-43374.444,2695.546
PF07/0017/C766,AQ,41.939025,13.213927,56.0,-43440.956,1942.994
PF08/0017/C766,AQ,41.940286,13.213094,54.0,-43299.526,1876.837
PF01/0018/C766,AQ,41.936017,13.221858,70.0,-43788.657,2593.549
PF02/0018/C766,AQ,41.93381,13.227778,52.0,-44043.808,3079.267
PF03/0018/C766,AQ,41.936471,13.226309,50.0,-43745.872,2963.634
PF06/0018/C766,AQ,41.942731,13.228532,50.0,-43054.537,3162.256
PF07/0018/C766,AQ,41.936712,13.219231,56.0,-43706.943,2377.359
PF08/0018/C766,AQ,41.945101,13.224754,50.0,-42784.948,2854.521
PF09/0018/C766,AQ,41.945574,13.227955,50.0,-42737.903,3120.928
PF01/0019/C766,AQ,41.931687,13.233515,52.0,-44289.371,3550.023
PF02/0019/C766,AQ,41.935983,13.235204,50.0,-43815.211,3699.965
PF03/0019/C766,AQ,41.929594,13.237407,52.0,-44528.387,3867.987
PF04/0019/C766,AQ,41.94071,13.229293,50.0,-43280.271,3220.686
PF05/0019/C766,AQ,41.930637,13.229315,52.0,-44398.742,3199.403
PF06/0019/C766,AQ,41.943182,13.233226,50.0,-43012.502,3552.378
PF07/0019/C766,AQ,41.938575,13.237125,12.0,-43530.75,3865.08
PF02/0020/C766,AQ,41.934228,13.244351,50.0,-44025.713,4454.295
PF03/0020/C766,AQ,41.931255,13.246437,50.0,-44359.372,4620.495
PF04/0020/C766,AQ,42.319942,12.642848,420.0,2.0,-44233.733
PF05/0020/C766,AQ,41.934744,13.241418,50.0,-43963.365,4212.311
PF06/0020/C766,AQ,41.932847,13.250379,50.0,-44189.266,4950.94
PF07/0020/C766,AQ,41.937003,13.241662,50.0,-43712.984,4237.69
PF09/0020/C766,AQ,42.319997,12.646407,481.0,0.0,-43940.245
PF10/0020/C766,AQ,41.934029,13.252863,50.0,-44062.232,5159.562
PF11/0020/C766,AQ,41.929477,13.251508,50.0,-44565.389,5036.901
PF01/0001/C778,AQ,41.880351,13.624919,8.0,-50584.12,35910.36
PF02/0001/C778,AQ,41.89845,13.645303,12.0,-48601.5,37633.507
PF03/0001/C778,AQ,41.89866,13.6415,12.0,-48573.189,37318.453
PF04/0001/C778,AQ,41.901749,13.642771,12.0,-48231.856,37429.266
PF01/0002/C778,AQ,41.892019,13.654653,8.0,-49327.72,38397.96
PF02/0002/C778,AQ,41.881619,13.648338,8.0,-50474.16,37855.81
PF01/0003/C778,AQ,41.862781,13.654781,8.0,-52574.25,38357.63
PF02/0003/C778,AQ,41.871538,13.659266,8.0,-51607.7,38745.14
PF03/0003/C778,AQ,41.861311,13.644761,70.0,-52724.325,37523.443
PF04/0003/C778,AQ,41.861935,13.648259,70.0,-52659.658,37814.894
PF01/0004/C778,AQ,41.859555,13.656597,70.0,-52934.828,38502.755
PF08/0006/C778,AQ,41.848869,13.695301,7.0,-54170.78,41697.28
PF11/0006/C778,AQ,41.845292,13.697035,70.0,-54570.139,41835.251
PF13/0006/C778,AQ,41.844181,13.6915,70.0,-54686.569,41373.822
PF27/0006/C778,AQ,41.85189,13.682294,8.0,-53818.88,40622.65
PF28/0006/C778,AQ,41.848742,13.690471,70.0,-54178.834,41296.127
PF29/0006/C778,AQ,41.845962,13.689832,70.0,-54486.682,41238.394
PF30/0006/C778,AQ,41.84881,13.695213,70.0,-54177.302,41689.948
PF31/0006/C778,AQ,41.846731,13.686787,70.0,-54397.383,40986.894
PF32/0006/C778,AQ,41.847565,13.697489,70.0,-54318.367,41876.743
PF33/0006/C778,AQ,41.849356,13.686432,52.0,-54105.485,40961.884
PF34/0006/C778,AQ,41.850046,13.698569,70.0,-54044.273,41970.611
PF01/0007/C778,AQ,41.852588,13.70729,8.0,-53772.9,42698.82
PF02/0007/C778,AQ,41.853198,13.704353,9.0,-53701.505,42456.028
PF03/0007/C778,AQ,41.852288,13.707226,9.0,-53806.162,42693.039
PF04/0007/C778,AQ,41.851027,13.705591,9.0,-53944.143,42555.158
PF05/0007/C778,AQ,41.85188,13.70964,9.0,-53854.493,42892.697
PF06/0007/C778,AQ,41.849899,13.710203,9.0,-54075.157,42936.2
PF07/0007/C778,AQ,41.85616,13.703981,12.0,-53372.161,42430.152
PF01/0008/C778,AQ,41.841649,13.704273,8.0,-54983.8,42430.09
PF02/0008/C778,AQ,41.850027,13.701774,9.0,-54050.427,42236.674
PF03/0008/C778,AQ,41.847891,13.70267,56.0,-54288.636,42307.403
PF03/0009/C778,AQ,41.843643,13.694637,70.0,-54750.211,41633.397
PF04/0009/C778,AQ,41.843366,13.699187,50.0,-54786.735,42010.697
PF01/0010/C778,AQ,41.840944,13.689928,8.0,-55043.92,41237.85
PF01/0011/C778,AQ,41.844493,13.685232,70.0,-54643.94,40853.974
PF01/0013/C778,AQ,41.849236,13.653143,8.0,-54076.03,38198.12
PF01/0014/C778,AQ,41.835198,13.646163,8.0,-55625.59,37594.1
PF02/0014/C778,AQ,41.856556,13.641509,8.0,-53248.04,37245.12
PF01/0015/C778,AQ,41.835128,13.671269,6.0,-55665.95,39678.6
PF01/0016/C778,AQ,41.827464,13.67771,8.0,-56525.07,40200.4
PF02/0016/C778,AQ,41.826415,13.668528,8.0,-56629.84,39436.07
PF03/0016/C778,AQ,41.821661,13.662045,8.0,-57149.25,38889.42
PF01/0001/C783,AQ,42.008039,13.174725,8.0,-35709.35,-1143.62
PF02/0001/C783,AQ,42.007085,13.173523,9.0,-35813.174,-1245.456
PF03/0001/C783,AQ,42.003323,13.168688,9.0,-36222.317,-1654.766
PF04/0001/C783,AQ,42.009017,13.171289,56.0,-35594.739,-1425.868
PF05/0001/C783,AQ,42.009749,13.173824,54.0,-35517.899,-1214.229
PF06/0001/C783,AQ,42.006768,13.170078,52.0,-35842.276,-1531.53
PF07/0001/C783,AQ,42.007842,13.167062,52.0,-35717.644,-1778.731
PF08/0001/C783,AQ,42.012324,13.171373,54.0,-35227.611,-1411.021
PF01/0002/C783,AQ,42.001539,13.188733,50.0,-36455.817,1.129
PF02/0002/C783,AQ,42.003757,13.184763,50.0,-36202.577,-322.432
PF01/0003/C783,AQ,42.008153,13.163465,50.0,-35676.757,-2075.869
PF02/0003/C783,AQ,42.005661,13.164816,52.0,-35955.896,-1969.879
PF03/0003/C783,AQ,41.998027,13.155759,50.0,-36787.422,-2738.238
PF08/0003/C783,AQ,42.00111,13.159876,54.0,-36452.473,-2389.869
PF12/0003/C783,AQ,41.998433,13.165932,9.0,-36760.401,-1894.634
PF13/0003/C783,AQ,41.99727,13.164675,9.0,-36887.358,-2001.546
PF14/0003/C783,AQ,41.996766,13.166088,9.0,-36945.856,-1885.748
PF18/0003/C783,AQ,41.998308,13.160801,50.0,-36765.196,-2319.954
PF19/0003/C783,AQ,42.000734,13.165394,9.0,-36504.0,-1933.727
PF20/0003/C783,AQ,41.995373,13.165038,9.0,-37098.616,-1976.002
PF21/0003/C783,AQ,42.00172,13.153855,7.0,-36373.92,-2887.05
PF22/0003/C783,AQ,42.002852,13.162536,50.0,-36263.684,-2165.395
PF23/0003/C783,AQ,41.994943,13.161487,50.0,-37140.049,-2271.143
PF25/0003/C783,AQ,42.004837,13.161782,50.0,-36041.925,-2223.117
PF26/0003/C783,AQ,42.003585,13.156346,12.0,-36171.268,-2676.305
PF01/0004/C783,AQ,42.005437,13.180933,70.0,-36009.226,-635.659
PF02/0004/C783,AQ,42.004439,13.175899,54.0,-36111.238,-1054.955
PF04/0004/C783,AQ,42.002122,13.179676,54.0,-36375.12,-747.601
PF06/0004/C783,AQ,42.001332,13.175891,54.0,-36456.172,-1062.973
PF09/0004/C783,AQ,41.999209,13.174733,54.0,-36689.867,-1163.878
PF11/0004/C783,AQ,42.00023,13.173001,54.0,-36573.449,-1304.896
PF13/0004/C783,AQ,41.999743,13.16996,9.0,-36622.155,-1557.949
PF14/0004/C783,AQ,42.003137,13.168745,54.0,-36243.112,-1650.534
PF17/0004/C783,AQ,42.005573,13.167257,54.0,-35969.981,-1767.942
PF19/0004/C783,AQ,42.005323,13.173934,9.0,-36009.522,-1215.569
PF01/0005/C783,AQ,41.997666,13.189273,8.0,-36886.72,36.75
PF02/0005/C783,AQ,42.002678,13.179924,70.0,-36313.869,-725.767
PF03/0005/C783,AQ,42.002072,13.182789,52.0,-36386.108,-489.933
PF04/0005/C783,AQ,41.999597,13.185472,52.0,-36665.702,-273.554
PF05/0005/C783,AQ,41.994584,13.182883,56.0,-37217.777,-499.772
PF06/0005/C783,AQ,41.997093,13.184973,54.0,-36942.835,-320.716
PF07/0005/C783,AQ,41.99773,13.189351,54.0,-36879.843,43.404
PF08/0005/C783,AQ,41.996213,13.187048,54.0,-37044.18,-150.957
PF01/0006/C783,AQ,42.005566,13.202735,8.0,-36033.07,1170.2
PF01/0007/C783,AQ,41.991676,13.166825,9.0,-37512.328,-1836.774
PF02/0007/C783,AQ,41.990034,13.169203,9.0,-37698.821,-1643.7
PF03/0007/C783,AQ,41.989172,13.167992,9.0,-37792.421,-1746.061
PF04/0007/C783,AQ,41.988691,13.170909,9.0,-37851.001,-1505.534
PF05/0007/C783,AQ,41.988777,13.165051,54.0,-37831.045,-1990.654
PF06/0007/C783,AQ,41.993868,13.154825,52.0,-37247.555,-2825.543
PF07/0007/C783,AQ,41.989769,13.156411,56.0,-37705.57,-2704.009
PF08/0007/C783,AQ,41.992591,13.163047,56.0,-37404.01,-2147.52
PF09/0007/C783,AQ,41.991857,13.159558,52.0,-37479.326,-2438.298
PF01/0008/C783,AQ,41.997682,13.167489,9.0,-36846.576,-1767.462
PF02/0008/C783,AQ,41.996197,13.166964,9.0,-37010.575,-1814.511
PF03/0008/C783,AQ,41.994979,13.166974,9.0,-37145.765,-1816.57
PF04/0008/C783,AQ,41.99436,13.167697,70.0,-37215.865,-1758.138
PF05/0008/C783,AQ,41.993484,13.169193,9.0,-37315.771,-1636.352
PF06/0008/C783,AQ,41.99127,13.169845,9.0,-37562.746,-1587.626
PF07/0008/C783,AQ,41.989349,13.170609,9.0,-37777.391,-1528.886
PF08/0008/C783,AQ,41.991038,13.173332,9.0,-37594.622,-1299.293
PF09/0008/C783,AQ,41.989967,13.176436,9.0,-37719.045,-1044.672
PF11/0008/C783,AQ,41.992964,13.172862,9.0,-37380.003,-1333.67
PF15/0008/C783,AQ,41.996266,13.170102,20.0,-37008.392,-1554.458
PF16/0008/C783,AQ,41.998443,13.170209,9.0,-36766.867,-1540.394
PF17/0008/C783,AQ,41.998187,13.171864,56.0,-36798.289,-1403.942
PF19/0008/C783,AQ,41.998414,13.180948,52.0,-36789.033,-651.044
PF24/0008/C783,AQ,41.996845,13.17005,8.0,-36944.03,-1557.4
PF25/0008/C783,AQ,41.995467,13.173812,70.0,-37103.721,-1249.021
PF26/0008/C783,AQ,41.992713,13.177703,56.0,-37416.359,-933.278
PF27/0008/C783,AQ,41.998238,13.17723,50.0,-36802.055,-959.338
PF30/0008/C783,AQ,41.995153,13.177629,54.0,-37145.278,-933.597
PF31/0008/C783,AQ,41.989244,13.172678,56.0,-37792.673,-1357.725
PF01/0009/C783,AQ,41.986265,13.158676,54.0,-38098.61,-2524.748
PF02/0009/C783,AQ,41.990459,13.152736,52.0,-37622.373,-3006.776
PF04/0009/C783,AQ,41.987659,13.147395,70.0,-37923.702,-3455.936
PF05/0009/C783,AQ,41.986399,13.151057,56.0,-38070.196,-3155.565
PF06/0009/C783,AQ,41.983135,13.14816,54.0,-38427.387,-3403.4
PF07/0009/C783,AQ,41.987606,13.143515,70.0,-37922.548,-3777.468
PF08/0009/C783,AQ,41.984434,13.145735,54.0,-38278.746,-3601.137
PF09/0009/C783,AQ,41.9845,13.154852,12.0,-38287.823,-2845.693
PF01/0010/C783,AQ,41.986546,13.168042,8.0,-38084.02,-1748.12
PF01/0011/C783,AQ,41.990874,13.187109,54.0,-37637.156,-158.438
PF04/0011/C783,AQ,41.995183,13.188792,54.0,-37161.665,-8.957
PF05/0011/C783,AQ,41.991838,13.190706,56.0,-37536.383,141.756
PF06/0011/C783,AQ,41.992408,13.186122,54.0,-37465.085,-236.63
PF08/0011/C783,AQ,41.99313,13.190165,54.0,-37391.943,100.018
PF09/0011/C783,AQ,41.990486,13.190892,56.0,-37686.837,154.01
PF10/0011/C783,AQ,41.991458,13.187434,54.0,-37572.818,-130.121
PF11/0011/C783,AQ,41.990663,13.183953,56.0,-37655.042,-420.379
PF12/0011/C783,AQ,41.99539,13.190826,54.0,-37142.239,160.079
PF13/0011/C783,AQ,41.990424,13.193427,12.0,-37698.11,363.84
PF02/0012/C783,AQ,41.983745,13.181732,8.0,-38419.26,-620.65
PF05/0012/C783,AQ,41.986204,13.193804,56.0,-38167.396,385.223
PF06/0012/C783,AQ,41.987994,13.187607,56.0,-37957.77,-123.986
PF07/0012/C783,AQ,41.985763,13.190272,54.0,-38210.192,91.547
PF08/0012/C783,AQ,41.983895,13.192473,70.0,-38421.471,269.542
PF09/0012/C783,AQ,41.986033,13.18283,54.0,-38167.139,-524.275
PF10/0012/C783,AQ,41.983527,13.186858,56.0,-38452.511,-196.511
PF11/0012/C783,AQ,41.983511,13.183052,70.0,-38447.546,-511.871
PF13/0012/C783,AQ,41.983952,13.186133,70.0,-38404.001,-255.567
PF14/0012/C783,AQ,41.9839,13.179992,12.0,-38398.992,-764.473
PF01/0013/C783,AQ,41.968553,13.125558,8.0,-40005.81,-5311.31
PF02/0013/C783,AQ,41.98264,13.123712,8.0,-38438.28,-5430.02
PF03/0013/C783,AQ,41.968091,13.144436,50.0,-40091.165,-3748.101
PF01/0014/C783,AQ,41.975447,13.147718,8.0,-39280.25,-3458.45
PF02/0014/C783,AQ,41.983565,13.158797,56.0,-38398.606,-2521.134
PF03/0014/C783,AQ,41.980943,13.150787,56.0,-38675.469,-3190.989
PF04/0014/C783,AQ,41.983195,13.151312,56.0,-38426.382,-3142.167
PF07/0014/C783,AQ,41.980899,13.159898,54.0,-38696.61,-2436.273
PF09/0014/C783,AQ,41.977505,13.154191,56.0,-39063.318,-2917.2
PF10/0014/C783,AQ,41.979315,13.148589,54.0,-38852.259,-3377.023
PF11/0014/C783,AQ,41.980959,13.14732,52.0,-38667.493,-3478.202
PF12/0014/C783,AQ,41.98087,13.156796,12.0,-38694.277,-2693.322
PF13/0014/C783,AQ,41.982017,13.153845,12.0,-38561.686,-2935.078
PF02/0015/C783,AQ,41.982313,13.168174,9.0,-38554.276,-1747.306
PF03/0015/C783,AQ,41.984698,13.162227,54.0,-38278.925,-2234.295
PF04/0015/C783,AQ,41.972295,13.166615,60.0,-39663.922,-1900.276
PF05/0015/C783,AQ,41.987212,13.162606,70.0,-38000.501,-2196.902
PF06/0015/C783,AQ,41.977793,13.160954,54.0,-39043.379,-2356.248
PF07/0015/C783,AQ,41.979943,13.165952,70.0,-38813.542,-1937.044
PF08/0015/C783,AQ,41.975118,13.166009,54.0,-39349.405,-1943.782
PF09/0015/C783,AQ,41.98237,13.163881,54.0,-38540.337,-2102.803
PF11/0015/C783,AQ,41.974925,13.169911,52.0,-39377.687,-1620.877
PF13/0015/C783,AQ,41.972626,13.162709,52.0,-39620.287,-2223.141
PF14/0015/C783,AQ,41.974865,13.162058,54.0,-39370.412,-2271.746
PF15/0015/C783,AQ,41.98568,13.165402,12.0,-38175.581,-1968.931
PF01/0016/C783,AQ,41.989612,13.181037,70.0,-37766.537,-664.382
PF02/0016/C783,AQ,41.990764,13.178545,70.0,-37634.312,-868.128
PF03/0016/C783,AQ,41.988717,13.179445,70.0,-37863.136,-798.393
PF05/0016/C783,AQ,41.987849,13.175959,70.0,-37953.41,-1089.263
PF07/0016/C783,AQ,41.986408,13.17384,9.0,-38109.606,-1268.19
PF08/0016/C783,AQ,41.985405,13.176204,9.0,-38225.174,-1074.682
PF09/0016/C783,AQ,41.986269,13.178408,9.0,-38133.138,-890.086
PF11/0016/C783,AQ,41.982606,13.176589,9.0,-38536.706,-1049.412
PF13/0016/C783,AQ,41.979749,13.17612,56.0,-38853.126,-1095.018
PF16/0016/C783,AQ,41.976493,13.176297,56.0,-39214.937,-1088.082
PF18/0016/C783,AQ,41.977011,13.171449,56.0,-39148.791,-1488.558
PF28/0016/C783,AQ,41.982867,13.172973,70.0,-38501.259,-1348.425
PF29/0016/C783,AQ,41.983593,13.169292,70.0,-38414.189,-1651.59
PF30/0016/C783,AQ,41.978313,13.174258,56.0,-39009.259,-1252.697
PF31/0016/C783,AQ,41.980655,13.169561,70.0,-38740.878,-1636.308
PF32/0016/C783,AQ,41.980494,13.173188,56.0,-38765.159,-1336.19
PF01/0017/C783,AQ,41.980003,13.180511,56.0,-38832.563,-730.62
PF02/0017/C783,AQ,41.976997,13.17919,56.0,-39164.074,-847.197
PF03/0017/C783,AQ,41.980827,13.182223,70.0,-38744.162,-586.892
PF04/0017/C783,AQ,41.979723,13.185944,12.0,-38873.235,-281.177
PF01/0018/C783,AQ,41.971038,13.153353,70.0,-39779.87,-3002.183
PF03/0018/C783,AQ,41.968513,13.153526,70.0,-40060.588,-2993.83
PF04/0018/C783,AQ,41.973981,13.154527,70.0,-39455.173,-2897.82
PF05/0018/C783,AQ,41.972713,13.158856,54.0,-39603.767,-2542.21
PF06/0018/C783,AQ,41.969372,13.156661,54.0,-39970.729,-2732.031
PF07/0018/C783,AQ,41.969733,13.150377,70.0,-39919.448,-3251.846
PF08/0018/C783,AQ,41.973965,13.158292,52.0,-39463.715,-2585.949
PF09/0018/C783,AQ,41.971794,13.159389,54.0,-39706.712,-2500.171
PF01/0019/C783,AQ,41.975681,13.173414,52.0,-39300.023,-1328.858
PF02/0019/C783,AQ,41.974304,13.174908,52.0,-39455.493,-1208.316
PF03/0019/C783,AQ,41.966738,13.1779,54.0,-40300.872,-978.32
PF06/0019/C783,AQ,41.96959,13.180959,56.0,-39989.627,-718.101
PF07/0019/C783,AQ,41.975002,13.18212,56.0,-39390.776,-609.115
PF08/0019/C783,AQ,41.968349,13.174867,54.0,-40116.663,-1225.856
PF09/0019/C783,AQ,41.970665,13.173652,50.0,-39857.391,-1321.031
PF10/0019/C783,AQ,41.973623,13.17928,56.0,-39538.849,-847.676
PF11/0019/C783,AQ,41.970708,13.177354,50.0,-39859.109,-1014.143
PF12/0019/C783,AQ,41.972956,13.177297,52.0,-39609.467,-1013.575
PF13/0019/C783,AQ,41.964656,13.178786,50.0,-40533.598,-909.828
PF14/0019/C783,AQ,41.973012,13.17219,52.0,-39594.238,-1436.587
PF15/0019/C783,AQ,41.965019,13.175767,50.0,-40487.982,-1159.133
PF02/0020/C783,AQ,41.962022,13.148088,70.0,-40771.593,-3460.07
PF03/0020/C783,AQ,41.96443,13.148676,70.0,-40505.22,-3405.537
PF04/0020/C783,AQ,41.962116,13.151815,70.0,-40767.777,-3150.935
PF05/0020/C783,AQ,41.959643,13.147351,56.0,-41034.436,-3526.852
PF06/0020/C783,AQ,41.966088,13.154709,50.0,-40331.883,-2901.616
PF07/0020/C783,AQ,41.966334,13.150536,70.0,-40297.188,-3246.828
PF01/0021/C783,AQ,41.964232,13.166612,50.0,-40559.213,-1919.674
PF02/0021/C783,AQ,41.969773,13.164002,54.0,-39939.301,-2122.799
PF03/0021/C783,AQ,41.968696,13.166854,50.0,-40064.006,-1889.004
PF04/0021/C783,AQ,41.966997,13.163536,50.0,-40246.772,-2167.973
PF05/0021/C783,AQ,41.966306,13.167482,50.0,-40330.501,-1842.648
PF06/0021/C783,AQ,41.968208,13.169481,50.0,-40122.76,-1672.467
PF07/0021/C783,AQ,41.967541,13.159118,50.0,-40178.464,-2532.815
PF08/0021/C783,AQ,41.964737,13.157982,50.0,-40487.826,-2633.678
PF11/0021/C783,AQ,41.970584,13.170388,12.0,-39860.57,-1591.69
PF01/0022/C783,AQ,41.966705,13.181975,52.0,-40311.718,-640.697
PF02/0022/C783,AQ,41.969286,13.183672,56.0,-40028.179,-494.034
PF03/0022/C783,AQ,41.964537,13.185306,50.0,-40558.377,-369.792
PF04/0022/C783,AQ,41.962512,13.183526,50.0,-40780.031,-522.037
PF06/0022/C783,AQ,41.962109,13.179248,50.0,-40817.32,-877.555
PF07/0022/C783,AQ,41.961208,13.190249,52.0,-40936.601,32.072
PF01/0023/C783,AQ,41.958425,13.140344,8.0,-41157.05,-4110.52
PF02/0023/C783,AQ,41.956984,13.120649,1.0,-41281.41,-5746.27
PF03/0023/C783,AQ,41.944529,13.132433,8.0,-42685.8,-4799.8
PF01/0024/C783,AQ,41.9583,13.148927,70.0,-41186.337,-3399.46
PF04/0024/C783,AQ,41.952042,13.148918,52.0,-41881.227,-3415.249
PF05/0024/C783,AQ,41.953781,13.150044,52.0,-41690.165,-3317.734
PF06/0024/C783,AQ,41.956176,13.147715,56.0,-41420.055,-3505.049
PF07/0024/C783,AQ,41.956446,13.150182,52.0,-41394.476,-3299.904
PF01/0025/C783,AQ,41.961368,13.16678,50.0,-40877.526,-1912.536
PF04/0025/C783,AQ,41.958296,13.155386,54.0,-41198.3,-2864.174
PF07/0025/C783,AQ,41.958821,13.151898,56.0,-41133.776,-3152.022
PF08/0025/C783,AQ,41.957552,13.15625,52.0,-41282.501,-2794.345
PF09/0025/C783,AQ,41.954613,13.160017,52.0,-41615.499,-2489.155
PF01/0026/C783,AQ,41.961974,13.175595,8.0,-40825.82,-1180.61
PF02/0026/C783,AQ,41.961411,13.171028,50.0,-40880.229,-1560.416
PF03/0026/C783,AQ,41.95889,13.172639,50.0,-41163.017,-1432.844
PF04/0026/C783,AQ,41.964177,13.170684,50.0,-40572.477,-1582.344
PF05/0026/C783,AQ,41.967318,13.172024,50.0,-40226.183,-1463.875
PF01/0027/C783,AQ,41.944288,13.146492,8.0,-42737.84,-3634.93
PF01/0028/C783,AQ,41.948727,13.155431,8.0,-42260.93,-2883.31
PF02/0028/C783,AQ,41.94559,13.160276,54.0,-42617.878,-2489.156
PF03/0028/C783,AQ,41.940127,13.161877,54.0,-43227.371,-2369.462
PF04/0028/C783,AQ,41.942954,13.159999,54.0,-42910.062,-2518.411
PF05/0028/C783,AQ,41.943821,13.157167,54.0,-42808.803,-2751.162
PF06/0028/C783,AQ,41.946182,13.15802,54.0,-42548.159,-2674.765
PF01/0029/C783,AQ,41.943701,13.164106,8.0,-42834.39,-2176.18
PF02/0029/C783,AQ,41.947144,13.164613,54.0,-42453.091,-2125.971
PF03/0029/C783,AQ,41.950129,13.16226,54.0,-42117.436,-2313.919
PF04/0029/C783,AQ,41.950308,13.158297,54.0,-42090.516,-2642.023
PF05/0029/C783,AQ,41.952402,13.16529,54.0,-41870.413,-2057.347
PF01/0030/C783,AQ,41.932784,13.129257,8.0,-43984.18,-5091.53
PF02/0030/C783,AQ,41.925942,13.11226,8.0,-44712.93,-6517.54
PF03/0030/C783,AQ,41.941204,13.104681,8.0,-43004.38,-7108.49
PF04/0030/C783,AQ,41.923636,13.133609,8.0,-45007.75,-4752.82
PF01/0001/C811,AQ,42.1336,13.471519,50.0,-22249.184,23683.909
PF02/0001/C811,AQ,42.134128,13.466255,50.0,-22182.715,23249.89
PF01/0002/C811,AQ,42.128721,13.480215,6.0,-22803.76,24392.97
PF02/0002/C811,AQ,42.131113,13.471654,50.0,-22525.488,23690.111
PF03/0002/C811,AQ,42.131913,13.469174,50.0,-22433.009,23486.726
PF01/0004/C811,AQ,42.127459,13.506445,8.0,-22982.17,26558.61
PF01/0005/C811,AQ,42.137306,13.517075,6.0,-21904.02,27456.23
PF01/0006/C811,AQ,42.123947,13.522748,52.0,-23395.58,27899.384
PF01/0007/C811,AQ,42.122184,13.492899,8.0,-23548.12,25428.58
PF01/0009/C811,AQ,42.109988,13.495636,6.0,-24906.4,25630.98
PF01/0010/C811,AQ,42.107884,13.511475,8.0,-25162.94,26936.44
PF02/0010/C811,AQ,42.106241,13.516622,52.0,-25352.795,27358.882
PF03/0010/C811,AQ,42.111818,13.512695,52.0,-24727.913,27044.923
PF01/0011/C811,AQ,42.117996,13.51129,8.0,-24039.9,26940.75
PF02/0011/C811,AQ,42.121686,13.514943,52.0,-23635.394,27249.824
PF03/0011/C811,AQ,42.119246,13.514733,52.0,-23906.003,27227.794
PF01/0012/C811,AQ,42.119793,13.519584,52.0,-23852.243,27629.88
PF01/0013/C811,AQ,42.111018,13.517495,52.0,-24823.603,27440.222
PF02/0013/C811,AQ,42.116871,13.517668,70.0,-24173.991,27465.81
PF03/0013/C811,AQ,42.113771,13.517898,70.0,-24518.466,27478.853
PF04/0013/C811,AQ,42.111966,13.51921,70.0,-24720.771,27583.898
PF05/0013/C811,AQ,42.110371,13.521133,70.0,-24900.713,27739.771
PF01/0014/C811,AQ,42.120596,13.523155,50.0,-23768.165,27926.572
PF02/0014/C811,AQ,42.115327,13.521903,70.0,-24351.507,27812.953
PF01/0015/C811,AQ,42.106167,13.534793,8.0,-25386.95,28861.21
PF01/0016/C811,AQ,42.116487,13.528143,8.0,-24231.62,28331.03
PF01/0017/C811,AQ,42.108361,13.543491,6.0,-25155.64,29584.55
PF01/0019/C811,AQ,42.110485,13.515196,56.0,-24879.53,27249.116
PF06/0019/C811,AQ,42.109297,13.518237,56.0,-25015.715,27498.266
PF07/0019/C811,AQ,42.108174,13.522824,70.0,-25147.023,27875.418
PF01/0020/C811,AQ,42.110412,13.527857,56.0,-24905.747,28295.834
PF02/0020/C811,AQ,42.113649,13.527035,56.0,-24545.152,28234.048
PF03/0020/C811,AQ,42.11133,13.524295,70.0,-24798.714,28003.099
PF01/0021/C811,AQ,42.108079,13.526128,70.0,-25162.246,28148.362
PF01/0022/C811,AQ,42.106269,13.51727,50.0,-25350.598,27412.518
PF02/0022/C811,AQ,42.10497,13.524247,50.0,-25504.793,27986.923
PF03/0022/C811,AQ,42.105585,13.520146,12.0,-25430.683,27648.958
PF01/0023/C811,AQ,42.102489,13.529558,50.0,-25787.861,28421.32
PF01/0024/C811,AQ,42.097386,13.527265,50.0,-26351.268,28221.946
PF01/0025/C811,AQ,42.098948,13.530553,50.0,-26182.528,28496.809
PF01/0026/C811,AQ,42.097535,13.54108,8.0,-26354.32,29364.6
PF01/0027/C811,AQ,42.098913,13.493341,8.0,-26132.78,25419.52
PF02/0027/C811,AQ,42.078453,13.512892,6.0,-28432.9,26996.71
PF03/0027/C811,AQ,42.091,13.50668,6.0,-27030.73,26507.27
PF01/0028/C811,AQ,42.099422,13.519182,8.0,-26113.58,27557.43
PF02/0028/C811,AQ,42.101376,13.523492,50.0,-25902.839,27917.595
PF01/0029/C811,AQ,42.09762,13.530651,52.0,-26330.111,28502.374
PF02/0029/C811,AQ,42.094159,13.529391,52.0,-26712.593,28391.569
PF03/0029/C811,AQ,42.0959,13.525506,52.0,-26513.707,28073.63
PF02/0030/C811,AQ,42.095376,13.534827,52.0,-26585.119,28843.441
PF02/0031/C811,AQ,42.094977,13.533507,50.0,-26627.651,28733.539
PF03/0031/C811,AQ,42.093162,13.537424,70.0,-26834.718,29054.008
PF01/0032/C811,AQ,42.091865,13.546424,12.0,-26991.346,29795.874
PF01/0033/C811,AQ,42.091547,13.528899,70.0,-27001.921,28345.918
PF02/0033/C811,AQ,42.092837,13.526209,50.0,-26854.852,28125.853
PF03/0033/C811,AQ,42.091241,13.528689,12.0,-27035.563,28327.952
PF01/0034/C811,AQ,42.094538,13.532525,70.0,-26674.935,28651.428
PF03/0034/C811,AQ,42.092453,13.534284,70.0,-26908.968,28792.936
PF04/0034/C811,AQ,42.092896,13.531605,70.0,-26856.015,28572.238
PF08/0034/C811,AQ,42.089798,13.532281,52.0,-27200.866,28622.245
PF01/0001/C844,AQ,42.161521,13.374625,54.0,-19000.903,15734.773
PF01/0002/C844,AQ,42.156827,13.389448,70.0,-19545.383,16949.503
PF01/0003/C844,AQ,42.15865,13.378224,8.0,-19325.43,16026.03
PF02/0003/C844,AQ,42.161498,13.381924,54.0,-19014.983,16337.7
PF03/0003/C844,AQ,42.157091,13.375246,54.0,-19493.825,15776.718
PF04/0003/C844,AQ,42.156787,13.383425,54.0,-19540.405,16451.811
PF05/0003/C844,AQ,42.154765,13.378646,54.0,-19757.454,16052.722
PF07/0003/C844,AQ,42.152394,13.378775,50.0,-20020.88,16058.394
PF08/0003/C844,AQ,42.15288,13.375132,50.0,-19961.232,15758.374
PF01/0004/C844,AQ,42.156181,13.400812,8.0,-19634.79,17887.07
PF02/0004/C844,AQ,42.150216,13.384059,8.0,-20271.0,16490.41
PF03/0004/C844,AQ,42.151786,13.389657,70.0,-20105.446,16956.224
PF04/0004/C844,AQ,42.153476,13.385388,70.0,-19911.165,16607.076
PF05/0004/C844,AQ,42.148167,13.37935,50.0,-20491.182,16097.0
PF06/0004/C844,AQ,42.146163,13.384473,54.0,-20721.654,16516.117
PF07/0004/C844,AQ,42.145086,13.387451,70.0,-20845.932,16759.937
PF08/0004/C844,AQ,42.143815,13.390363,54.0,-20991.674,16997.877
PF09/0004/C844,AQ,42.147827,13.389182,54.0,-20544.314,16908.702
PF10/0004/C844,AQ,42.145816,13.393647,54.0,-20774.576,17273.401
PF11/0004/C844,AQ,42.145931,13.402283,54.0,-20775.19,17987.267
PF13/0004/C844,AQ,42.153523,13.405752,54.0,-19937.498,18289.696
PF14/0004/C844,AQ,42.151326,13.40123,70.0,-20174.5,17911.481
PF15/0004/C844,AQ,42.150035,13.39351,70.0,-20305.879,17270.883
PF16/0004/C844,AQ,42.161875,13.395026,12.0,-18993.492,17420.923
PF17/0004/C844,AQ,42.161875,13.395026,9.0,-18993.5,17420.9
PF18/0004/C844,AQ,42.145033,13.379395,52.0,-20839.255,16094.072
PF19/0004/C844,AQ,42.148377,13.408609,70.0,-20513.35,18515.082
PF20/0004/C844,AQ,42.146544,13.398736,12.0,-20701.601,17695.5
PF21/0004/C844,AQ,42.153332,13.405067,70.0,-19957.715,18232.718
PF22/0004/C844,AQ,42.151642,13.408621,12.0,-20150.85,18522.8
PF23/0004/C844,AQ,42.15052,13.411754,12.0,-20280.26,18779.42
PF01/0005/C844,AQ,42.146286,13.370774,50.0,-20686.529,15384.383
PF01/0006/C844,AQ,42.141446,13.361379,8.0,-21209.09,14597.74
PF02/0006/C844,AQ,42.137801,13.364499,52.0,-21618.735,14847.811
PF03/0006/C844,AQ,42.139711,13.362638,62.0,-21403.713,14698.052
PF04/0006/C844,AQ,42.13972,13.362601,70.0,-21402.664,14695.037
PF05/0006/C844,AQ,42.146037,13.365418,50.0,-20705.77,14941.226
PF06/0006/C844,AQ,42.144483,13.37051,70.0,-20886.283,15358.74
PF01/0007/C844,AQ,42.149173,13.37629,50.0,-20374.613,15846.288
PF01/0008/C844,AQ,42.145677,13.374342,8.0,-20759.75,15677.91
PF03/0008/C844,AQ,42.3266,12.924927,155.0,135.6,-20969.913
PF04/0008/C844,AQ,42.326622,12.925755,161.0,136.4,-20901.588
PF05/0008/C844,AQ,42.140956,13.380318,50.0,-21293.348,16161.773
PF06/0008/C844,AQ,42.13932,13.377646,70.0,-21470.822,15937.482
PF08/0008/C844,AQ,42.145617,13.374493,70.0,-20766.719,15690.222
PF09/0008/C844,AQ,42.139958,13.389399,12.0,-21418.363,16910.134
PF10/0008/C844,AQ,42.141683,13.37599,70.0,-21205.813,15805.669
PF01/0009/C844,AQ,42.140676,13.412806,8.0,-21374.93,18845.97
PF02/0009/C844,AQ,42.144716,13.398587,70.0,-20904.306,17679.366
PF03/0009/C844,AQ,42.146104,13.405592,54.0,-20761.077,18261.08
PF04/0009/C844,AQ,42.142126,13.394969,54.0,-21186.281,17374.964
PF05/0009/C844,AQ,42.142438,13.400552,54.0,-21160.356,17836.991
PF06/0009/C844,AQ,42.140142,13.407484,70.0,-21425.971,18405.072
PF07/0009/C844,AQ,42.14698,13.41162,12.0,-20673.088,18760.959
PF08/0009/C844,AQ,42.144258,13.413702,12.0,-20978.521,18927.434
PF09/0009/C844,AQ,42.144619,13.402348,12.0,-20921.01,17989.968
PF01/0010/C844,AQ,42.138986,13.394375,8.0,-21534.12,17319.34
PF02/0010/C844,AQ,42.134286,13.405758,6.0,-22073.54,18250.25
PF03/0010/C844,AQ,42.138902,13.382472,50.0,-21524.866,16335.454
PF04/0010/C844,AQ,42.139258,13.401559,70.0,-21515.002,17913.6
PF05/0010/C844,AQ,42.135631,13.397359,70.0,-21911.289,17558.955
PF06/0010/C844,AQ,42.13522,13.409493,70.0,-21975.646,18560.91
PF07/0010/C844,AQ,42.131909,13.406553,70.0,-22338.698,18311.037
PF08/0010/C844,AQ,42.136748,13.404172,70.0,-21797.717,18124.33
PF09/0010/C844,AQ,42.134873,13.415736,12.0,-22023.764,19076.18
PF01/0011/C844,AQ,42.14028,13.37088,70.0,-21353.604,15380.354
PF02/0011/C844,AQ,42.137953,13.371157,70.0,-21612.41,15398.351
PF03/0011/C844,AQ,42.139162,13.368087,52.0,-21473.372,15147.209
PF04/0011/C844,AQ,42.134099,13.372226,52.0,-22042.027,15478.542
PF05/0011/C844,AQ,42.132992,13.371165,9.0,-22163.3,15388.5
PF06/0011/C844,AQ,42.134608,13.367781,70.0,-21978.532,15112.255
PF07/0011/C844,AQ,42.135584,13.366646,52.0,-21868.301,15020.539
PF08/0011/C844,AQ,42.136835,13.369272,70.0,-21733.571,15240.199
PF09/0011/C844,AQ,42.135351,13.371608,6.0,-21902.05,15430.09
PF10/0011/C844,AQ,42.138868,13.370354,70.0,-21509.596,15333.89
PF11/0011/C844,AQ,42.136468,13.372039,70.0,-21778.698,15468.079
PF01/0012/C844,AQ,42.135935,13.375547,52.0,-21843.366,15756.913
PF01/0013/C844,AQ,42.133614,13.35823,6.0,-22073.76,14320.75
PF03/0013/C844,AQ,42.131074,13.359554,50.0,-22357.876,14424.759
PF04/0013/C844,AQ,42.137017,13.360594,52.0,-21699.673,14523.383
PF02/0014/C844,AQ,42.134577,13.367231,50.0,-21981.1,15066.752
PF03/0014/C844,AQ,42.134724,13.364351,52.0,-21960.173,14829.015
PF09/0014/C844,AQ,42.128457,13.360945,50.0,-22650.63,14534.159
PF14/0014/C844,AQ,42.132826,13.366357,70.0,-22174.09,14990.752
PF15/0014/C844,AQ,42.132111,13.370497,52.0,-22260.098,15331.402
PF16/0014/C844,AQ,42.133142,13.361564,52.0,-22131.437,14595.276
PF17/0014/C844,AQ,42.125344,13.361255,50.0,-22996.839,14553.154
PF18/0014/C844,AQ,42.13308,13.361354,52.0,-22137.979,14577.799
PF01/0015/C844,AQ,42.131336,13.381006,8.0,-22362.6,16198.33
PF05/0015/C844,AQ,42.128879,13.371947,12.0,-22621.25,15444.42
PF06/0015/C844,AQ,42.128879,13.371947,12.0,-22621.25,15444.42
PF07/0015/C844,AQ,42.13269,13.374756,12.0,-22202.44,15684.65
PF02/0016/C844,AQ,42.123969,13.394514,12.0,-23201.726,17299.478
PF02/0017/C844,AQ,42.119859,13.364011,50.0,-23610.265,14769.277
PF03/0017/C844,AQ,42.324952,12.900887,141.0,1.2,-22955.303
PF05/0017/C844,AQ,42.123693,13.354161,12.0,-23168.921,13963.232
PF06/0017/C844,AQ,42.123637,13.363605,50.0,-23190.069,14743.785
PF01/0018/C844,AQ,42.120466,13.375048,8.0,-23560.24,15682.96
PF02/0018/C844,AQ,42.122048,13.371239,50.0,-23378.553,15371.422
PF02/0019/C844,AQ,42.116672,13.35977,50.0,-23957.372,14411.905
PF01/0020/C844,AQ,42.110857,13.367817,52.0,-24615.777,15064.833
PF02/0020/C844,AQ,42.109763,13.364526,56.0,-24732.128,14790.413
PF03/0020/C844,AQ,42.117756,13.362898,50.0,-23842.038,14672.801
PF04/0020/C844,AQ,42.120528,13.366708,50.0,-23540.237,14993.63
PF05/0020/C844,AQ,42.118629,13.370249,50.0,-23756.66,15282.352
PF06/0020/C844,AQ,42.118594,13.37033,80.0,-23760.676,15288.954
PF07/0020/C844,AQ,42.114611,13.368804,70.0,-24200.595,15154.407
PF01/0021/C844,AQ,42.107795,13.357997,56.0,-24940.285,14246.392
PF02/0021/C844,AQ,42.106813,13.354867,50.0,-25044.308,13985.437
PF03/0021/C844,AQ,42.104976,13.358116,70.0,-25253.447,14250.142
PF04/0021/C844,AQ,42.106397,13.361073,70.0,-25100.346,14497.724
PF05/0021/C844,AQ,42.101679,13.350722,52.0,-25607.744,13631.708
PF06/0021/C844,AQ,42.103545,13.354453,12.0,-25406.59,13944.228
PF01/0001/C862,AQ,42.001638,13.324953,8.0,-36674.56,11283.29
PF01/0003/C862,AQ,41.998007,13.303896,8.0,-37043.35,9531.33
PF01/0006/C862,AQ,41.99098,13.332646,7.0,-37870.45,11897.34
PF01/0007/C862,AQ,41.99287,13.34723,8.0,-37684.03,13109.44
PF01/0008/C862,AQ,41.984908,13.355408,8.0,-38581.14,13769.89
PF01/0011/C862,AQ,41.986829,13.280527,8.0,-38245.92,7570.79
PF02/0011/C862,AQ,41.987338,13.268118,8.0,-38168.69,6543.97
PF03/0011/C862,AQ,41.972493,13.303851,8.0,-39876.29,9471.43
PF04/0011/C862,AQ,41.982528,13.299601,8.0,-38755.08,9141.4
PF01/0015/C862,AQ,41.980726,13.319176,8.0,-38987.16,10759.17
PF02/0015/C862,AQ,41.980834,13.320854,70.0,-38977.922,10898.475
PF03/0015/C862,AQ,41.984613,13.319739,10.0,-38556.5,10814.3
PF01/0016/C862,AQ,41.985543,13.323812,10.0,-38459.8,11153.75
PF06/0025/C862,AQ,41.968725,13.323687,50.0,-40326.989,11106.84
PF14/0025/C862,AQ,41.968459,13.330122,52.0,-40366.94,11639.488
PF15/0025/C862,AQ,41.971386,13.322986,50.0,-40030.47,11054.568
PF16/0025/C862,AQ,41.98333,13.318422,70.0,-38696.763,10702.427
PF17/0025/C862,AQ,41.967365,13.325691,12.0,-40481.29,11269.96
PF04/0026/C862,AQ,42.028459,13.256555,56.0,-33583.368,5679.117
PF07/0026/C862,AQ,41.981845,13.31145,70.0,-38850.289,10121.615
PF17/0026/C862,AQ,41.984303,13.314331,54.0,-38582.092,10365.627
PF19/0026/C862,AQ,41.987624,13.311234,54.0,-38208.305,10116.37
PF20/0026/C862,AQ,41.985317,13.309063,54.0,-38460.859,9931.436
PF01/0027/C862,AQ,41.988217,13.311426,70.0,-38142.731,10133.506
PF02/0027/C862,AQ,41.970793,13.336287,56.0,-40117.748,12155.429
PF03/0027/C862,AQ,41.980736,13.313534,70.0,-38976.897,10291.823
PF04/0027/C862,AQ,41.98084,13.311875,56.0,-38962.653,10154.583
PF01/0028/C862,AQ,41.971129,13.363823,8.0,-40124.4,14437.8
PF01/0030/C862,AQ,42.024386,13.294068,56.0,-34098.212,8775.693
PF01/0032/C862,AQ,41.957691,13.2786,7.0,-41478.08,7346.12
PF02/0032/C862,AQ,41.969752,13.285055,8.0,-40149.56,7907.97
PF01/0033/C862,AQ,41.961715,13.309807,8.0,-41082.76,9941.31
PF02/0033/C862,AQ,41.966447,13.323103,52.0,-40579.051,11053.533
PF13/0034/C862,AQ,41.980459,13.308914,52.0,-39000.075,9908.471
PF15/0034/C862,AQ,41.978513,13.310076,70.0,-39218.101,10000.457
PF05/0035/C862,AQ,41.97894,13.311258,70.0,-39172.572,10099.329
PF09/0035/C862,AQ,41.977302,13.313923,70.0,-39358.768,10316.506
PF10/0035/C862,AQ,41.975137,13.310883,70.0,-39594.275,10059.887
PF15/0035/C862,AQ,41.97826,13.314126,52.0,-39252.704,10335.406
PF01/0036/C862,AQ,41.963667,13.345344,8.0,-40923.49,12890.58
PF02/0036/C862,AQ,41.971605,13.31525,70.0,-39993.483,10414.009
PF03/0036/C862,AQ,41.96609,13.326934,52.0,-40624.859,11370.181
PF01/0038/C862,AQ,41.959756,13.330326,8.0,-41333.66,11637.53
PF02/0038/C862,AQ,41.968496,13.315776,50.0,-40339.623,10450.852
PF03/0038/C862,AQ,41.966819,13.313656,50.0,-40522.314,10271.474
PF04/0038/C862,AQ,41.975658,13.307789,70.0,-39531.267,9804.673
PF02/0039/C862,AQ,41.961348,13.339547,9.0,-41171.697,12405.196
PF01/0040/C862,AQ,41.954945,13.354917,9.0,-41907.26,13665.314
PF02/0040/C862,AQ,41.964682,13.351699,9.0,-40821.018,13419.387
PF03/0040/C862,AQ,41.963609,13.345627,9.0,-40930.39,12913.874
PF04/0040/C862,AQ,41.954248,13.35205,12.0,-41980.133,13426.198
PF05/0040/C862,AQ,41.965343,13.347823,12.0,-40741.397,13099.599
PF06/0040/C862,AQ,41.960125,13.350611,52.0,-41325.227,13319.508
PF01/0041/C862,AQ,41.949843,13.291024,8.0,-42370.09,8358.43
PF01/0042/C862,AQ,41.938371,13.318672,8.0,-43689.25,10625.15
PF02/0042/C862,AQ,41.945885,13.309038,8.0,-42839.24,9842.9
PF03/0042/C862,AQ,41.963425,13.31138,52.0,-40895.534,10075.484
PF01/0043/C862,AQ,41.947101,13.33478,8.0,-42745.94,11979.38
PF02/0043/C862,AQ,41.969285,13.312835,50.0,-40247.202,10208.803
PF01/0044/C862,AQ,41.954813,13.334773,9.0,-41889.672,11995.483
PF01/0047/C862,AQ,41.929076,13.343958,6.0,-44762.09,12701.46
PF05/0004/C866,AQ,42.301966,13.520662,20.0,-3625.558,28069.999
PF08/0007/C866,AQ,42.295413,13.510436,20.0,-4338.487,27214.355
PF09/0008/C866,AQ,42.292688,13.514246,20.0,-4646.54,27523.124
PF10/0008/C866,AQ,42.29633,13.520919,21.0,-4251.68,28080.328
PF02/0011/C866,AQ,42.291071,13.519219,20.0,-4833.228,27930.038
PF03/0012/C866,AQ,42.289746,13.523525,20.0,-4986.564,28282.504
PF01/0015/C866,AQ,42.280835,13.516072,21.0,-5965.347,27650.733
PF01/0017/C866,AQ,42.27967,13.53032,20.0,-6115.071,28823.357
PF01/0001/C999,AQ,42.246097,13.638126,2.0,-9990.8,37653.18
PF01/0007/C999,AQ,42.229656,13.595034,8.0,-11758.72,34067.91
PF01/0008/C999,AQ,42.228311,13.620563,8.0,-11942.5,36172.28
PF01/0009/C999,AQ,42.21515,13.597362,8.0,-13372.53,34233.53
PF01/0010/C999,AQ,42.217698,13.602307,70.0,-13096.345,34646.348
PF02/0010/C999,AQ,42.216512,13.599595,50.0,-13224.357,34420.338
PF03/0010/C999,AQ,42.218858,13.59778,50.0,-12961.466,34274.858
PF04/0010/C999,AQ,42.222405,13.597407,50.0,-12567.046,34250.487
PF01/0011/C999,AQ,42.223753,13.611183,6.0,-12435.97,35389.93
PF02/0011/C999,AQ,42.213301,13.603344,70.0,-13585.953,34723.93
PF03/0011/C999,AQ,42.215355,13.606482,52.0,-13362.127,34986.739
PF02/0012/C999,AQ,42.216826,13.579487,12.0,-13162.017,32761.251
PF03/0012/C999,AQ,42.213856,13.579121,12.0,-13491.366,32725.509
PF02/0013/C999,AQ,42.212474,13.592206,50.0,-13662.677,33803.032
PF03/0013/C999,AQ,42.212373,13.588453,70.0,-13668.744,33493.058
PF04/0013/C999,AQ,42.213934,13.586077,70.0,-13492.251,33299.829
PF02/0014/C999,AQ,42.207863,13.592337,50.0,-14174.89,33805.455
PF03/0014/C999,AQ,42.20782,13.599933,70.0,-14189.937,34432.4
PF05/0014/C999,AQ,42.212833,13.597792,70.0,-13630.44,34264.782
PF01/0015/C999,AQ,42.207269,13.578587,70.0,-14221.996,32669.255
PF02/0015/C999,AQ,42.208665,13.584329,52.0,-14074.868,33145.855
PF03/0015/C999,AQ,42.211452,13.585333,70.0,-13766.755,33233.808
PF04/0015/C999,AQ,42.209206,13.580091,12.0,-14009.024,32796.934
PF01/0016/C999,AQ,42.206873,13.595648,50.0,-14289.287,34076.924
PF03/0016/C999,AQ,42.198186,13.592299,50.0,-15249.304,33784.503
PF05/0016/C999,AQ,42.205602,13.588507,52.0,-14420.749,33485.098
PF06/0016/C999,AQ,42.202219,13.5879,12.0,-14795.505,33428.722
PF07/0016/C999,AQ,42.200734,13.592442,12.0,-14966.598,33801.013
PF08/0016/C999,AQ,42.207862,13.592402,12.0,-14175.065,33810.785
PF09/0016/C999,AQ,42.200899,13.588676,12.0,-14943.189,33490.404
PF01/0017/C999,AQ,42.199511,13.580291,70.0,-15085.765,32795.572
PF02/0017/C999,AQ,42.199991,13.579098,54.0,-15030.886,32697.985
PF04/0017/C999,AQ,42.200849,13.577008,70.0,-14932.682,32526.965
PF07/0017/C999,AQ,42.203972,13.579753,70.0,-14589.688,32759.385
PF10/0017/C999,AQ,42.199327,13.574472,54.0,-15098.248,32314.758
PF13/0017/C999,AQ,42.206144,13.584084,70.0,-14354.421,33120.947
PF14/0017/C999,AQ,42.201031,13.585229,56.0,-14923.798,33206.072
PF17/0017/C999,AQ,42.199118,13.574501,56.0,-15121.417,32316.773
PF18/0017/C999,AQ,42.203872,13.57246,54.0,-14590.783,32157.076
PF19/0017/C999,AQ,42.199362,13.588353,12.0,-15113.394,33460.904
PF20/0017/C999,AQ,42.200903,13.569305,10.0,-14916.08,31891.129
PF21/0017/C999,AQ,42.198828,13.583308,12.0,-15165.741,33043.349
PF02/0018/C999,AQ,42.192779,13.595839,50.0,-15854.585,34066.947
PF03/0018/C999,AQ,42.194078,13.599051,50.0,-15714.702,34334.482
PF04/0018/C999,AQ,42.197072,13.599092,50.0,-15382.285,34343.398
PF05/0018/C999,AQ,42.198206,13.594259,52.0,-15249.839,33946.388
PF06/0018/C999,AQ,42.197942,13.598393,50.0,-15284.723,34287.231
PF07/0018/C999,AQ,42.194727,13.592692,50.0,-15633.924,33810.683
PF08/0018/C999,AQ,42.200318,13.595637,52.0,-15017.15,34064.003
PF09/0018/C999,AQ,42.195562,13.593375,12.0,-15542.2,33868.54
PF10/0018/C999,AQ,42.196638,13.590081,12.0,-15418.207,33598.555
PF01/0019/C999,AQ,42.194701,13.568528,54.0,-15603.62,31815.371
PF02/0019/C999,AQ,42.192379,13.570913,70.0,-15864.724,32008.014
PF03/0019/C999,AQ,42.194219,13.572057,52.0,-15662.043,32105.86
PF04/0019/C999,AQ,42.192411,13.567996,50.0,-15857.142,31767.205
PF05/0019/C999,AQ,42.189465,13.567954,54.0,-16184.264,31758.234
PF06/0019/C999,AQ,42.196989,13.571743,54.0,-15354.052,32085.144
PF08/0019/C999,AQ,42.197165,13.566523,50.0,-15327.251,31654.421
PF09/0019/C999,AQ,42.199031,13.564381,12.0,-15117.075,31481.121
PF01/0020/C999,AQ,42.197518,13.577458,6.0,-15303.18,32557.95
PF05/0020/C999,AQ,42.196111,13.583858,52.0,-15468.206,33083.768
PF07/0020/C999,AQ,42.194515,13.579849,52.0,-15639.893,32749.825
PF08/0020/C999,AQ,42.194824,13.587175,52.0,-15615.661,33355.266
PF09/0020/C999,AQ,42.193223,13.589674,50.0,-15796.84,33558.717
PF10/0020/C999,AQ,42.191703,13.579708,50.0,-15952.014,32733.02
PF11/0020/C999,AQ,42.192691,13.584032,12.0,-15848.241,33091.838
PF12/0020/C999,AQ,42.197305,13.58662,12.0,-15339.359,33314.008
PF01/0021/C999,AQ,42.19484,13.575084,70.0,-15597.279,32356.973
PF02/0021/C999,AQ,42.191579,13.576104,54.0,-15960.809,32435.131
PF01/0022/C999,AQ,42.185698,13.579866,54.0,-16619.004,32734.92
PF02/0022/C999,AQ,42.18726,13.588871,52.0,-16457.899,33481.461
PF03/0022/C999,AQ,42.190116,13.589414,52.0,-16141.472,33531.477
PF04/0022/C999,AQ,42.18884,13.592682,52.0,-16287.64,33799.039
PF05/0022/C999,AQ,42.190884,13.593986,52.0,-16062.442,33910.452
PF06/0022/C999,AQ,42.1866,13.592887,52.0,-16536.661,33811.876
PF07/0022/C999,AQ,42.189303,13.585733,54.0,-16226.678,33226.097
PF09/0022/C999,AQ,42.186578,13.584084,54.0,-16527.015,33084.862
PF10/0022/C999,AQ,42.184541,13.589864,52.0,-16761.094,33558.472
PF11/0022/C999,AQ,42.188492,13.596266,52.0,-16331.191,34094.35
PF12/0022/C999,AQ,42.187959,13.579352,12.0,-16367.174,32696.694
PF02/0001/D465,AQ,42.344727,13.3148,4.0,1438.241,11195.008
PF05/0001/D465,AQ,42.346227,13.301044,21.0,1627.396,10065.203
PF04/0002/D465,AQ,42.346894,13.314606,21.0,1679.162,11183.803
PF11/0004/D465,AQ,42.34042,13.312873,70.0,963.146,11026.784
PF25/0004/D465,AQ,42.33642,13.319999,21.0,507.394,11605.05
PF04/0005/D465,AQ,42.341614,13.318973,21.0,1085.776,11531.916
PF09/0007/D465,AQ,42.331885,13.295656,21.0,43.64,9589.416
PF11/0007/D465,AQ,42.325871,13.299317,21.0,-630.216,9877.672
PF16/0008/D465,AQ,42.329476,13.309528,21.0,-246.655,10727.021
PF04/0009/D465,AQ,42.334863,13.320247,20.0,334.027,11622.001
PF02/0010/D465,AQ,42.328405,13.343869,70.0,-421.249,13554.216
PF06/0010/D465,AQ,42.328133,13.330552,20.0,-430.009,12456.398
PF04/0012/D465,AQ,42.322418,13.299019,12.0,-1013.09,9845.53
PF06/0012/D465,AQ,42.322919,13.303599,21.0,-964.964,10224.014
PF06/0013/D465,AQ,42.32233,13.319834,21.0,-1057.006,11560.556
PF20/0014/D465,AQ,42.325922,13.312972,21.0,-646.896,11003.01
PF05/0015/D465,AQ,42.319254,13.333977,52.0,-1421.455,12719.289
PF08/0015/D465,AQ,42.324674,13.329128,20.0,-811.784,12331.459
PF07/0016/D465,AQ,42.326258,13.344825,21.0,-661.127,13628.337
PF01/0018/D465,AQ,42.320324,13.304208,70.0,-1254.149,10268.441
PF04/0018/D465,AQ,42.319704,13.302666,21.0,-1320.426,10140.009
PF06/0020/D465,AQ,42.315645,13.329479,21.0,-1814.922,12340.707
PF05/0021/D465,AQ,42.315783,13.333162,70.0,-1805.518,12644.529
PF08/0021/D465,AQ,42.319724,13.330519,21.0,-1363.665,12435.335
PF02/0023/D465,AQ,42.299194,13.312416,12.0,-3613.945,10898.272
PF20/0001/D681,AQ,42.313339,13.349726,21.0,-2103.537,14004.357
PF01/0003/D681,AQ,42.313755,13.344915,50.0,-2049.7,13608.767
PF06/0003/D681,AQ,42.310199,13.346957,70.0,-2447.796,13769.352
PF08/0003/D681,AQ,42.311823,13.344923,70.0,-2264.178,13605.222
PF09/0003/D681,AQ,42.314084,13.341074,21.0,-2006.93,13292.908
PF02/0005/D681,AQ,42.30637,13.342682,70.0,-2866.136,13408.726
PF04/0005/D681,AQ,42.303836,13.336229,50.0,-3137.146,12871.377
PF11/0005/D681,AQ,42.311291,13.335682,10.0,-2308.45,12842.5
PF14/0005/D681,AQ,42.307161,13.329542,50.0,-2757.109,12327.406
PF27/0005/D681,AQ,42.309616,13.338502,21.0,-2498.976,13071.279
PF01/0006/D681,AQ,42.303492,13.345837,70.0,-3190.796,13662.555
PF03/0006/D681,AQ,42.301853,13.340002,52.0,-3363.425,13178.051
PF22/0006/D681,AQ,42.299046,13.347975,21.0,-3687.865,13829.227
PF03/0007/D681,AQ,42.305257,13.345006,52.0,-2993.428,13597.928
PF07/0007/D681,AQ,42.307137,13.346006,21.0,-2786.295,13684.415
PF03/0014/D681,AQ,42.298537,13.341865,21.0,-3734.591,13324.453
PF02/0017/D681,AQ,42.286491,13.335117,21.0,-5061.378,12742.04
PF03/0017/D681,AQ,42.285488,13.337715,20.0,-5176.852,12954.06
PF05/0001/D736,AQ,42.385856,13.226733,70.0,6152.845,4035.805
PF08/0001/D736,AQ,42.391328,13.227941,21.0,6758.401,4147.971
PF05/0002/D736,AQ,42.38524,13.219138,20.0,6097.536,3409.138
PF09/0003/D736,AQ,42.382016,13.213672,21.0,5748.991,2951.702
PF04/0004/D736,AQ,42.376894,13.216753,20.0,5174.921,3193.364
PF10/0005/D736,AQ,42.383639,13.230309,21.0,5900.523,4325.063
PF10/0006/D736,AQ,42.380115,13.241069,20.0,5490.884,5202.771
PF06/0007/D736,AQ,42.371334,13.221491,70.0,4549.326,3570.591
PF15/0007/D736,AQ,42.373929,13.219969,21.0,4840.133,3451.281
PF04/0008/D736,AQ,42.375744,13.227562,50.0,5028.625,4080.66
PF09/0008/D736,AQ,42.376804,13.219893,21.0,5159.487,3451.708
PF11/0009/D736,AQ,42.381742,13.244943,20.0,5664.964,5525.442
PF08/0010/D736,AQ,42.370386,13.232698,70.0,4424.837,4491.136
PF09/0010/D736,AQ,42.372904,13.230627,20.0,4707.972,4326.432
PF05/0011/D736,AQ,42.371239,13.230576,20.0,4523.13,4318.378
PF02/0012/D736,AQ,42.36564,13.228182,70.0,3905.525,4108.324
PF08/0012/D736,AQ,42.362369,13.226574,21.0,3545.098,3968.27
PF20/0006/D850,AQ,42.20939,13.431185,21.0,-13773.129,20505.098
PF04/0007/D850,AQ,42.203794,13.44298,21.0,-14412.326,21467.437
PF05/0009/D850,AQ,42.186519,13.436509,20.0,-16320.67,20898.036
PF32/0010/D850,AQ,42.206604,13.439818,21.0,-14095.518,21212.145
PF21/0011/D850,AQ,42.201416,13.442962,21.0,-14676.377,21461.122
PF03/0015/D850,AQ,42.1955,13.445014,21.0,-15336.37,21618.587
PF01/0001/E040,AQ,42.031397,13.42517,54.0,-33527.881,19644.105
PF02/0001/E040,AQ,42.03892,13.417254,50.0,-32680.402,19004.241
PF01/0002/E040,AQ,42.037544,13.420696,50.0,-32838.487,19286.327
PF02/0002/E040,AQ,42.040959,13.42093,52.0,-32459.632,19312.722
PF03/0002/E040,AQ,42.035124,13.41854,12.0,-33103.89,19102.92
PF01/0004/E040,AQ,42.036032,13.42719,52.0,-33016.23,19820.777
PF06/0005/E040,AQ,42.032409,13.434783,70.0,-33430.023,20441.964
PF11/0005/E040,AQ,42.034292,13.432922,52.0,-33218.197,20291.692
PF13/0005/E040,AQ,42.036145,13.431412,52.0,-33010.074,20170.491
PF01/0006/E040,AQ,42.03415,13.43695,52.0,-33240.015,20624.82
PF02/0006/E040,AQ,42.036101,13.440432,54.0,-33028.623,20917.086
PF01/0007/E040,AQ,42.032136,13.438556,50.0,-33466.062,20753.732
PF03/0007/E040,AQ,42.03244,13.440425,54.0,-33435.132,20909.017
PF04/0007/E040,AQ,42.033187,13.440694,50.0,-33352.586,20932.799
PF05/0007/E040,AQ,42.033789,13.440973,50.0,-33286.2,20957.134
PF07/0007/E040,AQ,42.032684,13.441396,70.0,-33409.499,20989.949
PF08/0007/E040,AQ,42.031868,13.442202,70.0,-33501.327,21054.993
PF11/0007/E040,AQ,42.031102,13.443861,70.0,-33588.878,21190.803
PF14/0007/E040,AQ,42.03145,13.441149,70.0,-33546.203,20966.978
PF16/0007/E040,AQ,42.032187,13.43836,8.0,-33460.1,20737.6
PF17/0007/E040,AQ,42.031889,13.444886,70.0,-33503.101,21277.201
PF01/0008/E040,AQ,42.027756,13.449849,9.0,-33969.47,21679.73
PF02/0008/E040,AQ,42.026731,13.448342,9.0,-34080.99,21552.93
PF03/0008/E040,AQ,42.030722,13.444494,70.0,-33632.035,21242.426
PF05/0008/E040,AQ,42.033634,13.444799,70.0,-33309.144,21273.511
PF06/0008/E040,AQ,42.034566,13.451594,52.0,-33215.93,21837.918
PF07/0008/E040,AQ,42.036697,13.44337,50.0,-32966.885,21161.448
PF01/0010/E040,AQ,42.03465,13.42429,52.0,-33165.239,19577.887
PF01/0011/E040,AQ,42.033129,13.429423,52.0,-33341.996,19999.718
PF02/0011/E040,AQ,42.031156,13.432156,70.0,-33565.182,20221.905
PF01/0012/E040,AQ,42.029419,13.434597,70.0,-33761.764,20420.511
PF03/0012/E040,AQ,42.029709,13.437697,12.0,-33734.318,20677.67
PF01/0013/E040,AQ,42.028036,13.439292,9.0,-33922.43,20806.35
PF02/0013/E040,AQ,42.029002,13.44078,9.0,-33817.45,20931.46
PF03/0013/E040,AQ,42.027306,13.435684,70.0,-33998.062,20506.192
PF01/0014/E040,AQ,42.026825,13.445041,9.0,-34065.61,21279.82
PF02/0014/E040,AQ,42.028933,13.442471,70.0,-33827.669,21071.346
PF03/0014/E040,AQ,42.027127,13.447351,9.0,-34035.55,21471.72
PF04/0014/E040,AQ,42.028897,13.444005,9.0,-33833.91,21198.23
PF08/0014/E040,AQ,42.030163,13.442946,54.0,-33691.821,21113.157
PF09/0014/E040,AQ,42.030732,13.44207,70.0,-33627.342,21041.746
PF10/0014/E040,AQ,42.030529,13.441768,54.0,-33649.427,21016.341
PF11/0014/E040,AQ,42.030676,13.441234,52.0,-33632.239,20972.428
PF01/0015/E040,AQ,42.022517,13.442545,56.0,-34540.22,21064.486
PF03/0015/E040,AQ,42.025608,13.442844,56.0,-34197.455,21095.505
PF04/0015/E040,AQ,42.025295,13.44483,56.0,-34235.12,21259.266
PF02/0016/E040,AQ,42.02535,13.447561,9.0,-34233.1,21485.45
PF03/0016/E040,AQ,42.023554,13.45045,50.0,-34436.926,21721.059
PF05/0016/E040,AQ,42.020567,13.451547,50.0,-34770.241,21805.887
PF06/0016/E040,AQ,42.018897,13.447484,12.0,-34949.5,21466.15
PF01/0017/E040,AQ,42.025123,13.452489,56.0,-34265.715,21893.022
PF02/0017/E040,AQ,42.021716,13.456691,50.0,-34650.298,22234.052
PF01/0018/E040,AQ,42.027749,13.462683,6.0,-33989.41,22742.21
PF01/0020/E040,AQ,42.012468,13.463492,8.0,-35687.35,22778.74
PF01/0023/E040,AQ,42.001265,13.46433,12.0,-36932.5,22825.8
PF02/0023/E040,AQ,42.002621,13.458006,54.0,-36772.502,22304.71
PF01/0025/E040,AQ,41.99821,13.458576,54.0,-37263.148,22343.09
PF01/0027/E040,AQ,41.977131,13.460645,8.0,-39606.74,22472.41
PF01/0028/E040,AQ,41.991321,13.466427,8.0,-38039.74,22979.68
PF01/0029/E040,AQ,41.984248,13.476711,52.0,-38840.302,23817.56
PF02/0029/E040,AQ,41.981802,13.479941,12.0,-39116.701,24080.367
PF03/0029/E040,AQ,41.980334,13.477368,12.0,-39275.869,23864.266
PF01/0030/E040,AQ,41.983298,13.484244,8.0,-38956.86,24439.78
PF03/0030/E040,AQ,41.979291,13.481368,12.0,-39397.6,24193.6
PF01/0031/E040,AQ,41.966728,13.49085,8.0,-40806.34,24954.61
PF02/0031/E040,AQ,41.970184,13.473853,8.0,-40397.73,23552.97
PF01/0032/E040,AQ,41.96083,13.466842,6.0,-41425.87,22953.47
PF02/0032/E040,AQ,41.950539,13.485039,8.0,-42595.41,24441.25
PF05/0032/E040,AQ,41.954474,13.489937,12.0,-42165.67,24854.93
PF01/0033/E040,AQ,41.953988,13.500504,6.0,-42235.03,25729.8
PF02/0033/E040,AQ,41.952787,13.494033,50.0,-42358.886,25191.127
PF03/0033/E040,AQ,41.956044,13.49443,50.0,-41997.9,25230.394
PF05/0033/E040,AQ,41.951814,13.499554,50.0,-42475.032,25646.885
PF06/0033/E040,AQ,41.954177,13.501801,50.0,-42215.897,25837.681
PF07/0033/E040,AQ,41.950555,13.493605,12.0,-42606.13,25151.3
PF01/0035/E040,AQ,41.959461,13.523876,8.0,-41660.97,27677.41
PF01/0036/E040,AQ,41.949566,13.541427,8.0,-42784.55,29113.21
PF02/0036/E040,AQ,41.952765,13.560717,8.0,-42456.41,30718.12
PF01/0037/E040,AQ,41.924518,13.511218,8.0,-45522.7,26560.96
PF02/0037/E040,AQ,41.936491,13.497744,8.0,-44173.79,25466.97
PF01/0038/E040,AQ,41.939198,13.536922,8.0,-43929.41,28720.2
PF02/0038/E040,AQ,41.942728,13.517204,8.0,-43509.28,27092.33
PF01/0039/E040,AQ,42.069953,13.415448,50.0,-29231.816,18918.613
PF02/0039/E040,AQ,42.076621,13.41483,50.0,-28490.554,18881.257
PF03/0039/E040,AQ,42.073828,13.415386,12.0,-28801.49,18921.5
PF04/0039/E040,AQ,42.076626,13.418069,12.0,-28494.92,19149.18
PF05/0039/E040,AQ,42.071151,13.419454,12.0,-29104.96,19252.53
PF01/0040/E040,AQ,42.075874,13.423445,12.0,-28586.62,19592.36
PF01/0041/E040,AQ,42.070925,13.426016,52.0,-29140.082,19794.946
PF02/0041/E040,AQ,42.069295,13.433195,52.0,-29331.97,20385.528
PF03/0041/E040,AQ,42.067573,13.428662,52.0,-29516.303,20007.008
PF04/0041/E040,AQ,42.072253,13.426881,12.0,-28993.96,19869.24
PF01/0047/E040,AQ,42.052025,13.438469,12.0,-31257.6,20786.8
PF01/0048/E040,AQ,42.057109,13.433367,12.0,-30685.35,20374.94
PF02/0048/E040,AQ,42.054227,13.432325,12.0,-31003.73,20282.87
PF01/0049/E040,AQ,42.055998,13.455195,70.0,-30841.544,22179.004
PF02/0049/E040,AQ,42.057598,13.450031,12.0,-30656.15,21754.84
PF03/0049/E040,AQ,42.055149,13.448212,70.0,-30925.407,21599.418
PF04/0049/E040,AQ,42.052597,13.451952,70.0,-31214.371,21903.787
PF05/0049/E040,AQ,42.048694,13.4562,70.0,-31654.041,22247.497
PF06/0049/E040,AQ,42.046119,13.460935,70.0,-31947.025,22634.222
PF07/0049/E040,AQ,42.052378,13.459142,70.0,-31249.458,22498.325
PF08/0049/E040,AQ,42.049058,13.447678,70.0,-31600.853,21542.973
PF09/0049/E040,AQ,42.051652,13.443144,70.0,-31305.982,21172.978
PF10/0049/E040,AQ,42.056425,13.44168,12.0,-30773.83,21061.5
PF01/0050/E040,AQ,42.041976,13.419846,52.0,-32345.045,19225.042
PF02/0050/E040,AQ,42.044494,13.417394,70.0,-32061.74,19027.339
PF03/0050/E040,AQ,42.042393,13.416069,50.0,-32292.959,18913.326
PF01/0051/E040,AQ,42.042307,13.422933,52.0,-32313.041,19481.234
PF02/0051/E040,AQ,42.043237,13.425548,52.0,-32213.74,19699.574
PF04/0051/E040,AQ,42.042887,13.429716,52.0,-32258.992,20043.828
PF01/0053/E040,AQ,42.04016,13.430541,52.0,-32562.997,20106.551
PF02/0053/E040,AQ,42.040109,13.435327,52.0,-32575.955,20502.588
PF03/0053/E040,AQ,42.042393,13.432342,52.0,-32317.786,20260.185
PF04/0053/E040,AQ,42.041053,13.439256,52.0,-32477.087,20829.711
PF05/0053/E040,AQ,42.041838,13.431958,52.0,-32378.83,20227.262
PF01/0055/E040,AQ,42.03963,13.424848,52.0,-32613.188,19634.253
PF02/0055/E040,AQ,42.038185,13.428081,52.0,-32778.526,19898.927
PF03/0055/E040,AQ,42.04099,13.427546,52.0,-32466.271,19860.391
PF01/0056/E040,AQ,42.039284,13.432406,52.0,-32663.042,20259.161
PF02/0056/E040,AQ,42.037373,13.434221,52.0,-32878.076,20405.473
PF03/0056/E040,AQ,42.038728,13.438652,52.0,-32734.281,20774.996
PF03/0057/E040,AQ,42.038135,13.445476,50.0,-32810.409,21338.708
PF04/0057/E040,AQ,42.040205,13.44294,50.0,-32576.726,21132.907
PF05/0057/E040,AQ,42.039852,13.445757,50.0,-32620.217,21365.413
PF01/0058/E040,AQ,42.037077,13.450671,52.0,-32935.742,21766.532
PF01/0059/E040,AQ,42.038688,13.469803,8.0,-32785.33,23353.39
PF02/0059/E040,AQ,42.042231,13.46422,70.0,-32383.672,22898.331
PF03/0059/E040,AQ,42.039038,13.466054,70.0,-32740.911,23043.771
PF01/0060/E040,AQ,42.035425,13.468181,70.0,-33145.277,23212.606
PF04/0002/E096,AQ,42.163453,13.512651,21.0,-18994.358,27141.179
PF06/0006/E096,AQ,42.160624,13.512925,21.0,-19308.866,27158.35
PF14/0007/E096,AQ,42.156865,13.51798,20.0,-19733.605,27568.759
PF15/0007/E096,AQ,42.16164,13.524296,21.0,-19212.461,28099.691
PF09/0012/E096,AQ,42.158317,13.514771,20.0,-19567.777,27306.383
PF06/0017/E096,AQ,42.15473,13.519832,21.0,-19973.289,27717.652
PF01/0001/E307,AQ,42.121092,13.639366,8.0,-23872.75,37534.06
PF03/0001/E307,AQ,42.123919,13.639507,70.0,-23559.065,37550.703
PF04/0001/E307,AQ,42.122527,13.635574,52.0,-23708.429,37223.133
PF05/0001/E307,AQ,42.121138,13.65018,70.0,-23881.811,38428.099
PF06/0001/E307,AQ,42.121611,13.647181,50.0,-23825.35,38181.036
PF07/0001/E307,AQ,42.118616,13.64436,70.0,-24154.186,37942.57
PF08/0001/E307,AQ,42.121535,13.643837,52.0,-23829.412,37904.45
PF10/0001/E307,AQ,42.123463,13.642728,70.0,-23613.848,37816.197
PF11/0001/E307,AQ,42.121273,13.639522,52.0,-23852.848,37547.332
PF12/0001/E307,AQ,42.117589,13.651844,12.0,-24278.068,38559.425
PF02/0002/E307,AQ,42.114586,13.621317,54.0,-24571.157,36030.405
PF03/0002/E307,AQ,42.119161,13.633815,52.0,-24079.852,37071.807
PF04/0002/E307,AQ,42.120144,13.630161,54.0,-23965.824,36771.479
PF05/0002/E307,AQ,42.114805,13.626275,56.0,-24553.438,36440.733
PF06/0002/E307,AQ,42.116753,13.628706,56.0,-24340.366,36645.124
PF07/0002/E307,AQ,42.001513,13.482206,12.0,-36931.334,24306.799
PF01/0003/E307,AQ,42.109089,13.635158,52.0,-25199.892,37164.943
PF02/0003/E307,AQ,42.111346,13.636602,54.0,-24951.225,37288.318
PF03/0003/E307,AQ,42.110705,13.633463,52.0,-25018.265,37027.67
PF04/0003/E307,AQ,42.117581,13.636477,52.0,-24258.747,37289.019
PF05/0003/E307,AQ,42.11444,13.633059,54.0,-24603.066,37000.931
PF06/0003/E307,AQ,42.112605,13.639221,70.0,-24814.871,37507.102
PF07/0003/E307,AQ,42.109507,13.62963,70.0,-25146.255,36708.662
PF08/0003/E307,AQ,42.109603,13.643385,70.0,-25153.766,37846.053
PF10/0003/E307,AQ,42.108759,13.639865,54.0,-25242.789,37553.519
PF11/0003/E307,AQ,42.114092,13.629535,56.0,-24637.032,36708.942
PF01/0004/E307,AQ,42.115452,13.637997,50.0,-24497.18,37410.911
PF02/0004/E307,AQ,42.111313,13.653134,50.0,-24976.54,38655.088
PF03/0004/E307,AQ,42.114698,13.643226,70.0,-24587.757,37841.868
PF04/0004/E307,AQ,42.114144,13.653507,52.0,-24662.767,38690.885
PF06/0004/E307,AQ,42.118621,13.63977,52.0,-24147.644,37563.142
PF08/0004/E307,AQ,42.113993,13.649845,70.0,-24674.669,38387.842
PF09/0004/E307,AQ,42.117998,13.648478,70.0,-24228.261,38281.901
PF10/0004/E307,AQ,42.111715,13.648684,52.0,-24926.168,38287.908
PF11/0004/E307,AQ,42.115136,13.658299,54.0,-24558.832,39088.808
PF12/0004/E307,AQ,42.112585,13.644808,70.0,-24824.445,37968.914
PF13/0004/E307,AQ,42.116136,13.645725,70.0,-24431.429,38051.019
PF15/0004/E307,AQ,42.116052,13.655614,52.0,-24453.593,38868.406
PF01/0005/E307,AQ,42.107131,13.649161,8.0,-25435.74,38319.29
PF02/0005/E307,AQ,42.108591,13.652154,52.0,-25277.555,38569.272
PF03/0005/E307,AQ,42.106841,13.645661,52.0,-25463.363,38029.365
PF04/0005/E307,AQ,42.107065,13.649152,70.0,-25443.115,38318.438
PF05/0005/E307,AQ,42.109076,13.646983,52.0,-25216.94,38142.626
PF01/0006/E307,AQ,42.109512,13.654325,70.0,-25178.112,38750.392
PF02/0006/E307,AQ,42.106231,13.65272,50.0,-25540.313,38611.97
PF03/0006/E307,AQ,42.111323,13.661651,52.0,-24986.505,39359.219
PF05/0006/E307,AQ,42.111876,13.656537,70.0,-24918.494,38937.418
PF07/0006/E307,AQ,42.106496,13.663294,52.0,-25524.698,39486.703
PF08/0006/E307,AQ,42.1095,13.658657,52.0,-25185.122,39108.504
PF01/0007/E307,AQ,42.107125,13.636005,8.0,-25419.11,37231.52
PF02/0007/E307,AQ,42.103773,13.633629,52.0,-25788.18,37029.036
PF03/0007/E307,AQ,42.107083,13.635893,54.0,-25423.617,37222.18
PF04/0007/E307,AQ,42.108652,13.625762,52.0,-25235.96,36387.252
PF05/0007/E307,AQ,42.103721,13.629812,52.0,-25788.892,36713.363
PF06/0007/E307,AQ,42.101779,13.628323,52.0,-26002.606,36586.761
PF07/0007/E307,AQ,42.106479,13.629781,52.0,-25482.628,36715.709
PF03/0008/E307,AQ,42.095367,13.642395,52.0,-26733.075,37739.082
PF04/0008/E307,AQ,42.097984,13.640343,52.0,-26439.846,37573.975
PF07/0008/E307,AQ,42.102551,13.641974,54.0,-25934.925,37716.937
PF09/0008/E307,AQ,42.102461,13.638169,70.0,-25939.914,37402.154
PF12/0008/E307,AQ,42.105923,13.640469,54.0,-25558.526,37598.423
PF13/0008/E307,AQ,42.105279,13.64367,70.0,-25634.211,37862.012
PF15/0008/E307,AQ,42.102465,13.645327,70.0,-25948.797,37994.048
PF17/0008/E307,AQ,42.100861,13.64099,70.0,-26121.197,37632.576
PF19/0008/E307,AQ,42.104931,13.637727,54.0,-25665.06,37370.005
PF01/0009/E307,AQ,42.105047,13.648377,70.0,-25666.184,38250.769
PF02/0009/E307,AQ,42.103671,13.651066,70.0,-25822.387,38470.702
PF03/0009/E307,AQ,42.107238,13.658336,50.0,-25435.856,39078.038
PF04/0009/E307,AQ,42.102569,13.656806,50.0,-25952.233,38943.371
PF05/0009/E307,AQ,42.100697,13.655358,50.0,-26158.226,38820.372
PF06/0009/E307,AQ,42.1017,13.648776,12.0,-26038.239,38277.858
PF01/0010/E307,AQ,42.097136,13.666588,52.0,-26568.152,39742.846
PF02/0010/E307,AQ,42.100257,13.665462,52.0,-26220.157,39655.126
PF03/0010/E307,AQ,42.097802,13.663489,52.0,-26490.281,39487.731
PF04/0010/E307,AQ,42.104086,13.660466,42.0,-25788.532,39248.689
PF07/0010/E307,AQ,42.101978,13.662533,50.0,-26025.34,39415.973
PF08/0010/E307,AQ,42.100241,13.66127,12.0,-26216.514,39308.444
PF09/0010/E307,AQ,42.103646,13.664078,50.0,-25842.116,39546.612
PF01/0011/E307,AQ,42.096946,13.62031,8.0,-26528.52,35915.51
PF02/0012/E307,AQ,42.094311,13.63854,52.0,-26845.334,37418.394
PF04/0012/E307,AQ,42.096085,13.637993,52.0,-26647.644,37376.29
PF06/0012/E307,AQ,42.099119,13.635651,70.0,-26307.643,37187.999
PF08/0012/E307,AQ,42.100841,13.631365,54.0,-26110.701,36836.67
PF09/0012/E307,AQ,42.101591,13.63492,52.0,-26032.167,37131.951
PF12/0012/E307,AQ,42.098663,13.632275,54.0,-26353.8,36908.041
PF02/0013/E307,AQ,42.091585,13.642794,52.0,-27153.607,37765.424
PF04/0013/E307,AQ,42.099891,13.643789,52.0,-26232.635,37862.356
PF05/0013/E307,AQ,42.092755,13.645437,52.0,-27027.116,37986.073
PF06/0013/E307,AQ,42.097569,13.643561,52.0,-26490.194,37839.38
PF07/0013/E307,AQ,42.091516,13.64859,12.0,-27168.87,38244.615
PF08/0013/E307,AQ,42.089058,13.65092,12.0,-27444.85,38433.051
PF01/0015/E307,AQ,42.086797,13.630486,54.0,-27669.005,36738.975
PF02/0015/E307,AQ,42.089184,13.630003,54.0,-27403.248,36703.254
PF01/0016/E307,AQ,42.090699,13.640882,70.0,-27249.491,37605.719
PF02/0016/E307,AQ,42.087739,13.644155,52.0,-27582.41,37871.167
PF03/0016/E307,AQ,42.086846,13.64073,70.0,-27677.053,37586.309
PF01/0020/E307,AQ,42.089455,13.633079,8.0,-27377.27,36958.19
PF02/0020/E307,AQ,42.083752,13.641415,52.0,-28021.487,37637.523
PF03/0020/E307,AQ,42.08205,13.643719,52.0,-28213.481,37825.117
PF04/0020/E307,AQ,42.091025,13.636498,70.0,-27207.518,37243.728
PF05/0020/E307,AQ,42.085342,13.6377,50.0,-27840.089,37333.071
PF01/0021/E307,AQ,42.08037,13.65802,8.0,-28418.76,39005.04
PF03/0021/E307,AQ,42.080062,13.647355,12.0,-28438.998,38122.342
PF04/0021/E307,AQ,42.084504,13.644552,12.0,-27942.131,37898.305
PF01/0022/E307,AQ,42.076181,13.608854,6.0,-28818.85,34930.66
PF01/0025/E307,AQ,42.071883,13.632732,8.0,-29327.93,36898.22
PF02/0025/E307,AQ,42.075386,13.644515,12.0,-28954.467,37879.195
PF03/0025/E307,AQ,42.073322,13.645712,12.0,-29185.311,37974.605
PF04/0025/E307,AQ,42.07316,13.65217,50.0,-29211.722,38508.539
PF05/0025/E307,AQ,42.076259,13.649905,50.0,-28864.601,38326.588
PF01/0026/E307,AQ,42.065778,13.647708,8.0,-30025.48,38126.5
PF01/0027/E307,AQ,42.05961,13.663727,7.0,-30731.2,39441.09
PF01/0028/E307,AQ,42.055712,13.60624,8.0,-31088.09,34677.35
PF01/0029/E307,AQ,42.047761,13.61238,8.0,-31979.2,35171.1
PF02/0029/E307,AQ,42.055216,13.628019,8.0,-31172.32,36478.61
PF01/0034/E307,AQ,42.043747,13.652414,8.0,-32477.84,38477.25
PF01/0035/E307,AQ,42.043581,13.621128,8.0,-32455.09,35887.58
PF01/0001/E505,AQ,42.031396,13.425168,54.0,-33527.976,19643.93
PF01/0002/E505,AQ,42.029015,13.432078,52.0,-33802.798,20211.135
PF02/0003/E505,AQ,42.025608,13.418421,50.0,-34160.322,19073.549
PF04/0003/E505,AQ,42.021644,13.424033,12.0,-34609.0,19530.0
PF03/0004/E505,AQ,42.026285,13.422511,50.0,-34091.395,19413.55
PF02/0005/E505,AQ,42.022148,13.428441,54.0,-34559.772,19895.997
PF03/0005/E505,AQ,42.023092,13.432547,54.0,-34461.164,20237.91
PF04/0005/E505,AQ,42.027175,13.428245,50.0,-34001.294,19890.065
PF06/0005/E505,AQ,42.026769,13.432247,12.0,-34052.48,20220.52
PF01/0006/E505,AQ,42.022701,13.41986,12.0,-34485.28,19186.68
PF02/0006/E505,AQ,42.021282,13.418027,12.0,-34640.0,19032.0
PF01/0007/E505,AQ,42.019289,13.407733,50.0,-34845.514,18175.599
PF03/0007/E505,AQ,42.01949,13.410847,12.0,-34828.02,18433.83
PF04/0007/E505,AQ,42.019559,13.414804,12.0,-34826.44,18761.67
PF01/0008/E505,AQ,42.01733,13.426129,70.0,-35091.228,19694.755
PF02/0008/E505,AQ,42.019429,13.424184,52.0,-34855.251,19538.03
PF03/0008/E505,AQ,42.015935,13.422953,52.0,-35241.268,19428.957
PF04/0008/E505,AQ,42.01866,13.421109,54.0,-34935.946,19281.814
PF02/0009/E505,AQ,42.020593,13.431424,52.0,-34736.97,20139.809
PF01/0010/E505,AQ,42.017893,13.433674,8.0,-35040.198,20320.597
PF02/0010/E505,AQ,42.018451,13.43176,52.0,-34975.291,20163.281
PF04/0010/E505,AQ,42.024449,13.438699,52.0,-34319.847,20749.959
PF05/0010/E505,AQ,42.018679,13.188707,52.0,-34552.531,39.252
PF06/0010/E505,AQ,42.02605,13.435309,52.0,-34136.922,20472.535
PF08/0010/E505,AQ,42.022191,13.437898,54.0,-34569.365,20679.098
PF09/0010/E505,AQ,42.015376,13.433959,70.0,-35320.122,20339.086
PF12/0010/E505,AQ,42.018623,13.185786,52.0,-34553.592,-202.701
PF13/0010/E505,AQ,42.016652,13.438819,12.0,-35185.75,20744.08
PF14/0010/E505,AQ,42.02062,13.445475,12.0,-34755.2,21303.25
PF05/0011/E505,AQ,42.014859,13.430767,70.0,-35372.704,20073.74
PF06/0011/E505,AQ,42.016894,13.431356,70.0,-35147.54,20126.676
PF09/0011/E505,AQ,42.015109,13.42875,52.0,-35341.844,19907.259
PF15/0011/E505,AQ,42.013758,13.425532,70.0,-35486.916,19638.013
PF01/0013/E505,AQ,42.015168,13.415955,8.0,-35315.79,18847.88
PF01/0014/E505,AQ,42.011958,13.434028,70.0,-35699.727,20337.877
PF02/0014/E505,AQ,42.012895,13.431718,70.0,-35592.21,20148.465
PF01/0015/E505,AQ,42.013091,13.447887,12.0,-35594.85,21487.8
PF01/0017/E505,AQ,42.004656,13.410515,8.0,-36474.62,18375.78
PF01/0018/E505,AQ,42.010055,13.425056,52.0,-35897.35,19591.069
PF02/0018/E505,AQ,42.008002,13.42764,70.0,-36129.291,19800.852
PF05/0019/E505,AQ,42.009726,13.432499,70.0,-35945.236,20206.761
PF09/0019/E505,AQ,42.011188,13.431684,70.0,-35781.654,20142.188
PF11/0019/E505,AQ,42.011884,13.430861,70.0,-35703.14,20075.457
PF13/0019/E505,AQ,42.013177,13.429535,70.0,-35557.501,19968.272
PF19/0019/E505,AQ,42.011086,13.428477,70.0,-35788.091,19876.412
PF01/0020/E505,AQ,42.00423,13.448646,8.0,-36579.82,21532.8
PF01/0021/E505,AQ,42.004276,13.385196,8.0,-36477.49,16278.16
PF02/0026/E505,AQ,42.006195,13.427018,52.0,-36329.009,19745.675
PF03/0026/E505,AQ,42.006053,13.426755,54.0,-36344.35,19723.585
PF06/0026/E505,AQ,42.004449,13.426992,70.0,-36522.749,19739.943
PF09/0026/E505,AQ,42.003966,13.425606,70.0,-36574.342,19624.177
PF11/0026/E505,AQ,42.005715,13.426172,52.0,-36380.966,19674.608
PF12/0026/E505,AQ,42.003893,13.424752,54.0,-36581.069,19553.279
PF13/0026/E505,AQ,42.002046,13.426157,50.0,-36788.388,19665.853
PF01/0027/E505,AQ,42.004772,13.434261,6.0,-36497.96,20342.58
PF02/0027/E505,AQ,42.004567,13.428536,52.0,-36512.097,19868.002
PF03/0027/E505,AQ,42.008255,13.4299,70.0,-36104.624,19988.51
PF04/0027/E505,AQ,42.008569,13.436361,70.0,-36079.583,20524.177
PF06/0027/E505,AQ,42.002555,13.42653,50.0,-36732.423,19697.802
PF08/0027/E505,AQ,42.002382,13.426487,12.0,-36751.556,19693.883
PF09/0027/E505,AQ,42.003548,13.432551,52.0,-36631.34,20198.458
PF10/0027/E505,AQ,42.007184,13.432412,70.0,-36227.387,20194.355
PF01/0028/E505,AQ,41.989481,13.391604,8.0,-38130.3,16778.01
PF01/0031/E505,AQ,41.987445,13.429775,8.0,-38415.07,19935.76
PF01/0033/E505,AQ,41.988754,13.416014,8.0,-38248.75,18798.54
PF01/0036/E505,AQ,41.973868,13.402354,8.0,-39880.53,17636.08
PF01/0038/E505,AQ,41.971885,13.443246,8.0,-40163.11,21020.31
PF01/0041/E505,AQ,41.968207,13.419209,8.0,-40535.03,19021.05
PF01/0042/E505,AQ,41.964384,13.431641,8.0,-40978.54,20043.48
PF01/0043/E505,AQ,41.955976,13.451122,8.0,-41941.4,21640.93
PF01/0047/E505,AQ,41.94868,13.463987,8.0,-42770.69,22692.63
PF01/0049/E505,AQ,41.946183,13.453919,8.0,-43033.04,21853.15
PF02/0049/E505,AQ,41.935867,13.46778,8.0,-44199.09,22981.59
PF03/0049/E505,AQ,41.941571,13.464897,12.0,-43561.4,22753.9
PF04/0049/E505,AQ,41.945238,13.46345,12.0,-43152.15,22641.3
PF05/0049/E505,AQ,41.940126,13.471872,12.0,-43732.25,23329.3
PF01/0050/E505,AQ,41.942483,13.47029,12.0,-43468.2,23202.8
PF01/0051/E505,AQ,41.925111,13.48993,8.0,-45425.97,24796.91
PF01/0001/E723,AQ,42.049405,13.196231,50.0,-31153.947,734.173
PF02/0001/E723,AQ,42.050471,13.194274,52.0,-31032.145,574.757
PF06/0001/E723,AQ,42.052414,13.195688,52.0,-30818.926,696.329
PF12/0001/E723,AQ,42.055483,13.189453,54.0,-30467.213,187.53
PF13/0001/E723,AQ,42.059133,13.189498,52.0,-30062.036,199.875
PF14/0001/E723,AQ,42.05883,13.186336,52.0,-30090.137,-62.525
PF18/0001/E723,AQ,42.050447,13.190162,8.0,-31027.64,234.37
PF21/0001/E723,AQ,42.052843,13.192238,50.0,-30765.226,411.841
PF01/0002/E723,AQ,42.057121,13.191708,54.0,-30289.307,378.022
PF02/0002/E723,AQ,42.053419,13.197744,52.0,-30710.951,868.791
PF03/0002/E723,AQ,42.054194,13.194635,52.0,-30619.422,613.341
PF05/0002/E723,AQ,42.051268,13.197676,54.0,-30949.635,858.149
PF06/0002/E723,AQ,42.050921,13.200854,70.0,-30993.736,1120.318
PF07/0002/E723,AQ,42.047769,13.204081,70.0,-31349.315,1380.022
PF09/0002/E723,AQ,42.057028,13.203111,52.0,-30319.528,1321.383
PF11/0002/E723,AQ,42.060966,13.192756,54.0,-29864.182,473.748
PF12/0002/E723,AQ,42.060212,13.196566,56.0,-29954.574,787.245
PF14/0002/E723,AQ,42.049515,13.209631,70.0,-31165.119,1843.404
PF17/0002/E723,AQ,42.060908,13.202789,52.0,-29888.114,1303.807
PF18/0002/E723,AQ,42.042221,13.211141,56.0,-31977.642,1951.424
PF19/0002/E723,AQ,42.04699,13.208756,70.0,-31443.948,1765.127
PF21/0002/E723,AQ,42.056774,13.196847,52.0,-30336.858,802.392
PF22/0002/E723,AQ,42.043232,13.207637,54.0,-31859.244,1663.794
PF23/0002/E723,AQ,42.055954,13.20856,12.0,-30448.202,1769.777
PF24/0002/E723,AQ,42.060317,13.208612,52.0,-29963.88,1784.266
PF04/0003/E723,AQ,42.061247,13.236433,50.0,-29908.498,4088.422
PF05/0003/E723,AQ,42.056429,13.236573,50.0,-30443.665,4088.965
PF06/0003/E723,AQ,42.056363,13.23208,50.0,-30443.317,3717.009
PF11/0003/E723,AQ,42.072481,13.239431,70.0,-28666.146,4362.134
PF15/0003/E723,AQ,42.053603,13.250088,70.0,-30780.48,5200.913
PF16/0003/E723,AQ,42.06368,13.236507,50.0,-29638.483,4100.063
PF17/0003/E723,AQ,42.048881,13.215402,70.0,-31245.484,2319.597
PF18/0003/E723,AQ,42.04811,13.212322,70.0,-31325.785,2062.902
PF19/0003/E723,AQ,42.051568,13.233368,50.0,-30978.001,3812.607
PF22/0003/E723,AQ,42.059649,13.258247,54.0,-30122.956,5889.749
PF23/0003/E723,AQ,42.057288,13.212152,56.0,-30306.373,2070.149
PF26/0003/E723,AQ,42.070093,13.252698,54.0,-28953.889,5454.292
PF27/0003/E723,AQ,42.081379,13.265049,54.0,-27721.538,6501.557
PF28/0003/E723,AQ,42.069012,13.255951,54.0,-29079.359,5720.996
PF29/0003/E723,AQ,42.06185,13.242799,50.0,-29852.414,4616.567
PF31/0003/E723,AQ,42.060849,13.217762,52.0,-29920.675,2542.561
PF32/0003/E723,AQ,42.062156,13.220777,52.0,-29780.648,2795.051
PF33/0003/E723,AQ,42.062647,13.223799,52.0,-29731.328,3046.235
PF35/0003/E723,AQ,42.060728,13.230104,50.0,-29955.241,3563.506
PF36/0003/E723,AQ,42.05264,13.227318,54.0,-30848.522,3314.354
PF37/0003/E723,AQ,42.055012,13.220992,54.0,-30574.338,2796.314
PF38/0003/E723,AQ,42.051209,13.2215,56.0,-30997.527,2829.618
PF39/0003/E723,AQ,42.051022,13.227511,56.0,-31028.581,3326.658
PF40/0003/E723,AQ,42.053502,13.253005,54.0,-30796.659,5442.041
PF41/0003/E723,AQ,42.062596,13.230078,50.0,-29747.788,3565.697
PF42/0003/E723,AQ,42.057787,13.221036,50.0,-30266.296,2806.41
PF43/0003/E723,AQ,42.065611,13.229936,50.0,-29412.796,3560.837
PF46/0003/E723,AQ,42.078351,13.24896,70.0,-28030.589,5163.858
PF47/0003/E723,AQ,42.07475,13.241689,70.0,-28418.133,4554.144
PF48/0003/E723,AQ,42.051478,13.237121,70.0,-30994.324,4122.976
PF49/0003/E723,AQ,42.051739,13.240633,70.0,-30971.401,4414.202
PF50/0003/E723,AQ,42.062109,13.253104,54.0,-29841.098,5469.8
PF51/0003/E723,AQ,42.074198,13.245715,70.0,-28486.186,4885.985
PF52/0003/E723,AQ,42.055446,13.243668,52.0,-30564.958,4673.863
PF53/0003/E723,AQ,42.066668,13.220505,12.0,-29279.207,2783.013
PF54/0003/E723,AQ,42.064123,13.220588,12.0,-29561.94,2783.999
PF55/0003/E723,AQ,42.065343,13.217474,12.0,-29421.125,2529.127
PF56/0003/E723,AQ,42.055357,13.227238,12.0,-30546.781,3314.049
PF57/0003/E723,AQ,42.054516,13.214759,12.0,-30618.634,2279.41
PF58/0003/E723,AQ,42.067077,13.230778,12.0,-29251.42,3633.88
PF59/0003/E723,AQ,42.056095,13.248044,70.0,-30500.245,5037.428
PF60/0003/E723,AQ,42.066884,13.226368,12.0,-29265.3,3268.603
PF01/0005/E723,AQ,42.039317,13.208938,9.0,-32296.2,1762.36
PF03/0005/E723,AQ,42.041037,13.206837,9.0,-32101.55,1592.5
PF09/0005/E723,AQ,42.047566,13.198804,54.0,-31362.708,942.843
PF10/0005/E723,AQ,42.044056,13.204823,56.0,-31762.901,1432.755
PF01/0006/E723,AQ,42.034916,13.244597,8.0,-32846.15,4703.94
PF02/0006/E723,AQ,42.046723,13.236644,7.0,-31521.56,4072.61
PF03/0006/E723,AQ,42.033358,13.226653,56.0,-32988.462,3214.913
PF04/0006/E723,AQ,42.031092,13.229437,56.0,-33244.819,3440.177
PF05/0006/E723,AQ,42.028899,13.227532,9.0,-33485.03,3277.49
PF06/0006/E723,AQ,42.035983,13.228939,56.0,-32700.928,3410.236
PF07/0006/E723,AQ,42.038885,13.235194,9.0,-32389.34,3934.65
PF08/0006/E723,AQ,42.035054,13.221295,9.0,-32790.92,2775.34
PF09/0006/E723,AQ,42.035085,13.224305,70.0,-32792.644,3024.551
PF18/0006/E723,AQ,42.028076,13.230066,52.0,-33580.824,3485.344
PF19/0006/E723,AQ,42.042181,13.236198,56.0,-32025.158,4025.309
PF23/0006/E723,AQ,42.040098,13.221427,56.0,-32231.059,2797.879
PF24/0006/E723,AQ,42.032695,13.240523,52.0,-33085.736,4361.572
PF25/0006/E723,AQ,42.028904,13.23355,56.0,-33494.84,3775.706
PF27/0006/E723,AQ,42.030737,13.235349,54.0,-33294.417,3928.839
PF28/0006/E723,AQ,42.039667,13.231283,56.0,-32295.871,3612.734
PF29/0006/E723,AQ,42.047191,13.242592,70.0,-31479.665,4565.963
PF33/0006/E723,AQ,42.042809,13.221824,56.0,-31930.76,2837.063
PF34/0006/E723,AQ,42.046548,13.23109,56.0,-31531.504,3612.521
PF35/0006/E723,AQ,42.048527,13.227383,56.0,-31305.404,3310.29
PF36/0006/E723,AQ,42.044174,13.22779,56.0,-31789.407,3333.934
PF37/0006/E723,AQ,42.051154,13.243205,70.0,-31040.761,4625.735
PF39/0006/E723,AQ,42.035894,13.236617,56.0,-32723.922,4045.589
PF40/0006/E723,AQ,42.047208,13.252368,52.0,-31494.456,5375.044
PF41/0006/E723,AQ,42.044947,13.252695,50.0,-31746.029,5397.019
PF42/0006/E723,AQ,42.047129,13.221687,56.0,-31450.827,2835.627
PF44/0006/E723,AQ,42.04649,13.236244,56.0,-31546.777,4038.972
PF45/0006/E723,AQ,42.040335,13.253594,50.0,-32259.661,5460.94
PF46/0006/E723,AQ,42.03715,13.249719,50.0,-32606.75,5132.956
PF47/0006/E723,AQ,42.042506,13.249385,50.0,-32011.43,5117.512
PF48/0006/E723,AQ,42.033037,13.236264,52.0,-33040.583,4009.803
PF50/0006/E723,AQ,42.04224,13.24192,56.0,-32028.338,4498.996
PF51/0006/E723,AQ,42.039652,13.226618,56.0,-32289.493,3226.583
PF52/0006/E723,AQ,42.045089,13.21562,12.0,-31666.92,2328.8
PF01/0007/E723,AQ,42.025266,13.195621,6.0,-33833.19,627.17
PF02/0007/E723,AQ,42.033063,13.208889,8.0,-32990.57,1743.77
PF03/0007/E723,AQ,42.037381,13.20718,52.0,-32508.096,1612.31
PF01/0008/E723,AQ,42.035159,13.212268,70.0,-32763.658,2028.38
PF02/0008/E723,AQ,42.038928,13.211039,56.0,-32343.089,1935.337
PF03/0008/E723,AQ,42.036381,13.209399,52.0,-32623.032,1793.67
PF04/0008/E723,AQ,42.034607,13.209762,54.0,-32820.597,1819.626
PF01/0009/E723,AQ,42.032739,13.216994,70.0,-33040.518,2413.932
PF02/0009/E723,AQ,42.034607,13.215832,70.0,-32831.16,2322.093
PF03/0009/E723,AQ,42.032175,13.214445,70.0,-33098.737,2201.602
PF04/0009/E723,AQ,42.031916,13.219247,70.0,-33135.828,2598.539
PF05/0009/E723,AQ,42.030753,13.216966,56.0,-33261.024,2407.024
PF01/0010/E723,AQ,42.031791,13.214553,50.0,-33141.59,2209.721
PF02/0010/E723,AQ,42.030387,13.216837,56.0,-33301.505,2395.51
PF05/0010/E723,AQ,42.027073,13.219244,9.0,-33673.637,2587.07
PF06/0010/E723,AQ,42.027937,13.223342,70.0,-33584.652,2928.375
PF07/0010/E723,AQ,42.024947,13.224415,56.0,-33918.51,3010.281
PF12/0010/E723,AQ,42.028012,13.216365,56.0,-33564.332,2350.962
PF14/0010/E723,AQ,42.029731,13.213708,9.0,-33368.87,2134.93
PF15/0010/E723,AQ,42.026718,13.222936,9.0,-33719.38,2891.91
PF16/0010/E723,AQ,42.024197,13.221086,56.0,-33996.132,2732.997
PF19/0010/E723,AQ,42.028325,13.226006,9.0,-33546.16,3149.84
PF20/0010/E723,AQ,42.029863,13.220144,70.0,-33365.288,2668.051
PF21/0010/E723,AQ,42.025094,13.218487,56.0,-33892.045,2519.863
PF04/0011/E723,AQ,42.030087,13.24234,9.0,-33378.52,4506.09
PF05/0011/E723,AQ,42.030767,13.237507,9.0,-33294.68,4107.51
PF06/0011/E723,AQ,42.02764,13.238675,54.0,-33643.92,4197.08
PF08/0011/E723,AQ,42.026798,13.232168,9.0,-33726.28,3656.46
PF09/0011/E723,AQ,42.024827,13.228102,9.0,-33938.15,3315.25
PF10/0011/E723,AQ,42.024441,13.225511,9.0,-33976.59,3099.85
PF02/0012/E723,AQ,42.026312,13.241457,54.0,-33796.137,4424.304
PF03/0012/E723,AQ,42.026681,13.245387,54.0,-33761.847,4750.521
PF05/0012/E723,AQ,42.022248,13.245656,54.0,-34254.557,4762.731
PF06/0012/E723,AQ,42.025865,13.235102,54.0,-33834.93,3897.197
PF07/0012/E723,AQ,42.024036,13.240978,12.0,-34048.07,4379.5
PF01/0013/E723,AQ,42.012086,13.196459,8.0,-35298.2,665.72
PF01/0014/E723,AQ,42.02024,13.222754,8.0,-34438.32,2861.96
PF02/0014/E723,AQ,42.02061,13.226109,50.0,-34402.986,3140.534
PF07/0014/E723,AQ,42.021861,13.221665,50.0,-34256.45,2775.518
PF10/0014/E723,AQ,42.019517,13.230454,70.0,-34531.853,3497.779
PF14/0014/E723,AQ,42.020646,13.227086,70.0,-34400.721,3221.515
PF15/0014/E723,AQ,42.018724,13.2277,54.0,-34615.175,3267.92
PF16/0014/E723,AQ,42.017651,13.232221,56.0,-34742.025,3639.87
PF02/0015/E723,AQ,42.023679,13.23371,54.0,-34075.302,3776.969
PF03/0015/E723,AQ,42.02207,13.230512,70.0,-34248.485,3508.504
PF08/0015/E723,AQ,42.018389,13.235791,52.0,-34666.268,3937.095
PF09/0015/E723,AQ,42.022543,13.238199,54.0,-34209.052,4146.031
PF11/0015/E723,AQ,42.017833,13.239102,54.0,-34733.587,4210.011
PF12/0015/E723,AQ,42.020505,13.233057,52.0,-34426.622,3715.607
PF13/0015/E723,AQ,42.0155,13.237415,52.0,-34989.767,4064.935
PF01/0016/E723,AQ,42.020669,13.240806,52.0,-34421.635,4357.589
PF02/0016/E723,AQ,42.01342,13.243648,70.0,-35231.29,4576.356
PF03/0016/E723,AQ,42.01537,13.242292,52.0,-35012.541,4468.473
PF04/0016/E723,AQ,42.018864,13.245188,52.0,-34629.462,4716.272
PF05/0016/E723,AQ,42.021646,13.249359,50.0,-34327.67,5067.909
PF01/0017/E723,AQ,42.002546,13.232498,8.0,-36419.79,3628.15
PF02/0017/E723,AQ,42.007266,13.219215,8.0,-35872.89,2538.95
PF01/0018/E723,AQ,42.017312,13.230757,52.0,-34777.152,3517.848
PF15/0018/E723,AQ,42.014455,13.238315,8.0,-35107.31,4137.1
PF16/0018/E723,AQ,42.014379,13.235421,52.0,-35110.825,3897.337
PF17/0018/E723,AQ,42.014713,13.232004,54.0,-35067.94,3615.136
PF01/0019/E723,AQ,42.010623,13.239772,56.0,-35535.268,4248.998
PF02/0019/E723,AQ,42.010955,13.243338,70.0,-35504.534,4545.022
PF03/0019/E723,AQ,42.008272,13.241737,50.0,-35799.665,4406.36
PF04/0019/E723,AQ,42.012267,13.236753,56.0,-35347.592,4002.8
PF02/0020/E723,AQ,41.981042,13.231483,54.0,-38805.715,3494.736
PF03/0020/E723,AQ,41.982881,13.225512,54.0,-38591.264,3004.245
PF01/0021/E723,AQ,42.004865,13.250557,8.0,-36192.93,5129.06
PF01/0001/E724,AQ,42.388027,13.035779,8.0,6739.76,-11678.16
PF02/0001/E724,AQ,42.385347,13.052233,70.0,6411.016,-10330.493
PF04/0001/E724,AQ,42.385746,13.050216,52.0,6459.089,-10495.499
PF05/0001/E724,AQ,42.388158,13.047432,50.0,6732.165,-10718.552
PF07/0001/E724,AQ,42.383183,13.046102,52.0,6182.253,-10840.699
PF11/0001/E724,AQ,42.386042,13.037858,52.0,6515.372,-11512.077
PF12/0001/E724,AQ,42.389708,13.053391,70.0,6893.012,-10224.047
PF13/0001/E724,AQ,42.387791,13.050579,52.0,6685.474,-10460.415
PF14/0001/E724,AQ,42.388132,13.041496,70.0,6740.554,-11207.258
PF15/0001/E724,AQ,42.389404,13.044522,52.0,6876.073,-10954.864
PF16/0001/E724,AQ,42.390239,13.049382,12.0,6959.59,-10552.72
PF01/0002/E724,AQ,42.383686,13.053771,8.0,6223.65,-10208.12
PF02/0002/E724,AQ,42.379433,13.062065,70.0,5735.717,-9536.072
PF03/0002/E724,AQ,42.380579,13.056886,70.0,5872.77,-9959.535
PF04/0002/E724,AQ,42.382504,13.05688,52.0,6086.512,-9955.18
PF05/0002/E724,AQ,42.390531,13.057749,70.0,6976.19,-9863.251
PF06/0002/E724,AQ,42.391762,13.052485,50.0,7122.814,-10293.425
PF07/0002/E724,AQ,42.388263,13.055805,54.0,6728.085,-10029.006
PF08/0002/E724,AQ,42.387389,13.059648,52.0,6623.795,-9714.867
PF09/0002/E724,AQ,42.393854,13.056972,70.0,7346.641,-9918.771
PF10/0002/E724,AQ,42.380084,13.05984,70.0,5812.239,-9717.574
PF11/0002/E724,AQ,42.382294,13.06012,70.0,6057.098,-9688.908
PF01/0003/E724,AQ,42.38605,13.062427,8.0,6469.86,-9489.47
PF02/0003/E724,AQ,42.392169,13.060446,50.0,7153.059,-9637.08
PF03/0003/E724,AQ,42.391884,13.065627,50.0,7111.631,-9211.35
PF04/0003/E724,AQ,42.387471,13.065594,52.0,6621.677,-9225.167
PF05/0003/E724,AQ,42.394167,13.059222,70.0,7377.183,-9732.722
PF01/0004/E724,AQ,42.400401,13.067709,54.0,8053.559,-9018.412
PF02/0004/E724,AQ,42.393313,13.073431,52.0,7255.77,-8565.387
PF03/0004/E724,AQ,42.397261,13.069756,52.0,7701.029,-8857.925
PF04/0004/E724,AQ,42.393305,13.070464,54.0,7260.396,-8809.617
PF01/0005/E724,AQ,42.377306,13.056558,70.0,5509.958,-9994.827
PF02/0005/E724,AQ,42.37946,13.054073,52.0,5753.831,-10194.012
PF03/0005/E724,AQ,42.376297,13.052531,70.0,5405.432,-10328.972
PF04/0005/E724,AQ,42.374007,13.056478,52.0,5143.695,-10009.835
PF05/0005/E724,AQ,42.377852,13.049339,52.0,5584.148,-10587.826
PF06/0005/E724,AQ,42.376424,13.049456,52.0,5425.385,-10581.861
PF07/0005/E724,AQ,42.374682,13.05243,52.0,5226.27,-10341.403
PF08/0005/E724,AQ,42.380177,13.050109,12.0,5840.895,-10518.525
PF09/0005/E724,AQ,42.382471,13.051081,70.0,6093.829,-10432.673
PF01/0006/E724,AQ,42.385645,13.063227,70.0,6423.32,-9424.654
PF03/0006/E724,AQ,42.383942,13.06701,50.0,6227.213,-9117.525
PF04/0006/E724,AQ,42.383636,13.063304,70.0,6200.176,-9423.464
PF07/0006/E724,AQ,42.381614,13.06463,70.0,5973.083,-9319.366
PF08/0006/E724,AQ,42.382026,13.069099,70.0,6010.496,-8950.39
PF09/0006/E724,AQ,42.379734,13.065127,70.0,5763.4,-9283.238
PF10/0006/E724,AQ,42.379668,13.068146,52.0,5750.383,-9034.808
PF11/0006/E724,AQ,42.377642,13.064926,54.0,5531.465,-9305.06
PF13/0006/E724,AQ,42.378849,13.069852,70.0,5656.253,-8896.473
PF14/0006/E724,AQ,42.37721,13.070202,70.0,5473.662,-8871.768
PF18/0006/E724,AQ,42.375104,13.06661,54.0,5246.526,-9172.787
PF22/0006/E724,AQ,42.372679,13.070862,50.0,4969.276,-8828.871
PF23/0006/E724,AQ,42.373952,13.073057,8.0,5106.57,-8644.87
PF24/0006/E724,AQ,42.374614,13.069361,50.0,5186.932,-8947.549
PF25/0006/E724,AQ,42.375388,13.072721,70.0,5266.662,-8668.943
PF01/0007/E724,AQ,42.390952,13.071798,50.0,6996.578,-8705.69
PF02/0007/E724,AQ,42.385075,13.071007,50.0,6345.443,-8785.627
PF03/0007/E724,AQ,42.387992,13.068701,50.0,6673.719,-8968.13
PF04/0007/E724,AQ,42.379727,13.071259,70.0,5751.17,-8778.383
PF05/0007/E724,AQ,42.382697,13.07216,70.0,6079.235,-8696.747
PF06/0007/E724,AQ,42.390304,13.067822,50.0,6932.115,-9034.609
PF02/0008/E724,AQ,42.373851,13.051129,52.0,5136.466,-10450.612
PF03/0008/E724,AQ,42.368619,13.046931,56.0,4563.411,-10809.611
PF04/0008/E724,AQ,42.370853,13.04873,56.0,4808.089,-10655.849
PF05/0008/E724,AQ,42.370983,13.045576,56.0,4828.488,-10915.179
PF01/0009/E724,AQ,42.371759,13.05825,70.0,4890.768,-9869.661
PF11/0009/E724,AQ,42.368382,13.061946,12.0,4508.84,-9573.89
PF02/0010/E724,AQ,42.373847,13.06009,50.0,5119.133,-9712.866
PF03/0010/E724,AQ,42.368086,13.064538,70.0,4471.13,-9361.179
PF04/0010/E724,AQ,42.367949,13.068119,52.0,4449.176,-9066.636
PF05/0010/E724,AQ,42.371357,13.067965,52.0,4827.892,-9070.704
PF06/0010/E724,AQ,42.374563,13.062577,70.0,5193.981,-9506.259
PF07/0010/E724,AQ,42.366044,13.062704,70.0,4247.793,-9517.338
PF09/0010/E724,AQ,42.370719,13.063942,70.0,4764.606,-9403.603
PF10/0010/E724,AQ,42.367799,13.067913,70.0,4432.891,-9083.97
PF01/0011/E724,AQ,42.366239,13.072327,52.0,4251.394,-8724.46
PF02/0011/E724,AQ,42.370172,13.07109,50.0,4690.459,-8816.396
PF03/0011/E724,AQ,42.371904,13.07495,50.0,4875.523,-8494.187
PF04/0011/E724,AQ,42.364071,13.077617,70.0,4000.758,-8294.244
PF05/0011/E724,AQ,42.361695,13.077301,50.0,3737.561,-8326.231
PF06/0011/E724,AQ,42.368644,13.075943,50.0,4511.739,-8420.618
PF08/0011/E724,AQ,42.366361,13.079642,50.0,4251.278,-8121.741
PF09/0011/E724,AQ,42.360102,13.078813,12.0,3557.81,-8205.73
PF10/0011/E724,AQ,42.360102,13.078813,12.0,3557.81,-8205.73
PF11/0011/E724,AQ,42.360102,13.078813,12.0,3557.81,-8205.73
PF01/0012/E724,AQ,42.374106,13.078015,50.0,5114.343,-8236.287
PF01/0013/E724,AQ,42.356944,13.054165,6.0,3253.39,-10243.65
PF02/0013/E724,AQ,42.36043,13.060259,56.0,3628.994,-9732.928
PF01/0014/E724,AQ,42.362547,13.066663,8.0,3852.05,-9200.15
PF02/0014/E724,AQ,42.366167,13.066437,50.0,4254.453,-9209.638
PF03/0014/E724,AQ,42.36304,13.06573,50.0,3908.464,-9275.787
PF01/0015/E724,AQ,42.363702,13.074519,70.0,3965.607,-8550.316
PF02/0015/E724,AQ,42.36208,13.071499,50.0,3791.101,-8803.082
PF01/0016/E724,AQ,42.362712,13.082121,7.0,3841.5,-7926.77
PF02/0016/E724,AQ,42.360066,13.085013,70.0,3542.338,-7695.246
PF03/0016/E724,AQ,42.358512,13.083589,50.0,3372.429,-7816.41
PF05/0016/E724,AQ,42.362515,13.085458,70.0,3813.407,-7652.497
PF06/0016/E724,AQ,42.364759,13.083485,70.0,4066.274,-7809.359
PF01/0017/E724,AQ,42.368391,13.097137,7.0,4444.31,-6676.09
PF01/0018/E724,AQ,42.356478,13.105346,8.0,3106.4,-6029.59
PF02/0018/E724,AQ,42.360686,13.088169,54.0,3605.31,-7433.749
PF01/0019/E724,AQ,42.345653,13.060641,6.0,1987.32,-9738.91
PF02/0019/E724,AQ,42.346829,13.064875,70.0,2109.986,-9387.191
PF03/0019/E724,AQ,42.344462,13.061615,70.0,1853.243,-9661.728
PF01/0020/E724,AQ,42.34769,13.068456,70.0,2198.929,-9089.998
PF01/0021/E724,AQ,42.356194,13.085221,54.0,3111.973,-7687.786
PF06/0021/E724,AQ,42.350604,13.085803,54.0,2490.129,-7653.804
PF07/0021/E724,AQ,42.35443,13.087311,54.0,2912.211,-7520.036
PF02/0022/E724,AQ,42.351682,13.089448,52.0,2603.109,-7350.911
PF05/0022/E724,AQ,42.352222,13.094222,52.0,2654.195,-6956.353
PF15/0022/E724,AQ,42.347757,13.099294,72.0,2149.036,-6549.655
PF18/0022/E724,AQ,42.345565,13.101204,72.0,1902.121,-6397.78
PF20/0022/E724,AQ,42.343961,13.102229,8.0,1722.13,-6317.35
PF21/0022/E724,AQ,42.348397,13.094065,52.0,2229.798,-6978.803
PF22/0022/E724,AQ,42.350384,13.096125,52.0,2446.583,-6804.184
PF23/0022/E724,AQ,42.353543,13.091385,12.0,2806.2,-7186.7
PF24/0022/E724,AQ,42.348636,13.096501,12.0,2251.84,-6777.55
PF01/0024/E724,AQ,42.344272,13.119491,8.0,1725.08,-4894.62
PF02/0024/E724,AQ,42.348259,13.101612,52.0,2200.574,-6357.499
PF03/0024/E724,AQ,42.349825,13.09915,72.0,2378.95,-6556.381
PF04/0024/E724,AQ,42.352281,13.097803,52.0,2654.174,-6661.258
PF01/0026/E724,AQ,42.33813,13.064368,70.0,1145.01,-9450.901
PF01/0027/E724,AQ,42.345108,13.080873,7.0,1889.06,-8073.72
PF02/0027/E724,AQ,42.329897,13.073593,8.0,213.54,-8711.64
PF03/0027/E724,AQ,42.331038,13.077077,70.0,333.675,-8421.687
PF04/0027/E724,AQ,42.340787,13.068713,70.0,1431.822,-9086.233
PF01/0028/E724,AQ,42.344813,13.095113,50.0,1829.917,-6901.375
PF02/0028/E724,AQ,42.347254,13.089377,50.0,2111.549,-7367.831
PF01/0029/E724,AQ,42.343961,13.102229,8.0,1722.13,-6317.35
PF02/0029/E724,AQ,42.340619,13.109986,50.0,1336.826,-5686.594
PF03/0029/E724,AQ,42.342673,13.103752,70.0,1576.295,-6195.03
PF04/0029/E724,AQ,42.341337,13.107117,70.0,1421.754,-5921.193
PF05/0029/E724,AQ,42.340522,13.103718,70.0,1337.486,-6203.174
PF01/0030/E724,AQ,42.332328,13.106297,7.0,422.97,-6011.0
PF02/0030/E724,AQ,42.331373,13.120755,54.0,290.425,-4822.164
PF03/0030/E724,AQ,42.336668,13.11228,70.0,893.843,-5507.393
PF01/0031/E724,AQ,42.332828,13.131591,70.0,432.326,-3925.759
PF02/0031/E724,AQ,42.335235,13.127882,54.0,706.351,-4225.446
PF03/0031/E724,AQ,42.336193,13.122531,52.0,822.394,-4663.956
PF04/0031/E724,AQ,42.338724,13.115862,50.0,1115.669,-5207.167
PF01/0032/E724,AQ,42.332719,13.123288,7.0,435.31,-4610.13
PF02/0032/E724,AQ,42.330381,13.128331,70.0,166.509,-4200.389
PF04/0032/E724,AQ,42.329912,13.124712,70.0,121.023,-4499.702
PF05/0032/E724,AQ,42.332045,13.126501,70.0,354.639,-4347.054
PF06/0032/E724,AQ,42.329865,13.131449,52.0,103.563,-3944.735
PF07/0032/E724,AQ,42.33121,13.129428,70.0,256.605,-4107.972
PF08/0032/E724,AQ,42.327789,13.128151,70.0,-120.927,-4221.521
PF01/0033/E724,AQ,42.331282,13.146315,8.0,234.16,-2716.39
PF02/0033/E724,AQ,42.331866,13.135623,70.0,318.218,-3595.919
PF01/0034/E724,AQ,42.345785,13.13791,7.0,1859.72,-3373.67
PF01/0035/E724,AQ,42.324373,13.07633,12.0,-404.981,-8499.991
PF03/0036/E724,AQ,42.313457,13.094872,70.0,-1651.553,-6999.222
PF04/0036/E724,AQ,42.319936,13.085139,12.0,-914.082,-7785.178
PF05/0036/E724,AQ,42.328262,13.078583,70.0,22.584,-8304.577
PF06/0036/E724,AQ,42.315606,13.086777,12.0,-1397.894,-7661.053
PF01/0038/E724,AQ,42.310183,13.127462,7.0,-2074.73,-4321.29
PF02/0038/E724,AQ,42.319382,13.100456,6.0,-1003.86,-6524.39
PF01/0040/E724,AQ,42.311428,13.149616,8.0,-1976.47,-2492.38
PF03/0040/E724,AQ,42.305895,13.152385,70.0,-2595.852,-2277.559
PF04/0040/E724,AQ,42.311513,13.146293,50.0,-1961.021,-2766.087
PF05/0040/E724,AQ,42.309806,13.148383,50.0,-2154.342,-2597.961
PF06/0040/E724,AQ,42.309145,13.144976,50.0,-2221.583,-2880.36
PF07/0040/E724,AQ,42.311562,13.150312,50.0,-1962.811,-2434.709
PF10/0040/E724,AQ,42.306888,13.146029,12.0,-2474.183,-2799.003
PF11/0040/E724,AQ,42.30912,13.154004,12.0,-2240.573,-2136.294
PF01/0042/E724,AQ,42.315794,13.173207,6.0,-1533.71,-537.68
PF02/0042/E724,AQ,42.32431,13.153908,8.0,-553.67,-2107.64
PF03/0042/E724,AQ,42.3099,13.159119,50.0,-2163.128,-1712.833
PF04/0042/E724,AQ,42.308047,13.15636,50.0,-2363.942,-1944.693
PF05/0042/E724,AQ,42.307959,13.156557,50.0,-2374.034,-1928.638
PF06/0042/E724,AQ,42.309909,13.159132,52.0,-2162.156,-1711.751
PF08/0042/E724,AQ,42.313922,13.150835,12.0,-1701.68,-2385.871
PF01/0043/E724,AQ,42.312425,13.084714,8.0,-1747.32,-7839.04
PF02/0043/E724,AQ,42.294574,13.075196,8.0,-3711.84,-8668.34
PF02/0044/E724,AQ,42.311239,13.094001,12.0,-1896.243,-7076.599
PF01/0045/E724,AQ,42.301772,13.105827,6.0,-2969.2,-6125.29
PF01/0046/E724,AQ,42.310607,13.10762,70.0,-1991.503,-5955.668
PF02/0046/E724,AQ,42.306043,13.127927,12.0,-2535.31,-4293.139
PF03/0046/E724,AQ,42.306769,13.131072,12.0,-2460.376,-4032.121
PF04/0046/E724,AQ,42.308529,13.112254,70.0,-2230.749,-5578.881
PF05/0046/E724,AQ,42.311013,13.102195,70.0,-1936.386,-6401.744
PF01/0047/E724,AQ,42.299048,13.160183,8.0,-3370.09,-1651.22
PF02/0047/E724,AQ,42.301496,13.151192,70.0,-3082.11,-2386.457
PF03/0047/E724,AQ,42.301596,13.15714,70.0,-3081.697,-1895.893
PF04/0047/E724,AQ,42.298705,13.153576,70.0,-3396.299,-2196.649
PF05/0047/E724,AQ,42.29788,13.140975,50.0,-3465.309,-3237.433
PF10/0047/E724,AQ,42.299575,13.143523,70.0,-3281.719,-3023.287
PF11/0047/E724,AQ,42.305356,13.153228,12.0,-2657.213,-2209.336
PF12/0047/E724,AQ,42.302977,13.137666,12.0,-2893.336,-3497.824
PF01/0048/E724,AQ,42.305465,13.159033,50.0,-2655.467,-1730.566
PF02/0048/E724,AQ,42.307327,13.161577,52.0,-2453.235,-1516.461
PF03/0048/E724,AQ,42.294221,13.180768,52.0,-3942.493,34.205
PF04/0048/E724,AQ,42.304768,13.16647,52.0,-2746.055,-1119.268
PF05/0048/E724,AQ,42.30177,13.173895,52.0,-3092.167,-514.361
PF06/0048/E724,AQ,42.305114,13.169802,52.0,-2713.536,-843.766
PF07/0048/E724,AQ,42.298275,13.176664,52.0,-3485.088,-294.48
PF08/0048/E724,AQ,42.301604,13.176669,52.0,-3115.463,-286.135
PF09/0048/E724,AQ,42.29967,13.180609,52.0,-3337.215,34.065
PF10/0048/E724,AQ,42.297067,13.180876,52.0,-3626.715,49.898
PF11/0048/E724,AQ,42.295282,13.183998,52.0,-3830.383,303.012
PF12/0048/E724,AQ,42.292958,13.183213,52.0,-4087.067,232.847
PF01/0049/E724,AQ,42.298649,13.185998,8.0,-3460.07,475.88
PF02/0049/E724,AQ,42.307169,13.165713,52.0,-2478.136,-1175.906
PF01/0050/E724,AQ,42.279608,13.069613,6.0,-5363.32,-9166.24
PF01/0053/E724,AQ,42.28241,13.10035,7.0,-5109.18,-6624.76
PF01/0054/E724,AQ,42.294926,13.135181,8.0,-3782.92,-3722.3
PF02/0054/E724,AQ,42.287449,13.119029,6.0,-4583.88,-5072.2
PF04/0054/E724,AQ,42.302416,13.118667,12.0,-2921.207,-5065.309
PF01/0056/E724,AQ,42.285212,13.158321,8.0,-4903.08,-1837.93
PF02/0056/E724,AQ,42.270042,13.17418,6.0,-6615.75,-566.43
PF03/0056/E724,AQ,42.283026,13.157441,54.0,-5144.246,-1915.732
PF04/0056/E724,AQ,42.284241,13.155238,54.0,-5005.37,-2094.503
PF05/0056/E724,AQ,42.281317,13.154938,50.0,-5329.549,-2126.274
PF06/0056/E724,AQ,42.283378,13.155635,50.0,-5101.997,-2063.829
PF07/0056/E724,AQ,42.280603,13.15374,50.0,-5406.719,-2226.762
PF08/0056/E724,AQ,42.281173,13.158439,50.0,-5351.817,-1837.881
PF01/0057/E724,AQ,42.264746,13.095024,8.0,-7060.77,-7107.81
PF01/0058/E724,AQ,42.26561,13.117087,8.0,-7005.4,-5285.91
PF02/0058/E724,AQ,42.275909,13.131648,6.0,-5888.2,-4059.86
PF03/0058/E724,AQ,42.252595,13.118482,8.0,-8453.1,-5202.82
PF04/0058/E724,AQ,42.251547,13.129866,50.0,-8590.124,-4266.26
PF05/0058/E724,AQ,42.253032,13.132086,50.0,-8429.328,-4079.5
PF01/0059/E724,AQ,42.254402,13.135723,8.0,-8283.77,-3776.15
PF02/0059/E724,AQ,42.264772,13.154773,8.0,-7166.51,-2179.7
PF01/0001/E811,AQ,42.25102,13.101628,8.0,-8597.11,-6597.11
PF02/0001/E811,AQ,42.232852,13.114124,8.0,-10637.48,-5610.82
PF03/0001/E811,AQ,42.230926,13.094848,8.0,-10815.95,-7206.33
PF04/0001/E811,AQ,42.248466,13.080935,8.0,-8842.48,-8310.6
PF01/0003/E811,AQ,42.233481,13.072282,8.0,-10490.36,-9062.14
PF01/0005/E811,AQ,42.216536,13.092831,8.0,-12410.14,-7408.53
PF01/0006/E811,AQ,42.219525,13.120878,2.0,-12129.6,-5086.14
PF01/0008/E811,AQ,42.216991,13.072652,6.0,-12322.15,-9072.98
PF02/0008/E811,AQ,42.208566,13.073238,50.0,-13258.756,-9045.777
PF01/0009/E811,AQ,42.209038,13.077586,8.0,-13214.43,-8685.7
PF02/0009/E811,AQ,42.21351,13.082677,70.0,-12727.342,-8254.186
PF01/0010/E811,AQ,42.207713,13.08002,70.0,-13366.11,-8488.056
PF01/0013/E811,AQ,42.198808,13.068613,8.0,-14333.58,-9452.18
PF01/0014/E811,AQ,42.194094,13.072191,54.0,-14863.78,-9168.574
PF02/0014/E811,AQ,42.195925,13.080099,54.0,-14675.127,-8511.007
PF01/0015/E811,AQ,42.197155,13.082524,52.0,-14543.071,-8307.688
PF02/0015/E811,AQ,42.198583,13.088982,12.0,-14396.45,-7770.94
PF03/0015/E811,AQ,42.200482,13.081746,12.0,-14172.2,-8363.65
PF01/0016/E811,AQ,42.205099,13.099153,8.0,-13691.72,-6915.05
PF01/0017/E811,AQ,42.201476,13.108794,12.0,-14111.7,-6128.0
PF01/0018/E811,AQ,42.193523,12.984056,3.0,-14758.84,-16447.56
PF01/0020/E811,AQ,42.199227,13.001843,12.0,-14160.066,-14963.937
PF01/0021/E811,AQ,42.183852,13.001688,8.0,-15867.0,-15016.77
PF02/0021/E811,AQ,42.190037,13.006812,12.0,-15190.154,-14577.593
PF01/0022/E811,AQ,42.199465,13.009637,54.0,-14148.605,-14319.834
PF02/0022/E811,AQ,42.202297,13.008404,54.0,-13831.765,-14414.303
PF03/0022/E811,AQ,42.202242,13.00558,54.0,-13832.472,-14647.553
PF04/0022/E811,AQ,42.201908,13.001718,12.0,-13862.038,-14967.332
PF05/0022/E811,AQ,42.198439,13.005882,12.0,-14255.311,-14632.558
PF01/0024/E811,AQ,42.204555,13.017602,9.0,-13598.784,-13649.066
PF04/0024/E811,AQ,42.20387,13.023979,9.0,-13687.045,-13124.317
PF06/0024/E811,AQ,42.208816,13.017009,52.0,-13124.468,-13687.033
PF01/0025/E811,AQ,42.201465,13.022837,9.0,-13951.9,-13224.83
PF02/0025/E811,AQ,42.200527,13.027928,50.0,-14065.87,-12806.917
PF03/0025/E811,AQ,42.196647,13.014125,52.0,-14470.193,-13956.548
PF04/0025/E811,AQ,42.199098,13.017126,50.0,-14203.825,-13702.438
PF06/0025/E811,AQ,42.198801,13.020579,50.0,-14243.4,-13418.096
PF07/0025/E811,AQ,42.198068,13.024159,50.0,-14331.626,-13124.44
PF11/0025/E811,AQ,42.196878,13.016956,50.0,-14449.97,-13722.235
PF01/0026/E811,AQ,42.195405,13.007229,70.0,-14594.824,-14529.215
PF02/0026/E811,AQ,42.195594,13.00895,70.0,-14577.197,-14386.576
PF04/0026/E811,AQ,42.194786,13.012651,54.0,-14674.014,-14083.087
PF06/0026/E811,AQ,42.194272,13.008268,70.0,-14722.693,-14446.337
PF07/0026/E811,AQ,42.19242,13.0063,54.0,-14924.484,-14613.685
PF09/0026/E811,AQ,42.193366,13.013422,52.0,-14833.192,-14023.095
PF14/0026/E811,AQ,42.19522,13.010908,8.0,-14622.48,-14225.89
PF15/0026/E811,AQ,42.192465,13.01082,54.0,-14928.219,-14240.29
PF04/0029/E811,AQ,42.191335,13.033725,12.0,-15097.576,-12351.824
PF05/0029/E811,AQ,42.188404,13.032841,12.0,-15421.338,-12432.355
PF01/0030/E811,AQ,42.193521,13.039024,8.0,-14864.94,-11908.7
PF03/0030/E811,AQ,42.19406,13.032353,50.0,-14792.325,-12458.15
PF04/0030/E811,AQ,42.196935,13.030966,52.0,-14470.511,-12565.332
PF05/0030/E811,AQ,42.197161,13.027312,50.0,-14438.442,-12866.455
PF06/0030/E811,AQ,42.195488,13.036325,52.0,-14641.376,-12126.48
PF01/0031/E811,AQ,42.195614,13.040199,52.0,-14634.793,-11806.292
PF02/0031/E811,AQ,42.198428,13.036288,52.0,-14314.783,-12122.048
PF01/0032/E811,AQ,42.184844,13.048714,50.0,-15846.779,-11130.58
PF02/0032/E811,AQ,42.186662,13.044588,50.0,-15637.138,-11466.743
PF03/0032/E811,AQ,42.185582,13.047474,12.0,-15762.52,-11231.11
PF01/0033/E811,AQ,42.1832,13.042697,50.0,-16017.901,-11631.699
PF02/0033/E811,AQ,42.187158,13.03984,50.0,-15572.978,-11857.53
PF01/0035/E811,AQ,42.188196,13.060143,8.0,-15496.06,-10178.26
PF01/0036/E811,AQ,42.183379,13.051654,50.0,-16014.951,-10891.524
PF02/0036/E811,AQ,42.180251,13.057359,50.0,-16373.063,-10428.271
PF03/0036/E811,AQ,42.178228,13.069525,50.0,-16620.484,-9428.581
PF04/0036/E811,AQ,42.181341,13.054212,12.0,-16246.16,-10685.4
PF01/0037/E811,AQ,42.192126,13.071977,70.0,-15081.858,-9191.146
PF02/0037/E811,AQ,42.189518,13.069442,70.0,-15366.763,-9407.04
PF02/0038/E811,AQ,42.192333,13.075569,54.0,-15065.573,-8894.064
PF03/0038/E811,AQ,42.192725,13.078947,70.0,-15028.394,-8614.155
PF05/0038/E811,AQ,42.189582,13.076843,70.0,-15373.48,-8795.758
PF10/0038/E811,AQ,42.188553,13.07973,8.0,-15493.03,-8559.93
PF01/0039/E811,AQ,42.190108,13.082497,70.0,-15325.538,-8327.491
PF02/0039/E811,AQ,42.193874,13.081389,70.0,-14905.336,-8409.654
PF03/0039/E811,AQ,42.191332,13.084618,70.0,-15193.586,-8149.352
PF04/0039/E811,AQ,42.194949,13.085014,70.0,-14792.641,-8107.641
PF05/0039/E811,AQ,42.191235,13.092834,52.0,-15219.536,-7471.163
PF01/0040/E811,AQ,42.19305,13.10212,7.0,-15035.11,-6699.86
PF02/0041/E811,AQ,42.18613,13.089158,54.0,-15779.579,-7787.41
PF03/0041/E811,AQ,42.189887,13.088906,54.0,-15361.979,-7798.827
PF04/0041/E811,AQ,42.186339,13.084672,70.0,-15748.093,-8157.349
PF05/0041/E811,AQ,42.186196,13.08097,70.0,-15757.1,-8463.387
PF06/0041/E811,AQ,42.186614,13.093922,54.0,-15734.675,-7392.78
PF04/0044/E811,AQ,42.181323,13.048627,50.0,-16237.613,-11146.77
PF05/0044/E811,AQ,42.177175,13.063702,50.0,-16726.562,-9912.203
PF06/0044/E811,AQ,42.178465,13.060511,50.0,-16577.29,-10172.489
PF07/0044/E811,AQ,42.178502,13.052579,50.0,-16558.254,-10827.48
PF08/0044/E811,AQ,42.176901,13.055835,50.0,-16742.17,-10562.606
PF09/0044/E811,AQ,42.175251,13.060046,50.0,-16933.381,-10218.974
PF10/0044/E811,AQ,42.173726,13.064701,50.0,-17111.387,-9838.344
PF03/0046/E811,AQ,42.175837,13.066614,50.0,-16880.608,-9675.023
PF04/0046/E811,AQ,42.174742,13.072044,50.0,-17012.352,-9229.237
PF05/0046/E811,AQ,42.170211,13.068801,50.0,-17509.36,-9508.56
PF06/0046/E811,AQ,42.171426,13.07186,50.0,-17380.15,-9252.813
PF03/0048/E811,AQ,42.176072,13.090727,50.0,-16899.345,-7682.83
PF04/0048/E811,AQ,42.17327,13.088381,50.0,-17206.159,-7883.587
PF06/0048/E811,AQ,42.183761,13.085036,70.0,-16035.084,-8133.682
PF07/0048/E811,AQ,42.17987,13.088063,70.0,-16472.751,-7893.373
PF08/0048/E811,AQ,42.178814,13.090689,50.0,-16594.804,-7679.11
PF01/0049/E811,AQ,42.169061,13.089181,56.0,-17674.957,-7827.97
PF02/0049/E811,AQ,42.168636,13.099174,56.0,-17740.648,-7003.535
PF03/0049/E811,AQ,42.167809,13.096786,50.0,-17828.047,-7202.835
PF04/0049/E811,AQ,42.167391,13.094186,56.0,-17869.743,-7418.631
PF06/0049/E811,AQ,42.171525,13.091387,50.0,-17405.436,-7639.603
PF07/0049/E811,AQ,42.170484,13.094875,50.0,-17527.475,-7354.102
PF08/0049/E811,AQ,42.175535,13.094169,12.0,-16965.3,-7399.85
PF01/0050/E811,AQ,42.178326,13.094179,8.0,-16655.44,-7392.13
PF02/0051/E811,AQ,42.167945,13.105528,70.0,-17829.021,-6480.342
PF03/0051/E811,AQ,42.169788,13.101988,54.0,-17617.91,-6768.227
PF04/0051/E811,AQ,42.170413,13.105589,54.0,-17555.099,-6469.202
PF05/0051/E811,AQ,42.174197,13.103517,54.0,-17131.116,-6631.024
PF07/0051/E811,AQ,42.173201,13.09764,54.0,-17230.926,-7118.93
PF08/0051/E811,AQ,42.166075,13.106811,10.0,-18039.0,-6379.0
PF01/0052/E811,AQ,42.168492,13.121962,9.0,-17798.28,-5121.48
PF02/0052/E811,AQ,42.168711,13.111406,70.0,-17754.755,-5992.941
PF03/0052/E811,AQ,42.167403,13.113108,70.0,-17903.092,-5855.588
PF04/0052/E811,AQ,42.168864,13.115724,70.0,-17745.634,-5635.903
PF06/0052/E811,AQ,42.167621,13.118433,70.0,-17888.612,-5415.164
PF07/0052/E811,AQ,42.170793,13.117971,54.0,-17535.592,-5445.555
PF08/0052/E811,AQ,42.171589,13.114437,70.0,-17440.761,-5735.517
PF09/0052/E811,AQ,42.173965,13.115777,12.0,-17179.3,-5619.0
PF01/0053/E811,AQ,42.166752,13.053768,8.0,-17865.25,-10759.09
PF02/0053/E811,AQ,42.170971,13.065351,50.0,-17418.596,-9791.577
PF01/0054/E811,AQ,42.159181,13.066189,8.0,-18729.23,-9752.06
PF01/0055/E811,AQ,42.165328,13.081812,52.0,-18075.889,-8445.956
PF02/0055/E811,AQ,42.161163,13.087028,52.0,-18547.965,-8025.477
PF03/0055/E811,AQ,42.159987,13.080471,50.0,-18666.468,-8570.109
PF04/0055/E811,AQ,42.1693,13.080235,70.0,-17631.922,-8566.328
PF01/0056/E811,AQ,42.168276,13.08536,70.0,-17755.068,-8145.548
PF03/0056/E811,AQ,42.16367,13.09649,56.0,-18287.115,-7237.518
PF04/0056/E811,AQ,42.164838,13.092652,70.0,-18150.322,-7551.719
PF05/0056/E811,AQ,42.166608,13.087895,12.0,-17945.05,-7940.3
PF01/0057/E811,AQ,42.163171,13.100262,70.0,-18349.471,-6927.133
PF02/0057/E811,AQ,42.165841,13.097603,56.0,-18048.154,-7140.24
PF03/0057/E811,AQ,42.164724,13.100341,70.0,-18177.229,-6916.814
PF04/0057/E811,AQ,42.161141,13.100562,70.0,-18575.388,-6907.422
PF01/0058/E811,AQ,42.166586,13.101001,6.0,-17971.58,-6857.69
PF02/0058/E811,AQ,42.168559,13.103616,70.0,-17757.359,-6636.768
PF01/0059/E811,AQ,42.165035,13.108144,70.0,-18156.987,-6271.451
PF02/0059/E811,AQ,42.163517,13.106837,52.0,-18323.132,-6383.111
PF03/0059/E811,AQ,42.166172,13.103989,70.0,-18023.091,-6611.874
PF04/0059/E811,AQ,42.165082,13.105301,56.0,-18146.552,-6506.193
PF01/0060/E811,AQ,42.161306,13.091072,8.0,-18539.63,-7691.01
PF04/0060/E811,AQ,42.151013,13.092827,70.0,-19685.853,-7571.537
PF01/0061/E811,AQ,42.156992,13.106516,8.0,-19047.08,-6425.74
PF02/0061/E811,AQ,42.156605,13.101404,70.0,-19080.721,-6849.017
PF03/0061/E811,AQ,42.15395,13.10361,70.0,-19379.521,-6673.352
PF04/0061/E811,AQ,42.147367,13.103623,54.0,-20110.581,-6688.488
PF05/0061/E811,AQ,42.150272,13.105672,70.0,-19791.758,-6512.07
PF08/0061/E811,AQ,42.149165,13.101585,70.0,-19907.124,-6852.468
PF09/0061/E811,AQ,42.155519,13.097739,70.0,-19194.555,-7154.537
PF10/0061/E811,AQ,42.146814,13.098865,50.0,-20163.204,-7083.062
PF11/0061/E811,AQ,42.146509,13.108587,56.0,-20214.873,-6280.403
PF13/0061/E811,AQ,42.152958,13.100585,70.0,-19484.143,-6925.752
PF01/0062/E811,AQ,42.161367,13.096503,70.0,-18542.851,-7242.198
PF02/0062/E811,AQ,42.159249,13.098788,70.0,-18782.313,-7058.65
PF03/0062/E811,AQ,42.158832,13.093891,52.0,-18819.49,-7464.296
PF04/0062/E811,AQ,42.161047,13.106124,70.0,-18596.079,-6448.102
PF05/0062/E811,AQ,42.16011,13.106569,56.0,-18700.955,-6413.721
PF06/0062/E811,AQ,42.162892,13.104165,70.0,-18387.598,-6605.461
PF07/0062/E811,AQ,42.158263,13.10422,56.0,-18901.69,-6612.292
PF09/0062/E811,AQ,42.158868,13.092896,12.0,-18813.75,-7546.4
PF10/0062/E811,AQ,42.158868,13.092896,12.0,-18813.75,-7546.4
PF03/0063/E811,AQ,42.152897,13.120147,56.0,-19526.666,-5309.565
PF04/0063/E811,AQ,42.153902,13.116297,54.0,-19408.026,-5625.24
PF05/0063/E811,AQ,42.15619,13.115068,56.0,-19151.744,-5721.153
PF07/0063/E811,AQ,42.161501,13.109673,70.0,-18552.228,-6153.808
PF08/0063/E811,AQ,42.159271,13.109631,56.0,-18799.755,-6162.791
PF10/0063/E811,AQ,42.157203,13.110408,70.0,-19030.803,-6103.672
PF11/0063/E811,AQ,42.153828,13.112351,9.0,-19409.11,-5951.461
PF12/0063/E811,AQ,42.154306,13.109051,56.0,-19350.012,-6222.9
PF13/0063/E811,AQ,42.155172,13.118802,56.0,-19271.593,-5415.106
PF15/0063/E811,AQ,42.151712,13.110484,70.0,-19640.64,-6110.923
PF17/0063/E811,AQ,42.157265,13.118131,56.0,-19037.999,-5465.464
PF01/0064/E811,AQ,42.166247,13.109608,70.0,-18025.045,-6147.519
PF03/0064/E811,AQ,42.165925,13.115655,50.0,-18071.873,-5648.768
PF06/0064/E811,AQ,42.162816,13.113473,56.0,-18413.158,-5836.629
PF13/0064/E811,AQ,42.162968,13.109697,56.0,-18389.355,-6148.263
PF14/0064/E811,AQ,42.163094,13.116992,50.0,-18388.7,-5545.247
PF15/0064/E811,AQ,42.165736,13.120571,56.0,-18101.811,-5243.113
PF18/0064/E811,AQ,42.164663,13.112693,50.0,-18206.587,-5896.591
PF19/0064/E811,AQ,42.166433,13.120287,12.0,-18023.9,-5264.9
PF01/0065/E811,AQ,42.158613,13.124492,9.0,-18899.89,-4936.63
PF03/0065/E811,AQ,42.151223,13.12338,54.0,-19718.417,-5046.566
PF04/0065/E811,AQ,42.160532,13.120719,52.0,-18679.985,-5243.647
PF05/0065/E811,AQ,42.149089,13.125303,54.0,-19958.913,-4892.882
PF06/0065/E811,AQ,42.152315,13.126368,50.0,-19602.629,-4796.967
PF01/0066/E811,AQ,42.151624,13.114341,8.0,-19657.48,-5792.41
PF02/0066/E811,AQ,42.148373,13.118174,54.0,-20025.423,-5483.699
PF03/0066/E811,AQ,42.151295,13.116766,54.0,-19698.371,-5592.837
PF04/0066/E811,AQ,42.148559,13.109203,56.0,-19988.418,-6224.502
PF05/0066/E811,AQ,42.146425,13.113356,56.0,-20232.941,-5886.551
PF01/0001/F022,AQ,42.232161,13.137837,8.0,-10757.18,-3655.73
PF01/0002/F022,AQ,42.220932,13.178509,8.0,-12076.64,-326.09
PF02/0002/F022,AQ,42.230465,13.190625,12.0,-11039.45,696.45
PF03/0002/F022,AQ,42.232074,13.181748,12.0,-10845.1,-32.3
PF04/0002/F022,AQ,42.234885,13.18527,12.0,-10539.25,265.0
PF01/0004/F022,AQ,42.219547,13.15983,8.0,-12197.32,-1871.06
PF02/0004/F022,AQ,42.219996,13.138754,8.0,-12109.67,-3609.57
PF03/0004/F022,AQ,42.207982,13.151237,8.0,-13466.12,-2608.14
PF04/0004/F022,AQ,42.20254,13.142508,8.0,-14054.74,-3341.91
PF01/0005/F022,AQ,42.207042,13.173431,8.0,-13610.09,-778.22
PF02/0005/F022,AQ,42.197143,13.162579,8.0,-14689.93,-1697.78
PF01/0006/F022,AQ,42.201376,13.188745,8.0,-14266.19,472.67
PF01/0007/F022,AQ,42.198039,13.208615,6.0,-14671.36,2105.39
PF01/0008/F022,AQ,42.200542,13.113336,12.0,-14223.7,-5755.3
PF02/0008/F022,AQ,42.197545,13.112188,12.0,-14554.4,-5857.45
PF01/0009/F022,AQ,42.198797,13.123807,8.0,-14436.58,-4895.08
PF01/0012/F022,AQ,42.196346,13.16974,50.0,-14791.157,-1108.421
PF02/0012/F022,AQ,42.194259,13.16614,50.0,-15016.577,-1410.679
PF01/0013/F022,AQ,42.18918,13.182678,54.0,-15609.764,-57.141
PF02/0013/F022,AQ,42.1885,13.186214,54.0,-15691.471,233.255
PF04/0013/F022,AQ,42.191344,13.172687,70.0,-15351.789,-876.974
PF05/0013/F022,AQ,42.193644,13.172166,50.0,-15095.506,-914.569
PF06/0013/F022,AQ,42.191836,13.177261,70.0,-15305.336,-498.169
PF07/0013/F022,AQ,42.192688,13.185075,50.0,-15224.424,149.129
PF10/0013/F022,AQ,42.193543,13.175331,70.0,-15112.368,-653.448
PF11/0013/F022,AQ,42.193748,13.179934,70.0,-15097.688,-272.91
PF01/0014/F022,AQ,42.191535,13.201446,50.0,-15381.068,1498.233
PF02/0014/F022,AQ,42.19085,13.198121,50.0,-15451.432,1222.071
PF03/0014/F022,AQ,42.188981,13.197716,50.0,-15658.188,1184.204
PF01/0015/F022,AQ,42.184162,13.216586,8.0,-16226.03,2731.27
PF02/0015/F022,AQ,42.182641,13.21214,54.0,-16387.302,2360.532
PF03/0015/F022,AQ,42.18223,13.205362,54.0,-16421.124,1799.796
PF04/0015/F022,AQ,42.186429,13.213612,54.0,-15969.252,2490.928
PF01/0016/F022,AQ,42.190396,13.116195,50.0,-15355.625,-5544.148
PF01/0017/F022,AQ,42.18753,13.12686,70.0,-15693.24,-4670.498
PF02/0017/F022,AQ,42.185336,13.120527,52.0,-15925.388,-5198.832
PF03/0017/F022,AQ,42.190778,13.119063,50.0,-15318.354,-5306.422
PF04/0017/F022,AQ,42.188932,13.121875,50.0,-15528.483,-5078.68
PF05/0017/F022,AQ,42.190131,13.125501,50.0,-15401.905,-4776.326
PF06/0017/F022,AQ,42.184919,13.124355,54.0,-15978.622,-4883.667
PF01/0018/F022,AQ,42.189049,13.134164,56.0,-15537.797,-4063.572
PF02/0018/F022,AQ,42.191336,13.129753,70.0,-15275.903,-4422.318
PF01/0019/F022,AQ,42.191672,13.143579,7.0,-15263.53,-3279.82
PF02/0019/F022,AQ,42.185821,13.13762,54.0,-15902.433,-3786.067
PF01/0020/F022,AQ,42.1865,13.160576,50.0,-15868.231,-1888.686
PF02/0020/F022,AQ,42.183001,13.162872,50.0,-16260.859,-1707.424
PF03/0020/F022,AQ,42.186131,13.16349,50.0,-15914.346,-1648.938
PF01/0021/F022,AQ,42.186789,13.179084,56.0,-15868.975,-359.545
PF02/0021/F022,AQ,42.321143,12.989917,12.0,-599.0,-15629.05
PF02/0022/F022,AQ,42.185859,13.191404,56.0,-15993.791,655.616
PF03/0022/F022,AQ,42.187676,13.186877,56.0,-15784.122,286.111
PF04/0022/F022,AQ,42.183726,13.199571,52.0,-16244.946,1325.098
PF05/0022/F022,AQ,42.189457,13.190764,54.0,-15593.238,611.243
PF01/0023/F022,AQ,42.183195,13.114221,52.0,-16151.557,-5724.868
PF02/0023/F022,AQ,42.186906,13.113287,50.0,-15737.849,-5792.874
PF01/0024/F022,AQ,42.183672,13.127369,70.0,-16122.494,-4637.86
PF03/0024/F022,AQ,42.177315,13.118941,50.0,-16813.086,-5349.402
PF04/0024/F022,AQ,42.182651,13.123293,52.0,-16228.504,-4976.937
PF05/0024/F022,AQ,42.17474,13.120408,12.0,-17101.76,-5234.55
PF01/0025/F022,AQ,42.178207,13.133772,56.0,-16740.954,-4122.287
PF02/0025/F022,AQ,42.182281,13.13151,70.0,-16284.511,-4299.266
PF03/0025/F022,AQ,42.180259,13.130329,70.0,-16506.928,-4401.662
PF14/0025/F022,AQ,42.177929,13.123316,52.0,-16752.945,-4986.614
PF15/0025/F022,AQ,42.170937,13.123461,70.0,-17529.6,-4991.668
PF16/0025/F022,AQ,42.176606,13.128684,70.0,-16909.515,-4546.486
PF17/0025/F022,AQ,42.178951,13.126295,56.0,-16644.871,-4738.065
PF18/0025/F022,AQ,42.17315,13.130169,50.0,-17296.034,-4432.217
PF19/0025/F022,AQ,42.171025,13.126625,12.0,-17525.5,-4730.1
PF20/0025/F022,AQ,42.17435,13.132976,12.0,-17167.859,-4197.451
PF01/0026/F022,AQ,42.172545,13.13948,70.0,-17380.001,-3664.629
PF04/0026/F022,AQ,42.176491,13.136091,70.0,-16935.658,-3934.983
PF05/0026/F022,AQ,42.181941,13.134998,70.0,-16328.514,-4011.975
PF06/0026/F022,AQ,42.185422,13.133605,70.0,-15939.532,-4118.613
PF08/0026/F022,AQ,42.181317,13.139004,70.0,-16405.109,-3682.645
PF09/0026/F022,AQ,42.18498,13.130477,8.0,-15982.94,-4377.95
PF11/0026/F022,AQ,42.176991,13.139807,56.0,-16886.93,-3626.843
PF01/0027/F022,AQ,42.170234,13.1443,56.0,-17645.234,-3272.068
PF02/0027/F022,AQ,42.175178,13.141903,56.0,-17091.927,-3458.079
PF05/0028/F022,AQ,42.167789,13.151319,50.0,-17929.336,-2698.179
PF06/0028/F022,AQ,42.176776,13.147619,12.0,-16924.75,-2982.15
PF01/0029/F022,AQ,42.181009,13.157535,8.0,-16472.53,-2153.01
PF02/0029/F022,AQ,42.18042,13.169309,54.0,-16558.827,-1181.981
PF03/0029/F022,AQ,42.176659,13.170243,54.0,-16978.113,-1113.778
PF01/0030/F022,AQ,42.175893,13.178031,9.0,-17076.93,-472.41
PF02/0030/F022,AQ,42.182618,13.180683,70.0,-16334.891,-237.425
PF03/0030/F022,AQ,42.183973,13.178761,70.0,-16181.007,-392.956
PF04/0030/F022,AQ,42.181854,13.176661,56.0,-16412.614,-571.391
PF05/0030/F022,AQ,42.184032,13.175993,56.0,-16169.55,-621.372
PF06/0030/F022,AQ,42.178343,13.174498,54.0,-16798.672,-758.347
PF07/0030/F022,AQ,42.181451,13.173112,54.0,-16451.147,-865.441
PF03/0031/F022,AQ,42.185191,13.182408,70.0,-16052.188,-88.893
PF07/0031/F022,AQ,42.179546,13.189379,50.0,-16691.328,473.495
PF08/0031/F022,AQ,42.18334,13.18305,70.0,-16258.908,-40.235
PF10/0031/F022,AQ,42.181189,13.183803,56.0,-16499.11,16.855
PF12/0031/F022,AQ,42.175985,13.182289,54.0,-17074.209,-120.478
PF13/0031/F022,AQ,42.179918,13.180797,56.0,-16634.85,-234.408
PF14/0031/F022,AQ,42.176916,13.182015,54.0,-16970.371,-140.891
PF15/0031/F022,AQ,42.182938,13.186979,70.0,-16310.43,283.325
PF16/0031/F022,AQ,42.176553,13.192141,50.0,-17028.421,694.597
PF17/0031/F022,AQ,42.181287,13.191902,50.0,-16502.341,685.963
PF01/0032/F022,AQ,42.180778,13.202217,8.0,-16576.86,1536.68
PF02/0032/F022,AQ,42.181721,13.197111,52.0,-16463.258,1117.187
PF01/0033/F022,AQ,42.174104,13.225081,8.0,-17357.52,3409.6
PF02/0033/F022,AQ,42.179253,13.206156,54.0,-16753.069,1858.475
PF01/0034/F022,AQ,42.164869,13.130351,8.0,-18215.85,-4437.35
PF02/0034/F022,AQ,42.166746,13.124867,70.0,-17997.483,-4885.788
PF03/0034/F022,AQ,42.169003,13.129305,70.0,-17754.888,-4513.674
PF05/0034/F022,AQ,42.162524,13.129767,52.0,-18475.127,-4491.296
PF06/0034/F022,AQ,42.158467,13.127921,52.0,-18922.318,-4653.641
PF07/0034/F022,AQ,42.165035,13.125282,12.0,-18188.227,-4855.669
PF01/0035/F022,AQ,42.168674,13.138768,9.0,-17808.54,-3732.79
PF02/0035/F022,AQ,42.166873,13.141402,9.0,-18013.32,-3519.56
PF04/0035/F022,AQ,42.172158,13.135093,70.0,-17415.045,-4027.891
PF05/0035/F022,AQ,42.16802,13.144565,54.0,-17891.585,-3255.527
PF06/0035/F022,AQ,42.169002,13.147885,54.0,-17788.469,-2978.868
PF07/0035/F022,AQ,42.169936,13.133312,70.0,-17658.565,-4180.411
PF08/0035/F022,AQ,42.170092,13.141804,56.0,-17656.57,-3478.596
PF09/0035/F022,AQ,42.174871,13.135769,12.0,-17115.052,-3965.476
PF01/0036/F022,AQ,42.165232,13.165612,8.0,-18238.72,-1523.58
PF02/0036/F022,AQ,42.16754,13.164109,70.0,-17979.774,-1642.236
PF03/0036/F022,AQ,42.168821,13.166551,12.0,-17841.953,-1437.436
PF01/0037/F022,AQ,42.161619,13.167864,9.0,-18644.006,-1346.185
PF02/0037/F022,AQ,42.17196,13.174268,50.0,-17507.056,-792.521
PF03/0037/F022,AQ,42.168213,13.169868,9.0,-17915.35,-1164.9
PF04/0037/F022,AQ,42.172379,13.174785,8.0,-17461.44,-748.82
PF05/0037/F022,AQ,42.166534,13.167656,70.0,-18097.867,-1351.624
PF07/0037/F022,AQ,42.163265,13.17079,56.0,-18466.359,-1100.494
PF08/0037/F022,AQ,42.166073,13.170916,70.0,-18154.837,-1083.446
PF09/0037/F022,AQ,42.168025,13.173364,54.0,-17942.425,-876.54
PF02/0039/F022,AQ,42.171362,13.194024,50.0,-17608.153,837.899
PF03/0039/F022,AQ,42.173385,13.18893,50.0,-17374.606,421.946
PF01/0041/F022,AQ,42.163602,13.140294,9.0,-18374.46,-3619.03
PF02/0041/F022,AQ,42.160661,13.14293,70.0,-18705.819,-3408.354
PF03/0041/F022,AQ,42.156458,13.149791,50.0,-19184.79,-2851.694
PF04/0041/F022,AQ,42.158893,13.145648,54.0,-18907.035,-3188.086
PF06/0041/F022,AQ,42.165428,13.143306,54.0,-18177.176,-3365.769
PF07/0041/F022,AQ,42.158286,13.14056,54.0,-18965.213,-3609.919
PF09/0041/F022,AQ,42.164771,13.134296,70.0,-18233.848,-4111.707
PF10/0041/F022,AQ,42.15805,13.131059,70.0,-18974.338,-4395.437
PF11/0041/F022,AQ,42.162956,13.137346,70.0,-18440.868,-3864.123
PF01/0042/F022,AQ,42.16529,13.150761,9.0,-18205.86,-2750.29
PF02/0042/F022,AQ,42.165656,13.146205,9.0,-18157.07,-3125.71
PF03/0042/F022,AQ,42.166622,13.15736,9.0,-18069.73,-2201.9
PF04/0042/F022,AQ,42.166214,13.151,8.0,-18103.65,-2728.32
PF05/0042/F022,AQ,42.163981,13.160549,70.0,-18368.713,-1944.826
PF06/0042/F022,AQ,42.16188,13.151863,70.0,-18586.479,-2667.454
PF07/0042/F022,AQ,42.160545,13.156565,12.0,-18743.08,-2282.15
PF08/0042/F022,AQ,42.16595,13.154339,50.0,-18138.91,-2453.129
PF09/0042/F022,AQ,42.163618,13.148334,50.0,-18387.193,-2954.793
PF01/0043/F022,AQ,42.158087,13.16862,9.0,-19037.52,-1292.09
PF02/0043/F022,AQ,42.163366,13.163886,56.0,-18442.902,-1670.587
PF03/0043/F022,AQ,42.158406,13.155875,50.0,-18979.387,-2344.361
PF04/0043/F022,AQ,42.158659,13.162304,56.0,-18962.748,-1812.601
PF06/0043/F022,AQ,42.160305,13.160093,70.0,-18775.995,-1991.332
PF08/0043/F022,AQ,42.155914,13.158348,50.0,-19260.542,-2145.976
PF09/0043/F022,AQ,42.312163,12.953141,12.0,-1523.94,-18683.615
PF10/0043/F022,AQ,42.157955,13.165028,12.0,-19045.737,-1589.205
PF03/0044/F022,AQ,42.148244,13.172524,54.0,-20137.332,-993.015
PF01/0047/F022,AQ,42.152157,13.138551,52.0,-19642.155,-3790.754
PF02/0047/F022,AQ,42.15525,13.127332,52.0,-19278.445,-4710.155
PF02/0048/F022,AQ,42.152087,13.150753,70.0,-19671.901,-2782.725
PF03/0048/F022,AQ,42.153445,13.15377,70.0,-19526.529,-2530.156
PF04/0048/F022,AQ,42.154839,13.151143,70.0,-19367.033,-2743.847
PF05/0048/F022,AQ,42.155222,13.154373,70.0,-19330.213,-2476.023
PF06/0048/F022,AQ,42.157672,13.150973,70.0,-19052.095,-2751.064
PF01/0049/F022,AQ,42.14847,13.131255,8.0,-20038.46,-4402.5
PF02/0049/F022,AQ,42.150881,13.132599,56.0,-19773.136,-4285.593
PF03/0049/F022,AQ,42.148165,13.134083,56.0,-20077.391,-4169.592
PF06/0049/F022,AQ,42.151346,13.135625,52.0,-19726.919,-4034.433
PF07/0049/F022,AQ,42.152316,13.147672,70.0,-19640.957,-3036.758
PF04/0050/F022,AQ,42.149834,13.1518,70.0,-19923.903,-2701.584
PF05/0050/F022,AQ,42.147774,13.152607,70.0,-20154.093,-2639.914
PF01/0051/F022,AQ,42.153162,13.170126,9.0,-19587.08,-1179.41
PF02/0051/F022,AQ,42.149106,13.171944,54.0,-20040.62,-1038.879
PF03/0051/F022,AQ,42.146441,13.169511,54.0,-20332.216,-1246.217
PF04/0051/F022,AQ,42.148419,13.162377,56.0,-20099.877,-1831.006
PF05/0051/F022,AQ,42.148061,13.165587,54.0,-20145.408,-1566.668
PF06/0051/F022,AQ,42.150073,13.165875,56.0,-19922.514,-1538.059
PF07/0051/F022,AQ,42.147713,13.158439,70.0,-20171.297,-2158.116
PF08/0051/F022,AQ,42.151814,13.156545,70.0,-19712.609,-2304.805
PF09/0051/F022,AQ,42.155934,13.161986,56.0,-19264.768,-1845.323
PF10/0051/F022,AQ,42.155214,13.165387,56.0,-19350.78,-1566.076
PF11/0051/F022,AQ,42.1532,13.159505,50.0,-19563.965,-2056.885
PF01/0052/F022,AQ,42.145701,13.17479,54.0,-20423.71,-811.8
PF17/0056/F022,AQ,42.145748,13.174449,54.0,-20417.94,-839.855
PF01/0001/F595,AQ,42.650141,12.930027,8.0,36053.61,-19672.43
PF01/0002/F595,AQ,42.643265,12.947195,8.0,35255.61,-18283.64
PF02/0002/F595,AQ,42.641937,12.947265,52.0,35108.038,-18281.47
PF03/0002/F595,AQ,42.643955,12.945405,52.0,35335.817,-18428.537
PF04/0002/F595,AQ,42.644426,12.941041,52.0,35396.838,-18785.018
PF01/0003/F595,AQ,42.640229,12.989742,50.0,34834.637,-14803.486
PF02/0003/F595,AQ,42.642421,12.989892,50.0,35077.832,-14785.346
PF03/0003/F595,AQ,42.65024,12.980157,50.0,35965.13,-15562.699
PF04/0003/F595,AQ,42.641311,12.987459,50.0,34959.33,-14987.743
PF05/0003/F595,AQ,42.652272,12.981441,50.0,36188.252,-15452.085
PF06/0003/F595,AQ,42.643354,12.987677,50.0,35185.766,-14964.498
PF07/0003/F595,AQ,42.638747,12.987227,50.0,34674.996,-15013.554
PF01/0004/F595,AQ,42.638073,12.995008,8.0,34585.05,-14377.34
PF02/0004/F595,AQ,42.641259,12.993087,50.0,34942.49,-14526.506
PF01/0005/F595,AQ,42.652519,12.998249,8.0,36182.87,-14073.62
PF01/0008/F595,AQ,42.645604,12.921223,8.0,35567.49,-20406.53
PF02/0008/F595,AQ,42.642661,12.930256,50.0,35222.496,-19673.984
PF02/0009/F595,AQ,42.642103,12.942919,52.0,35135.087,-18637.289
PF03/0009/F595,AQ,42.638436,12.932479,52.0,34748.778,-19503.247
PF04/0009/F595,AQ,42.641263,12.939789,50.0,35048.091,-18896.18
PF05/0009/F595,AQ,42.638389,12.938461,70.0,34731.552,-19012.889
PF06/0009/F595,AQ,42.639668,12.94237,70.0,34865.837,-18688.876
PF01/0010/F595,AQ,42.65295,12.953491,8.0,36318.63,-17741.38
PF02/0010/F595,AQ,42.641052,12.950324,50.0,35003.7,-18033.028
PF03/0010/F595,AQ,42.647504,12.953908,50.0,35713.058,-17721.857
PF04/0010/F595,AQ,42.650308,12.95642,50.0,36019.422,-17508.36
PF02/0011/F595,AQ,42.642571,12.957617,52.0,35157.877,-17431.02
PF03/0011/F595,AQ,42.645168,12.956746,50.0,35448.009,-17495.485
PF04/0011/F595,AQ,42.647177,12.958729,50.0,35667.176,-17327.479
PF05/0011/F595,AQ,42.643562,12.962386,12.0,35258.451,-17037.405
PF06/0011/F595,AQ,42.642774,12.965591,12.0,35164.658,-16776.742
PF07/0011/F595,AQ,42.645789,12.960237,12.0,35510.027,-17207.617
PF08/0011/F595,AQ,42.639938,12.957162,12.0,34866.428,-17475.367
PF01/0012/F595,AQ,42.648406,12.977591,50.0,35766.452,-15777.943
PF04/0012/F595,AQ,42.650074,12.975178,50.0,35956.439,-15971.319
PF01/0013/F595,AQ,42.639073,12.972483,8.0,34740.08,-16221.52
PF02/0013/F595,AQ,42.638017,12.983567,50.0,34601.128,-15315.607
PF01/0017/F595,AQ,42.636542,12.929269,52.0,34544.936,-19771.534
PF02/0017/F595,AQ,42.635225,12.932708,52.0,34391.815,-19493.126
PF03/0017/F595,AQ,42.638449,12.928274,12.0,34758.68,-19847.98
PF01/0018/F595,AQ,42.629575,12.931959,6.0,33765.84,-19569.87
PF02/0018/F595,AQ,42.6307,12.934842,52.0,33884.998,-19330.487
PF01/0019/F595,AQ,42.632697,12.936534,52.0,34103.404,-19186.317
PF03/0019/F595,AQ,42.632642,12.941127,52.0,34088.041,-18809.805
PF04/0019/F595,AQ,42.634484,12.934665,52.0,34305.519,-19334.72
PF05/0019/F595,AQ,42.637257,12.943554,70.0,34595.719,-18598.337
PF06/0019/F595,AQ,42.634127,12.939504,50.0,34256.192,-18938.857
PF07/0019/F595,AQ,42.635004,12.944267,6.0,34344.096,-18546.005
PF08/0019/F595,AQ,42.635643,12.94111,52.0,34421.415,-18803.135
PF09/0019/F595,AQ,42.632911,12.946693,52.0,34106.903,-18352.723
PF10/0019/F595,AQ,42.628484,12.948489,50.0,33611.656,-18217.328
PF11/0019/F595,AQ,42.630658,12.93836,12.0,33873.3,-19042.074
PF01/0020/F595,AQ,42.638865,12.950174,12.0,34761.062,-18051.25
PF02/0020/F595,AQ,42.637503,12.947395,12.0,34615.443,-18282.746
PF01/0023/F595,AQ,42.628996,12.98739,50.0,33591.882,-15026.004
PF01/0024/F595,AQ,42.630874,12.992988,50.0,33789.532,-14562.009
PF02/0024/F595,AQ,42.63218,12.988897,70.0,33942.513,-14894.005
PF05/0024/F595,AQ,42.630715,12.98693,70.0,33783.609,-15059.195
PF01/0026/F595,AQ,42.635775,13.020397,8.0,34280.78,-12301.7
PF01/0027/F595,AQ,42.62418,12.913772,8.0,33203.37,-21076.03
PF01/0030/F595,AQ,42.628422,12.935242,50.0,33631.169,-19303.841
PF02/0031/F595,AQ,42.626922,12.95139,50.0,33432.437,-17983.631
PF03/0031/F595,AQ,42.62638,12.946363,50.0,33382.286,-18397.327
PF01/0032/F595,AQ,42.62808,12.950953,8.0,33561.88,-18016.38
PF02/0032/F595,AQ,42.617345,12.958764,50.0,32354.325,-17404.601
PF03/0032/F595,AQ,42.62192,12.957384,50.0,32865.07,-17505.502
PF04/0032/F595,AQ,42.621836,12.961419,50.0,32847.779,-17174.813
PF06/0032/F595,AQ,42.627397,12.952374,12.0,33483.212,-17901.657
PF07/0032/F595,AQ,42.629589,12.949649,52.0,33732.027,-18119.269
PF08/0032/F595,AQ,42.631469,12.951862,52.0,33936.473,-17932.731
PF01/0033/F595,AQ,42.611356,12.972995,8.0,31661.17,-16253.38
PF02/0033/F595,AQ,42.617284,12.967038,12.0,32331.17,-16726.16
PF01/0034/F595,AQ,42.623682,12.974334,8.0,33027.35,-16110.76
PF01/0035/F595,AQ,42.624298,12.993365,70.0,33058.47,-14548.428
PF02/0035/F595,AQ,42.613675,12.989024,52.0,31887.256,-14932.479
PF03/0035/F595,AQ,42.611516,12.984927,52.0,31655.569,-15274.191
PF04/0035/F595,AQ,42.6214,12.994313,12.0,32734.784,-14478.281
PF05/0036/F595,AQ,42.626495,12.993671,52.0,33301.902,-14517.537
PF07/0036/F595,AQ,42.623649,12.999422,50.0,32974.701,-14053.346
PF10/0036/F595,AQ,42.625889,12.990892,50.0,33240.031,-14747.024
PF11/0036/F595,AQ,42.628203,12.990841,50.0,33497.11,-14745.116
PF12/0036/F595,AQ,42.626892,12.995766,70.0,33341.904,-14344.695
PF13/0036/F595,AQ,42.623124,12.996135,70.0,32922.782,-14324.282
PF14/0036/F595,AQ,42.625901,12.999173,50.0,33225.28,-14067.838
PF19/0036/F595,AQ,42.628829,12.994036,52.0,33560.408,-14481.392
PF20/0036/F595,AQ,42.628052,12.990896,52.0,33480.136,-14740.971
PF22/0036/F595,AQ,42.62572,13.354325,12.0,32577.2,15056.4
PF01/0037/F595,AQ,42.631361,13.00932,8.0,33811.91,-13221.44
PF01/0039/F595,AQ,42.615382,12.90198,8.0,32250.27,-22067.4
PF01/0040/F595,AQ,42.609306,12.91669,8.0,31545.77,-20877.45
PF02/0040/F595,AQ,42.603017,12.920513,52.0,30839.61,-20581.048
PF03/0040/F595,AQ,42.611217,12.920604,12.0,31749.979,-20551.195
PF04/0040/F595,AQ,42.613382,12.918408,12.0,31994.886,-20725.405
PF01/0042/F595,AQ,42.613618,12.932864,8.0,31991.97,-19539.03
PF02/0042/F595,AQ,42.610922,12.947156,8.0,31664.02,-18374.01
PF03/0042/F595,AQ,42.60819,12.931642,12.0,31391.663,-19653.971
PF01/0043/F595,AQ,42.613738,12.952418,50.0,31966.288,-17934.781
PF01/0044/F595,AQ,42.619244,12.962059,8.0,32558.61,-17129.27
PF02/0044/F595,AQ,42.611917,12.954773,50.0,31759.399,-17746.57
PF03/0044/F595,AQ,42.613917,12.956842,50.0,31977.419,-17571.491
PF04/0044/F595,AQ,42.613613,12.956268,12.0,31944.851,-17619.336
PF01/0045/F595,AQ,42.606444,12.978558,70.0,31104.802,-15810.087
PF11/0045/F595,AQ,42.607688,12.981892,52.0,31236.341,-15533.27
PF20/0045/F595,AQ,42.609404,12.983744,70.0,31423.341,-15376.807
PF21/0045/F595,AQ,42.608466,12.9756,52.0,31335.105,-16047.341
PF22/0045/F595,AQ,42.604096,12.976987,52.0,30847.142,-15945.174
PF23/0045/F595,AQ,42.606248,12.979715,70.0,31080.755,-15715.721
PF02/0046/F595,AQ,42.610497,12.993857,70.0,31524.964,-14544.437
PF05/0046/F595,AQ,42.613135,12.994698,52.0,31816.308,-14468.481
PF06/0046/F595,AQ,42.617149,12.999264,50.0,32253.155,-14083.432
PF07/0046/F595,AQ,42.617713,13.002249,50.0,32310.012,-13837.105
PF08/0046/F595,AQ,42.612877,12.990841,70.0,31795.103,-14785.552
PF09/0046/F595,AQ,42.615077,12.995528,12.0,32030.267,-14395.309
PF10/0046/F595,AQ,42.609961,12.997521,70.0,31458.291,-14245.28
PF01/0047/F595,AQ,42.603473,12.886327,8.0,30959.72,-23384.29
PF01/0048/F595,AQ,42.599263,12.898971,8.0,30466.37,-22358.64
PF04/0049/F595,AQ,42.59868,12.91647,54.0,30366.117,-20924.58
PF06/0049/F595,AQ,42.597294,12.913106,54.0,30219.034,-21204.353
PF07/0049/F595,AQ,42.59345,12.91587,70.0,29786.634,-20988.059
PF08/0049/F595,AQ,42.603181,12.914825,12.0,30869.278,-21047.237
PF09/0049/F595,AQ,42.595876,12.917966,12.0,30051.768,-20809.478
PF01/0050/F595,AQ,42.597277,12.925558,8.0,30192.03,-20182.81
PF02/0050/F595,AQ,42.601258,12.926874,52.0,30631.418,-20063.996
PF03/0050/F595,AQ,42.602862,12.929132,54.0,30805.089,-19874.393
PF04/0050/F595,AQ,42.600947,12.929565,50.0,30591.557,-19844.03
PF05/0050/F595,AQ,42.60188,12.923232,52.0,30707.908,-20361.094
PF06/0050/F595,AQ,42.598654,12.921987,54.0,30352.151,-20471.993
PF07/0050/F595,AQ,42.59873,12.92805,54.0,30348.327,-19974.334
PF08/0050/F595,AQ,42.604548,12.925186,52.0,31000.182,-20193.527
PF01/0051/F595,AQ,42.602546,12.933785,50.0,30760.611,-19493.526
PF02/0051/F595,AQ,42.600693,12.936161,50.0,30550.114,-19303.583
PF03/0051/F595,AQ,42.600654,12.940108,52.0,30537.919,-18979.889
PF04/0051/F595,AQ,42.604311,12.936292,12.0,30951.571,-19283.041
PF02/0052/F595,AQ,42.605839,12.950045,50.0,31093.905,-18150.706
PF03/0052/F595,AQ,42.604036,12.953473,50.0,30886.885,-17874.362
PF01/0053/F595,AQ,42.602976,12.971791,52.0,30732.929,-16374.422
PF02/0053/F595,AQ,42.605861,12.971997,50.0,31052.864,-16349.833
PF04/0053/F595,AQ,42.602387,12.964174,54.0,30682.543,-17000.924
PF05/0053/F595,AQ,42.605626,12.956364,50.0,31057.681,-17632.874
PF01/0054/F595,AQ,42.599506,12.98307,8.0,30325.52,-15458.31
PF02/0054/F595,AQ,42.601904,12.974552,52.0,30608.494,-16150.738
PF03/0054/F595,AQ,42.604066,12.980094,70.0,30837.692,-15690.404
PF05/0054/F595,AQ,42.603096,12.977212,52.0,30735.57,-15929.396
PF06/0054/F595,AQ,42.601798,12.982138,54.0,30581.851,-15528.675
PF02/0055/F595,AQ,42.607448,12.989516,56.0,31194.832,-14908.53
PF03/0055/F595,AQ,42.605262,12.994657,52.0,30942.092,-14492.581
PF04/0055/F595,AQ,42.603077,12.990706,50.0,30707.066,-14822.478
PF05/0055/F595,AQ,42.605699,12.992399,50.0,30994.968,-14676.604
PF06/0055/F595,AQ,42.608238,12.990839,50.0,31280.007,-14797.886
PF07/0055/F595,AQ,42.610238,12.986396,70.0,31510.691,-15157.084
PF08/0055/F595,AQ,42.607812,12.986229,70.0,31241.663,-15177.157
PF09/0055/F595,AQ,42.604603,12.986606,52.0,30884.524,-15154.742
PF10/0055/F595,AQ,42.604091,12.986229,12.0,30828.459,-15187.04
PF11/0055/F595,AQ,42.602691,12.990483,12.0,30664.708,-14841.731
PF12/0055/F595,AQ,42.60737,12.997213,70.0,31171.18,-14277.342
PF01/0057/F595,AQ,42.583118,12.900999,8.0,28669.38,-22236.76
PF02/0057/F595,AQ,42.584755,12.89827,50.0,28856.753,-22456.156
PF03/0057/F595,AQ,42.582745,12.89423,50.0,28641.727,-22793.203
PF04/0057/F595,AQ,42.587092,12.902961,50.0,29106.669,-22064.784
PF06/0057/F595,AQ,42.58882,12.899553,50.0,29305.544,-22339.694
PF07/0057/F595,AQ,42.589935,12.903023,50.0,29422.276,-22051.861
PF01/0058/F595,AQ,42.593105,12.91234,50.0,29755.389,-21278.667
PF03/0058/F595,AQ,42.5913,12.911733,70.0,29556.206,-21333.433
PF04/0058/F595,AQ,42.591592,12.913316,70.0,29585.441,-21202.733
PF05/0058/F595,AQ,42.591327,12.908406,70.0,29565.927,-21606.356
PF06/0058/F595,AQ,42.594584,12.911095,12.0,29922.229,-21376.803
PF01/0059/F595,AQ,42.595399,12.92143,54.0,29991.79,-20526.558
PF02/0060/F595,AQ,42.592745,12.951458,52.0,29636.997,-18070.026
PF03/0060/F595,AQ,42.590756,12.946536,9.0,29425.946,-18479.249
PF04/0060/F595,AQ,42.594056,12.945294,56.0,29794.875,-18572.202
PF05/0060/F595,AQ,42.59449,12.949119,50.0,29835.432,-18257.226
PF01/0061/F595,AQ,42.59888,12.960074,8.0,30301.16,-17346.59
PF02/0061/F595,AQ,42.593342,12.954599,56.0,29697.055,-17810.652
PF03/0061/F595,AQ,42.599089,12.963353,70.0,30317.894,-17077.025
PF04/0061/F595,AQ,42.596355,12.951949,56.0,30036.848,-18020.036
PF05/0061/F595,AQ,42.598275,12.956444,56.0,30241.203,-17646.042
PF06/0061/F595,AQ,42.590306,12.957862,52.0,29353.407,-17551.052
PF02/0062/F595,AQ,42.594968,12.968135,70.0,29850.869,-16695.754
PF10/0062/F595,AQ,42.59704,12.9656,9.0,30085.927,-16898.173
PF14/0062/F595,AQ,42.595991,12.961714,56.0,29977.127,-17219.788
PF16/0062/F595,AQ,42.590159,12.963424,54.0,29326.071,-17095.102
PF17/0062/F595,AQ,42.587204,12.966051,9.0,28992.732,-16887.423
PF20/0062/F595,AQ,42.586175,12.962297,9.0,28885.889,-17198.246
PF21/0062/F595,AQ,42.593002,12.964478,70.0,29639.703,-17001.039
PF22/0062/F595,AQ,42.592233,12.961133,56.0,29560.99,-17277.568
PF02/0063/F595,AQ,42.59673,12.972191,70.0,30038.526,-16358.259
PF03/0063/F595,AQ,42.596312,12.970986,52.0,29994.533,-16458.19
PF04/0063/F595,AQ,42.596682,12.969073,70.0,30039.301,-16614.162
PF09/0063/F595,AQ,42.598241,12.968262,12.0,30214.1,-16676.529
PF01/0064/F595,AQ,42.593309,12.982888,56.0,29637.618,-15489.677
PF02/0064/F595,AQ,42.597428,12.984473,70.0,30091.969,-15348.75
PF03/0064/F595,AQ,42.596134,12.98052,70.0,29956.037,-15676.492
PF11/0064/F595,AQ,42.595887,12.977412,70.0,29934.644,-15932.137
PF12/0064/F595,AQ,42.599598,12.976984,70.0,30347.598,-15957.359
PF13/0064/F595,AQ,42.593138,12.986521,12.0,29611.621,-15192.013
PF14/0064/F595,AQ,42.594857,12.985212,70.0,29805.014,-15294.861
PF01/0065/F595,AQ,42.600216,12.992622,50.0,30385.696,-14672.755
PF03/0065/F595,AQ,42.599409,12.986978,70.0,30307.075,-15137.922
PF04/0065/F595,AQ,42.603783,12.993133,52.0,30780.739,-14621.468
PF05/0065/F595,AQ,42.597382,12.988958,52.0,30078.055,-14980.911
PF07/0065/F595,AQ,42.595116,12.991453,70.0,29821.627,-14782.171
PF01/0066/F595,AQ,42.588098,12.915871,8.0,29192.3,-21002.67
PF02/0066/F595,AQ,42.588802,12.908225,50.0,29285.949,-21628.132
PF03/0066/F595,AQ,42.586965,12.906239,50.0,29085.917,-21796.128
PF01/0068/F595,AQ,42.583607,12.930146,8.0,28664.82,-19843.49
PF02/0068/F595,AQ,42.577706,12.932441,52.0,28004.904,-19671.146
PF03/0068/F595,AQ,42.581678,12.934791,50.0,28441.302,-19467.536
PF04/0068/F595,AQ,42.579777,12.928129,52.0,28243.486,-20019.384
PF02/0070/F595,AQ,42.580223,12.956334,9.0,28236.746,-17703.508
PF03/0070/F595,AQ,42.581543,12.950344,9.0,28395.278,-18191.565
PF04/0070/F595,AQ,42.587327,12.949781,9.0,29038.648,-18222.206
PF05/0070/F595,AQ,42.590415,12.952505,52.0,29376.192,-17990.328
PF07/0070/F595,AQ,42.587541,12.958677,52.0,29044.782,-17491.644
PF10/0071/F595,AQ,42.590591,12.981664,50.0,29338.267,-15597.32
PF12/0071/F595,AQ,42.59186,12.977937,50.0,29486.432,-15899.729
PF14/0071/F595,AQ,42.58858,12.973861,9.0,29130.25,-16242.92
PF17/0071/F595,AQ,42.590022,12.970539,9.0,29296.91,-16511.64
PF20/0071/F595,AQ,42.594133,12.971661,52.0,29751.165,-16408.623
PF21/0071/F595,AQ,42.59157,12.967364,9.0,29475.04,-16768.01
PF01/0072/F595,AQ,42.575933,12.921997,52.0,27829.029,-20533.127
PF02/0072/F595,AQ,42.572205,12.923559,52.0,27411.793,-20415.129
PF04/0072/F595,AQ,42.575731,12.924057,50.0,27802.442,-20364.637
PF05/0072/F595,AQ,42.575653,12.919715,52.0,27802.541,-20721.234
PF06/0072/F595,AQ,42.574118,12.904232,50.0,27663.35,-21996.187
PF07/0072/F595,AQ,42.579348,12.912337,50.0,28227.691,-21316.63
PF08/0072/F595,AQ,42.577969,12.909146,50.0,28081.067,-21582.263
PF09/0072/F595,AQ,42.576986,12.91814,52.0,27953.695,-20846.813
PF10/0072/F595,AQ,42.577076,12.907285,12.0,27985.656,-21737.46
PF02/0073/F595,AQ,42.575087,12.933271,52.0,27712.34,-19610.178
PF02/0074/F595,AQ,42.578441,12.933411,12.0,28084.592,-19589.585
PF01/0075/F595,AQ,42.577991,12.942838,8.0,28015.7,-18817.13
PF02/0075/F595,AQ,42.576919,12.93534,52.0,27911.719,-19435.391
PF03/0075/F595,AQ,42.569472,12.940603,70.0,27074.177,-19023.558
PF04/0075/F595,AQ,42.572536,12.936707,12.0,27422.224,-19335.078
PF01/0076/F595,AQ,42.577312,12.950375,9.0,27925.31,-18200.38
PF02/0076/F595,AQ,42.571099,12.95151,9.0,27233.16,-18123.94
PF01/0077/F595,AQ,42.583436,12.96209,8.0,28582.15,-17222.51
PF04/0077/F595,AQ,42.579894,12.959146,9.0,28194.671,-17473.647
PF06/0077/F595,AQ,42.582975,12.97114,50.0,28513.079,-16481.119
PF08/0077/F595,AQ,42.586645,12.97364,12.0,28915.799,-16266.167
PF09/0077/F595,AQ,42.582633,12.966982,54.0,28483.336,-16823.226
PF10/0077/F595,AQ,42.5849,12.958482,52.0,28751.847,-17514.73
PF11/0077/F595,AQ,42.582257,12.959152,12.0,28457.095,-17466.789
PF12/0077/F595,AQ,42.581865,12.963303,12.0,28405.309,-17127.214
PF13/0077/F595,AQ,42.588258,12.9772,12.0,29087.943,-15969.736
PF02/0078/F595,AQ,42.58424,12.978159,9.0,28639.802,-15901.746
PF03/0078/F595,AQ,42.588083,12.98745,50.0,29048.453,-15129.161
PF04/0078/F595,AQ,42.582387,12.98478,50.0,28421.084,-15363.286
PF06/0078/F595,AQ,42.582748,12.992704,52.0,28445.69,-14712.065
PF07/0078/F595,AQ,42.586683,12.983899,54.0,28899.902,-15424.225
PF08/0078/F595,AQ,42.585312,12.987798,52.0,28739.979,-15107.921
PF09/0078/F595,AQ,42.586932,12.979416,12.0,28936.291,-15791.443
PF01/0079/F595,AQ,42.584522,13.001756,9.0,28625.167,-13964.583
PF02/0079/F595,AQ,42.584281,13.006375,9.0,28589.399,-13586.193
PF03/0079/F595,AQ,42.586202,12.992484,52.0,28829.7,-14721.034
PF04/0079/F595,AQ,42.58074,12.999546,70.0,28209.499,-14155.866
PF05/0079/F595,AQ,42.584052,12.996379,52.0,28583.354,-14407.056
PF06/0079/F595,AQ,42.58205,13.003493,52.0,28347.229,-13828.524
PF01/0080/F595,AQ,42.565326,12.905553,8.0,26684.34,-21911.9
PF02/0080/F595,AQ,42.566093,12.913772,70.0,26752.851,-21235.149
PF03/0080/F595,AQ,42.568557,12.911547,70.0,27030.962,-21410.989
PF05/0080/F595,AQ,42.572962,12.90701,50.0,27529.38,-21771.314
PF06/0080/F595,AQ,42.571677,12.909448,50.0,27381.723,-21574.713
PF07/0080/F595,AQ,42.571221,12.90528,52.0,27339.52,-21918.102
PF08/0080/F595,AQ,42.568308,12.905573,52.0,27015.499,-21902.05
PF09/0080/F595,AQ,42.565174,12.909663,50.0,26659.137,-21574.903
PF10/0080/F595,AQ,42.567714,12.915338,52.0,26929.705,-21102.126
PF11/0080/F595,AQ,42.563404,12.913626,70.0,26454.571,-21254.468
PF02/0081/F595,AQ,42.569616,12.916768,9.0,27138.055,-20979.556
PF03/0081/F595,AQ,42.565341,12.915596,50.0,26665.627,-21087.428
PF04/0081/F595,AQ,42.572532,12.916348,50.0,27462.652,-21006.056
PF05/0081/F595,AQ,42.570679,12.919303,9.0,27250.938,-20768.558
PF06/0081/F595,AQ,42.575796,12.913862,50.0,27830.216,-21201.166
PF07/0081/F595,AQ,42.569115,12.920611,9.0,27074.65,-20665.498
PF08/0081/F595,AQ,42.568562,12.924042,9.0,27006.336,-20385.361
PF09/0081/F595,AQ,42.573478,12.912519,56.0,27575.452,-21317.718
PF10/0081/F595,AQ,42.57131,12.923167,52.0,27313.293,-20449.709
PF11/0081/F595,AQ,42.565541,12.923018,56.0,26672.878,-20477.642
PF12/0081/F595,AQ,42.574424,12.917724,50.0,27670.071,-20887.999
PF13/0081/F595,AQ,42.564405,12.916476,70.0,26559.957,-21017.778
PF14/0081/F595,AQ,42.563429,12.920029,52.0,26444.45,-20728.78
PF15/0081/F595,AQ,42.572194,12.921063,54.0,27415.658,-20620.004
PF01/0082/F595,AQ,42.567233,12.92549,9.0,26855.826,-20270.149
PF02/0082/F595,AQ,42.571769,12.926088,54.0,27358.365,-20208.7
PF03/0082/F595,AQ,42.564327,12.941868,70.0,26500.351,-18933.643
PF04/0082/F595,AQ,42.566585,12.942799,56.0,26749.154,-18851.093
PF05/0082/F595,AQ,42.570798,12.929158,52.0,27244.293,-19959.41
PF07/0082/F595,AQ,42.568753,12.937536,70.0,27000.46,-19277.239
PF01/0083/F595,AQ,42.561141,12.944388,8.0,26141.52,-18735.38
PF03/0083/F595,AQ,42.562898,12.947217,9.0,26330.99,-18498.36
PF04/0083/F595,AQ,42.565348,12.949227,9.0,26599.0,-18326.81
PF05/0083/F595,AQ,42.559044,12.943702,9.0,25909.96,-18797.31
PF06/0083/F595,AQ,42.558309,12.949578,9.0,25816.61,-18316.86
PF07/0083/F595,AQ,42.564376,12.944868,50.0,26499.733,-18687.189
PF08/0083/F595,AQ,42.568614,12.951066,9.0,26958.014,-18167.018
PF09/0083/F595,AQ,42.56769,12.944213,50.0,26869.057,-18732.079
PF10/0083/F595,AQ,42.566537,12.941251,70.0,26746.923,-18978.321
PF01/0084/F595,AQ,42.575756,12.957762,9.0,27737.919,-17598.321
PF02/0084/F595,AQ,42.577369,12.957074,9.0,27918.363,-17650.441
PF03/0084/F595,AQ,42.573832,12.955796,9.0,27528.066,-17764.813
PF04/0084/F595,AQ,42.572645,12.952967,9.0,27401.862,-18000.208
PF05/0084/F595,AQ,42.574513,12.961234,56.0,27593.026,-17316.616
PF01/0085/F595,AQ,42.576669,12.968199,9.0,27818.648,-16739.254
PF03/0085/F595,AQ,42.578102,12.96151,9.0,27991.012,-17284.385
PF04/0085/F595,AQ,42.580012,12.963096,9.0,28199.932,-17149.102
PF05/0085/F595,AQ,42.579712,12.967835,56.0,28157.272,-16760.998
PF09/0085/F595,AQ,42.575971,12.972264,56.0,27733.083,-16407.524
PF10/0085/F595,AQ,42.579191,12.967947,56.0,28099.225,-16753.192
PF11/0085/F595,AQ,42.5779,12.964488,12.0,27962.641,-17040.532
PF01/0086/F595,AQ,42.572542,12.975656,8.0,27345.74,-16138.22
PF02/0086/F595,AQ,42.573538,12.972989,52.0,27461.504,-16354.478
PF03/0086/F595,AQ,42.573577,12.969811,56.0,27472.106,-16615.18
PF04/0086/F595,AQ,42.575123,12.965857,56.0,27651.575,-16935.59
PF01/0087/F595,AQ,42.579477,12.984711,50.0,28098.056,-15376.653
PF02/0087/F595,AQ,42.579618,12.981617,52.0,28119.832,-15630.187
PF03/0087/F595,AQ,42.580564,12.977183,52.0,28233.525,-15991.547
PF04/0087/F595,AQ,42.57854,12.993613,70.0,27976.67,-14648.531
PF06/0087/F595,AQ,42.577947,12.978719,52.0,27939.879,-15872.495
PF07/0087/F595,AQ,42.574495,12.981646,54.0,27550.852,-15641.423
PF08/0087/F595,AQ,42.57518,12.97924,54.0,27631.647,-15837.057
PF09/0087/F595,AQ,42.573246,12.979576,54.0,27416.211,-15814.59
PF10/0087/F595,AQ,42.577775,12.991353,52.0,27896.15,-14836.046
PF01/0088/F595,AQ,42.580402,13.008607,8.0,28154.42,-13413.13
PF02/0088/F595,AQ,42.579582,13.003175,70.0,28073.809,-13861.06
PF03/0088/F595,AQ,42.576842,13.00347,70.0,27769.0,-13844.053
PF04/0088/F595,AQ,42.578615,13.006328,52.0,27960.357,-13604.834
PF05/0088/F595,AQ,42.577408,12.998349,70.0,27841.765,-14262.89
PF06/0088/F595,AQ,42.576473,13.007003,70.0,27721.131,-13555.077
PF07/0088/F595,AQ,42.578618,13.000512,70.0,27971.916,-14082.157
PF01/0089/F595,AQ,42.560467,12.912309,50.0,26131.083,-21370.61
PF02/0089/F595,AQ,42.561236,12.918833,50.0,26203.331,-20832.931
PF01/0090/F595,AQ,42.559144,12.928871,9.0,25950.743,-20014.605
PF02/0090/F595,AQ,42.556705,12.927126,9.0,25683.411,-20164.462
PF03/0090/F595,AQ,42.5608,12.923248,12.0,26145.99,-20471.674
PF01/0092/F595,AQ,42.565644,12.96299,8.0,26604.64,-17196.22
PF04/0092/F595,AQ,42.569496,12.953639,9.0,27050.84,-17953.47
PF09/0092/F595,AQ,42.566702,12.953667,52.0,26740.607,-17958.644
PF10/0092/F595,AQ,42.567062,12.957132,50.0,26773.641,-17673.277
PF01/0093/F595,AQ,42.570063,12.973912,52.0,27073.871,-16287.932
PF01/0094/F595,AQ,42.574069,12.991296,8.0,27484.72,-14850.47
PF02/0094/F595,AQ,42.573052,12.993845,52.0,27366.809,-14643.952
PF03/0094/F595,AQ,42.576337,12.99607,52.0,27727.223,-14452.752
PF01/0095/F595,AQ,42.575346,12.999962,70.0,27609.618,-14135.86
PF03/0095/F595,AQ,42.571914,13.009533,70.0,27209.961,-13359.325
PF04/0095/F595,AQ,42.57247,13.012557,70.0,27265.912,-13109.673
PF05/0095/F595,AQ,42.574431,13.005597,50.0,27497.077,-13675.808
PF06/0095/F595,AQ,42.576421,13.009798,54.0,27710.029,-13325.795
PF07/0095/F595,AQ,42.574275,13.002916,50.0,27484.956,-13896.275
PF08/0095/F595,AQ,42.210284,13.513428,12.0,-13795.484,27296.029
PF09/0095/F595,AQ,42.569578,13.011746,12.0,26946.32,-13183.76
PF01/0096/F595,AQ,42.571933,13.030082,8.0,27172.66,-11672.66
PF01/0097/F595,AQ,42.554199,12.907669,3.0,25444.42,-21768.73
PF01/0098/F595,AQ,42.554795,12.925839,9.0,25473.918,-20275.33
PF02/0098/F595,AQ,42.551348,12.926025,9.0,25090.738,-20269.452
PF03/0098/F595,AQ,42.555725,12.922549,9.0,25583.792,-20542.915
PF05/0098/F595,AQ,42.549516,12.925172,52.0,24889.028,-20344.426
PF06/0098/F595,AQ,42.552418,12.923009,50.0,25215.641,-20514.114
PF01/0099/F595,AQ,42.555326,12.945263,50.0,25494.025,-18679.221
PF02/0099/F595,AQ,42.55466,12.934798,9.0,25440.906,-19540.134
PF03/0099/F595,AQ,42.552034,12.938049,9.0,25142.798,-19280.366
PF04/0099/F595,AQ,42.550199,12.939766,56.0,24935.637,-19144.322
PF05/0099/F595,AQ,42.554669,12.940398,54.0,25430.73,-19080.358
PF06/0099/F595,AQ,42.554786,12.939914,50.0,25444.731,-19119.826
PF07/0099/F595,AQ,42.552353,12.936022,50.0,25182.354,-19445.942
PF01/0100/F595,AQ,42.554952,12.952406,8.0,25438.29,-18093.75
PF02/0100/F595,AQ,42.563071,12.950575,50.0,26343.436,-18222.232
PF03/0100/F595,AQ,42.560729,12.950221,9.0,26084.14,-18257.62
PF04/0100/F595,AQ,42.56131,12.953626,9.0,26141.93,-17976.52
PF05/0100/F595,AQ,42.55926,12.956623,9.0,25908.31,-17735.97
PF07/0100/F595,AQ,42.56436,12.953483,9.0,26480.86,-17980.06
PF08/0100/F595,AQ,42.557062,12.959507,54.0,25658.48,-17505.089
PF09/0100/F595,AQ,42.558305,12.952565,56.0,25810.246,-18071.656
PF10/0100/F595,AQ,42.557189,12.955113,56.0,25681.272,-17865.521
PF01/0101/F595,AQ,42.562655,12.957065,9.0,26284.42,-17690.64
PF05/0101/F595,AQ,42.556205,12.966005,54.0,25550.532,-16973.916
PF06/0101/F595,AQ,42.559346,12.963344,70.0,25904.541,-17184.005
PF07/0101/F595,AQ,42.56143,12.958933,70.0,26144.708,-17540.546
PF01/0102/F595,AQ,42.556392,12.969384,52.0,25564.554,-16696.053
PF02/0102/F595,AQ,42.554872,12.972778,52.0,25389.134,-16421.432
PF01/0103/F595,AQ,42.562401,12.98721,6.0,26196.96,-15216.67
PF01/0104/F595,AQ,42.568958,13.007473,52.0,26885.764,-13536.119
PF02/0104/F595,AQ,42.56779,13.011503,12.0,26748.29,-13208.37
PF01/0105/F595,AQ,42.560377,13.004322,8.0,25938.91,-13817.26
PF01/0106/F595,AQ,42.568286,13.014713,8.0,26797.12,-12943.65
PF01/0107/F595,AQ,42.565199,13.039106,6.0,26407.72,-10949.29
PF01/0108/F595,AQ,42.559749,13.029535,12.0,25820.73,-11749.02
PF02/0108/F595,AQ,42.561355,13.027561,12.0,26002.79,-11906.94
PF01/0109/F595,AQ,42.547547,12.91082,8.0,24699.36,-21528.24
PF01/0110/F595,AQ,42.54653,12.93479,50.0,24538.119,-19562.847
PF02/0110/F595,AQ,42.55229,12.932833,9.0,25181.728,-19707.905
PF03/0110/F595,AQ,42.54695,12.941558,52.0,24571.228,-19005.977
PF04/0110/F595,AQ,42.549312,12.930089,12.0,24856.459,-19941.254
PF05/0110/F595,AQ,42.550951,12.931263,52.0,25036.177,-19840.481
PF06/0110/F595,AQ,42.550291,12.936015,52.0,24953.334,-19452.104
PF01/0111/F595,AQ,42.553676,12.948074,50.0,25305.183,-18452.841
PF02/0111/F595,AQ,42.549781,12.947891,52.0,24872.971,-18478.353
PF03/0112/F595,AQ,42.554368,12.968941,12.0,25340.756,-16737.765
PF01/0001/F732,AQ,41.955573,13.191523,56.0,-41564.575,124.405
PF02/0001/F732,AQ,41.958683,13.186499,54.0,-41210.439,-284.724
PF03/0001/F732,AQ,41.958947,13.192216,52.0,-41191.121,189.716
PF01/0002/F732,AQ,41.955668,13.177298,8.0,-41529.04,-1054.38
PF04/0002/F732,AQ,41.943909,13.178524,70.0,-42836.904,-980.511
PF01/0003/F732,AQ,41.950098,13.194653,50.0,-42177.971,370.978
PF02/0003/F732,AQ,41.952932,13.187402,50.0,-41850.559,-223.355
PF04/0003/F732,AQ,41.949515,13.184478,12.0,-42224.814,-473.759
PF01/0004/F732,AQ,41.936846,13.172748,50.0,-43610.952,-1476.079
PF02/0004/F732,AQ,41.939289,13.175607,54.0,-43344.666,-1233.26
PF03/0004/F732,AQ,41.937673,13.169112,56.0,-43512.655,-1775.555
PF04/0004/F732,AQ,41.943397,13.167055,50.0,-42873.463,-1932.447
PF05/0004/F732,AQ,41.940545,13.170459,50.0,-43196.171,-1657.045
PF06/0004/F732,AQ,41.937419,13.177404,56.0,-43555.487,-1088.702
PF02/0005/F732,AQ,41.938071,13.190466,52.0,-43506.048,-4.261
PF04/0005/F732,AQ,41.938626,13.193798,52.0,-43450.29,273.303
PF07/0005/F732,AQ,41.94185,13.188978,52.0,-43083.805,-118.714
PF08/0005/F732,AQ,41.942419,13.19154,52.0,-43025.143,95.015
PF10/0005/F732,AQ,41.943939,13.18935,52.0,-42852.521,-83.016
PF12/0005/F732,AQ,41.946255,13.187909,8.0,-42592.84,-196.98
PF13/0005/F732,AQ,41.942319,13.185113,70.0,-43024.965,-438.051
PF16/0005/F732,AQ,41.945972,13.186252,52.0,-42621.404,-335.057
PF17/0005/F732,AQ,41.947687,13.187508,50.0,-42433.206,-226.88
PF19/0005/F732,AQ,41.946698,13.193511,50.0,-42553.464,268.399
PF20/0005/F732,AQ,41.940155,13.18639,50.0,-43267.517,-337.295
PF21/0005/F732,AQ,41.936086,13.18931,70.0,-43724.492,-104.736
PF04/0006/F732,AQ,41.946691,13.203144,9.0,-42571.0,1066.89
PF06/0006/F732,AQ,41.944642,13.199657,70.0,-42792.508,773.048
PF08/0006/F732,AQ,41.943588,13.196986,52.0,-42904.815,549.154
PF14/0006/F732,AQ,41.939523,13.199101,56.0,-43359.927,715.017
PF16/0006/F732,AQ,41.940339,13.202768,70.0,-43275.741,1020.917
PF17/0006/F732,AQ,41.93941,13.195694,8.0,-43366.57,432.3
PF19/0006/F732,AQ,41.937065,13.19915,70.0,-43632.92,713.37
PF22/0006/F732,AQ,41.939589,13.205819,56.0,-43364.295,1272.115
PF23/0006/F732,AQ,41.942945,13.204345,9.0,-42989.05,1157.68
PF25/0006/F732,AQ,41.950602,13.199994,70.0,-42131.282,814.849
PF01/0007/F732,AQ,41.93851,13.164799,8.0,-43412.03,-2131.07
PF02/0007/F732,AQ,41.937576,13.161553,56.0,-43510.04,-2402.472
PF03/0007/F732,AQ,41.941237,13.163607,56.0,-43107.126,-2223.466
PF01/0008/F732,AQ,41.931907,13.175268,54.0,-44163.74,-1278.774
PF02/0008/F732,AQ,41.933367,13.173681,56.0,-43998.797,-1406.918
PF03/0008/F732,AQ,41.929494,13.169198,70.0,-44420.988,-1787.768
PF04/0008/F732,AQ,41.931489,13.170087,70.0,-44201.013,-1709.316
PF05/0008/F732,AQ,41.932187,13.164719,50.0,-44114.032,-2152.748
PF06/0008/F732,AQ,41.928451,13.165041,50.0,-44529.447,-2134.935
PF07/0008/F732,AQ,41.936122,13.172752,56.0,-43691.319,-1477.453
PF08/0008/F732,AQ,41.934671,13.17054,52.0,-43848.476,-1664.253
PF09/0008/F732,AQ,41.935726,13.165809,56.0,-43723.01,-2053.973
PF03/0009/F732,AQ,41.934693,13.180884,56.0,-43864.328,-806.558
PF05/0009/F732,AQ,41.93395,13.179462,56.0,-43944.261,-926.245
PF06/0009/F732,AQ,41.934752,13.177025,8.0,-43850.93,-1126.43
PF09/0009/F732,AQ,41.938309,13.183481,70.0,-43467.398,-582.754
PF10/0009/F732,AQ,41.936532,13.185552,70.0,-43668.297,-415.293
PF15/0009/F732,AQ,41.937093,13.180416,70.0,-43596.954,-839.749
PF01/0010/F732,AQ,41.93775,13.206757,56.0,-43570.048,1345.551
PF02/0010/F732,AQ,41.938556,13.208168,9.0,-43483.06,1464.44
PF03/0010/F732,AQ,41.938004,13.211379,56.0,-43549.85,1729.358
PF01/0011/F732,AQ,41.933102,13.15165,8.0,-43989.13,-3234.15
PF01/0012/F732,AQ,41.925826,13.159101,52.0,-44810.308,-2633.722
PF03/0012/F732,AQ,41.926856,13.163233,52.0,-44703.253,-2288.667
PF04/0012/F732,AQ,41.926344,13.169178,70.0,-44770.643,-1796.91
PF05/0012/F732,AQ,41.923014,13.165974,54.0,-45134.741,-2070.484
PF06/0012/F732,AQ,41.922724,13.159243,52.0,-45154.968,-2629.379
PF07/0012/F732,AQ,41.92381,13.153785,52.0,-45024.691,-3079.337
PF08/0012/F732,AQ,41.928239,13.15769,52.0,-44539.848,-2745.007
PF09/0012/F732,AQ,41.923981,13.162614,52.0,-45021.393,-2346.84
PF01/0013/F732,AQ,41.930153,13.172895,70.0,-44354.341,-1479.741
PF02/0013/F732,AQ,41.928179,13.180032,54.0,-44586.075,-892.565
PF03/0013/F732,AQ,41.926892,13.175815,54.0,-44721.519,-1245.273
PF04/0013/F732,AQ,41.930055,13.176863,54.0,-44372.257,-1150.934
PF05/0013/F732,AQ,41.931889,13.179739,56.0,-44173.673,-908.113
PF06/0013/F732,AQ,41.934006,13.184971,70.0,-43947.754,-469.346
PF07/0013/F732,AQ,41.93229,13.183728,56.0,-44136.17,-576.493
PF01/0014/F732,AQ,41.935895,13.192741,54.0,-43751.605,179.261
PF02/0014/F732,AQ,41.934233,13.189761,70.0,-43930.955,-71.659
PF03/0014/F732,AQ,41.933077,13.193735,70.0,-44066.267,255.045
PF01/0015/F732,AQ,41.926211,13.198916,7.0,-44837.65,668.58
PF04/0015/F732,AQ,41.935235,13.1961,70.0,-43830.81,456.211
PF01/0016/F732,AQ,41.934288,13.203054,70.0,-43948.109,1030.498
PF02/0016/F732,AQ,41.936875,13.203498,70.0,-43661.623,1073.39
PF04/0016/F732,AQ,41.935676,13.205994,70.0,-43799.103,1277.506
PF05/0016/F732,AQ,41.936659,13.208618,9.0,-43694.5,1497.34
PF09/0016/F732,AQ,41.934009,13.209509,54.0,-43990.288,1565.072
PF10/0016/F732,AQ,41.936511,13.214584,56.0,-43721.244,1991.614
PF12/0016/F732,AQ,41.934937,13.217505,70.0,-43901.062,2230.109
PF14/0016/F732,AQ,41.934684,13.21253,56.0,-43920.561,1817.105
PF01/0017/F732,AQ,41.929941,13.215873,70.0,-44452.992,2083.334
PF02/0017/F732,AQ,41.92718,13.213564,12.0,-44755.525,1885.478
PF01/0018/F732,AQ,41.926765,13.218862,8.0,-44810.77,2323.77
PF02/0018/F732,AQ,41.928866,13.221315,70.0,-44581.717,2532.036
PF09/0018/F732,AQ,41.932016,13.221344,70.0,-44231.923,2541.675
PF01/0019/F732,AQ,41.922692,13.145844,8.0,-45134.65,-3740.5
PF02/0019/F732,AQ,41.908284,13.126188,8.0,-46699.0,-5405.43
PF01/0020/F732,AQ,41.92031,13.163289,8.0,-45430.28,-2299.59
PF02/0020/F732,AQ,41.905656,13.169255,8.0,-47067.91,-1839.56
PF03/0020/F732,AQ,41.909157,13.157779,8.0,-46658.79,-2783.14
PF04/0020/F732,AQ,41.921586,13.154221,52.0,-45272.389,-3048.523
PF05/0020/F732,AQ,41.920139,13.157577,52.0,-45439.003,-2773.645
PF06/0020/F732,AQ,41.914813,13.163422,50.0,-46040.799,-2301.643
PF07/0020/F732,AQ,41.912193,13.170815,50.0,-46344.83,-1694.682
PF01/0021/F732,AQ,41.924178,13.170934,54.0,-45014.247,-1656.451
PF02/0021/F732,AQ,41.924429,13.177796,52.0,-44998.558,-1086.889
PF03/0021/F732,AQ,41.914689,13.172171,50.0,-46070.067,-1576.353
PF05/0021/F732,AQ,41.921791,13.168766,54.0,-45275.461,-1841.887
PF06/0021/F732,AQ,41.913574,13.173573,50.0,-46196.345,-1462.695
PF07/0021/F732,AQ,41.91649,13.176207,50.0,-45877.287,-1237.35
PF01/0022/F732,AQ,41.924507,13.185268,8.0,-45003.07,-467.1
PF01/0023/F732,AQ,41.91569,13.199599,8.0,-46007.08,700.7
PF02/0023/F732,AQ,41.916726,13.189156,50.0,-45873.834,-162.957
PF03/0025/F732,AQ,41.92195,13.22064,54.0,-45348.411,2460.098
PF04/0025/F732,AQ,41.918072,13.220312,50.0,-45778.496,2423.965
PF05/0025/F732,AQ,41.919841,13.218009,52.0,-45578.119,2237.066
PF06/0025/F732,AQ,41.923609,13.216837,70.0,-45157.727,2148.634
PF01/0026/F732,AQ,41.921053,13.231815,54.0,-45467.18,3384.77
PF02/0026/F732,AQ,41.921975,13.240328,70.0,-45379.426,4092.802
PF03/0026/F732,AQ,41.914309,13.232563,54.0,-46217.276,3431.32
PF04/0026/F732,AQ,41.91971,13.234882,54.0,-45621.631,3636.003
PF03/0027/F732,AQ,41.911279,13.195931,50.0,-46490.463,386.222
PF04/0027/F732,AQ,41.91415,13.195846,50.0,-46171.592,385.836
PF05/0027/F732,AQ,41.91356,13.190948,12.0,-46228.457,-21.755
PF06/0027/F732,AQ,41.913606,13.187907,12.0,-46218.064,-273.841
PF01/0028/F732,AQ,41.911558,13.211393,12.0,-46486.363,1669.248
PF02/0028/F732,AQ,41.912912,13.214755,12.0,-46341.88,1951.243
PF02/0029/F732,AQ,41.910467,13.21584,70.0,-46615.222,2035.558
PF03/0029/F732,AQ,41.912447,13.217136,70.0,-46397.589,2147.582
PF01/0030/F732,AQ,41.917665,13.227371,54.0,-45835.842,3008.461
PF02/0030/F732,AQ,41.913204,13.22553,54.0,-46327.923,2845.552
PF01/0031/F732,AQ,41.91201,13.237022,8.0,-46480.25,3795.93
PF02/0031/F732,AQ,41.906112,13.236224,8.0,-47133.75,3716.25
PF03/0031/F732,AQ,41.908339,13.220523,52.0,-46859.586,2419.083
PF04/0031/F732,AQ,41.910375,13.232581,52.0,-46654.179,3423.846
PF05/0031/F732,AQ,41.909034,13.225667,52.0,-46791.242,2847.277
PF06/0031/F732,AQ,41.910666,13.234971,12.0,-46625.922,3622.703
PF02/0032/F732,AQ,41.916214,13.244436,50.0,-46026.001,4420.373
PF04/0032/F732,AQ,41.918049,13.247174,70.0,-45826.878,4651.607
PF05/0032/F732,AQ,41.920797,13.242759,50.0,-45514.307,4291.707
PF06/0032/F732,AQ,41.914943,13.249124,12.0,-46175.06,4806.3
PF01/0033/F732,AQ,41.912195,13.252413,8.0,-46485.76,5072.82
PF02/0033/F732,AQ,41.908668,13.239985,50.0,-46856.383,4034.027
PF03/0033/F732,AQ,41.907229,13.2489,50.0,-47031.23,4770.226
PF04/0033/F732,AQ,41.910702,13.245287,50.0,-46639.509,4478.442
PF01/0034/F732,AQ,41.892716,13.124932,8.0,-48425.23,-5547.4
PF02/0034/F732,AQ,41.908236,13.117395,8.0,-46688.29,-6134.88
PF01/0036/F732,AQ,41.902582,13.204798,8.0,-47471.57,1101.43
PF02/0036/F732,AQ,41.913223,13.183525,8.0,-46252.92,-638.14
PF03/0036/F732,AQ,41.909568,13.190801,50.0,-46671.436,-43.286
PF04/0036/F732,AQ,41.913654,13.178305,50.0,-46195.808,-1070.088
PF01/0037/F732,AQ,41.909842,13.212821,70.0,-46679.334,1783.68
PF02/0037/F732,AQ,41.907244,13.212124,72.0,-46966.667,1719.893
PF01/0038/F732,AQ,41.89873,13.250465,8.0,-47977.62,4880.73
PF02/0038/F732,AQ,41.907265,13.242722,50.0,-47016.745,4257.871
PF01/0039/F732,AQ,41.908424,13.214993,70.0,-46840.535,1960.606
PF01/0040/F732,AQ,41.900337,13.227935,8.0,-47760.77,3015.46
PF02/0040/F732,AQ,41.885119,13.245291,8.0,-49480.11,4420.65
PF21/0006/F852,AQ,42.32408,13.436052,70.0,-1045.319,21140.815
PF29/0006/F852,AQ,42.330225,13.430841,21.0,-355.028,20724.006
PF02/0007/F852,AQ,42.325105,13.44052,20.0,-938.184,21511.061
PF10/0013/F852,AQ,42.323437,13.446614,21.0,-1132.596,22009.809
PF03/0014/F852,AQ,42.320182,13.439929,20.0,-1483.989,21452.302
PF02/0024/F852,AQ,42.3152,13.453608,70.0,-2057.81,22569.485
PF20/0024/F852,AQ,42.31765,13.462022,70.0,-1798.227,23267.804
PF30/0024/F852,AQ,42.317391,13.45532,21.0,-1817.064,22715.005
PF06/0025/F852,AQ,42.315183,13.471242,20.0,-2085.89,24022.762
PF04/0026/F852,AQ,42.315174,13.478679,20.0,-2097.889,24635.599
PF01/0028/F852,AQ,42.312406,13.484963,20.0,-2414.553,25147.994
PF28/0029/F852,AQ,42.311636,13.466843,21.0,-2473.251,23653.11
PF32/0030/F852,AQ,42.315165,13.478672,21.0,-2098.891,24635.025
PF05/0034/F852,AQ,42.306668,13.482645,20.0,-3048.207,24945.596
PF04/0036/F852,AQ,42.305403,13.484708,20.0,-3191.797,25113.112
PF10/0001/F996,AQ,42.386344,13.186171,12.0,6277.586,697.898
PF11/0001/F996,AQ,42.386827,13.188859,12.0,6326.518,920.356
PF12/0001/F996,AQ,42.389152,13.191608,21.0,6579.821,1152.114
PF13/0001/F996,AQ,42.38679,13.194251,20.0,6312.931,1364.113
PF03/0002/F996,AQ,42.376646,13.187138,52.0,5198.928,754.48
PF20/0002/F996,AQ,42.38028,13.196364,70.0,5586.359,1522.681
PF23/0002/F996,AQ,42.371272,13.187268,12.0,4601.99,752.47
PF24/0002/F996,AQ,42.374902,13.192544,12.0,4995.82,1195.48
PF25/0002/F996,AQ,42.376545,13.189689,12.0,5183.27,964.32
PF26/0002/F996,AQ,42.378319,13.191792,12.0,5376.6,1141.63
PF27/0002/F996,AQ,42.371577,13.189858,21.0,4631.348,966.436
PF28/0002/F996,AQ,42.38022,13.191696,21.0,5587.877,1138.238
PF06/0003/F996,AQ,42.373438,13.213865,21.0,4796.148,2947.546
PF07/0004/F996,AQ,42.36765,13.187608,21.0,4199.228,771.943
PF12/0005/F996,AQ,42.368679,13.192705,12.0,4304.535,1194.026
PF13/0005/F996,AQ,42.366891,13.191681,21.0,4107.737,1105.54
PF10/0008/F996,AQ,42.363192,13.198886,12.0,3684.472,1690.099
PF11/0008/F996,AQ,42.365553,13.190007,21.0,3962.093,964.534
PF18/0009/F996,AQ,42.36143,13.210632,12.0,3468.303,2653.253
PF19/0009/F996,AQ,42.360567,13.206026,12.0,3380.488,2271.939
PF20/0009/F996,AQ,42.36158,13.200115,21.0,3503.259,1787.536
PF04/0010/F996,AQ,42.365994,13.217315,12.0,3963.514,3214.238
PF05/0010/F996,AQ,42.363539,13.217225,12.0,3691.143,3201.126
PF06/0010/F996,AQ,42.361648,13.214023,21.0,3486.626,2933.057
PF01/0011/F996,AQ,42.358736,13.229972,8.0,3135.86,4239.74
PF04/0011/F996,AQ,42.356666,13.228172,70.0,2909.021,4086.734
PF08/0011/F996,AQ,42.359025,13.212159,20.0,3198.647,2773.406
PF06/0012/F996,AQ,42.346808,13.208424,21.0,1848.472,2437.245
PF06/0013/F996,AQ,42.356278,13.203536,20.0,2908.608,2056.818
PF02/0017/F996,AQ,42.343982,13.21075,20.0,1530.627,2622.23
PF08/0018/F996,AQ,42.347642,13.21592,12.0,1928.167,3056.584
PF09/0018/F996,AQ,42.34493,13.212971,21.0,1632.111,2807.402
PF01/0014/G002,AQ,42.407951,13.486238,70.0,8193.089,25442.04
PF04/0014/G002,AQ,42.407725,13.489513,21.0,8163.218,25711.057
PF02/0015/G002,AQ,42.408342,13.493615,20.0,8225.67,26049.827
PF07/0018/G002,AQ,42.402305,13.489938,21.0,7560.685,25735.345
PF08/0018/G002,AQ,42.399321,13.488303,20.0,7231.813,25594.924
PF08/0019/G002,AQ,42.398657,13.49266,52.0,7151.7,25952.186
PF10/0019/G002,AQ,42.395908,13.498082,50.0,6838.467,26392.998
PF14/0019/G002,AQ,42.403091,13.492529,21.0,7644.23,25950.177
PF02/0020/G002,AQ,42.406263,13.495584,52.0,7992.03,26207.838
PF04/0020/G002,AQ,42.402821,13.497397,21.0,7607.171,26350.255
PF04/0022/G002,AQ,42.397825,13.502814,20.0,7044.518,26786.297
PF09/0025/G002,AQ,42.391592,13.490451,20.0,6370.404,25756.423
PF01/0026/G002,AQ,42.39054,13.485477,20.0,6260.827,25344.932
PF10/0027/G002,AQ,42.382714,13.472753,12.0,5410.632,24281.943
PF11/0027/G002,AQ,42.377679,13.47466,21.0,4848.629,24428.916
PF12/0027/G002,AQ,42.379806,13.466766,21.0,5096.575,23783.238
PF02/0028/G002,AQ,42.373997,13.459118,50.0,4462.895,23141.882
PF05/0028/G002,AQ,42.377344,13.461203,50.0,4831.41,23320.346
PF10/0028/G002,AQ,42.371853,13.46077,20.0,4222.33,23273.642
PF11/0028/G002,AQ,42.376412,13.469184,21.0,4716.106,23975.502
PF03/0029/G002,AQ,42.379589,13.47305,20.0,5063.126,24300.199
PF04/0029/G002,AQ,42.374619,13.47675,20.0,4505.741,24594.866
PF05/0030/G002,AQ,42.377519,13.48753,20.0,4811.945,25488.176
PF06/0030/G002,AQ,42.381286,13.488285,21.0,5229.2,25557.829
PF01/0031/G002,AQ,42.375742,13.49356,56.0,4605.824,25981.137
PF13/0031/G002,AQ,42.380303,13.492042,21.0,5114.462,25865.153
PF14/0031/G002,AQ,42.38277,13.494434,20.0,5384.914,26066.917
PF01/0032/G002,AQ,42.383363,13.498389,50.0,5445.064,26393.7
PF06/0032/G002,AQ,42.387827,13.501396,54.0,5936.358,26649.985
PF07/0032/G002,AQ,42.380258,13.50532,20.0,5090.235,26958.224
PF08/0032/G002,AQ,42.391894,13.496907,20.0,6394.474,26288.421
PF09/0032/G002,AQ,42.383279,13.502583,12.0,5429.666,26738.813
PF04/0034/G002,AQ,42.390207,13.509926,21.0,6188.265,27356.773
PF03/0035/G002,AQ,42.389633,13.515995,20.0,6115.795,27855.194
PF03/0037/G002,AQ,42.380316,13.510618,20.0,5088.919,27394.515
PF07/0039/G002,AQ,42.367538,13.465211,52.0,3736.648,23630.63
PF09/0039/G002,AQ,42.371233,13.464881,52.0,4147.388,23610.889
PF13/0039/G002,AQ,42.363385,13.468633,52.0,3270.378,23904.131
PF14/0039/G002,AQ,42.361714,13.478064,52.0,3070.846,24677.455
PF16/0039/G002,AQ,42.372693,13.472082,50.0,4298.864,24206.739
PF19/0039/G002,AQ,42.363009,13.471358,21.0,3224.58,24127.79
PF20/0039/G002,AQ,42.371678,13.467978,20.0,4192.21,23866.771
PF07/0040/G002,AQ,42.367795,13.484376,12.0,3736.852,25209.286
PF08/0040/G002,AQ,42.366441,13.486974,21.0,3582.693,25420.53
PF10/0042/G002,AQ,42.374556,13.516328,9.0,4441.12,27853.388
PF11/0042/G002,AQ,42.373142,13.501728,20.0,4305.261,26648.507
PF12/0042/G002,AQ,42.375161,13.506811,21.0,4522.037,27070.981
PF03/0043/G002,AQ,42.377997,13.511421,20.0,4830.336,27456.046
PF02/0001/G079,AQ,41.880823,13.587727,70.0,-50481.561,32825.166
PF01/0002/G079,AQ,41.890283,13.605598,8.0,-49455.49,34325.13
PF02/0002/G079,AQ,41.89599,13.595587,8.0,-48808.26,33504.91
PF03/0002/G079,AQ,41.88309,13.58943,70.0,-50232.184,32970.657
PF04/0002/G079,AQ,41.882019,13.592062,70.0,-50354.646,33187.103
PF01/0003/G079,AQ,41.882516,13.609936,6.0,-50323.75,34671.04
PF02/0003/G079,AQ,41.86482,13.634364,8.0,-52321.12,36666.67
PF03/0003/G079,AQ,41.867906,13.623985,70.0,-51964.651,35810.704
PF04/0003/G079,AQ,41.86821,13.629609,70.0,-51938.43,36278.064
PF05/0003/G079,AQ,41.87004,13.626154,70.0,-51730.569,35994.502
PF01/0005/G079,AQ,41.863585,13.574357,70.0,-52377.226,31684.023
PF02/0005/G079,AQ,41.866193,13.575176,56.0,-52088.745,31756.743
PF01/0006/G079,AQ,41.872831,13.587798,12.0,-51369.054,32816.435
PF02/0006/G079,AQ,41.871026,13.581455,12.0,-51560.768,32286.767
PF01/0007/G079,AQ,41.869792,13.597287,8.0,-51719.41,33598.45
PF02/0007/G079,AQ,41.866031,13.586972,70.0,-52122.932,32735.48
PF03/0007/G079,AQ,41.868964,13.583527,70.0,-51792.541,32454.984
PF04/0007/G079,AQ,41.868406,13.58807,56.0,-51860.694,32830.922
PF05/0007/G079,AQ,41.867129,13.581083,70.0,-51992.91,32248.721
PF06/0007/G079,AQ,41.864662,13.584311,70.0,-52271.307,32512.165
PF07/0007/G079,AQ,41.865511,13.590177,54.0,-52185.105,33000.53
PF02/0008/G079,AQ,41.859221,13.591827,70.0,-52885.693,33126.026
PF03/0008/G079,AQ,41.859094,13.595184,70.0,-52904.339,33404.45
PF04/0008/G079,AQ,41.861756,13.59263,12.0,-52605.351,33197.309
PF01/0010/G079,AQ,41.865435,13.555699,8.0,-52145.91,30138.86
PF02/0010/G079,AQ,41.863399,13.558189,50.0,-52375.469,30341.7
PF03/0010/G079,AQ,41.865611,13.558196,50.0,-52129.866,30346.422
PF07/0012/G079,AQ,41.857063,13.575553,50.0,-53103.009,31771.228
PF10/0012/G079,AQ,41.855559,13.580031,50.0,-53276.19,32140.164
PF11/0012/G079,AQ,41.858352,13.578434,70.0,-52963.903,32012.755
PF12/0012/G079,AQ,41.860781,13.584111,70.0,-52701.96,32488.393
PF13/0012/G079,AQ,41.861265,13.586424,70.0,-52651.413,32681.317
PF15/0012/G079,AQ,41.863349,13.582335,70.0,-52414.339,32345.71
PF16/0012/G079,AQ,41.859965,13.5763,70.0,-52781.857,31838.555
PF17/0012/G079,AQ,41.855404,13.576958,70.0,-53289.175,31884.836
PF05/0013/G079,AQ,41.855086,13.585075,8.0,-53335.63,32557.98
PF18/0013/G079,AQ,41.858321,13.582543,70.0,-52972.938,32353.758
PF19/0013/G079,AQ,41.853488,13.583659,12.0,-53511.039,32437.54
PF02/0014/G079,AQ,41.861656,13.589467,70.0,-52612.068,32934.545
PF23/0014/G079,AQ,41.859558,13.607891,52.0,-52870.03,34459.988
PF24/0014/G079,AQ,41.858194,13.5879,54.0,-52994.409,32798.196
PF25/0014/G079,AQ,41.857012,13.606791,12.0,-53151.187,34364.101
PF26/0014/G079,AQ,41.858254,13.60275,12.0,-53007.918,34030.927
PF27/0014/G079,AQ,41.860098,13.604847,12.0,-52805.987,34208.344
PF01/0015/G079,AQ,41.854882,13.610521,8.0,-53392.76,34669.88
PF02/0015/G079,AQ,41.858971,13.61097,52.0,-52939.325,34714.538
PF01/0017/G079,AQ,41.84694,13.583822,7.0,-54238.35,32439.08
PF02/0017/G079,AQ,41.820644,13.574627,6.0,-57145.39,31627.25
PF03/0017/G079,AQ,41.84006,13.585667,50.0,-55004.761,32579.694
PF04/0017/G079,AQ,41.836534,13.586731,50.0,-55397.732,32661.531
PF01/0018/G079,AQ,41.838798,13.588593,50.0,-55148.897,32820.315
PF01/0019/G079,AQ,41.846375,13.632653,6.0,-54366.74,36492.06
PF02/0019/G079,AQ,41.847537,13.626319,7.0,-54229.41,35968.23
PF03/0019/G079,AQ,41.839328,13.610858,8.0,-55120.23,34669.9
PF04/0019/G079,AQ,41.834096,13.618959,50.0,-55711.997,35333.258
PF05/0019/G079,AQ,41.831852,13.617384,50.0,-55959.014,35198.458
PF01/0020/G079,AQ,41.825821,13.596831,8.0,-56600.94,33480.74
PF02/0020/G079,AQ,41.818167,13.597044,8.0,-57451.08,33484.57
PF03/0020/G079,AQ,41.811295,13.608607,8.0,-58229.71,34432.65
PF01/0021/G079,AQ,41.828607,13.618516,8.0,-56320.8,35286.63
PF02/0021/G079,AQ,41.808347,13.632565,8.0,-58588.96,36417.54
PF01/0001/G102,AQ,42.135743,12.764363,8.0,-20722.58,-34756.48
PF03/0001/G102,AQ,42.151376,12.786561,56.0,-19034.432,-32876.822
PF01/0002/G102,AQ,42.150618,12.796709,8.0,-19140.37,-32040.46
PF02/0002/G102,AQ,42.154412,12.796501,9.0,-18718.57,-32046.77
PF03/0002/G102,AQ,42.152816,12.795694,9.0,-18894.12,-32118.02
PF04/0002/G102,AQ,42.146579,12.796856,9.0,-19589.11,-32039.94
PF05/0002/G102,AQ,42.147971,12.796419,9.0,-19433.69,-32071.99
PF06/0002/G102,AQ,42.148365,12.791888,9.0,-19380.21,-32445.3
PF08/0002/G102,AQ,42.152143,12.790753,9.0,-18958.32,-32528.2
PF09/0002/G102,AQ,42.155493,12.794481,9.0,-18594.29,-32210.59
PF10/0002/G102,AQ,42.147228,12.785857,70.0,-19493.515,-32946.909
PF11/0002/G102,AQ,42.1562,12.790609,70.0,-18507.503,-32528.452
PF12/0002/G102,AQ,42.158596,12.790256,56.0,-18240.667,-32550.762
PF13/0002/G102,AQ,42.15693,12.787293,56.0,-18419.337,-32800.377
PF14/0002/G102,AQ,42.153863,12.788139,52.0,-18761.64,-32739.304
PF15/0002/G102,AQ,42.15087,12.788374,70.0,-19094.523,-32728.463
PF16/0002/G102,AQ,42.154866,12.792308,70.0,-18659.281,-32391.914
PF17/0002/G102,AQ,42.153526,12.787912,70.0,-18798.66,-32759.008
PF18/0002/G102,AQ,42.150554,12.796638,70.0,-19147.336,-32046.489
PF19/0002/G102,AQ,42.149932,12.792056,70.0,-19206.52,-32426.886
PF02/0003/G102,AQ,42.138383,12.787314,9.0,-20478.85,-32851.97
PF03/0003/G102,AQ,42.139931,12.786075,70.0,-20304.347,-32949.908
PF04/0003/G102,AQ,42.139531,12.789204,9.0,-20355.41,-32692.51
PF07/0003/G102,AQ,42.14304,12.792619,70.0,-19973.087,-32400.215
PF08/0003/G102,AQ,42.144679,12.796107,9.0,-19798.54,-32107.23
PF10/0003/G102,AQ,42.142091,12.788583,56.0,-20069.806,-32736.473
PF11/0003/G102,AQ,42.141726,12.785673,70.0,-20104.162,-32977.974
PF13/0003/G102,AQ,42.144044,12.785302,70.0,-19845.937,-33001.947
PF19/0003/G102,AQ,42.143346,12.790102,56.0,-19933.758,-32607.329
PF21/0003/G102,AQ,42.144797,12.793273,56.0,-19779.361,-32341.082
PF23/0003/G102,AQ,42.145453,12.780834,56.0,-19679.915,-33367.13
PF24/0003/G102,AQ,42.143718,12.790215,70.0,-19892.677,-32596.917
PF25/0003/G102,AQ,42.143563,12.782716,70.0,-19893.754,-33217.089
PF26/0003/G102,AQ,42.140883,12.792877,50.0,-20213.188,-32385.046
PF02/0004/G102,AQ,42.140571,12.800394,52.0,-20263.84,-31764.732
PF03/0004/G102,AQ,42.140314,12.793714,9.0,-20278.1,-32317.49
PF04/0004/G102,AQ,42.142613,12.795408,9.0,-20026.49,-32170.9
PF06/0004/G102,AQ,42.148809,12.800966,9.0,-19350.31,-31693.86
PF07/0004/G102,AQ,42.143788,12.798499,9.0,-19902.56,-31912.17
PF08/0004/G102,AQ,42.149922,12.799502,9.0,-19223.58,-31811.7
PF09/0004/G102,AQ,42.148814,12.798419,9.0,-19344.27,-31904.37
PF10/0004/G102,AQ,42.1509,12.799722,9.0,-19115.5,-31790.68
PF13/0004/G102,AQ,42.140141,12.803918,52.0,-20319.059,-31474.74
PF14/0004/G102,AQ,42.141314,12.806662,52.0,-20194.614,-31244.618
PF15/0004/G102,AQ,42.145013,12.806352,54.0,-19783.245,-31259.679
PF18/0004/G102,AQ,42.143427,12.802845,56.0,-19951.871,-31554.03
PF22/0004/G102,AQ,42.140797,12.796966,9.0,-20231.38,-32047.43
PF23/0004/G102,AQ,42.146216,12.798489,9.0,-19632.94,-31905.98
PF24/0004/G102,AQ,42.138161,12.801514,50.0,-20533.835,-31679.046
PF25/0004/G102,AQ,42.145835,12.801601,56.0,-19681.879,-31649.938
PF26/0004/G102,AQ,42.138031,12.796295,70.0,-20537.092,-32110.793
PF27/0004/G102,AQ,42.13649,12.803479,50.0,-20723.533,-31521.473
PF01/0005/G102,AQ,42.129644,12.777658,8.0,-21428.48,-33675.26
PF03/0005/G102,AQ,42.131006,12.779081,70.0,-21280.294,-33553.738
PF04/0005/G102,AQ,42.133476,12.774665,54.0,-20996.583,-33911.599
PF05/0005/G102,AQ,42.13459,12.778317,56.0,-20880.688,-33606.531
PF06/0005/G102,AQ,42.128606,12.779246,56.0,-21547.146,-33547.036
PF09/0005/G102,AQ,42.13098,12.783131,56.0,-21291.868,-33219.034
PF10/0005/G102,AQ,42.130212,12.765725,54.0,-21339.653,-34660.015
PF02/0006/G102,AQ,42.136722,12.787019,9.0,-20662.67,-32881.16
PF03/0006/G102,AQ,42.135268,12.786432,9.0,-20822.84,-32933.87
PF07/0006/G102,AQ,42.134651,12.785671,9.0,-20889.69,-32998.53
PF11/0006/G102,AQ,42.140299,12.782816,56.0,-20256.485,-33218.2
PF15/0006/G102,AQ,42.138129,12.788057,9.0,-20508.68,-32791.31
PF16/0006/G102,AQ,42.13987,12.785347,8.0,-20309.48,-33010.3
PF17/0006/G102,AQ,42.135712,12.781884,56.0,-20763.802,-33308.488
PF18/0006/G102,AQ,42.132079,12.784278,70.0,-21172.303,-33121.11
PF01/0007/G102,AQ,42.13087,12.794228,9.0,-21327.88,-32302.13
PF02/0007/G102,AQ,42.132288,12.786708,9.0,-21154.33,-32919.63
PF03/0007/G102,AQ,42.130052,12.787331,9.0,-21403.94,-32874.6
PF05/0007/G102,AQ,42.138888,12.79248,9.0,-20433.79,-32423.62
PF06/0007/G102,AQ,42.136341,12.793152,9.0,-20718.08,-32375.35
PF08/0007/G102,AQ,42.134145,12.78902,56.0,-20953.047,-32723.233
PF11/0007/G102,AQ,42.132705,12.791052,52.0,-21117.363,-32559.429
PF12/0007/G102,AQ,42.136237,12.789282,9.0,-20721.39,-32695.56
PF13/0007/G102,AQ,42.138287,12.794602,9.0,-20505.09,-32249.93
PF01/0008/G102,AQ,42.136108,12.800804,8.0,-20760.3,-31743.61
PF02/0008/G102,AQ,42.129358,12.794105,9.0,-21495.49,-32316.68
PF03/0008/G102,AQ,42.132907,12.79694,9.0,-21107.46,-32072.17
PF04/0008/G102,AQ,42.135333,12.795585,9.0,-20835.22,-32177.18
PF06/0008/G102,AQ,42.13581,12.799151,50.0,-20789.898,-31881.082
PF07/0008/G102,AQ,42.133435,12.801024,50.0,-21057.524,-31733.058
PF01/0009/G102,AQ,42.120787,12.769053,7.0,-22393.5,-34412.29
PF02/0009/G102,AQ,42.116364,12.771953,8.0,-22890.88,-34185.38
PF03/0009/G102,AQ,42.116406,12.776534,54.0,-22896.08,-33806.528
PF04/0009/G102,AQ,42.121296,12.777701,54.0,-22355.585,-33695.889
PF05/0009/G102,AQ,42.125537,12.775222,12.0,-21879.329,-33888.575
PF06/0009/G102,AQ,42.127218,12.774409,12.0,-21690.941,-33950.885
PF07/0009/G102,AQ,42.114998,12.774505,54.0,-23048.071,-33978.348
PF08/0009/G102,AQ,42.126323,12.778336,54.0,-21798.722,-33628.876
PF09/0009/G102,AQ,42.118653,12.777262,54.0,-22648.076,-33739.804
PF10/0009/G102,AQ,42.12728,12.774222,54.0,-21683.579,-33966.113
PF01/0010/G102,AQ,42.132204,12.78619,9.0,-21162.61,-32962.71
PF02/0010/G102,AQ,42.129585,12.787457,9.0,-21456.11,-32865.54
PF03/0010/G102,AQ,42.128396,12.785545,9.0,-21584.08,-33026.98
PF04/0010/G102,AQ,42.126992,12.787943,9.0,-21745.07,-32832.79
PF05/0010/G102,AQ,42.124625,12.783938,9.0,-21999.27,-33170.67
PF06/0010/G102,AQ,42.122384,12.785121,9.0,-22250.67,-33079.38
PF08/0010/G102,AQ,42.128122,12.782538,70.0,-21607.989,-33276.295
PF09/0010/G102,AQ,42.123825,12.780306,54.0,-22080.382,-33473.194
PF10/0010/G102,AQ,42.130474,12.78386,56.0,-21349.712,-33160.241
PF02/0011/G102,AQ,42.129442,12.787524,9.0,-21472.16,-32860.37
PF03/0011/G102,AQ,42.128378,12.793283,9.0,-21602.62,-32387.42
PF05/0011/G102,AQ,42.125981,12.788375,9.0,-21858.22,-32799.97
PF07/0011/G102,AQ,42.126483,12.791405,9.0,-21809.0,-32548.13
PF08/0011/G102,AQ,42.12514,12.793973,9.0,-21963.6,-32339.66
PF09/0011/G102,AQ,42.120347,12.787595,56.0,-22482.153,-32880.65
PF10/0011/G102,AQ,42.1269,12.796248,70.0,-21773.016,-32146.548
PF11/0011/G102,AQ,42.129535,12.795841,52.0,-21479.635,-32172.685
PF13/0011/G102,AQ,42.122605,12.79275,70.0,-22242.447,-32448.032
PF15/0011/G102,AQ,42.123894,12.789568,70.0,-22092.552,-32707.403
PF16/0011/G102,AQ,42.121948,12.797067,12.0,-22324.708,-32093.097
PF01/0012/G102,AQ,42.126193,12.800833,56.0,-21861.34,-31769.635
PF02/0012/G102,AQ,42.122747,12.800462,12.0,-22243.221,-31810.085
PF03/0012/G102,AQ,42.116984,12.803786,12.0,-22890.139,-31551.806
PF05/0012/G102,AQ,42.128895,12.801353,50.0,-21562.413,-31718.86
PF06/0012/G102,AQ,42.129213,12.805442,50.0,-21535.749,-31379.972
PF07/0012/G102,AQ,42.126116,12.80467,50.0,-21878.009,-31452.659
PF08/0012/G102,AQ,42.124577,12.798865,12.0,-22036.56,-31936.876
PF09/0012/G102,AQ,42.122882,12.811402,50.0,-22251.418,-30905.397
PF01/0013/G102,AQ,42.113974,12.778168,70.0,-23169.584,-33678.444
PF02/0013/G102,AQ,42.115458,12.781574,70.0,-23012.137,-33392.571
PF03/0013/G102,AQ,42.116792,12.77986,54.0,-22860.364,-33530.405
PF05/0013/G102,AQ,42.118093,12.783045,70.0,-22722.746,-33263.3
PF01/0014/G102,AQ,42.115777,12.799754,7.0,-23015.63,-31888.58
PF02/0014/G102,AQ,42.115655,12.788679,8.0,-23005.54,-32804.54
PF03/0014/G102,AQ,42.115536,12.786348,9.0,-23013.72,-32997.61
PF09/0014/G102,AQ,42.116735,12.800079,50.0,-22909.954,-31858.989
PF10/0014/G102,AQ,42.112656,12.798861,70.0,-23360.282,-31971.393
PF11/0014/G102,AQ,42.116001,12.802964,50.0,-22997.6,-31622.538
PF12/0014/G102,AQ,42.118976,12.794228,50.0,-22648.633,-32336.276
PF15/0014/G102,AQ,42.111535,12.793908,70.0,-23474.178,-32384.055
PF16/0014/G102,AQ,42.115307,12.79384,12.0,-23055.19,-32378.85
PF17/0014/G102,AQ,42.113604,12.782965,12.0,-23220.98,-33282.91
PF01/0015/G102,AQ,42.108528,12.779936,8.0,-23778.12,-33548.0
PF02/0015/G102,AQ,42.109033,12.78285,12.0,-23728.357,-33305.608
PF01/0016/G102,AQ,42.111477,12.788868,50.0,-23469.898,-32800.973
PF01/0001/G142,AQ,42.13896,13.454759,8.0,-21629.03,22309.51
PF01/0003/G142,AQ,42.127839,13.470844,6.0,-22887.8,23616.69
PF01/0004/G142,AQ,42.120609,13.440689,6.0,-23645.54,21109.54
PF01/0005/G142,AQ,42.122884,13.457119,8.0,-23417.6,22472.25
PF01/0009/G142,AQ,42.111782,13.464567,8.0,-24661.5,23065.76
PF02/0009/G142,AQ,42.11094,13.460457,52.0,-24748.779,22724.305
PF01/0010/G142,AQ,42.11,13.468686,52.0,-24865.493,23402.819
PF01/0012/G142,AQ,42.115215,13.476453,8.0,-24297.89,24055.28
PF01/0013/G142,AQ,42.110941,13.460477,56.0,-24748.715,22725.96
PF01/0014/G142,AQ,42.107761,13.465098,52.0,-25108.714,23101.677
PF01/0016/G142,AQ,42.103149,13.478775,54.0,-25641.013,24223.438
PF03/0016/G142,AQ,42.10106,13.477046,70.0,-25870.446,24076.257
PF01/0019/G142,AQ,42.103063,13.454046,52.0,-25613.923,22178.457
PF02/0019/G142,AQ,42.106681,13.455275,52.0,-25214.027,22287.328
PF03/0019/G142,AQ,42.103491,13.445039,12.0,-25552.86,21434.49
PF01/0020/G142,AQ,42.104742,13.459399,8.0,-25435.41,22624.43
PF03/0020/G142,AQ,42.104263,13.461726,52.0,-25492.094,22815.841
PF04/0020/G142,AQ,42.106647,13.459228,52.0,-25223.646,22614.093
PF05/0020/G142,AQ,42.106263,13.460413,52.0,-25268.134,22711.274
PF06/0020/G142,AQ,42.106109,13.456726,56.0,-25279.707,22406.178
PF07/0020/G142,AQ,42.101797,13.459078,12.0,-25762.0,22592.0
PF01/0021/G142,AQ,42.10221,13.463323,70.0,-25722.497,22943.803
PF02/0021/G142,AQ,42.105604,13.464509,70.0,-25347.403,23048.637
PF03/0021/G142,AQ,42.109025,13.468081,50.0,-24972.819,23350.851
PF01/0022/G142,AQ,42.104864,13.467823,56.0,-25434.436,23321.202
PF02/0023/G142,AQ,42.101442,13.472252,70.0,-25820.965,23680.642
PF03/0023/G142,AQ,42.103967,13.46651,52.0,-25532.099,23210.877
PF04/0023/G142,AQ,42.105573,13.467243,70.0,-25354.914,23274.696
PF01/0024/G142,AQ,42.097684,13.475995,52.0,-26243.76,23982.732
PF01/0028/G142,AQ,42.098742,13.44425,12.0,-26078.95,21359.7
PF01/0029/G142,AQ,42.100763,13.449325,12.0,-25862.24,21783.45
PF01/0030/G142,AQ,42.09964,13.458523,70.0,-26000.658,22541.769
PF02/0031/G142,AQ,42.099316,13.461315,70.0,-26040.772,22772.012
PF01/0032/G142,AQ,42.102397,13.467261,50.0,-25707.564,23269.86
PF02/0032/G142,AQ,42.10085,13.469389,50.0,-25882.419,23442.681
PF03/0032/G142,AQ,42.099167,13.466079,50.0,-26064.44,23165.64
PF05/0032/G142,AQ,42.090059,12.900469,12.0,-26081.0,-23632.2
PF02/0034/G142,AQ,42.096743,13.450131,50.0,-26309.741,21841.967
PF01/0036/G142,AQ,42.097746,13.455294,50.0,-26206.173,22270.941
PF02/0037/G142,AQ,42.093822,13.455253,50.0,-26641.853,22259.664
PF03/0037/G142,AQ,42.095716,13.453119,50.0,-26428.27,22087.018
PF01/0038/G142,AQ,42.097245,13.465024,50.0,-26276.302,23074.549
PF02/0038/G142,AQ,42.096732,13.463908,50.0,-26331.603,22981.228
PF01/0039/G142,AQ,42.097487,13.468125,70.0,-26253.989,23331.481
PF01/0041/G142,AQ,42.091383,13.436688,8.0,-26884.71,20719.42
PF01/0043/G142,AQ,42.093327,13.452438,12.0,-26692.53,22025.89
PF01/0045/G142,AQ,42.09344,13.469273,50.0,-26705.038,23418.338
PF01/0048/G142,AQ,42.088888,13.457474,8.0,-27192.97,22433.43
PF02/0048/G142,AQ,42.089105,13.458671,50.0,-27170.687,22532.866
PF03/0048/G142,AQ,42.090864,13.45728,12.0,-26973.298,22421.391
PF01/0049/G142,AQ,42.091935,13.461862,50.0,-26861.165,22802.443
PF02/0049/G142,AQ,42.089756,13.467186,50.0,-27111.053,23238.46
PF01/0051/G142,AQ,42.091198,13.474003,52.0,-26960.983,23805.141
PF01/0052/G142,AQ,42.089936,13.478286,8.0,-27107.5,24156.79
PF01/0055/G142,AQ,42.086404,13.455977,50.0,-27466.528,22304.631
PF02/0055/G142,AQ,42.085871,13.457131,12.0,-27527.468,22399.08
PF01/0056/G142,AQ,42.08867,13.462224,50.0,-27224.297,22825.862
PF02/0056/G142,AQ,42.086221,13.461468,50.0,-27495.021,22758.446
PF02/0058/G142,AQ,42.088154,13.47304,52.0,-27297.652,23719.436
PF01/0060/G142,AQ,42.077986,13.446268,6.0,-28386.74,21484.64
PF01/0062/G142,AQ,42.083171,13.468054,50.0,-27843.49,23297.11
PF02/0062/G142,AQ,42.081905,13.463635,50.0,-27977.545,22929.064
PF01/0063/G142,AQ,42.082494,13.474997,12.0,-27928.936,23870.028
PF02/0063/G142,AQ,42.081456,13.47873,50.0,-28049.715,24176.831
PF01/0065/G142,AQ,42.082962,13.496217,6.0,-27908.15,25626.17
PF01/0066/G142,AQ,42.081114,13.42733,8.0,-28010.77,19924.49
PF01/0068/G142,AQ,42.06912,13.459235,8.0,-29390.57,22539.55
PF01/0069/G142,AQ,42.080687,13.468763,50.0,-28120.395,23350.789
PF01/0071/G142,AQ,42.075607,13.471986,8.0,-28689.27,23607.3
PF02/0071/G142,AQ,42.073846,13.473614,70.0,-28887.167,23738.504
PF03/0071/G142,AQ,42.073082,13.470471,70.0,-28967.387,23477.031
PF04/0071/G142,AQ,42.076711,13.46882,52.0,-28561.956,23347.607
PF05/0071/G142,AQ,42.073613,13.471474,70.0,-28909.867,23560.989
PF06/0071/G142,AQ,42.077689,13.471434,12.0,-28457.253,23565.846
PF02/0072/G142,AQ,42.076877,13.474633,70.0,-28552.096,23828.858
PF07/0072/G142,AQ,42.075361,13.477827,54.0,-28725.164,24090.078
PF08/0072/G142,AQ,42.072453,13.476324,70.0,-29045.861,23959.913
PF09/0072/G142,AQ,42.070587,13.476393,70.0,-29253.167,23962.002
PF03/0073/G142,AQ,42.079462,13.476076,70.0,-28267.202,23953.341
PF05/0073/G142,AQ,42.077941,13.477714,70.0,-28438.566,24085.765
PF06/0073/G142,AQ,42.076358,13.482674,52.0,-28621.539,24492.945
PF01/0074/G142,AQ,42.076322,13.484028,8.0,-28627.56,24604.93
PF02/0074/G142,AQ,42.077512,13.482501,54.0,-28493.154,24480.965
PF03/0074/G142,AQ,42.077267,13.479723,52.0,-28516.282,24250.615
PF04/0074/G142,AQ,42.07895,13.482567,12.0,-28333.606,24489.246
PF01/0078/G142,AQ,42.075369,13.477824,52.0,-28724.21,24089.794
PF01/0079/G142,AQ,42.077472,13.486287,50.0,-28503.18,24794.082
PF02/0079/G142,AQ,42.074301,13.484851,52.0,-28853.153,24669.054
PF01/0080/G142,AQ,42.066048,13.473369,6.0,-29752.68,23702.76
PF01/0082/G142,AQ,42.071819,13.479996,54.0,-29121.603,24262.473
PF01/0086/G142,AQ,42.065154,13.51248,2.0,-29909.01,26937.0
PF01/0092/G142,AQ,42.062376,13.484077,12.0,-30176.143,24581.517
PF01/0093/G142,AQ,42.064584,13.485547,50.0,-29933.111,24707.467
PF02/0094/G142,AQ,42.060631,13.488759,50.0,-30376.73,24965.466
PF01/0095/G142,AQ,42.058688,13.495713,12.0,-30602.699,25537.11
PF01/0099/G142,AQ,42.059986,13.48474,50.0,-30442.474,24631.696
PF01/0100/G142,AQ,42.05924,13.493163,12.0,-30537.67,25327.156
PF02/0100/G142,AQ,42.058346,13.493622,12.0,-30637.541,25363.349
PF01/0101/G142,AQ,42.05711,13.496582,70.0,-30779.18,25605.928
PF02/0101/G142,AQ,42.055791,13.497533,70.0,-30926.991,25681.977
PF03/0101/G142,AQ,42.058137,13.496816,12.0,-30665.431,25627.239
PF01/0103/G142,AQ,42.051856,13.520412,8.0,-31396.95,27567.7
PF01/0106/G142,AQ,42.052366,13.459146,8.0,-31250.78,22498.63
PF02/0106/G142,AQ,42.043859,13.467018,70.0,-32207.026,23133.118
PF03/0106/G142,AQ,42.045956,13.46527,70.0,-31971.629,22992.663
PF04/0106/G142,AQ,42.04918,13.462916,70.0,-31610.122,22804.278
PF07/0106/G142,AQ,42.046014,13.473905,12.0,-31977.969,23707.432
PF01/0107/G142,AQ,42.050369,13.470918,12.0,-31489.994,23468.848
PF02/0109/G142,AQ,42.050217,13.479982,50.0,-31520.191,24218.674
PF01/0110/G142,AQ,42.052859,13.4826,8.0,-31230.67,24440.5
PF02/0110/G142,AQ,42.04561,13.482854,70.0,-32036.03,24447.291
PF03/0110/G142,AQ,42.047794,13.480999,70.0,-31790.769,24298.036
PF04/0110/G142,AQ,42.041793,13.482691,12.0,-32459.546,24426.297
PF01/0114/G142,AQ,42.047782,13.496313,8.0,-31814.44,25565.41
PF01/0122/G142,AQ,42.041259,13.469379,70.0,-32499.25,23323.391
PF01/0123/G142,AQ,42.043001,13.478387,50.0,-32319.161,24072.396
PF02/0123/G142,AQ,42.040361,13.478515,12.0,-32612.42,24077.78
PF01/0124/G142,AQ,42.045306,13.478092,70.0,-32062.711,24052.567
PF02/0124/G142,AQ,42.047588,13.47795,52.0,-31809.19,24045.341
PF01/0125/G142,AQ,42.044511,13.47995,52.0,-32153.734,24204.778
PF01/0133/G142,AQ,42.036879,13.479276,12.0,-33000.188,24133.871
PF01/0134/G142,AQ,42.038411,13.483985,8.0,-32837.04,24526.75
PF08/0001/G145,AQ,42.04159,13.350801,52.0,-32280.037,13509.511
PF13/0001/G145,AQ,42.048739,13.340515,50.0,-31469.704,12673.538
PF01/0002/G145,AQ,42.049327,13.37488,8.0,-31459.13,15518.87
PF02/0002/G145,AQ,42.040288,13.382129,9.0,-32474.101,16099.771
PF03/0002/G145,AQ,42.036214,13.39055,9.0,-32939.588,16788.262
PF04/0002/G145,AQ,42.322846,12.777608,166.0,25.4,-33119.824
PF05/0002/G145,AQ,42.036433,13.386886,56.0,-32909.543,16485.434
PF06/0002/G145,AQ,42.05021,13.389997,50.0,-31384.659,16771.708
PF07/0002/G145,AQ,42.044667,13.393515,52.0,-32005.677,17051.34
PF08/0002/G145,AQ,42.046429,13.385058,50.0,-31796.817,16355.102
PF10/0002/G145,AQ,42.044474,13.371298,52.0,-31992.296,15212.143
PF11/0002/G145,AQ,42.045922,13.368142,56.0,-31826.591,14954.035
PF13/0002/G145,AQ,42.04466,13.368508,52.0,-31967.296,14981.581
PF14/0002/G145,AQ,42.040993,13.368323,56.0,-32374.111,14958.55
PF16/0002/G145,AQ,42.035267,13.38974,54.0,-33043.56,16719.25
PF17/0002/G145,AQ,42.046285,13.377255,52.0,-31800.632,15708.946
PF18/0002/G145,AQ,42.036068,13.385923,52.0,-32948.608,16404.934
PF19/0002/G145,AQ,42.041547,13.385585,50.0,-32339.682,16388.449
PF20/0002/G145,AQ,42.03908,13.381926,50.0,-32607.942,16080.445
PF21/0002/G145,AQ,42.038715,13.380416,52.0,-32646.128,15954.667
PF22/0002/G145,AQ,42.049698,13.389209,50.0,-31440.279,16705.486
PF23/0002/G145,AQ,42.038537,13.375208,52.0,-32657.63,15523.23
PF24/0002/G145,AQ,42.0404,13.376905,52.0,-32453.46,15667.65
PF26/0002/G145,AQ,42.045618,13.38224,52.0,-31882.422,16120.121
PF27/0002/G145,AQ,42.038144,13.367375,12.0,-32688.993,14873.993
PF28/0002/G145,AQ,42.041131,13.39067,70.0,-32393.87,16808.458
PF29/0002/G145,AQ,42.038897,13.388852,50.0,-32639.094,16653.304
PF30/0002/G145,AQ,42.038109,13.371559,12.0,-32699.513,15220.314
PF31/0002/G145,AQ,42.050169,13.387923,12.0,-31386.0,16600.0
PF32/0002/G145,AQ,42.044976,13.365266,12.0,-31927.0,14714.0
PF01/0003/G145,AQ,42.045681,13.396848,56.0,-31898.226,17329.292
PF01/0004/G145,AQ,42.044333,13.401965,50.0,-32055.867,17749.972
PF02/0005/G145,AQ,42.044177,13.410477,50.0,-32086.278,18454.182
PF01/0006/G145,AQ,42.040554,13.39414,8.0,-32463.28,17094.46
PF02/0006/G145,AQ,42.040448,13.397262,54.0,-32479.987,17352.639
PF03/0006/G145,AQ,42.040201,13.403166,52.0,-32516.461,17840.808
PF04/0006/G145,AQ,42.043128,13.397145,52.0,-32182.191,17348.57
PF05/0006/G145,AQ,42.040792,13.394317,70.0,-32437.176,17109.651
PF01/0007/G145,AQ,42.042704,13.403659,8.0,-32239.37,17886.86
PF02/0007/G145,AQ,42.044955,13.407116,50.0,-31994.758,18177.566
PF03/0007/G145,AQ,42.038024,13.404572,52.0,-32760.398,17952.654
PF01/0008/G145,AQ,42.041457,13.412588,50.0,-32391.524,18623.281
PF02/0008/G145,AQ,42.038891,13.41203,50.0,-32675.58,18571.816
PF01/0009/G145,AQ,42.036332,13.39652,9.0,-32935.785,17282.686
PF02/0009/G145,AQ,42.039993,13.40321,50.0,-32539.629,17844.037
PF03/0009/G145,AQ,42.03983,13.398126,52.0,-32549.868,17422.916
PF04/0009/G145,AQ,42.037777,13.401169,52.0,-32782.579,17670.469
PF01/0010/G145,AQ,42.037813,13.411542,50.0,-32794.596,18529.147
PF02/0010/G145,AQ,42.039224,13.408746,52.0,-32633.592,18300.641
PF01/0011/G145,AQ,42.0381,13.415548,52.0,-32768.884,18861.347
PF02/0011/G145,AQ,42.034962,13.414907,50.0,-33116.284,18801.832
PF01/0012/G145,AQ,42.032793,13.387167,70.0,-33314.179,16501.032
PF06/0012/G145,AQ,42.029699,13.383724,9.0,-33652.333,16209.553
PF08/0012/G145,AQ,42.035946,13.392081,54.0,-32971.74,16914.408
PF09/0012/G145,AQ,42.033911,13.392394,9.0,-33198.162,16936.083
PF10/0012/G145,AQ,42.03671,13.394504,54.0,-32890.759,17116.587
PF13/0012/G145,AQ,42.037945,13.392611,9.0,-32750.581,16962.455
PF14/0012/G145,AQ,42.032915,13.390581,70.0,-33306.03,16783.955
PF03/0013/G145,AQ,42.031624,13.39578,9.0,-33457.407,17211.642
PF04/0013/G145,AQ,42.031232,13.398668,9.0,-33505.388,17449.905
PF07/0013/G145,AQ,42.033906,13.399243,9.0,-33209.402,17503.0
PF09/0013/G145,AQ,42.033815,13.39652,9.0,-33215.261,17277.402
PF15/0013/G145,AQ,42.031838,13.392623,70.0,-33428.762,16950.748
PF01/0014/G145,AQ,42.030812,13.401699,9.0,-33556.802,17699.918
PF02/0014/G145,AQ,42.032632,13.401479,9.0,-33354.295,17685.507
PF03/0014/G145,AQ,42.034533,13.401672,9.0,-33143.574,17705.433
PF04/0014/G145,AQ,42.030926,13.405029,52.0,-33549.226,17975.847
PF05/0014/G145,AQ,42.034336,13.406204,52.0,-33172.383,18080.165
PF01/0015/G145,AQ,42.029878,13.409288,52.0,-33672.133,18326.235
PF01/0016/G145,AQ,42.029408,13.412547,52.0,-33729.415,18595.013
PF02/0016/G145,AQ,42.036096,13.411095,52.0,-32984.502,18488.668
PF01/0017/G145,AQ,42.032473,13.419705,54.0,-33400.024,19193.914
PF02/0017/G145,AQ,42.029678,13.416522,52.0,-33705.504,18924.666
PF02/0018/G145,AQ,42.034093,13.358634,50.0,-33124.975,14141.886
PF03/0018/G145,AQ,42.026342,13.357552,50.0,-33983.854,14035.818
PF04/0018/G145,AQ,42.037243,13.340006,50.0,-32745.403,12606.681
PF05/0018/G145,AQ,42.017905,13.341852,52.0,-34895.613,12717.805
PF06/0018/G145,AQ,42.023278,13.347956,50.0,-34308.718,13234.753
PF07/0018/G145,AQ,42.028809,13.366224,50.0,-33723.639,14758.936
PF09/0018/G145,AQ,42.03058,13.350129,50.0,-33501.411,13430.345
PF10/0018/G145,AQ,42.033048,13.365658,52.0,-33252.126,14721.095
PF11/0018/G145,AQ,42.028014,13.335495,50.0,-33762.96,12213.285
PF12/0018/G145,AQ,42.039426,13.340631,50.0,-32504.073,12663.13
PF13/0018/G145,AQ,42.037224,13.341103,50.0,-32749.261,12697.418
PF14/0018/G145,AQ,42.039326,13.344953,52.0,-32522.019,13020.65
PF15/0018/G145,AQ,42.032754,13.347695,12.0,-33256.122,13233.483
PF16/0018/G145,AQ,42.035266,13.347301,12.0,-32976.656,13206.303
PF17/0018/G145,AQ,42.035099,13.343445,12.0,-32989.014,12886.711
PF18/0018/G145,AQ,42.032702,13.344065,12.0,-33256.14,12932.847
PF19/0018/G145,AQ,42.032803,13.336735,50.0,-33233.103,12326.349
PF20/0018/G145,AQ,42.020346,13.344515,52.0,-34628.813,12943.607
PF21/0018/G145,AQ,42.035404,13.35635,50.0,-32975.752,13955.611
PF24/0018/G145,AQ,42.025118,13.350182,12.0,-34107.968,13422.982
PF25/0018/G145,AQ,42.022728,13.354338,12.0,-34380.0,13762.0
PF26/0018/G145,AQ,42.027478,13.353932,12.0,-33852.0,13738.5
PF01/0019/G145,AQ,42.032808,13.360694,8.0,-33270.88,14309.7
PF02/0019/G145,AQ,42.029407,13.375126,9.0,-33671.258,15497.205
PF03/0019/G145,AQ,42.024661,13.379301,9.0,-34204.846,15832.795
PF04/0019/G145,AQ,42.025377,13.382007,9.0,-34129.583,16058.359
PF05/0019/G145,AQ,42.027661,13.381334,9.0,-33874.974,16007.453
PF06/0019/G145,AQ,42.028551,13.381629,9.0,-33776.596,16033.703
PF09/0019/G145,AQ,42.033833,13.382565,56.0,-33191.499,16122.323
PF10/0019/G145,AQ,42.021269,13.374659,56.0,-34574.137,15441.337
PF12/0019/G145,AQ,42.031623,13.37108,70.0,-33418.868,15166.954
PF13/0019/G145,AQ,42.027976,13.370093,70.0,-33822.296,15077.47
PF15/0019/G145,AQ,42.022491,13.368561,50.0,-34428.867,14939.023
PF17/0019/G145,AQ,42.031611,13.365914,70.0,-33412.115,14739.206
PF18/0019/G145,AQ,42.035519,13.366756,52.0,-32979.469,14817.224
PF19/0019/G145,AQ,42.033748,13.382433,52.0,-33200.78,16111.187
PF20/0019/G145,AQ,42.025378,13.382006,50.0,-34129.513,16058.271
PF21/0019/G145,AQ,42.02944,13.384425,70.0,-33682.23,16267.067
PF22/0019/G145,AQ,42.032643,13.385599,70.0,-33328.385,16370.951
PF23/0019/G145,AQ,42.031072,13.357034,50.0,-33457.871,14002.96
PF24/0019/G145,AQ,42.039069,13.361762,52.0,-32577.328,14411.351
PF25/0019/G145,AQ,42.032969,13.355104,50.0,-33244.099,13847.286
PF26/0019/G145,AQ,42.02376,13.371845,70.0,-34293.224,15213.637
PF27/0019/G145,AQ,42.033671,13.37084,12.0,-33191.081,15151.357
PF28/0019/G145,AQ,42.026759,13.362953,70.0,-33946.098,14483.791
PF29/0019/G145,AQ,42.02919,13.360048,12.0,-33671.57,14248.45
PF30/0019/G145,AQ,42.033346,13.375156,12.0,-33234.0,15508.0
PF31/0019/G145,AQ,42.467303,12.769001,10.0,16085.404,-33407.671
PF01/0020/G145,AQ,42.031621,13.388674,70.0,-33446.649,16623.338
PF01/0021/G145,AQ,42.028817,13.390648,70.0,-33761.121,16780.96
PF02/0021/G145,AQ,42.02794,13.39292,9.0,-33862.083,16967.197
PF03/0021/G145,AQ,42.02909,13.393245,9.0,-33734.793,16996.474
PF04/0021/G145,AQ,42.030866,13.392208,70.0,-33536.046,16914.31
PF08/0021/G145,AQ,42.030016,13.397439,9.0,-33638.502,17345.622
PF09/0021/G145,AQ,42.031499,13.395852,9.0,-33471.452,17217.299
PF11/0021/G145,AQ,42.028985,13.399721,9.0,-33756.547,17532.376
PF12/0021/G145,AQ,42.027596,13.396724,9.0,-33906.083,17281.412
PF14/0021/G145,AQ,42.030883,13.400337,9.0,-33546.74,17587.352
PF15/0021/G145,AQ,42.028341,13.394707,9.0,-33820.244,17115.918
PF01/0022/G145,AQ,42.029462,13.40362,52.0,-33709.574,17856.173
PF02/0022/G145,AQ,42.143153,13.23679,52.0,-20814.366,4305.663
PF01/0023/G145,AQ,42.028184,13.420668,50.0,-33877.707,19264.825
PF02/0023/G145,AQ,42.025174,13.414807,52.0,-34202.955,18773.44
PF03/0023/G145,AQ,42.027579,13.411088,52.0,-33930.199,18470.503
PF03/0024/G145,AQ,42.026668,13.386935,52.0,-33993.942,16469.058
PF06/0024/G145,AQ,42.0267,13.383119,9.0,-33984.476,16153.178
PF07/0024/G145,AQ,42.028107,13.383886,9.0,-33829.411,16219.644
PF10/0024/G145,AQ,42.030088,13.385465,70.0,-33611.924,16354.551
PF11/0024/G145,AQ,42.028972,13.387105,70.0,-33738.381,16487.899
PF12/0024/G145,AQ,42.028015,13.389922,70.0,-33848.982,16719.124
PF13/0024/G145,AQ,42.027355,13.390075,52.0,-33922.531,16730.455
PF01/0025/G145,AQ,42.025441,13.395492,9.0,-34143.481,17174.934
PF02/0025/G145,AQ,42.025339,13.400217,12.0,-34162.14,17565.894
PF01/0026/G145,AQ,42.024661,13.381786,9.0,-34208.715,16038.586
PF02/0026/G145,AQ,42.02134,13.385557,70.0,-34583.394,16343.764
PF03/0026/G145,AQ,42.023444,13.38741,52.0,-34352.698,16501.652
PF01/0027/G145,AQ,42.025237,13.393166,9.0,-34162.526,16981.884
PF02/0027/G145,AQ,42.026677,13.391375,9.0,-33999.916,16836.668
PF04/0027/G145,AQ,42.025132,13.389383,54.0,-34168.293,16668.509
PF01/0028/G145,AQ,42.022969,13.398127,70.0,-34422.022,17387.949
PF02/0028/G145,AQ,42.02251,13.402773,12.0,-34480.198,17771.587
PF01/0029/G145,AQ,42.026256,13.40478,50.0,-34067.358,17945.5
PF01/0030/G145,AQ,42.022789,13.410678,50.0,-34461.464,18426.697
PF01/0031/G145,AQ,42.019507,13.37283,50.0,-34766.963,15286.232
PF02/0031/G145,AQ,42.019505,13.368677,50.0,-34760.615,14942.359
PF03/0031/G145,AQ,42.019825,13.3653,52.0,-34719.78,14663.394
PF01/0032/G145,AQ,42.020238,13.376237,8.0,-34691.18,15569.81
PF02/0032/G145,AQ,42.019896,13.377131,9.0,-34730.554,15643.139
PF03/0032/G145,AQ,42.020422,13.379218,9.0,-34675.437,15817.04
PF04/0032/G145,AQ,42.021579,13.379799,9.0,-34547.837,15867.597
PF05/0032/G145,AQ,42.022765,13.380572,9.0,-34417.385,15934.079
PF07/0032/G145,AQ,42.021181,13.379507,70.0,-34591.608,15842.565
PF08/0032/G145,AQ,42.018413,13.381557,12.0,-34902.1,16006.5
PF01/0033/G145,AQ,42.020917,13.388535,50.0,-34634.98,16589.443
PF02/0034/G145,AQ,42.02005,13.397951,70.0,-34745.883,17367.296
PF03/0034/G145,AQ,42.023266,13.392969,50.0,-34381.14,16961.46
PF04/0034/G145,AQ,42.019528,13.396117,70.0,-34801.012,17214.358
PF01/0035/G145,AQ,42.021299,13.331507,50.0,-34502.084,11868.616
PF02/0035/G145,AQ,42.021259,13.337811,50.0,-34516.695,12390.511
PF03/0035/G145,AQ,42.023259,13.341347,50.0,-34300.241,12687.593
PF01/0036/G145,AQ,42.016302,13.359041,6.0,-35101.06,14137.69
PF02/0036/G145,AQ,42.017618,13.369378,50.0,-34971.303,14996.338
PF03/0036/G145,AQ,42.02084,13.360798,52.0,-34599.921,14292.835
PF01/0037/G145,AQ,42.020273,13.340597,50.0,-34630.671,12619.042
PF03/0037/G145,AQ,42.015081,13.348872,50.0,-35220.449,13293.079
PF01/0039/G145,AQ,42.017129,13.371655,62.0,-35029.14,15183.884
PF01/0040/G145,AQ,42.017563,13.37562,9.0,-34987.207,15513.091
PF03/0041/G145,AQ,42.019468,13.400985,52.0,-34815.236,17617.307
PF04/0041/G145,AQ,42.017295,13.400397,70.0,-35055.635,17564.064
PF05/0041/G145,AQ,42.016711,13.395592,12.0,-35113.0,17165.0
PF01/0043/G145,AQ,41.995411,13.36937,8.0,-37437.0,14948.73
PF05/0007/G200,AQ,42.227556,13.242033,21.0,-11451.197,4932.11
PF11/0008/G200,AQ,42.219038,13.234721,70.0,-12384.608,4309.136
PF14/0008/G200,AQ,42.22447,13.234658,21.0,-11781.265,4316.384
PF08/0009/G200,AQ,42.228855,13.251069,70.0,-11322.307,5680.796
PF13/0009/G200,AQ,42.227025,13.250627,21.0,-11524.77,5640.162
PF24/0014/G200,AQ,42.21625,13.254419,21.0,-12727.616,5928.614
PF17/0015/G200,AQ,42.210118,13.254796,21.0,-13409.17,5945.79
PF11/0016/G200,AQ,42.20745,13.265941,52.0,-13724.182,6859.817
PF27/0016/G200,AQ,42.212374,13.25725,21.0,-13162.85,6153.508
PF12/0020/G200,AQ,42.207788,13.256152,20.0,-13670.224,6052.41
PF08/0027/G200,AQ,42.19493,13.254596,20.0,-15095.356,5894.747
PF07/0029/G200,AQ,42.177034,13.249005,20.0,-17073.017,5392.275
PF07/0030/G200,AQ,42.176697,13.252213,21.0,-17115.914,5656.508
PF04/0031/G200,AQ,42.175725,13.24578,21.0,-17212.945,5122.962
PF04/0033/G200,AQ,42.173749,13.271073,21.0,-17474.981,7207.584
PF01/0034/G200,AQ,42.171683,13.266001,21.0,-17695.877,6784.004
PF04/0035/G200,AQ,42.172469,13.269614,20.0,-17614.725,7084.216
PF02/0039/G200,AQ,42.174955,13.25057,20.0,-17306.517,5516.859
PF03/0040/G200,AQ,42.197842,13.25335,21.0,-14769.869,5798.478
PF03/0041/G200,AQ,42.173889,13.248824,70.0,-17421.948,5370.153
PF09/0041/G200,AQ,42.173183,13.252726,21.0,-17506.987,5690.895
PF01/0001/G210,AQ,42.164809,13.73702,8.0,-19142.57,45678.38
PF02/0001/G210,AQ,42.184101,13.718286,8.0,-16977.35,44163.04
PF03/0001/G210,AQ,42.170373,13.717578,8.0,-18500.75,44081.61
PF01/0002/G210,AQ,42.156648,13.72806,6.0,-20037.71,44924.75
PF02/0002/G210,AQ,42.14478,13.718452,52.0,-21343.613,44111.149
PF01/0003/G210,AQ,42.155385,13.748235,6.0,-20202.63,46589.46
PF03/0003/G210,AQ,42.153404,13.73387,50.0,-20405.056,45399.384
PF01/0005/G210,AQ,42.156809,13.773077,8.0,-20074.34,48644.15
PF02/0005/G210,AQ,42.164032,13.773453,8.0,-19272.72,48686.77
PF01/0006/G210,AQ,42.165983,13.792684,8.0,-19078.78,50278.47
PF01/0007/G210,AQ,42.169782,13.827796,1.0,-18697.41,53184.73
PF02/0007/G210,AQ,42.167454,13.80647,8.0,-18931.43,51419.57
PF03/0007/G210,AQ,42.15183,13.829455,6.0,-20692.58,53294.44
PF04/0007/G210,AQ,42.156252,13.814699,8.0,-20184.74,52082.02
PF01/0008/G210,AQ,42.143128,13.710194,50.0,-21516.748,43426.003
PF02/0008/G210,AQ,42.14067,13.712988,52.0,-21793.227,43652.74
PF03/0008/G210,AQ,42.143423,13.704726,56.0,-21477.142,42974.674
PF01/0009/G210,AQ,42.147408,13.737684,8.0,-21075.57,45704.7
PF02/0009/G210,AQ,42.152227,13.731073,50.0,-20532.338,45166.38
PF04/0009/G210,AQ,42.136689,13.732367,56.0,-22259.233,45247.681
PF05/0009/G210,AQ,42.141929,13.723437,52.0,-21666.387,44518.368
PF06/0009/G210,AQ,42.139142,13.727578,52.0,-21980.929,44855.891
PF07/0009/G210,AQ,42.136391,13.734182,70.0,-22294.464,45397.166
PF01/0010/G210,AQ,42.147476,13.762494,8.0,-21098.02,47754.81
PF02/0010/G210,AQ,42.138599,13.752706,8.0,-22071.91,46931.67
PF03/0010/G210,AQ,42.135725,13.761075,50.0,-22401.051,47618.608
PF01/0012/G210,AQ,42.153853,13.794965,8.0,-20428.26,50447.88
PF01/0013/G210,AQ,42.145606,13.78193,8.0,-21328.7,49357.82
PF02/0013/G210,AQ,42.145916,13.787757,12.0,-21301.204,49839.83
PF01/0014/G210,AQ,42.14731,13.793353,12.0,-21152.95,50304.46
PF02/0014/G210,AQ,42.144543,13.7913,12.0,-21457.78,50130.41
PF03/0015/G210,AQ,42.136987,13.703243,70.0,-22189.932,42841.209
PF04/0015/G210,AQ,42.139078,13.710321,52.0,-21966.636,43429.676
PF05/0015/G210,AQ,42.138013,13.713142,52.0,-22088.456,43661.063
PF07/0015/G210,AQ,42.137046,13.716474,52.0,-22199.901,43934.779
PF08/0015/G210,AQ,42.13621,13.711446,52.0,-22286.519,43517.87
PF09/0015/G210,AQ,42.13538,13.714268,70.0,-22382.165,43749.652
PF10/0015/G210,AQ,42.132748,13.704541,52.0,-22662.224,42941.377
PF11/0015/G210,AQ,42.133059,13.706409,52.0,-22630.131,43096.236
PF12/0015/G210,AQ,42.134086,13.709046,52.0,-22519.397,43315.918
PF13/0015/G210,AQ,42.14523,13.700608,50.0,-21271.343,42637.44
PF02/0016/G210,AQ,42.133164,13.719182,9.0,-22634.367,44152.134
PF03/0016/G210,AQ,42.134974,13.728806,54.0,-22445.276,44950.491
PF04/0016/G210,AQ,42.13311,13.724426,56.0,-22646.877,44585.471
PF05/0016/G210,AQ,42.13595,13.722309,52.0,-22328.9,44415.226
PF06/0016/G210,AQ,42.139285,13.721303,52.0,-21957.364,44337.584
PF07/0016/G210,AQ,42.138365,13.725638,52.0,-22064.782,44694.286
PF04/0017/G210,AQ,42.133753,13.740648,70.0,-22595.385,45927.216
PF05/0017/G210,AQ,42.132472,13.741035,54.0,-22738.003,45957.065
PF06/0017/G210,AQ,42.132498,13.745041,8.0,-22740.03,46288.24
PF07/0017/G210,AQ,42.132652,13.747372,54.0,-22725.749,46481.136
PF16/0017/G210,AQ,42.130168,13.736847,54.0,-22988.782,45607.154
PF17/0017/G210,AQ,42.135543,13.742717,54.0,-22399.057,46101.145
PF01/0018/G210,AQ,42.13575,13.764969,50.0,-22402.943,47940.462
PF01/0021/G210,AQ,42.130815,13.77562,8.0,-22963.63,48812.89
PF04/0021/G210,AQ,42.130459,13.789439,54.0,-23019.455,49954.441
PF05/0021/G210,AQ,42.132654,13.791224,54.0,-22777.806,50105.462
PF01/0023/G210,AQ,42.129726,13.820495,8.0,-23136.7,52520.15
PF02/0023/G210,AQ,42.139382,13.832505,6.0,-22078.19,53527.5
PF03/0023/G210,AQ,42.138797,13.844298,8.0,-22156.45,54501.22
PF01/0024/G210,AQ,42.126159,13.699258,70.0,-23387.309,42493.579
PF02/0024/G210,AQ,42.126661,13.700773,9.0,-23333.369,42619.621
PF03/0024/G210,AQ,42.124493,13.700954,70.0,-23574.421,42630.938
PF05/0024/G210,AQ,42.130143,13.703685,52.0,-22950.475,42866.19
PF06/0024/G210,AQ,42.126283,13.704203,52.0,-23379.657,42902.524
PF02/0025/G210,AQ,42.122452,13.710693,70.0,-23813.183,43432.55
PF03/0025/G210,AQ,42.128303,13.714679,52.0,-23168.451,43771.816
PF06/0025/G210,AQ,42.127625,13.712133,54.0,-23240.638,43560.24
PF07/0025/G210,AQ,42.130903,13.714643,70.0,-22879.767,43773.221
PF08/0025/G210,AQ,42.124746,13.707658,12.0,-23554.659,43185.515
PF09/0025/G210,AQ,42.13184,13.711328,70.0,-22771.555,43500.812
PF01/0026/G210,AQ,42.131156,13.729904,54.0,-22870.587,45034.955
PF03/0026/G210,AQ,42.132288,13.728397,9.0,-22742.973,44912.234
PF05/0026/G210,AQ,42.126941,13.722064,70.0,-23328.852,44379.962
PF06/0026/G210,AQ,42.127431,13.717403,70.0,-23268.679,43995.497
PF07/0026/G210,AQ,42.12916,13.720184,52.0,-23080.201,44228.237
PF08/0026/G210,AQ,42.131148,13.717096,52.0,-22855.626,43976.311
PF01/0027/G210,AQ,42.129267,13.730178,9.0,-23080.625,45054.52
PF02/0027/G210,AQ,42.124849,13.723582,52.0,-23563.048,44501.99
PF03/0027/G210,AQ,42.127853,13.725345,54.0,-23231.677,44652.645
PF04/0027/G210,AQ,42.127816,13.728753,50.0,-23239.966,44934.307
PF01/0028/G210,AQ,42.119313,13.703083,8.0,-24152.23,42798.18
PF02/0028/G210,AQ,42.119493,13.702978,52.0,-24132.088,42789.795
PF03/0028/G210,AQ,42.120241,13.708737,52.0,-24056.232,43267.147
PF04/0028/G210,AQ,42.122354,13.707301,50.0,-23819.898,43151.962
PF05/0028/G210,AQ,42.120604,13.712342,70.0,-24020.454,43565.764
PF06/0028/G210,AQ,42.123129,13.703895,56.0,-23729.484,42871.742
PF01/0029/G210,AQ,42.126182,13.713289,9.0,-23402.284,43653.346
PF02/0029/G210,AQ,42.122358,13.724878,52.0,-23841.228,44604.981
PF03/0029/G210,AQ,42.125231,13.719139,70.0,-23515.123,44135.322
PF04/0029/G210,AQ,42.119717,13.719234,70.0,-24127.504,44134.052
PF05/0029/G210,AQ,42.122687,13.721179,70.0,-23800.117,44299.746
PF06/0029/G210,AQ,42.121489,13.715236,70.0,-23925.841,43806.496
PF07/0029/G210,AQ,42.119346,13.723675,50.0,-24174.231,44500.524
PF08/0029/G210,AQ,42.124199,13.715339,52.0,-23624.992,43819.506
PF02/0030/G210,AQ,42.127294,13.732691,56.0,-23302.788,45258.936
PF03/0030/G210,AQ,42.124143,13.730703,56.0,-23650.194,45089.43
PF04/0030/G210,AQ,42.122804,13.734927,56.0,-23804.053,45436.391
PF07/0030/G210,AQ,42.121811,13.732075,56.0,-23910.871,45199.0
PF08/0030/G210,AQ,42.124453,13.726834,54.0,-23611.044,44770.085
PF10/0030/G210,AQ,42.123557,13.738259,52.0,-23724.544,45713.07
PF01/0033/G210,AQ,42.119566,13.772879,6.0,-24209.37,48568.41
PF03/0034/G210,AQ,42.130689,13.793342,54.0,-22998.439,50277.448
PF01/0035/G210,AQ,42.123947,13.833656,6.0,-23793.36,53599.21
PF01/0036/G210,AQ,42.112131,13.715792,8.0,-24965.57,43836.82
PF02/0036/G210,AQ,42.115578,13.711416,50.0,-24577.336,43480.794
PF03/0036/G210,AQ,42.116231,13.716552,70.0,-24511.236,43906.515
PF04/0036/G210,AQ,42.118105,13.709653,50.0,-24294.579,43339.32
PF05/0036/G210,AQ,42.116851,13.720556,50.0,-24447.426,44238.543
PF06/0036/G210,AQ,42.117948,13.713372,70.0,-24316.668,43646.508
PF07/0036/G210,AQ,42.114397,13.719535,12.0,-24718.55,44150.05
PF01/0037/G210,AQ,42.117729,13.730864,52.0,-24362.605,45092.182
PF03/0037/G210,AQ,42.120143,13.728559,52.0,-24091.751,44905.549
PF04/0037/G210,AQ,42.116467,13.727251,52.0,-24498.334,44791.409
PF01/0038/G210,AQ,42.117515,13.735251,8.0,-24391.7,45454.47
PF02/0038/G210,AQ,42.120657,13.736814,56.0,-24044.831,45588.85
PF03/0038/G210,AQ,42.12093,13.740209,52.0,-24018.649,45869.948
PF04/0038/G210,AQ,42.120059,13.730275,50.0,-24103.165,45047.283
PF01/0040/G210,AQ,42.120936,13.757339,8.0,-24038.73,47286.0
PF01/0043/G210,AQ,42.10608,13.751092,8.0,-25680.76,46745.42
PF01/0046/G210,AQ,42.105069,13.765362,8.0,-25810.15,47923.7
PF02/0048/G210,AQ,42.109475,13.787377,50.0,-25347.004,49750.997
PF03/0048/G210,AQ,42.107193,13.783825,50.0,-25596.181,49453.691
PF01/0001/G449,AQ,42.139296,12.809227,70.0,-20424.146,-31038.391
PF02/0001/G449,AQ,42.139037,12.813468,70.0,-20461.985,-30688.6
PF03/0001/G449,AQ,42.13498,12.811421,70.0,-20908.077,-30869.333
PF01/0003/G449,AQ,42.144996,12.817502,8.0,-19808.82,-30338.29
PF02/0003/G449,AQ,42.138063,12.822421,50.0,-20588.997,-29951.474
PF03/0003/G449,AQ,42.135326,12.821721,50.0,-20891.5,-30017.07
PF04/0003/G449,AQ,42.141232,12.824914,50.0,-20242.358,-29736.434
PF05/0003/G449,AQ,42.142232,12.822163,50.0,-20125.492,-29960.994
PF01/0004/G449,AQ,42.145298,12.831662,8.0,-19805.03,-29167.35
PF01/0005/G449,AQ,42.136026,12.848063,8.0,-20868.92,-27837.98
PF01/0006/G449,AQ,42.133335,12.890876,8.0,-21256.09,-24306.89
PF01/0007/G449,AQ,42.128991,12.814631,8.0,-21579.97,-30621.04
PF03/0007/G449,AQ,42.13091,12.814125,70.0,-21365.788,-30657.459
PF04/0007/G449,AQ,42.124905,12.813238,70.0,-22030.741,-30747.813
PF05/0007/G449,AQ,42.136391,12.803923,70.0,-20735.516,-31485.015
PF01/0008/G449,AQ,42.12904,12.822589,70.0,-21591.305,-29963.114
PF02/0008/G449,AQ,42.127045,12.817943,70.0,-21802.958,-30352.795
PF03/0008/G449,AQ,42.132515,12.817432,70.0,-21194.499,-30379.511
PF01/0009/G449,AQ,42.135096,12.826399,8.0,-20926.9,-29631.07
PF02/0009/G449,AQ,42.129107,12.828531,54.0,-21596.37,-29471.798
PF03/0009/G449,AQ,42.124741,12.826986,70.0,-22077.958,-29611.837
PF04/0009/G449,AQ,42.125617,12.831166,70.0,-21989.454,-29263.814
PF01/0010/G449,AQ,42.133667,12.839175,7.0,-21112.31,-28579.14
PF02/0010/G449,AQ,42.131258,12.840075,52.0,-21381.707,-28511.539
PF04/0010/G449,AQ,42.131543,12.845336,56.0,-21361.108,-28075.925
PF01/0011/G449,AQ,42.128437,12.841416,70.0,-21697.791,-28408.645
PF02/0011/G449,AQ,42.126024,12.842554,70.0,-21968.137,-28321.386
PF03/0011/G449,AQ,42.126394,12.846984,70.0,-21936.208,-27954.153
PF04/0011/G449,AQ,42.127848,12.844354,70.0,-21769.325,-28167.45
PF06/0011/G449,AQ,42.128601,12.847935,70.0,-21693.12,-27869.294
PF01/0012/G449,AQ,42.124589,12.856383,50.0,-22156.182,-27182.263
PF02/0012/G449,AQ,42.126765,12.850174,70.0,-21901.675,-27689.421
PF01/0013/G449,AQ,42.134955,12.862793,8.0,-21018.45,-26623.56
PF01/0015/G449,AQ,42.127663,12.879482,8.0,-21862.62,-25264.28
PF02/0015/G449,AQ,42.120928,12.883549,70.0,-22618.756,-24946.707
PF01/0016/G449,AQ,42.132101,12.902095,12.0,-21416.0,-23383.0
PF01/0017/G449,AQ,42.121631,12.903808,12.0,-22582.0,-23270.0
PF01/0018/G449,AQ,42.118476,12.821016,8.0,-22761.04,-30123.1
PF02/0018/G449,AQ,42.116024,12.817882,50.0,-23026.647,-30389.166
PF03/0018/G449,AQ,42.115319,12.820438,70.0,-23110.335,-30179.818
PF04/0018/G449,AQ,42.121744,12.81411,50.0,-22383.577,-30684.755
PF02/0019/G449,AQ,42.117484,12.827245,70.0,-22884.319,-29610.938
PF04/0019/G449,AQ,42.115759,12.825467,52.0,-23072.137,-29762.859
PF05/0019/G449,AQ,42.120113,12.829841,12.0,-22597.872,-29388.906
PF06/0019/G449,AQ,42.134788,13.537077,12.0,-22212.14,29104.45
PF01/0020/G449,AQ,42.129045,12.838033,70.0,-21623.127,-28686.562
PF03/0020/G449,AQ,42.125889,12.837334,70.0,-21972.206,-28753.214
PF04/0020/G449,AQ,42.124251,12.838385,54.0,-22156.198,-28670.963
PF05/0020/G449,AQ,42.124272,12.840455,54.0,-22158.253,-28499.745
PF11/0020/G449,AQ,42.123104,12.844109,70.0,-22295.606,-28201.021
PF12/0020/G449,AQ,42.122323,12.836967,54.0,-22367.395,-28793.625
PF14/0020/G449,AQ,42.120322,12.835105,54.0,-22585.629,-28953.162
PF01/0021/G449,AQ,42.124778,12.846234,70.0,-22114.172,-28020.676
PF02/0021/G449,AQ,42.122795,12.847577,54.0,-22337.096,-27915.213
PF03/0021/G449,AQ,42.122158,12.851135,54.0,-22415.291,-27622.853
PF04/0021/G449,AQ,42.121519,12.85487,50.0,-22494.018,-27315.867
PF06/0021/G449,AQ,42.121938,12.862145,8.0,-22462.53,-26713.33
PF07/0021/G449,AQ,42.123228,12.854045,52.0,-22302.46,-27379.296
PF08/0021/G449,AQ,42.124559,12.851196,70.0,-22148.736,-27611.071
PF01/0022/G449,AQ,42.121018,12.845077,8.0,-22529.26,-28126.82
PF02/0022/G449,AQ,42.11951,12.840934,52.0,-22688.065,-28473.568
PF03/0022/G449,AQ,42.120426,12.848672,54.0,-22602.509,-27831.325
PF01/0023/G449,AQ,42.119184,12.878041,7.0,-22801.16,-25406.81
PF01/0025/G449,AQ,42.121322,12.892834,12.0,-22594.0,-24178.0
PF02/0025/G449,AQ,42.117251,12.890363,70.0,-23040.977,-24393.472
PF01/0027/G449,AQ,42.111037,12.834637,9.0,-23615.74,-29018.02
PF02/0027/G449,AQ,42.106335,12.859071,8.0,-24188.71,-27010.81
PF03/0027/G449,AQ,42.110736,12.836333,7.0,-23652.68,-28878.57
PF01/0028/G449,AQ,42.111917,12.867433,8.0,-23586.2,-26303.94
PF01/0031/G449,AQ,42.099094,12.876062,8.0,-25027.93,-25625.95
PF01/0002/G484,AQ,41.929354,13.528134,50.0,-45009.882,27972.867
PF02/0002/G484,AQ,41.929031,13.525124,50.0,-45041.498,27722.643
PF01/0005/G484,AQ,41.91651,13.534839,8.0,-46445.5,28504.41
PF02/0005/G484,AQ,41.918597,13.527304,50.0,-46203.176,27883.526
PF03/0005/G484,AQ,41.921134,13.524703,50.0,-45917.703,27672.659
PF04/0005/G484,AQ,41.925983,13.527449,50.0,-45383.19,27909.669
PF05/0005/G484,AQ,41.913197,13.535923,50.0,-46814.9,28587.998
PF10/0006/G484,AQ,41.909763,13.537435,50.0,-47198.335,28706.937
PF16/0006/G484,AQ,41.912231,13.543399,50.0,-46932.802,29206.268
PF17/0006/G484,AQ,41.914539,13.538223,50.0,-46669.159,28781.347
PF01/0007/G484,AQ,41.923029,13.559177,3.0,-45755.9,30534.94
PF02/0007/G484,AQ,41.909825,13.551942,8.0,-47211.87,29910.27
PF01/0008/G484,AQ,41.93806,13.572928,8.0,-44106.09,31702.96
PF02/0008/G484,AQ,41.929755,13.577655,8.0,-45034.66,32079.54
PF01/0010/G484,AQ,41.917511,13.502745,6.0,-46288.48,25844.79
PF01/0011/G484,AQ,41.893832,13.515306,70.0,-48935.651,26840.973
PF02/0011/G484,AQ,41.893879,13.512207,70.0,-48926.029,26583.966
PF03/0011/G484,AQ,41.895096,13.509909,70.0,-48787.536,26395.657
PF04/0011/G484,AQ,41.896025,13.513257,12.0,-48689.3,26675.22
PF01/0012/G484,AQ,41.906698,13.51786,8.0,-47510.85,27077.55
PF02/0012/G484,AQ,41.89173,13.536769,8.0,-49199.7,28617.5
PF03/0012/G484,AQ,41.889988,13.533674,70.0,-49388.759,28357.443
PF04/0012/G484,AQ,41.89099,13.540378,70.0,-49286.935,28915.519
PF05/0012/G484,AQ,41.907612,13.537461,50.0,-47437.227,28705.045
PF01/0013/G484,AQ,41.903404,13.543575,8.0,-47913.08,29204.22
PF02/0013/G484,AQ,41.896759,13.539283,70.0,-48644.838,28835.618
PF01/0014/G484,AQ,41.893251,13.54813,8.0,-49046.85,29562.95
PF02/0014/G484,AQ,41.889191,13.543321,70.0,-49490.818,29156.303
PF04/0014/G484,AQ,41.894527,13.540123,70.0,-48893.819,28901.049
PF06/0014/G484,AQ,41.89791,13.541972,70.0,-48520.819,29060.848
PF01/0017/G484,AQ,41.911298,13.584763,8.0,-47093.79,32635.05
PF01/0018/G484,AQ,41.89842,13.56356,6.0,-48494.47,30852.65
PF01/0019/G484,AQ,41.892969,13.564864,7.0,-49101.47,30950.7
PF01/0020/G484,AQ,41.890948,13.493771,8.0,-49224.82,25048.77
PF02/0020/G484,AQ,41.891971,13.513592,8.0,-49139.835,26695.191
PF03/0020/G484,AQ,41.876196,13.478712,8.0,-50840.69,23770.38
PF04/0020/G484,AQ,41.88946,13.519355,9.0,-49426.94,27168.48
PF05/0020/G484,AQ,41.888856,13.496311,70.0,-49460.711,25255.444
PF06/0020/G484,AQ,41.886598,13.51341,70.0,-49736.193,26669.766
PF07/0020/G484,AQ,41.888096,13.508891,70.0,-49563.301,26297.648
PF08/0020/G484,AQ,41.880316,13.500076,70.0,-50414.474,25551.193
PF09/0020/G484,AQ,41.886286,13.510257,70.0,-49766.275,26407.549
PF10/0020/G484,AQ,41.882974,13.480358,12.0,-50090.5,23920.34
PF11/0020/G484,AQ,41.882998,13.48035,70.0,-50087.867,23919.694
PF12/0020/G484,AQ,41.886116,13.48762,70.0,-49752.27,24528.996
PF01/0021/G484,AQ,41.887024,13.523806,9.0,-49703.82,27533.11
PF03/0021/G484,AQ,41.886369,13.526565,9.0,-49780.39,27760.75
PF04/0021/G484,AQ,41.885315,13.529285,9.0,-49901.33,27984.39
PF05/0021/G484,AQ,41.884566,13.531658,9.0,-49987.91,28179.87
PF09/0021/G484,AQ,41.882201,13.529318,9.0,-50247.18,27981.2
PF12/0021/G484,AQ,41.887196,13.52914,9.0,-49692.28,27975.96
PF18/0021/G484,AQ,41.886277,13.534693,56.0,-49802.243,28434.974
PF20/0021/G484,AQ,41.889314,13.534876,70.0,-49465.256,28455.886
PF21/0021/G484,AQ,41.883901,13.527599,9.0,-50055.95,27841.82
PF26/0021/G484,AQ,41.888994,13.523142,9.0,-49484.08,27481.79
PF27/0021/G484,AQ,41.886303,13.519639,70.0,-49777.904,27185.977
PF28/0021/G484,AQ,41.890279,13.527399,56.0,-49347.468,27837.433
PF01/0022/G484,AQ,41.885729,13.540149,70.0,-49870.772,28886.635
PF02/0022/G484,AQ,41.886327,13.537384,56.0,-49800.473,28658.31
PF03/0022/G484,AQ,41.888751,13.540169,70.0,-49535.289,28894.003
PF04/0022/G484,AQ,41.886372,13.535486,70.0,-49792.746,28500.955
PF05/0022/G484,AQ,41.888543,13.537831,70.0,-49555.05,28699.573
PF01/0023/G484,AQ,41.884368,13.537784,7.0,-50018.59,28687.83
PF03/0023/G484,AQ,41.882161,13.539565,9.0,-50266.13,28831.43
PF05/0023/G484,AQ,41.882178,13.536825,9.0,-50260.31,28604.07
PF08/0023/G484,AQ,41.879489,13.535958,9.0,-50557.69,28527.01
PF09/0023/G484,AQ,41.87786,13.53799,9.0,-50741.48,28692.56
PF10/0023/G484,AQ,41.880278,13.538881,9.0,-50474.18,28771.12
PF13/0023/G484,AQ,41.877103,13.53522,9.0,-50821.54,28461.26
PF14/0023/G484,AQ,41.875111,13.538586,9.0,-51047.48,28736.8
PF17/0023/G484,AQ,41.872804,13.533653,52.0,-51296.638,28323.127
PF19/0023/G484,AQ,41.870968,13.534949,52.0,-51502.318,28427.206
PF21/0023/G484,AQ,41.872094,13.5373,70.0,-51380.697,28624.424
PF25/0023/G484,AQ,41.882468,13.53314,9.0,-50222.89,28298.84
PF27/0023/G484,AQ,41.873452,13.540579,9.0,-51234.54,28899.06
PF29/0023/G484,AQ,41.876026,13.540853,70.0,-50949.17,28926.721
PF30/0023/G484,AQ,41.875562,13.534073,70.0,-50991.013,28363.153
PF01/0024/G484,AQ,41.88139,13.545371,50.0,-50359.88,29311.709
PF10/0024/G484,AQ,41.882398,13.542039,52.0,-50243.237,29037.133
PF12/0024/G484,AQ,41.877284,13.543329,70.0,-50812.964,29134.5
PF13/0024/G484,AQ,41.875331,13.544099,70.0,-51030.899,29194.756
PF26/0024/G484,AQ,41.88465,13.540973,52.0,-49991.752,28952.959
PF27/0024/G484,AQ,41.872528,13.546523,12.0,-51345.468,29390.64
PF28/0024/G484,AQ,41.87162,13.551013,12.0,-51452.59,29761.55
PF29/0024/G484,AQ,41.881373,13.552459,12.0,-50371.77,29899.84
PF30/0024/G484,AQ,41.878233,13.547543,12.0,-50713.54,29486.01
PF03/0025/G484,AQ,41.883698,13.545451,50.0,-50103.776,29322.647
PF13/0025/G484,AQ,41.88585,13.543618,70.0,-49862.179,29174.637
PF14/0025/G484,AQ,41.883204,13.549115,50.0,-50163.793,29625.741
PF01/0026/G484,AQ,41.884057,13.565626,8.0,-50092.13,30997.3
PF01/0028/G484,AQ,41.874391,13.504053,8.0,-51078.04,25869.8
PF02/0028/G484,AQ,41.878826,13.48985,70.0,-50565.04,24699.807
PF16/0029/G484,AQ,41.873469,13.525597,6.0,-51211.33,27655.81
PF18/0029/G484,AQ,41.864509,13.525107,10.0,-52205.571,27598.078
PF01/0030/G484,AQ,41.864633,13.535434,8.0,-52206.48,28455.43
PF01/0031/G484,AQ,41.871475,13.543066,70.0,-51457.596,29101.766
PF02/0031/G484,AQ,41.86335,13.54483,50.0,-52362.145,29232.86
PF03/0031/G484,AQ,41.86597,13.545521,50.0,-52072.219,29295.103
PF04/0031/G484,AQ,41.866336,13.548574,50.0,-52035.844,29549.168
PF05/0031/G484,AQ,41.868671,13.54475,50.0,-51771.273,29236.259
PF06/0031/G484,AQ,41.869478,13.541174,12.0,-51676.627,28941.004
PF01/0032/G484,AQ,41.860738,13.487859,8.0,-52570.48,24499.16
PF02/0032/G484,AQ,41.852571,13.498087,8.0,-53492.13,25332.27
PF01/0033/G484,AQ,42.317556,12.529761,277.0,1.5,-53560.94
PF02/0033/G484,AQ,41.836256,13.510453,6.0,-55321.56,26327.41
PF03/0033/G484,AQ,41.849153,13.499968,8.0,-53874.41,25481.82
PF04/0033/G484,AQ,42.317277,12.516857,281.0,1.5,-54625.31
PF05/0033/G484,AQ,41.843811,13.500459,8.0,-54468.22,25512.16
PF07/0033/G484,AQ,41.820978,13.510517,12.0,-57017.92,26303.3
PF01/0034/G484,AQ,41.853477,13.563626,8.0,-53484.65,30774.51
PF02/0034/G484,AQ,41.84849,13.541338,8.0,-54007.14,28914.97
PF03/0034/G484,AQ,41.85917,13.544025,12.0,-52825.095,29158.15
PF04/0034/G484,AQ,41.861622,13.547338,12.0,-52557.603,29437.76
PF01/0035/G484,AQ,41.818318,13.545645,8.0,-57363.34,29215.79
PF01/0036/G484,AQ,41.840253,13.562601,8.0,-54951.52,30664.87
PF02/0036/G484,AQ,41.831987,13.558862,8.0,-55864.11,30339.05
PF03/0036/G484,AQ,41.829152,13.566226,12.0,-56189.105,30945.301
PF04/0036/G484,AQ,41.831034,13.566956,12.0,-55981.149,31009.359
PF01/0001/G492,AQ,42.135299,13.441367,12.0,-22015.477,21195.381
PF01/0002/G492,AQ,42.109897,13.425214,8.0,-24811.57,19808.37
PF02/0002/G492,AQ,42.130158,13.434097,8.0,-22575.24,20584.04
PF03/0002/G492,AQ,42.127341,13.43291,12.0,-22886.251,20480.218
PF04/0002/G492,AQ,42.13142,13.430285,12.0,-22429.432,20271.527
PF05/0002/G492,AQ,42.131911,13.436665,12.0,-22384.546,20799.823
PF06/0002/G492,AQ,42.136174,13.432292,12.0,-21904.504,20447.097
PF07/0002/G492,AQ,42.137164,13.436122,12.0,-21800.41,20765.663
PF08/0002/G492,AQ,42.119822,13.429555,12.0,-23716.039,20187.52
PF09/0002/G492,AQ,42.115791,13.421909,12.0,-24152.07,19547.204
PF01/0003/G492,AQ,42.117958,13.414252,8.0,-23899.66,18918.61
PF04/0003/G492,AQ,42.130752,13.413661,12.0,-22478.162,18896.195
PF05/0003/G492,AQ,42.130845,13.417954,12.0,-22474.371,19251.174
PF01/0004/G492,AQ,42.117248,13.393709,50.0,-23946.768,17218.868
PF02/0004/G492,AQ,42.116041,13.39676,50.0,-24085.486,17468.55
PF03/0004/G492,AQ,42.119877,13.401973,12.0,-23667.622,17907.515
PF01/0005/G492,AQ,42.194401,13.325374,50.0,-15271.25,11737.675
PF07/0005/G492,AQ,42.115048,13.397402,70.0,-24196.757,17519.562
PF08/0005/G492,AQ,42.118206,13.396614,12.0,-23844.926,17461.034
PF01/0006/G492,AQ,42.115287,13.379297,70.0,-24142.055,16023.308
PF02/0006/G492,AQ,42.116373,13.382064,54.0,-24025.742,16254.346
PF01/0007/G492,AQ,42.114856,13.392016,6.0,-24209.71,17073.93
PF02/0007/G492,AQ,42.114085,13.385163,70.0,-24284.668,16505.752
PF01/0008/G492,AQ,42.108848,13.40429,9.0,-24895.9,18076.14
PF02/0008/G492,AQ,42.109519,13.406308,6.0,-24824.55,18244.44
PF03/0008/G492,AQ,42.114392,13.410738,50.0,-24290.257,18620.794
PF04/0008/G492,AQ,42.111016,13.40344,70.0,-24653.874,18010.391
PF05/0008/G492,AQ,42.109014,13.40101,70.0,-24872.366,17805.289
PF01/0009/G492,AQ,42.112739,13.379577,8.0,-24425.34,16041.04
PF02/0009/G492,AQ,42.108623,13.367452,52.0,-24863.357,15029.91
PF03/0009/G492,AQ,42.113468,13.376613,70.0,-24339.82,15797.541
PF04/0009/G492,AQ,42.110759,13.383118,54.0,-24650.766,16329.688
PF05/0009/G492,AQ,42.105972,13.372956,52.0,-25166.317,15479.39
PF06/0009/G492,AQ,42.109488,13.376027,70.0,-24780.727,15740.697
PF07/0009/G492,AQ,42.107389,13.381833,70.0,-25022.951,16216.307
PF09/0009/G492,AQ,42.115458,13.37494,70.0,-24116.167,15663.424
PF10/0009/G492,AQ,42.109331,13.380272,12.0,-24804.867,16091.349
PF11/0009/G492,AQ,42.108664,13.384967,12.0,-24886.24,16478.1
PF03/0010/G492,AQ,42.103545,13.388836,70.0,-25460.681,16787.293
PF04/0010/G492,AQ,42.10415,13.383222,70.0,-25384.76,16324.344
PF10/0010/G492,AQ,42.107037,13.383065,56.0,-25063.981,16317.498
PF13/0010/G492,AQ,42.106462,13.37834,54.0,-25120.428,15925.558
PF15/0010/G492,AQ,42.105623,13.386795,8.0,-25226.84,16622.86
PF16/0010/G492,AQ,42.102987,13.388565,70.0,-25522.273,16763.728
PF04/0011/G492,AQ,42.101667,13.395892,70.0,-25680.208,17366.871
PF05/0011/G492,AQ,42.102365,13.39959,56.0,-25608.456,17674.05
PF06/0011/G492,AQ,42.10387,13.401652,9.0,-25444.59,17847.74
PF08/0011/G492,AQ,42.105164,13.402331,52.0,-25301.87,17906.553
PF11/0011/G492,AQ,42.10663,13.392017,52.0,-25123.195,17056.781
PF14/0011/G492,AQ,42.105661,13.399675,52.0,-25242.634,17687.956
PF15/0011/G492,AQ,42.106911,13.402149,9.0,-25107.66,17895.14
PF16/0011/G492,AQ,42.105862,13.388944,70.0,-25203.672,16801.079
PF17/0011/G492,AQ,42.107109,13.397054,70.0,-25077.751,17474.253
PF18/0011/G492,AQ,42.108301,13.390116,12.0,-24934.624,16903.093
PF01/0012/G492,AQ,42.105782,13.40824,9.0,-25242.48,18396.43
PF02/0012/G492,AQ,42.104955,13.402575,9.0,-25325.52,17926.31
PF03/0012/G492,AQ,42.103701,13.405405,8.0,-25469.08,18157.7
PF04/0012/G492,AQ,42.106763,13.404765,52.0,-25128.183,18111.09
PF05/0012/G492,AQ,42.103174,13.406482,50.0,-25529.346,18245.68
PF04/0013/G492,AQ,42.107942,13.415312,50.0,-25013.501,18985.582
PF18/0013/G492,AQ,42.111255,13.415353,50.0,-24645.644,18995.846
PF20/0013/G492,AQ,42.10585,13.416405,54.0,-25247.453,19071.661
PF23/0013/G492,AQ,42.10729,13.410403,9.0,-25078.34,18578.38
PF24/0013/G492,AQ,42.107209,13.419458,50.0,-25101.218,19326.92
PF25/0013/G492,AQ,42.113983,13.414357,12.0,-24341.261,18919.119
PF01/0016/G492,AQ,42.101894,13.385077,52.0,-25638.139,16473.035
PF03/0016/G492,AQ,42.099517,13.382641,70.0,-25898.267,16266.625
PF05/0016/G492,AQ,42.098336,13.385323,50.0,-26033.597,16485.865
PF06/0016/G492,AQ,42.096163,13.382087,70.0,-26269.901,16213.738
PF07/0016/G492,AQ,42.092584,13.38116,50.0,-26665.76,16129.517
PF08/0016/G492,AQ,42.101478,13.378319,12.0,-25673.743,15913.304
PF01/0017/G492,AQ,42.097974,13.393963,52.0,-26087.332,17199.589
PF02/0017/G492,AQ,42.097693,13.397773,9.0,-26124.37,17514.12
PF03/0017/G492,AQ,42.098083,13.389935,70.0,-26068.977,16866.713
PF04/0017/G492,AQ,42.100917,13.389519,70.0,-25753.606,16838.26
PF05/0017/G492,AQ,42.099948,13.400435,70.0,-25878.211,17738.955
PF06/0017/G492,AQ,42.097308,13.401272,52.0,-26172.609,17802.651
PF08/0017/G492,AQ,42.096689,13.405126,54.0,-26247.324,18120.091
PF09/0017/G492,AQ,42.099436,13.402054,52.0,-25937.558,17871.722
PF10/0017/G492,AQ,42.099942,13.406509,70.0,-25888.206,18241.209
PF11/0017/G492,AQ,42.101755,13.405716,70.0,-25685.629,18179.392
PF01/0018/G492,AQ,42.102147,13.416745,8.0,-25659.14,19092.21
PF02/0018/G492,AQ,42.101341,13.409916,52.0,-25738.102,18525.846
PF01/0023/G492,AQ,42.09053,13.382386,9.0,-26895.75,16226.59
PF02/0023/G492,AQ,42.089454,13.38307,9.0,-27016.34,16280.91
PF03/0023/G492,AQ,42.090886,13.384415,9.0,-26859.5,16395.2
PF04/0023/G492,AQ,42.092799,13.383872,9.0,-26646.16,16354.24
PF05/0023/G492,AQ,42.093138,13.389852,9.0,-26617.86,16849.57
PF06/0023/G492,AQ,42.091422,13.386495,9.0,-26803.24,16568.34
PF07/0023/G492,AQ,42.096035,13.3888,9.0,-26294.58,16768.61
PF08/0023/G492,AQ,42.09387,13.386574,9.0,-26531.52,16580.01
PF09/0023/G492,AQ,42.092761,13.3878,9.0,-26656.59,16679.06
PF10/0023/G492,AQ,42.091643,13.389032,9.0,-26782.62,16778.61
PF11/0023/G492,AQ,42.09293,13.392832,9.0,-26645.58,17095.53
PF12/0023/G492,AQ,42.095181,13.393868,70.0,-26397.339,17185.938
PF13/0023/G492,AQ,42.093738,13.395162,9.0,-26559.55,17289.9
PF14/0023/G492,AQ,42.088444,13.392571,9.0,-27143.38,17064.57
PF15/0023/G492,AQ,42.089606,13.391286,9.0,-27012.32,16960.72
PF16/0023/G492,AQ,42.097385,13.393989,9.0,-26152.77,17200.55
PF17/0023/G492,AQ,42.098086,13.397693,70.0,-26080.62,17508.309
PF18/0023/G492,AQ,42.096057,13.385453,50.0,-26286.929,16491.886
PF19/0023/G492,AQ,42.092932,13.384944,50.0,-26633.118,16443.242
PF04/0025/G492,AQ,42.090528,13.388567,9.0,-26905.73,16737.78
PF05/0025/G492,AQ,42.089295,13.389596,9.0,-27044.23,16820.33
PF07/0025/G492,AQ,42.083004,13.39085,70.0,-27744.73,16910.892
PF08/0025/G492,AQ,42.087583,13.390372,9.0,-27235.49,16880.89
PF11/0025/G492,AQ,42.084295,13.387781,70.0,-27596.588,16659.703
PF14/0025/G492,AQ,42.088211,13.386539,50.0,-27159.815,16565.258
PF15/0025/G492,AQ,42.081462,13.389213,52.0,-27913.371,16772.223
PF16/0025/G492,AQ,42.082755,13.380731,50.0,-27756.529,16073.34
PF17/0025/G492,AQ,42.085739,13.383685,50.0,-27429.805,16324.019
PF01/0026/G492,AQ,42.085093,13.393413,9.0,-27516.75,17127.28
PF02/0026/G492,AQ,42.082702,13.391793,8.0,-27779.65,16988.29
PF03/0026/G492,AQ,42.083711,13.393432,9.0,-27670.2,17125.94
PF04/0026/G492,AQ,42.086619,13.394549,9.0,-27349.01,17224.4
PF05/0026/G492,AQ,42.085805,13.397495,9.0,-27444.01,17466.35
PF06/0026/G492,AQ,42.090721,13.395009,9.0,-26894.32,17271.01
PF07/0026/G492,AQ,42.088577,13.397048,9.0,-27135.57,17435.14
PF08/0026/G492,AQ,42.093953,13.396835,9.0,-26538.21,17428.76
PF10/0026/G492,AQ,42.080884,13.391965,70.0,-27981.776,16998.685
PF11/0026/G492,AQ,42.082836,13.398404,56.0,-27775.081,17535.373
PF01/0027/G492,AQ,42.095287,13.397329,9.0,-26390.94,17472.4
PF02/0027/G492,AQ,42.091157,13.400892,9.0,-26854.98,17758.43
PF03/0027/G492,AQ,42.08851,13.401709,70.0,-27150.231,17820.492
PF01/0028/G492,AQ,42.091007,13.41448,8.0,-26892.58,18881.92
PF16/0034/G492,AQ,42.075257,13.373116,52.0,-28577.077,15427.611
PF01/0035/G492,AQ,42.079044,13.388716,70.0,-28181.055,16726.111
PF04/0035/G492,AQ,42.078543,13.384221,70.0,-28229.696,16353.164
PF05/0035/G492,AQ,42.082274,13.384692,52.0,-27816.18,16399.954
PF09/0035/G492,AQ,42.081525,13.388622,50.0,-27905.421,16723.492
PF10/0035/G492,AQ,42.081977,13.38469,50.0,-27849.159,16399.232
PF01/0036/G492,AQ,42.076574,13.386758,70.0,-28452.291,16558.953
PF02/0036/G492,AQ,42.073338,13.373386,54.0,-28790.645,15445.886
PF03/0036/G492,AQ,42.07345,13.385056,54.0,-28796.506,16411.557
PF04/0036/G492,AQ,42.06834,13.382926,70.0,-29360.597,16224.627
PF05/0036/G492,AQ,42.070474,13.38313,52.0,-29123.891,16245.969
PF06/0036/G492,AQ,42.070779,13.379067,54.0,-29083.687,15910.534
PF07/0036/G492,AQ,42.069291,13.38745,50.0,-29262.01,16600.888
PF01/0037/G492,AQ,42.077382,13.389991,50.0,-28367.627,16828.086
PF02/0037/G492,AQ,42.074007,13.388624,50.0,-28740.26,16707.885
PF03/0037/G492,AQ,42.080679,13.396161,56.0,-28011.136,17345.377
PF04/0037/G492,AQ,42.077028,13.393045,70.0,-28411.678,17079.978
PF05/0037/G492,AQ,42.07732,13.389913,12.0,-28374.416,16821.526
PF01/0038/G492,AQ,42.078915,13.409507,8.0,-28227.66,18445.61
PF01/0039/G492,AQ,42.07478,13.409348,50.0,-28686.507,18423.982
PF01/0040/G492,AQ,42.064034,13.330642,8.0,-29755.57,11889.68
PF04/0040/G492,AQ,42.063183,13.31194,50.0,-29819.649,10340.335
PF05/0040/G492,AQ,42.06158,13.318251,50.0,-30007.952,10859.034
PF06/0040/G492,AQ,42.060927,13.30903,50.0,-30065.421,10094.626
PF07/0040/G492,AQ,42.065726,13.330277,52.0,-29567.02,11863.089
PF08/0040/G492,AQ,42.066655,13.334846,50.0,-29471.295,12243.146
PF10/0040/G492,AQ,42.051182,13.33164,70.0,-31184.15,11944.335
PF12/0040/G492,AQ,42.054193,13.330823,50.0,-30848.535,11883.266
PF13/0040/G492,AQ,42.060617,13.330528,50.0,-30134.725,11872.808
PF14/0040/G492,AQ,42.064149,13.324363,52.0,-29732.609,11370.383
PF15/0040/G492,AQ,42.057651,13.318465,50.0,-30444.486,10868.17
PF22/0040/G492,AQ,42.0583,13.301502,50.0,-30344.754,9465.994
PF23/0040/G492,AQ,42.056663,13.308479,50.0,-30537.895,10039.716
PF24/0040/G492,AQ,42.061101,13.336801,52.0,-30091.096,12392.914
PF25/0040/G492,AQ,42.065732,13.311888,12.0,-29536.553,10341.689
PF26/0040/G492,AQ,42.057316,13.328148,52.0,-30497.457,11668.661
PF27/0040/G492,AQ,42.053965,13.321613,12.0,-30858.89,11120.66
PF29/0040/G492,AQ,42.05169,13.314873,12.0,-31100.616,10557.912
PF02/0041/G492,AQ,42.062985,13.348604,50.0,-29900.893,13373.53
PF03/0041/G492,AQ,42.060533,13.349567,50.0,-30174.697,13448.0
PF05/0041/G492,AQ,42.062353,13.344454,50.0,-29964.404,13028.825
PF06/0041/G492,AQ,42.066892,13.340328,50.0,-29453.782,12697.239
PF07/0041/G492,AQ,42.058666,13.351027,50.0,-30384.349,13564.818
PF08/0041/G492,AQ,42.064827,13.34177,12.0,-29685.381,12812.049
PF09/0041/G492,AQ,42.065207,13.336985,12.0,-29635.54,12416.999
PF01/0042/G492,AQ,42.058445,13.355993,8.0,-30416.81,13975.25
PF02/0042/G492,AQ,42.072385,13.370351,50.0,-28891.629,15192.845
PF03/0042/G492,AQ,42.070096,13.37596,52.0,-29154.634,15652.004
PF05/0042/G492,AQ,42.062963,13.385974,52.0,-29962.396,16465.536
PF06/0042/G492,AQ,42.072133,13.360778,70.0,-28904.54,14400.333
PF07/0042/G492,AQ,42.065337,13.383101,52.0,-29694.322,16232.78
PF08/0042/G492,AQ,42.067704,13.379452,52.0,-29425.694,15935.871
PF10/0042/G492,AQ,42.192783,13.182326,50.0,-15209.088,-77.633
PF11/0042/G492,AQ,42.194221,13.184878,50.0,-15053.918,136.432
PF13/0042/G492,AQ,42.064828,13.358856,50.0,-29712.569,14225.764
PF14/0042/G492,AQ,42.065434,13.357855,50.0,-29643.735,14144.221
PF15/0042/G492,AQ,42.062908,13.357789,50.0,-29924.078,14133.34
PF16/0042/G492,AQ,42.065908,13.372811,50.0,-29614.779,15382.667
PF19/0042/G492,AQ,42.071509,13.366665,70.0,-28983.102,14886.071
PF22/0042/G492,AQ,42.069193,13.354153,50.0,-29220.43,13845.925
PF23/0042/G492,AQ,42.063617,13.38017,52.0,-29880.644,15986.67
PF24/0042/G492,AQ,42.061277,13.381289,12.0,-30142.3,16074.4
PF25/0042/G492,AQ,42.197196,13.178503,50.0,-14712.306,-382.884
PF26/0042/G492,AQ,42.067881,13.36991,12.0,-29391.04,15146.79
PF27/0042/G492,AQ,42.069164,13.36678,50.0,-29243.701,14890.538
PF28/0042/G492,AQ,42.063763,13.38526,52.0,-29872.419,16408.115
PF29/0042/G492,AQ,42.068396,13.359866,12.0,-29317.97,14316.96
PF30/0042/G492,AQ,42.063177,13.364879,12.0,-29905.42,14720.62
PF31/0042/G492,AQ,42.05855,13.361336,12.0,-30413.582,14417.578
PF32/0042/G492,AQ,42.059198,13.382437,12.0,-30374.868,16164.986
PF02/0043/G492,AQ,42.06357,13.388898,70.0,-29899.535,16708.766
PF03/0043/G492,AQ,42.066355,13.388583,70.0,-29589.821,16688.477
PF04/0043/G492,AQ,42.059851,13.391731,70.0,-30316.86,16935.365
PF06/0043/G492,AQ,42.067739,13.385771,70.0,-29431.698,16458.75
PF10/0043/G492,AQ,42.059356,13.389046,12.0,-30367.685,16712.138
PF01/0044/G492,AQ,42.068731,13.399272,6.0,-29342.63,17577.86
PF02/0044/G492,AQ,42.064328,13.392106,50.0,-29820.387,16975.772
PF04/0044/G492,AQ,42.069328,13.392581,50.0,-29265.951,17025.503
PF05/0044/G492,AQ,42.071012,13.389796,70.0,-29074.618,16798.647
PF01/0045/G492,AQ,42.056015,13.391165,70.0,-30742.001,16880.547
PF04/0045/G492,AQ,42.053855,13.356191,70.0,-30926.706,13981.823
PF05/0045/G492,AQ,42.057221,13.374381,52.0,-30581.809,15494.223
PF06/0045/G492,AQ,42.050014,13.381939,52.0,-31393.888,16104.457
PF08/0045/G492,AQ,42.051595,13.361735,70.0,-31186.489,14435.8
PF10/0045/G492,AQ,42.462474,12.823372,50.0,15433.042,-28951.307
PF12/0045/G492,AQ,42.049405,13.368098,52.0,-31439.735,14957.752
PF13/0045/G492,AQ,42.049915,13.375077,50.0,-31394.074,15536.389
PF14/0045/G492,AQ,42.049973,13.378916,52.0,-31393.672,15854.183
PF15/0045/G492,AQ,42.053656,13.374692,70.0,-30978.068,15512.401
PF17/0045/G492,AQ,42.200356,13.183626,50.0,-14370.431,47.571
PF18/0045/G492,AQ,42.053163,13.367942,70.0,-31022.165,14952.801
PF19/0045/G492,AQ,42.050076,13.3556,12.0,-31345.428,13924.851
PF20/0045/G492,AQ,42.053728,13.390564,12.0,-30995.0,16826.0
PF21/0045/G492,AQ,42.058996,13.381196,12.0,-30395.371,16061.901
PF01/0046/G492,AQ,42.052788,13.395448,8.0,-31106.98,17228.24
PF02/0046/G492,AQ,42.053358,13.394835,70.0,-31042.7,17178.697
PF03/0046/G492,AQ,42.056714,13.3923,70.0,-30666.157,16975.899
PF04/0046/G492,AQ,42.050351,13.395041,70.0,-31376.861,17189.486
PF05/0046/G492,AQ,42.050942,13.395812,56.0,-31312.447,17254.521
PF01/0047/G492,AQ,42.056113,13.405512,8.0,-30753.28,18067.92
PF02/0047/G492,AQ,42.058852,13.396319,52.0,-30434.906,17312.943
PF04/0047/G492,AQ,42.056653,13.398982,50.0,-30683.216,17528.742
PF05/0047/G492,AQ,42.054427,13.398586,70.0,-30929.861,17491.355
PF01/0001/G493,AQ,42.029123,13.751315,6.0,-34225.93,46639.05
PF01/0002/G493,AQ,42.033606,13.768424,8.0,-33748.69,48062.55
PF02/0002/G493,AQ,42.032824,13.768172,50.0,-33835.143,48040.463
PF03/0002/G493,AQ,42.037651,13.767567,12.0,-33298.512,47998.098
PF04/0002/G493,AQ,42.040335,13.769189,12.0,-33002.461,48136.626
PF02/0004/G493,AQ,42.020636,13.7708,54.0,-35191.58,48238.538
PF03/0004/G493,AQ,42.023529,13.769617,54.0,-34868.991,48145.252
PF04/0004/G493,AQ,42.029493,13.767745,12.0,-34204.543,47999.804
PF05/0004/G493,AQ,42.026713,13.769074,12.0,-34514.856,48105.345
PF02/0005/G493,AQ,42.023283,13.774372,54.0,-34901.897,48538.506
PF03/0005/G493,AQ,42.028982,13.771711,12.0,-34265.975,48327.318
PF04/0005/G493,AQ,42.03177,13.779164,12.0,-33965.246,48948.679
PF05/0005/G493,AQ,42.027113,13.778616,12.0,-34481.749,48895.973
PF06/0005/G493,AQ,42.029185,13.777133,12.0,-34249.863,48776.435
PF01/0006/G493,AQ,42.022188,13.778115,70.0,-35027.966,48846.625
PF02/0006/G493,AQ,42.01581,13.78447,12.0,-35743.617,49362.774
PF01/0007/G493,AQ,42.025279,13.782006,8.0,-34689.33,49173.67
PF02/0007/G493,AQ,42.02519,13.782019,50.0,-34699.29,49174.669
PF03/0007/G493,AQ,42.021494,13.783239,70.0,-35111.049,49269.779
PF04/0007/G493,AQ,42.028718,13.781212,12.0,-34306.545,49113.416
PF05/0007/G493,AQ,42.024912,13.7852,12.0,-34733.805,49437.533
PF06/0007/G493,AQ,42.024139,13.787705,12.0,-34822.66,49643.716
PF01/0008/G493,AQ,42.034976,13.795304,8.0,-33628.21,50289.74
PF02/0008/G493,AQ,42.022428,13.79186,50.0,-35017.492,49985.018
PF01/0009/G493,AQ,42.012584,13.780598,8.0,-36097.31,49037.05
PF02/0009/G493,AQ,42.009485,13.78327,50.0,-36444.518,49253.407
PF03/0009/G493,AQ,42.008876,13.786753,50.0,-36516.236,49540.881
PF01/0010/G493,AQ,42.006059,13.794604,50.0,-36838.152,50186.628
PF04/0010/G493,AQ,42.010886,13.791551,50.0,-36298.678,49941.352
PF05/0010/G493,AQ,42.011214,13.794842,52.0,-36266.113,50214.389
PF06/0010/G493,AQ,42.016931,13.786225,50.0,-35621.223,49509.863
PF07/0010/G493,AQ,42.01858,13.784678,70.0,-35436.337,49384.305
PF08/0010/G493,AQ,42.008217,13.791975,50.0,-36595.517,49972.268
PF09/0010/G493,AQ,42.012588,13.789349,50.0,-36107.073,49761.713
PF01/0011/G493,AQ,42.013429,13.798631,8.0,-36024.57,50531.56
PF01/0012/G493,AQ,42.02278,13.827875,8.0,-35019.88,52967.35
PF02/0012/G493,AQ,42.02704,13.808492,6.0,-34524.66,51369.13
PF03/0012/G493,AQ,42.011174,13.817033,8.0,-36296.14,52051.9
PF01/0013/G493,AQ,42.008186,13.756925,6.0,-36557.42,47069.72
PF02/0013/G493,AQ,41.999913,13.765304,8.0,-37485.96,47750.34
PF01/0014/G493,AQ,42.002804,13.788886,50.0,-37192.94,49707.974
PF02/0014/G493,AQ,42.006597,13.781978,50.0,-36763.667,49141.841
PF01/0015/G493,AQ,41.993471,13.792615,8.0,-38233.6,50002.2
PF02/0015/G493,AQ,42.000625,13.797196,54.0,-37444.512,50392.77
PF03/0015/G493,AQ,41.998092,13.799997,70.0,-37729.114,50620.774
PF04/0015/G493,AQ,42.001065,13.792942,70.0,-37390.699,50041.147
PF05/0015/G493,AQ,41.995758,13.803928,52.0,-37992.759,50942.741
PF06/0015/G493,AQ,42.003144,13.792334,50.0,-37159.16,49994.045
PF07/0015/G493,AQ,41.994263,13.800753,52.0,-38155.09,50677.494
PF01/0016/G493,AQ,42.003352,13.796998,70.0,-37141.564,50380.596
PF01/0017/G493,AQ,42.000868,13.804977,8.0,-37426.6,51037.55
PF02/0017/G493,AQ,42.000835,13.80843,56.0,-37434.279,51323.537
PF01/0018/G493,AQ,41.998185,13.782856,8.0,-37698.7,49201.29
PF01/0020/G493,AQ,41.992478,13.804414,9.0,-38357.524,50977.915
PF02/0020/G493,AQ,41.987739,13.800375,52.0,-38879.059,50635.987
PF04/0020/G493,AQ,41.990199,13.803723,56.0,-38609.75,50917.186
PF01/0021/G493,AQ,41.993566,13.809697,8.0,-38242.83,51417.22
PF02/0022/G493,AQ,41.989757,13.81322,54.0,-38669.83,51703.197
PF03/0022/G493,AQ,41.99166,13.811873,9.0,-38456.908,51594.5
PF04/0022/G493,AQ,41.98916,13.815883,9.0,-38739.173,51922.83
PF05/0022/G493,AQ,41.991584,13.819024,50.0,-38473.63,52186.687
PF06/0022/G493,AQ,41.992722,13.815847,54.0,-38343.593,51925.329
PF07/0022/G493,AQ,41.988569,13.819201,56.0,-38808.509,52196.778
PF03/0023/G493,AQ,41.982285,13.831223,70.0,-39520.007,53183.08
PF04/0023/G493,AQ,41.980111,13.836332,12.0,-39767.136,53603.077
PF05/0023/G493,AQ,41.988124,13.821937,54.0,-38861.098,52422.704
PF06/0023/G493,AQ,41.984929,13.82613,70.0,-39220.598,52765.194
PF07/0023/G493,AQ,41.984323,13.829498,12.0,-39291.683,53043.293
PF01/0024/G493,AQ,41.990456,13.843384,8.0,-38626.41,54202.83
PF02/0024/G493,AQ,41.996783,13.828241,6.0,-37906.81,52958.07
PF03/0024/G493,AQ,42.005663,13.840301,8.0,-36934.5,53970.31
PF04/0024/G493,AQ,41.976022,13.840979,6.0,-40226.36,53981.95
PF01/0026/G493,AQ,41.974767,13.792414,8.0,-40310.14,49956.27
PF02/0026/G493,AQ,41.964567,13.801086,6.0,-41452.72,50658.89
PF03/0026/G493,AQ,41.971543,13.803445,70.0,-40680.906,50865.188
PF04/0026/G493,AQ,41.972117,13.797907,70.0,-40610.76,50407.181
PF05/0026/G493,AQ,41.971541,13.79493,70.0,-40671.197,50159.627
PF02/0027/G493,AQ,41.985328,13.802547,9.0,-39149.261,50812.186
PF03/0027/G493,AQ,41.974418,13.806219,12.0,-40364.919,51099.507
PF04/0027/G493,AQ,41.977145,13.806782,12.0,-40062.692,51150.333
PF01/0028/G493,AQ,41.980802,13.812499,6.0,-39663.33,51629.65
PF02/0028/G493,AQ,41.978448,13.815224,20.0,-39927.75,51851.782
PF04/0028/G493,AQ,41.988378,13.806372,9.0,-38815.066,51133.789
PF05/0028/G493,AQ,41.984321,13.80552,9.0,-39264.48,51056.937
PF06/0028/G493,AQ,41.980679,13.811498,9.0,-39675.809,51546.544
PF07/0028/G493,AQ,41.979471,13.805712,9.0,-39803.21,51065.269
PF08/0028/G493,AQ,41.980271,13.815219,20.0,-39725.303,51854.157
PF09/0028/G493,AQ,41.987695,13.803144,56.0,-38887.126,50865.292
PF10/0028/G493,AQ,41.975521,13.810137,70.0,-40246.949,51425.807
PF01/0029/G493,AQ,41.987849,13.81105,9.0,-38879.158,51520.504
PF02/0029/G493,AQ,41.985011,13.811025,9.0,-39194.231,51514.037
PF03/0029/G493,AQ,41.98314,13.815019,9.0,-39406.588,51842.011
PF04/0029/G493,AQ,41.985359,13.820367,9.0,-39166.328,52288.475
PF01/0030/G493,AQ,41.975677,13.824861,50.0,-40246.465,52645.999
PF02/0030/G493,AQ,41.976975,13.821841,20.0,-40098.835,52397.731
PF05/0030/G493,AQ,41.982735,13.825324,70.0,-39463.307,52695.072
PF06/0030/G493,AQ,41.976573,13.817924,52.0,-40139.041,52072.611
PF08/0030/G493,AQ,41.97929,13.832452,70.0,-39853.938,53280.368
PF09/0030/G493,AQ,41.98369,13.818052,54.0,-39349.029,52094.102
PF10/0030/G493,AQ,41.983685,13.822241,70.0,-39354.341,52441.103
PF11/0030/G493,AQ,41.98009,13.819752,12.0,-39750.593,52229.411
PF12/0030/G493,AQ,41.981389,13.829025,12.0,-39616.964,52999.619
PF01/0031/G493,AQ,41.969822,13.827793,50.0,-40899.915,52879.98
PF02/0031/G493,AQ,41.977917,13.837177,12.0,-40011.694,53669.75
PF16/0032/G493,AQ,41.975209,13.842439,12.0,-40318.195,54101.645
PF17/0032/G493,AQ,41.980369,13.847903,12.0,-39751.381,54562.055
PF18/0032/G493,AQ,41.977943,13.846857,12.0,-40019.571,54471.767
PF19/0032/G493,AQ,41.980619,13.851037,12.0,-39727.15,54822.08
PF10/0033/G493,AQ,41.969045,13.80766,52.0,-40963.098,51210.554
PF11/0033/G493,AQ,41.973116,13.818556,70.0,-40523.622,52119.662
PF13/0033/G493,AQ,41.970228,13.82233,52.0,-40848.583,52427.975
PF14/0033/G493,AQ,41.971647,13.807097,70.0,-40673.594,51167.927
PF15/0033/G493,AQ,41.972221,13.825199,52.0,-40630.529,52668.725
PF16/0033/G493,AQ,41.970465,13.817844,70.0,-40817.15,52056.62
PF01/0034/G493,AQ,41.965024,13.825361,8.0,-41429.88,52671.2
PF02/0034/G493,AQ,41.969471,13.81417,70.0,-40923.312,51750.631
PF03/0034/G493,AQ,41.968179,13.817376,70.0,-41070.414,52014.345
PF04/0034/G493,AQ,41.965638,13.81699,70.0,-41352.159,51978.457
PF05/0034/G493,AQ,41.9656,13.813514,70.0,-41352.404,51690.349
PF06/0034/G493,AQ,41.966795,13.80982,50.0,-41215.481,51386.109
PF07/0034/G493,AQ,41.964926,13.825298,9.0,-41440.62,52665.848
PF08/0034/G493,AQ,41.963268,13.819574,9.0,-41618.275,52188.912
PF09/0034/G493,AQ,41.964912,13.814431,9.0,-41429.856,51765.309
PF11/0034/G493,AQ,41.96811,13.824852,50.0,-41086.589,52633.729
PF12/0034/G493,AQ,41.966378,13.821449,70.0,-41275.02,52349.065
PF13/0034/G493,AQ,41.965666,13.806917,12.0,-41337.483,51143.811
PF01/0035/G493,AQ,41.969986,13.83108,9.0,-40885.364,53152.638
PF02/0035/G493,AQ,41.971438,13.834508,9.0,-40727.993,53438.842
PF03/0035/G493,AQ,41.972903,13.837973,9.0,-40569.272,53728.127
PF04/0035/G493,AQ,41.967819,13.832511,9.0,-41127.65,53267.893
PF12/0035/G493,AQ,41.967821,13.829028,12.0,-41123.428,52979.337
PF01/0036/G493,AQ,41.970214,13.852224,8.0,-40883.8,54904.94
PF02/0036/G493,AQ,41.97023,13.836767,12.0,-40864.676,53624.2
PF01/0037/G493,AQ,41.96617,13.85108,52.0,-41331.5,54804.116
PF03/0037/G493,AQ,41.965624,13.858129,52.0,-41399.983,55387.472
PF02/0002/G524,AQ,42.091532,13.687877,10.0,-27217.684,41493.804
PF04/0002/G524,AQ,42.094301,13.69065,54.0,-26913.717,41727.81
PF07/0002/G524,AQ,42.096514,13.68583,52.0,-26661.905,41332.98
PF08/0002/G524,AQ,42.100111,13.684451,52.0,-26260.74,41225.098
PF09/0002/G524,AQ,42.099841,13.693962,8.0,-26302.86,42011.16
PF10/0002/G524,AQ,42.097027,13.687589,52.0,-26607.182,41479.369
PF11/0002/G524,AQ,42.090691,13.691141,52.0,-27315.215,41762.285
PF12/0002/G524,AQ,42.092109,13.68866,54.0,-27154.585,41559.542
PF01/0003/G524,AQ,42.0888,13.669235,12.0,-27497.178,39947.319
PF01/0005/G524,AQ,42.082421,13.689859,52.0,-28231.826,41642.2
PF02/0005/G524,AQ,42.084956,13.68724,52.0,-27947.065,41429.874
PF04/0005/G524,AQ,42.084675,13.684111,52.0,-27974.321,41170.584
PF05/0005/G524,AQ,42.083001,13.685404,70.0,-28161.851,41274.655
PF08/0005/G524,AQ,42.088251,13.67851,50.0,-27570.035,40713.491
PF09/0005/G524,AQ,42.082686,13.689262,50.0,-28201.721,41593.28
PF10/0005/G524,AQ,42.086248,13.681026,70.0,-27795.679,40918.112
PF11/0005/G524,AQ,42.087614,13.6884,54.0,-27653.414,41530.334
PF13/0005/G524,AQ,42.088494,13.683296,12.0,-27549.167,41109.767
PF14/0005/G524,AQ,42.080719,13.689936,52.0,-28420.95,41645.648
PF01/0006/G524,AQ,42.089653,13.694417,8.0,-27434.68,42031.51
PF02/0006/G524,AQ,42.082831,13.700376,54.0,-28199.681,42512.801
PF03/0006/G524,AQ,42.085231,13.700064,52.0,-27932.712,42491.07
PF04/0006/G524,AQ,42.086764,13.693894,52.0,-27754.711,41983.316
PF07/0006/G524,AQ,42.08424,13.695247,12.0,-28036.676,42090.965
PF08/0006/G524,AQ,42.085908,13.697061,12.0,-27853.829,42243.841
PF01/0007/G524,AQ,42.089891,13.71191,6.0,-27430.12,43478.61
PF05/0009/G524,AQ,42.080473,13.684393,50.0,-28441.176,41186.785
PF06/0009/G524,AQ,42.077375,13.685197,70.0,-28786.214,41247.931
PF07/0009/G524,AQ,42.082167,13.682307,52.0,-28250.509,41017.072
PF11/0009/G524,AQ,42.083824,13.674656,50.0,-28056.697,40387.065
PF13/0009/G524,AQ,42.075433,13.688969,50.0,-29006.697,41556.687
PF15/0009/G524,AQ,42.076625,13.681239,12.0,-28864.493,40919.298
PF01/0010/G524,AQ,42.075806,13.70498,12.0,-28985.479,42881.803
PF02/0010/G524,AQ,42.074425,13.700848,54.0,-29133.622,42537.669
PF03/0010/G524,AQ,42.074251,13.697004,52.0,-29148.094,42219.401
PF04/0010/G524,AQ,42.075803,13.698229,52.0,-28977.325,42323.285
PF05/0010/G524,AQ,42.076729,13.701135,70.0,-28878.105,42565.243
PF07/0010/G524,AQ,42.079137,13.701711,70.0,-28611.479,42617.025
PF09/0010/G524,AQ,42.082174,13.697236,50.0,-28268.646,42251.938
PF11/0010/G524,AQ,42.0784,13.699038,8.0,-28689.9,42394.6
PF13/0010/G524,AQ,42.080132,13.693872,52.0,-28491.069,41970.235
PF14/0010/G524,AQ,42.078298,13.698941,52.0,-28701.115,42386.403
PF15/0010/G524,AQ,42.075817,13.704981,70.0,-28984.184,42881.857
PF16/0010/G524,AQ,42.081178,13.697986,52.0,-28380.158,42312.322
PF01/0013/G524,AQ,42.074809,13.683102,70.0,-29068.509,41070.248
PF02/0014/G524,AQ,42.06747,13.694253,50.0,-29897.47,41980.25
PF03/0014/G524,AQ,42.074245,13.693551,50.0,-29144.348,41933.717
PF04/0014/G524,AQ,42.071403,13.69195,52.0,-29457.906,41796.438
PF06/0015/G524,AQ,42.072598,13.703053,54.0,-29339.196,42716.998
PF07/0015/G524,AQ,42.073379,13.701301,52.0,-29250.32,42573.325
PF10/0015/G524,AQ,42.072749,13.698337,54.0,-29316.511,42327.105
PF11/0015/G524,AQ,42.074413,13.695649,54.0,-29128.421,42107.559
PF12/0015/G524,AQ,41.952446,13.546178,12.0,-42471.471,29512.422
PF13/0015/G524,AQ,42.069836,13.697801,12.0,-29639.259,42277.831
PF14/0015/G524,AQ,42.61807,13.691529,12.0,31244.7,42695.7
PF15/0015/G524,AQ,42.613591,13.688458,12.0,30751.26,42436.12
PF01/0016/G524,AQ,42.076171,13.725418,8.0,-28970.32,44573.09
PF01/0019/G524,AQ,42.056019,13.709883,54.0,-31188.655,43254.205
PF03/0019/G524,AQ,42.060326,13.709837,50.0,-30710.307,43257.632
PF04/0019/G524,AQ,42.060297,13.699501,12.0,-30700.579,42402.369
PF07/0019/G524,AQ,42.060295,13.705619,52.0,-30708.446,42908.582
PF09/0019/G524,AQ,42.062418,13.7042,50.0,-30470.968,42794.764
PF11/0019/G524,AQ,42.066728,13.704125,50.0,-29992.333,42795.782
PF14/0019/G524,AQ,42.064427,13.700621,50.0,-30243.438,42502.013
PF16/0019/G524,AQ,42.063391,13.708318,50.0,-30368.141,43137.104
PF17/0019/G524,AQ,42.057978,13.698413,54.0,-30956.77,42308.379
PF18/0019/G524,AQ,42.064839,13.705242,50.0,-30203.461,42885.037
PF19/0019/G524,AQ,42.062131,13.698338,10.0,-30495.51,42309.231
PF20/0019/G524,AQ,42.630252,13.702024,12.0,32584.174,43577.227
PF01/0020/G524,AQ,42.064501,13.716399,8.0,-30254.9,43807.58
PF01/0022/G524,AQ,42.065227,13.676498,8.0,-30124.01,40507.48
PF01/0023/G524,AQ,42.054604,13.685988,8.0,-31315.62,41274.54
PF01/0024/G524,AQ,42.057729,13.703971,52.0,-30991.309,42767.867
PF02/0024/G524,AQ,42.057254,13.702586,54.0,-31042.345,42652.498
PF06/0024/G524,AQ,42.056163,13.703234,54.0,-31164.287,42704.302
PF12/0024/G524,AQ,42.053558,13.705689,70.0,-31456.607,42903.077
PF14/0024/G524,AQ,42.054221,13.706332,50.0,-31383.789,42957.328
PF16/0024/G524,AQ,42.051608,13.707762,54.0,-31675.741,43071.322
PF17/0024/G524,AQ,42.052001,13.706935,70.0,-31631.024,43003.535
PF21/0024/G524,AQ,42.052136,13.704016,70.0,-31612.375,42762.179
PF22/0024/G524,AQ,42.055044,13.704962,8.0,-31290.72,42845.34
PF02/0025/G524,AQ,42.0558,13.708724,52.0,-31211.459,43157.953
PF03/0025/G524,AQ,42.050528,13.710439,54.0,-31799.02,43291.073
PF04/0025/G524,AQ,42.052774,13.719695,8.0,-31561.13,44060.73
PF05/0025/G524,AQ,42.053617,13.709081,50.0,-31454.28,43183.834
PF06/0025/G524,AQ,42.058761,13.714536,12.0,-30890.01,43643.822
PF07/0025/G524,AQ,42.047334,13.716286,54.0,-32160.922,43769.606
PF08/0025/G524,AQ,42.048764,13.718245,54.0,-32004.54,43934.068
PF09/0025/G524,AQ,42.046699,13.719883,54.0,-32235.903,44066.239
PF10/0025/G524,AQ,42.055689,13.715057,12.0,-31231.747,43681.837
PF01/0029/G524,AQ,42.039451,13.669501,8.0,-32977.04,39884.08
PF03/0029/G524,AQ,42.045887,13.673402,12.0,-32267.4,40218.0
PF01/0030/G524,AQ,42.048172,13.679559,6.0,-32021.65,40731.53
PF01/0031/G524,AQ,42.053,13.696854,8.0,-31507.48,42171.01
PF02/0031/G524,AQ,42.053909,13.702597,54.0,-31413.73,42647.745
PF01/0033/G524,AQ,42.039924,13.703204,6.0,-32967.39,42674.41
PF01/0036/G524,AQ,42.028387,13.633029,3.0,-34157.88,36845.63
PF02/0036/G524,AQ,42.036632,13.657068,8.0,-33273.91,38850.07
PF01/0041/G524,AQ,42.035654,13.722042,8.0,-33464.94,44226.54
PF01/0043/G524,AQ,42.024126,13.669506,8.0,-34678.67,39858.0
PF01/0044/G524,AQ,42.033947,13.691163,8.0,-33615.84,41667.65
PF01/0047/G524,AQ,42.025684,13.708275,8.0,-34554.9,43070.3
PF01/0049/G524,AQ,42.001958,13.678913,8.0,-37152.08,40598.84
PF02/0049/G524,AQ,42.010398,13.664272,8.0,-36196.2,39400.85
PF01/0050/G524,AQ,42.016464,13.691512,8.0,-35557.54,41666.86
PF01/0052/G524,AQ,42.002218,13.689094,8.0,-37136.23,41442.45
PF01/0003/G726,AQ,42.5518,13.037359,50.0,24923.081,-11127.191
PF01/0005/G726,AQ,42.53593,13.063339,7.0,23111.63,-9034.45
PF01/0007/G726,AQ,42.544553,13.075295,50.0,24046.874,-8030.834
PF02/0007/G726,AQ,42.541882,13.077068,50.0,23746.864,-7891.918
PF01/0008/G726,AQ,42.541959,13.080321,50.0,23749.399,-7624.661
PF01/0009/G726,AQ,42.558254,13.091696,50.0,25537.779,-6649.751
PF01/0010/G726,AQ,42.558764,13.09314,8.0,25591.72,-6529.95
PF01/0011/G726,AQ,42.54108,13.092494,8.0,23629.21,-6627.24
PF02/0011/G726,AQ,42.550518,13.09794,52.0,24667.187,-6156.462
PF03/0011/G726,AQ,42.552132,13.093408,52.0,24854.77,-6524.556
PF01/0012/G726,AQ,42.553161,13.096032,52.0,24964.242,-6306.541
PF01/0013/G726,AQ,42.550764,13.119282,8.0,24655.37,-4403.57
PF01/0015/G726,AQ,42.551041,13.135098,8.0,24657.46,-3104.36
PF02/0015/G726,AQ,42.549187,13.136336,54.0,24449.338,-3007.198
PF03/0015/G726,AQ,42.548355,13.137411,12.0,24355.0,-2921.0
PF04/0015/G726,AQ,42.306509,13.471728,12.0,-3049.76,24045.44
PF01/0017/G726,AQ,42.53386,13.04613,50.0,22914.207,-10453.026
PF02/0017/G726,AQ,42.534183,13.051442,50.0,22940.01,-10015.983
PF03/0017/G726,AQ,42.540413,13.047018,12.0,23640.2,-10363.3
PF01/0018/G726,AQ,42.527029,13.052354,8.0,22143.94,-9959.34
PF03/0018/G726,AQ,42.531421,13.047119,50.0,22641.472,-10378.072
PF02/0019/G726,AQ,42.531311,13.052211,12.0,22619.722,-9960.16
PF01/0020/G726,AQ,42.530216,13.075736,12.0,22453.9,-8030.8
PF02/0020/G726,AQ,42.532828,13.07638,12.0,22742.75,-7971.3
PF01/0021/G726,AQ,42.533239,13.082507,50.0,22776.997,-7467.02
PF01/0022/G726,AQ,42.533137,13.088775,50.0,22754.031,-6952.524
PF02/0022/G726,AQ,42.531181,13.099965,52.0,22516.192,-6038.344
PF01/0024/G726,AQ,42.523914,13.035931,6.0,21829.13,-11316.3
PF02/0024/G726,AQ,42.519213,13.023797,8.0,21330.3,-12325.14
PF03/0024/G726,AQ,42.508097,13.038893,8.0,20067.07,-11113.58
PF04/0024/G726,AQ,42.517884,13.022081,50.0,21186.015,-12469.552
PF01/0025/G726,AQ,42.512981,13.053573,8.0,20581.66,-9895.02
PF02/0025/G726,AQ,42.521894,13.062475,8.0,21554.65,-9141.02
PF03/0025/G726,AQ,42.506561,13.04306,52.0,19888.606,-10775.209
PF05/0025/G726,AQ,42.508264,13.045559,54.0,20073.001,-10565.461
PF06/0025/G726,AQ,42.507262,13.057633,50.0,19938.902,-9576.052
PF01/0026/G726,AQ,42.525745,13.079458,8.0,21950.51,-7736.33
PF02/0026/G726,AQ,42.526041,13.071353,52.0,21998.534,-8401.287
PF03/0026/G726,AQ,42.525762,13.074154,52.0,21962.252,-8171.904
PF04/0026/G726,AQ,42.523095,13.073405,52.0,21667.474,-8240.186
PF01/0029/G726,AQ,42.530097,13.086882,50.0,22419.983,-7115.627
PF02/0029/G726,AQ,42.530573,13.083036,50.0,22479.948,-7430.337
PF03/0029/G726,AQ,42.528562,13.091819,12.0,22240.386,-6713.967
PF04/0029/G726,AQ,42.531535,13.091498,12.0,22571.125,-6732.912
PF05/0029/G726,AQ,42.530879,13.094614,12.0,22492.491,-6478.645
PF06/0029/G726,AQ,42.530031,13.079199,12.0,22426.9,-7746.8
PF01/0030/G726,AQ,42.527175,13.108849,8.0,22054.97,-5318.64
PF02/0030/G726,AQ,42.528378,13.104448,52.0,22196.706,-5677.19
PF03/0030/G726,AQ,42.528755,13.096738,52.0,22252.724,-6309.45
PF02/0032/G726,AQ,42.478758,13.039169,70.0,16808.525,-11166.288
PF03/0032/G726,AQ,42.480292,13.041345,70.0,16974.793,-10983.479
PF04/0032/G726,AQ,42.485615,13.036494,70.0,17575.085,-11368.554
PF05/0032/G726,AQ,42.503592,13.00944,50.0,19623.19,-13545.221
PF06/0032/G726,AQ,42.505845,13.011603,50.0,19869.289,-13361.626
PF01/0033/G726,AQ,42.49304,13.035919,70.0,18400.667,-11396.713
PF02/0033/G726,AQ,42.469976,13.060877,54.0,15792.288,-9404.239
PF04/0033/G726,AQ,42.503813,13.030272,70.0,19607.736,-11832.941
PF05/0033/G726,AQ,42.501469,13.029326,54.0,19349.276,-11916.73
PF06/0033/G726,AQ,42.498499,13.029822,52.0,19018.536,-11883.653
PF07/0033/G726,AQ,42.516384,13.0254,50.0,21013.095,-12200.799
PF08/0033/G726,AQ,42.500831,13.02867,70.0,19279.642,-11972.293
PF09/0033/G726,AQ,42.51171,13.013718,56.0,20516.458,-13172.631
PF10/0033/G726,AQ,42.487839,13.045773,70.0,17804.485,-10600.217
PF11/0033/G726,AQ,42.490942,13.038423,70.0,18162.965,-11196.288
PF12/0033/G726,AQ,42.504407,13.032617,70.0,19669.282,-11638.749
PF13/0034/G726,AQ,42.511447,13.027376,70.0,20461.001,-12051.19
PF16/0034/G726,AQ,42.510682,13.033325,70.0,20364.687,-11564.458
PF17/0034/G726,AQ,42.506105,13.034703,70.0,19853.874,-11462.969
PF18/0034/G726,AQ,42.506694,13.035935,9.0,19916.86,-11360.25
PF19/0034/G726,AQ,42.507687,13.037162,56.0,20024.803,-11256.862
PF20/0034/G726,AQ,42.509227,13.02962,9.0,20210.26,-11872.6
PF21/0034/G726,AQ,42.510973,13.031631,50.0,20400.287,-11702.864
PF22/0034/G726,AQ,42.514508,13.02587,70.0,20803.876,-12167.026
PF02/0035/G726,AQ,42.507512,13.024831,70.0,20028.933,-12270.439
PF05/0035/G726,AQ,42.506158,13.027524,70.0,19873.397,-12052.709
PF08/0035/G726,AQ,42.504125,13.035111,52.0,19633.143,-11434.562
PF16/0035/G726,AQ,42.506484,13.032064,9.0,19901.0,-11678.86
PF10/0036/G726,AQ,42.499104,13.035713,50.0,19074.425,-11398.05
PF12/0036/G726,AQ,42.503584,13.034713,70.0,19573.88,-11468.647
PF20/0036/G726,AQ,42.503359,13.039376,70.0,19540.006,-11086.097
PF15/0037/G726,AQ,42.503523,13.041241,70.0,19554.719,-10932.403
PF16/0037/G726,AQ,42.504188,13.044322,70.0,19622.718,-10677.601
PF18/0037/G726,AQ,42.506942,13.053145,70.0,19911.848,-9945.627
PF20/0037/G726,AQ,42.507057,13.047855,52.0,19934.634,-10379.919
PF21/0037/G726,AQ,42.496395,13.037715,50.0,18769.875,-11240.445
PF01/0039/G726,AQ,42.500315,13.065004,70.0,19153.641,-8988.019
PF03/0039/G726,AQ,42.496293,13.064749,70.0,18707.483,-9019.16
PF05/0039/G726,AQ,42.500865,13.07202,52.0,19201.501,-8410.142
PF06/0039/G726,AQ,42.502652,13.060524,70.0,19421.481,-9350.239
PF07/0039/G726,AQ,42.497861,13.066111,12.0,18879.016,-8903.276
PF01/0040/G726,AQ,42.505434,13.067297,8.0,19717.74,-8786.65
PF03/0040/G726,AQ,42.500156,13.074963,50.0,19117.266,-8170.061
PF04/0040/G726,AQ,42.505013,13.061342,70.0,19682.159,-9276.979
PF01/0041/G726,AQ,42.515173,13.08597,8.0,20764.42,-7227.93
PF02/0041/G726,AQ,42.516269,13.096454,8.0,20866.69,-6363.97
PF02/0042/G726,AQ,42.497706,13.010852,50.0,18966.915,-13444.561
PF03/0042/G726,AQ,42.495543,13.010749,70.0,18726.838,-13458.684
PF04/0042/G726,AQ,42.48332,13.034874,70.0,17323.374,-11507.576
PF05/0042/G726,AQ,42.493587,13.008951,50.0,18513.119,-13611.576
PF06/0042/G726,AQ,42.491335,13.004243,52.0,18272.153,-14004.297
PF08/0042/G726,AQ,42.499105,13.014363,12.0,19115.438,-13152.451
PF03/0043/G726,AQ,42.491795,13.014415,70.0,18303.59,-13167.153
PF01/0044/G726,AQ,42.501522,13.036452,70.0,19341.568,-11331.1
PF02/0044/G726,AQ,42.470428,13.059695,70.0,15844.716,-9500.205
PF04/0044/G726,AQ,42.507524,13.024854,70.0,20030.224,-12268.567
PF01/0045/G726,AQ,42.490778,13.034701,70.0,18151.793,-11502.584
PF05/0045/G726,AQ,42.493131,13.040795,70.0,18401.578,-10995.713
PF06/0045/G726,AQ,42.495372,13.032646,70.0,18665.915,-11659.654
PF07/0045/G726,AQ,42.492952,13.037269,70.0,18388.407,-11285.961
PF08/0045/G726,AQ,42.484707,13.044143,70.0,17459.776,-10742.224
PF09/0045/G726,AQ,42.501578,13.03421,70.0,19352.023,-11515.186
PF10/0045/G726,AQ,42.494087,13.038511,50.0,18512.068,-11181.022
PF11/0045/G726,AQ,42.496688,13.034642,70.0,18808.234,-11492.245
PF12/0045/G726,AQ,42.496109,13.035217,70.0,18742.828,-11446.462
PF01/0048/G726,AQ,42.477796,13.003645,6.0,16769.88,-14088.84
PF02/0048/G726,AQ,42.488599,13.002552,12.0,17971.566,-14150.437
PF06/0048/G726,AQ,42.486692,13.005536,12.0,17754.058,-13910.184
PF07/0048/G726,AQ,42.488732,13.006299,12.0,17979.083,-13842.168
PF01/0049/G726,AQ,42.488495,13.012836,8.0,17940.16,-13305.5
PF02/0049/G726,AQ,42.490132,13.016531,70.0,18114.882,-12997.581
PF03/0049/G726,AQ,42.485711,13.022478,50.0,17612.554,-12520.262
PF04/0049/G726,AQ,42.48827,13.021309,50.0,17898.981,-12609.735
PF01/0050/G726,AQ,42.487159,13.031306,70.0,17756.385,-11790.981
PF02/0050/G726,AQ,42.489544,13.032919,70.0,18018.215,-11652.235
PF02/0051/G726,AQ,42.485738,13.028157,70.0,17604.626,-12053.483
PF03/0051/G726,AQ,42.488279,13.026705,52.0,17889.578,-12166.233
PF04/0051/G726,AQ,42.482705,13.032804,50.0,17258.99,-11679.356
PF05/0051/G726,AQ,42.484435,13.031089,50.0,17454.408,-11815.846
PF06/0051/G726,AQ,42.482776,13.02892,50.0,17274.314,-11998.399
PF01/0052/G726,AQ,42.493276,13.036232,8.0,18426.32,-11370.4
PF02/0052/G726,AQ,42.492458,13.052844,70.0,18303.94,-10007.258
PF03/0052/G726,AQ,42.490055,13.047845,52.0,18046.613,-10424.241
PF04/0052/G726,AQ,42.491796,13.049485,70.0,18236.795,-10285.033
PF05/0052/G726,AQ,42.486691,13.035713,70.0,17696.081,-11429.945
PF06/0052/G726,AQ,42.494391,13.031272,70.0,18559.622,-11775.095
PF07/0052/G726,AQ,42.489677,13.037012,12.0,18025.161,-11315.55
PF08/0052/G726,AQ,42.488687,13.050819,70.0,17889.008,-10183.359
PF09/0052/G726,AQ,42.488875,13.044725,12.0,17921.48,-10683.7
PF03/0053/G726,AQ,42.482136,13.04086,50.0,17180.434,-11018.593
PF05/0053/G726,AQ,42.484892,13.037574,50.0,17492.716,-11281.608
PF01/0054/G726,AQ,42.484762,13.050755,70.0,17453.357,-10198.582
PF01/0055/G726,AQ,42.477924,13.025967,8.0,16741.08,-12253.68
PF01/0056/G726,AQ,42.478504,13.03776,52.0,16783.005,-11282.794
PF02/0056/G726,AQ,42.480761,13.036344,52.0,17036.328,-11393.317
PF03/0056/G726,AQ,42.469308,13.035928,70.0,15765.348,-11457.022
PF04/0056/G726,AQ,42.477569,13.035299,54.0,16683.927,-11487.443
PF21/0003/G766,AQ,42.396887,13.277762,20.0,7291.368,8261.431
PF28/0005/G766,AQ,42.392153,13.268448,20.0,6781.319,7484.054
PF29/0005/G766,AQ,42.397447,13.266946,20.0,7371.704,7372.485
PF14/0006/G766,AQ,42.38886,13.28144,52.0,6393.852,8546.061
PF34/0006/G766,AQ,42.394406,13.277573,70.0,7016.226,8240.241
PF36/0006/G766,AQ,42.391099,13.274566,21.0,6654.008,7985.253
PF34/0007/G766,AQ,42.39412,13.28363,21.0,6974.358,8738.192
PF12/0009/G766,AQ,42.389513,13.268688,20.0,6487.748,7497.881
PF04/0010/G766,AQ,42.384742,13.249345,70.0,5990.531,5894.686
PF09/0010/G766,AQ,42.382797,13.24929,20.0,5774.664,5885.746
PF03/0011/G766,AQ,42.380938,13.253874,70.0,5560.495,6258.86
PF10/0011/G766,AQ,42.376711,13.258035,20.0,5084.028,6591.819
PF06/0012/G766,AQ,42.371205,13.268713,20.0,4454.724,7458.529
PF34/0013/G766,AQ,42.371698,13.271883,20.0,4504.099,7720.632
PF01/0001/G992,AQ,42.359434,13.328424,21.0,3049.146,12349.351
PF04/0002/G992,AQ,42.362031,13.327021,20.0,3339.874,12239.479
PF21/0004/G992,AQ,42.356702,13.340299,52.0,2726.676,13321.432
PF24/0004/G992,AQ,42.35798,13.337578,20.0,2872.986,13100.098
PF25/0004/G992,AQ,42.35505,13.339141,21.0,2545.083,13222.454
PF13/0005/G992,AQ,42.359026,13.345826,20.0,2975.802,13781.63
PF03/0006/G992,AQ,42.355044,13.347617,70.0,2530.818,13920.504
PF08/0006/G992,AQ,42.359282,13.356695,21.0,2986.93,14677.29
PF03/0007/G992,AQ,42.354492,13.377304,70.0,2422.454,16364.374
PF17/0007/G992,AQ,42.352584,13.372912,21.0,2217.448,15998.588
PF03/0008/G992,AQ,42.357936,13.32344,20.0,2890.929,11935.638
PF09/0009/G992,AQ,42.353595,13.342361,21.0,2378.289,13484.506
PF09/0010/G992,AQ,42.351463,13.348871,70.0,2131.12,14016.09
PF17/0010/G992,AQ,42.352238,13.345836,21.0,2222.099,13767.749
PF18/0010/G992,AQ,42.345923,13.354688,21.0,1506.726,14483.257
PF04/0012/G992,AQ,42.345873,13.359129,20.0,1494.04,14849.007
PF20/0014/G992,AQ,42.344219,13.381696,52.0,1274.729,16704.393
PF21/0014/G992,AQ,42.352575,13.383164,12.0,2200.377,16843.004
PF22/0014/G992,AQ,42.352777,13.380276,21.0,2227.287,16605.541
PF02/0015/G992,AQ,42.351861,13.385619,21.0,2117.246,17043.673
PF05/0017/G992,AQ,42.337731,13.372662,20.0,568.573,15946.445
PF03/0020/G992,AQ,42.338192,13.375774,21.0,614.81,16203.775
PF05/0021/G992,AQ,42.340986,13.380935,21.0,916.945,16634.847
PF02/0001/H007,AQ,42.181397,13.610145,52.0,-17137.733,35227.607
PF03/0001/H007,AQ,42.409825,13.288412,54.0,8710.282,9166.943
PF04/0001/H007,AQ,42.187248,13.614211,70.0,-16493.523,35573.934
PF05/0001/H007,AQ,42.185258,13.59632,52.0,-16690.333,34092.861
PF06/0001/H007,AQ,42.182536,13.600134,52.0,-16997.728,34402.93
PF07/0001/H007,AQ,42.182527,13.610142,52.0,-17012.27,35229.382
PF09/0001/H007,AQ,42.181049,13.61352,54.0,-17180.906,35505.667
PF11/0001/H007,AQ,42.18402,13.603761,12.0,-16837.899,34705.136
PF12/0001/H007,AQ,42.186464,13.602547,12.0,-16564.806,34609.319
PF01/0002/H007,AQ,42.185639,13.62,52.0,-16679.914,36049.138
PF07/0002/H007,AQ,42.18855,13.617327,70.0,-16353.161,35833.569
PF08/0002/H007,AQ,42.182928,13.624066,12.0,-16986.377,36380.034
PF09/0002/H007,AQ,42.190312,13.615423,12.0,-16154.874,35679.557
PF01/0003/H007,AQ,42.178862,13.60718,52.0,-17415.206,34978.108
PF02/0003/H007,AQ,42.182197,13.595946,52.0,-17029.7,34056.413
PF03/0003/H007,AQ,42.176314,13.60501,52.0,-17695.159,34794.253
PF04/0003/H007,AQ,42.175644,13.599093,52.0,-17761.559,34304.374
PF06/0003/H007,AQ,42.180217,13.593487,50.0,-17246.228,33849.75
PF07/0003/H007,AQ,42.252611,13.495373,70.0,-9069.329,25888.637
PF08/0003/H007,AQ,42.258099,13.497388,70.0,-8462.964,26065.547
PF09/0003/H007,AQ,42.177363,13.597451,52.0,-17568.534,34171.914
PF10/0003/H007,AQ,42.17704,13.601642,52.0,-17610.0,34517.431
PF11/0003/H007,AQ,42.256272,13.495253,70.0,-8662.665,25885.852
PF14/0004/H007,AQ,42.173691,13.606319,52.0,-17988.26,34897.68
PF15/0004/H007,AQ,42.175805,13.608069,52.0,-17755.85,35046.035
PF17/0004/H007,AQ,42.171617,13.602271,50.0,-18213.061,34559.508
PF01/0006/H007,AQ,42.18411,13.628957,70.0,-16861.656,36786.009
PF02/0006/H007,AQ,42.178871,13.631282,9.0,-17446.41,36968.7
PF03/0006/H007,AQ,42.172752,13.635736,9.0,-18131.74,37325.67
PF04/0006/H007,AQ,42.172809,13.635747,8.0,-18125.48,37326.71
PF05/0006/H007,AQ,42.176059,13.628915,54.0,-17755.582,36768.229
PF06/0006/H007,AQ,42.179491,13.628309,52.0,-17373.648,36724.257
PF07/0006/H007,AQ,42.174166,13.63143,54.0,-17969.104,36972.552
PF08/0006/H007,AQ,42.17654,13.632972,56.0,-17707.525,37104.175
PF09/0006/H007,AQ,42.174009,13.625411,70.0,-17978.543,36475.141
PF12/0006/H007,AQ,42.177936,13.62571,52.0,-17542.871,36506.832
PF13/0006/H007,AQ,42.180343,13.62532,70.0,-17275.028,36478.912
PF14/0006/H007,AQ,42.178368,13.635043,56.0,-17507.303,37278.476
PF15/0006/H007,AQ,42.181608,13.632544,70.0,-17144.247,37077.776
PF01/0007/H007,AQ,42.187211,13.630894,50.0,-16519.828,36951.497
PF04/0007/H007,AQ,42.183172,13.639092,50.0,-16979.162,37621.329
PF05/0007/H007,AQ,42.188013,13.638143,52.0,-16440.426,37551.535
PF06/0007/H007,AQ,42.184691,13.63533,70.0,-16805.592,37313.343
PF07/0007/H007,AQ,42.184865,13.641966,52.0,-16794.978,37861.685
PF01/0008/H007,AQ,42.190659,13.645356,8.0,-16156.06,38151.88
PF02/0008/H007,AQ,42.190538,13.645305,52.0,-16169.413,38147.441
PF03/0008/H007,AQ,42.188276,13.642821,52.0,-16417.31,37938.362
PF05/0008/H007,AQ,42.184081,13.646016,52.0,-16887.371,38194.755
PF09/0008/H007,AQ,42.19062,13.639625,52.0,-16152.866,37678.55
PF10/0008/H007,AQ,42.186138,13.644534,52.0,-16657.002,38076.034
PF11/0008/H007,AQ,42.188619,13.648461,52.0,-16386.662,38404.652
PF01/0009/H007,AQ,42.213779,13.67082,8.0,-13621.92,40294.51
PF01/0010/H007,AQ,42.197429,13.685102,8.0,-15455.74,41445.45
PF01/0011/H007,AQ,42.201108,13.661665,8.0,-15017.08,39516.79
PF02/0011/H007,AQ,42.194807,13.640946,52.0,-15689.703,37795.024
PF03/0011/H007,AQ,42.193975,13.647681,52.0,-15790.952,38349.646
PF01/0012/H007,AQ,42.177267,13.653364,54.0,-17653.539,38789.628
PF02/0012/H007,AQ,42.176183,13.656309,54.0,-17777.795,39030.993
PF03/0012/H007,AQ,42.17486,13.654246,52.0,-17921.987,38858.243
PF04/0012/H007,AQ,42.18235,13.647362,52.0,-17081.281,38302.858
PF01/0013/H007,AQ,42.178182,13.639981,52.0,-17534.476,37685.97
PF04/0013/H007,AQ,42.172079,13.647174,70.0,-18221.516,38269.266
PF19/0013/H007,AQ,42.173947,13.642683,70.0,-18008.192,37901.649
PF20/0013/H007,AQ,42.175812,13.638999,52.0,-17796.273,37600.635
PF21/0013/H007,AQ,42.177439,13.648967,70.0,-17628.699,38426.801
PF22/0013/H007,AQ,42.176829,13.644541,70.0,-17690.674,38060.123
PF01/0014/H007,AQ,42.167453,13.618488,56.0,-18697.238,35891.541
PF03/0014/H007,AQ,42.164354,13.617052,54.0,-19039.451,35767.372
PF04/0014/H007,AQ,42.166429,13.606022,70.0,-18794.142,34859.931
PF05/0014/H007,AQ,42.164332,13.60802,70.0,-19029.709,35021.19
PF06/0014/H007,AQ,42.16668,13.609758,70.0,-18771.356,35168.987
PF07/0014/H007,AQ,42.325837,12.948838,342.0,3.0,-19001.638
PF09/0014/H007,AQ,42.164849,13.602869,52.0,-18965.418,34596.631
PF10/0014/H007,AQ,42.16931,13.61369,56.0,-18484.609,35498.582
PF11/0014/H007,AQ,42.170614,13.610998,52.0,-18336.209,35278.537
PF14/0014/H007,AQ,42.169947,13.604808,50.0,-18401.927,34766.037
PF16/0014/H007,AQ,42.168661,13.606077,52.0,-18546.392,34868.552
PF17/0014/H007,AQ,42.165923,13.615508,70.0,-18863.082,35642.594
PF18/0014/H007,AQ,42.163242,13.6126,70.0,-19156.956,35397.528
PF19/0014/H007,AQ,42.168268,13.610334,52.0,-18595.787,35219.486
PF20/0014/H007,AQ,42.167414,13.60065,50.0,-18677.595,34417.958
PF07/0015/H007,AQ,42.171052,13.627708,56.0,-18309.862,36659.545
PF08/0015/H007,AQ,42.168485,13.622734,52.0,-18588.329,36244.108
PF10/0015/H007,AQ,42.166211,13.624073,52.0,-18842.604,36350.637
PF14/0015/H007,AQ,42.161974,13.627257,52.0,-19317.247,36606.072
PF15/0015/H007,AQ,42.16455,13.626919,52.0,-19030.833,36582.752
PF16/0015/H007,AQ,42.167654,13.629657,52.0,-18689.767,36814.518
PF17/0015/H007,AQ,42.168508,13.625434,50.0,-18589.372,36467.226
PF18/0015/H007,AQ,42.164686,13.627065,52.0,-19015.894,36595.084
PF19/0015/H007,AQ,42.169465,13.6197,52.0,-18475.47,35995.288
PF23/0015/H007,AQ,42.165273,13.62036,54.0,-18941.75,36042.236
PF01/0016/H007,AQ,42.166611,13.633481,52.0,-18810.704,37128.486
PF04/0016/H007,AQ,42.17002,13.634955,54.0,-18434.043,37256.374
PF05/0016/H007,AQ,42.171252,13.627842,54.0,-18287.908,36670.976
PF06/0016/H007,AQ,42.165234,13.637013,12.0,-18968.189,37417.868
PF01/0017/H007,AQ,42.161977,13.602703,52.0,-19284.03,34577.7
PF02/0017/H007,AQ,42.162134,13.61019,52.0,-19276.712,35196.466
PF03/0017/H007,AQ,42.161818,13.608902,70.0,-19310.111,35089.504
PF04/0017/H007,AQ,42.159491,13.60845,52.0,-19567.849,35047.944
PF05/0017/H007,AQ,42.161028,13.604935,52.0,-19392.411,34760.307
PF06/0017/H007,AQ,42.162911,13.606969,52.0,-19186.071,34931.794
PF07/0017/H007,AQ,42.158128,13.600919,54.0,-19709.031,34423.316
PF08/0017/H007,AQ,42.184523,13.626251,70.0,-16812.191,36563.322
PF09/0017/H007,AQ,42.154261,13.605603,52.0,-20144.715,34803.266
PF11/0017/H007,AQ,42.186266,13.624461,70.0,-16616.289,36418.645
PF12/0017/H007,AQ,42.157152,13.604298,12.0,-19822.003,34700.642
PF02/0018/H007,AQ,42.161646,13.622657,54.0,-19347.545,36225.462
PF04/0018/H007,AQ,42.153693,13.621125,70.0,-20228.58,36084.67
PF05/0018/H007,AQ,42.161954,13.617493,52.0,-19306.475,35799.425
PF06/0018/H007,AQ,42.158848,13.619307,70.0,-19653.808,35943.759
PF07/0018/H007,AQ,42.153758,13.616859,52.0,-20215.676,35732.298
PF08/0018/H007,AQ,42.15552,13.616684,70.0,-20019.787,35721.043
PF09/0018/H007,AQ,42.159607,13.61524,70.0,-19564.131,35609.125
PF10/0018/H007,AQ,42.16096,13.612926,70.0,-19410.77,35420.409
PF11/0018/H007,AQ,42.159592,13.624673,52.0,-19578.358,36388.358
PF12/0018/H007,AQ,42.161201,13.603776,52.0,-19371.6,34664.94
PF13/0018/H007,AQ,42.157045,13.612771,70.0,-19845.287,35400.501
PF14/0018/H007,AQ,42.151241,13.618349,70.0,-20497.206,35850.865
PF01/0019/H007,AQ,42.159905,13.628426,70.0,-19548.597,36698.993
PF02/0019/H007,AQ,42.161567,13.630773,70.0,-19367.199,36895.862
PF03/0019/H007,AQ,42.163788,13.633761,70.0,-19124.487,37146.611
PF04/0019/H007,AQ,42.154053,13.632587,70.0,-20203.935,37032.31
PF05/0019/H007,AQ,42.159886,13.632778,70.0,-19556.437,37058.466
PF06/0019/H007,AQ,42.165463,13.630738,12.0,-18934.508,36899.854
PF07/0019/H007,AQ,42.156887,13.630615,70.0,-19886.604,36874.474
PF01/0020/H007,AQ,42.144882,13.60966,6.0,-21191.6,35121.47
PF01/0021/H007,AQ,42.157213,13.625974,70.0,-19844.282,36491.635
PF02/0021/H007,AQ,42.154338,13.628049,70.0,-20166.2,36657.871
PF03/0021/H007,AQ,42.155475,13.62356,70.0,-20034.014,36289.024
PF04/0021/H007,AQ,42.152406,13.625437,54.0,-20377.301,36438.618
PF05/0021/H007,AQ,42.151032,13.622635,52.0,-20526.117,36204.643
PF06/0021/H007,AQ,42.151275,13.629216,54.0,-20507.923,36748.885
PF07/0021/H007,AQ,42.146699,13.626767,52.0,-21012.743,36538.307
PF08/0021/H007,AQ,42.149421,13.625481,52.0,-20708.75,36436.896
PF01/0022/H007,AQ,42.143414,13.631079,8.0,-21383.17,36888.75
PF02/0022/H007,AQ,42.142962,13.636271,54.0,-21440.244,37317.018
PF03/0022/H007,AQ,42.142608,13.632698,54.0,-21474.866,37021.138
PF04/0022/H007,AQ,42.14031,13.634495,54.0,-21732.349,37165.57
PF06/0022/H007,AQ,42.140096,13.630641,50.0,-21751.091,36846.665
PF07/0022/H007,AQ,42.146277,13.631745,52.0,-21066.247,36948.885
PF08/0022/H007,AQ,42.148771,13.630972,52.0,-20788.241,36889.494
PF09/0022/H007,AQ,42.146439,13.631711,52.0,-21048.123,36946.386
PF02/0001/H056,AQ,42.161256,13.593414,50.0,-19351.522,33808.946
PF03/0001/H056,AQ,42.162863,13.595005,50.0,-19175.21,33943.346
PF04/0001/H056,AQ,42.159782,13.595108,50.0,-19517.498,33946.191
PF05/0001/H056,AQ,42.160513,13.598655,70.0,-19441.088,34240.61
PF06/0001/H056,AQ,42.157729,13.598255,52.0,-19749.751,34202.473
PF07/0001/H056,AQ,42.156748,13.586582,50.0,-19842.702,33236.286
PF08/0001/H056,AQ,42.157065,13.583097,50.0,-19802.729,32948.965
PF09/0001/H056,AQ,42.157529,13.591299,70.0,-19762.434,33627.415
PF10/0001/H056,AQ,42.155717,13.59877,12.0,-19973.829,34241.346
PF01/0002/H056,AQ,42.144559,13.585679,50.0,-21194.863,33139.257
PF02/0002/H056,AQ,42.146384,13.583303,50.0,-20989.047,32946.245
PF03/0002/H056,AQ,42.144828,13.579657,52.0,-21156.816,32642.155
PF04/0002/H056,AQ,42.1543,13.586346,50.0,-20114.23,33212.307
PF06/0002/H056,AQ,42.152327,13.579739,70.0,-20324.27,32662.716
PF07/0002/H056,AQ,42.149926,13.578854,54.0,-20589.623,32585.183
PF09/0002/H056,AQ,42.148587,13.582096,70.0,-20742.795,32850.554
PF01/0003/H056,AQ,42.15351,13.60253,70.0,-20223.942,34548.0
PF02/0003/H056,AQ,42.154609,13.59556,70.0,-20092.508,33974.104
PF03/0003/H056,AQ,42.151947,13.600153,12.0,-20394.303,34348.749
PF01/0004/H056,AQ,42.151668,13.575447,52.0,-20391.445,32306.912
PF02/0004/H056,AQ,42.153418,13.573378,70.0,-20194.33,32139.181
PF03/0004/H056,AQ,42.151591,13.570233,70.0,-20392.87,31875.955
PF04/0004/H056,AQ,42.146773,13.577486,54.0,-20937.824,32466.341
PF05/0004/H056,AQ,42.1493,13.574994,70.0,-20653.79,32265.085
PF01/0005/H056,AQ,42.144568,13.577972,9.0,-21183.348,32502.421
PF03/0005/H056,AQ,42.149645,13.566376,52.0,-20603.614,31553.608
PF01/0006/H056,AQ,42.13632,13.5745,56.0,-22094.413,32200.198
PF01/0007/H056,AQ,42.14254,13.584268,50.0,-21417.146,33018.951
PF02/0007/H056,AQ,42.141657,13.581205,52.0,-21511.004,32764.173
PF04/0007/H056,AQ,42.141281,13.577245,52.0,-21547.264,32436.259
PF05/0007/H056,AQ,42.134088,13.575861,70.0,-22344.06,32308.57
PF06/0007/H056,AQ,42.132343,13.577955,70.0,-22540.795,32478.387
PF07/0007/H056,AQ,42.134087,13.580494,68.0,-22350.61,32691.487
PF08/0007/H056,AQ,42.136912,13.580448,70.0,-22036.85,32692.876
PF09/0007/H056,AQ,42.135363,13.582589,68.0,-22211.801,32866.946
PF11/0007/H056,AQ,42.13216,13.580363,12.0,-22564.35,32677.05
PF01/0008/H056,AQ,42.142917,13.591442,70.0,-21385.169,33612.479
PF02/0008/H056,AQ,42.139852,13.582904,52.0,-21713.767,32901.29
PF03/0008/H056,AQ,42.141431,13.587543,70.0,-21544.791,33287.486
PF04/0008/H056,AQ,42.141161,13.593343,70.0,-21582.658,33766.367
PF02/0009/H056,AQ,42.145374,13.589078,70.0,-21109.112,33421.652
PF03/0009/H056,AQ,42.145219,13.591806,70.0,-21129.969,33646.718
PF04/0009/H056,AQ,42.152228,13.587134,70.0,-20345.415,33273.545
PF05/0009/H056,AQ,42.152403,13.590806,70.0,-20330.946,33577.281
PF06/0009/H056,AQ,42.155043,13.58925,70.0,-20035.662,33453.545
PF07/0009/H056,AQ,42.146775,13.586701,52.0,-20950.215,33227.759
PF08/0009/H056,AQ,42.145167,13.598215,52.0,-21144.447,34176.242
PF09/0009/H056,AQ,42.142933,13.595818,52.0,-21389.274,33974.086
PF01/0010/H056,AQ,42.144941,13.608026,9.0,-21182.85,34986.56
PF02/0010/H056,AQ,42.142506,13.6069,56.0,-21451.691,34889.058
PF03/0010/H056,AQ,42.143983,13.604609,52.0,-21284.626,34702.492
PF04/0010/H056,AQ,42.14039,13.605095,9.0,-21684.18,34736.095
PF05/0010/H056,AQ,42.13849,13.601657,9.0,-21890.597,34448.532
PF06/0010/H056,AQ,42.1407,13.59969,9.0,-21642.516,34289.991
PF07/0010/H056,AQ,42.138591,13.596772,50.0,-21872.7,34044.986
PF08/0010/H056,AQ,42.147217,13.606983,56.0,-20928.745,34904.535
PF01/0011/H056,AQ,42.145289,13.557436,8.0,-21074.81,30806.75
PF02/0011/H056,AQ,42.140021,13.55565,52.0,-21657.207,30649.319
PF03/0011/H056,AQ,42.14046,13.560863,50.0,-21615.744,31080.889
PF04/0011/H056,AQ,42.141568,13.553363,52.0,-21482.319,30463.202
PF01/0012/H056,AQ,42.135915,13.556758,8.0,-22114.75,30733.14
PF02/0012/H056,AQ,42.13719,13.560544,50.0,-21978.453,31048.413
PF01/0014/H056,AQ,42.134538,13.572807,70.0,-22289.962,32056.972
PF02/0014/H056,AQ,42.135733,13.569906,52.0,-22153.189,31819.474
PF03/0014/H056,AQ,42.134557,13.568609,9.0,-22282.05,31710.076
PF04/0014/H056,AQ,42.132806,13.570669,9.0,-22479.311,31877.05
PF05/0014/H056,AQ,42.130547,13.573208,50.0,-22733.636,32082.747
PF01/0015/H056,AQ,42.128402,13.583153,8.0,-22985.52,32900.77
PF02/0015/H056,AQ,42.129975,13.576774,56.0,-22802.062,32376.36
PF02/0016/H056,AQ,42.139186,13.588381,50.0,-21795.245,33352.67
PF04/0016/H056,AQ,42.136413,13.600112,9.0,-22119.111,34317.099
PF05/0016/H056,AQ,42.138659,13.584053,9.0,-21847.861,32993.996
PF06/0016/H056,AQ,42.134469,13.589246,9.0,-22320.153,33415.494
PF07/0016/H056,AQ,42.138626,13.589902,9.0,-21859.495,33477.355
PF08/0016/H056,AQ,42.134222,13.59254,52.0,-22352.064,33687.298
PF09/0016/H056,AQ,42.133936,13.585249,54.0,-22373.887,33084.184
PF10/0016/H056,AQ,42.137716,13.59397,50.0,-21966.077,33811.865
PF11/0016/H056,AQ,42.137022,13.585221,12.0,-22031.147,33087.563
PF01/0017/H056,AQ,42.128402,13.598273,8.0,-23006.13,34150.45
PF02/0017/H056,AQ,42.135454,13.602089,8.0,-22228.27,34478.69
PF03/0017/H056,AQ,42.133145,13.602854,56.0,-22485.691,34537.698
PF04/0017/H056,AQ,42.130481,13.612533,50.0,-22794.518,35332.898
PF05/0017/H056,AQ,42.126883,13.609488,50.0,-23189.876,35074.744
PF06/0017/H056,AQ,42.134229,13.605592,52.0,-22369.017,34765.998
PF07/0017/H056,AQ,42.135341,13.60365,9.0,-22242.901,34607.489
PF08/0017/H056,AQ,42.132484,13.606126,9.0,-22563.476,34806.954
PF09/0017/H056,AQ,42.129527,13.608552,50.0,-22895.076,35002.127
PF10/0017/H056,AQ,42.128969,13.604587,56.0,-22951.646,34673.393
PF11/0017/H056,AQ,42.134783,13.597983,54.0,-22297.182,34138.17
PF12/0017/H056,AQ,42.133593,13.609211,50.0,-22444.514,35063.956
PF11/0018/H056,AQ,42.134789,13.614632,70.0,-22319.031,35514.112
PF01/0019/H056,AQ,42.122095,13.571717,6.0,-23670.05,31943.75
PF02/0019/H056,AQ,42.112477,13.566651,8.0,-24730.95,31507.07
PF01/0001/H166,AQ,42.208632,13.503916,12.0,-13965.2,26507.6
PF01/0004/H166,AQ,42.188249,13.533342,8.0,-16270.67,28897.78
PF02/0004/H166,AQ,42.183472,13.532779,54.0,-16800.328,28842.173
PF03/0005/H166,AQ,42.190123,13.546131,70.0,-16080.735,29957.435
PF04/0005/H166,AQ,42.191422,13.540904,52.0,-15929.016,29528.275
PF05/0005/H166,AQ,42.193304,13.558002,50.0,-15744.144,30943.697
PF06/0005/H166,AQ,42.194073,13.549783,12.0,-15647.202,30266.48
PF01/0006/H166,AQ,42.183442,13.54733,9.0,-16824.207,30043.786
PF02/0006/H166,AQ,42.190736,13.552933,9.0,-16022.204,30520.279
PF03/0006/H166,AQ,42.186269,13.546851,70.0,-16509.612,30009.577
PF05/0006/H166,AQ,42.188114,13.542554,52.0,-16298.666,29658.245
PF06/0006/H166,AQ,42.191364,13.549648,70.0,-15947.831,30250.233
PF07/0006/H166,AQ,42.188349,13.553381,50.0,-16287.835,30552.783
PF08/0006/H166,AQ,42.18782,13.55043,70.0,-16342.429,30308.084
PF09/0006/H166,AQ,42.18562,13.554114,56.0,-16591.879,30608.191
PF10/0006/H166,AQ,42.183729,13.550408,70.0,-16796.718,30298.526
PF02/0007/H166,AQ,42.183849,13.558825,70.0,-16795.12,30993.918
PF03/0007/H166,AQ,42.187636,13.565194,70.0,-16383.48,31526.913
PF04/0007/H166,AQ,42.186071,13.558395,50.0,-16547.783,30962.56
PF05/0007/H166,AQ,42.192132,13.554939,50.0,-15869.995,30688.516
PF06/0007/H166,AQ,42.195597,13.565803,50.0,-15500.331,31592.115
PF07/0007/H166,AQ,42.195689,13.562683,50.0,-15485.822,31334.68
PF09/0007/H166,AQ,42.188357,13.56175,70.0,-16298.595,31243.913
PF02/0008/H166,AQ,42.183625,13.577169,52.0,-16845.468,32508.37
PF03/0008/H166,AQ,42.181204,13.564113,70.0,-17096.239,31425.628
PF04/0008/H166,AQ,42.185767,13.563092,70.0,-16588.111,31349.829
PF05/0008/H166,AQ,42.185038,13.567529,54.0,-16675.25,31714.89
PF06/0008/H166,AQ,42.183045,13.561947,70.0,-16888.804,31250.179
PF07/0008/H166,AQ,42.183576,13.565367,70.0,-16834.602,31533.604
PF08/0008/H166,AQ,42.186592,13.570355,52.0,-16506.599,31951.205
PF09/0008/H166,AQ,42.189211,13.567747,50.0,-16212.112,31740.718
PF10/0008/H166,AQ,42.181024,13.567836,70.0,-17121.361,31732.79
PF11/0008/H166,AQ,42.183631,13.571779,50.0,-16837.31,32063.285
PF01/0009/H166,AQ,42.180647,13.534843,52.0,-17116.894,29007.281
PF02/0009/H166,AQ,42.179118,13.53199,52.0,-17282.618,28768.735
PF03/0009/H166,AQ,42.173573,13.529985,52.0,-17895.542,28592.52
PF04/0009/H166,AQ,42.175902,13.531345,52.0,-17638.792,28709.3
PF05/0009/H166,AQ,42.173133,13.526269,52.0,-17939.099,28284.731
PF01/0010/H166,AQ,42.17826,13.547919,9.0,-17400.449,30082.67
PF03/0010/H166,AQ,42.180523,13.545778,56.0,-17146.131,29910.154
PF04/0010/H166,AQ,42.177501,13.539391,52.0,-17472.717,29376.908
PF05/0010/H166,AQ,42.182131,13.542932,52.0,-16963.646,29678.166
PF06/0010/H166,AQ,42.182853,13.537857,54.0,-16876.2,29260.416
PF07/0010/H166,AQ,42.178308,13.543287,52.0,-17388.591,29700.164
PF08/0010/H166,AQ,42.177194,13.535576,52.0,-17501.356,29061.247
PF09/0010/H166,AQ,42.179959,13.537728,52.0,-17197.402,29244.229
PF10/0010/H166,AQ,42.177418,13.546367,12.0,-17491.8,29952.85
PF01/0012/H166,AQ,42.174507,13.543689,52.0,-17811.205,29726.185
PF02/0012/H166,AQ,42.173661,13.536849,52.0,-17895.532,29159.666
PF03/0012/H166,AQ,42.174333,13.547158,70.0,-17835.399,30012.422
PF01/0013/H166,AQ,42.172994,13.552395,52.0,-17991.474,30442.388
PF04/0013/H166,AQ,42.170576,13.54841,52.0,-18254.302,30108.687
PF05/0013/H166,AQ,42.16964,13.552809,12.0,-18364.472,30470.281
PF04/0014/H166,AQ,42.167006,13.561843,8.0,-18669.49,31211.55
PF05/0014/H166,AQ,42.172876,13.556094,9.0,-18009.677,30747.716
PF06/0014/H166,AQ,42.176107,13.559732,70.0,-17656.081,31054.256
PF07/0014/H166,AQ,42.178672,13.554999,70.0,-17364.666,30668.193
PF08/0014/H166,AQ,42.1728,13.563049,52.0,-18027.894,31322.012
PF09/0014/H166,AQ,42.170015,13.563568,52.0,-18337.787,31359.726
PF10/0014/H166,AQ,42.167584,13.565191,50.0,-18609.975,31489.222
PF12/0014/H166,AQ,42.176673,13.554549,70.0,-17585.965,30627.291
PF13/0014/H166,AQ,42.169027,13.56462,52.0,-18449.017,31444.773
PF14/0014/H166,AQ,42.166044,13.566634,54.0,-18783.012,31605.575
PF15/0014/H166,AQ,42.166222,13.563148,52.0,-18758.425,31317.878
PF16/0014/H166,AQ,42.16699,13.56194,52.0,-18671.471,31219.54
PF17/0014/H166,AQ,42.169585,13.560536,12.0,-18381.413,31108.461
PF01/0015/H166,AQ,42.180177,13.556903,70.0,-17200.17,30828.248
PF02/0015/H166,AQ,42.180049,13.559737,70.0,-17218.301,31062.058
PF03/0015/H166,AQ,42.17798,13.557778,70.0,-17445.3,30896.386
PF04/0015/H166,AQ,42.178371,13.561967,52.0,-17407.812,31243.08
PF05/0015/H166,AQ,42.174855,13.563869,52.0,-17800.789,31393.6
PF06/0015/H166,AQ,42.173098,13.566641,54.0,-17999.739,31619.302
PF07/0015/H166,AQ,42.173337,13.57041,50.0,-17978.45,31931.077
PF08/0015/H166,AQ,42.177021,13.565038,52.0,-17561.895,31494.224
PF09/0015/H166,AQ,42.179378,13.565401,54.0,-17300.764,31528.619
PF10/0015/H166,AQ,42.175407,13.567795,52.0,-17744.969,31718.949
PF01/0016/H166,AQ,42.175315,13.579336,8.0,-17771.18,32671.98
PF02/0016/H166,AQ,42.17834,13.57772,70.0,-17433.036,32544.121
PF03/0016/H166,AQ,42.18112,13.57696,52.0,-17123.245,32486.479
PF05/0016/H166,AQ,42.179039,13.574707,9.0,-17351.289,32296.549
PF07/0016/H166,AQ,42.178384,13.570875,54.0,-17418.733,31978.795
PF08/0016/H166,AQ,42.177731,13.569155,50.0,-17488.787,31835.587
PF09/0016/H166,AQ,42.172415,13.579751,56.0,-18093.764,32700.856
PF10/0016/H166,AQ,42.173926,13.571164,54.0,-17914.045,31994.389
PF11/0016/H166,AQ,42.16962,13.578124,56.0,-18401.886,32561.323
PF12/0016/H166,AQ,42.180943,13.572836,54.0,-17137.289,32145.558
PF13/0016/H166,AQ,42.176653,13.575564,50.0,-17617.357,32362.85
PF14/0016/H166,AQ,42.170644,13.574262,12.0,-18282.8,32244.2
PF15/0016/H166,AQ,42.173576,13.57572,12.0,-17959.25,32370.1
PF01/0017/H166,AQ,42.178146,13.582784,52.0,-17461.575,32961.979
PF02/0017/H166,AQ,42.181007,13.580722,70.0,-17141.015,32796.911
PF05/0017/H166,AQ,42.177468,13.586184,52.0,-17541.493,33241.48
PF06/0017/H166,AQ,42.183291,13.581397,52.0,-16888.374,32856.868
PF07/0017/H166,AQ,42.174943,13.58807,56.0,-17824.378,33392.633
PF08/0017/H166,AQ,42.177276,13.590267,52.0,-17568.389,33578.41
PF09/0017/H166,AQ,42.18096,13.584831,52.0,-17151.93,33136.187
PF10/0017/H166,AQ,42.180787,13.589413,52.0,-17177.336,33514.267
PF11/0017/H166,AQ,42.184111,13.586705,74.0,-16804.523,33296.756
PF12/0017/H166,AQ,42.180869,13.584671,74.0,-17161.814,33122.834
PF01/0018/H166,AQ,42.167135,13.596793,52.0,-18703.347,34098.837
PF02/0018/H166,AQ,42.169801,13.593319,50.0,-18402.573,33816.756
PF03/0018/H166,AQ,42.16976,13.600592,54.0,-18416.923,34417.442
PF04/0018/H166,AQ,42.174907,13.593789,52.0,-17836.275,33864.959
PF05/0018/H166,AQ,42.172592,13.594975,50.0,-18094.915,33958.674
PF01/0019/H166,AQ,42.165614,13.593876,50.0,-18868.261,33855.149
PF02/0019/H166,AQ,42.167602,13.590601,50.0,-18642.973,33588.26
PF03/0019/H166,AQ,42.169151,13.588124,52.0,-18467.576,33386.45
PF04/0019/H166,AQ,42.171835,13.589739,52.0,-18171.799,33524.771
PF05/0019/H166,AQ,42.17119,13.583972,52.0,-18235.569,33047.259
PF06/0019/H166,AQ,42.168001,13.581927,52.0,-18586.797,32872.453
PF07/0019/H166,AQ,42.173504,13.585343,50.0,-17980.431,33164.739
PF08/0019/H166,AQ,42.17542,13.58348,52.0,-17765.127,33014.428
PF01/0020/H166,AQ,42.162404,13.539907,50.0,-19149.756,29390.832
PF02/0020/H166,AQ,42.160426,13.541347,50.0,-19371.382,29506.061
PF01/0021/H166,AQ,42.161484,13.550728,6.0,-19267.18,30283.0
PF02/0021/H166,AQ,42.159689,13.554257,54.0,-19471.43,30571.14
PF03/0021/H166,AQ,42.159691,13.56354,52.0,-19484.126,31338.122
PF04/0021/H166,AQ,42.163407,13.561986,54.0,-19069.351,31216.655
PF05/0021/H166,AQ,42.161831,13.567649,54.0,-19252.187,31681.549
PF06/0021/H166,AQ,42.165169,13.559897,52.0,-18870.766,31047.424
PF01/0022/H166,AQ,42.161149,13.574721,50.0,-19337.754,32264.516
PF02/0022/H166,AQ,42.163819,13.573478,50.0,-19039.538,32166.776
PF03/0022/H166,AQ,42.170383,13.567068,52.0,-18301.878,31649.508
PF04/0022/H166,AQ,42.17083,13.570787,54.0,-18257.37,31957.518
PF05/0022/H166,AQ,42.166228,13.571987,50.0,-18770.05,32048.113
PF06/0022/H166,AQ,42.165913,13.575039,50.0,-18809.227,32299.593
PF07/0022/H166,AQ,42.168431,13.569305,50.0,-18521.684,31830.62
PF01/0023/H166,AQ,42.164028,13.589946,54.0,-19038.975,33527.567
PF02/0023/H166,AQ,42.163418,13.576869,50.0,-19088.74,32446.175
PF04/0023/H166,AQ,42.161077,13.578781,70.0,-19351.281,32599.796
PF05/0023/H166,AQ,42.159227,13.581083,70.0,-19559.952,32786.529
PF06/0023/H166,AQ,42.164842,13.579542,52.0,-18934.372,32669.572
PF07/0023/H166,AQ,42.161399,13.585522,50.0,-19324.881,33157.259
PF08/0023/H166,AQ,42.164898,13.583226,52.0,-18933.113,32974.042
PF09/0023/H166,AQ,42.167211,13.585711,50.0,-18679.77,33183.604
PF10/0023/H166,AQ,42.16183,13.582274,70.0,-19272.574,32889.747
PF01/0024/H166,AQ,42.154346,13.562051,50.0,-20075.623,31205.051
PF02/0024/H166,AQ,42.152305,13.56333,52.0,-20304.003,31306.941
PF03/0024/H166,AQ,42.155117,13.560142,12.0,-19987.295,31048.764
PF01/0025/H166,AQ,42.157967,13.577625,8.0,-19695.11,32498.49
PF02/0025/H166,AQ,42.154107,13.565716,52.0,-20107.216,31507.447
PF03/0025/H166,AQ,42.157804,13.577864,52.0,-19713.468,32517.979
PF04/0025/H166,AQ,42.156872,13.569375,52.0,-19805.265,31814.887
PF07/0025/H166,AQ,42.156967,13.574056,52.0,-19801.133,32201.825
PF08/0025/H166,AQ,42.155067,13.572476,12.0,-20009.941,32067.704
PF01/0001/H353,AQ,41.971375,13.771929,8.0,-40662.54,48253.58
PF01/0003/H353,AQ,41.964481,13.776884,70.0,-41433.874,48653.161
PF02/0003/H353,AQ,41.962466,13.775363,70.0,-41655.852,48523.989
PF03/0003/H353,AQ,41.962655,13.779382,70.0,-41639.634,48857.32
PF02/0005/H353,AQ,41.956186,13.79029,9.0,-42370.661,49751.075
PF03/0005/H353,AQ,41.95861,13.785292,70.0,-42095.695,49340.737
PF01/0006/H353,AQ,41.95422,13.797424,54.0,-42597.379,50339.317
PF02/0006/H353,AQ,41.954638,13.801845,54.0,-42556.076,50706.355
PF03/0006/H353,AQ,41.954747,13.793371,12.0,-42534.09,50004.238
PF01/0007/H353,AQ,41.947646,13.777271,8.0,-43303.65,48658.57
PF02/0007/H353,AQ,41.948614,13.783634,9.0,-43203.62,49187.577
PF03/0007/H353,AQ,41.948529,13.7807,9.0,-43209.657,48944.197
PF01/0008/H353,AQ,41.948678,13.795564,8.0,-43210.51,50176.48
PF02/0008/H353,AQ,41.951851,13.798791,9.0,-42861.961,50448.939
PF03/0008/H353,AQ,41.949116,13.801095,9.0,-43168.343,50635.652
PF04/0008/H353,AQ,41.951061,13.791811,50.0,-42941.556,49869.161
PF05/0008/H353,AQ,41.948669,13.792096,9.0,-43207.434,49889.004
PF06/0008/H353,AQ,41.94829,13.787515,9.0,-43244.123,49508.744
PF08/0008/H353,AQ,41.954455,13.788109,12.0,-42560.401,49567.64
PF09/0008/H353,AQ,41.950962,13.796146,12.0,-42957.613,50228.292
PF03/0009/H353,AQ,41.952792,13.808768,70.0,-42768.996,51277.322
PF05/0009/H353,AQ,41.952373,13.804157,50.0,-42810.195,50894.453
PF06/0009/H353,AQ,41.950299,13.806509,54.0,-43043.241,51086.213
PF08/0009/H353,AQ,41.947566,13.808708,9.0,-43349.228,51264.237
PF09/0009/H353,AQ,41.95028,13.806621,9.0,-43045.47,51095.486
PF10/0009/H353,AQ,41.949604,13.810619,52.0,-43125.166,51425.768
PF17/0009/H353,AQ,41.955165,13.809217,12.0,-42506.033,51318.151
PF18/0009/H353,AQ,41.96014,13.811156,10.0,-41955.9,51486.5
PF03/0010/H353,AQ,41.957781,13.817977,9.0,-42225.603,52048.21
PF04/0010/H353,AQ,41.955347,13.812562,70.0,-42489.691,51595.644
PF08/0010/H353,AQ,41.959057,13.813581,52.0,-42078.973,51685.842
PF09/0010/H353,AQ,41.959902,13.813385,8.0,-41984.86,51670.89
PF10/0010/H353,AQ,41.959822,13.816743,9.0,-41997.605,51949.047
PF02/0011/H353,AQ,41.961087,13.828559,9.0,-41870.58,52930.216
PF03/0011/H353,AQ,41.961577,13.831001,9.0,-41818.926,53133.315
PF04/0011/H353,AQ,41.962523,13.824669,12.0,-41706.75,52610.0
PF01/0012/H353,AQ,41.958693,13.82676,9.0,-42134.366,52777.479
PF02/0012/H353,AQ,41.95656,13.822243,9.0,-42366.09,52399.885
PF03/0012/H353,AQ,41.955808,13.820526,9.0,-42447.626,52256.428
PF04/0012/H353,AQ,41.954758,13.821282,9.0,-42565.113,52317.448
PF05/0012/H353,AQ,41.952321,13.821289,70.0,-42835.638,52314.36
PF14/0012/H353,AQ,41.952935,13.817092,70.0,-42762.716,51967.416
PF16/0012/H353,AQ,41.955191,13.821319,8.0,-42517.05,52321.24
PF17/0012/H353,AQ,41.956005,13.815741,70.0,-42420.251,51860.185
PF02/0013/H353,AQ,41.951082,13.816527,70.0,-42967.815,51917.729
PF03/0013/H353,AQ,41.94859,13.817962,56.0,-43246.162,52032.857
PF04/0013/H353,AQ,41.946676,13.811377,66.0,-43451.123,51484.099
PF05/0013/H353,AQ,41.948529,13.813581,50.0,-43247.871,51669.654
PF07/0013/H353,AQ,41.945899,13.816082,66.0,-43542.767,51872.9
PF08/0013/H353,AQ,41.946096,13.819444,70.0,-43524.726,52151.937
PF01/0014/H353,AQ,41.944054,13.829796,70.0,-43763.204,53006.864
PF02/0014/H353,AQ,41.948854,13.824651,52.0,-43224.395,52587.706
PF03/0014/H353,AQ,41.950014,13.820646,70.0,-43091.031,52257.484
PF04/0014/H353,AQ,41.95156,13.825179,52.0,-42924.571,52635.619
PF05/0014/H353,AQ,41.946116,13.824296,70.0,-43528.086,52554.114
PF13/0014/H353,AQ,41.941312,13.825573,70.0,-44062.898,52652.631
PF01/0015/H353,AQ,41.952329,13.829923,12.0,-42844.53,53029.967
PF02/0015/H353,AQ,41.941039,13.834338,70.0,-44103.1,53378.845
PF03/0015/H353,AQ,41.942357,13.836766,12.0,-43959.487,53582.116
PF01/0016/H353,AQ,41.937929,13.832407,54.0,-44446.285,53214.034
PF02/0016/H353,AQ,41.940923,13.831136,70.0,-44112.446,53113.221
PF03/0016/H353,AQ,41.934893,13.836632,70.0,-44788.076,53559.706
PF04/0016/H353,AQ,41.933365,13.839254,70.0,-44960.713,53774.802
PF05/0016/H353,AQ,41.938197,13.829282,54.0,-44412.98,52955.436
PF01/0017/H353,AQ,41.930157,13.844165,50.0,-45322.365,54177.141
PF01/0018/H353,AQ,41.926277,13.850213,70.0,-45759.957,54672.84
PF03/0018/H353,AQ,41.927376,13.857689,56.0,-45646.22,55294.366
PF04/0018/H353,AQ,41.928177,13.854507,56.0,-45553.791,55031.675
PF06/0018/H353,AQ,41.928048,13.847497,50.0,-45560.336,54450.257
PF07/0018/H353,AQ,41.925144,13.852445,70.0,-45888.225,54856.195
PF01/0019/H353,AQ,41.922948,13.863893,6.0,-46144.73,55802.26
PF03/0019/H353,AQ,41.925497,13.859854,54.0,-45857.206,55471.127
PF01/0020/H353,AQ,41.93317,13.765878,8.0,-44897.34,47691.13
PF02/0020/H353,AQ,41.948993,13.755948,8.0,-43128.58,46893.35
PF03/0020/H353,AQ,41.935791,13.758156,52.0,-44597.062,47055.05
PF04/0020/H353,AQ,41.937181,13.745333,52.0,-44427.33,45994.224
PF05/0020/H353,AQ,41.934596,13.741236,52.0,-44709.382,45650.392
PF06/0020/H353,AQ,41.93818,13.751562,50.0,-44323.902,46512.323
PF07/0020/H353,AQ,41.938282,13.741625,52.0,-44300.501,45688.696
PF08/0020/H353,AQ,41.936393,13.748279,52.0,-44518.397,46237.18
PF09/0020/H353,AQ,41.930724,13.769832,70.0,-45173.655,48015.041
PF02/0021/H353,AQ,41.93897,13.775253,50.0,-44264.526,48477.528
PF04/0021/H353,AQ,41.936972,13.772489,70.0,-44483.08,48245.24
PF01/0022/H353,AQ,41.942583,13.789732,8.0,-43880.38,49683.52
PF02/0022/H353,AQ,41.946169,13.789926,9.0,-43482.473,49705.196
PF03/0022/H353,AQ,41.945581,13.786873,9.0,-43544.253,49451.228
PF04/0022/H353,AQ,41.941521,13.787464,9.0,-43995.665,49493.835
PF05/0022/H353,AQ,41.946111,13.779312,56.0,-43476.492,48825.3
PF06/0022/H353,AQ,41.941924,13.7832,50.0,-43945.96,49141.041
PF02/0023/H353,AQ,41.939534,13.780304,50.0,-44207.932,48897.144
PF03/0023/H353,AQ,41.937026,13.778875,70.0,-44484.713,48774.719
PF04/0023/H353,AQ,41.935594,13.775144,70.0,-44639.305,48463.15
PF05/0023/H353,AQ,41.939588,13.784822,12.0,-44207.265,49271.835
PF06/0023/H353,AQ,41.934568,13.778501,70.0,-44757.191,48739.804
PF01/0024/H353,AQ,41.930406,13.763227,70.0,-45201.106,47466.904
PF02/0024/H353,AQ,41.933264,13.755389,52.0,-44874.393,46821.653
PF04/0024/H353,AQ,41.9312,13.748141,52.0,-45094.824,46217.347
PF06/0024/H353,AQ,41.91712,13.758596,52.0,-46670.684,47061.548
PF07/0024/H353,AQ,41.92411,13.759185,56.0,-45895.37,47121.638
PF08/0024/H353,AQ,41.927265,13.754445,50.0,-45539.311,46733.664
PF09/0024/H353,AQ,41.924879,13.747637,52.0,-45796.002,46165.351
PF10/0024/H353,AQ,41.922095,13.751194,52.0,-46109.407,46455.77
PF11/0024/H353,AQ,41.919519,13.751608,52.0,-46395.921,46485.882
PF12/0024/H353,AQ,41.926401,13.74918,52.0,-45628.871,46295.706
PF13/0024/H353,AQ,41.927077,13.747168,52.0,-45551.362,46129.957
PF14/0024/H353,AQ,41.921796,13.768311,12.0,-46163.19,47874.67
PF01/0025/H353,AQ,41.914794,13.777492,8.0,-46951.47,48624.92
PF02/0025/H353,AQ,41.912291,13.764584,52.0,-47214.127,47550.361
PF03/0025/H353,AQ,41.916214,13.769643,52.0,-46784.583,47976.194
PF04/0025/H353,AQ,41.918834,13.765422,52.0,-46488.567,47630.363
PF05/0025/H353,AQ,41.920984,13.773716,56.0,-46259.713,48321.589
PF06/0025/H353,AQ,41.924487,13.767587,56.0,-45863.542,47818.928
PF07/0025/H353,AQ,41.927498,13.77491,52.0,-45537.865,48430.933
PF09/0025/H353,AQ,41.925467,13.768021,70.0,-45755.255,47856.499
PF10/0025/H353,AQ,41.933325,13.772739,70.0,-44888.3,48260.175
PF11/0025/H353,AQ,41.918861,13.769499,12.0,-46490.414,47968.52
PF12/0025/H353,AQ,41.916773,13.766538,12.0,-46718.742,47719.583
PF01/0002/H389,AQ,42.229087,13.644498,8.0,-11887.98,38148.86
PF02/0002/H389,AQ,42.22059,13.657278,8.0,-12848.18,39188.65
PF01/0004/H389,AQ,42.215926,13.622888,8.0,-13320.78,36341.9
PF01/0005/H389,AQ,42.217142,13.635654,8.0,-13202.64,37397.78
PF01/0006/H389,AQ,42.206763,13.622081,70.0,-14337.14,36258.886
PF02/0007/H389,AQ,42.208281,13.613245,70.0,-14156.783,35532.183
PF03/0007/H389,AQ,42.209066,13.618924,70.0,-14077.186,36002.368
PF01/0010/H389,AQ,42.209302,13.629569,6.0,-14065.18,36881.51
PF02/0010/H389,AQ,42.205933,13.629795,70.0,-14439.556,36894.204
PF01/0011/H389,AQ,42.202545,13.619291,70.0,-14801.813,36020.982
PF02/0011/H389,AQ,42.204343,13.616559,70.0,-14598.418,35798.657
PF03/0011/H389,AQ,42.202196,13.614877,70.0,-14834.662,35655.882
PF04/0011/H389,AQ,42.20529,13.613452,70.0,-14489.158,35543.846
PF06/0011/H389,AQ,42.205843,13.607075,70.0,-14419.183,35018.41
PF08/0011/H389,AQ,42.202355,13.61158,70.0,-14812.543,35384.016
PF01/0012/H389,AQ,42.199455,13.631924,8.0,-15161.7,37058.44
PF02/0012/H389,AQ,42.198367,13.624432,70.0,-15272.547,36437.893
PF04/0012/H389,AQ,42.200481,13.625883,70.0,-15039.745,36561.466
PF07/0012/H389,AQ,42.199973,13.629948,52.0,-15101.526,36896.188
PF21/0012/H389,AQ,42.203439,13.633666,52.0,-14721.674,37209.326
PF23/0012/H389,AQ,42.201086,13.622942,70.0,-14968.633,36319.773
PF01/0013/H389,AQ,42.198081,13.641608,8.0,-15327.04,37855.52
PF02/0013/H389,AQ,42.195981,13.636082,50.0,-15552.878,37395.492
PF03/0013/H389,AQ,42.198608,13.635754,54.0,-15260.819,37373.13
PF04/0013/H389,AQ,42.192635,13.639508,52.0,-15928.988,37672.478
PF05/0013/H389,AQ,42.194629,13.638007,52.0,-15705.558,37552.107
PF01/0014/H389,AQ,42.200477,13.608181,8.0,-15016.47,35100.0
PF02/0014/H389,AQ,42.195875,13.60365,50.0,-15521.414,34717.498
PF03/0014/H389,AQ,42.200566,13.608324,52.0,-15006.795,35111.973
PF04/0014/H389,AQ,42.193224,13.605598,50.0,-15818.339,34873.549
PF05/0014/H389,AQ,42.197116,13.608224,52.0,-15389.778,35097.456
PF06/0014/H389,AQ,42.193306,13.613206,70.0,-15819.533,35501.879
PF07/0014/H389,AQ,42.191016,13.612263,70.0,-16072.545,35419.927
PF08/0014/H389,AQ,42.194986,13.608737,12.0,-15626.941,35135.959
PF02/0015/H389,AQ,42.198741,13.62176,70.0,-15227.498,36217.994
PF03/0015/H389,AQ,42.199007,13.617567,70.0,-15192.292,35872.238
PF05/0015/H389,AQ,42.196434,13.620627,52.0,-15482.135,36120.266
PF06/0015/H389,AQ,42.197461,13.611807,70.0,-15356.233,35393.913
PF07/0015/H389,AQ,42.196638,13.61622,70.0,-15453.563,35756.77
PF01/0016/H389,AQ,42.193204,13.626137,70.0,-15848.085,36569.469
PF02/0016/H389,AQ,42.189464,13.629396,54.0,-16267.761,36831.876
PF03/0016/H389,AQ,42.196209,13.627597,70.0,-15516.412,36695.37
PF04/0016/H389,AQ,42.189979,13.633728,70.0,-16216.251,37190.449
PF05/0016/H389,AQ,42.196882,13.632988,54.0,-15448.754,37141.676
PF06/0016/H389,AQ,42.192507,13.631993,70.0,-15933.218,37051.71
PF03/0017/H389,AQ,42.192329,13.618836,52.0,-15935.495,35965.007
PF04/0017/H389,AQ,42.189836,13.620824,56.0,-16214.961,36124.716
PF06/0017/H389,AQ,42.191303,13.623795,70.0,-16056.062,36372.679
PF07/0017/H389,AQ,42.193661,13.621876,70.0,-15791.671,36218.427
PF08/0017/H389,AQ,42.18452,13.626322,52.0,-16812.561,36569.169
PF09/0017/H389,AQ,42.186598,13.627914,54.0,-16583.94,36704.38
PF10/0017/H389,AQ,42.188738,13.625873,50.0,-16343.684,36539.605
PF11/0017/H389,AQ,42.186287,13.624459,52.0,-16613.951,36418.483
PF13/0017/H389,AQ,42.190409,13.616265,54.0,-16145.316,35749.277
PF01/0001/H399,AQ,42.114565,12.813407,50.0,-23179.164,-30763.242
PF02/0001/H399,AQ,42.11221,12.801905,50.0,-23416.312,-31720.937
PF03/0001/H399,AQ,42.11717,12.815271,50.0,-22893.896,-30601.742
PF04/0001/H399,AQ,42.113218,12.80491,50.0,-23310.8,-31469.639
PF01/0002/H399,AQ,42.106737,12.804417,9.0,-24029.33,-31528.89
PF01/0003/H399,AQ,42.112514,12.808554,50.0,-23396.63,-31170.314
PF02/0003/H399,AQ,42.102258,12.807518,56.0,-24533.326,-31285.214
PF04/0003/H399,AQ,42.110851,12.804496,50.0,-23572.693,-31510.579
PF05/0003/H399,AQ,42.107097,12.812195,70.0,-24005.956,-30884.699
PF06/0003/H399,AQ,42.100691,12.81144,52.0,-24715.675,-30965.371
PF02/0004/H399,AQ,42.104581,12.811542,70.0,-24283.887,-30945.911
PF07/0004/H399,AQ,42.103199,12.8155,54.0,-24445.724,-30622.533
PF11/0004/H399,AQ,42.105342,12.814045,70.0,-24204.743,-30736.772
PF13/0004/H399,AQ,42.100421,12.815318,70.0,-24753.797,-30645.422
PF16/0004/H399,AQ,42.111867,12.814826,8.0,-23481.78,-30653.59
PF17/0004/H399,AQ,42.103489,12.821805,54.0,-24426.858,-30100.331
PF18/0004/H399,AQ,42.105789,12.819398,70.0,-24166.328,-30292.808
PF23/0004/H399,AQ,42.103226,12.818973,9.0,-24450.08,-30335.29
PF24/0004/H399,AQ,42.100957,12.819828,9.0,-24703.79,-30271.01
PF25/0004/H399,AQ,42.09946,12.818376,9.0,-24867.0,-30395.3
PF26/0004/H399,AQ,42.098831,12.817504,9.0,-24935.0,-30469.22
PF27/0004/H399,AQ,42.11086,12.814092,50.0,-23592.087,-30717.201
PF28/0004/H399,AQ,42.107108,12.823776,70.0,-24029.191,-29927.116
PF29/0004/H399,AQ,42.110392,12.823922,70.0,-23664.776,-29905.723
PF30/0004/H399,AQ,42.109378,12.820776,70.0,-23770.74,-30168.742
PF31/0004/H399,AQ,42.109603,12.815162,52.0,-23733.889,-30632.275
PF01/0005/H399,AQ,42.105299,12.83245,50.0,-24248.217,-29215.02
PF02/0005/H399,AQ,42.10352,12.833702,50.0,-24448.457,-29116.455
PF03/0005/H399,AQ,42.107137,12.827999,56.0,-24034.873,-29577.87
PF04/0005/H399,AQ,42.103577,12.827094,54.0,-24428.274,-29662.709
PF05/0005/H399,AQ,42.103634,12.83372,50.0,-24435.857,-29114.624
PF01/0006/H399,AQ,42.09813,12.795451,8.0,-24965.98,-32294.93
PF01/0007/H399,AQ,42.096569,12.811416,9.0,-25173.27,-30979.1
PF02/0007/H399,AQ,42.096076,12.808299,70.0,-25221.44,-31238.311
PF03/0007/H399,AQ,42.098176,12.809127,56.0,-24990.029,-31163.856
PF04/0007/H399,AQ,42.099229,12.812836,56.0,-24880.937,-30854.082
PF05/0007/H399,AQ,42.097417,12.804813,52.0,-25065.08,-31522.724
PF06/0007/H399,AQ,42.093783,12.804749,70.0,-25468.462,-31538.397
PF07/0008/H399,AQ,42.096632,12.828048,54.0,-25201.449,-29603.47
PF09/0008/H399,AQ,42.097613,12.823438,50.0,-25082.749,-29981.91
PF12/0008/H399,AQ,42.097682,12.816045,9.0,-25059.54,-30593.11
PF14/0008/H399,AQ,42.099967,12.820208,9.0,-24814.54,-30242.35
PF16/0008/H399,AQ,42.102201,12.821823,9.0,-24569.96,-30102.48
PF17/0008/H399,AQ,42.101285,12.821511,9.0,-24670.96,-30130.89
PF18/0008/H399,AQ,42.100239,12.825122,9.0,-24794.7,-29835.23
PF19/0008/H399,AQ,42.096398,12.819838,9.0,-25210.14,-30283.06
PF20/0008/H399,AQ,42.098294,12.82733,70.0,-25015.395,-29658.15
PF01/0009/H399,AQ,42.097204,12.836036,8.0,-25154.65,-28941.2
PF02/0009/H399,AQ,42.096874,12.831728,54.0,-25182.285,-29298.471
PF03/0009/H399,AQ,42.102836,12.830399,70.0,-24517.424,-29391.507
PF04/0009/H399,AQ,42.095515,12.836524,54.0,-25343.2,-28905.597
PF01/0012/H399,AQ,42.116321,12.804065,50.0,-22964.361,-31530.593
PF03/0012/H399,AQ,42.091186,12.810256,70.0,-25768.576,-31090.333
PF04/0012/H399,AQ,42.091571,12.806475,12.0,-25717.8,-31402.0
PF01/0013/H399,AQ,42.093593,12.809631,9.0,-25499.94,-31135.23
PF02/0014/H399,AQ,42.096616,12.815431,9.0,-25176.55,-30646.92
PF03/0014/H399,AQ,42.094709,12.822978,50.0,-25404.281,-30028.205
PF04/0014/H399,AQ,42.092828,12.822574,52.0,-25612.293,-30066.932
PF05/0014/H399,AQ,42.091599,12.81369,9.0,-25730.04,-30805.2
PF06/0014/H399,AQ,42.095754,12.818641,9.0,-25279.08,-30383.9
PF08/0014/H399,AQ,42.09066,12.814988,9.0,-25836.96,-30700.5
PF09/0014/H399,AQ,42.093514,12.828632,54.0,-25548.858,-29563.97
PF12/0014/H399,AQ,42.093664,12.826094,50.0,-25526.905,-29773.467
PF13/0014/H399,AQ,42.09357,12.813134,9.0,-25509.98,-30845.52
PF14/0014/H399,AQ,42.094839,12.813525,70.0,-25369.88,-30809.624
PF15/0014/H399,AQ,42.09335,12.819268,52.0,-25547.324,-30338.899
PF16/0014/H399,AQ,42.090579,12.819636,52.0,-25855.853,-30316.287
PF01/0015/H399,AQ,42.094482,12.83241,50.0,-25449.258,-29248.744
PF02/0015/H399,AQ,42.094262,12.833444,54.0,-25475.957,-29163.894
PF03/0015/H399,AQ,42.088243,12.839045,50.0,-26156.022,-28717.545
PF04/0015/H399,AQ,42.092477,12.839953,70.0,-25687.749,-28630.564
PF05/0015/H399,AQ,42.083874,12.838838,50.0,-26640.736,-28746.936
PF06/0015/H399,AQ,42.085249,12.836468,50.0,-26483.109,-28939.17
PF08/0015/H399,AQ,42.093032,12.837014,70.0,-25620.003,-28872.131
PF09/0015/H399,AQ,42.092041,12.834023,70.0,-25723.724,-29122.27
PF01/0017/H399,AQ,42.081119,12.827735,7.0,-26923.37,-29673.13
PF01/0002/H400,AQ,42.310516,13.191577,8.0,-2152.11,963.83
PF01/0003/H400,AQ,42.318861,13.201948,6.0,-1243.55,1838.19
PF02/0003/H400,AQ,42.302463,13.226695,70.0,-3107.245,3839.557
PF01/0004/H400,AQ,42.32169,13.224456,8.0,-968.42,3699.54
PF03/0004/H400,AQ,42.319005,13.227591,50.0,-1271.968,3951.671
PF04/0004/H400,AQ,42.318545,13.223859,70.0,-1316.605,3643.048
PF05/0004/H400,AQ,42.320961,13.219874,70.0,-1041.463,3320.3
PF06/0004/H400,AQ,42.315647,13.2191,70.0,-1630.213,3244.142
PF07/0004/H400,AQ,42.315657,13.224175,12.0,-1637.84,3662.38
PF08/0004/H400,AQ,42.319017,13.217312,70.0,-1252.876,3104.606
PF09/0004/H400,AQ,42.315666,13.224184,70.0,-1636.833,3663.206
PF01/0005/H400,AQ,42.327583,13.232023,52.0,-326.969,4336.74
PF02/0005/H400,AQ,42.326139,13.230351,50.0,-484.526,4195.604
PF03/0005/H400,AQ,42.326042,13.23407,52.0,-501.637,4501.838
PF04/0005/H400,AQ,42.324636,13.231614,70.0,-653.522,4296.174
PF05/0005/H400,AQ,42.323542,13.229723,70.0,-771.812,4137.9
PF06/0005/H400,AQ,42.322601,13.233894,70.0,-883.45,4479.361
PF07/0005/H400,AQ,42.321425,13.228978,54.0,-1005.527,4071.561
PF08/0005/H400,AQ,42.324331,13.235551,52.0,-694.094,4619.913
PF13/0005/H400,AQ,42.32641,13.238868,52.0,-468.918,4898.038
PF14/0005/H400,AQ,42.322291,13.235374,12.0,-920.377,4600.619
PF01/0007/H400,AQ,42.316267,13.249113,8.0,-1612.65,5719.02
PF12/0007/H400,AQ,42.317062,13.230735,52.0,-1493.069,4206.307
PF01/0008/H400,AQ,42.301066,13.218103,8.0,-3247.59,3128.09
PF02/0008/H400,AQ,42.311146,13.209966,8.0,-2114.2,2480.87
PF03/0008/H400,AQ,42.300189,13.221151,50.0,-3350.244,3377.278
PF01/0009/H400,AQ,42.313239,13.224377,70.0,-1906.684,3673.488
PF02/0009/H400,AQ,42.306702,13.225439,70.0,-2634.341,3745.847
PF03/0009/H400,AQ,42.311186,13.226272,70.0,-2137.857,3824.905
PF04/0009/H400,AQ,42.314358,13.228221,70.0,-1789.054,3992.84
PF05/0009/H400,AQ,42.312049,13.221315,70.0,-2033.56,3418.379
PF13/0009/H400,AQ,42.307817,13.229193,70.0,-2516.958,4057.808
PF14/0009/H400,AQ,42.309833,13.230991,70.0,-2296.187,4210.715
PF01/0010/H400,AQ,42.312749,13.231806,52.0,-1973.841,4284.573
PF02/0010/H400,AQ,42.307676,13.232574,52.0,-2538.445,4336.226
PF03/0010/H400,AQ,42.313404,13.239041,52.0,-1913.487,4882.402
PF04/0010/H400,AQ,42.307479,13.23899,70.0,-2571.246,4864.542
PF01/0011/H400,AQ,42.301576,13.240163,8.0,-3228.79,4947.72
PF02/0011/H400,AQ,42.304498,13.229629,70.0,-2886.33,4086.147
PF03/0011/H400,AQ,42.300407,13.235032,50.0,-3349.81,4522.072
PF04/0011/H400,AQ,42.298268,13.231734,50.0,-3581.746,4245.253
PF05/0011/H400,AQ,42.300557,13.229117,70.0,-3323.007,4034.805
PF06/0011/H400,AQ,42.305972,13.232356,70.0,-2727.264,4314.324
PF07/0011/H400,AQ,42.304182,13.23726,70.0,-2934.451,4714.403
PF02/0012/H400,AQ,42.300171,13.196916,8.0,-3310.21,1379.48
PF03/0012/H400,AQ,42.289685,13.203695,70.0,-4486.397,1913.736
PF04/0012/H400,AQ,42.283809,13.204929,70.0,-5141.01,2001.729
PF05/0012/H400,AQ,42.284545,13.199726,70.0,-5050.149,1574.413
PF06/0012/H400,AQ,42.289978,13.197432,12.0,-4442.951,1398.054
PF01/0013/H400,AQ,42.296425,13.222781,50.0,-3771.02,3502.887
PF02/0013/H400,AQ,42.295266,13.210673,70.0,-3878.804,2502.068
PF01/0014/H400,AQ,42.298532,13.224994,70.0,-3540.783,3690.22
PF02/0015/H400,AQ,42.280381,13.182326,8.0,-5482.06,129.88
PF04/0015/H400,AQ,42.286275,13.199567,70.0,-4857.842,1565.339
PF05/0015/H400,AQ,42.285616,13.194723,70.0,-4922.562,1164.453
PF07/0015/H400,AQ,42.285747,13.191586,70.0,-4902.539,906.102
PF10/0015/H400,AQ,42.2924,13.194217,70.0,-4168.314,1138.72
PF11/0015/H400,AQ,42.29824,13.187097,12.0,-3507.339,565.491
PF12/0015/H400,AQ,42.273401,13.191679,70.0,-6273.544,884.609
PF13/0015/H400,AQ,42.277746,13.185203,70.0,-5779.755,360.865
PF14/0015/H400,AQ,42.283744,13.191529,70.0,-5124.8,896.645
PF15/0015/H400,AQ,42.273682,13.198093,70.0,-6253.616,1414.276
PF16/0015/H400,AQ,42.274603,13.184178,70.0,-6126.916,268.893
PF17/0015/H400,AQ,42.271871,13.184539,70.0,-6430.898,292.201
PF18/0015/H400,AQ,42.280537,13.191378,70.0,-5480.622,876.629
PF19/0015/H400,AQ,42.276313,13.198163,70.0,-5961.567,1426.206
PF20/0015/H400,AQ,42.269661,13.209617,70.0,-6720.118,2355.212
PF21/0015/H400,AQ,42.282557,13.195799,70.0,-5264.094,1245.926
PF22/0015/H400,AQ,42.287162,13.197258,70.0,-4755.255,1377.07
PF01/0016/H400,AQ,42.284456,13.215187,70.0,-5086.973,2849.002
PF02/0016/H400,AQ,42.284394,13.220083,70.0,-5102.268,3252.562
PF05/0016/H400,AQ,42.289757,13.217588,12.0,-4502.49,3059.35
PF06/0016/H400,AQ,42.291818,13.214028,12.0,-4267.48,2770.64
PF01/0017/H400,AQ,42.281265,13.203464,70.0,-5420.955,1874.936
PF03/0017/H400,AQ,42.280262,13.20728,70.0,-5538.889,2187.228
PF04/0017/H400,AQ,42.274929,13.207692,70.0,-6131.827,2208.775
PF05/0017/H400,AQ,42.280522,13.214057,70.0,-5521.794,2746.666
PF05/0003/H402,AQ,42.332858,13.246124,20.0,234.728,5510.701
PF03/0004/H402,AQ,42.329187,13.245034,21.0,-171.117,5412.481
PF05/0005/H402,AQ,42.330484,13.246677,21.0,-29.831,5550.84
PF04/0006/H402,AQ,42.329162,13.25118,20.0,-184.271,5918.832
PF02/0007/H402,AQ,42.329636,13.248607,21.0,-127.347,5707.866
PF03/0011/H402,AQ,42.310965,13.274462,12.0,-2244.136,7796.152
PF04/0011/H402,AQ,42.311014,13.278093,21.0,-2244.766,8095.47
PF05/0014/H402,AQ,42.310127,13.269278,21.0,-2328.528,7366.941
PF07/0015/H402,AQ,42.309146,13.273216,21.0,-2444.045,7689.32
PF07/0017/H402,AQ,42.298488,13.243188,20.0,-3576.837,5189.971
PF06/0020/H402,AQ,42.30725,13.271477,21.0,-2651.585,7541.697
PF11/0025/H402,AQ,42.283788,13.248139,12.0,-5217.499,5564.494
PF12/0025/H402,AQ,42.286262,13.250344,12.0,-4946.544,5751.974
PF13/0025/H402,AQ,42.280941,13.255232,21.0,-5545.725,6142.896
PF09/0026/H402,AQ,42.291056,13.258823,12.0,-4428.62,6461.954
PF10/0026/H402,AQ,42.285384,13.256309,12.0,-5054.174,6241.757
PF11/0026/H402,AQ,42.283358,13.255613,21.0,-5277.996,6179.747
PF04/0027/H402,AQ,42.28912,13.260616,12.0,-4646.521,6605.334
PF05/0027/H402,AQ,42.290418,13.266812,12.0,-4512.881,7119.135
PF06/0027/H402,AQ,42.288051,13.265161,20.0,-4772.972,6977.635
PF05/0029/H402,AQ,42.286305,13.260512,70.0,-4958.969,6590.39
PF10/0029/H402,AQ,42.283864,13.2585,21.0,-5226.692,6418.934
PF11/0029/H402,AQ,42.280366,13.261982,21.0,-5620.986,6698.169
PF08/0034/H402,AQ,42.254483,13.206942,21.0,-8400.926,2099.122
PF11/0037/H402,AQ,42.270366,13.258655,20.0,-6725.703,6401.105
PF01/0038/H402,AQ,42.274264,13.257636,21.0,-6291.233,6325.891
PF13/0039/H402,AQ,42.277458,13.247961,12.0,-5920.138,5535.366
PF14/0039/H402,AQ,42.275375,13.256159,12.0,-6165.373,6206.602
PF15/0039/H402,AQ,42.278693,13.254697,21.0,-5794.36,6093.639
PF01/0040/H402,AQ,42.279258,13.258006,70.0,-5737.273,6367.739
PF05/0040/H402,AQ,42.280028,13.259949,21.0,-5655.02,6529.729
PF06/0040/H402,AQ,42.282321,13.257749,21.0,-5396.699,6353.516
PF15/0041/H402,AQ,42.276102,13.258896,21.0,-6089.198,6433.988
PF16/0041/H402,AQ,42.272886,13.260028,21.0,-6448.235,6520.041
PF05/0042/H402,AQ,42.266261,13.26286,21.0,-7188.7,6738.614
PF06/0050/H402,AQ,42.255551,13.221923,21.0,-8308.168,3337.412
PF06/0051/H402,AQ,42.25183,13.254339,21.0,-8776.759,6002.958
PF12/0052/H402,AQ,42.250797,13.259452,20.0,-8900.026,6422.449
PF03/0053/H402,AQ,42.253251,13.262264,21.0,-8632.337,6659.987
PF05/0055/H402,AQ,42.24878,13.25806,21.0,-9121.62,6303.005
PF20/0057/H402,AQ,42.249806,13.250347,12.0,-8994.686,5668.992
PF21/0057/H402,AQ,42.246636,13.254804,12.0,-9354.21,6029.523
PF23/0057/H402,AQ,42.249845,13.255142,21.0,-8998.529,6064.696
PF08/0058/H402,AQ,42.237921,13.249646,12.0,-10313.197,5584.06
PF09/0058/H402,AQ,42.237045,13.252772,21.0,-10415.838,5840.03
PF10/0058/H402,AQ,42.239138,13.251403,21.0,-10181.107,5731.835
PF05/0059/H402,AQ,42.232199,13.254998,21.0,-10957.643,6012.703
PF14/0001/H429,AQ,42.018264,13.72004,70.0,-35393.317,44031.958
PF02/0002/H429,AQ,42.019314,13.728528,52.0,-35287.291,44736.464
PF03/0002/H429,AQ,42.016505,13.724061,70.0,-35593.682,44361.955
PF04/0002/H429,AQ,42.019517,13.723991,52.0,-35259.118,44361.22
PF06/0002/H429,AQ,42.02295,13.725614,12.0,-34879.924,44501.236
PF01/0003/H429,AQ,42.028043,13.740128,8.0,-34332.27,45711.19
PF01/0004/H429,AQ,42.014192,13.707931,8.0,-35830.47,43022.58
PF02/0004/H429,AQ,42.014808,13.718484,12.0,-35775.209,43897.395
PF02/0005/H429,AQ,42.011017,13.723039,70.0,-36201.709,44268.293
PF08/0005/H429,AQ,42.016007,13.727455,50.0,-35653.089,44642.229
PF14/0005/H429,AQ,42.013474,13.724657,70.0,-35930.957,44406.293
PF15/0005/H429,AQ,42.008002,13.723612,12.0,-36537.258,44310.7
PF01/0006/H429,AQ,42.012814,13.737342,8.0,-36019.77,45455.59
PF02/0006/H429,AQ,42.015556,13.730744,50.0,-35707.289,44913.786
PF01/0009/H429,AQ,42.000942,13.70143,8.0,-37293.44,42461.9
PF03/0009/H429,AQ,41.99174,13.692707,9.0,-38304.163,41723.895
PF01/0011/H429,AQ,41.997641,13.732218,8.0,-37698.18,45006.36
PF02/0011/H429,AQ,41.997653,13.727827,12.0,-37691.526,44642.729
PF03/0011/H429,AQ,41.993966,13.731101,12.0,-38104.871,44907.762
PF04/0011/H429,AQ,41.995618,13.72789,12.0,-37917.499,44644.576
PF01/0012/H429,AQ,42.004005,13.739942,8.0,-37001.1,45656.49
PF01/0014/H429,AQ,41.993624,13.713856,6.0,-38121.53,43478.8
PF02/0014/H429,AQ,41.986606,13.689763,8.0,-38870.53,41471.32
PF03/0014/H429,AQ,41.984947,13.701956,8.0,-39070.11,42478.54
PF01/0016/H429,AQ,41.977633,13.727241,8.0,-39913.65,44561.13
PF01/0017/H429,AQ,41.978309,13.737674,54.0,-39851.365,45426.608
PF02/0017/H429,AQ,41.98159,13.736279,54.0,-39485.4,45316.365
PF03/0017/H429,AQ,41.979512,13.730866,54.0,-39709.489,44864.558
PF04/0017/H429,AQ,41.976109,13.738311,12.0,-40096.485,45475.76
PF01/0018/H429,AQ,41.982491,13.743002,8.0,-39393.6,45874.8
PF02/0018/H429,AQ,41.987925,13.736544,50.0,-38782.282,45348.729
PF03/0018/H429,AQ,41.990466,13.738002,50.0,-38501.945,45473.702
PF04/0018/H429,AQ,41.987728,13.74265,50.0,-38811.647,45854.19
PF05/0018/H429,AQ,41.980949,13.739942,20.0,-39561.088,45618.788
PF06/0018/H429,AQ,41.978382,13.741272,20.0,-39847.665,45724.834
PF07/0018/H429,AQ,41.984962,13.743928,50.0,-39120.313,45955.583
PF01/0020/H429,AQ,41.987678,13.776779,8.0,-38858.2,48681.25
PF02/0020/H429,AQ,41.991237,13.754707,8.0,-38436.61,46858.62
PF01/0021/H429,AQ,41.965712,13.716611,8.0,-41224.12,43660.57
PF02/0021/H429,AQ,41.974925,13.722976,56.0,-40209.101,44203.283
PF01/0022/H429,AQ,41.974106,13.728237,56.0,-40306.478,44637.794
PF02/0022/H429,AQ,41.970697,13.726218,56.0,-40682.55,44464.902
PF01/0024/H429,AQ,41.972153,13.76287,50.0,-40565.412,47504.237
PF02/0024/H429,AQ,41.968936,13.762435,50.0,-40922.016,47463.038
PF01/0025/H429,AQ,41.961361,13.735306,8.0,-41730.35,45202.65
PF01/0026/H429,AQ,41.965467,13.749176,50.0,-41291.3,46358.704
PF02/0026/H429,AQ,41.965175,13.748869,52.0,-41323.29,46332.773
PF03/0026/H429,AQ,41.962635,13.750536,52.0,-41607.412,46466.851
PF01/0027/H429,AQ,41.966824,13.752886,8.0,-41145.08,46668.34
PF02/0027/H429,AQ,41.966898,13.75282,70.0,-41136.817,46662.997
PF03/0027/H429,AQ,41.964613,13.752751,52.0,-41390.415,46653.597
PF04/0027/H429,AQ,41.969062,13.75816,50.0,-40902.96,47108.99
PF02/0029/H429,AQ,41.958524,13.763283,70.0,-42079.178,47516.574
PF01/0030/H429,AQ,41.951543,13.770883,70.0,-42863.302,48135.343
PF01/0001/H434,AQ,41.942135,13.792854,9.0,-43933.775,49941.626
PF02/0001/H434,AQ,41.944396,13.79508,9.0,-43685.407,50129.682
PF06/0001/H434,AQ,41.942528,13.789799,12.0,-43886.665,49688.99
PF07/0001/H434,AQ,41.945731,13.792426,12.0,-43534.058,49911.746
PF08/0001/H434,AQ,41.939192,13.790605,12.0,-44257.928,49750.614
PF09/0001/H434,AQ,41.937765,13.795166,12.0,-44421.758,50126.473
PF10/0001/H434,AQ,41.936251,13.790751,12.0,-44584.691,49758.063
PF01/0002/H434,AQ,41.935336,13.808481,6.0,-44706.86,51226.57
PF02/0002/H434,AQ,41.938904,13.815619,50.0,-44318.877,51823.78
PF03/0002/H434,AQ,41.940537,13.812919,52.0,-44134.47,51602.485
PF04/0002/H434,AQ,41.946835,13.803736,9.0,-43424.646,50850.981
PF05/0002/H434,AQ,41.945727,13.799117,9.0,-43542.333,50466.437
PF06/0002/H434,AQ,41.932056,13.816415,70.0,-45080.209,51879.329
PF07/0002/H434,AQ,41.93433,13.820769,54.0,-44832.664,52243.759
PF08/0002/H434,AQ,41.935393,13.815199,12.0,-44708.284,51783.628
PF09/0002/H434,AQ,41.934209,13.817896,70.0,-44842.8,52005.378
PF01/0003/H434,AQ,41.943187,13.815369,54.0,-43843.116,51809.635
PF02/0003/H434,AQ,41.943633,13.81974,50.0,-43798.555,52172.684
PF03/0003/H434,AQ,41.946343,13.80758,9.0,-43483.656,51168.878
PF05/0003/H434,AQ,41.944007,13.809363,56.0,-43745.165,51313.039
PF06/0003/H434,AQ,41.941219,13.812104,54.0,-44057.871,51535.986
PF02/0004/H434,AQ,41.938606,13.823603,54.0,-44361.067,52485.244
PF03/0004/H434,AQ,41.939301,13.818699,50.0,-44278.377,52079.719
PF04/0004/H434,AQ,41.940905,13.822302,50.0,-44104.346,52380.857
PF09/0004/H434,AQ,41.936143,13.826922,70.0,-44638.338,52756.592
PF10/0004/H434,AQ,41.933133,13.831691,70.0,-44977.989,53147.405
PF11/0004/H434,AQ,41.935861,13.831225,54.0,-44674.484,53112.964
PF12/0004/H434,AQ,41.937606,13.821047,12.0,-44469.209,52271.827
PF14/0004/H434,AQ,41.93357,13.834107,12.0,-44932.178,53348.4
PF01/0005/H434,AQ,41.925978,13.787334,8.0,-45721.34,49458.66
PF02/0005/H434,AQ,41.91936,13.785492,52.0,-46453.93,49295.477
PF03/0005/H434,AQ,41.921807,13.784269,52.0,-46180.789,49197.979
PF04/0005/H434,AQ,41.921881,13.787294,52.0,-46176.153,49448.868
PF05/0005/H434,AQ,41.916924,13.787902,52.0,-46727.231,49491.571
PF06/0005/H434,AQ,41.917919,13.80177,50.0,-46632.909,50643.146
PF08/0005/H434,AQ,41.918921,13.789458,52.0,-46507.36,49623.721
PF09/0005/H434,AQ,41.916381,13.78642,54.0,-46785.843,49367.792
PF10/0005/H434,AQ,41.916593,13.789209,52.0,-46765.535,49599.413
PF11/0005/H434,AQ,41.920783,13.777623,56.0,-46286.695,48645.268
PF12/0005/H434,AQ,41.91072,13.778067,70.0,-47404.539,48666.148
PF13/0005/H434,AQ,41.916644,13.792797,52.0,-46764.048,49897.055
PF14/0005/H434,AQ,41.912958,13.78808,52.0,-47167.802,49500.097
PF15/0005/H434,AQ,41.924118,13.782439,54.0,-45922.136,49049.839
PF16/0005/H434,AQ,41.922338,13.797772,50.0,-46137.613,50318.487
PF17/0005/H434,AQ,41.914366,13.78166,52.0,-47003.897,48969.871
PF19/0005/H434,AQ,41.917731,13.780298,54.0,-46628.689,48862.212
PF21/0005/H434,AQ,41.919941,13.797578,52.0,-46403.615,50298.649
PF22/0005/H434,AQ,41.91896,13.779326,52.0,-46491.106,48783.562
PF23/0005/H434,AQ,41.915322,13.784971,52.0,-46901.647,49245.948
PF24/0005/H434,AQ,41.914678,13.777739,12.0,-46964.73,48645.208
PF25/0005/H434,AQ,41.920442,13.792735,52.0,-46342.279,49897.881
PF26/0005/H434,AQ,41.908782,13.784599,52.0,-47627.386,49204.797
PF27/0005/H434,AQ,41.912745,13.794704,52.0,-47199.19,50049.069
PF28/0005/H434,AQ,41.908243,13.792015,52.0,-47695.902,49819.026
PF29/0005/H434,AQ,41.910038,13.80415,70.0,-47510.712,50828.268
PF30/0005/H434,AQ,41.922751,13.779557,52.0,-46070.445,48808.714
PF31/0005/H434,AQ,41.917676,13.783586,12.0,-46638.71,49134.826
PF32/0005/H434,AQ,41.912186,13.797729,12.0,-47264.85,50299.094
PF01/0006/H434,AQ,41.917872,13.807944,6.0,-46645.27,51155.07
PF02/0006/H434,AQ,41.926183,13.819036,50.0,-45735.269,52087.584
PF03/0006/H434,AQ,41.923643,13.818118,52.0,-46016.269,52007.614
PF04/0006/H434,AQ,41.919162,13.820576,52.0,-46516.601,52204.562
PF05/0006/H434,AQ,41.917995,13.807425,52.0,-46631.004,51112.186
PF06/0006/H434,AQ,41.91457,13.80216,52.0,-47005.3,50670.283
PF07/0006/H434,AQ,41.924439,13.801498,50.0,-45908.673,50630.687
PF08/0006/H434,AQ,41.92461,13.810693,70.0,-45900.296,51393.413
PF15/0006/H434,AQ,41.91216,13.810502,70.0,-47282.436,51358.358
PF17/0006/H434,AQ,41.923785,13.818248,12.0,-46000.613,52018.643
PF13/0007/H434,AQ,41.926587,13.828463,7.0,-45701.08,52869.84
PF15/0007/H434,AQ,41.926458,13.831883,52.0,-45719.346,53153.277
PF20/0007/H434,AQ,41.924086,13.822393,50.0,-45971.898,52362.805
PF21/0007/H434,AQ,41.926668,13.824613,52.0,-45687.751,52550.787
PF04/0008/H434,AQ,41.930349,13.835789,70.0,-45291.695,53483.013
PF05/0008/H434,AQ,41.928952,13.836937,70.0,-45448.071,53576.048
PF07/0008/H434,AQ,41.926217,13.838867,70.0,-45753.902,53731.947
PF09/0008/H434,AQ,41.929331,13.842623,70.0,-45412.377,54048.078
PF14/0008/H434,AQ,41.931372,13.833299,70.0,-45175.31,53278.056
PF15/0008/H434,AQ,41.931815,13.837562,70.0,-45130.971,53632.222
PF16/0008/H434,AQ,41.927085,13.833575,70.0,-45651.658,53294.458
PF17/0008/H434,AQ,41.928008,13.845477,70.0,-45562.495,54282.728
PF18/0008/H434,AQ,41.930674,13.840089,10.0,-45260.5,53840.0
PF01/0009/H434,AQ,41.922224,13.836026,8.0,-46194.08,53490.38
PF02/0009/H434,AQ,41.921021,13.839598,70.0,-46331.672,53784.827
PF03/0009/H434,AQ,41.921491,13.850154,50.0,-46291.247,54660.823
PF04/0009/H434,AQ,41.918801,13.847034,54.0,-46586.456,54398.072
PF05/0009/H434,AQ,41.924702,13.848036,70.0,-45932.394,54489.985
PF06/0009/H434,AQ,41.923269,13.8488,70.0,-46092.394,54551.171
PF07/0009/H434,AQ,41.921557,13.843034,50.0,-46276.04,54070.533
PF08/0009/H434,AQ,41.924312,13.840996,12.0,-45967.815,53905.617
PF01/0010/H434,AQ,41.919943,13.834196,12.0,-46445.326,53335.231
PF01/0011/H434,AQ,41.913148,13.852203,8.0,-47219.89,54818.32
PF03/0011/H434,AQ,41.910696,13.846222,12.0,-47485.46,54318.61
PF04/0011/H434,AQ,41.91223,13.848714,54.0,-47317.96,54527.615
PF05/0011/H434,AQ,41.918394,13.843113,70.0,-46627.298,54072.358
PF06/0011/H434,AQ,41.914984,13.847623,52.0,-47010.964,54441.214
PF07/0011/H434,AQ,41.915974,13.844427,54.0,-46897.483,54177.67
PF08/0011/H434,AQ,41.910339,13.845898,70.0,-47524.803,54291.222
PF03/0012/H434,AQ,41.91265,13.772782,56.0,-47183.955,48230.862
PF04/0012/H434,AQ,41.91366,13.775993,52.0,-47075.697,48498.732
PF07/0012/H434,AQ,41.910417,13.774311,56.0,-47433.692,48354.104
PF08/0012/H434,AQ,41.907075,13.770267,54.0,-47799.94,48013.381
PF10/0012/H434,AQ,41.900364,13.762368,56.0,-48535.737,47347.508
PF11/0012/H434,AQ,41.901972,13.765905,56.0,-48361.371,47643.452
PF12/0012/H434,AQ,41.9038,13.769799,56.0,-48163.081,47969.342
PF13/0012/H434,AQ,41.905131,13.772604,52.0,-48018.654,48204.124
PF14/0012/H434,AQ,41.904219,13.775572,52.0,-48123.38,48448.866
PF15/0012/H434,AQ,41.902404,13.772325,54.0,-48321.031,48176.714
PF16/0012/H434,AQ,41.899385,13.768994,56.0,-48652.295,47895.574
PF19/0012/H434,AQ,41.897997,13.781147,52.0,-48820.875,48901.482
PF22/0012/H434,AQ,41.894461,13.77487,52.0,-49206.041,48375.161
PF23/0012/H434,AQ,41.905676,13.767574,54.0,-47952.096,47787.795
PF24/0012/H434,AQ,41.905137,13.764734,54.0,-48008.589,47551.421
PF25/0012/H434,AQ,41.892376,13.769293,52.0,-49430.877,47909.229
PF26/0012/H434,AQ,41.894897,13.771276,52.0,-49153.36,48077.758
PF28/0012/H434,AQ,41.896405,13.778311,52.0,-48994.19,48663.702
PF29/0012/H434,AQ,41.898896,13.784383,52.0,-48724.799,49171.317
PF30/0012/H434,AQ,41.900554,13.786605,70.0,-48543.298,49358.277
PF36/0012/H434,AQ,41.91024,13.766018,52.0,-47443.541,47666.053
PF37/0012/H434,AQ,41.893871,13.784191,52.0,-49282.494,49147.471
PF38/0012/H434,AQ,41.895632,13.7861,52.0,-49089.236,49308.656
PF39/0012/H434,AQ,41.903554,13.786104,70.0,-48209.686,49321.385
PF40/0012/H434,AQ,41.908294,13.773885,70.0,-47668.999,48315.457
PF41/0012/H434,AQ,41.905157,13.76464,56.0,-48006.286,47543.633
PF42/0012/H434,AQ,41.906851,13.769033,56.0,-47823.353,47910.725
PF44/0012/H434,AQ,41.909584,13.770095,52.0,-47521.179,48003.139
PF47/0012/H434,AQ,41.9002,13.778956,52.0,-48573.633,48723.238
PF48/0012/H434,AQ,41.896799,13.774987,52.0,-48946.549,48388.57
PF49/0012/H434,AQ,41.894565,13.779089,52.0,-49199.435,48725.326
PF50/0012/H434,AQ,41.901337,13.775473,12.0,-48443.26,48436.07
PF51/0012/H434,AQ,41.9005,13.772121,12.0,-48532.25,48156.77
PF52/0012/H434,AQ,41.898996,13.766096,12.0,-48692.1,47654.55
PF54/0012/H434,AQ,41.897232,13.768753,12.0,-48891.133,47872.133
PF01/0013/H434,AQ,41.88018,13.787817,8.0,-50806.88,49426.82
PF02/0013/H434,AQ,41.885642,13.788332,8.0,-50201.06,49478.12
PF03/0013/H434,AQ,41.906298,13.795507,8.0,-47916.0,50105.61
PF04/0013/H434,AQ,41.893074,13.796857,8.0,-49385.8,50196.98
PF05/0013/H434,AQ,41.902107,13.790397,52.0,-48375.346,49675.26
PF06/0013/H434,AQ,41.905667,13.787746,70.0,-47976.985,49460.935
PF07/0013/H434,AQ,41.900836,13.793879,52.0,-48520.587,49962.066
PF10/0013/H434,AQ,41.889647,13.796693,52.0,-49766.163,50178.115
PF11/0013/H434,AQ,41.890507,13.793278,52.0,-49666.664,49896.076
PF12/0013/H434,AQ,41.893833,13.788375,52.0,-49291.606,49494.534
PF13/0013/H434,AQ,41.896559,13.796345,52.0,-48998.281,50159.942
PF14/0013/H434,AQ,41.895084,13.800808,52.0,-49167.282,50527.896
PF15/0013/H434,AQ,41.89396,13.792334,52.0,-49282.214,49823.197
PF16/0013/H434,AQ,41.896161,13.791823,52.0,-49037.173,49784.264
PF17/0013/H434,AQ,41.89373,13.805162,56.0,-49322.636,50887.018
PF18/0013/H434,AQ,41.891595,13.80128,56.0,-49555.192,50561.622
PF19/0013/H434,AQ,41.897845,13.787672,70.0,-48845.351,49442.508
PF20/0013/H434,AQ,41.907329,13.79901,70.0,-47805.54,50397.778
PF21/0013/H434,AQ,41.906285,13.803109,70.0,-47926.298,50736.162
PF22/0013/H434,AQ,41.907691,13.81104,70.0,-47779.239,51396.153
PF23/0013/H434,AQ,41.905958,13.806882,70.0,-47966.917,51048.554
PF24/0013/H434,AQ,41.888541,13.804452,12.0,-49897.9,50820.1
PF01/0014/H434,AQ,41.912969,13.821898,8.0,-47205.66,52304.76
PF02/0014/H434,AQ,41.8972,13.815469,8.0,-48949.17,51747.35
PF03/0014/H434,AQ,41.905568,13.839777,8.0,-48047.65,53776.38
PF04/0014/H434,AQ,41.899186,13.850723,52.0,-48768.508,54674.84
PF05/0014/H434,AQ,41.902558,13.847288,52.0,-48390.294,54394.866
PF06/0014/H434,AQ,41.906174,13.842792,56.0,-47983.777,54027.413
PF07/0014/H434,AQ,41.902604,13.811568,70.0,-48344.704,51432.108
PF08/0014/H434,AQ,41.90018,13.812417,70.0,-48614.815,51498.823
PF01/0015/H434,AQ,41.965086,13.835482,9.0,-41434.447,53509.979
PF04/0015/H434,AQ,41.960208,13.832409,56.0,-41972.534,53247.937
PF05/0015/H434,AQ,41.961559,13.836654,56.0,-41827.378,53601.793
PF01/0016/H434,AQ,41.954019,13.840664,8.0,-42669.06,53922.74
PF02/0016/H434,AQ,41.96027,13.842358,8.0,-41976.93,54072.54
PF03/0016/H434,AQ,41.958753,13.836508,9.0,-42138.778,53585.4
PF04/0016/H434,AQ,41.95659,13.833432,9.0,-42375.401,53327.268
PF06/0016/H434,AQ,41.955248,13.82949,12.0,-42519.962,52998.496
PF07/0016/H434,AQ,41.951966,13.834865,12.0,-42890.429,53439.003
PF01/0017/H434,AQ,41.935522,13.860002,8.0,-44744.28,55498.19
PF02/0017/H434,AQ,41.944302,13.854306,8.0,-43763.12,55039.0
PF03/0017/H434,AQ,41.947552,13.864388,8.0,-43413.4,55879.46
PF01/0018/H434,AQ,41.932359,13.864998,54.0,-45100.988,55907.743
PF02/0018/H434,AQ,41.934521,13.872716,70.0,-44869.428,56550.751
PF03/0018/H434,AQ,41.931326,13.866297,70.0,-45217.153,56013.853
PF04/0018/H434,AQ,41.934974,13.869175,54.0,-44815.288,56257.867
PF01/0019/H434,AQ,41.941311,13.876516,8.0,-44119.6,56875.7
PF01/0020/H434,AQ,41.929304,13.895756,8.0,-45473.52,58453.45
PF02/0020/H434,AQ,41.923058,13.912324,8.0,-46184.61,59818.37
PF03/0020/H434,AQ,41.935364,13.891258,50.0,-44795.88,58089.236
PF04/0020/H434,AQ,41.933835,13.897202,50.0,-44971.926,58579.833
PF01/0021/H434,AQ,41.931186,13.891783,50.0,-45260.359,58126.725
PF03/0021/H434,AQ,41.932683,13.888388,50.0,-45090.393,57847.411
PF04/0021/H434,AQ,41.930795,13.885627,50.0,-45297.099,57615.784
PF05/0021/H434,AQ,41.929654,13.889287,50.0,-45427.748,57917.619
PF06/0021/H434,AQ,41.931492,13.879766,52.0,-45213.369,57130.86
PF03/0022/H434,AQ,42.319749,12.632087,567.0,5.22,-45121.104
PF04/0022/H434,AQ,41.929867,13.872498,70.0,-45385.918,56525.895
PF05/0022/H434,AQ,41.927409,13.869931,70.0,-45656.049,56309.479
PF06/0022/H434,AQ,41.927432,13.864715,70.0,-45647.742,55877.032
PF12/0022/H434,AQ,41.930251,13.877044,70.0,-45348.248,56903.352
PF13/0022/H434,AQ,41.92629,13.874566,70.0,-45785.274,56692.088
PF01/0024/H434,AQ,41.921736,13.882863,8.0,-46299.95,57373.47
PF02/0024/H434,AQ,41.93015,13.878415,70.0,-45360.876,57016.871
PF01/0025/H434,AQ,41.928529,13.892347,50.0,-45555.906,58169.676
PF02/0025/H434,AQ,41.92964,13.889293,50.0,-45429.234,57918.09
PF03/0025/H434,AQ,41.932702,13.888383,50.0,-45088.345,57847.023
PF01/0026/H434,AQ,41.918859,13.904649,8.0,-46642.7,59176.0
PF01/0014/H772,AQ,42.10208,13.362115,54.0,-25581.378,14574.665
PF02/0014/H772,AQ,42.100191,13.365082,50.0,-25795.87,14816.038
PF03/0014/H772,AQ,42.097954,13.358123,52.0,-26033.197,14235.748
PF04/0014/H772,AQ,42.104414,13.362015,50.0,-25322.056,14571.373
PF05/0014/H772,AQ,42.102144,13.357872,12.0,-25567.5,14224.0
PF01/0015/H772,AQ,42.10203,13.37097,8.0,-25600.99,15306.76
PF03/0015/H772,AQ,42.099851,13.368922,50.0,-25839.709,15132.844
PF04/0015/H772,AQ,42.100024,13.37213,54.0,-25825.561,15398.433
PF05/0015/H772,AQ,42.101175,13.366695,54.0,-25689.153,14951.46
PF06/0015/H772,AQ,42.102005,13.37494,52.0,-25609.934,15635.003
PF07/0015/H772,AQ,42.10412,13.368497,50.0,-25365.015,15106.769
PF08/0015/H772,AQ,42.097735,13.37437,70.0,-26083.222,15578.886
PF09/0015/H772,AQ,42.098465,13.366162,50.0,-25989.235,14901.69
PF10/0015/H772,AQ,42.10622,13.366771,12.0,-25129.1,14968.5
PF01/0020/H772,AQ,42.091687,13.354937,8.0,-26724.04,13958.93
PF02/0020/H772,AQ,42.090219,13.355171,52.0,-26887.347,13975.093
PF03/0020/H772,AQ,42.093612,13.347306,52.0,-26498.021,13331.893
PF04/0020/H772,AQ,42.090158,13.351644,52.0,-26888.465,13683.283
PF01/0021/H772,AQ,42.091567,13.36742,56.0,-26757.1,14991.059
PF02/0021/H772,AQ,42.094798,13.361825,56.0,-26389.501,14535.226
PF03/0021/H772,AQ,42.093867,13.35694,70.0,-26485.119,14129.186
PF04/0021/H772,AQ,42.092492,13.362607,50.0,-26646.778,14594.922
PF05/0021/H772,AQ,42.094955,13.366606,50.0,-26379.685,14930.945
PF06/0021/H772,AQ,42.089127,13.362933,70.0,-27020.993,14614.737
PF07/0021/H772,AQ,42.094075,13.360207,54.0,-26467.195,14399.824
PF08/0021/H772,AQ,42.092649,13.354362,52.0,-26616.239,13913.415
PF01/0022/H772,AQ,42.090042,13.368946,56.0,-26928.892,15114.002
PF02/0022/H772,AQ,42.087655,13.369257,9.0,-27194.35,15134.67
PF03/0022/H772,AQ,42.087467,13.371002,9.0,-27218.05,15278.58
PF04/0022/H772,AQ,42.092367,13.380763,8.0,-26689.28,16096.28
PF06/0022/H772,AQ,42.091011,13.378866,9.0,-26836.88,15936.53
PF08/0022/H772,AQ,42.089392,13.376607,54.0,-27013.109,15746.264
PF09/0022/H772,AQ,42.087483,13.374841,54.0,-27222.306,15596.121
PF10/0022/H772,AQ,42.091638,13.370163,52.0,-26753.574,15218.02
PF11/0022/H772,AQ,42.091467,13.376169,54.0,-26782.021,15714.394
PF12/0022/H772,AQ,42.089338,13.372771,70.0,-27013.106,15428.883
PF13/0022/H772,AQ,42.093251,13.377154,52.0,-26585.486,15799.672
PF14/0022/H772,AQ,42.091502,13.375051,56.0,-26776.392,15622.026
PF15/0022/H772,AQ,42.096799,13.377769,70.0,-26192.516,15857.949
PF16/0022/H772,AQ,42.092731,13.372801,54.0,-26636.405,15438.527
PF17/0022/H772,AQ,42.095059,13.372548,52.0,-26377.473,15422.546
PF18/0022/H772,AQ,42.084828,13.370573,52.0,-27510.421,15237.558
PF19/0022/H772,AQ,42.094882,13.379464,70.0,-26407.979,15994.094
PF01/0024/H772,AQ,42.089803,13.358201,52.0,-26938.412,14224.844
PF02/0024/H772,AQ,42.086671,13.357811,70.0,-27285.535,14185.873
PF04/0024/H772,AQ,42.088466,13.366725,9.0,-27100.31,14927.01
PF06/0024/H772,AQ,42.085029,13.367935,52.0,-27483.926,15019.785
PF15/0024/H772,AQ,42.086163,13.367825,52.0,-27357.843,15013.074
PF18/0024/H772,AQ,42.086012,13.365611,52.0,-27371.111,14829.66
PF19/0024/H772,AQ,42.083573,13.358057,52.0,-27629.872,14199.599
PF20/0024/H772,AQ,42.084479,13.359246,52.0,-27531.155,14299.942
PF01/0025/H772,AQ,42.090862,13.380782,9.0,-26856.44,16094.61
PF02/0025/H772,AQ,42.080792,13.380048,50.0,-27973.474,16012.725
PF03/0025/H772,AQ,42.087232,13.380054,9.0,-27258.3,16026.81
PF09/0025/H772,AQ,42.087353,13.378232,54.0,-27242.051,15876.32
PF10/0025/H772,AQ,42.08429,13.379311,52.0,-27583.814,15959.169
PF12/0025/H772,AQ,42.081662,13.375981,50.0,-27870.399,15678.134
PF13/0025/H772,AQ,42.084706,13.375662,52.0,-27531.894,15658.185
PF14/0025/H772,AQ,42.081791,13.37651,52.0,-27856.942,15722.218
PF02/0030/H772,AQ,42.072673,13.347272,50.0,-28822.975,13284.189
PF03/0030/H772,AQ,42.076502,13.328078,50.0,-28367.02,11704.597
PF04/0030/H772,AQ,42.073979,13.333151,54.0,-28655.371,12118.785
PF05/0030/H772,AQ,42.082177,13.335575,52.0,-27748.919,12337.061
PF06/0030/H772,AQ,42.08038,13.326949,50.0,-27934.554,11619.582
PF07/0030/H772,AQ,42.076878,13.33594,52.0,-28337.91,12355.758
PF08/0030/H772,AQ,42.080238,13.340985,70.0,-27972.996,12780.349
PF10/0030/H772,AQ,42.077835,13.340116,70.0,-28238.324,12703.279
PF11/0030/H772,AQ,42.071563,13.339177,54.0,-28933.237,12612.066
PF12/0030/H772,AQ,42.084683,13.316964,50.0,-27440.543,10803.047
PF13/0030/H772,AQ,42.078705,13.323418,50.0,-28114.78,11323.88
PF14/0030/H772,AQ,42.084949,13.307775,50.0,-27395.958,10043.627
PF15/0030/H772,AQ,42.075141,13.31127,50.0,-28490.736,10311.146
PF16/0030/H772,AQ,42.076398,13.324317,50.0,-28372.4,11393.265
PF18/0030/H772,AQ,42.07742,13.344436,70.0,-28291.35,13059.78
PF19/0030/H772,AQ,42.072458,13.3114,50.0,-28788.913,10316.004
PF20/0030/H772,AQ,42.080289,13.310957,70.0,-27918.629,10296.594
PF21/0030/H772,AQ,42.071459,13.336226,12.0,-28940.099,12367.743
PF04/0031/H772,AQ,42.086047,13.339071,8.0,-27324.82,12634.55
PF05/0031/H772,AQ,42.08702,13.354801,52.0,-27241.991,13937.647
PF07/0031/H772,AQ,42.076571,13.358709,70.0,-28408.464,14238.66
PF08/0031/H772,AQ,42.082288,13.35393,70.0,-27766.04,13855.561
PF09/0031/H772,AQ,42.073957,13.346613,70.0,-28679.383,13232.404
PF10/0031/H772,AQ,42.070497,13.350523,50.0,-29069.818,13548.453
PF11/0031/H772,AQ,42.086201,13.346621,52.0,-27319.833,13259.355
PF13/0031/H772,AQ,42.081613,13.343001,52.0,-27823.502,12950.032
PF14/0031/H772,AQ,42.077284,13.352269,70.0,-28319.028,13707.393
PF15/0031/H772,AQ,42.081639,13.345512,70.0,-27824.597,13157.813
PF16/0031/H772,AQ,42.072025,13.35443,50.0,-28906.452,13874.965
PF17/0031/H772,AQ,42.08639,13.352173,52.0,-27307.734,13719.006
PF18/0031/H772,AQ,42.082248,13.349464,70.0,-27763.324,13486.03
PF19/0031/H772,AQ,42.075287,13.36661,12.0,-28563.549,14889.514
PF01/0032/H772,AQ,42.082805,13.358814,9.0,-27716.39,14260.58
PF02/0032/H772,AQ,42.082094,13.364162,70.0,-27803.802,14701.444
PF03/0032/H772,AQ,42.084235,13.361311,9.0,-27561.57,14470.21
PF04/0032/H772,AQ,42.081849,13.366696,70.0,-27835.085,14910.528
PF05/0032/H772,AQ,42.081015,13.360706,12.0,-27918.16,14413.276
PF01/0033/H772,AQ,42.077852,13.364367,50.0,-28275.211,14709.431
PF02/0033/H772,AQ,42.079505,13.362333,70.0,-28088.37,14544.69
PF03/0033/H772,AQ,42.078662,13.366055,70.0,-28187.939,14850.714
PF10/0034/H772,AQ,42.083175,13.370083,52.0,-27693.185,15193.518
PF12/0034/H772,AQ,42.078947,13.367941,70.0,-28159.209,15007.341
PF13/0034/H772,AQ,42.078236,13.372023,50.0,-28244.629,15343.564
PF14/0034/H772,AQ,42.081491,13.370463,70.0,-27880.727,15221.41
PF15/0034/H772,AQ,42.085369,13.372612,52.0,-27453.535,15407.35
PF16/0034/H772,AQ,42.075888,13.368567,52.0,-28499.935,15052.68
PF02/0035/H772,AQ,42.080796,13.380144,52.0,-27973.118,16020.715
PF03/0035/H772,AQ,42.079087,13.376466,52.0,-28157.145,15712.818
PF06/0035/H772,AQ,42.07655,13.382355,52.0,-28448.015,16194.674
PF07/0035/H772,AQ,42.07406,13.379769,52.0,-28720.444,15975.475
PF08/0035/H772,AQ,42.082197,13.377657,50.0,-27813.64,15817.939
PF09/0035/H772,AQ,42.075516,13.377441,52.0,-28555.21,15785.936
PF03/0040/H772,AQ,42.062981,13.295417,50.0,-29814.991,8972.805
PF17/0040/H772,AQ,42.067266,13.299477,50.0,-29345.844,9318.234
PF19/0040/H772,AQ,42.070552,13.315674,50.0,-29007.474,10665.49
PF20/0040/H772,AQ,42.068279,13.318041,50.0,-29263.782,10856.302
PF22/0040/H772,AQ,42.068914,13.293406,70.0,-29152.793,8819.551
PF23/0040/H772,AQ,42.070807,13.320768,12.0,-28987.53,11087.476
PF24/0040/H772,AQ,42.32349,12.822597,116.0,1.0,-29410.693
PF01/0041/H772,AQ,42.071183,13.329744,12.0,-28960.258,11830.828
PF04/0041/H772,AQ,42.065101,13.348423,50.0,-29665.663,13363.149
PF04/0020/H773,AQ,42.265658,13.495465,21.0,-7620.759,25921.774
PF05/0021/H773,AQ,42.26015,13.50733,20.0,-8249.642,26889.681
PF04/0022/H773,AQ,42.269944,13.507912,20.0,-7162.913,26956.677
PF05/0023/H773,AQ,42.264646,13.506982,21.0,-7749.858,26869.693
PF06/0027/H773,AQ,42.258083,13.508329,20.0,-8480.611,26968.054
PF07/0027/H773,AQ,42.263565,13.509665,21.0,-7873.766,27088.917
PF06/0003/H819,AQ,42.36879,13.292813,9.0,4146.346,9437.498
PF07/0003/H819,AQ,42.370177,13.295067,21.0,4296.698,9626.176
PF05/0004/H819,AQ,42.366845,13.300846,12.0,3917.2,10094.6
PF06/0004/H819,AQ,42.367289,13.303453,21.0,3962.194,10310.312
PF05/0005/H819,AQ,42.372051,13.29893,21.0,4498.417,9948.424
PF04/0008/H819,AQ,42.3652,13.309848,21.0,3719.705,10832.311
PF01/0009/H819,AQ,42.368681,13.306954,21.0,4111.025,10601.626
PF02/0010/H819,AQ,42.362358,13.298503,21.0,3422.752,9891.695
PF03/0013/H819,AQ,42.357216,13.299876,20.0,2849.502,9993.368
PF08/0014/H819,AQ,42.36132,13.295684,21.0,3312.129,9657.279
PF02/0015/H819,AQ,42.358785,13.295323,20.0,3031.272,9621.862
PF02/0016/H819,AQ,42.357055,13.294045,70.0,2841.322,9512.743
PF08/0016/H819,AQ,42.362107,13.289367,70.0,3409.999,9138.778
PF13/0016/H819,AQ,42.358133,13.290936,70.0,2966.064,9259.178
PF14/0016/H819,AQ,42.362656,13.292838,21.0,3465.22,9425.889
PF07/0017/H819,AQ,42.364828,13.29965,21.0,3695.148,9991.688
PF06/0018/H819,AQ,42.364405,13.295374,70.0,3655.224,9638.601
PF11/0018/H819,AQ,42.365845,13.290935,70.0,3822.5,9276.265
PF12/0018/H819,AQ,42.366056,13.293964,21.0,3840.914,9526.174
PF06/0019/H819,AQ,42.359691,13.286817,54.0,3145.999,8923.378
PF07/0019/H819,AQ,42.3634,13.288157,21.0,3555.586,9042.01
PF04/0020/H819,AQ,42.362143,13.279513,20.0,3430.419,8327.419
PF05/0021/H819,AQ,42.367365,13.282752,70.0,4004.85,8605.882
PF08/0021/H819,AQ,42.367977,13.287459,21.0,4064.937,8994.769
PF07/0022/H819,AQ,42.369203,13.271988,21.0,4226.958,7723.652
PF04/0023/H819,AQ,42.368146,13.265129,21.0,4121.065,7156.461
PF05/0025/H819,AQ,42.359007,13.282551,20.0,3077.139,8570.574
PF02/0026/H819,AQ,42.35159,13.272829,21.0,2269.659,7753.149
PF04/0027/H819,AQ,42.353747,13.276547,21.0,2503.047,8064.207
PF04/0029/H819,AQ,42.353117,13.291355,20.0,2408.443,9282.433
PF01/0031/H819,AQ,42.350479,13.293111,21.0,2112.599,9421.158
PF02/0033/H819,AQ,42.346541,13.283506,20.0,1691.264,8621.238
PF03/0034/H819,AQ,42.339797,13.291883,21.0,928.441,9296.237
PF05/0037/H819,AQ,42.33111,13.28354,21.0,-22.281,8589.47
PF06/0038/H819,AQ,42.331813,13.281183,21.0,59.689,8396.86
PF03/0002/I121,AQ,42.374372,13.357155,70.0,4661.854,14747.564
PF09/0002/I121,AQ,42.373988,13.360303,21.0,4614.165,15005.924
PF04/0003/I121,AQ,42.371556,13.361122,52.0,4342.765,15068.162
PF23/0003/I121,AQ,42.374388,13.363101,21.0,4654.091,15237.15
PF24/0003/I121,AQ,42.369757,13.36715,21.0,4133.495,15560.641
PF08/0004/I121,AQ,42.368499,13.370725,21.0,3988.182,15852.332
PF09/0004/I121,AQ,42.372068,13.368302,12.0,4388.336,15660.441
PF03/0005/I121,AQ,42.376985,13.383577,21.0,4910.196,16928.522
PF04/0005/I121,AQ,42.378904,13.382091,20.0,5125.634,16810.257
PF06/0006/I121,AQ,42.366224,13.362344,21.0,3748.838,15157.363
PF07/0008/I121,AQ,42.364347,13.384206,50.0,3505.946,16953.656
PF10/0008/I121,AQ,42.368929,13.386213,12.0,4011.537,17128.548
PF13/0008/I121,AQ,42.37129,13.387123,12.0,4272.34,17208.45
PF14/0008/I121,AQ,42.368163,13.390481,21.0,3919.806,17478.421
PF15/0008/I121,AQ,42.36849,13.374221,21.0,3981.612,16140.17
PF02/0010/I121,AQ,42.358769,13.38717,9.0,2881.881,17185.938
PF08/0010/I121,AQ,42.354531,13.386855,20.0,2411.757,17151.109
PF09/0010/I121,AQ,42.360591,13.380891,12.0,3094.055,16672.733
PF11/0011/I121,AQ,42.364259,13.389899,70.0,3487.288,17422.302
PF15/0011/I121,AQ,42.360846,13.39572,20.0,3099.184,17894.422
PF16/0011/I121,AQ,42.361317,13.391007,21.0,3158.866,17507.352
PF17/0011/I121,AQ,42.358369,13.390124,12.0,2832.835,17428.426
PF18/0011/I121,AQ,42.363078,13.392212,12.0,3352.468,17610.259
PF05/0012/I121,AQ,42.353123,13.394831,20.0,2242.973,17805.017
PF03/0013/I121,AQ,42.354491,13.398444,20.0,2389.25,18105.492
PF03/0014/I121,AQ,42.356273,13.399366,70.0,2585.716,18185.182
PF04/0014/I121,AQ,42.359973,13.398109,20.0,2998.485,18089.335
PF03/0015/I121,AQ,42.363926,13.395374,20.0,3441.7,17872.442
PF01/0017/I121,AQ,42.348191,13.40942,70.0,1672.716,18996.374
PF06/0017/I121,AQ,42.352846,13.406176,20.0,2194.619,18738.871
PF01/0001/I326,AQ,42.224116,12.925021,70.0,-11244.757,-21239.531
PF02/0001/I326,AQ,42.226687,12.921627,50.0,-10952.471,-21512.658
PF01/0003/I326,AQ,42.217338,12.93522,70.0,-12017.837,-20416.026
PF03/0003/I326,AQ,42.222199,12.928996,70.0,-11465.679,-20916.598
PF07/0003/I326,AQ,42.21447,12.932496,70.0,-12330.943,-20648.581
PF08/0003/I326,AQ,42.219419,12.931619,70.0,-11779.556,-20707.623
PF01/0004/I326,AQ,42.214582,12.942827,70.0,-12339.074,-19795.496
PF02/0004/I326,AQ,42.209983,12.944094,52.0,-12852.263,-19703.239
PF03/0004/I326,AQ,42.217332,12.938685,52.0,-12025.476,-20129.991
PF04/0004/I326,AQ,42.146321,13.036721,12.0,-20101.633,-12219.434
PF05/0004/I326,AQ,42.210335,12.819871,12.0,-12558.4,-29957.09
PF01/0005/I326,AQ,42.211933,12.933671,8.0,-12614.96,-20558.4
PF01/0007/I326,AQ,42.2165,12.947924,8.0,-12136.25,-19369.65
PF02/0007/I326,AQ,42.216478,12.963081,7.0,-12168.67,-18118.6
PF01/0009/I326,AQ,42.204364,12.922344,7.0,-13432.73,-21513.97
PF01/0010/I326,AQ,42.212543,12.9456,52.0,-12570.998,-19572.053
PF02/0010/I326,AQ,42.211095,12.951663,52.0,-12743.818,-19075.408
PF01/0011/I326,AQ,42.192936,12.965259,70.0,-14787.152,-18001.205
PF02/0011/I326,AQ,42.196039,12.963542,52.0,-14439.196,-18134.726
PF01/0012/I326,AQ,42.188421,12.903145,8.0,-15164.26,-23142.54
PF02/0012/I326,AQ,42.191201,12.900444,12.0,-14850.0,-23358.0
PF01/0014/I326,AQ,42.19288,12.928803,8.0,-14720.92,-21011.66
PF02/0014/I326,AQ,42.194542,12.923394,50.0,-14525.47,-21453.856
PF03/0014/I326,AQ,42.198256,12.928641,50.0,-14123.597,-21010.56
PF05/0014/I326,AQ,42.191881,12.919597,50.0,-14813.352,-21774.566
PF06/0014/I326,AQ,42.191556,12.923429,50.0,-14857.067,-21459.02
PF01/0015/I326,AQ,42.198371,12.943197,8.0,-14139.94,-19808.37
PF02/0015/I326,AQ,42.198603,12.938325,70.0,-14104.429,-20210.0
PF03/0015/I326,AQ,42.196446,12.94035,70.0,-14348.032,-20048.594
PF05/0015/I326,AQ,42.195217,12.944374,70.0,-14492.462,-19719.66
PF06/0015/I326,AQ,42.199149,12.94588,70.0,-14058.918,-19584.805
PF07/0015/I326,AQ,42.200457,12.941059,54.0,-13904.061,-19979.315
PF01/0016/I326,AQ,42.204011,12.954553,8.0,-13536.22,-18855.7
PF02/0016/I326,AQ,42.199993,12.952977,54.0,-13979.201,-18996.547
PF04/0016/I326,AQ,42.202158,12.956474,54.0,-13745.791,-18702.083
PF05/0016/I326,AQ,42.194689,12.963119,52.0,-14588.234,-18173.274
PF06/0016/I326,AQ,42.192054,12.960707,52.0,-14876.096,-18379.416
PF07/0016/I326,AQ,42.199672,12.956798,54.0,-14022.511,-18681.972
PF08/0016/I326,AQ,42.197395,12.962159,52.0,-14285.955,-18245.314
PF01/0019/I326,AQ,42.200384,12.93601,52.0,-13902.09,-20396.385
PF01/0021/I326,AQ,42.193088,12.96394,8.0,-14767.68,-18109.68
PF02/0021/I326,AQ,42.190443,12.965155,70.0,-15063.803,-18016.363
PF03/0021/I326,AQ,42.188107,12.967268,70.0,-15327.319,-17848.124
PF01/0022/I326,AQ,42.201965,12.975442,8.0,-13804.6,-17136.52
PF02/0022/I326,AQ,42.189211,12.96994,70.0,-15209.952,-17624.491
PF01/0024/I326,AQ,42.174657,12.92637,7.0,-16739.55,-21261.78
PF02/0024/I326,AQ,42.179344,12.928651,12.0,-16223.6,-21060.75
PF01/0025/I326,AQ,42.181794,12.932637,8.0,-15959.61,-20724.96
PF01/0026/I326,AQ,42.176256,12.946737,12.0,-16602.62,-19575.255
PF02/0026/I326,AQ,42.181526,12.947058,12.0,-16018.08,-19534.607
PF01/0027/I326,AQ,42.18701,12.960998,8.0,-15436.81,-18368.76
PF05/0027/I326,AQ,42.189669,12.961611,52.0,-15142.769,-18311.136
PF06/0027/I326,AQ,42.182868,12.960848,12.0,-15896.383,-18392.205
PF01/0028/I326,AQ,42.186688,12.985236,7.0,-15520.16,-16368.07
PF01/0029/I326,AQ,42.176384,12.935066,54.0,-16565.12,-20538.891
PF04/0029/I326,AQ,42.1715,12.93783,54.0,-17113.058,-20323.711
PF05/0029/I326,AQ,42.178553,12.931812,12.0,-16317.8,-20801.8
PF06/0029/I326,AQ,42.172829,12.932126,12.0,-16954.062,-20791.248
PF05/0030/I326,AQ,42.177974,12.944479,70.0,-16407.39,-19757.117
PF06/0030/I326,AQ,42.17704,12.941466,70.0,-16505.103,-20008.513
PF07/0030/I326,AQ,42.175775,12.938689,54.0,-16640.056,-20241.251
PF09/0030/I326,AQ,42.17338,12.937761,54.0,-16904.163,-20324.34
PF10/0030/I326,AQ,42.174183,12.940568,70.0,-16820.517,-20090.29
PF11/0030/I326,AQ,42.175075,12.943412,70.0,-16727.13,-19853.037
PF12/0030/I326,AQ,42.179399,12.935777,52.0,-16231.802,-20472.052
PF14/0030/I326,AQ,42.17842,12.936383,12.0,-16341.7,-20424.6
PF01/0031/I326,AQ,42.183581,12.949423,8.0,-15794.64,-19333.86
PF02/0031/I326,AQ,42.178683,12.948514,54.0,-16336.711,-19421.983
PF04/0031/I326,AQ,42.173643,12.950191,54.0,-16899.623,-19296.927
PF05/0031/I326,AQ,42.182569,12.956683,12.0,-15921.337,-18736.967
PF01/0032/I326,AQ,42.189869,12.969315,52.0,-15135.653,-17674.429
PF02/0032/I326,AQ,42.176379,12.964706,50.0,-16624.558,-18090.76
PF03/0032/I326,AQ,42.178427,12.965974,50.0,-16399.644,-17980.558
PF05/0032/I326,AQ,42.178234,12.961363,50.0,-16411.963,-18361.958
PF06/0032/I326,AQ,42.189646,12.970512,52.0,-15162.809,-17576.16
PF07/0032/I326,AQ,42.179981,12.967703,50.0,-16230.557,-17833.644
PF08/0032/I326,AQ,42.186297,12.971087,52.0,-15535.789,-17537.474
PF09/0032/I326,AQ,42.187672,12.968315,52.0,-15377.709,-17762.769
PF01/0033/I326,AQ,42.176667,12.987719,56.0,-16637.694,-16189.228
PF02/0033/I326,AQ,42.183356,12.97322,50.0,-15866.582,-17369.119
PF03/0033/I326,AQ,42.183205,12.97711,50.0,-15890.99,-17048.291
PF04/0033/I326,AQ,42.178754,12.985881,2.0,-16402.34,-16335.581
PF05/0033/I326,AQ,42.178428,12.981977,52.0,-16430.91,-16658.83
PF06/0033/I326,AQ,42.176347,12.983235,52.0,-16664.45,-16560.453
PF07/0033/I326,AQ,42.180861,12.98483,50.0,-16166.321,-16416.885
PF08/0033/I326,AQ,42.179879,12.988535,50.0,-16282.608,-16113.423
PF01/0034/I326,AQ,42.178525,12.998446,54.0,-16452.21,-15298.391
PF02/0034/I326,AQ,42.17815,12.991821,56.0,-16481.041,-15846.546
PF01/0035/I326,AQ,42.171457,12.94591,8.0,-17133.95,-19656.37
PF02/0035/I326,AQ,42.171803,12.94459,70.0,-17092.809,-19764.457
PF03/0035/I326,AQ,42.174092,12.94287,70.0,-16835.294,-19900.405
PF04/0035/I326,AQ,42.172238,12.941911,70.0,-17039.185,-19984.609
PF05/0035/I326,AQ,42.173891,12.94614,70.0,-16864.07,-19630.91
PF03/0036/I326,AQ,42.169848,12.95044,10.0,-17321.59,-19286.51
PF02/0037/I326,AQ,42.174476,12.96294,50.0,-16832.378,-18241.646
PF03/0037/I326,AQ,42.173796,12.967915,50.0,-16917.745,-17832.565
PF05/0037/I326,AQ,42.171968,12.953504,54.0,-17092.223,-19027.699
PF06/0037/I326,AQ,42.169839,12.970019,50.0,-17361.297,-17669.218
PF07/0037/I326,AQ,42.169996,12.958168,12.0,-17320.5,-18647.75
PF08/0037/I326,AQ,42.175188,12.956669,12.0,-16740.95,-18757.7
PF02/0038/I326,AQ,42.17189,12.976918,54.0,-17147.014,-17093.959
PF03/0038/I326,AQ,42.169438,12.975079,50.0,-17415.703,-17252.283
PF04/0038/I326,AQ,42.177066,12.979343,52.0,-16577.039,-16879.974
PF05/0038/I326,AQ,42.174341,12.974381,12.0,-16869.91,-17296.98
PF01/0039/I326,AQ,42.176522,12.988663,56.0,-16655.656,-16111.607
PF02/0039/I326,AQ,42.175195,12.982288,50.0,-16790.5,-16641.711
PF03/0039/I326,AQ,42.173273,12.988226,50.0,-17015.56,-16156.271
PF01/0040/I326,AQ,42.172704,12.990147,8.0,-17082.48,-15999.05
PF02/0040/I326,AQ,42.169939,12.989994,54.0,-17389.254,-16018.904
PF03/0040/I326,AQ,42.172304,12.992624,54.0,-17131.666,-15795.536
PF04/0040/I326,AQ,42.175816,12.990618,56.0,-16737.835,-15952.056
PF02/0041/I326,AQ,42.176656,12.993741,56.0,-16650.693,-15691.843
PF03/0041/I326,AQ,42.174504,13.001556,52.0,-16904.71,-15051.967
PF04/0041/I326,AQ,42.171423,13.001817,52.0,-17247.336,-15038.481
PF05/0041/I326,AQ,42.170447,13.004629,52.0,-17361.223,-14808.698
PF06/0041/I326,AQ,42.178779,12.994343,70.0,-16416.016,-15636.591
PF07/0041/I326,AQ,42.175327,12.996347,70.0,-16803.254,-15480.14
PF08/0041/I326,AQ,42.177974,13.002038,70.0,-16520.415,-15003.131
PF01/0042/I326,AQ,42.171981,12.943252,52.0,-17070.405,-19874.505
PF06/0042/I326,AQ,42.168594,12.946594,52.0,-17453.223,-19607.529
PF08/0042/I326,AQ,42.166483,12.947018,50.0,-17688.408,-19578.185
PF12/0042/I326,AQ,42.162722,12.947148,50.0,-18106.342,-19577.481
PF13/0042/I326,AQ,42.164843,12.950133,54.0,-17876.734,-19325.185
PF14/0042/I326,AQ,42.169216,12.940423,56.0,-17371.843,-20115.589
PF15/0042/I326,AQ,42.165975,12.943572,12.0,-17738.0,-19864.17
PF16/0042/I326,AQ,42.169848,12.95044,10.0,-17321.59,-19286.51
PF01/0043/I326,AQ,42.169987,12.952705,52.0,-17310.652,-19099.009
PF05/0043/I326,AQ,42.166043,12.959534,70.0,-17762.085,-18545.398
PF07/0043/I326,AQ,42.163446,12.958433,50.0,-18048.258,-18643.271
PF09/0043/I326,AQ,42.163336,12.955453,54.0,-18054.645,-18889.682
PF13/0043/I326,AQ,42.160311,12.953353,54.0,-18386.339,-19071.298
PF17/0043/I326,AQ,42.167726,12.957922,52.0,-17572.0,-18674.045
PF18/0043/I326,AQ,42.165451,12.9548,54.0,-17818.464,-18938.014
PF19/0043/I326,AQ,42.167037,12.952292,54.0,-17637.366,-19140.996
PF02/0044/I326,AQ,42.162807,12.976321,52.0,-18154.475,-17167.196
PF04/0044/I326,AQ,42.167817,12.973012,50.0,-17591.601,-17427.296
PF05/0044/I326,AQ,42.165729,12.962328,70.0,-17802.453,-18315.405
PF07/0044/I326,AQ,42.161989,12.965295,50.0,-18223.578,-18080.204
PF08/0044/I326,AQ,42.160996,12.97344,52.0,-18349.891,-17409.97
PF01/0045/I326,AQ,42.162215,12.984967,50.0,-18237.101,-16454.416
PF02/0045/I326,AQ,42.159935,12.984091,50.0,-18488.584,-16532.779
PF03/0045/I326,AQ,42.160548,12.98709,50.0,-18426.37,-16283.402
PF04/0045/I326,AQ,42.163467,12.994506,52.0,-18116.612,-15663.144
PF05/0045/I326,AQ,42.16555,12.996355,52.0,-17888.891,-15504.962
PF06/0045/I326,AQ,42.162218,12.996935,52.0,-18260.06,-15465.715
PF07/0045/I326,AQ,42.161758,12.993449,70.0,-18304.38,-15754.898
PF01/0046/I326,AQ,42.157316,12.968016,50.0,-18747.921,-17867.806
PF02/0046/I326,AQ,42.159604,12.967576,50.0,-18492.984,-17898.08
PF03/0046/I326,AQ,42.157797,12.964999,50.0,-18688.513,-18115.749
PF04/0046/I326,AQ,42.159535,12.962684,50.0,-18490.946,-18302.402
PF05/0046/I326,AQ,42.161466,12.960125,50.0,-18271.448,-18508.709
PF06/0046/I326,AQ,42.156196,12.956387,50.0,-18849.307,-18831.533
PF07/0046/I326,AQ,42.154781,12.96155,50.0,-19016.644,-18408.736
PF08/0046/I326,AQ,42.159331,12.959194,50.0,-18506.707,-18591.304
PF01/0047/I326,AQ,42.150701,12.956792,50.0,-19460.247,-18812.694
PF03/0047/I326,AQ,42.147894,12.96085,50.0,-19780.029,-18484.86
PF04/0047/I326,AQ,42.147784,12.955718,50.0,-19782.033,-18909.231
PF01/0008/I326A,AQ,42.161754,12.949739,50.0,-18218.975,-19365.978
PF02/0008/I326A,AQ,42.160351,12.945861,50.0,-18367.077,-19690.09
PF04/0008/I326A,AQ,42.161482,12.950451,8.0,-18250.55,-19307.87
PF13/0001/I336,AQ,42.366655,13.259048,20.0,3965.734,6652.306
PF11/0002/I336,AQ,42.369841,13.268262,21.0,4304.057,7418.276
PF08/0003/I336,AQ,42.358394,13.246633,21.0,3069.433,5611.064
PF03/0004/I336,AQ,42.358543,13.253864,70.0,3073.656,6206.92
PF09/0004/I336,AQ,42.355528,13.24993,21.0,2745.516,5876.093
PF21/0005/I336,AQ,42.366704,13.26312,21.0,3964.276,6987.716
PF04/0006/I336,AQ,42.355831,13.246029,12.0,2785.8,5555.5
PF05/0006/I336,AQ,42.35659,13.247913,21.0,2866.904,5712.347
PF22/0007/I336,AQ,42.354074,13.250748,70.0,2582.72,5940.096
PF23/0007/I336,AQ,42.353888,13.246977,21.0,2568.48,5629.106
PF02/0013/I360,AQ,42.42589,13.379933,21.0,10346.484,16732.104
PF05/0014/I360,AQ,42.416935,13.38792,12.0,9339.583,17370.285
PF06/0014/I360,AQ,42.42389,13.378826,21.0,10126.206,16636.796
PF07/0014/I360,AQ,42.42645,13.391475,20.0,10390.679,17682.85
PF06/0016/I360,AQ,42.420603,13.37413,21.0,9768.496,16243.422
PF07/0016/I360,AQ,42.423072,13.372585,12.0,10045.194,16121.577
PF29/0018/I360,AQ,42.416869,13.382827,21.0,9340.273,16951.14
PF30/0018/I360,AQ,42.419131,13.381627,12.0,9593.283,16857.139
PF04/0020/I360,AQ,42.4196,13.371567,21.0,9661.26,16030.487
PF01/0001/I389,AQ,41.946178,13.268864,8.0,-42740.17,6513.41
PF01/0002/I389,AQ,41.939407,13.308381,8.0,-43557.42,9774.3
PF01/0003/I389,AQ,41.925896,13.293968,8.0,-45033.93,8549.54
PF02/0003/I389,AQ,41.93482,13.27957,8.0,-44019.22,7375.58
PF03/0003/I389,AQ,41.92919,13.261508,50.0,-44614.127,5865.403
PF04/0003/I389,AQ,41.919297,13.288195,54.0,-45757.059,8056.221
PF05/0003/I389,AQ,41.924212,13.281475,54.0,-45200.25,7509.835
PF06/0003/I389,AQ,41.922502,13.283526,70.0,-45393.484,7676.181
PF07/0003/I389,AQ,41.925769,13.273938,50.0,-45014.827,6888.404
PF08/0003/I389,AQ,41.927917,13.264977,54.0,-44761.275,6150.131
PF09/0003/I389,AQ,41.921526,13.287172,70.0,-45507.961,7976.352
PF10/0003/I389,AQ,41.928325,13.293601,12.0,-44763.637,8524.447
PF01/0004/I389,AQ,41.926615,13.314733,8.0,-44988.15,10272.88
PF02/0004/I389,AQ,41.933638,13.304914,8.0,-44192.27,9474.2
PF01/0005/I389,AQ,41.914064,13.299909,6.0,-46357.5,9016.1
PF02/0005/I389,AQ,41.914019,13.297243,52.0,-46358.033,8794.909
PF01/0006/I389,AQ,41.924934,13.230597,8.0,-45034.18,3292.65
PF02/0006/I389,AQ,41.922996,13.227628,70.0,-45244.362,3041.992
PF03/0006/I389,AQ,41.925954,13.235725,70.0,-44929.753,3720.211
PF04/0006/I389,AQ,41.924579,13.233422,70.0,-45078.482,3526.108
PF01/0007/I389,AQ,41.924539,13.241188,54.0,-45096.093,4169.995
PF02/0007/I389,AQ,41.922585,13.244956,70.0,-45319.457,4477.939
PF03/0007/I389,AQ,41.925312,13.246345,70.0,-45019.045,4599.303
PF04/0007/I389,AQ,41.927076,13.242497,52.0,-44816.633,4284.273
PF05/0007/I389,AQ,41.925343,13.237805,52.0,-45001.103,3891.232
PF06/0007/I389,AQ,41.927847,13.238786,52.0,-44724.798,3978.313
PF01/0008/I389,AQ,41.928846,13.256817,54.0,-44644.4,5475.7
PF03/0008/I389,AQ,41.932326,13.258489,54.0,-44260.757,5622.143
PF04/0008/I389,AQ,41.930118,13.252148,50.0,-44495.232,5091.411
PF05/0008/I389,AQ,41.92687,13.262818,12.0,-44873.95,5968.79
PF06/0008/I389,AQ,41.927327,13.260191,50.0,-44818.704,5751.965
PF02/0009/I389,AQ,41.92195,13.253411,70.0,-45404.309,5177.614
PF03/0009/I389,AQ,41.921117,13.249294,70.0,-45489.814,4834.364
PF04/0009/I389,AQ,41.918042,13.262502,54.0,-45853.602,5922.683
PF05/0009/I389,AQ,41.920685,13.262231,54.0,-45559.631,5906.178
PF06/0009/I389,AQ,41.925302,13.250046,50.0,-45026.409,4906.204
PF07/0009/I389,AQ,41.919635,13.253614,70.0,-45661.681,5189.256
PF08/0009/I389,AQ,41.920742,13.256816,52.0,-45544.242,5457.272
PF10/0009/I389,AQ,41.924161,13.249194,70.0,-45151.668,4832.945
PF11/0009/I389,AQ,41.924111,13.25398,52.0,-45165.3,5229.754
PF01/0010/I389,AQ,41.920828,13.279171,70.0,-45572.171,7311.309
PF02/0010/I389,AQ,41.92221,13.276297,54.0,-45413.906,7076.052
PF03/0010/I389,AQ,41.918796,13.277719,50.0,-45795.369,7186.317
PF04/0010/I389,AQ,41.922169,13.270808,54.0,-45409.32,6620.806
PF06/0010/I389,AQ,41.922508,13.265932,12.0,-45363.5,6217.2
PF07/0010/I389,AQ,41.920125,13.265882,12.0,-45627.95,6207.7
PF01/0011/I389,AQ,41.918719,13.283427,8.0,-45813.35,7659.56
PF02/0011/I389,AQ,41.920971,13.285627,70.0,-45566.991,7846.947
PF03/0011/I389,AQ,41.920248,13.284618,70.0,-45645.586,7761.659
PF04/0011/I389,AQ,41.916695,13.283562,12.0,-46038.351,7666.185
PF01/0012/I389,AQ,41.914629,13.25933,52.0,-46227.186,5651.945
PF02/0012/I389,AQ,41.915659,13.256066,50.0,-46107.292,5383.597
PF05/0012/I389,AQ,41.914218,13.25272,52.0,-46261.699,5102.815
PF06/0012/I389,AQ,41.917667,13.257142,52.0,-45886.233,5477.379
PF07/0012/I389,AQ,41.914542,13.256013,52.0,-46231.29,5376.692
PF08/0012/I389,AQ,41.916947,13.252131,52.0,-45957.705,5060.185
PF01/0013/I389,AQ,41.917608,13.271773,8.0,-45917.36,6690.56
PF02/0013/I389,AQ,41.916333,13.264474,54.0,-46046.644,6082.389
PF03/0013/I389,AQ,41.915292,13.26841,52.0,-46168.808,6406.476
PF05/0013/I389,AQ,41.91037,13.2751,56.0,-46726.519,6950.333
PF06/0013/I389,AQ,41.912088,13.279191,54.0,-46542.556,7293.428
PF07/0013/I389,AQ,41.909049,13.279457,54.0,-46880.473,7308.708
PF08/0013/I389,AQ,41.909104,13.276083,9.0,-46868.725,7029.018
PF09/0013/I389,AQ,41.912487,13.275883,9.0,-46492.76,7019.99
PF10/0013/I389,AQ,41.914892,13.280011,54.0,-46232.599,7367.702
PF11/0013/I389,AQ,41.9131,13.282775,54.0,-46436.164,7592.979
PF12/0013/I389,AQ,41.912121,13.270676,56.0,-46524.734,6587.317
PF01/0014/I389,AQ,41.909587,13.28953,50.0,-46837.413,8145.41
PF04/0014/I389,AQ,41.906783,13.28717,52.0,-47144.921,7943.448
PF05/0014/I389,AQ,41.915633,13.288066,52.0,-46163.713,8037.37
PF06/0014/I389,AQ,41.912018,13.288569,52.0,-46565.899,8071.129
PF07/0014/I389,AQ,41.913417,13.287137,12.0,-46408.253,7955.41
PF01/0015/I389,AQ,41.910278,13.291256,8.0,-46763.56,8290.11
PF02/0015/I389,AQ,41.91236,13.29404,70.0,-46536.964,8525.633
PF03/0015/I389,AQ,41.911884,13.296877,54.0,-46594.573,8759.854
PF05/0015/I389,AQ,41.906573,13.302141,52.0,-47192.897,9184.733
PF06/0015/I389,AQ,41.907371,13.299417,52.0,-47099.805,8960.586
PF07/0015/I389,AQ,41.906775,13.304719,70.0,-47174.701,9399.033
PF01/0016/I389,AQ,41.912826,13.260804,52.0,-46429.91,5770.145
PF03/0016/I389,AQ,41.909311,13.262507,54.0,-46823.065,5903.463
PF04/0016/I389,AQ,41.910613,13.257842,52.0,-46670.589,5519.469
PF06/0016/I389,AQ,41.91148,13.264782,52.0,-46586.004,6097.054
PF04/0017/I389,AQ,41.909301,13.269142,70.0,-46835.224,6453.759
PF09/0017/I389,AQ,41.908128,13.272911,7.0,-46971.77,6763.73
PF17/0017/I389,AQ,41.906756,13.27044,54.0,-47119.999,6555.699
PF18/0017/I389,AQ,41.909395,13.267312,9.0,-46821.822,6302.231
PF19/0017/I389,AQ,41.906722,13.262943,54.0,-47111.227,5933.806
PF20/0017/I389,AQ,41.904557,13.268028,50.0,-47360.179,6350.739
PF21/0017/I389,AQ,41.906574,13.267635,50.0,-47135.505,6322.704
PF01/0018/I389,AQ,41.90017,13.281637,8.0,-47869.98,7469.83
PF05/0018/I389,AQ,41.904423,13.272942,54.0,-47383.229,6758.069
PF06/0018/I389,AQ,41.899015,13.279163,56.0,-47994.06,7262.037
PF07/0018/I389,AQ,41.899654,13.278621,9.0,-47922.257,7218.476
PF08/0018/I389,AQ,41.90414,13.280821,9.0,-47427.84,7410.918
PF09/0018/I389,AQ,41.903362,13.28589,9.0,-47522.574,7829.702
PF10/0018/I389,AQ,41.899747,13.290015,9.0,-47930.873,8163.836
PF11/0018/I389,AQ,41.902003,13.290263,56.0,-47680.744,8189.389
PF12/0018/I389,AQ,41.90117,13.286956,56.0,-47767.8,7913.268
PF13/0018/I389,AQ,41.901396,13.282541,56.0,-47735.317,7547.536
PF14/0018/I389,AQ,41.905344,13.276065,56.0,-47286.206,7019.136
PF15/0018/I389,AQ,41.901663,13.275531,56.0,-47694.083,6966.604
PF01/0019/I389,AQ,41.897231,13.293169,70.0,-48215.448,8419.91
PF02/0019/I389,AQ,41.898139,13.293418,9.0,-48114.997,8442.55
PF04/0019/I389,AQ,41.905863,13.29714,52.0,-47263.504,8768.401
PF05/0019/I389,AQ,41.908709,13.291698,70.0,-46938.524,8323.317
PF01/0021/I389,AQ,41.901545,13.272878,9.0,-47702.765,6746.277
PF02/0021/I389,AQ,41.900238,13.275222,9.0,-47851.773,6937.841
PF03/0021/I389,AQ,41.895083,13.273469,56.0,-48421.158,6780.917
PF04/0021/I389,AQ,41.894402,13.275529,56.0,-48500.287,6950.261
PF01/0022/I389,AQ,41.89491,13.292477,70.0,-48471.934,8357.358
PF02/0022/I389,AQ,41.892528,13.291637,68.0,-48735.027,8282.404
PF03/0022/I389,AQ,41.897766,13.289563,56.0,-48150.097,8121.955
PF04/0022/I389,AQ,41.898391,13.278474,9.0,-48062.281,7203.445
PF05/0022/I389,AQ,41.891891,13.288375,9.0,-48800.396,8010.37
PF06/0022/I389,AQ,41.89263,13.28479,9.0,-48712.374,7714.648
PF07/0022/I389,AQ,41.894679,13.287348,9.0,-48489.117,7931.387
PF08/0022/I389,AQ,41.898106,13.283355,9.0,-48101.99,7607.707
PF09/0022/I389,AQ,41.89584,13.290324,9.0,-48365.176,8180.839
PF10/0022/I389,AQ,41.896435,13.279344,9.0,-48280.921,7271.274
PF11/0022/I389,AQ,41.893858,13.280322,9.0,-48568.662,7346.637
PF12/0022/I389,AQ,41.89128,13.281412,9.0,-48856.689,7431.344
PF01/0023/I389,AQ,41.891516,13.278836,9.0,-48826.251,7218.148
PF02/0023/I389,AQ,41.891455,13.272433,56.0,-48822.251,6686.805
PF03/0023/I389,AQ,41.890643,13.275285,56.0,-48917.226,6921.592
PF01/0024/I389,AQ,41.887231,13.285365,8.0,-49312.87,7750.3
PF02/0024/I389,AQ,41.889331,13.283416,70.0,-49076.445,7593.308
PF11/0024/I389,AQ,41.888483,13.286542,70.0,-49175.775,7850.769
PF14/0024/I389,AQ,41.886178,13.283261,70.0,-49426.235,7573.389
PF15/0024/I389,AQ,41.884379,13.283392,50.0,-49626.278,7580.258
PF01/0025/I389,AQ,41.89431,13.298731,70.0,-48548.893,8874.904
PF04/0025/I389,AQ,41.890858,13.296171,68.0,-48927.95,8654.9
PF05/0025/I389,AQ,41.890363,13.293213,56.0,-48978.072,8408.419
PF15/0025/I389,AQ,41.88569,13.296549,56.0,-49502.408,8674.867
PF16/0025/I389,AQ,41.888633,13.292107,56.0,-49168.379,8312.842
PF18/0025/I389,AQ,41.886793,13.288827,56.0,-49367.203,8036.615
PF19/0025/I389,AQ,41.88627,13.287769,52.0,-49423.503,7947.664
PF22/0025/I389,AQ,41.889855,13.28939,70.0,-49028.156,8090.072
PF23/0025/I389,AQ,41.887849,13.297299,9.0,-49264.0,8741.849
PF24/0025/I389,AQ,41.886251,13.299331,9.0,-49444.728,8906.905
PF26/0025/I389,AQ,41.887194,13.302356,52.0,-49345.014,9159.989
PF27/0025/I389,AQ,41.889961,13.28607,70.0,-49010.864,7814.899
PF28/0025/I389,AQ,41.889798,13.299825,70.0,-49051.66,8955.717
PF29/0025/I389,AQ,41.886575,13.290055,12.0,-49393.504,8138.029
PF01/0026/I389,AQ,41.886778,13.269414,8.0,-49336.55,6425.83
PF02/0026/I389,AQ,41.874255,13.279934,8.0,-50744.62,7270.82
PF03/0026/I389,AQ,41.878844,13.276029,8.0,-50228.52,6956.98
PF04/0026/I389,AQ,41.876106,13.254262,7.0,-50496.0,5144.57
PF01/0027/I389,AQ,41.888201,13.279292,56.0,-49195.083,7248.599
PF02/0027/I389,AQ,41.883903,13.280398,54.0,-49674.096,7330.844
PF03/0027/I389,AQ,41.879571,13.28381,52.0,-50160.753,7604.296
PF01/0028/I389,AQ,41.883056,13.284783,50.0,-49775.482,7692.766
PF02/0028/I389,AQ,41.88338,13.288201,52.0,-49745.141,7977.1
PF03/0028/I389,AQ,41.885135,13.286311,52.0,-49547.188,7824.193
PF04/0028/I389,AQ,41.877071,13.29909,50.0,-50463.672,8866.709
PF05/0028/I389,AQ,41.882115,13.3012,9.0,-49907.059,9052.939
PF06/0028/I389,AQ,41.882991,13.300117,52.0,-49807.997,8964.94
PF07/0028/I389,AQ,41.881114,13.288367,52.0,-49997.007,7985.834
PF08/0028/I389,AQ,41.882154,13.296468,56.0,-49894.966,8660.351
PF09/0028/I389,AQ,41.884452,13.292078,56.0,-49632.5,8301.174
PF01/0029/I389,AQ,41.876981,13.288317,8.0,-50455.83,7972.57
PF04/0029/I389,AQ,41.878673,13.292388,12.0,-50274.655,8314.082
PF05/0029/I389,AQ,41.874895,13.29762,12.0,-50702.8,8739.9
PF06/0029/I389,AQ,41.876211,13.292464,12.0,-50548.2,8315.0
PF01/0031/I389,AQ,41.923546,13.224248,54.0,-45177.468,2763.029
PF02/0031/I389,AQ,41.921025,13.224842,54.0,-45458.418,2806.436
PF04/0032/I389,AQ,41.925672,13.227615,70.0,-44947.174,3047.087
PF05/0032/I389,AQ,41.925995,13.224509,54.0,-44906.008,2790.269
PF06/0032/I389,AQ,41.927761,13.232344,56.0,-44723.307,3443.97
PF07/0032/I389,AQ,41.928347,13.22799,54.0,-44650.802,3084.339
PF08/0032/I389,AQ,41.924093,13.220777,70.0,-45110.689,2476.433
PF01/0003/I501,AQ,42.033427,13.592952,6.0,-33544.52,33537.01
PF01/0004/I501,AQ,42.035725,13.606572,6.0,-33307.76,34668.65
PF01/0007/I501,AQ,42.016175,13.601673,70.0,-35471.953,34227.616
PF01/0008/I501,AQ,42.012894,13.624103,50.0,-35866.323,36078.979
PF02/0008/I501,AQ,42.010392,13.622722,50.0,-36142.357,35960.171
PF03/0008/I501,AQ,42.013845,13.621449,50.0,-35757.2,35860.938
PF04/0008/I501,AQ,42.008917,13.618009,70.0,-36299.76,35567.3
PF05/0008/I501,AQ,42.011693,13.616096,70.0,-35988.984,35413.821
PF06/0008/I501,AQ,42.010128,13.613349,70.0,-36159.091,35183.54
PF07/0008/I501,AQ,42.014451,13.612653,50.0,-35678.112,35133.685
PF08/0008/I501,AQ,42.009097,13.622208,70.0,-36285.417,35915.331
PF01/0009/I501,AQ,42.019234,13.624895,8.0,-35163.4,36155.9
PF01/0012/I501,AQ,42.006554,13.621667,6.0,-36567.02,35865.96
PF03/0012/I501,AQ,41.995026,13.624497,50.0,-37850.879,36079.741
PF04/0012/I501,AQ,41.99673,13.624109,70.0,-37661.106,36050.662
PF05/0012/I501,AQ,42.004787,13.617621,12.0,-36757.795,35527.763
PF01/0013/I501,AQ,42.010896,13.619796,70.0,-36082.423,35718.763
PF01/0014/I501,AQ,41.996885,13.627556,9.0,-37648.53,36336.4
PF02/0014/I501,AQ,41.99905,13.627045,50.0,-37407.448,36297.953
PF01/0015/I501,AQ,42.006795,13.645709,8.0,-36572.07,37857.35
PF03/0019/I501,AQ,41.994039,13.612365,70.0,-37944.146,35073.062
PF07/0019/I501,AQ,41.99096,13.609333,70.0,-38282.04,34816.379
PF09/0019/I501,AQ,41.999282,13.618115,52.0,-37369.789,35558.776
PF10/0019/I501,AQ,42.000386,13.615756,52.0,-37243.974,35365.386
PF14/0019/I501,AQ,41.998123,13.618003,56.0,-37498.322,35547.441
PF16/0019/I501,AQ,41.99334,13.608849,70.0,-38017.071,34780.622
PF17/0019/I501,AQ,42.00041,13.615874,12.0,-37241.5,35375.17
PF11/0020/I501,AQ,41.992477,13.621106,7.0,-38129.33,35794.29
PF21/0020/I501,AQ,41.987313,13.626475,70.0,-38709.852,36229.818
PF25/0020/I501,AQ,41.996021,13.614928,50.0,-37727.527,35288.919
PF26/0020/I501,AQ,41.989406,13.62327,70.0,-38473.173,35968.113
PF27/0020/I501,AQ,41.987575,13.622281,9.0,-38675.21,35882.91
PF28/0020/I501,AQ,41.996647,13.621148,70.0,-37666.379,35805.29
PF29/0020/I501,AQ,41.993532,13.617921,50.0,-38007.886,35532.428
PF01/0021/I501,AQ,41.986315,13.619132,9.0,-38810.88,35619.77
PF02/0021/I501,AQ,41.983825,13.616897,50.0,-39084.392,35430.176
PF03/0021/I501,AQ,41.990705,13.618491,12.0,-38322.56,35574.562
PF04/0022/I501,AQ,41.980904,13.632382,70.0,-39429.303,36707.811
PF06/0022/I501,AQ,41.978359,13.631157,70.0,-39710.27,36601.768
PF09/0022/I501,AQ,41.982532,13.621121,54.0,-39233.595,35777.798
PF33/0022/I501,AQ,41.980452,13.628003,9.0,-39473.73,36344.21
PF37/0022/I501,AQ,41.981966,13.624222,9.0,-39300.62,36033.67
PF39/0022/I501,AQ,41.984917,13.62358,9.0,-38972.03,35985.71
PF42/0022/I501,AQ,41.978043,13.633973,70.0,-39749.095,36834.554
PF43/0022/I501,AQ,41.980781,13.631199,70.0,-39441.367,36609.562
PF44/0022/I501,AQ,41.977627,13.630181,50.0,-39790.236,36519.645
PF45/0022/I501,AQ,41.982834,13.629846,70.0,-39211.605,36501.16
PF01/0023/I501,AQ,41.98998,13.628292,70.0,-38416.097,36385.125
PF02/0023/I501,AQ,41.992412,13.626785,9.0,-38144.13,36264.63
PF03/0023/I501,AQ,41.985809,13.631052,70.0,-38882.88,36606.306
PF01/0024/I501,AQ,41.999437,13.636956,8.0,-37377.56,37119.5
PF01/0026/I501,AQ,41.982854,13.633225,52.0,-39213.925,36781.101
PF01/0027/I501,AQ,41.988339,13.647767,6.0,-38624.02,37995.45
PF01/0028/I501,AQ,41.99367,13.659062,6.0,-38046.78,38940.33
PF01/0029/I501,AQ,41.981163,13.656364,8.0,-39431.96,38695.05
PF02/0029/I501,AQ,41.975607,13.659378,10.0,-40052.883,38935.098
PF01/0030/I501,AQ,41.984118,13.669975,8.0,-39121.49,39827.79
PF02/0030/I501,AQ,41.989467,13.68469,8.0,-38546.4,41055.95
PF01/0031/I501,AQ,41.970667,13.597828,6.0,-40519.66,33826.51
PF02/0031/I501,AQ,41.974872,13.582837,8.0,-40032.33,32592.12
PF03/0031/I501,AQ,41.970565,13.575908,8.0,-40501.05,32010.04
PF04/0031/I501,AQ,41.963177,13.584792,8.0,-41333.56,32732.6
PF05/0032/I501,AQ,41.975848,13.631164,70.0,-39989.067,36597.891
PF16/0032/I501,AQ,41.97774,13.607365,6.0,-39747.26,34629.55
PF17/0032/I501,AQ,41.97072,13.62608,8.0,-40551.72,36167.55
PF18/0032/I501,AQ,41.960039,13.612666,8.0,-41719.8,35036.84
PF19/0032/I501,AQ,41.965966,13.618066,52.0,-41068.949,35494.982
PF20/0032/I501,AQ,41.964025,13.614494,50.0,-41279.628,35195.53
PF21/0032/I501,AQ,41.963399,13.618691,52.0,-41354.785,35542.234
PF22/0032/I501,AQ,41.977603,13.623223,54.0,-39783.716,35943.158
PF23/0032/I501,AQ,41.964277,13.614648,52.0,-41251.84,35208.737
PF24/0032/I501,AQ,41.968256,13.616247,52.0,-40812.171,35348.387
PF01/0033/I501,AQ,41.960768,13.637093,70.0,-41671.368,37062.513
PF02/0033/I501,AQ,41.974356,13.634993,70.0,-40159.808,36912.529
PF03/0033/I501,AQ,41.965698,13.634563,54.0,-41120.618,36861.544
PF04/0033/I501,AQ,41.963425,13.637634,70.0,-41376.968,37112.052
PF05/0033/I501,AQ,41.970914,13.63418,50.0,-40540.88,36839.032
PF06/0033/I501,AQ,41.973324,13.631637,52.0,-40270.0,36632.624
PF07/0033/I501,AQ,41.961664,13.633783,70.0,-41567.493,36789.772
PF08/0033/I501,AQ,41.966009,13.636605,70.0,-41088.712,37031.329
PF09/0033/I501,AQ,41.971384,13.6291,10.0,-40482.0,36419.0
PF01/0034/I501,AQ,41.969164,13.648158,8.0,-40753.55,37994.17
PF02/0034/I501,AQ,41.976758,13.635965,8.0,-39894.37,36997.32
PF03/0034/I501,AQ,41.973205,13.660548,10.0,-40321.022,39027.883
PF01/0035/I501,AQ,41.968198,13.666867,8.0,-40885.18,39542.83
PF02/0035/I501,AQ,41.97526,13.663867,10.0,-40097.199,39306.402
PF02/0036/I501,AQ,41.96042,13.676004,50.0,-41760.551,40286.583
PF03/0036/I501,AQ,41.957686,13.679076,12.0,-42068.034,40536.43
PF01/0037/I501,AQ,41.972953,13.683373,7.0,-40378.4,40918.66
PF01/0039/I501,AQ,41.950968,13.592616,8.0,-42699.89,33358.7
PF02/0039/I501,AQ,41.933409,13.601788,8.0,-44661.9,34087.16
PF01/0040/I501,AQ,41.945714,13.620771,6.0,-43321.16,35682.95
PF02/0040/I501,AQ,41.958263,13.634618,70.0,-41946.145,36852.963
PF02/0041/I501,AQ,41.958432,13.63766,70.0,-41931.476,37105.382
PF03/0041/I501,AQ,41.955695,13.636601,70.0,-42233.984,37012.799
PF04/0041/I501,AQ,41.94744,13.636483,70.0,-43150.337,36988.432
PF05/0041/I501,AQ,41.949542,13.640912,52.0,-42922.834,37359.204
PF06/0041/I501,AQ,41.951768,13.639617,12.0,-42673.924,37255.8
PF07/0041/I501,AQ,41.954212,13.638848,12.0,-42401.583,37196.398
PF09/0041/I501,AQ,41.956657,13.639649,50.0,-42131.103,37267.074
PF10/0041/I501,AQ,41.944541,13.633395,70.0,-43468.199,36727.305
PF11/0041/I501,AQ,41.948288,13.633388,70.0,-43052.068,36733.369
PF12/0041/I501,AQ,41.951999,13.636014,12.0,-42643.543,36957.555
PF01/0042/I501,AQ,41.957517,13.656326,8.0,-42057.42,38650.73
PF02/0042/I501,AQ,41.952868,13.642402,12.0,-42555.439,37488.595
PF03/0042/I501,AQ,41.960353,13.640306,10.0,-41721.61,37328.01
PF01/0043/I501,AQ,42.320526,12.655246,377.0,38.6,-43210.209
PF01/0044/I501,AQ,41.947243,13.667559,8.0,-43212.74,39563.95
PF02/0044/I501,AQ,41.944891,13.669536,50.0,-43476.439,39723.746
PF01/0045/I501,AQ,41.95683,13.676111,50.0,-42159.304,40289.265
PF02/0045/I501,AQ,41.958602,13.674034,50.0,-41959.907,40120.198
PF03/0045/I501,AQ,41.961375,13.673263,50.0,-41650.931,40061.037
PF04/0045/I501,AQ,41.956648,13.672493,50.0,-42174.813,39989.143
PF05/0045/I501,AQ,41.95856,13.67086,50.0,-41960.462,39857.035
PF01/0046/I501,AQ,41.954978,13.681631,8.0,-42371.98,40743.62
PF01/0047/I501,AQ,41.945828,13.674691,50.0,-43379.001,40152.716
PF02/0047/I501,AQ,41.942214,13.672967,50.0,-43778.08,40003.55
PF01/0048/I501,AQ,41.960443,13.693928,8.0,-41780.77,41772.03
PF02/0048/I501,AQ,41.949758,13.703262,8.0,-42978.92,42527.59
PF03/0048/I501,AQ,41.933711,13.706237,6.0,-44764.35,42747.25
PF04/0048/I501,AQ,41.933318,13.691207,8.0,-44789.11,41500.55
PF05/0048/I501,AQ,41.943477,13.687243,8.0,-43656.07,41189.14
PF01/0049/I501,AQ,41.95532,13.710321,50.0,-42370.176,43121.964
PF01/0050/I501,AQ,41.938811,13.733254,8.0,-44231.62,44995.58
PF02/0050/I501,AQ,41.957833,13.711766,50.0,-42092.941,43245.927
PF03/0050/I501,AQ,41.954849,13.713899,50.0,-42426.951,43417.75
PF04/0050/I501,AQ,41.953409,13.711842,50.0,-42584.255,43244.844
PF01/0052/I501,AQ,41.930832,13.625594,8.0,-44979.99,36056.22
PF02/0052/I501,AQ,41.920212,13.61229,6.0,-46141.4,34934.14
PF01/0053/I501,AQ,41.943764,13.637726,6.0,-43560.17,37084.98
PF02/0053/I501,AQ,41.935737,13.637887,8.0,-44451.66,37084.14
PF03/0053/I501,AQ,41.943935,13.640983,52.0,-43545.471,37355.272
PF05/0053/I501,AQ,41.945334,13.63737,70.0,-43385.334,37058.226
PF01/0054/I501,AQ,41.944403,13.645044,52.0,-43498.853,37692.673
PF02/0054/I501,AQ,41.947079,13.642544,52.0,-43198.44,37490.128
PF04/0054/I501,AQ,41.941777,13.642973,70.0,-43787.645,37516.407
PF05/0054/I501,AQ,41.942962,13.645646,12.0,-43659.624,37740.042
PF01/0055/I501,AQ,41.938671,13.659219,8.0,-44153.77,38857.78
PF01/0056/I501,AQ,41.932476,13.65121,8.0,-44831.17,38182.96
PF01/0059/I501,AQ,41.912065,13.624747,8.0,-47062.61,35952.57
PF02/0059/I501,AQ,41.89871,13.641232,8.0,-48567.27,37296.26
PF01/0060/I501,AQ,41.914324,13.640299,8.0,-46832.35,37246.36
PF02/0060/I501,AQ,41.911879,13.653133,8.0,-47120.68,38306.47
PF01/0061/I501,AQ,41.920301,13.655356,6.0,-46188.46,38505.5
PF02/0061/I501,AQ,41.914863,13.67702,8.0,-46820.19,40292.67
PF03/0061/I501,AQ,41.930506,13.674002,8.0,-45079.35,40069.25
PF05/0061/I501,AQ,41.911099,13.679385,70.0,-47241.109,40482.379
PF06/0061/I501,AQ,41.912332,13.677108,70.0,-47101.316,40295.624
PF07/0061/I501,AQ,41.913994,13.674025,70.0,-46912.852,40042.771
PF08/0061/I501,AQ,41.909119,13.676393,70.0,-47457.158,40230.819
PF01/0062/I501,AQ,41.917082,13.699006,6.0,-46601.63,42119.72
PF02/0062/I501,AQ,41.907354,13.704415,8.0,-47688.54,42552.0
PF03/0062/I501,AQ,41.911986,13.681586,70.0,-47145.431,40666.404
PF04/0062/I501,AQ,41.916161,13.682723,52.0,-46683.37,40767.873
PF05/0062/I501,AQ,41.913327,13.684657,12.0,-47000.407,40923.418
PF06/0062/I501,AQ,41.915468,13.685591,52.0,-46763.912,41004.474
PF01/0063/I501,AQ,41.920326,13.716534,8.0,-46263.42,43578.75
PF02/0063/I501,AQ,41.907283,13.717284,8.0,-47712.48,43619.26
PF01/0064/I501,AQ,41.927217,13.730523,8.0,-45515.52,44750.09
PF03/0064/I501,AQ,41.927592,13.738971,52.0,-45484.213,45451.193
PF01/0065/I501,AQ,41.899541,13.614868,8.0,-48439.98,35110.79
PF02/0065/I501,AQ,41.888022,13.627781,8.0,-49736.21,36161.48
PF01/0001/I543,AQ,41.88018,13.787817,8.0,-50806.88,49426.82
PF01/0003/I543,AQ,41.857659,13.788937,8.0,-53308.75,49484.45
PF01/0004/I543,AQ,41.852462,13.806941,8.0,-53906.72,50970.86
PF02/0004/I543,AQ,41.840619,13.813232,8.0,-55228.85,51474.97
PF03/0004/I543,AQ,41.838589,13.810162,70.0,-55450.804,51216.91
PF01/0005/I543,AQ,41.846389,13.783462,8.0,-54553.65,49012.25
PF02/0008/I543,AQ,41.831459,13.789695,70.0,-56218.606,49506.36
PF03/0008/I543,AQ,41.830467,13.793602,70.0,-56333.332,49829.239
PF02/0009/I543,AQ,41.834968,13.795389,54.0,-55835.662,49984.718
PF03/0009/I543,AQ,41.83572,13.799212,54.0,-55756.641,50303.31
PF05/0009/I543,AQ,41.827197,13.790499,70.0,-56692.774,49566.457
PF06/0009/I543,AQ,41.829066,13.785899,70.0,-56479.925,49187.398
PF07/0010/I543,AQ,41.831866,13.78643,70.0,-56169.685,49235.919
PF14/0010/I543,AQ,41.828818,13.790186,8.0,-56512.42,49543.0
PF15/0010/I543,AQ,41.823708,13.789755,9.0,-57079.364,49499.218
PF17/0010/I543,AQ,41.832488,13.796653,54.0,-56112.487,50085.736
PF18/0010/I543,AQ,41.827971,13.78881,70.0,-56604.942,49427.463
PF19/0010/I543,AQ,41.828029,13.794743,70.0,-56605.331,49920.218
PF01/0012/I543,AQ,41.839284,13.813644,50.0,-55377.632,51507.106
PF02/0012/I543,AQ,41.841995,13.820019,12.0,-55083.925,52040.553
PF01/0013/I543,AQ,41.836357,13.815237,70.0,-55704.405,51634.877
PF04/0013/I543,AQ,41.838361,13.81719,52.0,-55484.159,51800.085
PF05/0013/I543,AQ,41.835224,13.818595,70.0,-55834.012,51911.964
PF01/0014/I543,AQ,41.833758,13.802743,8.0,-55978.58,50593.46
PF02/0014/I543,AQ,41.835632,13.811519,70.0,-55780.596,51325.029
PF03/0014/I543,AQ,41.835775,13.8084,50.0,-55761.118,51066.26
PF04/0014/I543,AQ,41.834725,13.806407,70.0,-55875.481,50899.159
PF01/0015/I543,AQ,41.829354,13.801239,70.0,-56465.863,50461.732
PF02/0015/I543,AQ,41.828562,13.797108,56.0,-56548.98,50117.46
PF02/0016/I543,AQ,41.831954,13.803347,70.0,-56179.545,50640.806
PF03/0016/I543,AQ,41.83286,13.812271,70.0,-56089.302,51383.197
PF04/0016/I543,AQ,41.833314,13.808905,70.0,-56034.952,51104.392
PF05/0016/I543,AQ,41.83037,13.808039,70.0,-56360.888,51027.995
PF06/0016/I543,AQ,41.833775,13.814665,70.0,-55990.396,51583.41
PF08/0016/I543,AQ,41.833042,13.817285,70.0,-56074.76,51799.868
PF02/0017/I543,AQ,41.839405,13.821007,70.0,-55372.571,52118.632
PF03/0017/I543,AQ,41.833673,13.828839,52.0,-56017.941,52760.219
PF04/0017/I543,AQ,41.836346,13.822531,70.0,-55713.927,52240.468
PF05/0017/I543,AQ,41.837174,13.825755,52.0,-55625.633,52509.474
PF06/0017/I543,AQ,41.841702,13.825212,56.0,-55122.29,52471.284
PF07/0017/I543,AQ,41.840403,13.831365,56.0,-55273.489,52980.139
PF01/0018/I543,AQ,41.836192,13.837505,50.0,-55747.965,53483.635
PF02/0018/I543,AQ,42.317589,12.49871,530.0,80.0,-56119.852
PF03/0018/I543,AQ,41.838742,13.838594,54.0,-55466.12,53577.888
PF04/0018/I543,AQ,41.834965,13.833143,50.0,-55879.369,53119.534
PF05/0018/I543,AQ,41.844268,13.830316,56.0,-54843.233,52898.873
PF01/0019/I543,AQ,41.833255,13.84042,9.0,-56077.33,53721.26
PF02/0019/I543,AQ,41.831898,13.839341,9.0,-56226.87,53629.58
PF03/0019/I543,AQ,41.834857,13.844686,8.0,-55904.24,54077.9
PF04/0019/I543,AQ,41.831483,13.845002,56.0,-56279.275,54099.086
PF05/0019/I543,AQ,41.829012,13.839415,54.0,-56547.368,53631.43
PF06/0019/I543,AQ,41.831955,13.835956,52.0,-56216.664,53348.592
PF07/0019/I543,AQ,41.824725,13.83782,54.0,-57021.534,53492.521
PF10/0019/I543,AQ,41.823551,13.844171,54.0,-57159.024,54018.249
PF11/0019/I543,AQ,41.824969,13.834522,50.0,-56990.76,53219.043
PF12/0019/I543,AQ,41.829147,13.833004,50.0,-56525.127,53099.225
PF13/0019/I543,AQ,41.826247,13.841691,54.0,-56856.881,53816.256
PF01/0020/I543,AQ,41.820975,13.821873,8.0,-57419.88,52162.48
PF02/0020/I543,AQ,41.815292,13.829085,8.0,-58059.04,52752.81
PF03/0020/I543,AQ,41.829069,13.825377,50.0,-56525.125,52465.776
PF04/0020/I543,AQ,41.830042,13.828463,52.0,-56420.637,52723.548
PF05/0020/I543,AQ,41.827077,13.826531,50.0,-56747.588,52558.594
PF06/0020/I543,AQ,41.826382,13.829716,50.0,-56828.4,52822.0
PF07/0020/I543,AQ,41.824258,13.826279,70.0,-57060.352,52533.402
PF01/0001/I546,AQ,42.462132,12.932913,3.0,15169.73,-19945.53
PF02/0001/I546,AQ,42.45932,12.959794,8.0,14803.94,-17742.86
PF03/0001/I546,AQ,42.453859,12.938669,8.0,14239.57,-19494.57
PF01/0002/I546,AQ,42.458266,12.983943,8.0,14639.5,-15759.93
PF02/0002/I546,AQ,42.448018,12.996321,8.0,13477.28,-14769.07
PF03/0002/I546,AQ,42.448167,12.966207,8.0,13552.85,-17245.21
PF04/0002/I546,AQ,42.446208,12.990752,52.0,13287.22,-15231.754
PF05/0002/I546,AQ,42.448978,12.970556,50.0,13634.259,-16885.372
PF01/0003/I546,AQ,42.449321,12.922215,7.0,13768.6,-20860.0
PF02/0003/I546,AQ,42.439987,12.905592,50.0,12765.758,-22252.636
PF03/0003/I546,AQ,42.439538,12.90608,12.0,12714.9,-22213.7
PF01/0004/I546,AQ,42.431902,12.917532,52.0,11843.742,-21292.593
PF02/0004/I546,AQ,42.433776,12.913195,52.0,12060.613,-21644.274
PF03/0004/I546,AQ,42.436401,12.914832,70.0,12348.739,-21502.451
PF04/0004/I546,AQ,42.433695,12.915956,52.0,12046.055,-21417.374
PF05/0004/I546,AQ,42.435837,12.910264,70.0,12295.445,-21879.67
PF07/0004/I546,AQ,42.437982,12.902317,50.0,12549.733,-22527.499
PF08/0004/I546,AQ,42.43986,12.899923,50.0,12763.169,-22719.253
PF09/0004/I546,AQ,42.436589,12.904931,70.0,12389.7,-22316.298
PF10/0004/I546,AQ,42.432043,12.906925,70.0,11880.875,-22164.75
PF11/0004/I546,AQ,42.43852,12.91343,12.0,12586.934,-21611.986
PF01/0005/I546,AQ,42.431418,12.920592,50.0,11783.772,-21042.226
PF02/0005/I546,AQ,42.429865,12.923459,50.0,11605.64,-20810.545
PF03/0005/I546,AQ,42.434333,12.919513,70.0,12109.708,-21123.005
PF04/0005/I546,AQ,42.435808,12.923145,52.0,12266.154,-20820.281
PF05/0005/I546,AQ,42.437727,12.921082,52.0,12483.477,-20984.742
PF06/0005/I546,AQ,42.438084,12.92062,70.0,12523.997,-21021.717
PF01/0006/I546,AQ,42.437127,12.932217,7.0,12394.38,-20070.42
PF02/0006/I546,AQ,42.434316,12.94721,8.0,12052.3,-18844.71
PF03/0006/I546,AQ,42.420969,12.945626,8.0,10573.39,-19010.89
PF04/0006/I546,AQ,42.43259,12.923366,50.0,11908.372,-20810.837
PF05/0006/I546,AQ,42.430276,12.928369,70.0,11641.331,-20405.568
PF06/0006/I546,AQ,42.434339,12.930836,12.0,12087.629,-20191.615
PF07/0006/I546,AQ,42.428295,12.933264,50.0,11411.613,-20008.174
PF08/0006/I546,AQ,42.418236,12.94976,52.0,10261.689,-18678.145
PF01/0007/I546,AQ,42.444476,12.949351,8.0,13176.3,-18641.37
PF02/0007/I546,AQ,42.445166,12.924298,50.0,13303.0,-20700.0
PF03/0007/I546,AQ,42.443214,12.921895,50.0,13091.068,-20902.928
PF04/0007/I546,AQ,42.44112,12.928717,50.0,12844.816,-20347.489
PF01/0009/I546,AQ,42.437848,12.978875,8.0,12381.98,-16230.71
PF02/0009/I546,AQ,42.447164,12.975912,54.0,13422.291,-16449.762
PF03/0009/I546,AQ,42.442672,12.983333,52.0,12908.937,-15851.278
PF04/0009/I546,AQ,42.445926,12.971425,50.0,13293.686,-16821.998
PF05/0009/I546,AQ,42.44604,12.982201,70.0,13285.227,-15935.476
PF06/0009/I546,AQ,42.439193,12.973842,52.0,12541.265,-16641.103
PF07/0009/I546,AQ,42.448448,12.978983,54.0,13558.91,-16193.776
PF08/0009/I546,AQ,42.438178,12.977543,70.0,12421.337,-16339.358
PF09/0009/I546,AQ,42.446648,12.977878,12.0,13361.178,-16289.431
PF10/0009/I546,AQ,42.442695,12.97943,70.0,12919.207,-16172.255
PF11/0009/I546,AQ,42.440554,12.974446,12.0,12691.194,-16587.809
PF02/0010/I546,AQ,42.437585,12.991961,70.0,12327.315,-15155.003
PF06/0010/I546,AQ,42.443157,12.988786,70.0,12952.238,-15401.477
PF08/0010/I546,AQ,42.44492,12.987298,70.0,13150.854,-15519.26
PF09/0010/I546,AQ,42.44463,12.983814,70.0,13125.452,-15806.511
PF11/0010/I546,AQ,42.442335,12.985969,70.0,12866.461,-15635.393
PF15/0010/I546,AQ,42.439759,12.993514,70.0,12565.716,-15021.591
PF17/0010/I546,AQ,42.436141,12.994219,70.0,12162.533,-14973.067
PF18/0010/I546,AQ,42.444639,12.993363,50.0,13107.852,-15021.164
PF19/0010/I546,AQ,42.44768,12.984923,54.0,13461.989,-15707.316
PF20/0010/I546,AQ,42.442343,12.991753,70.0,12856.068,-15159.604
PF21/0010/I546,AQ,42.443075,12.994528,70.0,12931.957,-14929.446
PF01/0011/I546,AQ,42.440257,13.001211,9.0,12606.056,-14387.143
PF02/0011/I546,AQ,42.441519,13.004257,9.0,12740.319,-14133.304
PF03/0011/I546,AQ,42.440068,13.005982,9.0,12575.832,-13995.271
PF06/0011/I546,AQ,42.436826,12.99556,70.0,12236.013,-14860.941
PF08/0011/I546,AQ,42.447261,12.995536,52.0,13394.744,-14835.6
PF11/0011/I546,AQ,42.436682,13.002799,52.0,12205.983,-14265.878
PF12/0011/I546,AQ,42.444847,12.998925,56.0,13120.198,-14563.145
PF13/0011/I546,AQ,42.443574,13.0006,70.0,12975.535,-14428.772
PF14/0011/I546,AQ,42.436597,12.999391,70.0,12203.113,-14546.42
PF15/0011/I546,AQ,42.441712,12.998261,70.0,12773.362,-14625.989
PF16/0011/I546,AQ,42.439463,12.996871,50.0,12526.293,-14746.233
PF17/0011/I546,AQ,42.434933,12.997553,70.0,12021.931,-14702.026
PF01/0012/I546,AQ,42.42867,12.977122,52.0,11366.25,-16399.206
PF02/0012/I546,AQ,42.437462,12.97051,52.0,12355.573,-16919.808
PF03/0012/I546,AQ,42.432091,12.970896,52.0,11758.4,-16902.3
PF04/0012/I546,AQ,42.426424,12.977473,52.0,11116.19,-16376.267
PF02/0013/I546,AQ,42.432199,12.977921,70.0,11756.585,-16324.109
PF03/0013/I546,AQ,42.434129,12.98107,70.0,11964.728,-16059.95
PF04/0013/I546,AQ,42.43524,12.977637,70.0,12094.867,-16339.426
PF05/0013/I546,AQ,42.436584,12.974443,52.0,12250.348,-16598.592
PF06/0013/I546,AQ,42.436504,12.980109,52.0,12230.37,-16132.766
PF07/0013/I546,AQ,42.430296,12.979894,70.0,11541.362,-16166.823
PF01/0014/I546,AQ,42.433904,12.990441,70.0,11921.435,-15289.689
PF02/0014/I546,AQ,42.431751,12.98476,70.0,11693.458,-15762.681
PF03/0014/I546,AQ,42.42836,12.984333,70.0,11317.771,-15806.807
PF04/0014/I546,AQ,42.429051,12.988612,70.0,11386.147,-15452.96
PF05/0014/I546,AQ,42.435031,12.984373,70.0,12058.439,-15785.876
PF06/0014/I546,AQ,42.437048,12.987537,70.0,12276.302,-15520.346
PF07/0014/I546,AQ,42.439602,12.98609,50.0,12562.647,-15632.58
PF08/0014/I546,AQ,42.434829,12.987376,70.0,12030.18,-15539.415
PF09/0014/I546,AQ,42.437476,12.983441,50.0,12331.752,-15856.134
PF10/0014/I546,AQ,42.431213,12.982342,70.0,11638.463,-15963.008
PF01/0015/I546,AQ,42.432886,13.000703,9.0,11788.54,-14448.26
PF03/0015/I546,AQ,42.433468,12.99331,8.0,11867.43,-15054.88
PF04/0015/I546,AQ,42.428614,13.009526,54.0,11297.052,-13733.623
PF05/0015/I546,AQ,42.431924,12.989792,70.0,11702.842,-15348.307
PF06/0015/I546,AQ,42.425233,13.006935,54.0,10926.611,-13955.558
PF08/0015/I546,AQ,42.430799,12.996573,70.0,11564.717,-14793.44
PF09/0015/I546,AQ,42.429529,12.992798,70.0,11431.093,-15107.356
PF12/0015/I546,AQ,42.427026,13.003309,70.0,11132.67,-14249.145
PF15/0015/I546,AQ,42.427894,12.997541,52.0,11240.298,-14721.417
PF16/0015/I546,AQ,42.425835,12.997712,52.0,11011.279,-14712.731
PF17/0015/I546,AQ,42.430156,13.000773,10.0,11485.254,-14449.618
PF01/0016/I546,AQ,42.433947,13.002105,70.0,11903.541,-14330.109
PF02/0016/I546,AQ,42.433475,13.000339,9.0,11854.62,-14476.65
PF04/0016/I546,AQ,42.433677,13.004518,9.0,11868.93,-14132.34
PF05/0016/I546,AQ,42.431129,13.005752,54.0,11583.568,-14037.536
PF06/0016/I546,AQ,42.434366,13.005883,9.0,11942.83,-14018.29
PF08/0016/I546,AQ,42.435902,13.006874,9.0,12111.492,-13932.736
PF09/0016/I546,AQ,42.436381,13.007611,8.0,12163.27,-13870.86
PF11/0016/I546,AQ,42.433455,13.012783,9.0,11828.3,-13453.09
PF14/0016/I546,AQ,42.432105,13.004508,9.0,11694.45,-14137.25
PF15/0016/I546,AQ,42.432036,13.010378,52.0,11675.365,-13654.581
PF16/0016/I546,AQ,42.437868,13.00665,52.0,12330.224,-13946.047
PF17/0016/I546,AQ,42.433307,13.008032,12.0,11821.06,-13844.26
PF18/0016/I546,AQ,42.434929,13.010238,12.0,11996.9,-13658.6
PF02/0017/I546,AQ,42.421769,13.011363,70.0,10533.445,-13600.299
PF03/0017/I546,AQ,42.425283,13.009642,54.0,10926.896,-13732.743
PF04/0017/I546,AQ,42.425279,13.013958,70.0,10918.183,-13377.661
PF09/0017/I546,AQ,42.432477,13.012034,9.0,11721.17,-13517.2
PF11/0017/I546,AQ,42.429015,13.01847,70.0,11324.41,-12996.742
PF14/0017/I546,AQ,42.431937,13.019423,9.0,11646.99,-12910.77
PF16/0017/I546,AQ,42.42668,13.017318,70.0,11067.276,-13097.577
PF19/0017/I546,AQ,42.428098,13.020637,9.0,11218.33,-12820.88
PF20/0017/I546,AQ,42.430859,13.023277,9.0,11519.91,-12596.53
PF21/0017/I546,AQ,42.432327,13.022293,9.0,11684.79,-12673.69
PF22/0017/I546,AQ,42.43236,13.02238,8.0,11688.26,-12666.44
PF23/0017/I546,AQ,42.427516,13.013113,70.0,11168.244,-13441.361
PF24/0017/I546,AQ,42.430763,13.023369,70.0,11509.019,-12589.219
PF25/0017/I546,AQ,42.430666,13.016515,52.0,11511.461,-13153.297
PF26/0017/I546,AQ,42.429758,13.020699,12.0,11402.6,-12811.5
PF27/0017/I546,AQ,42.422991,13.014281,12.0,10663.526,-13356.995
PF28/0017/I546,AQ,42.429884,13.013624,12.0,11430.2,-13393.2
PF01/0019/I546,AQ,42.425476,12.920685,7.0,11123.8,-21050.68
PF02/0019/I546,AQ,42.430383,12.914619,50.0,11680.94,-21536.384
PF03/0019/I546,AQ,42.42535,12.916927,12.0,11117.42,-21360.18
PF04/0019/I546,AQ,42.427164,12.915622,12.0,11321.42,-21462.595
PF05/0019/I546,AQ,42.425739,12.914507,12.0,11165.5,-21558.215
PF06/0019/I546,AQ,42.421013,12.91691,12.0,10635.8,-21373.4
PF07/0019/I546,AQ,42.428699,12.918093,12.0,11486.9,-21255.2
PF02/0020/I546,AQ,42.425804,12.930415,50.0,11140.62,-20249.309
PF03/0020/I546,AQ,42.427976,12.927018,70.0,11388.63,-20522.917
PF04/0020/I546,AQ,42.420948,12.933299,50.0,10595.589,-20025.15
PF06/0020/I546,AQ,42.429975,12.931116,50.0,11602.477,-20180.338
PF07/0020/I546,AQ,42.423756,12.933869,12.0,10906.3,-19970.7
PF08/0020/I546,AQ,42.423405,12.936398,12.0,10862.3,-19763.6
PF01/0021/I546,AQ,42.421872,12.948248,50.0,10668.424,-18792.784
PF01/0022/I546,AQ,42.426079,12.967136,6.0,11098.16,-17227.6
PF02/0022/I546,AQ,42.419948,12.976689,50.0,10398.583,-16457.91
PF03/0022/I546,AQ,42.416234,12.975137,50.0,9989.256,-16595.428
PF01/0023/I546,AQ,42.427146,12.98678,8.0,11178.21,-15608.64
PF02/0023/I546,AQ,42.422718,12.990092,52.0,10679.951,-15347.856
PF03/0023/I546,AQ,42.420318,12.991899,70.0,10409.983,-15205.452
PF04/0023/I546,AQ,42.421358,12.994699,70.0,10520.027,-14972.389
PF05/0023/I546,AQ,42.427252,12.98577,54.0,11191.883,-15691.498
PF06/0023/I546,AQ,42.42546,12.983737,54.0,10996.883,-15863.462
PF07/0023/I546,AQ,42.424488,12.994118,70.0,10868.671,-15011.989
PF08/0023/I546,AQ,42.426579,12.989061,54.0,11110.713,-15422.514
PF09/0023/I546,AQ,42.421876,12.980702,50.0,10604.838,-16122.581
PF10/0023/I546,AQ,42.423991,12.978258,50.0,10844.465,-16318.124
PF11/0023/I546,AQ,42.424192,12.981313,12.0,10860.872,-16066.262
PF03/0024/I546,AQ,42.41828,12.987035,52.0,10193.165,-15611.002
PF04/0024/I546,AQ,42.417587,12.982985,52.0,10124.038,-15946.068
PF05/0024/I546,AQ,42.418393,12.994518,70.0,10191.096,-14995.048
PF07/0024/I546,AQ,42.419717,12.979987,50.0,10366.47,-16187.16
PF08/0024/I546,AQ,42.415572,12.982235,52.0,9901.802,-16013.101
PF09/0024/I546,AQ,42.421954,12.983507,50.0,10607.981,-15891.629
PF10/0024/I546,AQ,42.420482,12.987815,50.0,10436.155,-15541.054
PF12/0024/I546,AQ,42.417606,12.991869,70.0,10108.871,-15215.046
PF13/0024/I546,AQ,42.41601,12.99554,70.0,9924.54,-14917.213
PF14/0024/I546,AQ,42.415527,12.978979,52.0,9903.21,-16281.132
PF03/0025/I546,AQ,42.419357,13.006174,70.0,10275.539,-14033.488
PF05/0025/I546,AQ,42.418437,13.001924,70.0,10181.62,-14385.59
PF06/0025/I546,AQ,42.420614,12.99945,50.0,10428.204,-14583.392
PF07/0025/I546,AQ,42.421187,12.996684,70.0,10497.171,-14809.529
PF09/0025/I546,AQ,42.422052,13.0034,70.0,10580.172,-14254.673
PF10/0025/I546,AQ,42.423128,13.006107,54.0,10694.459,-14029.199
PF11/0025/I546,AQ,42.424558,13.00331,54.0,10858.616,-14255.545
PF12/0025/I546,AQ,42.418132,12.999089,52.0,10153.294,-14619.653
PF13/0025/I546,AQ,42.420635,13.009199,70.0,10411.619,-13781.258
PF15/0025/I546,AQ,42.417141,12.999156,70.0,10043.039,-14616.747
PF16/0025/I546,AQ,42.418062,13.008836,50.0,10126.626,-13817.799
PF17/0025/I546,AQ,42.417937,13.004944,54.0,10120.262,-14138.421
PF18/0025/I546,AQ,42.423751,12.998931,70.0,10777.563,-14617.941
PF19/0025/I546,AQ,42.420284,13.005785,70.0,10379.209,-14063.036
PF01/0026/I546,AQ,42.414451,12.932522,8.0,9875.72,-20106.68
PF02/0026/I546,AQ,42.405268,12.918636,6.0,8883.97,-21274.27
PF05/0026/I546,AQ,42.418175,12.938261,12.0,10277.8,-19624.4
PF06/0026/I546,AQ,42.417366,12.933468,12.0,10197.5,-20021.0
PF01/0027/I546,AQ,42.418145,12.953,52.0,10245.151,-18411.811
PF02/0027/I546,AQ,42.418991,12.956657,52.0,10331.774,-18108.61
PF03/0027/I546,AQ,42.419741,12.952299,52.0,10423.672,-18465.174
PF05/0027/I546,AQ,42.416021,12.950987,52.0,10013.258,-18583.066
PF07/0027/I546,AQ,42.416457,12.948183,50.0,10067.267,-18812.656
PF10/0027/I546,AQ,42.415552,12.9463,50.0,9970.452,-18969.982
PF11/0027/I546,AQ,42.415465,12.95591,52.0,9941.783,-18179.543
PF01/0028/I546,AQ,42.407714,12.946886,8.0,9098.91,-18942.81
PF01/0029/I546,AQ,42.411424,12.964884,70.0,9475.297,-17451.874
PF03/0029/I546,AQ,42.40954,12.968965,70.0,9258.067,-17121.052
PF04/0029/I546,AQ,42.412896,12.961329,50.0,9645.695,-17740.499
PF05/0029/I546,AQ,42.412749,12.961321,70.0,9629.387,-17741.49
PF08/0029/I546,AQ,42.41278,12.958641,52.0,9638.201,-17961.981
PF09/0029/I546,AQ,42.414976,12.957247,70.0,9884.804,-18070.814
PF10/0029/I546,AQ,42.41318,12.953915,70.0,9691.937,-18349.773
PF11/0029/I546,AQ,42.413634,12.964127,12.0,9722.2,-17508.3
PF12/0029/I546,AQ,42.410966,12.960905,12.0,9432.26,-17780.47
PF01/0030/I546,AQ,42.406906,12.964547,50.0,8974.219,-17491.641
PF02/0030/I546,AQ,42.404151,12.968163,50.0,8661.163,-17201.349
PF03/0030/I546,AQ,42.407422,12.966684,50.0,9027.276,-17314.402
PF04/0030/I546,AQ,42.408753,12.964675,70.0,9179.063,-17476.188
PF01/0031/I546,AQ,42.413025,12.976828,8.0,9629.53,-16464.73
PF02/0031/I546,AQ,42.405606,12.9704,70.0,8818.376,-17013.364
PF03/0031/I546,AQ,42.408877,12.973719,70.0,9175.075,-16731.623
PF04/0031/I546,AQ,42.411917,12.977008,50.0,9506.135,-16452.919
PF05/0031/I546,AQ,42.409318,12.977977,50.0,9215.605,-16380.008
PF06/0031/I546,AQ,42.407171,12.976187,50.0,8980.79,-16533.037
PF07/0031/I546,AQ,42.407941,12.970475,50.0,9077.475,-17001.046
PF01/0032/I546,AQ,42.39995,12.959416,8.0,8211.91,-17932.45
PF02/0032/I546,AQ,42.40549,12.959136,12.0,8827.715,-17940.68
PF01/0002/I553,AQ,42.142264,13.066337,50.0,-20608.045,-9782.358
PF02/0002/I553,AQ,42.143668,13.06922,50.0,-20457.536,-9540.631
PF01/0003/I553,AQ,42.145524,13.075251,6.0,-20262.66,-9037.58
PF02/0003/I553,AQ,42.141788,13.081636,9.0,-20689.41,-8519.296
PF03/0003/I553,AQ,42.141118,13.07099,50.0,-20744.036,-9400.729
PF01/0004/I553,AQ,42.144032,13.085947,54.0,-20448.186,-8157.439
PF02/0004/I553,AQ,42.150245,13.089997,50.0,-19765.822,-7807.336
PF01/0005/I553,AQ,42.141163,13.089831,54.0,-20773.955,-7843.56
PF02/0005/I553,AQ,42.139876,13.09293,66.0,-20922.665,-7590.686
PF03/0005/I553,AQ,42.143618,13.098977,54.0,-20518.301,-7081.699
PF04/0005/I553,AQ,42.145242,13.092023,66.0,-20325.145,-7652.297
PF05/0005/I553,AQ,42.144682,13.096137,66.0,-20394.883,-7313.759
PF06/0005/I553,AQ,42.148423,13.096387,50.0,-19979.938,-7283.799
PF09/0005/I553,AQ,42.144232,13.089527,70.0,-20432.672,-7861.09
PF11/0005/I553,AQ,42.149113,13.092482,50.0,-19896.191,-7604.777
PF12/0005/I553,AQ,42.141328,13.096316,54.0,-20767.689,-7307.249
PF01/0006/I553,AQ,42.134804,13.061297,8.0,-21426.96,-10217.7
PF02/0006/I553,AQ,42.137692,13.061636,52.0,-21106.899,-10182.436
PF03/0006/I553,AQ,42.134778,13.061697,70.0,-21430.584,-10184.709
PF04/0006/I553,AQ,42.136189,13.057865,52.0,-21266.658,-10497.885
PF05/0006/I553,AQ,42.14274,13.06136,70.0,-20545.819,-10192.491
PF06/0006/I553,AQ,42.137209,13.064566,52.0,-21166.051,-9941.438
PF07/0006/I553,AQ,42.138805,13.059116,50.0,-20978.56,-10387.898
PF02/0007/I553,AQ,42.136522,13.072125,54.0,-21256.454,-9318.505
PF03/0007/I553,AQ,42.13967,13.064722,50.0,-20892.992,-9922.36
PF04/0007/I553,AQ,42.13677,13.07477,70.0,-21233.848,-9099.218
PF08/0007/I553,AQ,42.136822,13.078587,56.0,-21235.171,-8783.637
PF12/0007/I553,AQ,42.134339,13.075724,56.0,-21505.602,-9026.488
PF13/0007/I553,AQ,42.135799,13.071823,70.0,-21336.12,-9345.224
PF14/0007/I553,AQ,42.138837,13.072659,70.0,-21000.34,-9268.546
PF15/0007/I553,AQ,42.138778,13.07734,70.0,-21015.669,-8881.85
PF01/0008/I553,AQ,42.128643,13.053058,70.0,-22095.601,-10914.275
PF02/0008/I553,AQ,42.130589,13.048677,50.0,-21871.231,-11271.432
PF03/0008/I553,AQ,42.132392,13.051794,70.0,-21676.86,-11009.194
PF04/0008/I553,AQ,42.126135,13.055286,70.0,-22378.199,-10736.468
PF01/0009/I553,AQ,42.133879,13.072966,70.0,-21551.458,-9255.561
PF02/0009/I553,AQ,42.132818,13.064393,70.0,-21653.326,-9966.858
PF03/0009/I553,AQ,42.131893,13.060182,70.0,-21748.09,-10317.177
PF04/0009/I553,AQ,42.130353,13.064264,70.0,-21926.736,-9983.711
PF05/0009/I553,AQ,42.129236,13.057796,70.0,-22038.591,-10521.14
PF06/0009/I553,AQ,42.128999,13.061298,54.0,-22071.483,-10232.249
PF07/0009/I553,AQ,42.132736,13.069463,70.0,-21671.844,-9547.951
PF08/0009/I553,AQ,42.127512,13.063755,52.0,-22241.281,-10032.896
PF09/0009/I553,AQ,42.126293,13.060941,54.0,-22371.304,-10268.605
PF10/0009/I553,AQ,42.132816,13.064402,50.0,-21653.486,-9966.117
PF11/0009/I553,AQ,42.130976,13.056608,70.0,-21843.199,-10614.945
PF01/0010/I553,AQ,42.138706,13.07811,54.0,-21025.123,-8818.396
PF02/0010/I553,AQ,42.1387,13.080332,54.0,-21029.852,-8634.732
PF03/0010/I553,AQ,42.138177,13.079705,56.0,-21086.776,-8687.868
PF05/0010/I553,AQ,42.138191,13.08166,56.0,-21088.882,-8526.247
PF07/0010/I553,AQ,42.136263,13.081601,56.0,-21302.807,-8535.933
PF10/0010/I553,AQ,42.134655,13.082964,70.0,-21483.967,-8427.305
PF11/0010/I553,AQ,42.133816,13.081577,56.0,-21574.556,-8544.042
PF02/0011/I553,AQ,42.139461,13.085873,70.0,-20955.662,-8174.947
PF07/0011/I553,AQ,42.138403,13.083269,8.0,-21068.37,-8392.77
PF08/0011/I553,AQ,42.136717,13.085573,70.0,-21259.855,-8206.52
PF09/0011/I553,AQ,42.135995,13.084234,70.0,-21337.495,-8319.041
PF03/0012/I553,AQ,42.142197,13.120813,56.0,-20715.989,-5280.677
PF04/0012/I553,AQ,42.146755,13.121499,54.0,-20211.144,-5212.882
PF05/0012/I553,AQ,42.14498,13.1051,9.0,-20378.268,-6572.331
PF06/0012/I553,AQ,42.142933,13.10914,9.0,-20612.987,-6243.526
PF07/0012/I553,AQ,42.145245,13.117105,9.0,-20370.853,-5579.638
PF08/0012/I553,AQ,42.143521,13.113322,70.0,-20555.391,-5896.501
PF09/0012/I553,AQ,42.13989,13.115322,54.0,-20962.182,-5740.119
PF10/0012/I553,AQ,42.141051,13.117589,12.0,-20837.446,-5549.949
PF01/0013/I553,AQ,42.143374,13.12369,54.0,-20590.575,-5040.066
PF02/0013/I553,AQ,42.145004,13.126482,56.0,-20414.625,-4805.416
PF03/0013/I553,AQ,42.147089,13.124886,56.0,-20180.264,-4932.169
PF04/0013/I553,AQ,42.14737,13.127836,52.0,-20154.415,-4687.757
PF05/0013/I553,AQ,42.140222,13.129369,68.0,-20950.815,-4578.482
PF06/0013/I553,AQ,42.149898,13.129208,52.0,-19876.176,-4568.206
PF07/0013/I553,AQ,42.139516,13.126074,9.0,-21023.337,-4852.498
PF08/0013/I553,AQ,42.146209,13.132314,52.0,-20291.43,-4320.492
PF09/0013/I553,AQ,42.14163,13.124836,56.0,-20786.292,-4949.597
PF10/0013/I553,AQ,42.143764,13.129361,54.0,-20557.587,-4570.462
PF01/0014/I553,AQ,42.132054,13.073826,56.0,-21755.727,-9189.108
PF03/0014/I553,AQ,42.133571,13.07876,70.0,-21596.487,-8777.508
PF04/0014/I553,AQ,42.134571,13.080692,56.0,-21489.055,-8615.328
PF11/0014/I553,AQ,42.128446,13.077733,54.0,-22163.664,-8875.191
PF16/0014/I553,AQ,42.126363,13.07504,54.0,-22389.981,-9103.014
PF18/0014/I553,AQ,42.125653,13.078388,54.0,-22474.982,-8828.062
PF19/0014/I553,AQ,42.130074,13.083032,54.0,-21992.675,-8433.137
PF20/0014/I553,AQ,42.12702,13.084593,56.0,-22334.701,-8311.699
PF21/0014/I553,AQ,42.127363,13.081192,54.0,-22290.31,-8591.968
PF23/0014/I553,AQ,42.12937,13.074273,54.0,-22054.615,-9158.843
PF24/0014/I553,AQ,42.131175,13.077439,54.0,-21860.098,-8892.687
PF01/0015/I553,AQ,42.13127,13.085383,70.0,-21864.339,-8235.856
PF02/0015/I553,AQ,42.135608,13.090188,52.0,-21391.521,-7827.942
PF03/0015/I553,AQ,42.135829,13.085624,52.0,-21358.524,-8204.555
PF04/0015/I553,AQ,42.132307,13.082427,72.0,-21743.673,-8477.562
PF05/0015/I553,AQ,42.133236,13.09137,70.0,-21657.054,-7736.077
PF07/0015/I553,AQ,42.137776,13.089007,54.0,-21148.542,-7920.157
PF08/0015/I553,AQ,42.129838,13.09207,70.0,-22035.637,-7686.691
PF09/0015/I553,AQ,42.133671,13.084821,72.0,-21596.642,-8276.272
PF10/0015/I553,AQ,42.129432,13.087864,70.0,-22073.01,-8035.37
PF11/0015/I553,AQ,42.135962,13.085902,70.0,-21344.211,-8181.213
PF12/0015/I553,AQ,42.139758,13.093029,54.0,-20935.905,-7582.763
PF13/0015/I553,AQ,42.133045,13.088067,70.0,-21672.207,-8009.59
PF14/0015/I553,AQ,42.137647,13.093796,12.0,-21171.75,-7524.67
PF01/0016/I553,AQ,42.140517,13.101044,54.0,-20866.468,-6918.538
PF02/0016/I553,AQ,42.131386,13.106717,50.0,-21890.748,-6472.175
PF05/0016/I553,AQ,42.137049,13.101915,54.0,-21253.068,-6855.172
PF06/0016/I553,AQ,42.135074,13.103806,50.0,-21475.831,-6703.721
PF07/0016/I553,AQ,42.138957,13.104664,50.0,-21046.329,-6623.251
PF08/0016/I553,AQ,42.131411,13.096412,12.0,-21869.036,-7323.867
PF01/0017/I553,AQ,42.141549,13.106708,9.0,-20762.232,-6447.908
PF02/0017/I553,AQ,42.139841,13.11196,56.0,-20961.478,-6018.09
PF04/0017/I553,AQ,42.131779,13.110602,50.0,-21854.258,-6150.131
PF05/0017/I553,AQ,42.136333,13.112692,54.0,-21352.381,-5966.192
PF06/0017/I553,AQ,42.137824,13.108805,54.0,-21179.685,-6283.761
PF07/0017/I553,AQ,42.133971,13.113104,52.0,-21615.344,-5937.958
PF08/0017/I553,AQ,42.132529,13.115369,52.0,-21779.683,-5754.33
PF09/0017/I553,AQ,42.1407,13.1121,70.0,-20866.399,-6004.422
PF10/0017/I553,AQ,42.135454,13.10745,50.0,-21440.358,-6401.615
PF01/0018/I553,AQ,42.139289,13.118537,54.0,-21034.739,-5475.95
PF02/0018/I553,AQ,42.138599,13.121045,54.0,-21115.924,-5270.351
PF06/0018/I553,AQ,42.140539,13.122832,56.0,-20903.842,-5117.935
PF10/0018/I553,AQ,42.13755,13.123952,8.0,-21237.75,-5032.62
PF12/0018/I553,AQ,42.137624,13.120328,56.0,-21222.965,-5331.943
PF01/0019/I553,AQ,42.131671,13.118334,52.0,-21880.348,-5511.323
PF03/0019/I553,AQ,42.131086,13.122417,54.0,-21952.685,-5175.302
PF04/0019/I553,AQ,42.130812,13.124459,50.0,-21986.836,-5007.217
PF06/0019/I553,AQ,42.130669,13.128153,9.0,-22009.38,-4702.23
PF08/0019/I553,AQ,42.129707,13.132626,56.0,-22124.361,-4334.857
PF12/0019/I553,AQ,42.135149,13.122751,56.0,-21502.122,-5137.731
PF17/0019/I553,AQ,42.132776,13.137236,9.0,-21791.86,-3946.33
PF18/0019/I553,AQ,42.13442,13.130804,9.0,-21597.75,-4473.94
PF19/0019/I553,AQ,42.132153,13.132041,68.0,-21851.646,-4377.274
PF20/0019/I553,AQ,42.136038,13.125282,56.0,-21408.025,-4926.411
PF21/0019/I553,AQ,42.136448,13.128226,68.0,-21367.877,-4682.063
PF22/0019/I553,AQ,42.134335,13.127721,54.0,-21601.606,-4729.013
PF23/0019/I553,AQ,42.134033,13.116054,56.0,-21613.913,-5693.993
PF24/0019/I553,AQ,42.134375,13.135991,9.0,-21612.037,-4045.376
PF25/0019/I553,AQ,42.133899,13.119841,54.0,-21635.658,-5381.32
PF26/0019/I553,AQ,42.136635,13.116427,12.0,-21325.62,-5656.81
PF02/0020/I553,AQ,42.120257,13.059084,50.0,-23038.089,-10437.292
PF04/0020/I553,AQ,42.117557,13.057295,50.0,-23334.508,-10592.041
PF06/0020/I553,AQ,42.120676,13.06386,54.0,-23000.492,-10041.48
PF07/0020/I553,AQ,42.12328,13.060063,54.0,-22704.25,-10348.785
PF08/0020/I553,AQ,42.123369,13.06418,12.0,-22702.07,-10008.24
PF01/0021/I553,AQ,42.126507,13.072995,54.0,-22370.119,-9271.656
PF02/0021/I553,AQ,42.124278,13.070795,54.0,-22613.515,-9459.136
PF03/0021/I553,AQ,42.126952,13.067461,70.0,-22310.374,-9727.994
PF04/0021/I553,AQ,42.121016,13.06913,8.0,-22972.65,-9604.94
PF07/0021/I553,AQ,42.128452,13.070422,54.0,-22149.379,-9479.474
PF08/0021/I553,AQ,42.130664,13.071306,52.0,-21905.403,-9400.876
PF09/0021/I553,AQ,42.120461,13.072578,70.0,-23040.656,-9321.302
PF10/0021/I553,AQ,42.118122,13.067286,12.0,-23290.486,-9764.659
PF01/0022/I553,AQ,42.124917,13.086368,8.0,-22571.53,-8170.21
PF02/0022/I553,AQ,42.122525,13.078508,50.0,-22822.541,-8825.914
PF03/0022/I553,AQ,42.123065,13.088152,52.0,-22780.521,-8027.378
PF04/0022/I553,AQ,42.122435,13.08519,50.0,-22845.018,-8273.768
PF05/0022/I553,AQ,42.124093,13.075348,70.0,-22642.601,-9083.23
PF06/0022/I553,AQ,42.121617,13.075245,50.0,-22917.356,-9097.9
PF07/0022/I553,AQ,42.11758,13.07432,50.0,-23363.879,-9184.537
PF08/0022/I553,AQ,42.119744,13.081452,50.0,-23136.859,-8589.521
PF09/0022/I553,AQ,42.12386,13.082882,54.0,-22682.498,-8461.03
PF10/0022/I553,AQ,42.117294,13.081867,70.0,-23409.708,-8561.321
PF11/0022/I553,AQ,42.118476,13.08642,50.0,-23286.835,-8181.989
PF01/0023/I553,AQ,42.129555,13.101947,8.0,-22085.26,-6870.98
PF02/0023/I553,AQ,42.126438,13.102982,50.0,-22433.36,-6793.13
PF04/0023/I553,AQ,42.127573,13.09553,52.0,-22293.576,-7406.316
PF05/0023/I553,AQ,42.126658,13.092374,70.0,-22389.309,-7669.47
PF02/0024/I553,AQ,42.12389,13.107109,52.0,-22723.808,-6458.243
PF03/0024/I553,AQ,42.124108,13.110274,52.0,-22705.358,-6196.082
PF04/0024/I553,AQ,42.122277,13.110055,52.0,-22908.291,-6218.731
PF05/0024/I553,AQ,42.129758,13.103232,50.0,-22065.113,-6764.313
PF06/0024/I553,AQ,42.131196,13.112283,52.0,-21922.047,-6012.653
PF07/0024/I553,AQ,42.129274,13.111054,54.0,-22133.191,-6118.945
PF08/0024/I553,AQ,42.127779,13.105874,12.0,-22289.7,-6550.765
PF01/0025/I553,AQ,42.125336,13.12913,9.0,-22603.34,-4634.4
PF03/0025/I553,AQ,42.128462,13.128805,56.0,-22255.682,-4653.721
PF04/0025/I553,AQ,42.12791,13.124607,50.0,-22309.317,-5002.009
PF05/0025/I553,AQ,42.122219,13.13297,56.0,-22956.409,-4324.606
PF06/0025/I553,AQ,42.127948,13.133152,54.0,-22320.661,-4295.624
PF07/0025/I553,AQ,42.125568,13.132372,54.0,-22583.418,-4365.86
PF08/0025/I553,AQ,42.124371,13.12599,50.0,-22704.831,-4896.362
PF01/0026/I553,AQ,42.130493,13.135084,52.0,-22041.475,-4129.734
PF03/0026/I553,AQ,42.128193,13.138316,8.0,-22302.7,-3868.15
PF04/0026/I553,AQ,42.127591,13.140045,68.0,-22372.731,-3726.707
PF05/0026/I553,AQ,42.126575,13.141703,56.0,-22488.481,-3592.12
PF06/0026/I553,AQ,42.125563,13.143353,56.0,-22603.792,-3458.175
PF07/0026/I553,AQ,42.124549,13.145031,70.0,-22719.484,-3321.9
PF08/0026/I553,AQ,42.123528,13.146671,56.0,-22835.722,-3188.867
PF09/0026/I553,AQ,42.122531,13.148291,56.0,-22949.362,-3057.305
PF11/0026/I553,AQ,42.125987,13.143848,56.0,-22557.688,-3416.25
PF12/0026/I553,AQ,42.12747,13.143545,56.0,-22392.422,-3437.727
PF13/0026/I553,AQ,42.124043,13.142807,9.0,-22771.57,-3506.97
PF14/0026/I553,AQ,42.125228,13.141474,9.0,-22637.59,-3614.36
PF15/0026/I553,AQ,42.128356,13.138548,9.0,-22285.095,-3848.584
PF16/0026/I553,AQ,42.129154,13.13699,9.0,-22193.601,-3975.436
PF17/0026/I553,AQ,42.125417,13.148936,70.0,-22630.079,-2997.033
PF01/0027/I553,AQ,42.107336,13.075612,8.0,-24503.74,-9103.33
PF02/0027/I553,AQ,42.114023,13.064667,52.0,-23740.771,-9991.459
PF03/0027/I553,AQ,42.108856,13.070605,70.0,-24325.681,-9513.531
PF01/0028/I553,AQ,42.1153,13.093383,8.0,-23652.35,-7614.18
PF02/0028/I553,AQ,42.112912,13.090214,70.0,-23911.717,-7882.144
PF03/0028/I553,AQ,42.111516,13.096098,52.0,-24077.548,-7399.135
PF04/0028/I553,AQ,42.114412,13.098873,12.0,-23761.09,-7162.52
PF01/0029/I553,AQ,42.117025,13.103543,50.0,-23479.586,-6770.002
PF02/0029/I553,AQ,42.11429,13.107688,50.0,-23790.839,-6434.047
PF03/0029/I553,AQ,42.117695,13.09851,12.0,-23395.85,-7184.37
PF04/0029/I553,AQ,42.116875,13.103409,12.0,-23495.93,-6781.4
PF01/0030/I553,AQ,42.11252,13.133283,12.0,-24034.009,-4322.26
PF03/0030/I553,AQ,42.112204,13.137296,12.0,-24076.266,-3991.272
PF01/0031/I553,AQ,42.12048,13.146367,9.0,-23173.67,-3221.35
PF02/0031/I553,AQ,42.122485,13.144203,9.0,-22947.18,-3395.39
PF04/0031/I553,AQ,42.122262,13.140364,9.0,-22964.98,-3713.25
PF05/0031/I553,AQ,42.120141,13.142115,54.0,-23203.696,-3573.618
PF06/0031/I553,AQ,42.123977,13.137768,56.0,-22769.915,-3923.668
PF07/0031/I553,AQ,42.12604,13.135581,54.0,-22536.816,-4099.497
PF08/0031/I553,AQ,42.126536,13.13958,54.0,-22489.049,-3767.685
PF01/0032/I553,AQ,42.114503,13.086584,52.0,-23728.327,-8178.256
PF03/0032/I553,AQ,42.106643,13.083433,12.0,-24595.28,-8458.371
PF04/0032/I553,AQ,42.104752,13.084246,12.0,-24806.735,-8395.891
PF05/0032/I553,AQ,42.114818,13.083209,12.0,-23687.132,-8456.526
PF02/0033/I553,AQ,42.1052,13.091552,12.0,-24770.55,-7790.65
PF03/0033/I553,AQ,42.10882,13.087263,12.0,-24360.604,-8136.287
PF01/0034/I553,AQ,42.107764,13.095214,50.0,-24492.537,-7481.45
PF02/0034/I553,AQ,42.104672,13.095322,52.0,-24836.102,-7480.189
PF05/0034/I553,AQ,42.11102,13.092772,52.0,-24126.564,-7675.325
PF01/0001/I558,AQ,42.247851,13.357295,54.0,-9387.501,14487.831
PF02/0001/I558,AQ,42.245145,13.362921,54.0,-9696.919,14946.189
PF01/0003/I558,AQ,42.239413,13.341431,8.0,-10299.1,13160.76
PF01/0004/I558,AQ,42.230001,13.365748,8.0,-11382.91,15147.18
PF02/0004/I558,AQ,42.242639,13.357857,54.0,-9967.105,14523.064
PF01/0005/I558,AQ,42.2346,13.400018,8.0,-10925.98,17984.86
PF02/0005/I558,AQ,42.242622,13.381447,7.0,-10006.21,16469.36
PF03/0005/I558,AQ,42.236658,13.377398,50.0,-10662.15,16122.662
PF04/0005/I558,AQ,42.238452,13.374455,50.0,-10458.305,15883.597
PF05/0005/I558,AQ,42.236149,13.37459,50.0,-10714.219,15889.855
PF01/0006/I558,AQ,42.22647,13.406267,8.0,-11838.32,18483.6
PF01/0008/I558,AQ,42.225981,13.413453,56.0,-11903.682,19075.679
PF02/0008/I558,AQ,42.369801,13.225573,70.0,4372.102,3903.073
PF01/0009/I558,AQ,42.231069,13.415278,56.0,-11341.606,19236.76
PF02/0009/I558,AQ,42.234102,13.414148,54.0,-11003.031,19149.774
PF01/0010/I558,AQ,42.244356,13.423281,8.0,-9878.43,19924.53
PF02/0011/I558,AQ,42.22925,13.421653,70.0,-11553.284,19759.077
PF12/0011/I558,AQ,42.232634,13.418462,8.0,-11172.71,19502.78
PF13/0011/I558,AQ,42.231953,13.422435,70.0,-11254.326,19829.187
PF01/0012/I558,AQ,42.228086,13.416766,70.0,-11675.09,19353.45
PF05/0012/I558,AQ,42.225357,13.425224,70.0,-11991.061,20045.831
PF06/0012/I558,AQ,42.215731,13.418554,8.0,-13049.67,19475.48
PF10/0012/I558,AQ,42.221124,13.420807,52.0,-12454.313,19672.612
PF11/0012/I558,AQ,42.222753,13.418147,56.0,-12269.403,19456.354
PF13/0012/I558,AQ,42.21763,13.412964,50.0,-12830.232,19018.002
PF14/0012/I558,AQ,42.219684,13.423668,52.0,-12618.585,19905.715
PF15/0012/I558,AQ,42.364783,13.225507,70.0,3814.995,3886.032
PF17/0012/I558,AQ,42.222673,13.424226,12.0,-12287.5,19957.9
PF18/0012/I558,AQ,42.366518,13.223044,70.0,4011.846,3687.276
PF01/0013/I558,AQ,42.225252,13.435413,70.0,-12018.236,20886.473
PF02/0013/I558,AQ,42.220081,13.431786,70.0,-12586.885,20576.567
PF02/0014/I558,AQ,42.231519,13.427902,52.0,-11310.886,20279.468
PF03/0014/I558,AQ,42.229006,13.427768,54.0,-11589.692,20263.24
PF04/0014/I558,AQ,42.227894,13.436682,52.0,-11726.788,20996.622
PF05/0014/I558,AQ,42.227365,13.43223,12.0,-11778.736,20628.077
PF01/0015/I558,AQ,42.24307,13.437663,50.0,-10043.047,21108.482
PF02/0015/I558,AQ,42.240367,13.440732,50.0,-10347.833,21356.168
PF01/0016/I558,AQ,42.230883,13.44075,52.0,-11400.981,21338.382
PF01/0017/I558,AQ,42.242821,13.442196,50.0,-10077.611,21481.942
PF01/0018/I558,AQ,42.231631,13.449245,8.0,-11330.77,22040.89
PF02/0018/I558,AQ,42.232569,13.445325,10.0,-11220.736,21719.357
PF02/0019/I558,AQ,42.227097,13.44843,50.0,-11832.96,21964.506
PF03/0019/I558,AQ,42.224471,13.447895,50.0,-12123.788,21915.019
PF04/0019/I558,AQ,42.228502,13.441867,52.0,-11667.061,21425.727
PF01/0001/I804,AQ,42.182656,13.702726,8.0,-17118.42,42875.59
PF02/0001/I804,AQ,42.207433,13.699835,8.0,-14363.57,42678.82
PF03/0001/I804,AQ,42.200282,13.706506,6.0,-15165.91,43217.44
PF01/0002/I804,AQ,42.18298,13.666679,8.0,-17036.45,39899.25
PF01/0006/I804,AQ,42.174972,13.666361,52.0,-17925.265,39859.091
PF04/0006/I804,AQ,42.169154,13.671332,54.0,-18577.633,40259.576
PF07/0006/I804,AQ,42.171518,13.669323,54.0,-18312.625,40097.768
PF09/0006/I804,AQ,42.173157,13.666684,52.0,-18127.174,39882.64
PF10/0006/I804,AQ,42.171409,13.669031,52.0,-18324.366,40073.472
PF01/0007/I804,AQ,42.172959,13.672514,52.0,-18156.657,40363.846
PF02/0007/I804,AQ,42.172915,13.676005,52.0,-18166.086,40652.113
PF01/0008/I804,AQ,42.170336,13.677588,8.0,-18454.48,40778.38
PF02/0008/I804,AQ,42.180194,13.686982,8.0,-17371.87,41571.18
PF03/0008/I804,AQ,42.170503,13.675837,52.0,-18433.648,40634.088
PF01/0009/I804,AQ,42.156856,13.646817,52.0,-19911.345,38212.938
PF03/0009/I804,AQ,42.151835,13.643069,54.0,-20463.988,37894.413
PF08/0009/I804,AQ,42.154837,13.647276,70.0,-20136.136,38247.313
PF22/0009/I804,AQ,42.158087,13.642615,68.0,-19769.165,37868.007
PF25/0009/I804,AQ,42.157812,13.637866,70.0,-19793.513,37475.158
PF28/0009/I804,AQ,42.153808,13.64063,70.0,-20241.736,37696.444
PF33/0009/I804,AQ,42.162399,13.642548,8.0,-19290.3,37870.05
PF34/0009/I804,AQ,42.162645,13.639399,70.0,-19258.802,37610.341
PF36/0009/I804,AQ,42.151764,13.643033,50.0,-20471.844,37891.334
PF37/0009/I804,AQ,42.155742,13.641961,52.0,-20028.739,37809.812
PF38/0009/I804,AQ,42.159662,13.64627,52.0,-19599.131,38172.689
PF39/0009/I804,AQ,42.155833,13.641962,70.0,-20018.659,37810.023
PF09/0010/I804,AQ,42.164316,13.646587,70.0,-19082.783,38207.079
PF11/0010/I804,AQ,42.163,13.653482,68.0,-19237.919,38774.372
PF12/0010/I804,AQ,42.160254,13.655496,52.0,-19545.384,38935.946
PF13/0010/I804,AQ,42.158019,13.648972,70.0,-19785.082,38393.013
PF14/0010/I804,AQ,42.160929,13.649668,9.0,-19462.83,38455.653
PF15/0010/I804,AQ,42.162029,13.645203,56.0,-19334.939,38088.736
PF16/0010/I804,AQ,42.162049,13.645195,56.0,-19332.62,38088.076
PF01/0011/I804,AQ,42.170379,13.659051,68.0,-18425.77,39247.322
PF10/0011/I804,AQ,42.166875,13.654991,68.0,-18809.637,38905.827
PF14/0011/I804,AQ,42.165014,13.658723,68.0,-19021.138,39210.881
PF25/0011/I804,AQ,42.169055,13.656343,68.0,-18569.313,39021.286
PF29/0011/I804,AQ,42.161983,13.660145,9.0,-19359.458,39322.998
PF31/0011/I804,AQ,42.167952,13.661027,9.0,-18697.823,39406.282
PF32/0011/I804,AQ,42.170332,13.652036,54.0,-18421.914,38667.756
PF33/0011/I804,AQ,42.172216,13.654151,9.0,-18215.447,38845.825
PF34/0011/I804,AQ,42.162666,13.656729,70.0,-19279.225,39042.016
PF02/0012/I804,AQ,42.165759,13.663483,68.0,-18944.493,39605.335
PF04/0012/I804,AQ,42.163111,13.664307,68.0,-19239.659,39668.828
PF05/0012/I804,AQ,42.161399,13.666875,54.0,-19433.081,39877.982
PF06/0012/I804,AQ,42.160846,13.663141,54.0,-19489.586,39568.528
PF07/0012/I804,AQ,42.163513,13.671098,9.0,-19203.705,40230.536
PF01/0013/I804,AQ,42.16917,13.665217,6.0,-18568.06,39754.48
PF02/0013/I804,AQ,42.169293,13.668361,54.0,-18558.417,40014.411
PF04/0013/I804,AQ,42.165163,13.67578,50.0,-19026.533,40620.117
PF06/0013/I804,AQ,42.164094,13.678877,52.0,-19149.186,40874.159
PF07/0013/I804,AQ,42.16797,13.672466,68.0,-18710.568,40351.264
PF08/0013/I804,AQ,42.165673,13.668517,68.0,-18960.608,40021.029
PF01/0014/I804,AQ,42.166652,13.701469,8.0,-18893.79,42744.77
PF02/0014/I804,AQ,42.160012,13.683978,8.0,-19609.01,41288.49
PF03/0014/I804,AQ,42.161921,13.679933,52.0,-19391.798,40957.667
PF04/0014/I804,AQ,42.164093,13.682245,52.0,-19153.623,41152.36
PF05/0014/I804,AQ,42.161677,13.687688,12.0,-19428.841,41597.878
PF01/0016/I804,AQ,42.161488,13.634258,70.0,-19380.52,37183.621
PF02/0016/I804,AQ,42.152909,13.636653,50.0,-20336.286,37366.205
PF03/0016/I804,AQ,42.149274,13.643503,50.0,-20748.918,37925.773
PF04/0016/I804,AQ,42.150301,13.637205,70.0,-20626.653,37407.18
PF05/0016/I804,AQ,42.154715,13.637165,52.0,-20136.479,37411.772
PF01/0017/I804,AQ,42.150972,13.645974,8.0,-20563.66,38132.95
PF08/0017/I804,AQ,42.152202,13.649473,68.0,-20431.691,38424.257
PF19/0017/I804,AQ,42.144842,13.652249,56.0,-21252.501,38640.654
PF21/0017/I804,AQ,42.144552,13.648413,70.0,-21279.656,38323.178
PF23/0017/I804,AQ,42.146711,13.644371,56.0,-21034.644,37993.001
PF24/0017/I804,AQ,42.149395,13.653502,9.0,-20748.573,38752.154
PF25/0017/I804,AQ,42.146684,13.656983,9.0,-21054.185,39035.093
PF26/0017/I804,AQ,42.148022,13.650826,9.0,-20897.585,38528.661
PF27/0017/I804,AQ,42.146932,13.648289,9.0,-21015.257,38317.128
PF29/0017/I804,AQ,42.145824,13.65105,70.0,-21141.943,38543.35
PF11/0018/I804,AQ,42.157113,13.658473,8.0,-19898.08,39176.39
PF12/0018/I804,AQ,42.15636,13.65386,52.0,-19975.68,38793.95
PF13/0018/I804,AQ,42.154684,13.651702,52.0,-20158.942,38612.733
PF14/0018/I804,AQ,42.15097,13.656606,9.0,-20577.787,39011.426
PF15/0018/I804,AQ,42.154239,13.657159,70.0,-20215.434,39062.856
PF16/0018/I804,AQ,42.152738,13.653257,9.0,-20377.044,38737.809
PF04/0019/I804,AQ,42.156092,13.659622,52.0,-20012.872,39269.537
PF05/0019/I804,AQ,42.156212,13.663735,70.0,-20004.974,39609.578
PF10/0019/I804,AQ,42.153845,13.661472,68.0,-20264.847,39418.446
PF13/0019/I804,AQ,42.151844,13.659293,68.0,-20484.235,39234.923
PF17/0019/I804,AQ,42.153693,13.66336,70.0,-20284.122,39574.217
PF18/0019/I804,AQ,42.158918,13.661633,12.0,-19701.759,39440.591
PF01/0020/I804,AQ,42.158284,13.674339,68.0,-19788.471,40489.194
PF03/0020/I804,AQ,42.161753,13.673907,68.0,-19402.734,40459.518
PF18/0020/I804,AQ,42.157302,13.671387,68.0,-19893.773,40243.672
PF20/0020/I804,AQ,42.153133,13.671875,70.0,-20357.31,40276.792
PF21/0020/I804,AQ,42.15682,13.668675,9.0,-19943.747,40018.765
PF22/0020/I804,AQ,42.160361,13.669194,9.0,-19551.276,40067.736
PF23/0020/I804,AQ,42.153216,13.666448,52.0,-20341.098,39828.503
PF01/0021/I804,AQ,42.15958,13.67898,68.0,-19650.6,40874.898
PF02/0021/I804,AQ,42.156694,13.682007,68.0,-19974.861,41120.032
PF04/0021/I804,AQ,42.157959,13.686222,52.0,-19839.833,41470.367
PF05/0021/I804,AQ,42.154684,13.683819,12.0,-20200.406,41266.289
PF01/0022/I804,AQ,42.139501,13.612129,56.0,-21792.413,35315.816
PF02/0022/I804,AQ,42.136542,13.610545,52.0,-22118.892,35179.49
PF03/0022/I804,AQ,42.137524,13.614597,50.0,-22015.3,35516.185
PF01/0023/I804,AQ,42.137631,13.622194,52.0,-22013.585,36144.187
PF02/0023/I804,AQ,42.137794,13.617632,70.0,-21989.301,35767.495
PF03/0023/I804,AQ,42.138503,13.627753,50.0,-21924.112,36605.191
PF04/0023/I804,AQ,42.138437,13.631489,52.0,-21936.439,36913.795
PF05/0023/I804,AQ,42.14055,13.626825,50.0,-21695.542,36532.149
PF22/0024/I804,AQ,42.142866,13.645934,50.0,-21463.593,38115.372
PF23/0024/I804,AQ,42.143927,13.639905,52.0,-21337.936,37619.032
PF27/0024/I804,AQ,42.14664,13.63466,52.0,-21029.714,37190.409
PF01/0025/I804,AQ,42.134225,13.646094,52.0,-22423.314,38113.365
PF02/0025/I804,AQ,42.135256,13.648807,52.0,-22312.36,38339.386
PF04/0025/I804,AQ,42.135048,13.653303,52.0,-22341.365,38710.589
PF10/0025/I804,AQ,42.139672,13.645982,70.0,-21818.363,38113.705
PF14/0025/I804,AQ,42.141787,13.649783,70.0,-21588.441,38431.567
PF15/0025/I804,AQ,42.139993,13.652505,70.0,-21791.295,38653.292
PF16/0025/I804,AQ,42.137454,13.646825,70.0,-22065.743,38179.5
PF17/0025/I804,AQ,42.137084,13.651403,70.0,-22112.772,38557.178
PF03/0027/I804,AQ,42.145454,13.658881,9.0,-21193.13,39189.79
PF04/0027/I804,AQ,42.142589,13.661706,50.0,-21514.916,39418.252
PF09/0027/I804,AQ,42.147974,13.661996,50.0,-20917.425,39451.536
PF22/0027/I804,AQ,42.147908,13.659096,9.0,-20920.945,39211.843
PF23/0027/I804,AQ,42.15034,13.663231,9.0,-20656.32,39557.759
PF24/0027/I804,AQ,42.149383,13.666386,54.0,-20766.613,39816.785
PF25/0027/I804,AQ,42.14461,13.663663,72.0,-21293.137,39583.474
PF26/0027/I804,AQ,42.146597,13.665447,12.0,-21074.736,39734.325
PF01/0028/I804,AQ,42.144823,13.667312,9.0,-21274.2,39885.34
PF09/0028/I804,AQ,42.150489,13.672397,9.0,-20651.556,40315.369
PF11/0028/I804,AQ,42.147456,13.670764,54.0,-20986.265,40175.145
PF01/0029/I804,AQ,42.157621,13.677792,68.0,-19866.578,40773.358
PF10/0029/I804,AQ,42.147975,13.674851,68.0,-20933.893,40513.75
PF12/0029/I804,AQ,42.151075,13.676538,9.0,-20591.81,40658.461
PF13/0029/I804,AQ,42.15359,13.679795,56.0,-20316.671,40931.906
PF14/0029/I804,AQ,42.155761,13.674766,70.0,-20069.234,40520.151
PF11/0030/I804,AQ,42.14857,13.678853,50.0,-20872.914,40845.48
PF13/0031/I804,AQ,42.151119,13.692807,56.0,-20607.647,42002.78
PF01/0032/I804,AQ,42.149547,13.6987,50.0,-20789.653,42487.064
PF01/0033/I804,AQ,42.123747,13.630397,70.0,-23566.07,36797.424
PF02/0033/I804,AQ,42.13126,13.622732,70.0,-22721.693,36177.246
PF03/0033/I804,AQ,42.125365,13.627804,42.0,-23382.968,36585.948
PF04/0033/I804,AQ,42.123589,13.624918,56.0,-23576.371,36344.221
PF06/0033/I804,AQ,42.126201,13.624705,50.0,-23286.012,36331.317
PF07/0033/I804,AQ,42.12642,13.62021,54.0,-23255.734,35960.124
PF08/0033/I804,AQ,42.132811,13.625213,12.0,-22552.782,36385.047
PF01/0034/I804,AQ,42.126725,13.635164,50.0,-23241.726,37196.763
PF04/0034/I804,AQ,42.127833,13.63914,52.0,-23123.961,37527.359
PF05/0034/I804,AQ,42.13189,13.632046,50.0,-22664.082,36948.165
PF06/0034/I804,AQ,42.130486,13.635428,54.0,-22824.502,37225.252
PF07/0034/I804,AQ,42.125988,13.632061,52.0,-23319.46,36938.896
PF08/0034/I804,AQ,42.130828,13.62911,52.0,-22778.128,36703.621
PF09/0034/I804,AQ,42.133955,13.630257,52.0,-22432.446,36803.996
PF10/0034/I804,AQ,42.124566,13.635147,52.0,-23481.427,37191.449
PF11/0034/I804,AQ,42.125102,13.637984,52.0,-23425.656,37426.905
PF01/0035/I804,AQ,42.126979,13.642054,70.0,-23222.594,37766.683
PF02/0035/I804,AQ,42.135531,13.635495,52.0,-22264.402,37239.731
PF03/0035/I804,AQ,42.132913,13.636285,50.0,-22556.058,37300.394
PF06/0035/I804,AQ,42.131107,13.638366,52.0,-22759.367,37469.119
PF07/0035/I804,AQ,42.132999,13.641876,50.0,-22553.938,37762.616
PF08/0035/I804,AQ,42.131382,13.64493,52.0,-22737.431,38012.176
PF09/0035/I804,AQ,42.129342,13.64449,50.0,-22963.448,37972.223
PF01/0036/I804,AQ,42.127397,13.648191,50.0,-23184.245,38274.669
PF02/0036/I804,AQ,42.127339,13.651073,50.0,-23194.465,38512.82
PF03/0036/I804,AQ,42.127914,13.656069,52.0,-23137.122,38926.77
PF04/0036/I804,AQ,42.12814,13.65974,70.0,-23116.817,39230.537
PF05/0036/I804,AQ,42.129548,13.662901,10.0,-22964.543,39494.283
PF06/0036/I804,AQ,42.129742,13.658438,50.0,-22937.199,39125.76
PF07/0036/I804,AQ,42.130141,13.656734,20.0,-22890.677,38985.573
PF08/0036/I804,AQ,42.129418,13.653062,50.0,-22966.179,38680.857
PF10/0036/I804,AQ,42.130961,13.64926,52.0,-22789.839,38369.284
PF12/0036/I804,AQ,42.131627,13.658727,56.0,-22728.25,39152.927
PF13/0036/I804,AQ,42.13089,13.661903,56.0,-22814.236,39414.154
PF14/0036/I804,AQ,42.13286,13.655497,50.0,-22587.195,38888.148
PF01/0038/I804,AQ,42.145141,13.668625,8.0,-21240.58,39994.42
PF03/0038/I804,AQ,42.141933,13.671688,9.0,-21600.7,40242.0
PF04/0038/I804,AQ,42.140402,13.673582,9.0,-21773.1,40395.82
PF05/0038/I804,AQ,42.139301,13.669737,9.0,-21890.45,40076.2
PF06/0038/I804,AQ,42.140876,13.667753,52.0,-21713.004,39914.962
PF07/0038/I804,AQ,42.143042,13.662329,9.0,-21465.47,39470.46
PF20/0038/I804,AQ,42.143307,13.678898,68.0,-21457.326,40840.152
PF22/0038/I804,AQ,42.142379,13.675744,68.0,-21556.336,40577.887
PF29/0038/I804,AQ,42.145292,13.676734,9.0,-21234.15,40664.748
PF30/0038/I804,AQ,42.140402,13.673584,9.0,-21773.064,40396.025
PF31/0038/I804,AQ,42.142542,13.665999,50.0,-21525.745,39772.862
PF32/0038/I804,AQ,42.142806,13.670496,52.0,-21502.198,40144.946
PF33/0038/I804,AQ,42.145369,13.67214,54.0,-21219.761,40285.275
PF28/0039/I804,AQ,42.140153,13.687723,68.0,-21818.827,41563.98
PF01/0040/I804,AQ,42.149003,13.694,8.0,-20844.15,42097.75
PF03/0040/I804,AQ,42.142637,13.693151,56.0,-21549.888,42016.766
PF04/0040/I804,AQ,42.143614,13.70078,52.0,-21451.041,42648.912
PF05/0040/I804,AQ,42.142973,13.696942,56.0,-21517.389,42330.624
PF07/0040/I804,AQ,42.144924,13.694148,50.0,-21297.154,42103.036
PF08/0040/I804,AQ,42.148016,13.695782,9.0,-20955.9,42243.328
PF10/0040/I804,AQ,42.147514,13.69775,50.0,-21014.198,42405.143
PF01/0041/I804,AQ,42.124679,13.656939,52.0,-23497.468,38993.001
PF02/0041/I804,AQ,42.124762,13.648503,50.0,-23477.184,38295.802
PF03/0041/I804,AQ,42.121214,13.654852,70.0,-23879.426,38814.478
PF04/0041/I804,AQ,42.123646,13.651859,50.0,-23605.467,38571.301
PF05/0041/I804,AQ,42.125673,13.645487,56.0,-23372.165,38048.099
PF25/0042/I804,AQ,42.120136,13.663319,52.0,-24010.133,39512.519
PF01/0044/I804,AQ,42.134472,13.681238,8.0,-22441.39,41018.37
PF02/0044/I804,AQ,42.138635,13.678142,9.0,-21975.12,40769.65
PF04/0044/I804,AQ,42.133449,13.679493,9.0,-22552.73,40872.41
PF05/0044/I804,AQ,42.133305,13.67868,9.0,-22567.7,40804.93
PF06/0044/I804,AQ,42.134201,13.677518,9.0,-22466.72,40710.4
PF07/0044/I804,AQ,42.134779,13.676162,9.0,-22400.83,40599.38
PF10/0044/I804,AQ,42.138409,13.675398,56.0,-21996.776,40542.455
PF11/0044/I804,AQ,42.13403,13.684708,52.0,-22494.909,41304.414
PF13/0044/I804,AQ,42.136273,13.685951,54.0,-22247.373,41410.917
PF16/0044/I804,AQ,42.133809,13.688809,50.0,-22524.674,41642.975
PF17/0044/I804,AQ,42.132948,13.691642,52.0,-22623.777,41875.65
PF18/0044/I804,AQ,42.137783,13.679641,9.0,-22071.708,40892.023
PF20/0044/I804,AQ,42.134745,13.681986,9.0,-22411.989,41080.613
PF21/0044/I804,AQ,42.13637,13.684569,56.0,-22234.857,41296.894
PF01/0045/I804,AQ,42.139822,13.695278,68.0,-21865.108,42187.759
PF02/0045/I804,AQ,42.138261,13.690416,68.0,-22032.299,41783.353
PF03/0045/I804,AQ,42.136826,13.695861,70.0,-22198.514,42230.912
PF04/0045/I804,AQ,42.140973,13.699075,52.0,-21742.123,42503.555
PF05/0045/I804,AQ,42.140586,13.702809,52.0,-21789.801,42811.417
PF06/0045/I804,AQ,42.139821,13.695281,56.0,-21865.254,42188.038
PF08/0045/I804,AQ,42.138075,13.691828,52.0,-22054.711,41899.696
PF09/0045/I804,AQ,42.140741,13.691228,56.0,-21758.029,41854.652
PF10/0045/I804,AQ,42.137705,13.68739,52.0,-22090.205,41532.281
PF02/0046/I804,AQ,42.136106,13.69745,9.0,-22280.521,42360.981
PF03/0046/I804,AQ,42.133751,13.70074,70.0,-22546.13,42628.896
PF05/0046/I804,AQ,42.132599,13.695663,70.0,-22667.641,42207.343
PF06/0046/I804,AQ,42.13446,13.693276,52.0,-22457.956,42013.194
PF07/0046/I804,AQ,42.131764,13.698726,12.0,-22764.235,42459.071
PF01/0047/I804,AQ,42.119299,13.665335,8.0,-24105.74,39677.69
PF02/0047/I804,AQ,42.115816,13.666406,52.0,-24493.797,39760.154
PF03/0047/I804,AQ,42.112347,13.668347,54.0,-24881.546,39914.647
PF04/0047/I804,AQ,42.109789,13.664161,52.0,-25160.184,39564.117
PF05/0047/I804,AQ,42.112725,13.664145,52.0,-24834.113,39567.928
PF06/0047/I804,AQ,42.117727,13.661765,52.0,-24275.573,39379.802
PF07/0047/I804,AQ,42.109744,13.668497,52.0,-25170.755,39922.505
PF08/0047/I804,AQ,42.114504,13.663821,52.0,-24636.164,39544.193
PF06/0049/I804,AQ,42.113503,13.687698,52.0,-24777.874,41516.439
PF07/0049/I804,AQ,42.114214,13.683118,52.0,-24693.173,41139.023
PF08/0049/I804,AQ,42.116303,13.683848,56.0,-24462.121,41202.986
PF03/0052/I804,AQ,42.127706,13.687855,70.0,-23201.108,41553.712
PF04/0052/I804,AQ,42.130182,13.68983,52.0,-22928.621,41721.173
PF05/0052/I804,AQ,42.127178,13.690938,56.0,-23263.614,41807.592
PF06/0052/I804,AQ,42.128618,13.691525,52.0,-23104.486,41858.583
PF07/0052/I804,AQ,42.130501,13.694429,52.0,-22899.052,42101.78
PF08/0052/I804,AQ,42.128536,13.696154,52.0,-23119.426,42241.067
PF01/0053/I804,AQ,42.124296,13.697268,70.0,-23591.609,42325.975
PF02/0053/I804,AQ,42.123015,13.699328,56.0,-23736.424,42494.016
PF03/0053/I804,AQ,42.121839,13.696987,52.0,-23864.028,42298.559
PF04/0053/I804,AQ,42.121515,13.686985,70.0,-23887.385,41471.183
PF05/0053/I804,AQ,42.12206,13.704088,52.0,-23848.46,42885.937
PF06/0053/I804,AQ,42.12496,13.68695,52.0,-23504.803,41474.144
PF07/0053/I804,AQ,42.124901,13.690782,56.0,-23516.196,41790.86
PF08/0053/I804,AQ,42.122006,13.692746,70.0,-23840.134,41948.226
PF09/0053/I804,AQ,42.120766,13.690352,70.0,-23974.805,41748.222
PF11/0053/I804,AQ,42.121652,13.687071,70.0,-23872.29,41478.552
PF12/0053/I804,AQ,42.125493,13.69423,56.0,-23454.864,42076.829
PF01/0054/I804,AQ,42.101437,13.668971,8.0,-26093.7,39947.31
PF02/0054/I804,AQ,42.099755,13.667539,52.0,-26278.583,39825.989
PF04/0054/I804,AQ,42.098021,13.672834,70.0,-26478.0,40260.888
PF05/0054/I804,AQ,42.099898,13.676059,70.0,-26273.692,40530.787
PF06/0054/I804,AQ,42.098913,13.66916,54.0,-26374.244,39958.62
PF09/0054/I804,AQ,42.103552,13.668602,52.0,-25858.392,39920.491
PF10/0054/I804,AQ,42.105461,13.669682,50.0,-25647.77,40013.063
PF11/0054/I804,AQ,42.104913,13.666181,50.0,-25704.18,39722.647
PF12/0054/I804,AQ,42.107711,13.668952,50.0,-25397.032,39956.6
PF14/0054/I804,AQ,42.101629,13.67225,52.0,-26076.587,40218.803
PF16/0054/I804,AQ,42.10387,13.67251,50.0,-25828.074,40244.175
PF01/0056/I804,AQ,42.111996,13.678472,8.0,-24933.47,40751.14
PF02/0056/I804,AQ,42.111383,13.681506,70.0,-25005.385,41000.916
PF03/0056/I804,AQ,42.112095,13.678448,70.0,-24922.442,40749.304
PF04/0056/I804,AQ,42.104973,13.682774,52.0,-25718.816,41094.791
PF05/0056/I804,AQ,42.102822,13.683231,52.0,-25958.214,41128.913
PF06/0056/I804,AQ,42.106431,13.687153,50.0,-25562.504,41459.303
PF07/0056/I804,AQ,42.108026,13.689367,50.0,-25388.184,41645.135
PF08/0056/I804,AQ,42.110547,13.685977,50.0,-25103.894,41369.151
PF09/0056/I804,AQ,42.109343,13.683716,50.0,-25234.732,41180.152
PF10/0056/I804,AQ,42.100351,13.685499,50.0,-26235.487,41312.171
PF11/0056/I804,AQ,42.101933,13.688377,52.0,-26063.453,41552.846
PF01/0057/I804,AQ,42.116095,13.687619,8.0,-24490.02,41514.39
PF03/0057/I804,AQ,42.111644,13.690769,52.0,-24988.26,41767.213
PF04/0057/I804,AQ,42.119389,13.684428,52.0,-24120.189,41256.203
PF05/0057/I804,AQ,42.11839,13.688124,56.0,-24235.86,41560.027
PF06/0057/I804,AQ,42.119605,13.690703,50.0,-24104.164,41775.248
PF01/0058/I804,AQ,42.114225,13.693798,52.0,-24705.512,42021.964
PF02/0058/I804,AQ,42.117234,13.69642,70.0,-24374.633,42243.879
PF05/0058/I804,AQ,42.116544,13.704908,50.0,-24461.928,42944.385
PF06/0058/I804,AQ,42.116588,13.692823,70.0,-24441.916,41945.421
PF07/0058/I804,AQ,42.114569,13.701644,50.0,-24677.199,42671.252
PF01/0059/I804,AQ,42.103311,13.71622,8.0,-25945.41,43857.52
PF02/0059/I804,AQ,42.11366,13.698416,50.0,-24774.037,42402.851
PF03/0059/I804,AQ,42.110755,13.695154,50.0,-25092.481,42128.228
PF04/0059/I804,AQ,42.112609,13.710081,50.0,-24905.333,43365.417
PF05/0059/I804,AQ,42.113732,13.70796,12.0,-24778.0,43192.0
PF01/0060/I804,AQ,42.12994,13.665768,6.0,-22924.77,39731.92
PF01/0002/L025,AQ,42.182359,12.913394,8.0,-15858.12,-22312.66
PF03/0005/L025,AQ,42.163202,12.933919,70.0,-18026.6,-20669.021
PF04/0005/L025,AQ,42.162062,12.936549,70.0,-18158.477,-20454.848
PF01/0006/L025,AQ,42.160866,12.931939,70.0,-18282.112,-20838.885
PF02/0007/L025,AQ,42.159517,12.936438,70.0,-18440.885,-20470.847
PF03/0007/L025,AQ,42.157759,12.944881,12.0,-18652.9,-19778.0
PF05/0007/L025,AQ,42.157389,12.935004,12.0,-18674.261,-20595.066
PF06/0007/L025,AQ,42.156786,12.939235,12.0,-18749.731,-20247.092
PF03/0008/L025,AQ,42.159778,12.950177,50.0,-18439.261,-19335.051
PF05/0008/L025,AQ,42.157701,12.949064,50.0,-18667.703,-19432.581
PF06/0008/L025,AQ,42.161931,12.942889,12.0,-18185.65,-19931.4
PF07/0008/L025,AQ,42.15207,12.953257,12.0,-19301.28,-19101.19
PF08/0008/L025,AQ,42.154806,12.953988,12.0,-18998.88,-19033.435
PF09/0008/L025,AQ,42.154461,12.951688,12.0,-19032.62,-19224.405
PF01/0009/L025,AQ,42.174013,13.018879,7.0,-16992.64,-13622.45
PF02/0009/L025,AQ,42.167519,13.016516,54.0,-17709.171,-13834.395
PF03/0009/L025,AQ,42.16985,13.00869,52.0,-17435.27,-14474.84
PF04/0009/L025,AQ,42.17323,13.006286,52.0,-17055.339,-14664.634
PF01/0012/L025,AQ,42.16926,13.025916,12.0,-17533.9,-13053.44
PF01/0013/L025,AQ,42.167882,13.004694,8.0,-17646.11,-14810.01
PF02/0013/L025,AQ,42.164508,13.005823,52.0,-18022.975,-14725.479
PF03/0013/L025,AQ,42.160817,13.000384,50.0,-18422.281,-15184.419
PF04/0013/L025,AQ,42.159401,13.003599,72.0,-18585.79,-14922.482
PF05/0013/L025,AQ,42.158713,13.007798,50.0,-18670.273,-14577.362
PF06/0013/L025,AQ,42.166092,13.008487,52.0,-17852.196,-14501.32
PF07/0013/L025,AQ,42.166796,13.011645,50.0,-17780.107,-14238.652
PF08/0013/L025,AQ,42.164262,13.010527,52.0,-18059.344,-14337.575
PF09/0013/L025,AQ,42.16488,13.001798,52.0,-17973.922,-15057.066
PF01/0014/L025,AQ,42.1681,13.018712,7.0,-17648.96,-13651.46
PF02/0014/L025,AQ,42.16498,13.019958,70.0,-17997.768,-13556.617
PF03/0014/L025,AQ,42.16406,13.018608,70.0,-18097.268,-13670.456
PF04/0014/L025,AQ,42.165761,13.017655,54.0,-17906.587,-13744.847
PF05/0014/L025,AQ,42.165068,13.017897,70.0,-17983.987,-13726.643
PF06/0014/L025,AQ,42.162284,13.020241,70.0,-18297.625,-13540.149
PF08/0014/L025,AQ,42.16704,13.022707,52.0,-17774.233,-13324.15
PF09/0014/L025,AQ,42.162564,13.016759,52.0,-18259.936,-13827.08
PF10/0014/L025,AQ,42.162134,13.016068,54.0,-18306.313,-13885.328
PF11/0014/L025,AQ,42.165601,13.014541,54.0,-17918.431,-14002.486
PF12/0014/L025,AQ,42.163389,13.013914,54.0,-18162.827,-14059.957
PF13/0014/L025,AQ,42.166754,13.024141,54.0,-17808.833,-13206.458
PF14/0014/L025,AQ,42.167519,13.029904,52.0,-17734.861,-12728.448
PF15/0014/L025,AQ,42.161324,13.022669,52.0,-18408.927,-13342.056
PF01/0016/L025,AQ,42.158017,13.047242,52.0,-18822.839,-11320.327
PF02/0016/L025,AQ,42.158937,13.049563,52.0,-18725.149,-11126.257
PF01/0017/L025,AQ,42.158745,12.977584,8.0,-18607.96,-17073.54
PF02/0017/L025,AQ,42.156516,12.972847,54.0,-18846.18,-17470.735
PF03/0017/L025,AQ,42.159857,12.976951,12.0,-18483.3,-17122.9
PF04/0017/L025,AQ,42.159546,12.978562,12.0,-18521.0,-16990.6
PF05/0017/L025,AQ,42.159118,12.976603,12.0,-18564.6,-17153.6
PF06/0017/L025,AQ,42.159487,12.96883,12.0,-18508.38,-17794.76
PF01/0018/L025,AQ,42.152204,12.966391,8.0,-19312.31,-18015.55
PF02/0018/L025,AQ,42.151648,12.982717,52.0,-19406.076,-16668.054
PF03/0018/L025,AQ,42.15223,12.977852,52.0,-19331.938,-17068.49
PF04/0018/L025,AQ,42.149852,12.978416,52.0,-19597.048,-17028.144
PF05/0018/L025,AQ,42.156773,12.98032,52.0,-18832.261,-16852.63
PF06/0018/L025,AQ,42.154596,12.974737,52.0,-19063.067,-17319.664
PF07/0018/L025,AQ,42.154969,12.969329,50.0,-19011.11,-17765.536
PF08/0018/L025,AQ,42.15121,12.972217,52.0,-19434.159,-17536.826
PF09/0018/L025,AQ,42.155497,12.977427,52.0,-18968.325,-17095.067
PF01/0019/L025,AQ,42.15353,12.994457,52.0,-19219.932,-15693.108
PF02/0019/L025,AQ,42.151781,12.99247,52.0,-19410.313,-15861.881
PF03/0019/L025,AQ,42.15568,12.998202,50.0,-18988.526,-15378.112
PF04/0019/L025,AQ,42.160366,12.980871,52.0,-18434.424,-16797.729
PF05/0019/L025,AQ,42.158185,12.991445,70.0,-18697.207,-15929.805
PF06/0019/L025,AQ,42.155176,12.992015,50.0,-19032.483,-15890.604
PF07/0019/L025,AQ,42.158693,12.997001,70.0,-18651.583,-15469.48
PF01/0020/L025,AQ,42.15093,13.006975,50.0,-19532.877,-14665.592
PF03/0020/L025,AQ,42.150916,13.00165,52.0,-19524.204,-15105.613
PF06/0020/L025,AQ,42.155016,13.002034,72.0,-19069.667,-15063.233
PF08/0020/L025,AQ,42.155699,13.008433,72.0,-19006.161,-14532.74
PF09/0020/L025,AQ,42.153968,13.011727,12.0,-19204.681,-14265.069
PF10/0020/L025,AQ,42.153258,13.005102,50.0,-19270.76,-14814.311
PF11/0020/L025,AQ,42.152882,12.999777,52.0,-19302.246,-15255.193
PF12/0020/L025,AQ,42.148216,13.005661,52.0,-19831.752,-14781.189
PF01/0021/L025,AQ,42.156744,13.009709,8.0,-18892.61,-14424.61
PF02/0021/L025,AQ,42.158726,13.01747,50.0,-18687.43,-13778.257
PF03/0021/L025,AQ,42.152591,13.020182,50.0,-19373.903,-13569.966
PF04/0021/L025,AQ,42.15391,13.022904,50.0,-19232.624,-13341.706
PF05/0021/L025,AQ,42.156966,13.022519,50.0,-18892.495,-13365.654
PF06/0021/L025,AQ,42.155495,13.019464,50.0,-19050.033,-13621.841
PF07/0021/L025,AQ,42.149179,13.017048,52.0,-19746.747,-13837.769
PF08/0021/L025,AQ,42.150516,13.014889,50.0,-19594.17,-14012.673
PF09/0021/L025,AQ,42.152471,13.01574,12.0,-19378.648,-13937.344
PF01/0022/L025,AQ,42.154325,13.033052,8.0,-19205.93,-12502.15
PF02/0022/L025,AQ,42.164471,13.01884,52.0,-18052.164,-13650.259
PF03/0022/L025,AQ,42.157661,13.023697,50.0,-18817.603,-13266.507
PF05/0022/L025,AQ,42.156994,13.027744,50.0,-18899.378,-12933.894
PF06/0022/L025,AQ,42.157662,13.031582,52.0,-18832.613,-12615.081
PF07/0022/L025,AQ,42.159108,13.028263,52.0,-18665.69,-12885.565
PF08/0022/L025,AQ,42.166071,13.026131,56.0,-17888.475,-13043.813
PF09/0022/L025,AQ,42.154282,13.029606,52.0,-19204.097,-12787.038
PF10/0022/L025,AQ,42.171032,13.024119,56.0,-17333.704,-13197.26
PF11/0022/L025,AQ,42.184715,13.016437,50.0,-15799.626,-13796.501
PF02/0023/L025,AQ,42.155358,13.037147,54.0,-19099.05,-12161.214
PF03/0023/L025,AQ,42.152672,13.035481,52.0,-19394.103,-12305.68
PF04/0023/L025,AQ,42.159588,13.044251,70.0,-18642.772,-11563.492
PF05/0023/L025,AQ,42.155976,13.040008,52.0,-19035.767,-11923.239
PF06/0023/L025,AQ,42.157549,13.036981,70.0,-18855.343,-12169.338
PF07/0023/L025,AQ,42.157927,13.03372,12.0,-18807.261,-12437.762
PF08/0023/L025,AQ,42.161638,13.036649,12.0,-18400.746,-12186.253
PF09/0023/L025,AQ,42.159601,13.038868,12.0,-18631.15,-12008.15
PF01/0024/L025,AQ,42.155189,13.048401,8.0,-19139.09,-11231.78
PF03/0024/L025,AQ,42.156239,13.044441,52.0,-19014.982,-11556.304
PF02/0025/L025,AQ,42.155202,13.052134,54.0,-19144.705,-10923.289
PF03/0025/L025,AQ,42.15716,13.051974,50.0,-18927.037,-10931.553
PF01/0026/L025,AQ,42.148103,13.058093,70.0,-19944.219,-10448.908
PF02/0026/L025,AQ,42.145675,13.061162,70.0,-20219.568,-10201.466
PF01/0027/L025,AQ,42.148856,13.053561,56.0,-19852.109,-10821.47
PF03/0027/L025,AQ,42.154996,13.045573,52.0,-19155.15,-11465.943
PF04/0027/L025,AQ,42.154511,13.042365,52.0,-19202.946,-11732.256
PF05/0027/L025,AQ,42.15051,13.05543,56.0,-19671.87,-10662.882
PF06/0027/L025,AQ,42.152072,13.045674,12.0,-19480.0,-11465.0
PF01/0028/L025,AQ,42.145804,13.038115,52.0,-20161.734,-12105.619
PF03/0028/L025,AQ,42.145597,13.03034,52.0,-20169.918,-12748.611
PF01/0029/L025,AQ,42.144103,13.028246,8.0,-20331.86,-12925.45
PF02/0029/L025,AQ,42.142054,13.023394,9.0,-20550.03,-13331.73
PF03/0029/L025,AQ,42.138285,13.021409,9.0,-20964.73,-13505.49
PF04/0029/L025,AQ,42.137187,13.021914,9.0,-21087.61,-13466.56
PF06/0029/L025,AQ,42.148411,13.020288,50.0,-19838.247,-13572.003
PF07/0029/L025,AQ,42.146296,13.019209,52.0,-20070.962,-13666.641
PF09/0029/L025,AQ,42.14234,13.028376,52.0,-20527.829,-12919.293
PF10/0029/L025,AQ,42.147521,13.030571,50.0,-19956.674,-12724.615
PF11/0029/L025,AQ,42.146944,13.027171,70.0,-20014.311,-13007.038
PF12/0029/L025,AQ,42.149824,13.029405,12.0,-19698.75,-12815.0
PF13/0029/L025,AQ,42.14609,13.022594,12.0,-20100.4,-13387.4
PF14/0029/L025,AQ,42.138785,13.02474,70.0,-20915.569,-13228.844
PF01/0030/L025,AQ,42.138262,13.018921,9.0,-20962.56,-13711.1
PF02/0030/L025,AQ,42.140229,13.013775,9.0,-20734.29,-14131.38
PF03/0030/L025,AQ,42.140421,13.011307,52.0,-20708.172,-14334.79
PF05/0030/L025,AQ,42.143667,13.014118,9.0,-20353.2,-14094.07
PF06/0030/L025,AQ,42.140535,13.017747,9.0,-20707.95,-13802.3
PF10/0030/L025,AQ,42.144695,13.016923,52.0,-20244.411,-13859.637
PF14/0030/L025,AQ,42.145517,13.009827,52.0,-20139.461,-14443.949
PF15/0030/L025,AQ,42.144184,13.01294,8.0,-20293.49,-14190.14
PF16/0030/L025,AQ,42.149862,13.010906,52.0,-19659.071,-14343.496
PF17/0030/L025,AQ,42.150299,13.014282,12.0,-19617.092,-14063.447
PF18/0030/L025,AQ,42.146448,13.013047,52.0,-20042.258,-14175.406
PF02/0031/L025,AQ,42.141911,13.002909,52.0,-20526.471,-15024.956
PF03/0031/L025,AQ,42.139669,13.004763,52.0,-20779.052,-14877.59
PF04/0031/L025,AQ,42.142662,13.006597,70.0,-20450.267,-14718.257
PF05/0031/L025,AQ,42.139582,13.006504,70.0,-20792.03,-14733.877
PF07/0031/L025,AQ,42.143787,13.001168,52.0,-20314.851,-15163.944
PF09/0031/L025,AQ,42.145552,13.000325,52.0,-20117.187,-15228.998
PF10/0031/L025,AQ,42.146446,13.005229,52.0,-20027.454,-14821.479
PF11/0031/L025,AQ,42.14676,13.002657,52.0,-19987.638,-15033.206
PF12/0031/L025,AQ,42.151849,13.008782,50.0,-19434.357,-14513.847
PF13/0031/L025,AQ,42.149484,13.001205,50.0,-19682.284,-15146.054
PF15/0031/L025,AQ,42.153624,13.001197,50.0,-19222.641,-15135.961
PF16/0031/L025,AQ,42.139993,13.001275,70.0,-20736.364,-15164.971
PF17/0031/L025,AQ,42.144408,13.003803,52.0,-20250.969,-14944.594
PF18/0031/L025,AQ,42.150165,12.997151,52.0,-19598.863,-15479.323
PF19/0031/L025,AQ,42.14433,13.007435,52.0,-20266.614,-14644.642
PF20/0031/L025,AQ,42.145578,12.997251,12.0,-20108.4,-15483.01
PF21/0031/L025,AQ,42.142486,12.998851,12.0,-20454.853,-15358.808
PF01/0032/L025,AQ,42.143731,12.996774,70.0,-20312.585,-15527.233
PF04/0032/L025,AQ,42.144588,12.993643,70.0,-20211.341,-15783.69
PF05/0032/L025,AQ,42.142981,12.99429,70.0,-20391.048,-15734.43
PF09/0032/L025,AQ,42.150741,12.98534,70.0,-19511.876,-16453.675
PF11/0032/L025,AQ,42.152614,12.989589,50.0,-19312.164,-16097.689
PF13/0032/L025,AQ,42.149489,12.994186,70.0,-19668.151,-15726.026
PF14/0032/L025,AQ,42.14879,12.988843,70.0,-19735.327,-16169.353
PF15/0032/L025,AQ,42.145089,12.990637,70.0,-20149.813,-16030.808
PF16/0032/L025,AQ,42.147758,12.991141,52.0,-19854.395,-15982.183
PF17/0032/L025,AQ,42.148933,12.993576,52.0,-19728.663,-15777.9
PF20/0032/L025,AQ,42.146987,12.994755,70.0,-19947.127,-15685.565
PF22/0032/L025,AQ,42.145678,12.987965,70.0,-20079.265,-16250.041
PF23/0032/L025,AQ,42.146771,12.984262,70.0,-19950.68,-16553.169
PF01/0033/L025,AQ,42.145888,12.966712,50.0,-20014.334,-18005.773
PF02/0033/L025,AQ,42.143171,12.970934,50.0,-20324.258,-17664.064
PF03/0033/L025,AQ,42.147471,12.981102,52.0,-19866.707,-16812.518
PF01/0035/L025,AQ,42.143238,12.947685,7.0,-20270.95,-19585.12
PF01/0036/L025,AQ,42.142241,12.939784,50.0,-20365.928,-20240.698
PF02/0036/L025,AQ,42.139331,12.943647,50.0,-20696.733,-19929.254
PF03/0036/L025,AQ,42.139356,12.938122,50.0,-20682.949,-20385.813
PF04/0036/L025,AQ,42.137079,12.9435,50.0,-20946.456,-19947.495
PF01/0037/L025,AQ,42.132856,12.909119,8.0,-21346.38,-22800.39
PF03/0037/L025,AQ,42.132835,12.923534,50.0,-21377.815,-21609.04
PF04/0037/L025,AQ,42.131025,12.926851,50.0,-21585.47,-21339.758
PF05/0037/L025,AQ,42.13491,12.926372,50.0,-21153.121,-21368.912
PF06/0037/L025,AQ,42.139396,12.923676,50.0,-20649.543,-21579.597
PF07/0037/L025,AQ,42.127597,12.927187,52.0,-21966.808,-21321.264
PF08/0037/L025,AQ,42.140703,12.925524,12.0,-20508.1,-21423.3
PF01/0038/L025,AQ,42.129881,12.92917,52.0,-21717.152,-21151.191
PF02/0038/L025,AQ,42.133933,12.931219,50.0,-21271.232,-20970.865
PF03/0038/L025,AQ,42.131312,12.928536,52.0,-21557.0,-21199.702
PF04/0038/L025,AQ,42.131308,12.933438,52.0,-21567.198,-20794.552
PF05/0038/L025,AQ,42.129264,12.931426,52.0,-21790.165,-20966.387
PF06/0038/L025,AQ,42.131172,12.939206,50.0,-21593.848,-20318.147
PF07/0038/L025,AQ,42.132117,12.930305,50.0,-21471.123,-21051.363
PF08/0038/L025,AQ,42.128676,12.931629,52.0,-21855.851,-20951.145
PF09/0038/L025,AQ,42.522855,12.921446,50.0,21935.916,-20723.04
PF10/0038/L025,AQ,42.524396,12.923608,50.0,22102.609,-20541.231
PF11/0038/L025,AQ,42.136958,12.928603,12.0,-20930.13,-21178.96
PF01/0039/L025,AQ,42.137205,12.951416,70.0,-20948.214,-19292.908
PF02/0039/L025,AQ,42.135493,12.948099,70.0,-21131.702,-19571.579
PF03/0039/L025,AQ,42.134235,12.951253,70.0,-21277.722,-19314.282
PF04/0039/L025,AQ,42.137828,12.946525,70.0,-20869.308,-19695.408
PF05/0039/L025,AQ,42.1324,12.949527,52.0,-21478.019,-19461.859
PF01/0040/L025,AQ,42.134799,12.972249,50.0,-21256.548,-17577.493
PF02/0040/L025,AQ,42.1432,12.961825,50.0,-20303.18,-18416.742
PF03/0040/L025,AQ,42.141402,12.967064,50.0,-20513.102,-17988.549
PF04/0040/L025,AQ,42.134826,12.968582,50.0,-21246.257,-17880.444
PF05/0040/L025,AQ,42.138468,12.965956,50.0,-20836.67,-18087.895
PF08/0040/L025,AQ,42.136087,12.964133,12.0,-21097.563,-18244.796
PF01/0041/L025,AQ,42.14231,12.976077,8.0,-20429.98,-17241.28
PF02/0041/L025,AQ,42.137709,12.975679,52.0,-20940.074,-17286.338
PF03/0041/L025,AQ,42.143138,12.98515,52.0,-20355.762,-16489.339
PF04/0041/L025,AQ,42.13915,12.98658,52.0,-20801.378,-16381.579
PF05/0041/L025,AQ,42.135421,12.982061,52.0,-21206.611,-16764.876
PF01/0042/L025,AQ,42.143287,12.9881,70.0,-20345.008,-16245.138
PF06/0042/L025,AQ,42.139353,12.992357,70.0,-20790.09,-15903.63
PF08/0042/L025,AQ,42.141635,12.991817,52.0,-20535.612,-15942.313
PF09/0042/L025,AQ,42.140516,12.989359,52.0,-20655.189,-16148.346
PF02/0043/L025,AQ,42.137664,12.985427,52.0,-20964.141,-16480.803
PF04/0043/L025,AQ,42.13685,12.987289,52.0,-21058.22,-16329.079
PF07/0043/L025,AQ,42.137856,12.989448,70.0,-20950.71,-16148.012
PF11/0043/L025,AQ,42.139448,12.992237,70.0,-20779.336,-15913.348
PF12/0043/L025,AQ,42.13932,12.988381,50.0,-20786.009,-16232.303
PF13/0043/L025,AQ,42.138133,12.988856,50.0,-20918.78,-16196.204
PF01/0044/L025,AQ,42.138715,12.994112,52.0,-20864.357,-15760.32
PF02/0044/L025,AQ,42.137235,12.994424,70.0,-21029.357,-15738.398
PF04/0044/L025,AQ,42.13889,12.996804,52.0,-20850.196,-15537.366
PF05/0044/L025,AQ,42.138028,12.998477,56.0,-20949.151,-15401.316
PF09/0044/L025,AQ,42.139823,12.994078,52.0,-20741.232,-15760.168
PF10/0044/L025,AQ,42.140682,12.996157,52.0,-20649.922,-15586.178
PF02/0045/L025,AQ,42.137652,13.032127,70.0,-21055.506,-12621.272
PF03/0045/L025,AQ,42.141034,13.031773,52.0,-20679.265,-12641.892
PF04/0045/L025,AQ,42.143696,13.034557,52.0,-20389.018,-12405.042
PF05/0045/L025,AQ,42.143105,13.042381,52.0,-20469.483,-11759.958
PF06/0045/L025,AQ,42.140443,13.042307,52.0,-20764.943,-11772.869
PF08/0045/L025,AQ,42.140928,13.036322,52.0,-20699.78,-12266.209
PF09/0045/L025,AQ,42.142516,13.039038,52.0,-20528.622,-12037.695
PF10/0045/L025,AQ,42.138241,13.037609,50.0,-21000.529,-12166.688
PF02/0046/L025,AQ,42.138441,13.049154,50.0,-21000.254,-11212.081
PF03/0046/L025,AQ,42.137206,13.042684,52.0,-21125.076,-11749.969
PF04/0046/L025,AQ,42.135406,13.048624,50.0,-21336.25,-11263.612
PF05/0046/L025,AQ,42.135193,13.045148,50.0,-21353.257,-11551.399
PF06/0046/L025,AQ,42.137175,13.051865,12.0,-21145.96,-10991.26
PF01/0047/L025,AQ,42.145428,13.056975,8.0,-20239.12,-10548.07
PF03/0047/L025,AQ,42.142419,13.058381,54.0,-20575.91,-10439.48
PF04/0047/L025,AQ,42.144259,13.05177,12.0,-20359.165,-10981.128
PF05/0047/L025,AQ,42.140745,13.051987,12.0,-20749.75,-10972.11
PF06/0047/L025,AQ,42.142698,13.054254,12.0,-20537.1,-10779.8
PF01/0049/L025,AQ,42.12773,12.974462,8.0,-22045.75,-17413.17
PF02/0049/L025,AQ,42.1283,12.977459,52.0,-21988.421,-17163.968
PF03/0049/L025,AQ,42.131232,12.975978,50.0,-21659.875,-17278.656
PF04/0049/L025,AQ,42.128432,12.973609,50.0,-21966.146,-17481.858
PF05/0049/L025,AQ,42.125094,12.977868,70.0,-22345.136,-17138.623
PF01/0050/L025,AQ,42.126825,12.979569,52.0,-22156.228,-16993.408
PF02/0050/L025,AQ,42.1232,12.98599,70.0,-22571.359,-16472.132
PF03/0050/L025,AQ,42.124265,12.982079,70.0,-22445.449,-16792.695
PF04/0050/L025,AQ,42.120694,12.982446,50.0,-22842.737,-16771.664
PF05/0050/L025,AQ,42.128536,12.982629,54.0,-21972.237,-16735.977
PF06/0050/L025,AQ,42.128536,12.982629,12.0,-21972.25,-16736.0
PF01/0051/L025,AQ,42.134772,12.975939,50.0,-21266.792,-17272.525
PF02/0051/L025,AQ,42.131414,12.97925,52.0,-21646.065,-17007.753
PF03/0051/L025,AQ,42.133659,12.979069,50.0,-21396.45,-17016.788
PF04/0051/L025,AQ,42.131108,12.984518,52.0,-21690.32,-16573.11
PF05/0051/L025,AQ,42.133916,12.98243,50.0,-21374.531,-16738.312
PF06/0051/L025,AQ,42.131149,12.988605,12.0,-21693.807,-16235.221
PF01/0052/L025,AQ,42.134541,12.987826,7.0,-21315.56,-16290.67
PF02/0052/L025,AQ,42.13666,12.995102,70.0,-21094.478,-15683.825
PF04/0052/L025,AQ,42.130573,13.000653,52.0,-21781.138,-15240.854
PF05/0052/L025,AQ,42.13327,12.990734,12.0,-21462.463,-16053.686
PF01/0053/L025,AQ,42.123057,12.999116,8.0,-22612.74,-15387.49
PF02/0053/L025,AQ,42.128238,13.002279,54.0,-22043.583,-15112.542
PF03/0053/L025,AQ,42.129149,12.985565,52.0,-21909.902,-16491.713
PF04/0053/L025,AQ,42.120191,12.989165,52.0,-22911.603,-16217.614
PF01/0054/L025,AQ,42.134569,13.003931,8.0,-21343.769,-14959.57
PF02/0054/L025,AQ,42.135668,13.00514,9.0,-21224.05,-14856.83
PF03/0054/L025,AQ,42.136437,13.006852,52.0,-21141.978,-14713.292
PF04/0054/L025,AQ,42.138347,13.008002,9.0,-20932.14,-14613.27
PF05/0054/L025,AQ,42.136208,12.998502,50.0,-21151.236,-15403.989
PF06/0054/L025,AQ,42.134464,12.997126,50.0,-21342.193,-15522.23
PF08/0054/L025,AQ,42.136819,13.001735,70.0,-21089.674,-15135.233
PF09/0054/L025,AQ,42.1331,13.000015,52.0,-21499.293,-15287.03
PF10/0054/L025,AQ,42.130142,13.00496,70.0,-21837.353,-14885.979
PF12/0054/L025,AQ,42.134019,13.008833,70.0,-21414.278,-14555.822
PF01/0055/L025,AQ,42.129147,13.017824,8.0,-21972.52,-13825.32
PF02/0055/L025,AQ,42.129196,13.017704,8.0,-21966.87,-13835.08
PF06/0055/L025,AQ,42.129236,13.014358,54.0,-21956.073,-14111.547
PF07/0055/L025,AQ,42.133339,13.01827,70.0,-21507.919,-13777.64
PF08/0055/L025,AQ,42.136436,13.013601,52.0,-21155.043,-14155.491
PF09/0055/L025,AQ,42.132172,13.014827,70.0,-21630.925,-14065.235
PF10/0055/L025,AQ,42.126804,13.015646,50.0,-22228.512,-14011.378
PF11/0055/L025,AQ,42.130787,13.010134,54.0,-21775.722,-14456.706
PF12/0055/L025,AQ,42.128148,13.011722,50.0,-22071.761,-14332.245
PF13/0055/L025,AQ,42.135154,13.017191,12.0,-21304.356,-13862.095
PF02/0056/L025,AQ,42.136112,13.021196,9.0,-21205.61,-13528.69
PF03/0056/L025,AQ,42.129652,13.034934,52.0,-21949.143,-12409.735
PF04/0056/L025,AQ,42.131315,13.03671,70.0,-21767.933,-12258.669
PF05/0056/L025,AQ,42.134592,13.024092,70.0,-21380.002,-13293.21
PF07/0056/L025,AQ,42.135726,13.026737,70.0,-21259.068,-13071.703
PF08/0056/L025,AQ,42.13589,13.031022,70.0,-21249.051,-12717.123
PF09/0056/L025,AQ,42.131399,13.0291,70.0,-21744.068,-12887.481
PF10/0056/L025,AQ,42.132398,13.0337,52.0,-21641.963,-12504.7
PF12/0056/L025,AQ,42.13158,13.021341,70.0,-21709.154,-13528.324
PF13/0056/L025,AQ,42.134904,13.036426,52.0,-21368.8,-12273.046
PF14/0056/L025,AQ,42.1331,13.026935,70.0,-21551.043,-13062.099
PF15/0056/L025,AQ,42.129039,13.024667,70.0,-21997.647,-13259.942
PF16/0056/L025,AQ,42.133265,13.039586,12.0,-21556.8,-12016.0
PF01/0057/L025,AQ,42.133233,13.042792,54.0,-21566.52,-11751.157
PF02/0057/L025,AQ,42.129165,13.041876,52.0,-22016.453,-11837.22
PF03/0057/L025,AQ,42.123314,13.054161,70.0,-22689.335,-10836.575
PF04/0057/L025,AQ,42.125528,13.04981,50.0,-22435.291,-11190.66
PF06/0057/L025,AQ,42.12277,13.05036,50.0,-22742.64,-11152.141
PF07/0057/L025,AQ,42.125045,13.043574,52.0,-22477.146,-11707.361
PF08/0057/L025,AQ,42.121496,13.045637,52.0,-22875.171,-11545.824
PF09/0057/L025,AQ,42.128375,13.049494,70.0,-22118.628,-11209.507
PF10/0057/L025,AQ,42.127112,13.04667,70.0,-22253.457,-11446.192
PF11/0057/L025,AQ,42.132052,13.045576,50.0,-21702.85,-11524.031
PF01/0058/L025,AQ,42.120919,12.9289,3.0,-22711.68,-21197.67
PF02/0058/L025,AQ,42.118462,12.952932,8.0,-23032.51,-19217.53
PF01/0060/L025,AQ,42.118136,12.981169,50.0,-23124.277,-16884.015
PF02/0060/L025,AQ,42.12221,12.975764,50.0,-22661.32,-17320.127
PF03/0060/L025,AQ,42.122227,12.980283,70.0,-22668.28,-16946.529
PF04/0060/L025,AQ,42.119589,12.978098,50.0,-22956.891,-17134.076
PF01/0062/L025,AQ,42.104838,13.043945,50.0,-24721.679,-11728.076
PF04/0062/L025,AQ,42.104052,13.051954,52.0,-24824.08,-11067.787
PF06/0062/L025,AQ,42.100905,13.047898,50.0,-25165.882,-11411.196
PF07/0062/L025,AQ,42.106155,13.048309,52.0,-24583.656,-11363.904
PF08/0062/L025,AQ,42.103603,13.047297,12.0,-24865.131,-11453.997
PF09/0062/L025,AQ,42.107114,13.042704,12.0,-24466.598,-11824.873
PF01/0063/L025,AQ,42.125965,13.004571,54.0,-22300.337,-14928.966
PF01/0064/L025,AQ,42.127343,13.007231,12.0,-22152.54,-14705.56
PF02/0064/L025,AQ,42.122058,13.018894,12.0,-22761.846,-13755.081
PF02/0065/L025,AQ,42.128344,13.0392,52.0,-22102.544,-12060.447
PF03/0065/L025,AQ,42.127135,13.036458,52.0,-22231.58,-12290.246
PF07/0065/L025,AQ,42.125938,13.023487,52.0,-22339.709,-13365.437
PF08/0065/L025,AQ,42.127002,13.020811,52.0,-22216.483,-13583.901
PF09/0065/L025,AQ,42.122749,13.022116,52.0,-22691.261,-13486.96
PF12/0065/L025,AQ,42.126314,13.040883,52.0,-22331.101,-11926.54
PF13/0065/L025,AQ,42.12475,13.03385,50.0,-22491.438,-12511.902
PF14/0065/L025,AQ,42.12317,13.031811,50.0,-22662.996,-12684.441
PF15/0065/L025,AQ,42.128226,13.028107,50.0,-22094.57,-12977.717
PF16/0065/L025,AQ,42.119251,13.029507,50.0,-23093.78,-12884.973
PF17/0065/L025,AQ,42.127166,13.031832,52.0,-22219.387,-12672.517
PF18/0065/L025,AQ,42.124177,13.026169,50.0,-22540.41,-13148.269
PF19/0065/L025,AQ,42.124498,13.038392,50.0,-22528.035,-12137.113
PF21/0065/L025,AQ,42.121246,13.026327,50.0,-22866.214,-13142.738
PF22/0065/L025,AQ,42.123324,13.028555,50.0,-22639.7,-12953.21
PF23/0065/L025,AQ,42.125612,13.028638,50.0,-22385.809,-12940.543
PF24/0065/L025,AQ,42.12561,13.022574,12.0,-22374.4,-13441.8
PF01/0066/L025,AQ,42.117199,13.046268,52.0,-23353.46,-11504.613
PF03/0066/L025,AQ,42.118716,13.044035,52.0,-23180.783,-11685.324
PF04/0066/L025,AQ,42.116144,13.043559,52.0,-23465.463,-11731.175
PF05/0066/L025,AQ,42.110694,13.04815,52.0,-24079.305,-11365.467
PF06/0066/L025,AQ,42.112231,13.045617,52.0,-23903.941,-11571.048
PF07/0066/L025,AQ,42.114638,13.045685,70.0,-23636.788,-11559.3
PF08/0066/L025,AQ,42.121837,13.040868,52.0,-22828.295,-11939.221
PF09/0066/L025,AQ,42.118256,13.040119,52.0,-23224.439,-12010.211
PF10/0066/L025,AQ,42.119248,13.0477,52.0,-23128.617,-11380.989
PF11/0066/L025,AQ,42.111746,13.041723,52.0,-23950.381,-11894.205
PF12/0066/L025,AQ,42.116266,13.043549,52.0,-23451.951,-11731.734
PF01/0067/L025,AQ,42.097369,12.929987,8.0,-25328.96,-21171.16
PF02/0067/L025,AQ,42.104028,12.943213,12.0,-24615.87,-20059.57
PF03/0067/L025,AQ,42.106762,12.932448,12.0,-24290.85,-20942.41
PF04/0067/L025,AQ,42.107013,12.927637,12.0,-24253.31,-21339.55
PF05/0067/L025,AQ,42.105033,12.93007,12.0,-24478.02,-21143.64
PF01/0068/L025,AQ,42.110358,12.965181,8.0,-23956.49,-18226.28
PF02/0068/L025,AQ,42.106976,12.946345,12.0,-24294.82,-19792.77
PF03/0068/L025,AQ,42.103014,12.947134,12.0,-24736.31,-19738.06
PF01/0069/L025,AQ,42.103777,13.055663,52.0,-24861.584,-10761.833
PF02/0069/L025,AQ,42.100701,13.056412,52.0,-25204.595,-10707.649
PF04/0069/L025,AQ,42.101637,13.062591,56.0,-25112.175,-10194.313
PF05/0069/L025,AQ,42.109888,13.064961,50.0,-24200.529,-9977.591
PF08/0069/L025,AQ,42.113465,13.060275,12.0,-23794.5,-10356.0
PF09/0069/L025,AQ,42.108541,13.062397,12.0,-24345.236,-10192.987
PF10/0069/L025,AQ,42.107121,13.058295,12.0,-24495.17,-10535.72
PF11/0069/L025,AQ,42.106732,13.06605,70.0,-24553.012,-9895.509
PF12/0069/L025,AQ,42.102838,13.058936,12.0,-24972.048,-10493.551
PF02/0070/L025,AQ,42.095974,13.067033,50.0,-25749.331,-9841.241
PF03/0070/L025,AQ,42.097357,13.062474,50.0,-25587.293,-10214.796
PF04/0070/L025,AQ,42.105427,13.068484,70.0,-24702.457,-9697.51
PF05/0070/L025,AQ,42.103673,13.066514,12.0,-24893.48,-9864.8
PF06/0070/L025,AQ,42.100402,13.066174,12.0,-25256.11,-9901.12
PF01/0071/L025,AQ,42.091872,13.072882,8.0,-26215.75,-9367.82
PF02/0071/L025,AQ,42.100908,13.073647,12.0,-25213.86,-9281.91
PF03/0071/L025,AQ,42.100908,13.073647,12.0,-25213.86,-9281.91
PF04/0071/L025,AQ,42.103257,13.081179,12.0,-24967.01,-8653.23
PF05/0071/L025,AQ,42.10401,13.074116,12.0,-24870.33,-9235.37
PF06/0071/L025,AQ,42.097346,13.072715,12.0,-25607.64,-9367.86
PF07/0071/L025,AQ,42.100199,13.078417,12.0,-25301.48,-8889.27
PF01/0074/L025,AQ,42.101824,13.054212,8.0,-25075.704,-10886.756
PF02/0074/L025,AQ,42.10122,13.051264,70.0,-25137.22,-11132.066
PF03/0074/L025,AQ,42.099483,13.055201,70.0,-25337.471,-10810.888
PF04/0074/L025,AQ,42.099035,13.059251,54.0,-25394.878,-10477.063
PF01/0075/L025,AQ,42.117082,13.015752,50.0,-23308.305,-14027.685
PF02/0075/L025,AQ,42.115806,13.018844,50.0,-23455.957,-13775.363
PF03/0075/L025,AQ,42.114619,13.016178,58.0,-23582.653,-13998.852
PF04/0075/L025,AQ,42.112919,13.018212,58.0,-23775.299,-13835.044
PF05/0075/L025,AQ,42.11734,13.021107,58.0,-23289.871,-13584.362
PF06/0075/L025,AQ,42.118312,13.018325,50.0,-23176.705,-13811.849
PF01/0077/L025,AQ,42.108667,13.040609,8.0,-24290.14,-11994.13
PF02/0077/L025,AQ,42.115903,13.034955,70.0,-23475.98,-12443.143
PF04/0077/L025,AQ,42.115776,13.037837,52.0,-23495.517,-12205.227
PF05/0077/L025,AQ,42.109954,13.035233,70.0,-24136.986,-12435.371
PF06/0077/L025,AQ,42.111371,13.037871,70.0,-23984.716,-12213.613
PF07/0077/L025,AQ,42.115399,13.029668,50.0,-23521.781,-12881.541
PF08/0077/L025,AQ,42.119036,13.033615,50.0,-23125.542,-12545.899
PF09/0077/L025,AQ,42.116862,13.031979,50.0,-23363.726,-12686.751
PF10/0077/L025,AQ,42.117834,13.036715,12.0,-23264.8,-12292.68
PF02/0078/L025,AQ,42.114455,13.052073,70.0,-23669.123,-11031.579
PF03/0078/L025,AQ,42.114595,13.048613,70.0,-23647.08,-11317.336
PF04/0078/L025,AQ,42.116612,13.050033,52.0,-23425.81,-11194.836
PF05/0078/L025,AQ,42.114236,13.054991,70.0,-23698.959,-10790.931
PF06/0078/L025,AQ,42.112285,13.050383,70.0,-23906.882,-11176.816
PF07/0078/L025,AQ,42.110684,13.052617,70.0,-24088.926,-10996.162
PF08/0078/L025,AQ,42.116022,13.056752,54.0,-23503.937,-10640.786
PF09/0078/L025,AQ,42.112346,13.056982,54.0,-23912.51,-10631.119
PF11/0078/L025,AQ,42.105903,13.054635,52.0,-24623.586,-10841.404
PF12/0078/L025,AQ,42.120329,13.050577,52.0,-23014.12,-11140.411
PF01/0079/L025,AQ,42.086717,13.047564,7.0,-26740.6,-11474.81
PF02/0079/L025,AQ,42.093694,13.052761,12.0,-25975.731,-11027.266
PF03/0079/L025,AQ,42.093743,13.048112,12.0,-25961.476,-11411.657
PF04/0079/L025,AQ,42.092105,13.050393,12.0,-26147.671,-11227.164
PF01/0080/L025,AQ,42.095416,13.060352,50.0,-25798.808,-10395.14
PF06/0004/L173,AQ,42.283812,13.369934,20.0,-5414.351,15607.009
PF12/0005/L173,AQ,42.281293,13.379892,50.0,-5709.787,16422.712
PF19/0005/L173,AQ,42.279238,13.375886,21.0,-5931.684,16088.062
PF07/0015/L173,AQ,42.25995,13.403471,12.0,-8116.404,18322.501
PF08/0015/L173,AQ,42.263406,13.396981,20.0,-7722.651,17794.429
PF07/0017/L173,AQ,42.259779,13.406346,21.0,-8139.907,18559.319
PF08/0017/L173,AQ,42.257051,13.412469,21.0,-8452.161,19058.73
PF04/0018/L173,AQ,42.258479,13.414884,21.0,-8297.329,19260.889
PF10/0022/L173,AQ,42.25727,13.401597,21.0,-8411.074,18162.393
PF11/0022/L173,AQ,42.258092,13.404738,21.0,-8324.651,18423.156
PF02/0026/L173,AQ,42.255679,13.410979,20.0,-8602.231,18932.974
PF04/0032/L173,AQ,42.287162,13.383737,70.0,-5064.09,16752.115
PF08/0032/L173,AQ,42.286977,13.379576,21.0,-5078.089,16408.679
PF01/0001/L227,AQ,42.414798,12.985531,52.0,9809.44,-15743.965
PF01/0002/L227,AQ,42.415044,12.992722,8.0,9822.73,-15151.6
PF02/0002/L227,AQ,42.410035,12.992022,70.0,9267.825,-15222.398
PF03/0002/L227,AQ,42.412878,12.98918,52.0,9589.115,-15448.778
PF04/0002/L227,AQ,42.415225,12.992377,70.0,9843.507,-15179.541
PF07/0002/L227,AQ,42.41167,12.986814,52.0,9459.594,-15646.655
PF08/0002/L227,AQ,42.407657,12.990886,70.0,9005.975,-15322.095
PF09/0002/L227,AQ,42.409576,12.988832,54.0,9223.133,-15486.109
PF10/0002/L227,AQ,42.415819,12.988422,70.0,9917.095,-15503.378
PF11/0002/L227,AQ,42.407643,12.987949,52.0,9010.194,-15563.794
PF12/0002/L227,AQ,42.405733,12.990548,12.0,8792.974,-15354.976
PF01/0003/L227,AQ,42.413717,12.996872,50.0,9667.348,-14813.61
PF02/0003/L227,AQ,42.412839,12.99217,50.0,9578.988,-15202.811
PF03/0003/L227,AQ,42.415127,12.993475,52.0,9830.511,-15089.436
PF04/0003/L227,AQ,42.416715,13.008624,70.0,9977.411,-13838.77
PF05/0003/L227,AQ,42.41533,13.005564,52.0,9829.536,-14094.152
PF06/0003/L227,AQ,42.414309,13.002304,50.0,9722.521,-14365.097
PF07/0003/L227,AQ,42.412409,13.000516,50.0,9515.009,-14517.209
PF08/0003/L227,AQ,42.409632,13.005089,50.0,9197.774,-14148.091
PF03/0004/L227,AQ,42.410766,12.999228,70.0,9335.073,-14627.485
PF04/0004/L227,AQ,42.404331,12.99613,70.0,8626.42,-14899.223
PF05/0004/L227,AQ,42.40275,12.998285,52.0,8446.737,-14726.063
PF06/0004/L227,AQ,42.403161,12.992095,52.0,8504.348,-15234.384
PF07/0004/L227,AQ,42.409463,12.994766,50.0,9199.009,-14998.026
PF08/0004/L227,AQ,42.404468,13.00318,12.0,8628.022,-14318.712
PF09/0004/L227,AQ,42.409036,13.002945,50.0,9135.693,-14326.083
PF10/0004/L227,AQ,42.407404,12.994096,70.0,8971.665,-15058.565
PF01/0005/L227,AQ,42.394762,12.978357,6.0,7598.58,-16387.22
PF02/0005/L227,AQ,42.399417,12.991949,8.0,8088.93,-15256.29
PF03/0005/L227,AQ,42.401847,12.995096,70.0,8352.683,-14990.845
PF04/0005/L227,AQ,42.39834,12.992163,70.0,7968.875,-15241.499
PF05/0005/L227,AQ,42.403077,12.990032,52.0,8499.115,-15404.426
PF06/0005/L227,AQ,42.391138,12.984813,50.0,7183.527,-15865.355
PF01/0006/L227,AQ,42.399233,12.997901,70.0,8056.906,-14766.825
PF02/0006/L227,AQ,42.401112,13.007829,70.0,8246.388,-13944.866
PF03/0006/L227,AQ,42.403385,13.007236,50.0,8499.877,-13987.757
PF05/0006/L227,AQ,42.400747,13.000967,70.0,8219.106,-14510.552
PF06/0006/L227,AQ,42.401722,13.004763,70.0,8320.045,-14195.574
PF07/0006/L227,AQ,42.406223,13.008109,70.0,8813.346,-13908.472
PF08/0006/L227,AQ,42.407834,13.006302,50.0,8995.732,-14053.026
PF01/0007/L227,AQ,42.395312,13.010638,50.0,7596.858,-13728.756
PF03/0007/L227,AQ,42.40021,13.012582,50.0,8137.043,-13556.03
PF04/0007/L227,AQ,42.396946,13.013833,52.0,7772.16,-13461.5
PF05/0007/L227,AQ,42.39644,12.997347,70.0,7747.87,-14819.747
PF06/0007/L227,AQ,42.396388,13.000993,70.0,7735.034,-14519.843
PF07/0007/L227,AQ,42.398455,13.002669,70.0,7961.324,-14376.471
PF08/0007/L227,AQ,42.395563,13.005726,70.0,7634.24,-14132.441
PF09/0007/L227,AQ,42.394111,13.013144,50.0,7458.731,-13525.579
PF10/0007/L227,AQ,42.398073,13.007332,50.0,7909.801,-13993.709
PF11/0007/L227,AQ,42.393344,12.998827,70.0,7401.218,-14706.077
PF12/0007/L227,AQ,42.394391,13.006267,12.0,7503.085,-14090.899
PF13/0007/L227,AQ,42.396751,13.010541,12.0,7756.9,-13733.0
PF01/0008/L227,AQ,42.375805,12.963947,7.0,5521.83,-17623.75
PF02/0008/L227,AQ,42.379468,12.981483,6.0,5894.07,-16170.31
PF03/0008/L227,AQ,42.388832,12.984694,50.0,6927.662,-15881.26
PF04/0008/L227,AQ,42.3895,12.979715,50.0,7011.529,-16289.334
PF05/0008/L227,AQ,42.378949,12.969346,50.0,5860.311,-17170.879
PF06/0008/L227,AQ,42.371908,12.984797,52.0,5048.166,-15917.339
PF07/0008/L227,AQ,42.378138,12.988067,12.0,5733.541,-15631.734
PF02/0009/L227,AQ,42.388131,12.997042,70.0,6825.798,-14866.616
PF03/0009/L227,AQ,42.373172,13.008205,70.0,5143.078,-13986.616
PF04/0009/L227,AQ,42.386846,12.986621,50.0,6703.333,-15727.846
PF05/0009/L227,AQ,42.383452,13.001106,52.0,6298.309,-14544.308
PF06/0009/L227,AQ,42.391348,12.996481,52.0,7184.042,-14904.389
PF09/0009/L227,AQ,42.379749,13.000893,52.0,5887.541,-14571.537
PF10/0009/L227,AQ,42.377217,13.004276,12.0,5599.828,-14299.58
PF11/0009/L227,AQ,42.386169,13.001224,70.0,6599.738,-14527.498
PF12/0009/L227,AQ,42.37279,13.002139,70.0,5112.294,-14487.097
PF14/0009/L227,AQ,42.395741,12.995228,70.0,7674.304,-14996.047
PF15/0009/L227,AQ,42.388605,12.987635,12.0,6896.678,-15639.753
PF16/0009/L227,AQ,42.383612,12.989841,12.0,6337.949,-15471.302
PF02/0010/L227,AQ,42.384208,13.009628,8.0,6365.74,-13840.77
PF03/0010/L227,AQ,42.39326,13.011511,50.0,7367.322,-13662.192
PF04/0010/L227,AQ,42.392299,13.009731,50.0,7263.993,-13811.241
PF06/0010/L227,AQ,42.392126,13.004009,70.0,7255.851,-14282.706
PF07/0010/L227,AQ,42.389339,13.010071,70.0,6934.69,-13790.927
PF08/0010/L227,AQ,42.386503,13.001389,50.0,6636.589,-14513.046
PF09/0010/L227,AQ,42.38521,13.007487,50.0,6481.138,-14014.434
PF10/0010/L227,AQ,42.387007,13.009212,52.0,6677.369,-13867.735
PF11/0010/L227,AQ,42.388715,13.006382,70.0,6872.478,-14096.288
PF12/0010/L227,AQ,42.383076,13.011923,52.0,6235.706,-13654.767
PF02/0011/L227,AQ,42.396924,13.016942,52.0,7763.72,-13205.673
PF03/0011/L227,AQ,42.393716,13.016137,52.0,7409.037,-13280.307
PF04/0011/L227,AQ,42.389228,13.022761,54.0,6897.942,-12746.646
PF05/0011/L227,AQ,42.388982,13.017472,52.0,6880.776,-13182.618
PF07/0011/L227,AQ,42.382669,13.016045,52.0,6182.542,-13316.459
PF08/0011/L227,AQ,42.38485,13.013907,52.0,6428.884,-13486.84
PF09/0011/L227,AQ,42.386455,13.017405,52.0,6600.361,-13194.694
PF10/0011/L227,AQ,42.390777,13.01197,52.0,7090.714,-13630.901
PF11/0011/L227,AQ,42.394979,13.016827,12.0,7547.961,-13220.21
PF01/0014/L227,AQ,42.379477,13.024722,8.0,5811.38,-12610.36
PF02/0014/L227,AQ,42.378038,13.026839,50.0,5647.547,-12439.808
PF03/0014/L227,AQ,42.378021,13.022792,52.0,5653.453,-12773.077
PF04/0014/L227,AQ,42.374494,13.029128,70.0,5249.669,-12260.488
PF05/0014/L227,AQ,42.380429,13.020943,52.0,5924.332,-12919.068
PF07/0014/L227,AQ,42.384407,13.025354,54.0,6357.677,-12545.68
PF08/0014/L227,AQ,42.378089,13.029844,54.0,5647.541,-12192.304
PF10/0014/L227,AQ,42.383638,13.021859,12.0,6278.93,-12835.37
PF01/0016/L227,AQ,42.346325,12.969594,8.0,2237.06,-17237.04
PF02/0016/L227,AQ,42.350304,12.972807,12.0,2672.6,-16961.8
PF03/0016/L227,AQ,42.346289,12.971984,50.0,2228.367,-17040.27
PF01/0017/L227,AQ,42.366235,12.975125,8.0,4437.06,-16728.78
PF02/0017/L227,AQ,42.376778,12.974992,50.0,5608.055,-16711.784
PF03/0017/L227,AQ,42.374796,12.973561,50.0,5390.878,-16834.891
PF04/0017/L227,AQ,42.372712,12.981625,52.0,5143.627,-16176.398
PF01/0018/L227,AQ,42.355014,12.983516,8.0,3174.62,-16067.32
PF02/0018/L227,AQ,42.353882,12.977083,52.0,3061.501,-16600.136
PF01/0019/L227,AQ,42.366815,12.986083,8.0,4480.08,-15824.91
PF02/0019/L227,AQ,42.355198,13.004523,6.0,3154.24,-14336.69
PF03/0019/L227,AQ,42.370465,12.982386,52.0,4892.635,-16119.694
PF02/0020/L227,AQ,42.366651,13.016154,50.0,4403.557,-13349.066
PF04/0020/L227,AQ,42.370594,13.009651,52.0,4853.981,-13874.284
PF05/0020/L227,AQ,42.370785,13.004035,12.0,4886.02,-14336.23
PF06/0020/L227,AQ,42.366674,13.000715,12.0,4435.92,-14620.35
PF01/0022/L227,AQ,42.362372,13.023974,8.0,3913.42,-12716.17
PF02/0022/L227,AQ,42.363595,13.024123,52.0,4048.928,-12700.732
PF03/0022/L227,AQ,42.361702,13.027433,52.0,3832.456,-12433.056
PF04/0022/L227,AQ,42.355599,13.018492,50.0,3171.891,-13185.109
PF05/0022/L227,AQ,42.36019,13.018985,70.0,3680.723,-13132.678
PF06/0022/L227,AQ,42.356756,13.0238,50.0,3290.131,-12744.97
PF07/0022/L227,AQ,42.365419,13.019793,50.0,4259.828,-13052.549
PF09/0022/L227,AQ,42.362869,13.019425,70.0,3977.344,-13089.458
PF10/0022/L227,AQ,42.361418,13.024626,52.0,3806.211,-12664.889
PF11/0022/L227,AQ,42.361137,13.028113,12.0,3768.35,-12378.5
PF13/0024/L227,AQ,42.350769,13.038518,70.0,2597.246,-11548.132
PF01/0025/L227,AQ,42.359514,13.036344,8.0,3572.45,-11704.8
PF02/0025/L227,AQ,42.362396,13.039074,52.0,3887.301,-11472.537
PF03/0025/L227,AQ,42.367225,13.036657,70.0,4428.089,-11659.235
PF05/0025/L227,AQ,42.369153,13.038982,50.0,4637.814,-11462.865
PF06/0025/L227,AQ,42.360057,13.039375,70.0,3626.954,-11453.773
PF01/0026/L227,AQ,42.353545,13.037665,70.0,2907.108,-11611.294
PF02/0026/L227,AQ,42.352206,13.040941,50.0,2752.197,-11344.869
PF03/0026/L227,AQ,42.349237,13.041504,52.0,2421.431,-11306.096
PF04/0026/L227,AQ,42.357472,13.038637,50.0,3341.383,-11521.211
PF02/0027/L227,AQ,42.342221,12.977169,50.0,1766.5,-16623.888
PF03/0027/L227,AQ,42.351623,12.981899,52.0,2801.256,-16209.442
PF04/0027/L227,AQ,42.348692,12.979849,70.0,2479.789,-16386.025
PF05/0027/L227,AQ,42.351149,12.978951,52.0,2754.427,-16453.574
PF06/0027/L227,AQ,42.349693,12.984606,50.0,2581.667,-15991.57
PF07/0027/L227,AQ,42.345523,12.981814,52.0,2124.001,-16232.588
PF08/0027/L227,AQ,42.343732,12.977772,50.0,1933.077,-16570.219
PF09/0027/L227,AQ,42.346164,12.978383,70.0,2201.923,-16513.5
PF10/0027/L227,AQ,42.341581,12.981446,52.0,1687.09,-16273.237
PF11/0027/L227,AQ,42.348184,12.974073,12.0,2434.698,-16863.13
PF01/0028/L227,AQ,42.334021,12.99358,7.0,823.93,-15293.5
PF02/0028/L227,AQ,42.343278,13.00367,8.0,1832.28,-14438.03
PF03/0028/L227,AQ,42.346215,12.983754,70.0,2197.086,-16070.949
PF01/0029/L227,AQ,42.333486,13.012336,8.0,728.21,-13749.6
PF02/0029/L227,AQ,42.333498,13.009802,8.0,734.41,-13958.28
PF03/0029/L227,AQ,42.345648,13.01856,50.0,2066.746,-13205.267
PF04/0029/L227,AQ,42.347642,13.020406,50.0,2284.617,-13048.086
PF01/0030/L227,AQ,42.345272,13.029552,6.0,2003.93,-12300.82
PF02/0030/L227,AQ,42.346501,13.024514,50.0,2150.045,-12712.674
PF03/0030/L227,AQ,42.344321,13.021894,50.0,1912.975,-12934.127
PF05/0030/L227,AQ,42.346128,13.041008,52.0,2077.203,-11354.919
PF06/0030/L227,AQ,42.340292,13.021753,12.0,1465.85,-12956.1
PF07/0030/L227,AQ,42.342676,13.020272,12.0,1733.45,-13071.98
PF01/0031/L227,AQ,42.34906,13.047845,50.0,2389.757,-10784.294
PF02/0031/L227,AQ,42.345692,13.04621,50.0,2018.951,-10927.58
PF03/0031/L227,AQ,42.350067,13.045764,50.0,2505.554,-10953.079
PF04/0031/L227,AQ,42.348971,13.045715,52.0,2383.957,-10959.978
PF05/0031/L227,AQ,42.346531,13.045291,52.0,2113.749,-11001.071
PF01/0032/L227,AQ,42.338023,13.04415,8.0,1171.21,-11116.83
PF02/0032/L227,AQ,42.335284,13.045899,50.0,863.762,-10979.694
PF03/0032/L227,AQ,42.335678,13.050279,52.0,899.201,-10617.827
PF04/0032/L227,AQ,42.338416,13.047318,50.0,1208.845,-10854.819
PF05/0032/L227,AQ,42.332561,13.052965,52.0,548.014,-10404.477
PF06/0032/L227,AQ,42.334625,13.055697,52.0,772.078,-10174.203
PF07/0032/L227,AQ,42.333449,13.049765,12.0,652.7,-10665.9
PF01/0033/L227,AQ,42.326638,13.035338,7.0,-76.28,-11871.98
PF02/0033/L227,AQ,42.303178,13.029361,6.0,-2669.93,-12424.81
PF01/0034/L227,AQ,42.301219,13.056589,7.0,-2939.09,-10185.42
PF02/0034/L227,AQ,42.317329,13.057869,7.0,-1152.62,-10039.06
PF04/0034/L227,AQ,42.329225,13.053444,70.0,176.709,-10373.481
PF05/0034/L227,AQ,42.320998,13.055824,12.0,-741.34,-10198.32
PF01/0035/L227,AQ,42.32986,13.058275,8.0,238.07,-9973.86
PF03/0035/L227,AQ,42.322162,13.06,50.0,-619.992,-9851.257
PF04/0035/L227,AQ,42.330198,13.059977,70.0,272.392,-9832.767
PF05/0035/L227,AQ,42.324823,13.056307,12.0,-317.57,-10148.75
PF01/0036/L227,AQ,42.317013,13.061804,54.0,-1195.077,-9715.554
PF02/0036/L227,AQ,42.315489,13.062723,54.0,-1366.046,-9643.708
PF03/0036/L227,AQ,42.314247,13.060612,54.0,-1500.026,-9820.788
PF04/0036/L227,AQ,42.317502,13.06045,12.0,-1138.283,-9825.974
PF02/0001/L334,AQ,42.057014,13.272949,8.0,-30440.19,7100.37
PF03/0001/L334,AQ,42.047416,13.261099,8.0,-31486.04,6098.09
PF04/0001/L334,AQ,42.038872,13.272666,52.0,-32454.16,7036.278
PF05/0001/L334,AQ,42.040395,13.269789,54.0,-32280.209,6801.58
PF06/0001/L334,AQ,42.070201,13.261667,70.0,-28956.966,6196.607
PF07/0001/L334,AQ,42.075558,13.255166,70.0,-28351.214,5670.875
PF09/0001/L334,AQ,42.043166,13.267802,52.0,-31969.194,6643.297
PF10/0001/L334,AQ,42.061341,13.268396,50.0,-29952.134,6733.383
PF11/0001/L334,AQ,42.047596,13.25643,52.0,-31458.159,5712.143
PF12/0001/L334,AQ,42.052444,13.26111,52.0,-30927.788,6110.414
PF13/0001/L334,AQ,42.052168,13.267181,52.0,-30968.623,6612.169
PF14/0001/L334,AQ,42.057363,13.261316,52.0,-30381.949,6138.52
PF15/0001/L334,AQ,42.056944,13.268296,52.0,-30440.22,6715.162
PF16/0001/L334,AQ,42.048195,13.261165,52.0,-31399.679,6105.336
PF17/0001/L334,AQ,42.042675,13.2558,52.0,-32003.521,5648.874
PF18/0001/L334,AQ,42.063116,13.263039,52.0,-29746.018,6294.141
PF19/0001/L334,AQ,42.047666,13.267864,54.0,-31469.604,6658.565
PF21/0001/L334,AQ,42.03906,13.258914,70.0,-32410.195,5898.369
PF23/0001/L334,AQ,42.072507,13.256326,70.0,-28691.988,5759.972
PF24/0001/L334,AQ,42.077043,13.25839,52.0,-28191.814,5940.911
PF25/0001/L334,AQ,42.060763,13.273149,52.0,-30024.192,7125.36
PF26/0001/L334,AQ,42.077075,13.255751,52.0,-28183.747,5722.737
PF27/0001/L334,AQ,42.054994,13.261091,52.0,-30644.545,6114.609
PF28/0001/L334,AQ,42.052522,13.255056,52.0,-30908.865,5609.538
PF29/0001/L334,AQ,42.050106,13.261562,52.0,-31188.15,6142.51
PF30/0001/L334,AQ,42.040665,13.26186,54.0,-32236.919,6145.859
PF31/0001/L334,AQ,42.074521,13.259371,52.0,-28473.434,6016.391
PF32/0001/L334,AQ,42.047826,13.264474,52.0,-31446.208,6378.344
PF33/0001/L334,AQ,42.08266,13.252672,70.0,-27558.364,5480.679
PF02/0002/L334,AQ,42.065467,13.274602,50.0,-29504.343,7256.093
PF03/0002/L334,AQ,42.071232,13.26622,70.0,-28850.171,6575.558
PF04/0002/L334,AQ,42.057024,13.281871,52.0,-30453.992,7838.667
PF05/0002/L334,AQ,42.057427,13.291093,50.0,-30424.53,8602.671
PF07/0002/L334,AQ,42.056686,13.273618,52.0,-30477.774,7155.001
PF08/0002/L334,AQ,42.050087,13.273923,70.0,-31211.003,7165.465
PF09/0002/L334,AQ,42.061662,13.278111,52.0,-29932.677,7537.94
PF10/0002/L334,AQ,42.053078,13.303855,9.0,-30928.438,9649.159
PF11/0002/L334,AQ,42.059622,13.297066,52.0,-30190.609,9101.846
PF14/0002/L334,AQ,42.061912,13.289856,50.0,-29924.417,8510.3
PF15/0002/L334,AQ,42.052971,13.273928,52.0,-30890.769,7172.342
PF16/0002/L334,AQ,42.068726,13.287112,70.0,-29163.338,8298.424
PF19/0002/L334,AQ,42.061827,13.281281,50.0,-29919.685,7800.622
PF20/0002/L334,AQ,42.061919,13.28529,50.0,-29916.135,8132.529
PF21/0002/L334,AQ,42.05748,13.286264,50.0,-30410.656,8203.191
PF22/0002/L334,AQ,42.068629,13.271105,70.0,-29147.355,6973.902
PF23/0002/L334,AQ,42.065951,13.284389,70.0,-29466.934,8066.937
PF24/0002/L334,AQ,42.052211,13.278295,70.0,-30982.411,7532.037
PF25/0002/L334,AQ,42.050123,13.279843,70.0,-31216.85,7655.443
PF26/0002/L334,AQ,42.055622,13.302814,52.0,-30644.257,9568.61
PF27/0002/L334,AQ,42.064051,13.285988,12.0,-29680.5,8195.0
PF28/0002/L334,AQ,42.052912,13.285725,50.0,-30916.927,8148.49
PF29/0002/L334,AQ,42.052738,13.281892,12.0,-30929.84,7830.85
PF30/0002/L334,AQ,42.052976,13.291468,50.0,-30919.363,8623.846
PF01/0003/L334,AQ,42.040561,13.281663,52.0,-32281.646,7784.752
PF03/0003/L334,AQ,42.038632,13.284482,54.0,-32500.519,8013.743
PF04/0003/L334,AQ,42.035518,13.292851,68.0,-32860.153,8699.64
PF06/0003/L334,AQ,42.03908,13.290009,54.0,-32459.934,8472.267
PF07/0003/L334,AQ,42.043853,13.28875,52.0,-31927.829,8378.621
PF08/0003/L334,AQ,42.03937,13.297328,68.0,-32439.775,9078.746
PF09/0003/L334,AQ,42.04765,13.27461,52.0,-31482.669,7216.816
PF10/0003/L334,AQ,42.043215,13.274087,52.0,-31974.265,7163.642
PF11/0003/L334,AQ,42.04851,13.292617,9.0,-31417.14,8709.021
PF13/0003/L334,AQ,42.048816,13.305157,9.0,-31403.839,9747.48
PF14/0003/L334,AQ,42.04639,13.297655,9.0,-31660.793,9121.301
PF15/0003/L334,AQ,42.043963,13.293213,9.0,-31922.954,8748.257
PF16/0003/L334,AQ,42.044047,13.298228,9.0,-31921.949,9163.557
PF18/0003/L334,AQ,42.039316,13.293998,9.0,-32440.334,8802.938
PF19/0003/L334,AQ,42.043386,13.281668,54.0,-31967.968,7791.436
PF20/0003/L334,AQ,42.048211,13.285524,54.0,-31438.582,8121.338
PF23/0003/L334,AQ,42.039839,13.305834,54.0,-32401.65,9783.833
PF24/0003/L334,AQ,42.037025,13.290117,54.0,-32688.218,8476.649
PF25/0003/L334,AQ,42.048635,13.297518,54.0,-31411.322,9114.94
PF27/0003/L334,AQ,42.048109,13.279775,12.0,-31440.4,7645.35
PF28/0003/L334,AQ,42.046222,13.292223,12.0,-31670.585,8671.335
PF29/0003/L334,AQ,42.037737,13.277902,12.0,-32588.9,7467.165
PF30/0003/L334,AQ,42.044339,13.305207,12.0,-31900.977,9741.819
PF31/0003/L334,AQ,42.046479,13.303019,12.0,-31659.742,9565.4
PF32/0003/L334,AQ,42.04023,13.276335,12.0,-32309.5,7343.0
PF33/0003/L334,AQ,42.038831,13.28092,12.0,-32472.5,7719.4
PF01/0004/L334,AQ,42.044787,13.324785,50.0,-31883.232,11363.123
PF02/0004/L334,AQ,42.044655,13.319708,54.0,-31889.622,10942.65
PF03/0004/L334,AQ,42.049125,13.321928,68.0,-31396.816,11136.173
PF04/0004/L334,AQ,42.03733,13.319346,70.0,-32702.293,10896.72
PF05/0004/L334,AQ,42.036482,13.323548,70.0,-32803.376,11242.664
PF06/0004/L334,AQ,42.039766,13.322421,70.0,-32436.862,11156.586
PF07/0004/L334,AQ,42.037044,13.333518,70.0,-32757.054,12069.195
PF08/0004/L334,AQ,42.04983,13.310428,9.0,-31299.853,10185.944
PF09/0004/L334,AQ,42.049892,13.31551,9.0,-31301.212,10606.678
PF10/0004/L334,AQ,42.046767,13.309883,9.0,-31639.026,10134.174
PF11/0004/L334,AQ,42.04546,13.330377,50.0,-31817.449,11827.46
PF12/0004/L334,AQ,42.041041,13.333398,50.0,-32313.044,12067.944
PF13/0004/L334,AQ,42.042474,13.309999,56.0,-32115.968,10134.3
PF14/0004/L334,AQ,42.044666,13.313481,56.0,-31878.269,10427.291
PF15/0004/L334,AQ,42.031461,13.327818,52.0,-33367.81,11585.235
PF16/0004/L334,AQ,42.036912,13.328899,70.0,-32764.214,11686.589
PF17/0004/L334,AQ,42.027797,13.333132,50.0,-33783.19,12017.208
PF18/0004/L334,AQ,42.038396,13.30868,54.0,-32566.554,10016.195
PF19/0004/L334,AQ,42.05277,13.3098,52.0,-30972.317,10140.476
PF20/0004/L334,AQ,42.049912,13.312715,12.0,-31294.45,10375.38
PF21/0004/L334,AQ,42.040859,13.325395,12.0,-32320.277,11405.086
PF22/0004/L334,AQ,42.041501,13.319422,12.0,-32239.372,10912.138
PF23/0004/L334,AQ,42.03008,13.335387,52.0,-33533.381,12208.833
PF24/0004/L334,AQ,42.049109,13.33264,12.0,-31416.001,12022.612
PF25/0004/L334,AQ,42.046859,13.313342,12.0,-31634.547,10420.581
PF26/0004/L334,AQ,42.026723,13.335426,12.0,-33906.165,12204.826
PF01/0005/L334,AQ,42.031439,13.248474,56.0,-33238.784,5016.91
PF05/0005/L334,AQ,42.034602,13.244065,70.0,-32880.087,4659.112
PF07/0005/L334,AQ,42.035406,13.249327,9.0,-32799.71,5096.59
PF08/0005/L334,AQ,42.034791,13.256079,9.0,-32879.45,5654.09
PF09/0005/L334,AQ,42.036411,13.262525,9.0,-32710.41,6191.31
PF10/0005/L334,AQ,42.032797,13.250752,56.0,-33091.833,5208.588
PF11/0005/L334,AQ,42.035004,13.26015,70.0,-32862.631,5991.561
PF15/0005/L334,AQ,42.037072,13.254695,70.0,-32623.788,5544.667
PF17/0005/L334,AQ,42.033839,13.263299,70.0,-32997.254,6249.589
PF18/0005/L334,AQ,42.030332,13.245761,70.0,-33357.101,4789.799
PF20/0005/L334,AQ,42.03113,13.253619,56.0,-33281.792,5442.142
PF21/0005/L334,AQ,42.030185,13.250419,70.0,-33381.283,5175.061
PF03/0006/L334,AQ,42.031673,13.256675,70.0,-33226.625,5696.333
PF04/0006/L334,AQ,42.027411,13.255872,52.0,-33698.484,5620.272
PF12/0006/L334,AQ,42.030157,13.265235,56.0,-33409.391,6401.597
PF14/0006/L334,AQ,42.03163,13.260193,9.0,-33237.38,5987.47
PF15/0006/L334,AQ,42.029132,13.253376,54.0,-33503.273,5417.467
PF16/0006/L334,AQ,42.02763,13.26058,56.0,-33682.15,6010.464
PF17/0006/L334,AQ,42.025892,13.248781,54.0,-33855.167,5029.724
PF18/0006/L334,AQ,42.02752,13.259924,12.0,-33693.213,5955.926
PF01/0007/L334,AQ,42.0358,13.275025,52.0,-32799.233,7224.621
PF03/0007/L334,AQ,42.033983,13.277181,70.0,-33004.577,7399.044
PF04/0007/L334,AQ,42.03607,13.271907,52.0,-32764.05,6967.18
PF08/0007/L334,AQ,42.030872,13.277521,70.0,-33350.54,7420.276
PF09/0007/L334,AQ,42.028844,13.271459,9.0,-33565.58,6913.9
PF10/0007/L334,AQ,42.029333,13.26787,56.0,-33505.251,6617.855
PF12/0007/L334,AQ,42.03034,13.269872,9.0,-33396.88,6785.86
PF13/0007/L334,AQ,42.035336,13.267021,56.0,-32837.345,6561.094
PF14/0007/L334,AQ,42.028844,13.271434,70.0,-33565.526,6911.768
PF15/0007/L334,AQ,42.03872,13.264806,54.0,-32457.898,6385.3
PF17/0007/L334,AQ,42.034107,13.264481,56.0,-32969.548,6348.042
PF19/0007/L334,AQ,42.025913,13.272206,9.0,-33892.27,6969.17
PF20/0007/L334,AQ,42.027566,13.272627,9.0,-33709.42,7007.71
PF21/0007/L334,AQ,42.034191,13.269596,9.0,-32968.75,6771.62
PF24/0007/L334,AQ,42.028211,13.27683,56.0,-33644.821,7357.073
PF25/0007/L334,AQ,42.027308,13.26825,54.0,-33730.75,6644.717
PF26/0007/L334,AQ,42.025355,13.267632,70.0,-33946.614,6589.231
PF27/0007/L334,AQ,42.033754,13.273567,68.0,-33023.961,7099.342
PF28/0007/L334,AQ,42.037854,13.268028,54.0,-32559.393,6650.095
PF29/0007/L334,AQ,42.036214,13.274919,56.0,-32753.007,7216.813
PF30/0007/L334,AQ,42.0317,13.27001,70.0,-33246.033,6800.303
PF31/0007/L334,AQ,42.031423,13.272766,70.0,-33281.473,7027.851
PF02/0008/L334,AQ,42.031926,13.278373,70.0,-33234.944,7493.112
PF04/0008/L334,AQ,42.033496,13.280041,70.0,-33063.35,7634.704
PF06/0008/L334,AQ,42.034804,13.281765,56.0,-32920.987,7780.323
PF07/0008/L334,AQ,42.035357,13.28048,70.0,-32857.478,7675.249
PF08/0008/L334,AQ,42.037244,13.280367,52.0,-32647.731,7670.109
PF11/0008/L334,AQ,42.036032,13.278537,70.0,-32779.238,7515.863
PF13/0008/L334,AQ,42.031598,13.281374,70.0,-33276.355,7740.814
PF01/0009/L334,AQ,42.033306,13.282993,8.0,-33089.36,7878.67
PF02/0009/L334,AQ,42.035977,13.28451,70.0,-32795.345,8010.222
PF03/0009/L334,AQ,42.034862,13.287358,70.0,-32923.84,8243.427
PF01/0010/L334,AQ,42.029749,13.286582,9.0,-33490.33,8167.83
PF03/0010/L334,AQ,42.034172,13.290341,68.0,-33005.368,8488.848
PF04/0010/L334,AQ,42.028338,13.289511,56.0,-33651.846,8407.19
PF05/0010/L334,AQ,42.035587,13.296438,68.0,-32858.424,8996.718
PF06/0010/L334,AQ,42.032018,13.286847,70.0,-33238.821,8194.811
PF01/0011/L334,AQ,42.029384,13.300126,6.0,-33553.16,9288.26
PF02/0011/L334,AQ,42.036815,13.309685,64.0,-32743.803,10095.926
PF03/0011/L334,AQ,42.036499,13.301001,70.0,-32764.57,9376.361
PF01/0012/L334,AQ,42.036488,13.314213,50.0,-32787.534,10470.014
PF02/0012/L334,AQ,42.034441,13.32233,12.0,-33028.0,11137.4
PF01/0013/L334,AQ,42.024286,13.2541,8.0,-34042.5,5466.42
PF04/0013/L334,AQ,42.019839,13.257822,54.0,-34542.555,5764.576
PF05/0013/L334,AQ,42.025497,13.258445,52.0,-33915.353,5828.897
PF06/0013/L334,AQ,42.024966,13.264208,52.0,-33984.046,6304.873
PF08/0013/L334,AQ,42.023605,13.261821,52.0,-34131.201,6104.167
PF09/0013/L334,AQ,42.018414,13.261016,54.0,-34706.197,6025.792
PF10/0013/L334,AQ,42.027987,13.26375,56.0,-33647.809,6273.707
PF11/0013/L334,AQ,42.020772,13.265016,12.0,-34451.122,6362.261
PF02/0014/L334,AQ,42.02996,13.279154,70.0,-33454.563,7553.424
PF04/0014/L334,AQ,42.027702,13.280376,9.0,-33707.311,7649.539
PF05/0014/L334,AQ,42.025307,13.280296,70.0,-33973.053,7637.528
PF07/0014/L334,AQ,42.024474,13.282804,9.0,-34069.742,7843.33
PF09/0014/L334,AQ,42.021522,13.281645,9.0,-34395.57,7740.8
PF10/0014/L334,AQ,42.018618,13.283095,9.0,-34720.49,7854.34
PF12/0014/L334,AQ,42.025813,13.275988,54.0,-33909.681,7282.012
PF13/0014/L334,AQ,42.020472,13.281306,56.0,-34511.618,7710.386
PF14/0014/L334,AQ,42.018257,13.277829,9.0,-34751.74,7417.56
PF15/0014/L334,AQ,42.022772,13.281396,9.0,-34256.43,7722.966
PF16/0014/L334,AQ,42.022155,13.283621,9.0,-34328.6,7905.79
PF17/0014/L334,AQ,42.023332,13.276296,70.0,-34185.697,7302.004
PF18/0014/L334,AQ,42.016509,13.286011,70.0,-34959.517,8091.128
PF01/0015/L334,AQ,42.031281,13.284281,70.0,-33316.363,7980.731
PF06/0015/L334,AQ,42.027479,13.286505,9.0,-33742.28,8156.42
PF07/0015/L334,AQ,42.025613,13.283977,56.0,-33945.24,7942.936
PF09/0015/L334,AQ,42.022542,13.284202,9.0,-34286.61,7954.73
PF11/0015/L334,AQ,42.020918,13.284824,8.0,-34468.01,8002.66
PF12/0015/L334,AQ,42.018868,13.287596,9.0,-34700.195,8227.587
PF13/0015/L334,AQ,42.02042,13.290948,56.0,-34533.435,8508.62
PF15/0015/L334,AQ,42.021677,13.288095,56.0,-34389.073,8275.163
PF16/0015/L334,AQ,42.028979,13.283518,56.0,-33570.714,7912.502
PF17/0015/L334,AQ,42.025783,13.287176,54.0,-33931.637,8208.189
PF18/0015/L334,AQ,42.020178,13.29418,54.0,-34565.66,8775.63
PF19/0015/L334,AQ,42.02565,13.290979,52.0,-33952.733,8522.75
PF20/0015/L334,AQ,42.023863,13.288994,56.0,-34147.861,8354.474
PF01/0017/L334,AQ,42.024045,13.337209,8.0,-34206.4,12346.68
PF02/0017/L334,AQ,42.025744,13.323273,50.0,-33995.197,11196.576
PF03/0017/L334,AQ,42.028219,13.323988,52.0,-33721.504,11261.115
PF04/0017/L334,AQ,42.028111,13.330166,52.0,-33743.585,11772.34
PF06/0017/L334,AQ,42.028394,13.321875,12.0,-33698.644,11086.563
PF02/0018/L334,AQ,42.013496,13.251791,70.0,-35236.74,5250.813
PF03/0018/L334,AQ,42.014419,13.246698,56.0,-35125.569,4831.171
PF04/0018/L334,AQ,42.01081,13.250326,70.0,-35532.506,5123.383
PF05/0018/L334,AQ,42.015794,13.249239,54.0,-34977.272,5044.726
PF06/0018/L334,AQ,42.0174,13.252823,54.0,-34804.995,5345.105
PF07/0018/L334,AQ,42.008958,13.244757,70.0,-35728.675,4657.986
PF08/0018/L334,AQ,42.012197,13.245694,10.0,-35370.64,4742.97
PF01/0019/L334,AQ,42.017334,13.26753,8.0,-34837.04,6562.75
PF02/0019/L334,AQ,42.014619,13.263126,50.0,-35131.122,6191.923
PF03/0019/L334,AQ,42.013661,13.267295,50.0,-35244.45,6535.04
PF04/0019/L334,AQ,42.017477,13.266558,52.0,-34819.5,6482.557
PF06/0019/L334,AQ,42.01449,13.258731,70.0,-35138.024,5827.736
PF07/0019/L334,AQ,42.016555,13.257509,54.0,-34906.667,5731.186
PF09/0019/L334,AQ,42.011956,13.257395,70.0,-35417.217,5711.4
PF10/0019/L334,AQ,42.010063,13.253875,12.0,-35621.431,5415.602
PF02/0020/L334,AQ,42.023178,13.272092,70.0,-34195.827,6953.525
PF03/0020/L334,AQ,42.020736,13.271647,70.0,-34466.225,6911.22
PF04/0020/L334,AQ,42.02133,13.274671,70.0,-34405.249,7162.927
PF05/0020/L334,AQ,42.016131,13.277179,9.0,-34986.767,7358.979
PF07/0020/L334,AQ,42.016553,13.271679,50.0,-34930.684,6904.488
PF08/0020/L334,AQ,42.023087,13.268741,70.0,-34200.269,6675.9
PF09/0020/L334,AQ,42.01439,13.27489,54.0,-35176.3,7165.555
PF01/0021/L334,AQ,42.014568,13.291465,56.0,-35184.089,8538.397
PF02/0021/L334,AQ,42.014079,13.29569,56.0,-35245.352,8887.202
PF03/0021/L334,AQ,42.016883,13.289038,9.0,-34923.028,8342.613
PF01/0022/L334,AQ,42.016167,13.30652,8.0,-35031.23,9788.58
PF01/0023/L334,AQ,42.011245,13.266258,50.0,-35511.02,6443.686
PF01/0024/L334,AQ,42.000722,13.273247,8.0,-36691.12,6998.9
PF02/0024/L334,AQ,42.002645,13.283087,56.0,-36494.018,7818.122
PF01/0025/L334,AQ,42.013934,13.281236,70.0,-35237.458,7690.012
PF02/0025/L334,AQ,42.008435,13.289569,9.0,-35861.856,8367.792
PF03/0025/L334,AQ,42.010694,13.276868,9.0,-35589.907,7321.064
PF04/0025/L334,AQ,42.007236,13.282945,9.0,-35984.06,7816.587
PF05/0025/L334,AQ,42.011216,13.28493,9.0,-35545.392,7989.82
PF06/0025/L334,AQ,42.003756,13.285747,9.0,-36375.08,8040.93
PF07/0025/L334,AQ,42.011089,13.281415,54.0,-35553.673,7698.477
PF01/0026/L334,AQ,41.999445,13.28922,56.0,-36859.54,8318.989
PF02/0026/L334,AQ,42.003753,13.286648,56.0,-36376.918,8115.519
PF01/0027/L334,AQ,42.01239,13.292619,54.0,-35427.805,8629.166
PF02/0027/L334,AQ,42.013436,13.289513,9.0,-35306.526,8374.272
PF03/0027/L334,AQ,42.00458,13.297487,9.0,-36303.005,9015.023
PF04/0027/L334,AQ,42.011068,13.289153,54.0,-35568.8,8339.199
PF05/0027/L334,AQ,42.006599,13.295602,56.0,-36075.73,8863.319
PF06/0027/L334,AQ,42.006809,13.299915,70.0,-36059.501,9221.008
PF07/0027/L334,AQ,42.002353,13.293333,56.0,-36543.426,8666.047
PF08/0027/L334,AQ,42.00989,13.29727,12.0,-35713.078,9008.796
PF09/0027/L334,AQ,42.009529,13.293126,12.0,-35746.255,8664.83
PF01/0028/L334,AQ,42.007316,13.303179,9.0,-36008.616,9492.391
PF02/0028/L334,AQ,42.0106,13.301159,9.0,-35640.578,9332.39
PF01/0030/L334,AQ,42.00019,13.299638,12.0,-36794.05,9183.43
PF01/0001/L958,AQ,42.039766,13.534264,8.0,-32759.12,28691.02
PF01/0003/L958,AQ,42.030556,13.542066,8.0,-33792.75,29319.35
PF01/0004/L958,AQ,42.03698,13.552803,6.0,-33094.59,30220.23
PF01/0005/L958,AQ,42.032264,13.563981,8.0,-33633.82,31136.67
PF02/0005/L958,AQ,42.035082,13.568199,12.0,-33326.772,31491.13
PF01/0006/L958,AQ,42.040744,13.569238,6.0,-32699.51,31587.6
PF02/0006/L958,AQ,42.039244,13.568199,12.0,-32864.673,31498.876
PF01/0007/L958,AQ,42.029274,13.57627,6.0,-33982.76,32148.43
PF02/0007/L958,AQ,42.02739,13.571986,12.0,-34186.054,31790.307
PF03/0007/L958,AQ,42.032087,13.568651,12.0,-33659.941,31522.941
PF04/0007/L958,AQ,42.034601,13.571734,12.0,-33385.048,31782.786
PF01/0011/L958,AQ,42.021681,13.561154,8.0,-34804.99,30882.9
PF03/0011/L958,AQ,42.017313,13.577333,70.0,-35312.388,32214.368
PF05/0011/L958,AQ,42.018101,13.572193,50.0,-35217.725,31790.281
PF06/0011/L958,AQ,42.016466,13.574235,70.0,-35402.096,31956.256
PF07/0011/L958,AQ,42.02206,13.574257,12.0,-34781.0,31968.5
PF02/0012/L958,AQ,42.017997,13.582518,52.0,-35243.579,32644.947
PF03/0012/L958,AQ,42.018815,13.586489,52.0,-35158.162,32975.209
PF04/0012/L958,AQ,42.023438,13.582056,12.0,-34638.72,32616.705
PF01/0013/L958,AQ,42.020956,13.594639,8.0,-34931.48,33653.92
PF02/0013/L958,AQ,42.016378,13.589402,70.0,-35432.73,33211.959
PF03/0013/L958,AQ,42.017356,13.593147,52.0,-35329.197,33523.875
PF04/0013/L958,AQ,42.01844,13.596043,52.0,-35212.799,33765.62
PF01/0016/L958,AQ,42.014076,13.532382,8.0,-35608.92,28486.25
PF03/0018/L958,AQ,42.014597,13.581457,50.0,-35619.573,32550.866
PF04/0018/L958,AQ,42.012601,13.585669,70.0,-35846.973,32895.963
PF05/0018/L958,AQ,42.012096,13.582228,52.0,-35898.369,32610.089
PF06/0018/L958,AQ,42.012992,13.579227,52.0,-35794.735,32363.235
PF07/0018/L958,AQ,42.013119,13.581088,70.0,-35783.222,32517.562
PF08/0018/L958,AQ,42.010115,13.585384,52.0,-36122.577,32867.772
PF07/0019/L958,AQ,42.016044,13.578966,70.0,-35455.479,32347.252
PF09/0019/L958,AQ,42.014975,13.577712,70.0,-35572.459,32241.4
PF16/0019/L958,AQ,42.010258,13.588776,70.0,-36111.399,33148.967
PF18/0019/L958,AQ,42.010997,13.591568,12.0,-36033.175,33381.501
PF19/0019/L958,AQ,42.015692,13.586468,12.0,-35504.86,32967.738
PF01/0020/L958,AQ,42.013874,13.589297,70.0,-35710.566,33198.703
PF04/0020/L958,AQ,42.014579,13.59264,70.0,-35636.878,33476.813
PF09/0020/L958,AQ,42.016054,13.596111,70.0,-35477.766,33766.852
PF01/0021/L958,AQ,42.012721,13.594273,52.0,-35845.452,33608.591
PF02/0022/L958,AQ,42.010199,13.597889,52.0,-36130.326,33903.415
PF03/0022/L958,AQ,42.007557,13.607805,56.0,-36437.108,34719.775
PF04/0022/L958,AQ,42.013014,13.597217,70.0,-35816.884,33852.904
PF01/0023/L958,AQ,42.010313,13.552798,8.0,-36055.52,30169.77
PF02/0023/L958,AQ,42.000947,13.56109,8.0,-37107.01,30838.9
PF01/0024/L958,AQ,42.007151,13.567822,8.0,-36427.6,31407.97
PF02/0024/L958,AQ,41.998546,13.571186,8.0,-37387.67,31670.65
PF03/0024/L958,AQ,42.004945,13.580892,8.0,-36690.49,32486.32
PF01/0026/L958,AQ,42.00649,13.596594,8.0,-36540.37,33789.44
PF03/0026/L958,AQ,42.007331,13.603192,54.0,-36455.942,34337.385
PF04/0026/L958,AQ,42.007342,13.599926,54.0,-36450.349,34066.979
PF05/0026/L958,AQ,42.003662,13.598942,50.0,-36857.621,33978.802
PF06/0026/L958,AQ,42.007756,13.590768,52.0,-36391.948,33309.323
PF07/0026/L958,AQ,42.006592,13.59707,50.0,-36529.706,33829.071
PF08/0026/L958,AQ,42.004828,13.603139,50.0,-36733.775,34328.465
PF01/0027/L958,AQ,42.004088,13.612144,12.0,-36828.152,35072.888
PF02/0027/L958,AQ,42.005612,13.609946,56.0,-36655.917,34893.632
PF01/0028/L958,AQ,41.995161,13.603677,8.0,-37807.92,34355.5
PF02/0028/L958,AQ,41.998759,13.604326,70.0,-37409.241,34415.756
PF03/0028/L958,AQ,41.995895,13.606227,70.0,-37729.839,34568.057
PF04/0028/L958,AQ,41.995918,13.60946,70.0,-37731.665,34835.909
PF05/0028/L958,AQ,42.001452,13.603881,50.0,-37109.655,34383.806
PF06/0028/L958,AQ,41.998031,13.608005,52.0,-37495.084,34719.173
PF01/0029/L958,AQ,41.992429,13.585354,8.0,-38086.35,32832.8
PF02/0029/L958,AQ,41.989267,13.594863,8.0,-38450.4,33614.72
PF03/0029/L958,AQ,41.98502,13.583951,8.0,-38907.06,32703.06
PF01/0030/L958,AQ,41.987811,13.569406,8.0,-38577.15,31503.25
PF02/0030/L958,AQ,41.992375,13.55126,6.0,-38045.1,30008.65
PF03/0007/M021,AQ,42.413647,13.512217,12.0,8787.81,27590.94
PF04/0007/M021,AQ,42.412021,13.51486,20.0,8603.408,27805.226
PF17/0010/M021,AQ,42.409753,13.513635,12.0,8353.318,27700.04
PF18/0010/M021,AQ,42.410267,13.50944,20.0,8416.471,27355.874
PF03/0011/M021,AQ,42.409329,13.516201,20.0,8302.568,27910.346
PF04/0013/M021,AQ,42.407616,13.513545,21.0,8116.182,27688.461
PF05/0014/M021,AQ,42.405863,13.525103,21.0,7904.92,28636.273
PF01/0018/M021,AQ,42.40884,13.506511,20.0,8262.232,27112.013
PF06/0019/M021,AQ,42.406951,13.504447,21.0,8055.507,26938.483
PF05/0021/M021,AQ,42.402333,13.510853,20.0,7533.421,27456.651
PF06/0021/M021,AQ,42.408168,13.508591,12.0,8184.598,27281.884
PF04/0026/M021,AQ,42.378393,13.527091,20.0,4851.815,28746.974
PF04/0001/M023,AQ,42.348505,13.261196,52.0,1946.648,6788.012
PF06/0001/M023,AQ,42.347571,13.264756,52.0,1836.92,7079.106
PF09/0001/M023,AQ,42.347622,13.2721,70.0,1830.331,7684.169
PF11/0001/M023,AQ,42.34501,13.273661,70.0,1537.621,7806.871
PF13/0001/M023,AQ,42.346084,13.271307,70.0,1660.863,7615.346
PF16/0001/M023,AQ,42.346506,13.270082,70.0,1709.777,7515.375
PF18/0001/M023,AQ,42.348318,13.267884,70.0,1914.642,7338.416
PF19/0001/M023,AQ,42.344883,13.268348,50.0,1532.457,7368.912
PF20/0001/M023,AQ,42.347336,13.266562,70.0,1807.832,7227.36
PF21/0001/M023,AQ,42.344827,13.265679,70.0,1530.704,7148.92
PF22/0001/M023,AQ,42.348812,13.262049,70.0,1979.329,6858.931
PF23/0001/M023,AQ,42.350339,13.265075,70.0,2143.783,7111.683
PF24/0001/M023,AQ,42.350244,13.269458,70.0,2125.941,7472.49
PF04/0002/M023,AQ,42.348897,13.273359,70.0,1969.769,7790.686
PF10/0002/M023,AQ,42.350008,13.275321,70.0,2089.872,7954.824
PF12/0002/M023,AQ,42.34633,13.283253,50.0,1668.26,8599.889
PF14/0002/M023,AQ,42.343491,13.285826,50.0,1348.758,8805.548
PF15/0002/M023,AQ,42.349392,13.27822,70.0,2016.653,8192.2
PF16/0002/M023,AQ,42.351708,13.276054,70.0,2277.431,8019.017
PF17/0002/M023,AQ,42.362098,13.254214,70.0,3467.892,6243.886
PF01/0003/M023,AQ,42.342526,13.256397,8.0,1290.86,6379.04
PF02/0003/M023,AQ,42.338331,13.27101,70.0,800.455,7573.38
PF03/0003/M023,AQ,42.344804,13.26569,52.0,1528.125,7149.745
PF04/0003/M023,AQ,42.34054,13.270069,52.0,1047.258,7500.857
PF01/0004/M023,AQ,42.345027,13.273427,8.0,1539.97,7787.56
PF02/0004/M023,AQ,42.344288,13.271152,70.0,1461.67,7598.567
PF04/0004/M023,AQ,42.342695,13.268414,70.0,1289.395,7369.408
PF07/0004/M023,AQ,42.34226,13.272202,70.0,1234.741,7680.469
PF08/0004/M023,AQ,42.343544,13.273256,70.0,1375.523,7770.196
PF10/0004/M023,AQ,42.342337,13.266169,70.0,1253.391,7183.663
PF01/0005/M023,AQ,42.341416,13.273685,70.0,1138.523,7800.669
PF02/0005/M023,AQ,42.335312,13.278751,70.0,452.256,8204.344
PF03/0005/M023,AQ,42.337194,13.276136,70.0,665.647,7993.135
PF05/0005/M023,AQ,42.336702,13.282673,70.0,600.076,8530.526
PF06/0005/M023,AQ,42.340758,13.280568,52.0,1053.949,8366.255
PF07/0005/M023,AQ,42.365015,13.250791,70.0,3797.592,5968.691
PF08/0005/M023,AQ,42.334955,13.274648,12.0,419.428,7865.51
PF09/0005/M023,AQ,42.336768,13.273635,12.0,622.53,7786.11
PF01/0001/M031,AQ,41.957049,13.381046,8.0,-41714.87,15835.35
PF02/0001/M031,AQ,42.005286,13.382634,8.0,-36361.38,16068.13
PF01/0002/M031,AQ,41.956221,13.362306,56.0,-41777.359,14280.435
PF01/0003/M031,AQ,41.956927,13.367235,9.0,-41706.757,14690.447
PF02/0003/M031,AQ,41.957875,13.370029,56.0,-41605.845,14923.973
PF01/0004/M031,AQ,41.955194,13.357347,8.0,-41883.46,13867.19
PF02/0004/M031,AQ,41.953462,13.358218,9.0,-42077.188,13935.696
PF01/0005/M031,AQ,41.950978,13.363133,70.0,-42360.815,14337.822
PF02/0005/M031,AQ,41.953534,13.36239,9.0,-42075.813,14281.676
PF08/0005/M031,AQ,41.953939,13.365499,70.0,-42035.791,14540.21
PF02/0006/M031,AQ,41.948584,13.363625,70.0,-42627.35,14373.49
PF14/0006/M031,AQ,41.942617,13.355686,7.0,-43277.31,13702.72
PF15/0006/M031,AQ,41.952974,13.355284,56.0,-42126.751,13691.501
PF16/0006/M031,AQ,41.947558,13.36108,54.0,-42737.236,14160.404
PF17/0006/M031,AQ,41.951846,13.360435,54.0,-42260.162,14116.029
PF18/0006/M031,AQ,41.947033,13.366368,12.0,-42803.923,14597.642
PF03/0007/M031,AQ,41.94845,13.368012,50.0,-42649.176,14736.868
PF04/0007/M031,AQ,41.950521,13.366078,70.0,-42416.167,14580.941
PF08/0007/M031,AQ,41.950682,13.370385,9.0,-42405.07,14938.297
PF01/0008/M031,AQ,41.95302,13.37159,9.0,-42147.41,15043.096
PF02/0008/M031,AQ,41.95059,13.376822,9.0,-42425.472,15471.679
PF03/0008/M031,AQ,41.94551,13.377752,9.0,-42990.941,15538.024
PF04/0008/M031,AQ,41.947592,13.373317,70.0,-42752.849,15174.794
PF05/0008/M031,AQ,41.946165,13.38189,52.0,-42924.741,15882.402
PF06/0008/M031,AQ,41.954176,13.375657,70.0,-42025.505,15382.649
PF07/0008/M031,AQ,41.94877,13.381112,70.0,-42634.26,15823.385
PF01/0009/M031,AQ,41.957808,13.402657,6.0,-41664.25,17628.0
PF02/0009/M031,AQ,41.946093,13.391704,8.0,-42948.01,16695.79
PF04/0010/M031,AQ,41.942196,13.371167,9.0,-43348.55,14985.2
PF05/0010/M031,AQ,41.942531,13.375299,9.0,-43317.948,15328.45
PF10/0010/M031,AQ,41.946661,13.369867,9.0,-42850.823,14886.878
PF15/0010/M031,AQ,41.944463,13.371854,8.0,-43097.97,15046.91
PF16/0010/M031,AQ,41.940728,13.373731,70.0,-43515.637,15194.62
PF01/0011/M031,AQ,41.94325,13.367136,56.0,-43225.195,14653.279
PF01/0012/M031,AQ,41.941077,13.381663,9.0,-43489.322,15852.974
PF02/0012/M031,AQ,41.943634,13.381892,52.0,-43205.823,15877.266
PF01/0013/M031,AQ,41.942383,13.422501,8.0,-43407.49,19241.08
PF01/0015/M031,AQ,41.941813,13.379126,9.0,-43403.597,15644.205
PF02/0015/M031,AQ,41.941909,13.381212,9.0,-43396.233,15817.317
PF01/0016/M031,AQ,41.937476,13.387558,9.0,-43898.323,16334.119
PF01/0017/M031,AQ,41.935372,13.392554,8.0,-44139.8,16743.92
PF02/0017/M031,AQ,41.931139,13.408463,8.0,-44634.35,18054.11
PF01/0018/M031,AQ,41.922524,13.367405,8.0,-45526.96,14631.71
PF02/0018/M031,AQ,41.931865,13.371075,8.0,-44495.58,14955.75
PF01/0020/M031,AQ,41.921095,13.412142,50.0,-45755.238,18338.539
PF02/0020/M031,AQ,41.924178,13.407691,50.0,-45406.162,17975.76
PF03/0020/M031,AQ,41.918964,13.413479,12.0,-45994.0,18445.0
PF01/0021/M031,AQ,41.920903,13.45027,6.0,-45834.41,21499.86
PF02/0021/M031,AQ,41.928869,13.435883,8.0,-44928.27,20322.98
PF03/0021/M031,AQ,41.917597,13.431878,8.0,-46173.77,19968.0
PF01/0022/M031,AQ,41.920165,13.356981,8.0,-45772.29,13762.32
PF02/0022/M031,AQ,41.914842,13.3722,6.0,-46387.47,15013.16
PF03/0022/M031,AQ,41.905648,13.368672,8.0,-47402.74,14701.12
PF01/0023/M031,AQ,41.902372,13.393921,7.0,-47806.01,16788.59
PF02/0023/M031,AQ,41.922388,13.392193,8.0,-45580.85,16686.95
PF03/0023/M031,AQ,42.475906,12.587369,12.0,17449.6,-48313.68
PF04/0023/M031,AQ,41.900654,13.403209,12.0,-48011.13,17555.52
PF05/0023/M031,AQ,41.898187,13.398297,12.0,-48277.49,17142.9
PF01/0024/M031,AQ,41.912383,13.417931,8.0,-46731.54,18800.68
PF02/0024/M031,AQ,41.912901,13.42184,12.0,-46680.0,19126.0
PF03/0024/M031,AQ,41.912552,13.414917,12.0,-46708.07,18551.13
PF01/0026/M031,AQ,41.906784,13.433224,8.0,-47376.46,20057.69
PF01/0027/M031,AQ,41.903457,13.462264,8.0,-47789.47,22459.79
PF02/0027/M031,AQ,41.9194,13.470659,8.0,-46031.74,23187.71
PF03/0027/M031,AQ,41.914803,13.450787,7.0,-46512.51,21530.49
PF01/0028/M031,AQ,41.900639,13.444198,8.0,-48075.37,20955.56
PF01/0029/M031,AQ,41.89529,13.46314,12.0,-48697.601,22516.16
PF02/0029/M031,AQ,41.895805,13.458981,12.0,-48634.259,22172.179
PF01/0030/M031,AQ,41.91111,13.484957,8.0,-46973.19,24357.08
PF02/0030/M031,AQ,41.889344,13.490625,70.0,-49398.292,24784.623
PF01/0031/M031,AQ,41.895688,13.398203,8.0,-48554.84,17129.92
PF01/0032/M031,AQ,41.897842,13.421529,8.0,-48351.54,19069.41
PF02/0032/M031,AQ,41.88823,13.41188,6.0,-49404.0,18249.24
PF01/0033/M031,AQ,41.886031,13.446154,8.0,-49700.28,21088.39
PF02/0033/M031,AQ,41.873097,13.438863,7.0,-51125.4,20457.37
PF01/0035/M031,AQ,41.890392,13.470185,8.0,-49251.92,23090.91
PF02/0035/M031,AQ,41.892473,13.463894,12.0,-49011.449,22573.15
PF01/0002/M041,AQ,41.904786,13.670399,8.0,-47930.48,39726.23
PF02/0002/M041,AQ,41.895292,13.669898,8.0,-48984.07,39668.31
PF01/0005/M041,AQ,41.902951,13.68114,8.0,-48148.02,40614.0
PF02/0005/M041,AQ,41.894578,13.686424,70.0,-49084.426,41038.026
PF03/0005/M041,AQ,41.896208,13.680855,70.0,-48896.369,40578.818
PF04/0005/M041,AQ,41.898172,13.685629,70.0,-48684.355,40978.196
PF01/0007/M041,AQ,41.887233,13.67158,8.0,-49881.04,39794.02
PF01/0008/M041,AQ,41.87982,13.675294,12.0,-50708.89,40089.46
PF02/0009/M041,AQ,41.882228,13.68734,50.0,-50456.803,41093.103
PF03/0009/M041,AQ,41.883865,13.69139,50.0,-50280.27,41431.9
PF04/0009/M041,AQ,41.884906,13.686801,50.0,-50158.802,41052.906
PF01/0011/M041,AQ,41.875457,13.673824,6.0,-51191.36,39960.0
PF02/0011/M041,AQ,41.869217,13.673826,8.0,-51884.2,39949.45
PF03/0011/M041,AQ,41.878263,13.672831,12.0,-50878.51,39882.42
PF04/0011/M041,AQ,41.876439,13.67631,12.0,-51085.51,40167.98
PF01/0012/M041,AQ,41.878415,13.688799,50.0,-50882.111,41207.694
PF02/0012/M041,AQ,41.875355,13.689295,50.0,-51222.476,41243.596
PF03/0012/M041,AQ,41.870574,13.69367,52.0,-51758.823,41598.588
PF01/0013/M041,AQ,41.858132,13.679825,54.0,-53122.719,40428.356
PF02/0013/M041,AQ,41.85971,13.68349,70.0,-52952.143,40735.293
PF03/0013/M041,AQ,41.863609,13.685629,52.0,-52521.948,40919.411
PF02/0014/M041,AQ,41.860264,13.689816,56.0,-52898.647,41261.32
PF03/0014/M041,AQ,41.86384,13.692605,54.0,-52505.16,41498.793
PF04/0014/M041,AQ,41.865519,13.692375,52.0,-52318.453,41482.615
PF05/0014/M041,AQ,41.860919,13.692956,70.0,-52829.928,41522.991
PF01/0015/M041,AQ,41.861023,13.696782,70.0,-52823.214,41840.751
PF02/0015/M041,AQ,41.862893,13.699285,52.0,-52618.722,42051.653
PF04/0015/M041,AQ,41.864584,13.696204,50.0,-52427.058,41798.8
PF05/0015/M041,AQ,41.859069,13.700333,52.0,-53044.642,42132.169
PF01/0016/M041,AQ,41.856348,13.668556,8.0,-53306.3,39489.9
PF02/0016/M041,AQ,41.857465,13.677216,54.0,-53193.384,40210.674
PF03/0016/M041,AQ,41.857023,13.674203,50.0,-53238.684,39959.774
PF04/0017/M041,AQ,41.857283,13.683307,70.0,-53221.417,40715.951
PF09/0017/M041,AQ,41.85764,13.686228,70.0,-53185.497,40959.009
PF16/0017/M041,AQ,41.859169,13.686084,70.0,-53015.511,40949.687
PF01/0018/M041,AQ,41.855625,13.684946,70.0,-53407.575,40849.208
PF03/0018/M041,AQ,41.857475,13.689384,70.0,-53207.762,41220.691
PF05/0018/M041,AQ,41.8572,13.69317,70.0,-53243.076,41534.477
PF09/0018/M041,AQ,41.855446,13.691095,70.0,-53435.297,41359.31
PF13/0018/M041,AQ,41.857697,13.697749,52.0,-53193.702,41915.419
PF15/0018/M041,AQ,41.855365,13.699956,9.0,-53455.396,42094.719
PF19/0018/M041,AQ,41.855487,13.696174,70.0,-53437.096,41780.966
PF01/0019/M041,AQ,41.850812,13.692387,52.0,-53951.409,41458.707
PF02/0019/M041,AQ,41.856425,13.680865,52.0,-53313.558,40511.793
PF03/0019/M041,AQ,41.854027,13.686576,12.0,-53587.1,40981.75
PF01/0001/M090,AQ,42.228341,13.523385,8.0,-11804.7,28152.67
PF01/0003/M090,AQ,42.223634,13.539118,8.0,-12349.8,29442.08
PF01/0004/M090,AQ,42.214207,13.545007,50.0,-13404.857,29910.238
PF02/0004/M090,AQ,42.2156,13.539603,50.0,-13242.514,29466.889
PF03/0004/M090,AQ,42.213088,13.540141,50.0,-13522.196,29506.487
PF01/0005/M090,AQ,42.227515,13.554814,8.0,-11940.97,30744.82
PF02/0005/M090,AQ,42.218448,13.560005,52.0,-12954.921,31156.207
PF03/0005/M090,AQ,42.223945,13.560759,52.0,-12345.584,31228.774
PF04/0005/M090,AQ,42.219683,13.556605,52.0,-12813.057,30877.865
PF05/0005/M090,AQ,42.221662,13.558158,52.0,-12595.542,31009.811
PF06/0005/M090,AQ,42.226366,13.561429,52.0,-12077.733,31288.575
PF07/0005/M090,AQ,42.226924,13.557921,52.0,-12010.891,31000.15
PF02/0006/M090,AQ,42.223079,13.572364,8.0,-12457.91,32184.92
PF03/0006/M090,AQ,42.215061,13.565962,50.0,-13339.285,31641.542
PF04/0006/M090,AQ,42.221053,13.562223,50.0,-12668.828,31344.118
PF05/0006/M090,AQ,42.221688,13.565388,50.0,-12602.667,31606.603
PF01/0007/M090,AQ,42.210987,13.522837,8.0,-13730.92,28074.11
PF01/0010/M090,AQ,42.216149,13.554006,52.0,-13201.886,30656.713
PF02/0010/M090,AQ,42.212002,13.558792,70.0,-13669.037,31043.969
PF04/0010/M090,AQ,42.209663,13.556324,70.0,-13925.247,30835.899
PF05/0010/M090,AQ,42.209309,13.560571,70.0,-13970.567,31185.814
PF07/0010/M090,AQ,42.206087,13.558398,70.0,-14325.227,31000.323
PF11/0010/M090,AQ,42.216183,13.553928,8.0,-13197.95,30650.32
PF12/0010/M090,AQ,42.209192,13.552965,70.0,-13972.878,30557.664
PF13/0010/M090,AQ,42.206876,13.551819,56.0,-14228.472,30458.739
PF14/0010/M090,AQ,42.214738,13.560211,50.0,-13367.143,31166.266
PF15/0010/M090,AQ,42.213191,13.552688,52.0,-13528.435,30542.335
PF16/0010/M090,AQ,42.205744,13.555276,12.0,-14358.941,30742.004
PF01/0011/M090,AQ,42.209694,13.573063,50.0,-13945.134,32217.748
PF02/0011/M090,AQ,42.206873,13.571681,50.0,-14256.405,32098.419
PF03/0011/M090,AQ,42.210068,13.569816,54.0,-13899.103,31950.356
PF05/0011/M090,AQ,42.216911,13.575331,12.0,-13146.878,32418.359
PF06/0011/M090,AQ,42.206844,13.571766,70.0,-14259.786,32105.37
PF07/0011/M090,AQ,42.208651,13.567822,54.0,-14053.66,31783.173
PF01/0012/M090,AQ,42.200892,13.531771,8.0,-14864.54,28792.28
PF01/0013/M090,AQ,42.206044,13.550309,52.0,-14318.7,30332.467
PF02/0013/M090,AQ,42.208913,13.549926,50.0,-13999.579,30306.339
PF03/0013/M090,AQ,42.20852,13.548685,52.0,-14041.466,30203.144
PF22/0014/M090,AQ,42.203368,13.54978,12.0,-14615.103,30283.745
PF01/0015/M090,AQ,42.198731,13.55065,8.0,-15131.19,30346.83
PF02/0015/M090,AQ,42.201656,13.556226,52.0,-14814.286,30812.695
PF01/0016/M090,AQ,42.204342,13.56382,52.0,-14526.617,31444.741
PF04/0016/M090,AQ,42.204175,13.569216,54.0,-14552.608,31889.866
PF05/0016/M090,AQ,42.212541,13.563911,70.0,-13616.314,31467.564
PF06/0016/M090,AQ,42.207562,13.562019,12.0,-14166.574,31302.026
PF02/0015/M255,AQ,42.2353,13.456534,20.0,-10934.233,22649.766
PF07/0016/M255,AQ,42.23313,13.465016,20.0,-11187.797,23345.409
PF03/0017/M255,AQ,42.230038,13.471344,70.0,-11540.605,23861.372
PF09/0017/M255,AQ,42.233619,13.47427,21.0,-11147.253,24109.945
PF12/0020/M255,AQ,42.220141,13.482007,70.0,-12655.297,24721.72
PF14/0020/M255,AQ,42.221587,13.479453,70.0,-12490.911,24513.847
PF15/0020/M255,AQ,42.223581,13.477501,21.0,-12266.643,24356.693
PF09/0021/M255,AQ,42.2274,13.477698,21.0,-11842.905,24380.532
PF01/0024/M255,AQ,42.216807,13.490029,20.0,-13037.178,25377.27
PF03/0025/M255,AQ,42.210838,13.499933,21.0,-13714.502,26183.088
