identificativo,provincia,lat_wgs84,lon_wgs84,quota,coord_nord,coord_est
PF01/0001/A106,CE,41.100941,14.170688,10.0,24302.0,10366.0
PF02/0001/A106,CE,41.099028,14.169063,50.0,24090.956,10227.507
PF06/0001/A106,CE,41.100277,14.178219,50.0,24222.372,10997.681
PF08/0001/A106,CE,41.096528,14.174579,50.0,23809.006,10688.107
PF10/0001/A106,CE,41.097388,14.179344,50.0,23900.743,11089.184
PF15/0001/A106,CE,41.094819,14.179857,50.0,23615.119,11129.578
PF16/0001/A106,CE,41.101999,14.175406,50.0,24415.749,10763.296
PF17/0001/A106,CE,41.095772,14.183449,50.0,23718.138,11432.211
PF02/0002/A106,CE,41.101197,14.182677,10.0,24321.0,11373.0
PF03/0002/A106,CE,41.101249,14.19,10.0,24321.0,11988.0
PF04/0002/A106,CE,41.10095,14.193611,10.0,24285.0,12291.0
PF05/0002/A106,CE,41.100379,14.179055,10.0,24233.0,11068.0
PF06/0002/A106,CE,41.100285,14.183498,10.0,24219.0,11441.0
PF07/0002/A106,CE,41.100144,14.187882,10.0,24200.0,11809.0
PF08/0002/A106,CE,41.098841,14.189612,10.0,24054.0,11953.0
PF09/0002/A106,CE,41.098316,14.184141,10.0,24000.0,11493.0
PF14/0002/A106,CE,41.093518,14.185488,50.0,23466.3,11601.116
PF15/0002/A106,CE,41.096904,14.186993,12.0,23841.0,11731.0
PF01/0003/A106,CE,41.096134,14.16495,10.0,23773.0,9879.0
PF03/0003/A106,CE,41.095963,14.171186,10.0,23749.0,10402.5
PF08/0003/A106,CE,41.094221,14.173261,10.0,23554.0,10575.0
PF11/0003/A106,CE,41.092307,14.171664,50.0,23342.776,10438.863
PF12/0003/A106,CE,41.090526,14.16099,50.0,23153.668,9540.46
PF13/0003/A106,CE,41.091968,14.173681,50.0,23303.507,10607.891
PF16/0003/A106,CE,41.089895,14.172054,50.0,23074.723,10469.003
PF19/0003/A106,CE,41.091767,14.176013,50.0,23279.329,10803.502
PF20/0003/A106,CE,41.08855,14.169823,50.0,22927.197,10280.227
PF21/0003/A106,CE,41.093734,14.167388,50.0,23504.612,10081.178
PF22/0003/A106,CE,41.092771,14.161978,50.0,23402.034,9625.783
PF01/0005/A106,CE,41.098276,14.193138,10.0,23988.5,12248.5
PF02/0005/A106,CE,41.097601,14.195724,10.0,23911.5,12465.0
PF03/0005/A106,CE,41.095241,14.191973,10.0,23652.5,12147.5
PF04/0005/A106,CE,40.930464,14.067391,20.0,5464.423,1489.279
PF07/0005/A106,CE,41.092455,14.187716,50.0,23346.513,11787.137
PF11/0005/A106,CE,41.089943,14.189793,70.0,23066.044,11959.006
PF01/0006/A106,CE,41.096995,14.19859,10.0,23842.0,12705.0
PF02/0006/A106,CE,41.089792,14.204356,10.0,23038.0,13182.0
PF05/0006/A106,CE,41.090992,14.200698,12.0,23174.0,12876.0
PF06/0006/A106,CE,41.091994,14.197287,50.0,23287.845,12590.522
PF07/0006/A106,CE,41.087628,14.20143,12.0,22800.0,12934.0
PF01/0007/A106,CE,41.087838,14.159874,50.0,22856.138,9443.845
PF02/0007/A106,CE,41.087739,14.157567,10.0,22847.0,9250.0
PF06/0007/A106,CE,41.084988,14.155853,10.0,22543.0,9103.0
PF08/0007/A106,CE,41.083149,14.155573,10.0,22339.0,9077.5
PF09/0007/A106,CE,41.081033,14.151341,50.0,22107.629,8719.791
PF10/0007/A106,CE,41.084031,14.158255,50.0,22434.823,9303.808
PF11/0007/A106,CE,41.08531,14.16164,12.0,22574.0,9589.5
PF12/0007/A106,CE,41.081984,14.154028,50.0,22211.0,8946.5
PF13/0007/A106,CE,41.08557,14.153122,50.0,22609.765,8874.259
PF01/0008/A106,CE,41.086848,14.170087,50.0,22737.977,10300.64
PF11/0008/A106,CE,41.077611,14.170264,50.0,21712.374,10305.683
PF12/0008/A106,CE,41.077083,14.161634,50.0,21660.685,9580.204
PF13/0008/A106,CE,41.072187,14.172202,50.0,21108.747,10462.822
PF14/0008/A106,CE,41.075342,14.163392,10.0,21466.0,9726.0
PF18/0008/A106,CE,41.072465,14.161572,50.0,21148.15,9570.027
PF19/0008/A106,CE,41.076421,14.167205,50.0,21582.733,10047.495
PF22/0008/A106,CE,41.081495,14.164399,50.0,22148.266,9817.124
PF23/0008/A106,CE,41.079472,14.167927,50.0,21920.922,10111.383
PF24/0008/A106,CE,41.085748,14.164891,12.0,22620.0,9863.0
PF25/0008/A106,CE,41.072871,14.165471,12.0,21190.0,9898.0
PF26/0008/A106,CE,41.082007,14.171511,50.0,22199.408,10415.069
PF01/0009/A106,CE,41.086203,14.174795,50.0,22662.607,10695.412
PF02/0009/A106,CE,41.084144,14.172716,50.0,22435.728,10518.564
PF04/0009/A106,CE,41.084184,14.18083,50.0,22433.655,11200.187
PF06/0009/A106,CE,41.082329,14.179216,50.0,22229.014,11062.664
PF07/0009/A106,CE,41.08221,14.182462,50.0,22213.281,11335.192
PF09/0009/A106,CE,41.080366,14.180274,50.0,22010.319,11149.494
PF11/0009/A106,CE,41.07831,14.178659,50.0,21783.324,11011.701
PF14/0009/A106,CE,41.078011,14.18408,50.0,21745.9,11466.766
PF16/0009/A106,CE,41.075231,14.071337,10.0,21532.0,1992.5
PF20/0009/A106,CE,41.07293,14.17498,10.0,21189.0,10697.0
PF23/0009/A106,CE,41.07455,14.173119,50.0,21370.293,10542.328
PF24/0009/A106,CE,41.075835,14.179096,50.0,21508.166,11045.805
PF25/0009/A106,CE,41.084056,14.177763,50.0,22421.977,10942.419
PF26/0009/A106,CE,41.082764,14.174717,50.0,22280.89,10685.184
PF27/0009/A106,CE,41.076759,14.173967,10.0,21614.88,10615.85
PF03/0010/A106,CE,41.084865,14.192685,50.0,22500.002,12196.685
PF05/0010/A106,CE,41.08478,14.185216,50.0,22496.368,11569.23
PF06/0010/A106,CE,41.083048,14.185645,50.0,22303.781,11603.452
PF08/0010/A106,CE,41.083597,14.191164,50.0,22360.41,12067.567
PF09/0010/A106,CE,41.083652,14.194812,50.0,22363.706,12374.045
PF11/0010/A106,CE,41.081532,14.184956,10.0,22136.0,11544.0
PF14/0010/A106,CE,41.081357,14.19105,50.0,22111.844,12055.708
PF18/0010/A106,CE,41.082913,14.200874,50.0,22276.953,12882.48
PF19/0010/A106,CE,41.081721,14.198775,50.0,22146.271,12705.005
PF20/0010/A106,CE,41.08515,14.189636,50.0,22534.019,11940.88
PF01/0011/A106,CE,41.09009,14.195712,50.0,23077.687,12456.24
PF05/0011/A106,CE,41.086614,14.197171,50.0,22690.686,12575.252
PF08/0011/A106,CE,41.087857,14.19478,50.0,22830.585,12375.717
PF09/0011/A106,CE,41.088749,14.198385,50.0,22926.792,12679.379
PF10/0011/A106,CE,41.083386,14.205784,50.0,22325.682,13295.439
PF11/0011/A106,CE,41.0856,14.199777,50.0,22576.144,12793.137
PF06/0012/A106,CE,41.07402,14.158124,50.0,21323.5,9282.0
PF07/0012/A106,CE,41.079729,14.149636,50.0,21964.263,8575.112
PF08/0012/A106,CE,41.078849,14.154258,50.0,21862.766,8962.444
PF09/0012/A106,CE,41.076269,14.148591,50.0,21581.002,8483.578
PF10/0012/A106,CE,41.074811,14.145132,50.0,21421.907,8191.458
PF11/0012/A106,CE,41.071551,14.158715,12.0,21049.0,9329.0
PF12/0012/A106,CE,41.074272,14.153764,12.0,21355.0,8916.0
PF01/0013/A106,CE,41.069045,14.136055,50.0,20789.396,7422.499
PF05/0013/A106,CE,41.062239,14.134626,12.0,20035.0,7295.0
PF06/0013/A106,CE,41.063681,14.131096,12.0,20198.0,7000.0
PF07/0013/A106,CE,41.068169,14.131783,50.0,20695.649,7062.65
PF08/0013/A106,CE,41.065824,14.138647,50.0,20429.668,7636.747
PF01/0014/A106,CE,41.067269,14.146201,50.0,20583.762,8273.005
PF02/0014/A106,CE,41.071492,14.143215,50.0,21055.062,8026.796
PF01/0015/A106,CE,41.071267,14.177523,50.0,21002.324,10908.83
PF01/0001/A200,CE,41.062089,14.286929,8.0,19902.51,20092.14
PF02/0001/A200,CE,41.071851,14.29033,8.0,20983.93,20386.68
PF03/0001/A200,CE,41.070095,14.300979,8.0,20781.7,21279.75
PF01/0003/A200,CE,41.058276,14.28281,50.0,19482.0,19742.5
PF03/0003/A200,CE,41.055414,14.285484,50.0,19162.432,19964.655
PF05/0003/A200,CE,41.050574,14.28505,8.0,18625.42,19923.77
PF07/0003/A200,CE,41.051196,14.288728,50.0,18692.041,20233.437
PF08/0003/A200,CE,41.05705,14.289886,50.0,19341.073,20335.992
PF09/0003/A200,CE,41.055557,14.291511,50.0,19174.237,20471.239
PF11/0003/A200,CE,41.547052,14.316295,50.0,73722.621,22983.807
PF12/0003/A200,CE,41.053708,14.294378,10.0,18967.0,20710.5
PF13/0003/A200,CE,41.051468,14.294091,50.0,18718.548,20684.39
PF14/0003/A200,CE,41.053723,14.29651,50.0,18967.249,20889.666
PF15/0003/A200,CE,41.058299,14.29681,10.0,19475.0,20919.0
PF19/0003/A200,CE,41.053541,14.286949,50.0,18953.508,20086.029
PF20/0003/A200,CE,41.053111,14.291625,50.0,18902.563,20478.591
PF01/0004/A200,CE,41.058748,14.324302,60.0,19506.599,23229.529
PF02/0004/A200,CE,41.078701,14.329913,10.0,21718.0,23718.0
PF03/0004/A200,CE,41.059469,14.309294,10.0,19596.5,21969.0
PF04/0004/A200,CE,41.059287,14.313628,50.0,19573.385,22333.032
PF05/0004/A200,CE,41.056993,14.325087,32.0,19311.212,23293.922
PF06/0004/A200,CE,41.057883,14.304009,10.0,19424.0,21523.5
PF07/0004/A200,CE,41.056502,14.305802,10.0,19269.5,21673.0
PF08/0004/A200,CE,41.057419,14.332098,32.0,19354.04,23883.481
PF09/0004/A200,CE,41.057351,14.311989,50.0,19359.619,22193.639
PF10/0004/A200,CE,41.054942,14.29872,10.0,19101.0,21076.5
PF11/0004/A200,CE,41.055449,14.302967,50.0,19154.517,21433.85
PF13/0004/A200,CE,41.054942,14.314109,50.0,19090.796,22369.631
PF18/0004/A200,CE,41.052303,14.314102,50.0,18797.835,22366.748
PF20/0004/A200,CE,41.056112,14.300779,50.0,19229.503,21250.509
PF21/0004/A200,CE,41.053802,14.298805,50.0,18974.432,21082.605
PF23/0004/A200,CE,41.054256,14.306473,50.0,19019.646,21727.343
PF24/0004/A200,CE,41.055132,14.309381,12.0,19115.0,21972.5
PF25/0004/A200,CE,41.052209,14.302899,50.0,18794.782,21425.259
PF26/0004/A200,CE,41.052628,14.309911,50.0,18836.67,22014.9
PF02/0005/A200,CE,41.062802,14.322196,10.0,19958.0,23056.0
PF03/0005/A200,CE,41.060993,14.314706,50.0,19762.114,22425.15
PF09/0005/A200,CE,41.056402,14.323419,50.0,19246.726,23153.305
PF11/0005/A200,CE,41.055086,14.320384,50.0,19102.609,22897.113
PF13/0005/A200,CE,41.055167,14.315793,50.0,19114.599,22511.415
PF14/0005/A200,CE,41.054201,14.324339,50.0,19001.821,23228.684
PF16/0005/A200,CE,41.057503,14.319747,50.0,19371.339,22845.687
PF17/0005/A200,CE,41.060255,14.323629,50.0,19674.348,23174.286
PF18/0005/A200,CE,41.065212,14.320017,12.0,20227.0,22875.0
PF02/0006/A200,CE,41.052181,14.319843,50.0,18780.46,22849.158
PF05/0006/A200,CE,41.048606,14.31711,50.0,18385.409,22616.33
PF07/0006/A200,CE,41.050189,14.32481,50.0,18556.096,23264.845
PF09/0006/A200,CE,41.04948,14.328142,50.0,18475.265,23544.209
PF10/0006/A200,CE,41.048231,14.328961,10.0,18336.0,23612.0
PF11/0006/A200,CE,41.052934,14.328767,50.0,18858.29,23599.704
PF13/0006/A200,CE,41.047816,14.330488,50.0,18289.016,23739.978
PF14/0006/A200,CE,41.050271,14.316383,50.0,18570.711,22556.718
PF02/0007/A200,CE,41.044734,14.276315,50.0,17983.169,19184.254
PF03/0007/A200,CE,41.044071,14.272687,50.0,17912.181,18878.728
PF05/0007/A200,CE,41.043431,14.287691,50.0,17830.706,20139.19
PF06/0007/A200,CE,41.04112,14.284967,50.0,17576.059,19908.13
PF07/0007/A200,CE,41.044163,14.281083,50.0,17916.49,19584.513
PF09/0007/A200,CE,41.047267,14.282492,50.0,18260.147,19705.714
PF10/0007/A200,CE,41.048613,14.279145,50.0,18411.827,19425.689
PF11/0007/A200,CE,41.041953,14.277133,50.0,17673.932,19250.464
PF12/0007/A200,CE,41.046999,14.276858,50.0,18234.283,19232.026
PF13/0007/A200,CE,41.046089,14.284258,12.0,18128.12,19853.11
PF14/0007/A200,CE,41.047901,14.285555,12.0,18328.44,19963.73
PF01/0008/A200,CE,41.049557,14.293288,50.0,18506.958,20615.153
PF02/0008/A200,CE,41.046769,14.292709,50.0,18197.84,20563.997
PF03/0008/A200,CE,41.047828,14.295869,50.0,18313.26,20830.536
PF04/0008/A200,CE,41.044162,14.293525,50.0,17907.808,20630.23
PF05/0008/A200,CE,41.045138,14.296147,50.0,18014.386,20851.471
PF07/0008/A200,CE,41.042019,14.294855,50.0,17669.016,20740.054
PF08/0008/A200,CE,41.041925,14.299608,50.0,17655.41,21139.507
PF09/0008/A200,CE,41.04027,14.291819,50.0,17476.947,20483.311
PF11/0008/A200,CE,41.039867,14.297976,50.0,17427.982,21000.501
PF13/0008/A200,CE,41.036848,14.293869,50.0,17095.649,20652.541
PF14/0008/A200,CE,41.037005,14.297944,50.0,17110.281,20995.204
PF16/0008/A200,CE,41.046366,14.28859,50.0,18155.892,20217.463
PF17/0008/A200,CE,41.049021,14.287762,50.0,18451.195,20150.242
PF20/0008/A200,CE,41.048878,14.291705,50.0,18432.605,20481.477
PF21/0008/A200,CE,41.042527,14.290874,50.0,17728.134,20405.936
PF01/0009/A200,CE,41.050224,14.301315,50.0,18575.565,21290.376
PF03/0009/A200,CE,41.04712,14.30276,50.0,18230.0,21409.0
PF05/0009/A200,CE,41.046311,14.301932,50.0,18140.77,21338.758
PF06/0009/A200,CE,41.04398,14.301599,50.0,17882.171,21308.65
PF07/0009/A200,CE,41.045871,14.305781,50.0,18089.257,21661.813
PF08/0009/A200,CE,41.041311,14.302449,50.0,17585.345,21377.736
PF09/0009/A200,CE,41.042242,14.304257,50.0,17687.487,21530.556
PF11/0009/A200,CE,41.040742,14.304136,10.0,17521.0,21519.0
PF12/0009/A200,CE,41.038892,14.30308,50.0,17316.312,21428.578
PF13/0009/A200,CE,41.04206,14.299176,50.0,17670.65,21103.3
PF14/0009/A200,CE,41.04831,14.298196,50.0,18365.113,21026.499
PF15/0009/A200,CE,41.046139,14.299281,50.0,18123.368,21115.753
PF01/0010/A200,CE,41.049752,14.304391,50.0,18521.085,21548.399
PF02/0010/A200,CE,41.048675,14.307557,50.0,18399.375,21813.537
PF04/0010/A200,CE,41.049087,14.313833,50.0,18440.993,22341.333
PF06/0010/A200,CE,41.048599,14.311491,50.0,18388.309,22144.076
PF07/0010/A200,CE,41.047013,14.308045,50.0,18214.621,21853.067
PF09/0010/A200,CE,41.046831,14.312284,50.0,18191.563,22209.247
PF10/0010/A200,CE,41.043379,14.310797,50.0,17809.294,22081.18
PF11/0010/A200,CE,41.045369,14.315512,50.0,18027.146,22479.268
PF12/0010/A200,CE,41.042895,14.307923,50.0,17757.483,21839.182
PF13/0010/A200,CE,41.042404,14.31069,50.0,17701.173,22071.338
PF15/0010/A200,CE,41.040948,14.308007,8.0,17541.33,21844.58
PF16/0010/A200,CE,41.04482,14.308591,50.0,17970.724,21897.094
PF17/0010/A200,CE,41.04533,14.310747,50.0,18025.955,22078.705
PF19/0010/A200,CE,41.048308,14.308661,50.0,18357.914,21906.05
PF04/0011/A200,CE,41.045175,14.327767,50.0,17997.601,23509.075
PF05/0011/A200,CE,41.045746,14.321532,50.0,18065.006,22985.486
PF06/0011/A200,CE,41.045131,14.317599,50.0,17999.287,22654.416
PF07/0011/A200,CE,41.040217,14.322776,50.0,17450.423,23085.295
PF08/0011/A200,CE,41.0435,14.325075,50.0,17813.369,23281.361
PF09/0011/A200,CE,41.040229,14.312249,50.0,17458.644,22200.485
PF10/0011/A200,CE,41.045913,14.332281,50.0,18076.567,23889.034
PF11/0011/A200,CE,41.04298,14.33145,50.0,17751.463,23816.734
PF12/0011/A200,CE,41.045602,14.322564,50.0,18048.399,23072.108
PF14/0011/A200,CE,41.041832,14.334812,50.0,17621.854,24098.285
PF15/0011/A200,CE,41.040831,14.328112,50.0,17515.101,23534.329
PF16/0011/A200,CE,41.042962,14.322182,50.0,17755.477,23037.769
PF17/0011/A200,CE,41.046589,14.324648,50.0,18156.568,23248.108
PF18/0011/A200,CE,41.047395,14.323241,50.0,18246.917,23130.606
PF03/0012/A200,CE,41.035122,14.281515,50.0,16912.489,19612.568
PF04/0012/A200,CE,41.039669,14.271352,50.0,17424.41,18762.469
PF05/0012/A200,CE,41.040993,14.273079,70.0,17570.206,18908.818
PF06/0012/A200,CE,41.038897,14.275941,50.0,17335.452,19147.43
PF07/0012/A200,CE,41.036074,14.270592,60.0,17025.8,18695.244
PF08/0012/A200,CE,41.037214,14.289154,50.0,17139.513,20256.576
PF09/0012/A200,CE,41.037592,14.281219,50.0,17186.922,19589.882
PF10/0012/A200,CE,41.035998,14.270631,50.0,17017.427,18698.439
PF02/0013/A200,CE,41.03784,14.303889,50.0,17199.004,21495.729
PF03/0013/A200,CE,41.034809,14.311527,50.0,16857.465,22135.013
PF05/0013/A200,CE,41.034613,14.309527,50.0,16837.047,21966.763
PF06/0013/A200,CE,41.035459,14.302744,50.0,16935.478,21397.3
PF07/0013/A200,CE,41.032708,14.311999,50.0,16623.899,22172.924
PF09/0013/A200,CE,41.031544,14.309735,50.0,16496.213,21981.507
PF10/0013/A200,CE,41.038402,14.308764,50.0,17258.136,21905.916
PF11/0013/A200,CE,41.040582,14.307662,50.0,17500.846,21815.217
PF12/0013/A200,CE,41.039749,14.305118,50.0,17410.082,21600.719
PF14/0013/A200,CE,41.037647,14.314683,50.0,17170.354,22402.854
PF15/0013/A200,CE,41.035286,14.306494,50.0,16913.709,21712.367
PF16/0013/A200,CE,41.037976,14.299436,50.0,17217.06,21121.495
PF17/0013/A200,CE,41.041127,14.312292,50.0,17558.357,22204.901
PF01/0014/A200,CE,41.039949,14.319553,50.0,17422.709,22814.19
PF03/0014/A200,CE,41.038637,14.3222,50.0,17275.43,23035.485
PF04/0014/A200,CE,41.037359,14.325193,10.0,17131.5,23286.0
PF05/0014/A200,CE,41.037824,14.318027,50.0,17187.836,22684.031
PF06/0014/A200,CE,41.036592,14.323558,50.0,17047.49,23147.908
PF07/0014/A200,CE,41.036111,14.318331,50.0,16997.437,22708.132
PF09/0014/A200,CE,41.033594,14.321041,50.0,16716.334,22933.727
PF10/0014/A200,CE,41.03431,14.317061,50.0,16798.43,22599.786
PF11/0014/A200,CE,41.032431,14.319878,10.0,16588.0,22835.0
PF12/0014/A200,CE,41.032021,14.31473,50.0,16545.839,22401.883
PF13/0014/A200,CE,41.030946,14.318156,50.0,16424.225,22688.936
PF14/0014/A200,CE,41.04804,14.330649,50.0,18313.722,23753.724
PF15/0014/A200,CE,41.044961,14.328811,50.0,17973.167,23596.605
PF16/0014/A200,CE,41.036498,14.322129,50.0,17037.986,23027.714
PF17/0014/A200,CE,41.040334,14.316679,50.0,17467.372,22572.912
PF50/0014/A200,CE,41.04122,14.320677,50.0,17563.116,22909.73
PF01/0015/A200,CE,41.041063,14.336653,50.0,17535.369,24252.394
PF02/0015/A200,CE,41.039453,14.334081,50.0,17358.229,24034.852
PF03/0015/A200,CE,41.038651,14.331297,50.0,17271.066,23800.219
PF04/0015/A200,CE,41.03841,14.326945,50.0,17247.074,23434.197
PF06/0015/A200,CE,41.039559,14.337631,50.0,17367.75,24333.35
PF07/0015/A200,CE,41.046112,14.315625,50.0,18109.519,22489.383
PF08/0015/A200,CE,41.037754,14.338815,50.0,17166.624,24431.389
PF09/0015/A200,CE,41.036462,14.333235,50.0,17026.778,23961.222
PF11/0015/A200,CE,41.036707,14.33689,50.0,17051.662,24268.687
PF12/0015/A200,CE,41.034658,14.334011,50.0,16825.976,24024.943
PF13/0015/A200,CE,41.034794,14.335752,50.0,16839.967,24171.355
PF16/0015/A200,CE,41.048669,14.321828,50.0,18389.257,23012.942
PF17/0015/A200,CE,41.036291,14.330207,50.0,17009.684,23706.556
PF18/0015/A200,CE,41.033984,14.329139,50.0,16754.268,23614.845
PF19/0015/A200,CE,41.035885,14.325615,50.0,16967.621,23320.167
PF01/0016/A200,CE,41.031182,14.276307,32.0,16478.722,19171.105
PF03/0016/A200,CE,41.028671,14.276766,50.0,16199.678,19207.377
PF04/0016/A200,CE,41.034302,14.278142,50.0,16823.837,19328.251
PF06/0016/A200,CE,41.029427,14.280428,50.0,16281.083,19515.972
PF07/0016/A200,CE,41.034684,14.273901,50.0,16869.257,18972.085
PF09/0016/A200,CE,41.03382,14.268831,50.0,16776.81,18545.123
PF10/0016/A200,CE,41.030527,14.266386,12.0,16413.0,18336.5
PF11/0016/A200,CE,41.035452,14.285937,50.0,16946.086,19984.523
PF12/0016/A200,CE,41.036349,14.267757,50.0,17058.324,18457.15
PF14/0016/A200,CE,41.032778,14.281876,50.0,16652.041,19640.736
PF15/0016/A200,CE,41.031004,14.272339,50.0,16461.792,18837.397
PF01/0017/A200,CE,41.032884,14.292269,50.0,16656.663,20514.476
PF03/0017/A200,CE,41.032383,14.289532,10.0,16603.0,20284.0
PF04/0017/A200,CE,41.030282,14.293591,50.0,16366.905,20623.322
PF05/0017/A200,CE,41.030274,14.289882,50.0,16368.636,20311.439
PF07/0017/A200,CE,41.028375,14.291551,50.0,16156.679,20450.066
PF08/0017/A200,CE,41.027373,14.296586,10.0,16042.0,20872.5
PF10/0017/A200,CE,41.026773,14.293885,50.0,15977.169,20644.82
PF11/0017/A200,CE,41.02674,14.290259,12.0,15976.0,20340.0
PF12/0017/A200,CE,41.025501,14.288072,10.0,15840.0,20155.0
PF16/0017/A200,CE,41.026419,14.289323,12.0,15941.0,20261.0
PF17/0017/A200,CE,41.028868,14.287679,12.0,16214.0,20125.0
PF18/0017/A200,CE,41.034047,14.289115,50.0,16787.906,20250.434
PF03/0018/A200,CE,41.033451,14.306015,50.0,16710.308,21670.554
PF05/0018/A200,CE,41.030727,14.305682,50.0,16408.222,21640.156
PF07/0018/A200,CE,41.030252,14.296935,50.0,16361.348,20904.405
PF09/0018/A200,CE,41.027754,14.302246,50.0,16080.421,21348.639
PF10/0018/A200,CE,41.025094,14.303778,50.0,15784.079,21475.06
PF11/0018/A200,CE,41.02568,14.300345,10.0,15851.5,21187.0
PF12/0018/A200,CE,41.023495,14.301701,10.0,15608.0,21299.0
PF13/0018/A200,CE,41.027489,14.307663,50.0,16047.388,21803.833
PF14/0018/A200,CE,41.031804,14.301812,50.0,16530.348,21315.758
PF15/0018/A200,CE,41.026708,14.301307,50.0,15965.005,21268.78
PF01/0019/A200,CE,41.027334,14.315981,50.0,16024.71,22502.961
PF02/0019/A200,CE,41.028278,14.314547,50.0,16130.448,22383.199
PF03/0019/A200,CE,41.028578,14.315997,50.0,16162.795,22505.342
PF04/0019/A200,CE,41.030094,14.313082,50.0,16333.022,22261.612
PF50/0019/A200,CE,41.029977,14.317207,50.0,16317.305,22608.294
PF01/0020/A200,CE,41.026219,14.32441,50.0,15895.322,23210.633
PF02/0020/A200,CE,41.029512,14.318405,50.0,16264.821,22708.61
PF03/0020/A200,CE,41.028665,14.324317,50.0,16167.02,23204.934
PF04/0020/A200,CE,41.026901,14.320681,50.0,15973.533,22897.684
PF05/0020/A200,CE,41.03074,14.32063,50.0,16399.755,22896.736
PF06/0020/A200,CE,41.031876,14.327006,50.0,16521.689,23433.685
PF02/0021/A200,CE,41.023574,14.322807,50.0,15602.799,23073.533
PF04/0021/A200,CE,41.026522,14.32632,50.0,15927.746,23371.412
PF06/0021/A200,CE,41.026388,14.327592,50.0,15912.071,23478.247
PF07/0021/A200,CE,41.030617,14.330882,50.0,16379.429,23758.461
PF08/0021/A200,CE,41.021065,14.321823,70.0,15324.928,22988.667
PF09/0021/A200,CE,41.023906,14.324264,70.0,15638.717,23196.344
PF01/0022/A200,CE,41.024921,14.337604,50.0,15742.825,24318.738
PF03/0022/A200,CE,41.03039,14.336765,50.0,16350.413,24252.781
PF05/0022/A200,CE,41.025708,14.331499,50.0,15834.083,23806.168
PF02/0023/A200,CE,41.036051,14.342043,50.0,16975.508,24701.245
PF03/0023/A200,CE,41.035016,14.34418,50.0,16859.278,24879.985
PF05/0023/A200,CE,41.026298,14.3431,50.0,15892.131,24781.932
PF06/0023/A200,CE,41.028749,14.345066,50.0,16163.039,24949.243
PF07/0023/A200,CE,41.038241,14.341195,50.0,17219.164,24631.807
PF08/0023/A200,CE,41.034494,14.34097,50.0,16803.304,24609.757
PF09/0023/A200,CE,41.031539,14.346242,50.0,16471.969,25050.473
PF10/0023/A200,CE,41.028842,14.341356,50.0,16175.681,24637.456
PF01/0024/A200,CE,41.029225,14.272662,50.0,16264.022,18862.94
PF02/0024/A200,CE,41.02749,14.273229,12.0,16071.0,18909.0
PF03/0024/A200,CE,41.026568,14.269749,50.0,15971.173,18615.509
PF04/0024/A200,CE,41.017286,14.288386,50.0,14927.731,20173.964
PF06/0024/A200,CE,41.029307,14.265822,12.0,16278.0,18288.0
PF07/0024/A200,CE,41.013938,14.280152,50.0,14561.809,19478.548
PF08/0024/A200,CE,41.022464,14.276305,50.0,15510.984,19162.912
PF09/0024/A200,CE,41.024638,14.26411,50.0,15760.919,18139.652
PF10/0024/A200,CE,41.021338,14.283371,12.0,15381.0,19756.0
PF01/0025/A200,CE,41.024738,14.286213,12.0,15756.5,19998.0
PF02/0025/A200,CE,41.024179,14.287628,32.0,15693.492,20116.455
PF04/0025/A200,CE,41.018156,14.285545,50.0,15026.344,19935.909
PF05/0025/A200,CE,41.020708,14.302294,50.0,15298.177,21346.435
PF06/0025/A200,CE,41.023047,14.298339,12.0,15560.5,21016.0
PF08/0025/A200,CE,41.018255,14.293229,12.0,15032.0,20582.0
PF09/0025/A200,CE,41.022501,14.295229,12.0,15502.0,20754.0
PF10/0025/A200,CE,41.019294,14.289423,12.0,15150.0,20263.0
PF01/0026/A200,CE,41.030187,14.308804,50.0,16346.189,21902.081
PF02/0026/A200,CE,41.027688,14.310477,50.0,16067.559,22040.544
PF04/0026/A200,CE,41.025608,14.309872,50.0,15837.156,21987.889
PF06/0026/A200,CE,41.0254,14.306522,50.0,15816.224,21706.065
PF09/0026/A200,CE,41.021735,14.310093,10.0,15407.0,22003.0
PF10/0026/A200,CE,41.021215,14.305865,50.0,15352.106,21647.077
PF12/0026/A200,CE,41.0195,14.305334,50.0,15162.094,21600.928
PF13/0026/A200,CE,41.017858,14.307718,50.0,14978.201,21799.969
PF14/0026/A200,CE,41.023439,14.312886,50.0,15594.352,22239.361
PF15/0026/A200,CE,41.025487,14.312724,50.0,15821.784,22227.486
PF16/0026/A200,CE,41.028585,14.31042,50.0,16167.215,22036.575
PF17/0026/A200,CE,41.023453,14.307966,50.0,15599.11,21825.74
PF18/0026/A200,CE,41.021958,14.309653,50.0,15432.052,21966.256
PF01/0027/A200,CE,41.025914,14.317992,50.0,15865.659,22670.773
PF02/0027/A200,CE,41.023477,14.322145,50.0,15592.451,23017.819
PF03/0027/A200,CE,41.025376,14.31524,50.0,15807.761,22438.955
PF04/0027/A200,CE,41.022259,14.318843,50.0,15459.363,22739.173
PF05/0027/A200,CE,41.023216,14.316924,50.0,15566.845,22578.682
PF07/0027/A200,CE,41.019114,14.323894,50.0,15106.916,23161.138
PF08/0027/A200,CE,41.021744,14.315375,50.0,15404.519,22447.102
PF09/0027/A200,CE,41.020284,14.318194,50.0,15240.572,22682.86
PF10/0027/A200,CE,41.019436,14.314314,50.0,15148.994,22355.893
PF11/0027/A200,CE,41.018661,14.317356,10.0,15061.0,22611.0
PF12/0027/A200,CE,41.017512,14.319363,50.0,14932.038,22778.756
PF14/0027/A200,CE,41.01573,14.319943,50.0,14733.871,22825.992
PF15/0027/A200,CE,41.014131,14.318176,10.0,14557.5,22676.0
PF16/0027/A200,CE,41.025167,14.320348,50.0,15781.238,22868.228
PF17/0027/A200,CE,41.021853,14.324157,60.0,15410.832,23185.607
PF18/0027/A200,CE,41.027536,14.317591,50.0,16046.079,22638.481
PF01/0028/A200,CE,41.022164,14.328172,70.0,15442.771,23523.424
PF02/0028/A200,CE,41.023606,14.335641,50.0,15598.021,24152.622
PF03/0028/A200,CE,41.021698,14.335962,10.0,15386.0,24178.0
PF04/0028/A200,CE,41.021551,14.332419,10.0,15372.0,23880.0
PF05/0028/A200,CE,41.020089,14.335573,50.0,15207.672,24143.921
PF07/0028/A200,CE,41.020707,14.330783,50.0,15279.313,23741.73
PF08/0028/A200,CE,41.018907,14.329523,50.0,15080.291,23634.239
PF09/0028/A200,CE,41.014964,14.332399,50.0,14640.753,23872.729
PF10/0028/A200,CE,41.012315,14.333931,50.0,14345.691,23999.267
PF11/0028/A200,CE,41.012292,14.336568,10.0,14341.5,24221.0
PF14/0028/A200,CE,41.022232,14.328362,12.0,15450.247,23539.463
PF01/0029/A200,CE,41.025828,14.339314,50.0,15842.318,24463.302
PF02/0029/A200,CE,41.023719,14.339439,50.0,15608.206,24472.04
PF03/0029/A200,CE,41.02686,14.348296,50.0,15951.282,25219.228
PF04/0029/A200,CE,41.022604,14.353196,50.0,15475.763,25627.669
PF05/0029/A200,CE,41.023512,14.346621,50.0,15580.594,25075.617
PF01/0030/A200,CE,41.013007,14.286718,50.0,14453.852,20029.86
PF02/0030/A200,CE,41.010106,14.292364,12.0,14128.0,20502.0
PF01/0031/A200,CE,41.018895,14.303747,10.0,15096.0,21467.0
PF02/0031/A200,CE,41.016184,14.306462,50.0,14793.191,21692.818
PF05/0031/A200,CE,41.015108,14.304903,50.0,14674.794,21560.836
PF08/0031/A200,CE,41.01653,14.293524,50.0,14840.319,20605.286
PF09/0031/A200,CE,41.013674,14.302792,50.0,14517.0,21382.0
PF11/0031/A200,CE,41.014967,14.294715,50.0,14666.0,20704.001
PF12/0031/A200,CE,41.013825,14.298089,50.0,14536.92,20986.684
PF13/0031/A200,CE,41.010586,14.301292,50.0,14175.202,21253.155
PF14/0031/A200,CE,41.012732,14.294851,50.0,14417.779,20713.506
PF15/0031/A200,CE,41.011477,14.297059,10.0,14277.0,20898.0
PF16/0031/A200,CE,41.009756,14.298498,10.0,14085.0,21017.5
PF19/0031/A200,CE,41.018306,14.300448,50.0,15032.846,21189.043
PF01/0032/A200,CE,41.019472,14.312574,50.0,15154.147,22209.651
PF02/0032/A200,CE,41.017395,14.314764,50.0,14922.063,22391.951
PF03/0032/A200,CE,41.017171,14.312564,50.0,14898.716,22206.824
PF04/0032/A200,CE,41.015874,14.313716,10.0,14754.0,22302.5
PF06/0032/A200,CE,41.016902,14.309948,50.0,14870.617,21986.608
PF09/0032/A200,CE,41.012209,14.31503,50.0,14346.187,22409.851
PF14/0032/A200,CE,41.020732,14.312173,50.0,15294.25,22176.997
PF15/0032/A200,CE,41.014658,14.316931,50.0,14616.875,22571.764
PF16/0032/A200,CE,41.010812,14.317707,50.0,14189.344,22633.721
PF17/0032/A200,CE,41.011607,14.311811,50.0,14281.516,22138.604
PF18/0032/A200,CE,41.007986,14.310775,50.0,13880.228,22048.333
PF19/0032/A200,CE,41.013541,14.308642,50.0,14498.34,21873.818
PF02/0033/A200,CE,41.018015,14.324556,50.0,14984.479,23215.826
PF04/0033/A200,CE,41.015956,14.330284,50.0,14752.241,23695.693
PF05/0033/A200,CE,41.014875,14.323373,50.0,14636.756,23113.653
PF06/0033/A200,CE,41.015001,14.328781,50.0,14647.187,23568.529
PF08/0033/A200,CE,41.013551,14.325717,50.0,14488.16,23309.582
PF01/0034/A200,CE,41.012458,14.342217,50.0,14356.28,24696.14
PF02/0034/A200,CE,41.014569,14.33956,50.0,14592.372,24474.478
PF03/0034/A200,CE,41.016825,14.345839,50.0,14838.781,25004.359
PF05/0034/A200,CE,41.011008,14.34562,50.0,14193.206,24981.088
PF06/0034/A200,CE,41.020079,14.338302,50.0,15204.745,24373.308
PF07/0034/A200,CE,41.019582,14.347309,50.0,15143.929,25130.197
PF08/0034/A200,CE,41.019486,14.341488,50.0,15136.922,24640.739
PF09/0034/A200,CE,41.015177,14.339329,50.0,14659.932,24455.536
PF10/0034/A200,CE,41.013086,14.347442,50.0,14422.663,25136.041
PF01/0035/A200,CE,41.016959,14.353195,50.0,14849.0,25623.0
PF02/0035/A200,CE,41.017317,14.35561,60.0,14887.246,25826.284
PF03/0035/A200,CE,41.015081,14.35399,50.0,14640.084,25688.249
PF04/0035/A200,CE,41.017417,14.348834,50.0,14902.649,25256.614
PF05/0035/A200,CE,41.009452,14.348796,50.0,14018.421,25246.883
PF01/0036/A200,CE,41.013551,14.358739,50.0,14467.263,26086.331
PF04/0036/A200,CE,41.016801,14.36236,50.0,14825.85,26393.454
PF05/0036/A200,CE,41.014389,14.36456,50.0,14556.724,26576.458
PF01/0038/A200,CE,41.006421,14.30566,50.0,13709.893,21616.812
PF03/0038/A200,CE,41.002727,14.304614,50.0,13300.569,21525.575
PF04/0038/A200,CE,41.005839,14.309452,50.0,13642.754,21935.214
PF05/0038/A200,CE,40.99909,14.305692,10.0,12896.0,21613.0
PF06/0038/A200,CE,41.00579,14.299738,50.0,13643.829,21118.254
PF07/0038/A200,CE,41.00883,14.306244,4.0,13977.0,21668.0
PF08/0038/A200,CE,40.999008,14.308653,12.0,12885.0,21862.0
PF03/0039/A200,CE,41.004852,14.31781,50.0,13527.639,22637.196
PF04/0039/A200,CE,41.002254,14.314064,50.0,13241.679,22319.888
PF05/0039/A200,CE,41.012224,14.322083,50.0,14343.31,23002.912
PF06/0039/A200,CE,41.007948,14.318628,50.0,13870.785,22708.637
PF01/0040/A200,CE,41.003857,14.327099,50.0,13411.114,23417.565
PF02/0040/A200,CE,41.010816,14.326879,50.0,14183.83,23404.999
PF03/0040/A200,CE,41.006466,14.33413,50.0,13696.271,24011.04
PF04/0040/A200,CE,41.007853,14.326896,50.0,13854.924,23403.917
PF05/0040/A200,CE,41.006589,14.322602,50.0,13717.358,23041.702
PF02/0041/A200,CE,41.003062,14.340381,50.0,13314.33,24533.845
PF04/0041/A200,CE,41.012014,14.33962,50.0,14308.695,24477.379
PF05/0041/A200,CE,41.009998,14.340552,50.0,14084.225,24554.047
PF06/0041/A200,CE,41.005414,14.341156,10.0,13575.0,24601.0
PF07/0041/A200,CE,41.004108,14.338075,50.0,13431.963,24340.792
PF09/0041/A200,CE,41.006227,14.344072,50.0,13663.355,24846.892
PF01/0042/A200,CE,41.011832,14.364365,50.0,14272.957,26558.017
PF02/0042/A200,CE,41.009169,14.362071,50.0,13978.798,26362.942
PF04/0042/A200,CE,41.009332,14.358896,50.0,13998.829,26096.096
PF05/0042/A200,CE,41.007291,14.369106,50.0,13766.0,26953.0
PF06/0042/A200,CE,41.011425,14.352899,50.0,14234.861,25593.518
PF01/0043/A200,CE,41.004576,14.348901,50.0,13477.06,25251.65
PF02/0043/A200,CE,41.004739,14.354687,50.0,13491.508,25738.42
PF03/0043/A200,CE,41.006431,14.348171,50.0,13683.494,25191.814
PF02/0044/A200,CE,41.003846,14.369037,50.0,13383.612,26944.506
PF05/0044/A200,CE,41.004035,14.361776,12.0,13409.0,26334.0
PF09/0044/A200,CE,40.998852,14.37432,50.0,12826.029,27384.774
PF10/0044/A200,CE,41.003011,14.363951,50.0,13293.971,26516.038
PF11/0044/A200,CE,41.005582,14.366918,50.0,13577.624,26767.69
PF13/0044/A200,CE,41.000312,14.360553,50.0,12996.427,26228.12
PF14/0044/A200,CE,41.000902,14.368207,50.0,13057.222,26872.299
PF01/0045/A200,CE,41.000449,14.299609,50.0,13051.0,21102.65
PF02/0045/A200,CE,41.003529,14.296485,50.0,13395.014,20842.671
PF04/0045/A200,CE,40.997968,14.293148,12.0,12780.0,20557.0
PF02/0046/A200,CE,41.001643,14.317878,50.0,13171.368,22640.094
PF03/0046/A200,CE,40.99686,14.314504,50.0,12642.663,22352.234
PF04/0046/A200,CE,40.995603,14.318494,50.0,12500.421,22686.7
PF05/0046/A200,CE,40.99859,14.316618,50.0,12833.33,22531.535
PF06/0046/A200,CE,40.995575,14.311436,50.0,12502.0,22093.0
PF02/0047/A200,CE,41.001354,14.321494,50.0,13136.925,22943.964
PF03/0047/A200,CE,41.000124,14.32422,50.0,12998.617,23172.178
PF05/0047/A200,CE,41.000326,14.327521,50.0,13018.885,23449.974
PF07/0047/A200,CE,41.000717,14.333478,50.0,13058.487,23951.306
PF08/0047/A200,CE,40.994072,14.33304,50.0,12321.01,23908.858
PF09/0047/A200,CE,40.998497,14.335784,50.0,12810.531,24143.404
PF10/0047/A200,CE,40.996844,14.325369,50.0,12633.697,23266.037
PF03/0048/A200,CE,40.99833,14.344689,50.0,12786.343,24892.221
PF04/0048/A200,CE,40.993193,14.343204,50.0,12217.0,24763.0
PF06/0048/A200,CE,40.989536,14.34237,50.0,11811.565,24689.819
PF07/0048/A200,CE,40.991924,14.339254,50.0,12078.605,24429.701
PF08/0048/A200,CE,40.995991,14.341838,50.0,12528.53,24650.452
PF09/0048/A200,CE,40.996701,14.339454,12.0,12608.789,24450.582
PF01/0049/A200,CE,40.999158,14.302355,50.0,12905.787,21332.412
PF02/0049/A200,CE,40.996756,14.304087,12.0,12638.0,21476.0
PF03/0049/A200,CE,40.997018,14.299769,12.0,12670.0,21113.0
PF04/0049/A200,CE,40.991354,14.306852,50.0,12036.468,21703.723
PF01/0050/A200,CE,40.992657,14.317837,50.0,12173.817,22628.922
PF02/0050/A200,CE,40.991678,14.315271,50.0,12066.919,22412.167
PF03/0050/A200,CE,40.990225,14.320776,12.0,11902.0,22874.0
PF03/0051/A200,CE,40.988473,14.326514,50.0,11703.756,23355.157
PF06/0051/A200,CE,41.007267,14.389562,50.0,13751.12,28673.285
PF07/0051/A200,CE,40.992412,14.327533,50.0,12140.357,23444.282
PF09/0051/A200,CE,40.993326,14.324156,12.0,12244.0,23161.0
PF01/0052/A200,CE,40.987009,14.347224,12.0,11528.0,25096.0
PF01/0053/A200,CE,40.991726,14.377384,50.0,12033.131,27636.875
PF01/0054/A200,CE,40.987788,14.326008,12.0,11628.0,23312.0
PF01/0055/A200,CE,40.978119,14.340257,12.0,10545.5,24502.5
PF02/0056/A200,CE,40.980091,14.344859,50.0,10761.492,24891.311
PF04/0056/A200,CE,40.980855,14.35482,12.0,10840.0,25730.0
PF05/0056/A200,CE,40.977763,14.349609,12.0,10500.0,25289.0
PF01/0001/A243,CE,40.966442,14.323568,50.0,9259.906,23088.407
PF02/0001/A243,CE,40.969272,14.324779,50.0,9573.296,23192.726
PF03/0001/A243,CE,40.968088,14.320898,50.0,9444.421,22865.188
PF04/0001/A243,CE,40.921226,14.32991,50.0,4236.292,23583.608
PF05/0001/A243,CE,40.921412,14.333054,50.0,4254.944,23848.456
PF01/0002/A243,CE,40.969937,14.331018,50.0,9643.037,23718.245
PF02/0002/A243,CE,40.970247,14.338014,50.0,9673.008,24307.167
PF03/0002/A243,CE,40.969501,14.341001,50.0,9588.326,24557.899
PF04/0002/A243,CE,40.9731,14.344664,10.0,9985.5,24869.1
PF05/0002/A243,CE,40.926582,14.330395,50.0,4830.58,23628.988
PF01/0003/A243,CE,40.974363,14.347669,8.0,10123.81,25122.98
PF02/0003/A243,CE,40.970733,14.351721,50.0,9718.291,25460.941
PF03/0003/A243,CE,40.973106,14.347761,50.0,9984.262,25129.649
PF04/0003/A243,CE,40.975488,14.348425,50.0,10248.226,25187.539
PF01/0004/A243,CE,40.965654,14.320481,32.0,9174.453,22827.994
PF02/0004/A243,CE,40.964198,14.322905,32.0,9011.26,23030.685
PF07/0004/A243,CE,40.960201,14.316894,50.0,8571.492,22521.353
PF11/0004/A243,CE,40.957543,14.320457,50.0,8274.039,22818.961
PF14/0004/A243,CE,40.956384,14.316754,50.0,8147.83,22506.323
PF15/0004/A243,CE,40.954652,14.320512,50.0,7953.068,22821.058
PF16/0004/A243,CE,40.955177,14.315166,50.0,8014.893,22371.622
PF17/0004/A243,CE,40.951031,14.315852,50.0,7554.134,22425.732
PF18/0004/A243,CE,40.959915,14.32196,50.0,8536.352,22947.463
PF19/0004/A243,CE,40.957964,14.312528,12.0,8326.0,22152.0
PF01/0005/A243,CE,40.96662,14.326856,50.0,9277.564,23365.25
PF03/0005/A243,CE,40.963333,14.330792,50.0,8910.125,23693.654
PF05/0005/A243,CE,40.962387,14.326012,50.0,8808.222,23290.566
PF09/0005/A243,CE,40.958512,14.327241,50.0,8377.221,23390.67
PF10/0005/A243,CE,40.956894,14.325692,50.0,8198.611,23258.952
PF11/0005/A243,CE,40.957306,14.332378,10.0,8240.0,23822.0
PF12/0005/A243,CE,40.955851,14.330005,10.0,8080.0,23621.0
PF13/0005/A243,CE,40.954848,14.324876,10.0,7972.0,23188.5
PF14/0005/A243,CE,40.954767,14.328043,10.0,7961.0,23455.0
PF16/0005/A243,CE,40.953513,14.328484,50.0,7821.5,23491.0
PF18/0005/A243,CE,40.954682,14.323565,50.0,7954.415,23078.045
PF19/0005/A243,CE,40.959853,14.3312,50.0,8523.571,23724.985
PF01/0006/A243,CE,40.959456,14.334315,50.0,8477.419,23986.844
PF02/0006/A243,CE,40.966947,14.336483,50.0,9307.645,24175.589
PF04/0006/A243,CE,40.962655,14.339264,50.0,8829.433,24406.025
PF05/0006/A243,CE,40.959123,14.338117,50.0,8438.063,24306.523
PF06/0006/A243,CE,40.962591,14.333651,50.0,8825.902,23933.561
PF01/0007/A243,CE,40.960409,14.343379,50.0,8577.464,24750.423
PF02/0007/A243,CE,40.958388,14.350956,50.0,8348.338,25386.35
PF04/0007/A243,CE,40.963176,14.352449,50.0,8878.946,25515.987
PF05/0007/A243,CE,40.963298,14.344959,50.0,8897.146,24885.781
PF06/0007/A243,CE,40.966823,14.34583,50.0,9288.0,24962.0
PF02/0008/A243,CE,40.95703,14.358195,50.0,8193.041,25994.465
PF03/0008/A243,CE,40.963137,14.359309,50.0,8870.406,26093.202
PF04/0008/A243,CE,40.96053,14.353881,50.0,8584.265,25634.298
PF05/0008/A243,CE,40.961524,14.360755,50.0,8690.43,26213.53
PF06/0008/A243,CE,40.959237,14.36187,50.0,8435.786,26305.551
PF07/0008/A243,CE,40.959828,14.358496,50.0,8503.464,26022.064
PF09/0008/A243,CE,40.965048,14.356032,12.0,9084.5,25819.0
PF11/0008/A243,CE,40.957122,14.366815,12.0,8198.0,26720.0
PF02/0009/A243,CE,40.955779,14.312073,50.0,8083.791,22111.809
PF05/0009/A243,CE,40.953475,14.311539,50.0,7828.304,22064.845
PF09/0009/A243,CE,40.950171,14.309984,50.0,7462.57,21931.117
PF17/0009/A243,CE,40.950408,14.313089,50.0,7486.879,22192.596
PF18/0009/A243,CE,40.9473,14.313536,50.0,7141.508,22227.563
PF19/0009/A243,CE,40.954208,14.308016,4.0,7912.0,21769.0
PF20/0009/A243,CE,40.947982,14.310372,50.0,7219.291,21961.812
PF01/0010/A243,CE,40.953034,14.3213,50.0,7772.991,22885.959
PF02/0010/A243,CE,40.953194,14.33157,10.0,7784.0,23750.5
PF04/0010/A243,CE,40.952253,14.328621,50.0,7681.478,23501.484
PF05/0010/A243,CE,40.953109,14.334025,10.0,7773.0,23957.0
PF06/0010/A243,CE,40.951765,14.323807,50.0,7630.484,23095.907
PF07/0010/A243,CE,40.951513,14.321812,50.0,7603.806,22927.749
PF09/0010/A243,CE,40.949033,14.318181,50.0,7330.866,22620.008
PF10/0010/A243,CE,40.950238,14.32086,50.0,7462.814,22846.583
PF12/0010/A243,CE,40.950247,14.329151,50.0,7458.489,23544.43
PF13/0010/A243,CE,40.95087,14.331736,10.0,7526.0,23762.5
PF18/0010/A243,CE,40.948205,14.331425,50.0,7230.285,23734.087
PF19/0010/A243,CE,40.947691,14.321485,50.0,7179.731,22896.959
PF22/0010/A243,CE,40.956619,14.332997,50.0,8163.373,23873.51
PF23/0010/A243,CE,40.949928,14.33451,50.0,7419.628,23995.154
PF24/0010/A243,CE,40.9486,14.325286,50.0,7278.124,23217.683
PF25/0010/A243,CE,40.950138,14.324008,50.0,7449.639,23111.413
PF01/0011/A243,CE,40.956745,14.34166,50.0,8171.833,24602.654
PF02/0011/A243,CE,40.954153,14.337911,50.0,7886.493,24285.017
PF03/0011/A243,CE,40.956637,14.338737,50.0,8161.665,24356.587
PF04/0011/A243,CE,40.954745,14.335,4.0,7954.0,24040.5
PF05/0011/A243,CE,40.952201,14.342767,50.0,7666.64,24692.024
PF01/0012/A243,CE,40.950608,14.353023,50.0,7483.431,25553.915
PF02/0012/A243,CE,40.956211,14.350496,50.0,8106.984,25345.89
PF03/0012/A243,CE,40.945574,14.348262,50.0,6927.514,25149.021
PF04/0012/A243,CE,40.954171,14.351581,50.0,7879.825,25435.461
PF05/0012/A243,CE,40.950195,14.345535,50.0,7442.239,24923.354
PF07/0012/A243,CE,40.955583,14.347008,50.0,8039.475,25051.805
PF01/0013/A243,CE,40.94885,14.368043,12.0,7279.0,26816.7
PF02/0013/A243,CE,40.951137,14.363038,50.0,7535.912,26397.292
PF03/0013/A243,CE,40.950474,14.36728,50.0,7459.748,26753.746
PF04/0013/A243,CE,40.949794,14.355479,50.0,7391.5,25760.0
PF05/0013/A243,CE,40.952868,14.360576,50.0,7729.621,26191.438
PF06/0013/A243,CE,40.954014,14.363725,50.0,7854.822,26457.448
PF07/0013/A243,CE,40.947419,14.364841,50.0,7122.02,26545.996
PF08/0013/A243,CE,40.95655,14.353539,50.0,8142.669,25602.229
PF09/0013/A243,CE,40.947937,14.360963,12.0,7182.0,26220.0
PF10/0013/A243,CE,40.950441,14.358672,50.0,7461.364,26029.265
PF11/0013/A243,CE,40.952192,14.354981,12.0,7658.0,25720.0
PF01/0014/A243,CE,40.950159,14.300343,50.0,7467.759,21119.612
PF02/0014/A243,CE,40.951976,14.303902,50.0,7667.059,21420.753
PF01/0015/A243,CE,40.945564,14.321825,50.0,6943.399,22923.705
PF02/0015/A243,CE,40.944749,14.32067,50.0,6853.627,22825.81
PF05/0015/A243,CE,40.946864,14.316918,50.0,7090.829,22511.817
PF06/0015/A243,CE,40.949022,14.315369,50.0,7331.47,22383.327
PF07/0015/A243,CE,40.944852,14.317203,50.0,6867.295,22534.104
PF08/0015/A243,CE,40.946923,14.319455,50.0,7095.808,22725.402
PF04/0016/A243,CE,40.949191,14.337929,50.0,7335.54,24282.349
PF05/0016/A243,CE,40.948415,14.33432,50.0,7251.757,23977.865
PF10/0016/A243,CE,40.945218,14.338808,12.0,6894.0,24353.0
PF11/0016/A243,CE,40.943053,14.340736,50.0,6652.464,24513.449
PF12/0016/A243,CE,40.942788,14.340686,12.0,6623.0,24509.0
PF14/0016/A243,CE,40.941714,14.336599,50.0,6506.43,24164.081
PF16/0016/A243,CE,40.951156,14.338063,50.0,7553.658,24295.213
PF17/0016/A243,CE,40.946585,14.339714,50.0,7045.176,24430.384
PF18/0016/A243,CE,40.945159,14.342257,50.0,6885.266,24643.244
PF19/0016/A243,CE,40.945314,14.335111,50.0,6907.035,24041.886
PF02/0017/A243,CE,40.956901,14.376608,8.0,8167.59,27543.97
PF03/0017/A243,CE,40.941355,14.366277,50.0,6448.0,26662.0
PF04/0017/A243,CE,40.936986,14.368529,50.0,5961.637,26848.107
PF05/0017/A243,CE,40.947688,14.371956,50.0,7147.657,27145.135
PF06/0017/A243,CE,40.932484,14.373645,50.0,5458.802,27275.177
PF07/0017/A243,CE,40.932996,14.376316,12.0,5514.0,27500.5
PF08/0017/A243,CE,40.930782,14.375771,50.0,5268.516,27452.804
PF09/0017/A243,CE,40.947769,14.375117,50.0,7154.707,27411.24
PF10/0017/A243,CE,40.943248,14.374521,50.0,6653.125,27357.481
PF11/0017/A243,CE,40.941755,14.381707,50.0,6483.093,27961.164
PF12/0017/A243,CE,40.94454,14.379309,50.0,6793.735,27761.5
PF14/0017/A243,CE,40.950399,14.37938,12.0,7444.1,27772.1
PF15/0017/A243,CE,40.962736,14.374995,50.0,8816.253,27412.825
PF16/0017/A243,CE,40.942359,14.370237,50.0,6557.051,26996.165
PF17/0017/A243,CE,40.939903,14.372504,12.0,6283.0,27185.0
PF18/0017/A243,CE,40.953716,14.371314,50.0,7817.162,27095.916
PF19/0017/A243,CE,40.949824,14.371508,50.0,7384.942,27109.145
PF20/0017/A243,CE,40.951012,14.375368,50.0,7514.569,27434.98
PF21/0017/A243,CE,40.934181,14.368899,12.0,5650.0,26877.0
PF01/0018/A243,CE,40.941312,14.314675,50.0,6476.023,22318.202
PF02/0018/A243,CE,40.938297,14.312819,12.0,6142.5,22159.3
PF04/0018/A243,CE,40.938752,14.305338,12.0,6198.0,21530.0
PF05/0018/A243,CE,40.935285,14.31054,50.0,5809.654,21964.831
PF01/0019/A243,CE,40.943442,14.323259,50.0,6706.811,23042.629
PF03/0019/A243,CE,40.94474,14.32985,50.0,6846.623,23598.532
PF04/0019/A243,CE,40.942667,14.327555,70.0,6618.035,23403.624
PF06/0019/A243,CE,40.942543,14.333694,50.0,6600.273,23920.212
PF10/0019/A243,CE,40.937566,14.330323,50.0,6049.969,23632.24
PF11/0019/A243,CE,40.939887,14.325167,70.0,6310.98,23200.203
PF12/0019/A243,CE,40.941089,14.331959,10.0,6440.0,23773.0
PF13/0019/A243,CE,40.946099,14.326039,50.0,7000.043,23278.883
PF16/0019/A243,CE,40.93809,14.326685,70.0,6110.497,23326.418
PF01/0020/A243,CE,40.94607,14.358771,10.0,6976.0,26034.0
PF03/0020/A243,CE,40.944987,14.351524,50.0,6860.366,25423.14
PF05/0020/A243,CE,40.944505,14.362644,50.0,6799.974,26358.764
PF06/0020/A243,CE,40.944879,14.365037,10.0,6840.0,26560.5
PF10/0020/A243,CE,40.943487,14.363598,50.0,6686.365,26438.221
PF15/0020/A243,CE,40.941779,14.362099,50.0,6497.695,26310.694
PF16/0020/A243,CE,40.937875,14.362583,50.0,6063.957,26348.253
PF17/0020/A243,CE,40.938562,14.365665,50.0,6138.37,26608.267
PF18/0020/A243,CE,40.946021,14.358662,50.0,6970.679,26024.802
PF19/0020/A243,CE,40.941881,14.355177,50.0,6513.223,25728.087
PF20/0020/A243,CE,40.946537,14.354909,50.0,7030.301,25709.349
PF04/0021/A243,CE,40.940812,14.317525,50.0,6418.616,22557.665
PF07/0021/A243,CE,40.939503,14.314988,10.0,6275.0,22343.0
PF09/0021/A243,CE,40.938666,14.32253,50.0,6177.169,22977.164
PF10/0021/A243,CE,40.937174,14.315618,10.0,6016.0,22394.0
PF12/0021/A243,CE,40.935498,14.340378,10.0,5814.0,24477.0
PF13/0021/A243,CE,40.935016,14.317802,10.0,5775.0,22576.0
PF14/0021/A243,CE,40.934977,14.314299,10.0,5773.0,22281.0
PF15/0021/A243,CE,40.933652,14.315678,10.0,5625.0,22396.0
PF16/0021/A243,CE,40.933458,14.318008,10.0,5602.0,22592.0
PF17/0021/A243,CE,40.931986,14.317257,10.0,5439.0,22527.5
PF18/0021/A243,CE,40.93806,14.31823,50.0,6112.68,22614.63
PF19/0021/A243,CE,40.941099,14.322725,70.0,6447.097,22995.649
PF20/0021/A243,CE,40.941019,14.31995,50.0,6440.0,22762.0
PF02/0022/A243,CE,40.936213,14.321199,50.0,5905.649,22862.969
PF03/0022/A243,CE,40.936926,14.325312,50.0,5982.192,23209.815
PF05/0022/A243,CE,40.935045,14.327012,50.0,5772.245,23351.329
PF07/0022/A243,CE,40.934167,14.322883,10.0,5677.5,23003.0
PF08/0022/A243,CE,40.933439,14.325385,10.0,5595.0,23213.0
PF10/0022/A243,CE,40.933376,14.320771,10.0,5591.0,22824.5
PF12/0022/A243,CE,40.931243,14.3197,10.0,5355.0,22732.5
PF13/0022/A243,CE,40.930167,14.322009,10.0,5234.0,22926.0
PF15/0022/A243,CE,40.928166,14.321834,10.0,5012.0,22909.5
PF16/0022/A243,CE,40.926925,14.32406,50.0,4872.697,23095.837
PF17/0022/A243,CE,40.930774,14.324023,8.0,5300.06,23096.08
PF01/0023/A243,CE,40.939998,14.334353,50.0,6317.38,23973.596
PF03/0023/A243,CE,40.940326,14.337607,50.0,6351.7,24247.729
PF04/0023/A243,CE,40.940823,14.342119,10.0,6404.0,24628.0
PF06/0023/A243,CE,40.937622,14.334586,50.0,6053.39,23991.163
PF07/0023/A243,CE,40.938531,14.338586,50.0,6151.845,24328.664
PF08/0023/A243,CE,40.934941,14.335678,50.0,5755.144,24080.849
PF12/0023/A243,CE,40.934988,14.339316,50.0,5758.038,24387.142
PF13/0023/A243,CE,40.933347,14.334414,50.0,5578.962,23973.044
PF14/0023/A243,CE,40.933138,14.338606,50.0,5553.062,24325.783
PF15/0023/A243,CE,40.929921,14.339606,50.0,5195.324,24407.348
PF16/0023/A243,CE,40.936294,14.331072,50.0,5908.261,23694.187
PF01/0024/A243,CE,40.932909,14.340558,50.0,5526.428,24489.982
PF02/0024/A243,CE,40.940373,14.342712,50.0,6353.649,24677.535
PF03/0024/A243,CE,40.94227,14.346542,50.0,6561.861,25001.494
PF06/0024/A243,CE,40.937489,14.346532,50.0,6031.111,24996.738
PF07/0024/A243,CE,40.936101,14.342961,50.0,5879.31,24694.92
PF01/0025/A243,CE,40.928483,14.352626,50.0,5027.547,25502.356
PF02/0025/A243,CE,40.931438,14.353385,50.0,5355.062,25568.626
PF03/0025/A243,CE,40.937208,14.361804,50.0,5990.407,26282.143
PF05/0025/A243,CE,40.93208,14.348695,50.0,5429.295,25174.32
PF06/0025/A243,CE,40.934122,14.359257,50.0,5649.376,26065.229
PF07/0025/A243,CE,40.937968,14.358923,50.0,6076.567,26040.224
PF02/0026/A243,CE,40.932495,14.330133,50.0,5487.172,23611.938
PF03/0026/A243,CE,40.931889,14.326285,50.0,5422.365,23287.443
PF08/0026/A243,CE,40.929086,14.329669,50.0,5109.0,23570.0
PF10/0026/A243,CE,40.929125,14.334871,12.0,5110.0,24008.0
PF01/0029/A243,CE,40.919739,14.346023,50.0,4060.979,24939.121
PF03/0029/A243,CE,40.928077,14.34928,50.0,4984.536,25220.241
PF04/0029/A243,CE,40.922071,14.343312,50.0,4321.587,24712.813
PF05/0029/A243,CE,40.924821,14.352209,50.0,4621.247,25464.165
PF06/0029/A243,CE,40.926894,14.343268,50.0,4856.931,24713.071
PF07/0029/A243,CE,40.924517,14.343457,50.0,4593.0,24727.0
PF08/0029/A243,CE,40.9221,14.346035,50.0,4323.099,24942.12
PF01/0030/A243,CE,40.916861,14.335618,50.0,3748.039,24060.542
PF02/0030/A243,CE,40.919878,14.338095,50.0,4081.391,24271.65
PF04/0030/A243,CE,40.919287,14.334044,50.0,4018.373,23930.01
PF01/0032/A243,CE,40.930473,14.312912,50.0,5273.969,22160.347
PF02/0032/A243,CE,40.936396,14.307605,50.0,5934.988,21718.714
PF03/0032/A243,CE,40.93487,14.30545,50.0,5767.0,21536.0
PF04/0032/A243,CE,40.933709,14.308446,50.0,5636.181,21787.216
PF01/0033/A243,CE,40.930117,14.310879,50.0,5235.762,21988.868
PF03/0033/A243,CE,40.928721,14.312059,10.0,5080.0,22087.0
PF04/0033/A243,CE,40.927105,14.308806,50.0,4902.768,21811.687
PF05/0033/A243,CE,40.927396,14.311692,50.0,4933.162,22054.97
PF06/0033/A243,CE,40.927448,14.314167,50.0,4937.305,22263.355
PF07/0033/A243,CE,40.926873,14.308117,10.0,4877.5,21753.5
PF08/0033/A243,CE,40.924494,14.305765,50.0,4614.958,21553.326
PF09/0033/A243,CE,40.925133,14.313094,10.0,4681.0,22171.0
PF10/0033/A243,CE,40.924765,14.315933,50.0,4638.25,22409.725
PF13/0033/A243,CE,40.923569,14.315183,10.0,4506.0,22345.5
PF14/0033/A243,CE,40.922722,14.316573,50.0,4411.11,22461.823
PF15/0033/A243,CE,40.921647,14.312441,50.0,4294.437,22112.981
PF16/0033/A243,CE,40.927828,14.300726,10.0,4988.5,21132.0
PF17/0033/A243,CE,40.926708,14.305364,12.0,4861.0,21521.5
PF18/0033/A243,CE,40.925036,14.303,12.0,4677.0,21321.0
PF19/0033/A243,CE,40.923706,14.311066,12.0,4524.0,21999.0
PF01/0034/A243,CE,40.929163,14.315724,50.0,5126.662,22395.969
PF02/0034/A243,CE,40.928871,14.319885,10.0,5091.5,22746.0
PF03/0034/A243,CE,40.927554,14.316561,10.0,4947.5,22465.0
PF04/0034/A243,CE,40.927451,14.319715,10.0,4934.0,22730.5
PF05/0034/A243,CE,40.925852,14.318158,10.0,4757.5,22598.0
PF06/0034/A243,CE,40.925221,14.320314,50.0,4686.0,22779.0
PF10/0034/A243,CE,40.921171,14.322796,50.0,4234.829,22984.508
PF17/0034/A243,CE,40.921624,14.320566,50.0,4286.547,22797.124
PF18/0034/A243,CE,40.920127,14.322841,50.0,4118.881,22987.424
PF19/0034/A243,CE,40.928634,14.317187,50.0,5066.962,22518.643
PF20/0034/A243,CE,40.922601,14.323304,50.0,4393.24,23028.521
PF01/0035/A243,CE,40.928258,14.340877,50.0,5009.97,24512.931
PF02/0035/A243,CE,40.926928,14.335083,50.0,4865.971,24023.994
PF03/0035/A243,CE,40.924533,14.338478,50.0,4597.961,24307.839
PF05/0035/A243,CE,40.923834,14.333965,50.0,4523.213,23927.238
PF06/0035/A243,CE,40.92256,14.330462,50.0,4384.007,23631.189
PF02/0002/A403,CE,40.928393,14.11021,12.0,5197.0,5092.0
PF03/0002/A403,CE,40.934947,14.10726,12.0,5927.0,4851.0
PF50/0002/A403,CE,40.930248,14.110126,12.0,5403.0,5087.0
PF01/0003/A403,CE,40.929505,14.112694,50.0,5318.302,5302.371
PF02/0003/A403,CE,40.9314,14.11346,12.0,5528.0,5369.0
PF03/0003/A403,CE,40.930249,14.114936,50.0,5398.976,5492.022
PF04/0003/A403,CE,40.932211,14.124127,12.0,5609.0,6268.0
PF05/0003/A403,CE,40.934496,14.124228,50.0,5862.572,6278.999
PF06/0003/A403,CE,40.930007,14.119762,50.0,5368.0,5898.0
PF01/0004/A403,CE,40.932624,14.135964,60.0,5644.925,7264.965
PF02/0004/A403,CE,40.935145,14.132011,10.0,5928.0,6935.0
PF03/0004/A403,CE,40.932317,14.1328,60.0,5613.455,6998.324
PF01/0005/A403,CE,40.925576,14.108677,9.0,4885.5,4959.7
PF03/0005/A403,CE,40.922136,14.112544,50.0,4500.356,5281.435
PF04/0005/A403,CE,40.927245,14.117201,60.0,5063.489,5679.283
PF06/0005/A403,CE,40.918155,14.112834,50.0,4058.209,5301.361
PF07/0005/A403,CE,40.928084,14.109775,12.0,5163.0,5055.0
PF01/0006/A403,CE,40.925615,14.121076,50.0,4879.248,6003.765
PF02/0006/A403,CE,40.926755,14.131347,50.0,4997.192,6869.848
PF04/0006/A403,CE,40.928407,14.132399,50.0,5179.718,6960.2
PF06/0006/A403,CE,40.930381,14.133879,50.0,5397.571,7087.034
PF09/0006/A403,CE,40.931525,14.132852,60.0,5525.468,7001.83
PF10/0006/A403,CE,40.928563,14.135643,50.0,5194.378,7233.495
PF12/0006/A403,CE,40.929498,14.125549,50.0,5306.613,6384.697
PF13/0006/A403,CE,40.928214,14.121343,50.0,5167.615,6029.119
PF14/0006/A403,CE,40.932175,14.137217,12.0,5594.0,7370.0
PF15/0006/A403,CE,40.92644,14.124397,50.0,4968.108,6284.317
PF16/0006/A403,CE,40.931844,14.129144,12.0,5564.0,6690.0
PF50/0006/A403,CE,40.926364,14.128959,50.0,4955.853,6668.329
PF03/0008/A403,CE,40.923112,14.121063,50.0,4601.464,5999.884
PF05/0008/A403,CE,40.921618,14.122532,50.0,4434.345,6121.9
PF08/0008/A403,CE,40.917397,14.123223,50.0,3965.15,6175.422
PF11/0008/A403,CE,40.923333,14.123896,50.0,4623.576,6238.622
PF12/0008/A403,CE,40.92155,14.125033,50.0,4424.709,6332.426
PF13/0008/A403,CE,40.916691,14.119814,50.0,3889.73,5887.531
PF14/0008/A403,CE,40.919274,14.124309,50.0,4172.626,6268.911
PF50/0008/A403,CE,40.920014,14.118071,50.0,4260.022,5744.498
PF02/0009/A403,CE,40.926233,14.132409,50.0,4938.403,6958.625
PF03/0009/A403,CE,40.925568,14.127014,50.0,4869.027,6503.698
PF04/0009/A403,CE,40.921249,14.127738,50.0,4388.989,6559.831
PF05/0009/A403,CE,40.923891,14.129433,50.0,4680.864,6705.472
PF08/0009/A403,CE,40.921425,14.13309,50.0,4404.07,7010.735
PF10/0009/A403,CE,40.920075,14.135228,50.0,4252.395,7189.223
PF11/0009/A403,CE,40.918654,14.137314,50.0,4092.923,7363.346
PF12/0009/A403,CE,40.916986,14.128995,50.0,3914.711,6661.022
PF13/0009/A403,CE,40.915843,14.126258,50.0,3790.101,6429.226
PF14/0009/A403,CE,40.91443,14.126464,50.0,3633.057,6445.022
PF17/0009/A403,CE,40.917849,14.125401,50.0,4013.523,6359.271
PF19/0009/A403,CE,40.926662,14.135336,50.0,4983.524,7205.615
PF20/0009/A403,CE,40.923518,14.136513,50.0,4633.532,7301.277
PF23/0009/A403,CE,40.924242,14.13519,50.0,4715.082,7190.621
PF24/0009/A403,CE,40.919917,14.128095,10.0,4240.813,6588.428
PF01/0010/A403,CE,40.916,14.124456,50.0,3809.016,6277.633
PF02/0010/A403,CE,40.914386,14.11997,50.0,3633.738,5898.062
PF03/0010/A403,CE,40.913063,14.116651,50.0,3489.645,5617.118
PF04/0010/A403,CE,40.913903,14.124015,50.0,3576.604,6238.175
PF05/0010/A403,CE,40.912768,14.120683,50.0,3453.477,5956.299
PF06/0010/A403,CE,40.912162,14.118791,50.0,3387.767,5796.335
PF07/0010/A403,CE,40.911237,14.116935,50.0,3286.63,5638.947
PF08/0010/A403,CE,40.91256,14.124113,50.0,3427.526,6244.919
PF10/0010/A403,CE,40.914806,14.121937,50.0,3678.617,6064.183
PF11/0010/A403,CE,40.910781,14.119777,50.0,3233.614,5877.803
PF12/0010/A403,CE,40.911613,14.122352,12.0,3323.798,6095.603
PF05/0011/A403,CE,40.918211,14.143522,50.0,4038.578,7885.617
PF06/0011/A403,CE,40.917383,14.130705,50.0,3957.324,6805.449
PF07/0011/A403,CE,40.916826,14.136292,50.0,3890.804,7275.282
PF09/0011/A403,CE,40.916047,14.140973,50.0,3800.456,7668.666
PF10/0011/A403,CE,40.915621,14.143619,10.0,3751.0,7891.0
PF13/0011/A403,CE,40.914347,14.129186,50.0,3621.586,6674.137
PF15/0011/A403,CE,40.914525,14.142054,50.0,3630.685,7758.038
PF16/0011/A403,CE,40.913286,14.136689,50.0,3497.591,7304.86
PF17/0011/A403,CE,40.918611,14.133699,50.0,4091.116,7058.873
PF18/0011/A403,CE,40.913977,14.132144,50.0,3578.048,6922.837
PF19/0011/A403,CE,40.919,14.14012,12.0,4129.0,7600.0
PF20/0011/A403,CE,40.914766,14.138071,50.0,3660.735,7422.829
PF01/0012/A403,CE,40.910065,14.13318,50.0,3142.893,7005.753
PF02/0012/A403,CE,40.909739,14.139755,50.0,3101.241,7559.191
PF03/0012/A403,CE,40.913412,14.12769,50.0,3519.029,6547.169
PF06/0012/A403,CE,40.907739,14.132821,12.0,2885.0,6973.0
PF07/0012/A403,CE,40.910774,14.129532,50.0,3224.619,6699.379
PF02/0013/A403,CE,40.908529,14.125707,12.0,2978.652,6374.711
PF03/0013/A403,CE,40.906535,14.125471,50.0,2757.48,6352.645
PF04/0013/A403,CE,40.907511,14.127915,50.0,2863.792,6559.534
PF05/0013/A403,CE,40.905803,14.13086,50.0,2671.729,6805.684
PF06/0013/A403,CE,40.9039,14.131835,50.0,2459.594,6885.693
PF07/0013/A403,CE,40.903618,14.129295,50.0,2430.5,6671.5
PF08/0013/A403,CE,40.910457,14.12662,50.0,3191.912,6453.772
PF09/0013/A403,CE,40.910173,14.123035,50.0,3163.413,6151.54
PF10/0013/A403,CE,40.906431,14.120058,50.0,2750.56,5896.614
PF11/0013/A403,CE,40.907669,14.123138,50.0,2885.307,6157.382
PF12/0013/A403,CE,40.904412,14.121645,12.0,2525.0,6028.0
PF13/0013/A403,CE,40.904188,14.125116,50.0,2497.255,6320.112
PF15/0013/A403,CE,40.906249,14.117662,50.0,2732.313,5694.627
PF16/0013/A403,CE,40.908632,14.116039,50.0,2998.27,5560.574
PF17/0013/A403,CE,40.902362,14.124533,12.0,2295.0,6269.0
PF01/0015/A403,CE,40.901833,14.135653,12.0,2227.0,7205.0
PF02/0015/A403,CE,40.900732,14.129398,12.0,2110.0,6677.0
PF03/0015/A403,CE,40.900045,14.131414,12.0,2032.0,6846.0
PF01/0016/A403,CE,40.888131,14.13586,50.0,705.773,7207.448
PF02/0016/A403,CE,40.890858,14.13278,50.0,1011.0,6951.0
PF03/0016/A403,CE,40.895317,14.1295,50.0,1508.752,6679.534
PF01/0017/A403,CE,40.890717,14.138826,50.0,990.36,7460.121
PF02/0017/A403,CE,40.888653,14.139535,50.0,760.595,7517.653
PF01/0018/A403,CE,40.890964,14.148003,70.0,1010.165,8233.47
PF03/0018/A403,CE,40.888946,14.150059,12.0,784.5,8404.5
PF04/0018/A403,CE,40.893414,14.150879,70.0,1279.786,8478.428
PF05/0018/A403,CE,40.896988,14.150121,12.0,1677.232,8418.401
PF06/0018/A403,CE,40.890573,14.151621,70.0,963.843,8537.848
PF07/0018/A403,CE,40.894971,14.149228,12.0,1454.0,8341.0
PF08/0018/A403,CE,40.88919,14.14466,12.0,816.0,7950.0
PF01/0001/A512,CE,40.889447,14.077011,50.0,902.418,2251.134
PF03/0001/A512,CE,40.908974,14.115705,50.0,3036.509,5532.815
PF04/0001/A512,CE,40.914944,14.159968,50.0,3662.523,9267.018
PF05/0001/A512,CE,40.928987,14.159498,50.0,5221.858,9242.443
PF06/0001/A512,CE,40.927072,14.16582,50.0,5004.119,9772.669
PF07/0001/A512,CE,40.929826,14.167185,10.0,5308.808,9890.521
PF09/0001/A512,CE,40.907991,14.11894,50.0,2924.646,5804.164
PF12/0001/A512,CE,40.931199,14.161888,50.0,5465.41,9446.0
PF09/0002/A512,CE,40.930554,14.177204,70.0,5381.624,10734.861
PF10/0002/A512,CE,40.930561,14.184465,50.0,5376.654,11346.191
PF13/0002/A512,CE,40.926556,14.181911,50.0,4934.102,11126.969
PF14/0002/A512,CE,40.932594,14.180772,50.0,5605.276,11037.316
PF15/0002/A512,CE,40.928767,14.177975,50.0,5182.639,10797.874
PF16/0002/A512,CE,40.93488,14.178745,50.0,5860.59,10869.073
PF17/0002/A512,CE,40.918843,14.158892,50.0,4096.173,9180.557
PF18/0002/A512,CE,40.926404,14.179764,50.0,4918.909,10946.047
PF04/0003/A512,CE,40.916443,14.1551,50.0,3832.866,8858.721
PF05/0003/A512,CE,40.917938,14.14336,50.0,4008.442,7871.7
PF08/0003/A512,CE,40.916149,14.156522,50.0,3799.096,8978.123
PF09/0003/A512,CE,40.917258,14.170382,10.0,3911.0,10146.5
PF10/0003/A512,CE,40.916691,14.172943,10.0,3846.0,10361.5
PF15/0003/A512,CE,40.913589,14.14561,50.0,3523.793,8056.416
PF16/0003/A512,CE,40.923864,14.153703,50.0,4657.824,8749.052
PF19/0003/A512,CE,40.917853,14.14938,50.0,3994.062,8378.508
PF20/0003/A512,CE,40.918762,14.153421,50.0,4091.674,8719.769
PF01/0004/A512,CE,40.927596,14.186028,50.0,5046.226,11474.707
PF02/0004/A512,CE,40.925667,14.184341,50.0,4833.397,11330.655
PF08/0004/A512,CE,40.925977,14.187634,50.0,4865.268,11608.235
PF09/0004/A512,CE,40.9251,14.188936,50.0,4766.955,11717.004
PF10/0004/A512,CE,40.920423,14.18373,50.0,4251.798,11273.743
PF11/0004/A512,CE,40.912794,14.178118,50.0,3409.267,10793.279
PF12/0004/A512,CE,40.922153,14.186363,50.0,4441.801,11497.257
PF13/0004/A512,CE,40.923095,14.18163,50.0,4550.022,11099.732
PF14/0004/A512,CE,40.910352,14.191561,50.0,3127.697,11922.852
PF15/0004/A512,CE,40.919719,14.186735,50.0,4171.226,11526.046
PF04/0005/A512,CE,40.914211,14.188229,50.0,3558.648,11646.24
PF10/0005/A512,CE,40.907316,14.189256,50.0,2792.456,11725.587
PF12/0005/A512,CE,40.91592,14.188788,50.0,3747.919,11695.034
PF13/0005/A512,CE,40.909312,14.181575,50.0,3020.016,11080.743
PF14/0005/A512,CE,40.908057,14.181488,52.0,2880.742,11072.169
PF16/0005/A512,CE,40.90861,14.184232,50.0,2940.037,11303.799
PF23/0005/A512,CE,40.908007,14.184858,50.0,2872.631,11355.891
PF24/0005/A512,CE,40.906377,14.182188,50.0,2693.77,11129.307
PF25/0005/A512,CE,40.904937,14.183763,50.0,2532.589,11260.53
PF26/0005/A512,CE,40.91166,14.180611,50.0,3281.498,11002.02
PF27/0005/A512,CE,40.918143,14.15095,50.0,4024.975,8511.097
PF34/0005/A512,CE,40.913992,14.188146,50.0,3534.456,11638.98
PF35/0005/A512,CE,40.913002,14.192694,50.0,3421.0,12021.0
PF36/0005/A512,CE,40.924127,14.167942,50.0,4675.454,9948.224
PF37/0005/A512,CE,40.92143,14.167977,50.0,4376.038,9948.352
PF38/0005/A512,CE,40.920379,14.170962,50.0,4257.025,10198.597
PF02/0006/A512,CE,40.906898,14.150693,50.0,2776.828,8477.291
PF04/0006/A512,CE,40.910861,14.144884,50.0,3221.608,7992.314
PF07/0006/A512,CE,40.91112,14.147764,50.0,3247.991,8235.161
PF08/0006/A512,CE,40.911804,14.192393,50.0,3288.213,11994.398
PF14/0006/A512,CE,40.908127,14.145147,50.0,2917.854,8011.55
PF15/0006/A512,CE,40.910004,14.187582,50.0,3092.099,11587.422
PF16/0006/A512,CE,40.901074,14.107979,50.0,2166.117,4873.232
PF17/0006/A512,CE,40.908798,14.152538,50.0,2986.291,8634.695
PF19/0006/A512,CE,40.899175,14.068733,50.0,1989.811,1565.24
PF07/0007/A512,CE,40.904562,14.190834,50.0,2485.491,11855.672
PF08/0007/A512,CE,40.89965,14.196079,50.0,1936.121,12292.407
PF09/0007/A512,CE,40.902178,14.192266,50.0,2219.658,11973.868
PF10/0007/A512,CE,40.908429,14.186767,50.0,2917.982,11517.144
PF13/0007/A512,CE,40.904002,14.186077,50.0,2427.076,11454.408
PF14/0007/A512,CE,40.90739,14.183747,50.0,2804.908,11261.659
PF15/0007/A512,CE,40.89507,14.186632,50.0,1435.029,11491.995
PF16/0007/A512,CE,40.904727,14.192646,50.0,2502.401,12008.482
PF17/0007/A512,CE,40.905108,14.189332,50.0,2547.29,11729.752
PF07/0008/A512,CE,40.908464,14.185134,50.0,2923.06,11379.641
PF08/0008/A512,CE,40.913118,14.179398,60.0,3444.277,10901.376
PF10/0008/A512,CE,40.89671,14.180432,50.0,1622.009,10971.432
PF12/0008/A512,CE,40.895841,14.181557,12.0,1524.587,11065.286
PF15/0008/A512,CE,40.899547,14.184871,50.0,1933.378,11348.219
PF19/0008/A512,CE,40.900495,14.181997,50.0,2040.946,11107.15
PF23/0008/A512,CE,40.903426,14.179908,50.0,2367.925,10934.283
PF24/0008/A512,CE,40.894131,14.18024,12.0,1335.773,10952.498
PF25/0008/A512,CE,40.903239,14.17385,50.0,2351.959,10423.766
PF26/0008/A512,CE,40.900755,14.177012,50.0,2073.669,10687.502
PF27/0008/A512,CE,40.900771,14.173824,12.0,2078.0,10419.0
PF29/0008/A512,CE,40.90665,14.175464,50.0,2729.378,10563.347
PF30/0008/A512,CE,40.906157,14.182718,50.0,2668.844,11173.787
PF31/0008/A512,CE,40.903107,14.183287,50.0,2329.843,11218.498
PF32/0008/A512,CE,40.897712,14.178112,12.0,1735.0,10777.0
PF02/0009/A512,CE,40.898819,14.181292,50.0,1855.407,11045.994
PF06/0009/A512,CE,40.895609,14.191589,50.0,1491.041,11910.067
PF07/0009/A512,CE,40.895434,14.19489,10.0,1469.0,12188.0
PF09/0009/A512,CE,40.894612,14.183308,50.0,1386.77,11211.493
PF11/0009/A512,CE,40.8974,14.183326,50.0,1696.301,11215.855
PF13/0009/A512,CE,40.89431,14.180131,50.0,1355.775,10943.529
PF15/0009/A512,CE,40.893673,14.1761,50.0,1288.244,10603.34
PF01/0010/A512,CE,40.927039,14.176383,10.0,4992.0,10662.0
PF01/0001/A579,CE,41.019472,14.225211,12.0,15215.7,14864.2
PF02/0001/A579,CE,41.019271,14.220954,50.0,15196.504,14506.124
PF03/0001/A579,CE,41.021428,14.224371,12.0,15433.5,14795.5
PF04/0001/A579,CE,41.021254,14.210856,50.0,15424.273,13659.033
PF05/0001/A579,CE,41.021836,14.219877,12.0,15482.1,14418.1
PF06/0001/A579,CE,41.023468,14.212292,12.0,15669.0,13782.0
PF02/0002/A579,CE,41.016377,14.217893,50.0,14877.569,14245.827
PF05/0002/A579,CE,41.020173,14.212957,50.0,15302.666,13834.613
PF06/0002/A579,CE,41.01936,14.216908,50.0,15209.501,14166.008
PF07/0002/A579,CE,41.019521,14.207917,12.0,15234.162,13410.166
PF08/0002/A579,CE,41.017574,14.206946,12.0,15018.718,13326.586
PF09/0002/A579,CE,41.018376,14.210423,12.0,15105.119,13619.748
PF01/0003/A579,CE,41.018984,14.227894,50.0,15159.526,15089.296
PF05/0003/A579,CE,41.01859,14.231551,50.0,15113.09,15396.425
PF06/0003/A579,CE,41.016153,14.229552,50.0,14844.0,15226.0
PF07/0003/A579,CE,41.015591,14.233868,50.0,14778.39,15588.305
PF08/0003/A579,CE,41.020681,14.235851,12.0,15342.0,15760.0
PF09/0003/A579,CE,41.018625,14.22395,50.0,15122.645,14757.331
PF01/0004/A579,CE,41.013945,14.2538,50.0,14581.133,17262.739
PF02/0004/A579,CE,41.015413,14.256086,50.0,14742.512,17456.348
PF03/0004/A579,CE,41.01656,14.243754,50.0,14878.699,16420.482
PF04/0004/A579,CE,41.014505,14.242613,50.0,14651.439,16322.549
PF06/0004/A579,CE,41.019295,14.251103,12.0,15177.0,17041.0
PF01/0005/A579,CE,41.018803,14.263141,50.0,15113.807,18052.7
PF02/0005/A579,CE,41.015784,14.261204,12.0,14780.0,17887.0
PF04/0005/A579,CE,41.012135,14.258379,50.0,14376.954,17646.074
PF05/0005/A579,CE,41.017755,14.256687,50.0,15002.039,17509.052
PF06/0005/A579,CE,41.01594,14.266366,50.0,14793.654,18321.244
PF02/0006/A579,CE,41.013061,14.217185,10.0,14510.0,14183.0
PF03/0006/A579,CE,41.012873,14.220029,10.0,14487.0,14422.0
PF04/0006/A579,CE,41.012612,14.214636,50.0,14462.061,13968.211
PF06/0006/A579,CE,41.011115,14.212522,10.0,14297.5,13789.0
PF07/0006/A579,CE,41.010917,14.209974,10.0,14277.5,13574.5
PF09/0006/A579,CE,41.009263,14.220397,50.0,14085.933,14449.362
PF12/0006/A579,CE,41.008205,14.218378,10.0,13970.0,14278.5
PF13/0006/A579,CE,41.007374,14.22192,50.0,13875.052,14575.581
PF14/0006/A579,CE,41.012969,14.220019,50.0,14497.671,14421.196
PF15/0006/A579,CE,41.014047,14.214287,50.0,14621.621,13940.277
PF16/0006/A579,CE,41.011639,14.225395,12.0,14346.0,14872.0
PF17/0006/A579,CE,41.010027,14.216162,12.0,14174.0,14094.0
PF02/0007/A579,CE,41.017286,14.235997,10.0,14965.0,15769.0
PF03/0007/A579,CE,41.014944,14.235989,10.0,14705.0,15766.0
PF04/0007/A579,CE,41.013041,14.234322,10.0,14495.0,15624.0
PF06/0007/A579,CE,41.011192,14.233237,12.0,14290.5,15531.0
PF07/0007/A579,CE,41.011215,14.228887,50.0,14296.293,15165.243
PF08/0007/A579,CE,41.00967,14.230596,50.0,14123.529,15307.398
PF09/0007/A579,CE,41.008328,14.233395,50.0,13972.426,15541.436
PF10/0007/A579,CE,41.008649,14.229268,50.0,14011.13,15194.735
PF11/0007/A579,CE,41.006882,14.231933,50.0,13813.019,15417.132
PF12/0007/A579,CE,41.017574,14.239386,50.0,14994.48,16054.182
PF13/0007/A579,CE,41.012764,14.237393,12.0,14462.0,15882.0
PF01/0008/A579,CE,41.012067,14.247831,10.0,14377.0,16759.0
PF08/0008/A579,CE,41.007497,14.236885,50.0,13877.658,15834.112
PF09/0008/A579,CE,41.005548,14.238666,10.0,13660.0,15982.0
PF10/0008/A579,CE,41.005864,14.234917,50.0,13697.803,15667.077
PF12/0008/A579,CE,41.003829,14.239485,50.0,13468.531,16049.212
PF13/0008/A579,CE,41.00463,14.23327,50.0,13561.984,15527.339
PF14/0008/A579,CE,41.009569,14.235633,50.0,14108.605,15730.852
PF15/0008/A579,CE,41.006351,14.240457,50.0,13747.837,16133.428
PF16/0008/A579,CE,41.01039,14.23854,50.0,14197.607,15976.138
PF17/0008/A579,CE,41.010157,14.245493,50.0,14166.648,16560.602
PF18/0008/A579,CE,41.00908,14.241178,50.0,14050.179,16196.666
PF19/0008/A579,CE,41.007472,14.243487,50.0,13869.986,16389.289
PF01/0009/A579,CE,41.003749,14.248359,50.0,13453.217,16795.457
PF03/0009/A579,CE,41.005663,14.246365,50.0,13667.074,16629.628
PF04/0009/A579,CE,41.006615,14.259986,12.0,13763.0,17776.0
PF05/0009/A579,CE,41.009162,14.250108,50.0,14052.831,16947.738
PF06/0009/A579,CE,41.011286,14.262341,50.0,14279.823,17978.39
PF07/0009/A579,CE,41.008896,14.255847,50.0,14019.197,17430.054
PF02/0010/A579,CE,41.012921,14.269905,50.0,14456.0,18616.0
PF03/0010/A579,CE,41.010003,14.271321,50.0,14131.136,18732.309
PF01/0011/A579,CE,41.006928,14.274542,50.0,13787.439,19000.359
PF02/0011/A579,CE,41.00546,14.279077,50.0,13621.343,19380.432
PF02/0012/A579,CE,41.006617,14.22065,10.0,13792.0,14468.0
PF03/0012/A579,CE,41.006531,14.225729,50.0,13778.62,14895.021
PF05/0012/A579,CE,41.004958,14.225105,10.0,13604.5,14841.0
PF06/0012/A579,CE,41.005117,14.228052,10.0,13620.0,15089.0
PF07/0012/A579,CE,41.005034,14.22991,50.0,13609.351,15245.184
PF08/0012/A579,CE,41.003347,14.228762,0.0,13423.0,15147.0
PF09/0012/A579,CE,41.003113,14.232329,50.0,13394.278,15446.688
PF10/0012/A579,CE,41.004028,14.221507,10.0,13504.0,14537.5
PF11/0012/A579,CE,41.001424,14.232055,10.0,13207.0,15422.0
PF12/0012/A579,CE,41.006201,14.209816,10.0,13754.0,13556.5
PF13/0012/A579,CE,41.00922,14.226007,50.0,14077.02,14921.074
PF01/0013/A579,CE,41.001116,14.230945,50.0,13173.654,15328.396
PF03/0013/A579,CE,41.00134,14.214846,50.0,13210.527,13974.613
PF04/0013/A579,CE,41.001801,14.228578,12.0,13251.5,15130.0
PF05/0013/A579,CE,41.014425,14.157622,12.0,14708.0,9176.0
PF01/0014/A579,CE,41.003029,14.234814,50.0,13383.131,15655.614
PF02/0014/A579,CE,41.001883,14.23605,10.0,13255.0,15758.5
PF03/0014/A579,CE,41.001359,14.234407,50.0,13198.022,15619.739
PF05/0014/A579,CE,41.002175,14.238268,50.0,13285.838,15945.258
PF06/0014/A579,CE,41.000032,14.236933,50.0,13048.896,15830.961
PF01/0015/A579,CE,41.002835,14.240851,50.0,13357.155,16163.181
PF02/0015/A579,CE,41.001691,14.242586,50.0,13228.929,16307.934
PF03/0015/A579,CE,41.003861,14.253358,10.0,13462.0,17216.0
PF04/0015/A579,CE,41.001621,14.251065,10.0,13215.0,17021.0
PF05/0015/A579,CE,41.000172,14.239948,50.0,13062.183,16084.604
PF06/0015/A579,CE,41.000044,14.243289,50.0,13045.616,16365.481
PF07/0015/A579,CE,41.000584,14.248158,10.0,13102.0,16775.5
PF10/0015/A579,CE,40.999586,14.251135,10.0,12989.0,17025.0
PF01/0016/A579,CE,41.001831,14.268905,50.0,13225.57,18521.62
PF02/0016/A579,CE,41.003833,14.263014,12.0,13452.0,18028.0
PF03/0016/A579,CE,41.004772,14.266318,50.0,13553.88,18306.749
PF04/0016/A579,CE,41.001426,14.264372,50.0,13183.824,18139.96
PF01/0017/A579,CE,40.996835,14.278929,50.0,12664.0,19360.0
PF03/0017/A579,CE,40.993878,14.282423,50.0,12333.3,19651.213
PF04/0017/A579,CE,41.001693,14.279526,50.0,13202.855,19414.681
PF05/0017/A579,CE,40.998375,14.286422,50.0,12829.758,19991.694
PF06/0017/A579,CE,41.001703,14.285237,12.0,13200.0,19895.0
PF07/0017/A579,CE,41.002516,14.275788,50.0,13296.777,19101.099
PF02/0018/A579,CE,40.999344,14.216482,50.0,12987.781,14110.25
PF03/0018/A579,CE,40.999522,14.229123,50.0,12998.015,15173.618
PF04/0018/A579,CE,41.000452,14.211463,50.0,13114.522,13689.184
PF05/0018/A579,CE,40.997895,14.213738,12.0,12829.0,13878.0
PF02/0019/A579,CE,40.99975,14.238687,50.0,13016.284,15978.15
PF04/0019/A579,CE,40.998816,14.235681,50.0,12914.803,15724.467
PF07/0019/A579,CE,40.996859,14.237178,50.0,12696.444,15848.469
PF08/0019/A579,CE,40.99755,14.241304,50.0,12770.131,16196.141
PF10/0019/A579,CE,40.997695,14.245836,50.0,12783.0,16577.502
PF15/0019/A579,CE,40.994649,14.246586,50.0,12444.232,16637.654
PF16/0019/A579,CE,40.997787,14.232105,50.0,12803.258,15422.716
PF17/0019/A579,CE,40.994736,14.242774,50.0,12456.683,16317.128
PF01/0020/A579,CE,41.002472,14.258716,50.0,13304.023,17665.246
PF02/0020/A579,CE,41.000726,14.255433,10.0,13112.5,17387.5
PF04/0020/A579,CE,40.998662,14.254624,10.0,12884.0,17317.5
PF06/0020/A579,CE,40.992721,14.256457,50.0,12223.151,17466.069
PF09/0020/A579,CE,40.999787,14.259735,50.0,13005.178,17748.426
PF02/0021/A579,CE,40.99114,14.260134,50.0,12044.938,17773.887
PF03/0021/A579,CE,40.989897,14.261957,50.0,11905.696,17926.075
PF04/0021/A579,CE,40.994916,14.261045,50.0,12463.56,17854.012
PF06/0021/A579,CE,40.996583,14.263828,50.0,12646.567,18089.68
PF07/0021/A579,CE,40.988016,14.2654,50.0,11694.444,18213.879
PF09/0021/A579,CE,40.994627,14.268003,50.0,12426.464,18438.978
PF10/0021/A579,CE,40.992018,14.263912,50.0,12139.755,18092.464
PF01/0022/A579,CE,40.988004,14.272625,50.0,11688.051,18821.659
PF02/0022/A579,CE,40.997284,14.266354,50.0,12722.644,18302.763
PF04/0022/A579,CE,40.989953,14.266731,50.0,11908.479,18327.674
PF06/0022/A579,CE,40.997599,14.272166,50.0,12753.511,18791.958
PF08/0022/A579,CE,40.99469,14.280627,50.0,12424.631,19500.886
PF09/0022/A579,CE,40.991882,14.260392,50.0,12127.176,17796.31
PF10/0022/A579,CE,40.993181,14.275396,50.0,12260.824,19059.521
PF11/0022/A579,CE,40.994345,14.269601,50.0,12394.084,18573.16
PF01/0023/A579,CE,40.994454,14.228355,10.0,12436.0,15104.0
PF02/0023/A579,CE,40.993601,14.232115,50.0,12338.52,15419.416
PF03/0023/A579,CE,40.992759,14.236997,50.0,12241.415,15829.25
PF06/0023/A579,CE,40.991183,14.232934,10.0,12069.5,15486.0
PF08/0023/A579,CE,40.989672,14.231965,10.0,11902.5,15403.0
PF10/0023/A579,CE,41.000774,14.227805,12.0,13138.0,15064.0
PF03/0024/A579,CE,40.987666,14.255185,50.0,11662.839,17354.31
PF04/0024/A579,CE,40.995232,14.250337,50.0,12506.278,16953.669
PF05/0024/A579,CE,40.990765,14.253368,50.0,12008.225,17204.421
PF06/0024/A579,CE,40.985749,14.25249,50.0,11451.931,17125.791
PF01/0025/A579,CE,40.988399,14.257821,50.0,11742.387,17576.741
PF02/0025/A579,CE,40.988772,14.259928,50.0,11782.25,17754.312
PF03/0025/A579,CE,40.987079,14.259564,50.0,11594.512,17722.112
PF08/0025/A579,CE,40.990259,14.257047,50.0,11949.405,17513.401
PF01/0026/A579,CE,40.987871,14.263053,50.0,11680.043,18016.312
PF02/0026/A579,CE,40.987835,14.260788,50.0,11677.618,17825.754
PF03/0026/A579,CE,40.990942,14.267175,50.0,12018.002,18365.981
PF05/0026/A579,CE,40.985858,14.270193,50.0,11451.464,18615.125
PF07/0026/A579,CE,40.985261,14.267617,50.0,11386.984,18397.853
PF08/0026/A579,CE,40.984233,14.259095,10.0,11279.0,17680.0
PF12/0026/A579,CE,40.98241,14.258521,10.0,11077.0,17630.0
PF13/0026/A579,CE,40.990595,14.271062,50.0,11976.795,18692.605
PF14/0026/A579,CE,40.983186,14.265716,50.0,11158.0,18236.0
PF15/0026/A579,CE,40.983792,14.262543,50.0,11227.577,17969.62
PF01/0027/A579,CE,40.986502,14.258265,50.0,11531.457,17612.246
PF02/0027/A579,CE,40.983289,14.259249,12.0,11174.0,17692.0
PF01/0001/A755,CE,40.507167,14.524674,8.0,-41834.39,39734.58
PF05/0001/A755,CE,40.965397,14.516477,50.0,9036.134,39320.368
PF06/0001/A755,CE,40.965332,14.514309,50.0,9029.957,39137.914
PF09/0001/A755,CE,40.951562,14.519336,50.0,7498.922,39552.516
PF10/0001/A755,CE,40.956924,14.522784,50.0,8092.596,39845.969
PF01/0002/A755,CE,40.966365,14.519876,9.0,9142.0,39607.0
PF02/0002/A755,CE,40.964563,14.52537,50.0,8939.407,40068.198
PF03/0002/A755,CE,40.963643,14.521291,50.0,8839.138,39724.397
PF04/0002/A755,CE,40.961769,14.521597,10.0,8631.0,39749.0
PF05/0002/A755,CE,40.961682,14.52445,10.0,8620.0,39989.0
PF07/0002/A755,CE,40.959056,14.51656,50.0,8332.138,39323.479
PF08/0002/A755,CE,40.957616,14.524755,50.0,8168.537,40012.203
PF10/0002/A755,CE,40.959885,14.526049,50.0,8419.797,40122.483
PF12/0002/A755,CE,40.957146,14.5189,50.0,8119.105,39519.216
PF14/0002/A755,CE,40.959573,14.520094,50.0,8387.92,39621.122
PF02/0003/A755,CE,40.961554,14.530784,12.0,8603.0,40522.0
PF03/0003/A755,CE,40.962117,14.526526,50.0,8667.338,40163.94
PF04/0003/A755,CE,40.956364,14.528993,12.0,8027.6,40368.13
PF05/0004/A755,CE,40.953608,14.525143,50.0,7723.462,40042.447
PF08/0004/A755,CE,40.951578,14.525304,50.0,7498.015,40054.752
PF09/0004/A755,CE,40.950612,14.529856,50.0,7388.645,40437.309
PF10/0004/A755,CE,40.951913,14.527879,50.0,7533.999,40271.726
PF12/0004/A755,CE,40.956937,14.525977,50.0,8092.64,40114.658
PF13/0004/A755,CE,40.956267,14.516076,50.0,8022.786,39281.026
PF14/0004/A755,CE,40.951547,14.524031,50.0,7495.081,39947.654
PF15/0004/A755,CE,40.953191,14.531323,50.0,7674.316,40562.316
PF16/0004/A755,CE,40.953755,14.528144,50.0,7738.343,40295.131
PF17/0004/A755,CE,40.955397,14.524506,50.0,7922.336,39989.964
PF02/0005/A755,CE,40.955313,14.5166,50.0,7916.688,39324.537
PF03/0005/A755,CE,40.973617,14.507238,50.0,9953.018,38548.09
PF05/0005/A755,CE,40.948274,14.517748,50.0,7134.741,39416.849
PF06/0005/A755,CE,40.95308,14.514261,50.0,7669.87,39126.285
PF07/0005/A755,CE,40.965299,14.511335,50.0,9027.619,38887.58
PF08/0005/A755,CE,40.973955,14.511785,50.0,9988.41,38930.867
PF09/0005/A755,CE,40.973003,14.513909,50.0,9881.707,39108.981
PF10/0005/A755,CE,40.97401,14.436123,50.0,10032.863,32564.966
PF11/0005/A755,CE,40.954818,14.514315,50.0,7862.745,39131.861
PF01/0006/A755,CE,40.949076,14.526962,50.0,7219.435,40192.822
PF03/0006/A755,CE,40.949542,14.524052,50.0,7272.5,39948.2
PF04/0006/A755,CE,40.945231,14.521271,50.0,6795.205,39711.457
PF05/0006/A755,CE,40.953269,14.517142,50.0,7689.44,39368.87
PF06/0006/A755,CE,40.94788,14.520409,10.0,7089.687,39640.521
PF08/0006/A755,CE,40.947536,14.528104,50.0,7047.991,40287.998
PF09/0006/A755,CE,40.946107,14.5271,50.0,6889.885,40202.679
PF10/0006/A755,CE,40.952058,14.519379,50.0,7553.979,39556.364
PF12/0006/A755,CE,40.944946,14.529132,10.0,6760.0,40373.0
PF14/0006/A755,CE,40.943204,14.526715,50.0,6567.761,40168.491
PF17/0006/A755,CE,40.952764,14.522619,50.0,7630.931,39829.544
PF02/0007/A755,CE,40.949169,14.53249,50.0,7227.301,40658.209
PF03/0007/A755,CE,40.948677,14.52964,10.0,7174.0,40418.0
PF04/0007/A755,CE,40.940575,14.535311,50.0,6272.043,40890.52
PF05/0007/A755,CE,40.948405,14.535688,50.0,7141.014,40926.894
PF06/0007/A755,CE,40.939622,14.534099,50.0,6166.783,40787.939
PF07/0007/A755,CE,40.944167,14.532371,50.0,6672.091,40645.18
PF08/0007/A755,CE,40.951572,14.537217,50.0,7491.936,41057.439
PF02/0008/A755,CE,40.932489,14.539022,50.0,5372.73,41198.165
PF03/0008/A755,CE,40.935418,14.543537,50.0,5695.846,41579.974
PF04/0008/A755,CE,40.93205,14.541804,50.0,5322.747,41432.133
PF06/0008/A755,CE,40.94152,14.540234,50.0,6374.745,41305.471
PF07/0008/A755,CE,40.938169,14.541998,50.0,6002.0,41452.0
PF08/0008/A755,CE,40.934639,14.536928,50.0,5612.309,41023.142
PF01/0009/A755,CE,40.942452,14.527988,50.0,6483.73,40275.217
PF04/0009/A755,CE,40.937495,14.535265,50.0,5930.064,40884.81
PF07/0009/A755,CE,40.932937,14.538163,50.0,5422.887,41126.104
PF08/0009/A755,CE,40.932583,14.534913,50.0,5384.951,40852.309
PF10/0009/A755,CE,40.93764,14.531227,12.0,5948.0,40545.0
PF11/0009/A755,CE,40.941823,14.532065,12.0,6412.0,40618.0
PF01/0010/A755,CE,40.945492,14.514392,50.0,6827.391,39132.659
PF03/0010/A755,CE,40.941282,14.52108,50.0,6357.0,39693.0
PF04/0010/A755,CE,40.940371,14.525079,50.0,6254.041,40029.113
PF05/0010/A755,CE,40.939427,14.52895,50.0,6147.475,40354.423
PF06/0010/A755,CE,40.939937,14.523055,50.0,6206.757,39858.42
PF08/0010/A755,CE,40.939599,14.519775,50.0,6170.75,39582.146
PF10/0010/A755,CE,40.93723,14.523351,50.0,5906.141,39881.73
PF11/0010/A755,CE,40.936966,14.520038,50.0,5878.363,39602.643
PF12/0010/A755,CE,40.935753,14.523599,50.0,5742.07,39901.699
PF15/0010/A755,CE,40.932342,14.532884,32.0,5359.13,40681.351
PF16/0010/A755,CE,40.93623,14.504204,50.0,5804.007,38269.268
PF17/0010/A755,CE,40.936969,14.526419,50.0,5875.718,40139.857
PF18/0010/A755,CE,40.934242,14.530754,50.0,5571.069,40503.167
PF01/0011/A755,CE,40.950041,14.513988,50.0,7332.602,39101.395
PF02/0011/A755,CE,40.950745,14.519984,50.0,7407.941,39606.508
PF05/0011/A755,CE,40.948364,14.519693,50.0,7143.802,39580.564
PF07/0011/A755,CE,40.942171,14.51795,50.0,6457.121,39430.119
PF08/0011/A755,CE,40.943669,14.516083,50.0,6624.302,39273.819
PF09/0011/A755,CE,40.941899,14.518788,50.0,6426.464,39500.426
PF13/0011/A755,CE,40.968328,14.406994,50.0,9418.333,30109.803
PF14/0011/A755,CE,40.939895,14.518428,50.0,6204.259,39468.893
PF17/0011/A755,CE,40.946361,14.517435,50.0,6922.484,39389.28
PF18/0011/A755,CE,40.970712,14.404728,50.0,9684.229,29920.938
PF19/0011/A755,CE,40.950325,14.516812,50.0,7362.781,39339.291
PF04/0012/A755,CE,40.9279,14.517101,50.0,4873.236,39349.859
PF06/0012/A755,CE,40.923295,14.510438,50.0,4365.156,38785.97
PF09/0012/A755,CE,40.932662,14.513848,50.0,5403.435,39078.9
PF10/0012/A755,CE,40.934087,14.517378,50.0,5559.993,39377.003
PF11/0012/A755,CE,41.026863,14.19802,50.0,16056.796,12585.55
PF12/0012/A755,CE,41.023186,14.202709,50.0,15645.041,12976.013
PF13/0012/A755,CE,41.025375,14.202907,50.0,15887.886,12994.879
PF14/0012/A755,CE,40.92499,14.517551,12.0,4550.0,39386.0
PF16/0012/A755,CE,41.017577,14.200587,12.0,15023.946,12791.942
PF01/0013/A755,CE,40.922016,14.51614,50.0,4220.569,39265.29
PF02/0013/A755,CE,40.918789,14.514922,50.0,3862.867,39160.781
PF04/0013/A755,CE,40.919873,14.517363,12.0,3982.0,39367.0
PF05/0013/A755,CE,40.917228,14.517642,50.0,3688.324,39388.901
PF06/0013/A755,CE,41.010679,14.203736,50.0,14255.751,13049.74
PF08/0013/A755,CE,41.008707,14.209621,50.0,14032.415,13542.573
PF01/0014/A755,CE,40.93499,14.524232,10.0,5657.0,39954.5
PF02/0014/A755,CE,40.934878,14.518976,10.0,5647.0,39512.0
PF03/0014/A755,CE,40.934263,14.521953,50.0,5577.32,39762.217
PF04/0014/A755,CE,40.933184,14.525533,50.0,5456.0,40063.0
PF05/0014/A755,CE,40.93237,14.529621,50.0,5363.758,40406.658
PF07/0014/A755,CE,40.933084,14.519733,50.0,5447.465,39574.625
PF08/0014/A755,CE,40.931993,14.523081,50.0,5324.915,39855.828
PF11/0014/A755,CE,40.929965,14.523557,50.0,5099.522,39894.632
PF12/0014/A755,CE,40.92759,14.520967,50.0,4837.033,39675.134
PF13/0014/A755,CE,40.927958,14.523785,50.0,4876.605,39912.675
PF17/0014/A755,CE,40.931819,14.531512,50.0,5301.76,40565.539
PF19/0014/A755,CE,40.928734,14.530583,50.0,4959.712,40485.458
PF01/0015/A755,CE,40.928018,14.544991,50.0,4873.78,41698.096
PF02/0015/A755,CE,40.930592,14.54056,50.0,5161.467,41326.593
PF03/0015/A755,CE,40.929067,14.541597,50.0,4991.679,41412.952
PF04/0015/A755,CE,40.928478,14.538625,50.0,4927.643,41162.415
PF06/0015/A755,CE,40.930175,14.537667,50.0,5116.424,41082.73
PF03/0016/A755,CE,40.931071,14.552281,50.0,5209.526,42313.61
PF04/0016/A755,CE,40.930375,14.543884,50.0,5135.876,41606.272
PF11/0016/A755,CE,40.930896,14.555173,50.0,5188.838,42557.019
PF12/0016/A755,CE,40.928554,14.557386,50.0,4927.872,42742.026
PF13/0016/A755,CE,40.926674,14.552827,50.0,4721.148,42357.129
PF15/0016/A755,CE,40.931743,14.547024,50.0,5286.416,41871.422
PF07/0001/B361,CE,41.015823,14.199726,50.0,14829.912,12717.721
PF12/0001/B361,CE,41.011871,14.201502,50.0,14389.888,12863.075
PF13/0001/B361,CE,41.01402,14.115404,50.0,14698.19,5625.6
PF14/0001/B361,CE,41.01024,14.203603,50.0,14207.153,13038.042
PF19/0001/B361,CE,41.014326,14.08432,50.0,14759.18,3012.158
PF20/0001/B361,CE,41.017331,14.116677,50.0,15064.735,5736.295
PF21/0001/B361,CE,41.017516,14.081989,50.0,15115.369,2819.869
PF22/0001/B361,CE,41.013804,14.191738,12.0,14612.0,12044.0
PF02/0002/B361,CE,41.010098,14.185017,9.0,14205.8,11475.0
PF08/0002/B361,CE,41.007117,14.186855,9.0,13873.5,11626.5
PF11/0002/B361,CE,41.005734,14.187467,9.0,13719.4,11676.5
PF12/0002/B361,CE,41.006246,14.077896,50.0,13867.858,2462.498
PF13/0002/B361,CE,41.005105,14.190551,52.0,13647.245,11935.224
PF15/0002/B361,CE,41.010065,14.063828,50.0,14304.424,1284.021
PF02/0003/B361,CE,41.006571,14.167149,9.0,13828.5,9968.7
PF05/0003/B361,CE,41.003531,14.173672,50.0,13485.803,10514.115
PF07/0003/B361,CE,41.005853,14.176436,9.0,13741.3,10749.0
PF10/0003/B361,CE,41.006444,14.085176,50.0,13883.391,3074.976
PF13/0003/B361,CE,40.894831,14.184506,9.0,1410.2,11312.6
PF14/0003/B361,CE,41.004023,14.166804,50.0,13545.888,9937.027
PF15/0003/B361,CE,41.008507,14.18022,12.0,14033.0,11070.0
PF16/0003/B361,CE,41.004716,14.171256,50.0,13619.211,10312.142
PF01/0004/B361,CE,41.008881,14.193166,9.0,14064.3,12159.0
PF02/0004/B361,CE,41.010404,14.220498,9.0,14212.5,14459.0
PF03/0004/B361,CE,41.00858,14.197926,9.0,14027.3,12559.0
PF04/0004/B361,CE,41.007931,14.206553,50.0,13948.515,13283.852
PF05/0004/B361,CE,41.015114,14.093205,50.0,14838.852,3760.156
PF06/0004/B361,CE,41.006486,14.196405,9.0,13796.0,12429.0
PF07/0004/B361,CE,41.007266,14.199749,9.0,13880.0,12711.0
PF09/0004/B361,CE,41.006262,14.20599,50.0,13763.664,13234.813
PF10/0004/B361,CE,41.007399,14.167156,50.0,13920.336,9970.16
PF11/0004/B361,CE,41.007167,14.193591,50.0,13873.698,12193.011
PF14/0004/B361,CE,41.008061,14.20279,50.0,13965.863,12967.476
PF07/0005/B361,CE,41.01375,14.209898,12.0,14592.0,13571.0
PF09/0005/B361,CE,41.006847,14.122604,50.0,13895.796,6222.977
PF11/0005/B361,CE,41.008064,14.208373,12.0,13962.0,13437.0
PF13/0005/B361,CE,41.008104,14.111271,50.0,14045.039,5271.37
PF14/0005/B361,CE,40.998918,14.218256,50.0,12939.156,14258.996
PF15/0005/B361,CE,41.002421,14.211698,12.0,13333.0,13711.0
PF04/0006/B361,CE,41.000131,14.148747,9.0,13128.5,8414.2
PF07/0006/B361,CE,40.996871,14.058528,9.0,12844.5,822.5
PF08/0006/B361,CE,40.998613,14.027882,50.0,13066.059,-1752.964
PF09/0006/B361,CE,40.999425,14.028822,50.0,13155.341,-1672.845
PF01/0007/B361,CE,41.001156,14.161939,9.0,13231.5,9524.8
PF02/0007/B361,CE,41.002376,14.164333,9.0,13365.0,9727.5
PF04/0007/B361,CE,41.000264,14.166857,9.0,13128.5,9937.5
PF07/0007/B361,CE,40.994962,14.164317,9.0,12542.0,9718.2
PF09/0007/B361,CE,40.99745,14.168262,9.0,12815.0,10052.7
PF15/0007/B361,CE,40.999465,14.177253,9.0,13031.5,10811.0
PF16/0007/B361,CE,40.995191,14.168302,50.0,12564.211,10053.64
PF17/0007/B361,CE,40.994842,14.180709,50.0,12515.545,11096.842
PF18/0007/B361,CE,41.001769,14.176388,50.0,13288.019,10740.63
PF19/0007/B361,CE,40.996047,14.145081,50.0,12678.14,8101.466
PF20/0007/B361,CE,40.99846,14.163148,50.0,12931.255,9623.639
PF21/0007/B361,CE,40.998632,14.171987,50.0,12943.254,10367.24
PF22/0007/B361,CE,40.993399,14.171441,50.0,12362.812,10315.79
PF23/0007/B361,CE,41.003051,14.169807,50.0,13435.522,10188.532
PF24/0007/B361,CE,41.001944,14.171646,50.0,13311.217,10342.056
PF01/0008/B361,CE,41.003053,14.178909,9.0,13428.5,10954.0
PF02/0008/B361,CE,41.002413,14.180145,9.0,13356.5,11057.3
PF07/0008/B361,CE,40.997489,14.185024,50.0,12806.0,11462.5
PF08/0008/B361,CE,40.99756,14.187481,50.0,12811.995,11669.228
PF09/0008/B361,CE,40.995211,14.185254,9.0,12553.0,11479.5
PF10/0008/B361,CE,40.99428,14.189598,50.0,12446.23,11843.978
PF11/0008/B361,CE,40.997078,14.190409,50.0,12756.225,11915.061
PF13/0008/B361,CE,40.99594,14.193794,50.0,12627.25,12198.553
PF14/0008/B361,CE,41.00956,14.083223,70.0,14231.028,2914.381
PF01/0009/B361,CE,41.013375,14.08306,50.0,14654.688,2905.144
PF05/0009/B361,CE,40.999368,14.195737,9.0,13006.3,12365.5
PF06/0009/B361,CE,41.001676,14.19831,50.0,13260.529,12584.239
PF10/0009/B361,CE,41.003315,14.205882,50.0,13436.6,13222.728
PF11/0009/B361,CE,41.000822,14.205805,9.0,13160.0,13213.7
PF12/0009/B361,CE,41.005597,14.202498,50.0,13692.533,12940.476
PF13/0009/B361,CE,40.996785,14.197689,12.0,12718.0,12527.0
PF14/0009/B361,CE,41.012945,14.086741,70.0,14603.68,3214.139
PF15/0009/B361,CE,41.001502,14.193458,50.0,13245.0,12176.0
PF16/0009/B361,CE,40.999535,14.192714,50.0,13027.212,12111.423
PF18/0009/B361,CE,41.015863,14.083595,70.0,14930.435,2953.023
PF19/0009/B361,CE,41.002006,14.202429,50.0,13294.0,12931.0
PF02/0010/B361,CE,41.0013,14.213904,50.0,13206.9,13895.4
PF03/0010/B361,CE,41.002402,14.216342,10.0,13327.3,14101.5
PF06/0010/B361,CE,40.994446,14.206453,50.0,12451.636,13261.784
PF07/0010/B361,CE,40.997948,14.206556,50.0,12840.3,13273.978
PF01/0011/B361,CE,40.989085,14.136474,50.0,11912.324,7369.874
PF03/0011/B361,CE,40.989478,14.143365,50.0,11950.26,7949.994
PF05/0011/B361,CE,40.987236,14.142586,50.0,11702.0,7882.0
PF07/0011/B361,CE,40.990071,14.147487,50.0,12012.686,8297.342
PF08/0011/B361,CE,40.989542,14.139596,50.0,11960.507,7632.967
PF09/0011/B361,CE,40.994099,14.147371,12.0,12460.0,8292.0
PF10/0011/B361,CE,40.992342,14.144802,50.0,12267.0,8074.0
PF01/0012/B361,CE,40.994478,14.132452,50.0,12514.352,7037.533
PF02/0012/B361,CE,40.998247,14.160843,10.0,12909.5,9429.5
PF03/0012/B361,CE,40.996148,14.160108,10.0,12677.0,9365.5
PF04/0012/B361,CE,40.996779,14.163562,10.0,12744.3,9656.7
PF05/0012/B361,CE,40.994502,14.139469,50.0,12511.214,7627.72
PF06/0012/B361,CE,40.993106,14.139418,50.0,12356.281,7621.919
PF09/0012/B361,CE,40.990371,14.157311,12.0,12038.0,9124.0
PF01/0013/B361,CE,40.99395,14.157391,50.0,12435.249,9134.582
PF02/0013/B361,CE,40.991921,14.162922,10.0,12205.5,9597.7
PF06/0013/B361,CE,40.994568,14.165727,50.0,12497.083,9836.444
PF08/0013/B361,CE,40.99281,14.174152,10.0,12295.2,10543.2
PF01/0014/B361,CE,40.99787,14.199546,10.0,12837.0,12684.3
PF02/0014/B361,CE,40.995942,14.20023,50.0,12622.51,12739.88
PF04/0014/B361,CE,40.993723,14.196678,50.0,12378.91,12438.837
PF05/0014/B361,CE,40.992928,14.191264,50.0,12294.843,11982.715
PF07/0014/B361,CE,40.990183,14.199534,50.0,11983.711,12675.517
PF08/0014/B361,CE,40.994385,14.204437,50.0,12446.37,13092.186
PF01/0015/B361,CE,40.984503,14.176744,12.0,11371.0,10752.5
PF07/0015/B361,CE,40.99208,14.178846,10.0,12210.5,10937.3
PF10/0015/B361,CE,40.988775,14.181462,50.0,11841.517,11153.855
PF13/0015/B361,CE,40.994456,14.184166,54.0,12470.022,11387.264
PF14/0015/B361,CE,40.994347,14.184022,50.0,12458.0,11375.0
PF15/0015/B361,CE,40.990458,14.180762,50.0,12028.92,11096.716
PF16/0015/B361,CE,40.990015,14.187175,50.0,11974.689,11635.764
PF17/0015/B361,CE,40.988774,14.189654,12.0,11835.0,11843.0
PF03/0016/B361,CE,40.990904,14.19216,50.0,12069.503,12055.938
PF05/0016/B361,CE,40.989589,14.189613,50.0,11925.417,11840.333
PF08/0016/B361,CE,40.98989,14.187299,10.0,11960.7,11646.0
PF09/0016/B361,CE,40.986902,14.189922,50.0,11626.932,11863.615
PF10/0016/B361,CE,40.987067,14.187055,50.0,11647.5,11622.6
PF11/0016/B361,CE,40.989655,14.196421,50.0,11927.498,12413.135
PF12/0016/B361,CE,40.986315,14.194155,50.0,11558.498,12219.051
PF14/0016/B361,CE,40.992116,14.187897,50.0,12207.287,11698.669
PF15/0016/B361,CE,40.989813,14.185246,50.0,11953.744,11473.238
PF16/0016/B361,CE,40.986352,14.080266,50.0,11657.238,2638.574
PF02/0017/B361,CE,40.994562,14.209723,12.0,12462.0,13537.0
PF03/0017/B361,CE,40.992182,14.209203,50.0,12198.228,13490.874
PF06/0017/B361,CE,40.991464,14.205873,50.0,12121.0,13210.0
PF07/0017/B361,CE,40.989285,14.205173,50.0,11879.709,13148.912
PF08/0017/B361,CE,40.98838,14.210386,50.0,11775.222,13586.498
PF09/0017/B361,CE,40.989817,14.20071,50.0,11942.168,12774.047
PF10/0017/B361,CE,40.993315,14.20365,50.0,12328.269,13024.886
PF03/0018/B361,CE,40.991554,14.214275,10.0,12124.6,13916.8
PF05/0018/B361,CE,40.990012,14.21605,50.0,11952.12,14064.596
PF06/0018/B361,CE,40.991716,14.22444,10.0,12135.0,14772.0
PF08/0018/B361,CE,40.995144,14.214508,12.0,12523.0,13940.0
PF09/0018/B361,CE,40.992521,14.097907,50.0,12326.553,4129.651
PF10/0018/B361,CE,40.992887,14.220324,12.0,12268.0,14427.0
PF11/0018/B361,CE,40.989401,14.213173,12.0,11886.423,13822.005
PF01/0001/B362,CE,40.92019,14.318392,50.0,4128.843,22612.798
PF02/0001/B362,CE,40.917839,14.321159,50.0,3866.021,22843.815
PF03/0001/B362,CE,40.917431,14.316372,50.0,3823.869,22440.35
PF04/0001/B362,CE,40.917319,14.324274,50.0,3806.267,23105.677
PF05/0001/B362,CE,40.915221,14.321098,50.0,3575.376,22836.386
PF01/0002/B362,CE,40.913984,14.323286,50.0,3436.675,23019.606
PF02/0002/B362,CE,40.914713,14.316539,50.0,3522.027,22451.99
PF03/0002/B362,CE,40.910688,14.312282,12.0,3078.0,22090.0
PF01/0003/B362,CE,40.910495,14.324876,50.0,3048.266,23150.494
PF02/0003/B362,CE,40.906112,14.325221,50.0,2561.518,23175.804
PF04/0003/B362,CE,40.904066,14.316443,50.0,2340.093,22434.746
PF01/0004/B362,CE,40.912483,14.32695,50.0,3267.634,23326.883
PF07/0004/B362,CE,40.909173,14.331931,10.0,2897.0,23743.5
PF13/0004/B362,CE,40.902837,14.329333,50.0,2195.324,23519.36
PF15/0004/B362,CE,40.902725,14.335257,50.0,2179.052,24018.213
PF18/0004/B362,CE,40.910477,14.332652,50.0,3041.283,23805.357
PF20/0004/B362,CE,40.905707,14.334475,50.0,2510.604,23954.891
PF21/0004/B362,CE,40.904366,14.331413,50.0,2363.721,23695.825
PF22/0004/B362,CE,40.907759,14.335133,50.0,2738.0,24012.0
PF23/0004/B362,CE,40.907501,14.328012,50.0,2713.958,23412.042
PF24/0004/B362,CE,40.901886,14.327259,50.0,2091.068,23343.81
PF25/0004/B362,CE,40.912135,14.330007,50.0,3227.0,23584.0
PF26/0004/B362,CE,40.902272,14.324194,12.0,2135.89,23085.98
PF02/0005/B362,CE,40.916431,14.337448,50.0,3699.164,24214.293
PF03/0005/B362,CE,40.912977,14.341793,50.0,3313.011,24577.312
PF04/0005/B362,CE,40.91091,14.337877,50.0,3085.958,24245.797
PF05/0005/B362,CE,40.911501,14.339344,50.0,3150.687,24369.794
PF06/0005/B362,CE,40.912469,14.336036,50.0,3260.262,24091.992
PF08/0005/B362,CE,40.913994,14.333093,50.0,3431.387,23845.486
PF10/0005/B362,CE,40.915725,14.334767,50.0,3622.562,23987.893
PF12/0005/B362,CE,40.914971,14.339229,12.0,3536.0,24363.0
PF01/0006/B362,CE,40.917078,14.342829,50.0,3767.559,24667.947
PF02/0006/B362,CE,40.913327,14.345661,50.0,3349.345,24903.279
PF03/0006/B362,CE,40.906374,14.266369,50.0,2630.518,18219.319
PF04/0006/B362,CE,40.909104,14.343433,50.0,2882.012,24712.177
PF01/0007/B362,CE,40.914153,14.352456,8.0,3436.87,25476.24
PF03/0007/B362,CE,40.910854,14.351765,50.0,3071.071,25415.349
PF04/0007/B362,CE,40.908356,14.353701,50.0,2792.54,25576.331
PF05/0007/B362,CE,40.906183,14.348645,50.0,2554.456,25148.678
PF06/0007/B362,CE,40.909671,14.360892,50.0,2934.0,26183.0
PF07/0007/B362,CE,40.908697,14.350475,50.0,2832.407,25304.878
PF02/0008/B362,CE,40.896583,14.335188,50.0,1497.233,24007.246
PF03/0008/B362,CE,40.901511,14.337567,50.0,2042.778,24211.769
PF04/0008/B362,CE,40.899152,14.331927,50.0,1784.52,23734.663
PF05/0008/B362,CE,40.895407,14.326684,50.0,1372.195,23289.834
PF06/0008/B362,CE,40.896721,14.331072,50.0,1515.213,23660.64
PF07/0008/B362,CE,40.894506,14.3313,50.0,1269.179,23677.917
PF08/0008/B362,CE,40.901809,14.32504,50.0,2083.909,23156.85
PF02/0009/B362,CE,40.907711,14.343446,50.0,2727.3,24712.136
PF05/0009/B362,CE,40.905729,14.342414,10.0,2508.0,24623.5
PF06/0009/B362,CE,40.904666,14.340157,50.0,2391.396,24432.545
PF08/0009/B362,CE,40.903069,14.340092,50.0,2214.108,24425.748
PF10/0009/B362,CE,40.901493,14.343117,50.0,2037.244,24679.199
PF13/0009/B362,CE,40.899746,14.345176,50.0,1842.007,24851.204
PF14/0009/B362,CE,40.898256,14.346029,50.0,1676.054,24921.813
PF15/0009/B362,CE,40.898072,14.343462,50.0,1657.268,24705.385
PF16/0009/B362,CE,40.897454,14.340914,50.0,1590.344,24490.23
PF18/0009/B362,CE,40.896309,14.342219,50.0,1462.372,24599.276
PF21/0009/B362,CE,40.904143,14.346049,50.0,2329.61,24928.345
PF23/0009/B362,CE,40.901009,14.339981,50.0,1985.582,24414.622
PF24/0009/B362,CE,40.906765,14.338403,50.0,2625.515,24286.569
PF25/0009/B362,CE,40.896803,14.337826,50.0,1520.053,24229.583
PF01/0010/B362,CE,40.904264,14.349895,50.0,2340.66,25252.429
PF02/0010/B362,CE,40.900916,14.350406,50.0,1968.614,25292.667
PF04/0010/B362,CE,40.898816,14.353969,50.0,1733.299,25591.058
PF05/0010/B362,CE,40.897442,14.347005,50.0,1585.102,25003.352
PF09/0010/B362,CE,40.893923,14.35147,50.0,1191.68,25376.54
PF13/0010/B362,CE,40.894439,14.343666,50.0,1253.911,24719.566
PF14/0010/B362,CE,40.892519,14.347725,50.0,1038.176,25059.865
PF02/0011/B362,CE,40.905095,14.360428,50.0,2426.395,26140.227
PF03/0011/B362,CE,40.907365,14.360215,50.0,2678.519,26124.106
PF04/0011/B362,CE,40.90494,14.355026,50.0,2412.495,25685.128
PF07/0011/B362,CE,40.90654,14.357576,50.0,2588.54,25901.205
PF08/0011/B362,CE,40.900309,14.356252,50.0,1897.584,25784.564
PF12/0011/B362,CE,40.897646,14.356573,50.0,1601.835,25809.482
PF13/0011/B362,CE,40.896446,14.363917,50.0,1464.116,26427.094
PF14/0011/B362,CE,40.896216,14.361102,50.0,1440.23,26189.753
PF15/0011/B362,CE,40.899218,14.36568,50.0,1770.684,26577.852
PF16/0011/B362,CE,40.89928,14.361075,50.0,1780.463,26189.955
PF17/0011/B362,CE,40.906708,14.365243,50.0,2602.465,26547.058
PF18/0011/B362,CE,40.903647,14.365773,50.0,2262.34,26589.219
PF19/0011/B362,CE,40.901221,14.359192,12.0,1997.0,26033.0
PF01/0012/B362,CE,40.889412,14.343931,50.0,695.63,24737.684
PF02/0012/B362,CE,40.891598,14.337108,50.0,942.646,24164.773
PF05/0012/B362,CE,40.887318,14.343215,50.0,463.596,24675.657
PF06/0012/B362,CE,40.892687,14.340109,50.0,1061.603,24418.474
PF07/0012/B362,CE,40.892063,14.343896,12.0,990.0,24737.0
PF01/0013/B362,CE,40.89652,14.352618,50.0,1479.301,25475.38
PF03/0013/B362,CE,40.894315,14.361118,50.0,1229.231,26189.586
PF06/0013/B362,CE,40.890982,14.357435,50.0,861.534,25876.658
PF12/0013/B362,CE,40.88523,14.358117,50.0,222.586,25929.366
PF01/0014/B362,CE,40.893539,14.362848,50.0,1142.024,26334.719
PF02/0014/B362,CE,40.888839,14.361387,50.0,621.131,26207.804
PF03/0014/B362,CE,40.885369,14.365435,50.0,233.425,26546.04
PF05/0014/B362,CE,40.893289,14.370357,50.0,1109.735,26967.071
PF06/0014/B362,CE,40.896544,14.369523,50.0,1471.478,26899.381
PF07/0014/B362,CE,40.891441,14.364438,50.0,908.114,26466.959
PF10/0014/B362,CE,40.89957,14.37002,50.0,1807.161,26943.662
PF11/0014/B362,CE,40.894564,14.36596,50.0,1253.913,26597.688
PF12/0014/B362,CE,40.890322,14.368372,50.0,781.558,26797.465
PF04/0015/B362,CE,40.886327,14.37711,50.0,332.75,27530.41
PF06/0015/B362,CE,40.893197,14.3785,50.0,1094.584,27652.89
PF07/0015/B362,CE,40.891269,14.373769,50.0,883.343,27252.904
PF09/0015/B362,CE,40.894131,14.37467,50.0,1200.54,27331.011
PF10/0015/B362,CE,40.890103,14.376804,50.0,752.143,27507.633
PF05/0016/B362,CE,40.892541,14.395843,50.0,1011.493,29113.374
PF06/0016/B362,CE,40.892018,14.402063,12.0,949.84,29637.0
PF01/0017/B362,CE,40.890262,14.326762,10.0,801.0,23292.0
PF02/0017/B362,CE,40.889755,14.327135,50.0,744.442,23323.069
PF05/0017/B362,CE,40.885797,14.325456,50.0,306.138,23178.236
PF06/0017/B362,CE,40.885901,14.329005,50.0,315.478,23477.292
PF07/0017/B362,CE,40.884878,14.323285,50.0,205.603,22994.474
PF09/0017/B362,CE,40.883735,14.329795,50.0,74.419,23541.981
PF10/0017/B362,CE,40.882625,14.322588,50.0,-44.031,22933.808
PF11/0017/B362,CE,40.882581,14.325718,50.0,-50.967,23197.492
PF14/0017/B362,CE,40.882151,14.329159,50.0,-101.01,23487.087
PF15/0017/B362,CE,40.887588,14.323228,50.0,506.404,22992.062
PF01/0018/B362,CE,40.888008,14.339366,50.0,542.733,24351.992
PF03/0018/B362,CE,40.889863,14.335297,50.0,751.195,24010.681
PF04/0018/B362,CE,40.891227,14.334113,50.0,903.439,23912.09
PF05/0018/B362,CE,40.891297,14.331423,50.0,912.863,23685.562
PF08/0018/B362,CE,40.885935,14.332396,9.0,317.0,23763.0
PF10/0018/B362,CE,40.882632,14.335995,50.0,-51.995,24063.391
PF11/0018/B362,CE,40.891402,14.33119,50.0,924.661,23665.998
PF13/0018/B362,CE,40.893817,14.328518,50.0,1194.559,23442.964
PF14/0018/B362,CE,40.888152,14.329794,50.0,564.765,23545.696
PF01/0019/B362,CE,40.881912,14.334408,8.0,-130.92,23929.15
PF03/0019/B362,CE,40.88135,14.332451,50.0,-191.995,23763.777
PF09/0019/B362,CE,40.877521,14.335684,50.0,-619.137,24032.883
PF11/0019/B362,CE,40.873288,14.328548,10.0,-1084.5,23428.0
PF13/0019/B362,CE,40.873211,14.333618,50.0,-1096.265,23855.218
PF14/0019/B362,CE,40.87278,14.331158,50.0,-1142.549,23647.539
PF15/0019/B362,CE,40.880294,14.330345,50.0,-307.813,23585.431
PF16/0019/B362,CE,40.877616,14.331732,50.0,-605.997,23700.002
PF02/0020/B362,CE,40.883856,14.340519,50.0,81.034,24445.646
PF06/0020/B362,CE,40.88066,14.344104,10.0,-276.0,24745.0
PF08/0020/B362,CE,40.879524,14.339102,50.0,-398.944,24322.572
PF09/0020/B362,CE,40.879284,14.344013,50.0,-428.742,24736.16
PF12/0020/B362,CE,40.876903,14.340599,50.0,-690.833,24446.499
PF13/0020/B362,CE,40.879103,14.341459,50.0,-447.233,24520.867
PF14/0020/B362,CE,40.876554,14.338021,12.0,-728.0,24229.0
PF15/0020/B362,CE,40.884344,14.343499,50.0,133.371,24697.131
PF16/0020/B362,CE,40.87947,14.336022,12.0,-403.0,24063.0
PF06/0021/B362,CE,40.888785,14.34823,50.0,623.398,25099.39
PF21/0021/B362,CE,40.882863,14.345122,50.0,-32.068,24832.633
PF22/0021/B362,CE,40.879951,14.353431,50.0,-360.535,25530.261
PF24/0021/B362,CE,40.885999,14.349526,50.0,313.235,25206.252
PF25/0021/B362,CE,40.883456,14.348669,50.0,31.442,25131.92
PF27/0021/B362,CE,40.885907,14.346274,50.0,305.139,24932.194
PF28/0021/B362,CE,40.880048,14.355882,50.0,-351.303,25736.847
PF29/0021/B362,CE,40.892251,14.353792,50.0,1004.625,25570.778
PF30/0021/B362,CE,40.884926,14.355347,12.0,190.51,25695.76
PF31/0021/B362,CE,40.89015,14.352566,12.0,772.17,25465.76
PF01/0022/B362,CE,40.884945,14.370383,50.0,183.437,26962.536
PF03/0022/B362,CE,40.881513,14.358083,50.0,-190.018,25923.501
PF04/0022/B362,CE,40.881331,14.370893,50.0,-218.066,27002.644
PF06/0022/B362,CE,40.887532,14.368108,12.0,472.0,26773.0
PF07/0022/B362,CE,40.888196,14.370973,50.0,543.966,27014.839
PF08/0022/B362,CE,40.883001,14.361561,50.0,-26.985,26217.739
PF01/0023/B362,CE,40.884121,14.376362,50.0,88.305,27465.677
PF02/0023/B362,CE,40.881944,14.375386,50.0,-152.777,27381.669
PF03/0023/B362,CE,40.883705,14.381664,50.0,39.0,27912.0
PF04/0023/B362,CE,40.881375,14.378496,50.0,-217.85,27643.272
PF05/0023/B362,CE,40.88001,14.381616,50.0,-371.134,27905.052
PF04/0024/B362,CE,40.880454,14.385387,50.0,-324.096,28223.11
PF06/0024/B362,CE,40.886923,14.390462,50.0,390.95,28655.755
PF07/0024/B362,CE,40.976776,14.399705,50.0,10360.308,29502.969
PF08/0024/B362,CE,40.884332,14.387131,50.0,105.305,28373.086
PF10/0024/B362,CE,40.881624,14.388405,50.0,-196.086,28478.363
PF02/0025/B362,CE,40.87829,14.404357,50.0,-575.393,29819.861
PF03/0025/B362,CE,40.883337,14.400625,50.0,-13.007,29509.191
PF04/0025/B362,CE,40.87866,14.400641,50.0,-532.24,29506.999
PF07/0025/B362,CE,40.97443,14.394235,50.0,10103.004,29040.898
PF01/0026/B362,CE,40.874338,14.338486,8.0,-974.26,24266.34
PF04/0026/B362,CE,40.875406,14.347272,50.0,-861.218,25007.539
PF05/0026/B362,CE,40.877519,14.34371,50.0,-624.415,24709.168
PF06/0026/B362,CE,40.875155,14.343922,50.0,-886.962,24725.112
PF07/0026/B362,CE,40.87392,14.338305,50.0,-1020.553,24250.749
PF08/0026/B362,CE,40.871967,14.340676,12.0,-1238.908,24448.88
PF09/0026/B362,CE,40.878515,14.348334,50.0,-516.84,25099.656
PF01/0027/B362,CE,40.87139,14.354786,50.0,-1311.728,25637.464
PF03/0027/B362,CE,40.869261,14.351104,50.0,-1545.831,25325.378
PF04/0027/B362,CE,40.872162,14.352192,9.0,-1224.5,25419.5
PF06/0027/B362,CE,40.867899,14.353563,50.0,-1698.587,25531.509
PF07/0027/B362,CE,40.874378,14.352996,50.0,-979.0,25489.0
PF01/0028/B362,CE,40.880668,14.358279,50.0,-283.999,25939.351
PF03/0028/B362,CE,40.880338,14.362082,50.0,-322.943,26259.484
PF04/0028/B362,CE,40.881259,14.365241,50.0,-222.65,26526.418
PF05/0028/B362,CE,40.874618,14.366639,50.0,-960.761,26638.846
PF07/0028/B362,CE,40.876614,14.36529,50.0,-738.34,26526.776
PF08/0028/B362,CE,40.876772,14.355327,50.0,-714.627,25687.415
PF09/0028/B362,CE,40.876111,14.36948,50.0,-796.74,26879.401
PF10/0028/B362,CE,40.878284,14.360771,50.0,-550.185,26147.368
PF12/0028/B362,CE,40.878389,14.367332,50.0,-542.574,26700.239
PF13/0028/B362,CE,40.874169,14.359962,50.0,-1006.48,26075.863
PF01/0029/B362,CE,40.880651,14.371556,10.0,-294.0,27058.0
PF02/0029/B362,CE,40.879729,14.3735,10.0,-397.5,27221.0
PF05/0029/B362,CE,40.879661,14.38207,50.0,-410.223,27943.072
PF18/0029/B362,CE,40.87758,14.37347,50.0,-636.073,27216.815
PF19/0029/B362,CE,40.876274,14.372199,50.0,-780.255,27108.636
PF20/0029/B362,CE,40.873852,14.37544,50.0,-1051.068,27379.864
PF21/0029/B362,CE,40.875963,14.377765,50.0,-818.101,27577.416
PF22/0029/B362,CE,40.877996,14.38041,50.0,-594.095,27801.879
PF23/0029/B362,CE,40.874547,14.371876,50.0,-971.811,27080.069
PF24/0029/B362,CE,40.872179,14.377768,50.0,-1238.222,27574.689
PF01/0030/B362,CE,40.875571,14.388092,50.0,-867.826,28447.239
PF03/0030/B362,CE,40.879261,14.393618,50.0,-461.452,28915.728
PF04/0030/B362,CE,40.877822,14.390638,50.0,-619.37,28663.546
PF01/0031/B362,CE,40.868608,14.348235,50.0,-1616.535,25083.109
PF02/0031/B362,CE,40.866489,14.347409,50.0,-1851.249,25011.732
PF03/0031/B362,CE,40.867541,14.3451,50.0,-1733.039,24817.995
PF05/0031/B362,CE,40.871126,14.33471,50.0,-1328.421,23945.43
PF06/0031/B362,CE,40.870311,14.345552,50.0,-1425.779,24858.418
PF07/0031/B362,CE,40.867057,14.336775,50.0,-1781.382,24116.021
PF09/0031/B362,CE,40.864663,14.335869,50.0,-2046.59,24037.67
PF10/0031/B362,CE,40.871796,14.337584,50.0,-1255.871,24188.225
PF11/0031/B362,CE,40.867327,14.340065,50.0,-1753.573,24393.498
PF01/0032/B362,CE,40.863754,14.366243,50.0,-2166.552,26596.705
PF05/0032/B362,CE,40.870002,14.357552,50.0,-1467.545,25869.388
PF06/0032/B362,CE,40.871572,14.370837,50.0,-1301.419,26990.164
PF07/0032/B362,CE,40.871725,14.362592,50.0,-1279.424,26295.454
PF08/0032/B362,CE,40.868233,14.362785,50.0,-1667.13,26308.928
PF09/0033/B362,CE,40.86559,14.371687,10.0,-1966.0,27057.0
PF12/0033/B362,CE,40.863482,14.370089,50.0,-2199.031,26920.688
PF14/0033/B362,CE,40.86589,14.370581,50.0,-1932.04,26964.038
PF15/0033/B362,CE,40.867077,14.374905,50.0,-1802.853,27329.376
PF16/0033/B362,CE,40.865283,14.375338,50.0,-2002.318,27364.472
PF05/0034/B362,CE,40.872018,14.385063,50.0,-1260.414,28189.257
PF12/0034/B362,CE,40.866651,14.381221,50.0,-1853.955,27861.273
PF13/0034/B362,CE,40.871659,14.389585,50.0,-1302.907,28570.013
PF14/0034/B362,CE,40.954237,14.413997,50.0,7850.035,30688.627
PF15/0034/B362,CE,40.86893,14.383493,50.0,-1602.242,28054.531
PF16/0034/B362,CE,40.866873,14.384136,50.0,-1831.006,28107.122
PF17/0034/B362,CE,40.873762,14.38197,50.0,-1064.994,27929.992
PF18/0034/B362,CE,40.871258,14.374899,12.0,-1338.686,27332.219
PF01/0035/B362,CE,40.865603,14.396048,12.0,-1979.0,29110.0
PF02/0035/B362,CE,40.957741,14.405546,50.0,8243.792,29979.973
PF02/0036/B362,CE,40.864396,14.33946,50.0,-2078.57,24340.072
PF06/0036/B362,CE,40.863186,14.340948,50.0,-2213.84,24464.456
PF08/0036/B362,CE,40.861492,14.337694,50.0,-2399.799,24188.842
PF12/0036/B362,CE,40.859512,14.341746,50.0,-2622.222,24528.681
PF13/0036/B362,CE,40.858593,14.335144,50.0,-2720.0,23971.5
PF15/0036/B362,CE,40.857654,14.340677,50.0,-2827.777,24437.017
PF16/0036/B362,CE,40.856084,14.335508,50.0,-2998.76,24000.055
PF18/0036/B362,CE,40.857502,14.331104,10.0,-2838.5,23630.0
PF20/0036/B362,CE,40.86141,14.334489,50.0,-2406.859,23918.618
PF21/0036/B362,CE,40.854644,14.338258,50.0,-3160.383,24230.563
PF02/0037/B362,CE,40.866999,14.350657,50.0,-1796.642,25285.836
PF03/0037/B362,CE,40.865488,14.353084,50.0,-1965.896,25489.175
PF04/0037/B362,CE,40.86563,14.34499,50.0,-1945.068,24807.164
PF05/0037/B362,CE,40.864457,14.346503,50.0,-2076.209,24933.681
PF07/0037/B362,CE,40.864142,14.354793,50.0,-2116.372,25632.074
PF08/0037/B362,CE,40.864802,14.359895,50.0,-2046.224,26062.561
PF12/0037/B362,CE,40.861582,14.350628,10.0,-2398.0,25279.0
PF13/0037/B362,CE,40.862599,14.36112,50.0,-2291.604,26164.072
PF15/0037/B362,CE,40.85998,14.346009,50.0,-2572.855,24888.319
PF16/0037/B362,CE,40.864197,14.349618,12.0,-2107.0,25196.0
PF02/0038/B362,CE,40.855731,14.374627,50.0,-3062.217,27296.932
PF04/0038/B362,CE,40.859368,14.372003,50.0,-2656.866,27078.662
PF05/0038/B362,CE,40.862712,14.368185,50.0,-2283.307,26759.565
PF02/0039/B362,CE,40.862126,14.384671,50.0,-2358.291,28148.499
PF03/0039/B362,CE,40.862354,14.380524,50.0,-2330.558,27799.191
PF04/0039/B362,CE,40.856837,14.380197,50.0,-2942.793,27767.324
PF05/0039/B362,CE,40.854657,14.383851,50.0,-3186.974,28073.562
PF06/0039/B362,CE,40.852012,14.383252,50.0,-3480.254,28020.98
PF07/0039/B362,CE,40.858193,14.386812,50.0,-2796.146,28325.935
PF11/0039/B362,CE,40.860969,14.377589,50.0,-2482.541,27550.771
PF12/0039/B362,CE,40.850806,14.38649,12.0,-3616.0,28293.0
PF03/0040/B362,CE,40.854403,14.384367,70.0,-3215.438,28116.858
PF04/0040/B362,CE,40.855003,14.389953,70.0,-3152.16,28588.128
PF05/0040/B362,CE,40.863241,14.393993,12.0,-2240.0,28935.0
PF06/0040/B362,CE,40.861168,14.385561,50.0,-2465.193,28222.759
PF08/0040/B362,CE,40.851417,14.389604,12.0,-3550.0,28556.0
PF09/0040/B362,CE,40.848882,14.390636,12.0,-3832.0,28641.0
PF01/0001/B445,CE,40.933627,14.422492,10.0,5557.3,31388.4
PF02/0001/B445,CE,40.932858,14.42583,10.0,5470.1,31668.9
PF03/0001/B445,CE,40.933996,14.428357,10.0,5595.0,31882.5
PF04/0001/B445,CE,40.934207,14.424952,10.0,5620.3,31596.0
PF05/0001/B445,CE,40.931119,14.428695,10.0,5275.5,31908.8
PF01/0002/B445,CE,40.927881,14.415126,10.0,4923.6,30764.0
PF02/0002/B445,CE,40.926141,14.415906,10.0,4730.0,30828.4
PF03/0002/B445,CE,40.925987,14.41969,10.0,4710.8,31146.9
PF05/0002/B445,CE,40.924762,14.420818,10.0,4574.1,31241.0
PF06/0002/B445,CE,40.923803,14.419806,50.0,4468.271,31155.053
PF08/0002/B445,CE,40.921956,14.417196,50.0,4264.67,30933.938
PF02/0003/B445,CE,40.929355,14.433165,50.0,5077.181,32283.925
PF03/0003/B445,CE,40.929184,14.436396,50.0,5056.5,32555.8
PF05/0003/B445,CE,40.926055,14.432109,50.0,4711.454,32192.617
PF06/0003/B445,CE,40.925848,14.434724,10.0,4687.0,32412.6
PF07/0003/B445,CE,40.927324,14.436614,10.0,4849.9,32572.8
PF10/0003/B445,CE,40.927832,14.434999,50.0,4907.145,32437.218
PF11/0003/B445,CE,40.922674,14.434644,50.0,4334.782,32403.633
PF13/0003/B445,CE,40.927544,14.428045,50.0,4879.0,31851.5
PF15/0003/B445,CE,40.929821,14.431002,50.0,5130.151,32102.122
PF16/0003/B445,CE,40.927756,14.425419,50.0,4903.964,31630.571
PF02/0004/B445,CE,40.809426,14.44498,50.0,-8242.465,33194.213
PF04/0004/B445,CE,40.923362,14.436828,50.0,4409.881,32587.99
PF06/0004/B445,CE,40.924131,14.44511,10.0,4490.8,33285.9
PF08/0004/B445,CE,40.920408,14.442411,9.0,4079.0,33056.0
PF09/0004/B445,CE,40.921847,14.4438,9.0,4238.0,33174.0
PF10/0004/B445,CE,40.925156,14.436707,50.0,4609.129,32579.069
PF11/0004/B445,CE,40.808531,14.449622,50.0,-8344.288,33585.139
PF12/0004/B445,CE,40.92251,14.441151,50.0,4312.973,32951.388
PF13/0004/B445,CE,40.92582,14.441151,50.0,4680.454,32953.748
PF50/0004/B445,CE,40.92324,14.438798,50.0,4395.334,32753.842
PF01/0005/B445,CE,40.926878,14.401608,10.0,4820.0,29625.1
PF02/0005/B445,CE,40.926076,14.404608,10.0,4729.2,29877.1
PF03/0005/B445,CE,40.925247,14.398854,10.0,4640.5,29392.0
PF04/0005/B445,CE,40.924238,14.402183,10.0,4526.5,29671.5
PF05/0005/B445,CE,40.923719,14.405403,10.0,4467.1,29942.3
PF06/0005/B445,CE,40.923042,14.397389,12.0,4396.5,29267.0
PF09/0005/B445,CE,40.921834,14.405213,50.0,4257.946,29924.858
PF11/0005/B445,CE,40.918641,14.405746,50.0,3903.182,29967.286
PF14/0005/B445,CE,40.92006,14.408842,50.0,4058.898,30229.073
PF15/0005/B445,CE,40.921541,14.400144,50.0,4228.308,29497.75
PF16/0005/B445,CE,40.919961,14.403513,50.0,4051.012,29780.237
PF06/0006/B445,CE,40.918302,14.416756,50.0,3859.347,30894.186
PF07/0006/B445,CE,40.922547,14.408018,50.0,4335.434,30161.547
PF08/0006/B445,CE,40.925369,14.41051,12.0,4647.3,30373.5
PF09/0006/B445,CE,40.92023,14.411887,50.0,4076.088,30485.621
PF10/0006/B445,CE,40.92436,14.416368,12.0,4532.0,30866.0
PF02/0007/B445,CE,40.922505,14.427545,50.0,4319.915,31805.757
PF03/0007/B445,CE,40.921845,14.424036,50.0,4248.501,31509.768
PF04/0007/B445,CE,40.920347,14.426285,50.0,4080.982,31698.12
PF05/0007/B445,CE,40.91858,14.424268,50.0,3885.998,31526.97
PF07/0007/B445,CE,40.916689,14.424724,50.0,3675.806,31564.003
PF08/0007/B445,CE,40.9139,14.422147,50.0,3367.663,31344.903
PF10/0007/B445,CE,40.91879,14.421343,50.0,3910.875,31280.827
PF13/0007/B445,CE,40.912726,14.424055,50.0,3236.225,31504.773
PF14/0007/B445,CE,40.915359,14.423409,50.0,3528.821,31452.228
PF16/0007/B445,CE,40.914808,14.425873,50.0,3466.3,31659.32
PF17/0007/B445,CE,40.916608,14.420109,50.0,3669.402,31175.269
PF18/0007/B445,CE,40.920607,14.419229,50.0,4113.816,31104.104
PF09/0008/B445,CE,41.009471,14.44931,50.0,13962.357,33699.27
PF10/0008/B445,CE,40.91613,14.442447,10.0,3604.1,33056.0
PF11/0008/B445,CE,40.562998,14.43326,8.0,-35591.17,32029.23
PF12/0008/B445,CE,40.921634,14.433672,50.0,4219.855,32321.049
PF13/0008/B445,CE,40.919603,14.43973,50.0,3991.059,32829.726
PF14/0008/B445,CE,40.917709,14.437804,50.0,3781.885,32666.172
PF15/0008/B445,CE,40.918258,14.432914,50.0,3845.512,32254.799
PF16/0008/B445,CE,40.920523,14.436117,50.0,4095.12,32526.117
PF17/0008/B445,CE,40.924636,14.431024,50.0,4554.563,32100.264
PF18/0008/B445,CE,40.923957,14.429746,50.0,4479.894,31992.145
PF19/0008/B445,CE,40.920342,14.430984,50.0,4077.867,32093.76
PF20/0008/B445,CE,40.922101,14.429643,50.0,4273.867,31982.107
PF03/0009/B445,CE,40.911826,14.382779,12.0,3160.0,28028.0
PF04/0009/B445,CE,40.915301,14.385787,12.0,3544.0,28284.0
PF05/0009/B445,CE,40.913983,14.381952,12.0,3400.0,27960.0
PF04/0010/B445,CE,40.917536,14.387601,12.0,3791.0,28438.5
PF06/0010/B445,CE,40.91461,14.3897,12.0,3465.0,28613.0
PF07/0010/B445,CE,40.918318,14.394354,50.0,3873.881,29007.81
PF08/0010/B445,CE,40.919343,14.391451,50.0,3989.436,28764.071
PF09/0010/B445,CE,40.919789,14.093539,50.0,4256.187,3678.498
PF01/0011/B445,CE,40.915164,14.395454,50.0,3523.138,29098.001
PF05/0011/B445,CE,40.911782,14.391543,12.0,3150.0,28766.0
PF06/0011/B445,CE,40.912605,14.388428,50.0,3243.154,28504.347
PF07/0011/B445,CE,40.914209,14.389946,50.0,3420.293,28633.391
PF09/0011/B445,CE,40.91342,14.400077,50.0,3326.877,29485.964
PF10/0011/B445,CE,40.910856,14.397049,12.0,3044.0,29229.0
PF11/0011/B445,CE,40.912955,14.396252,50.0,3277.453,29163.464
PF12/0011/B445,CE,40.909628,14.384498,12.0,2915.0,28171.0
PF13/0011/B445,CE,40.912074,14.385318,12.0,3186.0,28242.0
PF01/0012/B445,CE,40.918253,14.400571,50.0,3863.095,29531.223
PF03/0012/B445,CE,40.915554,14.404557,50.0,3561.135,29864.857
PF04/0012/B445,CE,40.917922,14.406682,9.0,3822.8,30045.6
PF06/0012/B445,CE,40.916015,14.409538,50.0,3609.501,30284.614
PF07/0012/B445,CE,40.913437,14.406757,50.0,3324.926,30048.519
PF08/0012/B445,CE,40.912758,14.410343,50.0,3247.445,30350.023
PF12/0012/B445,CE,40.915012,14.411648,50.0,3496.984,30461.558
PF13/0012/B445,CE,40.917754,14.413024,50.0,3800.515,30579.514
PF15/0012/B445,CE,40.913204,14.408503,50.0,3298.026,30195.363
PF16/0012/B445,CE,40.916559,14.409324,50.0,3670.003,30267.017
PF17/0012/B445,CE,40.917193,14.400067,50.0,3745.748,29487.978
PF04/0013/B445,CE,40.91371,14.415999,50.0,3349.956,30827.013
PF05/0013/B445,CE,40.914215,14.41821,50.0,3404.757,31013.637
PF07/0013/B445,CE,40.911377,14.415686,50.0,3091.126,30798.922
PF10/0013/B445,CE,40.916339,14.419147,50.0,3640.091,31094.079
PF11/0013/B445,CE,40.906801,14.422614,50.0,2579.262,31379.008
PF12/0013/B445,CE,40.90868,14.422632,50.0,2787.837,31381.971
PF14/0013/B445,CE,40.913349,14.420457,50.0,3307.365,31202.195
PF16/0013/B445,CE,40.91604,14.41507,50.0,3609.119,30750.524
PF17/0013/B445,CE,40.911945,14.412404,12.0,3156.0,30523.0
PF01/0014/B445,CE,40.912876,14.427228,50.0,3251.123,31772.019
PF02/0014/B445,CE,40.915865,14.42625,50.0,3583.48,31691.898
PF03/0014/B445,CE,40.915656,14.429133,50.0,3558.661,31934.472
PF05/0014/B445,CE,40.914837,14.439667,12.0,3462.0,32821.0
PF06/0014/B445,CE,40.917377,14.441272,50.0,3743.102,32957.922
PF18/0014/B445,CE,40.919783,14.428327,50.0,4017.244,31869.656
PF19/0014/B445,CE,40.918075,14.42663,50.0,3828.562,31725.475
PF21/0014/B445,CE,40.916673,14.433857,50.0,3669.0,32333.0
PF22/0014/B445,CE,40.915629,14.43699,50.0,3551.384,32596.141
PF23/0014/B445,CE,40.913761,14.435294,12.0,3345.0,32452.0
PF01/0015/B445,CE,40.913954,14.404056,52.0,3383.779,29821.457
PF02/0015/B445,CE,40.910443,14.40718,50.0,2992.333,30081.931
PF04/0015/B445,CE,40.907401,14.408194,12.0,2654.0,30165.0
PF05/0015/B445,CE,40.904698,14.409773,12.0,2353.0,30296.0
PF06/0015/B445,CE,40.906977,14.411213,50.0,2605.241,30418.988
PF01/0016/B445,CE,40.909397,14.415922,50.0,2871.209,30817.353
PF02/0016/B445,CE,40.908088,14.413772,32.0,2727.092,30635.297
PF03/0016/B445,CE,40.907283,14.417143,50.0,2635.865,30918.635
PF05/0016/B445,CE,40.906146,14.409456,50.0,2513.995,30270.335
PF06/0016/B445,CE,40.904798,14.414474,50.0,2361.522,30691.97
PF07/0016/B445,CE,40.90623,14.418807,50.0,2518.0,31058.0
PF01/0017/B445,CE,40.911416,14.426427,10.0,3089.5,31703.5
PF02/0017/B445,CE,40.909397,14.426209,50.0,2865.5,31683.7
PF03/0017/B445,CE,40.909129,14.428898,10.0,2834.3,31910.0
PF04/0017/B445,CE,40.907397,14.427005,10.0,2643.0,31749.3
PF05/0017/B445,CE,40.90674,14.427014,50.0,2570.047,31749.591
PF08/0017/B445,CE,40.910987,14.428089,50.0,3041.0,31843.2
PF09/0017/B445,CE,40.905872,14.425623,50.0,2474.498,31631.783
PF02/0018/B445,CE,40.896934,14.417483,50.0,1486.838,30939.593
PF03/0018/B445,CE,40.904367,14.423712,50.0,2308.497,31469.74
PF04/0018/B445,CE,40.905112,14.421247,50.0,2392.519,31262.627
PF06/0018/B445,CE,40.901232,14.422781,12.0,1961.0,31389.0
PF07/0018/B445,CE,40.899989,14.420085,50.0,1824.5,31161.0
PF08/0018/B445,CE,40.903561,14.411574,50.0,2225.815,30446.764
PF09/0018/B445,CE,40.898582,14.413544,12.0,1672.0,30609.0
PF10/0018/B445,CE,40.900929,14.41807,12.0,1930.0,30992.0
PF11/0018/B445,CE,40.902863,14.42102,50.0,2143.066,31241.92
PF01/0019/B445,CE,40.975333,14.109842,50.0,10408.158,5114.072
PF03/0019/B445,CE,40.972247,14.111918,50.0,10063.791,5285.294
PF05/0019/B445,CE,40.895879,14.411538,12.0,1373.0,30438.0
PF06/0019/B445,CE,40.898391,14.407883,12.0,1654.0,30132.0
PF01/0020/B445,CE,40.970193,14.108011,50.0,9839.21,4954.24
PF02/0020/B445,CE,40.967754,14.109502,50.0,9567.163,5076.865
PF03/0020/B445,CE,40.964208,14.108603,50.0,9174.229,4997.227
PF07/0020/B445,CE,40.963166,14.107137,50.0,9059.812,4872.706
PF09/0020/B445,CE,40.964619,14.106931,50.0,9221.297,4856.996
PF10/0020/B445,CE,40.962809,14.102853,50.0,9023.878,4511.787
PF11/0020/B445,CE,40.965897,14.104416,50.0,9365.384,4646.83
PF02/0021/B445,CE,40.960039,14.408463,50.0,8497.25,30227.212
PF03/0021/B445,CE,40.9523,14.102036,50.0,7858.0,4431.0
PF04/0021/B445,CE,40.954337,14.40665,70.0,7865.302,30070.367
PF01/0022/B445,CE,40.950839,14.403988,70.0,7478.495,29843.626
PF02/0022/B445,CE,40.943673,14.101647,50.0,6900.638,4388.416
PF03/0022/B445,CE,40.918479,14.397395,12.0,3890.0,29264.0
PF04/0022/B445,CE,40.942172,14.096947,50.0,6738.036,3991.121
PF05/0022/B445,CE,40.858658,14.403123,12.0,-2754.0,29701.0
PF03/0001/B477,CE,40.991418,14.505573,32.0,11929.899,38419.148
PF04/0001/B477,CE,40.971772,14.488776,50.0,9757.064,36993.53
PF04/0002/B477,CE,40.978796,14.502665,50.0,10530.06,38166.584
PF05/0002/B477,CE,40.978308,14.505657,50.0,10474.47,38418.012
PF10/0002/B477,CE,40.975043,14.497332,50.0,10116.063,37715.519
PF12/0002/B477,CE,40.980906,14.500476,50.0,10765.408,37983.785
PF13/0002/B477,CE,40.976932,14.504095,50.0,10322.534,38285.704
PF14/0002/B477,CE,40.977148,14.496401,50.0,10350.212,37638.522
PF03/0003/B477,CE,40.979817,14.506538,50.0,10641.613,38493.067
PF04/0003/B477,CE,40.981736,14.504726,50.0,10855.533,38341.8
PF05/0003/B477,CE,40.980014,14.513547,50.0,10660.131,39082.864
PF01/0004/B477,CE,40.973719,14.498337,50.0,9968.565,37799.243
PF04/0004/B477,CE,40.97177,14.488774,50.0,9756.87,36993.358
PF06/0004/B477,CE,40.969377,14.489276,50.0,9491.02,37034.069
PF08/0004/B477,CE,40.967261,14.487238,50.0,9257.141,36861.148
PF14/0004/B477,CE,40.983552,14.479668,50.0,11069.382,36235.011
PF15/0004/B477,CE,40.973051,14.491672,50.0,9897.668,37237.99
PF16/0004/B477,CE,40.972303,14.495324,50.0,9812.792,37544.791
PF17/0004/B477,CE,40.970817,14.491071,12.0,9650.0,37186.0
PF02/0005/B477,CE,40.973367,14.502472,50.0,9927.464,38146.892
PF03/0005/B477,CE,40.974346,14.505387,50.0,10034.831,38392.801
PF05/0005/B477,CE,40.972517,14.506957,50.0,9831.033,38523.765
PF07/0005/B477,CE,40.972755,14.500431,50.0,9860.503,37974.753
PF12/0005/B477,CE,40.970716,14.497951,50.0,9635.409,37764.867
PF13/0005/B477,CE,40.975476,14.508781,50.0,10158.613,38679.053
PF14/0005/B477,CE,40.972662,14.510366,50.0,9845.461,38810.688
PF15/0005/B477,CE,40.97138,14.504449,12.0,9706.0,38312.0
PF01/0006/B477,CE,40.970647,14.51735,50.0,9618.495,39397.039
PF02/0006/B477,CE,40.972396,14.523101,12.0,9810.0,39882.0
PF03/0006/B477,CE,40.977657,14.51668,12.0,10397.0,39345.0
PF01/0007/B477,CE,40.97095,14.496385,50.0,9662.167,37633.256
PF03/0007/B477,CE,40.969992,14.49901,10.0,9554.5,37853.5
PF04/0007/B477,CE,40.96867,14.502596,50.0,9406.038,38154.361
PF05/0007/B477,CE,40.967521,14.506358,50.0,9276.648,38470.226
PF07/0007/B477,CE,40.967975,14.50025,10.0,9330.0,37956.5
PF10/0007/B477,CE,40.966743,14.502796,10.0,9192.0,38170.0
PF11/0007/B477,CE,40.965698,14.507112,10.0,9074.0,38532.5
PF12/0007/B477,CE,40.96736,14.496647,10.0,9263.5,37653.0
PF13/0007/B477,CE,40.965811,14.49865,10.0,9090.5,37820.5
PF17/0007/B477,CE,40.964765,14.501563,10.0,8973.0,38065.0
PF18/0007/B477,CE,40.963376,14.49909,12.0,8820.0,37856.0
PF19/0007/B477,CE,40.967985,14.493806,50.0,9334.209,37414.333
PF21/0007/B477,CE,40.963691,14.505362,12.0,8852.0,38384.0
PF22/0007/B477,CE,40.965868,14.491856,12.0,9100.129,37248.821
PF04/0008/B477,CE,40.969748,14.510475,10.0,9522.0,38818.0
PF05/0008/B477,CE,40.968035,14.517428,10.0,9328.5,39402.0
PF06/0008/B477,CE,40.968007,14.511819,10.0,9328.0,38930.0
PF07/0008/B477,CE,40.966536,14.509619,50.0,9165.788,38743.944
PF09/0008/B477,CE,40.963938,14.509341,10.0,8877.5,38719.0
PF10/0008/B477,CE,40.967641,14.521184,50.0,9283.072,39717.762
PF11/0008/B477,CE,40.970216,14.508884,50.0,9574.64,38684.444
PF12/0008/B477,CE,40.970098,14.525149,50.0,9553.979,40052.896
PF13/0008/B477,CE,40.971422,14.513879,50.0,9706.198,39105.494
PF02/0009/B477,CE,40.976626,14.499595,50.0,10290.673,37906.904
PF04/0009/B477,CE,40.978041,14.499288,50.0,10447.884,37881.999
PF06/0009/B477,CE,40.974647,14.500165,50.0,10070.765,37953.631
PF02/0001/B494,CE,40.979991,14.434809,50.0,10697.524,32458.684
PF03/0001/B494,CE,40.979852,14.446484,50.0,10675.718,33440.807
PF06/0002/B494,CE,40.976053,14.429336,50.0,10263.362,31995.409
PF09/0002/B494,CE,40.975629,14.434352,50.0,10213.534,32417.094
PF12/0002/B494,CE,40.981523,14.437783,12.0,10866.0,32710.0
PF13/0002/B494,CE,40.97862,14.439139,12.0,10543.0,32822.0
PF14/0002/B494,CE,40.980249,14.43134,12.0,10728.0,32167.0
PF15/0002/B494,CE,40.975916,14.425969,12.0,10250.0,31712.0
PF01/0003/B494,CE,40.935486,14.41217,50.0,5769.536,30520.807
PF02/0003/B494,CE,40.977484,14.429866,50.0,10421.876,32041.002
PF03/0003/B494,CE,40.937511,14.416338,50.0,5991.928,30873.208
PF05/0003/B494,CE,40.938204,14.420003,50.0,6066.828,31182.236
PF08/0003/B494,CE,40.935615,14.412674,50.0,5783.516,30563.332
PF09/0003/B494,CE,40.933945,14.415772,50.0,5596.364,30822.911
PF13/0003/B494,CE,40.940554,14.415736,50.0,6330.092,30824.818
PF14/0003/B494,CE,40.975546,14.431466,50.0,10205.89,32174.19
PF15/0003/B494,CE,40.975368,14.42614,50.0,10189.0,31726.0
PF01/0004/B494,CE,40.973584,14.438071,50.0,9984.52,32728.526
PF03/0005/B494,CE,40.970739,14.439851,50.0,9667.643,32876.291
PF04/0005/B494,CE,40.969656,14.439828,50.0,9547.421,32873.591
PF05/0005/B494,CE,40.970873,14.436985,50.0,9684.131,32635.222
PF10/0005/B494,CE,40.972834,14.440571,50.0,9899.859,32938.327
PF01/0006/B494,CE,40.973865,14.417827,10.0,10026.8,31025.5
PF02/0006/B494,CE,40.971929,14.418985,10.0,9811.2,31121.5
PF03/0006/B494,CE,40.969499,14.421743,10.0,9540.0,31351.7
PF05/0006/B494,CE,40.971962,14.418783,50.0,9815.004,31104.513
PF07/0006/B494,CE,40.971806,14.430569,50.0,9791.198,32096.064
PF08/0006/B494,CE,40.973394,14.433863,50.0,9965.699,32374.328
PF10/0006/B494,CE,40.968723,14.424526,50.0,9452.213,31585.372
PF11/0006/B494,CE,40.97027,14.416132,50.0,9628.735,30880.155
PF01/0007/B494,CE,40.970694,14.435679,50.0,9664.988,32525.166
PF02/0007/B494,CE,40.968519,14.431226,50.0,9425.93,32148.915
PF03/0007/B494,CE,40.969153,14.436238,50.0,9493.586,32571.095
PF06/0007/B494,CE,40.96707,14.438589,50.0,9261.013,32767.483
PF07/0007/B494,CE,40.971974,14.43562,50.0,9807.086,32521.14
PF08/0007/B494,CE,40.973535,14.435901,50.0,9980.175,32545.935
PF09/0007/B494,CE,40.967774,14.422475,50.0,9347.997,31412.095
PF10/0007/B494,CE,40.969199,14.428254,50.0,9503.056,31899.361
PF11/0007/B494,CE,40.970288,14.433015,50.0,9621.34,32300.788
PF12/0007/B494,CE,40.96663,14.429394,50.0,9217.201,31993.391
PF02/0008/B494,CE,40.969984,14.411621,50.0,9599.488,30500.409
PF03/0008/B494,CE,40.973243,14.412469,50.0,9960.775,30574.221
PF06/0008/B494,CE,40.962979,14.411739,50.0,8821.722,30505.129
PF07/0008/B494,CE,40.969861,14.404054,50.0,9590.177,29863.587
PF09/0008/B494,CE,40.968937,14.40686,12.0,9486.0,30099.0
PF10/0008/B494,CE,40.881264,14.394728,50.0,-239.674,29010.843
PF15/0008/B494,CE,40.96509,14.41821,50.0,9052.457,31051.163
PF16/0008/B494,CE,40.967552,14.411279,50.0,9329.695,30469.778
PF50/0008/B494,CE,40.968093,14.403681,50.0,9394.131,29830.844
PF01/0010/B494,CE,40.968088,14.44051,50.0,9373.005,32929.791
PF02/0010/B494,CE,41.185636,14.151455,12.0,33720.1,8842.5
PF03/0010/B494,CE,40.959006,14.444908,50.0,8362.486,33293.455
PF04/0010/B494,CE,40.962063,14.443605,50.0,8702.539,33186.021
PF05/0010/B494,CE,40.964991,14.444933,60.0,9026.837,33299.805
PF06/0010/B494,CE,40.967419,14.447952,60.0,9294.817,33555.545
PF07/0010/B494,CE,40.965621,14.450135,12.0,9094.0,33738.0
PF01/0011/B494,CE,40.956715,14.442519,50.0,8109.403,33090.793
PF03/0011/B494,CE,40.9535,14.435681,50.0,7756.199,32513.0
PF04/0011/B494,CE,40.95553,14.436207,50.0,7981.24,32558.799
PF05/0011/B494,CE,40.954795,14.433853,50.0,7900.941,32360.117
PF06/0011/B494,CE,40.957072,14.433681,50.0,8153.808,32347.281
PF07/0011/B494,CE,40.964348,14.4393,50.0,8958.503,32825.35
PF08/0011/B494,CE,40.958344,14.436845,50.0,8293.279,32614.489
PF09/0011/B494,CE,40.955965,14.439082,12.0,8028.0,32801.0
PF01/0012/B494,CE,40.948193,14.406443,50.0,7183.376,30048.247
PF02/0012/B494,CE,40.960464,14.402885,50.0,8547.607,29758.136
PF08/0012/B494,CE,40.950591,14.404056,50.0,7450.928,29849.172
PF10/0012/B494,CE,40.954677,14.396378,50.0,7908.991,29206.105
PF11/0012/B494,CE,40.963054,14.402208,50.0,8835.582,29703.149
PF12/0012/B494,CE,40.952885,14.407366,50.0,7703.665,30129.517
PF13/0012/B494,CE,40.946106,14.405739,50.0,6952.072,29987.459
PF14/0012/B494,CE,40.960512,14.401065,12.0,8554.0,29605.0
PF03/0013/B494,CE,40.958744,14.403315,50.0,8356.404,29793.007
PF06/0013/B494,CE,40.961535,14.409958,50.0,8662.467,30354.168
PF08/0013/B494,CE,40.961599,14.412001,32.0,8668.458,30526.135
PF09/0013/B494,CE,40.953405,14.412592,50.0,7758.444,30569.716
PF10/0013/B494,CE,40.953691,14.41756,50.0,7787.431,30988.068
PF12/0013/B494,CE,40.95635,14.407328,50.0,8088.417,30128.953
PF13/0013/B494,CE,40.961976,14.416154,50.0,8707.934,30875.902
PF14/0013/B494,CE,40.955188,14.414147,50.0,7955.468,30701.954
PF15/0013/B494,CE,40.960043,14.414094,50.0,8494.537,30701.091
PF04/0014/B494,CE,40.956573,14.43049,50.0,8100.184,32078.406
PF05/0014/B494,CE,40.954175,14.429941,50.0,7834.296,32030.407
PF07/0014/B494,CE,40.952393,14.425586,50.0,7638.805,31662.585
PF12/0014/B494,CE,40.94907,14.428494,50.0,7268.371,31904.962
PF13/0014/B494,CE,40.947617,14.424345,50.0,7109.322,31554.692
PF14/0014/B494,CE,40.952058,14.428665,12.0,7600.0,31921.5
PF15/0014/B494,CE,40.951809,14.428487,50.0,7572.407,31906.321
PF17/0014/B494,CE,40.958665,14.428909,50.0,8333.246,31946.834
PF18/0014/B494,CE,40.949254,14.422726,50.0,7291.988,31419.631
PF19/0014/B494,CE,40.957227,14.421756,50.0,8177.563,31343.772
PF20/0014/B494,CE,40.959932,14.420045,50.0,8478.802,31201.778
PF21/0014/B494,CE,40.95882,14.425823,50.0,8352.159,31687.209
PF01/0015/B494,CE,40.952561,14.411742,10.0,7665.3,30497.6
PF02/0015/B494,CE,40.951332,14.415144,10.0,7526.9,30783.0
PF03/0015/B494,CE,40.951076,14.417257,50.0,7497.327,30960.611
PF05/0015/B494,CE,40.94921,14.409076,50.0,7294.743,30270.668
PF09/0015/B494,CE,40.942508,14.414929,10.0,6547.5,30758.3
PF13/0015/B494,CE,40.948571,14.412262,50.0,7222.01,30538.369
PF14/0015/B494,CE,40.947735,14.419037,50.0,7125.454,31107.968
PF16/0015/B494,CE,40.943149,14.407973,50.0,6622.6,30173.225
PF17/0015/B494,CE,40.943157,14.413533,50.0,6620.305,30641.283
PF19/0015/B494,CE,40.953454,14.419963,50.0,7759.774,31190.131
PF21/0015/B494,CE,40.94805,14.414941,50.0,7162.712,30763.419
PF22/0015/B494,CE,40.946228,14.408617,50.0,6963.991,30229.819
PF23/0015/B494,CE,40.946092,14.417177,50.0,6944.037,30950.194
PF24/0015/B494,CE,40.945973,14.41217,50.0,6933.647,30528.625
PF02/0016/B494,CE,40.952546,14.440836,70.0,7647.514,32946.249
PF04/0016/B494,CE,40.951886,14.436772,50.0,7576.488,32603.689
PF05/0016/B494,CE,40.951405,14.433914,50.0,7524.593,32362.79
PF13/0016/B494,CE,40.94898,14.434924,70.0,7254.862,32446.08
PF14/0016/B494,CE,40.948356,14.43078,70.0,7187.884,32096.799
PF15/0016/B494,CE,40.947063,14.439696,70.0,7039.406,32846.366
PF04/0017/B494,CE,40.944005,14.403685,12.0,6720.0,29813.0
PF05/0017/B494,CE,40.943796,14.3948,60.0,6701.969,29064.916
PF06/0017/B494,CE,40.859428,14.397418,70.0,-2665.238,29220.732
PF07/0017/B494,CE,40.951795,14.399861,50.0,7587.0,29497.0
PF08/0017/B494,CE,40.947271,14.401184,50.0,7084.017,29604.966
PF09/0017/B494,CE,40.944403,14.400674,50.0,6765.942,29559.829
PF02/0018/B494,CE,40.935553,14.39776,50.0,5785.173,29307.741
PF06/0018/B494,CE,40.934261,14.39419,50.0,5643.847,29006.24
PF08/0018/B494,CE,40.936042,14.394647,50.0,5841.302,29046.11
PF10/0018/B494,CE,40.937023,14.39967,50.0,5947.319,29469.707
PF11/0018/B494,CE,40.933376,14.395629,50.0,5544.716,29126.723
PF12/0018/B494,CE,40.936759,14.388667,60.0,5924.435,28543.182
PF14/0018/B494,CE,40.938025,14.396407,50.0,6060.35,29195.752
PF02/0019/B494,CE,40.938578,14.413939,50.0,6111.712,30672.025
PF05/0019/B494,CE,40.934412,14.400799,50.0,5656.731,29562.738
PF06/0019/B494,CE,40.9361,14.405628,50.0,5841.359,29970.571
PF08/0019/B494,CE,40.936505,14.406856,50.0,5885.688,30074.267
PF09/0019/B494,CE,40.939842,14.404943,50.0,6257.171,29915.734
PF10/0019/B494,CE,40.941511,14.407879,50.0,6440.831,30164.103
PF12/0019/B494,CE,40.939877,14.410069,50.0,6258.17,30347.271
PF13/0019/B494,CE,40.935631,14.40239,50.0,5791.147,29697.638
PF14/0019/B494,CE,40.935731,14.408354,50.0,5798.807,30199.74
PF15/0019/B494,CE,40.941065,14.4049,12.0,6393.0,29913.0
PF01/0020/B494,CE,40.934715,14.409421,50.0,5685.421,30288.84
PF02/0020/B494,CE,40.934927,14.414781,12.0,5705.912,30740.198
PF03/0020/B494,CE,40.930277,14.407253,50.0,5194.0,30103.0
PF04/0020/B494,CE,40.92786,14.405285,50.0,4926.9,29935.417
PF05/0020/B494,CE,40.926472,14.407419,50.0,4771.534,30114.118
PF01/0001/B581,CE,40.981375,14.503423,12.0,10816.0,38232.0
PF01/0002/B581,CE,40.983655,13.592174,50.0,11905.0,-38426.0
PF02/0002/B581,CE,40.987331,14.487098,50.0,11485.117,36862.502
PF03/0002/B581,CE,40.985223,13.603387,50.0,12063.994,-37479.918
PF05/0002/B581,CE,40.977149,13.594963,12.0,11179.0,-38203.0
PF06/0002/B581,CE,40.977268,13.609298,50.0,11172.869,-36996.742
PF07/0002/B581,CE,40.98219,13.599848,50.0,11732.0,-37783.0
PF04/0003/B581,CE,40.981825,13.606667,50.0,11682.336,-37209.97
PF05/0003/B581,CE,40.979204,13.604701,12.0,11394.0,-37380.0
PF01/0004/B581,CE,40.981712,13.629006,50.0,11640.016,-35330.829
PF02/0004/B581,CE,40.979709,13.62353,60.0,11424.847,-35795.019
PF06/0004/B581,CE,40.985856,13.626213,50.0,12103.74,-35558.513
PF07/0004/B581,CE,40.983968,13.618033,50.0,11905.0,-36250.0
PF01/0005/B581,CE,40.988429,13.633311,12.0,12380.0,-34957.0
PF02/0005/B581,CE,40.992354,13.632154,50.0,12817.29,-35047.428
PF02/0006/B581,CE,40.986139,13.636341,50.0,12121.776,-34706.017
PF01/0007/B581,CE,40.974034,13.598066,50.0,10829.0,-37947.501
PF02/0007/B581,CE,40.975607,13.60507,50.0,10994.115,-37355.377
PF04/0007/B581,CE,40.978446,13.616512,50.0,11294.016,-36387.667
PF07/0007/B581,CE,40.97282,13.623278,50.0,10660.484,-35828.247
PF09/0007/B581,CE,40.970779,13.612265,50.0,10448.511,-36758.48
PF10/0007/B581,CE,40.963675,13.618769,50.0,9651.172,-36223.704
PF11/0007/B581,CE,40.963387,13.613686,12.0,9626.0,-36652.0
PF12/0007/B581,CE,40.974372,13.626113,12.0,10829.0,-35587.0
PF13/0007/B581,CE,40.976602,13.623839,50.0,11079.599,-35774.451
PF14/0007/B581,CE,40.967288,13.625614,50.0,10043.259,-35641.412
PF15/0007/B581,CE,40.974908,13.601014,50.0,10922.028,-37697.868
PF16/0007/B581,CE,40.973694,13.604458,50.0,10782.646,-37410.25
PF17/0007/B581,CE,40.972582,13.608947,50.0,10653.162,-37034.549
PF18/0007/B581,CE,40.968825,13.609805,50.0,10234.849,-36968.941
PF02/0008/B581,CE,40.977143,13.631247,50.0,11129.778,-35150.249
PF07/0008/B581,CE,40.972267,13.630103,10.0,10590.0,-35255.0
PF08/0008/B581,CE,40.974546,13.633508,50.0,10838.512,-34964.532
PF13/0008/B581,CE,40.969851,13.632096,50.0,10319.188,-35091.455
PF14/0008/B581,CE,40.979049,13.628608,50.0,11344.874,-35368.948
PF15/0008/B581,CE,40.974605,13.630267,50.0,10849.355,-35237.131
PF16/0008/B581,CE,40.972101,13.635846,12.0,10564.0,-34772.0
PF01/0009/B581,CE,40.979358,13.639494,50.0,11364.893,-34452.558
PF02/0009/B581,CE,40.977223,13.632474,50.0,11137.065,-35046.865
PF05/0009/B581,CE,40.980445,13.63092,50.0,11496.882,-35172.01
PF06/0009/B581,CE,40.978918,13.634601,50.0,11322.415,-34864.975
PF03/0010/B581,CE,40.984652,13.639178,50.0,11953.0,-34470.0
PF05/0010/B581,CE,40.980297,13.641695,50.0,11466.265,-34265.727
PF11/0010/B581,CE,40.986675,14.064267,50.0,11707.411,1293.09
PF12/0010/B581,CE,40.987859,13.643783,50.0,12303.0,-34077.0
PF13/0010/B581,CE,40.988096,13.647072,50.0,12325.06,-33799.924
PF14/0010/B581,CE,40.984094,13.64536,50.0,11882.968,-33950.845
PF01/0011/B581,CE,40.961297,13.621579,50.0,9383.527,-35991.403
PF04/0011/B581,CE,40.959029,13.617026,50.0,9137.717,-36378.56
PF05/0011/B581,CE,40.958892,13.623304,50.0,9114.136,-35850.414
PF06/0011/B581,CE,40.955814,13.625169,50.0,8770.034,-35698.849
PF03/0012/B581,CE,40.963131,13.631065,50.0,9574.535,-35189.902
PF04/0012/B581,CE,40.963247,13.624272,50.0,9596.339,-35761.39
PF05/0012/B581,CE,40.965592,13.628837,50.0,9850.661,-35373.086
PF01/0013/B581,CE,40.961036,13.626891,50.0,9347.418,-35544.813
PF02/0013/B581,CE,40.959786,13.634591,50.0,9198.554,-34899.029
PF06/0013/B581,CE,40.956893,13.631086,50.0,8882.0,-35199.0
PF07/0013/B581,CE,40.958671,13.628828,50.0,9082.34,-35385.914
PF01/0014/B581,CE,40.961251,13.641981,50.0,9351.463,-34274.535
PF05/0014/B581,CE,40.965644,13.639712,50.0,9842.192,-34457.895
PF07/0014/B581,CE,40.963967,13.64161,50.0,9653.442,-34301.093
PF09/0014/B581,CE,40.962155,13.642587,50.0,9451.08,-34222.01
PF11/0014/B581,CE,40.966977,13.635253,50.0,9995.92,-34830.855
PF13/0014/B581,CE,40.968837,13.637804,50.0,10199.059,-34612.972
PF15/0014/B581,CE,40.968773,13.630717,50.0,10201.351,-35209.368
PF16/0014/B581,CE,40.959089,13.641557,12.0,9112.0,-34314.0
PF02/0015/B581,CE,40.966329,13.64296,50.0,9913.914,-34183.413
PF03/0015/B581,CE,40.964567,13.642947,50.0,9718.381,-34187.517
PF04/0015/B581,CE,40.968753,13.638316,50.0,10189.115,-34569.989
PF05/0015/B581,CE,40.977397,13.636392,50.0,11151.248,-34716.895
PF08/0015/B581,CE,40.971586,13.640511,50.0,10500.785,-34380.428
PF50/0015/B581,CE,40.965302,13.640889,50.0,9802.633,-34359.443
PF02/0016/B581,CE,40.978599,13.638817,50.0,11281.468,-34510.831
PF04/0016/B581,CE,40.979918,13.642689,50.0,11422.847,-34182.788
PF06/0016/B581,CE,40.975913,13.645686,50.0,10974.298,-33937.53
PF12/0016/B581,CE,40.979024,13.650076,50.0,11314.042,-33562.779
PF14/0016/B581,CE,40.970563,13.649926,50.0,10374.867,-33589.914
PF15/0016/B581,CE,40.981174,13.645746,50.0,11558.277,-33923.446
PF16/0016/B581,CE,40.972163,13.644176,12.0,10560.0,-34071.0
PF01/0017/B581,CE,40.948743,13.636838,50.0,7969.592,-34729.055
PF03/0017/B581,CE,40.954023,13.626854,50.0,8568.936,-35560.148
PF04/0017/B581,CE,40.953549,13.636493,50.0,8503.629,-34749.713
PF05/0017/B581,CE,40.951843,13.630354,50.0,8322.337,-35269.422
PF01/0018/B581,CE,40.958685,13.645002,50.0,9062.662,-34024.705
PF02/0018/B581,CE,40.956006,13.64596,50.0,8763.967,-33948.706
PF03/0018/B581,CE,40.95579,13.648421,50.0,8736.779,-33741.93
PF04/0018/B581,CE,40.957107,13.647867,50.0,8883.72,-33786.365
PF05/0018/B581,CE,40.957037,13.643928,50.0,8881.088,-34117.992
PF06/0018/B581,CE,40.955307,13.643989,50.0,8688.971,-34115.761
PF07/0018/B581,CE,40.955677,13.641655,50.0,8733.16,-34311.613
PF08/0018/B581,CE,40.952743,13.636637,50.0,8413.996,-34739.019
PF11/0018/B581,CE,40.953456,13.642298,50.0,8485.719,-34261.324
PF12/0018/B581,CE,40.959793,13.644201,50.0,9186.729,-34090.252
PF14/0018/B581,CE,40.954438,13.645743,50.0,8590.199,-33969.687
PF15/0018/B581,CE,40.95557,13.638741,12.0,8725.0,-34557.0
PF02/0019/B581,CE,40.968833,13.646693,50.0,10187.0,-33865.0
PF06/0019/B581,CE,40.963661,13.645196,50.0,9614.83,-33999.841
PF08/0019/B581,CE,40.968268,13.64394,50.0,10127.894,-34097.632
PF09/0019/B581,CE,40.964269,13.646888,50.0,9680.151,-33856.379
PF10/0019/B581,CE,40.961324,13.644129,50.0,9356.775,-34093.687
PF11/0019/B581,CE,40.961817,13.646168,50.0,9408.865,-33921.21
PF12/0019/B581,CE,40.965552,13.642993,50.0,9827.63,-34181.969
PF13/0019/B581,CE,40.96648,13.646635,50.0,9925.883,-33873.897
PF01/0020/B581,CE,40.939782,13.632278,50.0,6980.854,-35128.442
PF02/0020/B581,CE,40.943418,13.633568,50.0,7382.734,-35013.5
PF03/0020/B581,CE,40.945128,13.637115,12.0,7568.0,-34712.0
PF06/0020/B581,CE,40.94583,13.642363,12.0,7639.0,-34269.0
PF07/0020/B581,CE,40.942206,13.639824,12.0,7240.0,-34489.0
PF01/0021/B581,CE,40.958109,13.645972,50.0,8997.461,-33944.063
PF04/0021/B581,CE,40.95716,13.647031,50.0,8890.679,-33856.604
PF50/0021/B581,CE,40.958122,13.647541,50.0,8996.84,-33811.987
PF01/0022/B581,CE,40.959507,13.649402,50.0,9148.169,-33652.991
PF02/0022/B581,CE,40.958816,13.651981,50.0,9068.122,-33437.167
PF03/0022/B581,CE,40.960677,13.651395,50.0,9275.525,-33483.265
PF07/0023/B581,CE,40.954819,13.652392,50.0,8623.889,-33409.394
PF08/0023/B581,CE,40.953024,13.652399,50.0,8424.628,-33411.931
PF09/0023/B581,CE,40.953646,13.649558,50.0,8497.377,-33649.921
PF10/0023/B581,CE,40.955643,13.651168,50.0,8716.924,-33510.988
PF02/0024/B581,CE,40.95037,13.643921,12.0,8141.0,-34130.0
PF01/0025/B581,CE,40.936715,13.632441,50.0,6640.156,-35119.987
PF04/0025/B581,CE,40.941342,13.628239,12.0,7159.298,-35465.727
PF07/0025/B581,CE,40.943739,13.625651,50.0,7428.828,-35679.413
PF10/0025/B581,CE,40.881102,14.050409,12.0,0.0,0.0
PF12/0025/B581,CE,40.946605,13.62644,50.0,7746.0,-35608.0
PF13/0025/B581,CE,40.936983,13.627803,12.0,6676.0,-35510.0
PF01/0026/B581,CE,40.951649,13.65183,50.0,8272.654,-33462.154
PF06/0026/B581,CE,40.942688,13.645952,10.0,7285.5,-33972.3
PF07/0026/B581,CE,40.947211,13.651016,50.0,7781.031,-33538.237
PF08/0026/B581,CE,40.937193,13.664724,50.0,6651.229,-32401.42
PF10/0026/B581,CE,40.949758,13.648985,50.0,8066.424,-33704.811
PF11/0026/B581,CE,40.941201,13.644343,50.0,7122.495,-34110.321
PF14/0026/B581,CE,40.945915,13.647333,12.0,7642.0,-33850.5
PF01/0027/B581,CE,40.954054,13.655221,50.0,8535.318,-33172.623
PF02/0027/B581,CE,40.951623,13.655011,50.0,8265.703,-33194.48
PF07/0027/B581,CE,40.947705,13.658717,50.0,7825.928,-32889.202
PF08/0027/B581,CE,40.954072,14.088989,12.0,8066.0,3335.0
PF01/0028/B581,CE,40.956026,13.654523,50.0,8755.052,-33228.03
PF06/0028/B581,CE,40.953289,13.662797,50.0,8440.53,-32536.271
PF07/0028/B581,CE,40.953994,13.665491,50.0,8515.385,-32308.389
PF10/0028/B581,CE,40.951732,13.666854,10.0,8262.5,-32197.5
PF12/0028/B581,CE,40.951316,13.666405,50.0,8216.929,-32235.99
PF14/0028/B581,CE,40.95571,13.659149,50.0,8714.015,-32839.191
PF02/0029/B581,CE,40.957923,13.661233,50.0,8957.0,-32660.0
PF03/0029/B581,CE,40.955752,13.667861,50.0,8707.436,-32105.922
PF02/0030/B581,CE,40.965469,13.659489,12.0,9797.0,-32794.0
PF01/0031/B581,CE,40.969557,13.674118,12.0,10232.0,-31556.0
PF02/0031/B581,CE,40.969804,13.67409,12.0,10259.5,-31558.0
PF01/0032/B581,CE,40.974811,13.679714,50.0,10808.213,-31076.375
PF02/0032/B581,CE,40.971961,13.676235,50.0,10496.227,-31373.865
PF05/0032/B581,CE,40.973164,13.680761,12.0,10624.0,-30991.0
PF01/0033/B581,CE,40.965956,13.671196,10.0,9836.0,-31808.0
PF02/0033/B581,CE,40.9655,13.673083,10.0,9783.0,-31650.0
PF03/0033/B581,CE,40.96466,13.680717,10.0,9680.0,-31009.0
PF04/0033/B581,CE,40.963724,13.665929,10.0,9595.0,-32255.0
PF05/0033/B581,CE,40.96335,13.671157,50.0,9546.709,-31815.664
PF07/0033/B581,CE,40.961841,13.670065,50.0,9380.565,-31910.097
PF03/0034/B581,CE,40.966927,13.679971,50.0,9932.559,-31067.918
PF04/0034/B581,CE,40.974788,14.100239,50.0,10356.016,4305.54
PF05/0034/B581,CE,40.959653,13.67844,12.0,9127.0,-31209.0
PF01/0035/B581,CE,40.903634,13.671495,50.0,2917.0,-31888.0
PF02/0035/B581,CE,40.954562,13.674407,12.0,8567.0,-31557.0
PF04/0035/B581,CE,40.959584,13.665407,50.0,9136.09,-32305.948
PF05/0035/B581,CE,40.909568,13.670768,50.0,3576.598,-31939.243
PF06/0035/B581,CE,40.960529,13.66225,50.0,9245.0,-32570.0
PF07/0035/B581,CE,40.961854,13.673988,12.0,9377.0,-31580.0
PF08/0036/B581,CE,40.930906,13.631884,10.0,5996.0,-35177.0
PF10/0036/B581,CE,40.92812,13.630861,10.0,5688.0,-35268.0
PF12/0036/B581,CE,40.923805,13.626136,50.0,5215.275,-35673.346
PF13/0036/B581,CE,40.925949,13.635379,50.0,5441.03,-34891.353
PF14/0036/B581,CE,40.92219,13.628295,50.0,5033.164,-35494.315
PF15/0036/B581,CE,40.927628,13.637997,10.0,5624.0,-34668.0
PF16/0036/B581,CE,40.934462,13.629483,50.0,6393.962,-35372.944
PF18/0036/B581,CE,40.936994,13.635171,50.0,6667.487,-34889.724
PF19/0036/B581,CE,40.918197,13.638197,50.0,4576.758,-34667.429
PF20/0036/B581,CE,40.934737,13.641361,50.0,6408.781,-34372.523
PF21/0036/B581,CE,40.931654,13.637769,50.0,6071.306,-34680.249
PF22/0036/B581,CE,40.931444,13.637776,12.0,6048.0,-34680.0
PF23/0036/B581,CE,40.933733,13.633911,50.0,6307.172,-35001.395
PF24/0036/B581,CE,40.932907,13.638506,50.0,6209.415,-34616.015
PF01/0037/B581,CE,40.916755,13.633862,50.0,4422.396,-35035.044
PF03/0037/B581,CE,40.911872,13.627024,50.0,3889.371,-35619.385
PF10/0037/B581,CE,40.914261,13.631668,50.0,4148.461,-35224.082
PF11/0037/B581,CE,40.903033,13.633688,50.0,2899.245,-35073.428
PF15/0037/B581,CE,40.917825,13.625658,12.0,4552.0,-35724.0
PF16/0037/B581,CE,40.913854,13.636172,50.0,4097.353,-34845.488
PF17/0037/B581,CE,40.9026,13.636136,50.0,2848.0,-34868.0
PF18/0037/B581,CE,40.900833,13.629952,12.0,2660.0,-35392.0
PF19/0037/B581,CE,40.900516,13.625993,12.0,2630.0,-35726.0
PF02/0038/B581,CE,40.907547,13.645046,9.0,3385.5,-34109.0
PF03/0038/B581,CE,40.90955,13.648499,50.0,3603.429,-33814.771
PF04/0038/B581,CE,40.913145,13.645854,50.0,4005.939,-34031.305
PF05/0038/B581,CE,40.911614,13.646283,50.0,3835.413,-33997.834
PF06/0038/B581,CE,40.908009,13.648706,12.0,3432.0,-33800.0
PF07/0038/B581,CE,40.902946,13.642564,12.0,2878.0,-34326.0
PF08/0038/B581,CE,40.90559,13.639252,50.0,3175.883,-34600.365
PF10/0038/B581,CE,40.911911,13.652989,50.0,3859.698,-33432.598
PF02/0039/B581,CE,40.942011,13.651624,10.0,7203.0,-33496.0
PF05/0039/B581,CE,40.912352,13.645055,50.0,3919.001,-34100.0
PF06/0039/B581,CE,40.93449,13.653838,50.0,6365.128,-33322.509
PF07/0039/B581,CE,40.931153,13.641321,10.0,6011.0,-34382.0
PF08/0039/B581,CE,40.933743,13.655213,10.0,6280.4,-33208.0
PF10/0039/B581,CE,40.930789,13.64926,50.0,5960.277,-33714.219
PF11/0039/B581,CE,40.932083,13.65457,10.0,6097.0,-33265.0
PF12/0039/B581,CE,40.927609,13.643674,50.0,5614.474,-34190.024
PF13/0039/B581,CE,40.924847,13.642799,50.0,5309.041,-34268.486
PF14/0039/B581,CE,40.926761,13.645521,10.0,5518.0,-34036.0
PF15/0039/B581,CE,40.931031,13.656679,50.0,5977.52,-33089.196
PF18/0039/B581,CE,40.923767,13.647152,50.0,5183.412,-33903.781
PF23/0039/B581,CE,40.914645,13.652038,10.0,4164.4,-33508.0
PF24/0039/B581,CE,40.933775,13.647575,50.0,6293.967,-33850.988
PF25/0039/B581,CE,40.920322,13.652992,50.0,4793.393,-33417.912
PF26/0039/B581,CE,40.918178,13.654534,50.0,4553.394,-33291.773
PF27/0039/B581,CE,40.914628,13.652142,50.0,4162.385,-33499.245
PF28/0039/B581,CE,40.939447,13.647305,12.0,6924.0,-33864.0
PF29/0039/B581,CE,40.919071,13.648976,50.0,4659.786,-33758.249
PF30/0039/B581,CE,40.933104,13.653685,60.0,6211.522,-33337.705
PF31/0039/B581,CE,40.938989,13.652656,70.0,6866.181,-33414.273
PF32/0039/B581,CE,40.921416,13.640934,50.0,4930.6,-34431.453
PF33/0039/B581,CE,40.939188,13.660805,50.0,6877.71,-32727.894
PF34/0039/B581,CE,40.937883,13.643684,50.0,6755.021,-34171.497
PF03/0041/B581,CE,40.932147,13.66081,50.0,6096.056,-32739.524
PF06/0041/B581,CE,40.932699,13.670357,50.0,6145.044,-31934.753
PF09/0041/B581,CE,40.895893,13.907134,50.0,1782.874,-12051.231
PF16/0041/B581,CE,40.924994,13.663466,50.0,5298.501,-32527.983
PF17/0041/B581,CE,40.933974,13.662345,70.0,6296.898,-32607.141
PF18/0041/B581,CE,40.892542,13.92554,50.0,1391.65,-10505.325
PF19/0041/B581,CE,40.933722,13.669039,50.0,6260.288,-32043.995
PF20/0041/B581,CE,40.936646,13.668196,50.0,6585.991,-32110.016
PF21/0041/B581,CE,40.92834,13.666582,12.0,5666.0,-32260.0
PF22/0041/B581,CE,40.92428,13.662203,50.0,5220.902,-32635.551
PF04/0042/B581,CE,40.923878,13.670376,50.0,5165.774,-31948.079
PF05/0042/B581,CE,40.920804,13.668937,12.0,4826.384,-32074.441
PF06/0042/B581,CE,40.918497,13.666499,50.0,4573.32,-32283.592
PF10/0042/B581,CE,40.909497,13.661261,12.0,3581.0,-32740.0
PF12/0042/B581,CE,40.910095,13.663942,50.0,3643.905,-32513.226
PF17/0042/B581,CE,40.91776,13.660001,60.0,4499.948,-32832.074
PF20/0042/B581,CE,40.919278,13.680996,50.0,4641.53,-31061.534
PF21/0042/B581,CE,40.912793,13.675516,10.0,3928.598,-31533.902
PF22/0042/B581,CE,40.914915,13.678692,50.0,4160.118,-31262.89
PF23/0042/B581,CE,40.91887,13.670648,50.0,4609.496,-31933.572
PF24/0042/B581,CE,40.925823,13.670935,50.0,5381.023,-31897.741
PF25/0042/B581,CE,40.913011,13.663672,50.0,3968.0,-32531.0
PF26/0042/B581,CE,40.915949,13.66613,12.0,4291.0,-32319.0
PF27/0042/B581,CE,40.921752,13.679263,50.0,4918.456,-31203.301
PF28/0042/B581,CE,40.927418,13.674557,50.0,5553.447,-31590.074
PF01/0043/B581,CE,40.948034,13.660524,50.0,7860.089,-32736.527
PF02/0043/B581,CE,40.949927,13.66466,60.0,8064.929,-32385.207
PF03/0043/B581,CE,40.943207,13.6638,12.0,7320.0,-32469.0
PF01/0045/B581,CE,40.946241,13.675152,50.0,7642.334,-31508.322
PF02/0045/B581,CE,40.944985,13.669461,50.0,7510.075,-31989.431
PF03/0045/B581,CE,40.947343,13.667839,50.0,7774.0,-32122.0
PF01/0046/B581,CE,40.941588,13.682244,50.0,7116.65,-30919.078
PF03/0046/B581,CE,40.94677,14.102348,50.0,7243.783,4451.001
PF04/0046/B581,CE,40.933304,13.671083,50.0,6211.245,-31872.618
PF05/0046/B581,CE,40.93904,13.675648,50.0,6842.281,-31478.662
PF07/0046/B581,CE,40.935647,13.682533,50.0,6456.766,-30904.715
PF08/0046/B581,CE,40.936815,13.66907,50.0,6603.61,-32036.206
PF09/0046/B581,CE,40.946844,13.677686,50.0,7706.0,-31294.0
PF01/0047/B581,CE,40.921718,13.697986,12.0,4891.0,-29626.8
PF04/0047/B581,CE,40.925156,13.683447,70.0,5290.955,-30845.285
PF06/0047/B581,CE,40.959071,14.054234,50.0,8652.018,415.934
PF07/0047/B581,CE,40.931259,13.672386,50.0,5982.628,-31766.412
PF08/0047/B581,CE,40.930943,13.679936,50.0,5937.878,-31131.237
PF09/0047/B581,CE,40.927866,13.675158,50.0,5602.342,-31538.726
PF11/0047/B581,CE,40.934885,13.693807,50.0,6357.926,-29956.811
PF12/0047/B581,CE,40.933101,13.700088,12.0,6152.0,-29431.0
PF15/0047/B581,CE,40.915455,13.68435,50.0,4212.905,-30785.496
PF16/0047/B581,CE,40.917181,13.687943,12.0,4400.0,-30480.0
PF17/0047/B581,CE,40.928555,13.697231,50.0,5650.925,-29679.093
PF18/0047/B581,CE,40.924113,13.692186,50.0,5164.212,-30111.228
PF19/0047/B581,CE,40.921065,13.684757,50.0,4835.203,-30741.819
PF20/0047/B581,CE,40.927404,13.681813,50.0,5542.622,-30979.093
PF21/0047/B581,CE,40.92863,13.701419,50.0,5653.982,-29326.34
PF22/0047/B581,CE,40.926085,13.690385,70.0,5385.319,-30259.572
PF04/0001/B667,CE,40.93848,14.14987,50.0,6283.512,8442.078
PF06/0001/B667,CE,40.932936,14.140647,50.0,5675.687,7659.613
PF11/0001/B667,CE,40.928994,14.142327,50.0,5236.659,7796.778
PF15/0001/B667,CE,40.895088,14.081609,50.0,1524.549,2645.087
PF23/0001/B667,CE,40.935117,14.141655,50.0,5916.888,7746.861
PF26/0001/B667,CE,40.932563,14.14403,50.0,5631.39,7943.989
PF28/0001/B667,CE,40.948015,14.106966,50.0,7377.991,4841.07
PF29/0001/B667,CE,40.930903,14.140438,20.0,5450.15,7639.806
PF02/0002/B667,CE,40.934805,14.164731,50.0,5863.451,9689.246
PF03/0002/B667,CE,40.935617,14.159288,50.0,5957.958,9231.877
PF05/0002/B667,CE,40.931443,14.160748,50.0,5493.411,9350.277
PF06/0002/B667,CE,40.933686,14.088223,50.0,5803.624,3246.9
PF14/0002/B667,CE,40.934774,14.15559,50.0,5867.416,8919.608
PF17/0002/B667,CE,40.94989,14.1048,50.0,7588.053,4660.924
PF22/0002/B667,CE,40.93182,14.15806,50.0,5537.507,9124.378
PF24/0002/B667,CE,40.925637,14.162486,50.0,4847.565,9490.495
PF26/0002/B667,CE,40.935335,14.155404,50.0,5929.87,8904.565
PF27/0002/B667,CE,40.934473,14.160875,20.0,5829.703,9364.217
PF04/0003/B667,CE,40.917628,14.168672,50.0,3953.466,10002.868
PF19/0003/B667,CE,40.924836,14.166312,50.0,4755.498,9811.756
PF21/0003/B667,CE,40.923719,14.167538,50.0,4630.485,9913.829
PF22/0003/B667,CE,40.925964,14.18226,21.0,4868.078,11155.755
PF03/0004/B667,CE,40.908137,14.116457,50.0,2942.964,5595.273
PF05/0004/B667,CE,40.932074,14.158238,21.0,5565.506,9139.683
PF01/0001/B704,CE,41.188858,14.102467,50.0,34119.007,4737.709
PF02/0001/B704,CE,41.193854,14.101966,50.0,34674.146,4701.366
PF04/0001/B704,CE,41.187421,14.095764,50.0,33965.317,4173.873
PF05/0001/B704,CE,41.189762,14.095626,50.0,34225.292,4165.009
PF06/0001/B704,CE,41.191718,14.097665,50.0,34440.722,4338.263
PF07/0001/B704,CE,41.204232,14.106921,50.0,35821.938,5128.741
PF10/0001/B704,CE,41.197019,14.102496,50.0,35024.974,4749.434
PF01/0002/B704,CE,41.194431,14.105567,12.0,34735.0,5004.0
PF02/0002/B704,CE,41.197736,14.10551,12.0,35102.0,5003.0
PF01/0003/B704,CE,41.182268,14.12525,12.0,33368.0,6641.0
PF03/0003/B704,CE,41.181125,14.123,12.0,33243.0,6451.0
PF04/0003/B704,CE,41.181225,14.129008,12.0,33249.0,6955.0
PF02/0004/B704,CE,41.168396,14.071946,12.0,31874.266,2153.834
PF05/0004/B704,CE,41.166938,14.078012,12.0,31707.0,2661.0
PF06/0004/B704,CE,41.166534,14.076066,12.0,31663.838,2497.312
PF07/0004/B704,CE,41.162976,14.077031,12.0,31268.0,2574.0
PF08/0004/B704,CE,41.163644,14.079524,12.0,31340.0,2784.0
PF09/0004/B704,CE,41.161453,14.068053,50.0,31107.0,1819.0
PF12/0004/B704,CE,41.170513,14.07677,12.0,32105.0,2561.0
PF13/0004/B704,CE,41.167218,14.069163,12.0,31746.0,1919.0
PF01/0005/B704,CE,41.172703,14.099531,50.0,32328.058,4472.913
PF02/0005/B704,CE,41.169509,14.09857,50.0,31974.352,4388.614
PF04/0005/B704,CE,41.175834,14.092859,50.0,32681.506,3916.841
PF05/0005/B704,CE,41.178434,14.092742,50.0,32970.251,3910.029
PF06/0005/B704,CE,41.17791,14.09546,50.0,32909.679,4137.436
PF07/0005/B704,CE,41.175868,14.099072,50.0,32679.866,4437.997
PF08/0005/B704,CE,41.172006,14.095464,50.0,32254.222,4130.933
PF09/0005/B704,CE,41.169201,14.090882,50.0,31946.915,3743.307
PF10/0005/B704,CE,41.17348,14.091286,50.0,32421.502,3782.144
PF11/0005/B704,CE,41.172108,14.088108,12.0,32272.0,3514.0
PF01/0006/B704,CE,41.179526,14.099025,50.0,33085.961,4438.311
PF02/0006/B704,CE,41.178475,14.102979,50.0,32965.896,4768.728
PF03/0006/B704,CE,41.182067,14.099164,50.0,33367.996,4452.897
PF04/0006/B704,CE,41.182779,14.103709,50.0,33443.044,4834.868
PF05/0006/B704,CE,41.184863,14.097351,12.0,33680.0,4304.0
PF06/0006/B704,CE,41.180707,14.105925,50.0,33211.167,5018.368
PF07/0006/B704,CE,41.178503,14.107374,50.0,32965.214,5137.389
PF08/0006/B704,CE,41.175328,14.103235,50.0,32616.324,4786.634
PF09/0006/B704,CE,41.176841,14.105922,50.0,32781.942,5013.744
PF10/0006/B704,CE,41.185483,14.104502,50.0,33742.614,4904.497
PF11/0006/B704,CE,41.180524,14.108131,50.0,33188.874,5203.23
PF12/0006/B704,CE,41.181907,14.095273,50.0,33353.658,4126.344
PF01/0007/B704,CE,41.173485,14.113272,50.0,32403.053,5626.42
PF02/0007/B704,CE,41.175881,14.108502,50.0,32673.137,5229.076
PF03/0007/B704,CE,41.181603,14.109994,50.0,33307.16,5360.704
PF01/0008/B704,CE,41.170376,14.11859,50.0,32053.433,6069.025
PF04/0008/B704,CE,41.166896,14.112587,50.0,31672.117,5561.536
PF05/0008/B704,CE,41.17055,14.113538,50.0,32076.97,5645.43
PF08/0008/B704,CE,41.168287,14.10821,50.0,31830.307,5195.88
PF10/0008/B704,CE,41.172872,14.113959,50.0,32334.463,5683.397
PF13/0008/B704,CE,41.171703,14.109663,50.0,32208.383,5321.69
PF14/0008/B704,CE,41.170045,14.104584,50.0,32028.614,4893.729
PF01/0009/B704,CE,41.17641,14.117722,50.0,32724.0,6003.0
PF02/0009/B704,CE,41.174869,14.11661,50.0,32553.919,5908.001
PF03/0009/B704,CE,41.177568,14.113988,50.0,32855.776,5691.076
PF05/0009/B704,CE,41.172357,14.119941,50.0,32272.151,6184.609
PF07/0009/B704,CE,41.179478,14.111843,50.0,33069.653,5513.368
PF08/0009/B704,CE,41.180072,14.116108,50.0,33131.925,5871.753
PF09/0009/B704,CE,41.174986,14.120006,12.0,32564.0,6193.0
PF01/0010/B704,CE,41.174733,14.124838,10.0,32531.8,6598.0
PF03/0010/B704,CE,41.172617,14.131871,10.0,32291.0,7185.6
PF04/0010/B704,CE,41.172201,14.123571,50.0,32251.794,6488.937
PF07/0010/B704,CE,41.170217,14.120337,50.0,32034.268,6215.389
PF08/0010/B704,CE,41.173742,14.123603,50.0,32422.827,6493.349
PF11/0010/B704,CE,41.170893,14.122115,50.0,32107.807,6365.323
PF12/0010/B704,CE,41.171187,14.12314,50.0,32139.606,6451.648
PF14/0010/B704,CE,41.168764,14.123564,50.0,31870.192,6484.463
PF15/0010/B704,CE,41.17098,14.12733,50.0,32113.106,6802.89
PF17/0010/B704,CE,41.170343,14.130592,50.0,32039.593,7075.789
PF18/0010/B704,CE,41.173777,14.129237,12.0,32422.0,6966.0
PF04/0011/B704,CE,41.169762,14.12763,50.0,31977.548,6826.701
PF06/0011/B704,CE,41.172209,14.125935,50.0,32250.65,6687.213
PF09/0011/B704,CE,41.172819,14.135279,50.0,32310.58,7471.697
PF10/0011/B704,CE,41.174626,14.136537,50.0,32510.075,7579.227
PF11/0011/B704,CE,41.171636,14.125536,50.0,32187.412,6653.094
PF12/0011/B704,CE,41.169837,14.122476,50.0,31990.225,6394.441
PF14/0011/B704,CE,41.17601,14.138996,50.0,32661.725,7787.063
PF15/0011/B704,CE,41.166676,14.124473,50.0,31637.616,6558.454
PF16/0011/B704,CE,41.17443,14.131383,50.0,32492.66,7146.704
PF01/0012/B704,CE,41.177331,14.127957,50.0,32817.55,6862.541
PF03/0012/B704,CE,41.176484,14.129833,50.0,32722.006,7018.973
PF06/0013/B704,CE,41.164632,14.134359,10.0,31402.4,7385.5
PF07/0013/B704,CE,41.172808,14.129963,50.0,32313.82,7025.778
PF09/0013/B704,CE,41.167719,14.130457,50.0,31748.402,7061.593
PF10/0013/B704,CE,41.169231,14.133368,50.0,31913.842,7307.491
PF12/0013/B704,CE,41.167866,14.137335,50.0,31758.979,7638.729
PF13/0013/B704,CE,41.167308,14.141787,50.0,31693.333,8011.647
PF14/0013/B704,CE,41.171243,14.13655,50.0,32134.53,7576.618
PF15/0013/B704,CE,41.165275,14.137765,12.0,31471.0,7672.0
PF16/0013/B704,CE,41.164716,14.134089,50.0,31411.964,7362.986
PF01/0014/B704,CE,41.164373,14.138149,10.0,31370.5,7703.2
PF08/0014/B704,CE,41.162472,14.146219,50.0,31152.816,8378.122
PF09/0014/B704,CE,41.162496,14.149388,50.0,31152.882,8644.055
PF13/0014/B704,CE,41.158381,14.1341,50.0,30708.69,7356.871
PF14/0014/B704,CE,41.161273,14.137341,50.0,31027.0,7632.0
PF15/0014/B704,CE,41.16472,14.139312,50.0,31408.033,7801.129
PF16/0014/B704,CE,41.165503,14.145212,50.0,31490.071,8296.981
PF17/0014/B704,CE,41.157166,14.13239,50.0,30575.234,7212.07
PF18/0014/B704,CE,41.165736,14.147953,50.0,31513.685,8527.22
PF02/0001/B715,CE,40.992924,13.825267,50.0,12644.014,-18802.73
PF03/0001/B715,CE,41.0311,13.918377,50.0,16780.948,-10918.351
PF01/0002/B715,CE,41.018497,14.042049,50.0,15260.308,-537.146
PF07/0002/B715,CE,41.022204,13.923769,50.0,15787.819,-10477.246
PF08/0002/B715,CE,41.024621,13.925347,50.0,16054.444,-10341.274
PF09/0002/B715,CE,41.021976,13.929098,12.0,15757.0,-10029.5
PF11/0002/B715,CE,41.028853,13.927892,50.0,16521.678,-10121.555
PF12/0002/B715,CE,41.027606,13.931963,50.0,16379.0,-9781.0
PF13/0002/B715,CE,41.028328,13.923931,50.0,16467.467,-10455.282
PF14/0002/B715,CE,41.023831,13.930254,50.0,15961.678,-9929.828
PF15/0002/B715,CE,41.024637,13.935614,50.0,16045.649,-9478.038
PF01/0003/B715,CE,41.024764,13.917788,70.0,16078.232,-10976.618
PF02/0003/B715,CE,41.018576,14.036723,50.0,15274.083,-984.866
PF01/0004/B715,CE,41.016843,13.904653,50.0,15212.595,-12091.946
PF03/0004/B715,CE,41.018237,13.912495,70.0,15359.08,-11430.614
PF04/0004/B715,CE,41.015602,13.911511,50.0,15067.647,-11516.991
PF05/0004/B715,CE,41.01877,13.901569,50.0,15429.847,-12348.585
PF06/0004/B715,CE,41.01931,13.907138,50.0,15483.833,-11879.598
PF03/0005/B715,CE,40.92629,14.565201,50.0,4673.318,43398.792
PF01/0006/B715,CE,41.022497,14.225366,10.0,15551.4,14880.2
PF02/0006/B715,CE,41.021183,14.228599,10.0,15403.1,15150.8
PF04/0006/B715,CE,40.928706,14.545164,50.0,4950.085,41713.072
PF08/0006/B715,CE,40.924608,14.541711,50.0,4496.604,41419.981
PF10/0006/B715,CE,41.018719,14.22948,50.0,15128.882,15222.411
PF03/0007/B715,CE,41.016695,14.217134,50.0,14913.422,14182.381
PF04/0007/B715,CE,41.018337,14.220606,50.0,15093.093,14475.887
PF05/0007/B715,CE,41.016453,13.868512,50.0,15208.078,-15131.405
PF08/0007/B715,CE,41.016401,13.879485,50.0,15190.462,-14208.814
PF12/0007/B715,CE,41.012919,13.868274,50.0,14816.018,-15156.464
PF13/0007/B715,CE,41.021942,14.215816,50.0,15496.895,14076.786
PF14/0007/B715,CE,41.018643,14.215022,50.0,15131.28,14006.738
PF15/0007/B715,CE,41.021187,14.211986,12.0,15416.0,13754.0
PF16/0007/B715,CE,41.021423,14.22157,50.0,15435.0,14560.0
PF17/0007/B715,CE,41.021393,14.223953,50.0,15429.889,14760.337
PF18/0007/B715,CE,41.014501,14.209714,50.0,14675.514,13556.259
PF19/0007/B715,CE,41.01888,14.208763,12.0,15162.37,13480.72
PF20/0007/B715,CE,41.017135,14.206932,12.0,14970.0,13325.0
PF03/0008/B715,CE,41.011897,13.870735,50.0,14699.927,-14951.038
PF05/0008/B715,CE,41.008438,14.21856,50.0,13995.73,14294.022
PF07/0008/B715,CE,41.000362,14.03273,50.0,13255.69,-1343.038
PF08/0008/B715,CE,41.002552,14.217623,50.0,13343.033,14209.359
PF09/0008/B715,CE,41.018682,13.875719,50.0,15447.665,-14522.193
PF11/0008/B715,CE,41.002248,14.217756,50.0,13309.204,14220.257
PF13/0008/B715,CE,41.00606,14.218183,50.0,13732.04,14259.969
PF14/0008/B715,CE,41.010923,13.864345,50.0,14598.725,-15489.752
PF15/0008/B715,CE,40.995644,14.023516,50.0,12740.577,-2123.794
PF16/0008/B715,CE,41.010857,14.219055,50.0,14263.947,14338.086
PF04/0009/B715,CE,41.006473,14.217069,12.0,13778.7,14166.7
PF05/0009/B715,CE,41.003664,14.214736,50.0,13468.603,13967.698
PF06/0009/B715,CE,41.004837,14.211259,50.0,13601.5,13676.5
PF07/0009/B715,CE,41.009514,14.211537,12.0,14120.5,13704.5
PF08/0009/B715,CE,41.00495,14.209305,50.0,13615.535,13512.231
PF01/0010/B715,CE,41.009188,14.196361,12.0,14096.0,12428.0
PF02/0010/B715,CE,41.010496,14.199185,12.0,14239.0,12666.8
PF03/0010/B715,CE,40.998216,14.215815,12.0,12863.0,14053.0
PF07/0010/B715,CE,41.007242,14.196941,50.0,13879.498,12474.799
PF08/0010/B715,CE,41.020059,14.203032,50.0,15297.608,13000.059
PF09/0010/B715,CE,41.011881,14.196185,12.0,14395.0,12416.0
PF10/0010/B715,CE,41.004672,14.20135,50.0,13590.821,12842.945
PF11/0010/B715,CE,41.006243,14.205541,12.0,13762.0,13197.0
PF12/0010/B715,CE,41.007398,14.201829,12.0,13893.0,12886.0
PF02/0011/B715,CE,41.002114,14.191708,50.0,13314.217,12029.458
PF04/0011/B715,CE,41.015304,14.197321,50.0,14774.176,12514.973
PF05/0011/B715,CE,41.005611,14.183085,50.0,13709.258,11307.888
PF06/0011/B715,CE,41.006947,14.186705,50.0,13854.725,11613.688
PF07/0011/B715,CE,41.017352,14.203669,50.0,14996.605,13050.799
PF08/0011/B715,CE,41.019421,14.195498,50.0,15232.638,12365.894
PF09/0011/B715,CE,41.014858,14.209208,50.0,14715.481,13514.018
PF51/0011/B715,CE,41.003213,14.192601,50.0,13435.515,12105.67
PF01/0012/B715,CE,41.015309,14.166308,50.0,14799.2,9907.3
PF03/0012/B715,CE,41.017962,14.172573,50.0,15088.623,10436.867
PF04/0012/B715,CE,41.017993,14.168633,50.0,15095.321,10105.635
PF05/0012/B715,CE,41.010601,14.170962,10.0,14272.8,10293.6
PF06/0012/B715,CE,41.012089,14.17194,50.0,14437.213,10377.465
PF09/0012/B715,CE,41.014457,14.17323,50.0,14699.104,10488.427
PF11/0012/B715,CE,41.010464,14.175512,50.0,14253.907,10676.125
PF12/0012/B715,CE,41.013416,14.170039,12.0,14586.0,10219.0
PF13/0012/B715,CE,41.008425,14.17341,50.0,14029.276,10497.168
PF02/0013/B715,CE,41.008325,14.155857,9.0,14032.3,9021.0
PF04/0013/B715,CE,41.011036,14.158846,50.0,14330.813,9275.28
PF06/0013/B715,CE,41.014268,14.16206,50.0,14687.0,9549.0
PF07/0013/B715,CE,41.017941,14.164309,12.0,15093.0,9742.0
PF08/0013/B715,CE,41.009043,14.162416,12.0,14106.64,9573.33
PF01/0014/B715,CE,41.016387,14.149248,50.0,14932.694,8473.914
PF02/0014/B715,CE,41.013654,14.152133,50.0,14626.895,8713.593
PF05/0014/B715,CE,41.011667,14.150396,50.0,14407.789,8565.39
PF06/0014/B715,CE,41.014946,14.140135,50.0,14780.261,7706.114
PF07/0014/B715,CE,41.015975,14.157722,12.0,14880.0,9186.0
PF02/0015/B715,CE,41.018097,14.139791,50.0,15130.34,7680.603
PF03/0015/B715,CE,41.015377,14.141718,50.0,14826.728,7839.736
PF04/0015/B715,CE,41.018815,14.133737,50.0,15215.042,7172.374
PF05/0015/B715,CE,41.014678,14.13328,50.0,14756.182,7129.411
PF06/0015/B715,CE,41.021518,14.123622,50.0,15523.627,6324.961
PF03/0016/B715,CE,41.012826,14.118019,50.0,14563.483,5844.12
PF04/0016/B715,CE,41.017474,14.12508,50.0,15073.496,6443.048
PF05/0016/B715,CE,40.882608,14.224002,619.0,23.0,14627.669
PF06/0016/B715,CE,41.02092,14.120204,50.0,15460.165,6036.867
PF07/0016/B715,CE,41.016203,14.117212,12.0,14939.0,5780.0
PF02/0017/B715,CE,41.016627,14.104395,50.0,14997.088,4702.802
PF03/0017/B715,CE,41.014526,14.103896,12.0,14764.3,4658.5
PF04/0017/B715,CE,41.014937,14.107033,50.0,14807.226,4922.672
PF07/0017/B715,CE,41.015491,14.110754,50.0,14865.433,5236.196
PF08/0017/B715,CE,41.01525,14.164187,50.0,14794.371,9728.851
PF09/0017/B715,CE,41.007017,14.113443,50.0,13922.413,5452.788
PF10/0017/B715,CE,41.010399,14.166333,50.0,14254.107,9904.139
PF13/0017/B715,CE,41.004463,14.108166,50.0,13643.422,5006.128
PF01/0018/B715,CE,41.009357,14.116429,50.0,14179.65,5706.547
PF04/0018/B715,CE,41.009949,14.123123,50.0,14239.7,6270.11
PF05/0018/B715,CE,41.006034,14.123269,50.0,13805.0,6278.0
PF02/0019/B715,CE,41.006169,14.130314,50.0,13813.996,6870.642
PF03/0019/B715,CE,41.00124,14.129152,50.0,13267.876,6767.467
PF05/0019/B715,CE,41.005057,14.13127,50.0,13689.791,6949.813
PF07/0019/B715,CE,41.010712,14.126002,12.0,14322.0,6513.0
PF01/0020/B715,CE,41.011059,14.145184,50.0,14344.51,8126.452
PF02/0020/B715,CE,41.006764,14.149789,12.0,13864.0,8509.0
PF03/0020/B715,CE,41.006244,14.142894,50.0,13811.923,7928.606
PF04/0020/B715,CE,41.008518,14.135635,50.0,14070.401,7320.694
PF05/0020/B715,CE,41.012335,14.137561,50.0,14492.511,7486.825
PF01/0021/B715,CE,41.002014,14.145223,50.0,13340.388,8119.857
PF02/0021/B715,CE,41.000438,14.149345,50.0,13162.044,8464.82
PF03/0021/B715,CE,40.997739,14.145096,50.0,12865.956,8104.581
PF01/0022/B715,CE,41.000591,14.162818,50.0,13168.033,9598.169
PF02/0022/B715,CE,40.9991,14.154792,50.0,13009.067,8921.534
PF01/0023/B715,CE,41.008187,14.166385,10.0,14008.5,9906.2
PF06/0023/B715,CE,41.004224,14.177871,50.0,13559.369,10867.975
PF07/0023/B715,CE,41.001502,14.171522,50.0,13262.216,10331.103
PF09/0023/B715,CE,40.999659,14.166299,50.0,13061.871,9889.909
PF11/0023/B715,CE,41.002911,14.175731,50.0,13415.328,10686.629
PF13/0023/B715,CE,40.995813,14.168962,50.0,12632.718,10109.808
PF15/0023/B715,CE,41.00233,14.164517,50.0,13359.728,9742.912
PF16/0023/B715,CE,41.000928,14.176578,50.0,13194.497,10755.788
PF17/0023/B715,CE,41.004765,14.163413,50.0,13630.987,9652.631
PF19/0023/B715,CE,40.997806,14.166994,50.0,12855.542,9946.4
PF20/0023/B715,CE,41.004521,14.168189,12.0,13600.0,10054.0
PF02/0024/B715,CE,41.000314,14.180813,50.0,13122.98,11111.341
PF03/0024/B715,CE,40.998514,14.179615,50.0,12924.118,11008.668
PF05/0024/B715,CE,41.007205,14.179516,50.0,13889.001,11009.45
PF07/0024/B715,CE,41.000712,14.176186,50.0,13170.82,10722.533
PF08/0024/B715,CE,41.003989,14.176972,50.0,13533.951,10792.115
PF09/0024/B715,CE,40.998501,14.181897,50.0,12920.871,11200.559
PF10/0024/B715,CE,40.995984,14.177953,50.0,12644.527,10866.268
PF12/0024/B715,CE,40.998084,14.176218,50.0,12879.001,10722.493
PF13/0024/B715,CE,41.006392,14.181855,50.0,13796.875,11205.271
PF01/0025/B715,CE,40.996712,14.205834,50.0,12703.618,13212.036
PF02/0025/B715,CE,40.998163,14.20786,50.0,12863.202,13383.855
PF03/0025/B715,CE,40.99837,14.210636,50.0,12884.047,13617.557
PF04/0025/B715,CE,40.999822,14.210173,50.0,13045.585,13580.059
PF05/0025/B715,CE,41.002184,14.204694,12.0,13312.0,13121.7
PF06/0025/B715,CE,41.004197,14.20529,50.0,13534.975,13173.822
PF07/0025/B715,CE,41.001511,14.211823,50.0,13231.834,13720.581
PF08/0025/B715,CE,41.001666,14.216107,50.0,13245.837,14081.025
PF09/0025/B715,CE,40.999409,14.216744,50.0,12994.815,14132.375
PF10/0025/B715,CE,40.997989,14.213886,50.0,12839.314,13890.549
PF11/0025/B715,CE,41.003788,14.210029,12.0,13486.0,13572.0
PF13/0025/B715,CE,40.9997,14.206309,12.0,13035.0,13255.0
PF02/0026/B715,CE,41.003451,14.113006,50.0,13526.979,5411.994
PF03/0026/B715,CE,40.999234,14.112406,50.0,13059.351,5356.809
PF04/0026/B715,CE,41.001421,14.104593,50.0,13308.832,4702.114
PF05/0026/B715,CE,40.998904,14.099334,12.0,13034.0,4257.0
PF01/0027/B715,CE,40.996873,14.117587,50.0,12792.841,5789.845
PF04/0027/B715,CE,40.995855,14.114225,50.0,12682.649,5505.936
PF05/0027/B715,CE,40.994918,14.122013,12.0,12572.0,6160.0
PF06/0027/B715,CE,40.998605,14.116543,12.0,12986.0,5704.0
PF07/0027/B715,CE,41.002876,14.116501,50.0,13460.125,5705.318
PF08/0027/B715,CE,41.002153,14.120529,50.0,13376.474,6043.21
PF09/0027/B715,CE,41.000996,14.127344,50.0,13242.283,6615.062
PF10/0027/B715,CE,40.995441,14.126731,50.0,12626.079,6557.357
PF11/0027/B715,CE,40.99964,14.13092,50.0,13088.691,6914.318
PF02/0028/B715,CE,40.996675,14.103318,50.0,12783.003,4589.506
PF03/0028/B715,CE,40.996517,14.108527,50.0,12761.038,5027.488
PF04/0028/B715,CE,40.993996,14.105262,12.0,12484.0,4750.0
PF06/0030/B715,CE,40.989404,14.12431,50.0,11958.0,6347.0
PF06/0031/B715,CE,40.994925,14.135625,50.0,12561.34,7304.912
PF07/0031/B715,CE,40.998784,14.138516,50.0,12987.407,7552.258
PF08/0031/B715,CE,40.993666,14.141207,12.0,12417.0,7773.0
PF04/0032/B715,CE,40.987886,14.146092,50.0,11771.246,8177.65
PF05/0032/B715,CE,40.991465,14.147283,50.0,12167.602,8281.724
PF07/0032/B715,CE,40.991625,14.151457,50.0,12182.0,8633.0
PF08/0032/B715,CE,40.993685,14.147436,12.0,12414.0,8297.0
PF01/0033/B715,CE,40.9974,14.155209,50.0,12820.049,8954.813
PF03/0033/B715,CE,40.997409,14.161009,10.0,12816.3,9442.6
PF05/0033/B715,CE,40.991954,14.159716,10.0,12211.8,9328.0
PF07/0033/B715,CE,40.998424,14.162719,70.0,12927.564,9587.503
PF08/0033/B715,CE,40.990239,14.161518,50.0,12019.974,9477.769
PF09/0033/B715,CE,40.994207,14.154634,12.0,12466.0,8903.0
PF01/0034/B715,CE,40.997761,14.165678,70.0,12851.605,9835.685
PF03/0034/B715,CE,40.998103,14.169287,50.0,12886.725,10139.606
PF05/0034/B715,CE,40.994853,14.172825,50.0,12523.118,10433.775
PF10/0034/B715,CE,40.993532,14.176231,50.0,12373.725,10718.839
PF11/0034/B715,CE,40.997357,14.172186,70.0,12801.587,10382.617
PF12/0034/B715,CE,40.988496,14.16805,50.0,11821.142,10025.414
PF13/0034/B715,CE,40.996213,14.167737,70.0,12678.126,10007.255
PF14/0034/B715,CE,40.993925,14.16998,70.0,12422.306,10193.485
PF15/0034/B715,CE,40.992026,14.172211,70.0,12209.757,10379.105
PF03/0035/B715,CE,40.990376,14.194517,50.0,12008.998,12253.701
PF05/0035/B715,CE,40.997606,14.19536,50.0,12810.939,12331.959
PF06/0035/B715,CE,40.993297,14.190615,50.0,12336.308,11928.475
PF01/0036/B715,CE,40.994171,14.203562,50.0,12423.318,13018.356
PF02/0036/B715,CE,40.991489,14.201565,50.0,12127.073,12847.678
PF04/0036/B715,CE,40.990624,14.215492,52.0,12020.417,14018.293
PF05/0036/B715,CE,40.99503,14.214382,50.0,12510.464,13929.292
PF06/0036/B715,CE,40.996832,14.207944,50.0,12715.363,13389.623
PF07/0036/B715,CE,40.9924,14.211595,50.0,12220.556,13692.218
PF10/0036/B715,CE,40.989351,14.199842,50.0,11891.125,12700.584
PF11/0036/B715,CE,40.983312,14.211695,50.0,11211.652,13691.569
PF12/0036/B715,CE,40.993209,14.208011,50.0,12313.125,13391.63
PF03/0037/B715,CE,40.998495,14.023265,50.0,13057.35,-2141.41
PF04/0037/B715,CE,40.988439,14.109522,50.0,11863.451,5102.037
PF05/0037/B715,CE,40.991811,13.867565,50.0,12473.515,-15246.456
PF10/0037/B715,CE,40.99333,14.22123,50.0,12316.602,14503.597
PF12/0037/B715,CE,40.993164,14.025307,50.0,12463.584,-1976.223
PF13/0037/B715,CE,40.991036,14.219442,50.0,12063.187,14350.983
PF14/0037/B715,CE,40.993032,13.883763,50.0,12591.457,-13882.228
PF15/0037/B715,CE,40.997118,14.032556,50.0,12895.724,-1361.639
PF16/0037/B715,CE,40.989768,14.222611,50.0,11920.052,14616.209
PF17/0037/B715,CE,40.988674,14.219906,50.0,11800.694,14387.624
PF01/0038/B715,CE,40.989018,14.159915,50.0,11885.629,9341.638
PF02/0038/B715,CE,40.98107,13.818668,50.0,11335.586,-19375.661
PF06/0038/B715,CE,40.983713,13.815482,50.0,11632.672,-19639.687
PF08/0038/B715,CE,40.984662,14.110299,70.0,11443.459,5163.104
PF04/0039/B715,CE,40.987686,14.273215,10.0,11652.3,18871.0
PF06/0039/B715,CE,40.99674,13.829433,50.0,13063.011,-18446.685
PF07/0039/B715,CE,40.980243,14.182946,50.0,10893.117,11269.815
PF08/0039/B715,CE,40.973609,14.129689,12.0,10200.0,6782.0
PF09/0039/B715,CE,40.986798,13.816722,50.0,11973.678,-19530.754
PF10/0039/B715,CE,40.988338,13.936888,50.0,12014.661,-9419.992
PF11/0039/B715,CE,40.989173,13.821343,50.0,12232.072,-19138.424
PF12/0039/B715,CE,40.986407,13.819695,50.0,11926.887,-19281.274
PF03/0040/B715,CE,40.987579,14.183104,50.0,11707.394,11290.777
PF05/0040/B715,CE,40.982501,14.189353,50.0,11138.791,11811.184
PF06/0040/B715,CE,40.984995,14.189452,50.0,11415.569,11822.121
PF07/0040/B715,CE,40.980994,14.192776,50.0,10968.875,12097.594
PF10/0040/B715,CE,40.981716,14.192894,50.0,11048.903,12108.269
PF11/0040/B715,CE,40.989198,14.186197,50.0,11884.692,11552.585
PF12/0040/B715,CE,40.984768,14.19489,50.0,11386.179,12279.346
PF13/0040/B715,CE,40.980446,14.198614,50.0,10903.53,12588.174
PF15/0040/B715,CE,40.989804,14.182622,12.0,11954.759,11252.482
PF03/0041/B715,CE,40.988866,14.192567,50.0,11842.936,12088.129
PF04/0041/B715,CE,40.992556,14.185625,12.0,12258.0,11508.0
PF05/0041/B715,CE,40.992885,14.186146,50.0,12294.031,11552.099
PF06/0041/B715,CE,40.992308,14.18271,50.0,12232.756,11262.548
PF07/0041/B715,CE,40.990247,14.188972,50.0,11999.041,11787.106
PF02/0042/B715,CE,40.984396,14.199402,70.0,11341.316,12658.514
PF03/0042/B715,CE,40.980789,14.199362,50.0,10940.925,12651.474
PF06/0042/B715,CE,40.981134,14.198588,50.0,10979.903,12586.681
PF08/0042/B715,CE,40.98247,14.196528,50.0,11129.755,12414.777
PF09/0042/B715,CE,40.984134,14.204701,70.0,11308.233,13104.008
PF12/0042/B715,CE,40.979452,14.201578,50.0,10790.823,12836.578
PF16/0042/B715,CE,40.981085,14.201826,50.0,10971.948,12859.097
PF17/0042/B715,CE,40.983781,14.193421,50.0,11277.766,12154.691
PF18/0042/B715,CE,40.982321,14.201833,70.0,11109.095,12860.917
PF03/0043/B715,CE,40.985932,14.20328,70.0,11508.879,12986.318
PF04/0043/B715,CE,40.986408,14.207473,50.0,11558.5,13339.5
PF06/0043/B715,CE,40.984911,14.195686,50.0,11401.416,12346.403
PF07/0043/B715,CE,40.986216,14.20188,50.0,11541.451,12868.816
PF08/0043/B715,CE,40.9855,14.192884,50.0,11468.93,12111.333
PF10/0043/B715,CE,40.987449,14.216127,50.0,11667.525,14068.528
PF12/0043/B715,CE,40.983121,14.206361,50.0,11194.523,13242.675
PF13/0043/B715,CE,40.990531,14.202161,50.0,12020.324,12896.848
PF14/0043/B715,CE,40.986885,14.203933,50.0,11614.155,13042.193
PF01/0044/B715,CE,40.997487,13.875273,50.0,13095.239,-14590.0
PF02/0044/B715,CE,40.999986,13.874139,50.0,13373.839,-14681.843
PF07/0044/B715,CE,40.997425,13.877833,50.0,13085.555,-14374.791
PF09/0044/B715,CE,40.998667,13.876574,50.0,13224.791,-14478.885
PF12/0044/B715,CE,40.996041,13.878437,50.0,12931.335,-14325.959
PF13/0044/B715,CE,40.999811,13.880482,50.0,13347.57,-14148.601
PF16/0044/B715,CE,40.987464,13.87416,50.0,11983.71,-14697.951
PF17/0044/B715,CE,40.992725,13.880356,50.0,12561.065,-14169.273
PF18/0044/B715,CE,40.991493,14.114766,50.0,12197.945,5546.54
PF19/0044/B715,CE,40.997754,14.035126,50.0,12963.937,-1144.742
PF03/0045/B715,CE,40.999187,14.025906,50.0,13131.686,-1918.433
PF04/0045/B715,CE,41.001369,13.878615,50.0,13522.573,-14303.393
PF05/0045/B715,CE,41.001907,13.881297,50.0,13579.401,-14077.094
PF06/0045/B715,CE,40.992475,14.216746,10.0,12225.0,14125.6
PF10/0045/B715,CE,41.000569,14.212143,10.0,13127.0,13746.5
PF13/0045/B715,CE,40.998375,14.028031,50.0,13039.536,-1740.683
PF14/0045/B715,CE,40.999861,13.877197,50.0,13356.756,-14424.835
PF15/0045/B715,CE,40.996956,14.030576,50.0,12879.592,-1528.364
PF02/0046/B715,CE,40.994832,14.027718,50.0,12646.516,-1771.407
PF04/0046/B715,CE,41.00572,13.872385,9.0,14012.306,-14821.105
PF05/0046/B715,CE,40.994707,14.024907,50.0,12635.261,-2007.963
PF06/0046/B715,CE,41.006541,13.874764,50.0,14100.942,-14619.878
PF07/0046/B715,CE,41.005141,13.87729,50.0,13942.731,-14409.415
PF08/0046/B715,CE,40.92318,14.556108,50.0,4331.896,42631.382
PF12/0046/B715,CE,41.017667,14.226665,50.0,15014.174,14984.74
PF13/0046/B715,CE,41.002683,13.878093,50.0,13669.0,-14345.396
PF14/0046/B715,CE,41.003827,13.880201,50.0,13793.743,-14166.517
PF16/0046/B715,CE,41.008367,13.878709,50.0,14299.307,-14285.505
PF17/0046/B715,CE,41.00831,13.870112,50.0,14302.383,-15008.544
PF18/0046/B715,CE,41.009136,13.872551,50.0,14391.353,-14802.234
PF19/0046/B715,CE,40.991907,14.02397,50.0,12325.29,-2090.247
PF50/0046/B715,CE,41.008278,13.870089,12.0,14298.774,-15010.558
PF01/0047/B715,CE,40.923857,14.550957,50.0,4409.194,42198.096
PF02/0047/B715,CE,40.924223,14.548429,50.0,4450.95,41985.402
PF03/0047/B715,CE,41.01582,13.888736,50.0,15115.916,-13431.733
PF04/0047/B715,CE,41.015641,13.884937,50.0,15100.193,-13751.442
PF06/0047/B715,CE,41.015938,13.898345,50.0,15118.803,-12623.636
PF02/0048/B715,CE,41.011531,14.244353,12.0,14320.0,16466.0
PF01/0049/B715,CE,41.010004,13.899557,50.0,14458.759,-12529.981
PF03/0049/B715,CE,41.007538,13.904259,12.0,14180.0,-12138.0
PF04/0049/B715,CE,41.008175,13.896933,12.0,14258.52,-12753.22
PF01/0050/B715,CE,41.009098,13.900286,50.0,14357.4,-12470.0
PF02/0050/B715,CE,41.012095,13.903994,50.0,14686.232,-12153.969
PF03/0050/B715,CE,41.012611,13.911762,50.0,14735.334,-11500.036
PF05/0050/B715,CE,41.009441,13.915252,50.0,14379.748,-11210.942
PF06/0050/B715,CE,41.014172,13.905648,12.0,14915.0,-12012.0
PF07/0050/B715,CE,41.015822,13.907165,50.0,15096.601,-11882.178
PF02/0051/B715,CE,41.013365,13.914878,50.0,14815.769,-11236.97
PF03/0051/B715,CE,41.018027,13.921484,50.0,15326.446,-10675.116
PF06/0051/B715,CE,41.016128,13.916263,50.0,15121.099,-11116.736
PF07/0051/B715,CE,41.011443,13.917414,50.0,14599.717,-11026.356
PF08/0051/B715,CE,41.015809,13.921478,70.0,15080.194,-10678.688
PF01/0001/B779,CE,40.94685,14.098071,50.0,7256.394,4091.086
PF07/0001/B779,CE,40.953669,14.107944,50.0,8004.842,4929.812
PF10/0001/B779,CE,40.949271,14.074243,21.0,7546.1,2088.268
PF14/0002/B779,CE,40.950422,14.109051,50.0,7643.433,5019.304
PF18/0002/B779,CE,40.946065,14.083844,50.0,7181.64,2892.616
PF19/0002/B779,CE,40.949772,14.114239,50.0,7566.82,5455.252
PF20/0002/B779,CE,40.938819,14.077334,20.0,6383.048,2336.15
PF11/0003/B779,CE,40.949678,14.146461,50.0,7529.358,8167.191
PF12/0003/B779,CE,40.933862,14.10017,50.0,5812.716,4252.939
PF14/0003/B779,CE,40.936651,14.126351,50.0,6099.97,6460.173
PF15/0003/B779,CE,40.933768,14.092879,50.0,5808.586,3638.972
PF16/0003/B779,CE,40.936904,14.085447,21.0,6163.326,3016.905
PF27/0004/B779,CE,40.913843,14.128578,50.0,3566.14,6622.419
PF28/0004/B779,CE,40.914234,14.112869,50.0,3622.875,5299.919
PF29/0004/B779,CE,40.916678,14.120073,50.0,3888.02,5909.308
PF30/0004/B779,CE,40.918945,14.105688,50.0,4151.938,4700.504
PF31/0004/B779,CE,40.916269,14.133715,50.0,3831.169,7057.672
PF32/0004/B779,CE,40.922032,14.125551,50.0,4477.78,6376.562
PF33/0004/B779,CE,40.926835,14.065944,20.0,5062.914,1363.132
PF06/0005/B779,CE,40.921904,14.113856,50.0,4473.419,5391.64
PF16/0005/B779,CE,40.918444,14.158038,50.0,4052.607,9108.245
PF17/0005/B779,CE,40.917333,14.117562,50.0,3962.905,5698.562
PF21/0005/B779,CE,40.912566,14.189607,50.0,3375.013,11760.539
PF22/0005/B779,CE,40.915703,14.140502,50.0,3762.742,7628.576
PF23/0005/B779,CE,40.918936,14.152217,50.0,4111.961,8618.603
PF27/0005/B779,CE,40.919703,14.117312,50.0,4226.221,5680.164
PF28/0005/B779,CE,40.916481,14.073056,20.0,3907.055,1949.751
PF04/0006/B779,CE,40.909665,14.084516,50.0,3140.227,2906.922
PF05/0006/B779,CE,40.91527,14.152448,50.0,3704.857,8634.104
PF07/0006/B779,CE,40.918079,14.113024,50.0,4049.548,5317.314
PF10/0006/B779,CE,40.918559,14.108223,50.0,4107.002,4913.519
PF11/0006/B779,CE,40.913664,14.192385,50.0,3494.739,11995.601
PF13/0006/B779,CE,40.902094,14.061012,20.0,2320.721,918.355
PF01/0001/B781,CE,41.024255,14.144169,50.0,15810.326,8055.479
PF05/0002/B781,CE,41.022145,14.131406,50.0,15586.635,6980.129
PF10/0002/B781,CE,41.012853,14.134938,50.0,14552.214,7266.831
PF11/0002/B781,CE,41.01502,14.135743,50.0,14792.09,7336.867
PF12/0002/B781,CE,41.015119,14.132231,50.0,14806.011,7041.713
PF13/0002/B781,CE,40.929717,13.952992,50.0,5490.59,-8143.386
PF15/0002/B781,CE,41.019764,14.133077,12.0,15321.0,7118.0
PF16/0002/B781,CE,41.022364,14.133852,12.0,15609.0,7186.0
PF02/0003/B781,CE,41.012712,14.143457,50.0,14529.44,7983.02
PF03/0003/B781,CE,41.013377,14.139036,12.0,14607.0,7612.0
PF04/0003/B781,CE,41.019388,14.137208,50.0,15275.76,7464.841
PF05/0003/B781,CE,41.02444,14.141533,50.0,15833.0,7834.0
PF02/0004/B781,CE,41.014515,14.147978,50.0,14725.94,8365.16
PF03/0004/B781,CE,41.014779,14.142241,12.0,14760.0,7883.0
PF04/0004/B781,CE,41.019452,14.144338,50.0,15277.015,8064.445
PF05/0004/B781,CE,41.018083,14.141083,50.0,15127.721,7789.246
PF07/0004/B781,CE,41.016144,14.151703,50.0,14903.731,8680.093
PF01/0005/B781,CE,41.010145,14.153825,50.0,14236.002,8852.07
PF02/0005/B781,CE,41.014004,14.154876,50.0,14663.569,8944.623
PF03/0005/B781,CE,41.0118,14.155012,50.0,14418.805,8953.707
PF04/0005/B781,CE,41.018494,14.152456,50.0,15164.0,8746.0
PF05/0005/B781,CE,41.016193,14.152716,50.0,14908.306,8765.324
PF08/0005/B781,CE,41.01195,14.151225,50.0,14438.532,8635.413
PF09/0005/B781,CE,41.018895,14.14943,12.0,15211.0,8492.0
PF10/0005/B781,CE,41.016912,14.149442,50.0,14990.834,8490.861
PF11/0005/B781,CE,41.021359,14.146466,50.0,15486.89,8245.405
PF02/0007/B781,CE,41.016378,14.128119,50.0,14949.202,6697.3
PF05/0007/B781,CE,41.01421,14.129987,50.0,14707.0,6852.0
PF06/0007/B781,CE,41.013017,14.132665,50.0,14572.316,7075.904
PF07/0007/B781,CE,41.010694,14.13014,10.0,14316.5,6861.0
PF09/0007/B781,CE,41.008036,14.133005,12.0,14019.0,7099.0
PF10/0007/B781,CE,41.015354,14.125114,50.0,14838.024,6443.523
PF11/0007/B781,CE,40.930902,13.955781,50.0,5619.25,-7906.966
PF01/0008/B781,CE,41.010274,14.140173,50.0,14261.507,7704.221
PF07/0008/B781,CE,41.010806,14.15021,50.0,14312.295,8548.783
PF09/0008/B781,CE,41.009106,14.148077,50.0,14125.381,8367.621
PF10/0008/B781,CE,41.009359,14.142255,50.0,14158.228,7878.259
PF11/0008/B781,CE,41.007588,14.138012,50.0,13965.193,7519.579
PF12/0008/B781,CE,41.011489,14.14439,50.0,14392.916,8060.142
PF01/0010/B781,CE,41.011754,14.126272,10.0,14437.5,6536.9
PF02/0010/B781,CE,41.009927,14.124396,10.0,14236.2,6377.1
PF03/0010/B781,CE,41.009829,14.127179,10.0,14223.0,6611.0
PF05/0010/B781,CE,41.007823,14.122961,10.0,14003.9,6254.1
PF09/0010/B781,CE,41.004499,14.126394,50.0,13631.957,6539.062
PF12/0010/B781,CE,41.003065,14.126911,10.0,13472.3,6581.0
PF14/0010/B781,CE,41.001418,14.126687,32.0,13289.669,6560.321
PF15/0010/B781,CE,41.008682,14.129188,50.0,14093.979,6778.725
PF16/0010/B781,CE,41.008105,14.122005,12.0,14036.0,6174.0
PF10/0011/B781,CE,41.002814,14.135792,50.0,13436.992,7327.645
PF11/0011/B781,CE,41.002194,14.12843,50.0,13374.354,6707.741
PF12/0011/B781,CE,41.004946,14.13046,50.0,13678.134,6881.575
PF13/0011/B781,CE,41.004693,14.137233,50.0,13644.363,7450.874
PF15/0011/B781,CE,41.006839,14.135554,12.0,13884.0,7312.0
PF16/0011/B781,CE,41.010804,14.135811,12.0,14324.0,7338.0
PF17/0011/B781,CE,41.00555,14.133145,12.0,13743.0,7108.0
PF02/0012/B781,CE,41.008531,14.144415,10.0,14064.5,8059.0
PF03/0012/B781,CE,41.005837,14.141032,50.0,13768.217,7771.579
PF07/0012/B781,CE,41.004355,14.147841,10.0,13598.1,8342.6
PF09/0012/B781,CE,41.001714,14.146435,50.0,13306.056,8221.465
PF10/0012/B781,CE,41.007995,14.147444,50.0,14002.577,8313.204
PF05/0013/B781,CE,41.003759,14.151505,10.0,13529.0,8650.1
PF10/0013/B781,CE,41.00883,14.151271,50.0,14092.048,8635.853
PF12/0013/B781,CE,41.001766,14.149912,12.0,13309.0,8514.0
PF01/0014/B781,CE,41.009924,14.155593,50.0,14210.0,9000.5
PF02/0014/B781,CE,41.009306,14.152468,10.0,14144.0,8737.1
PF03/0014/B781,CE,41.011972,14.152884,50.0,14439.599,8774.894
PF04/0014/B781,CE,41.008405,14.155819,10.0,14041.2,9017.9
PF05/0014/B781,CE,41.009917,14.155632,70.0,14209.19,9003.801
PF06/0014/B781,CE,41.009984,14.152624,50.0,14219.109,8750.943
PF08/0014/B781,CE,41.00774,14.154712,70.0,13968.241,8924.119
PF15/0014/B781,CE,41.000046,14.155595,50.0,13113.421,8990.096
PF18/0014/B781,CE,41.001291,14.156251,50.0,13251.1,9046.553
PF19/0014/B781,CE,41.007995,14.151242,70.0,13999.456,8632.561
PF20/0014/B781,CE,41.003973,14.159687,50.0,13546.069,9338.456
PF02/0015/B781,CE,41.003673,14.118356,50.0,13547.012,5862.22
PF03/0015/B781,CE,41.004737,14.114866,50.0,13668.129,5569.86
PF01/0016/B781,CE,41.000319,14.12448,10.0,13169.51,6373.488
PF02/0016/B781,CE,40.997318,14.123205,50.0,12837.45,6262.896
PF03/0016/B781,CE,40.996934,14.126849,50.0,12791.722,6568.941
PF04/0016/B781,CE,40.995817,14.12412,10.0,12670.0,6338.2
PF05/0016/B781,CE,40.995572,14.125625,10.0,12641.6,6464.5
PF01/0017/B781,CE,41.002142,14.134048,50.0,13363.892,7180.152
PF02/0017/B781,CE,40.999727,14.128385,50.0,13100.499,6701.285
PF04/0017/B781,CE,40.997293,14.127985,10.0,12830.6,6664.9
PF05/0017/B781,CE,40.995366,14.128776,10.0,12616.0,6729.3
PF09/0017/B781,CE,41.000753,14.136981,50.0,13207.206,7425.354
PF10/0017/B781,CE,40.992967,14.13028,50.0,12348.479,6853.108
PF11/0017/B781,CE,41.00044,14.1325,50.0,13176.164,7048.16
PF01/0018/B781,CE,41.003793,14.13812,10.0,13543.8,7524.5
PF05/0018/B781,CE,41.000626,14.143041,10.0,13188.1,7934.9
PF08/0018/B781,CE,40.99886,14.144534,10.0,12990.8,8058.5
PF10/0018/B781,CE,40.997033,14.143443,10.0,12788.9,7964.8
PF11/0018/B781,CE,40.994719,14.14186,50.0,12533.312,7829.121
PF12/0018/B781,CE,40.998882,14.143378,50.0,12994.228,7961.329
PF13/0018/B781,CE,41.002153,14.139998,50.0,13360.166,7680.634
PF15/0018/B781,CE,40.996159,14.140694,50.0,12694.121,7732.571
PF02/0019/B781,CE,40.995007,14.153774,12.0,12555.5,8831.5
PF03/0019/B781,CE,40.993662,14.155704,50.0,12404.691,8992.42
PF04/0019/B781,CE,40.996287,14.15614,50.0,12695.653,9031.868
PF05/0019/B781,CE,40.992601,14.158266,50.0,12284.82,9206.719
PF01/0020/B781,CE,40.995083,14.159457,50.0,12559.332,9309.628
PF03/0020/B781,CE,40.997195,14.159512,50.0,12793.708,9316.503
PF05/0020/B781,CE,41.001128,14.161227,50.0,13228.945,9464.935
PF06/0020/B781,CE,40.996939,14.162411,12.0,12763.0,9560.0
PF07/0020/B781,CE,40.999905,14.164038,10.0,13091.0,9700.0
PF01/0022/B781,CE,40.991685,14.119191,9.0,12215.5,5919.0
PF03/0022/B781,CE,40.995676,14.118476,12.0,12659.2,5863.3
PF04/0022/B781,CE,40.994072,14.114618,50.0,12484.403,5537.027
PF05/0022/B781,CE,40.992964,14.12137,50.0,12355.677,6103.73
PF06/0022/B781,CE,40.999453,14.117514,50.0,13079.304,5786.658
PF01/0023/B781,CE,40.996001,14.144987,50.0,12673.083,8093.51
PF02/0023/B781,CE,40.993927,14.146108,50.0,12441.881,8185.569
PF05/0023/B781,CE,40.991347,14.144649,50.0,12156.695,8060.026
PF14/0023/B781,CE,40.994192,14.1429,50.0,12474.0,7916.0
PF15/0023/B781,CE,40.988002,14.137041,50.0,11791.619,7416.422
PF16/0023/B781,CE,40.992656,14.136436,50.0,12308.852,7370.581
PF17/0023/B781,CE,40.989458,14.140988,12.0,11950.0,7750.0
PF02/0024/B781,CE,40.997071,14.150233,50.0,12787.587,8535.881
PF06/0024/B781,CE,40.992792,14.154593,12.0,12309.0,8898.0
PF08/0024/B781,CE,40.991271,14.148671,50.0,12144.998,8398.235
PF09/0024/B781,CE,40.994962,14.153652,50.0,12550.668,8821.212
PF10/0024/B781,CE,40.992829,14.151044,50.0,12315.929,8599.538
PF11/0024/B781,CE,40.989748,14.152762,50.0,11972.55,8740.722
PF01/0025/B781,CE,40.99069,14.171562,50.0,12061.892,10323.106
PF02/0025/B781,CE,40.989132,14.170731,50.0,11889.626,10251.54
PF05/0025/B781,CE,40.97933,14.171275,50.0,10801.0,10287.0
PF06/0025/B781,CE,40.990015,14.175326,12.0,11984.0,10639.0
PF07/0025/B781,CE,40.992395,14.164704,50.0,12256.684,9748.019
PF08/0025/B781,CE,40.994535,14.169495,50.0,12490.471,10153.311
PF09/0025/B781,CE,40.997803,14.167263,12.0,12855.0,9969.0
PF10/0025/B781,CE,40.990137,14.164684,12.0,12006.0,9744.0
PF11/0025/B781,CE,40.992861,14.167789,50.0,12305.969,10008.041
PF12/0025/B781,CE,40.995477,14.171964,12.0,12593.0,10362.0
PF03/0026/B781,CE,40.99134,14.100823,50.0,12192.971,4373.564
PF04/0026/B781,CE,40.995122,14.099842,50.0,12613.619,4295.379
PF05/0026/B781,CE,40.994891,14.095536,50.0,12591.758,3932.891
PF06/0026/B781,CE,40.997004,14.098207,12.0,12824.0,4160.0
PF07/0026/B781,CE,40.992193,14.107427,12.0,12282.0,4930.0
PF08/0026/B781,CE,40.996415,14.111626,12.0,12747.0,5288.0
PF50/0026/B781,CE,40.996642,14.10034,12.0,12782.0,4339.0
PF01/0027/B781,CE,40.989211,14.105189,50.0,11952.855,4738.407
PF04/0027/B781,CE,40.987983,14.11216,70.0,11810.538,5323.353
PF07/0027/B781,CE,40.988377,14.114248,50.0,11852.466,5499.507
PF08/0027/B781,CE,40.98826,14.117015,10.0,11837.1,5732.1
PF09/0027/B781,CE,40.989671,14.11721,50.0,11993.57,5750.098
PF10/0027/B781,CE,40.986881,14.114129,70.0,11686.485,5487.785
PF11/0027/B781,CE,40.988579,14.119338,50.0,11870.553,5927.891
PF12/0027/B781,CE,40.992189,14.112741,50.0,12277.0,5377.0
PF13/0027/B781,CE,40.99035,14.110018,50.0,12075.152,5145.92
PF01/0028/B781,CE,40.992316,14.125566,50.0,12280.169,6455.912
PF02/0028/B781,CE,40.991345,14.122394,12.0,12175.0,6188.0
PF03/0028/B781,CE,40.990898,14.122924,10.0,12125.0,6232.1
PF05/0028/B781,CE,40.98955,14.129118,50.0,11970.146,6751.628
PF06/0028/B781,CE,40.988057,14.12085,50.0,11811.362,6054.461
PF07/0028/B781,CE,40.987913,14.125946,50.0,11791.027,6482.963
PF10/0028/B781,CE,40.985524,14.123151,50.0,11528.248,6245.169
PF13/0028/B781,CE,40.980586,14.129722,10.0,10974.5,6792.5
PF14/0028/B781,CE,40.989727,14.121455,50.0,11996.213,6107.251
PF15/0028/B781,CE,40.99134,14.122405,50.0,12174.434,6188.921
PF16/0028/B781,CE,40.986595,14.12371,32.0,11646.633,6293.403
PF17/0028/B781,CE,40.981649,14.128691,50.0,11093.306,6706.927
PF19/0028/B781,CE,40.993989,14.12358,50.0,12467.523,6290.689
PF20/0028/B781,CE,40.984038,14.125807,12.0,11361.0,6467.0
PF02/0029/B781,CE,40.98822,14.161451,50.0,11795.8,9469.966
PF03/0029/B781,CE,40.986966,14.156418,50.0,11660.733,9045.303
PF04/0029/B781,CE,40.987464,14.158967,50.0,11713.961,9260.207
PF06/0029/B781,CE,40.993583,14.155501,50.0,12396.049,8975.239
PF08/0029/B781,CE,40.989412,14.156253,50.0,11932.355,9034.032
PF01/0030/B781,CE,40.984711,14.172124,50.0,11397.694,10364.095
PF02/0030/B781,CE,40.986369,14.165244,50.0,11587.265,9787.1
PF04/0030/B781,CE,40.99155,14.160546,50.0,12166.214,9397.372
PF05/0030/B781,CE,40.986898,14.171852,50.0,11640.683,10343.532
PF01/0032/B781,CE,40.993277,14.096189,50.0,12411.99,3986.018
PF03/0032/B781,CE,40.987143,14.097438,12.0,11730.0,4084.0
PF04/0032/B781,CE,40.989631,14.098057,50.0,12005.608,4138.922
PF06/0032/B781,CE,40.894956,13.914667,12.0,1671.0,-11418.0
PF03/0033/B781,CE,40.985937,14.108723,50.0,11586.324,5031.977
PF07/0033/B781,CE,40.982036,14.107257,10.0,11154.5,4904.2
PF08/0033/B781,CE,40.982216,14.111306,10.0,11171.0,5245.0
PF09/0033/B781,CE,40.982023,14.115063,50.0,11146.437,5560.877
PF10/0033/B781,CE,40.978423,14.113668,50.0,10747.914,5439.446
PF11/0033/B781,CE,40.977649,14.110723,50.0,10664.541,5190.842
PF14/0033/B781,CE,40.980309,14.115226,50.0,10955.973,5572.688
PF15/0033/B781,CE,40.980745,14.112229,12.0,11007.0,5321.0
PF16/0033/B781,CE,40.983728,14.112447,70.0,11337.952,5342.755
PF17/0033/B781,CE,40.976124,14.113384,12.0,10493.0,5413.0
PF50/0033/B781,CE,40.983053,14.114594,50.0,11261.192,5522.625
PF01/0034/B781,CE,40.987205,14.117275,50.0,11719.764,5752.794
PF04/0034/B781,CE,40.982173,14.117703,50.0,11160.798,5783.143
PF05/0034/B781,CE,40.983211,14.12237,50.0,11272.102,6176.903
PF08/0034/B781,CE,40.978042,14.118674,50.0,10701.393,5860.166
PF09/0034/B781,CE,40.97676,14.116475,50.0,10560.944,5673.787
PF10/0034/B781,CE,40.977614,14.121515,50.0,10651.483,6098.766
PF11/0034/B781,CE,40.975952,14.121681,10.0,10466.8,6110.9
PF13/0034/B781,CE,40.981905,14.125811,50.0,11124.223,6464.983
PF14/0034/B781,CE,40.986639,14.119515,50.0,11655.055,5940.58
PF15/0034/B781,CE,40.984328,14.115986,50.0,11401.506,5641.118
PF16/0034/B781,CE,40.974228,14.118128,50.0,10278.436,5810.009
PF17/0034/B781,CE,40.981226,14.120864,12.0,11053.0,6048.0
PF02/0035/B781,CE,40.986869,14.134329,10.0,11668.1,7187.0
PF09/0035/B781,CE,40.956155,14.180866,50.0,8220.752,11069.775
PF11/0035/B781,CE,40.989884,14.136519,50.0,12000.963,7374.546
PF12/0035/B781,CE,40.988114,14.134578,50.0,11806.152,7209.318
PF13/0035/B781,CE,40.983942,14.130963,50.0,11346.005,6900.625
PF14/0035/B781,CE,40.986818,14.130902,50.0,11665.298,6898.707
PF15/0035/B781,CE,40.983181,14.136579,50.0,11256.874,7372.223
PF16/0035/B781,CE,40.980497,14.133845,50.0,10961.183,7139.252
PF01/0036/B781,CE,40.987099,14.142854,50.0,11686.591,7904.414
PF03/0036/B781,CE,40.953062,14.181133,50.0,7877.2,11089.0
PF04/0036/B781,CE,40.982952,14.141765,50.0,11227.154,7808.26
PF07/0036/B781,CE,40.9551,14.172768,50.0,8110.039,10387.129
PF10/0036/B781,CE,40.985628,14.138742,50.0,11526.704,7556.855
PF11/0036/B781,CE,40.981593,14.143857,50.0,11074.562,7982.746
PF13/0036/B781,CE,40.979777,14.141399,12.0,10875.0,7774.0
PF50/0036/B781,CE,40.984873,14.143846,50.0,11438.634,7985.449
PF02/0037/B781,CE,40.987775,14.154663,10.0,11752.0,8898.5
PF03/0037/B781,CE,40.985491,14.153449,50.0,11499.359,8793.895
PF04/0037/B781,CE,40.986842,14.148353,50.0,11653.537,8366.72
PF05/0037/B781,CE,40.983423,14.151955,50.0,11271.061,8666.011
PF07/0037/B781,CE,40.982116,14.146379,10.0,11130.5,8195.5
PF09/0037/B781,CE,40.988889,14.153072,50.0,11876.901,8765.843
PF10/0037/B781,CE,40.990692,14.146696,50.0,12082.272,8231.469
PF11/0037/B781,CE,40.988673,14.146216,50.0,11858.584,8188.93
PF12/0037/B781,CE,40.989162,14.148481,12.0,11911.0,8380.0
PF03/0038/B781,CE,40.980339,14.153973,50.0,10927.011,8832.444
PF05/0038/B781,CE,40.979922,14.164305,50.0,10872.376,9701.24
PF06/0038/B781,CE,40.982501,14.159231,50.0,11162.723,9277.167
PF07/0038/B781,CE,40.979713,14.159066,50.0,10853.37,9260.247
PF08/0038/B781,CE,40.982995,14.156263,50.0,11220.0,9028.0
PF09/0038/B781,CE,40.984909,14.162936,50.0,11427.049,9591.339
PF10/0038/B781,CE,40.894156,14.154853,12.0,1359.0,8814.0
PF11/0038/B781,CE,40.894156,14.154853,12.0,1359.0,8814.0
PF12/0038/B781,CE,40.894156,14.154853,12.0,1359.0,8814.0
PF01/0039/B781,CE,40.982343,14.168568,50.0,11137.707,10062.429
PF03/0039/B781,CE,40.980388,14.172032,50.0,10917.932,10351.824
PF04/0039/B781,CE,40.980206,14.169112,50.0,10899.996,10105.948
PF06/0039/B781,CE,40.979819,14.174703,50.0,10852.641,10575.924
PF07/0039/B781,CE,40.976935,14.168963,50.0,10537.0,10090.0
PF01/0040/B781,CE,40.983655,14.179655,32.0,11274.56,10996.542
PF02/0040/B781,CE,40.891006,14.017363,50.0,1130.192,-2771.976
PF04/0040/B781,CE,40.980029,14.18087,12.0,10871.0,11095.0
PF05/0040/B781,CE,40.977845,14.177878,50.0,10631.0,10841.0
PF08/0040/B781,CE,40.983233,14.168631,50.0,11236.437,10068.692
PF09/0040/B781,CE,40.896084,14.012529,50.0,1698.532,-3172.811
PF10/0040/B781,CE,40.977196,14.173928,12.0,10562.0,10508.0
PF01/0043/B781,CE,40.973179,14.108753,12.0,10170.0,5020.0
PF02/0043/B781,CE,40.97917,14.109095,50.0,10834.755,5055.542
PF03/0043/B781,CE,40.977301,14.099537,12.0,10635.507,4249.344
PF01/0044/B781,CE,40.981481,14.123319,50.0,11079.262,6254.838
PF02/0044/B781,CE,40.978192,14.123568,10.0,10713.9,6272.1
PF04/0044/B781,CE,40.975487,14.128998,10.0,10409.0,6726.0
PF08/0044/B781,CE,40.976073,14.13187,50.0,10471.715,6968.275
PF09/0044/B781,CE,40.977067,14.129875,50.0,10583.67,6801.458
PF10/0044/B781,CE,40.975297,14.130351,50.0,10386.858,6839.621
PF11/0044/B781,CE,40.97851,14.124232,50.0,10748.587,6328.373
PF12/0044/B781,CE,40.979309,14.128476,50.0,10833.745,6686.259
PF13/0044/B781,CE,40.971618,14.130952,50.0,9977.889,6886.123
PF14/0044/B781,CE,40.97306,14.128519,50.0,10140.0,6683.0
PF02/0045/B781,CE,40.957222,14.171728,50.0,8346.429,10301.82
PF03/0045/B781,CE,40.971863,14.136107,10.0,10000.8,7320.1
PF06/0045/B781,CE,40.95667,14.177309,50.0,8280.751,10770.949
PF07/0045/B781,CE,40.958714,14.178761,50.0,8506.503,10895.255
PF10/0045/B781,CE,40.975781,14.135009,50.0,10436.618,7232.046
PF11/0045/B781,CE,40.956193,14.174316,50.0,8230.12,10518.607
PF12/0045/B781,CE,40.97368,14.140631,50.0,10198.779,7702.753
PF13/0045/B781,CE,40.973421,14.136221,50.0,10173.609,7331.378
PF14/0045/B781,CE,40.970491,14.134246,12.0,9850.0,7162.0
PF05/0046/B781,CE,40.974329,14.14428,50.0,10267.757,8010.48
PF06/0046/B781,CE,40.952999,14.165544,50.0,7882.572,9776.968
PF01/0047/B781,CE,40.974651,14.157784,9.0,10292.5,9147.0
PF02/0047/B781,CE,40.970661,14.157636,50.0,9849.611,9130.278
PF03/0047/B781,CE,40.973214,14.160297,50.0,10130.967,9356.886
PF04/0047/B781,CE,40.96962,14.160344,50.0,9731.856,9357.0
PF06/0047/B781,CE,40.977665,14.156839,50.0,10627.806,9070.679
PF10/0047/B781,CE,40.97357,14.163264,50.0,10167.995,9606.891
PF11/0047/B781,CE,40.968547,14.15514,12.0,9617.0,8918.0
PF12/0047/B781,CE,40.97534,14.154494,12.0,10371.69,8870.905
PF01/0048/B781,CE,40.973059,14.17158,50.0,10104.687,10306.043
PF02/0048/B781,CE,40.970687,14.179205,50.0,9835.272,10945.187
PF03/0048/B781,CE,40.970114,14.176297,50.0,9773.908,10699.866
PF04/0048/B781,CE,40.974033,14.175792,50.0,10209.395,10661.448
PF05/0048/B781,CE,40.973811,14.168733,50.0,10190.456,10067.322
PF02/0049/B781,CE,40.969297,14.188061,50.0,9674.031,11688.892
PF03/0049/B781,CE,40.972006,14.185389,50.0,9976.795,11466.812
PF02/0050/B781,CE,40.972216,14.105343,12.0,10066.0,4732.0
PF03/0050/B781,CE,40.971267,14.108422,12.0,9958.0,4990.0
PF06/0051/B781,CE,40.971871,14.111967,12.0,10022.0,5289.0
PF01/0052/B781,CE,40.971762,14.116115,50.0,10006.389,5637.851
PF05/0052/B781,CE,40.967133,14.115399,50.0,9493.179,5572.37
PF06/0052/B781,CE,40.969903,14.114929,12.0,9801.0,5536.0
PF03/0053/B781,CE,40.97256,14.118283,50.0,10093.114,5821.163
PF05/0053/B781,CE,40.97039,14.124722,10.0,9846.8,6360.5
PF09/0053/B781,CE,40.971189,14.125288,12.0,9935.0,6409.0
PF10/0053/B781,CE,40.964806,14.11996,50.0,9230.963,5953.608
PF11/0053/B781,CE,40.966861,14.122971,50.0,9456.487,6209.291
PF12/0053/B781,CE,40.968791,14.119187,12.0,9674.0,5893.0
PF13/0053/B781,CE,40.973746,14.123958,12.0,10220.0,6300.0
PF01/0054/B781,CE,40.96468,14.133989,9.0,9205.2,7134.0
PF03/0054/B781,CE,40.96684,14.133657,50.0,9445.225,7108.394
PF04/0054/B781,CE,40.962604,14.132513,50.0,8975.967,7007.511
PF05/0054/B781,CE,40.96227,14.140675,50.0,8932.0,7694.0
PF06/0054/B781,CE,40.966011,14.137863,50.0,9349.707,7461.425
PF02/0055/B781,CE,40.96412,14.143598,12.0,9135.0,7942.0
PF02/0056/B781,CE,40.96883,14.145296,50.0,9656.485,8089.955
PF03/0056/B781,CE,40.968294,14.151619,50.0,9591.831,8621.403
PF04/0056/B781,CE,40.97222,14.146835,50.0,10031.582,8223.136
PF05/0056/B781,CE,40.971473,14.150064,12.0,9946.0,8494.0
PF02/0057/B781,CE,40.965251,14.169103,50.0,9239.792,10089.408
PF03/0057/B781,CE,40.967448,14.168467,50.0,9484.22,10038.174
PF04/0057/B781,CE,40.969527,14.165249,50.0,9717.582,9769.6
PF05/0057/B781,CE,40.962978,14.16393,50.0,8991.697,9651.699
PF06/0057/B781,CE,40.961023,14.170134,50.0,8769.671,10171.702
PF07/0057/B781,CE,40.961883,14.167564,50.0,8867.164,9956.363
PF08/0057/B781,CE,40.968063,14.17145,50.0,9550.077,10289.864
PF10/0057/B781,CE,40.96128,14.166614,50.0,8801.047,9875.728
PF11/0057/B781,CE,40.967083,14.161516,50.0,9449.358,9452.909
PF12/0057/B781,CE,40.965373,14.164493,50.0,9257.071,9701.614
PF13/0057/B781,CE,40.97002,14.16943,12.0,9769.0,10122.0
PF02/0058/B781,CE,40.964705,14.171334,50.0,9177.468,10276.592
PF03/0058/B781,CE,40.964157,14.178278,50.0,9111.082,10860.322
PF04/0058/B781,CE,40.96286,14.181581,50.0,8964.519,11136.908
PF05/0058/B781,CE,40.961343,14.178614,50.0,8798.457,10885.688
PF07/0058/B781,CE,40.960869,14.173849,50.0,8749.551,10484.154
PF08/0058/B781,CE,40.959147,14.16983,50.0,8561.605,10144.166
PF01/0059/B781,CE,40.965908,14.180818,50.0,9303.475,11075.867
PF02/0059/B781,CE,40.964408,14.182853,50.0,9135.392,11245.604
PF03/0059/B781,CE,40.967802,14.178203,50.0,9515.819,10857.788
PF04/0059/B781,CE,40.968338,14.183932,50.0,9570.764,11340.485
PF05/0059/B781,CE,40.965328,14.186137,50.0,9234.884,11522.863
PF02/0065/B781,CE,40.965213,14.128489,50.0,9268.915,6671.796
PF07/0065/B781,CE,40.9617,14.127701,12.0,8879.57,6601.58
PF01/0066/B781,CE,40.96368,14.152312,9.0,9079.0,8674.8
PF02/0066/B781,CE,40.966418,14.14889,9.0,9385.8,8389.8
PF03/0066/B781,CE,40.960249,14.146721,50.0,8702.685,8200.589
PF01/0067/B781,CE,40.962194,14.157998,50.0,8909.381,9151.711
PF02/0067/B781,CE,40.958454,14.155394,50.0,8496.337,8928.517
PF03/0067/B781,CE,40.965228,14.154541,12.0,9249.0,8864.0
PF05/0067/B781,CE,40.956446,14.15299,12.0,8275.424,8724.021
PF07/0067/B781,CE,40.957632,14.15926,12.0,8402.0,9253.0
PF50/0067/B781,CE,40.959805,14.15548,50.0,8646.253,8937.217
PF52/0067/B781,CE,40.959404,14.151658,12.0,8604.831,8615.165
PF04/0068/B781,CE,40.959175,14.159596,50.0,8572.934,9282.932
PF06/0068/B781,CE,40.9549,14.166793,50.0,8092.545,9884.096
PF07/0068/B781,CE,40.95784,14.166314,50.0,8419.345,9846.856
PF08/0068/B781,CE,40.964321,14.16102,50.0,9143.045,9408.248
PF09/0068/B781,CE,40.962412,14.16395,50.0,8928.845,9652.753
PF10/0068/B781,CE,40.960251,14.165089,50.0,8687.97,9746.342
PF11/0068/B781,CE,40.958967,14.166801,50.0,8544.105,9889.007
PF12/0068/B781,CE,40.955376,14.162563,50.0,8148.809,9528.563
PF13/0068/B781,CE,40.957953,14.163823,50.0,8433.912,9637.385
PF14/0068/B781,CE,40.96147,14.161228,50.0,8826.427,9422.735
PF01/0069/B781,CE,40.958374,14.172384,50.0,8473.756,10358.262
PF02/0069/B781,CE,40.956649,14.171632,50.0,8282.937,10293.129
PF03/0069/B781,CE,40.957158,14.169609,50.0,8341.003,10123.41
PF05/0069/B781,CE,40.959132,14.168181,50.0,8561.264,10005.364
PF06/0069/B781,CE,40.952285,14.172401,50.0,7797.852,10353.26
PF07/0069/B781,CE,40.95455,14.173713,50.0,8048.213,10466.12
PF08/0069/B781,CE,40.952882,14.177846,50.0,7859.73,10812.195
PF09/0069/B781,CE,40.954642,14.170879,50.0,8060.659,10227.67
PF02/0070/B781,CE,40.952449,14.182495,9.0,7808.0,11203.0
PF04/0070/B781,CE,40.959608,14.179295,50.0,8605.324,10941.176
PF05/0070/B781,CE,40.958278,14.182511,50.0,8455.117,11210.451
PF06/0070/B781,CE,40.957118,14.178422,50.0,8329.606,10865.075
PF07/0070/B781,CE,40.959523,14.185839,50.0,8590.673,11491.831
PF09/0070/B781,CE,40.948585,14.175266,50.0,7384.807,10590.521
PF10/0070/B781,CE,40.956764,14.185067,12.0,8285.0,11424.0
PF01/0071/B781,CE,40.961559,14.188937,50.0,8814.323,11754.63
PF02/0071/B781,CE,40.962413,14.185987,50.0,8911.441,11507.215
PF01/0076/B781,CE,40.958927,14.139561,50.0,8561.905,7596.586
PF02/0076/B781,CE,40.957442,14.13662,50.0,8399.492,7347.41
PF04/0076/B781,CE,40.957122,14.129354,50.0,8369.991,6735.631
PF07/0076/B781,CE,40.954851,14.13658,50.0,8111.807,7341.246
PF08/0076/B781,CE,40.955009,14.134044,12.0,8131.5,7128.0
PF10/0076/B781,CE,40.958811,14.131469,50.0,8555.735,6915.455
PF03/0077/B781,CE,40.945775,14.136226,50.0,7104.547,7301.474
PF04/0077/B781,CE,40.951814,14.139006,50.0,7772.691,7542.078
PF07/0077/B781,CE,40.955852,14.12752,50.0,8230.508,6579.822
PF08/0077/B781,CE,40.953751,14.12433,12.0,8000.0,6309.0
PF17/0077/B781,CE,40.94241,14.138652,12.0,6729.0,7502.0
PF18/0077/B781,CE,40.953062,14.128533,12.0,7920.0,6662.0
PF19/0077/B781,CE,40.95059,14.129538,12.0,7644.701,6743.859
PF01/0078/B781,CE,40.95611,14.145138,50.0,8244.527,8062.87
PF02/0078/B781,CE,40.953119,14.144389,50.0,7913.111,7996.534
PF04/0078/B781,CE,40.952823,14.149507,12.0,7876.0,8427.0
PF05/0078/B781,CE,40.949501,14.1408,50.0,7514.41,7690.554
PF06/0078/B781,CE,40.954532,14.140704,12.0,8073.0,7688.0
PF01/0079/B781,CE,40.952755,14.156112,50.0,7863.072,8982.802
PF02/0079/B781,CE,40.947799,14.154487,50.0,7314.261,8840.751
PF05/0079/B781,CE,40.941296,14.147886,60.0,6597.765,8278.121
PF06/0079/B781,CE,40.947984,14.157522,50.0,7332.3,9096.364
PF07/0079/B781,CE,40.944474,14.152156,12.0,6947.0,8641.0
PF02/0080/B781,CE,40.944645,14.158997,50.0,6960.5,9217.0
PF03/0080/B781,CE,40.941618,14.157632,50.0,6625.503,9098.87
PF04/0080/B781,CE,40.940727,14.163921,50.0,6521.571,9627.299
PF06/0080/B781,CE,40.946854,14.162342,50.0,7202.945,9500.936
PF07/0080/B781,CE,40.95372,14.159229,50.0,7967.677,9246.191
PF08/0080/B781,CE,40.942169,14.161331,12.0,6683.717,9410.796
PF09/0080/B781,CE,40.938726,14.160518,50.0,6302.186,9338.715
PF01/0081/B781,CE,40.956597,14.169059,50.0,8279.21,10076.53
PF02/0081/B781,CE,40.952734,14.170033,50.0,7849.575,10154.47
PF03/0081/B781,CE,40.95053,14.167311,50.0,7607.042,9923.047
PF04/0081/B781,CE,40.950101,14.170073,50.0,7557.183,10155.06
PF06/0081/B781,CE,40.943513,14.168406,50.0,6827.25,10007.766
PF07/0081/B781,CE,40.944203,14.173296,50.0,6899.932,10420.162
PF09/0081/B781,CE,40.937691,14.16449,12.0,6184.0,9672.0
PF10/0081/B781,CE,40.947915,14.166376,50.0,7317.491,9841.602
PF11/0081/B781,CE,40.947831,14.168778,50.0,7306.28,10043.646
PF50/0081/B781,CE,40.944165,14.170349,12.0,6898.0,10172.0
PF01/0086/B781,CE,40.948952,14.1468,12.0,7448.5,8195.0
PF02/0086/B781,CE,40.951548,14.15101,50.0,7733.323,8552.151
PF03/0086/B781,CE,40.946504,14.151465,12.0,7173.0,8585.0
PF04/0086/B781,CE,40.948677,14.151234,50.0,7414.404,8567.904
PF05/0086/B781,CE,40.946044,14.14266,50.0,7129.177,7843.352
PF06/0086/B781,CE,40.942117,14.142877,50.0,6692.994,7857.355
PF01/0094/B781,CE,40.937944,14.136489,12.0,6235.0,7315.0
PF03/0094/B781,CE,40.93435,14.14023,50.0,5832.999,7626.004
PF04/0094/B781,CE,40.933677,14.14326,50.0,5755.717,7880.366
PF05/0094/B781,CE,40.940906,14.134512,50.0,6565.532,7151.849
PF06/0094/B781,CE,40.938119,14.134633,50.0,6256.0,7159.0
PF07/0094/B781,CE,40.943754,14.13178,12.0,6884.0,6925.0
PF01/0095/B781,CE,40.941795,14.17216,12.0,6633.5,10322.0
PF02/0095/B781,CE,40.939524,14.167056,50.0,6385.462,9889.894
PF04/0095/B781,CE,40.937339,14.139612,50.0,6165.277,7577.309
PF05/0095/B781,CE,40.938002,14.175356,50.0,6209.842,10587.077
PF09/0095/B781,CE,40.935596,14.119702,50.0,5988.517,5899.227
PF01/0101/B781,CE,40.939364,14.144453,50.0,6386.036,7986.988
PF02/0101/B781,CE,40.937231,14.147285,50.0,6146.98,8223.107
PF04/0101/B781,CE,40.931843,14.148192,50.0,5548.131,8293.618
PF05/0101/B781,CE,40.936887,14.143587,50.0,6111.871,7911.394
PF02/0102/B781,CE,40.930277,14.154559,50.0,5369.0,8828.0
PF03/0102/B781,CE,40.930023,14.157562,50.0,5338.366,9080.591
PF04/0102/B781,CE,40.937314,14.160418,50.0,6145.521,9328.796
PF05/0102/B781,CE,40.93559,14.159255,50.0,5955.0,9229.0
PF06/0102/B781,CE,40.938557,14.154779,50.0,6288.002,8855.412
PF07/0102/B781,CE,40.932472,14.159379,50.0,5608.847,9236.135
PF06/0103/B781,CE,40.936458,14.163508,12.0,6048.0,9588.0
PF02/0104/B781,CE,40.93019,14.123973,50.0,5384.73,6252.766
PF03/0104/B781,CE,40.918593,14.116788,50.0,4103.373,5634.849
PF04/0104/B781,CE,40.9209,14.168453,50.0,4316.831,9987.88
PF05/0104/B781,CE,40.923156,14.165077,12.0,4570.0,9706.0
PF06/0104/B781,CE,40.926065,14.123078,50.0,4927.618,6172.819
PF07/0104/B781,CE,40.925415,14.166118,12.0,4820.0,9796.0
PF11/0104/B781,CE,40.917558,14.166851,12.0,3947.104,9849.454
PF01/0119/B781,CE,40.909269,14.161465,50.0,3031.278,9387.104
PF04/0119/B781,CE,40.914047,14.16445,12.0,3559.271,9643.563
PF02/0120/B781,CE,40.915298,14.171691,12.0,3692.418,10254.632
PF01/0129/B781,CE,40.897276,14.149705,50.0,1709.558,8383.733
PF02/0130/B781,CE,40.89695,14.155672,50.0,1668.413,8886.007
PF01/0132/B781,CE,40.910282,14.172502,50.0,3134.914,10317.693
PF02/0132/B781,CE,40.903736,14.175283,50.0,2406.03,10545.055
PF01/0134/B781,CE,40.898993,14.142555,50.0,1905.942,7783.247
PF03/0134/B781,CE,40.893746,14.148021,50.0,1319.0,8238.0
PF01/0135/B781,CE,40.903465,14.178924,50.0,2373.002,10851.435
PF01/0137/B781,CE,40.92523,14.164117,50.0,4801.027,9627.336
PF02/0137/B781,CE,40.923167,14.163622,50.0,4572.366,9583.495
PF03/0137/B781,CE,40.925094,14.155397,12.0,4793.0,8893.0
PF04/0001/B860,CE,40.982918,14.072984,50.0,11282.464,2021.927
PF07/0001/B860,CE,40.978592,14.066403,50.0,10808.154,1463.152
PF11/0001/B860,CE,40.980429,14.063178,50.0,11015.0,1194.0
PF15/0001/B860,CE,40.980346,14.072938,12.0,10997.0,2015.0
PF17/0001/B860,CE,40.978235,14.06384,21.0,10770.794,1247.079
PF03/0002/B860,CE,40.980919,14.076365,50.0,11057.507,2304.026
PF07/0002/B860,CE,40.974677,14.087952,50.0,10354.372,3271.578
PF09/0002/B860,CE,40.983823,14.087734,50.0,11369.879,3263.888
PF10/0002/B860,CE,40.977318,14.076367,20.0,10657.836,2300.001
PF11/0003/B860,CE,40.97761,14.071211,50.0,10694.777,1866.505
PF12/0003/B860,CE,40.974864,14.066849,50.0,10393.867,1496.272
PF14/0003/B860,CE,40.974523,14.071467,50.0,10351.865,1884.384
PF15/0003/B860,CE,40.972853,14.066906,21.0,10170.638,1498.687
PF16/0003/B860,CE,40.974101,14.063532,20.0,10312.194,1216.239
PF04/0004/B860,CE,40.972264,14.074337,50.0,10098.55,2123.25
PF08/0004/B860,CE,40.969474,14.07599,20.0,9787.353,2259.012
PF12/0004/B860,CE,40.966573,14.079607,50.0,9462.086,2559.995
PF14/0004/B860,CE,40.971916,14.080855,50.0,10054.097,2671.204
PF16/0004/B860,CE,40.969617,14.0798,50.0,9799.782,2579.801
PF18/0004/B860,CE,40.965506,14.095168,50.0,9329.953,3868.204
PF29/0004/B860,CE,40.966826,14.076951,50.0,9492.506,2336.762
PF06/0006/B860,CE,40.961243,14.069303,50.0,8879.565,1686.661
PF08/0006/B860,CE,40.957511,14.078197,50.0,8457.366,2430.715
PF10/0006/B860,CE,40.954702,14.086507,50.0,8138.103,3126.783
PF14/0006/B860,CE,40.963638,14.076079,50.0,9139.432,2259.687
PF18/0006/B860,CE,40.962496,14.072657,50.0,9015.711,1970.391
PF20/0006/B860,CE,40.951615,14.084188,50.0,7797.552,2928.102
PF21/0006/B860,CE,40.95343,14.081774,50.0,8001.132,2726.976
PF23/0006/B860,CE,40.960667,14.075298,21.0,8810.297,2190.473
PF05/0007/B860,CE,40.964703,14.06949,50.0,9263.468,1706.5
PF06/0007/B860,CE,40.967295,14.06986,50.0,9550.869,1740.689
PF08/0007/B860,CE,40.966593,14.073471,21.0,9469.809,2043.717
PF02/0002/B872,CE,40.945988,14.06654,12.0,7188.5,1436.0
PF03/0002/B872,CE,40.944339,14.064739,50.0,7007.091,1282.489
PF04/0002/B872,CE,40.943911,14.068331,50.0,6956.392,1584.284
PF06/0002/B872,CE,40.942701,14.058839,50.0,6830.571,783.906
PF08/0002/B872,CE,40.942142,14.066119,50.0,6762.0,1396.0
PF09/0002/B872,CE,40.939187,14.068322,50.0,6432.0,1578.0
PF10/0002/B872,CE,40.947937,14.059696,50.0,7411.123,862.259
PF03/0003/B872,CE,40.943122,14.077821,32.0,6860.297,2382.238
PF05/0003/B872,CE,40.942809,14.073135,50.0,6829.725,1987.421
PF06/0003/B872,CE,40.944801,14.071442,50.0,7052.333,1847.275
PF10/0003/B872,CE,40.950147,14.076778,50.0,7641.046,2302.661
PF11/0003/B872,CE,40.947217,14.074387,50.0,7318.0,2098.0
PF13/0003/B872,CE,40.945441,14.077513,12.0,7118.0,2359.0
PF14/0003/B872,CE,40.946787,14.069035,12.0,7275.0,1647.0
PF01/0004/B872,CE,40.946301,14.085366,50.0,7206.5,3021.0
PF02/0004/B872,CE,40.944395,14.087385,50.0,6993.168,3188.729
PF06/0004/B872,CE,40.949856,14.083728,50.0,7602.676,2887.262
PF07/0004/B872,CE,40.951717,14.089687,50.0,7804.0,3391.0
PF08/0004/B872,CE,40.94543,14.083632,50.0,7111.432,2874.103
PF09/0004/B872,CE,40.949002,14.089178,12.0,7503.0,3345.0
PF10/0004/B872,CE,40.943857,14.090403,50.0,6930.824,3442.148
PF01/0005/B872,CE,40.951661,14.095276,50.0,7792.857,3861.362
PF02/0005/B872,CE,40.950643,14.113936,50.0,7663.822,5430.729
PF04/0005/B872,CE,40.953731,14.104179,12.0,8015.0,4613.0
PF01/0006/B872,CE,40.945438,14.116242,12.0,7084.0,5619.0
PF03/0006/B872,CE,40.947838,14.113264,12.0,7353.0,5371.0
PF04/0006/B872,CE,40.947231,14.116385,50.0,7282.899,5633.053
PF05/0006/B872,CE,40.941091,14.112486,50.0,6604.582,5297.964
PF07/0006/B872,CE,40.949286,14.109442,50.0,7516.945,5050.96
PF09/0006/B872,CE,40.947288,14.106737,50.0,7297.458,4821.0
PF10/0006/B872,CE,40.945138,14.114123,50.0,7052.554,5440.25
PF11/0006/B872,CE,40.943092,14.1163,50.0,6823.55,5621.248
PF12/0006/B872,CE,40.951623,14.106453,12.0,7779.0,4802.0
PF01/0007/B872,CE,40.944286,14.116504,50.0,6955.854,5639.717
PF02/0007/B872,CE,40.946466,14.116463,50.0,7197.952,5638.748
PF03/0007/B872,CE,40.946906,14.119692,12.0,7244.0,5911.0
PF04/0007/B872,CE,40.923629,14.122805,50.0,4657.394,6147.144
PF05/0007/B872,CE,40.922931,14.119682,50.0,4582.542,5883.372
PF08/0007/B872,CE,40.926366,14.128308,70.0,4956.59,6613.491
PF01/0008/B872,CE,40.93746,14.0891,50.0,6221.774,3325.093
PF02/0008/B872,CE,40.943428,14.083872,50.0,6888.925,2891.97
PF03/0008/B872,CE,40.936847,14.084802,50.0,6157.529,2962.557
PF04/0008/B872,CE,40.937255,14.08215,50.0,6205.15,2739.811
PF17/0008/B872,CE,40.937898,14.079604,50.0,6278.768,2526.236
PF18/0008/B872,CE,40.936821,14.084624,50.0,6154.842,2947.589
PF19/0008/B872,CE,40.940165,14.083072,50.0,6527.406,2820.783
PF02/0009/B872,CE,40.935924,14.095137,50.0,6046.028,3831.601
PF03/0009/B872,CE,40.934128,14.095589,50.0,5846.233,3867.568
PF04/0009/B872,CE,40.938249,14.095599,50.0,6303.703,3873.109
PF05/0009/B872,CE,40.935408,14.089559,50.0,5993.568,3361.41
PF06/0009/B872,CE,40.931203,14.096565,50.0,5520.702,3946.358
PF07/0009/B872,CE,40.937879,14.091675,50.0,6266.011,3542.342
PF08/0009/B872,CE,40.940983,14.0912,12.0,6611.0,3506.0
PF09/0009/B872,CE,40.940187,14.087635,50.0,6525.789,3204.924
PF01/0010/B872,CE,40.935643,14.10208,50.0,6008.737,4415.785
PF02/0010/B872,CE,40.937948,14.101998,50.0,6264.787,4411.44
PF04/0010/B872,CE,40.935207,14.099173,50.0,5962.883,4170.484
PF06/0010/B872,CE,40.942834,14.096378,12.0,6812.0,3944.0
PF01/0011/B872,CE,40.932979,14.119435,50.0,5698.162,5873.828
PF02/0011/B872,CE,40.935885,14.109962,50.0,6028.847,5079.578
PF04/0011/B872,CE,40.935311,14.125875,50.0,5951.652,6418.566
PF05/0011/B872,CE,40.943661,14.101158,50.0,6899.729,4347.29
PF06/0011/B872,CE,40.936476,14.121338,50.0,6084.834,6037.944
PF08/0011/B872,CE,40.947665,14.101409,12.0,7344.0,4373.0
PF09/0011/B872,CE,40.93002,14.122403,50.0,5367.133,6120.4
PF10/0011/B872,CE,40.943573,14.105646,12.0,6886.0,4725.0
PF01/0012/B872,CE,40.934891,14.112407,60.0,5916.402,5284.303
PF05/0012/B872,CE,40.930236,14.120697,70.0,5392.575,5976.972
PF10/0012/B872,CE,40.943775,14.122619,50.0,6893.989,6153.9
PF11/0012/B872,CE,40.93313,14.113463,50.0,5720.07,5371.169
PF12/0012/B872,CE,40.93431,14.109536,50.0,5854.336,5041.887
PF13/0012/B872,CE,40.931643,14.112524,50.0,5555.788,5290.461
PF15/0012/B872,CE,40.930768,14.116927,50.0,5454.812,5660.208
PF16/0012/B872,CE,40.932125,14.115305,50.0,5606.929,5525.188
PF17/0012/B872,CE,40.931601,14.108553,50.0,5554.525,4956.129
PF18/0012/B872,CE,40.941646,14.119061,50.0,6660.632,5851.991
PF01/0013/B872,CE,40.931827,14.114378,50.0,5574.603,5446.798
PF02/0013/B872,CE,40.932695,14.117224,50.0,5668.573,5687.396
PF04/0013/B872,CE,40.929291,14.12043,50.0,5287.927,5953.454
PF06/0013/B872,CE,40.928321,14.121565,50.0,5179.256,6047.952
PF07/0013/B872,CE,40.928198,14.120135,70.0,5166.809,5927.367
PF05/0014/B872,CE,40.92969,14.068443,50.0,5377.569,1576.885
PF06/0014/B872,CE,40.93047,14.071603,50.0,5461.304,1843.889
PF07/0014/B872,CE,40.928179,14.070652,50.0,5207.835,1761.13
PF13/0014/B872,CE,40.935152,14.06998,50.0,5982.499,1712.813
PF14/0014/B872,CE,40.938158,14.063609,12.0,6322.0,1180.0
PF15/0014/B872,CE,40.928456,14.073591,50.0,5235.985,2008.907
PF16/0014/B872,CE,40.937841,14.067578,50.0,6283.25,1513.721
PF17/0014/B872,CE,40.933604,14.066287,50.0,5813.989,1400.059
PF18/0014/B872,CE,40.932768,14.071359,50.0,5716.608,1826.079
PF19/0014/B872,CE,40.931919,14.074483,50.0,5619.629,2088.08
PF21/0014/B872,CE,40.935885,14.074529,50.0,6059.893,2096.59
PF01/0015/B872,CE,40.93387,14.076692,10.0,5834.174,2276.312
PF08/0015/B872,CE,40.928757,14.093897,50.0,5251.439,3718.922
PF14/0015/B872,CE,40.929926,14.090121,50.0,5384.503,3402.363
PF21/0015/B872,CE,40.928492,14.087837,50.0,5227.345,3208.367
PF22/0015/B872,CE,40.925341,14.085784,50.0,4879.361,3031.873
PF23/0015/B872,CE,40.930837,14.08607,50.0,5489.279,3062.321
PF25/0015/B872,CE,40.934774,14.083145,50.0,5928.811,2820.62
PF26/0015/B872,CE,40.935876,14.081778,50.0,6052.394,2706.828
PF27/0015/B872,CE,40.925287,14.078501,50.0,4879.748,2418.575
PF28/0015/B872,CE,41.017286,14.107321,10.0,4541067.66,2444949.558
PF01/0016/B872,CE,40.935656,14.091367,50.0,6019.505,3513.877
PF06/0016/B872,CE,40.927973,14.09558,50.0,5162.987,3859.693
PF09/0016/B872,CE,40.930924,14.093494,52.0,5492.336,3687.509
PF15/0016/B872,CE,40.925599,14.097898,50.0,4897.398,4052.169
PF17/0016/B872,CE,40.92616,14.093622,50.0,4963.452,3692.763
PF05/0017/B872,CE,40.928347,14.099905,50.0,5200.759,4224.324
PF08/0017/B872,CE,40.926457,14.099235,50.0,4991.48,4165.707
PF09/0017/B872,CE,40.927978,14.108038,50.0,5152.687,4908.668
PF13/0017/B872,CE,40.933517,14.102231,9.0,5772.588,4426.012
PF17/0017/B872,CE,40.934245,14.100098,50.0,5855.262,4247.304
PF21/0017/B872,CE,40.925285,14.10095,50.0,4859.949,4308.815
PF22/0017/B872,CE,40.924936,14.10865,50.0,4814.491,4956.732
PF23/0017/B872,CE,40.924947,14.105166,50.0,4818.75,4663.364
PF24/0017/B872,CE,40.930748,14.103999,50.0,5463.764,4571.749
PF25/0017/B872,CE,40.931271,14.101524,50.0,5523.905,4363.944
PF26/0017/B872,CE,40.933388,14.105837,50.0,5755.212,4729.474
PF03/0018/B872,CE,40.92724,14.1181,50.0,5062.185,5754.985
PF04/0018/B872,CE,40.929082,14.123633,50.0,5262.017,6222.871
PF08/0018/B872,CE,40.925565,14.118136,50.0,4876.237,5756.144
PF10/0018/B872,CE,40.926611,14.109808,50.0,4999.476,5056.123
PF14/0018/B872,CE,40.930373,14.116133,50.0,5411.672,5592.86
PF15/0018/B872,CE,40.92499,14.114996,50.0,4815.089,5491.105
PF04/0019/B872,CE,40.922212,14.07702,50.0,4539.714,2290.269
PF06/0019/B872,CE,40.919819,14.083969,50.0,4267.9,2872.628
PF07/0019/B872,CE,40.919799,14.079597,50.0,4269.639,2504.462
PF08/0019/B872,CE,40.916204,14.083591,50.0,3867.007,2836.592
PF10/0019/B872,CE,40.921574,14.082101,50.0,4464.408,2717.407
PF11/0019/B872,CE,40.923625,14.086045,50.0,4688.606,3051.85
PF17/0019/B872,CE,40.920486,14.074383,50.0,4350.494,2066.237
PF21/0019/B872,CE,40.913843,14.084443,50.0,3604.076,2905.612
PF24/0019/B872,CE,40.925235,14.07336,50.0,4878.644,1985.681
PF25/0019/B872,CE,40.925793,14.080907,50.0,4933.888,2621.798
PF26/0019/B872,CE,40.925261,14.076792,50.0,4878.462,2274.69
PF27/0019/B872,CE,40.919728,14.083365,50.0,4258.384,2821.638
PF28/0019/B872,CE,40.914189,14.08222,50.0,3644.535,2718.843
PF01/0020/B872,CE,40.924574,14.086649,10.0,4793.5,3103.8
PF04/0020/B872,CE,40.918687,14.091162,50.0,4135.95,3476.989
PF05/0020/B872,CE,40.917345,14.093267,50.0,3985.155,3652.732
PF07/0020/B872,CE,40.920222,14.089168,50.0,4308.103,3310.854
PF10/0020/B872,CE,40.922931,14.089933,50.0,4608.186,3378.473
PF11/0020/B872,CE,40.914914,14.09204,32.0,3716.306,3546.591
PF12/0020/B872,CE,40.923023,14.087115,50.0,4620.836,3141.259
PF13/0020/B872,CE,40.925312,14.089411,50.0,4872.905,3337.263
PF15/0020/B872,CE,40.92075,14.087712,50.0,4368.014,3188.938
PF16/0020/B872,CE,40.932454,14.081673,50.0,5672.618,2694.014
PF18/0020/B872,CE,40.915939,14.081464,50.0,3839.464,2657.182
PF19/0020/B872,CE,40.921691,14.095304,50.0,4465.809,3829.26
PF21/0020/B872,CE,40.918122,14.086805,50.0,4077.043,3109.46
PF22/0020/B872,CE,40.921337,14.092116,50.0,4429.272,3560.441
PF23/0020/B872,CE,40.920344,14.091683,50.0,4319.423,3522.778
PF24/0020/B872,CE,40.925521,14.090257,50.0,4895.417,3408.726
PF25/0020/B872,CE,40.924181,14.092655,50.0,4744.528,3609.08
PF26/0020/B872,CE,40.919273,14.09438,50.0,4198.181,3748.693
PF27/0020/B872,CE,40.918517,14.091235,12.0,4117.0,3483.0
PF01/0021/B872,CE,40.924029,14.105164,50.0,4716.774,4662.172
PF02/0021/B872,CE,40.921617,14.107218,50.0,4447.337,4832.421
PF03/0021/B872,CE,40.9224,14.104093,50.0,4536.878,4570.11
PF04/0021/B872,CE,40.926436,14.101284,50.0,4987.353,4338.186
PF05/0021/B872,CE,40.922797,14.107602,50.0,4577.986,4866.074
PF01/0022/B872,CE,40.92164,14.09791,50.0,4457.891,4048.624
PF02/0022/B872,CE,40.919532,14.103837,50.0,4218.77,4545.361
PF03/0022/B872,CE,40.921752,14.103434,50.0,4465.552,4513.88
PF04/0022/B872,CE,40.921936,14.1012,50.0,4487.892,4325.987
PF06/0022/B872,CE,40.919856,14.108154,50.0,4251.041,4909.174
PF03/0023/B872,CE,40.920982,14.125278,50.0,4361.443,6352.381
PF06/0023/B872,CE,40.92238,14.119845,50.0,4521.194,5896.523
PF09/0023/B872,CE,40.924658,14.12022,50.0,4773.8,5930.586
PF15/0023/B872,CE,40.916567,14.120617,50.0,3875.277,5954.978
PF16/0023/B872,CE,40.902764,14.124947,50.0,2339.283,6304.341
PF17/0023/B872,CE,40.921947,14.116936,50.0,4475.676,5651.084
PF02/0001/B916,CE,40.981573,14.170094,10.0,11051.0,10190.0
PF04/0001/B916,CE,40.983384,14.16913,50.0,11252.774,10110.821
PF05/0001/B916,CE,40.98094,14.182386,10.0,10971.0,11223.5
PF07/0001/B916,CE,40.979821,14.178472,10.0,10849.8,10893.0
PF08/0001/B916,CE,40.97929,14.174963,60.0,10793.67,10597.229
PF11/0001/B916,CE,40.976591,14.17476,60.0,10494.254,10577.343
PF12/0001/B916,CE,40.978321,14.18127,50.0,10681.082,11126.878
PF13/0001/B916,CE,40.97634,14.171836,50.0,10468.669,10331.098
PF14/0001/B916,CE,40.939238,14.130742,50.0,6383.477,6832.63
PF16/0001/B916,CE,40.983245,14.184491,50.0,11225.215,11402.934
PF17/0001/B916,CE,40.981561,14.178038,50.0,11043.361,10858.292
PF18/0001/B916,CE,40.981988,14.172766,50.0,11094.986,10415.236
PF03/0002/B916,CE,40.957129,14.16853,50.0,8338.647,10032.619
PF04/0002/B916,CE,40.97952,14.187949,12.0,10809.0,11690.0
PF01/0003/B916,CE,40.975089,14.170946,50.0,10330.518,10254.886
PF02/0003/B916,CE,40.975435,14.176515,60.0,10364.456,10723.748
PF03/0003/B916,CE,40.975574,14.179604,60.0,10377.519,10983.805
PF04/0003/B916,CE,40.975775,14.181826,10.0,10398.0,11171.0
PF05/0003/B916,CE,40.976001,14.184468,10.0,10421.0,11393.5
PF08/0003/B916,CE,40.974335,14.183142,50.0,10237.139,11280.205
PF12/0003/B916,CE,40.972181,14.181865,10.0,9999.0,11170.5
PF14/0003/B916,CE,40.970905,14.16977,10.0,9867.0,10151.5
PF15/0003/B916,CE,40.971105,14.172548,50.0,9887.0,10385.5
PF16/0003/B916,CE,40.970511,14.18149,50.0,9813.978,11137.208
PF18/0003/B916,CE,40.969218,14.168751,10.0,9680.5,10064.0
PF19/0003/B916,CE,40.969403,14.175719,10.0,9695.5,10650.5
PF20/0003/B916,CE,40.968033,14.168695,10.0,9549.0,10058.0
PF21/0003/B916,CE,40.968385,14.171982,10.0,9585.5,10335.0
PF23/0003/B916,CE,40.968788,14.185025,50.0,9619.909,11432.864
PF24/0003/B916,CE,40.968697,14.174849,50.0,9617.851,10576.575
PF25/0003/B916,CE,40.973162,14.177984,12.0,10111.0,10845.0
PF01/0004/B916,CE,40.978589,14.185571,10.0,10707.5,11489.0
PF02/0004/B916,CE,40.948246,14.167945,50.0,7352.964,9973.967
PF03/0004/B916,CE,40.976836,14.187322,50.0,10511.5,11634.5
PF04/0004/B916,CE,40.956611,14.163211,10.0,8285.442,9584.391
PF05/0004/B916,CE,40.97644,14.190625,50.0,10464.949,11911.979
PF06/0004/B916,CE,40.976582,14.194088,10.0,10478.0,12203.5
PF07/0004/B916,CE,40.974715,14.195032,10.0,10270.0,12281.0
PF08/0004/B916,CE,40.973909,14.192951,50.0,10182.22,12105.062
PF10/0004/B916,CE,40.973076,14.188741,50.0,10093.0,11750.0
PF11/0004/B916,CE,40.973158,14.190737,50.0,10100.5,11918.0
PF12/0004/B916,CE,40.972855,14.195026,50.0,10063.517,12278.564
PF13/0004/B916,CE,40.971245,14.189874,50.0,9888.868,11843.429
PF14/0004/B916,CE,40.971263,14.192269,10.0,9889.0,12045.0
PF15/0004/B916,CE,40.970427,14.1861,10.0,9801.0,11525.0
PF16/0004/B916,CE,40.970666,14.18837,50.0,9825.783,11716.317
PF17/0004/B916,CE,40.974104,14.194166,50.0,10202.887,12207.478
PF18/0004/B916,CE,40.970148,14.1903,50.0,9766.741,11878.163
PF20/0004/B916,CE,40.97139,14.195346,50.0,9900.648,12304.011
PF21/0004/B916,CE,40.966242,14.183271,50.0,9338.582,11282.652
PF22/0004/B916,CE,40.964122,14.183346,32.0,9103.155,11286.783
PF24/0004/B916,CE,40.964789,14.187535,12.0,9174.0,11640.0
PF01/0005/B916,CE,40.966562,14.168546,50.0,9385.84,10043.955
PF02/0005/B916,CE,40.966274,14.17372,50.0,9349.742,10479.003
PF04/0005/B916,CE,40.91968,14.169008,50.0,4180.935,10033.341
PF05/0005/B916,CE,40.963492,14.170694,50.0,9043.337,10221.466
PF07/0005/B916,CE,40.96204,14.170672,50.0,8882.12,10218.082
PF08/0005/B916,CE,40.961874,14.177233,10.0,8858.5,10770.0
PF09/0005/B916,CE,40.961447,14.173506,50.0,8813.984,10455.954
PF11/0005/B916,CE,40.959843,14.173485,10.0,8636.0,10452.5
PF12/0005/B916,CE,40.959777,14.176874,50.0,8625.989,10737.577
PF13/0005/B916,CE,40.957448,14.169915,10.0,8373.0,10149.5
PF16/0005/B916,CE,40.955674,14.172602,50.0,8173.846,10373.749
PF17/0005/B916,CE,40.956068,14.177091,10.0,8214.0,10752.0
PF18/0005/B916,CE,40.954858,14.168587,10.0,8086.5,10035.0
PF19/0005/B916,CE,40.921369,14.16684,50.0,4370.214,9852.584
PF21/0005/B916,CE,40.958105,14.173172,50.0,8443.314,10424.306
PF22/0005/B916,CE,40.96406,14.173299,50.0,9104.319,10441.265
PF23/0005/B916,CE,40.956164,14.179181,12.0,8223.0,10928.0
PF24/0005/B916,CE,40.964373,14.176999,50.0,9136.051,10752.935
PF25/0005/B916,CE,40.953963,14.175077,50.0,7982.005,10580.269
PF26/0005/B916,CE,40.956503,14.176037,50.0,8263.135,10663.775
PF27/0005/B916,CE,40.959633,14.166887,12.0,8618.0,9897.0
PF01/0006/B916,CE,40.965831,14.180095,10.0,9295.5,11015.0
PF03/0006/B916,CE,40.963869,14.18496,10.0,9073.8,11422.3
PF05/0006/B916,CE,40.961873,14.180287,10.0,8856.0,11027.0
PF06/0006/B916,CE,40.962082,14.185509,10.0,8875.0,11466.7
PF07/0006/B916,CE,40.961267,14.182416,50.0,8787.0,11205.5
PF08/0006/B916,CE,40.959645,14.181693,10.0,8607.5,11143.0
PF01/0007/B916,CE,40.956235,14.181655,50.0,8229.0,11136.3
PF02/0007/B916,CE,40.955713,14.179354,50.0,8172.802,10942.036
PF03/0007/B916,CE,40.954067,14.183625,50.0,7986.789,11299.804
PF04/0007/B916,CE,40.954079,14.179362,10.0,7991.5,10941.0
PF05/0007/B916,CE,40.952707,14.182743,50.0,7836.517,11224.167
PF06/0007/B916,CE,40.95244,14.171451,50.0,7815.808,10273.541
PF08/0007/B916,CE,40.951033,14.167827,50.0,7662.5,9967.0
PF09/0007/B916,CE,40.951281,14.171145,50.0,7687.366,10246.53
PF10/0007/B916,CE,40.951597,14.173766,10.0,7720.3,10467.5
PF14/0007/B916,CE,40.948905,14.168749,50.0,7425.489,10042.344
PF15/0007/B916,CE,40.950799,14.175391,50.0,7630.528,10603.358
PF18/0007/B916,CE,40.902246,14.160089,50.0,2252.831,9263.698
PF19/0007/B916,CE,40.952384,14.178432,12.0,7804.0,10861.0
PF01/0008/B916,CE,40.949037,14.172779,50.0,7436.931,10381.67
PF02/0008/B916,CE,40.941349,14.176622,50.0,6580.4,10697.125
PF06/0008/B916,CE,40.944246,14.17251,50.0,6905.257,10353.993
PF07/0008/B916,CE,40.944177,14.178482,50.0,6892.939,10856.674
PF08/0008/B916,CE,40.893334,14.121076,50.0,1295.717,5967.745
PF10/0008/B916,CE,40.94797,14.175165,50.0,7316.592,10581.392
PF12/0008/B916,CE,40.945266,14.176337,50.0,7015.51,10677.262
PF13/0008/B916,CE,40.946211,14.17228,50.0,7123.653,10336.705
PF14/0008/B916,CE,40.945567,14.174003,50.0,7050.717,10481.072
PF15/0008/B916,CE,40.947936,14.17259,50.0,7314.929,10364.642
PF19/0008/B916,CE,40.944053,14.177105,50.0,6880.203,10740.614
PF20/0008/B916,CE,40.945907,14.175376,50.0,7087.467,10597.023
PF21/0008/B916,CE,40.941657,14.174135,50.0,6616.651,10488.079
PF23/0008/B916,CE,40.946009,14.179258,50.0,7095.612,10923.872
PF05/0009/B916,CE,40.935329,14.169869,50.0,5917.502,10122.351
PF09/0009/B916,CE,40.904382,14.167034,50.0,2484.348,9850.897
PF12/0009/B916,CE,40.945131,14.18406,50.0,6994.441,11327.122
PF13/0009/B916,CE,40.946239,14.182199,50.0,7118.875,11171.633
PF14/0009/B916,CE,40.930872,14.173616,70.0,5419.757,10433.11
PF15/0009/B916,CE,40.94695,14.17972,50.0,7199.755,10963.759
PF17/0009/B916,CE,40.941996,14.179686,50.0,6649.794,10955.724
PF21/0009/B916,CE,40.928725,14.175388,70.0,5180.041,10580.011
PF22/0009/B916,CE,40.941545,14.181809,50.0,6598.049,11133.98
PF23/0009/B916,CE,40.932567,14.161491,50.0,5617.613,9414.095
PF24/0009/B916,CE,40.940216,14.178876,50.0,6452.882,10885.637
PF28/0009/B916,CE,40.944337,14.180863,50.0,6908.827,11057.213
PF01/0010/B916,CE,40.904736,14.164638,50.0,2525.548,9649.51
PF02/0010/B916,CE,40.903721,14.162995,50.0,2414.216,9510.032
PF03/0010/B916,CE,40.902511,14.164452,50.0,2278.677,9631.449
PF04/0010/B916,CE,40.945085,14.176581,50.0,6995.259,10697.602
PF01/0011/B916,CE,40.945418,14.178843,50.0,7030.388,10888.294
PF02/0011/B916,CE,40.944909,14.17699,50.0,6975.381,10731.855
PF03/0001/B935,CE,40.965401,14.139834,50.0,9280.305,7626.631
PF06/0001/B935,CE,40.972884,14.092333,50.0,10151.5,3638.138
PF08/0001/B935,CE,40.975218,14.090012,20.0,10412.644,3445.576
PF01/0002/B935,CE,40.977952,14.142125,50.0,10671.797,7833.135
PF15/0002/B935,CE,40.971796,14.092221,20.0,10030.786,3627.476
PF03/0003/B935,CE,40.982504,14.145828,50.0,11174.03,8149.614
PF09/0003/B935,CE,40.975395,14.140699,50.0,10389.111,7710.369
PF11/0003/B935,CE,40.97871,14.144048,50.0,10754.354,7995.719
PF16/0003/B935,CE,40.963354,14.091498,50.0,9094.229,3556.899
PF18/0003/B935,CE,40.970415,14.141719,50.0,9835.377,7790.693
PF19/0003/B935,CE,40.979653,14.148412,50.0,10855.43,8363.841
PF24/0003/B935,CE,40.969525,14.092022,12.0,9778.81,3608.08
PF26/0003/B935,CE,40.9649,14.093377,20.0,9264.277,3716.784
PF05/0004/B935,CE,40.957628,14.085514,50.0,8463.825,3046.614
PF09/0004/B935,CE,40.956871,14.091617,20.0,8374.437,3559.419
PF10/0005/B935,CE,40.965095,14.087918,21.0,9290.647,3257.662
PF01/0001/B963A,CE,41.015015,14.057048,50.0,14860.082,719.824
PF05/0001/B963A,CE,41.012496,14.044459,50.0,14591.93,-341.869
PF06/0001/B963A,CE,41.013057,14.041454,50.0,14656.909,-593.846
PF10/0001/B963A,CE,41.013118,14.040261,50.0,14664.894,-694.09
PF11/0001/B963A,CE,41.015053,14.045079,50.0,14875.26,-286.579
PF12/0001/B963A,CE,41.015575,14.077359,20.0,14903.91,2428.332
PF09/0002/B963A,CE,41.004017,14.072748,50.0,13625.0,2027.0
PF16/0002/B963A,CE,41.001385,14.069928,20.0,13335.35,1786.658
PF09/0003/B963A,CE,40.997761,14.071417,50.0,12931.684,1907.673
PF11/0003/B963A,CE,40.998834,14.074152,20.0,13048.306,2138.896
PF02/0004/B963A,CE,40.994286,14.077933,50.0,12540.11,2451.62
PF07/0004/B963A,CE,40.994789,14.080354,50.0,12593.738,2655.832
PF09/0004/B963A,CE,40.992321,14.074768,50.0,12324.735,2183.118
PF12/0004/B963A,CE,40.992677,14.080501,21.0,12359.133,2665.719
PF02/0005/B963A,CE,40.989401,14.081289,50.0,11994.779,2728.143
PF17/0005/B963A,CE,40.99118,14.083831,20.0,12190.059,2944.111
PF22/0005/B963A,CE,40.990108,14.077068,50.0,12077.016,2373.933
PF01/0006/B963A,CE,40.986665,13.939395,50.0,11826.307,-9211.432
PF04/0006/B963A,CE,40.983858,14.094443,50.0,11367.909,3828.263
PF05/0006/B963A,CE,40.980342,14.095744,50.0,10976.465,3933.73
PF08/0006/B963A,CE,40.986257,14.093104,50.0,11635.35,3718.411
PF13/0006/B963A,CE,40.985425,14.099466,50.0,11537.469,4252.624
PF18/0006/B963A,CE,40.982707,14.093428,50.0,11241.043,3741.598
PF19/0006/B963A,CE,40.984718,14.108426,21.0,11451.262,5005.608
PF03/0007/B963A,CE,40.988439,14.114249,50.0,11859.405,5499.63
PF06/0007/B963A,CE,40.988485,14.110068,12.0,11868.0,5148.0
PF07/0007/B963A,CE,40.99465,14.107249,20.0,12554.884,4917.867
PF07/0008/B963A,CE,40.992057,14.128573,50.0,12248.83,6708.552
PF08/0008/B963A,CE,40.987081,14.118195,20.0,11705.283,5830.075
PF01/0009/B963A,CE,40.98752,14.140833,50.0,11735.016,7734.871
PF02/0009/B963A,CE,40.985801,14.137936,50.0,11546.601,7489.295
PF06/0009/B963A,CE,40.985267,14.147452,50.0,11479.45,8289.162
PF07/0009/B963A,CE,40.983559,14.151079,50.0,11286.895,8592.505
PF08/0009/B963A,CE,40.987338,14.151382,50.0,11706.068,8622.054
PF12/0009/B963A,CE,40.983207,14.147166,50.0,11250.987,8262.919
PF16/0009/B963A,CE,40.988964,14.144554,50.0,11892.21,8049.419
PF17/0009/B963A,CE,40.983839,14.144848,20.0,11322.998,8068.588
PF06/0011/B963A,CE,40.999853,14.175043,20.0,13076.382,10625.536
PF04/0012/B963A,CE,40.995225,14.187144,12.0,12553.0,11638.5
PF05/0012/B963A,CE,41.001812,14.184725,50.0,13286.144,11441.889
PF06/0012/B963A,CE,41.000158,14.181333,50.0,13105.222,11154.858
PF11/0012/B963A,CE,40.996864,14.190576,20.0,12732.273,11928.852
PF04/0013/B963A,CE,40.989064,14.154305,50.0,11895.299,8869.754
PF06/0013/B963A,CE,40.991317,14.160799,50.0,12140.216,9418.417
PF09/0013/B963A,CE,40.989612,14.164535,50.0,11947.869,9730.894
PF10/0013/B963A,CE,40.994677,14.166173,50.0,12508.896,9874.029
PF13/0013/B963A,CE,40.99012,14.167844,20.0,12001.612,10009.773
PF10/0014/B963A,CE,40.991473,14.172136,20.0,12148.399,10372.216
PF04/0015/B963A,CE,40.996727,14.195222,50.0,12713.508,12319.449
PF07/0015/B963A,CE,40.994624,14.196597,12.0,12479.0,12433.0
PF11/0015/B963A,CE,40.994852,14.202257,50.0,12499.874,12909.262
PF13/0015/B963A,CE,40.992262,14.207706,21.0,12208.277,13365.015
PF01/0016/B963A,CE,40.980958,14.09046,50.0,11049.465,3489.831
PF06/0016/B963A,CE,40.974966,14.084347,50.0,10389.647,2968.6
PF08/0016/B963A,CE,40.975492,14.078384,50.0,10453.328,2467.534
PF11/0016/B963A,CE,40.978346,14.088964,50.0,10760.744,3361.006
PF13/0016/B963A,CE,40.98064,14.092793,50.0,11012.127,3685.753
PF14/0016/B963A,CE,40.973061,14.082683,50.0,10179.664,2826.358
PF15/0016/B963A,CE,40.978217,14.094717,50.0,10741.465,3844.852
PF17/0016/B963A,CE,40.978167,14.091788,20.0,10738.408,3598.37
PF05/0017/B963A,CE,40.983994,14.097083,50.0,11380.686,4050.495
PF08/0017/B963A,CE,40.978976,14.099922,50.0,10821.155,4283.633
PF09/0017/B963A,CE,40.980473,14.098217,21.0,10988.825,4141.933
PF50/0017/B963A,CE,40.982497,14.10097,50.0,11211.12,4375.811
PF01/0018/B963A,CE,40.992468,14.104951,50.0,12314.661,4722.108
PF07/0018/B963A,CE,40.981416,14.107008,20.0,11085.923,4882.547
PF09/0019/B963A,CE,40.982771,14.105642,50.0,11237.546,4769.171
PF10/0019/B963A,CE,40.984388,14.105834,50.0,11416.891,4787.183
PF11/0019/B963A,CE,40.986055,14.104928,50.0,11602.653,4712.867
PF12/0019/B963A,CE,40.979122,14.112369,50.0,10826.69,5330.968
PF17/0019/B963A,CE,40.987287,14.110932,50.0,11734.258,5219.288
PF18/0019/B963A,CE,40.978667,14.116297,50.0,10772.788,5660.955
PF19/0019/B963A,CE,40.983834,14.111637,50.0,11350.359,5274.718
PF20/0019/B963A,CE,40.981504,14.117232,50.0,11086.908,5742.798
PF21/0019/B963A,CE,40.98166,14.122133,50.0,11100.075,6155.296
PF22/0019/B963A,CE,40.983236,14.108706,50.0,11286.485,5027.465
PF23/0019/B963A,CE,40.984141,14.121772,21.0,11375.843,6127.651
PF01/0020/B963A,CE,40.978116,14.125079,50.0,10704.143,6399.161
PF03/0020/B963A,CE,40.979661,14.128936,50.0,10872.413,6725.393
PF04/0020/B963A,CE,40.978677,14.131708,50.0,10760.855,6957.453
PF05/0020/B963A,CE,40.985715,14.122265,50.0,11550.126,6170.929
PF09/0020/B963A,CE,40.986116,14.132693,50.0,11585.882,7048.529
PF11/0020/B963A,CE,40.985393,14.126204,50.0,11511.061,6501.858
PF12/0020/B963A,CE,40.982741,14.136661,12.0,11207.879,7378.687
PF13/0020/B963A,CE,40.983969,14.133689,20.0,11346.777,7129.953
PF24/0020/B963A,CE,40.97957,14.13604,50.0,10856.402,7322.899
PF25/0020/B963A,CE,40.977135,14.129563,50.0,10591.471,6775.344
PF26/0020/B963A,CE,40.9857,14.129359,60.0,11542.483,6767.631
PF09/0021/B963A,CE,40.977305,14.135701,21.0,10605.266,7291.931
PF04/0022/B963A,CE,40.983536,14.139505,50.0,11293.833,7618.784
PF05/0022/B963A,CE,40.982013,14.145008,50.0,11120.191,8080.082
PF07/0022/B963A,CE,40.979904,14.141062,21.0,10889.337,7745.756
PF01/0023/B963A,CE,40.990544,14.14922,50.0,12063.764,8443.639
PF07/0023/B963A,CE,40.98979,14.150932,50.0,11978.662,8586.852
PF10/0023/B963A,CE,40.986615,14.154225,20.0,11623.58,8860.395
PF10/0024/B963A,CE,40.98543,14.181771,50.0,11469.926,11176.389
PF14/0024/B963A,CE,40.986829,14.172115,20.0,11632.897,10365.558
PF10/0025/B963A,CE,40.98539,14.191767,20.0,11457.603,12017.201
PF03/0026/B963A,CE,40.980041,14.080918,50.0,10956.051,2686.047
PF07/0026/B963A,CE,40.971656,14.099719,20.0,10008.761,4258.21
PF02/0027/B963A,CE,40.973163,14.106394,50.0,10170.208,4821.528
PF08/0027/B963A,CE,40.881747,14.055035,9.0,67.428,390.576
PF12/0027/B963A,CE,40.972469,14.117777,50.0,10083.465,5778.514
PF18/0027/B963A,CE,40.971803,14.121394,50.0,10006.501,6082.074
PF20/0027/B963A,CE,40.969764,14.116118,50.0,9784.564,5635.831
PF21/0027/B963A,CE,40.96963,14.119798,50.0,9766.592,5945.389
PF22/0027/B963A,CE,40.972497,14.114456,70.0,10089.37,5499.118
PF24/0027/B963A,CE,40.989379,14.104648,50.0,11971.949,4693.057
PF25/0027/B963A,CE,40.973713,14.0934,50.0,10242.565,3728.825
PF28/0027/B963A,CE,40.976326,14.121255,50.0,10508.65,6075.404
PF32/0027/B963A,CE,40.971466,14.104257,50.0,9983.689,4639.763
PF33/0027/B963A,CE,40.973913,14.089946,50.0,10267.757,3438.514
PF35/0027/B963A,CE,40.979681,14.121357,50.0,10881.088,6087.748
PF36/0027/B963A,CE,40.971464,14.105245,70.0,9982.662,4722.904
PF37/0027/B963A,CE,40.973074,14.109059,50.0,10158.139,5045.649
PF38/0027/B963A,CE,40.969841,14.123342,50.0,9787.019,6243.836
PF40/0027/B963A,CE,40.971887,14.109359,70.0,10026.017,5069.516
PF41/0027/B963A,CE,40.974294,14.122041,50.0,10282.45,6139.268
PF42/0027/B963A,CE,40.97591,14.117175,50.0,10466.038,5731.682
PF43/0027/B963A,CE,40.980334,14.125378,20.0,10950.131,6426.763
PF02/0028/B963A,CE,40.972128,14.13971,50.0,10027.21,7623.512
PF05/0028/B963A,CE,40.973623,14.137605,50.0,10194.878,7448.058
PF07/0028/B963A,CE,40.97204,14.13625,21.0,10020.324,7332.307
PF06/0029/B963A,CE,40.969824,14.136427,50.0,9774.148,7344.816
PF11/0029/B963A,CE,40.976218,14.141617,50.0,10479.688,7788.479
PF12/0029/B963A,CE,40.97568,14.138947,50.0,10422.135,7563.273
PF14/0029/B963A,CE,40.970701,14.142105,50.0,9866.769,7823.547
PF15/0029/B963A,CE,40.969064,14.139685,50.0,9687.072,7618.134
PF17/0029/B963A,CE,40.968888,14.143372,20.0,9664.528,7928.137
PF09/0030/B963A,CE,40.978449,14.149441,50.0,10720.956,8449.12
PF11/0030/B963A,CE,40.974199,14.15198,50.0,10247.079,8658.158
PF12/0030/B963A,CE,40.97839,14.14474,50.0,10718.242,8053.561
PF14/0030/B963A,CE,40.970748,14.145064,20.0,9869.544,8072.557
PF15/0030/B963A,CE,40.977219,14.150451,20.0,10583.542,8532.795
PF02/0031/B963A,CE,40.989904,14.154409,50.0,11988.521,8879.46
PF06/0031/B963A,CE,40.980525,14.165424,50.0,10938.426,9796.059
PF10/0031/B963A,CE,40.997492,14.155876,50.0,12829.677,9010.958
PF11/0031/B963A,CE,40.983169,14.162799,12.0,11234.0,9578.0
PF12/0031/B963A,CE,40.984767,14.165668,20.0,11409.114,9821.093
PF50/0031/B963A,CE,40.978935,14.15989,50.0,10766.314,9328.738
PF04/0032/B963A,CE,40.975762,14.175995,50.0,10401.164,10680.41
PF16/0032/B963A,CE,40.982795,14.180021,21.0,11178.716,11026.402
PF04/0033/B963A,CE,40.980625,14.183818,21.0,10934.882,11343.576
PF02/0034/B963A,CE,40.969582,14.096681,21.0,9781.081,4000.136
PF01/0035/B963A,CE,40.967774,14.11462,50.0,9565.005,5507.57
PF02/0035/B963A,CE,40.875595,14.046354,50.0,-607.579,-348.275
PF03/0035/B963A,CE,40.966471,14.115843,50.0,9419.236,5609.012
PF04/0035/B963A,CE,40.887043,14.058755,50.0,651.961,710.285
PF06/0035/B963A,CE,40.967763,14.110892,20.0,9566.95,5193.868
PF01/0036/B963A,CE,40.962924,14.128279,50.0,9014.962,6651.515
PF02/0036/B963A,CE,40.962859,14.13341,50.0,9003.432,7083.267
PF06/0036/B963A,CE,40.964569,14.125723,50.0,9199.729,6438.26
PF09/0036/B963A,CE,40.975709,14.131538,50.0,10431.561,6939.951
PF11/0036/B963A,CE,40.972394,14.132464,50.0,10062.807,7014.156
PF13/0036/B963A,CE,40.9735,14.12751,50.0,10189.727,6598.549
PF16/0036/B963A,CE,40.965014,14.132974,50.0,9243.113,7048.908
PF17/0036/B963A,CE,40.961762,14.123985,50.0,8889.634,6288.904
PF19/0036/B963A,CE,40.970626,14.129328,50.0,9869.182,6748.387
PF22/0036/B963A,CE,40.97357,14.134519,50.0,10191.566,7188.36
PF24/0036/B963A,CE,40.967201,14.125571,50.0,9492.038,6428.458
PF25/0036/B963A,CE,40.96985,14.127051,50.0,9784.919,6555.869
PF27/0036/B963A,CE,40.970169,14.134333,50.0,9814.204,7168.951
PF29/0036/B963A,CE,40.968919,14.131263,50.0,9678.026,6909.306
PF30/0036/B963A,CE,40.964878,14.130426,50.0,9230.139,6834.383
PF31/0036/B963A,CE,40.966861,14.131668,20.0,9449.158,6941.111
PF01/0037/B963A,CE,40.977933,14.155298,50.0,10658.805,8941.362
PF07/0037/B963A,CE,40.97084,14.156591,50.0,9870.326,9042.543
PF12/0037/B963A,CE,40.97964,14.152208,50.0,10850.869,8683.223
PF18/0037/B963A,CE,40.971559,14.155613,12.0,9951.0,8961.0
PF19/0037/B963A,CE,40.973766,14.161836,12.0,10191.0,9487.0
PF20/0037/B963A,CE,40.972878,14.153146,20.0,10099.448,8754.827
PF01/0038/B963A,CE,40.97896,14.167973,50.0,10762.603,10008.84
PF03/0038/B963A,CE,40.977028,14.173132,50.0,10544.01,10440.809
PF04/0038/B963A,CE,40.975246,14.169537,50.0,10349.054,10136.507
PF07/0038/B963A,CE,40.975602,14.166532,12.0,10391.0,9884.0
PF08/0038/B963A,CE,40.979106,14.171418,20.0,10776.042,10298.786
PF08/0039/B963A,CE,40.968871,14.151369,12.0,9656.0,8601.0
PF10/0039/B963A,CE,40.963215,14.150437,20.0,9028.935,8516.456
PF03/0040/B963A,CE,40.969822,14.164418,12.0,9751.0,9700.0
PF04/0040/B963A,CE,40.960716,14.161447,20.0,8742.591,9440.304
PF01/0041/B963A,CE,40.961031,14.135977,50.0,8798.361,7297.282
PF03/0041/B963A,CE,40.963416,14.136634,20.0,9062.594,7355.173
PF06/0042/B963A,CE,40.961588,14.147731,50.0,8850.5,8287.002
PF09/0042/B963A,CE,40.966643,14.147902,50.0,9411.51,8306.88
PF11/0042/B963A,CE,40.959774,14.147689,50.0,8649.16,8281.484
PF14/0042/B963A,CE,40.965355,14.144714,50.0,9271.242,8037.219
PF18/0042/B963A,CE,40.959451,14.144148,50.0,8616.275,7983.181
PF20/0042/B963A,CE,40.966499,14.136245,50.0,9405.201,7325.84
PF21/0042/B963A,CE,40.961535,14.138867,12.0,8852.0,7541.0
PF22/0042/B963A,CE,40.966082,14.14223,12.0,9354.0,7829.0
PF23/0042/B963A,CE,40.963416,14.145442,21.0,9055.296,8096.373
PF09/0043/B963A,CE,40.967593,14.121316,20.0,9539.205,6070.79
PF07/0044/B963A,CE,40.960824,14.090318,50.0,8814.423,3454.64
PF08/0044/B963A,CE,40.960654,14.094651,50.0,8791.739,3819.12
PF09/0044/B963A,CE,40.958559,14.096624,50.0,8557.451,3982.749
PF11/0044/B963A,CE,40.958261,14.09369,20.0,8526.966,3735.446
PF05/0045/B963A,CE,40.955414,14.136279,50.0,8174.6,7316.543
PF09/0045/B963A,CE,40.959512,14.139628,50.0,8626.75,7602.838
PF13/0045/B963A,CE,40.961259,14.130111,50.0,8828.645,6803.887
PF22/0045/B963A,CE,40.955479,14.137401,50.0,8180.875,7410.993
PF26/0045/B963A,CE,40.95835,14.131658,20.0,8504.337,6930.824
PF03/0046/B963A,CE,40.954498,14.126431,50.0,8081.184,6486.725
PF05/0046/B963A,CE,40.956291,14.125562,20.0,8280.895,6415.521
PF04/0047/B963A,CE,40.953414,14.132786,21.0,7955.446,7020.383
PF02/0048/B963A,CE,40.954153,14.142351,50.0,8029.562,7826.182
PF03/0048/B963A,CE,40.952233,14.139243,50.0,7818.967,7562.466
PF07/0048/B963A,CE,40.955854,14.141192,20.0,8219.325,7730.457
PF02/0049/B963A,CE,40.957497,14.15421,50.0,8391.093,8827.836
PF10/0049/B963A,CE,40.953731,14.166504,50.0,7963.052,9858.505
PF11/0049/B963A,CE,40.958159,14.157399,50.0,8461.99,9096.96
PF12/0049/B963A,CE,40.958954,14.162764,50.0,8545.856,9549.314
PF14/0049/B963A,CE,40.960355,14.150509,21.0,8711.324,8519.454
PF06/0050/B963A,CE,40.959916,14.105207,50.0,8700.685,4706.562
PF08/0050/B963A,CE,40.951158,14.101372,50.0,7731.792,4373.858
PF11/0050/B963A,CE,40.956368,14.095142,9.0,8315.5,3855.5
PF12/0050/B963A,CE,40.954324,14.098833,50.0,8085.367,4163.749
PF14/0050/B963A,CE,40.951848,14.096057,50.0,7812.939,3927.279
PF15/0050/B963A,CE,40.954393,14.091924,50.0,8099.133,3582.386
PF17/0050/B963A,CE,40.952498,14.092936,50.0,7887.864,3665.402
PF19/0050/B963A,CE,40.956388,14.100386,21.0,8313.174,4296.849
PF04/0051/B963A,CE,40.947495,14.094104,50.0,7331.441,3757.907
PF08/0051/B963A,CE,40.946101,14.103835,50.0,7168.186,4575.395
PF12/0051/B963A,CE,40.938021,14.083996,50.0,6288.567,2896.05
PF16/0051/B963A,CE,40.952062,14.102496,50.0,7831.102,4469.509
PF18/0051/B963A,CE,40.94792,14.099658,50.0,7373.772,4225.901
PF19/0051/B963A,CE,40.949128,14.097004,20.0,7510.177,4003.883
PF03/0052/B963A,CE,40.952789,14.115766,50.0,7900.497,5587.138
PF07/0052/B963A,CE,40.96246,14.131575,50.0,8960.664,6928.367
PF08/0052/B963A,CE,40.954294,14.125047,50.0,8059.648,6369.964
PF09/0052/B963A,CE,40.95047,14.101372,50.0,7655.343,4373.031
PF10/0052/B963A,CE,40.949139,14.098151,50.0,7510.445,4100.397
PF11/0052/B963A,CE,40.947544,14.08842,50.0,7341.806,3279.5
PF12/0052/B963A,CE,40.951234,14.110853,50.0,7732.01,5171.918
PF13/0052/B963A,CE,40.949781,14.112413,50.0,7569.434,5301.579
PF20/0052/B963A,CE,40.950676,14.118356,50.0,7663.737,5802.753
PF22/0052/B963A,CE,40.940303,14.080325,50.0,6545.128,2589.704
PF24/0052/B963A,CE,40.951787,14.116882,20.0,7788.292,5679.961
PF03/0053/B963A,CE,40.956453,14.133854,50.0,8291.982,7113.546
PF07/0053/B963A,CE,40.946603,14.133663,50.0,7198.614,7086.68
PF08/0053/B963A,CE,40.948547,14.135437,50.0,7413.0,7238.13
PF18/0053/B963A,CE,40.952375,14.136839,50.0,7836.801,7360.36
PF20/0053/B963A,CE,40.944859,14.137419,50.0,7001.93,7400.936
PF22/0053/B963A,CE,40.949868,14.137928,50.0,7557.569,7449.199
PF23/0053/B963A,CE,40.954135,14.133781,50.0,8034.639,7104.901
PF25/0053/B963A,CE,40.948441,14.140202,50.0,7397.253,7639.043
PF26/0053/B963A,CE,40.951213,14.142094,50.0,7703.401,7801.316
PF29/0053/B963A,CE,40.950794,14.126269,21.0,7670.063,6468.929
PF02/0054/B963A,CE,40.94816,14.140011,50.0,7366.201,7622.663
PF07/0054/B963A,CE,40.947154,14.136556,50.0,7257.454,7330.756
PF09/0054/B963A,CE,40.951265,14.156929,12.0,7697.0,9050.0
PF10/0054/B963A,CE,40.957577,14.133596,12.0,8416.961,7093.092
PF11/0054/B963A,CE,40.955718,14.144241,20.0,8201.713,7986.954
PF03/0055/B963A,CE,40.954601,14.147603,50.0,8075.024,8268.677
PF05/0055/B963A,CE,40.950535,14.151668,50.0,7620.33,8606.381
PF06/0055/B963A,CE,40.957635,14.148163,20.0,8411.385,8319.074
PF04/0056/B963A,CE,40.882715,14.059796,12.0,170.595,792.845
PF06/0056/B963A,CE,40.952184,14.157479,20.0,7798.599,9097.245
PF04/0057/B963A,CE,40.95062,14.165349,50.0,7618.673,9757.969
PF08/0057/B963A,CE,40.947644,14.16426,50.0,7289.155,9663.212
PF09/0057/B963A,CE,40.944766,14.173084,21.0,6962.595,10402.847
PF02/0058/B963A,CE,40.940518,14.091543,50.0,6559.169,3534.296
PF06/0058/B963A,CE,40.932434,14.088104,50.0,5664.754,3235.452
PF07/0058/B963A,CE,40.946149,14.098372,50.0,7178.331,4115.586
PF09/0058/B963A,CE,40.936484,14.124739,50.0,6082.84,6324.281
PF13/0058/B963A,CE,40.94219,14.103047,50.0,6734.72,4504.627
PF15/0058/B963A,CE,40.938172,14.122834,20.0,6271.752,6165.78
PF05/0059/B963A,CE,40.929089,14.122449,50.0,5263.795,6123.242
PF10/0059/B963A,CE,40.935465,14.111979,50.0,5980.556,5248.867
PF11/0059/B963A,CE,40.936181,14.120998,50.0,6052.331,6008.956
PF12/0059/B963A,CE,40.931642,14.092963,50.0,5572.566,3643.62
PF13/0059/B963A,CE,40.940851,14.117396,50.0,6573.826,5710.985
PF15/0059/B963A,CE,40.935689,14.126635,50.0,5993.0,6483.0
PF16/0059/B963A,CE,40.936913,14.119238,50.0,6135.053,5861.647
PF19/0059/B963A,CE,40.944829,14.124603,21.0,7009.325,6322.07
PF51/0059/B963A,CE,40.932826,14.131519,12.0,5671.0,6891.0
PF10/0060/B963A,CE,40.938514,14.108308,50.0,6322.115,4943.291
PF11/0060/B963A,CE,40.930422,14.101846,50.0,5429.445,4390.09
PF14/0060/B963A,CE,40.936652,14.145664,12.0,6084.0,8086.0
PF15/0060/B963A,CE,40.93967,14.133107,12.0,6429.515,7032.26
PF16/0060/B963A,CE,40.942034,14.132504,12.0,6692.414,6984.057
PF17/0060/B963A,CE,40.942426,14.138284,21.0,6731.086,7471.047
PF03/0001/B963B,CE,40.994466,14.074581,50.0,12562.989,2169.9
PF16/0001/B963B,CE,41.00178,13.926719,21.0,13517.304,-10257.135
PF04/0002/B963B,CE,40.987211,13.93723,50.0,11889.16,-9392.774
PF08/0002/B963B,CE,40.987413,13.933028,21.0,11915.897,-9745.958
PF01/0003/B963B,CE,40.987313,14.097523,50.0,11748.756,4091.329
PF07/0003/B963B,CE,40.987739,14.095158,50.0,11798.067,3892.929
PF08/0003/B963B,CE,40.988285,13.943245,50.0,12002.3,-8885.329
PF09/0003/B963B,CE,40.984948,13.947124,50.0,11627.845,-8563.534
PF12/0003/B963B,CE,40.990946,13.945668,21.0,12295.249,-8677.982
PF03/0001/C097,CE,40.55229,14.564335,10.0,-36843.0,43119.7
PF08/0001/C097,CE,40.549838,14.565004,10.0,-37115.5,43175.0
PF10/0001/C097,CE,40.551557,14.564077,50.0,-36924.255,43097.423
PF11/0001/C097,CE,40.549099,14.566365,50.0,-37198.053,43289.851
PF13/0001/C097,CE,40.552292,14.569886,50.0,-36845.043,43589.663
PF14/0001/C097,CE,40.554923,14.571957,50.0,-36553.852,43766.483
PF15/0001/C097,CE,40.552827,14.567084,50.0,-36784.514,43352.738
PF16/0001/C097,CE,40.547667,14.563081,50.0,-37355.606,43010.976
PF17/0001/C097,CE,40.549654,14.563173,50.0,-37135.118,43019.853
PF18/0001/C097,CE,40.550449,14.56839,12.0,-37049.0,43462.0
PF19/0001/C097,CE,40.549226,14.561355,50.0,-37181.828,42865.706
PF02/0002/C097,CE,40.556676,14.584126,50.0,-36364.204,44797.695
PF03/0002/C097,CE,40.552923,14.590404,50.0,-36783.29,45327.27
PF04/0002/C097,CE,40.551486,14.595143,50.0,-36944.718,45727.792
PF05/0002/C097,CE,40.551996,14.579942,12.0,-36882.0,44441.0
PF06/0002/C097,CE,40.555818,14.595497,12.0,-36464.0,45760.0
PF07/0002/C097,CE,40.549714,14.582466,50.0,-37136.427,44653.472
PF08/0002/C097,CE,40.556017,14.592497,50.0,-36440.668,45506.082
PF50/0002/C097,CE,40.549949,14.593213,50.0,-37114.505,45563.617
PF52/0002/C097,CE,40.556124,14.580732,12.0,-36424.092,44510.056
PF01/0003/C097,CE,40.90502,14.296852,50.0,2459.12,20785.525
PF10/0004/C097,CE,40.892756,14.318786,50.0,1083.074,22622.292
PF13/0004/C097,CE,40.540031,14.612402,12.0,-38222.836,47183.496
PF14/0004/C097,CE,40.538473,14.615356,12.0,-38396.805,47432.971
PF15/0004/C097,CE,40.554589,14.612926,12.0,-36607.0,47235.0
PF16/0004/C097,CE,40.549579,14.615258,50.0,-37164.0,47430.0
PF17/0004/C097,CE,40.916192,14.306892,50.0,3692.615,21640.961
PF03/0005/C097,CE,40.550038,14.571808,50.0,-37096.085,43751.175
PF07/0005/C097,CE,40.546821,14.573946,10.0,-37454.0,43930.5
PF08/0005/C097,CE,40.545009,14.577936,50.0,-37656.803,44267.421
PF10/0005/C097,CE,40.544821,14.582317,50.0,-37679.473,44638.302
PF12/0005/C097,CE,40.547638,14.578888,50.0,-37365.376,44349.446
PF13/0005/C097,CE,40.547143,14.565895,12.0,-37415.0,43249.0
PF01/0006/C097,CE,40.54985,14.588471,10.0,-37123.7,45162.0
PF03/0006/C097,CE,40.876688,13.606353,452.0,10.97,-37422.5
PF04/0006/C097,CE,40.547635,14.592293,10.0,-37371.0,45484.5
PF05/0006/C097,CE,40.876669,13.604781,449.0,10.97,-37555.0
PF06/0006/C097,CE,40.876668,13.604709,456.0,10.97,-37561.0
PF07/0006/C097,CE,40.876646,13.602835,452.0,10.97,-37719.0
PF08/0006/C097,CE,40.547901,14.589987,50.0,-37340.579,45289.418
PF09/0006/C097,CE,40.906285,14.303914,50.0,2594.796,21381.392
PF10/0006/C097,CE,40.542887,14.594619,10.0,-37899.0,45679.0
PF12/0006/C097,CE,40.543918,14.593124,12.0,-37784.0,45553.0
PF13/0006/C097,CE,40.547756,14.585626,12.0,-37355.0,44920.0
PF03/0007/C097,CE,40.541911,14.571231,10.0,-37998.0,43698.0
PF04/0007/C097,CE,40.542359,14.577971,10.0,-37951.0,44269.0
PF06/0007/C097,CE,41.226533,14.568352,50.0,38003.009,43829.151
PF07/0007/C097,CE,40.991661,14.563518,50.0,11930.923,43293.34
PF09/0007/C097,CE,41.227311,14.567327,50.0,38089.726,43743.67
PF11/0007/C097,CE,40.535508,14.576904,10.0,-38711.0,44175.0
PF13/0007/C097,CE,40.5359,14.578011,50.0,-38668.002,44268.919
PF14/0007/C097,CE,41.223148,14.563853,50.0,37629.072,43450.148
PF15/0007/C097,CE,40.539175,14.579444,12.0,-38305.0,44392.0
PF16/0007/C097,CE,40.535093,14.574097,12.0,-38756.0,43937.0
PF02/0008/C097,CE,40.540027,14.593977,50.0,-38216.22,45623.202
PF04/0008/C097,CE,40.540888,14.597305,50.0,-38121.977,45905.503
PF07/0008/C097,CE,40.538544,14.586773,50.0,-38378.033,45012.372
PF08/0008/C097,CE,40.536574,14.585713,50.0,-38596.216,44921.577
PF09/0008/C097,CE,40.536693,14.589267,50.0,-38584.461,45222.637
PF10/0008/C097,CE,40.537065,14.595146,50.0,-38545.433,45720.684
PF11/0008/C097,CE,40.542057,14.589038,12.0,-37989.0,45206.0
PF01/0009/C097,CE,40.53102,14.574461,50.0,-39208.273,43965.626
PF02/0009/C097,CE,40.529976,14.571729,50.0,-39323.025,43733.725
PF03/0009/C097,CE,40.536046,14.567182,50.0,-38647.272,43351.869
PF04/0009/C097,CE,40.96656,14.566143,50.0,9143.256,43500.243
PF05/0009/C097,CE,40.533818,14.567586,50.0,-38894.78,43384.882
PF06/0009/C097,CE,40.53425,14.563051,50.0,-38845.0,43001.0
PF07/0009/C097,CE,40.533029,14.574144,50.0,-38985.136,43939.864
PF02/0010/C097,CE,40.533155,14.581251,50.0,-38973.963,44541.886
PF05/0010/C097,CE,40.528812,14.573987,50.0,-39453.109,43924.329
PF06/0010/C097,CE,40.529246,14.576181,50.0,-39405.854,44110.362
PF07/0010/C097,CE,40.529485,14.58258,50.0,-39381.936,44652.522
PF08/0010/C097,CE,40.527957,14.572084,50.0,-39547.299,43762.707
PF09/0010/C097,CE,40.532109,14.584445,50.0,-39091.42,44811.816
PF10/0010/C097,CE,40.529426,14.58653,12.0,-39390.0,44987.0
PF11/0010/C097,CE,40.531227,14.57888,12.0,-39187.0,44340.0
PF03/0011/C097,CE,40.521193,14.571527,50.0,-40297.887,43711.823
PF04/0011/C097,CE,40.513294,14.575911,50.0,-41176.506,44079.015
PF05/0011/C097,CE,40.53449,14.586853,12.0,-38828.0,45017.0
PF06/0011/C097,CE,40.526227,14.591177,12.0,-39747.0,45379.0
PF07/0011/C097,CE,40.531172,14.593603,12.0,-39199.0,45587.0
PF01/0012/C097,CE,40.521232,14.560709,12.0,-40289.0,42795.5
PF06/0012/C097,CE,40.969704,14.556636,50.0,9496.349,42702.072
PF13/0012/C097,CE,40.96512,14.561252,50.0,8985.489,43087.942
PF14/0012/C097,CE,40.515641,14.572638,50.0,-40914.628,43802.981
PF17/0012/C097,CE,40.96957,14.561263,50.0,9479.466,43091.294
PF18/0012/C097,CE,40.971972,14.561106,50.0,9746.155,43079.477
PF20/0012/C097,CE,40.969492,14.56037,50.0,9471.248,43016.136
PF21/0012/C097,CE,40.969979,14.556065,50.0,9527.136,42654.183
PF02/0013/C097,CE,40.515475,14.564129,10.0,-40929.5,43082.0
PF04/0013/C097,CE,40.514544,14.569547,50.0,-41035.058,43540.493
PF05/0013/C097,CE,40.513017,14.56217,50.0,-41201.539,42914.727
PF07/0013/C097,CE,40.518582,14.566875,50.0,-40585.701,43316.387
PF08/0013/C097,CE,40.511696,14.564344,50.0,-41349.002,43098.185
PF11/0013/C097,CE,40.517286,14.570998,50.0,-40731.34,43664.941
PF12/0013/C097,CE,40.509019,14.567641,50.0,-41647.542,43376.032
PF13/0013/C097,CE,40.507517,14.565487,50.0,-41813.437,43192.753
PF17/0013/C097,CE,40.954151,14.561374,50.0,7767.707,43092.056
PF19/0013/C097,CE,40.502159,14.569704,50.0,-42409.955,43547.094
PF20/0013/C097,CE,40.51535,14.560824,12.0,-40942.0,42802.0
PF21/0013/C097,CE,40.511998,14.569949,50.0,-41317.83,43573.233
PF22/0013/C097,CE,40.515553,14.566878,50.0,-40922.0,43315.0
PF01/0014/C097,CE,40.514406,14.570979,50.0,-41050.979,43661.724
PF02/0014/C097,CE,40.513265,14.572116,10.0,-41178.1,43757.5
PF03/0014/C097,CE,40.512597,14.573767,10.0,-41253.0,43897.0
PF06/0014/C097,CE,40.509832,14.579025,50.0,-41562.0,44341.0
PF10/0014/C097,CE,40.506674,14.574935,50.0,-41910.839,43992.802
PF14/0014/C097,CE,40.505133,14.575579,50.0,-42082.221,44046.491
PF18/0014/C097,CE,40.506653,14.570029,50.0,-41911.153,43577.066
PF01/0015/C097,CE,40.505206,14.576972,50.0,-42074.621,44164.598
PF02/0015/C097,CE,41.16154,14.562509,50.0,30790.214,43303.079
PF03/0015/C097,CE,41.275442,14.553497,10.0,43439.0,42612.0
PF06/0015/C097,CE,40.499544,14.570522,10.0,-42700.5,43615.0
PF07/0015/C097,CE,40.506837,14.57459,50.0,-41892.62,43963.646
PF11/0015/C097,CE,40.498319,14.572955,10.0,-42837.5,43820.5
PF13/0015/C097,CE,40.488109,13.541161,10.0,-43036.0,-43632.0
PF14/0015/C097,CE,40.496708,14.580878,10.0,-43019.5,44491.0
PF15/0015/C097,CE,40.497501,14.579955,50.0,-42931.144,44413.204
PF18/0015/C097,CE,40.511581,14.562918,50.0,-41361.209,42977.264
PF19/0015/C097,CE,40.498405,14.57644,50.0,-42829.338,44115.854
PF20/0015/C097,CE,40.513228,14.560693,50.0,-41177.447,42789.729
PF01/0016/C097,CE,40.494378,14.57522,50.0,-43275.889,44010.338
PF02/0016/C097,CE,40.493512,14.572826,10.0,-43371.0,43807.0
PF04/0016/C097,CE,40.491123,14.5784,50.0,-43638.464,44278.07
PF09/0016/C097,CE,40.494618,14.583789,50.0,-43252.741,44736.623
PF10/0016/C097,CE,40.496508,14.582117,50.0,-43042.217,44595.889
PF11/0016/C097,CE,40.493724,14.581002,50.0,-43350.815,44499.992
PF12/0016/C097,CE,40.93918,14.580381,50.0,6097.93,44683.694
PF01/0001/C178,CE,41.107936,14.428448,50.0,24904.574,32016.575
PF02/0001/C178,CE,41.111458,14.424694,50.0,25297.636,31703.993
PF03/0001/C178,CE,41.116696,14.458212,50.0,25861.069,34521.819
PF04/0001/C178,CE,41.118837,14.452247,50.0,26101.928,34022.517
PF05/0001/C178,CE,41.124386,14.440514,50.0,26724.177,33041.515
PF02/0002/C178,CE,41.098207,14.417792,50.0,23830.448,31114.652
PF03/0002/C178,CE,41.102062,14.403325,50.0,24266.561,29902.624
PF05/0002/C178,CE,41.103728,14.419356,50.0,24442.462,31250.042
PF07/0002/C178,CE,41.104388,14.415217,12.0,24518.0,30903.0
PF08/0002/C178,CE,41.106601,14.417124,50.0,24762.609,31064.761
PF09/0002/C178,CE,41.092803,14.423448,50.0,23227.32,31585.672
PF10/0002/C178,CE,41.094758,14.419443,50.0,23446.602,31250.725
PF11/0002/C178,CE,41.095781,14.416057,12.0,23562.1,30967.1
PF12/0002/C178,CE,41.104344,14.422565,12.0,24509.0,31520.0
PF13/0002/C178,CE,41.099536,14.433944,12.0,23969.0,32472.0
PF14/0002/C178,CE,41.100863,14.409714,50.0,24129.899,30438.229
PF15/0002/C178,CE,41.096278,14.409242,50.0,23621.073,30395.188
PF03/0003/C178,CE,41.074497,14.409376,12.0,21203.0,30390.0
PF04/0003/C178,CE,41.084579,14.415227,50.0,22319.001,30889.079
PF05/0003/C178,CE,41.092417,14.403166,12.0,23196.0,29882.0
PF06/0003/C178,CE,41.157611,14.301399,12.0,30497.0,21393.0
PF07/0003/C178,CE,41.075053,14.407168,12.0,21266.0,30205.0
PF03/0004/C178,CE,41.092307,14.416009,50.0,23176.459,30960.561
PF01/0005/C178,CE,41.079483,14.35265,50.0,21790.409,25628.644
PF03/0005/C178,CE,41.08186,14.359881,10.0,22049.8,26238.0
PF05/0005/C178,CE,41.078681,14.35595,50.0,21699.286,25905.204
PF06/0005/C178,CE,41.077727,14.359739,50.0,21591.101,26222.737
PF07/0005/C178,CE,41.080676,14.352355,50.0,21923.07,25604.854
PF08/0005/C178,CE,41.07883,14.357386,50.0,21714.954,26025.959
PF10/0005/C178,CE,41.077813,14.355776,8.0,21603.01,25889.84
PF11/0005/C178,CE,41.077717,14.350613,50.0,21595.655,25456.057
PF12/0005/C178,CE,41.08061,14.361708,50.0,21909.954,26390.447
PF13/0005/C178,CE,41.080256,14.365932,12.0,21868.0,26745.0
PF03/0006/C178,CE,41.076742,14.360113,50.0,21481.441,26253.339
PF04/0006/C178,CE,41.07432,14.360159,10.0,21212.6,26255.2
PF05/0006/C178,CE,41.077168,14.363448,50.0,21526.736,26533.875
PF01/0008/C178,CE,41.078581,14.347214,50.0,21693.681,25171.285
PF02/0008/C178,CE,41.076663,14.349536,10.0,21479.317,25364.725
PF03/0008/C178,CE,41.076724,14.349401,50.0,21486.18,25353.433
PF04/0008/C178,CE,41.076762,14.352543,50.0,21488.35,25617.429
PF05/0008/C178,CE,41.073553,14.355196,70.0,21130.504,25837.684
PF06/0008/C178,CE,41.072453,14.351861,50.0,21010.416,25556.603
PF08/0008/C178,CE,41.072371,14.356434,50.0,20998.546,25940.712
PF09/0008/C178,CE,41.069481,14.354964,50.0,20678.581,25814.799
PF10/0008/C178,CE,41.072335,14.353972,70.0,20996.087,25733.854
PF12/0008/C178,CE,41.07078,14.355128,50.0,20822.679,25829.679
PF13/0008/C178,CE,41.075508,14.351571,50.0,21349.785,25534.775
PF14/0008/C178,CE,41.075051,14.356019,50.0,21296.291,25908.066
PF15/0008/C178,CE,41.074925,14.348324,50.0,21287.145,25261.45
PF16/0008/C178,CE,41.068974,14.354482,50.0,20622.587,25773.899
PF50/0008/C178,CE,41.068058,14.355843,50.0,20520.07,25887.544
PF01/0009/C178,CE,41.074012,14.357478,50.0,21180.038,26029.703
PF02/0009/C178,CE,41.071284,14.361152,50.0,20874.886,26336.19
PF03/0009/C178,CE,41.069563,14.358643,50.0,20685.402,26123.977
PF04/0009/C178,CE,41.068451,14.361183,50.0,20560.392,26336.506
PF06/0009/C178,CE,41.066082,14.36156,50.0,20297.16,26366.196
PF07/0009/C178,CE,41.070915,14.358022,70.0,20835.906,26072.94
PF09/0009/C178,CE,41.0642,14.360179,50.0,20089.124,26248.693
PF10/0009/C178,CE,41.067407,14.358924,50.0,20445.948,26145.798
PF50/0009/C178,CE,41.067905,14.362332,50.0,20499.045,26432.57
PF02/0001/C211,CE,41.029481,14.184445,50.0,16358.0,11447.0
PF03/0001/C211,CE,41.031482,14.187896,50.0,16577.436,11739.249
PF01/0003/C211,CE,41.012777,14.054626,12.0,14613.751,513.427
PF03/0003/C211,CE,41.012694,14.050235,50.0,14608.615,144.108
PF07/0003/C211,CE,41.018737,14.188584,50.0,15162.019,11783.903
PF08/0003/C211,CE,41.008335,14.16757,12.0,14024.0,10006.0
PF13/0003/C211,CE,41.016821,14.175158,12.0,14960.0,10653.0
PF14/0003/C211,CE,40.98033,14.206765,50.0,10884.284,13273.826
PF15/0003/C211,CE,41.01283,14.05535,50.0,14619.018,574.372
PF16/0003/C211,CE,41.017381,14.177851,12.0,15020.0,10880.0
PF17/0003/C211,CE,41.01904,14.165461,12.0,15214.0,9840.0
PF01/0004/C211,CE,41.0161,14.182531,50.0,14874.035,11272.219
PF02/0004/C211,CE,41.01648,14.185506,50.0,14913.894,11522.721
PF03/0004/C211,CE,41.014303,14.184996,50.0,14672.62,11477.602
PF04/0004/C211,CE,41.018928,14.185464,50.0,15185.733,11521.728
PF05/0004/C211,CE,41.016872,14.188539,50.0,14955.051,11778.209
PF06/0004/C211,CE,41.01344,14.187018,50.0,14575.276,11646.761
PF07/0004/C211,CE,41.018839,14.182661,12.0,15178.0,11286.0
PF08/0004/C211,CE,41.018082,14.181965,50.0,15094.562,11226.68
PF01/0005/C211,CE,41.020616,14.200997,50.0,15361.032,12829.513
PF05/0005/C211,CE,41.029343,14.202501,50.0,16328.652,12964.771
PF07/0005/C211,CE,41.037362,14.20582,50.0,17216.383,13251.959
PF08/0005/C211,CE,41.039092,14.210345,50.0,17405.0,13634.0
PF09/0005/C211,CE,41.031926,14.214605,50.0,16606.216,13984.91
PF10/0005/C211,CE,41.031719,14.209302,50.0,16587.243,13538.893
PF12/0005/C211,CE,41.029192,14.212563,50.0,16304.294,13810.547
PF14/0005/C211,CE,41.031707,14.191614,50.0,16599.531,12052.004
PF15/0005/C211,CE,41.030375,14.189274,50.0,16453.533,11853.927
PF16/0005/C211,CE,41.025218,14.210106,12.0,15865.0,13600.0
PF17/0005/C211,CE,41.015163,14.204316,50.0,14753.119,13103.025
PF18/0005/C211,CE,41.033648,14.211876,50.0,16799.494,13757.241
PF19/0005/C211,CE,41.021597,14.195981,50.0,15473.809,12408.719
PF31/0005/C211,CE,41.021336,14.204919,50.0,15438.0,13160.0
PF32/0005/C211,CE,41.022783,14.210897,12.0,15594.0,13664.0
PF33/0005/C211,CE,41.02462,14.205839,50.0,15801.869,13240.636
PF34/0005/C211,CE,41.035632,14.208863,50.0,17022.0,13506.0
PF36/0005/C211,CE,40.839518,14.331038,50.0,-4834.833,23609.237
PF37/0005/C211,CE,40.841385,14.323284,50.0,-4622.586,22957.127
PF38/0005/C211,CE,41.034993,14.213719,50.0,16947.391,13913.517
PF04/0006/C211,CE,41.023363,14.234798,60.0,15640.561,15674.117
PF05/0006/C211,CE,41.019804,14.246613,10.0,15236.8,16664.0
PF06/0006/C211,CE,41.016925,14.234608,50.0,14925.945,15651.843
PF08/0006/C211,CE,41.022567,14.224123,50.0,15560.053,14775.834
PF09/0006/C211,CE,41.02475,14.224132,50.0,15802.437,14778.721
PF10/0006/C211,CE,41.013828,14.230116,70.0,14585.484,15271.144
PF12/0006/C211,CE,41.019282,14.235615,50.0,15186.886,15738.775
PF14/0006/C211,CE,41.017019,14.229503,70.0,14940.207,15222.674
PF17/0006/C211,CE,41.027639,14.215049,50.0,16130.0,14018.0
PF19/0006/C211,CE,41.030356,14.217854,50.0,16429.469,14256.508
PF20/0006/C211,CE,41.018152,14.226512,50.0,15068.183,14972.286
PF21/0006/C211,CE,41.026215,14.217469,12.0,15970.0,14220.0
PF24/0006/C211,CE,41.02255,14.218597,50.0,15562.303,14311.196
PF25/0006/C211,CE,41.014875,14.236453,50.0,14696.999,15804.987
PF26/0006/C211,CE,41.022136,14.230272,50.0,15507.643,15292.329
PF27/0006/C211,CE,41.023789,14.237383,50.0,15685.946,15891.828
PF28/0006/C211,CE,41.020164,14.22133,50.0,15295.409,14538.602
PF30/0006/C211,CE,41.020249,14.227377,50.0,15300.321,15047.065
PF31/0006/C211,CE,41.014683,14.224952,50.0,14684.233,14837.746
PF32/0006/C211,CE,41.023318,14.241567,50.0,15630.564,16243.11
PF33/0006/C211,CE,41.023116,14.226771,12.0,15619.0,14999.0
PF34/0006/C211,CE,41.028901,14.219114,12.0,16267.0,14361.0
PF35/0006/C211,CE,41.016269,14.238887,12.0,14850.0,16011.0
PF36/0006/C211,CE,41.025234,14.232361,12.0,15850.0,15471.0
PF01/0007/C211,CE,41.018461,14.191041,50.0,15129.526,11990.189
PF03/0007/C211,CE,41.019009,14.196984,50.0,15185.713,12490.426
PF07/0007/C211,CE,41.01215,14.191086,50.0,14428.921,11987.479
PF08/0007/C211,CE,41.009777,14.192936,50.0,14163.957,12140.577
PF09/0007/C211,CE,41.015106,14.197366,50.0,14752.127,12518.604
PF10/0007/C211,CE,41.012043,14.197052,50.0,14412.332,12489.081
PF11/0007/C211,CE,41.01651,14.190052,50.0,14913.674,11905.062
PF12/0007/C211,CE,41.017787,14.194775,50.0,15051.828,12303.431
PF15/0007/C211,CE,41.014662,14.193883,50.0,14705.559,12225.224
PF16/0007/C211,CE,41.018422,14.200934,50.0,15117.488,12821.933
PF17/0007/C211,CE,41.016767,14.192191,50.0,14940.539,12085.122
PF02/0008/C211,CE,41.007055,14.169304,50.0,13880.465,10150.505
PF04/0008/C211,CE,41.004565,14.176054,50.0,13598.694,10715.499
PF05/0008/C211,CE,40.974966,14.211907,50.0,10285.0,13701.0
PF06/0008/C211,CE,41.008233,14.173327,12.0,14008.0,10490.0
PF01/0009/C211,CE,41.000979,14.185601,50.0,13193.034,11514.693
PF03/0009/C211,CE,41.000534,14.182471,60.0,13146.045,11250.947
PF04/0009/C211,CE,41.001943,14.189766,50.0,13296.741,11865.922
PF05/0009/C211,CE,41.004782,14.187734,50.0,13613.5,11698.0
PF06/0009/C211,CE,41.001635,14.179651,60.0,13270.59,11014.975
PF07/0009/C211,CE,40.984298,14.202607,50.0,11328.0,12928.0
PF08/0009/C211,CE,41.005128,14.190504,50.0,13649.841,11931.332
PF09/0009/C211,CE,41.008307,14.18977,50.0,14003.328,11872.826
PF10/0009/C211,CE,40.998843,14.189376,12.0,12953.0,11830.0
PF11/0009/C211,CE,41.006774,14.186069,50.0,13836.0,11560.0
PF01/0010/C211,CE,41.010207,14.198567,50.0,14207.398,12614.547
PF02/0010/C211,CE,41.007155,14.194352,50.0,13871.823,12256.978
PF04/0010/C211,CE,41.007491,14.197784,50.0,13906.41,12545.987
PF02/0011/C211,CE,40.997977,14.195988,50.0,12851.631,12385.177
PF03/0011/C211,CE,40.999689,14.199716,50.0,13038.891,12700.506
PF04/0011/C211,CE,41.000703,14.195144,12.0,13155.0,12317.0
PF02/0012/C211,CE,41.010439,14.212502,50.0,14222.435,13786.597
PF02/0013/C211,CE,41.012775,14.205084,50.0,14487.495,13165.201
PF03/0013/C211,CE,41.009895,14.206469,50.0,14166.668,13278.744
PF04/0013/C211,CE,41.008,14.20775,50.0,13955.345,13384.543
PF07/0013/C211,CE,41.004438,14.20523,10.0,13561.8,13169.0
PF08/0013/C211,CE,41.004001,14.202548,10.0,13515.4,12943.0
PF09/0013/C211,CE,41.012353,14.200873,50.0,14443.824,12810.631
PF11/0013/C211,CE,41.01116,14.203759,50.0,14309.149,13052.161
PF12/0013/C211,CE,41.009982,14.209421,50.0,14174.122,13527.061
PF13/0013/C211,CE,41.009544,14.20259,50.0,14130.621,12952.225
PF16/0013/C211,CE,41.008382,14.212495,50.0,13994.108,13783.997
PF17/0013/C211,CE,41.014107,14.206148,50.0,14634.443,13255.963
PF19/0013/C211,CE,41.011839,14.2103,50.0,14379.535,13602.83
PF21/0013/C211,CE,41.013649,14.205999,12.0,14583.765,13242.975
PF22/0013/C211,CE,41.006152,14.210102,50.0,13748.365,13580.492
PF23/0013/C211,CE,41.004034,14.208228,50.0,13514.704,13420.732
PF24/0013/C211,CE,41.007087,14.202862,50.0,13857.743,12972.578
PF02/0014/C211,CE,41.010043,14.21839,50.0,14174.075,14281.366
PF03/0014/C211,CE,41.008403,14.216714,50.0,13993.237,14138.794
PF04/0014/C211,CE,41.005807,14.21465,50.0,13706.566,13962.627
PF05/0014/C211,CE,41.00736,14.221135,50.0,13874.087,14509.489
PF06/0014/C211,CE,41.003785,14.212427,50.0,13483.809,13773.635
PF07/0014/C211,CE,41.006396,14.217969,50.0,13769.48,14242.319
PF08/0014/C211,CE,41.002506,14.215232,50.0,13339.755,14008.222
PF11/0014/C211,CE,41.007774,14.212942,50.0,13926.257,13820.91
PF12/0014/C211,CE,41.006861,14.21527,50.0,13823.115,14015.834
PF13/0014/C211,CE,41.004806,14.215316,50.0,13594.982,14017.617
PF14/0014/C211,CE,41.004492,14.219707,50.0,13556.856,14386.626
PF15/0014/C211,CE,41.001775,14.210968,50.0,13261.77,13648.892
PF18/0014/C211,CE,41.010552,14.220263,50.0,14229.165,14439.371
PF19/0014/C211,CE,41.008581,14.219692,50.0,14010.744,14389.402
PF20/0014/C211,CE,41.011623,14.21524,50.0,14351.792,14017.994
PF50/0014/C211,CE,41.009049,14.218137,50.0,14063.946,14259.066
PF04/0015/C211,CE,41.010237,14.222502,50.0,14192.489,14627.321
PF05/0015/C211,CE,41.012119,14.222662,50.0,14401.268,14642.666
PF06/0015/C211,CE,40.997865,14.219818,50.0,12821.064,14389.314
PF07/0015/C211,CE,40.995534,14.202985,50.0,12575.122,12971.194
PF08/0015/C211,CE,40.99784,14.208757,50.0,12826.671,13459.048
PF09/0015/C211,CE,41.000299,14.203938,50.0,13103.316,13056.205
PF10/0015/C211,CE,40.991702,14.218294,50.0,12138.014,14255.071
PF13/0015/C211,CE,41.000229,14.218351,50.0,13084.572,14268.292
PF14/0015/C211,CE,41.002329,14.20691,50.0,13326.434,13308.225
PF15/0015/C211,CE,40.99858,14.211948,50.0,12906.381,13728.155
PF16/0015/C211,CE,41.011464,14.219882,50.0,14330.623,14408.234
PF18/0015/C211,CE,40.995381,14.213554,12.0,12550.0,13860.0
PF19/0015/C211,CE,40.993721,14.223917,12.0,12358.0,14730.0
PF20/0015/C211,CE,41.00065,14.224161,50.0,13126.93,14757.365
PF21/0015/C211,CE,41.001983,14.221144,50.0,13277.237,14504.908
PF22/0015/C211,CE,41.01591,14.214488,50.0,14828.307,13959.069
PF23/0015/C211,CE,40.992724,14.209757,12.0,12258.0,13538.0
PF24/0015/C211,CE,41.003497,14.223284,50.0,13443.635,14686.399
PF01/0016/C211,CE,41.010588,14.224827,70.0,14229.762,14823.2
PF03/0016/C211,CE,41.008941,14.226654,50.0,14045.481,14975.174
PF04/0016/C211,CE,41.010277,14.236218,50.0,14186.74,15780.725
PF06/0016/C211,CE,41.006834,14.231422,50.0,13808.079,15374.052
PF08/0016/C211,CE,40.999599,14.228913,50.0,13006.804,15155.988
PF09/0016/C211,CE,41.005453,14.227998,50.0,13657.279,15084.811
PF11/0016/C211,CE,41.008172,14.245949,50.0,13946.0,16597.0
PF12/0016/C211,CE,41.008464,14.22572,50.0,13993.249,14896.206
PF14/0016/C211,CE,40.991425,14.225263,12.0,12102.0,14841.0
PF15/0016/C211,CE,41.002518,14.232811,50.0,13327.885,15486.648
PF16/0016/C211,CE,41.003241,14.235767,12.0,13406.0,15736.0
PF17/0016/C211,CE,41.005424,14.232472,50.0,13650.789,15461.005
PF18/0016/C211,CE,41.009717,14.227688,50.0,14130.935,15062.88
PF19/0016/C211,CE,41.010482,14.243272,50.0,14204.379,16374.144
PF20/0016/C211,CE,40.992478,14.228419,50.0,12216.649,15107.452
PF21/0016/C211,CE,40.99299,14.233127,50.0,12270.0,15504.0
PF22/0016/C211,CE,40.995596,14.230818,50.0,12561.011,15312.334
PF23/0016/C211,CE,41.001486,14.226819,50.0,13217.775,14981.767
PF24/0016/C211,CE,41.010804,14.247294,50.0,14237.14,16712.614
PF01/0017/C211,CE,41.010395,14.25112,50.0,14189.0,17034.0
PF01/0001/C291,CE,40.960219,14.177763,50.0,8674.319,10812.861
PF06/0001/C291,CE,40.939306,13.56634,50.0,7016.987,-40680.159
PF08/0001/C291,CE,40.960295,14.17123,50.0,8688.015,10263.187
PF09/0001/C291,CE,40.969775,13.584802,50.0,10374.173,-39071.128
PF10/0001/C291,CE,40.973086,13.586963,50.0,10738.79,-38883.374
PF11/0001/C291,CE,40.956433,14.177647,50.0,8254.163,10799.134
PF12/0001/C291,CE,40.959009,13.572367,12.0,9196.0,-40137.0
PF03/0002/C291,CE,40.958128,13.597942,50.0,9063.325,-37986.265
PF04/0002/C291,CE,40.968968,13.590816,50.0,10276.342,-38566.535
PF05/0002/C291,CE,40.963921,13.586804,12.0,9721.5,-38913.2
PF01/0003/C291,CE,40.954597,13.602028,50.0,8665.859,-37648.622
PF05/0003/C291,CE,40.960257,13.605433,50.0,9289.573,-37352.01
PF07/0003/C291,CE,40.953705,13.59865,50.0,8571.381,-37934.538
PF10/0003/C291,CE,40.966129,13.610706,50.0,9934.367,-36897.908
PF11/0003/C291,CE,40.957129,13.601222,50.0,8947.972,-37711.997
PF12/0003/C291,CE,40.963976,13.611097,50.0,9694.86,-36868.771
PF13/0003/C291,CE,40.967208,13.599742,50.0,10068.863,-37818.614
PF14/0003/C291,CE,40.955237,13.595042,50.0,8746.297,-38235.493
PF15/0003/C291,CE,40.97318,13.591251,50.0,10743.339,-38522.389
PF16/0003/C291,CE,40.955334,13.606792,12.0,8741.22,-37246.4
PF08/0004/C291,CE,41.075798,13.905791,50.0,4547756.359,2428085.86
PF09/0004/C291,CE,41.074582,13.903229,12.0,4547624.02,2427868.92
PF10/0004/C291,CE,41.064584,13.908566,12.0,4546508.45,2428303.41
PF08/0005/C291,CE,40.956314,13.599129,12.0,8860.284,-37889.588
PF09/0005/C291,CE,40.950059,13.580512,50.0,8191.211,-39467.743
PF10/0005/C291,CE,40.949665,13.574556,50.0,8155.672,-39969.741
PF01/0006/C291,CE,40.952722,13.613485,50.0,8442.28,-36687.677
PF03/0006/C291,CE,40.952595,13.619546,50.0,8420.145,-36177.773
PF05/0006/C291,CE,40.954925,13.612344,50.0,8688.361,-36779.783
PF06/0006/C291,CE,40.956095,13.62155,12.0,8806.0,-36003.0
PF07/0006/C291,CE,40.957734,13.61479,12.0,8997.0,-36569.0
PF08/0006/C291,CE,40.959809,13.613499,12.0,9229.0,-36674.0
PF01/0007/C291,CE,41.050097,13.914429,12.0,4544894.05,2428776.03
PF04/0007/C291,CE,41.057706,13.911367,12.0,4545741.95,2428529.2
PF05/0007/C291,CE,41.053292,13.913131,12.0,4545250.13,2428671.37
PF01/0008/C291,CE,40.943461,14.531225,32.0,6594.252,40548.332
PF04/0008/C291,CE,40.946538,13.568718,50.0,7816.52,-40466.834
PF07/0008/C291,CE,40.939928,13.570863,50.0,7079.752,-40298.288
PF09/0008/C291,CE,40.943964,13.562302,50.0,7539.621,-41011.597
PF10/0008/C291,CE,40.947412,13.561153,12.0,7924.0,-41102.0
PF11/0008/C291,CE,40.940738,13.557615,12.0,7188.0,-41412.0
PF12/0008/C291,CE,40.9425,13.574671,50.0,7360.0,-39973.0
PF13/0008/C291,CE,40.936545,13.572069,50.0,6702.489,-40202.865
PF02/0009/C291,CE,40.941861,13.583763,50.0,7276.713,-39208.828
PF04/0009/C291,CE,40.947027,13.590789,50.0,7840.598,-38608.125
PF08/0009/C291,CE,40.939205,13.595447,12.0,6966.0,-38230.0
PF09/0009/C291,CE,40.947821,13.580591,50.0,7942.671,-39465.123
PF12/0009/C291,CE,40.942352,13.592836,50.0,7318.883,-38444.147
PF13/0009/C291,CE,40.949496,13.588837,50.0,8117.393,-38768.027
PF14/0009/C291,CE,40.945747,13.586385,50.0,7704.461,-38981.13
PF15/0009/C291,CE,40.952288,13.587099,50.0,8429.691,-38909.268
PF16/0009/C291,CE,40.946553,13.594177,50.0,7783.388,-38323.746
PF17/0009/C291,CE,40.940466,13.57778,12.0,7130.0,-39715.0
PF18/0009/C291,CE,40.937054,13.580835,12.0,6747.0,-39464.0
PF19/0009/C291,CE,40.9389,13.58519,12.0,6946.0,-39094.0
PF20/0009/C291,CE,40.944284,13.583581,10.0,7545.948,-39219.787
PF01/0010/C291,CE,40.947565,13.596077,50.0,7893.18,-38162.062
PF02/0010/C291,CE,40.949181,13.599506,12.0,8068.0,-37870.5
PF04/0010/C291,CE,40.945021,13.598419,50.0,7607.593,-37969.445
PF07/0010/C291,CE,40.948031,13.606678,50.0,7930.614,-37268.924
PF09/0010/C291,CE,40.952693,13.603006,50.0,8453.131,-37569.698
PF10/0010/C291,CE,40.949,13.611448,50.0,8031.764,-36865.667
PF11/0010/C291,CE,40.946278,13.601284,50.0,7743.228,-37726.033
PF12/0010/C291,CE,40.950366,13.597004,50.0,8202.932,-38079.057
PF01/0011/C291,CE,40.950084,13.614258,50.0,8148.409,-36627.243
PF02/0011/C291,CE,40.941767,13.609629,50.0,7231.276,-37031.591
PF03/0011/C291,CE,40.941358,13.614764,12.0,7179.0,-36600.0
PF03/0012/C291,CE,40.943019,13.623839,50.0,7351.359,-35833.188
PF05/0012/C291,CE,40.952332,13.622332,50.0,8387.241,-35943.7
PF06/0012/C291,CE,40.949709,13.624096,50.0,8093.718,-35799.865
PF07/0012/C291,CE,40.94564,13.615067,12.0,7654.0,-36567.0
PF08/0012/C291,CE,40.948405,13.623981,50.0,7949.108,-35811.781
PF09/0012/C291,CE,40.950548,13.618278,50.0,8194.603,-36288.094
PF10/0012/C291,CE,40.945266,13.619193,50.0,7606.936,-36220.339
PF11/0012/C291,CE,40.953242,13.626903,50.0,8482.2,-35557.378
PF01/0013/C291,CE,40.933764,13.556746,12.0,6415.0,-41498.0
PF01/0014/C291,CE,40.933464,13.572431,12.0,6360.0,-40178.0
PF02/0014/C291,CE,40.932712,13.567031,12.0,6284.0,-40634.0
PF01/0015/C291,CE,40.933807,13.593732,12.0,6369.0,-38384.0
PF02/0015/C291,CE,40.93362,13.588011,12.0,6356.0,-38866.0
PF03/0015/C291,CE,40.931385,13.590862,50.0,6104.0,-38630.0
PF04/0015/C291,CE,40.931943,13.586419,12.0,6172.0,-39003.0
PF01/0016/C291,CE,40.941515,13.597227,50.0,7220.0,-38076.0
PF02/0016/C291,CE,40.943363,13.604001,12.0,7416.0,-37502.5
PF03/0016/C291,CE,40.935441,13.599209,12.0,6543.0,-37920.0
PF04/0016/C291,CE,40.931958,13.599496,12.0,6156.0,-37902.0
PF05/0016/C291,CE,40.940545,13.602543,50.0,7105.126,-37630.243
PF04/0017/C291,CE,40.93382,13.602592,50.0,6358.471,-37638.034
PF05/0017/C291,CE,40.933757,13.609637,12.0,6342.0,-37045.0
PF06/0017/C291,CE,40.937386,13.602898,50.0,6754.0,-37606.0
PF01/0019/C291,CE,40.923745,13.55388,50.0,5306.763,-41757.637
PF04/0019/C291,CE,40.919513,13.558714,50.0,4830.154,-41358.325
PF05/0019/C291,CE,40.928989,13.56027,50.0,5880.0,-41210.0
PF06/0019/C291,CE,40.927866,13.555398,50.0,5762.112,-41622.238
PF07/0019/C291,CE,40.922963,13.556789,70.0,5215.829,-41514.149
PF08/0019/C291,CE,40.925361,13.554603,50.0,5485.058,-41693.854
PF09/0019/C291,CE,40.927932,13.559307,50.0,5763.945,-41293.02
PF11/0019/C291,CE,40.922146,13.558963,70.0,5122.119,-41332.573
PF03/0020/C291,CE,40.926718,13.563823,10.0,5623.0,-40915.0
PF04/0020/C291,CE,40.92655,13.568744,10.0,5597.5,-40501.0
PF05/0020/C291,CE,40.924656,13.567116,10.0,5389.5,-40641.5
PF07/0020/C291,CE,40.922312,13.56589,10.0,5131.0,-40749.0
PF04/0021/C291,CE,40.930079,13.571102,12.0,5986.0,-40296.0
PF08/0021/C291,CE,40.92867,13.573698,12.0,5826.0,-40080.0
PF15/0022/C291,CE,40.920724,13.573504,50.0,4944.159,-40110.703
PF16/0022/C291,CE,40.921866,13.56768,50.0,5078.932,-40599.086
PF17/0022/C291,CE,40.919039,13.565151,50.0,4768.689,-40817.153
PF18/0022/C291,CE,40.924088,13.571754,50.0,5320.0,-40252.0
PF20/0022/C291,CE,40.920113,13.570114,50.0,4881.025,-40397.29
PF01/0023/C291,CE,40.92802,13.583878,50.0,5740.0,-39224.0
PF02/0023/C291,CE,40.929679,13.587156,50.0,5919.665,-38945.065
PF03/0023/C291,CE,40.927711,13.598339,12.0,5686.0,-38007.0
PF04/0023/C291,CE,40.927694,13.588885,12.0,5697.0,-38803.0
PF05/0023/C291,CE,40.924953,13.58316,50.0,5400.398,-39289.969
PF04/0024/C291,CE,40.929478,13.614605,50.0,5860.36,-36634.305
PF07/0024/C291,CE,40.928595,13.609561,50.0,5769.129,-37060.563
PF08/0024/C291,CE,40.934172,13.618991,50.0,6375.675,-36256.807
PF09/0024/C291,CE,40.933872,13.614273,50.0,6348.594,-36654.552
PF10/0024/C291,CE,40.931168,13.605103,50.0,6060.738,-37431.358
PF11/0024/C291,CE,40.929319,13.601678,12.0,5860.0,-37723.0
PF12/0024/C291,CE,40.930743,13.620676,50.0,5992.693,-36120.955
PF01/0025/C291,CE,40.934657,13.623126,50.0,6424.01,-35907.774
PF04/0025/C291,CE,40.936461,13.619685,50.0,6628.821,-36194.367
PF05/0025/C291,CE,40.934366,13.61984,12.0,6396.0,-36185.0
PF01/0027/C291,CE,40.914851,13.564577,50.0,4304.476,-40873.128
PF02/0027/C291,CE,40.916365,13.561799,50.0,4476.403,-41104.368
PF04/0027/C291,CE,40.914743,13.567094,60.0,4288.986,-40661.342
PF10/0027/C291,CE,40.910389,13.564532,50.0,3809.192,-40885.065
PF12/0027/C291,CE,40.913453,13.561166,50.0,4154.04,-41162.968
PF13/0027/C291,CE,40.913176,13.565604,50.0,4117.156,-40789.691
PF14/0027/C291,CE,40.91051,13.567808,50.0,3818.138,-40608.954
PF16/0027/C291,CE,40.911462,13.566933,50.0,3924.968,-40680.856
PF17/0027/C291,CE,40.910106,13.555813,50.0,3789.843,-41619.869
PF19/0027/C291,CE,40.908899,13.562902,50.0,3646.096,-41025.062
PF20/0027/C291,CE,40.912108,13.557474,50.0,4009.845,-41476.354
PF21/0027/C291,CE,40.912881,13.568089,12.0,4081.0,-40581.0
PF22/0027/C291,CE,40.916965,13.565766,50.0,4537.585,-40769.123
PF01/0028/C291,CE,40.917591,13.5687,50.0,4603.02,-40520.966
PF04/0028/C291,CE,40.911791,13.575088,50.0,3950.352,-39993.452
PF06/0029/C291,CE,40.922401,13.584567,50.0,5115.263,-39176.105
PF07/0029/C291,CE,40.918287,13.582756,50.0,4661.026,-39336.036
PF09/0029/C291,CE,40.921713,13.57976,50.0,5045.447,-39582.111
PF11/0029/C291,CE,40.915339,13.583653,50.0,4332.5,-39265.808
PF13/0029/C291,CE,40.916342,13.579018,50.0,4450.148,-39654.261
PF01/0030/C291,CE,40.923614,13.588859,50.0,5244.077,-38812.555
PF11/0030/C291,CE,40.919531,13.601648,50.0,4773.483,-37742.861
PF14/0030/C291,CE,40.926711,13.601832,50.0,5570.313,-37714.652
PF16/0030/C291,CE,40.924735,13.597566,50.0,5356.689,-38077.353
PF17/0030/C291,CE,40.920922,13.597565,50.0,4933.402,-38084.237
PF18/0030/C291,CE,40.924629,13.593831,50.0,5349.985,-38392.044
PF04/0031/C291,CE,40.914275,13.606733,50.0,4183.191,-37324.035
PF06/0031/C291,CE,40.918171,13.602707,50.0,4621.047,-37656.113
PF07/0031/C291,CE,40.924542,13.603117,50.0,5327.809,-37610.307
PF08/0031/C291,CE,40.922541,13.607113,50.0,5100.238,-37277.376
PF09/0031/C291,CE,40.921742,13.602615,50.0,5017.635,-37657.552
PF10/0031/C291,CE,40.92092,13.611819,12.0,4914.0,-36884.0
PF02/0032/C291,CE,40.932152,13.624249,50.0,6144.391,-35817.663
PF05/0032/C291,CE,40.922767,13.614174,50.0,5115.886,-36682.414
PF06/0032/C291,CE,40.922938,13.620885,50.0,5126.001,-36117.0
PF07/0032/C291,CE,40.925751,13.613042,50.0,5448.69,-36772.479
PF08/0032/C291,CE,40.91922,13.622959,50.0,4710.479,-35948.839
PF09/0032/C291,CE,40.920288,13.614844,50.0,4839.804,-36630.381
PF10/0032/C291,CE,40.924245,13.616908,50.0,5276.402,-36449.567
PF11/0032/C291,CE,40.922436,13.617429,50.0,5074.836,-36408.92
PF12/0032/C291,CE,40.929943,13.619033,50.0,5906.095,-36260.68
PF01/0033/C291,CE,41.023079,13.932481,50.0,4541875.89,2430256.45
PF02/0033/C291,CE,40.90906,13.559266,12.0,3669.0,-41331.0
PF04/0034/C291,CE,40.905972,13.573976,50.0,3305.885,-40097.711
PF01/0035/C291,CE,40.904282,13.597682,12.0,3086.0,-38104.0
PF03/0035/C291,CE,40.902624,13.599374,50.0,2899.606,-37964.429
PF05/0035/C291,CE,40.907648,13.594739,50.0,3463.577,-38345.925
PF06/0035/C291,CE,40.905919,13.596257,50.0,3269.654,-38221.105
PF08/0035/C291,CE,40.915293,13.602561,50.0,4301.751,-37673.578
PF09/0035/C291,CE,40.909164,13.603191,50.0,3620.493,-37631.328
PF10/0035/C291,CE,40.900289,13.60118,12.0,2638.0,-37816.5
PF12/0035/C291,CE,40.911654,13.600875,12.0,3900.0,-37822.0
PF13/0035/C291,CE,40.896527,13.601384,12.0,2220.0,-37806.0
PF14/0035/C291,CE,40.90489,13.60319,12.0,3146.0,-37639.0
PF01/0036/C291,CE,40.899587,13.573833,50.0,2597.217,-40121.276
PF03/0036/C291,CE,40.903302,13.574232,50.0,3009.084,-40080.925
PF04/0036/C291,CE,40.900596,13.576256,50.0,2705.911,-39915.386
PF06/0036/C291,CE,40.903114,13.57172,50.0,2991.624,-40292.848
PF07/0036/C291,CE,40.900733,13.586039,50.0,2707.697,-39091.041
PF09/0036/C291,CE,40.901616,13.582234,12.0,2811.0,-39410.0
PF12/0036/C291,CE,40.896283,13.579915,50.0,2222.062,-39614.94
PF14/0036/C291,CE,40.902137,13.579136,50.0,2873.0,-39670.0
PF15/0036/C291,CE,40.901438,13.574634,50.0,2801.609,-40050.468
PF16/0036/C291,CE,40.89945,13.581189,50.0,2571.947,-39501.918
PF17/0036/C291,CE,40.898612,13.57819,50.0,2483.0,-39756.0
PF01/0037/C291,CE,40.906955,13.589455,50.0,3393.878,-38792.145
PF02/0037/C291,CE,40.908761,13.588208,50.0,3596.0,-38894.0
PF03/0037/C291,CE,40.902884,13.586819,50.0,2945.446,-39021.521
PF04/0037/C291,CE,40.908428,13.583861,50.0,3565.029,-39260.658
PF05/0037/C291,CE,40.908827,13.59362,12.0,3596.0,-38438.0
PF06/0037/C291,CE,40.905971,13.592282,50.0,3280.78,-38555.862
PF07/0037/C291,CE,40.904329,13.590904,50.0,3100.32,-38674.846
PF08/0037/C291,CE,40.905498,13.588482,50.0,3233.462,-38876.768
PF04/0038/C291,CE,40.897555,13.598698,50.0,2337.763,-38030.43
PF05/0038/C291,CE,40.901828,13.595432,50.0,2816.604,-38297.941
PF07/0038/C291,CE,40.900562,13.591789,50.0,2681.0,-38607.0
PF02/0039/C291,CE,40.895686,13.624386,50.0,2096.004,-35869.768
PF03/0039/C291,CE,40.893802,13.62408,50.0,1887.192,-35898.882
PF08/0039/C291,CE,40.896887,13.606906,50.0,2252.581,-37340.165
PF18/0039/C291,CE,40.904703,13.614068,50.0,3110.668,-36723.136
PF21/0039/C291,CE,40.899459,13.615067,50.0,2527.197,-36648.155
PF22/0039/C291,CE,40.898275,13.618632,50.0,2391.0,-36350.001
PF23/0039/C291,CE,40.901278,13.620601,50.0,2721.773,-36178.818
PF24/0039/C291,CE,40.901368,13.601768,12.0,2757.0,-37765.0
PF25/0039/C291,CE,40.895998,13.616578,12.0,2141.0,-36527.0
PF26/0039/C291,CE,40.918578,13.615561,12.0,4649.0,-36573.0
PF28/0039/C291,CE,40.915931,13.620723,50.0,4348.261,-36142.894
PF29/0039/C291,CE,40.918895,13.619751,50.0,4678.601,-36219.585
PF30/0039/C291,CE,40.910551,13.614603,50.0,3759.149,-36667.802
PF31/0039/C291,CE,40.908569,13.61884,50.0,3533.53,-36314.392
PF32/0039/C291,CE,40.919155,13.625393,50.0,4700.0,-35744.0
PF33/0039/C291,CE,40.899084,13.604298,12.0,2500.0,-37556.0
PF34/0039/C291,CE,40.913701,13.622775,12.0,4098.0,-35974.0
PF35/0039/C291,CE,40.903102,13.616899,50.0,2929.192,-36487.516
PF37/0039/C291,CE,40.908074,13.62307,12.0,3473.0,-35959.0
PF38/0039/C291,CE,40.905068,13.609028,12.0,3158.0,-37147.0
PF39/0039/C291,CE,40.89696,13.61194,12.0,2254.0,-36916.0
PF02/0041/C291,CE,40.890332,13.584968,50.0,1554.501,-39199.967
PF03/0041/C291,CE,40.892237,13.585829,50.0,1764.878,-39123.998
PF05/0041/C291,CE,40.892881,13.588019,50.0,1833.335,-38938.355
PF07/0041/C291,CE,40.890478,13.589838,50.0,1564.112,-38789.425
PF08/0041/C291,CE,40.89393,13.583505,50.0,1955.993,-39316.721
PF11/0041/C291,CE,40.897338,13.576413,12.0,2344.0,-39908.0
PF13/0041/C291,CE,40.894082,13.581655,50.0,1975.327,-39472.309
PF14/0041/C291,CE,40.8941,13.578821,50.0,1981.291,-39710.982
PF15/0041/C291,CE,40.893318,13.62837,50.0,1827.85,-35538.294
PF17/0041/C291,CE,40.894296,13.590714,50.0,1986.845,-38708.756
PF18/0041/C291,CE,40.895154,13.586052,50.0,2088.377,-39099.982
PF19/0041/C291,CE,40.895566,13.588787,50.0,2130.455,-38868.839
PF02/0042/C291,CE,40.885845,13.585614,50.0,1055.52,-39153.563
PF03/0042/C291,CE,40.886571,13.58795,70.0,1132.993,-38955.489
PF04/0042/C291,CE,40.889117,13.585503,70.0,1418.978,-39157.035
PF07/0042/C291,CE,40.887908,13.591964,50.0,1275.986,-38614.914
PF09/0042/C291,CE,40.886122,13.593654,50.0,1075.42,-38475.665
PF10/0042/C291,CE,40.882878,13.588276,50.0,722.552,-38934.593
PF11/0042/C291,CE,40.882217,13.591371,50.0,644.98,-38675.06
PF12/0042/C291,CE,40.88506,13.589298,50.0,963.355,-38844.635
PF01/0043/C291,CE,40.892315,13.601734,12.0,1752.0,-37784.0
PF04/0043/C291,CE,40.887135,13.602952,50.0,1175.3,-37690.513
PF05/0043/C291,CE,40.885997,13.606368,50.0,1044.329,-37404.783
PF07/0043/C291,CE,40.885202,13.601376,50.0,962.861,-37826.751
PF08/0043/C291,CE,40.883502,13.599529,50.0,776.576,-37985.393
PF12/0043/C291,CE,40.891847,13.600553,50.0,1701.648,-37884.257
PF13/0043/C291,CE,40.887299,13.59962,12.0,1198.0,-37971.0
PF02/0044/C291,CE,40.882176,13.612844,50.0,611.487,-36865.866
PF03/0044/C291,CE,40.883223,13.617382,60.0,721.727,-36481.649
PF06/0044/C291,CE,40.878804,13.608902,50.0,242.405,-37203.964
PF09/0044/C291,CE,40.8794,13.605693,50.0,312.929,-37473.261
PF10/0044/C291,CE,40.982569,13.602871,12.0,11770.0,-37528.0
PF11/0044/C291,CE,40.894319,13.609607,50.0,1963.932,-37117.21
PF13/0044/C291,CE,40.884287,13.612495,60.0,846.297,-36891.545
PF14/0044/C291,CE,40.882356,13.609338,50.0,636.172,-37160.98
PF17/0044/C291,CE,40.875375,13.616845,50.0,-148.876,-36540.696
PF18/0044/C291,CE,40.892612,13.621701,50.0,1758.305,-36101.354
PF19/0044/C291,CE,40.887403,13.612649,50.0,1192.059,-36873.057
PF20/0044/C291,CE,40.878734,13.616202,50.0,224.956,-36589.001
PF21/0044/C291,CE,40.889348,13.619656,12.0,1398.67,-36279.33
PF01/0045/C291,CE,40.995222,13.968082,50.0,4538747.4,2433213.02
PF06/0045/C291,CE,40.991515,13.963547,12.0,4538340.4,2432826.74
PF07/0045/C291,CE,40.884722,13.581823,12.0,936.0,-39475.0
PF01/0046/C291,CE,40.884331,13.597724,9.0,871.0,-38136.0
PF06/0046/C291,CE,40.882027,13.59152,50.0,623.685,-38662.831
PF10/0046/C291,CE,40.87792,13.594941,50.0,163.087,-38381.926
PF11/0046/C291,CE,40.880612,13.598061,50.0,457.728,-38114.196
PF12/0046/C291,CE,40.876588,13.597815,50.0,11.306,-38142.066
PF13/0046/C291,CE,40.874647,13.595618,50.0,-201.129,-38330.704
PF14/0046/C291,CE,40.877333,13.600803,50.0,90.0,-37889.0
PF15/0046/C291,CE,40.881465,13.602376,50.0,546.664,-37749.1
PF16/0046/C291,CE,40.880061,13.592984,50.0,403.435,-38542.959
PF05/0048/C291,CE,40.856271,13.613699,50.0,-2265.411,-36839.361
PF08/0048/C291,CE,40.858276,13.613399,50.0,-2042.516,-36861.133
PF11/0048/C291,CE,40.867091,13.610155,50.0,-1059.577,-37118.987
PF12/0048/C291,CE,40.875433,13.602479,50.0,-123.11,-37751.118
PF13/0048/C291,CE,40.872046,13.605394,50.0,-503.095,-37511.52
PF15/0048/C291,CE,40.864522,13.613868,50.0,-1349.667,-36810.591
PF16/0048/C291,CE,40.866296,13.616574,50.0,-1156.335,-36579.453
PF18/0048/C291,CE,40.871664,13.613307,50.0,-556.125,-36845.372
PF19/0048/C291,CE,40.87678,13.610683,50.0,15.394,-37057.487
PF21/0048/C291,CE,40.86115,13.619307,50.0,-1731.251,-36358.14
PF23/0048/C291,CE,40.859631,13.61577,50.0,-1895.25,-36658.931
PF24/0048/C291,CE,40.856549,13.605376,50.0,-2223.406,-37540.405
PF25/0048/C291,CE,40.857216,13.599402,50.0,-2141.336,-38042.732
PF26/0048/C291,CE,40.873188,13.59922,50.0,-368.043,-38029.724
PF28/0048/C291,CE,40.862461,13.614522,50.0,-1579.367,-36759.088
PF29/0048/C291,CE,40.856165,13.608965,50.0,-2270.861,-37238.546
PF32/0048/C291,CE,40.85821,13.618031,50.0,-2055.927,-36470.804
PF33/0048/C291,CE,40.857452,13.620252,50.0,-2143.028,-36284.965
PF34/0048/C291,CE,40.868313,13.614757,12.0,-930.0,-36729.0
PF35/0048/C291,CE,40.868461,13.607563,12.0,-904.0,-37335.0
PF09/0049/C291,CE,40.843035,13.62474,50.0,-3749.527,-35931.841
PF10/0049/C291,CE,40.84345,13.628542,50.0,-3708.41,-35610.541
PF14/0049/C291,CE,40.853739,13.616384,50.0,-2550.064,-36617.475
PF15/0049/C291,CE,40.855772,13.620583,50.0,-2330.023,-36260.031
PF18/0049/C291,CE,40.848212,13.620799,50.0,-3169.52,-36255.029
PF20/0049/C291,CE,40.853715,13.62239,50.0,-2560.746,-36111.283
PF21/0049/C291,CE,40.848858,13.625351,50.0,-3103.818,-35870.176
PF22/0049/C291,CE,40.851136,13.618646,50.0,-2842.1,-36431.342
PF24/0049/C291,CE,40.847298,13.625776,50.0,-3277.666,-35837.016
PF25/0049/C291,CE,40.953693,13.999978,12.0,4534105.91,2435843.07
PF26/0049/C291,CE,40.5508,14.02738,12.0,-36645.024,-2346.46
PF01/0050/C291,CE,40.833179,13.632492,50.0,-4853.926,-35295.393
PF02/0050/C291,CE,40.826103,13.638727,50.0,-5647.598,-34781.847
PF05/0050/C291,CE,40.940491,14.008544,50.0,4532632.08,2436547.4
PF06/0050/C291,CE,40.943512,14.006678,12.0,4532969.22,2436394.13
PF07/0050/C291,CE,40.822888,13.642126,50.0,-6008.995,-34500.739
PF08/0050/C291,CE,40.916061,14.023345,50.0,4529905.96,2437763.05
PF11/0050/C291,CE,40.933477,14.013287,12.0,4531848.92,2436937.88
PF12/0050/C291,CE,40.923878,14.019355,12.0,4530777.57,2437436.78
PF13/0050/C291,CE,40.936975,14.010908,12.0,4532239.51,2436741.94
PF15/0050/C291,CE,40.947179,14.003959,12.0,4533378.88,2436169.85
PF17/0050/C291,CE,40.919356,14.022711,12.0,4530272.36,2437713.72
PF18/0050/C291,CE,40.81149,13.646529,12.0,-7280.0,-34149.0
PF01/0051/C291,CE,40.910294,14.02706,50.0,4529262.31,2438068.72
PF02/0051/C291,CE,40.898949,14.033177,50.0,4527997.15,2438569.99
PF03/0051/C291,CE,40.904783,14.030941,50.0,4528646.919,2438388.875
PF05/0051/C291,CE,40.899566,14.035543,50.0,4528063.52,2438770.06
PF06/0051/C291,CE,40.898969,14.032739,50.0,4527999.81,2438533.11
PF07/0051/C291,CE,40.900356,14.032773,50.0,4528153.709,2438537.706
PF03/0052/C291,CE,40.918107,13.561087,50.0,4670.75,-41161.079
PF04/0001/C558,CE,40.94028,14.114786,50.0,6512.641,5490.655
PF07/0001/C558,CE,40.939298,14.060477,20.0,6451.391,917.702
PF07/0002/C558,CE,40.940598,14.064917,12.0,6591.618,1293.026
PF10/0002/C558,CE,40.939882,14.070343,20.0,6507.294,1748.955
PF09/0003/C558,CE,40.93642,14.080454,12.0,6114.0,2596.0
PF11/0003/C558,CE,40.938117,14.076897,20.0,6305.523,2298.586
PF07/0004/C558,CE,40.931307,14.060596,50.0,5564.091,918.206
PF11/0004/C558,CE,40.927507,14.060012,21.0,5142.771,864.443
PF03/0005/C558,CE,40.930259,14.065336,50.0,5443.537,1315.99
PF04/0005/C558,CE,40.930464,14.067391,20.0,5464.423,1489.279
PF01/0006/C558,CE,40.921542,14.099545,50.0,4445.579,4186.227
PF10/0006/C558,CE,40.907278,14.151732,50.0,2818.18,8565.222
PF12/0006/C558,CE,40.926626,14.064841,50.0,5040.677,1270.017
PF16/0006/C558,CE,40.931939,14.066426,50.0,5629.055,1409.783
PF20/0006/C558,CE,40.93153,14.073882,12.0,5577.0,2037.0
PF22/0006/C558,CE,40.928076,14.067718,20.0,5199.01,1513.978
PF15/0007/C558,CE,40.930127,14.084277,50.0,5412.038,2910.546
PF19/0007/C558,CE,40.93385,14.079722,50.0,5829.259,2531.446
PF20/0007/C558,CE,40.930754,14.075826,20.0,5489.069,2199.737
PF19/0008/C558,CE,40.934831,14.085655,12.0,5933.0,3032.0
PF33/0008/C558,CE,40.930757,14.094277,50.0,5473.134,3753.179
PF34/0008/C558,CE,40.935246,14.092158,20.0,5973.326,3580.025
PF12/0009/C558,CE,40.90705,14.156239,50.0,2789.238,8944.553
PF15/0009/C558,CE,40.921216,14.07167,20.0,4433.968,1838.592
PF01/0010/C558,CE,40.916663,14.11074,50.0,3894.351,5123.366
PF02/0010/C558,CE,40.918091,14.10858,50.0,4054.707,4943.109
PF04/0010/C558,CE,40.912206,14.169371,50.0,3350.949,10055.978
PF12/0010/C558,CE,40.91991,14.084801,50.0,4277.337,2942.814
PF24/0010/C558,CE,40.914019,14.163893,50.0,3556.635,9596.623
PF25/0010/C558,CE,40.910661,14.155659,50.0,3190.492,8899.614
PF26/0010/C558,CE,40.914875,14.169564,50.0,3647.102,10075.104
PF27/0010/C558,CE,40.911653,14.165568,50.0,3292.693,9735.14
PF28/0010/C558,CE,40.914254,14.080447,50.0,3653.281,2569.552
PF30/0010/C558,CE,40.917782,14.082659,50.0,4042.97,2759.971
PF31/0010/C558,CE,40.918863,14.079889,20.0,4165.473,2527.977
PF04/0011/C558,CE,40.9158,14.086525,20.0,3819.506,3083.208
PF05/0001/C561,CE,40.888667,14.052574,60.0,837.916,191.482
PF06/0001/C561,CE,40.888998,14.056863,50.0,870.704,553.227
PF16/0001/C561,CE,40.884932,14.058586,50.0,417.738,693.58
PF23/0001/C561,CE,40.902596,14.185584,50.0,2271.327,11411.468
PF26/0001/C561,CE,40.900308,14.188572,50.0,2014.977,11660.762
PF27/0001/C561,CE,40.903215,14.190019,50.0,2336.577,11785.637
PF28/0001/C561,CE,40.893447,14.055967,20.0,1365.44,483.084
PF01/0002/C561,CE,40.901895,14.10311,50.0,2261.509,4464.043
PF03/0002/C561,CE,40.899773,14.064033,50.0,2060.351,1170.078
PF14/0002/C561,CE,41.023874,14.096194,50.0,15808.647,4021.613
PF18/0002/C561,CE,40.991331,14.088703,50.0,12202.544,3354.032
PF19/0002/C561,CE,40.896321,14.072687,50.0,1669.378,1894.966
PF21/0002/C561,CE,40.899489,14.063615,21.0,2029.22,1134.513
PF04/0003/C561,CE,40.892821,14.069174,50.0,1284.051,1594.913
PF05/0003/C561,CE,40.892778,14.073369,50.0,1275.483,1948.274
PF10/0003/C561,CE,40.888098,14.067234,50.0,761.479,1425.932
PF11/0003/C561,CE,40.885279,14.063467,21.0,451.83,1105.183
PF13/0003/C561,CE,40.891178,14.066536,50.0,1103.949,1370.742
PF20/0003/C561,CE,40.889416,14.063428,50.0,911.122,1106.851
PF02/0001/C716,CE,41.145497,14.071431,50.0,29332.547,2083.483
PF03/0001/C716,CE,41.141193,14.074465,12.0,28852.0,2333.0
PF04/0001/C716,CE,41.151446,14.068107,50.0,29996.021,1811.654
PF05/0001/C716,CE,41.1462,14.064918,50.0,29416.491,1537.802
PF07/0001/C716,CE,41.137462,14.077615,50.0,28435.006,2593.002
PF09/0001/C716,CE,41.14507,14.076565,50.0,29280.615,2513.829
PF11/0001/C716,CE,41.141865,14.070642,12.0,28930.0,2013.0
PF12/0001/C716,CE,41.141404,14.073122,50.0,28876.603,2220.616
PF13/0001/C716,CE,41.143359,14.078419,50.0,29088.968,2667.411
PF14/0001/C716,CE,41.142407,14.067479,50.0,28993.056,1748.214
PF15/0001/C716,CE,41.149619,14.073429,50.0,29788.379,2256.052
PF16/0001/C716,CE,41.155757,14.068682,12.0,30474.0,1865.0
PF17/0001/C716,CE,40.883612,14.420964,235.0,5.98,31223.0
PF18/0001/C716,CE,41.160365,14.073837,12.0,30981.0,2303.0
PF19/0001/C716,CE,41.147678,14.06198,50.0,29583.196,1292.99
PF21/0001/C716,CE,41.143566,14.063814,50.0,29124.995,1441.998
PF01/0002/C716,CE,41.150883,14.095111,50.0,29909.59,4076.96
PF03/0002/C716,CE,41.149166,14.078033,50.0,29733.95,2641.878
PF04/0002/C716,CE,41.146179,14.07847,12.0,29402.0,2675.0
PF05/0002/C716,CE,40.91127,14.410902,12.0,3082.0,30396.0
PF01/0003/C716,CE,41.163288,14.109046,50.0,31274.656,5260.39
PF02/0003/C716,CE,41.16587,14.107088,12.0,31563.0,5099.0
PF03/0003/C716,CE,41.167729,14.102392,50.0,31773.45,4707.172
PF04/0003/C716,CE,41.15753,14.107213,12.0,30637.0,5100.0
PF05/0003/C716,CE,41.155816,14.108082,12.0,30446.0,5171.0
PF01/0004/C716,CE,41.150759,14.11887,50.0,29875.349,6070.487
PF02/0004/C716,CE,41.156575,14.111802,12.0,30527.0,5484.0
PF02/0005/C716,CE,41.162037,14.125437,50.0,31121.836,6634.078
PF03/0005/C716,CE,41.164384,14.112333,50.0,31393.492,5537.359
PF05/0005/C716,CE,41.162836,14.11575,50.0,31218.735,5822.294
PF07/0005/C716,CE,41.159078,14.120638,50.0,30797.439,6228.199
PF08/0005/C716,CE,41.158692,14.125861,50.0,30750.146,6665.987
PF01/0006/C716,CE,41.157455,14.123419,10.0,30614.9,6459.7
PF02/0006/C716,CE,41.156475,14.127656,10.0,30502.5,6814.1
PF03/0006/C716,CE,41.152343,14.122459,10.0,30048.1,6373.4
PF04/0006/C716,CE,41.150335,14.127478,10.0,29821.0,6792.3
PF05/0006/C716,CE,41.150231,14.132233,10.0,29805.5,7191.2
PF07/0006/C716,CE,41.154417,14.134773,12.0,30268.0,7409.0
PF01/0007/C716,CE,41.158554,14.140671,50.0,30722.45,7908.426
PF02/0007/C716,CE,41.159857,14.142501,50.0,30865.512,8063.32
PF03/0007/C716,CE,41.15676,14.137156,10.0,30526.2,7611.5
PF06/0007/C716,CE,41.154666,14.138918,10.0,30292.2,7757.0
PF07/0007/C716,CE,41.15338,14.145822,50.0,30143.719,8334.963
PF09/0007/C716,CE,41.150929,14.144802,50.0,29872.518,8246.662
PF10/0007/C716,CE,41.15167,14.148771,50.0,29951.466,8580.566
PF11/0007/C716,CE,41.153359,14.1505,50.0,30137.555,8727.445
PF12/0007/C716,CE,41.156865,14.139536,50.0,30535.904,7811.324
PF13/0007/C716,CE,41.158754,14.147493,50.0,30738.989,8480.962
PF06/0008/C716,CE,41.140558,14.086148,50.0,28771.23,3312.764
PF07/0008/C716,CE,41.132987,14.079945,50.0,27936.154,2783.325
PF08/0008/C716,CE,41.143087,14.081191,50.0,29056.334,2899.746
PF09/0008/C716,CE,41.133862,14.099718,50.0,28016.0,4444.0
PF10/0008/C716,CE,41.135097,14.088115,50.0,28163.146,3471.508
PF11/0008/C716,CE,41.126934,14.085371,50.0,27259.423,3231.686
PF12/0008/C716,CE,41.142362,14.087935,50.0,28969.929,3464.865
PF50/0008/C716,CE,41.125876,14.083064,50.0,27143.912,3036.816
PF51/0008/C716,CE,41.131169,14.07966,50.0,27734.596,2757.249
PF01/0009/C716,CE,41.142757,14.103061,50.0,29000.563,4734.747
PF02/0009/C716,CE,41.143872,14.136787,50.0,29095.678,7566.359
PF03/0009/C716,CE,40.943607,14.388711,12.0,6684.53,28552.26
PF04/0009/C716,CE,40.946679,14.380707,12.0,7030.38,27880.93
PF03/0010/C716,CE,41.147606,14.142821,50.0,29505.204,8076.808
PF07/0010/C716,CE,41.147903,14.151142,50.0,29531.379,8775.366
PF08/0010/C716,CE,41.142604,14.06619,50.0,29016.102,1640.234
PF11/0010/C716,CE,41.145646,14.145213,50.0,29285.723,8275.389
PF12/0010/C716,CE,41.143323,14.150835,50.0,29023.149,8744.673
PF13/0010/C716,CE,41.144349,14.147757,50.0,29139.646,8487.514
PF15/0010/C716,CE,41.150063,14.146164,50.0,29775.256,8359.985
PF16/0010/C716,CE,41.146863,14.148219,50.0,29418.324,8528.966
PF17/0010/C716,CE,41.147158,14.139728,50.0,29458.092,7816.807
PF18/0010/C716,CE,41.150111,14.137142,12.0,29788.0,7603.0
PF02/0011/C716,CE,41.1376,14.142987,50.0,28394.253,8079.845
PF04/0011/C716,CE,41.135577,14.143611,54.0,28169.156,8129.969
PF06/0011/C716,CE,41.140086,14.150053,50.0,28664.495,8675.523
PF07/0011/C716,CE,41.137141,14.148273,50.0,28339.0,8523.0
PF08/0011/C716,CE,41.139377,14.14626,50.0,28588.813,8356.458
PF09/0011/C716,CE,41.134287,14.151804,50.0,28019.254,8816.21
PF10/0011/C716,CE,41.14077,14.138349,12.0,28750.0,7694.0
PF11/0011/C716,CE,41.14216,14.14076,50.0,28902.369,7897.879
PF12/0011/C716,CE,41.136116,14.158166,50.0,28217.084,9352.21
PF14/0011/C716,CE,41.135248,14.155363,50.0,28123.0,9116.0
PF15/0011/C716,CE,41.13257,14.143984,50.0,27835.0,8158.0
PF03/0012/C716,CE,41.127619,14.146718,12.0,27283.1,8382.1
PF05/0012/C716,CE,41.130834,14.149847,50.0,27637.465,8648.243
PF06/0012/C716,CE,41.12966,14.152768,50.0,27504.773,8892.124
PF07/0012/C716,CE,41.129653,14.143009,12.0,27512.0,8073.0
PF08/0012/C716,CE,41.125785,14.146157,12.0,27080.0,8333.0
PF01/0001/C939,CE,40.714512,14.319304,50.0,-18703.948,22512.266
PF03/0002/C939,CE,40.718777,14.305529,50.0,-18221.387,21352.441
PF04/0002/C939,CE,40.71774,14.312671,50.0,-18341.21,21954.798
PF05/0002/C939,CE,40.716584,14.309925,50.0,-18467.734,21721.861
PF06/0002/C939,CE,40.722186,14.313019,12.0,-17848.0,21988.0
PF07/0002/C939,CE,40.721956,14.308,50.0,-17870.112,21563.917
PF08/0002/C939,CE,40.723374,14.305158,50.0,-17710.863,21325.147
PF09/0002/C939,CE,40.720106,14.310998,50.0,-18077.552,21815.533
PF03/0003/C939,CE,40.720452,14.295821,50.0,-18028.97,20533.976
PF04/0003/C939,CE,40.718024,14.292153,12.0,-18296.0,20222.0
PF06/0003/C939,CE,40.715653,14.291629,50.0,-18558.754,20175.636
PF07/0003/C939,CE,40.713767,14.294826,50.0,-18770.297,20443.979
PF01/0004/C939,CE,40.709611,14.304705,50.0,-19238.378,21274.801
PF02/0004/C939,CE,40.712305,14.305019,50.0,-18939.495,21303.662
PF03/0004/C939,CE,40.713652,14.309578,12.0,-18793.0,21690.0
PF04/0004/C939,CE,40.711866,14.308728,50.0,-18990.652,21616.638
PF05/0004/C939,CE,40.715632,14.30695,50.0,-18571.441,21469.745
PF06/0004/C939,CE,40.710303,14.300676,50.0,-19158.797,20935.085
PF09/0004/C939,CE,40.714392,14.303691,50.0,-18706.95,21193.354
PF10/0004/C939,CE,40.70863,14.296999,12.0,-19342.0,20623.0
PF03/0005/C939,CE,40.710085,14.31705,50.0,-19193.936,22318.042
PF04/0005/C939,CE,40.716474,14.315508,50.0,-18483.716,22193.328
PF05/0005/C939,CE,40.71299,14.316322,12.0,-18871.0,22259.0
PF06/0005/C939,CE,40.708438,14.319748,12.0,-19378.5,22544.5
PF07/0005/C939,CE,40.711349,14.319191,12.0,-19055.0,22500.0
PF09/0005/C939,CE,40.713986,14.310021,50.0,-18756.19,21727.684
PF10/0005/C939,CE,40.71267,14.316279,50.0,-18906.398,22255.134
PF11/0005/C939,CE,40.713731,14.313149,50.0,-18786.642,21991.685
PF12/0005/C939,CE,40.709872,14.312023,50.0,-19214.236,21893.204
PF01/0006/C939,CE,40.704232,14.29017,50.0,-19825.658,20042.174
PF03/0006/C939,CE,40.698537,14.283103,12.0,-20453.0,19440.0
PF04/0006/C939,CE,40.701036,14.283739,50.0,-20176.0,19496.0
PF05/0006/C939,CE,40.69947,14.287003,50.0,-20352.043,19770.356
PF06/0006/C939,CE,40.706317,14.285129,60.0,-19590.77,19618.219
PF07/0006/C939,CE,40.711628,14.288644,50.0,-19003.581,19919.953
PF08/0006/C939,CE,40.70923,14.292128,50.0,-19272.189,20212.025
PF09/0006/C939,CE,40.70603,14.2884,50.0,-19624.876,19894.236
PF10/0006/C939,CE,40.701498,14.287307,50.0,-20127.167,19797.835
PF11/0006/C939,CE,40.706746,14.282723,50.0,-19541.387,19415.303
PF01/0007/C939,CE,40.710817,14.402299,50.0,-19165.212,29519.649
PF02/0007/C939,CE,40.704677,14.303294,50.0,-19785.07,21151.31
PF03/0007/C939,CE,40.705815,14.294353,9.0,-19652.8,20397.0
PF06/0007/C939,CE,40.702511,14.295099,12.0,-20020.0,20457.0
PF07/0007/C939,CE,40.702743,14.299121,50.0,-19997.0,20797.0
PF09/0007/C939,CE,40.705642,14.300404,12.0,-19676.0,20908.0
PF01/0008/C939,CE,40.706992,14.313241,50.0,-19534.737,21993.601
PF05/0008/C939,CE,40.700171,14.311358,50.0,-20290.694,21828.569
PF06/0008/C939,CE,41.059067,14.009196,50.0,19795.055,-3248.309
PF07/0008/C939,CE,40.706352,14.31652,12.0,-19608.0,22270.0
PF08/0008/C939,CE,40.706825,14.308217,12.0,-19550.0,21569.0
PF01/0009/C939,CE,40.699946,14.277974,12.0,-20293.0,19008.0
PF02/0009/C939,CE,40.697437,14.275824,12.0,-20570.0,18824.0
PF01/0010/C939,CE,40.69031,14.28672,50.0,-21368.694,19738.141
PF02/0010/C939,CE,40.687984,14.286941,50.0,-21627.065,19754.779
PF03/0010/C939,CE,40.694956,14.28249,12.0,-20850.0,19385.0
PF04/0010/C939,CE,40.695164,14.278192,12.0,-20824.0,19022.0
PF01/0011/C939,CE,40.697022,14.291573,50.0,-20626.905,20154.201
PF04/0011/C939,CE,40.691445,14.294849,50.0,-21248.227,20426.033
PF06/0011/C939,CE,40.700028,14.294588,50.0,-20295.322,20411.626
PF07/0011/C939,CE,40.693326,14.297213,50.0,-21041.007,20627.458
PF08/0011/C939,CE,40.68986,14.29019,50.0,-21421.0,20031.0
PF09/0011/C939,CE,40.692467,14.290209,50.0,-21131.642,20034.95
PF10/0011/C939,CE,40.696913,14.291952,50.0,-20639.296,20186.182
PF01/0012/C939,CE,40.697663,14.306808,50.0,-20566.06,21441.973
PF02/0012/C939,CE,40.699819,14.308043,50.0,-20327.54,21548.205
PF03/0012/C939,CE,40.698456,14.3038,50.0,-20475.979,21188.577
PF01/0013/C939,CE,40.681535,14.27752,50.0,-22336.466,18952.812
PF02/0013/C939,CE,40.691812,14.27811,12.0,-21196.0,19012.0
PF03/0013/C939,CE,40.690406,14.276461,50.0,-21351.006,18871.401
PF04/0013/C939,CE,40.68408,14.276677,50.0,-22053.342,18883.914
PF50/0013/C939,CE,40.692547,14.27785,50.0,-21114.219,18990.767
PF03/0014/C939,CE,40.683798,14.277476,10.0,-22085.2,18951.1
PF05/0014/C939,CE,40.684401,14.284389,10.0,-22023.0,19535.9
PF13/0014/C939,CE,40.679502,14.277337,50.0,-22561.976,18935.487
PF14/0014/C939,CE,40.681828,14.287099,50.0,-22310.549,19762.575
PF15/0014/C939,CE,40.687502,14.278807,50.0,-21675.0,19067.0
PF16/0014/C939,CE,40.677048,14.278583,50.0,-22835.314,19038.539
PF01/0015/C939,CE,40.688228,14.295489,50.0,-21605.77,20477.307
PF04/0015/C939,CE,40.683244,14.290481,50.0,-22155.657,20049.615
PF05/0015/C939,CE,40.685313,14.293297,50.0,-21927.908,20289.425
PF06/0015/C939,CE,40.685844,14.288566,50.0,-21865.761,19890.173
PF07/0015/C939,CE,40.691408,14.300266,50.0,-21255.996,20883.694
PF08/0015/C939,CE,40.688449,14.292192,50.0,-21579.0,20198.839
PF02/0016/C939,CE,40.674818,14.266287,50.0,-23074.255,17997.331
PF03/0016/C939,CE,40.678973,14.261416,9.0,-22609.5,17589.5
PF05/0016/C939,CE,40.686059,14.260519,50.0,-21822.242,17520.274
PF06/0016/C939,CE,40.684227,14.263814,12.0,-22028.0,17797.0
PF07/0016/C939,CE,40.680234,14.264138,50.0,-22471.447,17820.72
PF03/0017/C939,CE,40.683622,14.270746,50.0,-22100.008,18382.297
PF07/0017/C939,CE,40.677245,14.265392,9.0,-22804.107,17923.889
PF09/0017/C939,CE,40.675242,14.269417,50.0,-23029.314,18262.179
PF11/0017/C939,CE,40.675025,14.27441,50.0,-23056.948,18683.976
PF13/0017/C939,CE,40.68239,14.271768,9.0,-22237.5,18467.5
PF15/0017/C939,CE,40.6852,14.269578,50.0,-21924.012,18285.006
PF18/0017/C939,CE,40.677496,14.274572,50.0,-22782.79,18699.98
PF19/0017/C939,CE,40.679965,14.267839,50.0,-22503.935,18133.227
PF20/0017/C939,CE,40.686147,14.265776,50.0,-21816.189,17964.637
PF21/0017/C939,CE,40.679663,14.272019,50.0,-22540.36,18486.21
PF22/0017/C939,CE,40.677233,14.270422,12.0,-22809.0,18349.0
PF02/0018/C939,CE,40.674358,14.277325,50.0,-23132.983,18929.768
PF03/0018/C939,CE,40.672391,14.275528,50.0,-23350.136,18776.116
PF04/0018/C939,CE,40.671702,14.278106,50.0,-23428.32,18993.318
PF06/0018/C939,CE,40.66992,14.283416,50.0,-23629.833,19440.566
PF07/0018/C939,CE,40.669424,14.278977,10.0,-23681.8,19064.9
PF08/0018/C939,CE,40.673053,14.281617,50.0,-23280.83,19291.326
PF09/0018/C939,CE,40.675377,14.281176,50.0,-23022.521,19256.124
PF10/0018/C939,CE,40.67279,14.284586,50.0,-23312.045,19542.049
PF02/0019/C939,CE,40.68114,14.29297,50.0,-22390.942,20258.122
PF03/0019/C939,CE,40.681752,14.297553,10.0,-22326.1,20645.9
PF04/0019/C939,CE,40.679365,14.295266,10.0,-22589.5,20450.5
PF06/0019/C939,CE,40.676107,14.284633,50.0,-22943.95,19549.032
PF07/0019/C939,CE,40.67652,14.28902,10.0,-22901.1,19920.1
PF08/0019/C939,CE,40.676169,14.29177,10.0,-22941.9,20152.2
PF09/0019/C939,CE,40.675196,14.287483,10.0,-23047.0,19789.0
PF11/0019/C939,CE,40.673668,14.289058,50.0,-23217.669,19920.776
PF12/0019/C939,CE,40.679326,14.28971,12.0,-22590.0,19981.0
PF02/0020/C939,CE,40.669398,14.258748,50.0,-23670.51,17355.009
PF04/0020/C939,CE,40.669029,14.26449,12.0,-23715.5,17840.0
PF05/0020/C939,CE,40.671707,14.270478,50.0,-23422.476,18348.607
PF07/0020/C939,CE,40.672814,14.261817,50.0,-23293.452,17617.624
PF08/0020/C939,CE,40.667106,14.261695,50.0,-23927.0,17602.0
PF09/0020/C939,CE,40.671977,14.266841,12.0,-23390.0,18041.5
PF01/0021/C939,CE,40.670246,14.27677,50.0,-23589.043,18879.104
PF02/0021/C939,CE,40.670262,14.271626,50.0,-23583.746,18444.333
PF04/0021/C939,CE,40.666257,14.267494,10.0,-24025.4,18091.4
PF05/0021/C939,CE,40.665442,14.263352,50.0,-24112.954,17740.518
PF06/0021/C939,CE,40.66417,14.266659,10.0,-24256.5,18018.9
PF11/0021/C939,CE,40.664212,14.269783,50.0,-24254.0,18283.0
PF12/0021/C939,CE,40.665865,14.275486,50.0,-24074.526,18766.574
PF13/0021/C939,CE,40.669577,14.267531,50.0,-23656.83,18097.54
PF14/0021/C939,CE,40.66247,14.263522,50.0,-24442.983,17752.118
PF03/0022/C939,CE,40.663325,14.282084,50.0,-24360.981,19321.991
PF04/0022/C939,CE,40.66369,14.28817,50.0,-24324.713,19836.774
PF05/0022/C939,CE,40.66117,14.287993,50.0,-24604.332,19819.498
PF06/0022/C939,CE,40.667352,14.280705,50.0,-23913.057,19209.036
PF07/0022/C939,CE,40.665257,14.284134,50.0,-24147.95,19497.015
PF01/0023/C939,CE,40.664783,14.293231,50.0,-24206.816,20265.519
PF02/0023/C939,CE,40.666494,14.290397,12.0,-24015.0,20027.5
PF03/0023/C939,CE,40.669564,14.290128,50.0,-23674.0,20007.5
PF04/0023/C939,CE,40.670487,14.286159,50.0,-23568.792,19672.929
PF06/0023/C939,CE,40.668018,14.29661,12.0,-23850.0,20554.0
PF01/0024/C939,CE,40.663249,14.294066,50.0,-24377.627,20334.719
PF02/0024/C939,CE,40.66257,14.291588,50.0,-24451.34,20124.7
PF05/0024/C939,CE,40.659371,14.292025,50.0,-24806.794,20158.788
PF06/0024/C939,CE,40.663171,14.301653,12.0,-24391.5,20976.0
PF07/0024/C939,CE,40.661485,14.302167,50.0,-24579.0,21018.0
PF08/0024/C939,CE,40.656589,14.292684,50.0,-25116.0,20212.0
PF09/0024/C939,CE,40.662219,14.29699,12.0,-24494.0,20581.0
PF01/0025/C939,CE,40.660148,14.273228,50.0,-24707.512,18570.482
PF02/0025/C939,CE,40.662275,14.277105,50.0,-24474.1,18900.1
PF03/0025/C939,CE,40.662578,14.273231,50.0,-24437.747,18572.963
PF04/0025/C939,CE,41.014532,13.968185,50.0,14891.013,-6752.957
PF05/0025/C939,CE,40.660069,14.284343,12.0,-24724.0,19510.0
PF01/0026/C939,CE,40.654196,14.277936,12.0,-25371.5,18963.0
PF02/0026/C939,CE,40.655474,14.27317,50.0,-25226.398,18561.218
PF03/0026/C939,CE,40.657467,14.290412,50.0,-25017.07,20020.683
PF04/0026/C939,CE,40.654405,14.290566,12.0,-25357.0,20031.0
PF06/0026/C939,CE,41.006822,13.973565,50.0,14029.658,-6310.63
PF07/0026/C939,CE,40.657312,14.285627,12.0,-25031.0,19616.0
PF04/0001/D228,CE,40.969004,14.086405,50.0,9725.908,3134.833
PF07/0001/D228,CE,40.966637,14.065354,21.0,9481.927,1360.694
PF03/0002/D228,CE,40.963061,14.076908,21.0,9074.634,2328.791
PF01/0003/D228,CE,40.962086,14.063962,10.0,8978.0,1238.2
PF06/0003/D228,CE,40.962003,14.09594,50.0,8940.428,3929.098
PF11/0003/D228,CE,40.94815,14.131014,50.0,7372.552,6865.363
PF23/0003/D228,CE,40.957294,14.13063,50.0,8387.964,6843.178
PF27/0003/D228,CE,40.947273,14.107416,50.0,7295.27,4878.17
PF28/0003/D228,CE,40.960269,14.098983,50.0,8745.212,4183.212
PF29/0003/D228,CE,40.958924,14.0706,21.0,8620.928,1793.076
PF01/0001/D361,CE,40.98495,14.283136,50.0,11341.677,19703.079
PF03/0001/D361,CE,40.983447,14.284999,50.0,11173.542,19858.444
PF04/0001/D361,CE,40.991686,14.285262,50.0,12088.0,19888.0
PF07/0001/D361,CE,40.989339,14.287403,12.0,11826.0,20066.0
PF01/0002/D361,CE,40.989003,14.292834,10.0,11785.0,20522.5
PF02/0002/D361,CE,40.986791,14.290504,12.0,11541.0,20324.5
PF03/0002/D361,CE,40.987286,14.295469,50.0,11592.54,20742.674
PF04/0002/D361,CE,40.993619,14.289069,10.0,12300.0,20210.0
PF02/0003/D361,CE,40.983294,14.297284,50.0,11148.159,20891.737
PF04/0003/D361,CE,40.987473,14.30443,50.0,11607.273,21496.618
PF01/0004/D361,CE,40.986929,14.307299,50.0,11544.994,21737.5
PF02/0004/D361,CE,40.985206,14.306129,50.0,11354.483,21637.548
PF04/0004/D361,CE,40.988808,14.308546,50.0,11752.686,21843.972
PF05/0004/D361,CE,40.985241,14.302071,50.0,11361.107,21296.14
PF06/0004/D361,CE,40.983104,14.307726,50.0,11120.0,21770.0
PF50/0004/D361,CE,40.988824,14.307024,50.0,11755.496,21715.955
PF01/0005/D361,CE,40.979459,14.31051,12.0,10713.5,22001.0
PF03/0005/D361,CE,40.985143,14.309567,50.0,11345.169,21926.695
PF05/0005/D361,CE,40.981892,14.311066,50.0,10983.272,22049.953
PF06/0005/D361,CE,40.979871,14.314779,50.0,10756.455,22360.501
PF07/0005/D361,CE,40.982342,14.314148,50.0,11031.221,22309.644
PF08/0005/D361,CE,40.987095,14.311847,50.0,11560.318,22120.192
PF01/0006/D361,CE,40.985349,14.273863,50.0,11392.43,18923.372
PF02/0006/D361,CE,40.983202,14.275565,50.0,11152.897,19064.552
PF05/0006/D361,CE,40.981188,14.284117,50.0,10923.376,19782.19
PF06/0006/D361,CE,40.979839,14.286509,50.0,10771.986,19982.173
PF07/0006/D361,CE,40.977262,14.284445,50.0,10487.303,19806.203
PF08/0006/D361,CE,40.9864,14.278846,50.0,11505.586,19343.463
PF09/0006/D361,CE,40.977342,14.281421,50.0,10498.259,19551.837
PF03/0007/D361,CE,40.977879,14.288532,50.0,10552.995,20150.542
PF04/0007/D361,CE,40.981376,14.293967,12.0,10937.5,20611.0
PF05/0007/D361,CE,40.983636,14.289663,50.0,11191.302,20250.922
PF06/0007/D361,CE,40.979597,14.291808,50.0,10741.468,20427.711
PF08/0007/D361,CE,40.979801,14.28704,50.0,10767.415,20026.822
PF02/0008/D361,CE,40.979511,14.273083,10.0,10744.814,18852.353
PF03/0008/D361,CE,40.97978,14.277208,50.0,10771.829,19199.603
PF04/0008/D361,CE,40.977127,14.277627,50.0,10477.082,19232.394
PF05/0008/D361,CE,40.975871,14.277406,10.0,10337.8,19212.7
PF06/0008/D361,CE,40.981226,14.27092,50.0,10936.819,18671.942
PF02/0009/D361,CE,40.975663,14.288043,50.0,10307.355,20107.433
PF03/0009/D361,CE,40.981914,14.300504,50.0,10992.803,21161.431
PF04/0009/D361,CE,40.976589,14.293187,50.0,10406.562,20541.038
PF01/0010/D361,CE,40.969898,14.292468,50.0,9664.254,20474.569
PF04/0010/D361,CE,40.970797,14.295296,50.0,9762.19,20713.336
PF06/0010/D361,CE,40.975189,14.300296,50.0,10246.324,21137.959
PF07/0010/D361,CE,40.974688,14.297207,50.0,10192.859,20877.574
PF08/0010/D361,CE,40.973564,14.293325,50.0,10070.702,20549.995
PF09/0010/D361,CE,40.968492,14.29698,50.0,9505.148,20852.973
PF11/0010/D361,CE,40.97791,14.295183,50.0,10551.897,20710.164
PF12/0010/D361,CE,40.972499,14.290782,50.0,9954.191,20335.07
PF03/0011/D361,CE,40.97704,14.305196,10.0,10448.6,21551.8
PF05/0011/D361,CE,40.971185,14.303132,10.0,9800.0,21373.0
PF08/0011/D361,CE,40.968055,14.301356,50.0,9453.723,21220.74
PF09/0011/D361,CE,40.974103,14.302169,50.0,10124.498,21294.558
PF11/0011/D361,CE,40.970557,14.299469,50.0,9732.67,21064.25
PF12/0011/D361,CE,40.979253,14.307902,50.0,10692.383,21781.427
PF13/0011/D361,CE,40.980638,14.305113,12.0,10848.0,21548.0
PF14/0011/D361,CE,40.973315,14.305297,50.0,10035.0,21557.0
PF01/0012/D361,CE,40.975985,14.311077,50.0,10327.574,22045.677
PF02/0012/D361,CE,40.972984,14.311761,50.0,9993.95,22100.604
PF05/0012/D361,CE,40.977078,14.313956,50.0,10446.982,22288.864
PF01/0013/D361,CE,40.971249,14.319621,50.0,9796.12,22760.445
PF02/0013/D361,CE,40.978143,14.327925,12.0,10556.0,23465.0
PF03/0013/D361,CE,40.976092,14.325366,12.0,10330.0,23248.0
PF05/0013/D361,CE,40.977496,14.320453,50.0,10489.084,22835.793
PF01/0014/D361,CE,40.974554,14.279221,50.0,10190.289,19364.152
PF04/0015/D361,CE,40.971958,14.288539,10.0,9895.7,20145.8
PF05/0015/D361,CE,40.969634,14.283438,10.0,9641.2,19714.5
PF06/0015/D361,CE,40.967891,14.280097,10.0,9450.0,19431.8
PF10/0015/D361,CE,40.972968,14.288671,50.0,10007.728,20157.872
PF11/0015/D361,CE,40.967403,14.285415,12.0,9392.185,19878.83
PF12/0015/D361,CE,40.966924,14.290117,12.0,9335.728,20274.034
PF04/0016/D361,CE,40.964519,14.308135,50.0,9056.642,21788.076
PF07/0016/D361,CE,40.965963,14.304878,50.0,9219.082,21515.316
PF08/0016/D361,CE,40.96692,14.308337,50.0,9323.041,21807.198
PF09/0016/D361,CE,40.970233,14.311013,50.0,9689.047,22035.242
PF11/0016/D361,CE,40.963729,14.305236,50.0,8970.875,21543.459
PF12/0016/D361,CE,40.969034,14.305253,50.0,9559.768,21549.584
PF01/0017/D361,CE,40.969456,14.315651,50.0,9599.715,22424.814
PF04/0017/D361,CE,40.962161,14.312845,50.0,8791.749,22182.355
PF07/0017/D361,CE,40.966438,14.311397,50.0,9267.501,22064.274
PF08/0017/D361,CE,40.965192,14.31458,12.0,9127.0,22331.0
PF01/0019/D361,CE,40.961703,14.263031,12.0,8775.0,17990.0
PF02/0019/D361,CE,40.962738,14.269948,50.0,8885.0,18573.0
PF01/0020/D361,CE,40.960797,14.278364,8.0,8663.7,19279.49
PF02/0020/D361,CE,40.957341,14.278598,50.0,8279.898,19295.998
PF03/0020/D361,CE,40.964921,14.288357,12.0,9114.587,20124.136
PF04/0020/D361,CE,40.964116,14.285791,12.0,9027.0,19907.5
PF05/0020/D361,CE,40.958912,14.276133,12.0,8456.0,19090.0
PF06/0020/D361,CE,40.964861,14.281592,12.0,9112.663,19554.834
PF01/0021/D361,CE,40.967838,14.29268,10.0,9435.5,20490.5
PF03/0021/D361,CE,40.967115,14.299593,50.0,9350.542,21071.588
PF04/0021/D361,CE,40.963878,14.293108,10.0,8995.6,20523.0
PF05/0021/D361,CE,40.962489,14.297448,50.0,8838.486,20886.959
PF07/0021/D361,CE,40.961331,14.292933,10.0,8712.9,20506.0
PF08/0021/D361,CE,40.959507,14.297034,10.0,8507.7,20849.5
PF10/0021/D361,CE,40.965711,14.297053,50.0,9196.435,20856.565
PF11/0021/D361,CE,40.96088,14.306128,12.0,8654.0,21616.0
PF04/0022/D361,CE,40.958835,14.309135,50.0,8424.904,21867.231
PF07/0022/D361,CE,40.962164,14.308569,50.0,8794.902,21822.501
PF08/0022/D361,CE,40.958557,14.305124,50.0,8396.804,21529.456
PF09/0022/D361,CE,40.958892,14.302253,50.0,8435.878,21288.16
PF11/0022/D361,CE,40.956059,14.306819,50.0,8118.323,21669.859
PF01/0023/D361,CE,40.956478,14.267224,50.0,8192.0,18338.0
PF03/0023/D361,CE,40.956676,14.262521,50.0,8217.39,17942.324
PF04/0023/D361,CE,40.958133,14.255573,12.0,8384.0,17359.0
PF01/0024/D361,CE,40.954682,14.276976,60.0,7985.775,19157.002
PF03/0024/D361,CE,40.955345,14.271694,12.0,8063.1,18713.1
PF05/0024/D361,CE,40.95026,14.278041,60.0,7494.197,19242.631
PF06/0024/D361,CE,40.957215,14.275296,50.0,8268.153,19018.013
PF07/0024/D361,CE,40.951031,14.274829,60.0,7582.0,18973.0
PF08/0024/D361,CE,40.952407,14.278854,12.0,7732.0,19313.0
PF01/0025/D361,CE,40.955329,14.281504,50.0,8054.449,19538.711
PF02/0025/D361,CE,40.95071,14.282508,12.0,7541.0,19619.0
PF03/0025/D361,CE,40.957266,14.283756,12.0,8268.0,19730.0
PF01/0026/D361,CE,40.959491,14.300178,50.0,8503.8,21114.0
PF02/0026/D361,CE,40.957351,14.30006,32.0,8266.289,21102.239
PF04/0026/D361,CE,40.958869,14.297773,50.0,8436.374,20911.116
PF01/0027/D361,CE,40.950335,14.267328,50.0,7510.0,18341.0
PF02/0028/D361,CE,40.941448,14.278035,12.0,6516.0,19234.0
PF03/0028/D361,CE,40.940707,14.274633,50.0,6436.043,18946.949
PF04/0028/D361,CE,40.943291,14.275995,12.0,6722.0,19064.0
PF05/0028/D361,CE,40.946656,14.268141,12.0,7101.0,18406.0
PF06/0028/D361,CE,40.949032,14.270764,12.0,7363.0,18629.0
PF01/0029/D361,CE,40.943872,14.284737,50.0,6780.433,19800.361
PF03/0029/D361,CE,40.94315,14.280682,12.0,6703.089,19458.365
PF04/0029/D361,CE,40.946579,14.281638,12.0,7083.0,19542.0
PF01/0030/D361,CE,40.94329,14.287764,50.0,6713.716,20054.699
PF02/0030/D361,CE,40.946083,14.286291,50.0,7024.765,19933.182
PF05/0030/D361,CE,40.940002,14.284489,12.0,6351.0,19776.0
PF01/0032/D361,CE,40.940745,14.287944,50.0,6431.11,20067.554
PF04/0032/D361,CE,40.93739,14.29118,50.0,6056.458,20336.901
PF05/0032/D361,CE,40.940725,14.296456,12.0,6423.0,20784.0
PF01/0033/D361,CE,41.025326,14.583907,50.0,15659.694,45026.096
PF04/0002/D471,CE,40.970069,14.103869,12.0,9828.985,4605.584
PF05/0002/D471,CE,40.971781,14.096388,12.0,10025.5,3978.0
PF06/0002/D471,CE,40.968935,14.108637,12.0,9698.98,5005.46
PF07/0002/D471,CE,40.970575,14.099399,12.0,9889.0,4230.0
PF03/0003/D471,CE,40.9632,14.107669,50.0,9063.117,4917.52
PF04/0003/D471,CE,40.966268,14.111868,50.0,9400.122,5274.334
PF05/0003/D471,CE,40.965623,14.107809,12.0,9332.0,4932.0
PF04/0006/D471,CE,40.971153,14.089218,12.0,9962.0,3374.0
PF02/0007/D471,CE,40.960562,14.103162,50.0,8774.163,4535.186
PF03/0007/D471,CE,40.959809,14.097683,50.0,8695.332,4073.278
PF06/0007/D471,CE,40.963531,14.09742,50.0,9108.689,4055.376
PF08/0007/D471,CE,40.96782,14.098659,50.0,9583.794,4164.59
PF09/0007/D471,CE,40.964567,14.103805,50.0,9218.201,4593.912
PF10/0007/D471,CE,40.962865,14.100878,50.0,9031.841,4345.658
PF11/0007/D471,CE,40.961541,14.096028,12.0,8889.0,3936.0
PF01/0008/D471,CE,40.96519,14.111489,50.0,9280.781,5241.2
PF02/0008/D471,CE,40.961469,14.114568,50.0,8865.076,5496.139
PF05/0009/D471,CE,40.954129,14.120289,12.0,8045.373,5969.329
PF01/0011/D471,CE,40.953612,14.101778,50.0,8003.867,4410.828
PF04/0011/D471,CE,40.957774,14.098619,50.0,8468.551,4149.733
PF06/0011/D471,CE,40.957718,14.104995,50.0,8456.894,4686.206
PF08/0011/D471,CE,40.955882,14.103387,50.0,8254.383,4548.858
PF10/0011/D471,CE,40.951239,14.097689,50.0,7743.985,4063.977
PF19/0011/D471,CE,40.957007,14.101451,50.0,8380.993,4387.195
PF20/0011/D471,CE,40.953032,14.091903,12.0,7948.0,3579.0
PF21/0011/D471,CE,40.952927,14.095522,50.0,7933.18,3883.518
PF22/0011/D471,CE,40.95555,14.09365,12.0,8226.0,3729.0
PF06/0012/D471,CE,40.953888,14.105204,9.0,8031.5,4699.5
PF07/0012/D471,CE,40.954734,14.107383,50.0,8123.499,4883.839
PF11/0012/D471,CE,40.957363,14.10572,50.0,8416.861,4746.882
PF14/0012/D471,CE,40.94891,14.104087,50.0,7479.907,4599.811
PF15/0012/D471,CE,40.949835,14.106934,50.0,7580.06,4840.447
PF16/0012/D471,CE,40.954664,14.111842,12.0,8112.0,5259.0
PF17/0012/D471,CE,40.951636,14.104332,50.0,7782.306,4623.494
PF51/0012/D471,CE,40.949416,14.106471,50.0,7533.938,4800.996
PF01/0013/D471,CE,40.9598,14.107383,50.0,8685.931,4889.565
PF02/0013/D471,CE,40.955886,14.109077,50.0,8249.954,5027.724
PF03/0013/D471,CE,40.958152,14.110868,12.0,8500.0,5181.0
PF06/0013/D471,CE,40.9537,14.114171,12.0,8003.0,5454.0
PF15/0014/D471,CE,40.944047,14.135473,50.0,6913.371,7236.228
PF01/0015/D471,CE,40.946276,14.08698,50.0,7202.317,3156.875
PF03/0015/D471,CE,40.941283,14.090671,50.0,6644.775,3461.772
PF01/0016/D471,CE,40.948658,14.091226,12.0,7463.0,3517.0
PF02/0016/D471,CE,40.948933,14.087478,50.0,7496.91,3201.837
PF03/0016/D471,CE,40.944798,14.093584,12.0,7032.5,3711.0
PF04/0016/D471,CE,40.947768,14.097307,50.0,7358.915,4027.815
PF05/0016/D471,CE,40.950387,14.093985,50.0,7652.603,3751.213
PF04/0017/D471,CE,40.949327,14.117129,12.0,7515.0,5698.0
PF05/0017/D471,CE,40.952139,14.116177,12.0,7828.0,5621.0
PF07/0017/D471,CE,40.94627,14.112949,50.0,7179.2,5342.72
PF08/0017/D471,CE,40.94328,14.106221,50.0,6852.96,4773.009
PF09/0017/D471,CE,40.94568,14.106687,50.0,7119.094,4814.989
PF10/0017/D471,CE,40.943827,14.109373,12.0,6911.0,5039.0
PF11/0017/D471,CE,40.948425,14.111106,12.0,7420.0,5190.0
PF04/0018/D471,CE,40.947149,14.123276,10.0,7268.0,6213.0
PF06/0018/D471,CE,40.93942,14.117356,50.0,6415.0,5706.0
PF07/0018/D471,CE,40.951938,14.120409,50.0,7802.0,5977.0
PF08/0018/D471,CE,40.945278,14.120022,12.0,7063.0,5937.0
PF01/0019/D471,CE,40.937844,14.088266,50.0,6265.144,3255.372
PF02/0019/D471,CE,40.932795,14.081628,50.0,5710.559,2690.664
PF01/0020/D471,CE,40.937194,14.088604,50.0,6192.756,3283.033
PF02/0020/D471,CE,40.938809,14.09301,50.0,6368.09,3655.826
PF03/0020/D471,CE,40.934641,14.089961,50.0,5908.056,3394.339
PF01/0021/D471,CE,40.941227,14.094153,50.0,6635.508,3754.848
PF02/0021/D471,CE,40.936805,14.094766,50.0,6144.147,3801.345
PF03/0021/D471,CE,40.918657,14.125708,12.0,4103.0,6386.0
PF05/0022/D471,CE,40.94589,14.100088,50.0,7148.107,4259.754
PF07/0022/D471,CE,40.949511,14.099384,50.0,7550.656,4204.649
PF08/0022/D471,CE,40.940499,14.101982,12.0,6548.0,4413.0
PF09/0022/D471,CE,40.94361,14.104002,12.0,6891.58,4586.63
PF01/0023/D471,CE,40.941024,14.11045,50.0,6598.909,5126.427
PF03/0023/D471,CE,40.939102,14.109266,50.0,6386.586,5024.58
PF05/0023/D471,CE,40.941259,14.113898,50.0,6622.029,5416.983
PF06/0023/D471,CE,40.93144,14.112909,50.0,5532.884,5322.704
PF07/0023/D471,CE,40.941,14.106049,12.0,6600.0,4756.0
PF03/0024/D471,CE,40.94054,14.121309,12.0,6536.0,6040.0
PF04/0024/D471,CE,40.936597,14.124022,12.0,6096.0,6264.0
PF05/0024/D471,CE,40.93917,14.125936,12.0,6380.0,6428.0
PF03/0025/D471,CE,40.945347,14.127898,12.0,7064.0,6600.0
PF01/0026/D471,CE,40.926602,14.081717,32.0,5022.96,2690.931
PF02/0026/D471,CE,40.929668,14.082794,50.0,5362.362,2785.13
PF03/0026/D471,CE,40.925642,14.085337,50.0,4913.128,2994.579
PF08/0026/D471,CE,40.932644,14.093857,12.0,5683.0,3720.0
PF10/0026/D471,CE,40.930338,14.088187,50.0,5432.0,3240.0
PF11/0026/D471,CE,40.933694,14.099152,12.0,5795.0,4167.0
PF01/0027/D471,CE,40.936819,14.105316,50.0,6136.497,4689.47
PF03/0027/D471,CE,40.930801,14.103131,50.0,5470.349,4498.737
PF04/0027/D471,CE,40.931702,14.100141,12.0,5573.0,4248.0
PF01/0028/D471,CE,40.934381,14.110168,50.0,5861.677,5095.257
PF02/0028/D471,CE,40.92789,14.103852,50.0,5146.617,4556.066
PF03/0028/D471,CE,40.934835,14.183045,12.0,5852.22,11231.07
PF04/0028/D471,CE,40.93123,14.107323,50.0,5514.32,4852.129
PF01/0029/D471,CE,40.929643,14.121246,50.0,5326.3,6022.6
PF03/0029/D471,CE,40.928044,14.121189,50.0,5148.899,6015.96
PF04/0029/D471,CE,40.930121,14.117691,50.0,5382.438,5723.751
PF05/0029/D471,CE,40.929071,14.115585,50.0,5267.579,5545.303
PF06/0029/D471,CE,40.927611,14.116141,50.0,5105.038,5590.463
PF07/0029/D471,CE,40.933068,14.117402,50.0,5709.82,5702.77
PF08/0029/D471,CE,40.936085,14.120572,12.0,6042.0,5973.0
PF09/0029/D471,CE,40.927565,14.124331,12.0,5093.0,6280.0
PF10/0029/D471,CE,40.930734,14.124159,12.0,5445.0,6269.0
PF01/0030/D471,CE,40.93302,14.133262,30.0,5691.132,7037.985
PF06/0030/D471,CE,40.93291,14.127159,10.0,5684.0,6524.0
PF07/0030/D471,CE,40.935603,14.129871,50.0,5980.686,6755.327
PF08/0030/D471,CE,40.931218,14.129794,12.0,5494.0,6744.0
PF01/0031/D471,CE,40.923328,14.089395,12.0,4652.682,3333.616
PF02/0031/D471,CE,40.926192,14.087396,50.0,4972.443,3168.621
PF05/0031/D471,CE,40.920242,14.096413,50.0,4304.0,3921.0
PF01/0032/D471,CE,40.930636,14.097144,50.0,5457.2,3994.5
PF02/0032/D471,CE,40.927542,14.094673,50.0,5115.958,3782.837
PF04/0032/D471,CE,40.923155,14.09771,50.0,4626.251,4033.536
PF01/0033/D471,CE,40.92727,14.12518,50.0,5059.586,6351.174
PF02/0033/D471,CE,40.926594,14.129055,50.0,4981.314,6676.661
PF04/0033/D471,CE,40.921883,14.132992,12.0,4455.0,7003.0
PF05/0033/D471,CE,40.927293,14.132506,50.0,5056.0,6968.0
PF04/0034/D471,CE,40.922701,14.137613,12.0,4542.0,7393.0
PF05/0034/D471,CE,40.924794,14.141128,50.0,4771.417,7691.242
PF07/0034/D471,CE,40.926052,14.135876,50.0,4915.351,7250.399
PF08/0034/D471,CE,40.931036,14.137815,12.0,5467.1,7419.1
PF09/0034/D471,CE,40.929616,14.134149,50.0,5312.51,7108.866
PF02/0035/D471,CE,40.925295,14.102549,50.0,4859.582,4443.448
PF03/0035/D471,CE,40.921907,14.104021,50.0,4482.199,4563.517
PF02/0036/D471,CE,40.916928,14.109339,50.0,3924.906,5005.696
PF05/0036/D471,CE,40.918459,14.106947,12.0,4097.0,4806.0
PF07/0036/D471,CE,40.916337,14.103864,10.0,3864.0,4544.0
PF08/0036/D471,CE,40.921502,14.107785,12.0,4434.0,4880.0
PF02/0037/D471,CE,40.924704,14.115325,12.0,4783.0,5518.5
PF03/0037/D471,CE,40.929164,14.112228,50.0,5280.849,5262.751
PF04/0037/D471,CE,40.93426,14.18534,50.0,5786.54,11423.65
PF02/0038/D471,CE,40.919509,14.123826,50.0,4199.141,6228.491
PF04/0038/D471,CE,40.92206,14.119132,50.0,4486.302,5836.114
PF05/0038/D471,CE,40.922023,14.127576,50.0,4475.015,6547.062
PF06/0038/D471,CE,40.919009,14.127473,50.0,4140.548,6535.022
PF09/0038/D471,CE,40.922817,14.1232,50.0,4566.852,6179.465
PF03/0039/D471,CE,40.920027,14.139546,50.0,4243.473,7552.842
PF04/0039/D471,CE,40.927678,14.145352,50.0,5088.0,8050.0
PF01/0040/D471,CE,40.925048,14.150821,50.0,4791.603,8507.619
PF02/0040/D471,CE,40.918739,14.146275,12.0,4095.0,8118.0
PF01/0042/D471,CE,40.916195,14.097923,50.0,3853.472,4043.475
PF02/0043/D471,CE,40.920543,14.135718,50.0,4304.0,7231.0
PF04/0043/D471,CE,40.916906,14.133951,50.0,3901.67,7078.229
PF05/0043/D471,CE,40.915919,14.141802,50.0,3785.614,7738.292
PF01/0044/D471,CE,40.917762,14.156666,50.0,3978.0,8992.0
PF02/0044/D471,CE,40.913289,14.155975,50.0,3482.0,8929.0
PF03/0044/D471,CE,40.917764,14.152023,12.0,3982.0,8601.0
PF04/0044/D471,CE,40.91421,14.158825,12.0,3582.0,9170.0
PF05/0044/D471,CE,40.9134,14.152539,50.0,3497.119,8639.726
PF06/0044/D471,CE,40.913369,14.14223,50.0,3502.165,7771.588
PF01/0046/D471,CE,40.913205,14.10579,50.0,3514.714,4702.574
PF02/0046/D471,CE,40.913537,14.100763,50.0,3555.902,4279.615
PF03/0046/D471,CE,40.907033,14.102115,50.0,2832.707,4386.108
PF02/0047/D471,CE,40.913217,14.109388,50.0,3512.931,5005.602
PF03/0047/D471,CE,40.91196,14.110729,50.0,3372.219,5117.153
PF06/0047/D471,CE,40.913837,14.116105,12.0,3576.0,5572.0
PF07/0047/D471,CE,40.909754,14.109458,50.0,3128.453,5007.609
PF01/0048/D471,CE,40.910897,14.120395,12.0,3246.0,5930.0
PF03/0048/D471,CE,40.910347,14.117862,50.0,3187.138,5716.022
PF01/0049/D471,CE,40.915772,14.125627,50.0,3782.813,6376.053
PF02/0049/D471,CE,40.912795,14.129823,50.0,3448.783,6726.102
PF03/0049/D471,CE,40.912229,14.132582,50.0,3383.589,6957.786
PF04/0049/D471,CE,40.914499,14.131038,50.0,3636.884,6830.298
PF05/0049/D471,CE,40.909108,14.131266,50.0,3038.206,6843.511
PF07/0049/D471,CE,40.912547,14.124222,50.0,3425.967,6254.151
PF08/0049/D471,CE,40.90621,14.12496,50.0,2721.863,6309.209
PF09/0049/D471,CE,40.913574,14.135434,50.0,3530.602,7199.46
PF01/0050/D471,CE,40.906635,14.130924,50.0,2764.0,6812.0
PF02/0050/D471,CE,40.906341,14.139738,12.0,2724.0,7554.0
PF01/0051/D471,CE,40.91166,14.147275,50.0,3308.265,8194.557
PF03/0051/D471,CE,40.900626,14.145369,50.0,2084.935,8022.131
PF04/0051/D471,CE,40.903405,14.1483,50.0,2391.0,8272.0
PF01/0052/D471,CE,40.904573,14.097051,50.0,2563.957,3956.784
PF04/0052/D471,CE,40.902949,14.116571,50.0,2366.912,5599.018
PF05/0052/D471,CE,40.904796,14.113665,50.0,2574.498,5356.351
PF06/0052/D471,CE,40.904864,14.117786,50.0,2578.5,5703.496
PF07/0052/D471,CE,40.900845,14.102927,50.0,2145.05,4447.4
PF08/0052/D471,CE,40.902032,14.106377,50.0,2273.879,4739.374
PF09/0052/D471,CE,40.907552,14.107013,50.0,2886.134,4799.184
PF10/0052/D471,CE,40.903552,14.10126,50.0,2446.99,4310.091
PF01/0053/D471,CE,40.902332,14.144025,50.0,2275.425,7910.707
PF02/0053/D471,CE,40.901985,14.140364,50.0,2240.0,7602.0
PF02/0054/D471,CE,40.900431,14.14923,50.0,2060.188,8347.068
PF03/0054/D471,CE,40.908609,14.155512,50.0,2962.896,8885.037
PF04/0054/D471,CE,40.904582,14.156031,50.0,2515.397,8924.374
PF01/0055/D471,CE,40.899616,14.125958,12.0,1989.0,6386.0
PF02/0055/D471,CE,40.896696,14.1257,12.0,1665.0,6361.0
PF03/0055/D471,CE,40.897964,14.130278,12.0,1802.0,6748.0
PF04/0055/D471,CE,40.895536,14.120124,12.0,1541.0,5890.0
PF03/0001/D683,CE,41.206948,14.168909,12.0,36072.0,10329.0
PF04/0001/D683,CE,41.206832,14.175339,50.0,36053.97,10867.908
PF02/0002/D683,CE,41.165279,14.157141,10.0,31455.5,9297.5
PF05/0002/D683,CE,41.163102,14.157467,50.0,31213.498,9322.499
PF06/0002/D683,CE,41.158053,14.161946,50.0,30649.412,9692.865
PF09/0002/D683,CE,41.160182,14.16122,50.0,30886.296,9634.266
PF12/0002/D683,CE,41.159684,14.156045,50.0,30835.237,9199.527
PF13/0002/D683,CE,41.159147,14.167505,50.0,30766.386,10160.453
PF14/0002/D683,CE,41.15737,14.164365,50.0,30571.657,9895.098
PF19/0002/D683,CE,41.160286,14.151194,50.0,30906.034,8793.196
PF20/0002/D683,CE,41.160713,14.164107,12.0,30943.0,9877.0
PF02/0003/D683,CE,41.156882,14.164779,50.0,30517.128,9929.364
PF01/0004/D683,CE,41.156611,14.168841,50.0,30483.747,10269.886
PF02/0004/D683,CE,41.15452,14.16893,50.0,30251.518,10275.089
PF03/0004/D683,CE,41.1556,14.171857,50.0,30369.06,10521.873
PF05/0004/D683,CE,41.153269,14.172031,50.0,30110.19,10534.023
PF07/0004/D683,CE,41.158775,14.173138,50.0,30720.53,10632.726
PF08/0004/D683,CE,41.147386,14.174284,50.0,29455.335,10716.806
PF10/0004/D683,CE,41.151048,14.172934,50.0,29862.904,10607.445
PF11/0004/D683,CE,41.15101,14.177909,50.0,29854.787,11024.821
PF12/0004/D683,CE,41.15277,14.183733,50.0,30045.528,11515.344
PF13/0004/D683,CE,41.153218,14.175357,50.0,30101.888,10813.017
PF14/0004/D683,CE,41.158962,14.178634,50.0,30737.0,11094.0
PF15/0004/D683,CE,41.15744,14.175961,50.0,30570.122,10868.165
PF16/0004/D683,CE,41.151329,14.180588,12.0,29888.0,11250.0
PF17/0004/D683,CE,41.148632,14.171255,12.0,29596.0,10464.0
PF02/0005/D683,CE,41.157281,14.153221,50.0,30570.764,8959.973
PF03/0005/D683,CE,41.155782,14.161403,50.0,30397.755,9644.917
PF08/0005/D683,CE,41.151847,14.154435,50.0,29966.503,9056.004
PF10/0005/D683,CE,41.15132,14.151985,50.0,29910.048,8849.844
PF11/0005/D683,CE,41.150833,14.161303,50.0,29848.392,9631.22
PF12/0005/D683,CE,41.156044,14.163603,50.0,30424.978,9829.744
PF15/0005/D683,CE,41.153016,14.16524,50.0,30087.53,9963.889
PF16/0005/D683,CE,41.154985,14.166061,50.0,30305.44,10034.871
PF17/0005/D683,CE,41.157812,14.158738,50.0,30625.198,9423.433
PF18/0005/D683,CE,41.152512,14.159088,50.0,30036.533,9447.107
PF19/0005/D683,CE,41.155844,14.156679,50.0,30408.447,9248.548
PF20/0005/D683,CE,41.154191,14.162712,12.0,30220.0,9753.0
PF01/0006/D683,CE,41.150279,14.153818,10.0,29793.0,9002.5
PF03/0006/D683,CE,41.14921,14.157847,10.0,29671.0,9339.5
PF10/0006/D683,CE,41.141515,14.154896,10.0,28819.114,9083.554
PF12/0006/D683,CE,41.139992,14.15916,50.0,28646.538,9439.788
PF13/0006/D683,CE,41.139456,14.16279,50.0,28584.166,9743.873
PF14/0006/D683,CE,41.137456,14.15941,50.0,28364.876,9458.043
PF17/0006/D683,CE,41.146598,14.156726,50.0,29381.979,9242.623
PF18/0006/D683,CE,41.143842,14.158124,50.0,29074.838,9356.927
PF19/0006/D683,CE,41.145624,14.160798,50.0,29270.471,9583.278
PF21/0006/D683,CE,41.138444,14.16532,50.0,28469.705,9955.128
PF04/0007/D683,CE,41.140279,14.163263,50.0,28675.178,9784.391
PF07/0007/D683,CE,41.154996,14.168225,12.0,30305.0,10216.5
PF10/0007/D683,CE,41.14298,14.169121,50.0,28970.27,10278.894
PF11/0007/D683,CE,41.151069,14.167703,50.0,29869.458,10168.462
PF13/0007/D683,CE,41.141957,14.166658,50.0,28858.711,10071.128
PF14/0007/D683,CE,41.146488,14.166427,50.0,29361.915,10056.575
PF01/0001/D709,CE,40.566945,14.509856,12.0,-35192.0,38516.0
PF02/0002/D709,CE,40.596352,14.529614,12.0,-31936.828,40205.991
PF03/0002/D709,CE,40.596221,14.533683,50.0,-31953.14,40550.224
PF04/0002/D709,CE,40.594516,14.531655,50.0,-32141.582,40377.606
PF02/0003/D709,CE,40.566072,14.492749,50.0,-35280.702,37067.322
PF03/0003/D709,CE,40.568203,14.493426,50.0,-35044.5,37126.0
PF04/0003/D709,CE,40.564291,14.502315,12.0,-35483.0,37876.0
PF05/0003/D709,CE,40.562684,14.505161,50.0,-35662.777,38115.873
PF07/0003/D709,CE,40.562237,14.50011,12.0,-35710.0,37688.0
PF09/0003/D709,CE,41.200742,14.482626,12.0,35179.0,36627.0
PF10/0003/D709,CE,40.566234,14.499513,12.0,-35266.0,37640.0
PF11/0003/D709,CE,40.564522,14.495391,12.0,-35454.0,37290.0
PF01/0004/D709,CE,40.570808,14.523161,8.0,-34769.36,39644.59
PF05/0004/D709,CE,40.561563,14.513643,50.0,-35791.147,38833.27
PF06/0004/D709,CE,40.559733,14.524737,50.0,-35999.49,39771.354
PF08/0004/D709,CE,40.560596,14.516171,50.0,-35899.713,39046.698
PF09/0004/D709,CE,40.594793,14.535664,50.0,-32112.594,40716.986
PF02/0005/D709,CE,40.558677,14.52973,10.0,-36119.0,40193.5
PF03/0005/D709,CE,41.210414,14.529968,10.0,36230.2,40602.3
PF04/0005/D709,CE,41.21287,14.529499,10.0,36503.1,40564.5
PF06/0005/D709,CE,40.556887,14.531508,50.0,-36318.472,40342.904
PF01/0006/D709,CE,40.564444,14.505866,50.0,-35467.7,38176.7
PF03/0006/D709,CE,41.206241,14.505053,10.0,35778.5,38510.9
PF05/0006/D709,CE,40.555939,14.503372,50.0,-36410.596,37960.194
PF11/0006/D709,CE,40.555885,14.511266,50.0,-36420.407,38628.576
PF12/0006/D709,CE,40.563434,14.511517,50.0,-35582.531,38654.464
PF13/0006/D709,CE,40.559163,14.506312,50.0,-36054.179,38211.188
PF14/0006/D709,CE,40.563136,14.50767,50.0,-35613.768,38328.6
PF50/0006/D709,CE,40.565119,14.508245,50.0,-35393.872,38378.496
PF03/0008/D709,CE,40.557152,14.514937,50.0,-36281.471,38940.152
PF04/0008/D709,CE,40.558977,14.51799,50.0,-36080.218,39199.711
PF06/0008/D709,CE,40.554761,14.515947,50.0,-36547.263,39024.161
PF07/0008/D709,CE,40.552962,14.511529,50.0,-36744.936,38649.01
PF13/0008/D709,CE,40.555015,14.520582,50.0,-36521.222,39416.726
PF15/0008/D709,CE,40.552505,14.516599,12.0,-36798.0,39078.0
PF16/0008/D709,CE,40.550475,14.519119,50.0,-37024.499,39290.12
PF17/0008/D709,CE,40.547788,14.519432,12.0,-37323.0,39315.0
PF19/0008/D709,CE,40.560081,14.512198,12.0,-35955.0,38710.0
PF03/0009/D709,CE,40.554866,14.524549,50.0,-36539.642,39752.593
PF04/0009/D709,CE,40.552768,14.522212,50.0,-36771.397,39553.447
PF06/0009/D709,CE,40.560558,14.521503,50.0,-35906.424,39498.083
PF07/0009/D709,CE,40.556654,14.522097,9.0,-36340.0,39546.0
PF08/0009/D709,CE,40.555629,14.520439,9.0,-36453.0,39405.0
PF09/0009/D709,CE,40.551802,14.520726,12.0,-36878.0,39427.0
PF10/0009/D709,CE,40.553636,14.519898,12.0,-36674.0,39358.0
PF01/0010/D709,CE,41.223934,14.514038,50.0,37738.542,39275.258
PF06/0011/D709,CE,40.546254,14.522824,50.0,-37494.853,39601.349
PF07/0011/D709,CE,40.543627,14.525579,12.0,-37787.7,39833.0
PF12/0011/D709,CE,40.552544,14.526139,50.0,-36798.087,39885.764
PF13/0011/D709,CE,40.557328,14.523092,50.0,-36265.672,39630.659
PF16/0011/D709,CE,40.555205,14.526256,50.0,-36502.753,39897.241
PF17/0011/D709,CE,40.553,14.531642,50.0,-36750.0,40352.0
PF18/0011/D709,CE,40.549104,14.526213,12.0,-37180.0,39890.0
PF01/0001/D769,CE,40.997517,14.176297,50.0,12816.048,10728.593
PF02/0001/D769,CE,40.996294,14.179685,50.0,12677.629,11012.263
PF03/0001/D769,CE,40.993222,14.179299,50.0,12336.873,10976.555
PF04/0001/D769,CE,40.996,14.173266,12.0,12650.0,10472.0
PF01/0002/D769,CE,40.980818,14.208801,52.0,10936.997,13445.599
PF05/0002/D769,CE,40.995315,14.185552,50.0,12564.255,11504.712
PF06/0002/D769,CE,41.001326,14.181177,12.0,13235.0,11143.0
PF07/0002/D769,CE,40.993008,14.183218,12.0,12310.0,11306.0
PF03/0004/D769,CE,40.98659,14.171918,10.0,11606.471,10348.764
PF04/0004/D769,CE,40.990941,14.17724,50.0,12085.246,10800.994
PF05/0004/D769,CE,40.987524,14.175844,50.0,11707.0,10680.0
PF01/0005/D769,CE,40.994446,14.181184,50.0,12471.245,11136.362
PF02/0005/D769,CE,40.989639,14.182451,50.0,11936.587,11237.986
PF01/0006/D769,CE,40.985015,14.169108,50.0,11433.893,10110.724
PF02/0006/D769,CE,40.981972,14.167379,12.0,11097.5,9962.0
PF03/0006/D769,CE,40.978752,14.163472,50.0,10743.179,9629.886
PF01/0007/D769,CE,40.981183,14.173989,50.0,11004.638,10517.256
PF02/0007/D769,CE,40.982778,14.179049,50.0,11177.597,10944.62
PF03/0007/D769,CE,40.984113,14.176386,50.0,11328.002,10721.996
PF04/0007/D769,CE,40.978024,14.178268,12.0,10650.5,10874.0
PF06/0007/D769,CE,40.98171,14.177492,50.0,11060.331,10812.5
PF01/0008/D769,CE,40.978141,14.18187,50.0,10660.672,11177.156
PF02/0008/D769,CE,40.9808,14.182697,50.0,10955.232,11249.514
PF04/0008/D769,CE,40.986103,14.188879,12.0,11539.0,11775.0
PF01/0009/D769,CE,40.974739,14.158525,50.0,10301.597,9209.459
PF02/0009/D769,CE,40.97165,14.158355,50.0,9958.912,9191.86
PF07/0009/D769,CE,40.976367,14.154508,50.0,10485.691,8873.241
PF08/0009/D769,CE,40.976437,14.157353,50.0,10491.118,9112.63
PF04/0010/D769,CE,40.980073,14.170794,50.0,10883.951,10247.289
PF05/0010/D769,CE,40.975569,14.17069,10.0,10384.0,10233.8
PF08/0010/D769,CE,40.972555,14.123104,50.0,10088.476,6226.774
PF10/0010/D769,CE,40.974222,14.164729,50.0,10239.206,9730.902
PF11/0010/D769,CE,40.975883,14.161408,50.0,10426.291,9453.194
PF15/0010/D769,CE,40.977028,14.173182,50.0,10544.0,10445.0
PF16/0010/D769,CE,40.979401,14.174887,12.0,10806.0,10591.0
PF02/0011/D769,CE,40.971038,14.162829,50.0,9887.327,9567.628
PF04/0011/D769,CE,40.968909,14.163292,50.0,9650.643,9604.338
PF05/0011/D769,CE,40.966133,14.162192,50.0,9343.266,9508.779
PF06/0011/D769,CE,40.968906,14.167412,10.0,9647.0,9951.0
PF08/0011/D769,CE,40.97172,14.176159,50.0,9952.362,10689.919
PF12/0011/D769,CE,40.968973,14.174437,50.0,9648.73,10542.138
PF01/0012/D769,CE,40.977648,14.130524,50.0,10647.667,6856.72
PF03/0012/D769,CE,40.973731,14.129163,50.0,10214.004,6737.893
PF04/0012/D769,CE,40.969143,14.190516,50.0,9655.006,11895.305
PF05/0012/D769,CE,40.967199,14.180111,50.0,9447.326,11017.733
PF09/0012/D769,CE,40.970515,14.186131,50.0,9810.725,11527.758
PF10/0012/D769,CE,40.969048,14.183084,50.0,9650.252,11269.805
PF11/0012/D769,CE,40.967268,14.17698,50.0,9457.443,10754.324
PF12/0012/D769,CE,40.976892,14.125986,50.0,10567.538,6474.105
PF13/0012/D769,CE,40.97193,14.180828,50.0,9972.0,11083.0
PF01/0013/D769,CE,40.968265,14.149808,10.0,9590.0,8469.0
PF04/0013/D769,CE,40.965937,14.154698,50.0,9327.668,8877.994
PF05/0013/D769,CE,40.963848,14.15192,1.0,9098.0,8642.0
PF06/0013/D769,CE,40.968942,14.174459,50.0,9645.306,10543.97
PF07/0013/D769,CE,40.972247,14.154801,50.0,10028.027,8893.427
PF09/0013/D769,CE,40.968364,14.157234,50.0,9595.0,9094.0
PF01/0014/D769,CE,40.96688,14.168654,50.0,9421.073,10053.365
PF02/0014/D769,CE,40.964447,14.167393,50.0,9151.9,9944.7
PF03/0014/D769,CE,40.961357,14.166117,12.0,8810.0,9834.0
PF04/0014/D769,CE,40.963131,14.157532,50.0,9013.773,9113.423
PF05/0014/D769,CE,40.963828,14.173617,50.0,9078.311,10467.723
PF01/0015/D769,CE,40.964651,14.180163,50.0,9164.421,11019.496
PF05/0015/D769,CE,40.961249,14.178679,50.0,8788.0,10891.0
PF03/0016/D769,CE,40.965329,14.109939,50.0,9297.591,5110.915
PF08/0016/D769,CE,40.964894,14.183203,50.0,9189.029,11275.573
PF09/0016/D769,CE,40.966875,14.189657,50.0,9403.866,11820.649
PF10/0016/D769,CE,40.960824,14.184,50.0,8736.611,11338.341
PF03/0017/D769,CE,40.962108,14.191902,50.0,8872.937,12004.669
PF04/0017/D769,CE,40.96434,14.196316,50.0,9117.319,12378.424
PF06/0017/D769,CE,40.95831,14.19195,50.0,8451.225,12004.829
PF07/0017/D769,CE,40.962233,14.187023,50.0,8890.567,11594.216
PF08/0017/D769,CE,40.960459,14.195037,50.0,8687.458,12266.819
PF09/0017/D769,CE,40.96074,14.189486,4.0,8723.0,11800.0
PF10/0017/D769,CE,40.962138,14.187201,50.0,8879.948,11609.092
PF02/0018/D769,CE,40.955826,14.142731,50.0,8215.0,7860.0
PF03/0018/D769,CE,40.962968,14.146154,50.0,9005.068,8155.822
PF04/0018/D769,CE,40.960578,14.145266,50.0,8740.484,8078.451
PF05/0018/D769,CE,40.960497,14.149492,12.0,8728.0,8434.0
PF01/0019/D769,CE,40.955777,14.151964,50.0,8202.0,8637.0
PF02/0019/D769,CE,40.9569,14.154709,50.0,8324.428,8869.244
PF03/0019/D769,CE,40.956106,14.147017,50.0,8242.538,8221.014
PF04/0019/D769,CE,40.960411,14.154687,12.0,8714.227,8871.097
PF01/0020/D769,CE,40.959264,14.170041,50.0,8574.486,10162.014
PF02/0020/D769,CE,40.958051,14.172679,50.0,8437.66,10382.79
PF03/0020/D769,CE,40.955948,14.170999,50.0,8205.604,10239.143
PF04/0020/D769,CE,40.956321,14.166695,50.0,8250.414,9877.32
PF01/0021/D769,CE,40.956651,14.174558,50.0,8280.8,10539.419
PF02/0021/D769,CE,40.95895,14.180033,50.0,8531.696,11002.618
PF03/0021/D769,CE,40.954521,14.180056,50.0,8039.992,10999.905
PF04/0021/D769,CE,40.954355,14.175528,50.0,8025.076,10618.664
PF05/0021/D769,CE,40.955863,14.184317,50.0,8185.645,11359.921
PF01/0022/D769,CE,40.942369,14.184514,50.0,6687.478,11362.503
PF04/0022/D769,CE,40.957988,14.190177,50.0,8416.905,11855.304
PF05/0022/D769,CE,40.955674,14.188497,50.0,8161.348,11711.525
PF08/0022/D769,CE,40.954752,14.185518,50.0,8061.287,11459.831
PF09/0022/D769,CE,40.956329,14.184832,50.0,8236.925,11403.773
PF10/0022/D769,CE,40.950488,14.186213,50.0,7587.374,11513.92
PF01/0023/D769,CE,40.948547,14.142057,50.0,7407.516,7795.305
PF02/0023/D769,CE,40.951023,14.142161,50.0,7682.287,7806.783
PF03/0023/D769,CE,40.953658,14.144452,50.0,7972.933,8002.451
PF04/0023/D769,CE,40.949953,14.1387,50.0,7566.296,7514.299
PF01/0024/D769,CE,40.952555,14.163377,50.0,7835.012,9594.111
PF03/0024/D769,CE,40.955041,14.158573,50.0,8114.876,9192.415
PF04/0024/D769,CE,40.953145,14.151701,12.0,7910.0,8612.0
PF05/0024/D769,CE,40.945832,14.148581,50.0,7100.764,8341.509
PF06/0024/D769,CE,40.951724,14.156076,50.0,7748.677,8978.663
PF07/0024/D769,CE,40.947098,14.151327,12.0,7239.0,8574.0
PF01/0025/D769,CE,40.95112,14.172287,50.0,7668.572,10342.497
PF02/0025/D769,CE,40.953353,14.166807,50.0,7920.82,9883.577
PF03/0025/D769,CE,40.949319,14.16918,50.0,7471.167,10079.045
PF04/0025/D769,CE,40.950951,14.16122,12.0,7658.736,9410.825
PF01/0026/D769,CE,40.951089,14.181441,50.0,7657.832,11112.913
PF02/0026/D769,CE,40.948959,14.179683,50.0,7422.776,10962.759
PF01/0027/D769,CE,40.946769,14.161848,50.0,7193.923,9459.242
PF02/0027/D769,CE,40.945748,14.166254,12.0,7077.0,9829.0
PF03/0027/D769,CE,40.948636,14.165178,50.0,7398.514,9741.541
PF06/0027/D769,CE,40.949421,14.157694,50.0,7491.741,9112.426
PF07/0027/D769,CE,40.946842,14.158126,12.0,7205.0,9146.0
PF02/0028/D769,CE,40.943789,14.169187,50.0,6857.234,10073.858
PF03/0028/D769,CE,40.947701,14.174949,50.0,7286.954,10562.921
PF05/0028/D769,CE,40.942431,14.179803,12.0,6698.0,10966.0
PF06/0028/D769,CE,40.945371,14.174568,50.0,7028.572,10528.416
PF07/0028/D769,CE,40.939246,14.174105,12.0,6349.0,10483.0
PF04/0029/D769,CE,40.94942,14.14723,50.0,7500.132,8231.714
PF07/0029/D769,CE,40.946913,14.133035,50.0,7233.56,7034.131
PF08/0029/D769,CE,40.944563,14.134671,50.0,6971.331,7169.241
PF09/0029/D769,CE,40.944995,14.131639,50.0,7021.775,6914.504
PF10/0029/D769,CE,40.948351,14.136405,50.0,7390.417,7319.37
PF11/0029/D769,CE,40.944709,14.138672,50.0,6984.198,7506.183
PF12/0029/D769,CE,40.941355,14.139418,50.0,6611.229,7565.32
PF13/0029/D769,CE,40.942762,14.136757,50.0,6769.628,7342.878
PF02/0030/D769,CE,40.935806,14.147346,50.0,5988.764,8226.731
PF04/0030/D769,CE,40.937638,14.146331,50.0,6192.968,8143.205
PF09/0030/D769,CE,40.941855,14.153652,50.0,6655.053,8764.061
PF12/0030/D769,CE,40.940945,14.14878,12.0,6558.0,8353.0
PF50/0030/D769,CE,40.94,14.143673,50.0,6457.37,7922.053
PF01/0031/D769,CE,40.938838,14.163703,50.0,6311.975,9606.945
PF01/0032/D769,CE,40.939652,14.179208,12.0,6390.0,10913.0
PF02/0032/D769,CE,40.937287,14.067019,50.0,6222.196,1466.052
PF12/0032/D769,CE,40.934982,14.176408,50.0,5873.826,10672.427
PF02/0033/D769,CE,40.93986,14.132591,10.0,6451.0,6989.0
PF03/0033/D769,CE,40.939474,14.136631,50.0,6404.802,7328.628
PF05/0033/D769,CE,40.932194,14.129536,50.0,5602.551,6723.374
PF08/0033/D769,CE,40.937011,14.131544,50.0,6135.596,6897.715
PF09/0033/D769,CE,40.941985,14.130392,50.0,6688.676,6806.208
PF02/0034/D769,CE,40.939516,14.141633,50.0,6405.295,7749.82
PF05/0034/D769,CE,40.933302,14.133743,50.0,5722.016,7078.718
PF08/0034/D769,CE,40.943631,14.144797,50.0,6859.537,8020.615
PF09/0034/D769,CE,40.929412,14.132366,50.0,5291.296,6958.561
PF10/0034/D769,CE,40.938277,14.13968,50.0,6269.396,7584.064
PF02/0035/D769,CE,40.933227,14.144529,50.0,5704.75,7986.783
PF04/0035/D769,CE,40.929977,14.148337,50.0,5340.828,8303.803
PF06/0035/D769,CE,40.927839,14.148648,50.0,5103.185,8327.725
PF07/0035/D769,CE,40.93276,14.146933,50.0,5650.874,8188.627
PF08/0035/D769,CE,40.931444,14.143193,50.0,5507.942,7872.362
PF01/0036/D769,CE,40.938928,14.153219,50.0,6330.455,8724.462
PF04/0036/D769,CE,40.927109,14.152931,50.0,5018.693,8687.534
PF06/0036/D769,CE,40.934573,14.156242,50.0,5844.6,8974.32
PF07/0036/D769,CE,40.932857,14.158556,50.0,5652.196,9167.237
PF08/0036/D769,CE,40.935076,14.149522,50.0,5905.917,8409.134
PF09/0036/D769,CE,40.938684,14.159561,50.0,6298.241,9258.07
PF10/0036/D769,CE,40.931035,14.152388,12.0,5455.0,8646.0
PF01/0037/D769,CE,40.935431,14.165062,50.0,5932.671,9717.713
PF02/0037/D769,CE,40.932317,14.164821,50.0,5587.164,9694.167
PF03/0037/D769,CE,40.93154,14.161313,50.0,5503.789,9397.959
PF01/0038/D769,CE,40.926687,14.156659,50.0,4968.829,9000.973
PF04/0038/D769,CE,40.928281,14.161283,12.0,5142.0,9392.0
PF07/0038/D769,CE,40.921282,14.167883,70.0,4359.772,9940.297
PF07/0039/D769,CE,40.929601,14.069785,50.0,5366.482,1689.794
PF06/0040/D769,CE,40.922771,14.176861,70.0,4517.855,10697.779
PF02/0041/D769,CE,40.917364,14.173578,50.0,3920.258,10415.682
PF06/0041/D769,CE,40.918274,14.179532,12.0,4016.5,10918.0
PF07/0041/D769,CE,40.915366,14.176694,50.0,3696.0,10676.0
PF08/0041/D769,CE,40.919878,14.185319,12.0,4190.0,11407.0
PF09/0041/D769,CE,40.920123,14.174901,12.0,4225.5,10530.0
PF02/0042/D769,CE,40.930895,14.125784,12.0,5461.5,6406.0
PF03/0042/D769,CE,40.920395,14.1745,12.0,4256.0,10496.5
PF04/0042/D769,CE,40.922949,14.171875,50.0,4541.585,10278.153
PF05/0042/D769,CE,40.924925,14.126342,50.0,4798.274,6446.397
PF06/0042/D769,CE,40.93002,14.130304,50.0,5360.506,6785.649
PF02/0043/D769,CE,40.925879,14.136678,50.0,4895.541,7317.756
PF04/0043/D769,CE,40.923901,14.142173,50.0,4671.366,7778.196
PF05/0043/D769,CE,40.930472,14.138908,50.0,5403.537,7510.472
PF06/0043/D769,CE,40.926795,14.143682,50.0,4991.382,7908.43
PF07/0043/D769,CE,40.927448,14.138953,50.0,5067.768,7510.987
PF01/0044/D769,CE,40.930162,14.144016,50.0,5364.868,7940.243
PF10/0044/D769,CE,40.920863,14.149536,50.0,4328.123,8394.897
PF11/0044/D769,CE,40.925598,14.150735,50.0,4852.703,8500.966
PF12/0044/D769,CE,40.922003,14.15293,50.0,4451.862,8681.927
PF04/0045/D769,CE,40.920996,14.159068,52.0,4335.083,9197.713
PF05/0045/D769,CE,40.916747,14.157118,50.0,3865.0,9029.0
PF06/0045/D769,CE,40.919395,14.157156,50.0,4158.843,9034.976
PF07/0045/D769,CE,40.923103,14.158947,70.0,4569.068,9189.752
PF08/0045/D769,CE,40.920146,14.165699,70.0,4235.402,9755.199
PF04/0046/D769,CE,41.017461,14.100632,50.0,15092.921,4387.41
PF01/0047/D769,CE,40.926622,14.130146,50.0,4983.453,6768.567
PF04/0047/D769,CE,40.918245,14.13939,12.0,4045.85,7537.688
PF05/0047/D769,CE,40.920898,14.137318,50.0,4342.001,7366.16
PF01/0048/D769,CE,40.920149,14.143132,50.0,4254.126,7854.935
PF02/0048/D769,CE,40.91791,14.14468,50.0,4004.25,7982.796
PF01/0050/D769,CE,40.89878,14.135776,12.0,1888.0,7212.0
PF02/0050/D769,CE,40.897531,14.137288,50.0,1748.0,7338.0
PF03/0050/D769,CE,40.910831,14.158207,50.0,3207.294,9114.356
PF04/0050/D769,CE,40.916498,14.166787,50.0,3829.501,9842.948
PF01/0051/D769,CE,40.936788,14.142188,12.0,6102.0,7793.5
PF02/0051/D769,CE,40.93589,14.141509,50.0,6002.814,7735.37
PF03/0051/D769,CE,40.935234,14.142449,50.0,5929.278,7813.797
PF04/0051/D769,CE,40.937598,14.142889,50.0,6191.298,7853.47
PF05/0051/D769,CE,40.931782,14.141279,50.0,5546.962,7711.545
PF06/0051/D769,CE,40.933636,14.139323,50.0,5754.468,7548.905
PF01/0001/D799,CE,40.933945,14.164098,9.0,5768.5,9635.0
PF03/0001/D799,CE,40.93266,14.12851,50.0,5655.158,6637.466
PF04/0001/D799,CE,40.932479,14.132635,50.0,5631.609,6984.545
PF05/0001/D799,CE,40.928877,14.16094,50.0,5208.41,9363.702
PF02/0002/D799,CE,40.931355,14.144754,50.0,5496.705,8003.627
PF03/0002/D799,CE,40.931512,14.142062,50.0,5516.348,7777.17
PF04/0002/D799,CE,40.928507,14.129648,50.0,5193.176,6728.707
PF05/0002/D799,CE,40.927654,14.147074,50.0,5083.997,8194.993
PF06/0002/D799,CE,40.923596,14.151947,50.0,4629.504,8600.903
PF07/0002/D799,CE,40.923905,14.147897,50.0,4667.118,8260.208
PF08/0002/D799,CE,40.92736,14.151816,50.0,5047.425,8593.881
PF10/0002/D799,CE,40.935224,14.10693,50.0,5958.126,4823.543
PF11/0002/D799,CE,40.930833,14.129851,50.0,5451.221,6748.37
PF12/0002/D799,CE,40.933776,14.148425,60.0,5762.443,8315.32
PF13/0002/D799,CE,40.92479,14.154439,12.0,4760.0,8812.0
PF14/0002/D799,CE,40.929785,14.149555,60.0,5318.5,8406.173
PF01/0003/D799,CE,40.924347,14.159276,50.0,4706.9,9218.823
PF02/0003/D799,CE,40.923024,14.163274,60.0,4556.803,9554.062
PF04/0003/D799,CE,40.922964,14.167081,50.0,4547.125,9874.558
PF05/0003/D799,CE,40.927042,14.154878,50.0,5009.607,8851.413
PF06/0003/D799,CE,40.926945,14.164566,50.0,4991.0,9667.0
PF07/0003/D799,CE,40.926034,14.168051,50.0,4887.14,9959.421
PF08/0003/D799,CE,40.92902,14.166832,50.0,5219.573,9859.953
PF01/0004/D799,CE,40.91604,14.148585,50.0,3793.479,8309.662
PF03/0004/D799,CE,40.916367,14.15215,50.0,3826.876,8610.2
PF04/0004/D799,CE,40.907311,14.149999,50.0,2823.258,8419.288
PF06/0004/D799,CE,40.913673,14.152119,50.0,3527.805,8604.723
PF07/0004/D799,CE,40.920719,14.145952,12.0,4315.0,8093.0
PF08/0004/D799,CE,40.919561,14.143404,50.0,4188.539,7877.129
PF09/0004/D799,CE,40.916674,14.143001,50.0,3868.464,7840.094
PF10/0004/D799,CE,40.917675,14.154601,12.0,3970.0,8818.0
PF11/0004/D799,CE,40.917836,14.148597,50.0,3992.802,8312.548
PF12/0004/D799,CE,40.921321,14.150278,50.0,4378.277,8457.913
PF01/0005/D799,CE,40.915095,14.158785,50.0,3680.237,9167.563
PF02/0005/D799,CE,40.911087,14.156044,50.0,3237.482,8932.437
PF03/0005/D799,CE,40.911862,14.159051,70.0,3321.125,9186.551
PF04/0005/D799,CE,40.919369,14.166843,50.0,4148.23,9850.72
PF05/0005/D799,CE,40.912521,14.166178,50.0,3388.551,9787.459
PF08/0005/D799,CE,40.910301,14.1673,50.0,3141.171,9879.617
PF10/0005/D799,CE,40.916639,14.165079,70.0,3846.496,9699.213
PF11/0005/D799,CE,40.919055,14.163537,12.0,4116.0,9572.0
PF12/0005/D799,CE,40.915105,14.162905,70.0,3678.059,9514.568
PF13/0005/D799,CE,40.921399,14.158908,50.0,4379.977,9184.692
PF14/0005/D799,CE,40.921309,14.154289,50.0,4373.72,8795.645
PF15/0005/D799,CE,40.919061,14.159011,70.0,4120.267,9190.863
PF01/0006/D799,CE,40.911132,14.145424,50.0,3251.2,8038.1
PF05/0006/D799,CE,40.905312,14.144467,50.0,2605.922,7951.197
PF06/0006/D799,CE,40.901563,14.144047,50.0,2190.022,7911.789
PF08/0006/D799,CE,40.89408,14.144528,50.0,1358.929,7944.128
PF10/0006/D799,CE,40.900728,14.149855,50.0,2092.584,8400.04
PF12/0006/D799,CE,40.902415,14.15603,50.0,2274.838,8922.012
PF14/0006/D799,CE,40.901892,14.146832,50.0,2224.337,8146.703
PF15/0006/D799,CE,40.903389,14.149303,50.0,2388.398,8356.437
PF16/0006/D799,CE,40.906214,14.148428,50.0,2702.775,8285.772
PF18/0006/D799,CE,40.908337,14.145069,50.0,2941.207,8005.186
PF01/0007/D799,CE,40.9072,14.156369,50.0,2805.785,8955.703
PF02/0007/D799,CE,40.907336,14.161307,50.0,2816.894,9371.677
PF03/0007/D799,CE,40.906322,14.165314,10.0,2701.0,9708.1
PF04/0007/D799,CE,40.904053,14.156744,50.0,2456.054,8983.911
PF05/0007/D799,CE,40.904516,14.160471,50.0,2504.46,9298.323
PF06/0007/D799,CE,40.904356,14.16599,50.0,2482.292,9762.968
PF07/0007/D799,CE,40.897185,14.121297,50.0,1723.004,5990.626
PF08/0007/D799,CE,40.899081,14.158484,50.0,1902.724,9125.104
PF09/0007/D799,CE,40.898309,14.121492,50.0,1847.613,6008.326
PF10/0007/D799,CE,40.893468,14.103774,50.0,1325.34,4510.35
PF11/0007/D799,CE,40.90873,14.164374,70.0,2969.116,9631.498
PF13/0007/D799,CE,40.902392,14.157088,50.0,2271.407,9011.111
PF16/0007/D799,CE,40.905865,14.154431,50.0,2659.171,8791.021
PF17/0007/D799,CE,40.898673,14.153724,50.0,1861.29,8723.73
PF18/0007/D799,CE,40.897703,14.107142,50.0,1792.645,4798.881
PF21/0007/D799,CE,40.894752,14.103639,50.0,1468.065,4500.495
PF22/0007/D799,CE,40.899821,14.124854,50.0,2012.72,6293.211
PF24/0007/D799,CE,40.899313,14.166738,60.0,1921.784,9820.595
PF25/0007/D799,CE,40.899604,14.161855,50.0,1958.011,9409.637
PF26/0007/D799,CE,40.905919,14.158751,50.0,2661.662,9154.898
PF28/0007/D799,CE,40.89569,14.105124,50.0,1570.895,4626.623
PF02/0008/D799,CE,40.891417,14.095244,50.0,1105.089,3789.431
PF05/0008/D799,CE,40.889951,14.073762,50.0,961.301,1978.003
PF06/0008/D799,CE,40.897294,14.085573,50.0,1765.972,2981.561
PF12/0008/D799,CE,40.89335,14.098112,50.0,1317.176,4033.282
PF01/0009/D799,CE,40.894328,14.089692,50.0,1433.092,3325.083
PF03/0009/D799,CE,40.895673,14.156509,50.0,1525.978,8955.081
PF04/0009/D799,CE,40.894278,14.106335,50.0,1413.116,4726.989
PF05/0009/D799,CE,40.90298,14.149652,50.0,2342.749,8385.398
PF07/0009/D799,CE,40.890817,14.064585,50.0,1065.62,1205.91
PF08/0009/D799,CE,40.889968,14.065501,50.0,970.558,1282.075
PF03/0001/D801,CE,40.933101,14.137074,50.0,5696.934,7358.997
PF04/0001/D801,CE,40.926982,14.127889,50.0,5025.266,6578.908
PF05/0001/D801,CE,40.944233,14.109932,50.0,6955.597,5086.45
PF06/0001/D801,CE,40.89495,14.150584,50.0,1450.583,8455.234
PF07/0001/D801,CE,40.929965,14.132032,12.0,5353.0,6931.0
PF08/0001/D801,CE,40.933054,14.127146,50.0,5699.968,6523.053
PF09/0001/D801,CE,40.937478,14.125188,50.0,6192.793,6363.179
PF10/0001/D801,CE,40.932329,14.123063,50.0,5622.991,6178.519
PF11/0001/D801,CE,40.935328,14.133784,50.0,5946.903,7084.458
PF12/0001/D801,CE,40.936128,14.136793,50.0,6033.2,7338.603
PF13/0001/D801,CE,40.927381,14.129785,12.0,5068.0,6739.0
PF02/0002/D801,CE,40.933855,14.142126,50.0,5776.457,7785.091
PF02/0003/D801,CE,40.932093,14.11484,50.0,5603.729,5486.001
PF03/0003/D801,CE,40.933421,14.117832,50.0,5748.649,5739.325
PF11/0003/D801,CE,40.915944,14.131265,50.0,3797.078,6850.969
PF14/0003/D801,CE,40.922904,14.126298,50.0,4573.976,6440.428
PF15/0003/D801,CE,40.923665,14.130368,12.0,4655.0,6784.0
PF16/0003/D801,CE,40.921247,14.131305,50.0,4385.764,6860.245
PF01/0004/D801,CE,40.927536,14.135684,50.0,5080.292,7235.802
PF02/0004/D801,CE,40.929018,14.140973,50.0,5240.45,7682.816
PF03/0004/D801,CE,40.925277,14.140733,50.0,4825.343,7658.458
PF04/0004/D801,CE,40.919754,14.140007,50.0,4212.807,7591.357
PF05/0004/D801,CE,40.917943,14.136179,50.0,4014.988,7266.98
PF07/0004/D801,CE,40.916577,14.138882,50.0,3861.04,7493.079
PF10/0004/D801,CE,40.921759,14.139116,50.0,4436.119,7518.454
PF01/0005/D801,CE,40.932099,14.125661,50.0,5595.215,6397.042
PF02/0005/D801,CE,40.929406,14.124312,50.0,5297.462,6280.461
PF03/0005/D801,CE,40.927087,14.123943,50.0,5040.265,6246.761
PF06/0005/D801,CE,40.907632,14.129423,50.0,2875.97,6686.727
PF09/0005/D801,CE,40.905345,14.129296,50.0,2622.136,6673.471
PF11/0005/D801,CE,40.92248,14.123966,50.0,4528.851,6243.642
PF13/0005/D801,CE,40.901657,14.126638,12.0,2215.0,6445.5
PF16/0005/D801,CE,40.906388,14.139285,50.0,2729.605,7515.935
PF18/0005/D801,CE,40.910675,14.132029,50.0,3211.517,6909.557
PF19/0005/D801,CE,40.907651,14.146944,50.0,2863.515,8162.367
PF50/0005/D801,CE,40.922929,14.129795,50.0,4573.773,6734.928
PF01/0006/D801,CE,40.908557,14.141811,50.0,2968.302,7731.034
PF09/0006/D801,CE,40.903374,14.141445,50.0,2393.208,7694.594
PF10/0006/D801,CE,40.908761,14.136153,50.0,2995.681,7254.77
PF11/0006/D801,CE,40.902808,14.145118,50.0,2327.358,8003.349
PF12/0006/D801,CE,40.904053,14.142165,50.0,2468.081,7755.907
PF14/0006/D801,CE,40.905688,14.140138,50.0,2651.165,7586.994
PF01/0007/D801,CE,40.907229,14.123315,50.0,2836.381,6171.831
PF04/0007/D801,CE,40.906689,14.13034,50.0,2770.542,6762.904
PF07/0007/D801,CE,40.90171,14.126614,50.0,2220.863,6443.519
PF08/0007/D801,CE,40.903717,14.123573,50.0,2446.305,6189.596
PF10/0007/D801,CE,40.907376,14.121844,50.0,2853.868,6048.114
PF16/0007/D801,CE,40.910529,14.126725,50.0,3199.786,6462.677
PF17/0007/D801,CE,40.907607,14.12397,50.0,2877.808,6227.411
PF19/0007/D801,CE,40.904827,14.126334,50.0,2567.193,6423.441
PF20/0007/D801,CE,40.908325,14.134105,50.0,2948.931,7081.794
PF01/0008/D801,CE,40.899852,14.131892,50.0,2010.211,6886.101
PF02/0008/D801,CE,40.904519,14.133079,50.0,2527.334,6991.155
PF03/0008/D801,CE,40.902776,14.133938,50.0,2333.106,7061.644
PF06/0008/D801,CE,40.89742,14.149988,50.0,1725.272,8407.681
PF07/0008/D801,CE,40.89681,14.148309,50.0,1658.889,8265.601
PF09/0008/D801,CE,40.904967,14.135423,50.0,2575.132,7189.097
PF01/0009/D801,CE,40.892815,14.131631,50.0,1229.185,6856.342
PF02/0009/D801,CE,40.89403,14.134675,50.0,1361.603,7114.044
PF03/0009/D801,CE,40.894678,14.130723,50.0,1436.787,6781.906
PF04/0009/D801,CE,40.895317,14.137689,50.0,1501.986,7369.354
PF06/0009/D801,CE,40.906105,14.122386,50.0,2712.351,6092.324
PF10/0009/D801,CE,40.908167,14.123086,50.0,2940.615,6153.562
PF16/0009/D801,CE,40.91102,14.133601,50.0,3248.538,7042.266
PF50/0009/D801,CE,40.904882,14.12902,50.0,2570.994,6649.678
PF01/0010/D801,CE,40.904115,14.138886,50.0,2477.634,7479.867
PF04/0010/D801,CE,40.892833,14.148482,50.0,1217.249,8275.861
PF06/0010/D801,CE,40.894952,14.150587,50.0,1450.738,8455.493
PF08/0010/D801,CE,40.891598,14.146454,50.0,1081.884,8103.674
PF11/0010/D801,CE,40.901932,14.138948,50.0,2235.284,7482.674
PF12/0010/D801,CE,40.904929,14.139549,50.0,2567.428,7536.567
PF13/0010/D801,CE,40.893446,14.153138,50.0,1281.504,8668.743
PF19/0010/D801,CE,40.901915,14.138642,50.0,2233.615,7456.864
PF20/0010/D801,CE,40.904201,14.136816,50.0,2488.873,7305.564
PF03/0001/D884,CE,41.192772,14.151285,10.0,34512.5,8836.0
PF04/0001/D884,CE,41.192055,14.157292,50.0,34428.0,9339.0
PF05/0001/D884,CE,41.190636,14.151718,10.0,34275.0,8870.0
PF06/0001/D884,CE,41.194973,14.156868,50.0,34752.23,9306.543
PF09/0001/D884,CE,41.190803,14.154745,12.0,34291.0,9124.0
PF11/0001/D884,CE,41.193933,14.159046,50.0,34635.021,9488.043
PF12/0001/D884,CE,41.196725,14.152718,50.0,34950.165,8960.406
PF13/0001/D884,CE,41.186962,14.14944,12.0,33869.0,8675.0
PF14/0001/D884,CE,41.189705,14.157334,12.0,34167.0,9340.0
PF50/0001/D884,CE,41.193292,14.158863,12.0,34564.0,9472.0
PF04/0002/D884,CE,41.192377,14.162618,50.0,34459.414,9785.915
PF05/0002/D884,CE,41.193399,14.165736,50.0,34570.281,10048.502
PF06/0002/D884,CE,41.191906,14.168945,50.0,34402.0,10316.0
PF08/0002/D884,CE,41.19497,14.1617,50.0,34748.001,9711.76
PF09/0002/D884,CE,41.190268,14.165585,50.0,34222.805,10032.505
PF10/0002/D884,CE,41.196038,14.169787,12.0,34860.0,10391.0
PF11/0002/D884,CE,41.196503,14.164355,12.0,34916.0,9936.0
PF04/0003/D884,CE,41.189911,14.177899,50.0,34173.426,11064.843
PF06/0003/D884,CE,41.189728,14.18696,50.0,34145.89,11824.528
PF07/0003/D884,CE,41.195934,14.172925,12.0,34846.0,10654.0
PF08/0003/D884,CE,41.191273,14.181163,12.0,34322.0,11340.0
PF09/0003/D884,CE,41.191619,14.172943,12.0,34367.0,10651.0
PF10/0003/D884,CE,41.18923,14.18392,12.0,34093.0,11569.0
PF01/0004/D884,CE,41.195121,14.186212,50.0,34745.281,11767.376
PF02/0004/D884,CE,41.193346,14.190236,50.0,34545.0,12103.0
PF01/0005/D884,CE,41.185097,14.204203,50.0,33618.427,13265.797
PF02/0005/D884,CE,41.183804,14.202649,50.0,33476.062,13134.15
PF03/0005/D884,CE,41.184301,14.207076,50.0,33527.849,13506.002
PF02/0007/D884,CE,41.187493,14.152939,12.0,33925.0,8969.0
PF03/0007/D884,CE,41.18684,14.157324,12.0,33849.0,9336.0
PF01/0008/D884,CE,41.188218,14.179675,12.0,33984.0,11212.0
PF02/0008/D884,CE,41.186202,14.184971,12.0,33756.0,11654.0
PF05/0009/D884,CE,41.185932,14.190161,12.0,33722.0,12089.0
PF06/0009/D884,CE,40.999114,14.450319,50.0,12812.038,33776.891
PF07/0009/D884,CE,40.997377,14.452665,50.0,12617.99,33973.01
PF08/0009/D884,CE,41.185358,14.200887,12.0,33650.0,12988.0
PF09/0009/D884,CE,40.99998,14.452971,50.0,12906.798,34000.565
PF10/0009/D884,CE,40.99742,14.457052,50.0,12620.43,34342.013
PF01/0011/D884,CE,41.174993,14.205418,50.0,32495.753,13357.479
PF02/0011/D884,CE,41.173306,14.205513,50.0,32308.438,13363.723
PF03/0011/D884,CE,41.178786,14.203569,50.0,32918.255,13206.216
PF05/0011/D884,CE,41.177124,14.205996,50.0,32731.942,13408.157
PF06/0011/D884,CE,41.179097,14.201046,50.0,32954.783,12994.939
PF07/0011/D884,CE,41.17567,14.202377,50.0,32573.32,13103.095
PF08/0011/D884,CE,41.179546,14.206758,50.0,33000.23,13474.461
PF01/0012/D884,CE,41.176585,14.21011,50.0,32669.001,13752.709
PF01/0013/D884,CE,41.18665,14.219723,12.0,33779.0,14569.0
PF02/0013/D884,CE,41.186539,14.22237,50.0,33764.779,14790.948
PF01/0014/D884,CE,41.171802,14.179189,12.0,32162.0,11154.0
PF02/0014/D884,CE,41.174848,14.059256,12.0,32602.0,1097.001
PF03/0014/D884,CE,41.173447,14.179883,12.0,32344.0,11214.0
PF01/0015/D884,CE,41.165356,14.184121,10.0,31442.5,11561.0
PF02/0015/D884,CE,41.167605,14.189385,12.0,31688.0,12005.0
PF01/0016/D884,CE,41.171752,14.195748,10.0,32143.5,12543.0
PF02/0016/D884,CE,41.174162,14.200643,50.0,32407.225,12956.105
PF04/0016/D884,CE,41.168252,14.202569,12.0,31749.604,13111.638
PF05/0016/D884,CE,41.167696,14.196488,50.0,31692.584,12600.916
PF06/0016/D884,CE,41.176783,14.20092,12.0,32698.0,12982.0
PF02/0017/D884,CE,41.172922,14.204497,10.0,32266.542,13278.124
PF03/0017/D884,CE,41.170448,14.20743,50.0,31989.674,13521.667
PF08/0017/D884,CE,41.167661,14.20698,50.0,31680.633,13481.053
PF13/0017/D884,CE,41.172595,14.209422,50.0,32226.499,13690.942
PF14/0017/D884,CE,41.167947,14.203773,50.0,31714.873,13212.322
PF15/0017/D884,CE,41.166265,14.204057,50.0,31527.846,13234.494
PF19/0017/D884,CE,41.170223,14.210405,50.0,31962.492,13770.96
PF20/0017/D884,CE,41.174343,14.207192,60.0,32422.244,13505.621
PF21/0017/D884,CE,41.170854,14.217693,12.0,32027.0,14383.0
PF22/0017/D884,CE,41.174936,14.212542,12.0,32484.0,13955.0
PF24/0017/D884,CE,41.172617,14.21449,50.0,32225.125,14116.112
PF01/0019/D884,CE,41.177493,14.23651,10.0,32750.0,15968.0
PF01/0020/D884,CE,41.183261,14.245183,10.0,33384.0,16701.0
PF02/0020/D884,CE,41.184391,14.262459,10.0,33497.0,18151.0
PF03/0020/D884,CE,41.176284,14.249937,10.0,32606.0,17093.0
PF04/0020/D884,CE,41.181097,14.25358,50.0,33137.703,17403.19
PF05/0020/D884,CE,41.177421,14.255533,50.0,32728.177,17563.497
PF06/0020/D884,CE,41.176604,14.262805,50.0,32632.229,18172.715
PF01/0021/D884,CE,41.157538,14.189259,10.0,30570.5,11984.0
PF03/0022/D884,CE,41.163362,14.193168,10.0,31214.0,12318.0
PF10/0022/D884,CE,41.160904,14.203759,12.0,30933.0,13204.0
PF11/0022/D884,CE,41.164949,14.197059,50.0,31387.227,12646.048
PF12/0022/D884,CE,41.161887,14.201268,50.0,31044.0,12996.0
PF13/0022/D884,CE,41.166034,14.192766,50.0,31511.0,12287.0
PF14/0022/D884,CE,41.166204,14.200369,12.0,31524.0,12925.0
PF01/0023/D884,CE,41.164496,14.207288,50.0,31328.993,13503.704
PF02/0023/D884,CE,41.162023,14.208492,50.0,31053.525,13602.204
PF03/0023/D884,CE,41.163566,14.204421,50.0,31227.998,13262.266
PF05/0023/D884,CE,41.166715,14.210447,12.0,31573.0,13771.0
PF01/0024/D884,CE,41.161028,14.212532,50.0,30940.028,13940.193
PF02/0024/D884,CE,41.163476,14.211781,50.0,31212.376,13879.633
PF03/0024/D884,CE,41.163121,14.214835,70.0,31170.59,14135.472
PF05/0024/D884,CE,41.163789,14.223579,50.0,31238.164,14869.721
PF07/0024/D884,CE,41.166279,14.217006,50.0,31519.618,14320.826
PF08/0024/D884,CE,41.162112,14.229621,12.0,31047.5,15375.0
PF09/0024/D884,CE,41.160496,14.228319,70.0,30869.078,15264.149
PF10/0024/D884,CE,41.162615,14.22617,12.0,31106.0,15086.0
PF11/0024/D884,CE,41.163569,14.221786,50.0,31215.116,14719.141
PF01/0025/D884,CE,41.170009,14.224569,10.0,31928.0,14959.0
PF02/0025/D884,CE,41.166047,14.231506,12.0,31483.0,15537.0
PF03/0025/D884,CE,41.169304,14.221897,50.0,31851.694,14734.106
PF06/0025/D884,CE,41.167023,14.221529,50.0,31598.739,14700.97
PF07/0025/D884,CE,41.168246,14.217973,10.0,31737.226,14403.869
PF01/0027/D884,CE,41.15796,14.203209,12.0,30606.582,13154.879
PF02/0027/D884,CE,41.159726,14.199865,50.0,30805.215,12876.073
PF03/0027/D884,CE,41.159901,14.208753,70.0,30817.756,13621.976
PF02/0001/D886,CE,40.713726,14.266423,50.0,-18755.246,18044.884
PF03/0001/D886,CE,40.71057,14.269916,50.0,-19108.0,18337.0
PF06/0001/D886,CE,40.716065,14.26536,50.0,-18494.882,17957.2
PF07/0001/D886,CE,40.716381,14.269899,50.0,-18462.925,18340.902
PF08/0001/D886,CE,40.714116,14.261007,50.0,-18708.154,17587.751
PF09/0001/D886,CE,40.709622,14.26276,50.0,-19208.216,17731.632
PF10/0001/D886,CE,40.71185,14.261532,50.0,-18960.0,17630.0
PF11/0001/D886,CE,40.718044,14.266626,50.0,-18276.033,18066.013
PF04/0002/D886,CE,40.712048,14.277451,50.0,-18949.251,18974.838
PF05/0002/D886,CE,40.715825,14.277566,50.0,-18529.987,18987.986
PF06/0002/D886,CE,40.713682,14.28177,50.0,-18770.847,19341.128
PF01/0004/D886,CE,41.045746,14.245437,50.0,18117.533,16590.01
PF02/0004/D886,CE,40.703092,14.24788,50.0,-19922.453,16468.479
PF03/0004/D886,CE,41.04792,14.243865,50.0,18360.0,16460.0
PF04/0004/D886,CE,40.706951,14.249216,12.0,-19495.0,16585.0
PF01/0005/D886,CE,40.705761,14.259583,50.0,-19634.597,17459.645
PF03/0005/D886,CE,40.709297,14.257684,50.0,-19240.643,17302.532
PF04/0005/D886,CE,40.706353,14.255615,12.0,-19566.0,17125.0
PF09/0005/D886,CE,40.707019,14.263989,12.0,-19498.0,17833.0
PF10/0005/D886,CE,40.706441,14.26789,12.0,-19565.0,18162.0
PF01/0006/D886,CE,40.707492,14.274673,50.0,-19453.006,18735.959
PF02/0006/D886,CE,40.708138,14.279953,50.0,-19385.055,19182.638
PF03/0006/D886,CE,40.705356,14.276483,50.0,-19691.366,18886.938
PF04/0006/D886,CE,40.719488,14.268889,50.0,-18117.337,18258.453
PF01/0007/D886,CE,40.695671,14.218428,12.0,-20724.5,13973.0
PF04/0007/D886,CE,40.695097,14.227465,12.0,-20795.0,14736.0
PF05/0007/D886,CE,40.701588,14.216252,10.0,-20066.0,13795.0
PF06/0007/D886,CE,40.694853,14.223426,12.0,-20819.0,14394.5
PF07/0007/D886,CE,40.694825,14.227243,12.0,-20825.0,14717.0
PF08/0007/D886,CE,40.698505,14.215873,12.0,-20408.0,13760.0
PF09/0007/D886,CE,40.702056,14.221478,12.0,-20018.0,14237.0
PF10/0007/D886,CE,40.69812,14.225536,12.0,-20458.0,14576.0
PF05/0008/D886,CE,40.691693,14.233335,50.0,-21177.175,15228.702
PF06/0008/D886,CE,40.696559,14.241279,50.0,-20642.887,15904.577
PF07/0008/D886,CE,40.693789,14.240817,50.0,-20949.973,15862.886
PF08/0008/D886,CE,40.695689,14.237632,50.0,-20736.726,15595.555
PF07/0009/D886,CE,40.696181,14.244648,50.0,-20687.295,16188.823
PF09/0009/D886,CE,40.69709,14.255768,50.0,-20594.395,17129.196
PF10/0009/D886,CE,40.700096,14.243375,50.0,-20251.786,16085.023
PF11/0009/D886,CE,40.6971,14.251244,50.0,-20590.0,16747.0
PF12/0009/D886,CE,40.693246,14.245582,50.0,-21013.798,16264.966
PF04/0010/D886,CE,40.701293,14.258832,12.0,-20130.0,17392.0
PF05/0010/D886,CE,40.702926,14.253558,12.0,-19945.0,16948.0
PF06/0010/D886,CE,40.699187,14.256393,12.0,-20362.0,17184.0
PF01/0011/D886,CE,40.697497,14.26785,50.0,-20557.796,18150.366
PF02/0011/D886,CE,40.69913,14.264889,50.0,-20374.385,17901.764
PF03/0011/D886,CE,40.696289,14.264527,12.0,-20689.5,17868.5
PF04/0011/D886,CE,40.70245,14.267428,50.0,-20007.61,18119.305
PF06/0011/D886,CE,40.695372,14.266981,50.0,-20793.0,18075.0
PF07/0011/D886,CE,40.694084,14.269189,50.0,-20937.577,18260.33
PF09/0011/D886,CE,40.698894,14.271073,12.0,-20405.0,18424.0
PF01/0012/D886,CE,40.681783,14.201755,50.0,-22253.502,12550.308
PF02/0012/D886,CE,40.685015,14.196533,50.0,-21890.72,12112.263
PF03/0012/D886,CE,40.681712,14.206037,50.0,-22264.653,12912.081
PF01/0013/D886,CE,40.6842,14.213319,12.0,-21994.0,13530.0
PF02/0013/D886,CE,40.688397,14.210536,12.0,-21526.0,13299.0
PF01/0014/D886,CE,40.692793,14.225148,12.0,-21049.0,14538.0
PF02/0014/D886,CE,40.687483,14.2205,12.0,-21635.0,14140.0
PF04/0014/D886,CE,40.695523,14.214607,12.0,-20738.0,13650.0
PF05/0014/D886,CE,40.691807,14.221858,10.0,-21156.0,14259.0
PF04/0015/D886,CE,40.677677,14.251866,10.0,-22746.6,16781.2
PF07/0015/D886,CE,40.687024,14.234533,50.0,-21696.337,15325.338
PF08/0015/D886,CE,40.686783,14.229017,50.0,-21719.0,14859.0
PF09/0015/D886,CE,40.683903,14.230073,50.0,-22039.515,14945.434
PF10/0015/D886,CE,40.692019,14.228664,50.0,-21137.519,14834.325
PF11/0015/D886,CE,40.681612,14.231597,12.0,-22295.0,15072.0
PF02/0016/D886,CE,40.685708,14.241437,50.0,-21847.55,15907.481
PF03/0016/D886,CE,40.72285,14.241398,50.0,-17724.44,15939.818
PF04/0016/D886,CE,40.689483,14.238313,50.0,-21426.124,15647.138
PF05/0016/D886,CE,40.881102,14.050409,12.0,0.0,0.0
PF06/0016/D886,CE,40.683231,14.236476,50.0,-22118.788,15485.88
PF07/0016/D886,CE,40.681149,14.239294,12.0,-22352.0,15722.0
PF09/0016/D886,CE,40.68836,14.241779,50.0,-21553.332,15938.905
PF10/0016/D886,CE,40.678825,14.240728,12.0,-22611.0,15841.0
PF02/0017/D886,CE,40.690243,14.245536,50.0,-21347.041,16258.179
PF03/0017/D886,CE,40.693224,14.251413,50.0,-21020.457,16757.57
PF04/0017/D886,CE,40.690772,14.251594,50.0,-21292.775,16770.566
PF10/0017/D886,CE,40.691667,14.242351,50.0,-21186.662,15990.465
PF11/0017/D886,CE,40.692652,14.25288,50.0,-21084.973,16880.986
PF12/0017/D886,CE,40.686642,14.244245,50.0,-21745.867,16145.717
PF17/0017/D886,CE,40.684504,14.24417,50.0,-21983.137,16137.299
PF18/0017/D886,CE,40.682313,14.245917,50.0,-22227.638,16282.879
PF19/0017/D886,CE,40.683682,14.248774,50.0,-22077.734,16525.547
PF20/0017/D886,CE,40.694008,14.250654,50.0,-20932.793,16694.185
PF21/0017/D886,CE,40.68395,14.25233,50.0,-22050.513,16826.294
PF22/0017/D886,CE,40.687467,14.248865,50.0,-21657.655,16536.893
PF01/0018/D886,CE,40.695411,14.253686,50.0,-20779.253,16951.744
PF10/0018/D886,CE,40.693781,14.256054,50.0,-20961.872,17150.252
PF11/0018/D886,CE,40.690173,14.258914,50.0,-21364.515,17388.537
PF12/0018/D886,CE,40.68537,14.257818,50.0,-21896.838,17291.447
PF13/0018/D886,CE,40.683032,14.25554,50.0,-22154.773,17096.724
PF14/0018/D886,CE,40.69143,14.254894,12.0,-21222.0,17050.0
PF01/0019/D886,CE,40.693725,14.265924,50.0,-20975.177,17984.171
PF02/0019/D886,CE,40.695196,14.263373,12.0,-20810.0,17770.0
PF04/0019/D886,CE,40.689331,14.261781,50.0,-21460.0,17630.0
PF05/0019/D886,CE,40.688063,14.264552,50.0,-21602.744,17862.961
PF06/0019/D886,CE,40.692144,14.269206,50.0,-21153.0,18260.0
PF07/0019/D886,CE,40.691257,14.265807,12.0,-21249.0,17972.0
PF08/0019/D886,CE,40.69238,14.262446,12.0,-21122.0,17689.0
PF03/0020/D886,CE,40.674654,14.194758,50.0,-23039.5,11951.73
PF04/0020/D886,CE,40.673573,14.181875,50.0,-23149.458,10861.839
PF06/0020/D886,CE,40.671847,14.190053,50.0,-23347.369,11551.258
PF07/0020/D886,CE,40.676494,14.190621,12.0,-22832.0,11604.0
PF01/0021/D886,CE,40.676367,14.205419,50.0,-22857.559,12854.547
PF02/0021/D886,CE,40.677815,14.202643,50.0,-22694.599,12621.318
PF04/0021/D886,CE,40.676062,14.198412,12.0,-22886.0,12262.0
PF05/0021/D886,CE,40.682635,14.192795,12.0,-22152.0,11794.0
PF01/0022/D886,CE,40.676006,14.214744,50.0,-22904.651,13642.284
PF04/0022/D886,CE,40.672337,14.205538,50.0,-23305.0,12860.5
PF06/0022/D886,CE,40.678855,14.211722,50.0,-22586.177,13389.697
PF07/0022/D886,CE,40.675598,14.208352,50.0,-22945.165,13101.648
PF08/0022/D886,CE,40.672663,14.213962,50.0,-23275.208,13572.852
PF09/0022/D886,CE,40.674877,14.20279,50.0,-23020.918,12630.824
PF10/0022/D886,CE,40.674151,14.211308,12.0,-23108.0,13350.0
PF02/0023/D886,CE,40.677454,14.217831,50.0,-22746.278,13904.598
PF04/0023/D886,CE,40.678742,14.23018,50.0,-22612.496,14949.52
PF01/0024/D886,CE,40.679069,14.234021,50.0,-22579.038,15274.448
PF08/0024/D886,CE,40.672792,14.241767,50.0,-23281.547,15922.998
PF09/0024/D886,CE,40.673647,14.244308,50.0,-23188.498,16138.632
PF11/0024/D886,CE,40.678548,14.236661,50.0,-22638.802,15497.024
PF12/0024/D886,CE,40.675411,14.234058,50.0,-22985.128,15273.986
PF51/0024/D886,CE,40.675134,14.240279,50.0,-23020.436,15799.52
PF02/0025/D886,CE,40.81036,14.23863,50.0,-8008.018,15790.343
PF04/0025/D886,CE,40.808971,14.242078,50.0,-8164.737,16079.849
PF05/0025/D886,CE,40.811044,14.245366,50.0,-7937.085,16359.214
PF06/0025/D886,CE,40.680547,14.255479,50.0,-22430.588,17089.214
PF07/0025/D886,CE,40.676546,14.254574,50.0,-22874.0,17009.0
PF08/0025/D886,CE,40.674458,14.251784,50.0,-23103.855,16771.184
PF09/0025/D886,CE,40.680596,14.253016,50.0,-22423.351,16881.138
PF10/0025/D886,CE,40.813035,14.241795,50.0,-7713.457,16059.896
PF01/0026/D886,CE,40.670042,14.209164,50.0,-23562.489,13164.67
PF03/0026/D886,CE,40.669436,14.200361,50.0,-23623.0,12420.0
PF04/0026/D886,CE,40.664935,14.205164,50.0,-24126.304,12821.445
PF05/0026/D886,CE,40.671203,14.196576,50.0,-23424.011,12101.936
PF06/0026/D886,CE,40.671855,14.207478,12.0,-23360.0,13024.0
PF01/0027/D886,CE,40.670081,14.216227,50.0,-23563.551,13761.683
PF02/0027/D886,CE,40.668744,14.221299,50.0,-23715.737,14189.125
PF03/0027/D886,CE,40.666348,14.222991,50.0,-23982.977,14329.783
PF04/0027/D886,CE,40.665996,14.227674,50.0,-24025.499,14725.27
PF05/0027/D886,CE,40.668264,14.228342,50.0,-23774.224,14783.978
PF01/0028/D886,CE,40.672393,14.232436,12.0,-23319.0,15134.0
PF02/0028/D886,CE,40.669688,14.233772,50.0,-23620.266,15244.269
PF04/0028/D886,CE,40.675379,14.220755,50.0,-22978.77,14149.615
PF05/0028/D886,CE,40.672289,14.236102,50.0,-23333.163,15443.696
PF01/0029/D886,CE,40.667154,14.233823,10.0,-23901.5,15246.1
PF07/0029/D886,CE,40.664725,14.236011,12.0,-24172.771,15428.702
PF10/0029/D886,CE,40.665552,14.238237,50.0,-24082.638,15617.681
PF11/0029/D886,CE,40.667061,14.235243,50.0,-23912.961,15366.101
PF12/0029/D886,CE,40.668281,14.238546,50.0,-23779.886,15646.412
PF13/0029/D886,CE,40.664005,14.231655,50.0,-24249.446,15059.855
PF14/0029/D886,CE,40.667859,14.241586,50.0,-23829.0,15903.0
PF03/0030/D886,CE,40.672539,14.250667,50.0,-23316.0,16675.0
PF04/0030/D886,CE,40.669656,14.245748,12.0,-23632.5,16256.5
PF05/0030/D886,CE,40.665887,14.248255,50.0,-24052.763,16464.827
PF09/0030/D886,CE,40.673219,14.246024,50.0,-23237.259,16283.259
PF10/0030/D886,CE,40.813002,14.238711,50.0,-7714.875,15799.763
PF11/0030/D886,CE,40.670106,14.240703,50.0,-23578.899,15830.53
PF05/0031/D886,CE,40.66376,14.205492,12.0,-24257.0,12848.0
PF06/0031/D886,CE,40.666194,14.217518,12.0,-23996.0,13867.0
PF07/0031/D886,CE,40.661915,14.208519,12.0,-24464.104,13102.057
PF08/0031/D886,CE,40.664007,14.209866,12.0,-24233.0,13218.0
PF09/0031/D886,CE,40.664925,14.221151,50.0,-24139.6,14172.877
PF10/0031/D886,CE,40.662511,14.215195,12.0,-24403.0,13667.0
PF02/0032/D886,CE,40.663518,14.22344,50.0,-24297.457,14364.901
PF03/0032/D886,CE,40.66253,14.235646,12.0,-24416.222,15395.796
PF04/0032/D886,CE,40.661145,14.224416,12.0,-24561.6,14445.1
PF05/0033/D886,CE,40.663142,14.24494,10.0,-24355.0,16182.0
PF06/0033/D886,CE,40.660325,14.245327,10.0,-24668.0,16212.0
PF07/0033/D886,CE,40.659837,14.242375,10.0,-24720.0,15962.0
PF08/0033/D886,CE,40.666567,14.243801,12.0,-23974.0,16089.0
PF09/0033/D886,CE,40.662213,14.248866,50.0,-24461.0,16513.0
PF10/0033/D886,CE,40.66287,14.239087,12.0,-24381.0,15687.0
PF01/0034/D886,CE,40.668956,14.253144,12.0,-23715.6,16881.0
PF02/0034/D886,CE,40.672556,14.253915,12.0,-23316.5,16949.5
PF03/0034/D886,CE,40.665852,14.257805,12.0,-24063.5,17272.0
PF04/0034/D886,CE,40.666087,14.261517,10.0,-24040.0,17586.0
PF05/0034/D886,CE,40.663695,14.260124,50.0,-24304.516,17466.035
PF07/0034/D886,CE,40.659318,14.263804,50.0,-24793.0,17773.0
PF08/0034/D886,CE,40.661183,14.259336,50.0,-24582.893,17397.088
PF09/0034/D886,CE,40.663338,14.253928,50.0,-24339.734,16941.94
PF01/0035/D886,CE,40.653753,14.245933,12.0,-25398.0,16257.0
PF07/0001/E011,CE,41.01502,14.457467,10.0,14574.1,34389.0
PF10/0001/E011,CE,41.014908,14.454768,12.0,14563.0,34162.0
PF11/0001/E011,CE,41.017359,14.453178,12.0,14836.0,34030.0
PF12/0001/E011,CE,41.016143,14.451202,10.0,14702.0,33863.0
PF01/0002/E011,CE,41.014875,14.459371,50.0,14557.0,34549.0
PF02/0002/E011,CE,41.019384,14.454564,12.0,15060.0,34148.0
PF03/0003/E011,CE,41.01018,14.454023,50.0,14038.6,34096.1
PF04/0003/E011,CE,41.009631,14.448165,12.0,13980.677,33603.135
PF11/0003/E011,CE,41.006706,14.450104,50.0,13654.937,33764.15
PF13/0003/E011,CE,41.006019,14.443854,50.0,13582.003,33238.001
PF15/0003/E011,CE,41.007966,14.453158,50.0,13793.19,34021.834
PF16/0003/E011,CE,41.010515,14.445944,50.0,14079.998,33416.998
PF17/0003/E011,CE,41.012449,14.448752,50.0,14293.269,33654.412
PF02/0004/E011,CE,40.997588,14.462415,50.0,12636.34,34793.191
PF05/0004/E011,CE,41.008026,14.460556,12.0,13796.0,34644.0
PF06/0004/E011,CE,41.011725,14.458064,12.0,14208.0,34437.0
PF01/0005/E011,CE,41.000656,14.462815,50.0,12976.711,34828.944
PF01/0006/E011,CE,41.00701,14.456321,50.0,13685.449,34287.166
PF01/0007/E011,CE,41.001656,14.463844,10.0,13087.2,34916.1
PF05/0007/E011,CE,40.998453,14.474855,50.0,12726.0,35840.0
PF07/0007/E011,CE,40.997003,14.472833,10.0,12566.0,35669.0
PF09/0007/E011,CE,40.997199,14.464931,10.0,12591.8,35004.5
PF10/0007/E011,CE,40.998347,14.461184,10.0,12721.226,34690.156
PF12/0007/E011,CE,40.999795,14.471906,50.0,12876.397,35592.931
PF13/0007/E011,CE,40.996381,14.472335,50.0,12497.248,35626.716
PF15/0007/E011,CE,41.0004,14.467111,50.0,12946.0,35190.0
PF16/0007/E011,CE,40.995072,14.464448,50.0,12355.897,34962.421
PF17/0007/E011,CE,40.997249,14.467564,50.0,12595.974,35225.989
PF01/0008/E011,CE,41.005956,14.457809,50.0,13567.705,34411.563
PF02/0008/E011,CE,41.005575,14.458546,50.0,13524.984,34473.23
PF03/0008/E011,CE,41.00204,14.470215,50.0,13126.469,35452.233
PF01/0009/E011,CE,41.007238,14.461969,50.0,13707.799,34762.293
PF03/0009/E011,CE,41.008495,14.458093,50.0,13849.357,34437.151
PF01/0010/E011,CE,40.997765,14.432283,8.0,12672.0,32259.0
PF02/0010/E011,CE,40.997688,14.438999,50.0,12659.788,32823.806
PF03/0010/E011,CE,40.997851,14.436517,50.0,12679.255,32615.194
PF04/0010/E011,CE,41.005413,14.462338,50.0,13505.017,34792.019
PF01/0011/E011,CE,41.000299,14.436118,50.0,12951.196,32583.389
PF02/0011/E011,CE,40.998391,14.486983,10.0,12713.0,36860.0
PF01/0012/E011,CE,40.989319,14.471952,12.0,11713.485,35589.71
PF03/0012/E011,CE,40.994537,14.472051,50.0,12292.694,35601.557
PF04/0012/E011,CE,40.992194,14.475353,50.0,12030.909,35877.707
PF02/0013/E011,CE,40.992608,14.48308,12.0,12073.0,36528.0
PF04/0013/E011,CE,40.882264,14.194993,379.0,6.94,12183.2
PF05/0013/E011,CE,40.990695,14.482391,50.0,11860.965,36468.748
PF10/0013/E011,CE,40.990676,14.492835,10.0,11853.7,37347.2
PF11/0013/E011,CE,40.988573,14.494321,10.0,11619.5,37470.9
PF12/0013/E011,CE,40.992364,14.438882,50.0,12068.803,32810.179
PF13/0013/E011,CE,40.994914,14.48292,50.0,12329.087,36515.981
PF14/0013/E011,CE,40.993707,14.480866,50.0,12196.091,36342.464
PF16/0013/E011,CE,40.996036,14.440377,50.0,12475.645,32938.492
PF17/0013/E011,CE,40.996852,14.463665,50.0,12553.924,34897.825
PF19/0013/E011,CE,40.991098,14.478818,50.0,11907.493,36168.47
PF20/0013/E011,CE,40.995756,14.490035,12.0,12419.0,37115.0
PF22/0013/E011,CE,40.993612,14.486033,12.0,12183.0,36777.0
PF23/0013/E011,CE,40.990619,14.489444,12.0,11849.0,37062.0
PF02/0014/E011,CE,40.994944,14.444426,50.0,12352.319,33278.288
PF50/0014/E011,CE,40.991083,14.494529,50.0,11898.0,37490.0
PF51/0014/E011,CE,40.990002,14.496642,12.0,11777.0,37667.0
PF01/0015/E011,CE,40.985265,14.477567,50.0,11260.615,36059.358
PF02/0015/E011,CE,40.985436,14.48541,50.0,11275.652,36719.259
PF03/0015/E011,CE,40.986775,14.490875,10.0,11421.576,37179.811
PF04/0015/E011,CE,40.985272,14.488089,12.0,11256.11,36944.508
PF05/0015/E011,CE,40.982996,14.482858,12.0,11006.0,36503.0
PF06/0015/E011,CE,40.988703,14.482867,50.0,11639.584,36507.514
PF01/0001/E039,CE,41.026111,14.425166,8.0,15822.64,31681.16
PF02/0001/E039,CE,41.02948,14.413799,8.0,16203.03,30727.98
PF01/0002/E039,CE,41.046023,14.452002,8.0,18018.7,33951.17
PF02/0002/E039,CE,41.021681,14.43613,10.0,15324.83,32599.73
PF03/0002/E039,CE,41.029072,14.42931,12.0,16149.149,32031.636
PF04/0002/E039,CE,41.027006,14.4293,50.0,15919.705,32029.338
PF05/0002/E039,CE,41.021444,14.437254,12.0,15298.0,32694.0
PF02/0003/E039,CE,41.029447,14.402846,50.0,16205.62,29807.228
PF05/0003/E039,CE,41.037774,14.406397,12.0,17128.0,30112.0
PF06/0003/E039,CE,41.036026,14.404604,50.0,16935.0,29960.0
PF07/0003/E039,CE,41.03352,14.40948,12.0,16654.0,30368.0
PF09/0003/E039,CE,41.032507,14.402334,50.0,16545.671,29766.523
PF10/0003/E039,CE,41.032629,14.402561,50.0,16558.98,29785.664
PF14/0003/E039,CE,41.034464,14.406358,50.0,16760.535,30106.21
PF01/0004/E039,CE,41.026665,14.393864,12.0,15902.0,29050.0
PF07/0004/E039,CE,41.026926,14.406693,50.0,15923.572,30128.732
PF08/0004/E039,CE,41.02924,14.397128,50.0,16185.984,29326.406
PF09/0004/E039,CE,41.028006,14.394735,50.0,16050.342,29124.246
PF10/0004/E039,CE,41.024425,14.392695,50.0,15654.0,28950.0
PF01/0005/E039,CE,41.030406,14.399792,50.0,16313.809,29551.177
PF02/0005/E039,CE,41.022997,14.404401,50.0,15488.697,29933.044
PF04/0005/E039,CE,41.021097,14.403041,50.0,15278.517,29817.225
PF06/0005/E039,CE,41.023887,14.404617,50.0,15587.386,29951.901
PF07/0005/E039,CE,41.019083,14.406189,50.0,15053.19,30080.435
PF08/0005/E039,CE,41.023947,14.409887,12.0,15591.0,30395.0
PF02/0006/E039,CE,41.02549,14.418362,50.0,15757.487,31108.688
PF07/0006/E039,CE,41.022796,14.412075,50.0,15462.032,30578.097
PF08/0006/E039,CE,41.025848,14.409907,70.0,15802.104,30398.08
PF09/0006/E039,CE,41.024301,14.413996,50.0,15627.951,30740.701
PF10/0006/E039,CE,41.028709,14.412166,70.0,16118.364,30590.184
PF11/0006/E039,CE,41.01777,14.413311,50.0,14903.333,30678.293
PF12/0006/E039,CE,41.024023,14.417428,70.0,15595.185,31029.04
PF13/0006/E039,CE,41.021045,14.416238,50.0,15265.291,30926.749
PF15/0006/E039,CE,41.017489,14.416575,50.0,14870.357,30952.523
PF16/0006/E039,CE,41.022983,14.41859,50.0,15479.114,31126.0
PF01/0007/E039,CE,41.025784,14.424087,50.0,15786.925,31590.221
PF05/0007/E039,CE,41.028228,14.422257,50.0,16059.29,31438.166
PF06/0007/E039,CE,41.027177,14.425641,50.0,15940.741,31721.87
PF07/0007/E039,CE,41.022798,14.434031,12.0,15450.0,32424.0
PF08/0007/E039,CE,41.024456,14.429125,50.0,15636.784,32012.791
PF09/0007/E039,CE,41.022183,14.429921,12.0,15384.0,32078.0
PF10/0007/E039,CE,41.023995,14.422783,50.0,15589.126,31479.28
PF11/0007/E039,CE,41.024262,14.425847,12.0,15617.0,31737.0
PF01/0008/E039,CE,41.023629,14.40398,50.0,15559.068,29898.105
PF02/0008/E039,CE,41.019005,14.400488,50.0,15047.75,29600.989
PF04/0008/E039,CE,40.963401,14.264423,50.0,8962.527,18108.732
PF06/0008/E039,CE,41.018089,14.397177,50.0,14948.058,29321.906
PF07/0008/E039,CE,41.02071,14.388638,12.0,15244.0,28606.0
PF01/0009/E039,CE,40.953404,14.266411,50.0,7851.311,18266.718
PF03/0009/E039,CE,41.016171,14.388786,50.0,14740.038,28614.942
PF06/0009/E039,CE,40.992451,14.335329,50.0,12139.613,24100.001
PF07/0009/E039,CE,41.016725,14.393752,50.0,14798.63,29032.876
PF08/0009/E039,CE,40.970124,14.292541,50.0,9689.384,20480.906
PF10/0009/E039,CE,40.969369,14.295988,50.0,9603.229,20770.25
PF11/0009/E039,CE,40.992535,14.331256,50.0,12151.628,23757.465
PF12/0009/E039,CE,40.96739,14.294165,50.0,9384.707,20615.103
PF50/0009/E039,CE,40.952319,14.267092,50.0,7730.446,18323.021
PF01/0010/E039,CE,41.01176,14.396676,50.0,14245.702,29274.933
PF02/0010/E039,CE,41.007548,14.394954,50.0,13779.099,29126.926
PF03/0010/E039,CE,41.008172,14.397472,50.0,13846.946,29339.121
PF04/0010/E039,CE,41.011769,14.392157,50.0,14249.395,28894.979
PF05/0010/E039,CE,41.014495,14.400615,50.0,14546.997,29608.266
PF07/0010/E039,CE,41.016254,14.392973,50.0,14746.768,28967.028
PF08/0010/E039,CE,41.011493,14.403407,50.0,14212.139,29840.769
PF09/0010/E039,CE,41.009573,14.402182,50.0,13999.78,29736.294
PF10/0010/E039,CE,41.007556,14.400305,50.0,13776.862,29576.889
PF12/0010/E039,CE,41.013321,14.389305,12.0,14423.275,28656.319
PF13/0010/E039,CE,40.661172,14.691238,12.0,-24802.0,53907.0
PF14/0010/E039,CE,41.008916,14.39329,12.0,13932.0,28988.0
PF03/0011/E039,CE,41.014011,14.407978,50.0,14489.115,30226.995
PF04/0011/E039,CE,41.012873,14.411667,50.0,14360.677,30536.377
PF06/0011/E039,CE,41.015139,14.410725,50.0,14612.698,30458.875
PF07/0011/E039,CE,41.017595,14.404497,50.0,14888.944,29937.062
PF08/0011/E039,CE,41.016927,14.406932,50.0,14813.422,30141.258
PF10/0011/E039,CE,41.015378,14.402137,50.0,14644.148,29736.871
PF11/0011/E039,CE,41.00724,14.396998,50.0,13743.747,29298.571
PF12/0011/E039,CE,41.012819,14.403618,50.0,14359.233,29859.456
PF13/0011/E039,CE,41.010038,14.411333,50.0,14046.119,30506.185
PF14/0011/E039,CE,41.010498,14.407671,50.0,14099.227,30198.553
PF15/0011/E039,CE,41.012574,14.408871,12.0,14329.0,30301.0
PF01/0012/E039,CE,41.013478,14.416786,50.0,14424.886,30967.232
PF02/0012/E039,CE,41.02215,14.426987,50.0,15381.949,31831.327
PF04/0012/E039,CE,41.019982,14.421326,50.0,15144.393,31353.793
PF05/0012/E039,CE,41.014903,14.414371,50.0,14584.534,30765.254
PF06/0012/E039,CE,41.017796,14.424428,12.0,14900.0,31613.0
PF03/0013/E039,CE,41.00718,14.418538,50.0,13724.821,31109.875
PF04/0013/E039,CE,41.012007,14.419686,50.0,14260.0,31210.0
PF05/0013/E039,CE,41.01379,14.422136,50.0,14456.628,31417.354
PF06/0013/E039,CE,41.010571,14.422541,12.0,14099.0,31449.0
PF04/0014/E039,CE,41.020683,14.428348,50.0,15218.317,31944.702
PF05/0014/E039,CE,41.009669,14.425118,50.0,13997.409,31665.085
PF06/0014/E039,CE,41.011576,14.427711,50.0,14207.697,31884.526
PF07/0014/E039,CE,41.020656,14.431345,50.0,15213.726,32196.629
PF08/0014/E039,CE,41.011453,14.444367,50.0,14185.0,33285.0
PF10/0014/E039,CE,41.015093,14.429803,12.0,14597.0,32063.0
PF11/0014/E039,CE,41.013037,14.42755,12.0,14370.0,31872.0
PF12/0014/E039,CE,41.016086,14.428344,12.0,14708.0,31941.0
PF01/0015/E039,CE,41.01651,14.435984,50.0,14750.952,32583.69
PF04/0015/E039,CE,41.020013,14.434454,50.0,15140.654,32457.591
PF05/0015/E039,CE,41.016543,14.430926,50.0,14757.389,32158.452
PF06/0015/E039,CE,41.011946,14.436833,50.0,14243.814,32651.834
PF07/0015/E039,CE,41.018918,14.43707,50.0,15017.593,32676.779
PF08/0015/E039,CE,41.014207,14.436778,50.0,14494.854,32648.797
PF09/0015/E039,CE,41.011806,14.440891,12.0,14226.0,32993.0
PF01/0016/E039,CE,41.019917,14.461329,8.0,15115.66,34717.14
PF02/0016/E039,CE,41.03133,14.458208,8.0,16384.25,34462.6
PF03/0016/E039,CE,41.015735,14.439819,50.0,14662.768,32905.63
PF01/0017/E039,CE,40.997669,14.383431,50.0,12689.206,28150.143
PF03/0017/E039,CE,41.003401,14.373838,50.0,13331.285,27347.84
PF04/0017/E039,CE,41.004715,14.378172,50.0,13474.516,27713.437
PF07/0017/E039,CE,41.001047,14.386161,50.0,13062.591,28382.431
PF08/0017/E039,CE,41.009828,14.375085,50.0,14044.034,27457.854
PF11/0017/E039,CE,41.007688,14.370874,12.0,13809.0,27102.0
PF12/0017/E039,CE,40.961646,14.271364,50.0,8762.805,18691.129
PF13/0017/E039,CE,40.96094,14.263861,50.0,8689.796,18059.101
PF15/0017/E039,CE,41.005617,14.371048,12.0,13579.0,27115.0
PF16/0017/E039,CE,41.012916,14.373592,12.0,14387.705,27334.793
PF01/0018/E039,CE,41.004478,14.393877,50.0,13438.961,29033.989
PF02/0018/E039,CE,41.00294,14.3903,50.0,13270.249,28731.953
PF03/0018/E039,CE,41.002189,14.395511,32.0,13183.861,29169.664
PF06/0018/E039,CE,40.956426,14.387776,50.0,8108.208,28483.467
PF07/0018/E039,CE,41.006712,14.388407,50.0,13690.187,28575.658
PF12/0018/E039,CE,40.952489,14.382995,12.0,7674.0,28078.0
PF13/0018/E039,CE,40.954928,14.26317,50.0,8022.791,17995.324
PF15/0018/E039,CE,41.005671,14.383734,50.0,13577.346,28181.867
PF16/0018/E039,CE,41.010234,14.387251,50.0,14081.848,28481.251
PF17/0018/E039,CE,41.006432,14.392456,50.0,13656.729,28915.96
PF03/0019/E039,CE,41.006782,14.411527,50.0,13684.571,30520.013
PF06/0019/E039,CE,41.00689,14.415576,50.0,13694.299,30860.587
PF07/0019/E039,CE,41.008708,14.41329,50.0,13897.354,30669.753
PF08/0019/E039,CE,41.011155,14.415759,50.0,14167.675,30879.187
PF09/0019/E039,CE,41.005588,14.41514,12.0,13550.0,30823.0
PF10/0019/E039,CE,41.003295,14.410547,12.0,13298.0,30435.0
PF01/0020/E039,CE,41.001149,14.389174,50.0,13072.087,28635.834
PF04/0020/E039,CE,40.998773,14.388596,50.0,12808.745,28585.439
PF07/0020/E039,CE,41.002693,14.392194,50.0,13241.767,28891.07
PF11/0020/E039,CE,40.997795,14.379563,50.0,12705.505,27824.934
PF12/0020/E039,CE,41.000312,14.377769,12.0,12986.0,27676.0
PF13/0020/E039,CE,41.000342,14.381145,50.0,12987.266,27959.942
PF14/0020/E039,CE,41.002157,14.385474,50.0,13186.268,28325.506
PF15/0020/E039,CE,41.002481,14.376716,50.0,13227.426,27589.149
PF16/0020/E039,CE,41.001837,14.383295,12.0,13152.0,28142.0
PF01/0021/E039,CE,41.000306,14.401945,50.0,12971.08,29709.301
PF03/0021/E039,CE,41.000773,14.397394,50.0,13025.633,29326.945
PF04/0021/E039,CE,41.006503,14.407161,50.0,13656.094,30152.655
PF05/0021/E039,CE,41.001336,14.409895,50.0,13080.968,30378.706
PF06/0021/E039,CE,41.000846,14.407508,50.0,13027.849,30177.616
PF08/0021/E039,CE,41.004057,14.403111,50.0,13386.881,29810.202
PF09/0021/E039,CE,41.003617,14.407338,50.0,13335.563,30165.333
PF10/0021/E039,CE,41.002206,14.399499,50.0,13183.501,29505.071
PF11/0021/E039,CE,41.004273,14.397107,50.0,13414.292,29305.476
PF02/0022/E039,CE,41.005558,14.424541,50.0,13541.4,31613.508
PF05/0022/E039,CE,40.999751,14.412402,50.0,12903.5,30588.33
PF07/0022/E039,CE,41.003788,14.424196,50.0,13345.047,31583.274
PF10/0022/E039,CE,41.001529,14.417293,50.0,13098.12,31001.04
PF11/0022/E039,CE,41.000987,14.424227,50.0,13034.15,31583.796
PF12/0022/E039,CE,41.004731,14.420026,50.0,13452.145,31233.198
PF01/0023/E039,CE,41.009625,14.439515,50.0,13984.725,32875.672
PF05/0023/E039,CE,41.005551,14.426245,50.0,13539.644,31756.842
PF09/0023/E039,CE,41.007292,14.434089,50.0,13728.681,32417.728
PF12/0023/E039,CE,41.012449,14.434316,50.0,14300.948,32440.529
PF14/0023/E039,CE,41.008998,14.434499,50.0,13917.797,32453.469
PF15/0023/E039,CE,41.015046,14.434288,50.0,14589.351,32440.022
PF16/0023/E039,CE,41.00712,14.429953,12.0,13711.854,32069.766
PF03/0024/E039,CE,40.998328,14.427723,50.0,12736.999,31875.858
PF04/0024/E039,CE,40.995109,14.42073,50.0,12383.507,31285.336
PF06/0024/E039,CE,41.001242,14.427809,9.0,13060.5,31885.2
PF07/0024/E039,CE,41.000023,14.425009,50.0,12926.625,31648.839
PF08/0024/E039,CE,40.99636,14.420674,50.0,12522.462,31281.546
PF09/0024/E039,CE,40.995173,14.423214,50.0,12389.216,31494.367
PF03/0025/E039,CE,41.003538,14.439281,50.0,13309.098,32851.721
PF04/0025/E039,CE,41.000965,14.434491,50.0,13026.0,32447.0
PF07/0025/E039,CE,40.998947,14.440176,50.0,12798.929,32923.719
PF08/0025/E039,CE,41.00437,14.434846,50.0,13403.889,32479.31
PF10/0025/E039,CE,40.997725,14.431738,50.0,12667.858,32213.129
PF11/0025/E039,CE,40.998388,14.431312,50.0,12741.664,32177.778
PF12/0025/E039,CE,40.992959,14.433517,50.0,12137.83,32359.337
PF14/0025/E039,CE,41.005989,14.437824,50.0,13581.947,32730.926
PF15/0025/E039,CE,41.00025,14.432999,50.0,12947.469,32321.026
PF19/0025/E039,CE,41.007277,14.434135,50.0,13726.978,32421.576
PF20/0025/E039,CE,40.997458,14.434449,50.0,12636.758,32440.939
PF21/0025/E039,CE,40.9961,14.438567,12.0,12483.7,32786.32
PF01/0026/E039,CE,41.004483,14.449156,8.0,13408.7,33682.79
PF02/0026/E039,CE,41.011352,14.47077,8.0,14159.98,35505.16
PF03/0026/E039,CE,40.998945,14.445989,8.0,12795.63,33412.55
PF04/0026/E039,CE,41.003854,14.439957,8.0,13343.75,32908.75
PF02/0027/E039,CE,40.998173,14.394199,50.0,12738.828,29056.192
PF03/0027/E039,CE,40.998557,14.391775,50.0,12782.839,28852.625
PF06/0027/E039,CE,40.996117,14.380421,50.0,12518.745,27895.766
PF07/0027/E039,CE,40.995866,14.390452,50.0,12484.946,28739.273
PF08/0027/E039,CE,40.992222,14.384233,50.0,12084.086,28213.328
PF09/0027/E039,CE,40.989395,14.388058,50.0,11767.944,28532.839
PF12/0027/E039,CE,40.991469,14.37897,50.0,12003.588,27770.055
PF13/0027/E039,CE,40.995337,14.393253,50.0,12424.586,28974.444
PF14/0027/E039,CE,40.997533,14.3942,50.0,12667.827,29055.789
PF02/0028/E039,CE,40.991186,14.403566,50.0,11957.783,29838.736
PF04/0028/E039,CE,40.998509,14.402423,50.0,12771.4,29748.105
PF05/0028/E039,CE,40.990397,14.391854,12.0,11876.985,28852.955
PF06/0028/E039,CE,40.978451,14.396707,50.0,10548.0,29252.0
PF07/0028/E039,CE,40.971119,14.392363,50.0,9736.579,28880.849
PF08/0028/E039,CE,40.992443,14.392085,50.0,12104.0,28874.0
PF03/0029/E039,CE,40.98679,14.409366,50.0,11466.403,30323.31
PF06/0029/E039,CE,40.997933,14.407399,50.0,12704.539,30166.181
PF07/0029/E039,CE,40.996595,14.410955,50.0,12553.986,30464.26
PF08/0029/E039,CE,40.988909,14.411119,50.0,11700.715,30472.322
PF10/0029/E039,CE,40.994478,14.402996,50.0,12323.587,29793.306
PF11/0029/E039,CE,40.993632,14.407805,50.0,12226.821,30197.156
PF12/0029/E039,CE,40.990543,14.404936,50.0,11885.548,29953.437
PF13/0029/E039,CE,40.987247,14.406338,50.0,11518.886,30068.889
PF02/0030/E039,CE,40.996871,14.416134,50.0,12581.739,30900.081
PF05/0030/E039,CE,40.990701,14.415249,50.0,11897.232,30821.057
PF06/0030/E039,CE,40.990585,14.41761,50.0,11883.033,31019.586
PF07/0030/E039,CE,40.98882,14.416278,50.0,11687.832,30906.249
PF08/0030/E039,CE,40.999224,14.416986,12.0,12842.5,30973.5
PF09/0030/E039,CE,40.997333,14.413377,50.0,12634.552,30668.514
PF10/0030/E039,CE,40.991135,14.412127,50.0,11947.218,30558.786
PF12/0030/E039,CE,40.986943,14.413837,50.0,11480.932,30699.531
PF13/0030/E039,CE,40.998013,14.422419,50.0,12704.93,31429.543
PF14/0030/E039,CE,40.993676,14.415488,50.0,12227.354,30843.342
PF15/0030/E039,CE,40.994298,14.419674,50.0,12294.041,31195.893
PF16/0030/E039,CE,40.999209,14.420075,50.0,12839.01,31233.271
PF01/0031/E039,CE,40.983598,14.419678,50.0,11106.274,31188.384
PF02/0031/E039,CE,40.9843,14.422789,50.0,11182.47,31450.568
PF03/0031/E039,CE,40.985291,14.420219,50.0,11293.94,31235.136
PF05/0031/E039,CE,40.991548,14.423444,50.0,11986.709,31511.016
PF10/0031/E039,CE,40.996933,14.426015,50.0,12583.1,31731.184
PF11/0031/E039,CE,40.987493,14.418699,50.0,11539.203,31108.901
PF12/0031/E039,CE,40.988084,14.423688,12.0,11602.0,31529.0
PF13/0031/E039,CE,40.988793,14.420422,12.0,11682.59,31254.8
PF03/0032/E039,CE,40.993026,14.426095,50.0,12149.367,31735.061
PF05/0032/E039,CE,40.989587,14.428385,50.0,11766.31,31925.205
PF07/0032/E039,CE,40.993039,14.433434,50.0,12146.732,32352.408
PF08/0032/E039,CE,40.995269,14.429465,50.0,12396.505,32020.156
PF04/0033/E039,CE,40.990185,14.38085,50.0,11859.896,27927.187
PF06/0033/E039,CE,40.972289,14.407388,50.0,9857.77,30145.935
PF07/0033/E039,CE,40.96902,14.389506,50.0,9505.219,28638.883
PF08/0033/E039,CE,40.971344,14.381476,12.0,9768.0,27965.0
PF01/0034/E039,CE,40.978729,14.402522,50.0,10575.5,29741.4
PF02/0034/E039,CE,40.97648,14.404936,50.0,10324.464,29942.83
PF04/0034/E039,CE,40.97185,14.400457,12.0,9813.0,29562.5
PF05/0034/E039,CE,40.977962,14.399625,50.0,10491.976,29497.105
PF06/0034/E039,CE,40.981557,14.405128,50.0,10887.877,29962.851
PF07/0034/E039,CE,40.975687,14.402497,50.0,10237.779,29737.031
PF02/0035/E039,CE,40.979063,14.4076,50.0,10609.613,30168.879
PF03/0035/E039,CE,40.980806,14.410542,50.0,10801.471,30417.72
PF04/0035/E039,CE,40.985222,14.415637,50.0,11288.818,30849.597
PF05/0035/E039,CE,40.981991,14.414126,50.0,10931.022,30720.097
PF08/0035/E039,CE,40.984515,14.409873,50.0,11213.604,30364.229
PF10/0035/E039,CE,40.979402,14.415882,50.0,10642.558,30865.885
PF01/0036/E039,CE,40.964101,14.409113,50.0,8947.867,30284.932
PF02/0036/E039,CE,40.966521,14.412162,50.0,9214.721,30543.366
PF03/0036/E039,CE,40.963643,14.410841,10.0,8896.0,30430.0
PF04/0036/E039,CE,40.967617,14.409284,12.0,9338.0,30302.0
PF07/0036/E039,CE,40.970969,14.407362,50.0,9711.235,30142.807
PF08/0036/E039,CE,40.967639,14.405756,50.0,9342.452,30005.179
PF09/0036/E039,CE,40.96898,14.402676,50.0,9493.095,29746.996
PF10/0036/E039,CE,40.976981,14.413341,50.0,10375.211,30650.305
PF11/0036/E039,CE,40.971008,14.418596,50.0,9709.2,31088.068
PF12/0036/E039,CE,40.967395,14.416007,50.0,9309.612,30867.556
PF13/0036/E039,CE,40.977126,14.415931,50.0,10389.918,30868.374
PF14/0036/E039,CE,40.973014,14.413581,12.0,9934.759,30667.555
PF15/0036/E039,CE,40.973325,14.417432,50.0,9967.149,30991.842
PF16/0036/E039,CE,40.973658,14.410941,50.0,10007.677,30445.899
PF17/0036/E039,CE,40.961983,14.406791,12.0,8714.0,30088.0
PF18/0036/E039,CE,40.966768,14.402532,50.0,9247.708,29733.163
PF01/0037/E039,CE,40.961404,14.38486,50.0,8662.469,28241.936
PF02/0037/E039,CE,40.958848,14.383952,32.0,8379.299,28163.57
PF05/0037/E039,CE,40.954953,14.387736,50.0,7944.696,28478.997
PF06/0037/E039,CE,40.950239,14.387014,12.0,7421.765,28414.573
PF08/0037/E039,CE,40.966113,14.383818,50.0,9185.9,28157.971
PF09/0037/E039,CE,40.962628,14.382507,50.0,8799.736,28044.947
PF10/0037/E039,CE,40.960192,14.387087,50.0,8526.631,28428.47
PF11/0037/E039,CE,40.980386,14.385996,50.0,10769.043,28352.39
PF02/0038/E039,CE,40.95575,14.391152,50.0,8031.186,28767.098
PF03/0038/E039,CE,40.952228,14.401666,50.0,7633.998,29649.247
PF05/0038/E039,CE,40.949763,14.392835,50.0,7365.525,28904.125
PF06/0038/E039,CE,40.949144,14.397242,50.0,7294.253,29274.563
PF08/0038/E039,CE,40.959102,14.39699,50.0,8399.889,29261.018
PF09/0038/E039,CE,40.956584,14.399834,50.0,8118.698,29498.409
PF11/0038/E039,CE,40.948877,14.389729,12.0,7269.0,28642.0
PF12/0038/E039,CE,40.953596,14.390159,50.0,7792.627,28681.864
PF13/0038/E039,CE,40.962387,14.394261,50.0,8766.129,29033.868
PF16/0038/E039,CE,40.9672,14.398491,50.0,9297.999,29393.484
PF17/0038/E039,CE,40.954964,14.403076,12.0,7937.0,29770.0
PF18/0038/E039,CE,40.954113,14.396141,50.0,7846.549,29185.695
PF19/0038/E039,CE,40.957665,14.404625,50.0,8235.903,29902.425
PF20/0038/E039,CE,40.962526,14.401978,50.0,8777.067,29683.334
PF21/0038/E039,CE,40.966357,14.394821,50.0,9206.45,29084.019
PF22/0038/E039,CE,40.964137,14.391454,50.0,8962.056,28799.024
PF23/0038/E039,CE,40.959864,14.392447,50.0,8487.08,28879.224
PF24/0038/E039,CE,40.959846,14.403411,50.0,8478.776,29801.928
PF01/0001/E158,CE,40.993511,14.070454,50.0,12460.678,1821.651
PF03/0001/E158,CE,40.993294,14.063824,50.0,12442.583,1263.699
PF07/0001/E158,CE,40.996431,14.067899,50.0,12787.119,1610.136
PF12/0001/E158,CE,40.998183,14.077433,50.0,12973.143,2414.095
PF02/0002/E158,CE,40.989803,14.073857,50.0,12046.071,2103.464
PF03/0002/E158,CE,40.98977,14.070293,50.0,12045.568,1803.645
PF04/0002/E158,CE,40.980335,13.66035,50.0,11446.243,-32696.216
PF06/0002/E158,CE,40.984036,14.071459,12.0,11408.0,1895.0
PF07/0002/E158,CE,40.987844,14.068964,50.0,11832.927,1689.603
PF01/0003/E158,CE,40.999885,14.080761,50.0,13159.142,2696.005
PF02/0003/E158,CE,40.994292,14.083378,50.0,12535.937,2909.606
PF04/0003/E158,CE,40.988806,14.087923,50.0,11922.881,3285.537
PF05/0003/E158,CE,40.98795,14.083795,50.0,11831.561,2937.275
PF06/0003/E158,CE,40.995804,14.089075,50.0,12698.805,3390.509
PF01/0004/E158,CE,41.00411,14.098188,50.0,13612.882,4166.562
PF02/0004/E158,CE,41.001913,14.092858,50.0,13373.642,3715.763
PF03/0004/E158,CE,41.000744,14.098222,50.0,13239.172,4165.586
PF05/0004/E158,CE,41.002593,14.10102,50.0,13442.0,4403.0
PF06/0004/E158,CE,41.004384,14.091214,50.0,13649.331,3580.34
PF07/0004/E158,CE,41.001041,14.104914,50.0,13266.393,4728.72
PF03/0005/E158,CE,40.995632,14.097142,50.0,12672.592,4068.861
PF04/0005/E158,CE,40.998732,14.095662,50.0,13018.047,3947.953
PF02/0006/E158,CE,40.979899,14.078231,50.0,10942.664,2459.815
PF03/0006/E158,CE,40.981816,14.072441,50.0,11160.673,1974.96
PF04/0006/E158,CE,40.977155,14.078396,12.0,10637.86,2470.51
PF01/0007/E158,CE,41.00443,14.157565,10.0,13598.5,9160.5
PF03/0007/E158,CE,41.00125,14.154532,10.0,13248.0,8902.0
PF09/0007/E158,CE,40.966096,13.650885,50.0,9877.736,-33516.905
PF10/0007/E158,CE,40.970542,14.071387,12.0,9910.0,1873.0
PF01/0008/E158,CE,40.986292,14.09027,50.0,11641.765,3480.052
PF06/0009/E158,CE,40.982181,14.091234,50.0,11184.509,3556.39
PF07/0009/E158,CE,40.977049,14.085089,50.0,10620.26,3033.46
PF08/0009/E158,CE,40.98385,14.095455,50.0,11366.111,3913.411
PF01/0010/E158,CE,41.016658,14.117283,12.0,14989.5,5786.5
PF02/0010/E158,CE,41.012917,14.117086,60.0,14574.361,5765.759
PF05/0010/E158,CE,41.00988,14.112145,70.0,14241.383,5346.817
PF06/0010/E158,CE,41.001112,14.116111,70.0,13264.677,5670.498
PF07/0010/E158,CE,41.006028,14.112548,60.0,13813.417,5376.358
PF09/0010/E158,CE,41.012219,14.112151,50.0,14501.052,5349.956
PF10/0010/E158,CE,41.005858,14.105862,50.0,13800.328,4813.932
PF01/0011/E158,CE,41.010194,14.117339,50.0,14271.866,5784.015
PF02/0011/E158,CE,41.008505,14.120933,50.0,14081.285,6084.337
PF04/0011/E158,CE,41.005307,14.118191,70.0,13728.544,5850.152
PF05/0011/E158,CE,41.005311,14.132435,50.0,13717.0,7048.0
PF06/0011/E158,CE,41.000902,14.12824,50.0,13231.112,6690.379
PF09/0011/E158,CE,41.006813,14.123649,70.0,13891.196,6310.862
PF10/0011/E158,CE,41.004839,14.128374,12.0,13668.0,6706.0
PF02/0012/E158,CE,41.010368,14.127505,50.0,14282.569,6639.043
PF03/0012/E158,CE,41.013123,14.131977,50.0,14584.649,7018.168
PF04/0012/E158,CE,41.013033,14.123994,50.0,14581.393,6346.739
PF05/0012/E158,CE,41.015538,14.136976,50.0,14848.559,7441.129
PF01/0013/E158,CE,41.00889,14.140597,50.0,14107.544,7738.366
PF02/0013/E158,CE,41.014792,14.141575,50.0,14761.927,7827.015
PF03/0013/E158,CE,41.010762,14.138124,50.0,14317.405,7532.404
PF04/0013/E158,CE,41.002969,14.13735,60.0,13452.93,7458.839
PF03/0014/E158,CE,41.016121,14.163586,50.0,14891.464,9679.263
PF04/0014/E158,CE,41.01525,14.160823,12.0,14797.0,9446.0
PF05/0014/E158,CE,41.014078,14.155817,50.0,14670.956,9023.797
PF06/0014/E158,CE,41.013291,14.151723,50.0,14586.997,8678.677
PF07/0014/E158,CE,41.016523,14.15272,12.0,14945.0,8766.0
PF08/0014/E158,CE,41.01731,14.15651,50.0,15029.228,9085.536
PF09/0014/E158,CE,41.012735,14.159104,50.0,14519.206,9298.787
PF10/0014/E158,CE,41.021099,14.159999,12.0,15447.0,9383.0
PF11/0014/E158,CE,41.012841,14.148354,12.0,14539.798,8394.913
PF01/0015/E158,CE,41.001976,14.146798,50.0,13334.878,8252.345
PF02/0015/E158,CE,41.00627,14.147446,50.0,13810.989,8311.436
PF04/0015/E158,CE,41.007616,14.143517,50.0,13963.682,7982.546
PF02/0016/E158,CE,41.00448,14.157009,50.0,13604.53,9113.731
PF03/0016/E158,CE,41.004978,14.158968,50.0,13658.213,9279.017
PF07/0016/E158,CE,41.005316,14.162269,50.0,13693.079,9557.02
PF08/0016/E158,CE,41.010572,14.162242,50.0,14276.573,9560.333
PF09/0016/E158,CE,41.007945,14.166539,50.0,13981.535,9918.911
PF11/0016/E158,CE,41.007014,14.156801,12.0,13886.0,9099.0
PF05/0017/E158,CE,40.990845,14.101249,50.0,12137.608,4408.786
PF06/0017/E158,CE,40.987943,14.103582,12.0,11813.499,4601.775
PF07/0017/E158,CE,40.989972,14.104583,50.0,12037.827,4688.306
PF08/0017/E158,CE,40.992494,14.107376,50.0,12315.457,4926.104
PF01/0018/E158,CE,40.993197,14.119196,32.0,12383.325,5921.056
PF03/0018/E158,CE,40.990597,14.118066,32.0,12095.706,5823.091
PF04/0018/E158,CE,40.997273,14.110711,50.0,12843.131,5212.013
PF05/0018/E158,CE,40.999812,14.113579,50.0,13122.448,5456.064
PF06/0018/E158,CE,40.996084,14.121712,50.0,12701.692,6135.928
PF07/0018/E158,CE,40.999765,14.123292,50.0,13109.04,6272.922
PF08/0018/E158,CE,40.813322,14.074508,12.0,-7546.0,1951.0
PF01/0019/E158,CE,41.001122,14.139736,50.0,13245.855,7657.43
PF04/0019/E158,CE,40.996347,14.140684,10.0,12715.0,7732.0
PF06/0019/E158,CE,40.998454,14.141391,50.0,12948.363,7793.731
PF09/0019/E158,CE,40.994039,14.140157,60.0,12459.258,7685.116
PF11/0019/E158,CE,41.002575,14.132364,50.0,13413.342,7039.015
PF12/0019/E158,CE,40.996137,14.14412,50.0,12688.891,8020.726
PF13/0019/E158,CE,40.999395,14.137221,50.0,13056.26,7444.042
PF05/0020/E158,CE,41.00087,14.147898,50.0,13211.197,8343.659
PF06/0020/E158,CE,41.002364,14.150808,50.0,13374.688,8589.995
PF07/0020/E158,CE,41.000217,14.150144,50.0,13136.834,8531.837
PF08/0020/E158,CE,40.998794,14.146716,50.0,12981.756,8241.967
PF10/0020/E158,CE,40.998406,14.150107,50.0,12935.818,8526.76
PF11/0020/E158,CE,40.997459,14.155799,50.0,12826.029,9004.491
PF01/0021/E158,CE,40.984011,14.104482,50.0,11376.162,4672.956
PF02/0021/E158,CE,40.981244,14.104686,50.0,11068.791,4686.976
PF04/0021/E158,CE,40.983046,14.107443,50.0,11266.501,4921.0
PF05/0021/E158,CE,40.980585,14.108974,12.0,10992.0,5047.0
PF06/0021/E158,CE,40.987386,14.104246,12.0,11751.0,4657.0
PF07/0021/E158,CE,40.986738,14.099539,12.0,11683.174,4260.26
PF08/0021/E158,CE,40.982542,14.102256,50.0,11215.043,4484.038
PF09/0021/E158,CE,40.979097,14.09869,50.0,10835.712,4180.097
PF02/0022/E158,CE,40.983265,14.123702,50.0,11276.942,6289.064
PF03/0022/E158,CE,40.983509,14.118378,50.0,11308.514,5841.439
PF04/0022/E158,CE,40.986752,14.115444,50.0,11671.015,5598.216
PF05/0022/E158,CE,40.983995,14.113696,50.0,11366.54,5448.117
PF06/0022/E158,CE,40.985914,14.109651,50.0,11583.0,5110.0
PF07/0022/E158,CE,40.990161,14.119556,12.0,12046.0,5948.0
PF08/0022/E158,CE,40.990284,14.11449,12.0,12064.0,5522.0
PF09/0022/E158,CE,40.989467,14.109285,50.0,11977.695,5083.248
PF10/0022/E158,CE,40.985446,14.12019,12.0,11522.0,5996.0
PF11/0022/E158,CE,40.987686,14.120359,50.0,11770.552,6012.721
PF01/0023/E158,CE,40.993844,14.133619,12.0,12443.0,7135.0
PF02/0023/E158,CE,40.992891,14.1313,50.0,12339.188,6938.881
PF09/0023/E158,CE,40.966303,14.137414,10.0,9382.5,7424.0
PF10/0023/E158,CE,40.964634,14.137602,10.0,9197.0,7438.0
PF11/0023/E158,CE,40.994086,14.135851,12.0,12468.0,7323.0
PF12/0023/E158,CE,40.995595,14.13897,12.0,12633.0,7587.0
PF13/0023/E158,CE,40.998341,14.136319,12.0,12940.0,7367.0
PF15/0023/E158,CE,40.989943,14.132351,12.0,12011.0,7024.0
PF02/0024/E158,CE,40.987385,14.141819,50.0,11719.21,7817.658
PF03/0024/E158,CE,40.991613,14.138844,12.0,12191.0,7572.0
PF04/0024/E158,CE,40.988694,14.136634,50.0,11868.797,7382.877
PF08/0024/E158,CE,40.983282,14.142732,12.0,11263.0,7890.0
PF09/0024/E158,CE,40.990053,14.142264,12.0,12015.0,7858.0
PF10/0024/E158,CE,40.985231,14.139533,12.0,11482.0,7623.0
PF01/0025/E158,CE,40.996853,14.145679,50.0,12767.042,8152.628
PF01/0026/E158,CE,40.991806,14.157685,50.0,12197.0,9157.0
PF02/0026/E158,CE,40.99127,14.153804,50.0,12140.617,8829.976
PF05/0027/E158,CE,40.98073,14.114947,50.0,11003.004,5549.668
PF06/0027/E158,CE,40.978989,14.109094,50.0,10814.7,5055.3
PF09/0027/E158,CE,40.977999,14.117585,10.0,10697.5,5768.5
PF10/0027/E158,CE,40.977941,14.11155,50.0,10696.209,5260.77
PF11/0027/E158,CE,40.977223,14.107462,50.0,10620.068,4915.957
PF12/0027/E158,CE,40.976972,14.114182,50.0,10586.458,5481.112
PF13/0027/E158,CE,40.976379,14.110184,10.0,10524.0,5144.0
PF14/0027/E158,CE,40.976601,14.117978,10.0,10542.0,5800.0
PF15/0027/E158,CE,40.976004,14.121183,50.0,10473.013,6069.026
PF17/0027/E158,CE,40.9817,14.123867,50.0,11103.076,6301.141
PF19/0027/E158,CE,40.979931,14.120284,50.0,10909.728,5997.773
PF20/0027/E158,CE,40.979481,14.124887,50.0,10855.883,6384.545
PF21/0027/E158,CE,40.973947,14.109064,50.0,10255.026,5047.034
PF02/0028/E158,CE,40.982353,14.129921,50.0,11170.489,6811.208
PF09/0028/E158,CE,40.975811,14.130366,50.0,10443.825,6841.439
PF12/0028/E158,CE,40.979761,14.131952,50.0,10881.089,6979.18
PF13/0028/E158,CE,40.984334,14.133483,50.0,11387.391,7113.056
PF16/0028/E158,CE,40.981837,14.133863,50.0,11109.914,7142.258
PF17/0028/E158,CE,40.981821,14.126687,50.0,11114.101,6538.541
PF18/0028/E158,CE,40.979496,14.128246,50.0,10854.723,6667.173
PF19/0028/E158,CE,40.97434,14.127006,50.0,10283.433,6557.093
PF20/0028/E158,CE,40.983918,14.128176,50.0,11345.661,6666.143
PF21/0028/E158,CE,40.976622,14.127067,50.0,10536.656,6564.756
PF22/0028/E158,CE,40.983833,14.136708,50.0,11329.162,7383.811
PF01/0029/E158,CE,40.981857,14.136361,50.0,11110.033,7352.409
PF04/0029/E158,CE,40.981756,14.139782,50.0,11096.0,7640.167
PF05/0029/E158,CE,40.979858,14.135431,50.0,10888.896,7272.05
PF06/0029/E158,CE,40.97975,14.138704,50.0,10874.157,7547.226
PF01/0030/E158,CE,40.97035,14.103268,50.0,9860.619,4555.281
PF03/0030/E158,CE,40.961336,14.096058,50.0,8866.208,3938.241
PF03/0031/E158,CE,40.972866,14.117904,50.0,10127.464,5789.624
PF04/0031/E158,CE,40.973298,14.121727,50.0,10172.189,6111.795
PF12/0031/E158,CE,40.970576,14.109493,32.0,9880.35,5079.371
PF13/0031/E158,CE,40.965765,14.10342,50.0,9351.532,4562.876
PF15/0031/E158,CE,40.967049,14.109436,50.0,9488.883,5070.566
PF16/0031/E158,CE,40.968319,14.10692,50.0,9632.101,4860.32
PF01/0032/E158,CE,40.976975,14.132996,70.0,10570.864,7063.936
PF03/0032/E158,CE,40.978417,14.136113,50.0,10728.333,7327.805
PF09/0032/E158,CE,40.975649,14.137876,50.0,10419.648,7473.1
PF10/0032/E158,CE,40.972336,14.135907,50.0,10053.468,7303.759
PF11/0032/E158,CE,40.974621,14.132496,50.0,10309.938,7019.326
PF12/0032/E158,CE,40.96743,14.138891,50.0,9506.391,7549.493
PF13/0032/E158,CE,40.963468,14.134906,50.0,9069.819,7209.855
PF14/0032/E158,CE,40.972958,14.132863,50.0,10125.016,7048.32
PF01/0033/E158,CE,40.978362,14.145232,50.0,10714.702,8094.944
PF07/0033/E158,CE,40.971423,14.143127,50.0,9946.179,7910.292
PF08/0033/E158,CE,40.979528,14.139873,50.0,10848.625,7645.379
PF09/0033/E158,CE,40.978074,14.142124,50.0,10685.336,7833.188
PF10/0033/E158,CE,40.973022,14.138348,50.0,10127.614,7509.905
PF13/0033/E158,CE,40.975401,14.140716,50.0,10389.755,7711.774
PF15/0033/E158,CE,40.975279,14.146157,50.0,10371.682,8169.444
PF01/0034/E158,CE,40.952625,14.094609,52.0,7900.54,3806.331
PF02/0034/E158,CE,40.956504,14.093236,52.0,8332.342,3695.251
PF04/0034/E158,CE,40.955534,14.097441,12.0,8221.0,4048.0
PF05/0034/E158,CE,40.957571,14.100055,50.0,8444.835,4270.326
PF06/0034/E158,CE,40.955747,14.100397,12.0,8242.0,4297.0
PF07/0034/E158,CE,40.961311,14.101791,50.0,8858.535,4420.666
PF01/0035/E158,CE,40.964606,14.109707,50.0,9217.463,5090.574
PF02/0035/E158,CE,40.964668,14.11351,52.0,9221.116,5410.663
PF06/0035/E158,CE,40.962051,14.105495,50.0,8937.508,4733.209
PF09/0035/E158,CE,40.960828,14.112104,12.0,8796.0,5288.0
PF11/0035/E158,CE,40.958575,14.10822,50.0,8549.194,4958.627
PF12/0035/E158,CE,40.964284,14.103649,50.0,9186.965,4580.465
PF14/0035/E158,CE,40.960825,14.113581,50.0,8794.396,5412.323
PF15/0035/E158,CE,40.966201,14.116398,50.0,9388.859,5655.404
PF01/0036/E158,CE,40.97412,14.12879,50.0,10257.443,6706.935
PF06/0036/E158,CE,40.969387,14.120304,50.0,9739.196,5987.645
PF08/0036/E158,CE,40.967636,14.124561,50.0,9541.251,6343.911
PF10/0036/E158,CE,40.96204,14.119782,10.0,8924.0,5935.5
PF11/0036/E158,CE,40.960847,14.122245,10.0,8789.5,6141.5
PF12/0036/E158,CE,40.966573,14.118919,70.0,9428.0,5868.0
PF13/0036/E158,CE,40.96865,14.129246,70.0,9649.835,6739.257
PF01/0037/E158,CE,40.969852,14.141182,50.0,9773.276,7744.895
PF02/0037/E158,CE,40.969079,14.145495,50.0,9684.012,8106.954
PF03/0037/E158,CE,40.965974,14.143845,50.0,9340.675,7964.747
PF01/0038/E158,CE,40.963049,14.126947,50.0,9030.011,6539.588
PF03/0038/E158,CE,40.960661,14.130248,50.0,8762.119,6814.755
PF04/0038/E158,CE,40.960427,14.138834,50.0,8729.0,7537.0
PF05/0038/E158,CE,40.957434,14.130091,12.0,8404.0,6798.0
PF06/0038/E158,CE,40.955655,14.137886,12.0,8200.0,7452.0
PF07/0038/E158,CE,40.963276,14.138721,50.0,9045.314,7530.645
PF08/0038/E158,CE,40.959765,14.121553,12.0,8670.0,6082.0
PF10/0038/E158,CE,40.960645,14.134181,50.0,8757.035,7145.686
PF12/0038/E158,CE,40.965734,14.128188,50.0,9327.0,6647.0
PF05/0039/E158,CE,40.95845,14.119122,12.0,8526.0,5876.0
PF01/0040/E158,CE,40.953536,14.110311,50.0,7988.009,5128.893
PF02/0040/E158,CE,40.953819,14.114619,50.0,8015.754,5491.791
PF03/0040/E158,CE,40.956013,14.114666,50.0,8259.33,5498.242
PF04/0040/E158,CE,40.955651,14.110685,50.0,8222.525,5162.733
PF07/0040/E158,CE,40.952744,14.119054,50.0,7892.708,5863.857
PF08/0040/E158,CE,40.947504,14.104696,50.0,7323.272,4649.423
PF09/0040/E158,CE,40.949933,14.103434,10.0,7594.0,4546.0
PF13/0040/E158,CE,40.950726,14.107919,50.0,7678.143,4924.38
PF14/0040/E158,CE,40.954123,14.105591,50.0,8057.296,4732.303
PF15/0040/E158,CE,40.949592,14.111965,50.0,7548.804,5263.693
PF01/0041/E158,CE,40.954665,14.122871,50.0,8102.651,6187.253
PF02/0041/E158,CE,40.948882,14.140256,50.0,7446.212,7644.114
PF01/0042/E158,CE,40.950181,14.141961,50.0,7589.0,7789.0
PF02/0042/E158,CE,40.9516,14.137919,50.0,7749.816,7450.386
PF05/0043/E158,CE,40.94239,14.117078,50.0,6744.921,5685.92
PF03/0044/E158,CE,40.942113,14.121953,12.0,6710.0,6096.0
PF04/0044/E158,CE,40.946716,14.130315,12.0,7214.0,6805.0
PF05/0044/E158,CE,40.948253,14.125103,12.0,7389.0,6368.0
PF06/0044/E158,CE,40.937129,14.126402,50.0,6153.0,6465.0
PF07/0044/E158,CE,40.941763,14.129347,12.0,6665.0,6718.0
PF08/0044/E158,CE,40.936834,14.121999,12.0,6124.0,6094.0
PF03/0045/E158,CE,40.944299,14.131979,50.0,6944.257,6942.384
PF05/0045/E158,CE,40.942292,14.13603,50.0,6718.077,7281.148
PF06/0045/E158,CE,40.939528,14.134926,12.0,6412.164,7185.205
PF08/0045/E158,CE,40.937797,14.132979,50.0,6221.673,7019.357
PF09/0045/E158,CE,40.936996,14.138659,50.0,6127.957,7496.709
PF10/0045/E158,CE,40.945071,14.139176,12.0,7024.0,7549.0
PF04/0001/E173,CE,40.947556,14.148285,50.0,7292.36,8318.432
PF05/0001/E173,CE,40.94386,14.159646,50.0,6872.838,9270.817
PF10/0001/E173,CE,40.937906,14.08781,21.0,6272.392,3217.001
PF15/0002/E173,CE,40.924151,14.087916,50.0,4745.399,3210.038
PF19/0002/E173,CE,40.934028,14.090095,50.0,5839.938,3404.896
PF23/0002/E173,CE,40.928944,14.087445,50.0,5277.839,3175.9
PF25/0002/E173,CE,40.925824,14.084445,21.0,4934.201,2919.736
PF07/0003/E173,CE,40.941078,14.134596,50.0,6584.502,7159.147
PF09/0003/E173,CE,40.943672,14.138547,50.0,6869.156,7494.545
PF11/0003/E173,CE,40.930433,14.092129,50.0,5439.028,3572.037
PF12/0003/E173,CE,40.933723,14.095894,50.0,5800.955,3892.774
PF13/0003/E173,CE,40.947857,14.14435,50.0,7328.945,7987.592
PF16/0003/E173,CE,40.926308,14.095554,50.0,4978.203,3855.613
PF17/0003/E173,CE,40.935862,14.092934,21.0,6041.055,3646.005
PF07/0004/E173,CE,40.912323,14.105281,50.0,3417.175,4658.772
PF16/0004/E173,CE,40.918216,14.084196,50.0,4089.819,2889.873
PF19/0004/E173,CE,40.905651,14.081266,50.0,2697.479,2628.493
PF21/0004/E173,CE,40.909236,14.085135,20.0,3092.129,2958.502
PF07/0005/E173,CE,40.900513,14.074567,12.0,2133.073,2058.231
PF14/0005/E173,CE,40.918474,14.097286,12.0,4106.981,3992.508
PF15/0005/E173,CE,40.912897,14.097472,50.0,3487.649,4001.769
PF16/0005/E173,CE,40.920586,14.099264,20.0,4339.702,4161.466
PF01/0006/E173,CE,40.902881,14.07927,50.0,2391.786,2457.182
PF02/0006/E173,CE,40.900413,14.080148,50.0,2117.01,2528.235
PF05/0006/E173,CE,40.9022,14.084276,50.0,2311.707,2877.969
PF09/0006/E173,CE,40.906641,14.080019,50.0,2808.566,2524.631
PF13/0006/E173,CE,40.91715,14.15512,50.0,3911.282,8861.123
PF15/0006/E173,CE,40.89728,14.090976,50.0,1759.679,3436.666
PF18/0006/E173,CE,40.902381,14.077916,50.0,2337.523,2342.509
PF21/0006/E173,CE,40.900796,14.084399,50.0,2155.778,2886.706
PF28/0006/E173,CE,40.899746,14.088581,50.0,2035.545,3237.77
PF29/0006/E173,CE,40.902922,14.084864,50.0,2391.438,2928.408
PF30/0006/E173,CE,40.91134,14.108708,50.0,3305.104,4946.203
PF31/0006/E173,CE,40.898113,14.083469,50.0,1858.771,2805.271
PF32/0006/E173,CE,40.904948,14.082627,21.0,2618.308,2742.354
PF02/0007/E173,CE,40.907866,14.088442,50.0,2937.136,3235.495
PF03/0007/E173,CE,40.907579,14.089568,50.0,2904.256,3329.997
PF08/0007/E173,CE,40.903963,14.094021,50.0,2498.937,3700.856
PF09/0007/E173,CE,40.89615,14.085248,50.0,1639.32,2952.847
PF10/0007/E173,CE,40.895846,14.086458,50.0,1604.475,3054.469
PF15/0007/E173,CE,40.909772,14.095559,50.0,3142.46,3837.041
PF16/0007/E173,CE,40.901383,14.085246,20.0,2220.166,2958.77
PF01/0001/E554,CE,41.177079,14.259303,50.0,32687.463,17879.365
PF02/0001/E554,CE,41.171335,14.247501,50.0,32058.312,16883.994
PF03/0001/E554,CE,41.173437,14.253708,50.0,32287.201,17406.661
PF04/0001/E554,CE,41.170947,14.251397,50.0,32012.416,17210.402
PF01/0002/E554,CE,41.161545,14.244236,50.0,30973.8,16600.629
PF02/0002/E554,CE,41.160069,14.234808,70.0,30816.915,15808.225
PF01/0003/E554,CE,41.160123,14.251051,12.0,30811.0,17171.0
PF01/0005/E554,CE,41.145404,14.323296,50.0,29127.332,23219.661
PF02/0005/E554,CE,41.151007,14.286596,12.0,29774.0,20145.0
PF03/0005/E554,CE,41.151085,14.291445,50.0,29779.278,20551.905
PF01/0006/E554,CE,41.155924,14.221606,70.0,30366.604,14696.417
PF03/0006/E554,CE,41.154344,14.222021,10.0,30190.8,14729.7
PF07/0006/E554,CE,41.153366,14.229258,70.0,30076.911,15335.93
PF01/0007/E554,CE,41.158788,14.239739,10.0,30671.1,16220.7
PF05/0007/E554,CE,41.156249,14.245132,10.0,30385.2,16670.7
PF07/0007/E554,CE,41.156162,14.25384,50.0,30369.3,17401.3
PF08/0007/E554,CE,41.154625,14.238863,50.0,30209.56,16143.086
PF09/0007/E554,CE,41.152954,14.246947,50.0,30018.103,16819.827
PF10/0007/E554,CE,41.149824,14.239169,50.0,29676.358,16164.115
PF13/0007/E554,CE,41.154355,14.249902,12.0,30171.5,17069.1
PF14/0007/E554,CE,41.152558,14.243371,50.0,29976.717,16519.408
PF15/0007/E554,CE,41.158349,14.248365,50.0,30616.0,16944.0
PF16/0007/E554,CE,41.157251,14.251322,12.0,30492.0,17191.0
PF03/0009/E554,CE,41.154433,14.25841,12.0,30174.1,17783.1
PF04/0009/E554,CE,41.156551,14.257974,12.0,30409.5,17748.5
PF05/0009/E554,CE,41.150833,14.261495,50.0,29772.171,18038.525
PF06/0009/E554,CE,41.151792,14.26951,12.0,29873.0,18712.0
PF01/0010/E554,CE,41.14858,14.217565,10.0,29554.3,14350.0
PF05/0010/E554,CE,41.149508,14.222248,50.0,29653.77,14743.897
PF10/0010/E554,CE,41.146898,14.226017,50.0,29361.261,15057.638
PF11/0010/E554,CE,41.147513,14.223194,50.0,29431.559,14821.36
PF12/0010/E554,CE,41.145493,14.219663,50.0,29210.0,14523.0
PF01/0011/E554,CE,41.152504,14.231364,50.0,29979.559,15511.797
PF02/0011/E554,CE,41.15272,14.234343,50.0,30001.36,15762.008
PF03/0011/E554,CE,41.153468,14.238873,50.0,30081.056,16142.827
PF04/0011/E554,CE,41.151034,14.237806,50.0,29811.688,16050.935
PF05/0011/E554,CE,41.154481,14.234939,70.0,30196.409,15813.74
PF01/0012/E554,CE,41.150561,14.236719,50.0,29759.921,15959.247
PF03/0012/E554,CE,41.151729,14.2345,50.0,29891.208,15774.177
PF08/0012/E554,CE,41.152735,14.238092,50.0,30000.286,16076.589
PF15/0012/E554,CE,41.149745,14.230322,50.0,29674.115,15421.703
PF16/0012/E554,CE,41.148269,14.233166,50.0,29508.133,15658.878
PF17/0012/E554,CE,41.147763,14.244031,50.0,29443.992,16570.107
PF18/0012/E554,CE,41.150522,14.245554,50.0,29749.163,16700.557
PF19/0012/E554,CE,41.150509,14.239812,50.0,29751.925,16218.76
PF01/0013/E554,CE,41.144549,14.231627,50.0,29096.23,15526.085
PF01/0014/E554,CE,41.145846,14.234593,50.0,29238.051,15776.259
PF03/0014/E554,CE,41.145631,14.241629,50.0,29209.005,16366.494
PF04/0014/E554,CE,41.144803,14.238993,50.0,29119.004,16144.496
PF04/0015/E554,CE,41.147429,14.254117,50.0,29399.603,17416.185
PF05/0015/E554,CE,41.149904,14.250968,50.0,29676.656,17154.297
PF08/0015/E554,CE,41.151379,14.253605,12.0,29838.51,17377.0
PF04/0016/E554,CE,41.149819,14.263462,50.0,29658.193,18202.652
PF06/0016/E554,CE,41.14788,14.266752,50.0,29440.624,18476.936
PF07/0016/E554,CE,41.147242,14.271289,50.0,29366.642,18857.018
PF08/0016/E554,CE,41.150002,14.268955,50.0,29674.652,18663.71
PF09/0016/E554,CE,41.152096,14.271389,50.0,29905.377,18869.904
PF10/0016/E554,CE,41.147348,14.260897,50.0,29385.718,17985.071
PF11/0016/E554,CE,41.145092,14.264603,50.0,29132.661,18293.969
PF04/0017/E554,CE,41.151651,14.277689,50.0,29851.655,19398.123
PF05/0017/E554,CE,41.152355,14.284354,12.0,29925.1,19958.1
PF06/0017/E554,CE,41.15119,14.28176,50.0,29797.559,19739.378
PF02/0018/E554,CE,41.147511,14.287754,50.0,29385.065,20238.947
PF04/0018/E554,CE,41.143518,14.293303,12.0,28938.0,20701.0
PF06/0018/E554,CE,41.141688,14.293602,50.0,28734.559,20724.493
PF08/0018/E554,CE,41.149252,14.290006,50.0,29576.744,20429.496
PF10/0018/E554,CE,41.146566,14.295813,50.0,29274.667,20914.407
PF11/0018/E554,CE,41.147473,14.298892,12.0,29373.25,21173.551
PF12/0018/E554,CE,41.148372,14.295784,50.0,29475.13,20913.615
PF13/0018/E554,CE,41.143794,14.288379,50.0,28972.0,20288.0
PF14/0018/E554,CE,41.142813,14.296505,50.0,28857.538,20969.11
PF01/0019/E554,CE,41.138098,14.299533,12.0,28332.0,21219.0
PF02/0019/E554,CE,41.137601,14.302242,50.0,28275.019,21445.966
PF05/0019/E554,CE,41.144792,14.300666,50.0,29074.404,21320.053
PF06/0019/E554,CE,41.146537,14.301517,12.0,29267.5,21393.0
PF07/0019/E554,CE,41.143512,14.304039,50.0,28930.0,21602.0
PF08/0019/E554,CE,41.14067,14.300423,12.0,28617.0,21296.0
PF04/0020/E554,CE,41.146998,14.305623,50.0,29315.951,21738.016
PF05/0020/E554,CE,41.140905,14.316814,50.0,28632.115,22671.826
PF06/0020/E554,CE,41.144828,14.313248,50.0,29070.0,22376.0
PF07/0020/E554,CE,41.138709,14.311263,12.0,28392.0,22204.0
PF08/0020/E554,CE,41.143682,14.310903,50.0,28944.336,22178.175
PF09/0020/E554,CE,41.142579,14.308469,50.0,28823.536,21972.981
PF10/0020/E554,CE,41.145791,14.310021,12.0,29179.0,22106.0
PF11/0020/E554,CE,41.144836,14.316144,12.0,29069.0,22619.0
PF04/0021/E554,CE,41.138845,14.3277,50.0,28396.295,23583.652
PF05/0021/E554,CE,41.139972,14.323737,50.0,28524.0,23252.0
PF06/0021/E554,CE,41.142637,14.321005,50.0,28821.667,23025.001
PF07/0021/E554,CE,41.138369,14.322016,50.0,28347.231,23106.232
PF03/0002/E570,CE,41.039685,14.549908,10.0,17268.0,42176.0
PF06/0002/E570,CE,41.038185,14.54968,10.0,17101.5,42156.0
PF09/0002/E570,CE,41.039751,14.542872,50.0,17278.336,41584.684
PF10/0002/E570,CE,41.040833,14.54614,12.0,17397.0,41860.0
PF01/0003/E570,CE,41.03555,14.545154,50.0,16811.0,41774.0
PF01/0004/E570,CE,41.040098,14.551719,10.0,17313.0,42328.5
PF02/0004/E570,CE,41.039127,14.55454,10.0,17204.0,42565.0
PF03/0004/E570,CE,41.037253,14.554433,10.0,16996.0,42555.0
PF05/0004/E570,CE,41.036624,14.551356,10.0,16927.5,42296.0
PF07/0004/E570,CE,41.034636,14.549249,50.0,16707.747,42117.707
PF08/0004/E570,CE,41.034903,14.55248,10.0,16736.0,42389.5
PF09/0004/E570,CE,41.033636,14.554434,10.0,16594.5,42553.0
PF01/0005/E570,CE,41.038344,14.559399,10.0,17115.0,42973.0
PF02/0005/E570,CE,41.037969,14.562625,10.0,17072.0,43244.0
PF03/0005/E570,CE,41.038298,14.556782,10.0,17111.0,42753.0
PF06/0005/E570,CE,40.881102,14.050409,10.0,0.0,0.0
PF09/0005/E570,CE,40.93948,14.286192,50.0,6291.882,19918.89
PF11/0005/E570,CE,40.939384,14.282041,50.0,6284.017,19569.332
PF12/0005/E570,CE,41.03462,14.560816,12.0,16701.0,43090.0
PF13/0005/E570,CE,41.035533,14.556896,12.0,16804.0,42761.0
PF01/0006/E570,CE,41.014146,14.570727,12.0,14424.0,43912.0
PF02/0006/E570,CE,41.036098,14.570454,12.0,16861.0,43901.0
PF04/0007/E570,CE,41.03104,14.562748,50.0,16302.728,43250.449
PF05/0007/E570,CE,41.033252,14.553009,9.0,16552.5,42433.0
PF06/0007/E570,CE,41.032424,14.550891,9.0,16461.5,42254.5
PF07/0007/E570,CE,40.943474,14.283588,50.0,6737.005,19703.338
PF08/0007/E570,CE,41.026121,14.564267,50.0,15756.103,43375.389
PF09/0007/E570,CE,41.029192,14.564449,50.0,16096.87,43392.386
PF10/0007/E570,CE,41.029238,14.564491,12.0,16102.0,43396.0
PF11/0007/E570,CE,41.031021,14.557259,12.0,16303.0,42789.0
PF01/0008/E570,CE,41.030155,14.540424,50.0,16214.224,41373.325
PF01/0009/E570,CE,41.025414,14.551528,10.0,15683.0,42304.0
PF02/0009/E570,CE,41.025245,14.556595,50.0,15662.111,42729.938
PF03/0009/E570,CE,41.026364,14.569185,10.0,15781.0,43789.0
PF04/0009/E570,CE,41.02371,14.553751,50.0,15492.862,42489.982
PF06/0009/E570,CE,41.024472,14.564249,50.0,15573.0,43373.0
PF07/0009/E570,CE,41.022934,14.557406,50.0,15405.19,42796.838
PF08/0009/E570,CE,41.022782,14.562423,50.0,15386.185,43218.496
PF09/0009/E570,CE,41.023479,14.567313,10.0,15461.5,43630.0
PF13/0009/E570,CE,41.020422,14.567672,10.0,15122.0,43658.5
PF15/0009/E570,CE,41.017832,14.564964,50.0,14835.569,43429.455
PF16/0009/E570,CE,41.025102,14.560206,12.0,15644.625,43033.435
PF02/0010/E570,CE,41.018622,14.571066,32.0,14920.74,43942.884
PF03/0010/E570,CE,41.018842,14.575291,50.0,14943.402,44298.239
PF04/0010/E570,CE,41.017839,14.573855,50.0,14832.709,44176.983
PF05/0010/E570,CE,41.026559,14.568138,50.0,15803.083,43701.095
PF06/0010/E570,CE,40.944134,14.285773,50.0,6808.819,19887.862
PF09/0010/E570,CE,41.021431,14.575946,50.0,15230.524,44354.758
PF10/0010/E570,CE,41.023105,14.574769,50.0,15416.856,44256.682
PF11/0010/E570,CE,41.016082,14.570151,50.0,14639.201,43864.575
PF13/0010/E570,CE,41.018393,14.571038,50.0,14895.37,43940.443
PF14/0010/E570,CE,41.019625,14.569841,50.0,15032.626,43840.476
PF17/0010/E570,CE,41.024021,14.568677,50.0,15521.101,43744.979
PF18/0010/E570,CE,41.025981,14.565957,50.0,15739.796,43517.375
PF20/0010/E570,CE,41.02657,14.573739,12.0,15802.0,44172.0
PF01/0011/E570,CE,41.029103,14.574385,50.0,16082.872,44227.617
PF02/0011/E570,CE,41.023744,14.577007,50.0,15486.959,44445.166
PF03/0011/E570,CE,41.022323,14.583189,50.0,15326.657,44964.172
PF04/0011/E570,CE,40.936138,14.283079,50.0,5923.034,19653.779
PF02/0012/E570,CE,41.024109,14.593183,50.0,15520.958,45805.329
PF03/0012/E570,CE,41.028917,14.590887,50.0,16055.583,45614.8
PF04/0012/E570,CE,41.02568,14.596607,12.0,15694.0,46094.0
PF02/0013/E570,CE,41.015491,14.584183,50.0,14567.812,45044.136
PF04/0013/E570,CE,41.019719,14.577071,50.0,15040.054,44448.44
PF06/0013/E570,CE,41.018303,14.578077,50.0,14882.508,44532.19
PF09/0013/E570,CE,41.020116,14.579954,50.0,15082.926,44691.036
PF10/0013/E570,CE,41.015967,14.576125,50.0,14623.976,44366.848
PF11/0013/E570,CE,41.022311,14.579425,50.0,15326.862,44647.67
PF12/0013/E570,CE,41.013702,14.581318,50.0,14370.369,44802.298
PF03/0014/E570,CE,41.007567,14.574599,12.0,13692.0,44234.0
PF03/0015/E570,CE,41.016688,14.566715,50.0,14707.866,43576.013
PF04/0015/E570,CE,41.019594,14.554577,50.0,15035.641,42557.111
PF05/0015/E570,CE,41.020372,14.560132,50.0,15119.633,43024.589
PF06/0015/E570,CE,41.016362,14.561175,50.0,14674.0,43110.0
PF01/0016/E570,CE,41.007702,14.56712,12.0,13710.1,43605.1
PF03/0016/E570,CE,41.009291,14.570688,12.0,13885.0,43906.0
PF04/0016/E570,CE,40.557125,14.570624,50.0,-36308.908,43654.836
PF05/0016/E570,CE,41.012544,14.566266,12.0,14248.0,43536.0
PF06/0016/E570,CE,41.013013,14.561744,12.0,14302.0,43156.0
PF01/0017/E570,CE,41.011753,14.595961,50.0,14148.257,46032.56
PF02/0017/E570,CE,41.009929,14.58996,50.0,13948.075,45526.995
PF03/0017/E570,CE,41.011436,14.587967,50.0,14116.214,45360.209
PF05/0017/E570,CE,41.011916,14.591744,12.0,14168.0,45678.0
PF06/0017/E570,CE,41.010966,14.582937,12.0,14066.0,44937.0
PF01/0018/E570,CE,41.017847,14.593952,50.0,14825.535,45866.734
PF03/0018/E570,CE,41.014642,14.593142,50.0,14470.0,45797.0
PF04/0018/E570,CE,41.013792,14.589124,50.0,14377.195,45458.693
PF05/0018/E570,CE,41.017434,14.588094,50.0,14782.0,45374.0
PF01/0019/E570,CE,41.017278,14.59707,50.0,14761.173,46128.648
PF02/0019/E570,CE,41.030388,14.593373,50.0,16217.902,45824.605
PF03/0019/E570,CE,40.881855,14.146806,50.0,0.0,8122.809
PF04/0019/E570,CE,41.010255,14.599983,50.0,13980.334,46369.986
PF07/0019/E570,CE,40.998704,14.13849,50.0,12978.5,7550.0
PF09/0019/E570,CE,41.021324,14.603068,12.0,15208.0,46635.0
PF01/0020/E570,CE,40.91936,14.309338,50.0,4042.629,21849.69
PF02/0020/E570,CE,40.919756,14.304753,50.0,4089.624,21463.981
PF01/0001/E754,CE,40.904425,14.155211,50.0,2498.654,8855.138
PF02/0001/E754,CE,40.905295,14.155611,50.0,2594.934,8889.821
PF03/0001/E754,CE,40.908841,14.15653,50.0,2987.736,8970.971
PF04/0001/E754,CE,40.907967,14.16001,50.0,2887.975,9263.168
PF06/0001/E754,CE,40.906271,14.150418,50.0,2707.43,8453.433
PF07/0001/E754,CE,40.9088,14.152004,50.0,2986.968,8589.786
PF08/0001/E754,CE,40.904661,14.153687,50.0,2526.12,8727.042
PF09/0001/E754,CE,40.893439,14.154241,50.0,1279.836,8761.672
PF10/0001/E754,CE,40.899426,14.146891,50.0,1950.532,8149.007
PF14/0001/E754,CE,40.907442,14.155243,50.0,2833.499,8861.106
PF15/0001/E754,CE,40.906616,14.14918,50.0,2746.771,8349.536
PF16/0001/E754,CE,40.906589,14.159458,50.0,2735.466,9215.14
PF02/0002/E754,CE,40.919158,14.174675,50.0,4118.485,10510.006
PF04/0002/E754,CE,40.91957,14.171982,50.0,4166.349,10283.612
PF05/0002/E754,CE,40.895973,14.159302,50.0,1557.094,9190.704
PF06/0002/E754,CE,40.900806,14.163683,50.0,2090.049,9564.912
PF07/0002/E754,CE,40.91003,14.156403,50.0,3119.884,8961.583
PF08/0002/E754,CE,40.911657,14.160145,50.0,3297.413,9278.437
PF09/0002/E754,CE,40.91122,14.174709,50.0,3237.256,10504.536
PF10/0002/E754,CE,40.913421,14.159629,50.0,3493.741,9236.908
PF12/0002/E754,CE,40.90988,14.161042,50.0,3099.437,9352.072
PF13/0002/E754,CE,40.912967,14.171367,50.0,3433.825,10224.912
PF14/0002/E754,CE,40.914397,14.168217,50.0,3595.099,9961.096
PF15/0002/E754,CE,40.914599,14.170564,50.0,3615.7,10158.978
PF19/0002/E754,CE,40.897199,14.158533,50.0,1693.729,9127.252
PF20/0002/E754,CE,40.912055,14.159119,50.0,3342.425,9192.481
PF21/0002/E754,CE,40.908013,14.165053,50.0,2889.021,9687.927
PF23/0002/E754,CE,40.917063,14.169742,50.0,3889.829,10092.39
PF24/0002/E754,CE,40.91581,14.148276,50.0,3768.173,8283.387
PF25/0002/E754,CE,40.915559,14.173092,50.0,3720.271,10372.878
PF26/0002/E754,CE,40.90766,14.167621,50.0,2847.717,9903.844
PF27/0002/E754,CE,40.906191,14.163427,50.0,2688.071,9549.003
PF50/0002/E754,CE,40.906289,14.169595,50.0,2693.962,10068.665
PF51/0002/E754,CE,40.91053,14.169333,12.0,3165.0,10051.0
PF01/0003/E754,CE,40.910206,14.167324,50.0,3130.599,9881.532
PF02/0003/E754,CE,40.91436,14.173573,50.0,3586.772,10412.119
PF03/0003/E754,CE,40.910974,14.162633,50.0,3219.644,9487.25
PF01/0004/E754,CE,40.903858,14.153073,50.0,2437.482,8674.442
PF04/0004/E754,CE,40.900738,14.152906,50.0,2091.173,8657.054
PF05/0004/E754,CE,40.899539,14.160927,50.0,1951.593,9331.376
PF06/0004/E754,CE,40.898521,14.153743,50.0,1844.423,8725.21
PF07/0004/E754,CE,40.899556,14.145767,50.0,1965.847,8054.489
PF08/0004/E754,CE,40.897503,14.151608,32.0,1733.113,8544.285
PF09/0004/E754,CE,40.8967,14.148456,32.0,1646.567,8277.882
PF10/0004/E754,CE,40.905667,14.161678,50.0,2631.315,9401.141
PF20/0004/E754,CE,40.894965,14.164774,50.0,1440.751,9650.592
PF21/0004/E754,CE,40.896088,14.160803,50.0,1568.624,9317.275
PF22/0004/E754,CE,40.896389,14.156052,50.0,1605.855,8917.377
PF30/0004/E754,CE,40.898802,14.151906,50.0,1877.136,8570.732
PF31/0004/E754,CE,40.906438,14.15194,50.0,2724.731,8581.79
PF32/0004/E754,CE,40.903469,14.161622,50.0,2387.339,9394.154
PF33/0004/E754,CE,40.902441,14.149536,12.0,2283.0,8375.0
PF50/0004/E754,CE,40.904406,14.159561,50.0,2492.974,9221.489
PF51/0004/E754,CE,40.906005,14.153476,12.0,2675.42,8710.71
PF04/0005/E754,CE,40.899301,14.164836,50.0,1922.043,9660.434
PF07/0005/E754,CE,40.898331,14.167928,50.0,1811.877,9919.841
PF08/0005/E754,CE,40.903604,14.165714,50.0,2398.948,9738.917
PF09/0005/E754,CE,40.899877,14.170732,50.0,1981.294,10157.677
PF10/0005/E754,CE,40.898308,14.170503,50.0,1807.245,10136.734
PF14/0005/E754,CE,40.898655,14.172721,50.0,1843.949,10323.877
PF15/0005/E754,CE,40.904759,14.170494,50.0,2523.403,10142.72
PF17/0005/E754,CE,40.903075,14.168333,50.0,2338.22,9958.969
PF18/0005/E754,CE,40.908004,14.173839,50.0,2881.001,10427.912
PF19/0005/E754,CE,40.896537,14.169283,50.0,1611.582,10032.084
PF20/0005/E754,CE,40.896712,14.173749,50.0,1627.495,10408.461
PF22/0005/E754,CE,40.901679,14.171075,50.0,2181.031,10188.441
PF23/0005/E754,CE,40.901509,14.163862,50.0,2167.917,9580.701
PF24/0005/E754,CE,40.901523,14.166599,12.0,2167.226,9811.244
PF06/0001/E784,CE,40.953562,14.11873,50.0,7983.716,5837.511
PF07/0001/E784,CE,40.955764,14.118896,50.0,8228.02,5853.923
PF09/0001/E784,CE,40.944619,14.120936,20.0,6989.125,6013.15
PF15/0002/E784,CE,40.949155,14.143472,50.0,7473.792,7915.116
PF16/0002/E784,CE,40.949215,14.140628,50.0,7482.798,7675.802
PF17/0002/E784,CE,40.954597,14.136042,50.0,8084.061,7295.666
PF23/0002/E784,CE,40.955032,14.125978,50.0,8140.773,6449.135
PF24/0002/E784,CE,40.958189,14.124451,50.0,8492.61,6324.141
PF25/0002/E784,CE,40.953075,14.14003,50.0,7911.824,7629.677
PF28/0002/E784,CE,40.952652,14.124249,21.0,7878.111,6300.963
PF11/0003/E784,CE,40.952161,14.141628,50.0,7809.005,7763.146
PF14/0003/E784,CE,40.954564,14.149416,50.0,8069.439,8421.203
PF15/0003/E784,CE,40.955665,14.14351,50.0,8196.519,7925.35
PF17/0003/E784,CE,40.952322,14.148273,21.0,7821.436,8322.622
PF01/0004/E784,CE,40.947405,14.125459,50.0,7294.571,6396.98
PF04/0004/E784,CE,40.945581,14.129756,50.0,7088.478,6756.649
PF08/0004/E784,CE,40.9479,14.126685,50.0,7348.462,6500.731
PF12/0004/E784,CE,40.94791,14.117447,50.0,7357.443,5723.159
PF14/0004/E784,CE,40.946147,14.124141,20.0,7155.969,6284.644
PF02/0005/E784,CE,40.949884,14.155345,10.0,7545.0,8915.2
PF03/0005/E784,CE,40.950562,14.153637,50.0,7621.724,8772.142
PF07/0005/E784,CE,40.940644,14.149418,50.0,6524.143,8406.374
PF08/0005/E784,CE,40.938028,14.14731,50.0,6235.43,8226.063
PF09/0005/E784,CE,40.950731,14.148788,50.0,7644.404,8364.267
PF16/0005/E784,CE,40.943065,14.145964,50.0,6795.714,8118.23
PF17/0005/E784,CE,40.947693,14.148482,21.0,7307.357,8335.164
PF01/0006/E784,CE,40.942631,14.116354,50.0,6772.301,5625.263
PF03/0006/E784,CE,40.939757,14.120623,50.0,6449.589,5981.438
PF07/0006/E784,CE,40.933717,14.115182,70.0,5783.673,5516.611
PF14/0006/E784,CE,40.939992,14.118627,20.0,6477.446,5813.604
PF01/0007/E784,CE,40.940879,14.131145,50.0,6565.289,6868.404
PF03/0007/E784,CE,40.936219,14.129932,50.0,6049.004,6761.118
PF04/0007/E784,CE,40.933671,14.128671,50.0,5767.188,6652.2
PF06/0007/E784,CE,40.937621,14.125632,50.0,6208.295,6400.704
PF09/0007/E784,CE,40.940583,14.12555,50.0,6537.168,6397.045
PF13/0007/E784,CE,40.934578,14.124963,12.0,5871.0,6341.0
PF14/0007/E784,CE,40.938829,14.12773,20.0,6340.64,6578.694
PF04/0008/E784,CE,40.931362,14.110549,50.0,5526.283,5123.923
PF05/0008/E784,CE,40.929638,14.105704,50.0,5339.0,4714.0
PF16/0008/E784,CE,40.931281,14.102747,50.0,5523.928,4466.913
PF17/0008/E784,CE,40.926914,14.106312,50.0,5036.108,4762.122
PF18/0008/E784,CE,40.934323,14.110824,50.0,5854.713,5150.404
PF19/0008/E784,CE,40.927765,14.109571,20.0,5127.813,5037.508
PF06/0009/E784,CE,40.953223,14.131567,21.0,7935.292,6917.575
PF01/0010/E784,CE,40.946917,14.145788,20.0,7223.433,8107.568
PF11/0001/E791A,CE,40.937735,14.111181,50.0,6233.173,5184.313
PF13/0001/E791A,CE,40.952345,14.136194,50.0,7833.993,7306.021
PF15/0001/E791A,CE,40.948238,14.114812,50.0,7396.057,5501.773
PF16/0001/E791A,CE,40.940921,14.114109,50.0,6584.327,5434.346
PF17/0001/E791A,CE,40.940597,14.106755,20.0,6554.711,4814.907
PF06/0002/E791A,CE,40.947422,14.073082,50.0,7341.839,1988.411
PF07/0002/E791A,CE,40.930867,14.134967,50.0,5450.687,7179.142
PF08/0002/E791A,CE,40.937008,14.134462,50.0,6132.789,7143.333
PF10/0002/E791A,CE,40.9395,14.12672,50.0,6415.949,6494.387
PF11/0002/E791A,CE,40.931074,14.11917,50.0,5486.941,5849.389
PF13/0002/E791A,CE,40.940812,14.134598,12.0,6555.0,7159.0
PF14/0002/E791A,CE,40.947319,14.125637,21.0,7284.826,6411.928
PF04/0003/E791A,CE,40.93064,14.150422,50.0,5412.718,8480.106
PF06/0003/E791A,CE,40.9319,14.153179,50.0,5550.315,8713.583
PF21/0003/E791A,CE,40.934031,14.150326,50.0,5789.183,8475.655
PF23/0003/E791A,CE,40.929962,14.141284,50.0,5345.0,7710.0
PF25/0003/E791A,CE,40.942374,14.141798,21.0,6722.383,7766.753
PF03/0004/E791A,CE,40.934576,14.120155,21.0,5874.826,5936.212
PF04/0004/E791A,CE,40.939026,14.117633,50.0,6370.992,5728.894
PF04/0005/E791A,CE,40.931832,14.108749,50.0,5579.922,4972.903
PF09/0005/E791A,CE,40.934621,14.107103,50.0,5891.023,4837.486
PF10/0005/E791A,CE,40.935886,14.117011,12.0,6023.0,5673.0
PF11/0005/E791A,CE,40.935834,14.116025,50.0,6018.004,5589.928
PF12/0005/E791A,CE,40.933808,14.113761,50.0,5795.052,5397.058
PF13/0005/E791A,CE,40.931849,14.103266,20.0,5586.56,4511.285
PF02/0006/E791A,CE,40.930055,14.078408,50.0,5409.23,2416.346
PF03/0006/E791A,CE,40.928623,14.077695,50.0,5250.82,2354.617
PF06/0006/E791A,CE,40.92549,14.083661,50.0,4897.722,2853.337
PF07/0006/E791A,CE,40.925325,14.087258,50.0,4876.325,3155.985
PF12/0006/E791A,CE,40.92838,14.088889,50.0,5213.973,3296.83
PF14/0006/E791A,CE,40.927753,14.080451,20.0,5151.8,2585.654
PF04/0007/E791A,CE,40.930888,14.100217,50.0,5482.57,4253.489
PF06/0007/E791A,CE,40.927315,14.093854,50.0,5091.421,3713.646
PF08/0007/E791A,CE,40.926531,14.090326,12.0,5007.523,3415.709
PF09/0007/E791A,CE,40.925352,14.096504,20.0,4871.171,3934.51
PF02/0008/E791A,CE,40.927429,14.102449,50.0,5096.662,4437.426
PF08/0008/E791A,CE,40.920367,14.108651,50.0,4307.255,4951.622
PF10/0008/E791A,CE,40.924776,14.112233,50.0,4793.641,5258.266
PF11/0008/E791A,CE,40.929023,14.10557,50.0,5270.907,4702.056
PF12/0008/E791A,CE,40.921664,14.107035,50.0,4452.648,4817.027
PF13/0008/E791A,CE,40.925667,14.106781,50.0,4897.275,4800.152
PF15/0008/E791A,CE,40.919783,14.11407,50.0,4237.885,5407.27
PF22/0008/E791A,CE,40.921497,14.113271,50.0,4428.781,5341.908
PF24/0008/E791A,CE,40.921816,14.104118,20.0,4472.006,4571.574
PF50/0008/E791A,CE,40.925434,14.102451,50.0,4875.101,4435.363
PF05/0010/E791A,CE,40.933615,14.144464,50.0,5747.847,7981.718
PF07/0010/E791A,CE,40.932576,14.147772,20.0,5629.843,8259.098
PF02/0013/E791A,CE,40.920115,14.136261,50.0,4255.992,7276.256
PF03/0013/E791A,CE,40.92233,14.137983,50.0,4500.407,7423.726
PF04/0013/E791A,CE,40.929615,14.137134,50.0,5309.935,7360.237
PF16/0013/E791A,CE,40.926083,14.135604,50.0,4919.046,7227.51
PF17/0013/E791A,CE,40.924589,14.138661,50.0,4750.679,7483.255
PF21/0013/E791A,CE,40.919114,14.138299,50.0,4143.23,7446.785
PF22/0013/E791A,CE,40.92425,14.13409,20.0,4716.801,7098.058
PF02/0014/E791A,CE,40.919948,14.146888,50.0,4228.64,8170.932
PF03/0014/E791A,CE,40.91834,14.146418,50.0,4050.577,8129.673
PF06/0014/E791A,CE,40.917646,14.150515,50.0,3970.116,8473.931
PF09/0014/E791A,CE,40.922834,14.152081,50.0,4544.772,8611.319
PF11/0014/E791A,CE,40.921731,14.145994,50.0,4427.347,8097.608
PF12/0014/E791A,CE,40.919649,14.15336,50.0,4190.214,8715.601
PF15/0014/E791A,CE,40.924505,14.150144,21.0,4731.842,8450.089
PF01/0015/E791A,CE,40.917273,14.156606,20.0,3923.747,8986.443
PF01/0016/E791A,CE,40.915951,14.158269,50.0,3775.695,9125.079
PF03/0016/E791A,CE,40.918419,14.154719,21.0,4052.476,8828.7
PF01/0017/E791A,CE,40.920727,14.083678,50.0,4369.006,2849.187
PF05/0017/E791A,CE,40.91518,14.082021,50.0,3754.732,2703.197
PF09/0017/E791A,CE,40.924171,14.080718,50.0,4753.928,2603.928
PF13/0017/E791A,CE,40.919827,14.087248,50.0,4265.953,3148.801
PF15/0017/E791A,CE,40.923596,14.086154,21.0,4685.369,3061.026
PF05/0018/E791A,CE,40.921779,14.097513,50.0,4473.672,4015.349
PF07/0018/E791A,CE,40.920861,14.091364,50.0,4377.155,3496.545
PF08/0018/E791A,CE,40.922148,14.08894,50.0,4522.164,3293.95
PF11/0018/E791A,CE,40.912645,14.095358,50.0,3461.539,3823.438
PF12/0018/E791A,CE,40.923869,14.09263,20.0,4709.978,3606.604
PF02/0019/E791A,CE,40.918918,14.097879,50.0,4155.715,4042.926
PF08/0019/E791A,CE,40.917981,14.100207,50.0,4049.703,4237.872
PF09/0019/E791A,CE,40.914944,14.100513,50.0,3712.278,4260.206
PF11/0019/E791A,CE,40.916724,14.109901,50.0,3901.817,5052.77
PF13/0019/E791A,CE,40.915338,14.10616,50.0,3751.125,4736.152
PF14/0019/E791A,CE,40.919187,14.106373,20.0,4178.253,4758.461
PF14/0020/E791A,CE,40.926724,14.113029,50.0,5009.299,5327.433
PF15/0020/E791A,CE,40.912965,14.119881,50.0,3475.976,5888.99
PF16/0020/E791A,CE,40.925239,14.110192,50.0,4846.811,5086.931
PF17/0020/E791A,CE,40.912624,14.115374,50.0,3441.97,5509.047
PF18/0020/E791A,CE,40.914041,14.112098,20.0,3602.135,5234.804
PF02/0021/E791A,CE,40.920158,14.124772,50.0,4270.361,6308.921
PF04/0021/E791A,CE,40.922327,14.122922,40.0,4512.75,6155.493
PF06/0021/E791A,CE,40.912338,14.126457,50.0,3400.837,6442.112
PF08/0021/E791A,CE,40.922281,14.12122,50.0,4509.043,6012.163
PF09/0021/E791A,CE,40.918635,14.126942,50.0,4099.519,6489.907
PF11/0021/E791A,CE,40.920362,14.12816,50.0,4290.194,6594.411
PF13/0021/E791A,CE,40.924591,14.124021,50.0,4763.108,6250.611
PF14/0021/E791A,CE,40.917721,14.130815,50.0,3994.819,6815.092
PF19/0021/E791A,CE,40.911479,14.131123,50.0,3301.55,6834.146
PF20/0021/E791A,CE,40.916792,14.12454,50.0,3896.913,6285.621
PF21/0021/E791A,CE,40.913507,14.130698,50.0,3527.078,6800.513
PF23/0021/E791A,CE,40.910183,14.127047,12.0,3161.15,6489.409
PF24/0021/E791A,CE,40.9212,14.131757,21.0,4380.173,6898.206
PF06/0022/E791A,CE,40.914951,14.142157,50.0,3677.812,7767.151
PF07/0022/E791A,CE,40.915684,14.137862,50.0,3762.724,7406.247
PF08/0022/E791A,CE,40.918061,14.134427,20.0,4029.497,7119.56
PF05/0023/E791A,CE,40.916121,14.147912,50.0,3803.032,8253.012
PF06/0023/E791A,CE,40.912709,14.153151,50.0,3419.981,8690.541
PF07/0023/E791A,CE,40.912663,14.148765,50.0,3418.443,8321.159
PF08/0023/E791A,CE,40.918487,14.14321,50.0,4069.492,7859.68
PF09/0023/E791A,CE,40.915523,14.151265,20.0,3733.81,8534.724
PF50/0023/E791A,CE,40.916365,14.144766,50.0,3832.664,7988.356
PF12/0024/E791A,CE,40.912354,14.156509,21.0,3377.822,8972.99
PF04/0025/E791A,CE,40.918778,14.093302,50.0,4144.214,3657.328
PF05/0025/E791A,CE,40.917093,14.090539,50.0,3959.511,3422.701
PF06/0025/E791A,CE,40.902791,14.131072,50.0,2337.175,6820.241
PF07/0025/E791A,CE,40.915416,14.0953,50.0,3769.172,3821.708
PF08/0025/E791A,CE,40.912892,14.182746,50.0,3416.49,11183.098
PF09/0025/E791A,CE,40.915939,14.103901,50.0,3819.819,4546.626
PF10/0025/E791A,CE,40.904951,14.166798,50.0,2547.683,9831.634
PF16/0025/E791A,CE,40.908603,14.181696,50.0,2941.224,11090.226
PF19/0025/E791A,CE,40.908445,14.185055,50.0,2921.001,11372.989
PF20/0025/E791A,CE,40.913525,14.185794,20.0,3484.417,11440.438
PF01/0026/E791A,CE,40.8978,14.176736,50.0,1745.945,10661.188
PF04/0026/E791A,CE,40.897596,14.13127,50.0,1760.3,6831.158
PF06/0026/E791A,CE,40.902401,14.17401,50.0,2258.855,10436.371
PF07/0026/E791A,CE,40.9025,14.166613,50.0,2275.76,9813.464
PF09/0026/E791A,CE,40.905877,14.163685,50.0,2652.916,9570.452
PF10/0026/E791A,CE,40.908118,14.165987,20.0,2899.911,9766.725
PF01/0027/E791A,CE,40.900818,14.158304,50.0,2095.71,9111.828
PF02/0027/E791A,CE,40.905319,14.161387,50.0,2592.916,9376.264
PF03/0027/E791A,CE,40.905799,14.158368,50.0,2648.578,9122.55
PF04/0027/E791A,CE,40.907574,14.15949,50.0,2844.768,9218.884
PF06/0027/E791A,CE,40.909247,14.152539,50.0,3036.16,8635.266
PF09/0027/E791A,CE,40.907108,14.156484,50.0,2795.431,8965.295
PF10/0027/E791A,CE,40.904144,14.15288,21.0,2469.362,8658.526
PF01/0028/E791A,CE,40.910949,14.147411,50.0,3229.2,8205.3
PF03/0028/E791A,CE,40.912682,14.139032,50.0,3428.5,7501.5
PF04/0028/E791A,CE,40.913285,14.145943,50.0,3489.791,8084.198
PF05/0028/E791A,CE,40.911454,14.143607,50.0,3288.412,7885.474
PF07/0028/E791A,CE,40.907446,14.147018,50.0,2840.738,8168.379
PF08/0028/E791A,CE,40.908066,14.149861,20.0,2907.171,8408.475
PF01/0029/E791A,CE,40.914228,14.134711,50.0,3603.736,7139.312
PF02/0029/E791A,CE,40.914279,14.136268,50.0,3608.094,7270.494
PF03/0029/E791A,CE,40.911429,14.133378,9.0,3294.2,7024.0
PF05/0029/E791A,CE,40.909,14.138736,50.0,3019.992,7472.508
PF07/0029/E791A,CE,40.906813,14.137773,50.0,2778.023,7389.036
PF13/0029/E791A,CE,40.90919,14.134522,50.0,3044.625,7117.815
PF14/0029/E791A,CE,40.909177,14.131428,50.0,3045.738,6857.234
PF16/0029/E791A,CE,40.907045,14.131333,20.0,2809.157,6846.894
PF01/0030/E791A,CE,40.909625,14.123589,50.0,3102.128,6197.59
PF05/0030/E791A,CE,40.904591,14.131067,50.0,2536.992,6821.794
PF07/0030/E791A,CE,40.902188,14.126479,50.0,2274.023,6432.713
PF09/0030/E791A,CE,40.910257,14.120153,50.0,3175.115,5908.863
PF12/0030/E791A,CE,40.905848,14.127839,50.0,2679.278,6551.338
PF13/0030/E791A,CE,40.899834,14.13027,21.0,2009.522,6749.387
PF02/0031/E791A,CE,40.910877,14.110269,50.0,3252.409,5077.188
PF03/0031/E791A,CE,40.902459,14.111958,50.0,2316.506,5209.942
PF06/0031/E791A,CE,40.903929,14.119313,50.0,2473.409,5831.027
PF08/0031/E791A,CE,40.905881,14.114426,50.0,2694.194,5421.669
PF11/0031/E791A,CE,40.906609,14.110246,50.0,2778.644,5070.386
PF13/0031/E791A,CE,40.907011,14.118477,20.0,2816.242,5764.085
PF05/0032/E791A,CE,40.913484,14.109901,50.0,3542.132,5049.083
PF07/0032/E791A,CE,40.912152,14.100413,70.0,3402.487,4248.546
PF08/0032/E791A,CE,40.907619,14.107842,50.0,2892.829,4869.067
PF11/0032/E791A,CE,40.912701,14.104705,20.0,3459.637,4610.679
PF04/0033/E791A,CE,40.909009,14.097372,50.0,3056.22,3988.872
PF07/0033/E791A,CE,40.903812,14.102181,12.0,2475.11,4387.94
PF08/0033/E791A,CE,40.910025,14.093097,20.0,3172.679,3629.977
PF01/0034/E791A,CE,40.901649,14.088856,50.0,2246.512,3263.131
PF08/0034/E791A,CE,40.909567,14.081567,50.0,3131.98,2658.414
PF14/0034/E791A,CE,40.903811,14.083964,50.0,2490.892,2853.641
PF16/0034/E791A,CE,40.912458,14.092201,50.0,3443.586,3557.382
PF17/0034/E791A,CE,40.906374,14.080977,50.0,2778.0,2605.0
PF18/0034/E791A,CE,40.908842,14.08929,20.0,3044.698,3307.991
PF10/0035/E791A,CE,40.896199,14.094916,20.0,1636.286,3767.346
PF13/0036/E791A,CE,40.893263,14.107213,50.0,1299.716,4799.835
PF14/0036/E791A,CE,40.899967,14.108473,70.0,2042.801,4913.53
PF15/0036/E791A,CE,40.893477,14.100985,70.0,1328.847,4275.403
PF18/0036/E791A,CE,40.899045,14.104299,20.0,1944.052,4560.931
PF01/0037/E791A,CE,40.898317,14.119698,50.0,1850.068,5857.2
PF07/0037/E791A,CE,40.893915,14.119679,50.0,1361.452,5850.681
PF10/0037/E791A,CE,40.899839,14.111892,20.0,2025.679,5201.38
PF03/0038/E791A,CE,40.896691,14.129221,50.0,1661.49,6657.602
PF04/0038/E791A,CE,40.896099,14.136794,50.0,1589.449,7294.876
PF10/0038/E791A,CE,40.892036,14.132662,50.0,1141.924,6942.288
PF14/0038/E791A,CE,40.893391,14.140144,50.0,1286.094,7574.066
PF15/0038/E791A,CE,40.889705,14.13637,20.0,880.049,7252.146
PF08/0039/E791A,CE,40.897378,14.139152,50.0,1729.526,7494.857
PF12/0039/E791A,CE,40.899688,14.14194,50.0,1983.694,7732.273
PF15/0039/E791A,CE,40.902741,14.133933,50.0,2329.19,7061.15
PF17/0039/E791A,CE,40.905575,14.142845,50.0,2636.385,7814.84
PF18/0039/E791A,CE,40.903591,14.139786,20.0,2418.663,7555.038
PF02/0040/E791A,CE,40.905645,14.161684,70.0,2628.766,9401.619
PF03/0040/E791A,CE,40.903127,14.150858,50.0,2358.083,8487.149
PF04/0040/E791A,CE,40.907497,14.146439,50.0,2846.88,8119.685
PF05/0040/E791A,CE,40.901582,14.148025,50.0,2188.863,8246.799
PF06/0040/E791A,CE,40.904897,14.150095,50.0,2555.163,8424.796
PF07/0040/E791A,CE,40.906234,14.157354,70.0,2697.71,9037.607
PF09/0040/E791A,CE,40.896218,14.154193,20.0,1588.38,8760.651
PF02/0041/E791A,CE,40.902131,14.164271,50.0,2236.647,9615.843
PF03/0041/E791A,CE,40.902507,14.161837,50.0,2280.384,9411.217
PF05/0041/E791A,CE,40.898134,14.167365,50.0,1790.435,9872.233
PF06/0041/E791A,CE,40.898822,14.164505,50.0,1869.126,9632.027
PF09/0041/E791A,CE,40.898633,14.171934,50.0,1842.173,10257.585
PF11/0041/E791A,CE,40.903194,14.159901,70.0,2358.212,9248.868
PF13/0041/E791A,CE,40.896246,14.171482,21.0,1577.523,10216.979
PF04/0042/E791A,CE,40.892276,14.149773,50.0,1154.342,8384.07
PF05/0042/E791A,CE,40.892104,14.147142,50.0,1137.464,8162.224
PF07/0042/E791A,CE,40.889023,14.153009,50.0,790.671,8653.15
PF09/0042/E791A,CE,40.89488,14.151481,50.0,1442.08,8530.687
PF11/0042/E791A,CE,40.896325,14.143004,50.0,1609.416,7818.195
PF12/0042/E791A,CE,40.892833,14.143898,50.0,1221.087,7889.708
PF13/0042/E791A,CE,40.890356,14.148848,50.0,942.0,8304.0
PF14/0042/E791A,CE,40.907257,14.155423,70.0,2812.8,8876.081
PF21/0042/E791A,CE,40.894338,14.147706,20.0,1385.043,8212.12
PF02/0043/E791A,CE,40.910789,14.164803,50.0,3197.384,9669.797
PF06/0043/E791A,CE,40.899928,14.153606,70.0,2000.767,8715.152
PF08/0043/E791A,CE,40.894617,14.169882,50.0,1397.992,10080.495
PF09/0043/E791A,CE,40.894744,14.160429,50.0,1419.648,9284.321
PF10/0043/E791A,CE,40.89625,14.158528,20.0,1588.443,9125.826
PF04/0001/E791B,CE,40.898728,14.106934,50.0,1906.57,4782.49
PF06/0001/E791B,CE,40.899913,14.109407,50.0,2036.052,4992.163
PF07/0001/E791B,CE,40.901261,14.107126,50.0,2187.585,4801.582
PF11/0001/E791B,CE,40.906124,14.179524,20.0,2667.767,10904.725
PF06/0001/E932,CE,40.945521,14.148165,60.0,7066.538,8306.114
PF11/0001/E932,CE,40.921408,14.093959,20.0,4435.543,3715.707
PF01/0002/E932,CE,40.924318,14.112529,50.0,4742.639,5282.667
PF06/0002/E932,CE,40.923746,14.109769,50.0,4681.5,5049.581
PF07/0002/E932,CE,40.924889,14.099746,12.0,4817.0,4207.0
PF03/0003/E932,CE,40.928246,14.115066,70.0,5176.491,5500.713
PF04/0003/E932,CE,40.929891,14.121512,50.0,5353.624,6045.251
PF05/0003/E932,CE,40.921408,14.117179,70.0,4415.575,5670.943
PF08/0003/E932,CE,40.92293,14.122137,70.0,4580.322,6090.092
PF09/0003/E932,CE,40.925252,14.118765,20.0,4840.996,5808.74
PF01/0004/E932,CE,40.93083,14.129594,50.0,5451.009,6726.706
PF03/0004/E932,CE,40.930034,14.136256,50.0,5357.134,7286.748
PF08/0004/E932,CE,40.928515,14.139118,50.0,5186.159,7526.069
PF16/0004/E932,CE,40.923107,14.134565,50.0,4589.499,7136.764
PF19/0004/E932,CE,40.929879,14.131729,50.0,5343.738,6905.461
PF25/0004/E932,CE,40.92539,14.140499,50.0,4838.1,7638.905
PF26/0004/E932,CE,40.925446,14.129299,50.0,4853.591,6695.95
PF29/0004/E932,CE,40.926311,14.135007,20.0,4944.877,7177.497
PF01/0005/E932,CE,40.895244,14.087583,50.0,1536.703,3148.509
PF03/0005/E932,CE,40.896469,14.090173,50.0,1670.386,3368.114
PF04/0005/E932,CE,40.920932,14.15222,50.0,4333.521,8620.994
PF07/0005/E932,CE,40.904372,14.115532,50.0,2525.79,5513.082
PF08/0005/E932,CE,40.896999,14.08704,50.0,1731.983,3104.786
PF10/0005/E932,CE,40.898474,14.081804,50.0,1900.301,2665.492
PF14/0005/E932,CE,40.925369,14.144336,50.0,4832.543,7961.94
PF16/0005/E932,CE,40.923901,14.142962,50.0,4670.727,7844.675
PF17/0005/E932,CE,40.919371,14.149265,50.0,4162.713,8370.51
PF18/0005/E932,CE,40.926806,14.141521,20.0,4994.361,7726.481
PF06/0006/E932,CE,40.922204,14.168335,50.0,4461.691,9979.325
PF08/0006/E932,CE,40.924235,14.167506,50.0,4687.827,9911.667
PF09/0006/E932,CE,40.915173,14.161396,50.0,3686.804,9387.56
PF10/0006/E932,CE,40.922231,14.160171,50.0,4471.25,9291.907
PF11/0006/E932,CE,40.914641,14.164437,50.0,3625.306,9643.085
PF13/0006/E932,CE,40.919001,14.157661,50.0,4114.745,9077.082
PF15/0006/E932,CE,40.917075,14.157888,50.0,3900.784,9094.176
PF17/0006/E932,CE,40.928727,14.173017,50.0,5182.129,10380.417
PF18/0006/E932,CE,40.927277,14.177769,50.0,5017.318,10779.016
PF19/0006/E932,CE,40.917895,14.166282,50.0,3984.986,9801.902
PF20/0006/E932,CE,40.920122,14.168231,50.0,4230.659,9968.383
PF22/0006/E932,CE,40.925634,14.169791,50.0,4841.3,10105.567
PF23/0006/E932,CE,40.923136,14.170584,50.0,4563.365,10169.702
PF24/0006/E932,CE,40.915366,14.167588,50.0,3703.252,9909.194
PF25/0006/E932,CE,40.923279,14.175508,50.0,4575.375,10584.412
PF27/0006/E932,CE,40.924987,14.157022,50.0,4779.776,9029.716
PF28/0006/E932,CE,40.926435,14.17244,50.0,4928.154,10329.434
PF29/0006/E932,CE,40.91863,14.161759,20.0,4070.233,9421.776
PF01/0007/E932,CE,40.924023,14.169529,50.0,4662.648,10081.775
PF15/0007/E932,CE,40.915705,14.17429,50.0,3735.463,10473.94
PF19/0007/E932,CE,40.921185,14.167743,50.0,4349.089,9928.384
PF21/0007/E932,CE,40.919221,14.173397,50.0,4126.546,10402.42
PF22/0007/E932,CE,40.913975,14.172483,50.0,3544.884,10319.937
PF24/0007/E932,CE,40.919529,14.086957,50.0,4233.086,3123.896
PF25/0007/E932,CE,40.921301,14.180324,50.0,4351.923,10987.914
PF29/0007/E932,CE,40.918984,14.148073,50.0,4120.71,8269.742
PF30/0007/E932,CE,40.916064,14.171313,50.0,3777.717,10223.639
PF31/0007/E932,CE,40.915241,14.17837,50.0,3680.721,10817.052
PF34/0007/E932,CE,40.923178,14.17703,50.0,4562.958,10712.5
PF35/0007/E932,CE,40.916652,14.146309,50.0,3863.3,8118.611
PF37/0007/E932,CE,40.92447,14.173624,12.0,4709.0,10427.0
PF50/0007/E932,CE,40.925755,14.178919,50.0,4847.513,10874.256
PF51/0007/E932,CE,40.919487,14.1776,20.0,4152.73,10756.621
PF01/0008/E932,CE,40.914126,14.10441,12.0,3618.1,4587.4
PF02/0008/E932,CE,40.942522,14.158825,50.0,6724.875,9200.256
PF03/0008/E932,CE,40.918092,14.101034,50.0,4061.291,4307.691
PF09/0008/E932,CE,40.914659,14.099903,20.0,3681.207,4208.525
PF01/0009/E932,CE,40.911234,14.123167,50.0,3281.062,6163.771
PF02/0009/E932,CE,40.918795,14.119463,70.0,4123.584,5860.282
PF06/0009/E932,CE,40.915547,14.116635,50.0,3765.348,5618.558
PF07/0009/E932,CE,40.909854,14.117913,50.0,3132.368,5719.823
PF08/0009/E932,CE,40.917226,14.113055,20.0,3954.876,5318.926
PF05/0010/E932,CE,40.917932,14.139969,50.0,4010.522,7586.147
PF07/0010/E932,CE,40.915719,14.125728,10.0,3776.8,6384.5
PF11/0010/E932,CE,40.915637,14.139603,50.0,3756.131,7552.774
PF20/0010/E932,CE,40.91327,14.132363,50.0,3499.389,6940.476
PF21/0010/E932,CE,40.918956,14.130703,50.0,4132.0,6807.0
PF25/0010/E932,CE,40.916296,14.132211,50.0,3835.433,6931.074
PF26/0010/E932,CE,40.919027,14.135948,50.0,4135.516,7248.705
PF27/0010/E932,CE,40.921775,14.136984,20.0,4439.647,7338.985
PF02/0011/E932,CE,40.923381,14.148427,50.0,4608.463,8304.252
PF03/0011/E932,CE,40.923261,14.152927,50.0,4591.513,8683.062
PF04/0011/E932,CE,40.921735,14.152586,50.0,4422.361,8652.686
PF05/0011/E932,CE,40.925716,14.155301,50.0,4862.075,8885.571
PF06/0011/E932,CE,40.923823,14.151728,50.0,4654.904,8582.724
PF07/0011/E932,CE,40.922366,14.14903,50.0,4495.386,8353.939
PF08/0011/E932,CE,40.923458,14.153928,50.0,4612.543,8767.558
PF10/0011/E932,CE,40.924131,14.157528,50.0,4684.378,9071.424
PF12/0011/E932,CE,40.916517,14.14376,50.0,3850.34,7903.814
PF13/0011/E932,CE,40.921431,14.150672,50.0,4390.221,8491.202
PF14/0011/E932,CE,40.920661,14.154949,50.0,4301.218,8850.475
PF15/0011/E932,CE,40.919003,14.154197,21.0,4117.813,8785.425
PF02/0012/E932,CE,40.953077,14.147482,50.0,7905.882,8256.88
PF03/0012/E932,CE,40.910116,14.107845,20.0,3169.979,4872.183
PF01/0013/E932,CE,40.906486,14.127943,50.0,2749.959,6560.755
PF02/0013/E932,CE,40.90824,14.129013,50.0,2943.742,6652.815
PF04/0013/E932,CE,40.908999,14.125069,50.0,3031.312,6321.495
PF05/0013/E932,CE,40.912531,14.125065,50.0,3423.417,6325.086
PF07/0013/E932,CE,40.906859,14.124997,50.0,2793.879,6313.068
PF10/0013/E932,CE,40.911283,14.13388,50.0,3277.495,7066.086
PF11/0013/E932,CE,40.904487,14.125633,12.0,2530.0,6364.0
PF13/0013/E932,CE,40.907058,14.135047,20.0,2807.503,7159.691
PF01/0014/E932,CE,40.911548,14.137383,50.0,3304.07,7361.413
PF02/0014/E932,CE,40.909061,14.137965,50.0,3027.452,7407.671
PF09/0014/E932,CE,40.901256,14.138746,70.0,2160.308,7464.94
PF12/0014/E932,CE,40.912594,14.139987,50.0,3417.952,7581.849
PF14/0014/E932,CE,40.903285,14.146817,50.0,2378.926,8146.94
PF15/0014/E932,CE,40.907736,14.140775,50.0,2877.997,7642.905
PF16/0014/E932,CE,40.907374,14.148197,50.0,2831.7,8267.596
PF18/0014/E932,CE,40.913981,14.143498,12.0,3569.0,7879.0
PF19/0014/E932,CE,40.912281,14.144907,20.0,3379.12,7995.831
PF04/0015/E932,CE,40.910915,14.162908,50.0,3212.895,9510.306
PF05/0015/E932,CE,40.918022,14.151252,50.0,4011.264,8536.389
PF10/0015/E932,CE,40.906888,14.162772,50.0,2765.881,9494.639
PF11/0015/E932,CE,40.907704,14.165295,50.0,2854.5,9708.0
PF20/0015/E932,CE,40.912144,14.158649,50.0,3352.694,9152.942
PF26/0015/E932,CE,40.90931,14.156432,50.0,3039.964,8963.271
PF29/0015/E932,CE,40.912567,14.158096,50.0,3400.16,9106.888
PF30/0015/E932,CE,40.907231,14.152713,50.0,2812.186,8647.824
PF31/0015/E932,CE,40.905846,14.154761,50.0,2656.784,8818.825
PF32/0015/E932,CE,40.908702,14.161095,20.0,2968.701,9355.33
PF05/0016/E932,CE,40.910074,14.173934,50.0,3110.634,10438.033
PF19/0016/E932,CE,40.91286,14.174456,50.0,3419.585,10484.949
PF20/0016/E932,CE,40.911509,14.170896,50.0,3272.379,10183.736
PF24/0016/E932,CE,40.902623,14.163224,50.0,2292.08,9528.14
PF26/0016/E932,CE,40.903626,14.168438,50.0,2399.285,9968.34
PF27/0016/E932,CE,40.90745,14.175339,20.0,2818.263,10553.655
PF51/0016/E932,CE,40.907618,14.170621,12.0,2840.618,10156.426
PF17/0017/E932,CE,40.907232,14.1887,50.0,2783.539,11678.693
PF28/0017/E932,CE,40.911748,14.105156,50.0,3353.545,4647.527
PF29/0017/E932,CE,40.909533,14.183355,50.0,3043.215,11230.942
PF30/0017/E932,CE,40.910606,14.185177,50.0,3160.806,11385.443
PF31/0017/E932,CE,40.925527,14.07459,50.0,4909.919,2089.588
PF32/0017/E932,CE,40.9221,14.074696,50.0,4529.4,2094.464
PF39/0017/E932,CE,40.90884,14.190946,50.0,2960.326,11869.488
PF40/0017/E932,CE,40.905404,14.191216,50.0,2578.643,11888.712
PF42/0017/E932,CE,40.910493,14.190221,20.0,3144.367,11810.181
PF04/0018/E932,CE,40.90201,14.128675,50.0,2252.5,6617.5
PF09/0018/E932,CE,40.90273,14.12368,20.0,2336.606,6197.523
PF04/0019/E932,CE,40.898764,14.13875,70.0,1883.745,7462.558
PF09/0019/E932,CE,40.918974,14.114067,50.0,4148.076,5406.133
PF12/0019/E932,CE,40.895066,14.145367,20.0,1467.677,8015.902
PF25/0020/E932,CE,40.898799,14.149637,50.0,1878.652,8379.635
PF26/0020/E932,CE,40.895984,14.154932,50.0,1561.761,8822.624
PF31/0020/E932,CE,40.903956,14.157989,50.0,2444.351,9088.617
PF32/0020/E932,CE,40.897043,14.158716,50.0,1676.251,9142.497
PF33/0020/E932,CE,40.900437,14.156731,50.0,2054.722,8978.931
PF34/0020/E932,CE,40.890613,14.149072,50.0,970.329,8323.223
PF35/0020/E932,CE,40.893718,14.154764,50.0,1310.446,8806.058
PF37/0020/E932,CE,40.894971,14.148896,20.0,1454.318,8313.091
PF01/0021/E932,CE,40.901083,14.16487,50.0,2119.778,9665.194
PF06/0021/E932,CE,40.901038,14.173203,50.0,2108.161,10366.972
PF07/0021/E932,CE,40.900285,14.16167,50.0,2033.757,9394.742
PF10/0021/E932,CE,40.896711,14.161427,20.0,1637.289,9370.461
PF06/0022/E932,CE,40.900622,14.176272,50.0,2059.491,10625.059
PF07/0022/E932,CE,40.89478,14.161492,50.0,1422.817,9373.905
PF08/0022/E932,CE,40.897013,14.161089,50.0,1671.005,9342.336
PF11/0022/E932,CE,40.900042,14.16708,50.0,2002.498,9850.227
PF13/0022/E932,CE,40.903433,14.182847,20.0,2366.399,11181.817
PF02/0023/E932,CE,40.902284,14.199354,50.0,2226.0,12571.0
PF03/0023/E932,CE,40.906042,14.197006,50.0,2645.0,12377.0
PF06/0023/E932,CE,40.902341,14.193428,20.0,2236.907,12071.85
PF10/0024/E932,CE,40.895568,14.163911,50.0,1508.382,9578.564
PF12/0024/E932,CE,40.891813,14.173902,50.0,1083.494,10416.186
PF13/0024/E932,CE,40.892707,14.16371,50.0,1190.968,9558.587
PF17/0024/E932,CE,40.897355,14.177353,50.0,1696.031,10712.678
PF18/0024/E932,CE,40.894941,14.175919,50.0,1429.2,10589.389
PF19/0024/E932,CE,40.890855,14.167822,50.0,982.0,9903.0
PF20/0024/E932,CE,40.896193,14.168917,50.0,1573.681,10000.855
PF22/0024/E932,CE,40.893603,14.168977,20.0,1286.152,10003.164
PF10/0025/E932,CE,40.889436,14.192588,50.0,804.948,11987.936
PF12/0025/E932,CE,40.888622,14.18195,50.0,722.867,11090.899
PF14/0025/E932,CE,40.893453,14.198232,12.0,1246.5,12467.5
PF15/0025/E932,CE,40.897033,14.180694,20.0,1657.566,10993.787
PF06/0026/E932,CE,40.888825,14.079748,12.0,831.0,2481.0
PF08/0026/E932,CE,40.890019,14.089465,50.0,955.0,3301.0
PF12/0026/E932,CE,40.893807,14.091971,50.0,1373.253,3516.446
PF13/0026/E932,CE,40.898768,14.146223,50.0,1878.031,8092.013
PF18/0026/E932,CE,40.894566,14.206062,21.0,1364.105,13128.182
PF01/0001/E998,CE,41.042422,14.041297,10.0,17917.0,-571.2
PF02/0001/E998,CE,41.040348,14.043974,10.0,17684.3,-348.7
PF03/0001/E998,CE,41.038936,14.038505,50.0,17532.627,-810.12
PF04/0001/E998,CE,41.038023,14.041914,50.0,17428.102,-524.713
PF05/0001/E998,CE,41.034877,14.03315,10.0,17087.0,-1265.3
PF06/0001/E998,CE,41.034229,14.033159,10.0,17015.0,-1265.3
PF08/0001/E998,CE,41.029094,14.032043,10.0,16446.0,-1365.4
PF09/0001/E998,CE,41.031023,14.036981,32.0,16655.565,-947.97
PF12/0001/E998,CE,41.032336,14.035373,12.0,16802.8,-1081.5
PF13/0001/E998,CE,41.032944,14.037752,32.0,16868.147,-880.778
PF15/0001/E998,CE,41.036969,14.037703,12.0,17315.0,-880.0
PF16/0001/E998,CE,41.021466,14.036727,50.0,15594.865,-981.027
PF17/0001/E998,CE,41.031919,14.042188,50.0,16750.266,-509.17
PF18/0001/E998,CE,41.034559,14.041497,50.0,17044.0,-564.0
PF19/0001/E998,CE,41.040361,14.038759,50.0,17690.646,-787.049
PF01/0002/E998,CE,41.042308,14.043859,10.0,17902.0,-356.0
PF02/0002/E998,CE,41.042041,14.04861,10.0,17868.0,43.0
PF04/0002/E998,CE,41.039911,14.048274,50.0,17631.821,12.158
PF05/0002/E998,CE,41.038264,14.049271,50.0,17448.1,94.002
PF06/0002/E998,CE,41.036948,14.047149,10.0,17304.0,-86.0
PF07/0002/E998,CE,41.034852,14.05198,50.0,17066.815,317.557
PF09/0002/E998,CE,41.033316,14.044698,10.0,16903.0,-296.4
PF10/0002/E998,CE,41.034257,14.049317,50.0,17003.289,92.961
PF13/0002/E998,CE,41.029744,14.042762,50.0,16508.225,-463.525
PF14/0002/E998,CE,41.031673,14.054131,50.0,16711.961,494.516
PF02/0003/E998,CE,41.04062,14.061492,12.0,17698.5,1124.0
PF04/0003/E998,CE,41.037926,14.060646,50.0,17400.266,1049.679
PF05/0003/E998,CE,41.035616,14.059918,50.0,17144.452,985.729
PF06/0003/E998,CE,41.040112,14.058334,12.0,17645.0,858.0
PF02/0004/E998,CE,41.031175,14.062711,50.0,16648.958,1215.268
PF03/0004/E998,CE,41.039691,14.065312,12.0,17592.0,1444.0
PF01/0005/E998,CE,41.039966,14.069575,50.0,17618.698,1802.689
PF02/0005/E998,CE,41.038231,14.071792,50.0,17424.086,1986.998
PF03/0005/E998,CE,41.039885,14.074871,50.0,17604.92,2247.752
PF04/0005/E998,CE,41.042253,14.06684,50.0,17875.008,1575.509
PF08/0005/E998,CE,41.043414,14.071804,50.0,17999.477,1994.128
PF09/0005/E998,CE,41.045329,14.07579,50.0,18208.417,2331.382
PF01/0006/E998,CE,41.026148,14.083507,10.0,16072.3,2957.6
PF02/0006/E998,CE,41.02742,14.080687,10.0,16216.0,2722.0
PF04/0006/E998,CE,41.023444,14.014444,10.0,15835.4,-2852.0
PF06/0006/E998,CE,41.017897,14.016557,50.0,15217.509,-2681.331
PF08/0006/E998,CE,41.02079,14.081005,10.0,15479.7,2741.0
PF09/0006/E998,CE,41.018478,14.084088,10.0,15220.3,2997.5
PF10/0006/E998,CE,41.0223,14.019088,12.0,15704.0,-2463.0
PF01/0007/E998,CE,41.027397,14.030578,50.0,16258.965,-1490.734
PF02/0007/E998,CE,41.025409,14.031175,50.0,16037.765,-1442.946
PF03/0007/E998,CE,41.02748,14.03348,50.0,16265.532,-1246.654
PF04/0007/E998,CE,41.026048,14.021877,50.0,16117.438,-2223.862
PF05/0007/E998,CE,41.025849,14.02599,50.0,16091.476,-1878.334
PF06/0007/E998,CE,41.026298,14.036267,50.0,16131.675,-1013.772
PF07/0007/E998,CE,41.02838,14.023581,50.0,16374.724,-2077.698
PF04/0008/E998,CE,41.028587,14.034297,50.0,16387.672,-1176.552
PF05/0008/E998,CE,41.022864,14.027871,50.0,15758.342,-1723.855
PF01/0009/E998,CE,41.023968,14.050434,50.0,15860.0,174.5
PF02/0009/E998,CE,41.02809,14.04725,50.0,16320.547,-88.197
PF03/0009/E998,CE,41.025869,14.053191,50.0,16068.5,408.5
PF04/0009/E998,CE,41.028835,14.061638,50.0,16390.108,1122.265
PF05/0009/E998,CE,41.029291,14.057436,50.0,16444.5,769.5
PF06/0009/E998,CE,41.033408,14.057553,50.0,16901.427,784.286
PF07/0009/E998,CE,41.031627,14.059514,50.0,16702.0,947.0
PF02/0010/E998,CE,41.029647,14.073872,50.0,16469.264,2151.716
PF03/0010/E998,CE,41.026709,14.070563,50.0,16146.0,1870.0
PF04/0010/E998,CE,41.032036,14.064314,12.0,16743.0,1351.0
PF05/0010/E998,CE,41.033806,14.067096,12.0,16937.0,1587.0
PF06/0010/E998,CE,41.037924,14.071749,12.0,17390.0,1983.0
PF01/0011/E998,CE,41.012864,13.996526,12.0,14678.0,-4372.0
PF02/0011/E998,CE,41.015479,13.99475,12.0,14970.0,-4518.0
PF03/0011/E998,CE,40.663322,14.300612,50.0,-24373.958,20888.17
PF04/0011/E998,CE,41.014603,13.999746,12.0,14868.0,-4099.0
PF05/0011/E998,CE,41.012987,14.002363,12.0,14686.0,-3881.0
PF06/0011/E998,CE,41.008574,13.988077,12.0,14210.0,-5088.0
PF07/0011/E998,CE,40.658604,14.290988,50.0,-24891.156,20070.37
PF01/0012/E998,CE,41.01749,14.010271,50.0,15178.38,-3210.388
PF02/0012/E998,CE,41.016283,14.008557,12.0,15046.0,-3356.0
PF04/0012/E998,CE,41.021339,14.008898,12.0,15607.0,-3321.0
PF05/0012/E998,CE,41.014478,14.005028,12.0,14849.0,-3655.0
PF06/0012/E998,CE,41.016707,14.003377,12.0,15098.0,-3791.0
PF01/0013/E998,CE,41.013038,14.019378,50.0,14675.512,-2450.161
PF03/0013/E998,CE,41.015048,14.019607,50.0,14898.399,-2428.424
PF04/0013/E998,CE,41.012389,14.013488,50.0,14609.024,-2946.308
PF05/0013/E998,CE,41.011049,14.0172,50.0,14456.7,-2635.821
PF06/0013/E998,CE,41.013873,14.009452,50.0,14777.639,-3283.785
PF07/0013/E998,CE,41.011307,14.009155,12.0,14493.0,-3312.0
PF05/0014/E998,CE,41.017533,14.031196,50.0,15163.4,-1450.913
PF10/0014/E998,CE,41.015995,14.026308,50.0,14997.172,-1863.834
PF11/0014/E998,CE,41.016828,14.023565,50.0,15092.238,-2093.366
PF12/0014/E998,CE,41.018296,14.027008,50.0,15252.053,-1802.116
PF13/0014/E998,CE,41.016845,14.029053,50.0,15089.056,-1631.899
PF15/0014/E998,CE,41.020858,14.0227,50.0,15540.492,-2161.125
PF16/0014/E998,CE,41.016885,14.032257,50.0,15090.508,-1362.519
PF17/0014/E998,CE,41.020521,14.030467,50.0,15495.793,-1508.48
PF18/0014/E998,CE,41.018199,14.018426,12.0,15249.3,-2523.76
PF01/0015/E998,CE,41.014763,14.024412,50.0,14862.218,-2024.783
PF02/0015/E998,CE,41.014236,14.023161,50.0,14804.886,-2130.636
PF03/0015/E998,CE,41.013742,14.024013,50.0,14749.29,-2059.542
PF06/0015/E998,CE,41.015058,14.021099,50.0,14898.121,-2302.947
PF07/0015/E998,CE,41.013453,14.019863,50.0,14721.127,-2408.85
PF01/0016/E998,CE,41.015688,14.052634,50.0,14938.774,349.472
PF04/0016/E998,CE,41.01546,14.04112,10.0,14924.0,-619.0
PF05/0016/E998,CE,41.015315,14.043899,50.0,14905.382,-385.479
PF07/0016/E998,CE,41.013224,14.03663,10.0,14680.0,-999.3
PF13/0016/E998,CE,41.010707,14.03499,50.0,14402.097,-1140.229
PF14/0016/E998,CE,41.014574,14.031316,50.0,14834.82,-1444.429
PF03/0017/E998,CE,41.017413,14.035893,50.0,15145.691,-1056.083
PF08/0017/E998,CE,41.016156,14.04422,12.0,14998.5,-357.5
PF09/0017/E998,CE,41.017102,14.03911,50.0,15108.161,-785.96
PF11/0017/E998,CE,41.016597,14.041894,50.0,15049.5,-552.5
PF12/0017/E998,CE,41.016582,14.049392,50.0,15040.961,77.894
PF14/0017/E998,CE,41.025115,14.048181,12.0,15989.4,-13.6
PF16/0017/E998,CE,41.019627,14.035327,50.0,15392.0,-1101.0
PF17/0017/E998,CE,41.020814,14.048095,12.0,15512.0,-26.0
PF01/0018/E998,CE,41.023128,14.052183,50.0,15765.172,320.515
PF02/0018/E998,CE,41.023792,14.057009,12.0,15834.5,727.0
PF03/0018/E998,CE,41.016991,14.058419,50.0,15078.209,837.449
PF05/0018/E998,CE,41.025123,14.058567,50.0,15980.759,859.593
PF06/0018/E998,CE,41.020368,14.059423,50.0,15452.165,925.858
PF01/0019/E998,CE,41.014398,14.061777,50.0,14787.268,1116.724
PF02/0019/E998,CE,41.014722,14.049279,50.0,14834.644,66.17
PF03/0019/E998,CE,41.014465,14.055572,50.0,14800.339,595.02
PF04/0019/E998,CE,41.012482,14.049208,50.0,14586.0,57.5
PF01/0020/E998,CE,41.02774,14.065124,50.0,16265.387,1414.023
PF02/0020/E998,CE,41.025643,14.065784,50.0,16031.972,1467.006
PF03/0020/E998,CE,41.019875,14.071066,50.0,15386.929,1904.211
PF04/0020/E998,CE,41.022126,14.074213,50.0,15634.0,2171.5
PF05/0020/E998,CE,41.021905,14.066979,50.0,15616.0,1563.0
PF01/0021/E998,CE,41.019939,14.062701,50.0,15401.546,1200.967
PF02/0021/E998,CE,41.019618,14.074192,50.0,15355.602,2166.753
PF03/0021/E998,CE,41.015678,14.061218,50.0,14929.824,1071.172
PF05/0021/E998,CE,41.014694,14.059129,50.0,14822.541,894.423
PF06/0021/E998,CE,41.019789,14.077998,50.0,15371.174,2487.009
PF09/0021/E998,CE,41.018063,14.060522,50.0,15195.297,1015.547
PF01/0022/E998,CE,41.030207,14.076556,10.0,16529.0,2378.0
PF07/0022/E998,CE,41.021975,14.07979,50.0,15612.308,2640.194
PF10/0022/E998,CE,41.021761,14.082418,50.0,15586.194,2860.879
PF12/0022/E998,CE,41.026846,14.074974,50.0,16157.267,2241.056
PF13/0022/E998,CE,41.024533,14.082406,50.0,15893.934,2863.171
PF14/0022/E998,CE,41.024762,14.075265,12.0,15925.67,2263.05
PF01/0023/E998,CE,41.006537,13.996093,12.0,13976.0,-4416.5
PF02/0023/E998,CE,41.004469,13.995253,50.0,13747.253,-4489.791
PF03/0023/E998,CE,41.003362,13.989423,12.0,13630.0,-4981.5
PF04/0023/E998,CE,41.009837,14.006846,12.0,14332.0,-3508.0
PF01/0024/E998,CE,41.00569,13.998533,50.0,13879.627,-4212.328
PF02/0024/E998,CE,41.010594,14.011694,50.0,14411.413,-3099.415
PF03/0024/E998,CE,41.004401,14.012647,12.0,13723.0,-3027.0
PF04/0024/E998,CE,41.000248,14.011302,50.0,13263.232,-3145.395
PF05/0024/E998,CE,41.000083,14.00811,12.0,13248.0,-3414.0
PF01/0025/E998,CE,41.01013,14.019402,50.0,14352.599,-2451.802
PF02/0025/E998,CE,41.008443,14.021764,50.0,14163.161,-2255.283
PF03/0025/E998,CE,41.007546,14.019685,50.0,14065.496,-2431.204
PF04/0025/E998,CE,41.009661,14.026527,50.0,14293.875,-1853.258
PF02/0026/E998,CE,41.001222,14.016456,50.0,13366.51,-2710.654
PF04/0026/E998,CE,41.003169,14.015937,50.0,13583.177,-2751.852
PF05/0026/E998,CE,40.998939,14.016274,50.0,13113.201,-2728.84
PF06/0026/E998,CE,41.002082,14.018812,50.0,13459.753,-2511.434
PF07/0026/E998,CE,41.006535,14.033854,50.0,13939.959,-1240.912
PF08/0026/E998,CE,41.006027,14.026789,50.0,13890.173,-1835.727
PF01/0027/E998,CE,41.012028,14.047172,32.0,14537.491,-114.293
PF03/0027/E998,CE,41.01365,14.044494,12.0,14720.0,-337.5
PF04/0027/E998,CE,41.010383,14.03696,50.0,14364.296,-974.977
PF05/0027/E998,CE,41.00975,14.043411,50.0,14288.087,-433.27
PF06/0027/E998,CE,41.012254,14.041202,12.0,14568.0,-616.0
PF01/0028/E998,CE,41.011096,14.047202,50.0,14433.952,-112.837
PF02/0028/E998,CE,41.008808,14.046848,50.0,14180.297,-145.443
PF03/0029/E998,CE,41.011384,14.052413,50.0,14461.216,325.703
PF04/0029/E998,CE,41.010775,14.057107,50.0,14389.322,719.646
PF05/0029/E998,CE,41.007797,14.055108,50.0,14060.5,548.0
PF07/0029/E998,CE,41.008859,14.051539,50.0,14181.629,249.124
PF08/0029/E998,CE,41.006709,14.051473,50.0,13943.0,241.0
PF03/0030/E998,CE,41.004789,14.044782,10.0,13736.0,-324.0
PF04/0030/E998,CE,41.002477,14.041558,10.0,13482.3,-598.0
PF05/0030/E998,CE,41.001602,14.036206,50.0,13390.167,-1049.192
PF06/0030/E998,CE,41.000757,14.039605,54.0,13293.176,-764.366
PF09/0030/E998,CE,40.996755,14.0311,10.0,12856.8,-1484.6
PF10/0030/E998,CE,41.003039,14.039582,50.0,13546.574,-763.456
PF11/0030/E998,CE,40.998392,14.039186,12.0,13031.0,-802.5
PF12/0030/E998,CE,41.000065,14.035661,50.0,13220.085,-1096.884
PF13/0030/E998,CE,41.005024,14.038453,12.0,13768.0,-856.0
PF01/0031/E998,CE,40.993999,13.998261,12.0,12582.1,-4250.1
PF02/0031/E998,CE,40.99777,14.009498,50.0,12989.863,-3300.215
PF02/0032/E998,CE,40.995389,14.017009,50.0,12718.452,-2671.441
PF04/0032/E998,CE,40.996656,14.022744,50.0,12853.692,-2187.498
PF05/0032/E998,CE,40.997998,14.025548,50.0,13000.0,-1950.0
PF01/0033/E998,CE,40.991987,13.996688,50.0,12360.241,-4384.975
PF02/0033/E998,CE,40.991141,14.003719,50.0,12259.502,-3794.63
PF02/0001/F043,CE,40.924032,14.074849,50.0,4743.719,2109.632
PF13/0001/F043,CE,40.922321,14.078477,50.0,4550.56,2413.079
PF14/0001/F043,CE,40.924012,14.072385,20.0,4743.735,1902.119
PF17/0001/F043,CE,40.925605,14.072129,50.0,4920.728,1882.464
PF20/0001/F043,CE,40.922582,14.064175,50.0,4592.371,1209.141
PF21/0001/F043,CE,40.922558,14.07415,50.0,4580.674,2049.073
PF01/0002/F043,CE,40.921889,14.077682,70.0,4503.256,2345.648
PF03/0002/F043,CE,40.918223,14.073548,70.0,4099.992,1993.245
PF06/0002/F043,CE,40.919696,14.078802,50.0,4258.827,2437.419
PF08/0002/F043,CE,40.915098,14.080026,50.0,3747.373,2535.063
PF11/0002/F043,CE,40.921082,14.07905,50.0,4412.475,2459.912
PF12/0002/F043,CE,40.917891,14.069156,50.0,4067.041,1622.967
PF14/0002/F043,CE,40.919865,14.0693,21.0,4286.054,1637.478
PF01/0001/F203,CE,40.772313,14.213741,50.0,-12213.088,13653.245
PF02/0001/F203,CE,40.777231,14.216261,50.0,-11669.1,13870.8
PF03/0001/F203,CE,40.771594,14.203155,50.0,-12284.888,12759.102
PF04/0001/F203,CE,40.773144,14.200813,50.0,-12111.027,12563.035
PF05/0001/F203,CE,40.773629,14.203129,50.0,-12058.929,12758.948
PF06/0001/F203,CE,40.774279,14.212554,12.0,-11993.908,13555.009
PF07/0001/F203,CE,40.774949,14.209022,50.0,-11916.851,13257.666
PF08/0001/F203,CE,40.772758,14.206292,12.0,-12158.0,13025.0
PF10/0001/F203,CE,40.77284,14.210355,12.0,-12152.0,13368.0
PF50/0001/F203,CE,40.777377,14.21516,12.0,-11652.0,13778.0
PF01/0002/F203,CE,40.777284,14.216352,50.0,-11663.273,13878.5
PF02/0002/F203,CE,40.774971,14.218504,50.0,-11921.63,14057.821
PF03/0002/F203,CE,40.774675,14.216441,50.0,-11952.882,13883.442
PF04/0002/F203,CE,40.769161,14.219322,50.0,-12567.146,14121.109
PF05/0002/F203,CE,40.770765,14.226236,50.0,-12394.275,14706.236
PF06/0002/F203,CE,40.769637,14.222218,12.0,-12516.5,14366.0
PF07/0002/F203,CE,40.77049,14.231098,50.0,-12428.46,15116.234
PF08/0002/F203,CE,40.773337,14.222424,12.0,-12106.0,14387.0
PF09/0002/F203,CE,40.772978,14.225378,12.0,-12148.0,14636.0
PF50/0002/F203,CE,40.770966,14.217568,50.0,-12365.502,13974.835
PF01/0003/F203,CE,40.777246,14.22216,50.0,-11671.853,14368.63
PF04/0003/F203,CE,40.764227,14.244116,50.0,-13133.265,16208.938
PF05/0003/F203,CE,40.758776,14.254759,50.0,-13746.029,17102.097
PF06/0003/F203,CE,40.767993,14.236953,12.0,-12710.0,15608.0
PF01/0004/F203,CE,40.780595,14.239861,50.0,-11313.116,15865.554
PF02/0004/F203,CE,40.779359,14.242937,50.0,-11452.593,16123.927
PF03/0004/F203,CE,40.779223,14.245557,60.0,-11469.575,16344.894
PF04/0004/F203,CE,40.778695,14.248379,50.0,-11530.286,16582.474
PF05/0004/F203,CE,40.777472,14.252925,60.0,-11669.335,16964.968
PF06/0004/F203,CE,40.776266,14.248941,50.0,-11800.251,16627.642
PF08/0004/F203,CE,40.774571,14.251015,12.0,-11990.0,16801.0
PF10/0004/F203,CE,40.779924,14.237554,50.0,-11385.958,15670.2
PF11/0004/F203,CE,40.778501,14.240388,12.0,-11546.0,15908.0
PF01/0005/F203,CE,40.766504,14.255472,50.0,-12888.629,17169.573
PF02/0005/F203,CE,40.765673,14.25806,50.0,-12982.743,17387.215
PF04/0005/F203,CE,40.775753,14.255492,12.0,-11862.0,17180.0
PF06/0005/F203,CE,40.772074,14.256277,50.0,-12270.923,17242.758
PF07/0005/F203,CE,40.769619,14.258369,12.0,-12545.0,17417.0
PF08/0005/F203,CE,40.774914,14.258823,50.0,-11957.508,17460.322
PF09/0005/F203,CE,40.772234,14.251882,12.0,-12250.0,16872.0
PF10/0005/F203,CE,40.776717,14.262592,50.0,-11760.0,17780.0
PF11/0005/F203,CE,40.772902,14.249291,12.0,-12174.0,16654.0
PF12/0005/F203,CE,40.768841,14.250913,12.0,-12626.0,16787.0
PF01/0006/F203,CE,40.776788,14.268101,50.0,-11756.0,18245.0
PF02/0006/F203,CE,40.779007,14.271395,12.0,-11512.0,18525.0
PF01/0007/F203,CE,40.767958,14.2136,50.0,-12696.377,13636.971
PF02/0007/F203,CE,40.767044,14.201916,12.0,-12789.0,12650.0
PF03/0007/F203,CE,40.768221,14.208028,50.0,-12663.0,13167.0
PF04/0007/F203,CE,40.764666,14.213708,50.0,-13061.982,13642.805
PF02/0008/F203,CE,40.770253,14.211685,50.0,-12440.206,13477.7
PF05/0008/F203,CE,40.767691,14.216488,50.0,-12728.293,13880.469
PF07/0008/F203,CE,40.762221,14.219504,50.0,-13337.754,14129.648
PF08/0008/F203,CE,40.76738,14.226875,50.0,-12770.496,14756.793
PF10/0008/F203,CE,40.764742,14.22218,50.0,-13059.914,14357.947
PF11/0008/F203,CE,40.766601,14.219222,50.0,-12851.337,14110.116
PF12/0008/F203,CE,40.762624,14.224685,50.0,-13296.844,14567.341
PF13/0008/F203,CE,40.765657,14.216388,12.0,-12954.0,13870.0
PF01/0009/F203,CE,40.762626,14.241224,50.0,-13308.909,15963.308
PF03/0009/F203,CE,40.768314,14.234128,50.0,-12672.271,15369.87
PF04/0009/F203,CE,40.76563,14.234675,50.0,-12970.537,15413.463
PF05/0009/F203,CE,40.763714,14.2384,12.0,-13186.0,15726.0
PF01/0010/F203,CE,40.762548,14.211092,50.0,-13295.096,13419.897
PF01/0011/F203,CE,40.760599,14.222481,50.0,-13519.977,14379.316
PF04/0011/F203,CE,40.757833,14.220491,50.0,-13825.52,14208.61
PF06/0011/F203,CE,40.76217,14.219678,50.0,-13343.485,14144.253
PF07/0011/F203,CE,40.755327,14.225338,50.0,-14107.372,14615.316
PF08/0011/F203,CE,40.760416,14.215666,50.0,-13535.197,13803.845
PF09/0011/F203,CE,40.756865,14.22767,50.0,-13938.427,14813.625
PF50/0011/F203,CE,40.759855,14.226729,50.0,-13605.758,14737.119
PF01/0012/F203,CE,40.753718,14.234759,50.0,-14293.0,15409.0
PF02/0012/F203,CE,40.759982,14.230019,50.0,-13594.098,15014.943
PF01/0013/F203,CE,40.752977,14.248673,50.0,-14385.343,16582.847
PF02/0013/F203,CE,40.756201,14.245855,50.0,-14025.408,16348.031
PF03/0013/F203,CE,40.754788,14.240529,50.0,-14178.403,15897.153
PF04/0013/F203,CE,40.755954,14.237197,12.0,-14046.5,15617.0
PF05/0013/F203,CE,40.761121,14.243939,50.0,-13477.887,16191.043
PF07/0013/F203,CE,40.757304,14.238274,50.0,-13897.489,15709.149
PF08/0013/F203,CE,40.754133,14.245946,50.0,-14255.135,16353.784
PF10/0013/F203,CE,40.758855,14.248143,12.0,-13732.498,16543.715
PF02/0014/F203,CE,40.751456,14.251854,32.0,-14556.503,16850.0
PF03/0014/F203,CE,40.753155,14.252677,50.0,-14368.517,16921.034
PF04/0014/F203,CE,40.752364,14.255103,50.0,-14458.055,17125.125
PF05/0014/F203,CE,40.752004,14.258165,50.0,-14500.239,17383.275
PF07/0014/F203,CE,40.756198,14.25936,50.0,-14035.537,17488.015
PF08/0014/F203,CE,40.760599,14.260286,50.0,-13547.593,17570.342
PF09/0014/F203,CE,40.758181,14.254658,12.0,-13812.0,17093.0
PF10/0014/F203,CE,40.755353,14.25556,50.0,-14126.576,17166.469
PF01/0015/F203,CE,40.763518,14.263181,50.0,-13225.684,17817.46
PF03/0015/F203,CE,40.761899,14.26766,50.0,-13408.552,18193.937
PF08/0015/F203,CE,40.755099,14.268496,10.0,-14164.0,18258.2
PF09/0015/F203,CE,40.757174,14.264062,50.0,-13930.531,17885.842
PF13/0015/F203,CE,40.754155,14.270424,50.0,-14270.143,18420.142
PF14/0015/F203,CE,40.75466,14.272286,50.0,-14215.357,18577.76
PF15/0015/F203,CE,40.755587,14.26637,50.0,-14108.317,18079.208
PF16/0015/F203,CE,40.752763,14.263864,50.0,-14420.018,17865.057
PF20/0015/F203,CE,40.763534,14.261049,50.0,-13222.313,17637.51
PF21/0015/F203,CE,40.752382,14.268849,50.0,-14465.829,18285.491
PF24/0015/F203,CE,40.757687,14.267841,50.0,-13876.2,18205.349
PF25/0015/F203,CE,40.759829,14.26961,50.0,-13639.661,18356.656
PF26/0015/F203,CE,40.761529,14.272893,50.0,-13453.28,18635.319
PF27/0015/F203,CE,40.763739,14.269105,12.0,-13205.267,18317.629
PF28/0015/F203,CE,40.764831,14.271397,12.0,-13085.721,18512.084
PF29/0015/F203,CE,40.758309,14.271846,50.0,-13810.0,18544.0
PF30/0015/F203,CE,40.758614,14.262171,50.0,-13769.319,17727.588
PF31/0015/F203,CE,40.759822,14.264769,12.0,-13637.0,17948.0
PF50/0015/F203,CE,40.761095,14.268859,50.0,-13498.631,18294.407
PF05/0016/F203,CE,40.759474,14.283827,50.0,-13688.996,19556.346
PF06/0016/F203,CE,40.761495,14.279924,50.0,-13461.896,19228.763
PF07/0016/F203,CE,40.75776,14.276053,50.0,-13873.812,18898.589
PF08/0016/F203,CE,40.762405,14.2758,50.0,-13358.041,18881.463
PF10/0016/F203,CE,40.76931,14.273515,12.0,-12590.0,18695.0
PF11/0016/F203,CE,40.765387,14.277195,12.0,-13028.0,19002.0
PF01/0017/F203,CE,40.750641,14.277332,50.0,-14665.045,19000.009
PF03/0017/F203,CE,41.012732,14.274307,10.0,14432.0,18986.0
PF04/0017/F203,CE,40.751933,14.279677,50.0,-14523.219,19199.174
PF06/0017/F203,CE,40.758336,14.286055,50.0,-13816.815,19743.397
PF09/0017/F203,CE,40.752796,14.275442,50.0,-14424.488,18842.503
PF10/0017/F203,CE,40.75574,14.281593,50.0,-14101.901,19364.365
PF01/0018/F203,CE,40.775038,14.273394,12.0,-11954.0,18690.0
PF01/0019/F203,CE,40.741177,14.246133,32.0,-15693.396,16357.192
PF02/0019/F203,CE,40.752434,14.238173,12.0,-14438.0,15696.0
PF03/0019/F203,CE,40.744489,14.246277,50.0,-15325.924,16372.505
PF01/0020/F203,CE,40.750621,14.24899,32.0,-14647.103,16607.355
PF02/0020/F203,CE,40.749889,14.253661,50.0,-14731.788,17001.052
PF08/0020/F203,CE,40.749675,14.243524,50.0,-14748.255,16145.049
PF09/0020/F203,CE,40.74569,14.252753,50.0,-15197.195,16920.369
PF10/0020/F203,CE,40.743815,14.255194,50.0,-15407.144,17124.726
PF11/0020/F203,CE,40.747732,14.25051,50.0,-14969.0,16733.0
PF12/0020/F203,CE,40.751414,14.246051,12.0,-14557.0,16360.0
PF01/0021/F203,CE,40.750197,14.25715,50.0,-14700.076,17295.858
PF03/0021/F203,CE,40.747793,14.272157,50.0,-14977.578,18560.585
PF04/0021/F203,CE,40.750179,14.276388,50.0,-14715.679,18919.928
PF06/0021/F203,CE,40.748847,14.274129,50.0,-14861.94,18727.997
PF07/0021/F203,CE,40.744536,14.265024,50.0,-15334.113,17955.307
PF08/0021/F203,CE,40.743663,14.26267,50.0,-15429.392,17755.791
PF09/0021/F203,CE,40.749382,14.262001,50.0,-14793.96,17704.585
PF10/0021/F203,CE,40.746922,14.261421,50.0,-15066.634,17653.362
PF12/0021/F203,CE,40.746576,14.268637,50.0,-15110.239,18262.28
PF14/0021/F203,CE,40.750655,14.266718,50.0,-14656.0,18104.0
PF15/0021/F203,CE,40.750828,14.271071,50.0,-14639.943,18471.663
PF16/0021/F203,CE,40.747172,14.265833,50.0,-15042.097,18026.042
PF17/0021/F203,CE,40.748925,14.25966,50.0,-14843.126,17506.572
PF18/0021/F203,CE,40.742502,14.264999,50.0,-15559.825,17951.359
PF07/0022/F203,CE,40.738698,14.261095,50.0,-15979.376,17618.134
PF10/0022/F203,CE,40.74282,14.269273,50.0,-15527.619,18312.451
PF11/0022/F203,CE,40.738923,14.267545,12.0,-15959.0,18163.0
PF12/0022/F203,CE,40.74248,14.260293,50.0,-15559.0,17554.0
PF13/0022/F203,CE,40.742456,14.275175,50.0,-15572.097,18810.457
PF14/0022/F203,CE,40.738569,14.272143,50.0,-16001.51,18550.913
PF50/0022/F203,CE,40.741307,14.269939,50.0,-15695.979,18367.304
PF01/0023/F203,CE,40.744396,14.274284,50.0,-15356.133,18737.025
PF02/0023/F203,CE,40.74584,14.272901,50.0,-15194.883,18621.533
PF03/0023/F203,CE,40.745319,14.274268,50.0,-15253.663,18736.497
PF02/0024/F203,CE,40.741177,14.2765,50.0,-15715.076,18921.173
PF03/0024/F203,CE,40.742849,14.278599,50.0,-15530.904,19099.91
PF04/0024/F203,CE,40.748089,14.275189,50.0,-14946.863,18816.81
PF06/0024/F203,CE,40.741342,14.281654,50.0,-15700.264,19356.484
PF07/0024/F203,CE,40.738544,14.279336,50.0,-16009.329,19158.169
PF03/0025/F203,CE,40.749173,14.280916,50.0,-14830.515,19301.25
PF11/0025/F203,CE,40.752311,14.286087,50.0,-14485.73,19740.625
PF13/0025/F203,CE,40.747844,14.278882,50.0,-14976.55,19128.321
PF15/0025/F203,CE,40.743015,14.283259,50.0,-15515.723,19493.526
PF16/0025/F203,CE,40.748915,14.284189,50.0,-14861.33,19577.371
PF17/0025/F203,CE,40.746208,14.280338,50.0,-15159.216,19249.784
PF18/0025/F203,CE,40.746546,14.283979,50.0,-15124.251,19557.486
PF01/0026/F203,CE,41.106934,14.012787,8.0,25105.58,-2886.37
PF03/0026/F203,CE,40.927482,14.153983,50.0,5059.275,8776.483
PF04/0026/F203,CE,40.894733,14.073956,12.0,1492.001,2000.0
PF01/0027/F203,CE,40.744524,14.257416,50.0,-15330.0,17313.0
PF01/0028/F203,CE,40.734537,14.264276,50.0,-16443.552,17882.865
PF02/0028/F203,CE,40.737448,14.258028,12.0,-16116.0,17358.0
PF03/0028/F203,CE,40.735743,14.260653,50.0,-16307.053,17578.062
PF04/0028/F203,CE,40.735596,14.273363,50.0,-16332.407,18651.15
PF05/0028/F203,CE,40.730319,14.265992,50.0,-16913.008,18023.837
PF06/0028/F203,CE,40.7326,14.273406,50.0,-16665.0,18652.0
PF07/0028/F203,CE,40.736254,14.268944,50.0,-16256.203,18278.599
PF08/0028/F203,CE,40.729958,14.257485,50.0,-16946.992,17305.163
PF09/0028/F203,CE,40.730348,14.262097,12.0,-16907.0,17695.0
PF01/0029/F203,CE,40.732157,14.284765,50.0,-16722.072,19610.828
PF02/0029/F203,CE,40.736437,14.28902,50.0,-16249.881,19973.999
PF03/0029/F203,CE,40.735401,14.290607,50.0,-16365.922,20107.034
PF05/0029/F203,CE,40.738204,14.275179,50.0,-16044.095,18806.915
PF06/0029/F203,CE,40.732514,14.278351,50.0,-16677.955,19069.492
PF07/0029/F203,CE,40.734061,14.282537,50.0,-16509.183,19424.39
PF10/0029/F203,CE,40.731788,14.277599,50.0,-16758.029,19005.392
PF11/0029/F203,CE,40.73418,14.282697,50.0,-16496.0,19438.0
PF12/0029/F203,CE,40.733235,14.288616,12.0,-16605.0,19937.0
PF13/0029/F203,CE,40.736119,14.275758,50.0,-16275.994,18853.829
PF14/0029/F203,CE,40.731699,14.293786,50.0,-16779.059,20372.215
PF02/0030/F203,CE,40.73474,14.291852,50.0,-16440.144,20211.576
PF04/0030/F203,CE,41.03909,14.29205,50.0,17345.747,20501.646
PF06/0030/F203,CE,40.739249,14.288434,50.0,-15937.245,19927.014
PF07/0030/F203,CE,40.734045,14.295623,50.0,-16519.856,20529.424
PF08/0030/F203,CE,40.737281,14.291095,50.0,-16157.58,20149.909
PF09/0030/F203,CE,40.742558,14.289221,50.0,-15570.496,19996.444
PF01/0031/F203,CE,40.735483,14.301146,12.0,-16364.0,20997.0
PF02/0031/F203,CE,40.879373,13.856981,207.0,2.99,-16300.0
PF04/0031/F203,CE,40.7458,14.321256,50.0,-15232.0,22704.0
PF05/0031/F203,CE,40.745457,14.322622,50.0,-15270.951,22818.998
PF06/0031/F203,CE,40.732176,14.320637,12.0,-16744.0,22640.0
PF07/0031/F203,CE,40.73294,14.328043,12.0,-16664.0,23266.0
PF09/0031/F203,CE,41.041743,14.292489,50.0,17640.0,20541.0
PF10/0031/F203,CE,40.732986,14.302332,12.0,-16642.0,21095.0
PF01/0032/F203,CE,41.045318,14.245266,50.0,18070.158,16575.3
PF05/0032/F203,CE,40.724546,14.256384,50.0,-17546.954,17207.099
PF12/0032/F203,CE,40.72441,14.260539,50.0,-17565.081,17557.85
PF13/0032/F203,CE,40.829304,14.263773,50.0,-5923.18,17928.729
PF18/0032/F203,CE,40.727009,14.261121,8.0,-17277.0,17609.4
PF21/0032/F203,CE,40.717888,14.256344,50.0,-18286.004,17197.443
PF22/0032/F203,CE,40.722649,14.259246,50.0,-17759.672,17447.016
PF23/0032/F203,CE,40.71885,14.262631,50.0,-18183.762,17729.338
PF24/0032/F203,CE,40.723394,14.254027,50.0,-17673.154,17006.934
PF25/0032/F203,CE,40.719581,14.25902,12.0,-18100.0,17425.0
PF26/0032/F203,CE,40.721418,14.256876,12.0,-17894.593,17245.709
PF01/0033/F203,CE,40.720502,14.268394,50.0,-18004.397,18217.58
PF02/0033/F203,CE,40.721635,14.264742,50.0,-17876.085,17910.204
PF04/0033/F203,CE,40.726842,14.27278,50.0,-17303.708,18593.899
PF06/0033/F203,CE,40.725461,14.265536,50.0,-17451.897,17980.836
PF07/0033/F203,CE,40.718502,14.276282,50.0,-18232.0,18882.0
PF08/0033/F203,CE,40.72124,14.27681,50.0,-17928.419,18929.097
PF09/0033/F203,CE,40.725248,14.270752,50.0,-17479.27,18421.117
PF51/0033/F203,CE,40.723414,14.268416,12.0,-17681.147,18222.165
PF02/0034/F203,CE,41.037099,14.290613,50.0,17125.759,20379.133
PF05/0034/F203,CE,40.727443,14.28898,50.0,-17248.173,19962.512
PF06/0034/F203,CE,40.725811,14.287657,50.0,-17428.463,19849.315
PF07/0034/F203,CE,40.730928,14.28402,50.0,-16857.928,19546.821
PF08/0034/F203,CE,40.724576,14.277021,50.0,-17558.228,18949.968
PF10/0034/F203,CE,40.72599,14.285354,12.0,-17407.0,19655.0
PF12/0034/F203,CE,40.729784,14.291329,12.0,-16990.0,20163.0
PF13/0034/F203,CE,40.726417,14.278742,50.0,-17355.017,19097.011
PF14/0034/F203,CE,40.726473,14.283203,50.0,-17351.884,19473.747
PF05/0035/F203,CE,40.733284,14.299611,50.0,-16607.052,20865.437
PF06/0035/F203,CE,40.729558,14.301646,10.0,-17022.0,21034.0
PF07/0035/F203,CE,40.726415,14.306178,50.0,-17373.95,21414.004
PF02/0036/F203,CE,40.721767,14.284093,50.0,-17874.963,19544.7
PF03/0036/F203,CE,40.719777,14.282792,50.0,-18094.953,19433.006
PF04/0036/F203,CE,40.716688,14.283245,50.0,-18438.156,19468.485
PF05/0036/F203,CE,40.724206,14.285684,50.0,-17605.328,19681.222
PF07/0036/F203,CE,40.719475,14.287437,50.0,-18131.709,19825.038
PF08/0036/F203,CE,40.721536,14.289108,12.0,-17904.0,19968.0
PF10/0036/F203,CE,40.721767,14.281232,12.0,-17873.0,19303.0
PF06/0037/F203,CE,40.724899,14.291063,50.0,-17532.05,20136.138
PF07/0037/F203,CE,40.72792,14.295061,50.0,-17199.425,20476.462
PF08/0037/F203,CE,40.725541,14.294512,50.0,-17463.094,20427.982
PF09/0037/F203,CE,40.724988,14.29752,50.0,-17526.509,20681.57
PF10/0037/F203,CE,40.728956,14.298147,50.0,-17086.457,20738.03
PF01/0038/F203,CE,41.043878,14.249682,50.0,17907.134,16945.008
PF02/0038/F203,CE,41.049189,14.247146,50.0,18498.498,16736.998
PF03/0038/F203,CE,41.051014,14.249593,50.0,18699.323,16944.339
PF04/0038/F203,CE,41.04726,14.249662,50.0,18282.593,16946.611
PF02/0002/F352,CE,41.021644,14.086331,9.0,15569.8,3189.79
PF03/0002/F352,CE,41.022948,14.08245,12.0,15718.0,2865.0
PF04/0002/F352,CE,41.025759,14.08931,50.0,16024.0,3445.0
PF05/0002/F352,CE,41.022616,14.094667,50.0,15670.38,3891.784
PF06/0002/F352,CE,41.023438,14.088997,50.0,15766.55,3416.013
PF07/0002/F352,CE,41.02461,14.098747,50.0,15888.128,4237.083
PF01/0003/F352,CE,41.024098,14.102966,50.0,15827.682,4591.157
PF02/0003/F352,CE,41.021148,14.097863,50.0,15504.631,4158.759
PF02/0004/F352,CE,41.012734,14.106626,12.0,14563.0,4886.0
PF03/0004/F352,CE,41.018726,14.132711,12.0,15206.0,7086.0
PF04/0004/F352,CE,41.015803,14.126493,12.0,14886.745,6559.976
PF05/0004/F352,CE,41.020769,14.106785,50.0,15454.826,4908.49
PF06/0004/F352,CE,41.019458,14.108224,12.0,15308.0,5028.0
PF07/0004/F352,CE,41.015539,14.115222,12.0,14867.0,5612.0
PF01/0005/F352,CE,41.017259,14.132439,50.0,15043.428,7061.513
PF02/0005/F352,CE,41.016189,14.134397,12.0,14923.0,7225.0
PF03/0005/F352,CE,41.01721,14.125297,12.0,15044.0,6461.0
PF04/0005/F352,CE,41.015177,14.12329,12.0,14820.0,6290.0
PF05/0005/F352,CE,41.022405,14.129301,50.0,15617.36,6803.388
PF06/0005/F352,CE,41.022674,14.132266,50.0,15644.691,7052.997
PF01/0006/F352,CE,41.027066,14.134427,10.0,16130.5,7239.5
PF02/0006/F352,CE,41.025651,14.136069,50.0,15972.004,7375.996
PF04/0006/F352,CE,41.0223,14.137921,10.0,15598.5,7528.0
PF05/0006/F352,CE,41.022909,14.140422,10.0,15664.0,7739.0
PF06/0006/F352,CE,41.022245,14.143791,10.0,15587.5,8021.5
PF07/0006/F352,CE,41.022893,14.148347,50.0,15655.626,8405.276
PF08/0006/F352,CE,41.025359,14.150049,12.0,15928.0,8551.0
PF09/0006/F352,CE,41.020734,14.135767,12.0,15426.414,7345.179
PF10/0006/F352,CE,41.024246,14.145781,50.0,15808.0,8191.0
PF03/0007/F352,CE,41.020917,14.142307,50.0,15441.333,7895.236
PF04/0007/F352,CE,41.019527,14.145011,50.0,15284.767,8121.133
PF07/0007/F352,CE,41.020477,14.150237,50.0,15385.887,8561.509
PF08/0007/F352,CE,41.02267,14.14928,50.0,15630.144,8483.453
PF09/0007/F352,CE,41.018447,14.151314,50.0,15159.643,8649.869
PF10/0007/F352,CE,41.02023,14.152915,50.0,15356.361,8786.458
PF11/0007/F352,CE,41.020087,14.138925,12.0,15352.0,7610.0
PF12/0007/F352,CE,41.017429,14.140968,50.0,15055.186,7778.901
PF13/0007/F352,CE,41.017595,14.146498,50.0,15069.0,8244.0
PF04/0008/F352,CE,41.013915,14.097029,50.0,14702.335,4080.31
PF05/0008/F352,CE,41.022052,14.088961,50.0,15612.761,3411.332
PF08/0008/F352,CE,41.018833,14.081808,9.0,15261.7,2806.199
PF13/0008/F352,CE,41.018663,14.084182,9.0,15240.7,3005.608
PF15/0008/F352,CE,41.020369,14.082093,50.0,15432.0,2832.0
PF16/0008/F352,CE,41.020255,14.092772,50.0,15409.923,3729.704
PF21/0008/F352,CE,41.017438,14.096394,50.0,15094.036,4031.041
PF22/0008/F352,CE,41.018734,14.090402,50.0,15243.155,3528.659
PF23/0008/F352,CE,41.017086,14.099724,50.0,15052.04,4310.628
PF24/0008/F352,CE,41.014457,14.092067,50.0,14766.846,3663.76
PF01/0009/F352,CE,41.01433,14.098648,12.0,14747.0,4217.0
PF05/0009/F352,CE,41.012419,14.107699,50.0,14527.108,4975.863
PF11/0009/F352,CE,41.013272,14.100403,50.0,14628.064,4363.297
PF12/0009/F352,CE,41.012404,14.11046,10.0,14523.0,5208.0
PF13/0009/F352,CE,41.016089,14.108635,50.0,14933.661,5058.731
PF14/0009/F352,CE,41.015078,14.111856,50.0,14818.649,5328.441
PF15/0009/F352,CE,41.014575,14.1036,50.0,14769.95,4633.599
PF16/0009/F352,CE,41.012618,14.104451,50.0,14552.0,4703.0
PF17/0009/F352,CE,40.967059,14.086886,50.0,9509.578,3173.053
PF18/0009/F352,CE,40.966068,14.091387,50.0,9395.677,3550.617
PF19/0009/F352,CE,41.013138,14.11341,50.0,14601.974,5456.896
PF20/0009/F352,CE,41.010467,14.10097,50.0,14316.2,4407.82
PF02/0010/F352,CE,41.007211,14.11201,50.0,13945.192,5332.45
PF04/0010/F352,CE,41.010123,14.121497,9.0,14260.43,6133.53
PF06/0010/F352,CE,41.004587,14.119576,50.0,13647.429,5965.802
PF07/0010/F352,CE,41.006831,14.116695,12.0,13899.0,5726.0
PF04/0011/F352,CE,41.014657,14.131824,50.0,14755.034,7006.935
PF05/0011/F352,CE,41.001423,14.124254,50.0,13292.241,6355.685
PF06/0011/F352,CE,40.999612,14.123115,50.0,13092.173,6257.853
PF08/0011/F352,CE,41.013366,14.135136,12.0,14609.0,7284.0
PF09/0011/F352,CE,41.001543,14.131176,50.0,13299.819,6937.97
PF10/0011/F352,CE,41.001705,14.127348,50.0,13320.988,6616.184
PF11/0011/F352,CE,41.011214,14.132833,12.0,14372.0,7088.0
PF12/0011/F352,CE,41.007956,14.133203,12.0,14010.0,7115.5
PF13/0011/F352,CE,41.005191,14.125667,50.0,13709.367,6478.72
PF14/0011/F352,CE,41.003868,14.123402,50.0,13564.424,6286.766
PF15/0011/F352,CE,41.005493,14.133907,12.0,13736.0,7172.0
PF01/0012/F352,CE,41.015551,14.136944,12.0,14850.0,7438.5
PF03/0012/F352,CE,41.013519,14.138148,12.0,14623.5,7537.5
PF04/0012/F352,CE,41.011305,14.143584,50.0,14373.166,7992.154
PF05/0012/F352,CE,41.014338,14.140369,50.0,14712.52,7725.131
PF06/0012/F352,CE,41.011518,14.139903,50.0,14399.879,7682.826
PF07/0012/F352,CE,41.013696,14.147951,12.0,14635.0,8362.0
PF08/0012/F352,CE,41.014831,14.144297,12.0,14764.0,8056.0
PF01/0013/F352,CE,41.137822,13.85708,50.0,4554694.49,2424084.06
PF02/0013/F352,CE,41.015842,14.082549,12.0,14929.0,2865.0
PF03/0013/F352,CE,41.135181,13.858087,50.0,4554400.24,2424164.73
PF08/0013/F352,CE,41.135717,13.858948,50.0,4554458.75,2424237.77
PF09/0013/F352,CE,41.013604,14.083163,9.0,14680.0,2914.0
PF10/0013/F352,CE,41.017953,14.079486,9.0,15166.1,2609.928
PF12/0013/F352,CE,41.134767,13.859593,50.0,4554352.64,2424290.54
PF13/0013/F352,CE,41.011977,14.084908,9.0,14497.8,3058.868
PF14/0013/F352,CE,41.016596,14.087721,9.0,15008.1,3300.81
PF18/0013/F352,CE,41.018654,14.077146,12.0,15246.0,2414.0
PF04/0014/F352,CE,41.125451,13.867254,50.0,4553309.96,2424920.08
PF05/0014/F352,CE,41.001456,14.095298,50.0,13320.764,3920.444
PF10/0014/F352,CE,41.012381,14.089825,50.0,14538.415,3472.818
PF13/0014/F352,CE,41.008552,14.09379,50.0,14109.859,3801.843
PF15/0014/F352,CE,41.009173,14.086716,50.0,14184.987,3207.635
PF16/0014/F352,CE,41.005597,14.088423,50.0,13786.519,3347.089
PF17/0014/F352,CE,41.122489,13.868613,50.0,4552979.67,2425029.846
PF19/0014/F352,CE,41.003951,14.091409,50.0,13601.099,3596.255
PF20/0014/F352,CE,41.007088,14.09185,50.0,13949.015,3636.956
PF21/0014/F352,CE,41.132099,13.86086,12.0,4554055.0,2424393.0
PF01/0015/F352,CE,41.007258,14.099114,12.0,13961.5,4248.0
PF08/0015/F352,CE,41.001071,14.102227,9.0,13272.0,4502.76
PF09/0015/F352,CE,40.881102,14.050409,9.0,0.0,0.0
PF14/0015/F352,CE,41.002424,14.097525,50.0,13426.285,4108.879
PF15/0015/F352,CE,41.005131,14.105777,50.0,13719.674,4805.969
PF16/0015/F352,CE,41.000654,14.109883,50.0,13219.123,5146.214
PF18/0015/F352,CE,40.998982,14.102782,50.0,13039.582,4547.017
PF19/0015/F352,CE,41.009376,14.089174,50.0,14205.319,3414.587
PF20/0015/F352,CE,41.003909,14.101157,12.0,13588.0,4416.0
PF21/0015/F352,CE,41.010353,14.096931,12.0,14307.0,4068.0
PF22/0015/F352,CE,41.008493,14.095244,12.0,14102.0,3924.0
PF23/0015/F352,CE,41.008436,14.099526,12.0,14092.0,4284.0
PF24/0015/F352,CE,41.006167,14.101911,12.0,13838.0,4482.0
PF03/0016/F352,CE,41.003561,14.116732,50.0,13535.971,5725.488
PF05/0016/F352,CE,41.003456,14.108868,10.0,13531.0,5064.0
PF07/0016/F352,CE,40.996557,14.116044,50.0,12759.002,5659.773
PF08/0016/F352,CE,41.001151,14.119068,52.0,13266.407,5919.216
PF09/0016/F352,CE,41.000059,14.12208,50.0,13142.665,6171.362
PF14/0016/F352,CE,41.000672,14.113981,9.0,13217.6,5490.85
PF16/0016/F352,CE,40.999227,14.112356,50.0,13058.554,5352.575
PF18/0016/F352,CE,40.997064,14.106897,50.0,12823.13,4890.982
PF19/0016/F352,CE,41.004944,14.110322,12.0,13695.0,5188.0
PF20/0016/F352,CE,40.998794,14.112369,50.0,13010.528,5353.173
PF21/0016/F352,CE,40.993942,14.114938,50.0,12469.723,5563.763
PF22/0016/F352,CE,41.003176,14.12056,12.0,13490.0,6047.0
PF01/0017/F352,CE,41.003525,14.1357,50.0,13516.059,7320.618
PF02/0017/F352,CE,41.00938,14.138161,12.0,14164.0,7534.0
PF03/0017/F352,CE,41.007033,14.139927,12.0,13902.0,7680.0
PF05/0017/F352,CE,41.004448,14.138083,50.0,13616.531,7522.08
PF06/0017/F352,CE,41.004885,14.141763,12.0,13662.0,7832.0
PF01/0018/F352,CE,41.007161,14.14316,12.0,13913.485,7951.958
PF02/0018/F352,CE,41.008143,14.146714,50.0,14019.622,8251.932
PF03/0018/F352,CE,41.005838,14.145607,50.0,13764.596,8156.306
PF04/0018/F352,CE,41.012596,14.152928,50.0,14508.83,8779.287
PF06/0018/F352,CE,41.015033,14.152226,50.0,14779.891,8722.882
PF08/0018/F352,CE,41.0112,14.149125,50.0,14357.0,8458.0
PF09/0018/F352,CE,41.010758,14.145947,50.0,14310.497,8190.274
PF10/0018/F352,CE,41.013439,14.155899,12.0,14600.0,9030.0
PF01/0019/F352,CE,40.992709,14.105934,50.0,12340.495,4805.041
PF02/0019/F352,CE,40.996885,14.097608,50.0,12811.357,4109.454
PF04/0019/F352,CE,40.998721,14.095491,50.0,13016.965,3933.51
PF06/0019/F352,CE,40.996743,14.105602,50.0,12788.674,4781.694
PF13/0019/F352,CE,40.997263,14.099107,9.0,12852.0,4236.0
PF17/0019/F352,CE,40.994217,14.098829,9.0,12514.1,4209.16
PF20/0019/F352,CE,40.998093,14.102971,50.0,12940.738,4561.944
PF21/0019/F352,CE,41.117731,13.874467,50.0,4552445.08,2425514.51
PF22/0019/F352,CE,40.988888,14.109402,50.0,11913.301,5092.415
PF23/0019/F352,CE,40.989696,14.11243,50.0,12000.406,5348.053
PF24/0019/F352,CE,40.997189,14.105283,50.0,12838.371,4755.335
PF25/0019/F352,CE,40.969077,14.096938,50.0,9724.871,4021.246
PF26/0019/F352,CE,40.999786,14.098302,50.0,13132.746,4171.171
PF27/0019/F352,CE,40.998134,14.103408,50.0,12944.943,4598.729
PF28/0019/F352,CE,41.119649,13.870807,50.0,4552662.027,2425210.019
PF01/0020/F352,CE,40.985248,14.109277,50.0,11509.343,5077.764
PF03/0020/F352,CE,40.986792,14.105907,50.0,11683.694,4796.01
PF04/0020/F352,CE,40.996005,14.111301,50.0,12701.826,5260.223
PF05/0020/F352,CE,40.997777,14.111133,50.0,12898.698,5248.039
PF06/0020/F352,CE,40.996132,14.114286,50.0,12713.3,5511.4
PF08/0020/F352,CE,40.99813,14.111566,50.0,12937.43,5284.861
PF10/0020/F352,CE,40.9956,14.111428,9.0,12656.7,5270.385
PF11/0020/F352,CE,40.998069,14.111339,9.0,12930.9,5265.682
PF17/0020/F352,CE,40.984775,14.106232,50.0,11459.511,4821.1
PF20/0020/F352,CE,40.989774,14.107794,50.0,12013.108,4958.113
PF02/0021/F352,CE,40.996332,14.124938,50.0,12726.574,6407.548
PF08/0021/F352,CE,40.995207,14.130009,50.0,12597.326,6832.858
PF09/0021/F352,CE,40.995072,14.126934,50.0,12585.008,6574.07
PF10/0021/F352,CE,40.99947,14.120223,50.0,13078.912,6014.467
PF11/0021/F352,CE,41.00198,14.11633,50.0,13360.816,5689.892
PF14/0021/F352,CE,40.99751,14.126426,50.0,12856.059,6534.016
PF16/0021/F352,CE,40.99882,14.127448,50.0,13000.617,6621.46
PF17/0021/F352,CE,40.999725,14.130231,50.0,13098.696,6856.468
PF18/0021/F352,CE,40.995294,14.131501,50.0,12605.825,6958.397
PF01/0022/F352,CE,40.99967,14.130926,50.0,13092.016,6914.888
PF02/0022/F352,CE,40.999878,14.135804,50.0,13111.098,7325.372
PF05/0022/F352,CE,40.997487,14.135331,10.0,12846.0,7283.0
PF07/0022/F352,CE,40.999954,14.141261,50.0,13115.0,7784.4
PF12/0022/F352,CE,41.00183,14.134868,50.0,13328.6,7248.773
PF15/0022/F352,CE,40.996432,14.134265,50.0,12729.827,7192.18
PF16/0022/F352,CE,40.99496,14.131565,50.0,12568.63,6963.44
PF17/0022/F352,CE,41.001977,14.14079,12.0,13340.0,7747.0
PF18/0022/F352,CE,41.001351,14.143699,12.0,13268.0,7991.0
PF19/0022/F352,CE,40.999573,14.12649,50.0,13085.031,6541.664
PF20/0022/F352,CE,40.997128,14.14033,12.0,12802.0,7703.0
PF21/0022/F352,CE,40.994999,14.141859,10.0,12564.47,7829.325
PF03/0023/F352,CE,41.001215,14.147185,50.0,13250.1,8284.0
PF05/0023/F352,CE,40.998871,14.145803,50.0,12991.06,8165.24
PF06/0023/F352,CE,41.001853,14.150767,12.0,13318.0,8586.0
PF07/0023/F352,CE,41.004928,14.149765,50.0,13660.139,8505.058
PF01/0024/F352,CE,41.005285,14.154374,10.0,13696.0,8893.0
PF02/0024/F352,CE,41.006077,14.157096,50.0,13781.683,9122.804
PF04/0024/F352,CE,41.003853,14.155003,50.0,13536.549,8944.388
PF05/0024/F352,CE,41.004133,14.159002,50.0,13564.333,9281.015
PF07/0024/F352,CE,41.008397,14.158388,50.0,14038.268,9233.897
PF08/0024/F352,CE,41.005824,14.16162,50.0,13750.0,9503.0
PF09/0024/F352,CE,41.0089,14.163397,50.0,14090.042,9655.689
PF02/0025/F352,CE,40.951616,14.092489,50.0,7790.3,3626.736
PF03/0025/F352,CE,40.953922,14.096074,50.0,8043.236,3931.119
PF05/0025/F352,CE,40.961675,14.097828,50.0,8902.378,4087.634
PF10/0025/F352,CE,40.986103,14.109725,50.0,11603.849,5116.453
PF13/0025/F352,CE,40.957023,14.099289,50.0,8384.693,4205.263
PF21/0025/F352,CE,40.988762,14.108109,9.0,11900.5,4983.47
PF22/0025/F352,CE,40.959455,14.100213,50.0,8653.842,4285.761
PF25/0025/F352,CE,41.108552,13.882866,50.0,4551416.93,2426206.55
PF26/0025/F352,CE,40.951247,14.094804,50.0,7747.37,3821.156
PF30/0025/F352,CE,40.959492,14.094584,50.0,8662.836,3812.135
PF31/0025/F352,CE,40.987108,14.111949,50.0,11713.513,5304.612
PF32/0025/F352,CE,40.963869,14.098524,50.0,9145.327,4148.669
PF33/0025/F352,CE,40.950639,14.089819,50.0,7684.188,3400.841
PF35/0025/F352,CE,40.96633,14.103393,50.0,9414.316,4561.23
PF37/0025/F352,CE,40.946585,14.096121,50.0,7228.646,3926.652
PF38/0025/F352,CE,40.957613,14.098031,50.0,8451.252,4100.043
PF39/0025/F352,CE,40.96727,14.099325,50.0,9522.157,4219.996
PF40/0025/F352,CE,41.101222,13.888261,12.0,4550597.4,2426649.17
PF41/0025/F352,CE,40.981581,14.115427,12.0,11097.0,5591.0
PF51/0025/F352,CE,41.111856,13.877888,12.0,4551789.1,2425793.34
PF52/0025/F352,CE,40.931179,14.187306,12.0,5443.0,11586.0
PF01/0026/F352,CE,40.953976,14.099121,50.0,8046.566,4187.578
PF02/0026/F352,CE,40.992763,14.118974,50.0,12335.357,5901.923
PF03/0026/F352,CE,40.990723,14.11904,50.0,12108.793,5905.208
PF04/0026/F352,CE,40.982801,14.116362,12.0,11231.7,5671.0
PF12/0026/F352,CE,40.984538,14.119408,50.0,11421.854,5929.256
PF13/0026/F352,CE,40.951717,14.097758,50.0,7796.982,4070.305
PF15/0026/F352,CE,40.987326,14.120684,50.0,11730.379,6039.673
PF17/0026/F352,CE,40.981644,14.118662,50.0,11101.313,5863.233
PF01/0027/F352,CE,40.992023,14.1202,50.0,12252.189,6004.269
PF02/0027/F352,CE,40.992549,14.126556,50.0,12305.199,6539.43
PF03/0027/F352,CE,40.99072,14.121658,50.0,12106.258,6125.426
PF04/0027/F352,CE,40.988643,14.123252,50.0,11874.411,6257.156
PF08/0027/F352,CE,40.985021,14.119236,50.0,11475.66,5915.261
PF09/0027/F352,CE,40.984636,14.126135,50.0,11427.158,6495.229
PF11/0027/F352,CE,40.994938,14.130018,50.0,12567.46,6833.299
PF13/0027/F352,CE,40.987501,14.127396,50.0,11744.136,6604.497
PF15/0027/F352,CE,40.992045,14.123924,50.0,12251.409,6317.459
PF17/0027/F352,CE,40.994732,14.125095,50.0,12548.774,6418.959
PF18/0027/F352,CE,40.986103,14.123694,10.0,11592.03,6291.55
PF01/0028/F352,CE,40.985007,14.133067,70.0,11462.473,7078.761
PF02/0028/F352,CE,40.992794,14.130881,50.0,12328.747,6903.485
PF03/0028/F352,CE,40.99233,14.137266,10.0,12271.9,7440.1
PF11/0028/F352,CE,40.986002,14.132946,50.0,11573.056,7069.737
PF13/0028/F352,CE,40.990388,14.126299,50.0,12065.541,6515.463
PF14/0028/F352,CE,40.988172,14.128838,50.0,11817.387,6726.523
PF15/0028/F352,CE,40.988468,14.126384,50.0,11852.336,6520.419
PF18/0028/F352,CE,40.990411,14.130296,50.0,12064.703,6851.701
PF19/0028/F352,CE,40.990035,14.13349,50.0,12020.299,7119.936
PF20/0028/F352,CE,40.988673,14.141997,12.0,11862.0,7834.0
PF03/0029/F352,CE,40.991153,14.152956,50.0,12128.325,8758.574
PF04/0029/F352,CE,40.988209,14.145893,50.0,11807.313,8161.244
PF06/0029/F352,CE,40.995688,14.147358,50.0,12636.377,8292.612
PF07/0029/F352,CE,40.991512,14.148308,50.0,12172.0,8368.0
PF08/0029/F352,CE,40.993961,14.150536,50.0,12442.051,8558.036
PF02/0030/F352,CE,40.966853,14.15185,50.0,9431.676,8639.313
PF04/0030/F352,CE,41.000407,14.155957,50.0,13153.244,9020.917
PF05/0030/F352,CE,40.969912,14.149707,50.0,9773.01,8462.314
PF06/0030/F352,CE,40.969902,14.153565,12.0,9768.678,8786.934
PF01/0031/F352,CE,40.907626,14.087861,50.0,2910.906,3186.252
PF02/0031/F352,CE,40.999829,14.162099,50.0,13084.111,9536.9
PF05/0031/F352,CE,40.996816,14.163464,10.0,12748.5,9648.5
PF04/0032/F352,CE,40.973869,14.13068,50.0,10228.036,6865.677
PF05/0032/F352,CE,40.979932,14.130759,12.0,10901.0,6879.0
PF08/0032/F352,CE,40.980671,14.122918,50.0,10989.691,6220.209
PF09/0032/F352,CE,40.978549,14.123015,12.0,10754.0,6226.0
PF10/0032/F352,CE,40.979668,14.124628,50.0,10876.863,6362.924
PF11/0032/F352,CE,40.976754,14.127401,12.0,10551.0,6593.0
PF12/0032/F352,CE,40.975814,14.124585,12.0,10449.0,6355.0
PF13/0032/F352,CE,40.978249,14.130427,50.0,10714.492,6849.246
PF50/0032/F352,CE,40.981248,14.119015,12.0,11057.0,5892.5
PF51/0032/F352,CE,40.973221,14.128422,12.0,10158.0,6675.0
PF06/0033/F352,CE,40.980019,14.132719,70.0,10908.985,7043.999
PF07/0033/F352,CE,40.979526,14.141013,70.0,10847.371,7741.277
PF08/0033/F352,CE,40.976744,14.130884,10.0,10547.0,6886.0
PF09/0033/F352,CE,40.976825,14.142352,10.0,10546.5,7851.0
PF11/0033/F352,CE,40.972857,14.13841,10.0,10109.2,7515.0
PF16/0033/F352,CE,40.974736,14.1376,12.0,10318.53,7448.841
PF17/0033/F352,CE,40.985599,14.129055,50.0,11531.594,6741.964
PF18/0033/F352,CE,40.983716,14.141976,70.0,11311.789,7826.852
PF19/0033/F352,CE,40.976031,14.133736,12.0,10465.472,7125.162
PF01/0034/F352,CE,40.984246,14.145323,50.0,11367.868,8108.981
PF01/0035/F352,CE,40.986269,14.147038,50.0,11590.994,8255.454
PF02/0036/F352,CE,40.993435,14.162383,50.0,12374.061,9553.902
PF03/0037/F352,CE,40.987337,14.166271,50.0,11693.904,9874.523
PF04/0037/F352,CE,40.987318,14.159165,50.0,11697.559,9276.697
PF06/0037/F352,CE,40.982951,14.157619,12.0,11214.0,9142.0
PF07/0037/F352,CE,40.990255,14.165966,50.0,12018.106,9851.941
PF08/0037/F352,CE,40.986254,14.163057,50.0,11576.349,9602.993
PF01/0038/F352,CE,40.987853,14.167138,10.0,11750.5,9948.0
PF02/0038/F352,CE,40.986571,14.170302,10.0,11605.7,10212.8
PF04/0038/F352,CE,40.987076,14.173925,10.0,11658.8,10518.1
PF05/0038/F352,CE,40.990281,14.173492,12.0,12015.0,10485.0
PF06/0038/F352,CE,40.990308,14.178544,12.0,12014.0,10910.0
PF01/0039/F352,CE,40.978048,14.123246,50.0,10698.202,6244.841
PF02/0039/F352,CE,40.97647,14.120549,32.0,10525.265,6016.228
PF03/0039/F352,CE,40.976013,14.123228,50.0,10472.315,6241.064
PF07/0039/F352,CE,41.085041,13.901437,50.0,4548787.0,2427733.05
PF08/0039/F352,CE,40.963802,14.127642,70.0,9112.982,6598.949
PF09/0039/F352,CE,40.960603,14.129786,50.0,8756.083,6775.786
PF10/0039/F352,CE,40.974002,14.12426,50.0,10248.208,6325.651
PF11/0039/F352,CE,40.97182,14.122954,50.0,10007.047,6213.395
PF12/0039/F352,CE,40.974487,14.117245,12.0,10308.0,5736.0
PF13/0039/F352,CE,40.955697,14.132245,50.0,8209.347,6977.312
PF27/0039/F352,CE,40.96746,14.125018,70.0,9521.284,6382.154
PF28/0039/F352,CE,40.969406,14.127923,50.0,9734.868,6628.774
PF29/0039/F352,CE,40.971767,14.129779,50.0,9995.411,6787.549
PF31/0039/F352,CE,40.958656,14.135107,50.0,8535.518,7221.456
PF32/0039/F352,CE,40.963721,14.135673,50.0,9097.311,7274.657
PF35/0039/F352,CE,40.975455,14.122637,50.0,10410.826,6190.742
PF36/0039/F352,CE,40.976421,14.118501,50.0,10521.634,5843.814
PF37/0039/F352,CE,40.969692,14.124722,4.0,9769.348,6359.774
PF38/0039/F352,CE,40.955382,14.13604,50.0,8171.193,7296.373
PF39/0039/F352,CE,40.96537,14.129719,70.0,9285.359,6775.429
PF40/0039/F352,CE,40.962511,14.131623,50.0,8966.328,6932.463
PF41/0039/F352,CE,41.081509,13.900384,50.0,4548396.107,2427639.651
PF42/0039/F352,CE,40.955948,14.129283,50.0,8239.76,6728.335
PF43/0039/F352,CE,40.955966,14.139701,50.0,8232.985,7605.098
PF45/0039/F352,CE,41.08963,13.898643,12.0,4549299.43,2427504.74
PF46/0039/F352,CE,40.960695,14.138533,12.0,8759.0,7512.0
PF50/0039/F352,CE,40.971066,14.126894,12.0,9920.0,6544.0
PF01/0040/F352,CE,40.973256,14.134412,50.0,10156.824,7178.988
PF02/0040/F352,CE,40.970665,14.132297,50.0,9870.928,6998.165
PF03/0040/F352,CE,40.969036,14.139672,60.0,9684.0,7617.0
PF04/0040/F352,CE,40.968539,14.134261,50.0,9633.27,7161.122
PF03/0041/F352,CE,40.970639,14.145725,50.0,9857.0,8128.0
PF01/0042/F352,CE,40.979369,14.163013,12.0,10812.0,9592.0
PF02/0042/F352,CE,40.981131,14.162137,52.0,11008.359,9520.125
PF04/0042/F352,CE,40.976516,14.161793,50.0,10496.31,9486.297
PF06/0042/F352,CE,40.977917,14.150596,50.0,10660.885,8545.786
PF09/0042/F352,CE,40.975965,14.149569,50.0,10445.049,8457.235
PF10/0042/F352,CE,40.972256,14.150956,50.0,10032.146,8569.956
PF11/0042/F352,CE,40.978134,14.146959,50.0,10688.0,8240.0
PF12/0042/F352,CE,40.9777,14.146656,50.0,10640.0,8214.0
PF50/0042/F352,CE,40.978681,14.160868,50.0,10737.348,9410.792
PF02/0043/F352,CE,40.978892,14.168325,50.0,10754.823,10038.376
PF03/0043/F352,CE,40.979224,13.924828,50.0,11015.31,-10446.941
PF04/0043/F352,CE,40.98231,14.166067,50.0,11136.0,9852.0
PF01/0044/F352,CE,40.989199,14.182212,12.0,11888.0,11217.4
PF02/0044/F352,CE,40.988228,14.179348,52.0,11782.429,10975.482
PF03/0044/F352,CE,40.985895,14.181291,52.0,11521.953,11136.525
PF02/0046/F352,CE,40.957107,14.140408,50.0,8359.154,7665.84
PF03/0046/F352,CE,40.958071,14.143552,32.0,8463.504,7931.529
PF05/0046/F352,CE,40.964153,14.144836,50.0,9137.633,8046.218
PF06/0046/F352,CE,40.965745,14.146489,12.0,9313.0,8187.0
PF09/0046/F352,CE,40.962924,14.141522,12.0,9004.0,7766.0
PF10/0046/F352,CE,40.964701,14.139325,12.0,9203.0,7583.0
PF01/0047/F352,CE,40.971972,14.155417,12.0,9997.0,8945.0
PF02/0047/F352,CE,40.962872,14.153989,12.0,8988.0,8815.0
PF03/0047/F352,CE,40.969791,14.159261,50.0,9751.763,9266.079
PF01/0048/F352,CE,40.982554,14.179377,12.0,11152.5,10972.0
PF02/0048/F352,CE,40.980631,14.179591,50.0,10938.854,10988.011
PF03/0048/F352,CE,40.980682,14.176582,50.0,10946.944,10734.931
PF04/0048/F352,CE,40.976879,14.176238,12.0,10525.0,10702.0
PF05/0048/F352,CE,40.979406,14.180712,12.0,10802.0,11081.0
PF06/0048/F352,CE,40.978488,14.175802,12.0,10704.0,10667.0
PF03/0049/F352,CE,40.972277,14.176438,12.0,10014.0,10714.0
PF04/0049/F352,CE,40.975155,14.173229,12.0,10336.0,10447.0
PF05/0049/F352,CE,40.970182,14.171769,50.0,9785.071,10318.913
PF12/0049/F352,CE,40.970224,14.167764,12.0,9793.0,9982.0
PF01/0050/F352,CE,40.975649,14.181741,50.0,10384.069,11163.667
PF03/0050/F352,CE,40.976171,14.185589,12.0,10439.0,11488.0
PF01/0051/F352,CE,40.986548,14.202389,12.0,11578.0,12912.0
PF03/0051/F352,CE,40.981418,14.199213,50.0,11010.891,12639.566
PF04/0051/F352,CE,40.984491,14.198422,50.0,11352.667,12576.137
PF05/0051/F352,CE,40.984499,14.191552,50.0,11358.902,11998.217
PF07/0051/F352,CE,40.982181,14.206543,12.0,11090.0,13257.0
PF08/0051/F352,CE,40.984691,14.195624,12.0,11377.0,12341.0
PF01/0052/F352,CE,40.96766,14.183264,9.0,9496.0,11283.5
PF03/0052/F352,CE,40.983349,14.476187,50.0,11048.539,35942.009
PF04/0052/F352,CE,40.977637,14.194295,12.0,10595.0,12222.0
PF05/0052/F352,CE,40.979793,14.190882,12.0,10837.0,11937.0
PF06/0052/F352,CE,40.967984,14.183194,50.0,9532.0,11278.0
PF07/0052/F352,CE,40.969615,14.179883,50.0,9715.768,11001.077
PF01/0053/F352,CE,40.940841,14.144123,50.0,6550.304,7960.829
PF03/0053/F352,CE,40.941981,14.153313,50.0,6669.37,8735.652
PF08/0053/F352,CE,40.942535,14.14761,50.0,6735.556,8256.204
PF09/0053/F352,CE,40.943307,14.145915,50.0,6822.556,8114.39
PF10/0053/F352,CE,40.950107,14.14409,50.0,7579.001,7968.094
PF11/0053/F352,CE,40.945242,14.146915,50.0,7036.595,8200.594
PF12/0053/F352,CE,40.940303,14.150547,50.0,6485.277,8501.041
PF13/0053/F352,CE,40.935793,14.15276,50.0,5982.799,8682.436
PF16/0053/F352,CE,40.945468,14.141606,12.0,7066.0,7754.0
PF17/0053/F352,CE,40.950243,14.138349,50.0,7598.843,7485.108
PF18/0053/F352,CE,40.936891,14.146093,50.0,6110.173,8122.361
PF19/0053/F352,CE,40.929391,14.150232,50.0,5274.261,8462.698
PF20/0053/F352,CE,40.936922,14.152977,50.0,6108.0,8701.983
PF21/0053/F352,CE,40.954381,14.13988,50.0,8056.89,7618.423
PF22/0053/F352,CE,40.954807,14.132535,50.0,8110.316,7000.741
PF23/0053/F352,CE,40.949779,14.133468,50.0,7551.347,7073.739
PF02/0054/F352,CE,40.955671,14.15036,50.0,8191.487,8501.869
PF05/0054/F352,CE,40.951398,14.153522,50.0,7714.545,8763.355
PF06/0054/F352,CE,40.951744,14.157626,50.0,7749.623,9109.201
PF07/0054/F352,CE,40.951228,14.155231,50.0,7694.289,8907.063
PF08/0054/F352,CE,40.941353,14.157792,12.0,6596.0,9112.0
PF10/0054/F352,CE,40.940692,14.154805,50.0,6524.995,8859.918
PF11/0054/F352,CE,40.941594,14.152993,50.0,6626.681,8708.342
PF12/0054/F352,CE,40.944338,14.153464,50.0,6930.895,8750.883
PF13/0054/F352,CE,40.94255,14.157554,50.0,6729.021,9093.297
PF14/0054/F352,CE,40.950362,14.146615,50.0,7605.177,8180.901
PF15/0054/F352,CE,40.942655,14.152868,50.0,6744.508,8698.911
PF16/0054/F352,CE,40.938958,14.152542,50.0,6334.357,8667.511
PF17/0054/F352,CE,40.942193,14.158175,50.0,6688.966,9145.17
PF19/0054/F352,CE,40.957354,14.148818,50.0,8379.656,8373.918
PF20/0054/F352,CE,40.948999,14.149549,50.0,7451.537,8426.446
PF21/0054/F352,CE,40.951766,14.160249,12.0,7750.0,9330.0
PF22/0054/F352,CE,40.949176,14.147109,50.0,7473.155,8221.242
PF23/0054/F352,CE,40.960377,14.150463,50.0,8713.894,8515.658
PF24/0054/F352,CE,40.946408,14.164143,50.0,7152.0,9652.0
PF25/0054/F352,CE,40.944139,14.165597,12.0,6899.0,9772.0
PF26/0054/F352,CE,40.951515,14.14924,50.0,7731.053,8403.13
PF27/0054/F352,CE,40.942254,14.152868,12.0,6700.0,8698.5
PF28/0054/F352,CE,40.948061,14.146943,50.0,7349.541,8206.044
PF29/0054/F352,CE,40.956526,14.156594,50.0,8281.294,9027.479
PF30/0054/F352,CE,40.953991,14.144276,12.0,8010.0,7988.0
PF01/0055/F352,CE,40.967079,14.175282,50.0,9437.893,10611.243
PF03/0055/F352,CE,40.963549,14.17001,50.0,9050.179,10163.975
PF05/0055/F352,CE,40.963505,14.16015,50.0,9053.225,9334.203
PF07/0055/F352,CE,40.956632,14.164198,50.0,8286.969,9667.475
PF01/0056/F352,CE,40.932377,14.157574,50.0,5599.755,9084.052
PF03/0056/F352,CE,40.929626,14.156641,50.0,5295.042,9002.615
PF04/0056/F352,CE,40.934882,14.151582,70.0,5882.648,8582.315
PF05/0056/F352,CE,40.93151,14.15466,70.0,5505.858,8837.849
PF06/0056/F352,CE,40.933148,14.148727,70.0,5692.555,8340.115
PF08/0056/F352,CE,40.928611,14.153835,50.0,5184.734,8765.214
PF09/0056/F352,CE,40.926256,14.155347,12.0,4922.0,8890.0
PF01/0057/F352,CE,40.994853,14.117197,9.0,12568.94,5754.785
PF02/0057/F352,CE,40.998025,14.114078,50.0,12923.723,5496.043
PF05/0057/F352,CE,40.992421,14.117811,50.0,12298.391,5803.739
PF02/0058/F352,CE,40.998803,14.124904,50.0,13000.854,6407.422
PF03/0058/F352,CE,41.000322,14.125836,50.0,13168.655,6487.515
PF05/0058/F352,CE,41.000721,14.127406,50.0,13211.71,6620.023
PF01/0059/F352,CE,40.991889,14.113784,50.0,12242.7,5464.397
PF02/0059/F352,CE,40.99016,14.116013,50.0,12048.922,5649.954
PF01/0060/F352,CE,40.970546,14.16343,50.0,9832.187,9617.665
PF02/0060/F352,CE,40.971317,14.167243,50.0,9914.7,9939.285
PF03/0060/F352,CE,40.969155,14.16571,12.0,9676.0,9808.0
PF04/0060/F352,CE,40.966634,14.162034,12.0,9399.0,9496.0
PF03/0001/G130A,CE,41.018154,14.078,50.0,15189.655,2485.221
PF05/0001/G130A,CE,41.022041,14.078784,50.0,15620.504,2555.709
PF07/0001/G130A,CE,41.019267,14.087155,20.0,15305.122,3256.299
PF01/0002/G130A,CE,41.015139,14.075756,12.0,14857.0,2293.0
PF05/0002/G130A,CE,41.01168,14.081671,50.0,14467.767,2786.288
PF08/0002/G130A,CE,41.014744,14.084931,12.0,14805.0,3064.0
PF10/0002/G130A,CE,41.010873,14.085574,20.0,14374.677,3113.6
PF03/0003/G130A,CE,41.009315,14.09114,50.0,14196.804,3579.815
PF04/0003/G130A,CE,41.007333,14.091513,50.0,13976.514,3608.901
PF07/0003/G130A,CE,41.006512,14.100779,50.0,13877.307,4387.197
PF11/0003/G130A,CE,41.012584,14.100028,50.0,14552.0,4331.0
PF14/0003/G130A,CE,41.014547,14.092537,21.0,14776.438,3703.393
PF02/0004/G130A,CE,41.008306,14.078941,50.0,14095.65,2552.804
PF04/0004/G130A,CE,40.95844,14.104295,50.0,8537.668,4628.158
PF09/0004/G130A,CE,41.006616,14.076328,20.0,13910.294,2331.052
PF05/0005/G130A,CE,40.958318,14.108126,50.0,8520.814,4950.385
PF10/0005/G130A,CE,41.007217,14.087268,50.0,13967.386,3251.824
PF11/0005/G130A,CE,41.008448,14.086327,20.0,14104.836,3174.088
PF01/0006/G130A,CE,40.955096,14.102254,50.0,8168.138,4452.533
PF05/0006/G130A,CE,40.993126,14.094231,50.0,12396.918,3821.117
PF06/0006/G130A,CE,40.950649,14.10806,50.0,7669.489,4936.145
PF10/0006/G130A,CE,40.951168,14.103261,50.0,7731.189,4532.837
PF13/0006/G130A,CE,41.000796,14.079786,21.0,13261.136,2615.095
PF01/0007/G130A,CE,41.001521,14.092306,50.0,13330.564,3668.931
PF06/0007/G130A,CE,40.992741,14.089798,50.0,12358.067,3447.813
PF08/0007/G130A,CE,40.975216,14.097121,50.0,10406.189,4043.622
PF10/0007/G130A,CE,40.998888,14.090192,50.0,13040.13,3488.02
PF11/0007/G130A,CE,41.003476,14.094208,50.0,13545.982,3831.086
PF13/0007/G130A,CE,40.998649,14.081905,50.0,13020.926,2790.816
PF15/0007/G130A,CE,41.002909,14.092455,20.0,13484.551,3683.049
PF01/0008/G130A,CE,40.946728,14.105768,50.0,7236.228,4738.828
PF04/0008/G130A,CE,40.994969,14.090676,50.0,12604.627,3524.199
PF07/0008/G130A,CE,40.992132,14.084895,50.0,12294.83,3034.664
PF10/0008/G130A,CE,40.945587,14.102392,50.0,7112.387,4453.326
PF12/0008/G130A,CE,40.992045,14.075614,20.0,12293.353,2253.95
PF11/0009/G130A,CE,40.980542,14.092429,50.0,11001.511,3655.074
PF15/0009/G130A,CE,40.987437,14.074903,20.0,11782.389,2188.704
PF01/0010/G130A,CE,40.981826,14.088952,50.0,11147.125,3364.029
PF03/0010/G130A,CE,40.978394,14.10499,50.0,10752.195,4709.367
PF06/0010/G130A,CE,40.98179,14.074243,21.0,11156.154,2126.495
PF07/0011/G130A,CE,40.98169,14.102023,50.0,11120.668,4463.523
PF09/0011/G130A,CE,40.984283,14.105757,50.0,11405.24,4780.596
PF15/0011/G130A,CE,40.984066,14.083073,12.0,11401.0,2872.0
PF16/0011/G130A,CE,40.987739,14.083048,21.0,11808.739,2874.206
PF01/0012/G130A,CE,40.988881,14.097058,50.0,11923.242,4054.02
PF02/0012/G130A,CE,40.986885,14.093394,50.0,11704.799,3743.552
PF05/0012/G130A,CE,40.980327,14.097954,50.0,10972.84,4119.628
PF11/0012/G130A,CE,40.983506,14.087075,20.0,11335.303,3208.082
PF01/0101/G130B,CE,40.982468,14.100201,50.0,11208.555,4311.131
PF02/0101/G130B,CE,40.981302,14.133178,21.0,11051.083,7084.062
PF07/0101/G130B,CE,40.980135,14.10208,50.0,10947.965,4466.511
PF04/0102/G130B,CE,40.979556,14.078955,50.0,10903.898,2520.36
PF05/0102/G130B,CE,40.978956,14.126137,21.0,10796.518,6489.11
PF01/0001/G333,CE,40.902641,14.124163,50.0,2326.317,6238.121
PF02/0001/G333,CE,40.905775,14.126217,50.0,2672.5,6414.6
PF03/0001/G333,CE,40.906166,14.1233,50.0,2718.385,6169.373
PF04/0001/G333,CE,40.908277,14.124184,10.0,2951.9,6246.2
PF05/0001/G333,CE,40.90813,14.128063,50.0,2932.352,6572.705
PF06/0001/G333,CE,40.906281,14.13003,50.0,2725.433,6736.324
PF07/0001/G333,CE,40.904223,14.128032,50.0,2498.669,6565.793
PF08/0001/G333,CE,40.89858,14.130043,50.0,1870.574,6728.875
PF09/0001/G333,CE,40.895039,14.128026,50.0,1479.129,6555.075
PF10/0001/G333,CE,40.900561,14.131843,50.0,2088.968,6882.679
PF03/0002/G333,CE,40.901123,14.134843,50.0,2148.889,7136.033
PF05/0002/G333,CE,40.89848,14.145015,50.0,1847.061,7989.934
PF09/0002/G333,CE,40.897362,14.13568,50.0,1730.67,7202.374
PF11/0002/G333,CE,40.899745,14.14409,50.0,1988.178,7913.381
PF13/0002/G333,CE,40.895334,14.132413,50.0,1508.177,6924.984
PF15/0002/G333,CE,40.897409,14.146711,50.0,1726.75,8131.622
PF20/0002/G333,CE,40.898578,14.147816,50.0,1855.596,8225.976
PF21/0002/G333,CE,40.896292,14.149244,50.0,1600.628,8343.83
PF22/0002/G333,CE,40.908981,14.141128,12.0,3016.0,7674.0
PF01/0003/G333,CE,40.890272,14.134156,50.0,944.867,7066.256
PF06/0003/G333,CE,40.892228,14.132546,50.0,1163.287,6932.735
PF11/0003/G333,CE,40.894556,14.137119,50.0,1417.944,7320.568
PF13/0003/G333,CE,40.894238,14.14081,50.0,1379.526,7631.151
PF16/0003/G333,CE,40.90102,14.140369,50.0,2132.845,7601.387
PF19/0003/G333,CE,40.89871,14.142263,50.0,1874.817,7758.358
PF21/0003/G333,CE,40.902824,14.145012,50.0,2329.302,7994.42
PF22/0003/G333,CE,40.893741,14.132497,50.0,1331.28,6930.262
PF23/0003/G333,CE,40.891358,14.14044,50.0,1060.116,7596.829
PF26/0003/G333,CE,40.896073,14.145269,50.0,1579.601,8008.712
PF27/0003/G333,CE,40.892481,14.137071,50.0,1187.631,7314.266
PF28/0003/G333,CE,40.900655,14.145208,50.0,2088.292,8008.555
PF29/0003/G333,CE,40.889211,14.139063,50.0,822.924,7478.502
PF30/0003/G333,CE,40.893695,14.141906,50.0,1318.408,7722.813
PF04/0004/G333,CE,40.893819,14.110314,50.0,1358.682,5061.712
PF05/0004/G333,CE,40.89589,14.111377,50.0,1587.697,5153.565
PF06/0004/G333,CE,40.893377,14.107832,50.0,1311.84,4852.146
PF07/0004/G333,CE,40.894251,14.113934,50.0,1403.642,5367.099
PF08/0004/G333,CE,40.89398,14.118276,50.0,1369.866,5732.552
PF09/0004/G333,CE,40.896503,14.118716,50.0,1649.478,5772.466
PF10/0004/G333,CE,40.899863,14.115809,50.0,2025.043,5531.334
PF12/0004/G333,CE,40.889724,14.115168,50.0,899.978,5466.034
PF13/0004/G333,CE,40.897549,14.115681,50.0,1768.217,5517.985
PF14/0004/G333,CE,40.897608,14.118933,12.0,1772.0,5792.0
PF15/0004/G333,CE,40.89054,14.109946,12.0,995.0,5027.0
PF04/0005/G333,CE,40.897845,14.124227,50.0,1793.799,6238.21
PF05/0005/G333,CE,40.893574,14.122099,50.0,1321.494,6054.173
PF10/0005/G333,CE,40.88934,14.122628,10.0,851.0,6094.0
PF11/0005/G333,CE,40.894811,14.12806,50.0,1453.833,6557.732
PF12/0005/G333,CE,40.889605,14.126173,50.0,877.5,6393.0
PF13/0005/G333,CE,40.889362,14.130448,50.0,846.944,6752.896
PF14/0005/G333,CE,40.892722,14.127591,50.0,1222.281,6515.866
PF15/0005/G333,CE,40.890786,14.126684,50.0,1008.094,6437.321
PF01/0006/G333,CE,40.893807,14.149147,50.0,1324.901,8332.922
PF03/0006/G333,CE,40.892044,14.146039,50.0,1131.739,8069.219
PF06/0006/G333,CE,40.894545,14.146509,50.0,1408.998,8111.545
PF07/0006/G333,CE,40.887889,14.145149,50.0,671.196,7989.783
PF09/0006/G333,CE,40.88776,14.142627,50.0,658.922,7777.134
PF10/0006/G333,CE,40.890737,14.14901,50.0,984.213,8318.082
PF14/0006/G333,CE,40.889762,14.146669,50.0,877.814,8119.797
PF01/0007/G333,CE,40.897987,14.138017,50.0,1798.046,7399.9
PF03/0007/G333,CE,40.899237,14.139001,50.0,1936.012,7484.201
PF01/0001/G364,CE,40.980166,14.473262,50.0,10696.681,35693.833
PF04/0001/G364,CE,40.987106,14.468903,50.0,11469.324,35331.759
PF05/0001/G364,CE,40.977126,14.475635,50.0,10358.07,35891.447
PF08/0001/G364,CE,40.97359,14.470965,50.0,9967.817,35496.167
PF09/0001/G364,CE,40.980905,14.462253,50.0,10784.326,34768.101
PF10/0001/G364,CE,40.986127,14.460951,50.0,11364.776,34662.213
PF11/0001/G364,CE,40.976272,14.474751,50.0,10263.705,35816.484
PF12/0001/G364,CE,40.983718,14.482997,50.0,11086.134,36515.113
PF02/0002/G364,CE,40.977115,14.490893,50.0,10349.221,37175.109
PF06/0002/G364,CE,40.975343,14.489941,50.0,10152.963,37093.844
PF09/0002/G364,CE,40.977166,14.491141,50.0,10354.701,37196.026
PF11/0002/G364,CE,40.98205,14.492922,10.0,10896.0,37349.0
PF13/0002/G364,CE,40.983785,14.496237,12.0,11087.0,37629.0
PF14/0002/G364,CE,40.97766,14.487863,50.0,10411.182,36920.557
PF16/0002/G364,CE,40.982695,14.476405,50.0,10975.875,35959.892
PF17/0002/G364,CE,40.980038,14.494245,50.0,10672.0,37459.0
PF01/0003/G364,CE,40.97709,14.469084,50.0,10357.311,35340.216
PF03/0003/G364,CE,40.971607,14.469394,50.0,9748.476,35362.601
PF04/0003/G364,CE,40.972028,14.466215,50.0,9796.861,35095.434
PF05/0003/G364,CE,40.970187,14.470326,50.0,9590.39,35440.084
PF06/0003/G364,CE,40.973653,14.463043,50.0,9978.955,34829.627
PF08/0003/G364,CE,40.969529,14.464583,50.0,9520.317,34956.437
PF09/0003/G364,CE,40.970295,14.470425,50.0,9602.37,35448.515
PF11/0003/G364,CE,40.985102,14.475538,50.0,11243.478,35888.547
PF12/0003/G364,CE,40.980163,14.46915,50.0,10698.413,35347.905
PF02/0004/G364,CE,40.979945,14.473423,50.0,10672.05,35707.21
PF03/0004/G364,CE,40.982384,14.474623,50.0,10942.206,35809.792
PF05/0004/G364,CE,40.973572,14.487769,50.0,9957.393,36909.983
PF06/0004/G364,CE,40.97792,14.473969,50.0,10446.959,35751.749
PF10/0004/G364,CE,40.984916,14.471251,50.0,11225.077,35527.783
PF11/0004/G364,CE,40.971821,14.486434,54.0,9763.728,36796.471
PF13/0004/G364,CE,40.98487,14.474642,50.0,11218.155,35813.044
PF14/0004/G364,CE,40.975162,14.483427,50.0,10136.063,36545.658
PF16/0004/G364,CE,40.980691,14.476354,50.0,10753.454,35954.258
PF01/0005/G364,CE,40.965983,14.466399,50.0,9125.775,35106.8
PF02/0005/G364,CE,40.964543,14.463589,52.0,8967.293,34869.389
PF03/0005/G364,CE,40.962575,14.467855,52.0,8746.628,35227.015
PF04/0005/G364,CE,40.962888,14.461559,50.0,8784.641,34697.408
PF05/0005/G364,CE,40.966557,14.457602,50.0,9193.991,34366.952
PF07/0005/G364,CE,40.963652,14.45751,50.0,8871.558,34357.189
PF08/0005/G364,CE,40.967069,14.461628,50.0,9248.749,34706.075
PF09/0005/G364,CE,40.961425,14.464852,50.0,8620.54,34973.522
PF01/0006/G364,CE,40.968892,14.475199,50.0,9444.127,35849.264
PF02/0006/G364,CE,40.967572,14.471518,9.0,9299.5,35538.6
PF04/0006/G364,CE,41.059817,14.178078,50.0,19730.773,10943.509
PF05/0006/G364,CE,41.061219,14.173779,50.0,19889.796,10583.749
PF06/0006/G364,CE,40.959299,14.472703,50.0,8380.543,35632.796
PF07/0006/G364,CE,40.962858,14.468958,12.0,8777.5,35320.0
PF09/0006/G364,CE,40.977136,14.476834,50.0,10358.486,35992.317
PF11/0006/G364,CE,40.964255,14.467518,50.0,8933.283,35199.782
PF12/0006/G364,CE,41.063458,14.174245,50.0,20138.091,10625.245
PF13/0006/G364,CE,40.968267,14.478802,12.0,9373.0,36152.0
PF03/0007/G364,CE,41.061735,14.167846,50.0,19951.849,10085.75
PF04/0007/G364,CE,41.057877,14.167391,50.0,19523.933,10043.464
PF05/0007/G364,CE,41.0524,14.168438,50.0,18915.055,10125.611
PF06/0007/G364,CE,40.965373,14.486205,12.0,9048.0,36773.0
PF01/0008/G364,CE,40.957354,14.448782,50.0,8176.972,33618.355
PF04/0008/G364,CE,40.978864,14.386749,50.0,10599.641,28414.571
PF05/0008/G364,CE,40.958635,14.457925,50.0,8314.439,34388.715
PF13/0008/G364,CE,40.962612,14.454027,50.0,8757.949,34063.373
PF14/0008/G364,CE,40.957487,14.452095,50.0,8190.022,33897.297
PF15/0008/G364,CE,40.960474,14.455227,50.0,8520.012,34162.867
PF02/0009/G364,CE,40.976692,14.384595,50.0,10359.786,28231.661
PF03/0009/G364,CE,40.954254,14.463437,50.0,7825.247,34849.556
PF04/0009/G364,CE,40.958088,14.468806,50.0,8248.0,35304.0
PF05/0009/G364,CE,40.952146,14.462051,50.0,7591.923,34731.45
PF02/0010/G364,CE,41.043883,14.162806,50.0,17974.117,9643.205
PF03/0010/G364,CE,40.951091,14.475729,50.0,7467.776,35881.989
PF05/0010/G364,CE,41.047041,14.166533,50.0,18321.628,9959.836
PF07/0010/G364,CE,40.954089,14.474169,50.0,7801.377,35752.685
PF08/0010/G364,CE,40.954968,14.472146,12.0,7900.0,35583.0
PF01/0011/G364,CE,40.954807,14.448343,52.0,7894.51,33579.585
PF05/0011/G364,CE,40.977806,14.37951,50.0,10486.548,27804.67
PF06/0011/G364,CE,40.948769,14.45443,50.0,7220.984,34087.755
PF08/0011/G364,CE,40.949857,14.44874,50.0,7344.743,33609.6
PF10/0011/G364,CE,40.947987,14.444774,50.0,7139.307,33274.415
PF13/0011/G364,CE,40.973436,14.382327,50.0,9999.688,28038.256
PF14/0011/G364,CE,40.951662,14.450988,50.0,7544.0,33800.0
PF15/0011/G364,CE,40.952885,14.447497,50.0,7681.633,33507.087
PF01/0012/G364,CE,40.942104,14.447211,50.0,6484.885,33475.4
PF03/0012/G364,CE,40.948773,14.451283,50.0,7223.128,33822.867
PF07/0012/G364,CE,40.934606,14.448662,50.0,5651.783,33592.333
PF14/0012/G364,CE,40.950824,14.4543,50.0,7449.174,34078.229
PF01/0013/G364,CE,40.938683,14.439866,50.0,6109.039,32854.719
PF04/0013/G364,CE,40.944025,14.440759,50.0,6701.667,32933.689
PF05/0013/G364,CE,40.943411,14.443978,50.0,6631.768,33204.245
PF06/0013/G364,CE,40.9381,14.444235,50.0,6042.042,33222.073
PF01/0014/G364,CE,40.935284,14.433788,50.0,5735.003,32340.647
PF02/0014/G364,CE,40.937892,14.427347,50.0,6028.085,31800.291
PF03/0014/G364,CE,40.939334,14.433856,50.0,6184.65,32349.23
PF04/0014/G364,CE,40.932216,14.42223,50.0,5400.806,31365.332
PF05/0014/G364,CE,40.94187,14.43041,12.0,6468.0,32061.0
PF01/0015/G364,CE,40.934195,14.442122,50.0,5609.651,33041.472
PF02/0015/G364,CE,40.930348,14.441806,50.0,5182.793,33012.094
PF01/0016/G364,CE,40.97636,14.473364,50.0,10274.08,35699.878
PF04/0016/G364,CE,40.968668,14.472388,50.0,9420.674,35612.581
PF05/0016/G364,CE,40.970939,14.472668,50.0,9672.694,35637.643
PF03/0017/G364,CE,40.976151,14.487809,50.0,10243.694,36915.007
PF01/0001/G541,CE,40.887446,14.298707,20.0,506.91,20926.059
PF02/0001/G541,CE,40.660183,14.406399,50.0,-24788.208,29827.986
PF03/0001/G541,CE,40.661467,14.397947,50.0,-24640.826,29114.513
PF04/0001/G541,CE,40.897629,14.30326,50.0,1634.317,21318.7
PF05/0001/G541,CE,40.899561,14.302441,50.0,1849.298,21251.406
PF06/0001/G541,CE,40.881283,14.054559,50.0,16.329,349.851
PF07/0001/G541,CE,40.539703,14.600343,50.0,-38254.679,46162.169
PF08/0001/G541,CE,40.892185,14.300187,12.0,1032.0,21055.0
PF01/0002/G541,CE,40.898208,14.307051,50.0,1696.032,21638.474
PF03/0002/G541,CE,40.895165,14.306382,12.0,1358.7,21579.5
PF04/0002/G541,CE,40.896428,14.309975,50.0,1496.559,21883.234
PF05/0002/G541,CE,40.897586,14.299396,50.0,1632.133,20993.141
PF06/0002/G541,CE,40.552819,14.612497,50.0,-36803.374,47197.818
PF07/0002/G541,CE,40.892781,14.307992,12.0,1093.0,21713.0
PF01/0003/G541,CE,40.894696,14.317891,50.0,1298.988,22548.544
PF03/0003/G541,CE,40.891827,14.326434,50.0,974.937,23265.713
PF05/0003/G541,CE,40.889865,14.324971,50.0,758.148,23140.841
PF07/0003/G541,CE,40.891433,14.318858,50.0,936.097,22627.165
PF08/0003/G541,CE,40.895537,14.322921,50.0,1389.092,22973.033
PF09/0003/G541,CE,40.893726,14.320757,50.0,1189.508,22789.145
PF10/0003/G541,CE,40.899988,14.320031,50.0,1885.022,22733.365
PF11/0003/G541,CE,40.898616,14.313634,50.0,1736.965,22193.329
PF12/0003/G541,CE,40.898235,14.324063,50.0,1687.864,23071.537
PF13/0003/G541,CE,40.888348,14.319361,50.0,593.32,22666.921
PF14/0003/G541,CE,40.901304,14.316948,50.0,2033.14,22474.883
PF15/0003/G541,CE,40.898037,14.317342,50.0,1670.261,22505.162
PF01/0004/G541,CE,40.889399,14.311248,50.0,715.423,21984.313
PF02/0004/G541,CE,40.892427,14.311114,50.0,1051.623,21975.723
PF03/0004/G541,CE,40.889885,14.307054,50.0,772.083,21631.429
PF04/0004/G541,CE,40.890967,14.304378,12.0,894.0,21407.0
PF05/0004/G541,CE,40.88895,14.304595,50.0,669.932,21423.477
PF06/0004/G541,CE,40.888348,14.301806,12.0,605.0,21188.0
PF01/0005/G541,CE,40.885374,14.297222,20.0,277.956,20799.136
PF02/0005/G541,CE,40.884764,14.299761,12.0,208.5,21012.5
PF03/0005/G541,CE,40.887096,14.308615,50.0,461.453,21760.496
PF01/0006/G541,CE,40.887565,14.309435,12.0,513.0,21830.0
PF02/0006/G541,CE,40.886107,14.311799,50.0,349.559,22027.854
PF04/0006/G541,CE,40.886493,14.321127,50.0,386.226,22814.094
PF06/0006/G541,CE,40.884274,14.318745,50.0,141.535,22611.519
PF07/0006/G541,CE,40.886308,14.317596,50.0,368.069,22516.477
PF01/0007/G541,CE,40.879446,14.317604,10.0,-393.7,22511.2
PF02/0007/G541,CE,40.880215,14.321925,10.0,-311.2,22875.9
PF03/0007/G541,CE,40.877033,14.319259,10.0,-662.7,22648.5
PF07/0007/G541,CE,40.881084,14.318156,52.0,-212.237,22559.14
PF08/0007/G541,CE,40.881101,14.320856,50.0,-212.157,22786.573
PF09/0007/G541,CE,40.879181,14.318934,50.0,-424.0,22623.0
PF10/0007/G541,CE,40.877254,14.322242,12.0,-640.1,22900.1
PF11/0007/G541,CE,40.877152,14.315739,50.0,-647.15,22352.032
PF01/0008/G541,CE,40.869458,14.279838,12.0,-1477.0,19320.0
PF02/0008/G541,CE,40.86667,14.289238,50.0,-1792.98,20109.653
PF03/0008/G541,CE,40.863124,14.291427,50.0,-2188.074,20290.914
PF02/0009/G541,CE,40.864794,14.296504,50.0,-2006.172,20720.269
PF02/0010/G541,CE,40.871767,14.30194,10.0,-1235.8,21184.6
PF04/0010/G541,CE,40.741245,14.305152,10.0,-15727.0,21340.4
PF08/0010/G541,CE,40.871069,14.310179,50.0,-1318.748,21878.255
PF09/0010/G541,CE,40.869439,14.312954,12.0,-1501.549,22110.626
PF10/0010/G541,CE,40.868707,14.309635,50.0,-1580.565,21830.314
PF11/0010/G541,CE,40.873288,14.307672,50.0,-1070.773,21668.889
PF12/0010/G541,CE,40.857074,14.293858,50.0,-2861.334,20490.377
PF01/0011/G541,CE,40.87429,14.310518,50.0,-961.372,21909.662
PF04/0011/G541,CE,40.870599,14.313628,50.0,-1373.171,22168.429
PF05/0011/G541,CE,40.87675,14.310508,50.0,-688.339,21910.971
PF05/0012/G541,CE,40.86595,14.318886,50.0,-1892.728,22607.518
PF06/0012/G541,CE,40.869431,14.32844,50.0,-1512.591,23415.672
PF09/0012/G541,CE,40.8698,14.319989,50.0,-1466.115,22703.842
PF11/0012/G541,CE,40.866183,14.322043,50.0,-1868.977,22873.748
PF12/0012/G541,CE,40.867715,14.326569,50.0,-1701.814,23256.528
PF13/0012/G541,CE,40.868449,14.321861,50.0,-1617.277,22860.372
PF15/0012/G541,CE,40.870098,14.324359,50.0,-1435.881,23072.301
PF16/0012/G541,CE,40.872037,14.328404,50.0,-1223.182,23414.812
PF17/0012/G541,CE,40.869048,14.317944,50.0,-1548.169,22530.794
PF18/0012/G541,CE,40.873097,14.324924,50.0,-1103.295,23122.503
PF19/0012/G541,CE,40.872039,14.320645,12.0,-1218.0,22761.0
PF01/0013/G541,CE,40.507341,14.552929,50.0,-41827.64,42128.622
PF02/0013/G541,CE,40.859708,14.284054,50.0,-2562.2,19666.47
PF07/0013/G541,CE,41.260165,14.548629,50.0,41745.128,42195.507
PF08/0013/G541,CE,40.864291,14.277592,12.0,-2049.0,19126.0
PF09/0013/G541,CE,40.860918,14.289244,50.0,-2431.477,20104.942
PF10/0013/G541,CE,40.865705,14.281848,12.0,-1895.0,19486.0
PF01/0014/G541,CE,40.866748,14.308146,50.0,-1797.056,21703.09
PF02/0014/G541,CE,40.867182,14.311637,50.0,-1751.162,21997.666
PF04/0014/G541,CE,40.863116,14.301204,50.0,-2195.564,21114.845
PF05/0014/G541,CE,40.861286,14.297774,50.0,-2396.473,20824.175
PF06/0014/G541,CE,40.865433,14.314325,50.0,-1947.129,22222.677
PF08/0014/G541,CE,40.868883,14.313203,50.0,-1563.417,22131.146
PF09/0014/G541,CE,40.869056,14.315325,50.0,-1545.613,22310.112
PF10/0014/G541,CE,40.864732,14.312062,50.0,-2023.432,22031.362
PF11/0014/G541,CE,40.858095,14.29935,50.0,-2751.773,20954.203
PF01/0015/G541,CE,40.863808,14.329651,50.0,-2137.551,23512.966
PF02/0015/G541,CE,40.864866,14.323435,50.0,-2016.093,22989.959
PF03/0015/G541,CE,40.869477,14.333089,50.0,-1510.476,23807.502
PF04/0015/G541,CE,40.866914,14.332902,50.0,-1794.798,23789.52
PF05/0015/G541,CE,40.867218,14.329142,50.0,-1758.67,23472.917
PF01/0016/G541,CE,40.856246,14.27883,50.0,-2943.0,19223.0
PF02/0016/G541,CE,40.858076,14.285314,50.0,-2744.242,19771.136
PF03/0016/G541,CE,40.854815,14.284574,50.0,-3105.802,19705.844
PF04/0016/G541,CE,40.856499,14.288415,50.0,-2921.44,20031.056
PF06/0016/G541,CE,40.498748,14.583893,50.0,-42794.324,44747.61
PF07/0016/G541,CE,40.854017,14.288429,12.0,-3197.0,20030.0
PF01/0017/G541,CE,40.859745,14.292436,50.0,-2563.871,20372.946
PF02/0017/G541,CE,40.857649,14.292104,50.0,-2796.315,20343.023
PF07/0017/G541,CE,40.858517,14.295806,50.0,-2702.487,20655.857
PF08/0017/G541,CE,40.858115,14.297972,50.0,-2748.628,20838.038
PF09/0017/G541,CE,40.862755,14.295271,50.0,-2231.722,20614.555
PF03/0018/G541,CE,40.857374,14.308329,50.0,-2837.756,21710.371
PF05/0018/G541,CE,40.851802,14.307909,50.0,-3456.01,21670.073
PF06/0018/G541,CE,40.854298,14.299839,50.0,-3173.611,20992.01
PF07/0018/G541,CE,40.857712,14.304079,50.0,-2797.451,21352.414
PF08/0018/G541,CE,40.856964,14.300333,50.0,-2878.0,21036.0
PF09/0018/G541,CE,40.860514,14.307925,12.0,-2489.0,21679.0
PF02/0019/G541,CE,40.862841,14.32158,50.0,-2239.694,22831.933
PF03/0019/G541,CE,40.862993,14.318573,50.0,-2220.753,22578.612
PF04/0019/G541,CE,40.864563,14.316224,50.0,-2044.956,22381.958
PF05/0019/G541,CE,40.86534,14.321758,50.0,-1962.354,22849.012
PF06/0019/G541,CE,40.860915,14.312506,50.0,-2447.428,22065.504
PF08/0019/G541,CE,40.860084,14.317803,50.0,-2543.209,22511.23
PF12/0019/G541,CE,40.856037,14.313342,50.0,-2989.499,22131.686
PF01/0020/G541,CE,40.85848,14.328599,50.0,-2728.356,23419.703
PF03/0020/G541,CE,40.859934,14.330992,50.0,-2568.462,23622.645
PF04/0020/G541,CE,40.861534,14.324509,50.0,-2386.585,23077.604
PF06/0020/G541,CE,40.854346,14.328198,50.0,-3187.021,23382.379
PF07/0020/G541,CE,40.854007,14.324747,50.0,-3222.336,23091.222
PF08/0020/G541,CE,40.856346,14.326803,50.0,-2964.0,23266.5
PF09/0020/G541,CE,40.854027,14.332229,50.0,-3225.011,23721.873
PF04/0021/G541,CE,40.841854,14.305876,50.0,-4559.046,21489.936
PF06/0021/G541,CE,40.849119,14.311266,50.0,-3756.128,21950.678
PF08/0021/G541,CE,40.848086,14.306995,50.0,-3867.962,21589.729
PF10/0021/G541,CE,40.849813,14.302958,50.0,-3673.581,21250.957
PF12/0021/G541,CE,40.844123,14.299711,50.0,-4303.054,20972.162
PF01/0022/G541,CE,40.849891,14.314547,50.0,-3672.599,22227.917
PF03/0022/G541,CE,40.851529,14.322539,12.0,-3496.0,22903.0
PF04/0022/G541,CE,40.846375,14.319246,12.0,-4066.0,22621.0
PF05/0022/G541,CE,40.85443,14.319532,50.0,-3172.0,22652.0
PF02/0023/G541,CE,40.843892,14.325975,50.0,-4346.052,23186.065
PF03/0023/G541,CE,40.850649,14.326514,50.0,-3596.244,23237.284
PF04/0023/G541,CE,40.84769,14.329555,50.0,-3926.74,23491.116
PF05/0023/G541,CE,40.844588,14.33179,50.0,-4272.468,23676.877
PF06/0023/G541,CE,40.84926,14.322669,12.0,-3748.0,22912.0
PF01/0001/G596,CE,41.089369,14.278689,50.0,22936.661,19424.801
PF02/0001/G596,CE,41.093161,14.27725,12.0,23358.656,19307.432
PF04/0001/G596,CE,41.096309,14.300835,12.0,23692.0,21291.0
PF05/0001/G596,CE,41.097997,14.298316,12.0,23881.0,21081.0
PF06/0001/G596,CE,41.095572,14.296651,12.0,23613.0,20939.0
PF07/0001/G596,CE,41.094048,14.289047,12.0,23449.0,20299.0
PF01/0002/G596,CE,41.100934,14.328818,8.0,24186.89,23645.08
PF02/0002/G596,CE,41.093198,14.339237,50.0,23321.429,24513.452
PF01/0005/G596,CE,41.102017,14.319863,12.0,24313.0,22894.0
PF01/0006/G596,CE,41.063178,14.329594,12.0,19995.0,23678.0
PF01/0007/G596,CE,41.067532,14.353063,50.0,20463.433,25653.486
PF02/0007/G596,CE,41.070782,14.346209,50.0,20828.536,25080.369
PF03/0007/G596,CE,41.065598,14.355861,50.0,20247.0,25887.0
PF04/0007/G596,CE,41.255154,14.331693,50.0,41306.0,24018.0
PF06/0007/G596,CE,41.067999,14.338307,50.0,20524.509,24414.09
PF08/0007/G596,CE,41.068113,14.338733,12.0,20537.0,24450.0
PF09/0007/G596,CE,41.070612,14.337815,12.0,20815.0,24375.0
PF10/0007/G596,CE,41.075432,14.344123,12.0,21346.0,24909.0
PF11/0007/G596,CE,41.06651,14.347652,12.0,20353.311,25198.016
PF12/0007/G596,CE,41.077744,14.344888,12.0,21602.2,24975.2
PF02/0008/G596,CE,41.061706,14.350602,50.0,19818.177,25441.957
PF04/0008/G596,CE,41.059938,14.348744,50.0,19623.117,25284.302
PF05/0008/G596,CE,41.060558,14.34594,50.0,19693.632,25049.195
PF06/0008/G596,CE,41.062357,14.356131,12.0,19887.0,25907.0
PF07/0008/G596,CE,41.05884,14.351802,50.0,19499.227,25540.408
PF08/0008/G596,CE,41.062144,14.343448,50.0,19871.343,24841.138
PF02/0009/G596,CE,41.059667,14.365731,10.0,19582.5,26711.5
PF05/0009/G596,CE,41.055855,14.363826,50.0,19160.492,26548.345
PF06/0009/G596,CE,41.056539,14.367339,50.0,19234.257,26844.086
PF09/0009/G596,CE,41.051115,14.365811,50.0,18633.065,26711.278
PF12/0009/G596,CE,41.05504,14.361762,50.0,19071.197,26374.249
PF13/0009/G596,CE,41.057875,14.362967,50.0,19385.186,26477.779
PF14/0009/G596,CE,41.05369,14.365905,50.0,18918.789,26721.262
PF15/0009/G596,CE,41.054391,14.368605,50.0,18995.062,26948.755
PF01/0010/G596,CE,41.060804,14.328744,10.0,19732.0,23604.5
PF02/0010/G596,CE,41.060439,14.331558,50.0,19689.599,23840.682
PF03/0010/G596,CE,41.060089,14.335166,10.0,19648.5,24143.5
PF04/0010/G596,CE,41.060238,14.336954,50.0,19663.898,24293.873
PF05/0010/G596,CE,41.061366,14.340417,50.0,19786.866,24585.794
PF06/0010/G596,CE,41.057718,14.330013,10.0,19388.5,23708.5
PF09/0010/G596,CE,41.058051,14.341698,50.0,19418.009,24690.65
PF10/0010/G596,CE,41.057016,14.331976,50.0,19309.352,23872.835
PF11/0010/G596,CE,41.054541,14.330509,10.0,19035.5,23747.5
PF13/0010/G596,CE,41.055759,14.336665,50.0,19166.838,24265.806
PF14/0010/G596,CE,41.044099,14.323415,50.0,17880.901,23142.381
PF17/0010/G596,CE,41.05488,14.333974,50.0,19070.926,24038.946
PF18/0010/G596,CE,41.054433,14.331605,50.0,19022.847,23839.479
PF19/0010/G596,CE,41.058892,14.332697,50.0,19517.165,23935.057
PF20/0010/G596,CE,41.058891,14.329388,50.0,19519.188,23657.018
PF21/0010/G596,CE,41.055084,14.329039,50.0,19096.716,23624.421
PF23/0010/G596,CE,41.055368,14.339781,50.0,19121.407,24527.333
PF02/0011/G596,CE,41.051507,14.337901,50.0,18694.003,24366.112
PF05/0011/G596,CE,41.04832,14.337584,50.0,18340.38,24336.804
PF06/0011/G596,CE,41.047777,14.34093,10.0,18278.0,24617.5
PF07/0011/G596,CE,41.04637,14.339793,50.0,18122.545,24520.81
PF09/0011/G596,CE,41.045556,14.334826,50.0,18035.279,24102.632
PF10/0011/G596,CE,41.050635,14.332581,50.0,18600.531,23918.271
PF13/0011/G596,CE,41.05362,14.331133,50.0,18932.86,23799.167
PF14/0011/G596,CE,41.044305,14.335938,50.0,17895.705,24195.05
PF15/0011/G596,CE,41.047667,14.334069,50.0,18270.193,24040.845
PF16/0011/G596,CE,41.047974,14.34101,50.0,18299.762,24624.459
PF17/0011/G596,CE,41.052278,14.334133,50.0,18782.003,24050.124
PF18/0011/G596,CE,41.045448,14.330249,50.0,18026.252,23717.85
PF01/0012/G596,CE,41.059343,14.353424,50.0,19554.062,25677.075
PF02/0012/G596,CE,41.049335,14.348747,50.0,18446.023,25275.761
PF03/0012/G596,CE,41.050035,14.352248,12.0,18521.468,25570.609
PF05/0012/G596,CE,41.049046,14.35592,50.0,18409.471,25878.397
PF06/0012/G596,CE,41.061597,14.35334,50.0,19804.321,25671.922
PF07/0012/G596,CE,41.060844,14.35067,50.0,19722.49,25446.907
PF08/0012/G596,CE,41.055963,14.353489,50.0,19178.87,25679.74
PF09/0012/G596,CE,41.059106,14.349887,50.0,19529.98,25379.703
PF10/0012/G596,CE,41.055337,14.34779,50.0,19112.948,25200.344
PF11/0012/G596,CE,41.052489,14.343671,50.0,18799.311,24851.866
PF12/0012/G596,CE,41.053526,14.340181,50.0,18916.649,24559.453
PF13/0012/G596,CE,41.054934,14.348043,50.0,19068.051,25221.282
PF15/0012/G596,CE,41.057523,14.352705,50.0,19352.447,25615.175
PF17/0012/G596,CE,41.049043,14.353712,50.0,18410.423,25692.785
PF01/0013/G596,CE,41.059221,14.367801,50.0,19531.644,26885.099
PF02/0013/G596,CE,41.070779,14.371294,50.0,20812.658,27187.854
PF03/0013/G596,CE,41.064702,14.368636,50.0,20139.645,26959.679
PF04/0013/G596,CE,41.054114,14.372347,12.0,18962.0,27263.0
PF05/0013/G596,CE,41.067833,14.37061,50.0,20486.0,27128.0
PF06/0013/G596,CE,41.066782,14.366359,12.0,20372.0,26770.0
PF02/0014/G596,CE,41.067513,14.383063,50.0,20443.0,28174.0
PF01/0015/G596,CE,41.060475,14.391114,12.0,19657.0,28845.0
PF02/0015/G596,CE,41.060716,14.387705,50.0,19685.777,28558.779
PF02/0016/G596,CE,41.05396,14.381811,50.0,18939.19,28058.143
PF03/0016/G596,CE,41.052159,14.373967,50.0,18743.942,27397.57
PF04/0016/G596,CE,41.054667,14.374522,12.0,19022.06,27446.164
PF05/0016/G596,CE,41.053975,14.371983,50.0,18946.765,27232.293
PF06/0016/G596,CE,41.054086,14.377192,50.0,18955.947,27670.122
PF01/0017/G596,CE,41.051247,14.36717,50.0,18646.869,26825.655
PF02/0017/G596,CE,41.052313,14.369967,50.0,18763.535,27061.547
PF07/0017/G596,CE,41.049255,14.374868,50.0,18421.0,27471.0
PF08/0017/G596,CE,41.052164,14.377705,50.0,18742.267,27711.732
PF09/0017/G596,CE,41.045444,14.369871,50.0,18001.044,27047.936
PF10/0017/G596,CE,41.049708,14.37969,50.0,18468.397,27876.551
PF13/0017/G596,CE,41.048445,14.38336,50.0,18326.0,28184.0
PF14/0017/G596,CE,41.046171,14.375685,12.0,18078.21,27537.18
PF01/0018/G596,CE,41.053804,14.356559,50.0,18937.278,25935.965
PF02/0018/G596,CE,41.052596,14.360748,50.0,18800.575,26286.985
PF04/0018/G596,CE,41.051606,14.364173,50.0,18688.551,26574.054
PF07/0018/G596,CE,41.046587,14.361506,10.0,18133.0,26345.8
PF09/0018/G596,CE,41.045947,14.364473,50.0,18060.149,26594.642
PF12/0018/G596,CE,41.045179,14.358715,50.0,17978.407,26110.161
PF13/0018/G596,CE,41.052609,14.361132,50.0,18801.712,26319.311
PF14/0018/G596,CE,41.04578,14.368799,50.0,18038.994,26958.151
PF15/0018/G596,CE,41.049514,14.364598,50.0,18456.06,26608.081
PF16/0018/G596,CE,41.051467,14.357539,50.0,18677.221,26016.426
PF17/0018/G596,CE,41.049774,14.35949,12.0,18488.0,26179.0
PF02/0019/G596,CE,41.047133,14.343319,50.0,18204.948,24817.797
PF03/0019/G596,CE,41.045495,14.34791,50.0,18020.195,25202.259
PF04/0019/G596,CE,41.043611,14.342893,50.0,17814.192,24779.049
PF05/0019/G596,CE,41.043307,14.343639,10.0,17780.0,24841.5
PF06/0019/G596,CE,41.042249,14.346278,50.0,17660.874,25062.405
PF10/0019/G596,CE,41.049996,14.346736,50.0,18520.6,25107.358
PF11/0019/G596,CE,41.048087,14.348571,50.0,18307.549,25259.98
PF14/0019/G596,CE,41.038508,14.344743,50.0,17246.589,24930.227
PF15/0019/G596,CE,41.040389,14.348962,12.0,17452.778,25286.467
PF18/0019/G596,CE,41.044245,14.339426,50.0,17886.804,24488.163
PF21/0019/G596,CE,41.040151,14.343519,50.0,17429.798,24828.743
PF22/0019/G596,CE,41.047714,14.345684,12.0,18268.0,25017.0
PF03/0020/G596,CE,41.044449,14.354128,50.0,17900.238,25724.028
PF04/0020/G596,CE,41.047823,14.351294,50.0,18276.575,25488.563
PF02/0021/G596,CE,41.044386,14.36527,50.0,17886.382,26660.396
PF03/0021/G596,CE,41.043449,14.363109,50.0,17783.612,26478.043
PF05/0021/G596,CE,41.041202,14.363068,50.0,17534.203,26472.715
PF06/0021/G596,CE,41.042511,14.357765,50.0,17682.82,26028.06
PF08/0021/G596,CE,41.034477,14.3586,50.0,16790.408,26091.711
PF09/0021/G596,CE,41.036894,14.359875,50.0,17057.949,26200.87
PF10/0021/G596,CE,41.040525,14.359534,50.0,17461.222,26175.198
PF13/0021/G596,CE,41.044355,14.360133,50.0,17886.055,26228.654
PF14/0021/G596,CE,41.041969,14.36702,12.0,17616.92,26805.51
PF01/0022/G596,CE,41.037155,14.356464,50.0,17088.995,25914.345
PF03/0022/G596,CE,41.027063,14.352291,50.0,15971.25,25555.305
PF04/0022/G596,CE,41.026619,14.355749,50.0,15919.866,25845.635
PF05/0022/G596,CE,41.034619,14.355174,50.0,16808.349,25803.871
PF06/0022/G596,CE,41.031818,14.356115,50.0,16496.826,25880.653
PF07/0022/G596,CE,41.034351,14.349421,50.0,16782.13,25319.99
PF08/0022/G596,CE,41.032747,14.35329,50.0,16601.688,25643.949
PF09/0022/G596,CE,41.031178,14.351942,50.0,16428.32,25529.292
PF01/0023/G596,CE,41.103811,14.440528,12.0,24440.0,33028.0
PF01/0024/G596,CE,41.081867,14.478858,12.0,21984.0,36232.0
PF02/0024/G596,CE,41.084695,14.476835,12.0,22299.0,36064.0
PF03/0024/G596,CE,41.078604,14.47436,12.0,21624.0,35852.0
PF02/0001/G620,CE,40.814293,14.210617,50.0,-7550.539,13431.569
PF05/0001/G620,CE,40.632439,14.450893,50.0,-27892.435,33570.089
PF06/0001/G620,CE,40.776263,14.266244,50.0,-11813.042,18087.815
PF07/0001/G620,CE,40.773833,14.266421,50.0,-12082.894,18100.51
PF08/0001/G620,CE,40.629819,14.444765,12.0,-28180.0,33050.0
PF01/0003/G620,CE,40.635632,14.459873,60.0,-27542.677,34331.623
PF02/0003/G620,CE,40.634284,14.471843,12.0,-27698.5,35343.0
PF05/0003/G620,CE,40.765438,14.277699,50.0,-13022.694,19044.534
PF02/0004/G620,CE,40.638023,14.487507,50.0,-27291.232,36670.09
PF03/0004/G620,CE,40.639959,14.488763,12.0,-27077.0,36777.5
PF04/0004/G620,CE,40.640947,14.485738,50.0,-26965.81,36522.356
PF06/0004/G620,CE,40.633568,14.475964,12.0,-27780.0,35691.0
PF07/0004/G620,CE,40.634244,14.479878,50.0,-27706.913,36022.502
PF09/0004/G620,CE,40.638451,14.484062,12.0,-27242.0,36379.0
PF02/0005/G620,CE,40.624577,14.452662,60.0,-28766.017,33714.261
PF05/0005/G620,CE,40.75626,14.658779,50.0,-14236.573,51204.206
PF07/0005/G620,CE,40.768754,14.267903,50.0,-12647.758,18220.836
PF08/0005/G620,CE,40.625053,14.446578,12.0,-28710.0,33200.0
PF09/0005/G620,CE,40.627007,14.452096,12.0,-28496.0,33668.0
PF02/0006/G620,CE,40.625702,14.465845,50.0,-28648.0,34830.0
PF03/0006/G620,CE,40.628202,14.467101,50.0,-28371.202,34937.921
PF01/0007/G620,CE,40.623891,14.47776,50.0,-28855.134,35836.526
PF03/0007/G620,CE,40.624327,14.482136,50.0,-28808.86,36206.961
PF04/0007/G620,CE,40.627134,14.477202,50.0,-28494.792,35791.455
PF06/0007/G620,CE,40.627317,14.480033,12.0,-28476.0,36031.0
PF07/0007/G620,CE,40.631588,14.478869,50.0,-28001.243,35935.407
PF02/0008/G620,CE,40.636663,14.489603,50.0,-27443.199,36846.456
PF03/0008/G620,CE,40.63839,14.489684,50.0,-27251.548,36854.375
PF04/0008/G620,CE,40.63429,14.485414,50.0,-27704.553,36490.669
PF06/0008/G620,CE,40.633208,14.488392,50.0,-27826.14,36741.789
PF01/0009/G620,CE,40.626398,14.461816,50.0,-28568.715,34489.737
PF02/0009/G620,CE,40.626393,14.457573,50.0,-28567.067,34130.821
PF02/0010/G620,CE,40.616973,14.452461,12.0,-29610.0,33692.0
PF01/0011/G620,CE,40.625734,14.469017,50.0,-28646.152,35098.261
PF02/0011/G620,CE,40.624225,14.470388,50.0,-28814.288,35213.201
PF04/0011/G620,CE,40.619578,14.466869,50.0,-29328.317,34912.497
PF07/0011/G620,CE,40.605251,14.480637,50.0,-30925.637,36067.658
PF08/0011/G620,CE,40.619448,14.47004,50.0,-29344.434,35180.63
PF09/0011/G620,CE,40.622394,14.469882,50.0,-29017.314,35169.217
PF01/0012/G620,CE,40.623518,14.473749,50.0,-28894.498,35497.052
PF05/0012/G620,CE,40.618714,14.474309,50.0,-29428.031,35541.257
PF08/0012/G620,CE,40.603484,14.4724,50.0,-31117.645,35369.643
PF10/0012/G620,CE,40.621918,14.476242,50.0,-29073.362,35706.821
PF11/0012/G620,CE,40.61577,14.473534,50.0,-29754.481,35473.713
PF12/0012/G620,CE,40.620268,14.4807,50.0,-29258.797,36082.836
PF01/0013/G620,CE,40.625112,14.489236,50.0,-28725.274,36807.98
PF03/0013/G620,CE,40.626121,14.484558,50.0,-28611.0,36413.0
PF05/0013/G620,CE,40.624139,14.486548,12.0,-28832.0,36580.0
PF06/0013/G620,CE,40.627935,14.489239,50.0,-28411.913,36810.027
PF07/0013/G620,CE,40.628766,14.485766,50.0,-28317.931,36516.807
PF01/0014/G620,CE,40.62077,14.4856,50.0,-29205.502,36497.618
PF03/0014/G620,CE,40.619423,14.483348,50.0,-29353.916,36306.239
PF04/0014/G620,CE,40.620798,14.492069,50.0,-29205.538,37044.82
PF05/0014/G620,CE,40.617522,14.48351,50.0,-29564.963,36318.697
PF07/0014/G620,CE,40.615635,14.492362,50.0,-29778.764,37066.324
PF09/0014/G620,CE,40.61875,14.485069,50.0,-29429.477,36451.406
PF12/0014/G620,CE,40.618609,14.482912,50.0,-29443.965,36268.849
PF13/0014/G620,CE,40.618004,14.488297,50.0,-29513.865,36723.967
PF14/0014/G620,CE,40.617114,14.479663,50.0,-29608.401,35993.01
PF15/0014/G620,CE,40.618658,14.487397,50.0,-29440.814,36648.241
PF02/0015/G620,CE,40.961053,14.905013,50.0,8445.615,72014.072
PF03/0015/G620,CE,40.619415,14.458355,50.0,-29342.041,34192.225
PF05/0015/G620,CE,40.617047,14.452406,50.0,-29601.785,33687.332
PF07/0015/G620,CE,40.962434,14.90165,50.0,8599.176,71731.206
PF08/0015/G620,CE,40.616962,14.462463,50.0,-29616.45,34538.018
PF09/0015/G620,CE,40.617671,14.461004,50.0,-29536.992,34415.068
PF10/0015/G620,CE,40.616206,14.457811,50.0,-29698.0,34144.0
PF11/0015/G620,CE,40.614789,14.452919,12.0,-29852.71,33729.21
PF03/0016/G620,CE,40.614129,14.469526,50.0,-29934.522,35133.535
PF05/0016/G620,CE,40.61372,14.460648,50.0,-29975.363,34382.275
PF06/0016/G620,CE,40.692087,14.562539,50.0,-21324.09,43044.849
PF09/0016/G620,CE,40.606891,14.480176,50.0,-30743.414,36029.694
PF10/0016/G620,CE,40.616278,14.467514,50.0,-29695.014,34964.832
PF11/0016/G620,CE,40.962948,14.907456,50.0,8655.786,72219.89
PF12/0016/G620,CE,40.614514,14.476712,50.0,-29895.454,35741.706
PF13/0016/G620,CE,40.61341,14.479206,50.0,-30019.286,35951.973
PF02/0017/G620,CE,40.615158,14.478266,50.0,-29824.799,35873.592
PF03/0017/G620,CE,40.615813,14.479275,50.0,-29752.597,35959.391
PF04/0017/G620,CE,40.610311,14.479516,50.0,-30363.406,35976.145
PF03/0018/G620,CE,40.612343,14.483578,50.0,-30139.861,36321.132
PF04/0018/G620,CE,40.610291,14.486255,10.0,-30369.0,36546.2
PF08/0018/G620,CE,40.60581,14.479669,50.0,-30863.155,35986.169
PF10/0018/G620,CE,40.614193,14.481082,50.0,-29933.268,36111.135
PF12/0018/G620,CE,40.607315,14.479408,50.0,-30696.0,35965.0
PF13/0018/G620,CE,40.605896,14.476668,50.0,-30852.143,35732.28
PF14/0018/G620,CE,40.607143,14.485695,50.0,-30718.164,36496.784
PF15/0018/G620,CE,40.609983,14.480863,50.0,-30400.558,36089.854
PF01/0019/G620,CE,40.611323,14.492823,50.0,-30257.677,37102.495
PF02/0019/G620,CE,40.609455,14.49648,50.0,-30466.792,37410.713
PF03/0019/G620,CE,40.608402,14.493154,50.0,-30582.071,37128.666
PF04/0019/G620,CE,40.612801,14.49132,50.0,-30092.84,36976.319
PF07/0019/G620,CE,40.615373,14.484222,50.0,-29803.841,36377.537
PF08/0019/G620,CE,40.609301,14.489361,50.0,-30480.484,36808.384
PF06/0020/G620,CE,40.606339,14.464493,50.0,-30796.763,34702.559
PF08/0020/G620,CE,40.606743,14.458892,50.0,-30749.0,34229.0
PF09/0020/G620,CE,40.60474,14.461802,50.0,-30972.853,34473.839
PF10/0020/G620,CE,40.962807,14.905145,50.0,8640.28,72025.399
PF11/0020/G620,CE,40.612141,14.463238,50.0,-30152.025,34600.294
PF12/0020/G620,CE,40.609491,14.470992,50.0,-30450.116,35254.528
PF13/0020/G620,CE,40.596566,14.461231,50.0,-31879.897,34419.898
PF14/0020/G620,CE,40.609334,14.457855,50.0,-30460.836,34143.032
PF15/0020/G620,CE,40.60825,14.464693,50.0,-30584.732,34720.793
PF04/0021/G620,CE,40.613604,14.476743,50.0,-29996.476,35743.735
PF13/0021/G620,CE,40.612251,14.477869,50.0,-30147.272,35838.064
PF15/0021/G620,CE,40.606712,14.473858,50.0,-30760.055,35495.096
PF16/0021/G620,CE,40.611225,14.476734,50.0,-30260.555,35741.395
PF17/0021/G620,CE,40.608995,14.474211,50.0,-30506.853,35526.518
PF18/0021/G620,CE,40.606771,14.476923,50.0,-30755.053,35754.424
PF19/0021/G620,CE,40.604865,14.472333,50.0,-30964.404,35364.821
PF04/0022/G620,CE,40.605247,14.454907,50.0,-30912.94,33890.833
PF05/0022/G620,CE,40.600963,14.458133,50.0,-31390.239,34160.812
PF06/0022/G620,CE,40.601664,14.461189,50.0,-31313.986,34419.826
PF07/0022/G620,CE,40.602555,14.466904,12.0,-31218.0,34904.0
PF08/0022/G620,CE,40.601252,14.469467,12.0,-31364.0,35120.0
PF03/0023/G620,CE,40.603815,14.481311,50.0,-31085.474,36123.736
PF05/0023/G620,CE,40.600239,14.490656,50.0,-31487.04,36912.083
PF06/0023/G620,CE,40.599914,14.482225,50.0,-31518.937,36198.533
PF08/0023/G620,CE,40.604959,14.482722,50.0,-30959.135,36243.845
PF02/0024/G620,CE,40.603662,14.499197,50.0,-31111.185,37636.869
PF03/0024/G620,CE,40.605172,14.496912,50.0,-30942.402,37444.491
PF04/0024/G620,CE,40.605939,14.491549,50.0,-30854.715,36991.253
PF06/0024/G620,CE,40.608943,14.499336,12.0,-30525.0,37652.0
PF07/0024/G620,CE,40.602553,14.49558,50.0,-31232.482,37330.132
PF08/0024/G620,CE,40.60467,14.494439,12.0,-30997.0,37235.0
PF50/0024/G620,CE,40.602184,14.498152,50.0,-31274.701,37547.564
PF01/0025/G620,CE,40.604522,14.47184,50.0,-31002.226,35322.945
PF02/0025/G620,CE,40.596157,14.461131,50.0,-31925.261,34411.186
PF03/0025/G620,CE,40.598077,14.459444,50.0,-31711.278,34269.755
PF04/0025/G620,CE,40.600439,14.463831,50.0,-31451.264,34642.578
PF05/0025/G620,CE,40.595555,14.464833,50.0,-31994.0,34724.0
PF01/0026/G620,CE,40.598472,14.484524,50.0,-31680.13,36392.127
PF02/0026/G620,CE,40.594929,14.485238,50.0,-32073.724,36450.2
PF09/0026/G620,CE,40.602953,14.475541,50.0,-31178.218,35635.0
PF10/0026/G620,CE,40.596634,14.480235,12.0,-31882.0,36028.0
PF11/0026/G620,CE,40.600681,14.478762,12.0,-31432.0,35906.0
PF03/0027/G620,CE,40.594496,14.487555,50.0,-32123.0,36646.0
PF04/0027/G620,CE,40.596614,14.48679,50.0,-31887.449,36582.644
PF06/0027/G620,CE,40.599472,14.494766,50.0,-31574.165,37259.362
PF07/0027/G620,CE,40.601012,14.492304,50.0,-31402.0,37052.0
PF08/0027/G620,CE,40.595135,14.491616,50.0,-32054.0,36990.0
PF09/0027/G620,CE,40.595399,14.500406,12.0,-32029.0,37734.0
PF02/0028/G620,CE,40.591728,14.476976,12.0,-32425.0,35749.0
PF01/0030/G620,CE,41.179951,14.468886,12.0,32877.8,35460.8
PF02/0030/G620,CE,41.179812,14.465316,50.0,32864.248,35161.3
PF03/0030/G620,CE,41.182295,14.467331,50.0,33138.878,35331.961
PF01/0001/G630,CE,41.055341,14.183596,12.0,19229.5,11402.5
PF02/0001/G630,CE,41.053042,14.182299,50.0,18975.287,11291.124
PF03/0001/G630,CE,41.045925,14.176253,50.0,18190.053,10775.579
PF04/0001/G630,CE,41.046386,14.172802,50.0,18244.0,10486.0
PF05/0001/G630,CE,41.052336,14.186043,12.0,18894.0,11605.0
PF01/0002/G630,CE,41.053045,14.194649,50.0,18966.0,12329.0
PF02/0002/G630,CE,41.055137,14.189816,12.0,19202.0,11925.0
PF04/0002/G630,CE,41.050554,14.192365,50.0,18691.195,12134.528
PF01/0003/G630,CE,41.03305,14.154726,12.0,16778.0,8952.5
PF02/0003/G630,CE,41.035143,14.164128,50.0,17002.796,9745.084
PF03/0003/G630,CE,41.039174,14.164409,12.0,17450.0,9773.0
PF05/0003/G630,CE,41.035868,14.15928,50.0,17087.189,9338.301
PF06/0003/G630,CE,41.037404,14.162286,50.0,17255.284,9592.608
PF07/0003/G630,CE,41.039471,14.1674,50.0,17480.635,10024.721
PF08/0003/G630,CE,41.055852,14.169756,50.0,19297.21,10240.02
PF09/0003/G630,CE,41.036996,14.166019,12.0,17207.0,9906.0
PF01/0004/G630,CE,41.035682,14.168647,9.0,17059.0,10125.5
PF04/0004/G630,CE,41.043611,14.175222,50.0,17933.921,10686.472
PF05/0004/G630,CE,41.041623,14.17679,10.0,17712.0,10816.2
PF06/0004/G630,CE,41.039185,14.176601,50.0,17441.568,10797.757
PF07/0004/G630,CE,41.038312,14.18188,50.0,17340.395,11240.562
PF08/0004/G630,CE,41.037157,14.177271,10.0,17215.8,10852.0
PF09/0004/G630,CE,41.036066,14.174398,10.0,17097.0,10609.3
PF12/0004/G630,CE,41.040546,14.173565,50.0,17595.0,10544.0
PF13/0004/G630,CE,41.038309,14.169935,50.0,17349.607,10236.507
PF14/0004/G630,CE,41.045041,14.172514,50.0,18094.83,10460.386
PF15/0004/G630,CE,41.041256,14.179617,50.0,17669.042,11053.442
PF01/0005/G630,CE,41.049304,14.182978,50.0,18559.817,11344.346
PF03/0005/G630,CE,41.04591,14.180988,10.0,18184.6,11173.5
PF05/0005/G630,CE,41.042397,14.182171,9.0,17793.7,11269.3
PF07/0005/G630,CE,41.03919,14.182975,10.0,17437.0,11333.5
PF08/0005/G630,CE,41.040605,14.186368,50.0,17591.421,11620.165
PF10/0005/G630,CE,41.037277,14.190192,50.0,17219.059,11938.232
PF11/0005/G630,CE,41.043044,14.185771,50.0,17862.68,11572.524
PF12/0005/G630,CE,41.037763,14.186355,50.0,17275.989,11616.147
PF14/0005/G630,CE,41.043545,14.189033,50.0,17915.773,11847.247
PF15/0005/G630,CE,41.045215,14.185079,50.0,18104.277,11516.642
PF16/0005/G630,CE,41.04958,14.187397,12.0,18587.0,11716.0
PF01/0006/G630,CE,41.049024,14.191408,50.0,18522.118,12052.47
PF01/0007/G630,CE,41.038539,14.195244,50.0,17355.154,12364.099
PF02/0007/G630,CE,41.035836,14.191587,12.0,17058.0,12054.0
PF03/0007/G630,CE,41.035259,14.194129,50.0,16991.917,12267.066
PF05/0007/G630,CE,41.043364,14.197658,50.0,17889.0,12572.0
PF06/0007/G630,CE,41.044737,14.195322,50.0,18043.174,12377.078
PF09/0007/G630,CE,41.040265,14.198898,50.0,17544.0,12673.0
PF10/0007/G630,CE,41.04081,14.207378,50.0,17597.917,13386.358
PF11/0007/G630,CE,41.037913,14.203875,12.0,17279.0,13089.0
PF13/0007/G630,CE,41.044114,14.201125,50.0,17969.534,12864.138
PF14/0007/G630,CE,41.038657,14.2087,50.0,17357.938,13495.315
PF15/0007/G630,CE,41.043625,14.192279,12.0,17922.099,12120.155
PF02/0008/G630,CE,41.024991,14.153173,50.0,15884.646,8813.219
PF04/0008/G630,CE,41.030209,14.147564,50.0,16468.532,8347.312
PF05/0008/G630,CE,41.02458,14.148219,50.0,15843.03,8396.294
PF13/0008/G630,CE,41.029479,14.143109,50.0,16391.12,7972.062
PF14/0008/G630,CE,41.031418,14.143319,50.0,16606.181,7991.782
PF15/0008/G630,CE,41.029389,14.145613,50.0,16379.035,8182.434
PF16/0008/G630,CE,41.031406,14.148919,50.0,16600.297,8462.516
PF18/0008/G630,CE,41.025685,14.152233,50.0,15962.473,8734.998
PF19/0008/G630,CE,41.026835,14.149378,50.0,16092.442,8496.148
PF20/0008/G630,CE,41.032893,14.151452,50.0,16763.288,8677.057
PF02/0009/G630,CE,41.027513,14.145998,50.0,16170.46,8212.736
PF03/0009/G630,CE,41.024761,14.145317,50.0,15865.569,8152.497
PF01/0010/G630,CE,41.029844,14.150285,50.0,16425.8,8575.697
PF02/0010/G630,CE,41.029434,14.155969,50.0,16375.633,9053.073
PF03/0010/G630,CE,41.029834,14.159323,50.0,16417.234,9335.483
PF04/0010/G630,CE,41.032421,14.162956,50.0,16701.579,9643.68
PF08/0010/G630,CE,41.026185,14.15671,50.0,16014.325,9111.925
PF12/0010/G630,CE,41.027984,14.151645,50.0,16218.207,8687.99
PF13/0010/G630,CE,41.030714,14.162095,50.0,16512.741,9569.461
PF14/0010/G630,CE,41.028768,14.162394,50.0,16296.41,9592.489
PF15/0010/G630,CE,41.032128,14.158302,50.0,16672.824,9252.103
PF16/0010/G630,CE,41.027355,14.154498,50.0,16146.034,8927.168
PF17/0010/G630,CE,41.024381,14.168558,50.0,15804.471,10106.054
PF18/0010/G630,CE,41.026775,14.159747,50.0,16077.384,9367.828
PF20/0010/G630,CE,41.03381,14.170588,50.0,16849.652,10286.668
PF21/0010/G630,CE,41.029728,14.153461,50.0,16410.276,8842.605
PF22/0010/G630,CE,41.030205,14.166034,12.0,16453.0,9900.0
PF01/0011/G630,CE,41.030754,14.203915,50.0,16484.237,13085.106
PF02/0011/G630,CE,41.030249,14.212187,50.0,16421.916,13779.939
PF03/0011/G630,CE,41.030367,14.208523,50.0,16437.807,13472.039
PF01/0012/G630,CE,41.035161,14.197449,12.0,16978.5,12546.0
PF02/0012/G630,CE,41.032339,14.209543,60.0,16655.913,13559.769
PF04/0012/G630,CE,41.036589,14.201971,60.0,17133.491,12927.581
PF05/0012/G630,CE,41.030818,14.212357,50.0,16484.92,13794.798
PF13/0012/G630,CE,41.033138,14.202446,12.0,16750.0,12964.0
PF02/0013/G630,CE,41.026207,14.212414,12.0,15973.0,13795.0
PF03/0013/G630,CE,41.024613,14.208426,50.0,15799.091,13458.149
PF06/0013/G630,CE,41.0268,14.208279,12.0,16042.0,13448.0
PF07/0013/G630,CE,41.025761,14.203843,12.0,15930.0,13074.0
PF01/0014/G630,CE,41.023981,14.142883,50.0,15780.92,7947.021
PF02/0014/G630,CE,41.026946,14.145801,10.0,16107.7,8195.6
PF04/0014/G630,CE,41.020755,14.143852,50.0,15422.044,8024.96
PF06/0014/G630,CE,41.018547,14.135593,10.0,15183.8,7328.2
PF08/0014/G630,CE,41.016967,14.141164,50.0,15003.734,7794.841
PF12/0014/G630,CE,41.018317,14.138858,50.0,15155.556,7602.404
PF14/0014/G630,CE,41.019066,14.14063,50.0,15237.144,7752.288
PF01/0015/G630,CE,41.017803,14.14839,50.0,15090.623,8403.312
PF02/0015/G630,CE,41.018225,14.150697,50.0,15135.542,8597.774
PF06/0015/G630,CE,41.016393,14.140601,50.0,14940.503,7746.882
PF07/0015/G630,CE,41.012117,14.145485,50.0,14461.729,8152.874
PF08/0015/G630,CE,41.01406,14.142437,50.0,14679.931,7898.696
PF09/0015/G630,CE,41.014892,14.146653,50.0,14768.808,8254.154
PF10/0015/G630,CE,41.0119,14.149399,50.0,14434.481,8481.78
PF11/0015/G630,CE,41.020884,14.147049,50.0,15433.741,8293.918
PF12/0015/G630,CE,41.008664,14.145971,12.0,14078.0,8190.0
PF02/0016/G630,CE,41.025804,14.152775,50.0,15975.204,8780.677
PF04/0016/G630,CE,41.020208,14.154498,50.0,15352.528,8919.537
PF05/0016/G630,CE,41.017794,14.15697,50.0,15082.617,9124.754
PF07/0016/G630,CE,41.011984,14.154262,50.0,14439.846,8890.797
PF08/0016/G630,CE,41.013261,14.161915,50.0,14575.384,9535.724
PF11/0016/G630,CE,41.016185,14.156258,50.0,14904.535,9063.177
PF13/0016/G630,CE,41.019441,14.151964,50.0,15269.548,8705.636
PF14/0016/G630,CE,41.022396,14.15286,50.0,15596.823,8784.14
PF15/0016/G630,CE,41.018082,14.154141,50.0,15116.867,8887.159
PF16/0016/G630,CE,41.010904,14.156656,12.0,14318.0,9091.0
PF17/0016/G630,CE,41.014961,14.158287,50.0,14767.004,9232.463
PF18/0016/G630,CE,41.023332,14.148871,50.0,15703.969,8449.793
PF19/0016/G630,CE,41.015236,14.154068,12.0,14801.0,8878.0
PF02/0017/G630,CE,41.023878,14.164091,10.0,15752.2,9730.0
PF03/0017/G630,CE,41.02207,14.16325,50.0,15552.2,9657.3
PF05/0017/G630,CE,41.022595,14.15587,50.0,15616.403,9037.433
PF08/0017/G630,CE,41.016592,14.159407,50.0,14947.188,9328.41
PF11/0017/G630,CE,41.018897,14.160695,50.0,15201.975,9439.171
PF12/0017/G630,CE,41.021893,14.159183,50.0,15535.851,9315.234
PF13/0017/G630,CE,41.024739,14.159522,50.0,15851.545,9346.716
PF02/0018/G630,CE,41.017699,14.168304,50.0,15062.91,10077.668
PF03/0018/G630,CE,41.012851,14.163278,50.0,14528.758,9649.902
PF04/0018/G630,CE,41.020975,14.169076,12.0,15426.0,10146.0
PF05/0018/G630,CE,41.016911,14.165048,12.0,14978.0,9803.0
PF01/0019/G630,CE,41.023376,14.172503,50.0,15689.767,10436.664
PF02/0019/G630,CE,40.984783,14.188329,50.0,11392.953,11727.406
PF03/0019/G630,CE,40.989013,14.187345,50.0,11863.245,11648.965
PF04/0019/G630,CE,41.025903,14.171583,12.0,15971.0,10362.0
PF05/0019/G630,CE,40.989986,14.19028,50.0,11969.026,11896.871
PF06/0019/G630,CE,41.014471,14.1783,50.0,14696.612,10914.723
PF07/0019/G630,CE,40.991655,14.192808,50.0,12152.302,12111.217
PF08/0019/G630,CE,40.993523,14.185763,50.0,12365.242,11520.605
PF09/0019/G630,CE,41.011382,14.177913,50.0,14354.0,10879.0
PF10/0019/G630,CE,40.988837,14.185071,50.0,11845.554,11457.518
PF01/0020/G630,CE,40.987914,14.207578,50.0,11725.601,13349.88
PF02/0020/G630,CE,41.00326,14.193815,50.0,13439.864,12207.806
PF01/0021/G630,CE,41.016583,14.138146,50.0,14963.633,7540.637
PF04/0021/G630,CE,41.011217,14.137013,50.0,14368.828,7439.496
PF05/0021/G630,CE,41.006876,14.134732,50.0,13888.838,7242.935
PF06/0021/G630,CE,41.008799,14.137162,50.0,14100.302,7449.359
PF07/0021/G630,CE,41.011204,14.139968,10.0,14365.0,7688.0
PF08/0021/G630,CE,41.016387,14.133222,50.0,14945.919,7126.386
PF09/0021/G630,CE,41.010504,14.130801,50.0,14294.931,6916.32
PF10/0021/G630,CE,41.008988,14.133367,50.0,14124.403,7130.461
PF11/0021/G630,CE,41.014683,14.135357,50.0,14754.949,7304.048
PF12/0021/G630,CE,41.012527,14.135004,12.0,14516.0,7272.0
PF13/0021/G630,CE,41.008896,14.140831,12.0,14108.0,7758.0
PF01/0022/G630,CE,41.003362,14.148893,32.0,13487.013,8429.987
PF03/0022/G630,CE,41.002948,14.154022,50.0,13436.908,8860.917
PF04/0022/G630,CE,41.01005,14.162745,50.0,14218.18,9602.066
PF05/0022/G630,CE,41.010194,14.152729,50.0,14242.372,8759.975
PF06/0022/G630,CE,41.011375,14.15705,50.0,14369.922,9124.586
PF07/0022/G630,CE,41.003623,14.160402,50.0,13506.619,9398.162
PF08/0022/G630,CE,41.006944,14.154067,12.0,13880.5,8869.0
PF11/0022/G630,CE,41.008975,14.144207,12.0,14114.0,8042.0
PF12/0022/G630,CE,41.003519,14.142627,50.0,13509.639,7903.213
PF13/0022/G630,CE,41.005845,14.143617,50.0,13767.0,7989.0
PF14/0022/G630,CE,41.006923,14.146921,12.0,13884.0,8268.0
PF15/0022/G630,CE,40.996679,14.160409,50.0,12735.725,9391.349
PF01/0023/G630,CE,41.012503,14.169088,50.0,14485.464,10138.076
PF03/0023/G630,CE,41.008453,14.1628,50.0,14040.845,9605.022
PF04/0023/G630,CE,41.006149,14.162265,50.0,13785.599,9557.538
PF06/0023/G630,CE,41.011931,14.17397,12.0,14418.0,10548.0
PF02/0024/G630,CE,41.007998,14.177073,50.0,13978.922,10804.81
PF03/0024/G630,CE,40.979807,14.199118,50.0,10832.203,12629.959
PF04/0024/G630,CE,41.008468,14.173526,50.0,14034.0,10507.0
PF05/0024/G630,CE,40.988585,14.20063,50.0,11805.41,12766.088
PF06/0024/G630,CE,40.980628,14.206389,50.0,10917.754,13242.51
PF01/0025/G630,CE,40.995026,14.138669,8.0,12570.0,7561.0
PF02/0025/G630,CE,41.000013,14.151316,50.0,13113.217,8630.173
PF07/0025/G630,CE,41.001518,14.152555,50.0,13279.303,8736.003
PF08/0025/G630,CE,40.996539,14.150883,50.0,12728.0,8590.0
PF02/0026/G630,CE,40.995499,14.155699,50.0,12608.613,8993.97
PF04/0026/G630,CE,40.997932,14.153998,50.0,12880.03,8853.462
PF05/0026/G630,CE,40.999455,14.156245,50.0,13047.256,9044.093
PF06/0026/G630,CE,41.000505,14.159768,50.0,13161.021,9341.538
PF02/0027/G630,CE,40.996139,14.166385,50.0,12671.038,9893.463
PF03/0027/G630,CE,40.994324,14.164867,50.0,12470.688,9763.841
PF04/0027/G630,CE,40.999354,14.165714,50.0,13028.428,9840.42
PF05/0027/G630,CE,40.995131,14.161845,60.0,12562.71,9510.458
PF07/0027/G630,CE,41.00262,14.167646,50.0,13389.485,10006.313
PF08/0027/G630,CE,41.002382,14.164264,50.0,13365.743,9721.672
PF09/0027/G630,CE,40.829102,14.198066,50.0,-5896.988,12388.081
PF10/0027/G630,CE,40.993151,14.168052,50.0,12337.91,10030.473
PF11/0027/G630,CE,40.998989,14.168593,50.0,12985.596,10082.137
PF12/0027/G630,CE,40.997382,14.163296,50.0,12811.468,9634.898
PF03/0028/G630,CE,41.001136,14.170929,50.0,13222.038,10280.853
PF04/0028/G630,CE,40.992847,14.172069,12.0,12301.0,10368.0
PF01/0001/G661,CE,40.992223,14.436755,60.0,12054.334,32631.127
PF03/0001/G661,CE,41.000193,14.315406,50.0,13012.0,22431.0
PF04/0001/G661,CE,40.996384,14.425459,50.0,12522.498,31684.036
PF05/0001/G661,CE,40.994178,14.428839,50.0,12275.71,31966.725
PF06/0001/G661,CE,41.001816,14.431749,12.0,13122.0,32217.0
PF07/0001/G661,CE,40.996079,14.430229,12.0,12486.0,32085.0
PF01/0002/G661,CE,40.995552,14.418573,50.0,12433.938,31104.215
PF06/0003/G661,CE,40.987139,14.454729,50.0,11480.388,34139.472
PF08/0003/G661,CE,40.991988,14.443599,50.0,12024.577,33206.62
PF10/0003/G661,CE,40.993321,14.446962,50.0,12170.717,33490.457
PF12/0003/G661,CE,40.990871,14.44581,50.0,11899.317,33391.841
PF13/0003/G661,CE,40.991952,14.438664,50.0,12023.244,32791.498
PF14/0003/G661,CE,40.988181,14.452338,50.0,11597.329,33939.041
PF15/0003/G661,CE,40.995126,14.432594,50.0,12378.862,32283.254
PF16/0003/G661,CE,40.995966,14.447829,50.0,12463.848,33565.247
PF18/0003/G661,CE,40.989643,14.45651,50.0,11757.402,34291.027
PF19/0003/G661,CE,40.99029,14.449395,12.0,11833.0,33693.0
PF02/0004/G661,CE,40.993445,14.450496,50.0,12182.628,33787.788
PF03/0004/G661,CE,40.992452,14.462383,50.0,12066.153,34786.983
PF01/0005/G661,CE,40.988739,14.458833,50.0,11655.788,34485.841
PF02/0005/G661,CE,40.986893,14.46139,50.0,11449.54,34699.644
PF05/0005/G661,CE,40.985007,14.464585,50.0,11238.513,34967.077
PF06/0005/G661,CE,40.984167,14.467379,50.0,11143.856,35201.594
PF08/0005/G661,CE,40.984834,14.464055,50.0,11219.559,34922.401
PF09/0005/G661,CE,40.981375,14.466375,50.0,10834.401,35115.268
PF10/0005/G661,CE,40.984827,14.46147,50.0,11220.176,34704.952
PF04/0006/G661,CE,40.984376,14.459301,50.0,11171.28,34522.178
PF05/0006/G661,CE,40.985692,14.46065,50.0,11316.583,34636.578
PF06/0006/G661,CE,40.986242,14.457237,50.0,11379.471,34349.838
PF01/0007/G661,CE,40.982743,14.462873,50.0,10988.115,34821.588
PF06/0007/G661,CE,40.980064,14.465983,50.0,10689.052,35081.33
PF02/0008/G661,CE,40.985299,14.426349,50.0,11291.37,31750.842
PF03/0008/G661,CE,40.898144,14.423307,50.0,1617.859,31431.057
PF04/0008/G661,CE,40.982406,14.424014,50.0,10971.505,31552.255
PF03/0009/G661,CE,40.98614,14.43486,50.0,11380.033,32467.402
PF04/0009/G661,CE,40.984752,14.43285,50.0,11227.134,32297.325
PF05/0009/G661,CE,40.990388,14.439586,50.0,11849.103,32868.008
PF07/0009/G661,CE,40.983831,14.429752,50.0,11126.528,32036.05
PF08/0009/G661,CE,40.982201,14.43543,50.0,10942.449,32512.524
PF10/0009/G661,CE,40.988936,14.435096,50.0,11690.376,32489.254
PF11/0009/G661,CE,40.980382,14.429324,50.0,10743.908,31997.492
PF04/0010/G661,CE,40.98421,14.441921,10.0,11162.0,33060.0
PF05/0010/G661,CE,40.982921,14.439641,50.0,11020.115,32867.306
PF06/0010/G661,CE,40.984703,14.443703,50.0,11215.763,33210.236
PF07/0010/G661,CE,40.985861,14.440485,50.0,11346.07,32940.368
PF08/0010/G661,CE,40.987728,14.446707,50.0,11550.021,33465.093
PF10/0010/G661,CE,40.985227,14.449324,50.0,11270.941,33683.488
PF02/0011/G661,CE,40.979815,14.447076,50.0,10671.295,33490.571
PF04/0011/G661,CE,40.976934,14.443936,50.0,10353.174,33224.326
PF05/0011/G661,CE,40.976283,14.45028,50.0,10277.601,33757.657
PF08/0011/G661,CE,40.979479,14.456377,50.0,10629.161,34272.816
PF09/0011/G661,CE,40.980142,14.454199,50.0,10703.932,34090.067
PF10/0011/G661,CE,40.978056,14.453609,50.0,10472.583,34038.927
PF11/0011/G661,CE,40.979691,14.44437,50.0,10659.007,33262.808
PF12/0011/G661,CE,40.98292,14.446131,50.0,11016.51,33413.23
PF13/0011/G661,CE,40.98173,14.451458,50.0,10881.643,33860.586
PF15/0011/G661,CE,40.977962,14.441528,50.0,10468.587,33022.477
PF05/0012/G661,CE,40.979765,14.463114,50.0,10657.323,34839.829
PF06/0012/G661,CE,40.979909,14.457166,50.0,10676.451,34339.52
PF07/0012/G661,CE,40.981214,14.458953,50.0,10820.343,34490.71
PF08/0012/G661,CE,40.979249,14.460244,50.0,10601.578,34598.002
PF09/0012/G661,CE,40.978047,14.464741,50.0,10465.834,34975.472
PF11/0012/G661,CE,40.983508,14.454272,50.0,11077.501,34098.522
PF13/0012/G661,CE,40.984477,14.456565,50.0,11183.828,34292.126
PF15/0012/G661,CE,40.982108,14.456014,50.0,10921.127,34244.069
PF01/0013/G661,CE,40.975343,14.118908,50.0,10401.578,5876.833
PF03/0013/G661,CE,40.968084,14.412382,50.0,9388.091,30563.041
PF04/0013/G661,CE,40.967587,14.414869,50.0,9331.604,30771.907
PF05/0013/G661,CE,40.969781,14.413377,12.0,9576.0,30648.0
PF06/0013/G661,CE,40.977834,14.424003,12.0,10464.0,31548.0
PF07/0013/G661,CE,40.979414,14.419259,12.0,10642.0,31150.0
PF08/0013/G661,CE,40.971918,14.420809,50.0,9808.977,31274.913
PF02/0014/G661,CE,40.975583,14.428118,50.0,10211.765,31892.526
PF03/0014/G661,CE,40.974791,14.440309,50.0,10117.289,32917.681
PF05/0014/G661,CE,40.976343,14.437664,50.0,10290.93,32696.218
PF06/0014/G661,CE,40.972642,14.439518,50.0,9879.109,32849.576
PF09/0014/G661,CE,40.976666,14.431834,12.0,10330.0,32206.0
PF10/0014/G661,CE,40.973795,14.436019,12.0,10009.0,32556.0
PF01/0015/G661,CE,40.966041,14.421439,50.0,9156.266,31323.577
PF04/0015/G661,CE,40.971964,14.429305,50.0,9809.421,31989.764
PF05/0015/G661,CE,40.964232,14.434128,50.0,8948.404,32390.011
PF06/0015/G661,CE,40.966161,14.433518,50.0,9162.902,32340.136
PF08/0015/G661,CE,40.964923,14.427047,50.0,9029.037,31794.653
PF10/0015/G661,CE,40.969428,14.436141,50.0,9524.204,32563.142
PF12/0015/G661,CE,40.972778,14.425734,50.0,9901.706,31689.9
PF14/0015/G661,CE,40.966412,14.437043,50.0,9188.89,32636.882
PF16/0015/G661,CE,40.969135,14.422994,50.0,9498.873,31456.701
PF17/0015/G661,CE,40.972383,14.432912,50.0,9853.949,32293.627
PF18/0015/G661,CE,40.969581,14.427177,12.0,9546.0,31809.0
PF19/0015/G661,CE,40.966952,14.427206,50.0,9254.209,31809.536
PF02/0016/G661,CE,40.971132,14.450647,70.0,9705.522,33784.949
PF03/0016/G661,CE,40.975231,14.45011,50.0,10160.855,33742.577
PF06/0016/G661,CE,40.967338,14.448841,50.0,9285.365,33630.309
PF08/0016/G661,CE,40.972521,14.436476,50.0,9867.275,32593.566
PF12/0016/G661,CE,40.973309,14.451785,50.0,9946.59,33882.175
PF14/0016/G661,CE,40.971979,14.445766,50.0,9802.15,33374.838
PF15/0016/G661,CE,40.967842,14.438551,50.0,9346.821,32764.828
PF17/0016/G661,CE,40.971348,14.441857,50.0,9734.255,33045.52
PF18/0016/G661,CE,40.966122,14.445758,12.0,9152.0,33370.0
PF02/0017/G661,CE,40.974222,14.459208,60.0,10044.078,34507.38
PF03/0017/G661,CE,40.975899,14.461865,50.0,10228.889,34732.066
PF04/0017/G661,CE,40.97244,14.460935,70.0,9845.336,34651.414
PF07/0017/G661,CE,40.968403,14.451641,50.0,9402.055,33866.639
PF08/0017/G661,CE,40.964844,14.455038,50.0,9005.203,34150.024
PF10/0017/G661,CE,40.976945,14.456313,50.0,10347.842,34265.672
PF11/0017/G661,CE,40.976107,14.453162,50.0,10256.505,34000.032
PF12/0017/G661,CE,40.975015,14.455055,70.0,10134.248,34158.496
PF14/0017/G661,CE,40.973584,14.462921,60.0,9971.331,34819.351
PF16/0017/G661,CE,40.96429,14.452935,50.0,8944.749,33972.712
PF17/0017/G661,CE,40.96698,14.455507,12.0,9242.0,34191.0
PF18/0017/G661,CE,40.969376,14.459367,70.0,9506.053,34517.433
PF19/0017/G661,CE,40.971957,14.454393,70.0,9795.198,34100.706
PF02/0018/G661,CE,40.960159,14.444661,50.0,8490.641,33273.493
PF03/0018/G661,CE,40.960046,14.447027,50.0,8476.819,33472.537
PF04/0018/G661,CE,40.963246,14.450941,50.0,8829.961,33804.12
PF07/0018/G661,CE,40.965741,14.441518,50.0,9111.994,33012.955
PF08/0018/G661,CE,40.963295,14.446656,50.0,8837.709,33443.649
PF09/0018/G661,CE,40.961588,14.438799,50.0,8652.338,32781.248
PF01/0019/G661,CE,40.961613,14.419532,50.0,8665.7,31159.903
PF02/0019/G661,CE,40.960411,14.42343,50.0,8530.148,31487.016
PF03/0019/G661,CE,40.959165,14.419651,50.0,8393.902,31168.083
PF05/0019/G661,CE,40.964533,14.41519,50.0,8992.339,30796.648
PF07/0019/G661,CE,40.967337,14.415383,50.0,9303.523,30814.993
PF09/0019/G661,CE,40.966616,14.412656,12.0,9225.0,30585.0
PF10/0019/G661,CE,40.962965,14.412071,50.0,8820.0,30533.0
PF11/0019/G661,CE,40.962367,14.426274,50.0,8745.734,31727.77
PF01/0020/G661,CE,40.957989,14.427467,50.0,8259.062,31825.017
PF02/0020/G661,CE,40.952718,14.411339,50.0,7682.87,30463.775
PF03/0020/G661,CE,40.953522,14.414134,50.0,7770.64,30699.575
PF05/0020/G661,CE,40.952315,14.419627,12.0,7633.5,31161.0
PF06/0020/G661,CE,40.952463,14.423012,12.0,7648.0,31446.0
PF07/0020/G661,CE,40.955262,14.417808,50.0,7961.704,31010.069
PF08/0020/G661,CE,40.956736,14.423664,50.0,8122.0,31504.0
PF09/0020/G661,CE,40.94957,14.418254,70.0,7329.547,31043.407
PF01/0021/G661,CE,40.961793,14.42966,50.0,8680.095,32012.3
PF04/0021/G661,CE,40.95598,14.429329,50.0,8035.025,31980.2
PF06/0021/G661,CE,40.95548,14.42713,50.0,7980.663,31794.784
PF07/0021/G661,CE,40.95282,14.433178,50.0,7682.115,32301.897
PF09/0021/G661,CE,40.951158,14.426635,50.0,7501.193,31749.998
PF10/0021/G661,CE,40.949083,14.425441,12.0,7271.5,31648.0
PF11/0021/G661,CE,40.958003,14.433459,50.0,8257.301,32329.251
PF12/0021/G661,CE,40.950388,14.429743,12.0,7414.0,32011.0
PF01/0022/G661,CE,40.960763,14.435377,50.0,8562.634,32492.625
PF02/0022/G661,CE,40.949672,14.438039,50.0,7330.027,32708.731
PF03/0022/G661,CE,40.954326,14.444242,50.0,7843.288,33234.137
PF04/0022/G661,CE,40.953702,14.439002,50.0,7776.796,32792.673
PF06/0022/G661,CE,40.949676,14.439237,50.0,7329.75,32809.625
PF08/0022/G661,CE,40.957966,14.442969,50.0,8248.011,33129.589
PF10/0022/G661,CE,40.957313,14.436996,50.0,8178.821,32626.453
PF11/0022/G661,CE,40.951296,14.436697,12.0,7511.0,32597.0
PF12/0022/G661,CE,40.948138,14.435619,12.0,7161.0,32504.0
PF01/0023/G661,CE,40.946392,14.411707,12.0,6980.5,30490.0
PF02/0023/G661,CE,40.944242,14.407156,50.0,6744.399,30105.336
PF03/0023/G661,CE,40.942837,14.41054,50.0,6586.512,30389.151
PF04/0023/G661,CE,40.948795,14.408801,70.0,7248.891,30247.238
PF06/0023/G661,CE,40.947145,14.413637,50.0,7063.0,30653.0
PF07/0023/G661,CE,40.945504,14.416835,12.0,6879.0,30921.0
PF02/0024/G661,CE,40.947447,14.432424,50.0,7086.076,32234.551
PF03/0024/G661,CE,40.946385,14.429397,50.0,6969.788,31979.014
PF05/0024/G661,CE,40.942907,14.423564,50.0,6586.89,31485.499
PF06/0024/G661,CE,40.943976,14.42646,12.0,6704.0,31730.0
PF07/0024/G661,CE,40.944918,14.432649,50.0,6805.139,32251.707
PF01/0025/G661,CE,40.941635,14.405251,10.0,6456.0,29943.0
PF02/0025/G661,CE,40.944305,14.406047,12.0,6752.0,30012.0
PF04/0025/G661,CE,40.93752,14.404844,50.0,5999.503,29905.641
PF05/0025/G661,CE,40.93994,14.398875,50.0,6271.559,29405.018
PF01/0026/G661,CE,40.939242,14.411673,50.0,6186.68,30481.8
PF03/0026/G661,CE,40.941985,14.413801,12.0,6490.0,30663.0
PF04/0026/G661,CE,40.935913,14.41294,50.0,5816.507,30585.967
PF06/0026/G661,CE,40.937417,14.409379,50.0,5985.439,30287.339
PF01/0027/G661,CE,40.932467,14.083634,50.0,5672.311,2859.174
PF02/0027/G661,CE,40.936795,14.390981,12.0,5927.0,28738.0
PF03/0027/G661,CE,40.932985,14.389504,50.0,5504.971,28610.755
PF02/0028/G661,CE,40.933483,14.399957,50.0,5554.176,29491.175
PF01/0029/G661,CE,40.932624,14.404797,50.0,5456.0,29898.0
PF04/0031/G661,CE,40.933314,14.383446,12.0,5545.0,28101.0
PF05/0031/G661,CE,40.9324,14.38608,12.0,5442.0,28322.0
PF01/0032/G661,CE,40.926674,14.380016,12.0,4810.0,27807.0
PF02/0032/G661,CE,40.929038,14.373996,12.0,5076.0,27302.0
PF02/0033/G661,CE,40.923378,14.386935,12.0,4440.0,28387.0
PF03/0033/G661,CE,40.928502,14.381794,50.0,5011.819,27958.116
PF05/0033/G661,CE,40.929333,14.386031,50.0,5101.576,28315.545
PF06/0033/G661,CE,40.925945,14.391151,50.0,4722.436,28743.968
PF01/0034/G661,CE,40.921243,14.393629,12.0,4199.0,28949.0
PF02/0034/G661,CE,40.927285,14.397038,50.0,4867.764,29240.682
PF03/0034/G661,CE,40.924461,14.395868,50.0,4555.0,29140.0
PF02/0002/G849,CE,41.014504,14.541377,12.0,14476.241,41444.225
PF03/0003/G849,CE,41.019842,14.543678,50.0,15067.9,41640.874
PF05/0003/G849,CE,41.023921,14.545293,12.0,15520.0,41779.0
PF02/0004/G849,CE,41.01855,14.546469,10.0,14923.2,41874.8
PF03/0004/G849,CE,41.019131,14.550005,50.0,14986.202,42172.419
PF04/0004/G849,CE,41.022554,14.550393,12.0,15366.0,42207.0
PF05/0004/G849,CE,41.017712,14.544125,10.0,14831.2,41677.2
PF07/0004/G849,CE,41.015241,14.547823,50.0,14555.227,41986.665
PF08/0004/G849,CE,41.023052,14.548138,50.0,15422.236,42017.689
PF10/0004/G849,CE,41.02065,14.549071,50.0,15155.257,42094.73
PF11/0004/G849,CE,41.023952,14.549889,50.0,15521.399,42165.396
PF12/0004/G849,CE,41.017787,14.547048,50.0,14838.288,41923.041
PF13/0004/G849,CE,41.016125,14.545245,50.0,14654.566,41770.462
PF15/0004/G849,CE,41.021255,14.552103,12.0,15221.0,42350.0
PF02/0005/G849,CE,41.007495,14.538227,50.0,13699.606,41175.268
PF03/0005/G849,CE,41.014034,14.54535,50.0,14422.332,41778.084
PF05/0005/G849,CE,41.006684,14.543538,50.0,13607.221,41621.451
PF06/0005/G849,CE,41.014188,14.535132,12.0,14444.0,40919.0
PF07/0005/G849,CE,41.011376,14.543798,50.0,14128.0,41646.0
PF09/0005/G849,CE,41.012133,14.537642,50.0,14214.689,41128.829
PF10/0005/G849,CE,41.010061,14.539789,50.0,13983.806,41308.162
PF03/0006/G849,CE,41.007098,14.545547,50.0,13652.272,41790.627
PF05/0006/G849,CE,41.011933,14.546741,50.0,14188.5,41893.809
PF06/0006/G849,CE,41.008946,14.546514,12.0,13857.0,41873.0
PF01/0007/G849,CE,41.004671,14.541441,50.0,13384.684,41443.93
PF03/0007/G849,CE,41.005487,14.538225,50.0,13476.704,41173.96
PF04/0007/G849,CE,41.002744,14.538703,12.0,13172.0,41212.5
PF05/0007/G849,CE,41.00777,14.533314,50.0,13732.292,40762.258
PF06/0007/G849,CE,40.994305,14.526962,50.0,12240.373,40220.026
PF07/0007/G849,CE,41.009895,14.537265,50.0,13966.472,41095.801
PF01/0008/G849,CE,40.996025,14.527386,50.0,12431.202,40256.686
PF02/0008/G849,CE,40.999303,14.527378,50.0,12795.058,40258.0
PF05/0008/G849,CE,40.996866,14.528519,10.0,12524.0,40352.5
PF07/0008/G849,CE,40.997728,14.525617,12.0,12621.0,40109.0
PF08/0008/G849,CE,40.996499,14.531437,50.0,12481.984,40597.741
PF01/0009/G849,CE,40.558981,14.527854,50.0,-36084.359,40034.847
PF02/0009/G849,CE,40.997297,14.523263,50.0,12574.302,39910.695
PF04/0009/G849,CE,40.990346,14.535411,50.0,11797.097,40928.311
PF05/0009/G849,CE,40.993347,14.537568,50.0,12129.314,41111.527
PF06/0009/G849,CE,40.994703,14.54021,50.0,12278.606,41334.52
PF07/0009/G849,CE,40.998169,14.536959,70.0,12664.835,41063.118
PF02/0010/G849,CE,41.003308,14.543809,70.0,13232.274,41642.268
PF03/0010/G849,CE,41.00034,14.543386,70.0,12903.0,41605.0
PF04/0010/G849,CE,40.995431,14.544823,70.0,12357.478,41722.956
PF05/0011/G849,CE,40.997757,14.553189,50.0,12612.0,42428.0
PF07/0011/G849,CE,40.545774,14.552286,50.0,-37561.168,42095.817
PF08/0011/G849,CE,40.998629,14.545836,12.0,12712.0,41810.0
PF09/0011/G849,CE,40.546246,14.561635,50.0,-37512.798,42887.719
PF01/0012/G849,CE,40.992328,14.52282,50.0,12022.901,39870.45
PF03/0012/G849,CE,40.989316,14.517106,50.0,11691.162,39387.934
PF04/0012/G849,CE,40.986872,14.516791,50.0,11420.0,39360.0
PF05/0012/G849,CE,40.983167,14.51815,12.0,11008.0,39472.0
PF06/0012/G849,CE,40.983621,14.521853,50.0,11056.677,39783.767
PF01/0013/G849,CE,40.99406,14.533442,50.0,12210.319,40764.885
PF02/0013/G849,CE,40.991939,14.532316,50.0,11975.379,40668.956
PF07/0013/G849,CE,40.989121,14.531071,50.0,11663.126,40562.528
PF08/0013/G849,CE,40.990211,14.532532,50.0,11783.442,40686.103
PF10/0013/G849,CE,40.98897,14.526842,50.0,11648.283,40206.721
PF13/0013/G849,CE,40.991328,14.523462,50.0,11911.553,39923.826
PF14/0013/G849,CE,40.986976,14.527356,50.0,11426.632,40248.802
PF15/0013/G849,CE,40.98692,14.521918,50.0,11422.873,39791.314
PF01/0014/G849,CE,40.987082,14.537775,8.0,11433.68,41125.26
PF04/0014/G849,CE,40.985801,14.540135,50.0,11290.426,41323.015
PF06/0014/G849,CE,40.983247,14.543971,50.0,11005.255,41644.27
PF07/0014/G849,CE,40.982197,14.549292,50.0,10886.332,42091.267
PF08/0014/G849,CE,40.984495,14.546821,50.0,11142.534,41884.698
PF09/0014/G849,CE,40.988328,14.546846,12.0,11568.0,41889.0
PF10/0014/G849,CE,40.988518,14.540246,50.0,11592.0,41334.0
PF11/0014/G849,CE,40.990957,14.54212,50.0,11862.0,41493.0
PF12/0014/G849,CE,40.992392,14.546956,50.0,12019.175,41900.631
PF01/0015/G849,CE,40.538439,14.555188,8.0,-38376.64,42337.49
PF03/0015/G849,CE,40.553548,14.566309,50.0,-36704.189,43287.484
PF04/0015/G849,CE,40.987306,14.554396,50.0,11451.293,42523.548
PF05/0015/G849,CE,40.997095,14.55614,50.0,12537.221,42675.788
PF07/0015/G849,CE,40.992288,14.553612,50.0,12004.709,42460.397
PF08/0015/G849,CE,40.986671,14.559982,12.0,11378.47,42993.087
PF09/0015/G849,CE,40.996552,14.559672,50.0,12475.463,42972.522
PF10/0015/G849,CE,40.99374,14.560398,12.0,12163.0,43032.0
PF01/0017/G849,CE,40.987446,14.528069,50.0,11478.498,40309.002
PF02/0017/G849,CE,40.986293,14.530054,50.0,11349.609,40475.318
PF06/0017/G849,CE,40.98244,14.536085,50.0,10919.105,40980.373
PF15/0017/G849,CE,40.981304,14.535046,50.0,10793.49,40892.293
PF16/0017/G849,CE,40.98207,14.53728,50.0,10877.594,41080.672
PF18/0017/G849,CE,40.987809,14.536351,50.0,11515.049,41005.921
PF20/0017/G849,CE,40.984,14.533057,50.0,11093.637,40726.549
PF21/0017/G849,CE,40.985094,14.541458,50.0,11211.41,41433.964
PF22/0017/G849,CE,40.983245,14.54053,50.0,11006.526,41354.774
PF23/0017/G849,CE,40.981374,14.542305,50.0,10798.0,41503.0
PF24/0017/G849,CE,40.984537,14.537201,50.0,11151.464,41075.467
PF25/0017/G849,CE,40.98234,14.528875,50.0,10911.269,40373.795
PF26/0017/G849,CE,40.985066,14.525094,50.0,11215.628,40057.306
PF27/0017/G849,CE,40.986696,14.533325,50.0,11392.855,40750.697
PF01/0018/G849,CE,40.975426,14.553208,50.0,10133.044,42416.904
PF02/0018/G849,CE,40.985905,14.561439,12.0,11292.8,43115.2
PF06/0018/G849,CE,40.982069,14.554509,50.0,10869.941,42530.126
PF07/0018/G849,CE,40.986025,14.55062,50.0,11310.777,42205.169
PF08/0018/G849,CE,40.972993,14.564622,50.0,9858.029,43375.839
PF09/0018/G849,CE,40.977135,14.552535,50.0,10323.063,42361.248
PF04/0019/G849,CE,40.978688,14.527525,50.0,10506.5,40258.0
PF05/0019/G849,CE,40.976937,14.523792,12.0,10313.823,39942.92
PF06/0019/G849,CE,40.975784,14.525537,12.0,10185.0,40089.0
PF07/0019/G849,CE,40.979345,14.52152,50.0,10582.2,39753.188
PF08/0019/G849,CE,40.981176,14.524666,12.0,10784.0,40019.0
PF02/0020/G849,CE,40.980628,14.53465,50.0,10718.632,40858.613
PF03/0020/G849,CE,40.979325,14.538632,50.0,10572.203,41192.805
PF05/0020/G849,CE,40.979056,14.530881,50.0,10545.86,40540.532
PF02/0021/G849,CE,40.973018,14.540984,9.0,9871.0,41387.0
PF03/0021/G849,CE,40.976343,14.530083,9.0,10245.0,40471.8
PF04/0021/G849,CE,40.974769,14.542389,50.0,10064.817,41506.254
PF06/0021/G849,CE,40.977857,14.534559,50.0,10411.03,40849.245
PF07/0021/G849,CE,40.971037,14.53428,50.0,9654.085,40821.756
PF09/0021/G849,CE,40.972429,14.544022,50.0,9804.31,41642.239
PF50/0021/G849,CE,40.970655,14.533489,12.0,9612.0,40755.0
PF04/0022/G849,CE,40.971076,14.547496,50.0,9652.542,41933.828
PF05/0022/G849,CE,40.968851,14.546157,50.0,9406.18,41819.803
PF10/0022/G849,CE,40.978614,14.542713,50.0,10491.491,41535.753
PF12/0022/G849,CE,40.979197,14.545476,50.0,10554.991,41768.552
PF01/0023/G849,CE,40.967343,14.526703,12.0,9247.5,40182.0
PF01/0024/G849,CE,40.970644,14.542455,50.0,9606.826,41509.367
PF03/0024/G849,CE,40.968076,14.54509,50.0,9320.591,41729.578
PF04/0024/G849,CE,40.966489,14.541052,50.0,9146.175,41388.917
PF05/0024/G849,CE,40.965853,14.54474,50.0,9073.999,41698.91
PF07/0024/G849,CE,40.964238,14.545744,50.0,8894.268,41782.442
PF08/0024/G849,CE,40.966514,14.53804,50.0,9150.338,41135.501
PF09/0024/G849,CE,40.970036,14.539372,50.0,9540.65,41249.638
PF01/0025/G849,CE,40.964102,14.541107,50.0,8881.226,41392.176
PF04/0025/G849,CE,40.954064,14.540507,50.0,7767.176,41335.825
PF06/0025/G849,CE,40.961894,14.543438,50.0,8635.0,41587.0
PF08/0025/G849,CE,40.957023,14.541801,50.0,8095.005,41446.389
PF09/0025/G849,CE,40.960977,14.53269,12.0,8538.0,40682.0
PF11/0025/G849,CE,40.959324,14.543342,50.0,8349.745,41577.453
PF01/0026/G849,CE,40.957862,14.549382,50.0,8184.824,42084.91
PF02/0026/G849,CE,40.955304,14.551385,12.0,7900.0,42252.0
PF03/0026/G849,CE,40.957709,14.552444,12.0,8166.5,42342.5
PF04/0026/G849,CE,40.953521,14.547501,50.0,7703.788,41924.114
PF05/0026/G849,CE,40.961772,14.547647,50.0,8619.665,41941.162
PF06/0026/G849,CE,40.954463,14.550287,70.0,7807.173,42159.123
PF07/0026/G849,CE,40.956646,14.546371,70.0,8051.142,41830.803
PF09/0026/G849,CE,40.953384,14.544197,12.0,7690.0,41646.0
PF01/0027/G849,CE,40.964102,14.556453,12.0,8874.5,42683.5
PF02/0027/G849,CE,40.521964,14.565196,50.0,-40209.584,43176.01
PF03/0027/G849,CE,40.965826,14.555959,32.0,9066.069,42642.891
PF04/0027/G849,CE,40.968149,14.553574,50.0,9325.019,42443.535
PF05/0027/G849,CE,40.954226,14.558035,50.0,7777.511,42811.106
PF06/0027/G849,CE,40.966829,14.550396,50.0,9179.834,42175.381
PF07/0027/G849,CE,40.956612,14.554168,12.0,8044.0,42487.0
PF01/0028/G849,CE,40.94697,14.543421,50.0,6978.328,41576.97
PF02/0028/G849,CE,40.947947,14.540422,12.0,7088.1,41325.1
PF02/0029/G849,CE,40.873378,14.059145,50.0,-865.382,726.842
PF03/0029/G849,CE,40.948718,14.551287,50.0,7168.958,42240.019
PF04/0029/G849,CE,40.945438,14.555953,50.0,6802.808,42630.908
PF05/0029/G849,CE,40.871507,14.0637,50.0,-1077.215,1108.44
PF06/0029/G849,CE,40.87439,14.065678,50.0,-758.912,1278.538
PF09/0029/G849,CE,40.951406,14.545102,12.0,7470.0,41721.0
PF02/0030/G849,CE,40.94805,14.558003,50.0,7091.854,42804.956
PF03/0030/G849,CE,40.952501,14.548146,70.0,7590.277,41977.857
PF04/0030/G849,CE,40.952139,14.557632,50.0,7546.005,42775.997
PF05/0032/G849,CE,40.936263,14.556223,50.0,5784.193,42648.479
PF08/0032/G849,CE,40.876031,14.05807,50.0,-569.882,639.419
PF09/0032/G849,CE,40.939118,14.555278,12.0,6101.5,42570.5
PF11/0032/G849,CE,40.941508,14.556166,50.0,6366.489,42646.623
PF12/0032/G849,CE,40.934218,14.557024,50.0,5556.845,42714.698
PF13/0032/G849,CE,40.93358,14.554001,50.0,5487.304,42459.875
PF14/0032/G849,CE,40.878847,14.061623,50.0,-260.466,942.153
PF15/0032/G849,CE,40.939836,14.558606,50.0,6179.77,42851.084
PF01/0033/G849,CE,40.939826,14.562093,50.0,6177.274,43144.599
PF02/0033/G849,CE,40.945199,14.562293,50.0,6773.64,43164.436
PF03/0033/G849,CE,40.941691,14.562141,50.0,6384.237,43149.668
PF06/0033/G849,CE,40.942418,14.568924,50.0,6462.153,43721.036
PF07/0033/G849,CE,40.944341,14.565388,12.0,6677.1,43424.5
PF08/0033/G849,CE,40.943495,14.558498,12.0,6586.0,42844.0
PF01/0034/G849,CE,40.93559,14.559069,50.0,5708.204,42887.677
PF02/0034/G849,CE,40.932495,14.560673,50.0,5363.973,43020.953
PF05/0034/G849,CE,40.938341,14.566151,50.0,6010.625,43485.377
PF06/0034/G849,CE,40.935862,14.570199,50.0,5733.835,43824.765
PF08/0034/G849,CE,40.92863,14.558108,50.0,4935.979,42802.814
PF09/0034/G849,CE,40.935668,14.565938,50.0,5714.0,43466.0
PF12/0034/G849,CE,40.934364,14.562681,50.0,5570.584,43191.029
PF13/0034/G849,CE,40.938438,14.570134,50.0,6019.733,43820.754
PF14/0034/G849,CE,40.929501,14.562877,50.0,5030.658,43204.863
PF15/0034/G849,CE,40.93097,14.568315,50.0,5191.482,43663.534
PF01/0035/G849,CE,40.936149,14.576063,50.0,5763.24,44318.583
PF02/0035/G849,CE,40.935719,14.578188,50.0,5714.64,44497.309
PF04/0035/G849,CE,40.934808,14.570713,50.0,5616.534,43867.494
PF05/0035/G849,CE,40.932236,14.580517,12.0,5327.0,44691.5
PF06/0035/G849,CE,40.939521,14.573753,12.0,6138.5,44126.0
PF07/0035/G849,CE,40.932785,14.580496,50.0,5388.0,44690.0
PF08/0035/G849,CE,40.939814,14.573585,50.0,6171.071,44111.971
PF09/0035/G849,CE,40.931493,14.576718,50.0,5246.135,44371.222
PF02/0036/G849,CE,40.936192,14.586081,50.0,5764.0,45162.0
PF03/0036/G849,CE,40.935266,14.581926,50.0,5662.849,44811.679
PF05/0001/G903,CE,40.950224,14.131661,20.0,7602.35,6922.105
PF03/0003/G903,CE,40.944869,14.137848,50.0,7002.711,7436.998
PF05/0003/G903,CE,40.944175,14.140609,50.0,6923.382,7668.693
PF08/0003/G903,CE,40.942518,14.140176,21.0,6739.698,7630.391
PF02/0004/G903,CE,40.939167,14.133726,50.0,6373.071,7083.819
PF04/0004/G903,CE,40.933167,14.138313,50.0,5703.241,7463.339
PF05/0004/G903,CE,40.943644,14.129292,50.0,6873.851,6715.428
PF07/0004/G903,CE,40.93444,14.134981,20.0,5847.271,7184.211
PF02/0002/G991,CE,41.140749,14.178021,50.0,28715.541,11023.514
PF04/0002/G991,CE,41.139536,14.168457,12.0,28588.5,10219.5
PF05/0002/G991,CE,41.143851,14.177739,12.0,29060.1,11003.1
PF07/0002/G991,CE,41.140619,14.173132,12.0,28705.0,10613.0
PF01/0003/G991,CE,41.139274,14.187363,50.0,28544.411,11805.992
PF03/0003/G991,CE,41.144298,14.192843,50.0,29097.892,12271.114
PF04/0003/G991,CE,41.145028,14.185639,50.0,29184.593,11667.271
PF04/0004/G991,CE,41.133348,14.157979,12.0,27910.0,9333.5
PF05/0004/G991,CE,41.134527,14.160569,50.0,28038.732,9552.173
PF06/0004/G991,CE,41.131619,14.170491,50.0,27707.969,10381.848
PF07/0004/G991,CE,41.135986,14.168323,50.0,28194.462,10204.543
PF08/0004/G991,CE,41.133861,14.17139,50.0,27956.11,10459.693
PF09/0004/G991,CE,41.13364,14.168316,50.0,27934.005,10201.452
PF05/0005/G991,CE,41.13195,14.180586,70.0,27736.606,11229.585
PF08/0005/G991,CE,41.133857,14.176485,50.0,27951.601,10887.304
PF09/0005/G991,CE,41.134421,14.181936,50.0,28009.933,11345.483
PF10/0005/G991,CE,41.133173,14.185436,50.0,27868.562,11637.939
PF11/0005/G991,CE,41.140515,14.18259,50.0,28685.91,11406.72
PF12/0005/G991,CE,41.138669,14.180714,50.0,28482.432,11247.302
PF13/0005/G991,CE,41.138016,14.176852,50.0,28413.035,10922.511
PF14/0005/G991,CE,41.136997,14.184892,50.0,28293.555,11596.221
PF03/0006/G991,CE,41.136986,14.189182,50.0,28288.997,11956.24
PF04/0006/G991,CE,41.13502,14.192128,50.0,28068.382,12201.532
PF06/0006/G991,CE,41.135082,14.197806,50.0,28070.922,12678.156
PF07/0006/G991,CE,41.134935,14.187775,50.0,28062.407,11836.027
PF08/0006/G991,CE,41.13375,14.190244,50.0,27928.929,12042.068
PF09/0006/G991,CE,41.137035,14.19516,50.0,28289.75,12458.104
PF10/0006/G991,CE,41.13362,14.19504,50.0,27910.737,12444.511
PF11/0006/G991,CE,41.141729,14.192499,50.0,28812.898,12239.577
PF12/0006/G991,CE,41.139221,14.193083,12.0,28534.0,12286.0
PF05/0007/G991,CE,41.128332,14.160315,50.0,27351.245,9524.179
PF06/0007/G991,CE,41.128822,14.168619,50.0,27398.951,10221.808
PF08/0007/G991,CE,41.125831,14.156028,50.0,27077.081,9161.694
PF09/0007/G991,CE,41.123527,14.155905,50.0,26821.403,9148.881
PF10/0007/G991,CE,41.126219,14.164759,12.0,27113.0,9895.0
PF11/0007/G991,CE,41.130511,14.165321,50.0,27589.095,9946.757
PF12/0007/G991,CE,41.125765,14.169256,12.0,27059.0,10272.0
PF13/0007/G991,CE,41.127778,14.154725,50.0,27294.235,9054.413
PF14/0007/G991,CE,41.124227,14.165821,50.0,26891.0,9982.0
PF15/0007/G991,CE,41.131103,14.158871,12.0,27660.0,9406.0
PF50/0007/G991,CE,41.131909,14.155381,50.0,27752.353,9113.865
PF03/0008/G991,CE,41.131533,14.177081,50.0,27693.107,10934.933
PF04/0008/G991,CE,41.129661,14.175564,50.0,27486.494,10805.588
PF05/0008/G991,CE,41.129529,14.179476,70.0,27468.709,11133.877
PF06/0008/G991,CE,41.126769,14.17793,50.0,27163.547,11001.216
PF07/0008/G991,CE,41.124802,14.176885,50.0,26946.013,10911.45
PF09/0008/G991,CE,41.126392,14.18165,50.0,27118.761,11313.081
PF10/0008/G991,CE,41.126035,14.171222,50.0,27087.484,10437.309
PF11/0008/G991,CE,41.121593,14.174221,50.0,26591.9,10684.359
PF12/0008/G991,CE,41.13247,14.173592,50.0,27799.918,10643.048
PF04/0009/G991,CE,41.130536,14.18365,50.0,27577.219,11485.263
PF05/0009/G991,CE,41.129356,14.183466,70.0,27446.394,11468.634
PF06/0009/G991,CE,41.126541,14.183645,50.0,27133.709,11480.662
PF01/0010/G991,CE,41.132482,14.189194,50.0,27788.975,11952.665
PF04/0010/G991,CE,41.127874,14.184613,50.0,27281.007,11563.338
PF06/0010/G991,CE,41.126813,14.195082,50.0,27155.0,12441.0
PF07/0010/G991,CE,41.133162,14.198781,50.0,27857.0,12758.0
PF08/0010/G991,CE,41.12904,14.187723,50.0,27408.038,11825.576
PF09/0010/G991,CE,41.131602,14.192045,12.0,27689.0,12191.0
PF03/0011/G991,CE,41.12613,14.185518,50.0,27086.713,11637.486
PF04/0011/G991,CE,41.126067,14.188881,50.0,27076.99,11919.719
PF05/0011/G991,CE,41.124765,14.187174,50.0,26933.845,11775.122
PF01/0012/G991,CE,41.133028,14.19242,12.0,27847.0,12224.0
PF02/0012/G991,CE,41.109181,14.199481,50.0,25194.194,12792.335
PF03/0012/G991,CE,41.111438,14.19266,50.0,25450.05,12221.885
PF01/0013/G991,CE,41.124091,14.15186,50.0,26887.292,8809.882
PF02/0013/G991,CE,41.126801,14.149487,50.0,27190.013,8613.597
PF03/0013/G991,CE,41.126432,14.15305,50.0,27146.168,8912.329
PF04/0013/G991,CE,41.12424,14.146645,50.0,26908.138,8372.308
PF05/0013/G991,CE,41.122917,14.144174,50.0,26763.295,8163.425
PF06/0013/G991,CE,41.120003,14.149901,12.0,26435.0,8641.0
PF01/0014/G991,CE,41.122906,14.157809,50.0,26750.819,9308.01
PF03/0014/G991,CE,41.120715,14.154852,50.0,26510.064,9057.423
PF04/0014/G991,CE,41.120239,14.158233,50.0,26454.49,9340.759
PF05/0014/G991,CE,41.118025,14.168925,50.0,26199.999,10235.999
PF08/0014/G991,CE,41.121813,14.167319,50.0,26621.824,10105.248
PF09/0014/G991,CE,41.123482,14.169162,50.0,26805.618,10261.699
PF10/0014/G991,CE,41.117874,14.164551,50.0,26186.734,9868.642
PF11/0014/G991,CE,41.11809,14.15687,12.0,26217.0,9224.0
PF01/0015/G991,CE,41.124456,14.192166,50.0,26895.669,12193.781
PF03/0015/G991,CE,41.120371,14.19034,50.0,26443.513,12036.294
PF04/0015/G991,CE,41.117711,14.188606,50.0,26149.648,11887.99
PF05/0015/G991,CE,41.140315,14.197633,50.0,28651.994,12669.008
PF06/0015/G991,CE,41.142919,14.198334,12.0,28940.5,12730.5
PF08/0015/G991,CE,41.119709,14.18779,50.0,26372.038,11821.521
PF09/0015/G991,CE,41.118236,14.194841,12.0,26203.0,12412.0
PF01/0016/G991,CE,41.123026,14.179817,50.0,26746.509,11155.66
PF02/0016/G991,CE,41.122358,14.168511,50.0,26681.407,10205.836
PF06/0016/G991,CE,41.119897,14.177944,50.0,26400.667,10995.186
PF07/0016/G991,CE,41.124695,14.168582,50.0,26940.738,10214.298
PF08/0016/G991,CE,41.119595,14.182346,50.0,26363.658,11364.435
PF09/0016/G991,CE,41.124216,14.183172,50.0,26876.038,11438.585
PF01/0017/G991,CE,41.108793,14.175429,50.0,25169.993,10772.39
PF02/0017/G991,CE,41.114975,14.174553,50.0,25856.951,10705.275
PF03/0017/G991,CE,41.111835,14.174862,50.0,25508.161,10727.919
PF04/0017/G991,CE,41.113378,14.172658,50.0,25681.161,10544.553
PF05/0017/G991,CE,41.116811,14.176238,50.0,26059.418,10848.732
PF06/0017/G991,CE,41.114769,14.168394,12.0,25839.0,10188.0
PF01/0018/G991,CE,41.113589,14.18954,50.0,25691.3,11962.172
PF02/0018/G991,CE,41.115175,14.186308,50.0,25869.815,11692.46
PF03/0018/G991,CE,41.111495,14.178954,50.0,25467.172,11071.158
PF01/0019/G991,CE,41.106301,14.176875,50.0,24892.178,10891.193
PF02/0019/G991,CE,41.108736,14.178784,12.0,25161.0,11054.0
PF03/0019/G991,CE,41.103761,14.177036,12.0,24610.0,10902.0
PF01/0020/G991,CE,41.105367,14.203295,50.0,24767.864,13108.708
PF02/0020/G991,CE,41.103765,14.198031,12.0,24594.0,12665.0
PF03/0020/G991,CE,41.106616,14.197413,12.0,24911.0,12616.0
PF04/0020/G991,CE,41.10891,14.193329,50.0,25168.826,12275.456
PF05/0020/G991,CE,41.105887,14.199849,50.0,24828.23,12819.835
PF01/0021/G991,CE,41.102154,14.202563,50.0,24411.683,13043.942
PF02/0021/G991,CE,41.104029,14.208924,50.0,24615.0,13580.0
PF01/0001/G995,CE,41.134559,14.122444,50.0,28073.895,6352.211
PF02/0001/G995,CE,41.129043,14.126471,50.0,27458.1,6684.1
PF03/0001/G995,CE,41.128987,14.102788,12.0,27472.1,4696.1
PF02/0002/G995,CE,41.104363,14.097698,50.0,24742.812,4240.465
PF03/0002/G995,CE,41.120576,14.093576,50.0,26546.323,3913.117
PF02/0003/G995,CE,41.099732,14.110198,50.0,24217.919,5284.916
PF04/0003/G995,CE,41.102163,14.106845,50.0,24490.682,5006.095
PF05/0003/G995,CE,41.104012,14.105983,50.0,24696.695,4935.777
PF06/0003/G995,CE,41.114366,14.10968,12.0,25843.0,5258.0
PF01/0004/G995,CE,41.111699,14.12446,12.0,25534.36,6495.9
PF02/0004/G995,CE,41.120678,14.144972,12.0,26514.0,8228.0
PF01/0005/G995,CE,41.118188,14.153052,50.0,26230.976,8903.591
PF02/0005/G995,CE,41.115936,14.157934,12.0,25977.0,9311.0
PF03/0005/G995,CE,41.112142,14.144622,50.0,25566.648,8189.243
PF01/0006/G995,CE,41.10668,14.153811,50.0,24952.838,8954.933
PF02/0006/G995,CE,41.105643,14.147901,50.0,24842.486,8457.505
PF03/0006/G995,CE,41.103663,14.155617,50.0,24616.376,9103.347
PF04/0006/G995,CE,41.106415,14.144511,12.0,24931.0,8173.7
PF05/0006/G995,CE,41.103925,14.159877,50.0,24642.012,9461.307
PF02/0007/G995,CE,41.111104,14.164049,50.0,25435.672,9819.316
PF03/0007/G995,CE,41.109317,14.164114,50.0,25237.2,9822.856
PF04/0007/G995,CE,41.108183,14.16169,50.0,25113.209,9618.089
PF06/0007/G995,CE,41.110338,14.171085,50.0,25344.974,10409.257
PF07/0007/G995,CE,41.108603,14.167123,50.0,25155.518,10074.764
PF08/0007/G995,CE,41.107625,14.16494,50.0,25048.683,9890.379
PF09/0007/G995,CE,41.106461,14.159269,50.0,24923.993,9412.995
PF11/0007/G995,CE,41.112991,14.159584,50.0,25648.754,9446.374
PF12/0007/G995,CE,41.113922,14.1647,50.0,25747.888,9876.933
PF05/0008/G995,CE,41.10169,14.172591,10.0,24383.7,10526.6
PF06/0008/G995,CE,41.106537,14.164521,50.0,24928.204,9854.072
PF09/0008/G995,CE,41.102961,14.164183,50.0,24531.543,9821.833
PF01/0009/G995,CE,41.095848,14.126885,50.0,23772.578,6681.929
PF02/0009/G995,CE,41.096712,14.118296,50.0,23875.784,5961.522
PF06/0009/G995,CE,41.098252,14.123877,12.0,24042.0,6432.0
PF07/0009/G995,CE,41.096573,14.123886,50.0,23855.623,6430.825
PF08/0009/G995,CE,41.099052,14.127524,50.0,24127.705,6739.159
PF10/0009/G995,CE,41.101134,14.130501,50.0,24356.415,6991.432
PF11/0009/G995,CE,41.096096,14.135863,50.0,23792.576,7436.171
PF08/0010/G995,CE,41.099383,14.16017,50.0,24137.547,9481.017
PF09/0010/G995,CE,41.100481,14.156405,50.0,24262.49,9166.048
PF10/0010/G995,CE,41.101256,14.162342,50.0,24343.734,9665.438
PF11/0010/G995,CE,41.101301,14.165742,12.0,24346.0,9951.0
PF12/0010/G995,CE,41.097869,14.16599,50.0,23964.727,9968.152
PF03/0011/G995,CE,41.100687,14.105143,50.0,24328.269,4861.523
PF04/0011/G995,CE,41.088348,14.112985,50.0,22951.767,5506.118
PF05/0011/G995,CE,41.083376,14.11497,50.0,22398.047,5667.201
PF07/0011/G995,CE,41.095108,14.114519,50.0,23700.91,5642.509
PF08/0011/G995,CE,41.084793,14.109389,50.0,22560.19,5200.029
PF09/0011/G995,CE,41.086008,14.115325,50.0,22690.0,5700.0
PF10/0011/G995,CE,41.094932,14.110537,50.0,23684.782,5307.936
PF51/0011/G995,CE,41.083868,14.113401,12.0,22454.0,5536.0
PF04/0012/G995,CE,41.093854,14.121848,50.0,23555.506,6256.629
PF07/0012/G995,CE,41.092977,14.121555,50.0,23458.299,6231.098
PF08/0012/G995,CE,41.092279,14.124974,50.0,23377.961,6517.454
PF10/0012/G995,CE,41.090135,14.122906,50.0,23141.675,6341.341
PF11/0012/G995,CE,41.092244,14.119206,12.0,23379.0,6033.0
PF13/0012/G995,CE,41.082546,14.121062,50.0,22300.788,6178.027
PF14/0012/G995,CE,41.092089,14.124933,50.0,23356.919,6513.821
PF15/0012/G995,CE,41.089192,14.126292,50.0,23034.177,6624.735
PF01/0013/G995,CE,41.093934,14.129558,50.0,23557.881,6904.241
PF02/0013/G995,CE,41.091115,14.128365,50.0,23245.887,6800.926
PF05/0013/G995,CE,41.087471,14.147881,50.0,22825.157,8436.154
PF06/0013/G995,CE,41.090367,14.146467,50.0,23147.805,8320.472
PF07/0013/G995,CE,41.086316,14.138185,50.0,22704.971,7620.437
PF08/0013/G995,CE,41.093543,14.141927,50.0,23504.138,7942.636
PF09/0013/G995,CE,41.090164,14.136376,50.0,23133.573,7472.708
PF10/0013/G995,CE,41.089431,14.141042,50.0,23048.425,7863.798
PF12/0013/G995,CE,41.091697,14.137648,50.0,23302.768,7581.281
PF13/0013/G995,CE,41.088906,14.133407,50.0,22996.433,7221.97
PF14/0013/G995,CE,41.09448,14.13344,50.0,23615.2,7230.942
PF01/0014/G995,CE,41.095278,14.147103,50.0,23692.448,8379.227
PF03/0014/G995,CE,41.09675,14.129717,50.0,23870.356,6920.766
PF05/0015/G995,CE,41.089167,14.151762,60.0,23010.299,8763.944
PF07/0015/G995,CE,41.093336,14.148577,50.0,23475.713,8500.931
PF08/0015/G995,CE,41.095602,14.151262,50.0,23725.062,8728.901
PF09/0015/G995,CE,41.097933,14.157455,50.0,23978.82,9251.521
PF11/0015/G995,CE,41.090218,14.149237,50.0,23129.0,8553.0
PF14/0015/G995,CE,41.094639,14.159575,50.0,23611.313,9425.996
PF15/0015/G995,CE,41.094077,14.154185,50.0,23553.355,8972.707
PF01/0016/G995,CE,41.082385,14.135452,50.0,22270.758,7386.581
PF02/0016/G995,CE,41.08455,14.136964,50.0,22509.916,7515.949
PF03/0016/G995,CE,41.085327,14.13114,9.0,22601.0,7027.6
PF04/0016/G995,CE,41.076922,14.129922,9.0,21669.0,6916.0
PF05/0016/G995,CE,41.079212,14.127381,50.0,21925.323,6705.071
PF06/0016/G995,CE,41.080283,14.132564,50.0,22039.834,7141.664
PF07/0016/G995,CE,41.08579,14.1284,50.0,22654.698,6797.985
PF08/0016/G995,CE,41.083707,14.126311,50.0,22425.254,6620.205
PF10/0016/G995,CE,41.08764,14.130829,50.0,22858.083,7004.053
PF11/0016/G995,CE,41.086146,14.124584,50.0,22697.405,6477.829
PF12/0016/G995,CE,41.08338,14.129625,50.0,22386.1,6898.219
PF13/0016/G995,CE,41.079727,14.124385,12.0,21985.0,6454.0
PF01/0017/G995,CE,41.087528,14.143564,50.0,22835.016,8073.54
PF03/0017/G995,CE,41.080751,14.142463,50.0,22083.618,7973.702
PF05/0017/G995,CE,41.083954,14.147556,50.0,22434.996,8405.013
PF06/0017/G995,CE,41.08163,14.145065,50.0,22179.023,8193.197
PF07/0017/G995,CE,41.085618,14.145553,50.0,22621.329,8238.598
PF08/0017/G995,CE,41.083971,14.141482,50.0,22441.819,7894.854
PF03/0018/G995,CE,41.079562,14.117841,50.0,21972.275,5904.057
PF05/0018/G995,CE,41.075323,14.119837,50.0,21500.0,6067.0
PF01/0019/G995,CE,41.074863,14.125144,50.0,21444.361,6512.336
PF02/0019/G995,CE,41.078804,14.121468,50.0,21885.013,6207.936
PF03/0019/G995,CE,41.068208,14.122265,10.0,20708.0,6263.0
PF04/0019/G995,CE,41.076401,14.123151,50.0,21616.831,6346.62
PF05/0019/G995,CE,41.069212,14.127631,12.0,20815.0,6715.0
PF05/0020/G995,CE,41.071183,14.136933,50.0,21025.975,7498.68
PF06/0020/G995,CE,41.072657,14.13085,50.0,21194.723,6989.246
PF07/0020/G995,CE,41.077304,14.134812,50.0,21707.298,7327.174
PF12/0001/H045,CE,41.087904,14.046557,50.0,22961.436,-73.878
PF15/0001/H045,CE,41.079216,14.054757,50.0,21989.324,604.409
PF16/0001/H045,CE,41.08489,14.037706,12.0,22635.0,-821.0
PF17/0001/H045,CE,41.09051,14.031052,12.0,23265.0,-1373.0
PF18/0001/H045,CE,41.094633,14.03835,12.0,23716.0,-755.0
PF19/0001/H045,CE,41.09077,14.02775,12.0,23297.0,-1650.0
PF01/0002/H045,CE,41.096825,14.056545,50.0,23942.655,775.732
PF02/0002/H045,CE,41.086522,14.066909,50.0,22789.42,1633.848
PF03/0002/H045,CE,41.08483,14.072261,70.0,22596.813,2081.43
PF04/0002/H045,CE,41.094111,14.054694,12.0,23643.0,617.0
PF05/0002/H045,CE,41.091483,14.060506,12.0,23346.0,1102.0
PF01/0003/H045,CE,41.075745,14.063056,50.0,21596.563,1297.369
PF02/0003/H045,CE,41.073883,14.058847,50.0,21393.571,941.606
PF03/0003/H045,CE,41.078423,14.070126,50.0,21887.431,1894.531
PF11/0003/H045,CE,41.083549,14.083476,50.0,22444.591,3021.947
PF12/0003/H045,CE,41.080684,14.079049,50.0,22130.517,2646.732
PF14/0003/H045,CE,41.082236,14.076641,70.0,22304.947,2446.27
PF15/0003/H045,CE,41.081642,14.084562,50.0,22231.962,3110.946
PF16/0003/H045,CE,41.081785,14.069405,50.0,22261.333,1837.883
PF17/0003/H045,CE,41.080903,14.073088,70.0,22160.138,2146.286
PF01/0004/H045,CE,41.078172,14.086424,10.0,21845.1,3263.3
PF02/0004/H045,CE,41.079371,14.084155,10.0,21980.2,3074.1
PF03/0004/H045,CE,41.082335,14.087661,10.0,22306.17,3372.093
PF04/0004/H045,CE,41.084086,14.085134,50.0,22502.803,3161.874
PF05/0004/H045,CE,41.084556,14.088572,50.0,22551.969,3451.141
PF08/0004/H045,CE,41.079241,14.087941,50.0,21962.43,3392.007
PF09/0004/H045,CE,41.090583,14.087629,50.0,23221.897,3378.951
PF12/0004/H045,CE,41.084597,14.089002,50.0,22556.125,3487.321
PF13/0004/H045,CE,41.086388,14.092138,50.0,22752.175,3752.825
PF14/0004/H045,CE,41.084077,14.092038,50.0,22495.735,3741.76
PF15/0004/H045,CE,41.085869,14.083818,50.0,22701.919,3053.428
PF16/0004/H045,CE,41.088639,14.085394,12.0,23008.0,3189.0
PF17/0004/H045,CE,41.081426,14.09028,12.0,22203.0,3591.0
PF03/0005/H045,CE,41.086655,14.10714,50.0,22768.804,5013.181
PF04/0005/H045,CE,41.081516,14.09352,50.0,22210.169,3863.296
PF05/0005/H045,CE,41.084988,14.100971,50.0,22589.132,4493.139
PF03/0006/H045,CE,41.07164,14.064123,50.0,21139.878,1382.131
PF05/0006/H045,CE,41.065057,14.041441,50.0,20429.676,-531.506
PF06/0006/H045,CE,41.067501,14.045779,12.0,20697.0,-164.0
PF07/0006/H045,CE,41.079633,14.046794,12.0,22043.0,-64.0
PF08/0006/H045,CE,41.07715,14.045999,50.0,21767.995,-133.866
PF09/0006/H045,CE,41.0737,14.039476,12.0,21391.0,-686.0
PF10/0006/H045,CE,41.071618,14.042613,12.0,21157.0,-425.0
PF11/0006/H045,CE,41.080202,14.038203,12.0,22114.0,-785.0
PF12/0006/H045,CE,41.073055,14.032391,50.0,21326.037,-1282.011
PF13/0006/H045,CE,41.077444,14.030565,50.0,21815.0,-1430.0
PF02/0007/H045,CE,41.076454,14.0607,50.0,21677.328,1100.316
PF03/0007/H045,CE,41.075568,14.064012,50.0,21575.98,1377.464
PF04/0007/H045,CE,41.074853,14.059748,50.0,21500.464,1018.429
PF05/0007/H045,CE,41.073206,14.05888,50.0,21318.44,943.563
PF01/0008/H045,CE,41.068215,14.055794,50.0,20767.177,678.297
PF02/0008/H045,CE,41.076607,14.064806,50.0,21690.688,1445.463
PF04/0008/H045,CE,41.076887,14.061901,50.0,21724.39,1201.701
PF05/0008/H045,CE,41.079425,14.060626,50.0,22007.263,1097.663
PF06/0008/H045,CE,41.073093,14.057328,50.0,21307.306,813.044
PF10/0008/H045,CE,41.075422,14.05907,50.0,21564.22,962.174
PF03/0009/H045,CE,41.072286,14.071235,10.0,21205.2,1980.4
PF04/0009/H045,CE,41.073841,14.068988,70.0,21379.753,1793.453
PF05/0009/H045,CE,41.078146,14.05968,50.0,21866.16,1016.646
PF08/0009/H045,CE,41.073671,14.073654,10.0,21356.8,2185.3
PF11/0009/H045,CE,41.071621,14.073597,50.0,21129.2,2178.047
PF13/0009/H045,CE,41.073755,14.073563,70.0,21366.172,2177.712
PF14/0009/H045,CE,41.077596,14.07425,12.0,21792.0,2240.0
PF01/0010/H045,CE,41.071564,14.080737,50.0,21116.528,2777.835
PF02/0010/H045,CE,41.069065,14.084432,50.0,20835.806,3085.4
PF04/0010/H045,CE,41.072307,14.079145,50.0,21200.434,2644.94
PF05/0010/H045,CE,41.07013,14.078458,50.0,20959.342,2584.663
PF09/0010/H045,CE,41.070053,14.074942,50.0,20953.91,2289.225
PF11/0010/H045,CE,41.070374,14.088076,50.0,20977.962,3393.003
PF12/0010/H045,CE,41.075595,14.087996,12.0,21557.649,3392.424
PF01/0011/H045,CE,41.080188,14.095261,50.0,22061.214,4008.012
PF03/0011/H045,CE,41.076957,14.097529,50.0,21700.465,4194.772
PF04/0011/H045,CE,41.07913,14.103067,12.0,21937.0,4662.5
PF05/0011/H045,CE,41.074034,14.090054,12.0,21382.5,3563.5
PF06/0011/H045,CE,41.075058,14.102542,12.0,21485.351,4613.75
PF01/0012/H045,CE,41.068748,14.088831,70.0,20796.751,3454.614
PF04/0012/H045,CE,41.066832,14.089756,50.0,20583.278,3530.125
PF05/0012/H045,CE,41.068337,14.103766,50.0,20738.114,4708.924
PF06/0012/H045,CE,41.071706,14.097032,12.0,21118.0,4147.0
PF08/0012/H045,CE,41.07169,14.094102,70.0,21118.767,3900.855
PF09/0012/H045,CE,41.074321,14.094682,50.0,21410.325,3952.593
PF10/0012/H045,CE,41.072756,14.090037,50.0,21240.689,3560.519
PF11/0012/H045,CE,41.073628,14.100142,12.0,21328.635,4410.527
PF01/0013/H045,CE,41.05986,14.023237,50.0,19869.757,-2067.495
PF02/0013/H045,CE,41.060408,14.026043,12.0,19928.0,-1831.0
PF03/0013/H045,CE,41.058247,14.025011,70.0,19689.042,-1920.398
PF04/0013/H045,CE,41.059546,14.028264,50.0,19830.207,-1645.472
PF05/0013/H045,CE,41.063326,14.020912,50.0,20256.679,-2258.57
PF06/0013/H045,CE,41.062585,14.025417,50.0,20170.278,-1880.95
PF07/0013/H045,CE,41.060958,14.022352,12.0,19992.5,-2140.5
PF08/0013/H045,CE,41.061917,14.015763,50.0,20105.182,-2692.928
PF02/0014/H045,CE,41.061551,14.067204,12.0,20017.0,1629.0
PF03/0014/H045,CE,41.062926,14.070146,32.0,20167.074,1877.806
PF04/0014/H045,CE,41.058678,14.069943,32.0,19695.672,1855.732
PF06/0014/H045,CE,41.063846,14.044441,50.0,20292.494,-280.861
PF07/0014/H045,CE,41.062291,14.045536,50.0,20118.922,-190.818
PF08/0014/H045,CE,41.056908,14.029007,70.0,19536.678,-1586.333
PF11/0014/H045,CE,41.055666,14.032749,50.0,19395.246,-1273.358
PF12/0014/H045,CE,41.058802,14.039691,50.0,19736.943,-686.153
PF13/0014/H045,CE,41.063292,14.037519,50.0,20237.419,-863.223
PF14/0014/H045,CE,41.057726,14.032699,12.0,19624.0,-1275.0
PF01/0015/H045,CE,41.071675,14.055652,50.0,21151.372,670.501
PF02/0015/H045,CE,41.069416,14.053904,50.0,20902.259,520.923
PF03/0015/H045,CE,41.066997,14.055382,50.0,20632.269,642.182
PF04/0015/H045,CE,41.060632,14.047909,50.0,19932.587,6.561
PF06/0015/H045,CE,41.057534,14.050955,50.0,19585.783,258.791
PF07/0015/H045,CE,41.065857,14.048386,50.0,20512.151,53.051
PF08/0015/H045,CE,41.063633,14.046996,50.0,20266.513,-66.455
PF09/0015/H045,CE,41.065052,14.04935,50.0,20421.948,133.07
PF10/0015/H045,CE,41.066524,14.052602,50.0,20582.302,408.021
PF11/0015/H045,CE,41.071055,14.05067,50.0,21087.106,251.211
PF12/0015/H045,CE,41.061865,14.052716,12.0,20065.0,412.0
PF13/0015/H045,CE,41.068881,14.046813,50.0,20849.251,-75.504
PF01/0016/H045,CE,41.070397,14.066175,50.0,21000.015,1553.043
PF05/0016/H045,CE,41.061786,14.061794,50.0,20047.975,1174.664
PF08/0016/H045,CE,41.063293,14.056872,50.0,20219.791,762.918
PF09/0016/H045,CE,41.06405,14.063004,50.0,20298.29,1279.053
PF10/0016/H045,CE,41.066914,14.066557,12.0,20613.0,1581.0
PF01/0017/H045,CE,41.068239,14.072594,50.0,20754.624,2089.829
PF03/0017/H045,CE,41.059041,14.073198,50.0,19732.961,2129.704
PF05/0017/H045,CE,41.06479,14.07474,50.0,20369.817,2266.077
PF06/0017/H045,CE,41.059932,14.077792,50.0,19827.871,2516.767
PF07/0017/H045,CE,41.062074,14.074178,50.0,20068.882,2215.62
PF03/0018/H045,CE,41.063117,14.088007,50.0,20172.389,3378.839
PF05/0018/H045,CE,41.066798,14.079348,50.0,20588.728,2655.585
PF06/0018/H045,CE,41.064356,14.079792,50.0,20317.14,2690.045
PF07/0018/H045,CE,41.065631,14.086225,50.0,20453.0,3232.0
PF08/0018/H045,CE,41.063996,14.093438,12.0,20265.188,3836.209
PF01/0019/H045,CE,41.051035,14.047922,50.0,18867.146,-3.949
PF02/0019/H045,CE,41.048986,14.04326,50.0,18643.891,-398.192
PF03/0019/H045,CE,41.055469,14.037438,50.0,19369.073,-879.562
PF06/0019/H045,CE,41.050856,14.04107,12.0,18853.5,-580.0
PF07/0019/H045,CE,41.053116,14.036783,50.0,19108.39,-937.528
PF02/0020/H045,CE,41.055165,14.060962,50.0,19313.772,1096.833
PF03/0020/H045,CE,41.057204,14.057286,50.0,19543.47,790.435
PF04/0020/H045,CE,41.057545,14.056129,50.0,19582.366,693.565
PF05/0020/H045,CE,41.049309,14.057275,12.0,18667.0,780.0
PF06/0020/H045,CE,41.053159,14.059155,60.0,19092.616,942.633
PF07/0020/H045,CE,41.053695,14.051643,50.0,19159.0,312.0
PF01/0021/H045,CE,41.053095,14.066482,50.0,19078.968,1558.292
PF03/0021/H045,CE,41.055447,14.078572,50.0,19329.211,2577.021
PF04/0021/H045,CE,41.053018,14.071416,50.0,19065.995,1972.818
PF05/0021/H045,CE,41.054824,14.063938,50.0,19273.188,1346.59
PF02/0022/H045,CE,41.06034,14.086749,50.0,19865.178,3269.896
PF03/0022/H045,CE,41.056622,14.086527,50.0,19452.698,3246.943
PF04/0022/H045,CE,41.062422,14.08399,50.0,20098.727,3040.451
PF07/0022/H045,CE,41.058034,14.083722,50.0,19611.881,3012.881
PF08/0022/H045,CE,41.051405,14.081377,12.0,18878.0,2808.0
PF02/0023/H045,CE,41.046367,14.061518,50.0,18336.471,1133.127
PF03/0023/H045,CE,41.045974,14.054066,50.0,18299.625,506.284
PF04/0023/H045,CE,41.043489,14.057851,50.0,18020.373,821.434
PF05/0023/H045,CE,41.049553,14.051857,12.0,18699.0,325.0
PF07/0023/H045,CE,41.044371,14.048667,50.0,18126.63,50.568
PF01/0024/H045,CE,41.048199,14.077028,50.0,18525.933,2438.778
PF02/0024/H045,CE,41.047307,14.0667,50.0,18436.239,1569.767
PF03/0024/H045,CE,41.052171,14.078812,50.0,18965.351,2593.391
PF04/0024/H045,CE,41.047709,14.073497,12.0,18474.735,2141.421
PF05/0024/H045,CE,41.044767,14.06355,12.0,18157.0,1302.0
PF01/0001/H165,CE,40.944833,14.379786,50.0,6825.963,27801.919
PF04/0001/H165,CE,40.950179,14.378852,12.0,7420.0,27727.5
PF05/0001/H165,CE,40.94584,14.382641,50.0,6936.005,28043.012
PF07/0001/H165,CE,40.949991,14.38575,50.0,7395.0,28308.0
PF08/0001/H165,CE,40.952367,14.363008,50.0,7672.457,26395.732
PF09/0001/H165,CE,40.943243,14.38612,50.0,6645.71,28333.855
PF10/0001/H165,CE,40.947834,14.38196,12.0,7157.776,27987.293
PF11/0001/H165,CE,40.949497,14.381038,12.0,7343.0,27911.0
PF12/0001/H165,CE,40.947798,14.388432,12.0,7150.0,28532.0
PF01/0002/H165,CE,40.940169,14.402018,50.0,6295.147,29669.754
PF03/0002/H165,CE,40.952534,14.4069,12.0,7665.0,30090.0
PF04/0002/H165,CE,40.947016,14.399694,50.0,7056.549,29479.323
PF05/0002/H165,CE,40.948019,14.402902,12.0,7166.1,29750.1
PF06/0002/H165,CE,40.943362,14.401327,12.0,6650.0,29614.0
PF07/0002/H165,CE,40.940459,14.397421,12.0,6330.0,29283.0
PF01/0003/H165,CE,40.940537,14.39162,50.0,6342.045,28794.677
PF02/0003/H165,CE,40.946546,14.392898,50.0,7008.346,28906.962
PF04/0003/H165,CE,40.942835,14.396885,50.0,6594.133,29239.705
PF05/0003/H165,CE,40.936751,14.393446,50.0,5920.652,28945.548
PF06/0003/H165,CE,40.934218,14.392079,50.0,5640.289,28828.481
PF01/0004/H165,CE,40.927683,14.394359,50.0,4913.526,29015.396
PF02/0004/H165,CE,40.931678,14.387631,12.0,5361.0,28452.0
PF03/0004/H165,CE,40.929458,14.388292,50.0,5114.069,28505.984
PF04/0004/H165,CE,40.926329,14.384301,50.0,4769.153,28167.502
PF05/0004/H165,CE,40.927314,14.389352,50.0,4875.499,28593.545
PF01/0006/H165,CE,40.926224,14.397953,50.0,4749.426,29316.901
PF02/0006/H165,CE,40.927898,14.399692,50.0,4934.306,29464.603
PF03/0006/H165,CE,40.925419,14.40156,20.0,4658.027,29619.979
PF04/0006/H165,CE,40.93739,14.401378,50.0,5986.988,29613.716
PF05/0006/H165,CE,40.937514,14.396436,50.0,6003.703,29197.844
PF06/0006/H165,CE,40.930714,14.395737,50.0,5249.208,29133.73
PF07/0006/H165,CE,40.933156,14.395087,50.0,5520.615,29080.886
PF08/0006/H165,CE,40.932487,14.399143,50.0,5444.041,29421.829
PF09/0006/H165,CE,40.930633,14.401685,50.0,5236.712,29634.426
PF10/0006/H165,CE,40.926847,14.394559,50.0,4820.578,29031.587
PF11/0006/H165,CE,40.934894,14.400793,50.0,5710.334,29562.616
PF04/0007/H165,CE,40.92346,14.393244,50.0,4445.327,28918.268
PF08/0007/H165,CE,40.92071,14.38266,50.0,4146.323,28024.921
PF11/0007/H165,CE,40.919679,14.394774,50.0,4024.761,29044.157
PF13/0007/H165,CE,40.919593,14.380048,50.0,4023.878,27804.133
PF14/0007/H165,CE,40.916332,14.388234,50.0,3657.014,28490.905
PF15/0007/H165,CE,40.918037,14.38929,50.0,3845.628,28581.166
PF16/0007/H165,CE,40.921647,14.390955,50.0,4245.481,28724.125
PF17/0007/H165,CE,40.92417,14.389743,50.0,4526.241,28624.061
PF18/0007/H165,CE,40.918706,14.383976,50.0,3923.085,28134.165
PF19/0007/H165,CE,40.923638,14.381757,50.0,4471.879,27951.155
PF20/0007/H165,CE,40.920439,14.388345,50.0,4112.925,28503.427
PF21/0007/H165,CE,40.92156,14.378934,50.0,4242.898,27711.825
PF22/0007/H165,CE,40.92376,14.385803,50.0,4483.0,28292.0
PF02/0008/H165,CE,40.916721,14.407867,50.0,3688.874,30144.445
PF03/0008/H165,CE,40.914953,14.404497,50.0,3494.5,29859.329
PF05/0008/H165,CE,40.922767,14.395602,50.0,4367.056,29116.285
PF06/0008/H165,CE,40.923121,14.401744,50.0,4402.829,29633.742
PF07/0008/H165,CE,40.913855,14.397283,50.0,3376.714,29251.025
PF08/0008/H165,CE,40.916418,14.399991,50.0,3659.742,29481.041
PF09/0008/H165,CE,40.914731,14.399011,50.0,3473.004,29397.157
PF12/0008/H165,CE,40.920193,14.397349,50.0,4080.329,29261.436
PF13/0008/H165,CE,40.917767,14.404721,50.0,3806.703,29880.325
PF15/0008/H165,CE,40.913916,14.401488,50.0,3381.067,29605.158
PF01/0009/H165,CE,40.915995,14.413839,50.0,3604.811,30646.818
PF02/0009/H165,CE,40.919227,14.416143,50.0,3962.353,30843.238
PF03/0009/H165,CE,40.921188,14.409784,50.0,4183.583,30309.279
PF04/0009/H165,CE,40.915469,14.419484,50.0,3543.288,31121.803
PF05/0009/H165,CE,40.922311,14.419082,12.0,4303.0,31093.0
PF01/0010/H165,CE,40.908392,14.369478,50.0,2786.829,26905.048
PF02/0010/H165,CE,40.912293,14.370957,50.0,3218.986,27032.77
PF03/0010/H165,CE,40.914773,14.369733,50.0,3494.996,26931.648
PF04/0010/H165,CE,40.910469,14.36617,50.0,3019.384,26628.186
PF05/0010/H165,CE,40.906264,14.372064,50.0,2549.056,27121.14
PF01/0011/H165,CE,40.918313,14.376265,50.0,3884.015,27484.499
PF02/0011/H165,CE,40.917362,14.379082,50.0,3776.805,27721.042
PF05/0011/H165,CE,40.911519,14.377975,50.0,3128.858,27623.166
PF06/0011/H165,CE,40.90869,14.376445,50.0,2815.653,27492.112
PF07/0011/H165,CE,40.915247,14.381325,50.0,3540.65,27908.197
PF08/0011/H165,CE,40.912961,14.381651,50.0,3286.691,27933.848
PF09/0011/H165,CE,40.909208,14.38205,50.0,2869.89,27964.53
PF10/0011/H165,CE,40.906455,14.379349,50.0,2565.821,27734.921
PF11/0011/H165,CE,40.912172,14.374284,50.0,3203.496,27312.87
PF12/0011/H165,CE,40.915584,14.378137,50.0,3580.0,27640.0
PF13/0011/H165,CE,40.914966,14.372798,50.0,3514.621,27189.895
PF01/0012/H165,CE,40.907754,14.386991,50.0,2705.468,28379.571
PF03/0012/H165,CE,40.911138,14.387289,50.0,3080.989,28407.244
PF04/0012/H165,CE,40.911406,14.391397,50.0,3108.323,28753.422
PF05/0012/H165,CE,40.91031,14.383782,50.0,2991.106,28111.236
PF06/0012/H165,CE,40.912578,14.385492,50.0,3241.929,28257.06
PF07/0012/H165,CE,40.912737,14.391367,50.0,3256.045,28751.908
PF08/0012/H165,CE,40.912471,14.394455,50.0,3224.771,29011.814
PF10/0012/H165,CE,40.910108,14.390878,50.0,2964.578,28708.755
PF11/0012/H165,CE,40.911633,14.393125,50.0,3132.556,28899.131
PF12/0012/H165,CE,40.909045,14.393002,50.0,2845.306,28886.776
PF14/0012/H165,CE,40.916031,14.395186,50.0,3619.541,29076.068
PF15/0012/H165,CE,40.909577,14.383956,50.0,2909.623,28125.325
PF16/0012/H165,CE,40.908148,14.390709,12.0,2747.0,28693.0
PF01/0013/H165,CE,40.90904,14.394438,50.0,2843.92,29007.702
PF02/0013/H165,CE,40.910131,14.395582,50.0,2964.378,29104.894
PF03/0013/H165,CE,40.910584,14.394159,50.0,3015.428,28985.404
PF04/0013/H165,CE,40.909899,14.394547,50.0,2939.17,29017.591
PF02/0014/H165,CE,40.909041,14.401603,50.0,2839.792,29611.118
PF04/0014/H165,CE,40.911629,14.401057,10.0,3127.5,29567.1
PF06/0014/H165,CE,40.911495,14.407339,50.0,3108.983,30096.082
PF07/0014/H165,CE,40.913428,14.406763,50.0,3323.896,30049.009
PF08/0014/H165,CE,40.912895,14.413852,50.0,3260.675,30645.583
PF09/0014/H165,CE,40.912088,14.409928,50.0,3173.357,30314.558
PF10/0014/H165,CE,40.909797,14.404475,50.0,2922.174,29853.6
PF11/0014/H165,CE,40.907683,14.404669,12.0,2687.38,29868.36
PF01/0015/H165,CE,40.910587,14.424416,50.0,2998.558,31533.577
PF02/0015/H165,CE,40.91939,14.42112,50.0,3977.655,31262.457
PF03/0015/H165,CE,40.91778,14.426318,50.0,3796.0,31699.0
PF05/0015/H165,CE,40.916579,14.421875,50.0,3665.133,31323.942
PF06/0015/H165,CE,40.912538,14.417766,50.0,3218.828,30974.947
PF01/0016/H165,CE,40.897007,14.375133,50.0,1519.544,27372.323
PF02/0016/H165,CE,40.897042,14.378181,50.0,1521.605,27629.11
PF03/0016/H165,CE,40.895229,14.377138,50.0,1320.938,27539.765
PF04/0016/H165,CE,40.903757,14.375389,50.0,2268.676,27399.206
PF06/0016/H165,CE,40.900003,14.378563,50.0,1850.108,27663.59
PF07/0016/H165,CE,40.901432,14.366537,50.0,2015.915,26651.815
PF02/0017/H165,CE,40.902112,14.386118,50.0,2079.678,28301.583
PF03/0017/H165,CE,40.904922,14.384157,50.0,2392.757,28138.634
PF04/0017/H165,CE,40.905804,14.387054,50.0,2488.943,28383.319
PF06/0017/H165,CE,40.90009,14.388266,50.0,1853.964,28480.991
PF09/0017/H165,CE,40.906759,14.389339,50.0,2593.672,28576.505
PF10/0017/H165,CE,40.902606,14.379445,50.0,2138.461,27739.921
PF11/0017/H165,CE,40.908102,14.392875,50.0,2740.718,28875.36
PF12/0017/H165,CE,40.903894,14.388321,50.0,2276.185,28488.592
PF13/0017/H165,CE,40.901098,14.382267,50.0,1969.414,27976.45
PF01/0018/H165,CE,40.898016,14.381162,50.0,1627.921,27880.99
PF03/0018/H165,CE,40.904973,14.397586,50.0,2390.529,29269.717
PF04/0018/H165,CE,40.908388,14.413908,50.0,2760.293,30646.995
PF05/0018/H165,CE,40.90153,14.395311,50.0,2009.661,29075.485
PF06/0018/H165,CE,40.90042,14.401311,12.0,1883.0,29580.0
PF07/0018/H165,CE,40.889207,14.404175,10.0,636.6,29812.8
PF10/0018/H165,CE,40.903703,14.392849,50.0,2252.306,28869.8
PF11/0018/H165,CE,40.894887,14.382129,50.0,1280.0,27960.0
PF01/0019/H165,CE,40.904279,14.416307,50.0,2302.793,30845.977
PF02/0019/H165,CE,40.906596,14.420021,9.0,2558.0,31160.5
PF04/0019/H165,CE,40.904698,14.422018,50.0,2346.216,31327.261
PF05/0019/H165,CE,40.906947,14.422001,50.0,2595.885,31327.531
PF06/0019/H165,CE,40.907303,14.424528,50.0,2633.979,31540.634
PF07/0019/H165,CE,40.905551,14.427219,12.0,2438.0,31766.0
PF10/0019/H165,CE,40.904553,14.425843,50.0,2327.907,31649.368
PF11/0019/H165,CE,40.911159,14.42634,12.0,3061.0,31696.0
PF12/0019/H165,CE,40.908375,14.427843,50.0,2751.166,31820.572
PF13/0019/H165,CE,40.903078,14.426604,50.0,2163.811,31712.354
PF14/0019/H165,CE,40.906302,14.414299,50.0,2528.512,30678.368
PF15/0019/H165,CE,40.909899,14.417476,50.0,2926.12,30948.599
PF02/0020/H165,CE,40.902204,14.419754,50.0,2070.513,31134.8
PF04/0020/H165,CE,40.900057,14.424731,50.0,1829.487,31552.375
PF07/0020/H165,CE,40.897813,14.416799,50.0,1584.75,30882.638
PF08/0020/H165,CE,40.897537,14.411362,50.0,1557.151,30424.488
PF11/0020/H165,CE,40.902619,14.424389,50.0,2114.108,31525.442
PF12/0020/H165,CE,40.900624,14.414701,50.0,1898.0,30708.0
PF13/0020/H165,CE,40.89979,14.412002,50.0,1807.0,30480.0
PF14/0020/H165,CE,40.896657,14.407832,50.0,1461.556,30126.476
PF15/0020/H165,CE,40.898227,14.420636,50.0,1628.545,31206.117
PF03/0021/H165,CE,40.986023,14.43037,50.0,11369.506,32089.586
PF04/0021/H165,CE,40.899111,14.425559,50.0,1723.997,31621.505
PF05/0021/H165,CE,40.901231,14.427951,50.0,1957.992,31824.526
PF06/0021/H165,CE,40.897452,14.425062,50.0,1540.114,31578.353
PF07/0021/H165,CE,40.987374,14.433428,50.0,11517.797,32347.811
PF09/0021/H165,CE,40.910671,14.418104,50.0,3011.432,31002.028
PF10/0021/H165,CE,40.912212,14.421229,50.0,3180.759,31266.407
PF11/0021/H165,CE,40.89925,14.429825,12.0,1737.078,31980.893
PF01/0022/H165,CE,40.908672,14.42096,50.0,2787.927,31241.113
PF02/0022/H165,CE,40.933226,14.412094,50.0,5518.613,30512.752
PF04/0022/H165,CE,40.893682,14.419012,12.0,1125.0,31066.0
PF02/0023/H165,CE,40.885091,14.408468,50.0,177.241,30171.294
PF03/0023/H165,CE,40.886919,14.405488,50.0,381.859,29921.675
PF06/0023/H165,CE,40.971686,14.407156,50.0,9790.941,30125.996
PF07/0023/H165,CE,40.88638,14.416085,12.0,316.0,30814.0
PF08/0023/H165,CE,40.887841,14.412796,12.0,480.0,30538.0
PF01/0002/H202,CE,41.100837,14.227127,12.0,24246.954,15105.358
PF02/0002/H202,CE,41.098048,14.225154,12.0,23938.746,14936.937
PF03/0002/H202,CE,41.097435,14.227389,12.0,23869.0,15124.0
PF04/0002/H202,CE,41.103654,14.226297,12.0,24560.253,15038.504
PF05/0002/H202,CE,41.101614,14.224686,12.0,24335.047,14901.201
PF01/0004/H202,CE,41.082177,14.209177,10.0,22188.9,13579.2
PF02/0004/H202,CE,41.079445,14.210344,50.0,21884.781,13674.506
PF03/0004/H202,CE,41.080904,14.213966,10.0,22044.0,13980.2
PF04/0004/H202,CE,41.080845,14.217717,50.0,22034.598,14295.282
PF05/0004/H202,CE,41.078552,14.212769,50.0,21783.7,13877.3
PF08/0004/H202,CE,41.076283,14.210122,50.0,21533.914,13652.675
PF10/0004/H202,CE,41.076226,14.219015,50.0,21520.763,14399.689
PF11/0004/H202,CE,41.076285,14.212911,12.0,21532.0,13887.0
PF01/0005/H202,CE,41.079685,14.224973,10.0,21900.3,14903.6
PF02/0005/H202,CE,41.077481,14.224115,50.0,21656.284,14829.327
PF03/0005/H202,CE,41.077816,14.227345,10.0,21691.1,15101.0
PF04/0005/H202,CE,41.075034,14.224493,50.0,21384.317,14858.676
PF07/0005/H202,CE,41.073225,14.231948,50.0,21178.0,15483.2
PF08/0005/H202,CE,41.074978,14.227618,50.0,21375.801,15121.153
PF04/0006/H202,CE,41.079794,14.206862,50.0,21926.112,13382.36
PF05/0006/H202,CE,41.078241,14.197049,50.0,21761.238,12556.465
PF06/0006/H202,CE,41.077297,14.204949,50.0,21650.417,13219.106
PF01/0007/H202,CE,41.073671,14.210725,50.0,21243.397,13700.69
PF02/0007/H202,CE,41.074492,14.215774,50.0,21330.727,14125.653
PF03/0007/H202,CE,41.072402,14.205619,50.0,21106.489,13270.5
PF04/0007/H202,CE,41.069913,14.209776,50.0,20826.985,13617.218
PF07/0007/H202,CE,41.01676,14.295549,50.0,14864.442,20775.8
PF08/0007/H202,CE,41.07293,14.211967,50.0,21160.259,13804.283
PF10/0007/H202,CE,41.070123,14.203643,50.0,20854.93,13102.163
PF11/0007/H202,CE,41.069952,14.205822,50.0,20834.344,13285.019
PF12/0007/H202,CE,41.067386,14.212077,50.0,20544.702,13807.994
PF13/0007/H202,CE,41.071764,14.216753,50.0,21027.15,14205.184
PF14/0007/H202,CE,41.072964,14.212028,50.0,21163.965,13809.465
PF15/0007/H202,CE,41.072773,14.212533,50.0,21142.397,13851.684
PF03/0008/H202,CE,41.076072,14.222655,50.0,21501.007,14705.355
PF07/0008/H202,CE,41.068117,14.22117,10.0,20619.0,14572.7
PF10/0008/H202,CE,41.072585,14.220703,50.0,21115.322,14537.902
PF11/0008/H202,CE,41.069351,14.222859,50.0,20754.67,14715.768
PF12/0008/H202,CE,41.070508,14.220847,50.0,20884.665,14547.957
PF13/0008/H202,CE,41.073305,14.223721,50.0,21192.998,14792.142
PF14/0008/H202,CE,41.077997,14.220926,12.0,21716.0,14562.0
PF03/0009/H202,CE,41.070869,14.229466,50.0,20918.322,15272.373
PF04/0009/H202,CE,41.067996,14.231411,50.0,20597.911,15433.015
PF05/0009/H202,CE,41.062077,14.223346,50.0,19946.806,14749.525
PF06/0009/H202,CE,41.061568,14.227059,12.0,19887.5,15061.0
PF07/0009/H202,CE,41.011322,14.292616,50.0,14262.751,20524.264
PF08/0009/H202,CE,41.068287,14.227898,50.0,20632.87,15138.094
PF09/0009/H202,CE,41.06637,14.227665,50.0,20420.17,15116.635
PF01/0010/H202,CE,41.072056,14.188844,50.0,21081.02,11860.828
PF02/0010/H202,CE,41.070492,14.19192,50.0,20905.014,12117.634
PF03/0010/H202,CE,41.074771,14.190718,12.0,21381.0,12021.0
PF04/0010/H202,CE,41.070753,14.183259,50.0,20940.773,11390.209
PF05/0010/H202,CE,41.073621,14.200125,50.0,21245.956,12810.126
PF01/0011/H202,CE,41.067523,14.189933,50.0,20576.906,11947.636
PF02/0011/H202,CE,41.070979,14.197532,50.0,20954.711,12589.618
PF04/0011/H202,CE,41.066089,14.187349,50.0,20419.823,11729.01
PF05/0011/H202,CE,41.069756,14.20191,50.0,20815.593,12956.153
PF06/0011/H202,CE,41.067859,14.199908,12.0,20606.5,12786.0
PF07/0011/H202,CE,41.069959,14.205769,50.0,20835.162,13280.612
PF01/0012/H202,CE,41.066879,14.205074,50.0,20493.732,13219.116
PF02/0012/H202,CE,41.06526,14.193941,50.0,20322.618,12282.02
PF04/0012/H202,CE,41.063441,14.200301,50.0,20115.784,12814.53
PF01/0013/H202,CE,41.056452,14.205523,50.0,19335.845,13246.233
PF03/0013/H202,CE,41.063783,14.209798,50.0,20146.47,13612.878
PF04/0013/H202,CE,41.066436,14.209742,50.0,20440.983,13610.874
PF05/0013/H202,CE,41.059356,14.200897,50.0,19661.836,12860.513
PF06/0013/H202,CE,41.059488,14.206994,50.0,19671.769,13372.909
PF07/0013/H202,CE,41.06224,14.205521,50.0,19978.418,13251.938
PF08/0013/H202,CE,41.061555,14.208994,50.0,19899.67,13543.081
PF09/0013/H202,CE,41.058278,14.203824,50.0,19539.905,13105.327
PF04/0014/H202,CE,41.066849,14.220535,50.0,20478.719,14518.113
PF05/0014/H202,CE,41.063748,14.220216,50.0,20134.675,14488.211
PF06/0014/H202,CE,41.068786,14.215341,50.0,20697.614,14083.605
PF07/0014/H202,CE,41.063829,14.214293,50.0,20148.089,13990.564
PF01/0015/H202,CE,41.059672,14.209703,50.0,19690.096,13600.753
PF02/0015/H202,CE,41.055973,14.210262,50.0,19279.095,13644.037
PF03/0015/H202,CE,41.057418,14.219341,50.0,19432.604,14408.364
PF04/0015/H202,CE,41.059392,14.221343,50.0,19650.194,14578.537
PF05/0015/H202,CE,41.059637,14.217221,60.0,19680.517,14232.425
PF06/0015/H202,CE,41.061811,14.216669,50.0,19922.289,14188.206
PF01/0016/H202,CE,41.065085,14.185412,50.0,20309.862,11565.243
PF02/0016/H202,CE,41.066377,14.180676,50.0,20456.966,11168.614
PF03/0016/H202,CE,41.068612,14.184896,50.0,20701.807,11525.561
PF04/0016/H202,CE,41.069519,14.180154,50.0,20806.257,11128.079
PF05/0016/H202,CE,41.063941,14.182686,12.0,20185.0,11335.0
PF01/0017/H202,CE,41.056689,14.199816,50.0,19366.584,12766.922
PF02/0017/H202,CE,41.059383,14.199684,50.0,19665.676,12758.598
PF03/0017/H202,CE,41.06334,14.189202,50.0,20113.116,11881.893
PF04/0017/H202,CE,41.058394,14.19644,50.0,19558.491,12484.958
PF05/0017/H202,CE,41.05556,14.196225,50.0,19244.0,12464.0
PF06/0017/H202,CE,41.060101,14.193718,12.0,19750.0,12258.0
PF01/0018/H202,CE,41.053423,14.210709,50.0,18995.634,13679.015
PF03/0018/H202,CE,41.051378,14.199852,50.0,18776.956,12764.533
PF04/0018/H202,CE,41.048439,14.196799,50.0,18453.0,12505.0
PF01/0019/H202,CE,41.055411,14.217704,50.0,19211.056,14268.859
PF02/0019/H202,CE,41.052919,14.218318,50.0,18933.974,14317.9
PF03/0019/H202,CE,41.052673,14.214414,50.0,18909.561,13989.625
PF04/0019/H202,CE,41.049042,14.213116,50.0,18507.421,13876.858
PF07/0019/H202,CE,41.057996,14.215022,12.0,19500.0,14046.0
PF01/0020/H202,CE,41.045757,14.208909,50.0,18146.0,13520.0
PF02/0020/H202,CE,41.048511,14.207866,50.0,18452.502,13435.138
PF08/0001/H210,CE,40.955804,14.073514,20.0,8271.991,2034.621
PF01/0002/H210,CE,40.945001,14.06762,50.0,7077.967,1525.761
PF10/0002/H210,CE,40.952856,14.083548,50.0,7935.853,2875.665
PF19/0002/H210,CE,40.941688,14.078721,50.0,6700.338,2456.346
PF21/0002/H210,CE,40.941362,14.082191,12.0,6661.0,2748.0
PF22/0002/H210,CE,40.939425,14.080008,12.0,6448.0,2562.0
PF23/0002/H210,CE,40.941686,14.068798,12.0,6709.0,1621.0
PF24/0002/H210,CE,40.93941,14.07676,20.0,6449.146,2288.533
PF01/0003/H210,CE,40.950589,14.082415,50.0,7685.125,2777.656
PF04/0003/H210,CE,40.944535,14.087417,50.0,7008.735,3191.592
PF07/0003/H210,CE,40.938988,14.09146,50.0,6389.31,3525.529
PF10/0003/H210,CE,40.940273,14.08554,50.0,6537.201,3028.664
PF11/0003/H210,CE,40.939019,14.08288,50.0,6400.372,2803.281
PF14/0003/H210,CE,40.945448,14.083501,50.0,7113.453,2863.089
PF17/0003/H210,CE,40.939136,14.088669,50.0,6408.242,3290.789
PF19/0003/H210,CE,40.934481,14.08453,21.0,5895.086,2936.932
PF01/0004/H210,CE,40.948607,14.084404,50.0,7463.386,2942.7
PF08/0004/H210,CE,40.945041,14.078285,50.0,7072.911,2423.537
PF09/0004/H210,CE,40.943013,14.076187,20.0,6849.662,2244.569
PF03/0001/H268,CE,40.999842,14.901128,12.0,12752.0,71692.0
PF04/0002/H268,CE,40.630933,14.437096,50.0,-28052.173,32402.164
PF05/0002/H268,CE,40.638096,14.435118,50.0,-27256.0,32240.0
PF06/0002/H268,CE,40.635012,14.439714,50.0,-27600.794,32626.477
PF01/0003/H268,CE,40.638886,14.448522,12.0,-27175.5,33374.0
PF02/0003/H268,CE,40.99648,14.135565,50.0,12734.054,7301.583
PF01/0004/H268,CE,40.992051,14.893332,50.0,11887.89,71035.268
PF01/0005/H268,CE,40.636129,14.429814,50.0,-27471.391,31790.054
PF01/0006/H268,CE,40.983249,14.891108,50.0,10911.013,70847.022
PF03/0006/H268,CE,40.967864,14.880822,50.0,9204.236,69979.397
PF04/0006/H268,CE,40.97682,14.113684,12.0,10570.0,5439.0
PF05/0006/H268,CE,40.759122,14.061022,50.0,-13550.674,749.087
PF06/0006/H268,CE,40.755087,14.062722,12.0,-14000.059,887.801
PF09/0006/H268,CE,40.977155,14.895409,12.0,10234.0,71208.0
PF03/0008/H268,CE,40.976626,14.132204,50.0,10532.818,6996.989
PF04/0008/H268,CE,40.983109,14.905456,12.0,10894.0,72054.0
PF01/0009/H268,CE,40.974159,14.125879,50.0,10264.235,6462.068
PF02/0009/H268,CE,40.977028,14.123142,12.0,10585.0,6235.0
PF04/0009/H268,CE,40.980334,14.905448,12.0,10586.0,72053.0
PF01/0010/H268,CE,40.972525,14.911452,50.0,9718.509,72557.234
PF05/0010/H268,CE,40.977525,14.906344,12.0,10274.0,72128.0
PF03/0011/H268,CE,40.980362,14.927787,50.0,10587.303,73932.364
PF04/0011/H268,CE,40.977862,14.921699,50.0,10310.209,73419.88
PF05/0011/H268,CE,40.978667,14.927904,50.0,10399.139,73942.029
PF01/0012/H268,CE,40.967002,14.104782,50.0,9487.701,4678.884
PF03/0012/H268,CE,40.971221,14.112008,50.0,9949.809,5291.711
PF04/0012/H268,CE,40.963896,14.110208,50.0,9138.192,5131.949
PF01/0013/H268,CE,40.971092,14.89377,50.0,9561.068,71069.327
PF02/0013/H268,CE,40.96852,14.890898,50.0,9275.916,70827.263
PF03/0013/H268,CE,40.972379,14.891672,50.0,9704.242,70892.983
PF04/0013/H268,CE,40.975053,14.894545,50.0,10000.759,71134.997
PF05/0013/H268,CE,40.977084,14.891837,50.0,10226.5,70907.5
PF01/0014/H268,CE,40.966814,14.900311,50.0,9085.564,71619.148
PF07/0014/H268,CE,40.969847,14.912944,50.0,9421.161,72682.485
PF08/0014/H268,CE,40.966137,14.908812,50.0,9009.663,72334.368
PF09/0014/H268,CE,40.966484,14.91179,50.0,9047.882,72584.978
PF10/0014/H268,CE,40.970282,14.909089,50.0,9469.795,72358.138
PF11/0014/H268,CE,40.96778,14.909893,50.0,9191.876,72425.519
PF12/0014/H268,CE,40.975661,14.89866,50.0,10067.79,71481.362
PF13/0014/H268,CE,40.968901,14.886137,50.0,9318.661,70426.758
PF14/0014/H268,CE,40.973033,14.89877,50.0,9776.129,71490.209
PF01/0015/H268,CE,40.967548,14.913893,50.0,9165.782,72762.04
PF03/0015/H268,CE,40.971287,14.919563,50.0,9580.417,73239.497
PF04/0015/H268,CE,40.972898,14.91741,50.0,9759.462,73058.518
PF05/0015/H268,CE,40.97356,14.919628,50.0,9832.82,73245.26
PF06/0015/H268,CE,40.972283,14.914841,50.0,9691.41,72842.331
PF07/0015/H268,CE,40.972538,14.921987,50.0,9719.138,73443.583
PF09/0015/H268,CE,40.964599,14.909564,50.0,8838.853,72397.466
PF10/0015/H268,CE,40.96988,14.916116,50.0,9424.532,72949.387
PF11/0015/H268,CE,40.975058,14.913512,50.0,9999.551,72730.804
PF01/0016/H268,CE,40.96399,14.10491,50.0,9153.232,4686.206
PF02/0016/H268,CE,40.962667,14.893911,50.0,8625.879,71080.058
PF03/0016/H268,CE,40.966896,14.897029,12.0,9095.0,71343.0
PF02/0017/H268,CE,40.961067,14.901866,50.0,8447.414,71749.266
PF03/0017/H268,CE,40.960468,14.898319,50.0,8381.297,71450.702
PF04/0017/H268,CE,40.958827,14.901636,50.0,8198.794,71729.599
PF05/0017/H268,CE,40.963621,14.906391,50.0,8730.542,72130.379
PF06/0017/H268,CE,40.961778,14.909761,50.0,8525.679,72413.696
PF08/0017/H268,CE,40.960532,14.915213,50.0,8386.87,72872.4
PF09/0017/H268,CE,40.961339,14.918746,50.0,8476.222,73169.756
PF12/0017/H268,CE,40.959162,14.917326,50.0,8234.563,73050.076
PF13/0017/H268,CE,40.964635,14.902628,50.0,8843.476,71813.839
PF14/0017/H268,CE,40.963088,14.899899,12.0,8672.0,71584.0
PF01/0018/H268,CE,40.961683,14.914215,50.0,8514.676,72788.486
PF02/0018/H268,CE,40.963521,14.916894,50.0,8718.549,73014.178
PF02/0019/H268,CE,40.966481,14.924791,50.0,9046.557,73678.934
PF04/0019/H268,CE,40.966175,14.923972,10.0,9012.6,73610.0
PF06/0019/H268,CE,40.615216,14.455857,50.0,-29806.857,33978.004
PF07/0019/H268,CE,40.964853,14.922298,50.0,8865.996,73469.0
PF09/0019/H268,CE,40.962986,14.913472,50.0,8659.454,72726.12
PF10/0019/H268,CE,40.966366,14.907689,50.0,9035.105,72239.856
PF01/0020/H268,CE,40.956774,14.893156,50.0,7971.693,71015.674
PF02/0020/H268,CE,40.960057,14.894473,50.0,8336.066,71126.99
PF03/0020/H268,CE,40.957301,14.888935,50.0,8030.69,70660.563
PF04/0020/H268,CE,40.954229,14.896202,50.0,7688.944,71271.723
PF06/0020/H268,CE,40.957868,14.896349,50.0,8092.885,71284.547
PF07/0020/H268,CE,40.955314,14.890483,50.0,7809.938,70790.531
PF08/0020/H268,CE,40.954425,14.887649,50.0,7711.559,70551.901
PF09/0020/H268,CE,40.961306,14.892047,12.0,8475.0,70923.0
PF01/0021/H268,CE,40.957876,14.900936,50.0,8093.315,71670.597
PF02/0021/H268,CE,40.955136,14.898583,10.0,7789.4,71472.2
PF03/0021/H268,CE,40.593243,14.428627,50.0,-32231.386,31658.776
PF04/0021/H268,CE,40.955978,14.904477,50.0,7882.245,71968.348
PF07/0021/H268,CE,40.959071,14.911419,50.0,8225.002,72552.928
PF08/0021/H268,CE,40.957352,14.908218,50.0,8034.47,72283.37
PF10/0021/H268,CE,40.958305,14.905332,50.0,8140.482,72040.568
PF11/0021/H268,CE,40.955252,14.90725,50.0,7801.379,72201.655
PF12/0021/H268,CE,40.955656,14.910281,50.0,7846.018,72456.755
PF13/0021/H268,CE,40.95265,14.901983,12.0,7513.0,71758.0
PF03/0022/H268,CE,40.957314,14.917495,10.0,8029.5,73064.1
PF04/0022/H268,CE,40.957631,14.915472,50.0,8064.83,72893.835
PF05/0022/H268,CE,40.95915,14.91345,50.0,8233.6,72723.869
PF08/0022/H268,CE,40.963997,14.919483,50.0,8771.212,73232.1
PF10/0022/H268,CE,40.600778,14.453975,50.0,-31408.504,33808.877
PF11/0022/H268,CE,40.602775,14.46041,50.0,-31190.19,34354.724
PF14/0022/H268,CE,40.958273,14.929055,12.0,8135.0,74037.0
PF15/0022/H268,CE,40.960883,14.914753,50.0,8425.904,72833.689
PF16/0022/H268,CE,40.600201,14.461555,50.0,-31476.529,34449.787
PF17/0022/H268,CE,40.95597,14.913041,50.0,7880.659,72689.065
PF19/0022/H268,CE,40.958915,14.924218,50.0,8206.662,73630.014
PF20/0022/H268,CE,40.961919,14.925878,12.0,8540.0,73770.0
PF01/0023/H268,CE,40.952376,14.907281,50.0,7482.105,72203.871
PF02/0023/H268,CE,40.587961,14.441197,50.0,-32824.472,32718.716
PF01/0024/H268,CE,40.956577,14.924007,50.0,7947.088,73612.023
PF01/0002/H398,CE,40.761332,14.193011,50.0,-13416.139,11892.551
PF03/0002/H398,CE,40.758334,14.194344,12.0,-13750.0,12002.0
PF04/0002/H398,CE,40.760322,14.196441,50.0,-13531.0,12181.0
PF05/0002/H398,CE,40.76384,14.199521,50.0,-13142.818,12444.551
PF06/0002/H398,CE,40.767262,14.195187,50.0,-12759.633,12082.3
PF07/0002/H398,CE,40.765008,14.193492,50.0,-13008.487,11936.894
PF08/0002/H398,CE,40.769083,14.198456,50.0,-12560.0,12360.0
PF09/0002/H398,CE,40.757059,14.189938,50.0,-13888.096,11628.771
PF01/0003/H398,CE,40.744803,14.173753,50.0,-15235.857,10249.739
PF03/0003/H398,CE,40.747489,14.174078,50.0,-14938.0,10280.0
PF04/0003/H398,CE,40.74693,14.167516,50.0,-14994.849,9725.458
PF05/0003/H398,CE,40.745954,14.177366,12.0,-15111.0,10556.0
PF02/0004/H398,CE,40.745595,14.181418,10.0,-15154.0,10897.7
PF05/0004/H398,CE,40.744146,14.180484,50.0,-15314.143,10817.405
PF08/0004/H398,CE,40.745552,14.191972,50.0,-15167.043,11788.698
PF10/0004/H398,CE,40.743915,14.189709,10.0,-15347.0,11596.0
PF11/0004/H398,CE,40.744014,14.192954,50.0,-15338.561,11870.074
PF12/0004/H398,CE,40.75058,14.195508,50.0,-14611.63,12092.396
PF13/0004/H398,CE,40.746254,14.183964,50.0,-15082.875,11113.329
PF14/0004/H398,CE,40.74649,14.19526,50.0,-15065.545,12067.292
PF15/0004/H398,CE,40.742429,14.187193,50.0,-15510.0,11382.0
PF16/0004/H398,CE,40.750493,14.191193,12.0,-14618.0,11728.0
PF17/0004/H398,CE,40.747472,14.189536,12.0,-14952.0,11585.0
PF18/0004/H398,CE,40.746882,14.184947,12.0,-15014.0,11197.0
PF01/0005/H398,CE,40.737677,14.183012,50.0,-16034.304,11024.083
PF02/0005/H398,CE,40.738357,14.184587,50.0,-15959.992,11157.795
PF06/0005/H398,CE,40.736252,14.175485,50.0,-16186.561,10387.111
PF08/0005/H398,CE,40.733115,14.183725,50.0,-16541.294,11079.62
PF09/0005/H398,CE,40.736464,14.183739,50.0,-16169.475,11084.255
PF10/0005/H398,CE,40.735111,14.186678,12.0,-16322.0,11331.0
PF13/0005/H398,CE,40.736421,14.179207,50.0,-16170.659,10701.51
PF15/0005/H398,CE,40.738158,14.180559,50.0,-15978.968,10817.477
PF16/0005/H398,CE,40.738039,14.173725,50.0,-15986.719,10240.34
PF01/0006/H398,CE,40.742771,14.18906,10.0,-15473.5,11540.0
PF02/0006/H398,CE,40.741357,14.184375,50.0,-15626.839,11143.017
PF03/0006/H398,CE,40.741923,14.191392,10.0,-15569.5,11736.0
PF04/0006/H398,CE,40.742682,14.196122,50.0,-15488.891,12136.214
PF06/0006/H398,CE,40.738632,14.188183,50.0,-15932.278,11461.709
PF07/0006/H398,CE,40.739663,14.191945,50.0,-15820.812,11780.378
PF08/0006/H398,CE,40.739725,14.195005,50.0,-15816.246,12038.881
PF11/0006/H398,CE,40.737742,14.196351,10.0,-16037.5,12150.5
PF14/0006/H398,CE,40.735279,14.197192,10.0,-16311.5,12219.0
PF15/0006/H398,CE,40.73404,14.200563,50.0,-16451.71,12502.431
PF16/0006/H398,CE,40.734693,14.188556,50.0,-16369.91,11489.204
PF17/0006/H398,CE,40.736768,14.185308,50.0,-16137.018,11217.014
PF18/0006/H398,CE,40.734429,14.194072,50.0,-16403.511,11954.692
PF19/0006/H398,CE,40.736601,14.19901,50.0,-16166.136,12373.835
PF20/0006/H398,CE,40.739068,14.198489,50.0,-15891.945,12332.359
PF21/0006/H398,CE,40.742021,14.191843,50.0,-15558.98,11774.207
PF22/0006/H398,CE,40.736154,14.187463,50.0,-16206.805,11398.384
PF23/0006/H398,CE,40.73681,14.19099,50.0,-16136.709,11696.893
PF01/0007/H398,CE,40.753676,14.195466,12.0,-14268.0,12092.0
PF02/0007/H398,CE,40.752844,14.198983,12.0,-14363.0,12388.0
PF03/0007/H398,CE,40.749497,14.200788,12.0,-14736.0,12537.0
PF04/0007/H398,CE,40.756762,14.19755,12.0,-13927.0,12271.0
PF05/0007/H398,CE,40.754325,14.201998,12.0,-14201.0,12644.0
PF06/0007/H398,CE,40.748623,14.20999,12.0,-14840.0,13313.0
PF01/0008/H398,CE,40.733597,14.179691,50.0,-16484.587,10739.452
PF03/0008/H398,CE,40.729472,14.182157,50.0,-16944.45,10943.425
PF05/0008/H398,CE,40.734482,14.17174,12.0,-16380.0,10069.0
PF06/0008/H398,CE,40.72953,14.174596,12.0,-16932.0,10305.0
PF01/0009/H398,CE,40.73314,14.189194,50.0,-16542.795,11541.43
PF02/0009/H398,CE,40.733033,14.200606,10.0,-16563.5,12505.0
PF04/0009/H398,CE,40.731924,14.19165,50.0,-16679.692,11747.58
PF05/0009/H398,CE,40.732162,14.199038,50.0,-16659.0,12371.755
PF08/0009/H398,CE,40.7302,14.198491,50.0,-16876.31,12323.561
PF12/0009/H398,CE,40.729991,14.187703,50.0,-16891.169,11412.283
PF01/0010/H398,CE,40.727873,14.202739,50.0,-17137.915,12679.882
PF02/0010/H398,CE,40.73223,14.206423,50.0,-16657.058,12995.433
PF03/0010/H398,CE,40.73046,14.201803,12.0,-16850.0,12603.5
PF04/0010/H398,CE,40.733476,14.201572,12.0,-16515.0,12587.0
PF05/0010/H398,CE,40.727068,14.199789,12.0,-17225.0,12430.0
PF02/0011/H398,CE,40.935412,14.227217,50.0,5882.465,14950.286
PF03/0011/H398,CE,40.724157,13.915079,12.0,-17290.0,-11618.0
PF04/0011/H398,CE,40.723923,13.912276,50.0,-17313.004,-11855.046
PF06/0011/H398,CE,40.726559,14.211617,50.0,-17290.509,13428.352
PF07/0011/H398,CE,40.717774,14.214558,12.0,-18268.0,13668.0
PF08/0011/H398,CE,40.937574,14.222037,50.0,6126.318,14516.4
PF09/0011/H398,CE,40.726279,14.214683,12.0,-17324.0,13687.0
PF02/0012/H398,CE,41.022043,14.226713,32.0,15499.982,14993.048
PF03/0012/H398,CE,40.741965,14.225275,50.0,-15590.586,14596.857
PF04/0012/H398,CE,40.741844,14.221174,50.0,-15601.0,14250.5
PF05/0012/H398,CE,40.739393,14.224854,50.0,-15875.819,14558.842
PF06/0012/H398,CE,40.741984,14.229931,50.0,-15592.0,14990.0
PF01/0013/H398,CE,40.72811,14.181979,10.0,-17095.5,10927.0
PF02/0013/H398,CE,40.727614,14.185498,50.0,-17153.244,11223.688
PF03/0013/H398,CE,40.7282,14.188533,50.0,-17090.573,11480.554
PF08/0013/H398,CE,40.726884,14.179413,10.0,-17229.5,10709.0
PF11/0013/H398,CE,40.72455,14.191637,50.0,-17498.221,11738.989
PF12/0013/H398,CE,40.722355,14.178379,10.0,-17731.5,10617.0
PF13/0013/H398,CE,40.722653,14.181865,50.0,-17701.141,10911.708
PF14/0013/H398,CE,40.72256,14.185049,10.0,-17714.0,11180.5
PF19/0013/H398,CE,40.720692,14.177642,50.0,-17915.5,10553.0
PF20/0013/H398,CE,40.723458,14.177128,50.0,-17608.0,10512.5
PF21/0013/H398,CE,40.725893,14.179431,50.0,-17339.608,10709.555
PF22/0013/H398,CE,40.723494,14.188744,50.0,-17613.152,11493.573
PF23/0013/H398,CE,40.720859,14.188894,50.0,-17905.855,11503.536
PF24/0013/H398,CE,40.72237,14.192635,50.0,-17741.0,11821.0
PF26/0013/H398,CE,40.724306,14.183624,12.0,-17519.0,11062.0
PF27/0013/H398,CE,40.725912,14.189016,12.0,-17345.0,11519.0
PF28/0013/H398,CE,40.7251,14.186344,12.0,-17433.072,11292.488
PF01/0014/H398,CE,40.715196,14.166889,52.0,-18517.005,9639.023
PF02/0014/H398,CE,40.714088,14.172079,50.0,-18644.23,10076.245
PF03/0014/H398,CE,40.713449,14.165632,52.0,-18709.995,9531.028
PF04/0014/H398,CE,40.712871,14.175336,50.0,-18781.914,10350.149
PF05/0014/H398,CE,40.718791,14.174445,12.0,-18124.0,10281.0
PF03/0015/H398,CE,40.716336,14.192873,52.0,-18410.988,11835.004
PF04/0015/H398,CE,40.712257,14.182528,50.0,-18855.66,10956.945
PF06/0015/H398,CE,40.715138,14.190307,12.0,-18542.0,11617.0
PF07/0015/H398,CE,40.717552,14.190249,50.0,-18273.997,11614.566
PF08/0015/H398,CE,40.71817,14.193573,12.0,-18208.0,11896.0
PF09/0015/H398,CE,40.709422,14.183977,50.0,-19171.528,11076.44
PF10/0015/H398,CE,40.718654,14.179385,50.0,-18143.134,10698.085
PF03/0016/H398,CE,40.70315,14.202336,50.0,-19882.027,12620.964
PF04/0016/H398,CE,40.703128,14.203002,50.0,-19884.973,12677.21
PF05/0016/H398,CE,40.703097,14.206056,50.0,-19890.787,12935.154
PF06/0016/H398,CE,40.720977,14.211347,12.0,-17910.0,13400.0
PF07/0016/H398,CE,40.707366,14.207542,12.0,-19418.0,13065.0
PF08/0016/H398,CE,40.720806,14.195468,50.0,-17916.828,12058.735
PF09/0016/H398,CE,40.706578,14.200354,12.0,-19500.0,12457.0
PF10/0016/H398,CE,40.714972,14.21054,50.0,-18576.035,13325.822
PF11/0016/H398,CE,40.714255,14.20591,50.0,-18652.0,12934.0
PF12/0016/H398,CE,40.719443,14.203148,12.0,-18074.0,12706.0
PF13/0016/H398,CE,40.727901,14.191206,50.0,-17125.95,11706.0
PF14/0016/H398,CE,40.712048,14.21105,12.0,-18901.0,13366.0
PF15/0016/H398,CE,40.705142,14.206361,12.0,-19664.0,12963.0
PF01/0018/H398,CE,40.70471,14.163616,10.0,-19678.5,9351.5
PF02/0018/H398,CE,40.705289,14.165911,50.0,-19616.0,9546.0
PF03/0018/H398,CE,40.70877,14.166412,10.0,-19230.0,9592.0
PF04/0018/H398,CE,40.706284,14.167651,10.0,-19507.0,9694.0
PF07/0018/H398,CE,40.705456,14.170277,10.0,-19601.0,9915.0
PF08/0018/H398,CE,40.707736,14.171077,10.0,-19348.5,9985.0
PF09/0018/H398,CE,40.710417,14.172465,10.0,-19052.0,10105.0
PF10/0018/H398,CE,40.702576,14.172949,50.0,-19922.848,10137.701
PF13/0018/H398,CE,40.711143,14.179559,10.0,-18977.0,10705.0
PF15/0018/H398,CE,40.708658,14.181033,10.0,-19254.0,10827.0
PF16/0018/H398,CE,40.704017,14.169884,50.0,-19760.39,9880.262
PF20/0018/H398,CE,40.701743,14.169061,50.0,-20012.211,9808.417
PF21/0018/H398,CE,40.709791,14.176954,50.0,-19125.114,10483.538
PF22/0018/H398,CE,40.707588,14.172561,50.0,-19366.143,10110.166
PF23/0018/H398,CE,40.710258,14.169069,12.0,-19067.0,9818.0
PF01/0019/H398,CE,40.703862,14.199103,50.0,-19800.57,12348.568
PF02/0019/H398,CE,40.875651,14.054581,50.0,-608.896,344.998
PF03/0019/H398,CE,40.710025,14.189066,50.0,-19108.616,11506.922
PF04/0019/H398,CE,40.706102,14.195632,50.0,-19549.222,12057.628
PF05/0019/H398,CE,40.70507,14.185623,50.0,-19656.0,11211.0
PF06/0019/H398,CE,40.710085,14.19817,12.0,-19109.0,12276.0
PF13/0019/H398,CE,40.703258,14.179206,12.0,-19852.0,10667.0
PF02/0020/H398,CE,40.688257,14.166494,50.0,-21507.16,9577.277
PF04/0020/H398,CE,40.696554,14.173887,50.0,-20592.018,10210.643
PF05/0020/H398,CE,40.695037,14.171583,50.0,-20758.552,10014.402
PF08/0020/H398,CE,40.695636,14.165238,12.0,-20687.0,9479.0
PF09/0020/H398,CE,40.690469,14.17221,70.0,-21266.142,10062.635
PF01/0021/H398,CE,40.700209,14.180445,10.0,-20191.5,10768.5
PF02/0021/H398,CE,40.700361,14.186035,10.0,-20179.0,11241.0
PF04/0021/H398,CE,40.698478,14.177702,10.0,-20381.5,10535.0
PF05/0021/H398,CE,40.698659,14.181427,50.0,-20364.294,10849.907
PF08/0021/H398,CE,40.697364,14.183208,10.0,-20509.5,10999.0
PF09/0021/H398,CE,40.69773,14.184658,50.0,-20469.963,11121.958
PF10/0021/H398,CE,40.694209,14.175412,50.0,-20853.602,10337.048
PF11/0021/H398,CE,40.693989,14.178482,50.0,-20880.382,10596.247
PF12/0021/H398,CE,40.695264,14.182016,50.0,-20741.683,10896.12
PF13/0021/H398,CE,40.695161,14.185212,50.0,-20755.596,11166.09
PF14/0021/H398,CE,40.69349,14.180633,9.0,-20937.5,10777.5
PF15/0021/H398,CE,40.69326,14.183292,50.0,-20965.168,11001.866
PF20/0021/H398,CE,40.694866,14.178411,50.0,-20783.035,10591.19
PF21/0021/H398,CE,40.692341,14.186914,50.0,-21070.0,11307.0
PF22/0021/H398,CE,40.691885,14.175148,12.0,-21111.315,10312.334
PF02/0022/H398,CE,40.690389,14.194453,12.0,-21292.5,11942.0
PF03/0022/H398,CE,40.69105,14.192297,50.0,-21217.481,11760.46
PF04/0022/H398,CE,40.692323,14.193697,50.0,-21077.313,11880.09
PF05/0022/H398,CE,40.696965,14.198794,50.0,-20565.94,12315.475
PF06/0022/H398,CE,40.69828,14.188535,50.0,-20412.0,11450.0
PF07/0022/H398,CE,40.693781,14.18924,10.0,-20912.0,11505.0
PF01/0023/H398,CE,40.701082,14.199532,10.0,-20109.5,12382.0
PF04/0023/H398,CE,40.701425,14.210862,10.0,-20080.0,13339.5
PF08/0023/H398,CE,40.699103,14.211144,10.0,-20338.0,13361.0
PF09/0023/H398,CE,40.696878,14.201,50.0,-20577.281,12501.752
PF10/0023/H398,CE,40.695878,14.207797,10.0,-20693.5,13075.0
PF12/0023/H398,CE,40.696157,14.211021,50.0,-20664.954,13347.678
PF13/0023/H398,CE,40.693969,14.198209,10.0,-20898.0,12263.0
PF14/0023/H398,CE,40.692889,14.20353,10.0,-21022.0,12711.5
PF16/0023/H398,CE,40.691855,14.198536,10.0,-21133.0,12288.5
PF18/0023/H398,CE,40.691024,14.200919,10.0,-21227.0,12489.0
PF19/0023/H398,CE,40.688471,14.199648,10.0,-21509.5,12379.0
PF20/0023/H398,CE,40.699292,14.207993,50.0,-20314.603,13094.993
PF21/0023/H398,CE,40.698367,14.206444,50.0,-20416.121,12963.164
PF22/0023/H398,CE,40.701873,14.205468,50.0,-20026.217,12884.271
PF23/0023/H398,CE,40.701145,14.201361,50.0,-20103.845,12536.574
PF24/0023/H398,CE,40.695778,14.204492,50.0,-20702.021,12795.691
PF25/0023/H398,CE,40.692556,14.209723,50.0,-21063.734,13234.421
PF01/0024/H398,CE,40.691414,14.183257,9.0,-21170.0,10997.0
PF02/0024/H398,CE,40.689521,14.179926,50.0,-21377.55,10713.639
PF03/0024/H398,CE,40.685611,14.189909,12.0,-21819.433,11553.177
PF01/0025/H398,CE,40.682653,14.174622,70.0,-22135.744,10258.241
PF02/0025/H398,CE,40.682996,14.170079,50.0,-22094.074,9874.726
PF03/0025/H398,CE,40.681234,14.172965,12.0,-22291.975,10116.765
PF05/0025/H398,CE,40.681873,14.188199,50.0,-22233.007,11404.791
PF06/0025/H398,CE,40.686449,14.175739,70.0,-21715.195,10356.64
PF07/0025/H398,CE,40.681251,14.18039,50.0,-22295.933,10744.221
PF08/0025/H398,CE,40.685912,14.182335,70.0,-21780.053,10913.458
PF01/0026/H398,CE,40.67899,14.169897,50.0,-22538.565,9855.155
PF02/0026/H398,CE,40.671919,14.175126,50.0,-23327.631,10289.718
PF03/0026/H398,CE,40.674213,14.169192,50.0,-23068.314,9790.556
PF04/0026/H398,CE,40.667797,14.173595,12.0,-23784.0,10156.0
PF05/0026/H398,CE,40.670112,14.171058,12.0,-23525.0,9944.0
PF01/0027/H398,CE,40.660877,14.180873,12.0,-24558.0,10764.0
PF02/0027/H398,CE,40.665811,14.180265,50.0,-24009.828,10717.721
PF03/0027/H398,CE,40.666429,14.176203,50.0,-23938.0,10375.0
PF02/0028/H398,CE,40.669225,14.194937,50.0,-23642.288,11961.348
PF04/0028/H398,CE,40.667741,14.193069,10.0,-23805.5,11802.0
PF06/0028/H398,CE,40.66952,14.191826,12.0,-23607.1,11698.7
PF07/0028/H398,CE,40.666585,14.18996,10.0,-23931.5,11538.0
PF08/0028/H398,CE,40.667094,14.201051,10.0,-23883.5,12476.0
PF09/0028/H398,CE,40.66575,14.197506,10.0,-24030.0,12175.0
PF10/0028/H398,CE,40.664815,14.185492,10.0,-24124.5,11158.5
PF11/0028/H398,CE,40.664241,14.199453,10.0,-24199.0,12338.0
PF13/0028/H398,CE,40.663052,14.195504,10.0,-24328.0,12003.0
PF14/0028/H398,CE,40.661481,14.201579,10.0,-24507.0,12515.0
PF15/0028/H398,CE,40.665073,14.198638,12.0,-24106.0,12270.0
PF16/0028/H398,CE,40.664418,14.192494,12.0,-24174.0,11750.0
PF17/0028/H398,CE,40.661591,14.196054,12.0,-24490.5,12048.0
PF18/0028/H398,CE,40.667759,14.197518,12.0,-23807.0,12178.0
PF19/0028/H398,CE,40.664261,14.203581,12.0,-24200.0,12687.0
PF02/0001/H423,CE,41.007639,13.955151,50.0,14138.744,-7858.092
PF05/0001/H423,CE,41.004281,13.945526,50.0,13775.778,-8672.0
PF07/0001/H423,CE,41.010466,13.949287,50.0,14458.5,-8347.5
PF08/0001/H423,CE,41.008712,13.958916,50.0,14254.131,-7540.047
PF09/0001/H423,CE,41.010079,13.956723,50.0,14408.115,-7722.633
PF10/0001/H423,CE,41.013669,13.957293,12.0,14806.0,-7670.0
PF11/0001/H423,CE,41.005616,13.952303,50.0,13917.072,-8100.284
PF12/0001/H423,CE,41.011256,13.953733,50.0,14541.707,-7972.564
PF13/0001/H423,CE,41.007558,13.94379,50.0,14141.243,-8813.627
PF01/0002/H423,CE,41.01405,13.960629,10.0,14845.0,-7389.0
PF02/0002/H423,CE,41.012978,13.965116,50.0,14721.481,-7013.045
PF04/0002/H423,CE,41.006198,13.958602,50.0,13975.345,-7569.844
PF07/0002/H423,CE,41.009909,13.958904,12.0,14387.0,-7539.5
PF08/0002/H423,CE,41.011645,13.963268,50.0,14575.351,-7170.209
PF01/0003/H423,CE,41.003747,13.944988,12.0,13717.0,-8718.0
PF02/0003/H423,CE,41.012436,13.943729,50.0,14682.882,-8812.182
PF03/0003/H423,CE,41.003751,13.945004,50.0,13717.422,-8716.647
PF04/0003/H423,CE,41.002355,13.9435,12.0,13564.0,-8845.0
PF05/0003/H423,CE,41.003787,13.942482,50.0,13723.928,-8928.729
PF06/0003/H423,CE,41.002867,13.939402,12.0,13625.0,-9189.0
PF07/0003/H423,CE,41.001165,13.930761,50.0,13444.867,-9918.04
PF08/0003/H423,CE,41.005698,13.940621,50.0,13938.04,-9082.592
PF10/0003/H423,CE,40.997925,13.935807,12.0,13080.0,-9498.0
PF11/0003/H423,CE,41.000503,13.939903,12.0,13362.0,-9150.0
PF01/0004/H423,CE,40.99974,13.958963,50.0,13258.0,-7548.0
PF02/0004/H423,CE,41.000067,13.953084,50.0,13300.244,-8042.004
PF04/0004/H423,CE,41.001093,13.956715,50.0,13410.464,-7735.279
PF05/0004/H423,CE,40.996349,13.945394,50.0,12895.326,-8693.726
PF06/0004/H423,CE,40.999931,13.949787,50.0,13288.5,-8319.5
PF07/0004/H423,CE,41.00475,13.954679,50.0,13818.583,-7901.608
PF08/0004/H423,CE,41.003655,13.958062,50.0,13693.531,-7618.554
PF09/0004/H423,CE,41.004874,13.949293,50.0,13837.699,-8354.433
PF10/0004/H423,CE,41.002724,13.951054,50.0,13597.29,-8209.218
PF11/0004/H423,CE,40.996159,13.957497,12.0,12862.0,-7676.0
PF12/0004/H423,CE,40.99914,13.946769,50.0,13203.693,-8574.393
PF13/0004/H423,CE,41.002559,13.948086,12.0,13582.0,-8459.0
PF14/0004/H423,CE,40.997517,13.950283,50.0,13020.0,-8281.0
PF02/0005/H423,CE,41.006562,13.967813,10.0,14006.5,-6794.7
PF03/0005/H423,CE,41.002598,13.96928,10.0,13565.0,-6676.5
PF05/0005/H423,CE,40.997522,13.966773,50.0,13004.055,-6894.042
PF07/0005/H423,CE,40.996685,13.972834,50.0,12905.049,-6385.377
PF08/0005/H423,CE,40.997008,13.969213,12.0,12944.5,-6689.5
PF10/0005/H423,CE,40.999703,13.972621,12.0,13240.354,-6399.298
PF11/0005/H423,CE,41.007569,13.96151,50.0,14124.646,-7323.417
PF12/0005/H423,CE,41.008802,13.967298,50.0,14255.77,-6835.075
PF13/0005/H423,CE,41.005848,13.966305,50.0,13928.745,-6922.478
PF14/0005/H423,CE,40.997252,13.969881,50.0,12971.0,-6633.0
PF15/0005/H423,CE,40.997927,13.962911,50.0,13052.814,-7218.333
PF16/0005/H423,CE,41.000404,13.969772,12.0,13321.0,-6638.0
PF17/0005/H423,CE,41.001321,13.96253,50.0,13430.006,-7245.879
PF18/0005/H423,CE,41.001869,13.973376,50.0,13480.0,-6333.0
PF01/0006/H423,CE,41.004869,13.986701,50.0,13800.0,-5208.5
PF02/0006/H423,CE,41.003176,14.111773,12.0,13497.5,5308.0
PF03/0006/H423,CE,41.003037,13.984217,50.0,13599.085,-5419.742
PF04/0006/H423,CE,41.004207,13.979308,50.0,13733.794,-5831.04
PF05/0006/H423,CE,41.002342,13.981292,50.0,13524.773,-5666.666
PF06/0006/H423,CE,41.006388,13.981898,50.0,13973.332,-5610.402
PF08/0006/H423,CE,41.00983,14.113273,50.0,14234.905,5441.609
PF09/0006/H423,CE,41.011039,13.984626,12.0,14487.0,-5375.0
PF10/0006/H423,CE,41.006562,13.976891,50.0,13997.606,-6031.291
PF11/0006/H423,CE,41.004249,13.97404,50.0,13743.651,-6274.031
PF12/0006/H423,CE,41.008643,13.978515,50.0,14227.0,-5892.0
PF13/0006/H423,CE,41.00863,13.983093,12.0,14221.0,-5507.0
PF02/0007/H423,CE,41.001879,13.978548,10.0,13476.0,-5898.0
PF03/0007/H423,CE,41.001695,14.121638,10.0,13324.7,6136.0
PF08/0007/H423,CE,40.990546,13.980192,50.0,12216.307,-5774.46
PF11/0007/H423,CE,40.993127,13.979533,12.0,12503.5,-5826.5
PF13/0007/H423,CE,40.99455,13.976781,50.0,12664.139,-6056.199
PF14/0007/H423,CE,40.99377,13.973157,50.0,12581.159,-6361.964
PF15/0007/H423,CE,40.997243,13.975763,50.0,12964.16,-6138.236
PF16/0007/H423,CE,40.991344,13.975446,50.0,12309.571,-6172.594
PF01/0008/H423,CE,40.995933,13.981143,50.0,12813.426,-5687.487
PF02/0008/H423,CE,40.997517,13.98437,50.0,12986.126,-5414.027
PF03/0008/H423,CE,40.994237,13.982851,12.0,12623.5,-5546.0
PF04/0008/H423,CE,40.993052,13.988608,50.0,12486.287,-5063.32
PF05/0008/H423,CE,40.991662,13.987838,50.0,12332.709,-5129.871
PF06/0008/H423,CE,40.994123,13.98011,50.0,12613.531,-5776.734
PF07/0008/H423,CE,40.989728,13.989366,50.0,12116.565,-5003.84
PF08/0008/H423,CE,40.991202,13.985212,50.0,12284.207,-5351.293
PF09/0008/H423,CE,40.991076,13.981991,50.0,12273.42,-5622.408
PF10/0008/H423,CE,40.994012,13.985411,50.0,12596.0,-5331.0
PF11/0008/H423,CE,40.997621,13.988161,50.0,12993.989,-5094.983
PF12/0008/H423,CE,41.000445,13.983445,50.0,13312.0,-5488.0
PF13/0008/H423,CE,40.998543,13.981219,50.0,13103.05,-5677.682
PF01/0009/H423,CE,40.992211,13.990418,50.0,12391.155,-4912.159
PF02/0009/H423,CE,40.993546,13.994376,12.0,12535.5,-4577.5
PF04/0009/H423,CE,40.987717,13.9918,50.0,11890.954,-4801.647
PF05/0009/H423,CE,40.99948,13.993614,50.0,13195.0,-4634.0
PF06/0009/H423,CE,40.996424,13.991702,50.0,12857.616,-4798.699
PF01/0010/H423,CE,40.996662,13.939652,50.0,12935.894,-9176.279
PF02/0010/H423,CE,40.995689,14.158515,10.0,12627.4,9231.0
PF03/0010/H423,CE,40.993364,14.157035,10.0,12370.5,9104.0
PF04/0010/H423,CE,40.991126,14.160033,10.0,12119.6,9353.8
PF05/0010/H423,CE,40.989929,14.156394,10.0,11989.7,9046.4
PF06/0010/H423,CE,40.986823,13.937018,50.0,11846.361,-9411.142
PF07/0010/H423,CE,40.985776,13.941788,50.0,11725.201,-9011.272
PF08/0010/H423,CE,40.998615,13.942722,50.0,13149.59,-8915.421
PF09/0010/H423,CE,40.985081,13.93501,50.0,11654.969,-9582.457
PF10/0010/H423,CE,40.983486,13.936896,50.0,11475.99,-9425.894
PF11/0010/H423,CE,40.996428,13.938613,12.0,12911.0,-9264.0
PF01/0011/H423,CE,40.993419,14.150206,10.0,12382.2,8529.7
PF02/0011/H423,CE,40.991797,14.151509,10.0,12201.0,8637.5
PF03/0011/H423,CE,40.990294,14.148958,10.0,12036.2,8421.3
PF04/0011/H423,CE,40.98525,13.946738,54.0,11661.786,-8595.592
PF07/0011/H423,CE,40.983443,13.953901,50.0,11453.903,-7995.422
PF08/0011/H423,CE,40.992829,13.950892,12.0,12499.0,-8236.0
PF09/0011/H423,CE,40.983569,13.950106,50.0,11471.798,-8314.532
PF05/0012/H423,CE,40.989559,13.961379,50.0,12125.367,-7358.213
PF09/0012/H423,CE,40.989602,13.956731,50.0,12134.803,-7749.207
PF02/0013/H423,CE,40.994482,13.963701,50.0,12669.601,-7156.453
PF03/0013/H423,CE,40.995098,13.966653,50.0,12735.019,-6907.349
PF06/0013/H423,CE,40.989515,13.974029,50.0,12107.885,-6294.21
PF08/0013/H423,CE,40.988897,13.971586,50.0,12041.688,-6500.51
PF10/0013/H423,CE,40.987624,13.965296,50.0,11906.718,-7031.297
PF11/0013/H423,CE,40.99436,13.969793,50.0,12649.966,-6644.143
PF12/0013/H423,CE,40.990701,13.966264,50.0,12247.308,-6945.845
PF13/0013/H423,CE,40.991538,13.962233,50.0,12344.192,-7283.817
PF14/0013/H423,CE,40.989006,13.962365,12.0,12063.0,-7276.0
PF15/0013/H423,CE,40.989086,13.968547,50.0,12065.719,-6755.919
PF16/0013/H423,CE,40.99205,13.970458,50.0,12392.867,-6591.279
PF04/0014/H423,CE,40.985829,13.970041,50.0,11702.716,-6634.461
PF11/0015/H423,CE,40.981348,13.985788,50.0,11189.743,-5315.576
PF14/0015/H423,CE,40.984479,13.975346,50.0,11547.534,-6189.986
PF15/0015/H423,CE,40.987912,13.980551,50.0,11923.53,-5747.664
PF16/0015/H423,CE,40.984197,13.989311,50.0,11502.517,-5015.498
PF17/0015/H423,CE,40.988297,13.985017,50.0,11961.874,-5371.471
PF19/0015/H423,CE,40.985523,13.983815,50.0,11655.137,-5476.215
PF21/0015/H423,CE,40.985172,13.978558,50.0,11621.342,-5918.873
PF22/0015/H423,CE,40.982172,13.973218,12.0,11293.5,-6372.0
PF23/0015/H423,CE,40.984029,13.98623,50.0,11486.913,-5274.947
PF24/0015/H423,CE,40.989352,13.977577,50.0,12086.385,-5995.955
PF25/0015/H423,CE,40.987611,13.974734,50.0,11895.837,-6237.371
PF26/0015/H423,CE,40.983674,13.98173,50.0,11451.913,-5653.963
PF27/0015/H423,CE,40.989598,13.983267,12.0,12108.0,-5517.0
PF28/0015/H423,CE,40.981161,13.980651,12.0,11174.0,-5748.0
PF02/0016/H423,CE,40.985277,14.099533,32.0,11521.009,4258.103
PF03/0016/H423,CE,40.986723,14.101844,32.0,11679.48,4454.176
PF05/0016/H423,CE,40.982635,13.991564,12.0,11327.0,-4828.0
PF06/0016/H423,CE,40.977538,13.992688,12.0,10760.0,-4740.0
PF07/0016/H423,CE,40.985299,13.99333,12.0,11621.0,-4676.0
PF08/0016/H423,CE,40.980545,13.998077,50.0,11088.684,-4282.789
PF01/0017/H423,CE,40.983595,14.008722,50.0,11416.97,-3383.374
PF02/0017/H423,CE,40.981723,14.007857,50.0,11209.973,-3458.465
PF04/0017/H423,CE,40.982335,14.000537,12.0,11285.0,-4073.5
PF05/0017/H423,CE,40.984686,14.001577,12.0,11545.0,-3983.0
PF06/0017/H423,CE,40.983711,14.004469,50.0,11434.0,-3741.0
PF07/0017/H423,CE,40.989524,14.00793,12.0,12076.0,-3442.5
PF08/0017/H423,CE,40.990235,14.012027,12.0,12151.0,-3097.0
PF09/0017/H423,CE,40.987423,14.010814,12.0,11840.0,-3202.5
PF10/0017/H423,CE,40.986404,14.007044,12.0,11730.5,-3521.0
PF11/0017/H423,CE,40.979302,14.009171,12.0,10940.0,-3351.0
PF12/0017/H423,CE,40.976836,14.002112,50.0,10673.0,-3948.0
PF02/0018/H423,CE,40.985809,14.013946,50.0,11657.867,-2941.136
PF03/0018/H423,CE,40.982181,14.016066,50.0,11253.105,-2767.272
PF04/0018/H423,CE,40.985929,14.019163,50.0,11666.207,-2502.045
PF05/0018/H423,CE,40.983164,14.020524,12.0,11358.0,-2391.0
PF06/0018/H423,CE,40.982405,14.02447,12.0,11270.0,-2060.0
PF07/0018/H423,CE,40.983737,14.012742,12.0,11429.0,-3045.0
PF08/0018/H423,CE,40.981334,14.01185,12.0,11163.0,-3123.0
PF02/0019/H423,CE,40.981186,13.945792,50.0,11211.639,-8680.599
PF05/0019/H423,CE,40.979327,13.947247,50.0,11003.755,-8560.707
PF06/0019/H423,CE,40.978269,14.152954,10.0,10698.0,8744.5
PF10/0019/H423,CE,40.982065,13.943343,50.0,11311.606,-8885.485
PF12/0019/H423,CE,40.978526,13.944547,50.0,10917.538,-8788.888
PF13/0019/H423,CE,40.982887,13.947022,50.0,11399.14,-8574.873
PF15/0019/H423,CE,40.976487,13.950751,50.0,10684.905,-8269.656
PF01/0020/H423,CE,40.983305,13.957226,50.0,11435.248,-7715.861
PF05/0020/H423,CE,40.982739,13.968041,50.0,11361.641,-6806.796
PF07/0020/H423,CE,40.985301,13.966339,50.0,11647.753,-6946.609
PF12/0020/H423,CE,40.980999,13.957053,50.0,11179.414,-7733.49
PF16/0020/H423,CE,40.982373,13.963246,50.0,11325.74,-7210.639
PF17/0020/H423,CE,40.984973,13.963034,50.0,11614.633,-7225.111
PF18/0020/H423,CE,40.983854,13.959817,50.0,11493.636,-7497.158
PF19/0020/H423,CE,40.981126,13.960833,50.0,11189.739,-7415.277
PF01/0021/H423,CE,40.980313,13.950425,9.0,11110.0,-8292.0
PF02/0021/H423,CE,40.980584,13.953945,9.0,11136.5,-7995.5
PF04/0021/H423,CE,40.980267,13.961126,50.0,11094.057,-7391.791
PF08/0021/H423,CE,40.977118,13.961936,50.0,10743.662,-7327.781
PF09/0021/H423,CE,40.974094,13.963033,50.0,10406.942,-7239.477
PF10/0021/H423,CE,40.974721,13.960388,50.0,10479.125,-7461.204
PF11/0021/H423,CE,40.979027,13.96505,50.0,10952.563,-7063.298
PF13/0021/H423,CE,40.974285,13.967918,50.0,10423.193,-6828.237
PF15/0021/H423,CE,40.975994,13.965059,50.0,10615.779,-7066.504
PF16/0021/H423,CE,40.97557,13.953828,12.0,10580.0,-8012.0
PF17/0021/H423,CE,40.978067,13.95453,50.0,10856.496,-7949.632
PF18/0021/H423,CE,40.971757,13.962737,50.0,10147.777,-7267.509
PF01/0022/H423,CE,40.971591,13.973786,50.0,10118.385,-6338.006
PF02/0022/H423,CE,40.973993,13.979395,12.0,10379.5,-5863.0
PF03/0022/H423,CE,40.971832,13.980053,50.0,10138.92,-5810.423
PF04/0022/H423,CE,40.973407,13.992564,50.0,10301.603,-4755.66
PF05/0022/H423,CE,40.978625,13.983174,12.0,10890.0,-5539.0
PF07/0022/H423,CE,40.97738,13.96949,50.0,10765.248,-6691.931
PF09/0022/H423,CE,40.979178,13.980218,50.0,10954.255,-5786.992
PF10/0022/H423,CE,40.975615,13.981937,12.0,10557.0,-5647.0
PF11/0022/H423,CE,40.976614,13.978891,12.0,10671.0,-5902.0
PF12/0022/H423,CE,40.979455,13.976172,12.0,10989.0,-6127.0
PF13/0022/H423,CE,40.975833,13.97611,12.0,10587.0,-6137.0
PF14/0022/H423,CE,40.980026,13.985803,12.0,11043.0,-5316.0
PF15/0022/H423,CE,40.975705,13.985049,12.0,10564.0,-5385.0
PF16/0022/H423,CE,40.976597,13.972781,50.0,10675.103,-6416.05
PF17/0022/H423,CE,40.978323,13.987755,12.0,10852.0,-5154.0
PF18/0022/H423,CE,40.979573,13.970576,50.0,11007.699,-6597.639
PF19/0022/H423,CE,40.974001,13.973689,50.0,10386.0,-6343.0
PF20/0022/H423,CE,40.973555,13.988458,50.0,10322.0,-5101.0
PF01/0023/H423,CE,40.971027,13.953074,50.0,10076.474,-8081.509
PF02/0023/H423,CE,40.973298,13.952885,50.0,10328.729,-8094.378
PF04/0023/H423,CE,40.968515,13.953583,12.0,9797.0,-8042.0
PF05/0023/H423,CE,40.974029,13.949878,50.0,10412.968,-8346.438
PF06/0023/H423,CE,40.970799,13.94986,50.0,10054.313,-8352.271
PF07/0023/H423,CE,40.971996,13.944151,10.0,10193.0,-8831.0
PF01/0024/H423,CE,40.973014,14.142278,10.0,10123.5,7840.6
PF02/0024/H423,CE,40.971129,14.138112,10.0,9917.6,7488.0
PF03/0024/H423,CE,40.971307,14.13492,10.0,9940.0,7219.6
PF04/0024/H423,CE,40.972557,14.130826,10.0,10082.2,6876.5
PF05/0024/H423,CE,40.971598,14.127562,10.0,9978.5,6600.8
PF06/0024/H423,CE,40.968526,13.956667,50.0,9795.186,-7782.536
PF07/0024/H423,CE,40.970232,14.136985,10.0,9819.0,7392.2
PF08/0024/H423,CE,40.969344,14.131991,10.0,9724.6,6971.0
PF10/0024/H423,CE,40.968335,13.973842,50.0,9756.871,-6337.556
PF11/0024/H423,CE,40.965768,13.955659,12.0,9490.0,-7871.0
PF14/0024/H423,CE,40.968507,13.969698,12.0,9780.0,-6686.0
PF01/0025/H423,CE,40.970305,13.97521,50.0,9974.218,-6219.854
PF05/0025/H423,CE,40.969253,14.107953,50.0,9734.8,4948.3
PF06/0025/H423,CE,40.967953,14.122623,10.0,9578.0,6181.2
PF08/0025/H423,CE,40.9664,13.984042,50.0,9531.945,-5481.767
PF11/0025/H423,CE,40.963464,13.983134,12.0,9207.0,-5562.0
PF13/0025/H423,CE,40.970468,13.972251,50.0,9995.196,-6468.641
PF14/0025/H423,CE,40.971632,13.978265,50.0,10118.466,-5961.141
PF15/0025/H423,CE,40.963026,13.986587,12.0,9155.0,-5272.0
PF16/0025/H423,CE,40.964488,13.988793,50.0,9315.11,-5084.481
PF17/0025/H423,CE,40.970536,13.984402,50.0,9990.746,-5446.165
PF18/0025/H423,CE,40.969354,13.981149,50.0,9862.785,-5721.368
PF19/0025/H423,CE,40.967576,13.979451,50.0,9667.055,-5866.592
PF20/0025/H423,CE,40.967672,13.986976,50.0,9670.307,-5233.245
PF02/0026/H423,CE,40.958125,13.979318,10.0,8618.0,-5890.0
PF03/0026/H423,CE,40.959596,13.984582,12.0,8776.1,-5445.1
PF04/0026/H423,CE,40.962207,13.977461,12.0,9073.0,-6041.0
PF01/0027/H423,CE,40.953855,13.979301,10.0,8144.0,-5897.0
PF01/0028/H423,CE,40.956414,14.108188,50.0,8309.324,4953.487
PF02/0028/H423,CE,40.956117,13.987536,10.0,8387.0,-5201.0
PF02/0001/H436,CE,40.650101,14.496715,8.0,-25955.06,37456.4
PF03/0001/H436,CE,40.994872,14.219647,50.0,12488.968,14372.02
PF04/0001/H436,CE,40.993657,14.22412,50.0,12350.713,14747.039
PF05/0001/H436,CE,40.990234,14.223513,50.0,11971.125,14692.589
PF01/0002/H436,CE,40.642643,14.487872,50.0,-26778.549,36703.921
PF03/0002/H436,CE,40.643076,14.494977,12.0,-26734.0,37305.0
PF04/0002/H436,CE,40.645508,14.494983,12.0,-26464.0,37307.0
PF05/0002/H436,CE,40.644582,14.491323,12.0,-26565.0,36997.0
PF02/0004/H436,CE,41.000775,14.222807,50.0,13141.911,14643.575
PF01/0005/H436,CE,40.6388,14.491058,50.0,-27206.768,36970.868
PF03/0005/H436,CE,40.63579,14.492753,50.0,-27541.636,37112.246
PF05/0005/H436,CE,40.634374,14.49723,12.0,-27701.0,37490.0
PF06/0005/H436,CE,40.980631,14.230643,50.0,10899.754,15282.965
PF08/0005/H436,CE,40.639173,14.493927,50.0,-27166.725,37213.711
PF10/0005/H436,CE,40.635482,14.4956,50.0,-27577.29,37352.856
PF11/0005/H436,CE,40.630403,14.489031,50.0,-28137.836,36794.054
PF12/0005/H436,CE,40.632533,14.494026,50.0,-27903.889,37217.824
PF13/0005/H436,CE,40.628861,14.495061,50.0,-28312.0,37303.0
PF14/0005/H436,CE,40.638026,14.49796,12.0,-27296.0,37554.0
PF01/0006/H436,CE,40.633831,14.524148,12.0,-27774.0,39766.0
PF02/0006/H436,CE,40.631849,14.513272,12.0,-27989.0,38845.0
PF03/0006/H436,CE,40.631715,14.509359,12.0,-28002.0,38514.0
PF04/0006/H436,CE,40.626756,14.50826,12.0,-28552.0,38418.0
PF01/0007/H436,CE,40.627366,14.519275,50.0,-28489.413,39349.971
PF02/0007/H436,CE,40.631681,14.517388,12.0,-28009.5,39193.0
PF03/0007/H436,CE,40.632448,14.520752,12.0,-27926.0,39478.0
PF04/0007/H436,CE,40.635267,14.520732,12.0,-27613.0,39478.0
PF05/0007/H436,CE,40.624982,14.514835,12.0,-28752.0,38973.0
PF01/0008/H436,CE,40.627905,14.520336,50.0,-28430.0,39440.0
PF02/0008/H436,CE,40.625102,14.528108,50.0,-28744.735,40095.698
PF03/0008/H436,CE,40.622391,14.532188,50.0,-29047.498,40439.199
PF01/0009/H436,CE,40.626002,14.539586,12.0,-28650.0,41067.0
PF02/0009/H436,CE,40.625878,14.533091,50.0,-28660.81,40517.588
PF01/0010/H436,CE,40.625289,14.496751,50.0,-28709.324,37443.697
PF02/0010/H436,CE,40.627927,14.497905,50.0,-28417.004,37542.964
PF03/0010/H436,CE,40.625713,14.503271,50.0,-28665.36,37995.382
PF05/0010/H436,CE,40.623724,14.500775,12.0,-28885.0,37783.0
PF07/0011/H436,CE,40.619605,14.502399,10.0,-29342.999,37917.831
PF09/0011/H436,CE,40.617858,14.507894,10.0,-29539.5,38381.5
PF11/0011/H436,CE,40.616603,14.496425,50.0,-29673.279,37410.596
PF12/0011/H436,CE,40.622334,14.493166,50.0,-29035.536,37138.579
PF14/0011/H436,CE,40.617171,14.510275,50.0,-29616.852,38582.491
PF15/0011/H436,CE,40.620112,14.495026,50.0,-29283.075,37294.518
PF16/0011/H436,CE,40.621664,14.499478,12.0,-29113.0,37672.0
PF03/0012/H436,CE,40.621484,14.506129,50.0,-29136.174,38234.458
PF04/0012/H436,CE,40.620522,14.509995,50.0,-29244.721,38560.865
PF05/0012/H436,CE,40.617977,14.508466,50.0,-29526.588,38429.962
PF06/0012/H436,CE,40.618457,14.51198,50.0,-29474.888,38727.476
PF07/0012/H436,CE,40.623867,14.509167,50.0,-28873.038,38492.958
PF50/0012/H436,CE,40.622466,14.5107,50.0,-29029.281,38621.687
PF02/0013/H436,CE,40.625852,14.521946,50.0,-28658.736,39574.954
PF03/0013/H436,CE,40.61651,14.518348,12.0,-29694.0,39265.0
PF04/0013/H436,CE,40.624077,14.524927,50.0,-28857.104,39826.009
PF06/0013/H436,CE,40.624719,14.518857,50.0,-28783.0,39313.0
PF07/0013/H436,CE,40.620174,14.524733,50.0,-29290.242,39807.294
PF01/0014/H436,CE,40.622614,14.527976,50.0,-29020.911,40083.053
PF02/0014/H436,CE,40.621762,14.526919,50.0,-29114.926,39993.128
PF01/0015/H436,CE,41.144923,14.531433,9.0,28959.0,40686.0
PF02/0015/H436,CE,40.620732,14.535039,50.0,-29232.97,40679.298
PF04/0015/H436,CE,40.620534,14.538066,50.0,-29256.243,40935.254
PF06/0015/H436,CE,41.145852,14.538007,10.0,29059.2,41238.2
PF01/0016/H436,CE,40.626772,14.541786,10.0,-28565.5,41253.5
PF02/0016/H436,CE,40.62608,14.544415,10.0,-28643.5,41475.5
PF01/0017/H436,CE,40.61466,14.501774,50.0,-29891.546,37861.872
PF04/0017/H436,CE,40.612585,14.503166,50.0,-30122.558,37978.242
PF10/0017/H436,CE,40.613922,14.5052,50.0,-29975.136,38151.196
PF11/0017/H436,CE,40.612233,14.506686,50.0,-30163.321,38275.866
PF14/0017/H436,CE,40.616022,14.50366,50.0,-29741.259,38022.239
PF15/0017/H436,CE,40.616123,14.510128,50.0,-29733.107,38569.377
PF16/0017/H436,CE,40.609889,14.504459,50.0,-30422.5,38086.0
PF17/0017/H436,CE,40.613697,14.498769,50.0,-29997.0,37607.0
PF18/0017/H436,CE,40.613686,14.498823,50.0,-29998.296,37611.609
PF19/0017/H436,CE,40.615889,14.499296,12.0,-29754.0,37653.0
PF20/0017/H436,CE,40.611793,14.50636,12.0,-30212.0,38248.0
PF01/0018/H436,CE,40.617769,14.512838,50.0,-29551.664,38799.624
PF03/0018/H436,CE,40.616936,14.510861,50.0,-29643.287,38631.958
PF04/0018/H436,CE,40.616149,14.512413,50.0,-29731.348,38762.713
PF05/0018/H436,CE,40.615168,14.513989,50.0,-29840.934,38895.469
PF02/0019/H436,CE,40.612201,14.517635,12.0,-30172.0,39202.0
PF01/0020/H436,CE,40.619896,14.532271,50.0,-29324.558,40444.685
PF02/0020/H436,CE,40.618107,14.530407,50.0,-29522.297,40286.008
PF03/0020/H436,CE,40.616655,14.536922,50.0,-29686.382,40836.216
PF01/0021/H436,CE,40.61644,14.545527,12.0,-29714.0,41564.0
PF02/0021/H436,CE,40.619096,14.540627,12.0,-29417.0,41151.0
PF01/0024/H436,CE,40.607577,14.502077,50.0,-30677.965,37883.056
PF05/0024/H436,CE,40.611737,14.510051,50.0,-30219.987,38560.211
PF07/0024/H436,CE,40.609359,14.514375,10.0,-30486.0,38924.5
PF08/0024/H436,CE,40.609967,14.50827,50.0,-30415.661,38408.409
PF09/0024/H436,CE,40.610126,14.512383,50.0,-30399.913,38756.511
PF10/0024/H436,CE,40.607572,14.508408,50.0,-30681.521,38418.579
PF11/0024/H436,CE,40.606763,14.505499,50.0,-30770.0,38172.0
PF01/0025/H436,CE,40.613572,14.511996,50.0,-30017.213,38725.874
PF03/0025/H436,CE,41.15018,14.509606,50.0,29552.715,38857.533
PF04/0025/H436,CE,40.609797,14.51576,50.0,-30438.0,39042.0
PF04/0026/H436,CE,40.611947,14.530368,12.0,-30206.0,40279.0
PF05/0026/H436,CE,40.608655,14.538528,50.0,-30575.104,40967.417
PF06/0026/H436,CE,40.614033,14.531523,50.0,-29975.0,40378.0
PF07/0026/H436,CE,40.61023,14.531811,50.0,-30397.246,40400.065
PF02/0027/H436,CE,40.611657,14.552581,12.0,-30248.0,42158.0
PF03/0027/H436,CE,40.611507,14.546459,12.0,-30262.0,41640.0
PF01/0028/H436,CE,40.611906,14.553975,12.0,-30221.0,42276.0
PF02/0028/H436,CE,40.612029,14.557827,12.0,-30209.0,42602.0
PF02/0029/H436,CE,40.609014,14.556299,10.0,-30543.0,42471.0
PF02/0030/H436,CE,40.613698,14.509502,12.0,-30002.0,38515.0
PF04/0030/H436,CE,40.602046,14.504316,12.0,-31293.0,38069.0
PF05/0030/H436,CE,40.604621,14.506117,12.0,-31008.0,38223.0
PF06/0030/H436,CE,40.601222,14.507431,12.0,-31386.0,38332.0
PF02/0031/H436,CE,40.611999,14.525473,12.0,-30198.0,39865.0
PF03/0031/H436,CE,40.607389,14.513579,50.0,-30704.297,38855.966
PF01/0035/H436,CE,40.605846,14.547904,12.0,-30891.0,41759.0
PF04/0001/H459,CE,40.588207,14.416858,50.0,-32783.843,30659.152
PF07/0001/H459,CE,40.589972,14.418235,50.0,-32588.736,30777.051
PF12/0001/H459,CE,40.589277,14.420957,50.0,-32667.323,31006.845
PF13/0001/H459,CE,40.590641,14.422983,50.0,-32517.036,31179.283
PF14/0001/H459,CE,40.587899,14.42336,50.0,-32821.644,31209.162
PF15/0001/H459,CE,40.586447,14.411199,50.0,-32976.0,30179.0
PF16/0001/H459,CE,40.586105,14.408048,50.0,-33012.181,29912.04
PF17/0001/H459,CE,40.587182,14.42043,50.0,-32899.572,30960.705
PF18/0001/H459,CE,40.58904,14.412594,12.0,-32689.0,30299.0
PF02/0002/H459,CE,40.583482,14.416895,50.0,-33308.331,30658.847
PF03/0002/H459,CE,40.582735,14.413328,50.0,-33389.299,30356.382
PF04/0002/H459,CE,40.580666,14.41167,50.0,-33617.975,30214.578
PF05/0002/H459,CE,40.582177,14.42012,50.0,-33455.023,30930.832
PF06/0002/H459,CE,40.582218,14.417441,50.0,-33448.966,30704.104
PF07/0002/H459,CE,40.583638,14.414771,50.0,-33289.816,30479.251
PF11/0002/H459,CE,40.578393,14.411441,50.0,-33870.143,30193.463
PF12/0002/H459,CE,40.580595,14.414612,50.0,-33627.522,30463.513
PF14/0002/H459,CE,40.582379,14.409145,50.0,-33426.375,30002.173
PF15/0002/H459,CE,40.586228,14.41384,50.0,-33001.776,30402.307
PF01/0003/H459,CE,40.577972,14.407435,50.0,-33914.686,29854.107
PF02/0003/H459,CE,40.574948,14.405109,12.0,-34249.0,29655.0
PF03/0004/H459,CE,40.586896,14.439809,50.0,-32942.0,32600.5
PF05/0004/H459,CE,40.585575,14.424039,12.0,-33080.0,31265.0
PF06/0004/H459,CE,40.590836,14.427422,50.0,-32497.893,31555.095
PF01/0006/H459,CE,40.58089,14.448215,50.0,-33613.205,33307.683
PF02/0006/H459,CE,40.581744,14.449152,12.0,-33518.823,33387.555
PF03/0006/H459,CE,40.583318,14.445647,50.0,-33342.297,33092.053
PF04/0006/H459,CE,40.581232,14.445329,50.0,-33573.662,33063.666
PF05/0006/H459,CE,40.582017,14.440553,12.0,-33484.0,32660.0
PF06/0006/H459,CE,40.583553,14.452793,50.0,-33320.0,33697.0
PF03/0007/H459,CE,40.578329,14.451202,10.0,-33899.0,33558.7
PF04/0007/H459,CE,40.576282,14.454518,10.0,-34128.0,33838.0
PF05/0007/H459,CE,40.57638,14.449036,10.0,-34114.2,33374.0
PF07/0007/H459,CE,40.577533,14.449255,8.0,-33986.39,33393.4
PF08/0007/H459,CE,40.57933,14.447652,50.0,-33785.989,33258.961
PF09/0007/H459,CE,40.580789,14.451843,50.0,-33626.296,33614.63
PF10/0007/H459,CE,40.577919,14.449843,50.0,-33943.846,33443.451
PF11/0007/H459,CE,40.577207,14.445171,50.0,-34020.378,33047.464
PF01/0008/H459,CE,40.572681,14.443823,12.0,-34522.104,32930.208
PF02/0008/H459,CE,40.571844,14.449545,12.0,-34618.0,33414.0
PF03/0008/H459,CE,40.574079,14.442008,12.0,-34365.865,32777.543
PF04/0008/H459,CE,40.573029,14.445455,50.0,-34484.343,33068.631
PF05/0008/H459,CE,40.57137,14.444004,12.0,-34667.688,32944.618
PF06/0008/H459,CE,40.570304,14.444742,50.0,-34786.448,33006.328
PF01/0009/H459,CE,40.803366,14.447453,12.0,-8916.447,33398.531
PF02/0009/H459,CE,40.805279,14.449613,50.0,-8705.305,33582.129
PF03/0009/H459,CE,40.80673,14.447312,50.0,-8543.003,33389.03
PF01/0010/H459,CE,40.579099,14.455748,12.0,-33816.0,33944.0
PF02/0010/H459,CE,40.574572,14.46927,12.0,-34325.483,35085.442
PF01/0012/H459,CE,40.574663,14.474581,10.0,-34318.0,35535.0
PF06/0012/H459,CE,40.56603,14.477812,10.0,-35278.0,35802.8
PF07/0012/H459,CE,40.571839,14.467609,12.0,-34628.0,34943.0
PF08/0012/H459,CE,40.571667,14.477304,12.0,-34652.0,35763.5
PF09/0012/H459,CE,40.572331,14.474865,12.0,-34577.0,35557.5
PF10/0012/H459,CE,40.569475,14.474645,12.0,-34894.0,35537.0
PF11/0012/H459,CE,40.569783,14.478104,12.0,-34861.5,35830.0
PF01/0013/H459,CE,40.569831,14.481695,10.0,-34858.0,36134.0
PF02/0013/H459,CE,41.199968,14.476815,10.0,35096.0,36139.2
PF03/0013/H459,CE,41.201701,14.475952,10.0,35288.8,36068.0
PF04/0013/H459,CE,41.205741,14.479051,10.0,35735.8,36330.6
PF05/0013/H459,CE,40.558726,14.482424,10.0,-36091.0,36188.5
PF07/0013/H459,CE,40.571781,14.480593,12.0,-34641.0,36042.0
PF07/0001/H798,CE,40.91421,14.096529,50.0,3634.25,3923.864
PF08/0001/H798,CE,40.91545,14.09839,50.0,3770.289,4081.998
PF09/0001/H798,CE,40.912065,14.086861,50.0,3404.667,3107.179
PF18/0001/H798,CE,40.919677,14.097695,50.0,4240.22,4028.32
PF19/0001/H798,CE,40.910403,14.087818,50.0,3219.226,3185.871
PF20/0001/H798,CE,40.911642,14.096485,50.0,3349.256,3917.156
PF21/0001/H798,CE,40.912205,14.090177,50.0,3417.281,3386.607
PF25/0001/H798,CE,40.91367,14.091529,50.0,3578.7,3502.113
PF26/0001/H798,CE,40.910387,14.089121,50.0,3216.399,3295.538
PF51/0001/H798,CE,40.913569,14.093239,12.0,3566.0,3646.0
PF01/0003/H798,CE,40.917504,14.10719,50.0,3990.772,4825.406
PF02/0003/H798,CE,40.916541,14.106905,50.0,3884.047,4800.261
PF03/0003/H798,CE,40.914361,14.105306,50.0,3643.466,4663.187
PF02/0004/H798,CE,40.920223,14.110378,50.0,4289.82,5096.931
PF03/0005/H798,CE,40.919391,14.114721,50.0,4193.754,5461.695
PF04/0005/H798,CE,40.914108,14.120036,50.0,3602.729,5903.296
PF08/0005/H798,CE,40.916105,14.109682,50.0,3833.338,5033.637
PF09/0005/H798,CE,40.914134,14.124695,50.0,3601.73,6295.715
PF10/0005/H798,CE,40.918338,14.110104,50.0,4080.762,5071.687
PF11/0005/H798,CE,40.917259,14.113181,50.0,3958.39,5329.579
PF14/0005/H798,CE,40.907155,14.124785,50.0,2826.843,6295.497
PF15/0005/H798,CE,40.912866,14.122613,50.0,3462.733,6118.986
PF02/0006/H798,CE,40.97546,14.317789,50.0,10264.822,22609.927
PF05/0006/H798,CE,40.901654,14.077236,10.0,2257.4,2284.4
PF06/0006/H798,CE,40.974498,14.314307,50.0,10160.329,22316.175
PF07/0006/H798,CE,40.97465,14.312145,50.0,10178.603,22134.382
PF08/0006/H798,CE,40.910845,14.084095,50.0,3271.592,2872.829
PF09/0006/H798,CE,40.978191,14.312168,50.0,10571.662,22139.439
PF01/0007/H798,CE,40.908973,14.083969,50.0,3063.906,2860.049
PF02/0007/H798,CE,40.909069,14.087102,50.0,3071.789,3124.036
PF03/0007/H798,CE,40.907112,14.094385,50.0,2848.149,3735.156
PF04/0007/H798,CE,40.9086,14.094708,50.0,3013.043,3764.03
PF09/0008/H798,CE,40.911525,14.120446,50.0,3315.728,5934.991
PF16/0008/H798,CE,40.90952,14.116652,50.0,3096.354,5613.242
PF17/0008/H798,CE,40.906042,14.121874,50.0,2705.834,6049.152
PF19/0008/H798,CE,40.916953,14.125872,50.0,3913.695,6397.931
PF20/0008/H798,CE,40.914072,14.127121,50.0,3592.78,6499.964
PF22/0008/H798,CE,40.910779,14.124986,50.0,3229.03,6316.493
PF02/0010/H798,CE,40.904946,14.083865,50.0,2616.912,2846.611
PF03/0010/H798,CE,40.899607,14.096609,50.0,2013.157,3913.864
PF06/0010/H798,CE,40.90222,14.079265,10.0,2318.4,2456.0
PF07/0010/H798,CE,40.906771,14.080382,50.0,2822.651,2555.348
PF08/0010/H798,CE,40.906793,14.083777,50.0,2822.093,2841.337
PF09/0010/H798,CE,40.906318,14.089345,60.0,2764.478,3309.75
PF12/0010/H798,CE,40.900464,14.082981,32.0,2120.235,2766.897
PF13/0010/H798,CE,40.901924,14.085552,32.0,2279.973,2985.167
PF15/0010/H798,CE,40.904072,14.077773,50.0,2525.323,2332.47
PF17/0010/H798,CE,40.904588,14.091785,50.0,2570.24,3513.23
PF18/0010/H798,CE,40.906794,14.088731,50.0,2817.81,3258.522
PF19/0010/H798,CE,40.903556,14.081708,50.0,2464.506,2663.313
PF13/0011/H798,CE,40.903254,14.097719,50.0,2417.027,4011.491
PF18/0011/H798,CE,40.903772,14.093931,50.0,2477.746,3693.029
PF22/0011/H798,CE,40.90399,14.08817,50.0,2507.08,3208.042
PF01/0013/H798,CE,40.898506,14.092633,50.0,1894.357,3577.682
PF02/0013/H798,CE,40.899468,14.097029,50.0,1997.331,3949.031
PF03/0013/H798,CE,40.900857,14.102168,50.0,2147.046,4383.523
PF04/0013/H798,CE,40.897863,14.105086,50.0,1812.181,4625.878
PF05/0013/H798,CE,40.894633,14.103401,50.0,1455.013,4480.258
PF06/0013/H798,CE,40.897069,14.095402,50.0,1732.403,3809.246
PF07/0013/H798,CE,40.895644,14.09054,50.0,1578.485,3398.026
PF08/0013/H798,CE,40.895475,14.0938,50.0,1556.826,3672.47
PF05/0002/H834A,CE,40.89245,14.156946,50.0,1167.851,8988.481
PF10/0002/H834A,CE,40.901398,14.156688,50.0,2161.362,8976.318
PF14/0002/H834A,CE,40.889035,14.155639,50.0,789.815,8874.692
PF21/0002/H834A,CE,40.893501,14.148797,20.0,1291.169,8303.145
PF22/0002/H834A,CE,40.895785,14.151096,20.0,1542.879,8499.266
PF23/0002/H834A,CE,40.897592,14.15325,20.0,1741.736,8682.658
PF01/0004/H834A,CE,40.905973,14.170649,70.0,2658.002,10157.075
PF03/0004/H834A,CE,40.903691,14.172687,50.0,2403.064,10326.289
PF06/0004/H834A,CE,40.909054,14.182274,50.0,2990.894,11139.373
PF08/0004/H834A,CE,40.903598,14.166404,70.0,2397.731,9797.036
PF10/0004/H834A,CE,40.904668,14.184758,50.0,2501.968,11344.043
PF12/0004/H834A,CE,40.905132,14.17902,20.0,2558.021,10861.218
PF02/0005/H834A,CE,40.898956,14.161021,50.0,1886.747,9338.722
PF03/0005/H834A,CE,40.897315,14.16516,50.0,1701.255,9685.602
PF06/0005/H834A,CE,40.902735,14.167417,50.0,2301.214,9881.433
PF08/0005/H834A,CE,40.906202,14.131519,50.0,2715.457,6861.627
PF05/0006/H834A,CE,40.892804,14.162148,20.0,1202.944,9427.115
PF10/0007/H834A,CE,40.906596,14.137624,50.0,2754.121,7376.218
PF12/0007/H834A,CE,40.891899,14.16845,20.0,1097.429,9957.005
PF03/0008/H834A,CE,40.903985,14.185144,20.0,2425.844,11375.807
PF10/0009/H834A,CE,40.891364,14.176446,50.0,1031.637,10630.064
PF11/0009/H834A,CE,40.891169,14.182883,50.0,1004.88,11172.077
PF14/0009/H834A,CE,40.894605,14.189858,50.0,1380.939,11763.237
PF16/0009/H834A,CE,40.890458,14.189549,20.0,920.748,11732.972
PF05/0010/H834A,CE,40.911454,14.189647,20.0,3251.48,11762.808
PF05/0012/H834A,CE,40.906779,14.18364,50.0,2737.221,11252.025
PF13/0012/H834A,CE,40.910088,14.185331,20.0,3103.256,11397.895
PF52/0012/H834A,CE,40.910089,14.185331,20.0,3103.367,11397.895
PF04/0013/H834A,CE,40.895008,14.194551,50.0,1421.956,12159.009
PF06/0013/H834A,CE,40.892775,14.199851,50.0,1170.042,12603.147
PF07/0013/H834A,CE,40.890403,14.198452,50.0,907.708,12482.914
PF08/0013/H834A,CE,40.896695,14.192054,50.0,1611.208,11950.385
PF12/0013/H834A,CE,40.894026,14.197687,50.0,1310.555,12422.184
PF13/0013/H834A,CE,40.892423,14.195195,50.0,1134.525,12210.566
PF14/0013/H834A,CE,40.890571,14.192528,12.0,931.0,11984.0
PF15/0013/H834A,CE,40.890414,14.195592,20.0,911.227,12242.018
PF06/0014/H834A,CE,40.917193,14.205531,50.0,3876.278,13106.315
PF07/0014/H834A,CE,40.913953,14.208785,50.0,3514.096,13377.018
PF08/0014/H834A,CE,40.915737,14.209281,50.0,3711.771,13420.564
PF09/0014/H834A,CE,40.912239,14.192523,50.0,3336.413,12005.811
PF16/0014/H834A,CE,40.920322,14.20368,50.0,4225.132,12953.597
PF17/0014/H834A,CE,40.916564,14.200822,20.0,3810.137,12709.116
PF01/0015/H834A,CE,40.916007,14.198673,50.0,3749.913,12527.568
PF09/0015/H834A,CE,40.915136,14.204045,50.0,3649.064,12979.086
PF11/0015/H834A,CE,40.912682,14.197553,20.0,3381.715,12429.89
PF07/0016/H834A,CE,40.990437,14.213735,50.0,12001.07,13870.307
PF11/0016/H834A,CE,40.904128,14.206741,12.0,2425.0,13195.0
PF12/0016/H834A,CE,40.905403,14.200452,20.0,2571.351,12666.57
PF13/0016/H834A,CE,40.901937,14.201342,21.0,2185.921,12738.057
PF04/0017/H834A,CE,40.891306,14.204751,50.0,1003.163,13014.501
PF05/0017/H834A,CE,40.890689,14.207502,50.0,932.542,13245.621
PF06/0017/H834A,CE,40.888685,14.207013,50.0,710.491,13202.407
PF07/0017/H834A,CE,40.889641,14.201376,50.0,820.895,12728.43
PF08/0017/H834A,CE,40.892928,14.207008,50.0,1181.536,13206.266
PF09/0017/H834A,CE,40.893472,14.203012,50.0,1244.946,12870.121
PF11/0017/H834A,CE,40.895768,14.201894,50.0,1500.666,12778.32
PF13/0017/H834A,CE,40.895816,14.206306,20.0,1502.683,13150.038
PF14/0017/H834A,CE,40.900656,14.204941,20.0,2041.009,13039.923
PF01/0018/H834A,CE,40.918597,14.20772,50.0,4030.517,13292.054
PF02/0018/H834A,CE,40.924751,14.213928,50.0,4708.924,13820.953
PF04/0018/H834A,CE,40.925248,14.210764,50.0,4766.559,13555.054
PF05/0018/H834A,CE,40.92279,14.20993,50.0,4494.272,13482.295
PF09/0018/H834A,CE,40.925768,14.205288,50.0,4828.462,13094.443
PF10/0018/H834A,CE,40.922291,14.205946,50.0,4441.917,13146.387
PF14/0018/H834A,CE,40.927957,14.213432,50.0,5065.259,13782.404
PF15/0018/H834A,CE,40.921096,14.211783,50.0,4304.826,13636.657
PF16/0018/H834A,CE,40.923262,14.211361,50.0,4545.571,13603.314
PF20/0018/H834A,CE,40.916064,14.208519,50.0,3748.705,13356.785
PF23/0018/H834A,CE,40.920493,14.216819,21.0,4234.091,14060.109
PF02/0019/H834A,CE,40.929767,14.206648,50.0,5271.308,13212.964
PF09/0019/H834A,CE,40.912805,14.214573,50.0,3382.309,13863.36
PF11/0019/H834A,CE,40.909273,14.227302,50.0,2980.684,14931.793
PF13/0019/H834A,CE,40.91283,14.219441,50.0,3381.414,14273.305
PF15/0019/H834A,CE,40.916923,14.21296,50.0,3840.727,13731.598
PF19/0019/H834A,CE,40.910022,14.212805,50.0,3074.762,13711.646
PF24/0019/H834A,CE,40.911941,14.217738,12.0,3284.0,14129.0
PF27/0019/H834A,CE,40.916271,14.217336,20.0,3765.034,14099.481
PF28/0019/H834A,CE,40.91594,14.210463,20.0,3733.415,13520.324
PF29/0019/H834A,CE,40.91846,14.220518,20.0,4005.616,14369.536
PF05/0020/H834A,CE,40.906525,14.217588,21.0,2682.851,14111.013
PF01/0021/H834A,CE,40.891848,14.211793,50.0,1057.993,13608.268
PF11/0021/H834A,CE,40.888309,14.216125,50.0,661.836,13969.67
PF12/0021/H834A,CE,40.892784,14.218241,50.0,1156.943,14152.377
PF13/0021/H834A,CE,41.005022,14.058337,20.0,13749.508,816.232
PF07/0022/H834A,CE,40.927133,14.221792,50.0,4967.412,14485.403
PF08/0022/H834A,CE,40.929359,14.219894,50.0,5215.939,14327.868
PF11/0022/H834A,CE,40.92403,14.218852,50.0,4625.163,14234.803
PF12/0022/H834A,CE,40.918985,14.176833,50.0,4097.592,10691.475
PF13/0022/H834A,CE,40.928308,14.22374,50.0,5096.421,14650.619
PF17/0022/H834A,CE,40.926159,14.225,20.0,4856.952,14754.589
PF05/0023/H834A,CE,40.89872,14.113162,50.0,1900.406,5307.1
PF12/0023/H834A,CE,40.91068,14.219532,50.0,3142.689,14278.803
PF14/0023/H834A,CE,40.921609,14.227115,20.0,4350.231,14928.188
PF03/0024/H834A,CE,40.911346,14.227086,50.0,3210.927,14915.694
PF07/0024/H834A,CE,40.907783,14.232048,50.0,2811.731,15330.067
PF10/0024/H834A,CE,40.894474,14.117371,50.0,1425.439,5656.928
PF12/0024/H834A,CE,40.893845,14.11267,50.0,1359.653,5260.16
PF14/0024/H834A,CE,40.914104,14.229175,21.0,3515.574,15094.296
PF01/0025/H834A,CE,40.899697,14.119689,50.0,2003.232,5858.004
PF06/0025/H834A,CE,40.914792,14.238828,20.0,3584.816,15907.885
PF02/0026/H834A,CE,40.896162,14.119799,50.0,1610.76,5863.337
PF03/0026/H834A,CE,40.91602,14.23577,20.0,3723.427,15651.542
PF07/0027/H834A,CE,40.89218,14.123183,50.0,1165.894,6143.951
PF11/0027/H834A,CE,40.8925,14.115887,50.0,1207.504,5529.656
PF16/0027/H834A,CE,40.893395,14.120973,50.0,1302.635,5959.116
PF19/0027/H834A,CE,40.893666,14.125694,50.0,1328.738,6357.161
PF22/0027/H834A,CE,40.897207,14.119994,50.0,1726.637,5880.925
PF23/0027/H834A,CE,40.891098,14.119069,50.0,1049.23,5796.185
PF24/0027/H834A,CE,40.913467,14.236359,20.0,3439.507,15698.7
PF03/0028/H834A,CE,40.906522,14.24174,20.0,2664.623,16145.118
PF07/0029/H834A,CE,40.908169,14.247563,20.0,2843.289,16637.139
PF08/0029/H834A,CE,40.905685,14.252465,20.0,2563.937,17047.63
PF03/0030/H834A,CE,40.901846,14.129028,12.0,2234.0,6647.0
PF09/0030/H834A,CE,40.901511,14.255747,20.0,2098.234,17320.099
PF14/0031/H834A,CE,40.905598,14.258487,20.0,2550.005,17554.724
PF15/0031/H834A,CE,40.903329,14.258749,21.0,2297.941,17574.67
PF03/0001/H834B,CE,40.898549,14.072915,50.0,1916.538,1916.822
PF07/0001/H834B,CE,40.912701,14.166808,50.0,3407.985,9840.695
PF10/0001/H834B,CE,40.913961,14.175535,20.0,3540.899,10576.943
PF02/0002/H834B,CE,40.903823,14.065434,50.0,2508.68,1292.9
PF10/0002/H834B,CE,40.91484,14.191201,50.0,3626.151,11897.147
PF14/0002/H834B,CE,40.902909,14.077673,50.0,2396.326,2322.685
PF15/0002/H834B,CE,40.912547,14.160818,50.0,3395.727,9336.053
PF17/0002/H834B,CE,40.913022,14.184753,50.0,3429.411,11352.254
PF18/0002/H834B,CE,40.913619,14.187312,50.0,3493.651,11568.414
PF21/0002/H834B,CE,40.914147,14.185804,50.0,3553.491,11441.924
PF22/0002/H834B,CE,40.915484,14.182886,20.0,3704.114,11197.577
PF02/0003/H834B,CE,40.917953,14.181514,20.0,3979.279,11084.565
PF04/0004/H834B,CE,40.917918,14.193969,50.0,3965.653,12133.386
PF06/0004/H834B,CE,40.918578,14.196867,20.0,4036.675,12378.116
PF03/0001/H939,CE,41.132053,14.338241,50.0,27635.566,24462.576
PF04/0001/H939,CE,41.135365,14.342527,50.0,28000.456,24825.079
PF05/0001/H939,CE,41.132273,14.348699,50.0,27653.374,25340.558
PF06/0001/H939,CE,41.134716,14.333727,12.0,27934.0,24086.0
PF01/0004/H939,CE,41.118207,14.410521,50.0,26054.846,30519.065
PF01/0006/H939,CE,41.127965,14.333141,50.0,27184.926,24031.006
PF02/0006/H939,CE,41.115299,14.330464,50.0,25780.627,23795.539
PF03/0006/H939,CE,41.121915,14.331871,50.0,26514.196,23919.26
PF01/0007/H939,CE,41.126858,14.335882,50.0,27060.314,24260.162
PF03/0007/H939,CE,41.125586,14.339273,50.0,26916.935,24543.735
PF04/0007/H939,CE,41.124952,14.341937,50.0,26844.841,24766.833
PF06/0007/H939,CE,41.125108,14.335519,10.0,26866.3,24228.2
PF08/0007/H939,CE,41.123267,14.346375,10.0,26655.0,25138.0
PF10/0007/H939,CE,41.124094,14.349202,10.0,26745.0,25376.0
PF11/0007/H939,CE,41.121991,14.349642,50.0,26511.298,25411.243
PF12/0007/H939,CE,41.122992,14.355256,50.0,26618.952,25883.331
PF13/0007/H939,CE,41.124443,14.352738,50.0,26781.598,25673.141
PF14/0007/H939,CE,41.128627,14.353909,50.0,27245.263,25774.89
PF15/0007/H939,CE,41.122988,14.338054,50.0,26629.283,24439.23
PF16/0007/H939,CE,41.125469,14.345555,12.0,26900.0,25071.0
PF17/0007/H939,CE,41.128266,14.338391,12.0,27215.0,24472.0
PF01/0008/H939,CE,41.117571,14.349185,50.0,26020.906,25369.133
PF02/0008/H939,CE,41.120735,14.355798,12.0,26368.0,25927.0
PF03/0008/H939,CE,41.115318,14.351372,50.0,25769.447,25550.926
PF04/0008/H939,CE,41.118019,14.341181,50.0,26075.692,24697.606
PF01/0009/H939,CE,41.124671,14.356762,50.0,26804.352,26011.098
PF04/0009/H939,CE,41.12814,14.357611,50.0,27188.997,26085.186
PF06/0009/H939,CE,41.125338,14.362869,50.0,26874.616,26524.33
PF07/0009/H939,CE,41.127257,14.36472,50.0,27086.501,26681.233
PF10/0009/H939,CE,41.126748,14.370047,10.0,27026.8,27128.0
PF15/0009/H939,CE,41.125885,14.371697,50.0,26930.0,27265.8
PF17/0009/H939,CE,41.125066,14.359898,50.0,26846.266,26274.676
PF18/0009/H939,CE,41.123259,14.373718,50.0,26637.19,27433.393
PF19/0009/H939,CE,41.125226,14.375491,50.0,26854.51,27583.76
PF20/0009/H939,CE,41.128808,14.367124,50.0,27257.21,26884.306
PF21/0009/H939,CE,41.121677,14.358726,50.0,26470.807,26173.528
PF22/0009/H939,CE,41.129199,14.360004,12.0,27305.0,26287.0
PF01/0010/H939,CE,41.119825,14.377596,50.0,26253.669,27756.19
PF04/0010/H939,CE,41.123264,14.382122,50.0,26632.742,28138.867
PF05/0010/H939,CE,41.121508,14.385296,50.0,26435.9,28403.9
PF07/0010/H939,CE,41.122523,14.387493,50.0,26547.348,28589.152
PF08/0010/H939,CE,41.120316,14.388368,50.0,26301.745,28660.898
PF09/0010/H939,CE,41.120991,14.391754,50.0,26374.731,28945.666
PF10/0010/H939,CE,41.11937,14.391644,10.0,26194.8,28935.2
PF11/0010/H939,CE,41.118297,14.38971,50.0,26076.891,28771.953
PF13/0010/H939,CE,41.118668,14.392958,50.0,26116.104,29044.989
PF14/0010/H939,CE,41.123503,14.37714,50.0,26662.265,27720.803
PF15/0010/H939,CE,41.123294,14.392463,12.0,26630.0,29007.0
PF01/0014/H939,CE,41.100914,14.329011,50.0,24184.579,23661.217
PF02/0014/H939,CE,41.101398,14.331445,50.0,24236.713,23866.017
PF03/0014/H939,CE,41.103195,14.331317,50.0,24436.317,23856.8
PF04/0014/H939,CE,41.103021,14.338959,50.0,24412.093,24498.422
PF05/0014/H939,CE,41.110079,14.340849,50.0,25194.448,24662.995
PF06/0014/H939,CE,41.106092,14.341344,50.0,24751.519,24701.274
PF01/0015/H939,CE,41.101971,14.352662,50.0,24286.887,25648.245
PF02/0015/H939,CE,41.110803,14.353355,50.0,25266.979,25713.65
PF03/0015/H939,CE,41.108977,14.345268,50.0,25069.306,25033.157
PF01/0016/H939,CE,41.114941,14.357317,50.0,25723.892,26049.744
PF07/0016/H939,CE,41.108294,14.372717,50.0,24976.473,27337.356
PF08/0016/H939,CE,41.10861,14.372114,50.0,25011.9,27286.98
PF09/0016/H939,CE,41.110148,14.365707,50.0,25186.564,26750.269
PF10/0016/H939,CE,41.112304,14.355952,50.0,25432.0,25933.0
PF11/0016/H939,CE,41.109542,14.369592,12.0,25117.0,27076.0
PF12/0016/H939,CE,41.107338,14.368446,12.0,24873.0,26978.0
PF02/0017/H939,CE,41.094926,14.342191,50.0,23511.418,24762.971
PF03/0017/H939,CE,41.100553,14.339074,12.0,24138.0,24506.0
PF04/0017/H939,CE,41.095485,14.335029,50.0,23578.0,24162.0
PF06/0017/H939,CE,41.096989,14.339729,12.0,23742.0,24558.0
PF01/0018/H939,CE,41.0911,14.369933,50.0,23069.437,27089.758
PF03/0018/H939,CE,41.088994,14.368487,50.0,22836.52,26966.683
PF04/0018/H939,CE,41.104619,14.366852,50.0,24572.046,26841.918
PF05/0018/H939,CE,41.103498,14.370775,50.0,24445.305,27170.474
PF06/0018/H939,CE,41.101634,14.36389,50.0,24242.537,26590.84
PF07/0018/H939,CE,41.10269,14.359686,50.0,24362.287,26238.623
PF08/0018/H939,CE,41.100223,14.360393,50.0,24088.0,26296.0
PF09/0018/H939,CE,41.098867,14.364443,12.0,23935.0,26635.0
PF01/0019/H939,CE,41.10727,14.375544,50.0,24861.175,27573.889
PF02/0019/H939,CE,41.097679,14.397866,50.0,23783.231,29440.872
PF03/0019/H939,CE,41.104272,14.401463,12.0,24513.0,29748.0
PF04/0019/H939,CE,41.090557,14.374319,50.0,23006.482,27457.703
PF05/0019/H939,CE,41.097625,14.386175,12.0,23784.0,28459.0
PF06/0019/H939,CE,41.09865,14.374367,12.0,23904.844,27468.205
PF07/0019/H939,CE,41.10825,14.387213,50.0,24962.907,28554.494
PF50/0019/H939,CE,41.098995,14.396534,10.0,23930.0,29330.0
PF01/0020/H939,CE,41.089171,14.346957,50.0,22869.52,25158.522
PF02/0020/H939,CE,41.088788,14.35142,50.0,22824.131,25532.991
PF03/0020/H939,CE,41.091703,14.353745,50.0,23146.346,25730.68
PF05/0020/H939,CE,41.09157,14.3584,50.0,23128.641,26121.584
PF06/0020/H939,CE,41.09239,14.345809,50.0,23227.601,25064.712
PF07/0020/H939,CE,41.092591,14.349706,50.0,23247.429,25392.252
PF08/0020/H939,CE,41.089461,14.35668,50.0,22895.561,25975.324
PF09/0020/H939,CE,41.091261,14.343632,50.0,23103.571,24881.004
PF01/0021/H939,CE,41.085841,14.36237,50.0,22490.247,26450.356
PF02/0021/H939,CE,41.084523,14.360726,10.0,22344.9,26311.2
PF04/0021/H939,CE,41.084643,14.358207,50.0,22359.762,26099.673
PF05/0021/H939,CE,41.088372,14.360991,50.0,22771.98,26336.576
PF08/0021/H939,CE,41.084948,14.355756,50.0,22395.14,25894.068
PF09/0021/H939,CE,41.085274,14.353485,60.0,22432.791,25703.584
PF14/0021/H939,CE,41.083776,14.350323,50.0,22268.422,25436.749
PF15/0021/H939,CE,41.091216,14.362779,50.0,23086.652,26489.036
PF16/0021/H939,CE,41.087011,14.349099,50.0,22628.335,25336.605
PF17/0021/H939,CE,41.08455,14.364302,50.0,22345.751,26611.568
PF01/0022/H939,CE,41.087934,14.351708,50.0,22729.197,25556.532
PF02/0022/H939,CE,41.085714,14.355838,50.0,22480.172,25901.554
PF04/0022/H939,CE,41.087528,14.354364,50.0,22682.442,25779.217
PF05/0022/H939,CE,41.087257,14.358809,50.0,22649.633,26152.385
PF01/0023/H939,CE,41.088998,14.380577,50.0,22829.641,27982.122
PF02/0023/H939,CE,41.086016,14.377208,50.0,22500.591,27696.766
PF03/0023/H939,CE,41.08873,14.377043,50.0,22802.037,27685.065
PF01/0024/H939,CE,41.087485,14.385864,50.0,22658.515,28424.978
PF02/0024/H939,CE,41.088856,14.383473,50.0,22812.106,28225.223
PF03/0024/H939,CE,41.085591,14.389074,50.0,22446.359,28693.165
PF04/0024/H939,CE,41.092147,14.392667,50.0,23172.042,29000.018
PF01/0025/H939,CE,41.080961,14.343362,50.0,21960.366,24849.696
PF02/0025/H939,CE,41.081775,14.345965,10.0,22049.0,25069.0
PF04/0025/H939,CE,41.082336,14.349774,50.0,22108.918,25389.468
PF05/0025/H939,CE,41.082053,14.352704,54.0,22075.726,25635.337
PF06/0025/H939,CE,41.082848,14.353977,10.0,22163.1,25742.9
PF07/0025/H939,CE,41.070453,14.344568,50.0,20793.059,24942.206
PF09/0025/H939,CE,41.077746,14.344088,12.0,21603.0,24908.0
PF10/0025/H939,CE,41.079118,14.347922,50.0,21752.835,25231.173
PF11/0025/H939,CE,41.076938,14.350417,50.0,21509.269,25438.993
PF01/0002/H978A,CE,40.916147,14.15823,12.0,3797.5,9122.0
PF02/0002/H978A,CE,40.916641,14.154852,9.0,3855.0,8838.0
PF01/0001/H978B,CE,40.914516,14.147706,50.0,3624.985,8234.002
PF03/0001/H978B,CE,40.909617,14.149119,50.0,3079.981,8347.672
PF06/0001/H978B,CE,40.895132,14.089641,50.0,1522.436,3321.739
PF08/0001/H978B,CE,40.914195,14.144883,50.0,3591.635,7995.882
PF09/0001/H978B,CE,40.910754,14.144448,50.0,3210.056,7955.513
PF10/0001/H978B,CE,40.914108,14.152755,50.0,3575.513,8658.703
PF11/0001/H978B,CE,40.9192,14.133631,50.0,4156.638,7053.824
PF13/0001/H978B,CE,40.896727,14.090132,50.0,1699.036,3364.911
PF01/0002/H978B,CE,40.910377,14.141198,50.0,3170.909,7681.37
PF02/0002/H978B,CE,40.910404,14.144845,50.0,3170.882,7988.553
PF05/0002/H978B,CE,40.911942,14.156638,50.0,3331.981,8983.397
PF06/0002/H978B,CE,40.912373,14.140371,50.0,3393.1,7613.907
PF09/0002/H978B,CE,40.912562,14.13115,50.0,3421.78,6837.551
PF10/0002/H978B,CE,40.914642,14.148171,50.0,3638.533,8273.218
PF16/0002/H978B,CE,40.914787,14.129659,12.0,3670.0,6714.5
PF17/0002/H978B,CE,40.881699,14.125926,12.0,0.0,6363.4
PF18/0002/H978B,CE,40.88171,14.127374,12.0,0.0,6485.4
PF19/0002/H978B,CE,40.909806,14.148354,50.0,3101.629,8283.417
PF21/0002/H978B,CE,40.910934,14.143859,50.0,3230.504,7906.135
PF24/0002/H978B,CE,40.912138,14.1358,50.0,3370.866,7228.704
PF25/0002/H978B,CE,40.912561,14.150632,50.0,3405.502,8478.285
PF26/0002/H978B,CE,40.891898,14.13404,50.0,1125.402,7058.256
PF27/0002/H978B,CE,40.912897,14.128669,50.0,3461.032,6629.004
PF28/0002/H978B,CE,40.912048,14.147558,50.0,3351.118,8218.811
PF29/0002/H978B,CE,40.918862,14.13241,50.0,4120.079,6950.612
PF31/0002/H978B,CE,40.900485,14.121055,50.0,2089.537,5973.97
PF02/0003/H978B,CE,40.907069,14.138648,10.0,2805.8,7463.0
PF08/0003/H978B,CE,40.909884,14.14897,50.0,3109.706,8335.375
PF09/0003/H978B,CE,40.906688,14.150573,50.0,2753.678,8466.933
PF11/0003/H978B,CE,40.911623,14.147123,50.0,3304.302,8181.758
PF12/0003/H978B,CE,40.907467,14.150692,50.0,2840.026,8477.809
PF14/0003/H978B,CE,40.906171,14.138395,50.0,2706.313,7440.725
PF15/0003/H978B,CE,40.91032,14.150745,50.0,3156.652,8485.372
PF16/0003/H978B,CE,40.907025,14.152128,50.0,2789.767,8598.25
PF17/0003/H978B,CE,40.907462,14.14642,50.0,2843.0,8118.0
PF18/0003/H978B,CE,40.90655,14.142466,12.0,2745.0,7784.0
PF04/0004/H978B,CE,40.911323,14.151698,50.0,3267.267,8566.664
PF06/0004/H978B,CE,40.905044,14.156396,50.0,2566.346,8955.6
PF08/0004/H978B,CE,40.910228,14.118032,50.0,3173.733,5730.237
PF10/0004/H978B,CE,40.906483,14.156192,50.0,2726.309,8939.987
PF15/0004/H978B,CE,40.908585,14.154803,50.0,2960.817,8825.275
PF19/0004/H978B,CE,40.911617,14.155429,50.0,3296.821,8881.273
PF20/0004/H978B,CE,40.911448,14.156945,50.0,3276.837,9008.704
PF02/0005/H978B,CE,40.913413,14.148383,50.0,3501.955,8289.775
PF03/0005/H978B,CE,40.911667,14.153446,50.0,3304.006,8714.27
PF04/0005/H978B,CE,40.910637,14.15166,50.0,3191.146,8562.728
PF06/0001/I056,CE,40.949256,14.089646,50.0,7530.779,3384.698
PF07/0001/I056,CE,40.944005,14.057707,20.0,6976.405,690.18
PF01/0002/I056,CE,40.943334,14.09792,50.0,6866.141,4074.304
PF09/0002/I056,CE,40.939515,14.062866,21.0,6473.258,1119.031
PF18/0002/I056,CE,40.941563,14.095183,50.0,6671.92,3841.899
PF12/0003/I056,CE,40.938881,14.087709,50.0,6380.821,3209.641
PF14/0003/I056,CE,40.94128,14.085605,50.0,6648.943,3035.294
PF18/0003/I056,CE,40.943078,14.085555,50.0,6848.598,3033.17
PF20/0003/I056,CE,40.94352,14.075917,20.0,6906.229,2222.448
PF01/0004/I056,CE,40.936683,14.091488,50.0,6133.422,3525.234
PF04/0004/I056,CE,40.937432,14.072886,50.0,6233.029,1960.126
PF05/0004/I056,CE,40.936751,14.09905,50.0,6134.374,4161.915
PF07/0004/I056,CE,40.935628,14.078904,50.0,6027.415,2464.607
PF16/0004/I056,CE,40.932585,14.070417,50.0,5697.117,1746.555
PF17/0004/I056,CE,40.938708,14.080881,50.0,6367.591,2634.661
PF21/0004/I056,CE,40.934199,14.068599,21.0,5878.021,1595.421
PF04/0005/I056,CE,40.932029,14.075958,50.0,5630.47,2212.419
PF06/0005/I056,CE,40.932299,14.079244,50.0,5657.526,2489.349
PF09/0005/I056,CE,40.939026,14.084367,50.0,6399.799,2928.513
PF11/0005/I056,CE,40.945635,14.104439,50.0,7115.953,4625.69
PF16/0005/I056,CE,40.938587,14.086616,50.0,6349.073,3117.322
PF17/0005/I056,CE,40.934752,14.07742,20.0,5931.52,2338.687
PF18/0005/I056,CE,40.937428,14.084232,50.0,6222.51,2915.274
PF19/0005/I056,CE,40.933219,14.082588,50.0,5756.747,2771.937
PF03/0006/I056,CE,40.933271,14.072325,50.0,5771.593,1907.979
PF04/0006/I056,CE,40.928426,14.065747,50.0,5239.632,1348.4
PF07/0006/I056,CE,40.924719,14.06705,50.0,4826.971,1453.753
PF12/0006/I056,CE,40.93418,14.072831,50.0,5872.114,1951.626
PF14/0006/I056,CE,40.93136,14.067292,20.0,5563.986,1481.975
PF01/0007/I056,CE,40.947949,14.103969,50.0,7373.284,4588.776
PF10/0007/I056,CE,40.942268,14.082045,50.0,6761.791,2736.782
PF13/0007/I056,CE,40.941171,14.068137,21.0,6652.418,1564.708
PF04/0008/I056,CE,40.93284,14.07189,21.0,5724.13,1870.842
PF02/0002/I113,CE,40.790896,14.282489,12.0,-10200.0,19472.0
PF03/0002/I113,CE,40.788157,14.282531,12.0,-10504.0,19473.0
PF04/0002/I113,CE,40.790866,14.288641,12.0,-10207.5,19991.0
PF05/0002/I113,CE,40.793293,14.27259,12.0,-9927.0,18639.0
PF02/0003/I113,CE,40.791361,14.24951,9.0,-10125.0,16690.0
PF03/0003/I113,CE,40.791159,14.252693,50.0,-10149.736,16958.31
PF08/0003/I113,CE,40.791232,14.263082,50.0,-10149.026,17834.942
PF09/0003/I113,CE,40.793693,14.261539,50.0,-9874.8,17707.0
PF10/0003/I113,CE,40.791408,14.258091,12.0,-10126.0,17414.0
PF11/0003/I113,CE,40.789806,14.25562,50.0,-10302.0,17204.0
PF05/0004/I113,CE,40.791825,14.27692,12.0,-10093.0,19003.0
PF07/0004/I113,CE,40.790434,14.270707,12.0,-10243.0,18477.5
PF09/0004/I113,CE,40.794205,14.264496,12.0,-9820.0,17957.0
PF11/0004/I113,CE,40.787797,14.27636,50.0,-10539.773,18952.025
PF12/0004/I113,CE,40.789218,14.26155,50.0,-10371.539,17703.77
PF13/0004/I113,CE,40.785848,14.260571,12.0,-10745.0,17618.0
PF14/0004/I113,CE,40.79189,14.267248,12.0,-10079.0,18187.0
PF15/0004/I113,CE,40.790679,14.273839,12.0,-10218.0,18742.0
PF16/0004/I113,CE,40.790146,14.267907,12.0,-10273.0,18241.0
PF17/0004/I113,CE,40.790144,14.264742,12.0,-10271.0,17974.0
PF01/0005/I113,CE,40.784679,14.288366,50.0,-10894.126,19962.223
PF03/0005/I113,CE,40.782684,14.291845,12.0,-11118.0,20254.0
PF04/0005/I113,CE,40.784851,14.295591,12.0,-10880.0,20572.0
PF05/0005/I113,CE,40.78573,14.281952,50.0,-10772.999,19421.998
PF03/0006/I113,CE,40.790532,14.239765,10.0,-10210.0,15867.0
PF04/0006/I113,CE,40.793365,14.23946,10.0,-9895.3,15844.0
PF06/0006/I113,CE,40.789474,14.243875,50.0,-10330.416,16212.788
PF07/0006/I113,CE,40.790227,14.247017,50.0,-10249.1,16478.6
PF08/0006/I113,CE,40.786149,14.242158,50.0,-10698.228,16064.692
PF10/0006/I113,CE,40.788041,14.250057,9.0,-10494.0,16733.0
PF13/0006/I113,CE,40.789174,14.236617,50.0,-10358.366,15600.104
PF14/0006/I113,CE,40.789496,14.239741,50.0,-10325.0,15864.0
PF15/0006/I113,CE,40.786178,14.245321,50.0,-10697.331,16331.621
PF16/0006/I113,CE,40.790491,14.234662,50.0,-10210.764,15436.412
PF17/0006/I113,CE,40.792511,14.243488,12.0,-9993.0,16183.0
PF01/0007/I113,CE,40.786501,14.230192,50.0,-10650.365,15055.439
PF04/0007/I113,CE,40.784308,14.237217,50.0,-10899.0,15646.0
PF06/0007/I113,CE,40.783889,14.239514,50.0,-10947.263,15839.455
PF07/0007/I113,CE,40.782295,14.238313,50.0,-11123.294,15736.556
PF08/0007/I113,CE,40.783346,14.233864,50.0,-11003.382,15362.152
PF09/0007/I113,CE,40.783984,14.231211,50.0,-10930.589,15138.974
PF11/0007/I113,CE,40.78287,14.223713,50.0,-11048.698,14505.189
PF13/0007/I113,CE,40.78216,14.229438,50.0,-11131.715,14987.546
PF14/0007/I113,CE,40.786517,14.238694,50.0,-10654.842,15772.787
PF15/0007/I113,CE,40.786903,14.233951,50.0,-10608.542,15373.008
PF16/0007/I113,CE,40.785328,14.226549,50.0,-10777.951,14746.869
PF04/0008/I113,CE,40.781349,14.242366,50.0,-11231.312,16077.666
PF06/0008/I113,CE,40.781085,14.250232,50.0,-11266.233,16741.117
PF07/0008/I113,CE,40.783455,14.252285,50.0,-11004.669,16916.592
PF09/0008/I113,CE,40.782796,14.256777,10.0,-11081.1,17295.0
PF10/0008/I113,CE,40.778763,14.255556,10.0,-11527.9,17188.2
PF11/0008/I113,CE,40.778225,14.255155,50.0,-11587.336,17153.889
PF13/0008/I113,CE,40.84622,14.249428,50.0,-4035.059,16735.217
PF14/0008/I113,CE,40.780606,14.253094,50.0,-11321.559,16982.176
PF15/0008/I113,CE,40.780321,14.258392,12.0,-11357.0,17429.0
PF17/0008/I113,CE,40.778621,14.258258,50.0,-11545.521,17416.055
PF18/0008/I113,CE,40.784818,14.240865,50.0,-10845.104,15954.325
PF19/0008/I113,CE,40.785513,14.25547,50.0,-10778.511,17187.35
PF21/0008/I113,CE,40.785365,14.251484,50.0,-10792.109,16850.841
PF22/0008/I113,CE,40.786169,14.248471,50.0,-10700.687,16597.39
PF23/0008/I113,CE,40.843744,14.249377,50.0,-4309.927,16728.618
PF24/0008/I113,CE,40.782464,14.244472,50.0,-11109.007,16256.428
PF02/0009/I113,CE,40.783128,14.258822,50.0,-11045.667,17467.913
PF03/0009/I113,CE,40.783434,14.263465,12.0,-11015.0,17860.0
PF11/0009/I113,CE,40.781093,14.265811,50.0,-11276.507,18055.696
PF13/0009/I113,CE,40.780539,14.261661,10.0,-11335.1,17705.0
PF17/0009/I113,CE,40.779016,14.271359,12.0,-11511.0,18522.0
PF19/0009/I113,CE,40.779855,14.262407,50.0,-11411.489,17767.361
PF20/0009/I113,CE,40.783788,14.275292,50.0,-10984.037,18858.244
PF22/0009/I113,CE,40.783817,14.26851,50.0,-10976.0,18286.0
PF23/0009/I113,CE,40.782078,14.272241,50.0,-11171.69,18599.228
PF24/0009/I113,CE,40.78591,14.264683,12.0,-10741.0,17965.0
PF25/0009/I113,CE,40.779441,14.265565,50.0,-11459.754,18033.452
PF26/0009/I113,CE,40.781442,14.276026,12.0,-11245.0,18918.0
PF27/0009/I113,CE,40.779196,14.268572,12.0,-11489.0,18287.0
PF28/0009/I113,CE,40.786407,14.270579,12.0,-10690.0,18463.0
PF29/0009/I113,CE,40.787479,14.276339,12.0,-10575.0,18950.0
PF01/0011/I113,CE,40.787451,14.257462,50.0,-10564.747,17357.191
PF01/0003/I130,CE,41.038516,14.40363,12.0,17212.0,29880.0
PF02/0003/I130,CE,41.058417,14.388793,12.0,19429.864,28648.364
PF02/0004/I130,CE,41.04538,14.381064,50.0,17987.125,27988.657
PF03/0004/I130,CE,41.04531,14.388395,12.0,17975.078,28604.701
PF04/0004/I130,CE,41.040621,14.374036,50.0,17463.046,27394.189
PF05/0004/I130,CE,41.043841,14.372551,50.0,17821.435,27271.893
PF06/0004/I130,CE,41.050312,14.384964,50.0,18532.396,28320.261
PF07/0004/I130,CE,41.042648,14.375196,50.0,17687.412,27493.285
PF08/0004/I130,CE,41.043543,14.387073,50.0,17779.679,28492.241
PF01/0005/I130,CE,41.04257,14.380775,50.0,17675.437,27962.124
PF02/0005/I130,CE,41.041069,14.387342,50.0,17504.887,28512.87
PF04/0005/I130,CE,41.03759,14.391874,50.0,17115.948,28891.141
PF08/0005/I130,CE,41.036733,14.379719,50.0,17027.976,27868.751
PF09/0005/I130,CE,41.041269,14.377035,50.0,17533.207,27646.744
PF10/0005/I130,CE,41.037677,14.380977,50.0,17132.064,27975.254
PF11/0005/I130,CE,41.039315,14.396613,50.0,17304.759,29290.802
PF12/0005/I130,CE,41.035766,14.386408,50.0,16916.75,28430.307
PF13/0005/I130,CE,41.041452,14.393105,50.0,17544.003,28997.595
PF14/0005/I130,CE,41.042415,14.389786,50.0,17652.791,28719.35
PF15/0005/I130,CE,41.04198,14.39722,50.0,17600.221,29343.853
PF16/0005/I130,CE,41.039534,14.37857,50.0,17339.696,27774.372
PF17/0005/I130,CE,41.040984,14.385103,50.0,17496.705,28324.671
PF02/0006/I130,CE,41.033254,14.398613,50.0,16630.64,29454.31
PF03/0006/I130,CE,41.035854,14.391808,50.0,16923.306,28884.278
PF04/0006/I130,CE,41.033149,14.390435,50.0,16623.834,28766.743
PF05/0006/I130,CE,41.034994,14.389519,50.0,16829.134,28691.203
PF06/0006/I130,CE,41.035114,14.396184,50.0,16838.538,29251.5
PF07/0006/I130,CE,41.037467,14.399613,50.0,17097.803,29541.592
PF08/0006/I130,CE,41.033383,14.393572,50.0,16647.966,29030.632
PF01/0007/I130,CE,41.039114,14.375991,50.0,17294.545,27557.262
PF02/0007/I130,CE,41.036885,14.373253,50.0,17048.812,27325.353
PF01/0008/I130,CE,41.041678,14.370016,50.0,17582.882,27057.15
PF02/0008/I130,CE,41.03849,14.371949,50.0,17227.745,27217.066
PF03/0008/I130,CE,41.037357,14.365533,50.0,17105.858,26676.798
PF04/0008/I130,CE,41.036506,14.371321,50.0,17007.836,27162.662
PF05/0008/I130,CE,41.034905,14.368307,9.0,16832.0,26908.0
PF08/0008/I130,CE,41.037346,14.369134,50.0,17102.418,26979.502
PF01/0009/I130,CE,41.033807,14.367218,50.0,16710.713,26815.649
PF02/0009/I130,CE,41.035402,14.373068,50.0,16884.257,27308.622
PF05/0009/I130,CE,41.031804,14.371941,50.0,16485.57,27211.02
PF06/0009/I130,CE,41.03143,14.368072,50.0,16446.301,26885.527
PF08/0009/I130,CE,41.032029,14.365161,50.0,16514.646,26641.264
PF11/0009/I130,CE,41.029708,14.369629,50.0,16254.196,27015.023
PF12/0009/I130,CE,41.032531,14.376399,50.0,16563.581,27586.358
PF13/0009/I130,CE,41.02953,14.366317,50.0,16236.531,26736.404
PF14/0009/I130,CE,41.037661,14.375285,50.0,17133.699,27496.755
PF15/0009/I130,CE,41.033989,14.379126,50.0,16723.727,27816.728
PF01/0010/I130,CE,41.027243,14.380525,50.0,15973.991,27929.037
PF03/0010/I130,CE,40.956547,14.217964,50.0,8235.678,14192.36
PF04/0010/I130,CE,41.026137,14.375603,50.0,15854.169,27514.402
PF05/0010/I130,CE,40.956276,14.220739,50.0,8203.431,14425.62
PF06/0010/I130,CE,41.029911,14.376286,50.0,16272.77,27574.806
PF08/0010/I130,CE,41.029455,14.380467,50.0,16219.663,27925.884
PF01/0011/I130,CE,41.034172,14.383522,50.0,16741.459,28186.447
PF02/0011/I130,CE,41.033007,14.388165,50.0,16609.359,28575.826
PF03/0011/I130,CE,41.03209,14.386196,50.0,16508.707,28409.577
PF04/0011/I130,CE,41.031249,14.389296,50.0,16413.518,28669.553
PF05/0011/I130,CE,41.029744,14.391546,50.0,16245.155,28857.469
PF06/0011/I130,CE,41.030714,14.395956,50.0,16350.245,29228.977
PF07/0011/I130,CE,40.951359,14.216111,50.0,7661.047,14031.209
PF08/0011/I130,CE,41.028208,14.389425,50.0,16075.898,28677.986
PF09/0011/I130,CE,41.031174,14.382104,50.0,16409.488,28064.869
PF02/0012/I130,CE,41.032435,14.3643,9.0,16560.2,26569.2
PF04/0012/I130,CE,41.028609,14.364849,50.0,16135.2,26612.272
PF05/0012/I130,CE,41.026308,14.362282,50.0,15881.302,26394.575
PF09/0012/I130,CE,41.027965,14.360802,50.0,16066.13,26271.534
PF11/0012/I130,CE,41.030744,14.36089,50.0,16374.639,26281.214
PF13/0012/I130,CE,41.029262,14.36462,50.0,16207.835,26593.513
PF14/0012/I130,CE,41.036327,14.364609,50.0,16992.09,26598.312
PF15/0012/I130,CE,41.027388,14.357316,50.0,16004.216,25977.969
PF01/0013/I130,CE,41.026354,14.368131,8.0,15882.83,26886.37
PF02/0013/I130,CE,41.019697,14.360222,50.0,15148.605,26216.073
PF04/0013/I130,CE,41.023207,14.366821,50.0,15534.278,26773.724
PF01/0014/I130,CE,40.957829,14.226794,50.0,8371.299,14936.691
PF02/0014/I130,CE,41.023248,14.376655,50.0,15532.834,27600.477
PF03/0014/I130,CE,41.021685,14.37307,50.0,15361.471,27297.868
PF04/0014/I130,CE,41.023581,14.371316,50.0,15573.06,27151.935
PF05/0014/I130,CE,41.023691,14.388058,50.0,15575.215,28559.566
PF06/0014/I130,CE,40.97485,14.298229,50.0,10210.165,20963.743
PF07/0014/I130,CE,41.021565,14.388777,50.0,15338.759,28618.326
PF08/0014/I130,CE,41.020294,14.381274,50.0,15202.195,27986.558
PF09/0014/I130,CE,41.021943,14.369822,50.0,15392.125,27024.964
PF05/0015/I130,CE,41.014227,14.368853,50.0,14536.097,26937.301
PF06/0015/I130,CE,41.019037,14.366618,50.0,15071.464,26753.24
PF07/0015/I130,CE,41.019372,14.375854,50.0,15103.1,27530.1
PF08/0015/I130,CE,41.019542,14.369485,50.0,15125.779,26994.718
PF09/0015/I130,CE,41.016848,14.375544,12.0,14823.0,27502.0
PF10/0015/I130,CE,41.017639,14.380443,50.0,14907.951,27914.598
PF11/0015/I130,CE,41.016996,14.372054,50.0,14841.571,27208.668
PF08/0001/I131,CE,40.98579,14.12582,70.0,11555.517,6470.038
PF09/0001/I131,CE,40.992843,14.126017,70.0,12338.305,6494.474
PF16/0001/I131,CE,40.990129,14.13922,12.0,12026.0,7602.0
PF17/0001/I131,CE,40.997369,14.125719,21.0,12840.945,6474.394
PF05/0002/I131,CE,40.978764,14.134512,70.0,10768.203,7193.495
PF06/0002/I131,CE,40.985163,14.138581,20.0,11475.223,7542.815
PF06/0003/I131,CE,40.992627,14.12164,50.0,12318.0,6126.0
PF07/0003/I131,CE,40.992914,14.11861,21.0,12352.446,5871.467
PF09/0004/I131,CE,40.981616,14.125526,50.0,11092.314,6440.617
PF11/0004/I131,CE,40.981386,14.126669,50.0,11065.829,6536.538
PF13/0004/I131,CE,40.989145,14.124248,50.0,11929.287,6341.522
PF15/0004/I131,CE,40.988154,14.131002,21.0,11813.589,6908.564
PF04/0005/I131,CE,40.977847,14.126179,50.0,10673.373,6491.39
PF14/0005/I131,CE,40.970848,14.128958,50.0,9894.119,6717.493
PF16/0005/I131,CE,40.982878,14.125719,50.0,11232.288,6458.302
PF23/0005/I131,CE,40.980036,14.131763,50.0,10911.679,6963.602
PF24/0005/I131,CE,40.972193,14.127536,21.0,10044.636,6599.289
PF11/0006/I131,CE,40.982848,14.130659,50.0,11224.824,6873.879
PF15/0006/I131,CE,40.981424,14.126133,50.0,11070.54,6491.521
PF19/0006/I131,CE,40.977014,14.129908,50.0,10577.765,6804.211
PF21/0006/I131,CE,40.982019,14.127146,50.0,11135.735,6577.36
PF23/0006/I131,CE,40.979565,14.132052,50.0,10859.179,6987.423
PF24/0006/I131,CE,40.978003,14.126988,50.0,10690.069,6559.667
PF25/0006/I131,CE,40.981944,14.135698,20.0,11120.275,7296.723
PF14/0007/I131,CE,40.978898,14.141738,50.0,10777.075,7801.559
PF15/0007/I131,CE,40.97603,14.141864,50.0,10458.579,7809.075
PF17/0007/I131,CE,40.975369,14.146304,20.0,10381.525,8181.868
PF06/0008/I131,CE,40.975974,14.133327,50.0,10459.503,7090.763
PF07/0008/I131,CE,40.973973,14.131857,50.0,10238.548,6964.849
PF09/0008/I131,CE,40.984409,14.128847,50.0,11399.618,6723.123
PF13/0008/I131,CE,40.97466,14.139754,50.0,10308.284,7630.059
PF14/0008/I131,CE,40.974063,14.135329,21.0,10245.696,7257.056
PF01/0001/I233,CE,40.9256,14.105542,50.0,4890.848,4695.813
PF03/0001/I233,CE,40.926069,14.101731,52.0,4946.267,4375.446
PF04/0001/I233,CE,40.927885,14.105496,50.0,5144.617,4694.516
PF05/0001/I233,CE,40.927387,14.108143,50.0,5087.045,4916.814
PF06/0001/I233,CE,40.93009,14.104759,50.0,5390.0,4635.0
PF07/0001/I233,CE,40.927575,14.098795,12.0,5116.0,4130.0
PF08/0001/I233,CE,40.924763,14.09697,12.0,4805.349,3973.083
PF09/0001/I233,CE,40.92434,14.102454,50.0,4753.724,4434.365
PF01/0003/I233,CE,40.928351,14.077258,10.0,5221.0,2317.5
PF02/0003/I233,CE,40.926963,14.07271,12.0,5071.0,1933.0
PF04/0003/I233,CE,40.924425,14.076338,12.0,4786.0,2235.5
PF06/0003/I233,CE,40.925863,14.076062,50.0,4945.928,2213.915
PF08/0003/I233,CE,40.919822,14.070815,10.0,4280.0,1765.0
PF09/0003/I233,CE,40.91843,14.085371,50.0,4112.543,2989.073
PF13/0003/I233,CE,40.915008,14.068674,50.0,3747.429,1579.048
PF14/0003/I233,CE,40.914835,14.071255,50.0,3725.915,1796.182
PF16/0003/I233,CE,40.931006,14.097027,50.0,5498.376,3984.997
PF17/0003/I233,CE,40.9156,14.078414,50.0,3804.538,2399.963
PF21/0003/I233,CE,40.91603,14.079646,50.0,3851.106,2504.203
PF23/0003/I233,CE,40.917555,14.080232,60.0,4019.92,2555.303
PF24/0003/I233,CE,40.91735,14.069726,50.0,4006.468,1670.407
PF26/0003/I233,CE,40.91726,14.07926,50.0,3988.083,2473.11
PF29/0003/I233,CE,40.924301,14.072154,12.0,4776.0,1883.0
PF30/0003/I233,CE,40.922185,14.085742,50.0,4529.043,3024.681
PF31/0003/I233,CE,40.926425,14.078846,50.0,5005.843,2448.945
PF01/0004/I233,CE,40.921678,14.080235,50.0,4477.643,2560.342
PF04/0004/I233,CE,40.920218,14.08033,50.0,4315.441,2566.704
PF06/0004/I233,CE,40.918113,14.07926,50.0,4082.735,2474.116
PF09/0004/I233,CE,40.919443,14.081766,50.0,4228.135,2686.714
PF10/0004/I233,CE,40.92003,14.099545,50.0,4277.781,4184.469
PF11/0004/I233,CE,40.920627,14.096908,50.0,4346.32,3963.113
PF12/0004/I233,CE,40.919084,14.079851,12.0,4190.0,2525.0
PF50/0004/I233,CE,40.920385,14.079248,50.0,4334.99,2475.799
PF01/0005/I233,CE,40.924921,14.088915,12.0,4830.0,3295.0
PF01/0007/I233,CE,40.916967,14.100943,50.0,3936.553,4298.724
PF02/0007/I233,CE,40.917209,14.10364,50.0,3961.019,4526.095
PF03/0007/I233,CE,40.915405,14.104745,50.0,3759.837,4617.122
PF05/0007/I233,CE,40.908674,14.080782,50.0,3033.563,2591.297
PF08/0007/I233,CE,40.916193,14.092511,50.0,3857.9,3587.771
PF09/0007/I233,CE,40.928341,14.211399,50.0,5109.342,13611.614
PF10/0007/I233,CE,40.914548,14.094479,50.0,3673.616,3751.631
PF12/0007/I233,CE,40.913691,14.099335,50.0,3574.192,4159.51
PF15/0007/I233,CE,40.914101,14.103181,50.0,3616.415,4483.89
PF26/0007/I233,CE,40.913296,14.099867,50.0,3529.864,4203.918
PF01/0008/I233,CE,40.916357,14.091185,10.0,3877.3,3476.3
PF03/0008/I233,CE,40.915604,14.092424,50.0,3792.631,3579.716
PF04/0008/I233,CE,40.915871,14.090724,50.0,3823.717,3436.876
PF05/0008/I233,CE,40.915258,14.090545,50.0,3755.831,3421.138
PF06/0008/I233,CE,40.918527,14.09472,50.0,4115.05,3776.428
PF07/0008/I233,CE,40.917098,14.096149,50.0,3955.241,3895.181
PF08/0008/I233,CE,40.916528,14.093717,50.0,3894.105,3689.727
PF09/0008/I233,CE,40.916815,14.099825,50.0,3920.64,4204.36
PF01/0009/I233,CE,40.914813,14.084519,50.0,3711.775,2913.1
PF02/0009/I233,CE,40.917589,14.086462,12.0,4018.2,3080.0
PF04/0009/I233,CE,40.917909,14.087892,12.0,4052.5,3200.8
PF05/0009/I233,CE,40.91672,14.086982,50.0,3921.261,3122.764
PF01/0010/I233,CE,40.915875,14.079392,50.0,3834.112,2482.6
PF02/0010/I233,CE,40.914746,14.078293,50.0,3709.786,2388.729
PF03/0010/I233,CE,40.913546,14.079175,50.0,3575.813,2461.62
PF04/0010/I233,CE,40.914714,14.077069,50.0,3707.336,2285.602
PF01/0011/I233,CE,40.912344,14.074152,50.0,3446.79,2037.168
PF02/0011/I233,CE,40.913218,14.078145,50.0,3540.283,2374.463
PF04/0011/I233,CE,40.910288,14.072775,50.0,3219.818,1918.814
PF05/0011/I233,CE,40.910249,14.069914,50.0,3218.106,1677.786
PF06/0011/I233,CE,40.909933,14.186297,50.0,3085.297,11479.077
PF08/0011/I233,CE,40.909664,14.079214,50.0,3144.832,2460.332
PF10/0011/I233,CE,40.911714,14.07958,50.0,3372.087,2493.557
PF13/0011/I233,CE,40.914593,14.07288,50.0,3697.591,1932.759
PF15/0011/I233,CE,40.908219,14.076585,50.0,2986.782,2237.296
PF18/0011/I233,CE,40.913261,14.069521,50.0,3552.813,1648.237
PF19/0011/I233,CE,40.913767,14.07685,50.0,3602.441,2266.046
PF20/0011/I233,CE,40.914141,14.064791,50.0,3654.755,1250.944
PF01/0013/I233,CE,40.908587,14.08118,12.0,3023.5,2624.7
PF02/0013/I233,CE,40.907092,14.081587,50.0,2857.204,2657.23
PF03/0013/I233,CE,40.908411,14.078971,50.0,3005.913,2438.434
PF01/0014/I233,CE,40.906779,14.082384,50.0,2821.793,2723.945
PF03/0014/I233,CE,40.924511,14.21492,50.0,4681.599,13904.238
PF04/0014/I233,CE,40.90975,14.085182,50.0,3149.106,2963.067
PF05/0014/I233,CE,40.908228,14.094499,10.0,2972.0,3746.0
PF07/0014/I233,CE,40.922435,14.207247,50.0,4456.935,13256.095
PF08/0014/I233,CE,40.907206,14.085932,50.0,2866.015,3023.308
PF09/0014/I233,CE,40.922842,14.198704,50.0,4508.624,12537.166
PF11/0014/I233,CE,40.904389,14.086905,10.0,2552.5,3102.0
PF14/0014/I233,CE,40.920666,14.198006,50.0,4267.626,12476.124
PF15/0014/I233,CE,40.926367,14.213397,50.0,4888.762,13777.812
PF16/0014/I233,CE,40.923484,14.20116,50.0,4578.021,12744.604
PF50/0014/I233,CE,40.926662,14.215871,50.0,4919.614,13986.455
PF02/0015/I233,CE,40.906522,14.074709,50.0,2800.021,2077.305
PF05/0015/I233,CE,40.905551,14.072295,50.0,2694.349,1872.78
PF06/0015/I233,CE,40.902653,14.068715,50.0,2375.906,1567.861
PF10/0015/I233,CE,40.902069,14.076375,50.0,2304.266,2212.402
PF12/0015/I233,CE,40.903388,14.080434,50.0,2447.017,2555.78
PF14/0015/I233,CE,40.903705,14.072512,50.0,2489.323,1888.921
PF15/0015/I233,CE,40.904497,14.07078,50.0,2578.775,1743.972
PF17/0015/I233,CE,40.91088,14.092997,50.0,3267.702,3622.532
PF19/0015/I233,CE,40.905879,14.076954,50.0,2726.604,2265.604
PF20/0015/I233,CE,40.906172,14.187972,50.0,2666.385,11616.276
PF21/0015/I233,CE,40.901624,14.073093,50.0,2257.684,1935.382
PF05/0016/I233,CE,40.900641,14.074757,50.0,2147.123,2074.432
PF06/0016/I233,CE,40.902336,14.075448,50.0,2334.651,2134.615
PF07/0016/I233,CE,40.902599,14.073181,50.0,2365.863,1943.958
PF10/0016/I233,CE,40.903699,14.073034,50.0,2488.09,1932.881
PF06/0001/I234,CE,40.976937,14.109258,50.0,10586.784,5066.805
PF07/0001/I234,CE,40.984805,14.10422,50.0,11464.532,4651.824
PF08/0001/I234,CE,40.984958,14.107715,50.0,11478.511,4946.046
PF11/0001/I234,CE,40.978328,14.105925,20.0,10744.01,4787.891
PF14/0001/I234,CE,40.981446,14.101615,50.0,11093.894,4428.905
PF15/0001/I234,CE,40.98262,14.097297,50.0,11228.0,4067.0
PF17/0001/I234,CE,40.982321,14.107441,12.0,11186.0,4920.0
PF04/0002/I234,CE,40.980017,14.123,50.0,10916.952,6226.399
PF07/0002/I234,CE,40.987128,14.116064,50.0,11712.311,5650.803
PF16/0002/I234,CE,40.979472,14.111483,50.0,10866.271,5256.837
PF20/0002/I234,CE,40.989261,14.113886,50.0,11950.89,5470.031
PF22/0002/I234,CE,40.97999,14.114807,50.0,10920.95,5537.037
PF24/0002/I234,CE,40.975635,14.116208,50.0,10436.274,5649.991
PF25/0002/I234,CE,40.984824,14.114194,21.0,11458.103,5490.939
PF11/0003/I234,CE,40.977558,14.089073,50.0,10673.163,3369.233
PF16/0003/I234,CE,40.969908,14.110359,50.0,9805.527,5151.49
PF17/0003/I234,CE,40.979465,14.09359,50.0,10880.924,3751.492
PF18/0003/I234,CE,40.970189,14.11185,50.0,9835.405,5277.232
PF19/0003/I234,CE,40.966895,14.111356,50.0,9470.171,5231.933
PF20/0003/I234,CE,40.97326,14.118386,50.0,10170.782,5830.652
PF21/0003/I234,CE,40.974591,14.101113,21.0,10333.307,4378.855
PF06/0004/I234,CE,40.971987,14.102018,50.0,10043.477,4452.025
PF15/0004/I234,CE,40.967536,14.101409,21.0,9549.907,4395.666
PF01/0005/I234,CE,40.977371,14.123138,50.0,10623.132,6235.038
PF07/0005/I234,CE,40.972577,14.111237,50.0,10101.098,5228.37
PF09/0005/I234,CE,40.975121,14.125182,50.0,10371.663,6404.513
PF12/0005/I234,CE,40.974936,14.113689,50.0,10360.813,5437.286
PF13/0005/I234,CE,40.972955,14.106537,50.0,10147.005,4833.281
PF16/0005/I234,CE,40.971845,14.090036,50.0,10038.177,3443.656
PF21/0005/I234,CE,40.972582,14.111354,21.0,10101.544,5238.188
PF01/0006/I234,CE,40.954224,14.097563,50.0,8075.417,4056.796
PF02/0006/I234,CE,40.964251,14.107042,50.0,9180.315,4865.942
PF03/0006/I234,CE,40.962868,14.157379,50.0,8984.752,9100.294
PF09/0006/I234,CE,40.950885,14.096536,50.0,7705.635,3966.475
PF10/0006/I234,CE,40.957877,14.087861,20.0,8489.444,3244.438
PF02/0007/I234,CE,40.956311,14.10554,50.0,8300.233,4730.478
PF08/0007/I234,CE,40.959887,14.096118,70.0,8705.302,3941.648
PF09/0007/I234,CE,40.953914,14.099331,50.0,8039.469,4205.254
PF10/0007/I234,CE,40.962691,14.094546,70.0,9017.981,3812.584
PF14/0007/I234,CE,40.959056,14.099945,70.0,8609.78,4262.794
PF18/0007/I234,CE,40.960368,14.102993,70.0,8752.78,4520.779
PF20/0007/I234,CE,40.950195,14.113379,50.0,7614.519,5383.354
PF21/0007/I234,CE,40.960302,14.09118,70.0,8755.68,3526.61
PF22/0007/I234,CE,40.96351,14.101855,21.0,9102.518,4428.575
PF05/0008/I234,CE,40.960963,14.117585,50.0,8806.312,5749.419
PF08/0008/I234,CE,40.956751,14.10975,50.0,8345.441,5085.286
PF14/0008/I234,CE,40.961842,14.109279,50.0,8910.962,5051.468
PF17/0008/I234,CE,40.9599,14.113107,50.0,8692.111,5371.378
PF19/0008/I234,CE,40.956259,14.105143,50.0,8294.812,4697.064
PF20/0008/I234,CE,40.954781,14.113174,50.0,8123.752,5371.226
PF21/0008/I234,CE,40.960165,14.105587,50.0,8728.028,4738.852
PF22/0008/I234,CE,40.959941,14.111945,20.0,8697.659,5273.671
PF01/0009/I234,CE,40.949551,14.099868,50.0,7554.68,4245.455
PF02/0009/I234,CE,40.948203,14.096357,50.0,7408.038,3948.344
PF08/0009/I234,CE,40.938211,14.098449,50.0,6297.0,4113.0
PF09/0009/I234,CE,40.940303,14.1002,10.0,6527.76,4262.793
PF12/0009/I234,CE,40.942411,14.092987,50.0,6768.0,3658.0
PF13/0009/I234,CE,40.942479,14.102359,50.0,6767.421,4447.049
PF16/0009/I234,CE,40.945673,14.091764,20.0,7131.232,3558.812
PF01/0010/I234,CE,40.958781,14.120367,50.0,8561.739,5981.143
PF02/0010/I234,CE,40.948843,14.114003,50.0,7463.914,5434.347
PF05/0010/I234,CE,40.946022,14.103199,50.0,7160.0,4521.8
PF07/0010/I234,CE,40.945597,14.109378,50.0,7107.554,5041.436
PF09/0010/I234,CE,40.943888,14.113748,50.0,6914.059,5407.321
PF11/0010/I234,CE,40.941033,14.109723,10.0,6600.589,5065.247
PF13/0010/I234,CE,40.962704,14.086887,70.0,9026.16,3168.079
PF16/0010/I234,CE,40.937747,14.108403,50.0,6236.895,4950.408
PF18/0010/I234,CE,40.948583,14.103405,50.0,7444.122,4541.985
PF20/0010/I234,CE,40.94414,14.105476,20.0,6949.178,4711.302
PF03/0011/I234,CE,40.93111,14.08099,12.0,5524.0,2635.0
PF05/0011/I234,CE,40.926776,14.079756,20.0,5043.945,2526.026
PF06/0012/I234,CE,40.922912,14.090056,50.0,4606.0,3388.787
PF10/0012/I234,CE,40.941449,14.149074,60.0,6613.709,8378.263
PF13/0012/I234,CE,40.924642,14.10016,50.0,4789.192,4241.569
PF14/0012/I234,CE,40.929179,14.091318,21.0,5300.555,3502.307
PF01/0013/I234,CE,40.934871,14.101705,50.0,5923.41,4383.323
PF04/0013/I234,CE,40.929609,14.100591,50.0,5340.207,4283.461
PF05/0013/I234,CE,40.93425,14.097722,50.0,5857.869,4047.26
PF14/0013/I234,CE,40.928069,14.095071,20.0,5174.036,3816.991
PF01/0002/I247,CE,40.995355,14.121366,50.0,12621.072,6105.999
PF02/0002/I247,CE,40.989586,14.167021,12.0,11943.0,9940.0
PF03/0002/I247,CE,40.991364,14.172468,12.0,12136.0,10400.0
PF04/0002/I247,CE,40.993973,14.167037,12.0,12430.0,9946.0
PF01/0003/I247,CE,40.988733,14.189613,32.0,11830.416,11839.514
PF02/0003/I247,CE,40.989174,14.19243,50.0,11877.194,12076.913
PF03/0003/I247,CE,40.986535,14.191501,50.0,11584.997,11996.05
PF05/0004/I247,CE,40.983904,14.210861,12.0,11278.0,13622.0
PF06/0004/I247,CE,40.986913,14.209494,50.0,11613.0,13510.0
PF07/0004/I247,CE,40.986723,14.202934,50.0,11597.0,12958.0
PF08/0004/I247,CE,40.984123,14.202977,50.0,11308.346,12959.013
PF09/0004/I247,CE,40.983906,14.207152,12.0,11281.0,13310.0
PF10/0004/I247,CE,40.985992,14.198854,12.0,11519.0,12614.0
PF02/0005/I247,CE,40.984727,14.152984,10.0,11415.0,8754.0
PF03/0005/I247,CE,40.987946,14.154334,10.0,11771.2,8871.0
PF06/0005/I247,CE,40.983918,14.162717,50.0,11317.267,9571.89
PF07/0005/I247,CE,40.982193,14.152612,10.0,11134.0,8720.0
PF08/0005/I247,CE,40.98097,14.148028,50.0,11001.9,8332.979
PF09/0005/I247,CE,40.981616,14.155696,50.0,11067.334,8978.796
PF12/0005/I247,CE,40.987388,14.162032,12.0,11703.0,9518.0
PF13/0005/I247,CE,40.987451,14.149751,50.0,11720.0,8485.0
PF14/0005/I247,CE,40.982253,14.159313,50.0,11135.177,9283.801
PF15/0005/I247,CE,40.986266,14.156459,12.0,11583.0,9048.0
PF01/0006/I247,CE,40.980995,14.164838,50.0,10991.027,9747.264
PF02/0006/I247,CE,40.982049,14.165695,50.0,11107.323,9820.479
PF03/0006/I247,CE,40.980632,14.162489,50.0,10952.693,9549.213
PF04/0006/I247,CE,40.981236,14.167,50.0,11016.089,9929.345
PF05/0006/I247,CE,40.982318,14.162663,50.0,11139.634,9565.644
PF01/0007/I247,CE,40.983882,14.165247,50.0,11311.188,9784.685
PF03/0007/I247,CE,40.98221,14.167977,50.0,11123.391,10012.576
PF04/0007/I247,CE,40.981995,14.183196,50.0,11087.414,11292.691
PF05/0007/I247,CE,40.97914,14.184117,50.0,10769.753,11367.257
PF06/0007/I247,CE,40.980284,14.180095,50.0,10900.0,11030.0
PF07/0007/I247,CE,40.982505,14.172203,50.0,11152.802,10368.464
PF08/0007/I247,CE,40.986554,14.172512,12.0,11602.043,10398.684
PF09/0007/I247,CE,40.978455,14.172832,50.0,10702.657,10417.105
PF10/0007/I247,CE,40.98099,14.17102,50.0,10985.557,10267.28
PF11/0007/I247,CE,40.984328,14.168915,50.0,11357.749,10093.707
PF01/0008/I247,CE,40.978763,14.198798,9.0,10716.5,12602.0
PF02/0008/I247,CE,40.979274,14.193998,50.0,10776.988,12198.646
PF03/0008/I247,CE,40.979266,14.189068,50.0,10779.886,11783.85
PF01/0009/I247,CE,40.979947,14.149494,50.0,10887.131,8455.234
PF02/0009/I247,CE,40.978929,14.154157,32.0,10770.364,8846.407
PF04/0009/I247,CE,40.975831,14.149722,50.0,10430.0,8470.0
PF01/0010/I247,CE,40.979053,14.161995,50.0,10777.731,9506.014
PF03/0010/I247,CE,40.977271,14.162765,50.0,10579.286,9568.899
PF09/0010/I247,CE,40.98017,14.157449,50.0,10905.46,9124.698
PF10/0010/I247,CE,40.974841,14.153368,50.0,10317.116,8775.626
PF11/0010/I247,CE,40.978892,14.165724,50.0,10756.831,9819.541
PF12/0010/I247,CE,40.975959,14.15821,50.0,10437.347,9184.206
PF03/0011/I247,CE,40.976615,14.17207,10.0,10499.0,10351.0
PF07/0011/I247,CE,40.980527,14.168698,9.0,10936.0,10071.5
PF08/0011/I247,CE,40.977292,14.181968,50.0,10566.367,11184.529
PF09/0011/I247,CE,40.973786,14.168358,50.0,10187.948,10035.714
PF10/0011/I247,CE,40.977643,14.168361,50.0,10616.068,10040.077
PF11/0011/I247,CE,40.97582,14.16567,50.0,10415.911,9811.72
PF12/0011/I247,CE,40.975671,14.177636,50.0,10389.824,10818.342
PF16/0011/I247,CE,40.972824,14.170597,50.0,10079.352,10223.103
PF17/0011/I247,CE,40.972765,14.166714,50.0,10075.9,9896.359
PF01/0012/I247,CE,40.971907,14.189041,12.0,9963.0,11774.0
PF02/0012/I247,CE,40.978622,14.188295,50.0,10708.965,11718.179
PF08/0012/I247,CE,40.965341,14.187159,50.0,9235.485,11608.924
PF02/0013/I247,CE,40.975753,14.2058,10.0,10377.0,13188.0
PF03/0013/I247,CE,40.975047,14.203678,50.0,10300.232,13008.727
PF04/0013/I247,CE,40.976861,14.194162,10.0,10508.9,12210.0
PF05/0013/I247,CE,40.974327,14.201384,10.0,10222.0,12815.0
PF07/0013/I247,CE,40.9743,14.192597,60.0,10225.861,12075.639
PF09/0013/I247,CE,40.974427,14.19696,60.0,10236.551,12442.866
PF10/0013/I247,CE,40.973762,14.199372,50.0,10160.904,12645.198
PF13/0013/I247,CE,40.972596,14.101584,50.0,10111.46,4416.16
PF14/0013/I247,CE,40.973245,14.203893,12.0,10100.0,13025.0
PF15/0013/I247,CE,40.97236,14.206149,50.0,10000.026,13213.951
PF18/0013/I247,CE,40.969962,14.196813,12.0,9741.0,12426.0
PF19/0013/I247,CE,40.970546,14.199159,12.0,9804.0,12624.0
PF20/0013/I247,CE,40.976485,14.198291,12.0,10464.0,12557.0
PF02/0014/I247,CE,40.972522,14.150107,50.0,10062.336,8498.785
PF03/0014/I247,CE,40.970943,14.152692,50.0,9885.033,8714.563
PF05/0014/I247,CE,40.962498,14.143792,12.0,8954.8,7956.5
PF06/0014/I247,CE,40.965204,14.148644,50.0,9251.235,8367.726
PF07/0014/I247,CE,40.969255,14.14718,12.0,9702.132,8248.965
PF02/0015/I247,CE,40.968713,14.153725,50.0,9636.583,8799.077
PF03/0015/I247,CE,40.967428,14.162059,50.0,9487.147,9498.949
PF04/0015/I247,CE,40.964994,14.159976,50.0,9218.627,9321.098
PF05/0015/I247,CE,40.882066,14.163372,969.0,9.91,9518.772
PF08/0015/I247,CE,40.968786,14.157039,50.0,9642.028,9078.034
PF09/0015/I247,CE,40.972183,14.159483,50.0,10017.117,9287.305
PF10/0015/I247,CE,40.963664,14.150447,50.0,9078.741,8517.78
PF01/0016/I247,CE,40.964011,14.167309,50.0,9103.588,9937.149
PF02/0016/I247,CE,40.967067,14.170846,12.0,9440.0,10238.0
PF04/0016/I247,CE,40.97624,14.167122,50.0,10461.357,9934.307
PF05/0016/I247,CE,40.95772,14.181815,50.0,8393.732,11151.294
PF06/0016/I247,CE,40.977381,14.169959,50.0,10585.733,10174.212
PF07/0016/I247,CE,40.966756,14.174526,50.0,9402.566,10547.289
PF03/0017/I247,CE,40.959438,14.148233,52.0,8611.476,8326.914
PF04/0017/I247,CE,40.956692,14.145407,50.0,8308.938,8086.099
PF05/0017/I247,CE,40.957967,14.140806,50.0,8454.266,7700.291
PF01/0018/I247,CE,40.953189,14.152302,50.0,7914.334,8662.625
PF05/0018/I247,CE,40.952204,14.157502,50.0,7800.757,9099.224
PF07/0018/I247,CE,40.959122,14.153247,50.0,8572.24,8748.529
PF08/0018/I247,CE,40.961944,14.155129,12.0,8884.0,8910.0
PF01/0019/I247,CE,40.958722,14.162925,50.0,8519.992,9562.563
PF03/0019/I247,CE,40.960247,14.178175,50.0,8677.136,10847.591
PF05/0019/I247,CE,40.963109,14.171964,50.0,8999.734,10327.877
PF06/0019/I247,CE,40.960132,14.166025,12.0,8674.0,9825.0
PF07/0019/I247,CE,40.956329,14.173393,12.0,8246.0,10441.0
PF02/0020/I247,CE,40.959201,14.185625,50.0,8555.137,11473.464
PF03/0020/I247,CE,40.958367,14.179328,50.0,8467.504,10942.677
PF04/0020/I247,CE,40.962157,14.181771,50.0,8886.309,11152.178
PF01/0021/I247,CE,40.960305,14.192382,50.0,8672.452,12043.195
PF02/0021/I247,CE,40.964555,14.19507,50.0,9142.154,12273.799
PF03/0021/I247,CE,40.961319,14.196265,50.0,8782.0,12371.0
PF04/0021/I247,CE,40.960729,14.200728,50.0,8713.0,12746.0
PF01/0022/I247,CE,40.953956,14.143416,50.0,8006.845,7915.611
PF03/0022/I247,CE,40.945573,14.148483,12.0,7072.0,8333.0
PF04/0022/I247,CE,40.950456,14.148947,50.0,7613.772,8377.345
PF05/0022/I247,CE,40.951746,14.145874,50.0,7759.499,8120.106
PF01/0023/I247,CE,40.950546,14.156299,50.0,7617.721,8996.249
PF02/0023/I247,CE,40.951037,14.164084,50.0,7665.896,9652.014
PF03/0023/I247,CE,40.944562,14.151479,50.0,6957.365,8584.057
PF06/0023/I247,CE,40.947511,14.152542,50.0,7283.863,8676.691
PF07/0023/I247,CE,40.945773,14.160594,50.0,7084.415,9352.658
PF01/0024/I247,CE,40.94823,14.171744,50.0,7348.2,10293.739
PF04/0024/I247,CE,40.94677,14.16933,50.0,7188.0,10089.0
PF01/0025/I247,CE,40.951765,14.17945,12.0,7734.5,10946.0
PF03/0025/I247,CE,40.948976,14.176591,50.0,7427.17,10702.504
PF06/0025/I247,CE,40.947634,14.191431,50.0,7266.526,11950.195
PF09/0025/I247,CE,40.949096,14.181611,50.0,7436.516,11125.162
PF11/0025/I247,CE,40.945395,14.184025,50.0,7023.694,11324.479
PF12/0025/I247,CE,40.954526,14.187383,12.0,8034.794,11616.552
PF13/0025/I247,CE,40.954958,14.193578,50.0,8077.868,12138.411
PF14/0025/I247,CE,40.951936,14.173611,50.0,7758.124,10454.756
PF01/0026/I247,CE,40.943286,14.146244,50.0,6820.0,8142.0
PF02/0026/I247,CE,40.937026,14.144766,50.0,6126.288,8010.811
PF05/0026/I247,CE,40.939858,14.152508,50.0,6434.356,8665.604
PF06/0027/I247,CE,40.941552,14.163401,50.0,6613.537,9584.408
PF07/0027/I247,CE,40.946348,14.165551,50.0,7144.267,9770.444
PF01/0028/I247,CE,40.94408,14.176147,50.0,6884.0,10660.0
PF02/0028/I247,CE,40.944796,14.179787,50.0,6960.536,10967.149
PF03/0028/I247,CE,40.940175,14.17805,50.0,6448.954,10816.101
PF04/0028/I247,CE,40.940944,14.18324,50.0,6530.297,11253.794
PF05/0028/I247,CE,40.939893,14.173788,12.0,6421.0,10457.0
PF02/0029/I247,CE,40.931003,14.161534,50.0,5444.0,9416.0
PF03/0029/I247,CE,40.934408,14.161441,50.0,5822.086,9411.791
PF04/0029/I247,CE,40.935404,14.157606,50.0,5935.767,9090.001
PF05/0029/I247,CE,40.931043,14.157469,50.0,5451.719,9073.794
PF06/0029/I247,CE,40.927681,14.15812,12.0,5078.0,9125.0
PF01/0030/I247,CE,40.931914,14.170383,12.0,5538.0,10162.0
PF02/0030/I247,CE,40.931766,14.166056,50.0,5525.0,9797.5
PF03/0030/I247,CE,40.928049,14.167188,50.0,5111.483,9888.904
PF01/0031/I247,CE,40.935099,14.176173,50.0,5886.912,10652.817
PF02/0031/I247,CE,40.935524,14.172642,50.0,5937.0,10356.0
PF05/0001/I261A,CE,40.979582,14.120162,70.0,10871.057,5987.153
PF06/0001/I261A,CE,40.982757,14.114607,50.0,11228.261,5523.367
PF11/0001/I261A,CE,40.981477,14.121859,12.0,11080.0,6132.0
PF06/0002/I261A,CE,40.970825,14.123628,10.0,9896.0,6269.0
PF08/0002/I261A,CE,40.968243,14.127703,10.0,9606.0,6609.0
PF10/0002/I261A,CE,40.973188,14.127626,12.0,10155.0,6608.0
PF12/0002/I261A,CE,40.977563,14.12485,50.0,10643.041,6379.25
PF13/0002/I261A,CE,40.973555,14.122546,12.0,10200.0,6181.0
PF04/0003/I261A,CE,40.975038,14.139993,10.0,10350.0,7650.5
PF06/0003/I261A,CE,40.971501,14.133528,50.0,9962.746,7102.676
PF08/0003/I261A,CE,40.977618,14.135254,50.0,10640.413,7254.66
PF13/0003/I261A,CE,40.974893,14.135151,12.0,10338.0,7243.0
PF14/0003/I261A,CE,40.968095,14.131948,12.0,9586.0,6966.0
PF01/0004/I261A,CE,40.977386,14.145638,10.0,10606.0,8128.0
PF04/0005/I261A,CE,40.976305,14.103029,12.0,10522.0,4542.0
PF05/0005/I261A,CE,40.978868,14.104752,70.0,10804.998,4689.875
PF06/0005/I261A,CE,40.975763,14.105307,50.0,10459.802,4733.025
PF11/0005/I261A,CE,40.959595,14.093797,50.0,8674.999,3746.002
PF12/0005/I261A,CE,40.972036,14.10755,50.0,10044.105,4917.496
PF01/0006/I261A,CE,40.975214,14.107504,10.0,10397.0,4917.2
PF02/0006/I261A,CE,40.972955,14.112916,50.0,10141.547,5370.0
PF04/0006/I261A,CE,40.970968,14.110108,32.0,9923.355,5131.507
PF07/0006/I261A,CE,40.965707,14.111658,10.0,9338.0,5256.0
PF08/0006/I261A,CE,40.961897,14.123371,50.0,8905.067,6237.373
PF11/0006/I261A,CE,40.959191,14.11563,50.0,8611.252,5582.925
PF16/0006/I261A,CE,40.958155,14.129214,50.0,8484.749,6724.955
PF19/0006/I261A,CE,40.956614,14.132586,50.0,8310.838,7007.008
PF22/0006/I261A,CE,40.950346,14.129244,50.0,7617.876,6718.877
PF27/0006/I261A,CE,40.959877,14.132674,12.0,8673.0,7018.0
PF31/0006/I261A,CE,40.954538,14.129405,50.0,8083.117,6737.054
PF32/0006/I261A,CE,40.949741,14.120591,50.0,7557.978,5989.854
PF35/0006/I261A,CE,40.969494,14.114554,50.0,9756.0,5504.0
PF38/0006/I261A,CE,40.973993,14.115053,12.0,10255.0,5551.0
PF39/0006/I261A,CE,40.965671,14.115302,50.0,9330.971,5562.59
PF41/0006/I261A,CE,40.95317,14.122961,50.0,7936.704,6193.198
PF42/0006/I261A,CE,40.9707,14.118618,50.0,9886.346,5847.242
PF01/0007/I261A,CE,40.962086,14.132954,50.0,8918.0,7044.0
PF03/0007/I261A,CE,40.9668,14.135799,50.0,9439.02,7288.592
PF04/0007/I261A,CE,40.964964,14.139066,10.0,9232.5,7561.5
PF06/0007/I261A,CE,40.966917,14.138167,12.0,9450.0,7488.0
PF07/0007/I261A,CE,40.969642,14.138227,50.0,9752.506,7496.058
PF08/0007/I261A,CE,40.964888,14.13073,12.0,9231.0,6860.0
PF01/0008/I261A,CE,40.954022,14.097818,10.0,8052.8,4078.0
PF02/0008/I261A,CE,40.954531,14.103942,10.0,8104.0,4594.0
PF06/0008/I261A,CE,40.950543,14.1008,10.0,7664.0,4325.0
PF15/0008/I261A,CE,40.947451,14.109779,52.0,7313.039,5077.282
PF16/0008/I261A,CE,40.938999,14.120919,70.0,6365.17,6005.482
PF18/0008/I261A,CE,40.942788,14.102034,10.0,6802.0,4420.0
PF21/0008/I261A,CE,40.943961,14.119838,12.0,6917.0,5920.0
PF22/0008/I261A,CE,40.93985,14.10446,50.0,6473.749,4620.85
PF25/0008/I261A,CE,40.951017,14.098826,50.0,7718.356,4159.434
PF26/0008/I261A,CE,40.946593,14.114112,12.0,7214.0,5441.0
PF27/0008/I261A,CE,40.945276,14.177882,60.0,7015.427,10807.275
PF30/0008/I261A,CE,40.945218,14.170479,50.0,7014.831,10184.085
PF31/0008/I261A,CE,40.944125,14.163118,50.0,6899.396,9563.352
PF32/0008/I261A,CE,40.947939,14.179188,50.0,7310.0,10920.0
PF33/0008/I261A,CE,40.94469,14.170645,60.0,6956.067,10197.486
PF34/0008/I261A,CE,40.936726,14.121845,50.0,6112.141,6080.921
PF35/0008/I261A,CE,40.952262,14.095965,12.0,7859.0,3920.0
PF02/0009/I261A,CE,40.962331,14.136812,12.0,8942.0,7369.0
PF06/0010/I261A,CE,40.942448,14.082723,12.0,6781.1,2794.1
PF08/0010/I261A,CE,40.933474,14.123063,50.0,5750.052,6179.811
PF09/0010/I261A,CE,40.930464,14.069015,12.0,5463.0,1626.0
PF13/0010/I261A,CE,40.933432,14.081885,12.0,5781.0,2713.0
PF14/0010/I261A,CE,40.936511,14.087934,50.0,6117.439,3225.856
PF15/0010/I261A,CE,40.934316,14.092313,12.0,5870.0,3592.0
PF16/0010/I261A,CE,40.944124,14.164846,50.0,6897.914,9708.793
PF17/0010/I261A,CE,40.933978,14.088303,50.0,5836.0,3254.0
PF18/0010/I261A,CE,40.93805,14.083781,12.0,6292.0,2878.0
PF19/0010/I261A,CE,40.935211,14.077952,50.0,5982.0,2384.0
PF20/0010/I261A,CE,40.930053,14.081777,12.0,5406.0,2700.0
PF22/0010/I261A,CE,40.938208,14.076521,12.0,6316.0,2267.0
PF02/0011/I261A,CE,40.933189,14.11046,50.0,5729.135,5118.48
PF10/0011/I261A,CE,40.939056,14.09308,12.0,6395.5,3662.0
PF20/0011/I261A,CE,40.937454,14.118789,50.0,6195.512,5824.442
PF21/0011/I261A,CE,40.937469,14.110099,50.0,6204.578,5092.856
PF22/0011/I261A,CE,40.9383,14.110893,50.0,6296.192,5160.714
PF23/0011/I261A,CE,40.935856,14.111844,50.0,6024.0,5238.0
PF24/0011/I261A,CE,40.936605,14.115051,50.0,6104.481,5508.805
PF25/0011/I261A,CE,40.931137,14.108527,50.0,5502.972,4953.376
PF26/0011/I261A,CE,40.933746,14.115501,50.0,5786.674,5543.446
PF27/0011/I261A,CE,40.933196,14.111572,50.0,5728.996,5212.078
PF28/0011/I261A,CE,40.93216,14.113889,12.0,5612.0,5406.0
PF29/0011/I261A,CE,40.932027,14.119996,50.0,5592.0,5920.0
PF30/0011/I261A,CE,40.941104,14.114958,12.0,6604.0,5506.0
PF31/0011/I261A,CE,40.932286,14.096475,12.0,5641.0,3940.0
PF03/0012/I261A,CE,40.948442,14.132241,10.0,7404.0,6969.0
PF10/0012/I261A,CE,40.943664,14.138201,70.0,6868.604,7465.449
PF11/0012/I261A,CE,40.93849,14.124591,10.0,6305.6,6314.0
PF12/0012/I261A,CE,40.939342,14.129521,50.0,6396.048,6729.991
PF14/0012/I261A,CE,40.936533,14.128596,10.0,6085.0,6649.0
PF16/0012/I261A,CE,40.93445,14.121152,10.0,5860.0,6020.0
PF17/0012/I261A,CE,40.941473,14.14519,50.0,6619.578,8051.362
PF19/0012/I261A,CE,40.934205,14.124526,50.0,5830.019,6303.819
PF21/0012/I261A,CE,40.938208,14.128023,70.0,6271.39,6602.654
PF22/0012/I261A,CE,40.931137,14.128619,12.0,5486.0,6645.0
PF23/0012/I261A,CE,40.94322,14.124111,50.0,6831.133,6278.897
PF24/0012/I261A,CE,40.946711,14.131224,50.0,7212.673,6881.457
PF27/0012/I261A,CE,40.942514,14.131784,50.0,6746.307,6923.991
PF28/0012/I261A,CE,40.939598,14.134899,12.0,6420.0,7183.0
PF29/0012/I261A,CE,40.944109,14.129158,50.0,6925.573,6704.738
PF30/0012/I261A,CE,40.927337,14.116792,50.0,5074.085,5645.018
PF31/0012/I261A,CE,40.933717,14.131424,12.0,5770.0,6884.0
PF32/0012/I261A,CE,40.936783,14.131919,12.0,6110.0,6929.0
PF33/0012/I261A,CE,40.951361,14.135827,12.0,7725.0,7274.0
PF01/0001/I261B,CE,40.969367,14.155192,50.0,9707.953,8923.278
PF06/0001/I261B,CE,40.977823,14.15162,50.0,10649.596,8631.792
PF12/0001/I261B,CE,40.970584,14.152224,50.0,9845.546,8674.834
PF14/0001/I261B,CE,40.976746,14.155309,22.0,10527.031,8941.001
PF15/0001/I261B,CE,40.974533,14.116369,50.0,10313.837,5662.304
PF03/0002/I261B,CE,40.972749,14.148139,50.0,10089.255,8333.441
PF04/0002/I261B,CE,40.975091,14.147271,50.0,10349.892,8262.904
PF05/0002/I261B,CE,40.977358,14.149068,50.0,10600.075,8416.617
PF07/0002/I261B,CE,40.971663,14.14245,50.0,9973.283,7853.55
PF12/0002/I261B,CE,40.972092,14.151901,50.0,10013.191,8649.239
PF13/0002/I261B,CE,40.970644,14.149967,12.0,9854.0,8485.0
PF01/0003/I261B,CE,40.968684,14.142226,50.0,9642.782,7831.493
PF02/0003/I261B,CE,40.967193,14.143956,50.0,9475.862,7975.418
PF04/0003/I261B,CE,40.969767,14.153338,52.0,9753.876,8767.626
PF05/0003/I261B,CE,40.965774,14.141878,50.0,9319.998,7799.0
PF07/0003/I261B,CE,40.956074,14.118816,50.0,8262.543,5847.528
PF08/0003/I261B,CE,40.95579,14.121918,50.0,8228.404,6108.29
PF09/0003/I261B,CE,40.96349,14.145273,50.0,9063.725,8082.265
PF10/0003/I261B,CE,40.954518,14.118257,50.0,8090.292,5798.74
PF14/0003/I261B,CE,40.967741,14.149399,12.0,9532.225,8434.031
PF16/0003/I261B,CE,40.95631,14.106662,50.0,8299.152,4824.957
PF17/0003/I261B,CE,40.962589,14.140111,50.0,8967.906,7646.86
PF01/0004/I261B,CE,40.959571,14.110832,50.0,8657.534,5179.577
PF03/0004/I261B,CE,40.966309,14.115701,50.0,9401.394,5596.896
PF06/0004/I261B,CE,40.962765,14.120062,50.0,9004.303,5959.87
PF09/0004/I261B,CE,40.955589,14.101603,50.0,8223.487,4398.389
PF10/0004/I261B,CE,40.95461,14.124695,50.0,8095.004,6340.68
PF11/0004/I261B,CE,40.967984,14.154174,22.0,9555.296,8836.082
PF12/0004/I261B,CE,40.966871,14.115925,50.0,9463.6,5616.353
PF15/0004/I261B,CE,40.965878,14.113592,50.0,9355.381,5418.933
PF16/0004/I261B,CE,40.953129,14.12353,50.0,7931.635,6241.041
PF17/0004/I261B,CE,40.953321,14.104372,50.0,7969.283,4628.82
PF19/0004/I261B,CE,40.959491,14.119081,50.0,8641.646,5873.659
PF21/0004/I261B,CE,40.95998,14.11249,50.0,8701.54,5319.548
PF23/0004/I261B,CE,40.956723,14.123937,50.0,8330.258,6279.232
PF24/0004/I261B,CE,40.961622,14.116378,50.0,8880.505,5648.607
PF02/0005/I261B,CE,40.956689,14.143635,50.0,8310.0,7937.0
PF03/0005/I261B,CE,40.957275,14.14743,50.0,8372.0,8257.0
PF04/0005/I261B,CE,40.96094,14.148619,50.0,8777.868,8361.049
PF05/0005/I261B,CE,40.954804,14.138669,50.0,8104.867,7516.962
PF01/0006/I261B,CE,40.957062,14.108257,50.0,8381.27,4960.015
PF02/0006/I261B,CE,40.955898,14.105251,50.0,8254.616,4705.69
PF04/0006/I261B,CE,40.958927,14.103775,50.0,8592.146,4584.91
PF06/0006/I261B,CE,40.958871,14.09783,50.0,8591.046,4084.552
PF07/0006/I261B,CE,40.962335,14.104756,50.0,8969.639,4671.395
PF01/0007/I261B,CE,40.952689,14.140407,50.0,7868.635,7660.966
PF02/0007/I261B,CE,40.953781,14.146287,10.0,7985.0,8157.0
PF03/0007/I261B,CE,40.953309,14.148916,50.0,7930.5,8377.8
PF04/0007/I261B,CE,40.953261,14.151798,10.0,7922.8,8620.3
PF05/0007/I261B,CE,40.952371,14.144013,50.0,7830.382,7964.08
PF07/0007/I261B,CE,40.948228,14.147,10.0,7368.0,8211.0
PF09/0007/I261B,CE,40.947725,14.139854,50.0,7318.0,7609.0
PF01/0008/I261B,CE,40.953055,14.153791,50.0,7898.32,8787.775
PF02/0008/I261B,CE,40.951155,14.153912,50.0,7687.27,8795.988
PF03/0008/I261B,CE,40.951419,14.150536,60.0,7719.312,8512.062
PF04/0008/I261B,CE,40.948557,14.151206,60.0,7401.056,8565.427
PF05/0008/I261B,CE,40.94317,14.093104,50.0,6852.186,3668.734
PF06/0008/I261B,CE,40.944484,14.088127,50.0,7002.379,3251.319
PF07/0008/I261B,CE,40.950762,14.156825,50.0,7641.283,9040.738
PF01/0009/I261B,CE,40.937783,14.137857,9.0,6216.0,7430.0
PF02/0010/I261B,CE,40.934323,14.149059,32.0,5822.651,8369.288
PF03/0010/I261B,CE,40.932452,14.149044,12.0,5615.0,8366.0
PF04/0010/I261B,CE,40.935065,14.143183,50.0,5909.868,7875.459
PF08/0010/I261B,CE,40.944546,14.146085,12.0,6960.0,8130.0
PF09/0010/I261B,CE,40.939936,14.148423,12.0,6446.312,8321.833
PF01/0011/I261B,CE,40.945106,14.15475,32.0,7015.124,8859.978
PF02/0011/I261B,CE,40.943313,14.15293,32.0,6817.473,8704.853
PF03/0011/I261B,CE,40.942758,14.155338,12.0,6754.0,8907.0
PF04/0011/I261B,CE,40.937049,14.156753,12.0,6119.0,9020.0
PF05/0011/I261B,CE,40.936149,14.160661,12.0,6016.0,9348.0
PF06/0011/I261B,CE,40.940205,14.159683,12.0,6467.0,9270.0
PF02/0012/I261B,CE,40.933067,14.160439,12.0,5674.0,9326.0
PF03/0012/I261B,CE,40.938126,14.157464,12.0,6238.0,9081.0
PF05/0012/I261B,CE,40.941745,14.156504,50.0,6640.565,9004.018
PF06/0012/I261B,CE,40.944404,14.156161,50.0,6936.0,8978.0
PF07/0012/I261B,CE,40.938038,14.094064,50.0,6281.604,3743.668
PF08/0012/I261B,CE,40.933411,14.093698,50.0,5768.276,3707.55
PF01/0013/I261B,CE,40.933245,14.136906,10.0,5713.0,7345.0
PF04/0013/I261B,CE,40.932658,14.141058,50.0,5644.396,7693.883
PF05/0013/I261B,CE,40.931105,14.147018,50.0,5467.161,8193.963
PF01/0001/I273,CE,41.088681,14.274193,12.0,22863.43,19046.575
PF01/0002/I273,CE,41.085937,14.274347,50.0,22558.676,19056.964
PF02/0002/I273,CE,41.08544,14.278442,50.0,22500.667,19400.476
PF03/0002/I273,CE,41.087971,14.277771,50.0,22782.058,19346.4
PF04/0002/I273,CE,41.082559,14.276584,50.0,22182.161,19241.736
PF05/0002/I273,CE,41.083988,14.280548,12.0,22338.0,19576.0
PF06/0002/I273,CE,41.083859,14.273806,50.0,22328.438,19009.549
PF07/0002/I273,CE,41.080774,14.275119,12.0,21985.0,19117.0
PF01/0003/I273,CE,41.061829,14.260665,12.0,19892.0,17885.0
PF01/0005/I273,CE,41.070286,14.240661,50.0,20845.333,16212.345
PF03/0005/I273,CE,41.066293,14.246491,50.0,20397.749,16698.324
PF04/0005/I273,CE,41.062797,14.247486,50.0,20008.984,16778.584
PF05/0005/I273,CE,41.064043,14.250678,50.0,20145.0,17048.0
PF02/0006/I273,CE,41.061158,14.2355,50.0,19835.712,15769.897
PF03/0006/I273,CE,41.065547,14.238906,50.0,20320.557,16060.287
PF04/0006/I273,CE,41.067263,14.236731,50.0,20512.593,15879.265
PF05/0006/I273,CE,41.064737,14.234642,50.0,20233.739,15701.262
PF01/0007/I273,CE,41.059736,14.241155,50.0,19673.714,16243.712
PF03/0007/I273,CE,41.061135,14.241879,50.0,19828.519,16305.897
PF04/0007/I273,CE,41.062564,14.243854,50.0,19985.686,16473.148
PF06/0007/I273,CE,41.064681,14.242841,50.0,20221.538,16390.07
PF02/0008/I273,CE,41.062345,14.252735,50.0,19955.0,17219.2
PF03/0008/I273,CE,41.061158,14.254011,50.0,19822.3,17325.3
PF06/0008/I273,CE,41.058468,14.256275,50.0,19522.0,17513.0
PF07/0008/I273,CE,41.055666,14.25878,50.0,19209.238,17720.794
PF08/0008/I273,CE,41.059695,14.247455,50.0,19664.667,16772.983
PF50/0008/I273,CE,41.058376,14.250698,50.0,19515.871,17044.283
PF01/0009/I273,CE,41.059339,14.244524,50.0,19627.192,16526.387
PF02/0009/I273,CE,41.057762,14.239661,50.0,19455.705,16116.198
PF04/0009/I273,CE,41.055891,14.249892,50.0,19240.585,16974.185
PF07/0009/I273,CE,41.053318,14.247109,50.0,18956.936,16737.791
PF08/0009/I273,CE,41.051908,14.253557,50.0,18795.779,17278.339
PF09/0009/I273,CE,41.055145,14.255561,10.0,19153.7,17449.8
PF10/0009/I273,CE,41.053359,14.255112,50.0,18955.664,17410.425
PF11/0009/I273,CE,41.057231,14.252876,50.0,19387.197,17226.184
PF13/0009/I273,CE,41.05492,14.253599,50.0,19130.066,17284.766
PF15/0009/I273,CE,41.056875,14.247028,50.0,19351.913,16734.423
PF16/0009/I273,CE,41.055749,14.241215,50.0,19231.151,16244.89
PF02/0010/I273,CE,41.050767,14.260928,50.0,18663.761,17896.688
PF03/0010/I273,CE,41.052342,14.263953,50.0,18836.523,18152.4
PF04/0010/I273,CE,41.047875,14.263406,50.0,18340.958,18102.22
PF05/0010/I273,CE,41.049358,14.267729,50.0,18502.6,18466.999
PF06/0010/I273,CE,41.04855,14.259491,50.0,18418.74,17773.871
PF07/0010/I273,CE,41.050164,14.256873,50.0,18599.804,17555.399
PF09/0010/I273,CE,41.057008,14.266098,12.0,19353.0,18337.0
PF10/0010/I273,CE,41.054579,14.263685,12.0,19085.0,18132.0
PF02/0011/I273,CE,41.053983,14.27626,50.0,19010.058,19188.178
PF03/0011/I273,CE,41.050894,14.271154,50.0,18670.697,18756.192
PF05/0011/I273,CE,41.054144,14.278652,50.0,19026.263,19389.327
PF06/0011/I273,CE,41.054826,14.268006,50.0,19109.371,18495.35
PF07/0011/I273,CE,41.05352,14.272726,50.0,18961.064,18890.753
PF08/0011/I273,CE,41.047296,14.272586,50.0,18270.227,18873.26
PF09/0011/I273,CE,41.052625,14.281424,50.0,18855.612,19620.888
PF01/0012/I273,CE,41.058457,14.224261,50.0,19544.261,14822.813
PF04/0012/I273,CE,41.050332,14.224695,50.0,18641.998,14851.302
PF05/0012/I273,CE,41.058338,14.228718,50.0,19527.766,15197.231
PF07/0012/I273,CE,41.060256,14.231024,50.0,19738.98,15392.922
PF08/0012/I273,CE,41.060387,14.226919,50.0,19756.5,15048.1
PF09/0012/I273,CE,41.054324,14.22481,50.0,19085.058,14864.862
PF10/0012/I273,CE,41.051948,14.222634,50.0,18822.912,14679.706
PF11/0012/I273,CE,41.055948,14.22653,12.0,19264.0,15011.0
PF12/0012/I273,CE,41.051906,14.226982,50.0,18815.0,15045.0
PF05/0013/I273,CE,41.049102,14.231839,50.0,18500.104,15450.454
PF06/0013/I273,CE,41.049942,14.229096,10.0,18595.4,15220.8
PF07/0013/I273,CE,41.047392,14.232113,50.0,18310.092,15471.804
PF08/0013/I273,CE,41.048556,14.227084,50.0,18442.99,15050.275
PF09/0013/I273,CE,41.057223,14.235351,50.0,19399.071,15753.507
PF10/0013/I273,CE,41.051628,14.232655,50.0,18779.875,15521.513
PF11/0013/I273,CE,41.05398,14.236262,50.0,19038.321,15826.96
PF12/0013/I273,CE,41.056749,14.230976,50.0,19349.608,15385.383
PF13/0013/I273,CE,41.054507,14.23219,50.0,19099.891,15485.257
PF14/0013/I273,CE,41.055967,14.237525,12.0,19258.0,15935.0
PF01/0014/I273,CE,41.051717,14.239864,50.0,18784.469,16127.472
PF02/0014/I273,CE,41.053757,14.244189,50.0,19007.783,16492.869
PF03/0014/I273,CE,41.048883,14.235882,50.0,18472.74,15790.045
PF05/0014/I273,CE,41.04562,14.235576,50.0,18110.721,15761.183
PF06/0014/I273,CE,41.047757,14.238391,50.0,18345.924,15999.845
PF07/0014/I273,CE,41.047669,14.244129,70.0,18332.021,16481.926
PF08/0014/I273,CE,41.049492,14.241158,50.0,18536.507,16234.051
PF09/0014/I273,CE,41.050977,14.244949,50.0,18698.62,16554.024
PF10/0014/I273,CE,41.043176,14.242286,50.0,17834.504,16322.764
PF03/0015/I273,CE,41.046137,14.251701,10.0,18156.458,17116.921
PF04/0015/I273,CE,41.041563,14.254567,50.0,17646.603,17353.426
PF05/0015/I273,CE,41.03964,14.248442,50.0,17437.561,16836.746
PF06/0015/I273,CE,41.042699,14.247824,70.0,17777.571,16787.733
PF07/0015/I273,CE,41.047989,14.248141,70.0,18364.579,16819.451
PF08/0015/I273,CE,41.03928,14.251297,50.0,17395.507,17076.366
PF10/0015/I273,CE,41.039444,14.253665,50.0,17412.016,17275.627
PF11/0015/I273,CE,41.044203,14.254808,50.0,17939.513,17376.175
PF13/0015/I273,CE,41.04851,14.254811,50.0,18417.572,17380.552
PF14/0015/I273,CE,41.041744,14.244507,12.0,17674.0,16508.0
PF01/0016/I273,CE,41.045438,14.25783,50.0,18074.402,17631.33
PF02/0016/I273,CE,41.043008,14.258985,50.0,17803.842,17726.134
PF03/0016/I273,CE,41.041497,14.256052,50.0,17638.143,17478.184
PF04/0016/I273,CE,41.043954,14.262332,50.0,17906.44,18008.289
PF06/0016/I273,CE,41.042722,14.26575,50.0,17767.299,18294.416
PF08/0016/I273,CE,41.041413,14.267279,50.0,17620.911,18421.748
PF09/0016/I273,CE,41.03832,14.265126,50.0,17278.984,18237.862
PF11/0016/I273,CE,41.043718,14.272368,70.0,17873.14,18851.616
PF12/0016/I273,CE,41.042379,14.269929,50.0,17726.214,18645.381
PF14/0016/I273,CE,41.041668,14.26162,50.0,17653.172,17946.322
PF16/0016/I273,CE,41.046589,14.266668,50.0,18195.879,18375.215
PF01/0017/I273,CE,41.046688,14.222883,50.0,18238.733,14695.364
PF03/0017/I273,CE,41.044806,14.226623,50.0,18027.058,15007.862
PF04/0017/I273,CE,41.050672,14.218078,50.0,18684.667,14295.526
PF05/0017/I273,CE,41.046143,14.216519,10.0,18183.0,14160.0
PF06/0017/I273,CE,41.042336,14.219669,12.0,17758.0,14421.0
PF07/0017/I273,CE,41.041814,14.225137,12.0,17696.0,14880.0
PF01/0018/I273,CE,41.043915,14.234758,50.0,17922.109,15690.706
PF02/0018/I273,CE,41.042633,14.231228,50.0,17782.39,15392.79
PF03/0018/I273,CE,41.040889,14.235818,50.0,17585.407,15776.912
PF07/0018/I273,CE,41.04226,14.240022,50.0,17734.464,16131.534
PF08/0018/I273,CE,41.047294,14.272587,50.0,18270.016,18873.283
PF09/0018/I273,CE,41.037045,14.243864,50.0,17152.771,16449.44
PF10/0018/I273,CE,41.03601,14.240926,50.0,17040.009,16201.537
PF11/0018/I273,CE,41.039831,14.243044,50.0,17462.695,16383.211
PF01/0019/I273,CE,41.039997,14.220388,50.0,17497.892,14479.083
PF02/0019/I273,CE,41.03879,14.216249,12.0,17367.0,14130.0
PF03/0019/I273,CE,41.032268,14.216196,12.0,16643.0,14119.0
PF04/0019/I273,CE,41.03951,14.217371,12.0,17446.0,14225.0
PF02/0020/I273,CE,41.035238,14.242945,50.0,16952.846,16370.466
PF03/0020/I273,CE,41.032806,14.241369,50.0,16683.989,16235.635
PF06/0020/I273,CE,41.035021,14.248459,50.0,16924.785,16833.79
PF08/0020/I273,CE,41.03547,14.233798,50.0,16985.338,15601.785
PF09/0020/I273,CE,41.035343,14.236865,50.0,16968.95,15859.492
PF10/0020/I273,CE,41.030408,14.235315,50.0,16422.278,15724.442
PF11/0020/I273,CE,41.032196,14.247257,50.0,16612.0,16730.0
PF02/0021/I273,CE,41.028646,14.252567,10.0,16214.0,17173.0
PF04/0021/I273,CE,41.037535,14.250451,50.0,17202.377,17003.591
PF05/0021/I273,CE,41.03626,14.252771,50.0,17059.14,17197.417
PF06/0021/I273,CE,41.037601,14.254559,50.0,17206.743,17348.983
PF07/0021/I273,CE,41.034725,14.264387,50.0,16880.507,18172.372
PF08/0021/I273,CE,41.036321,14.266654,50.0,17056.016,18364.45
PF09/0021/I273,CE,41.032077,14.255311,10.0,16593.0,17407.0
PF10/0021/I273,CE,41.033697,14.259933,50.0,16769.5,17797.0
PF12/0021/I273,CE,41.031075,14.263364,12.0,16476.0,18083.0
PF13/0021/I273,CE,41.031204,14.251026,50.0,16499.136,17045.936
PF14/0021/I273,CE,41.038321,14.258875,50.0,17283.563,17712.475
PF01/0022/I273,CE,41.039006,14.225792,50.0,17383.809,14932.313
PF02/0022/I273,CE,41.037227,14.223644,50.0,17187.947,14750.051
PF04/0022/I273,CE,41.033656,14.232911,50.0,16784.531,15525.476
PF05/0022/I273,CE,41.027486,14.219004,50.0,16109.951,14350.273
PF02/0023/I273,CE,41.025439,14.22414,50.0,15878.844,14780.077
PF04/0023/I273,CE,41.02973,14.217844,12.0,16360.0,14255.0
PF05/0023/I273,CE,41.023918,14.230937,12.0,15705.0,15350.0
PF01/0024/I273,CE,41.025756,14.248091,50.0,15896.427,16793.952
PF02/0024/I273,CE,41.023399,14.24783,50.0,15634.963,16769.812
PF03/0024/I273,CE,41.022759,14.243747,50.0,15566.878,16425.848
PF07/0024/I273,CE,41.023936,14.24044,50.0,15700.0,16149.0
PF08/0024/I273,CE,41.028139,14.241702,50.0,16165.695,16259.146
PF09/0024/I273,CE,41.021879,14.241786,50.0,15470.605,16260.161
PF11/0024/I273,CE,41.028057,14.245842,12.0,16153.548,16607.137
PF02/0025/I273,CE,41.02832,14.260534,50.0,16172.184,17842.448
PF04/0025/I273,CE,41.027149,14.257883,50.0,16044.0,17618.5
PF06/0025/I273,CE,41.026973,14.251829,50.0,16028.884,17109.404
PF07/0025/I273,CE,41.026524,14.262426,50.0,15971.458,17999.85
PF09/0025/I273,CE,41.023609,14.256513,50.0,15652.0,17500.0
PF02/0001/I306,CE,41.001917,14.081634,50.0,13383.924,2771.797
PF05/0001/I306,CE,41.001645,14.089461,50.0,13346.854,3429.736
PF09/0001/I306,CE,40.98798,14.094143,50.0,11825.742,3807.837
PF14/0001/I306,CE,40.955342,14.087117,50.0,8208.624,3178.924
PF15/0001/I306,CE,40.969422,14.08828,50.0,9770.76,3293.081
PF16/0001/I306,CE,41.004123,14.091502,50.0,13620.187,3604.282
PF17/0001/I306,CE,41.028108,14.099549,20.0,16275.812,4308.532
PF02/0002/I306,CE,40.893459,14.091606,50.0,1334.963,3485.306
PF03/0002/I306,CE,41.021237,14.110936,50.0,15503.188,5257.997
PF10/0002/I306,CE,41.009086,14.100083,50.0,14163.647,4331.592
PF11/0002/I306,CE,41.020202,14.114095,50.0,15385.669,5522.5
PF13/0002/I306,CE,41.022381,14.108181,50.0,15632.531,5027.674
PF14/0002/I306,CE,41.023791,14.110322,20.0,15787.264,5209.25
PF02/0003/I306,CE,41.021258,14.105771,21.0,15509.966,4823.754
PF07/0004/I306,CE,41.005537,14.107711,50.0,13763.088,4969.065
PF08/0004/I306,CE,40.979159,14.092003,50.0,10848.354,3617.593
PF10/0004/I306,CE,40.977886,14.08924,50.0,10709.491,3383.655
PF14/0004/I306,CE,40.976131,14.086153,50.0,10517.378,3121.911
PF21/0004/I306,CE,40.974017,14.091451,50.0,10278.051,3565.258
PF22/0004/I306,CE,40.980985,14.099934,50.0,11044.144,4286.891
PF23/0004/I306,CE,40.975164,14.088036,50.0,10408.342,3279.216
PF34/0004/I306,CE,40.977068,14.083385,50.0,10623.854,2890.083
PF35/0004/I306,CE,40.977708,14.100778,50.0,10679.618,4354.168
PF36/0004/I306,CE,40.966502,14.092655,50.0,9442.767,3657.863
PF37/0004/I306,CE,40.992832,14.103815,50.0,12355.947,4626.892
PF40/0004/I306,CE,41.010298,14.111095,50.0,14288.753,5259.036
PF43/0004/I306,CE,41.015179,14.09959,20.0,14840.464,4297.159
PF04/0005/I306,CE,41.012769,14.105643,50.0,14567.708,4803.41
PF05/0005/I306,CE,41.004737,14.103871,50.0,13677.518,4645.237
PF07/0005/I306,CE,41.010606,14.109372,50.0,14324.351,5114.456
PF09/0005/I306,CE,41.009946,14.107894,50.0,14252.421,4989.485
PF11/0005/I306,CE,41.000506,14.103791,50.0,13207.929,4633.622
PF18/0005/I306,CE,41.015069,14.106501,20.0,14822.329,4878.109
PF01/0001/I676,CE,41.016552,13.878892,50.0,15207.835,-14258.42
PF02/0001/I676,CE,41.016916,13.874701,50.0,15252.801,-14610.356
PF09/0001/I676,CE,41.018572,13.885452,50.0,15425.0,-13704.0
PF10/0001/I676,CE,41.013423,13.879149,50.0,14860.196,-14241.252
PF11/0001/I676,CE,41.014782,13.889393,12.0,15000.0,-13378.0
PF01/0002/I676,CE,41.016592,13.903479,50.0,15186.0,-12191.0
PF03/0002/I676,CE,41.013597,13.907193,50.0,14849.54,-11882.916
PF05/0002/I676,CE,41.013107,13.896069,12.0,14807.0,-12819.0
PF03/0003/I676,CE,40.669062,14.225637,50.0,-23683.668,14556.077
PF05/0003/I676,CE,40.667773,14.219762,50.0,-23822.395,14058.239
PF07/0003/I676,CE,41.007899,13.910427,50.0,14213.581,-11618.862
PF08/0003/I676,CE,41.012445,13.914861,50.0,14713.601,-11239.642
PF02/0004/I676,CE,41.003503,13.931646,50.0,13703.538,-9840.422
PF03/0004/I676,CE,41.003138,13.927798,12.0,13667.0,-10164.5
PF04/0004/I676,CE,41.006417,13.929676,12.0,14029.1,-10002.1
PF05/0004/I676,CE,41.007444,13.925783,50.0,14147.1,-10328.1
PF06/0004/I676,CE,41.005413,13.923638,50.0,13923.82,-10511.249
PF07/0004/I676,CE,41.006759,13.920841,50.0,14076.181,-10744.646
PF01/0005/I676,CE,41.005748,13.89325,50.0,13993.008,-13066.388
PF02/0005/I676,CE,41.00661,13.889441,50.0,14092.768,-13385.455
PF03/0005/I676,CE,41.008307,13.884019,12.0,14287.0,-13839.0
PF04/0005/I676,CE,41.01126,13.879189,12.0,14620.0,-14241.0
PF05/0005/I676,CE,41.009209,13.89253,12.0,14378.0,-13122.0
PF06/0005/I676,CE,41.010103,13.881575,12.0,14489.0,-14042.0
PF05/0006/I676,CE,41.010658,13.90007,50.0,14530.859,-12485.972
PF06/0006/I676,CE,41.004841,13.905791,50.0,13879.0,-12012.968
PF07/0006/I676,CE,41.004708,13.899411,50.0,13871.005,-12549.686
PF08/0006/I676,CE,41.010563,13.903315,50.0,14516.812,-12213.21
PF11/0006/I676,CE,41.008403,13.895127,50.0,14285.783,-12904.813
PF12/0006/I676,CE,41.007015,13.897802,50.0,14128.772,-12681.807
PF01/0007/I676,CE,41.006265,13.904124,50.0,14038.882,-12151.188
PF02/0007/I676,CE,41.006962,13.901741,50.0,14118.731,-12350.586
PF03/0007/I676,CE,41.008327,13.902149,50.0,14269.9,-12314.413
PF01/0008/I676,CE,41.008624,13.903751,50.0,14301.185,-12179.229
PF02/0008/I676,CE,41.006868,13.904823,50.0,14105.065,-12091.568
PF03/0008/I676,CE,41.000937,13.913317,50.0,13437.685,-11385.399
PF04/0008/I676,CE,41.001146,13.910858,50.0,13463.44,-11591.939
PF09/0008/I676,CE,41.008591,13.906605,50.0,14294.518,-11939.321
PF11/0008/I676,CE,41.002819,13.908268,50.0,13651.991,-11807.47
PF12/0008/I676,CE,41.001423,13.91667,50.0,13488.132,-11102.784
PF13/0008/I676,CE,41.003204,13.91281,50.0,13689.919,-11424.939
PF14/0008/I676,CE,41.005295,13.909085,50.0,13925.989,-11735.3
PF01/0009/I676,CE,41.001541,13.879265,12.0,13541.0,-14248.5
PF02/0009/I676,CE,41.004379,13.882956,12.0,13852.0,-13934.0
PF03/0009/I676,CE,41.004729,13.880091,12.0,13894.0,-14174.5
PF04/0009/I676,CE,40.999097,13.878016,12.0,13271.0,-14357.0
PF01/0010/I676,CE,40.996213,13.896867,50.0,12930.682,-12775.547
PF02/0010/I676,CE,40.998425,13.89603,50.0,13177.053,-12842.817
PF04/0010/I676,CE,41.000859,13.891652,50.0,13451.978,-13207.684
PF05/0010/I676,CE,41.000059,13.888434,50.0,13366.544,-13479.438
PF01/0011/I676,CE,40.995527,13.902149,50.0,12848.9,-12332.23
PF02/0011/I676,CE,40.995976,13.903047,50.0,12897.809,-12256.058
PF04/0011/I676,CE,41.000192,13.902363,50.0,13366.577,-12307.693
PF06/0011/I676,CE,40.992818,13.903624,50.0,12546.607,-12211.955
PF07/0011/I676,CE,40.991212,13.909449,50.0,12362.168,-11724.204
PF08/0011/I676,CE,40.994323,13.907118,12.0,12710.0,-11916.0
PF01/0012/I676,CE,40.997447,13.908006,50.0,13055.837,-11836.947
PF04/0012/I676,CE,40.993587,13.916666,50.0,12618.255,-11113.862
PF06/0012/I676,CE,41.000468,13.90675,50.0,13392.558,-11938.341
PF07/0012/I676,CE,40.992368,13.913551,50.0,12486.241,-11377.569
PF08/0012/I676,CE,40.994825,13.912325,50.0,12760.229,-11477.293
PF09/0012/I676,CE,40.993942,13.90808,50.0,12666.708,-11835.604
PF10/0012/I676,CE,40.998643,13.915778,50.0,13180.485,-11181.591
PF01/0013/I676,CE,40.998513,13.928355,12.0,13153.0,-10124.0
PF01/0014/I676,CE,40.992351,13.877524,50.0,12522.65,-14408.026
PF03/0014/I676,CE,40.994187,13.876747,50.0,12727.256,-14470.775
PF04/0014/I676,CE,40.987888,13.879477,50.0,12025.084,-14250.089
PF05/0014/I676,CE,40.989105,13.883044,50.0,12156.306,-13948.307
PF08/0014/I676,CE,40.99489,13.877017,50.0,12805.0,-14447.0
PF09/0014/I676,CE,40.989908,13.873262,12.0,12256.0,-14770.0
PF02/0015/I676,CE,40.990467,13.890033,9.0,12300.0,-13358.5
PF03/0015/I676,CE,40.986349,13.894149,9.0,11838.5,-13018.0
PF06/0015/I676,CE,40.990456,13.900239,12.0,12288.0,-12500.0
PF09/0015/I676,CE,40.989889,13.89642,12.0,12229.0,-12822.0
PF10/0015/I676,CE,40.994952,13.893685,10.0,12794.0,-13045.0
PF01/0016/I676,CE,40.989232,13.912204,50.0,12139.488,-11495.233
PF02/0016/I676,CE,40.998769,13.923755,50.0,13186.158,-10510.478
PF03/0016/I676,CE,41.001894,13.919248,50.0,13537.767,-10885.301
PF04/0016/I676,CE,40.984681,13.898171,50.0,11649.0,-12682.0
PF05/0016/I676,CE,40.987695,13.903652,50.0,11977.82,-12216.728
PF07/0016/I676,CE,40.984914,13.901,50.0,11671.858,-12443.76
PF01/0018/I676,CE,40.989028,13.920686,12.0,12108.0,-10782.0
PF01/0019/I676,CE,40.985098,13.858624,50.0,11738.007,-16008.35
PF02/0019/I676,CE,40.985777,13.86192,50.0,11809.866,-15730.022
PF05/0019/I676,CE,40.987563,13.8543,12.0,12016.5,-16368.5
PF07/0019/I676,CE,40.989051,13.858112,50.0,12177.509,-16045.635
PF09/0019/I676,CE,40.987691,13.854825,50.0,12030.058,-16324.155
PF10/0019/I676,CE,40.983154,13.863404,50.0,11517.0,-15609.0
PF11/0019/I676,CE,40.985869,13.865604,12.0,11816.0,-15420.0
PF02/0020/I676,CE,40.987311,13.863668,50.0,11978.151,-15580.769
PF03/0020/I676,CE,40.985241,13.874615,50.0,11736.519,-14662.86
PF04/0020/I676,CE,40.981844,13.872861,50.0,11361.224,-14815.263
PF05/0020/I676,CE,40.981959,13.8768,50.0,11369.793,-14483.742
PF06/0020/I676,CE,40.98473,13.87947,50.0,11674.459,-14255.17
PF08/0020/I676,CE,40.980697,13.879773,50.0,11226.474,-14235.425
PF09/0020/I676,CE,40.983166,13.865641,50.0,11515.884,-15420.829
PF10/0020/I676,CE,40.985743,13.882329,50.0,11783.824,-14013.2
PF11/0020/I676,CE,40.987204,13.869877,50.0,11959.494,-15058.62
PF02/0021/I676,CE,40.981196,14.196777,50.0,10988.166,12434.436
PF03/0021/I676,CE,40.98035,13.884852,52.0,11182.446,-13808.655
PF05/0021/I676,CE,40.979819,13.898516,50.0,11108.932,-12659.776
PF06/0021/I676,CE,40.980181,13.89622,70.0,11151.506,-12852.492
PF07/0021/I676,CE,40.980278,13.897386,50.0,11161.049,-12754.234
PF08/0021/I676,CE,40.98503,13.885169,50.0,11701.62,-13775.301
PF11/0021/I676,CE,40.982287,13.896411,50.0,11385.171,-12833.489
PF13/0021/I676,CE,40.981789,13.893357,50.0,11333.113,-13091.089
PF14/0021/I676,CE,40.984295,13.895315,50.0,11609.217,-12922.831
PF15/0021/I676,CE,40.98289,13.886931,50.0,11462.24,-13630.146
PF01/0022/I676,CE,40.98143,13.834708,50.0,11357.402,-18025.689
PF02/0022/I676,CE,40.986118,13.819719,50.0,11894.785,-19279.667
PF04/0022/I676,CE,40.977574,13.836991,50.0,10926.789,-17839.319
PF05/0022/I676,CE,40.980708,13.829103,50.0,11283.56,-18498.303
PF05/0023/I676,CE,40.980185,13.845227,10.0,11207.5,-17142.5
PF08/0023/I676,CE,40.980427,13.842705,50.0,11237.163,-17354.332
PF09/0023/I676,CE,40.979122,13.838287,50.0,11097.189,-17727.972
PF10/0023/I676,CE,40.984799,13.840723,50.0,11724.649,-17514.67
PF11/0023/I676,CE,40.977917,13.848084,50.0,10952.514,-16905.527
PF12/0023/I676,CE,40.986971,13.839966,50.0,11966.612,-17575.176
PF13/0023/I676,CE,40.981961,13.845299,50.0,11404.575,-17133.879
PF14/0023/I676,CE,40.985515,13.843583,12.0,11801.0,-17273.0
PF15/0023/I676,CE,40.977179,13.841133,50.0,10878.298,-17491.422
PF16/0023/I676,CE,40.98265,13.838106,12.0,11489.0,-17738.0
PF01/0024/I676,CE,40.985295,13.852589,50.0,11766.53,-16515.756
PF07/0024/I676,CE,40.979688,13.854835,50.0,11141.693,-16334.947
PF02/0025/I676,CE,40.979417,13.870844,10.0,11094.0,-14988.5
PF03/0025/I676,CE,40.979946,13.873384,10.0,11150.0,-14774.0
PF04/0025/I676,CE,40.980949,13.875507,10.0,11259.0,-14594.0
PF05/0025/I676,CE,40.979387,13.867746,50.0,11094.034,-15249.138
PF10/0025/I676,CE,40.976656,13.867738,50.0,10790.847,-15253.735
PF13/0025/I676,CE,40.974196,13.877116,50.0,10507.655,-14468.209
PF15/0025/I676,CE,40.976992,13.861305,50.0,10835.199,-15794.499
PF17/0025/I676,CE,40.977607,13.874624,50.0,10889.0,-14673.0
PF18/0025/I676,CE,40.973915,13.873772,12.0,10480.0,-14750.0
PF01/0026/I676,CE,40.978635,13.881144,12.0,10996.0,-14123.0
PF02/0026/I676,CE,40.981198,14.201158,50.0,10985.0,12803.0
PF03/0026/I676,CE,40.976483,13.985758,12.0,10649.7,-5324.401
PF04/0026/I676,CE,40.971074,13.886418,12.0,10151.0,-13690.0
PF01/0027/I676,CE,40.979136,13.891976,50.0,11040.0,-13211.0
PF02/0027/I676,CE,40.978057,13.889941,50.0,10922.479,-13383.765
PF04/0027/I676,CE,40.978065,13.897989,50.0,10914.709,-12706.588
PF08/0027/I676,CE,40.976046,13.894144,50.0,10694.748,-13032.964
PF12/0027/I676,CE,40.970922,13.896907,50.0,10122.958,-12807.645
PF16/0027/I676,CE,40.967992,13.89214,50.0,9802.688,-13212.908
PF18/0027/I676,CE,40.979619,13.888701,50.0,11097.198,-13485.883
PF19/0027/I676,CE,40.975708,13.888741,12.0,10663.0,-13488.0
PF01/0028/I676,CE,40.981029,13.900675,9.0,11241.0,-12476.5
PF02/0028/I676,CE,40.971265,13.900072,50.0,10157.602,-12540.831
PF03/0028/I676,CE,40.97296,13.90633,50.0,10339.2,-12011.943
PF04/0028/I676,CE,40.97374,13.900499,12.0,10432.0,-12501.5
PF05/0028/I676,CE,40.976819,13.904102,50.0,10770.0,-12194.0
PF06/0028/I676,CE,40.980654,13.902388,50.0,11197.545,-12332.886
PF07/0028/I676,CE,40.976379,13.894872,50.0,10730.88,-12971.214
PF08/0028/I676,CE,40.979913,13.894204,70.0,11123.962,-13022.475
PF01/0029/I676,CE,40.974138,13.910579,9.0,10465.5,-11652.8
PF02/0029/I676,CE,40.975146,13.912747,50.0,10575.134,-11469.007
PF04/0029/I676,CE,40.984177,13.909363,50.0,11581.243,-11741.197
PF05/0029/I676,CE,40.979889,13.914321,50.0,11100.0,-11330.0
PF06/0029/I676,CE,40.979695,13.909653,50.0,11083.433,-11722.998
PF07/0029/I676,CE,40.976822,13.908802,50.0,10765.341,-11798.583
PF08/0029/I676,CE,40.974911,13.91012,50.0,10551.755,-11690.322
PF01/0030/I676,CE,40.975587,13.917361,50.0,10619.322,-11080.185
PF02/0030/I676,CE,40.97845,13.918817,50.0,10935.61,-10953.717
PF04/0030/I676,CE,40.974253,13.92165,50.0,10466.677,-10721.142
PF06/0030/I676,CE,40.971411,13.926096,50.0,10146.576,-10350.978
PF08/0030/I676,CE,40.974009,13.925689,50.0,10435.412,-10381.699
PF09/0030/I676,CE,40.976901,13.924731,50.0,10757.477,-10458.328
PF10/0030/I676,CE,40.97964,13.916584,12.0,11070.0,-11140.0
PF11/0030/I676,CE,40.972358,13.923445,50.0,10254.51,-10572.697
PF12/0030/I676,CE,40.976207,13.920325,50.0,10685.0,-10830.0
PF13/0030/I676,CE,40.980944,13.919296,12.0,11212.0,-10910.0
PF01/0031/I676,CE,40.978682,13.934946,54.0,10944.68,-9596.447
PF02/0031/I676,CE,40.980697,13.932362,50.0,11171.073,-9811.154
PF04/0031/I676,CE,40.983444,13.930881,12.0,11477.5,-9932.0
PF05/0031/I676,CE,40.982959,13.927824,50.0,11426.773,-10189.816
PF06/0031/I676,CE,40.975538,13.928728,50.0,10601.997,-10123.903
PF50/0031/I676,CE,40.979831,13.928618,50.0,11078.773,-10127.308
PF01/0032/I676,CE,40.971399,13.92735,50.0,10144.02,-10245.481
PF02/0032/I676,CE,40.970055,13.945644,12.0,9976.0,-8708.0
PF03/0032/I676,CE,40.970487,13.941192,12.0,10028.5,-9082.0
PF04/0032/I676,CE,40.970062,13.93216,50.0,9990.589,-9842.555
PF01/0033/I676,CE,40.977458,13.824501,50.0,10927.928,-18890.299
PF02/0033/I676,CE,40.97537,13.818131,50.0,10703.41,-19429.354
PF04/0033/I676,CE,40.977491,13.819477,50.0,10937.301,-19312.97
PF08/0033/I676,CE,40.975419,13.815365,12.0,10712.0,-19662.0
PF09/0033/I676,CE,40.97776,13.825863,50.0,10959.988,-18775.227
PF10/0033/I676,CE,40.977582,13.816325,12.0,10951.0,-19578.0
PF03/0034/I676,CE,40.967991,13.822431,50.0,9879.303,-19078.608
PF04/0034/I676,CE,40.971265,13.833474,50.0,10230.329,-18144.56
PF05/0034/I676,CE,40.975494,13.838916,50.0,10693.772,-17680.414
PF01/0035/I676,CE,40.976187,13.843668,50.0,10765.394,-17279.604
PF02/0035/I676,CE,40.972818,13.841056,50.0,10394.209,-17504.334
PF03/0035/I676,CE,40.969424,13.836733,50.0,10022.302,-17873.018
PF04/0035/I676,CE,40.970263,13.843371,50.0,10108.03,-17313.316
PF06/0035/I676,CE,40.965156,13.839458,50.0,9545.451,-17650.028
PF08/0035/I676,CE,40.971364,13.835172,50.0,10239.478,-18001.567
PF09/0035/I676,CE,40.963555,13.842706,50.0,9364.083,-17379.072
PF10/0035/I676,CE,40.974226,13.846033,9.0,10545.0,-17083.5
PF04/0036/I676,CE,40.970825,13.848219,50.0,10165.0,-16904.5
PF06/0036/I676,CE,40.972729,13.85127,50.0,10373.0,-16645.0
PF07/0036/I676,CE,40.972758,13.846044,60.0,10381.991,-17084.708
PF09/0036/I676,CE,40.977519,13.85029,50.0,10905.816,-16720.476
PF10/0036/I676,CE,40.97607,13.854344,50.0,10740.493,-16381.477
PF11/0036/I676,CE,40.975166,13.84651,50.0,10648.894,-17041.923
PF09/0037/I676,CE,40.962438,13.854617,50.0,9226.852,-16378.38
PF10/0037/I676,CE,40.970074,13.849075,50.0,10080.746,-16833.638
PF11/0037/I676,CE,40.96682,13.855865,12.0,9712.0,-16267.0
PF12/0037/I676,CE,40.969081,13.852712,12.0,9966.5,-16529.0
PF13/0037/I676,CE,40.966716,13.847888,50.0,9709.281,-16938.396
PF01/0038/I676,CE,40.975572,13.859503,50.0,10679.557,-15948.173
PF03/0038/I676,CE,40.972952,13.857849,50.0,10390.541,-16091.17
PF07/0038/I676,CE,40.968159,13.859326,50.0,9856.836,-15973.857
PF09/0038/I676,CE,40.971228,13.864991,50.0,10191.275,-15492.695
PF10/0038/I676,CE,40.968876,13.857006,12.0,9939.0,-16168.0
PF11/0038/I676,CE,40.971323,13.869873,50.0,10196.547,-15081.796
PF02/0039/I676,CE,40.973082,13.869456,50.0,10392.287,-15114.348
PF04/0039/I676,CE,40.971041,13.868695,50.0,10166.552,-15181.302
PF06/0039/I676,CE,40.973397,14.220833,10.0,10104.0,14450.5
PF08/0039/I676,CE,40.970355,14.221885,10.0,9765.5,14536.0
PF09/0039/I676,CE,40.970549,13.872998,50.0,10107.226,-14819.973
PF10/0039/I676,CE,40.971851,13.871896,60.0,10252.934,-14910.81
PF11/0039/I676,CE,40.971391,13.879033,50.0,10194.122,-14310.992
PF12/0039/I676,CE,40.968257,13.870425,50.0,9855.608,-15039.75
PF13/0039/I676,CE,40.969223,13.872852,50.0,9960.194,-14834.094
PF01/0040/I676,CE,40.961928,13.830179,50.0,9197.511,-18435.715
PF02/0040/I676,CE,40.970516,13.826459,50.0,10155.122,-18735.926
PF03/0040/I676,CE,40.965082,13.823262,50.0,9555.498,-19013.025
PF05/0040/I676,CE,40.963335,13.825196,50.0,9359.352,-18852.94
PF01/0041/I676,CE,40.966232,13.832522,50.0,9672.68,-18232.084
PF03/0041/I676,CE,40.958403,13.836066,50.0,8799.588,-17945.5
PF04/0041/I676,CE,40.969845,13.833916,50.0,10072.258,-18109.473
PF06/0041/I676,CE,40.96362,13.838307,50.0,9376.217,-17749.151
PF07/0041/I676,CE,40.961498,13.840296,50.0,9138.386,-17584.897
PF08/0041/I676,CE,40.96817,13.836637,50.0,9883.218,-17883.022
PF01/0042/I676,CE,40.962084,13.840691,50.0,9203.067,-17550.802
PF10/0042/I676,CE,40.956328,13.845166,50.0,8559.071,-17182.681
PF14/0042/I676,CE,40.962561,13.845089,50.0,9251.081,-17180.011
PF17/0042/I676,CE,40.960173,13.856355,50.0,8973.55,-16235.41
PF18/0042/I676,CE,40.960254,13.845189,50.0,8994.923,-17174.965
PF19/0042/I676,CE,40.956221,13.840664,50.0,8552.161,-17561.695
PF50/0042/I676,CE,40.960401,13.852117,50.0,9003.502,-16591.745
PF02/0043/I676,CE,40.963023,13.860017,50.0,9285.877,-15923.076
PF07/0043/I676,CE,40.966977,13.872458,10.0,9711.2,-14870.5
PF10/0043/I676,CE,40.963293,13.872052,50.0,9302.738,-14909.991
PF11/0043/I676,CE,40.966069,13.876247,50.0,9606.331,-14552.98
PF12/0043/I676,CE,40.961427,13.875922,50.0,9091.399,-14586.925
PF14/0043/I676,CE,40.961508,13.868353,50.0,9108.556,-15223.813
PF15/0043/I676,CE,40.968247,13.864085,50.0,9861.401,-15573.245
PF17/0043/I676,CE,40.966036,13.865345,50.0,9614.527,-15470.394
PF20/0043/I676,CE,40.960169,13.859602,50.0,8969.478,-15962.141
PF21/0043/I676,CE,40.963776,13.876804,50.0,9351.229,-14509.39
PF22/0043/I676,CE,40.963553,13.866666,50.0,9337.482,-15362.826
PF23/0043/I676,CE,40.966161,13.871491,50.0,9621.739,-14953.051
PF24/0043/I676,CE,40.964673,13.862411,50.0,9466.455,-15719.306
PF25/0043/I676,CE,40.965538,13.858549,50.0,9566.744,-16042.962
PF01/0044/I676,CE,40.966937,13.878787,10.0,9700.0,-14338.0
PF05/0044/I676,CE,40.960932,13.881986,50.0,9029.838,-14077.303
PF07/0044/I676,CE,40.962614,13.88552,70.0,9212.786,-13777.561
PF10/0044/I676,CE,40.96159,13.878085,50.0,9107.172,-14404.692
PF11/0044/I676,CE,40.965071,13.891677,12.0,9479.0,-13256.0
PF13/0044/I676,CE,40.965115,13.888154,50.0,9487.581,-13552.333
PF14/0044/I676,CE,40.963062,13.888119,50.0,9259.732,-13558.204
PF01/0045/I676,CE,40.966349,13.89448,50.0,9617.894,-13018.333
PF02/0045/I676,CE,40.963483,13.895556,10.0,9298.5,-12931.8
PF04/0045/I676,CE,40.960663,13.900209,50.0,8980.567,-12544.186
PF09/0045/I676,CE,40.960087,13.901996,50.0,8914.655,-12394.546
PF10/0045/I676,CE,40.957629,13.900349,50.0,8643.526,-12536.595
PF11/0045/I676,CE,40.960499,13.897192,50.0,8965.51,-12798.265
PF12/0045/I676,CE,40.959329,13.892441,50.0,8840.675,-13199.792
PF13/0045/I676,CE,40.963297,13.898979,50.0,9274.251,-12643.95
PF04/0046/I676,CE,40.963668,13.9009,50.0,9313.354,-12481.83
PF10/0046/I676,CE,40.966088,13.897802,50.0,9585.332,-12739.114
PF11/0046/I676,CE,40.966344,13.901665,50.0,9609.64,-12413.689
PF12/0046/I676,CE,40.964871,13.913104,50.0,9434.158,-11453.188
PF13/0046/I676,CE,40.966444,13.899604,12.0,9623.0,-12587.0
PF14/0046/I676,CE,40.968372,13.913821,12.0,9822.0,-11388.0
PF15/0046/I676,CE,40.966305,13.906701,12.0,9600.0,-11990.0
PF16/0046/I676,CE,40.962552,13.906169,12.0,9184.0,-12040.0
PF03/0047/I676,CE,40.973433,13.913231,50.0,10384.44,-11430.636
PF09/0047/I676,CE,40.894326,13.60936,12.0,1965.0,-37138.0
PF11/0047/I676,CE,40.972233,13.920733,50.0,10243.399,-10801.107
PF01/0048/I676,CE,40.968262,13.921834,50.0,9801.489,-10713.926
PF02/0048/I676,CE,40.965388,13.919826,50.0,9484.436,-10886.823
PF03/0048/I676,CE,40.955132,13.921726,12.0,8344.0,-10741.0
PF04/0048/I676,CE,40.954329,13.920616,12.0,8256.0,-10835.5
PF06/0048/I676,CE,40.960334,13.919264,12.0,8924.0,-10941.0
PF07/0048/I676,CE,40.964441,13.916333,50.0,9383.0,-11182.0
PF01/0049/I676,CE,40.969208,13.924654,50.0,9903.487,-10475.286
PF02/0049/I676,CE,40.968454,13.928767,50.0,9815.553,-10130.236
PF05/0049/I676,CE,40.964041,13.92996,50.0,9324.446,-10035.886
PF07/0049/I676,CE,40.960609,13.928564,50.0,8944.87,-10158.02
PF09/0049/I676,CE,40.957799,13.931483,10.0,8629.9,-9916.2
PF13/0049/I676,CE,40.96842,13.932079,50.0,9808.388,-9851.579
PF15/0049/I676,CE,40.9546,13.927582,50.0,8278.805,-10248.832
PF16/0049/I676,CE,40.96564,13.925669,50.0,9506.391,-10394.741
PF04/0050/I676,CE,40.958379,13.933366,50.0,8692.34,-9756.934
PF08/0050/I676,CE,40.958149,13.942958,50.0,8657.0,-8950.0
PF09/0050/I676,CE,40.965755,13.941099,12.0,9503.33,-9096.23
PF01/0052/I676,CE,40.966805,13.958972,50.0,9601.839,-7590.824
PF04/0052/I676,CE,40.956434,13.961468,12.0,8448.0,-7394.5
PF05/0052/I676,CE,40.961807,13.959916,12.0,9046.0,-7518.0
PF06/0052/I676,CE,40.965221,13.959945,12.0,9425.0,-7511.0
PF07/0052/I676,CE,40.963875,13.962462,12.0,9273.0,-7301.0
PF03/0053/I676,CE,40.963511,13.966021,50.0,9229.02,-7002.034
PF05/0053/I676,CE,40.956435,13.975696,50.0,8434.0,-6197.0
PF06/0053/I676,CE,40.957181,13.970374,12.0,8522.0,-6644.0
PF07/0053/I676,CE,40.952604,13.973332,12.0,8011.0,-6401.0
PF01/0055/I676,CE,40.95622,13.837126,50.0,8556.0,-17859.5
PF04/0055/I676,CE,40.953652,13.835126,50.0,8273.224,-18031.647
PF05/0055/I676,CE,40.952638,13.839262,50.0,8156.0,-17685.0
PF06/0055/I676,CE,40.95544,13.827771,50.0,8480.0,-18648.0
PF07/0055/I676,CE,40.952862,13.832096,50.0,8188.901,-18287.828
PF04/0056/I676,CE,40.949567,13.855591,50.0,7796.925,-16315.125
PF06/0056/I676,CE,40.954626,13.850495,50.0,8364.214,-16736.702
PF09/0056/I676,CE,40.953011,13.853953,50.0,8181.13,-16448.009
PF10/0056/I676,CE,40.950627,13.851457,50.0,7919.187,-16661.505
PF11/0056/I676,CE,40.954399,13.847524,50.0,8342.324,-16987.067
PF12/0056/I676,CE,40.956001,13.850686,50.0,8516.58,-16718.627
PF13/0056/I676,CE,40.954401,13.842933,50.0,8347.659,-17373.43
PF50/0056/I676,CE,40.953996,13.851997,50.0,8292.568,-16611.15
PF06/0057/I676,CE,40.956004,13.862442,50.0,8504.0,-15729.2
PF08/0057/I676,CE,40.955689,13.853871,50.0,8478.492,-16450.979
PF11/0057/I676,CE,40.957382,13.856207,50.0,8663.815,-16251.922
PF12/0057/I676,CE,40.958431,13.859299,50.0,8776.928,-15990.15
PF14/0057/I676,CE,40.958609,13.866802,50.0,8788.444,-15358.52
PF15/0057/I676,CE,40.95398,13.864898,50.0,8276.655,-15525.366
PF16/0057/I676,CE,40.956137,13.858678,50.0,8522.87,-16045.79
PF17/0057/I676,CE,40.955777,13.866878,50.0,8474.0,-15356.167
PF18/0057/I676,CE,40.960836,13.870968,50.0,9031.126,-15004.725
PF19/0057/I676,CE,40.961682,13.863323,50.0,9133.431,-15646.86
PF01/0058/I676,CE,40.960587,13.873041,50.0,9001.227,-14830.582
PF02/0058/I676,CE,40.959334,13.873257,50.0,8861.93,-14814.24
PF02/0059/I676,CE,40.957874,13.874495,50.0,8698.458,-14712.12
PF03/0059/I676,CE,40.958888,13.878598,50.0,8806.629,-14365.39
PF05/0059/I676,CE,40.957168,13.869213,50.0,8625.871,-15157.665
PF09/0059/I676,CE,40.955522,13.87597,50.0,8435.811,-14591.368
PF10/0059/I676,CE,40.955943,13.872473,50.0,8486.256,-14885.05
PF11/0059/I676,CE,40.953959,13.871231,50.0,8267.348,-14992.435
PF01/0060/I676,CE,40.960458,13.88347,50.0,8975.644,-13953.096
PF04/0060/I676,CE,40.954879,13.878707,50.0,8361.413,-14361.933
PF05/0060/I676,CE,40.952358,13.880513,50.0,8079.612,-14213.521
PF06/0060/I676,CE,40.95227,13.877107,50.0,8073.582,-14500.285
PF09/0060/I676,CE,40.960276,13.880525,50.0,8958.601,-14201.235
PF10/0060/I676,CE,40.957427,13.889456,50.0,8632.708,-13453.658
PF11/0060/I676,CE,40.955239,13.888283,50.0,8391.073,-13555.471
PF12/0060/I676,CE,40.959888,13.88841,70.0,8907.058,-13538.208
PF13/0060/I676,CE,40.95631,13.884809,70.0,8513.698,-13846.277
PF03/0061/I676,CE,40.949347,13.890194,10.0,7735.0,-13402.9
PF06/0061/I676,CE,40.954688,13.892018,50.0,8325.895,-13241.903
PF07/0061/I676,CE,40.957134,13.893945,50.0,8595.384,-13076.303
PF08/0061/I676,CE,40.950375,13.884129,50.0,7855.628,-13911.981
PF03/0062/I676,CE,40.955784,13.900026,50.0,8439.147,-12566.387
PF05/0062/I676,CE,40.955242,13.896635,10.0,8382.5,-12852.5
PF05/0063/I676,CE,40.956515,13.913554,10.0,8506.0,-11426.8
PF10/0063/I676,CE,40.955949,13.90992,50.0,8447.007,-11733.44
PF11/0063/I676,CE,40.960022,13.905514,50.0,8903.811,-12098.631
PF12/0063/I676,CE,40.961435,13.908517,50.0,9057.445,-11843.889
PF13/0063/I676,CE,40.962485,13.912792,50.0,9169.568,-11482.732
PF15/0063/I676,CE,40.958351,13.915577,50.0,8707.7,-11254.075
PF04/0064/I676,CE,40.942962,13.814335,50.0,7110.03,-19797.555
PF07/0064/I676,CE,40.948475,13.811923,50.0,7724.732,-19992.311
PF08/0064/I676,CE,40.943615,13.810398,50.0,7187.0,-20128.0
PF10/0064/I676,CE,40.942947,13.818187,50.0,7103.937,-19473.344
PF11/0064/I676,CE,40.944611,13.812207,50.0,7295.487,-19974.218
PF01/0065/I676,CE,40.950527,13.825589,50.0,7937.073,-18838.958
PF04/0065/I676,CE,40.947809,13.819649,50.0,7642.0,-19343.0
PF05/0065/I676,CE,40.946389,13.817393,50.0,7487.0,-19535.0
PF01/0066/I676,CE,40.942652,13.825656,50.0,7062.732,-18845.059
PF02/0066/I676,CE,40.940076,13.82929,50.0,6772.643,-18542.992
PF03/0066/I676,CE,40.943293,13.833135,50.0,7125.456,-18214.585
PF08/0066/I676,CE,40.941021,13.827135,12.0,6880.0,-18723.0
PF10/0066/I676,CE,40.94628,13.82962,12.0,7461.0,-18506.0
PF11/0066/I676,CE,40.952494,13.827513,50.0,8153.171,-18674.131
PF13/0066/I676,CE,40.948862,13.830145,12.0,7747.0,-18458.0
PF14/0066/I676,CE,40.944674,13.826738,12.0,7286.0,-18751.0
PF03/0067/I676,CE,40.944236,13.839258,50.0,7223.229,-17697.747
PF05/0067/I676,CE,40.950007,13.835168,12.0,7868.5,-18033.5
PF06/0067/I676,CE,40.947543,13.836722,50.0,7593.224,-17906.339
PF02/0068/I676,CE,40.946446,13.845258,50.0,7461.913,-17189.407
PF03/0068/I676,CE,40.946693,13.847819,50.0,7486.479,-16973.541
PF04/0068/I676,CE,40.94999,13.842006,50.0,7859.026,-17457.93
PF05/0068/I676,CE,40.944042,13.855809,60.0,7183.313,-16304.859
PF06/0068/I676,CE,40.94808,13.840136,50.0,7648.977,-17618.197
PF07/0068/I676,CE,40.945524,13.850305,12.0,7354.0,-16766.0
PF02/0069/I676,CE,40.953364,13.867848,10.0,8205.022,-15278.029
PF06/0069/I676,CE,40.948123,13.867605,50.0,7623.503,-15306.04
PF08/0069/I676,CE,40.950059,14.241384,10.0,7498.0,16157.1
PF12/0069/I676,CE,40.951174,13.866663,50.0,7963.239,-15380.92
PF13/0069/I676,CE,40.946903,13.859079,50.0,7497.315,-16025.405
PF01/0070/I676,CE,40.950835,13.875716,50.0,7915.737,-14619.381
PF03/0070/I676,CE,40.946501,13.878984,60.0,7431.05,-14350.56
PF04/0070/I676,CE,40.947466,13.874994,50.0,7542.488,-14685.027
PF06/0070/I676,CE,40.94522,13.87103,50.0,7297.502,-15021.89
PF08/0070/I676,CE,40.948943,13.869017,12.0,7713.0,-15186.0
PF09/0070/I676,CE,40.941898,13.871398,50.0,6928.28,-14995.659
PF10/0070/I676,CE,40.950698,13.87275,50.0,7903.717,-14869.262
PF05/0071/I676,CE,40.942317,13.883854,50.0,6961.329,-13946.524
PF06/0071/I676,CE,40.943315,13.89052,10.0,7065.0,-13384.0
PF07/0071/I676,CE,40.949345,13.881153,50.0,7744.456,-14163.922
PF08/0071/I676,CE,40.947219,13.885322,12.0,7504.0,-13816.0
PF09/0071/I676,CE,40.946987,13.881334,50.0,7482.5,-14152.0
PF10/0071/I676,CE,40.948036,13.888772,50.0,7590.926,-13524.483
PF02/0072/I676,CE,40.947268,13.903479,50.0,7490.022,-12287.628
PF04/0072/I676,CE,40.954185,13.924229,50.0,8236.227,-10531.643
PF05/0072/I676,CE,40.952762,13.901442,50.0,8102.164,-12451.42
PF06/0072/I676,CE,40.95459,13.908151,50.0,8297.98,-11884.244
PF07/0072/I676,CE,40.946887,13.898606,50.0,7452.911,-12698.322
PF08/0072/I676,CE,40.952436,13.904973,50.0,8062.219,-12154.657
PF09/0072/I676,CE,40.951962,13.908377,50.0,8005.987,-11868.855
PF02/0073/I676,CE,40.953839,13.914982,50.0,8207.428,-11310.365
PF03/0073/I676,CE,40.953157,13.920638,50.0,8125.848,-10835.216
PF04/0073/I676,CE,40.950321,13.922216,50.0,7809.399,-10706.343
PF05/0073/I676,CE,40.95331,13.918806,50.0,8144.733,-10989.197
PF06/0073/I676,CE,40.95038,13.914218,50.0,7824.213,-11379.435
PF07/0073/I676,CE,40.953637,13.911203,50.0,8188.967,-11628.692
PF09/0073/I676,CE,40.948347,13.913149,50.0,7599.693,-11472.195
PF10/0073/I676,CE,40.950072,13.910138,50.0,7794.287,-11723.212
PF11/0073/I676,CE,40.947394,13.909802,50.0,7497.328,-11755.214
PF12/0073/I676,CE,40.955322,13.917897,12.0,8369.0,-11063.0
PF02/0074/I676,CE,40.950163,13.924122,50.0,7789.849,-10546.088
PF03/0074/I676,CE,40.949224,13.925087,50.0,7684.636,-10466.168
PF04/0074/I676,CE,40.951093,13.936418,50.0,7880.386,-9509.899
PF05/0074/I676,CE,40.945793,13.922257,50.0,7306.631,-10709.036
PF06/0074/I676,CE,40.950385,13.928943,50.0,7809.5,-10140.0
PF07/0074/I676,CE,40.94706,13.927868,12.0,7441.5,-10235.0
PF08/0074/I676,CE,40.947812,13.93528,50.0,7517.351,-9610.107
PF09/0074/I676,CE,40.944928,13.932904,50.0,7199.621,-9814.063
PF10/0074/I676,CE,40.954944,13.931448,12.0,8313.0,-9923.0
PF01/0075/I676,CE,40.954669,13.940696,12.0,8273.0,-9145.0
PF02/0075/I676,CE,40.955268,13.942047,9.0,8338.1,-9030.5
PF03/0075/I676,CE,40.95554,13.945287,50.0,8365.0,-8757.5
PF05/0075/I676,CE,40.953059,13.94093,50.0,8094.012,-9127.515
PF06/0075/I676,CE,40.953836,13.942366,50.0,8178.871,-9005.592
PF07/0075/I676,CE,40.956137,13.951569,12.0,8425.0,-8228.0
PF02/0076/I676,CE,40.951252,13.94117,50.0,7893.167,-9109.744
PF07/0076/I676,CE,40.950097,13.938166,50.0,7768.088,-9364.159
PF08/0076/I676,CE,40.9449,13.942254,12.0,7187.0,-9027.0
PF09/0076/I676,CE,40.943638,13.939592,12.0,7049.533,-9252.844
PF10/0076/I676,CE,40.943834,13.937168,50.0,7073.782,-9456.629
PF11/0076/I676,CE,40.948128,13.940551,12.0,7547.0,-9166.0
PF01/0077/I676,CE,40.945309,14.151763,10.0,7040.0,8608.8
PF02/0077/I676,CE,40.944297,14.149595,10.0,6929.5,8425.2
PF03/0077/I676,CE,40.943626,14.152236,10.0,6852.8,8646.8
PF04/0077/I676,CE,40.9565,13.947901,10.0,8469.0,-8536.2
PF05/0077/I676,CE,40.954491,13.945874,9.0,8248.0,-8709.5
PF07/0077/I676,CE,40.947486,13.948201,12.0,7468.0,-8523.0
PF08/0077/I676,CE,40.946926,13.945014,12.0,7409.0,-8792.0
PF10/0077/I676,CE,40.954242,13.949127,12.0,8217.0,-8436.0
PF11/0077/I676,CE,40.952744,13.953943,50.0,8045.894,-8032.717
PF01/0078/I676,CE,40.954064,13.960358,50.0,8186.0,-7491.0
PF02/0078/I676,CE,40.953307,13.963374,50.0,8098.936,-7238.214
PF03/0078/I676,CE,40.948676,13.965517,12.0,7582.647,-7063.922
PF04/0078/I676,CE,40.95286,13.956475,50.0,8056.274,-7819.421
PF05/0078/I676,CE,40.950872,13.955953,50.0,7836.0,-7866.0
PF01/0079/I676,CE,40.941738,13.791021,12.0,7001.0,-21762.0
PF01/0080/I676,CE,40.939693,13.814454,12.0,6747.0,-19792.5
PF02/0080/I676,CE,40.93952,13.816726,50.0,6725.126,-19601.493
PF03/0080/I676,CE,40.9365,13.815125,50.0,6391.737,-19740.801
PF04/0080/I676,CE,40.937639,13.820068,12.0,6512.5,-19323.0
PF05/0080/I676,CE,40.939979,13.806306,50.0,6788.0,-20478.0
PF01/0081/I676,CE,40.939593,13.826212,50.0,6722.5,-18802.834
PF06/0081/I676,CE,40.934553,13.829354,50.0,6159.411,-18545.85
PF07/0081/I676,CE,40.937483,13.829235,50.0,6484.811,-18551.444
PF08/0081/I676,CE,40.936721,13.823805,50.0,6406.438,-19009.764
PF01/0082/I676,CE,40.93988,13.838178,50.0,6740.86,-17795.068
PF04/0082/I676,CE,40.934375,13.837155,8.0,6130.96,-17889.36
PF05/0082/I676,CE,40.940426,13.836479,10.0,6803.4,-17937.3
PF06/0082/I676,CE,40.934938,13.834781,50.0,6196.04,-18088.333
PF08/0082/I676,CE,40.934272,13.837153,50.0,6119.491,-17889.675
PF10/0082/I676,CE,40.938201,13.83506,12.0,6558.0,-18060.0
PF01/0083/I676,CE,40.945675,13.842857,50.0,7378.985,-17392.645
PF05/0083/I676,CE,40.944962,13.840509,50.0,7302.423,-17591.358
PF06/0083/I676,CE,40.940413,13.829894,50.0,6809.348,-18491.681
PF05/0084/I676,CE,40.945727,13.84714,50.0,7379.956,-17032.086
PF06/0084/I676,CE,40.942032,13.844356,50.0,6972.926,-17271.851
PF07/0084/I676,CE,40.941208,13.854379,50.0,6870.376,-16429.317
PF08/0084/I676,CE,40.942219,13.848571,50.0,6988.968,-16916.739
PF09/0084/I676,CE,40.93926,13.844686,50.0,6664.809,-17248.139
PF02/0085/I676,CE,40.936989,13.847768,50.0,6409.248,-16991.993
PF05/0085/I676,CE,40.931697,13.857696,50.0,5810.798,-16163.895
PF08/0085/I676,CE,40.934676,13.852128,50.0,6147.691,-16628.32
PF09/0085/I676,CE,40.935813,13.857372,50.0,6268.128,-16185.196
PF10/0085/I676,CE,40.936762,13.851878,50.0,6379.532,-16646.316
PF03/0086/I676,CE,40.93728,13.862994,50.0,6424.77,-15709.769
PF04/0086/I676,CE,40.935944,13.860089,50.0,6279.707,-15956.223
PF07/0086/I676,CE,40.941282,13.856501,50.0,6876.184,-16250.601
PF08/0086/I676,CE,40.940686,13.866111,50.0,6799.524,-15442.485
PF09/0086/I676,CE,40.941084,13.860349,50.0,6849.969,-15926.966
PF10/0086/I676,CE,40.944597,13.863446,50.0,7236.618,-15661.137
PF11/0086/I676,CE,40.934365,13.862777,50.0,6101.384,-15732.257
PF01/0087/I676,CE,40.939518,13.870116,10.0,6665.5,-15107.0
PF02/0087/I676,CE,40.941933,13.87344,50.0,6929.996,-14823.695
PF05/0087/I676,CE,40.938492,13.882236,10.0,6538.5,-14088.2
PF06/0087/I676,CE,40.943914,14.219258,52.0,6832.221,14288.742
PF11/0087/I676,CE,40.941718,13.869431,50.0,6910.418,-15161.499
PF12/0087/I676,CE,40.937679,13.879308,50.0,6451.402,-14335.82
PF13/0087/I676,CE,40.937499,13.870454,50.0,6441.01,-15081.436
PF14/0087/I676,CE,40.934638,13.865703,50.0,6128.498,-15485.53
PF15/0087/I676,CE,40.941133,13.876131,50.0,6838.28,-14598.33
PF02/0088/I676,CE,40.937048,13.89255,50.0,6367.144,-13221.936
PF03/0088/I676,CE,40.935487,13.890179,50.0,6196.354,-13423.698
PF04/0088/I676,CE,40.937664,13.89072,50.0,6437.378,-13375.134
PF05/0088/I676,CE,40.939473,13.886355,50.0,6642.906,-13740.059
PF06/0088/I676,CE,40.932555,13.882226,50.0,5879.347,-14097.445
PF07/0088/I676,CE,40.936222,13.884364,50.0,6284.155,-13912.2
PF02/0089/I676,CE,40.943252,13.893373,50.0,7054.969,-13143.936
PF05/0089/I676,CE,40.939684,13.8977,50.0,6654.218,-12784.722
PF06/0089/I676,CE,40.939933,13.903677,50.0,6675.525,-12281.174
PF08/0089/I676,CE,40.940629,13.900531,50.0,6756.108,-12545.026
PF09/0089/I676,CE,40.941765,13.898572,50.0,6884.335,-12708.356
PF10/0089/I676,CE,40.941444,13.904536,50.0,6842.407,-12206.795
PF11/0089/I676,CE,40.93788,13.894658,50.0,6457.238,-13043.292
PF12/0089/I676,CE,40.944541,13.905806,50.0,7184.899,-12095.573
PF02/0090/I676,CE,40.943057,13.911955,50.0,7013.627,-11579.984
PF03/0090/I676,CE,40.944997,13.914316,50.0,7226.523,-11378.573
PF04/0090/I676,CE,40.945872,14.181471,10.0,7078.7,11110.0
PF06/0090/I676,CE,40.941593,13.918599,50.0,6844.2,-11022.719
PF08/0090/I676,CE,40.944027,13.919391,50.0,7113.531,-10952.688
PF09/0090/I676,CE,40.945346,13.92084,50.0,7258.511,-10828.965
PF11/0090/I676,CE,40.947452,13.920554,50.0,7492.621,-10850.164
PF13/0090/I676,CE,40.940191,13.911486,50.0,6695.977,-11623.48
PF15/0090/I676,CE,40.944996,13.910754,50.0,7230.116,-11678.403
PF05/0091/I676,CE,40.944729,14.165765,10.0,6964.3,9786.8
PF07/0091/I676,CE,40.939793,13.926654,50.0,6636.0,-10347.159
PF08/0091/I676,CE,40.943648,14.168712,10.0,6842.0,10033.7
PF09/0091/I676,CE,40.940533,13.929613,50.0,6715.125,-10097.066
PF10/0091/I676,CE,40.932678,13.925842,50.0,5847.0,-10425.2
PF11/0091/I676,CE,40.938146,14.168167,10.0,6231.6,9982.0
PF12/0091/I676,CE,40.942499,13.921146,50.0,6942.097,-10807.13
PF13/0091/I676,CE,40.940529,13.920935,50.0,6723.594,-10827.533
PF15/0091/I676,CE,40.945838,13.927674,50.0,7306.0,-10253.0
PF16/0091/I676,CE,40.942235,13.926759,12.0,6907.0,-10335.0
PF01/0092/I676,CE,40.936356,13.933898,50.0,6247.0,-9742.0
PF02/0092/I676,CE,40.937292,13.939913,50.0,6344.783,-9234.321
PF03/0092/I676,CE,40.933728,13.936833,50.0,5952.226,-9498.469
PF05/0092/I676,CE,40.935619,13.946889,50.0,6151.952,-8649.26
PF06/0092/I676,CE,40.939606,13.940415,12.0,6601.063,-9188.957
PF07/0092/I676,CE,40.942033,13.942882,12.0,6868.0,-8978.0
PF08/0092/I676,CE,40.938556,13.936012,12.0,6489.0,-9561.0
PF02/0093/I676,CE,40.945743,14.142363,10.0,7096.0,7818.0
PF03/0093/I676,CE,40.943815,14.144704,10.0,6880.0,8013.0
PF04/0093/I676,CE,40.943863,14.138869,10.0,6890.1,7521.9
PF05/0093/I676,CE,40.941582,14.148535,10.0,6628.9,8333.0
PF06/0093/I676,CE,40.936591,13.956809,50.0,6249.796,-7812.879
PF07/0093/I676,CE,40.940234,14.140426,10.0,6486.0,7649.0
PF08/0093/I676,CE,40.936522,13.953379,50.0,6245.594,-8101.741
PF09/0093/I676,CE,40.930996,13.951609,50.0,5633.972,-8258.095
PF10/0093/I676,CE,40.935084,13.959314,10.0,6080.0,-7604.0
PF11/0093/I676,CE,40.932322,13.948839,50.0,5783.923,-8489.525
PF12/0093/I676,CE,40.945915,13.953691,12.0,7288.0,-8063.0
PF01/0094/I676,CE,40.942058,13.972841,50.0,6840.775,-6456.051
PF02/0094/I676,CE,40.947096,13.963842,12.0,7409.0,-7207.0
PF02/0095/I676,CE,40.926075,13.770999,10.0,5285.7,-23471.9
PF03/0095/I676,CE,40.927683,13.776132,50.0,5458.145,-23037.178
PF08/0095/I676,CE,40.932464,13.772586,9.0,5993.1,-23328.352
PF09/0095/I676,CE,40.933813,13.77022,9.0,6145.673,-23525.376
PF10/0095/I676,CE,40.93577,13.765175,9.0,6368.9,-23947.04
PF11/0095/I676,CE,40.933594,13.765594,50.0,6126.869,-23915.205
PF13/0095/I676,CE,40.931422,13.758349,9.0,5894.331,-24528.631
PF14/0095/I676,CE,40.93042,13.760234,9.0,5780.9,-24371.464
PF17/0095/I676,CE,40.927404,13.77967,9.0,5423.0,-22739.706
PF19/0095/I676,CE,40.922858,13.773749,9.0,4925.263,-23245.321
PF20/0095/I676,CE,40.919941,13.768931,9.0,4607.152,-23655.57
PF25/0095/I676,CE,40.924934,13.765757,50.0,5165.249,-23915.089
PF26/0095/I676,CE,40.926827,13.767659,50.0,5373.083,-23751.935
PF28/0095/I676,CE,40.931786,13.768063,50.0,5923.157,-23710.187
PF29/0095/I676,CE,40.923155,13.753486,50.0,4982.407,-24951.101
PF08/0096/I676,CE,40.938489,13.758779,50.0,6678.328,-24481.225
PF09/0096/I676,CE,40.937149,13.768524,12.0,6518.0,-23663.0
PF10/0096/I676,CE,40.936828,13.775621,12.0,6474.0,-23066.0
PF01/0097/I676,CE,40.934064,13.786795,50.0,6154.028,-22129.565
PF04/0097/I676,CE,40.93626,13.783246,50.0,6402.0,-22425.0
PF05/0097/I676,CE,40.938664,13.778842,50.0,6674.0,-22792.0
PF06/0097/I676,CE,40.930639,13.775877,50.0,5786.578,-23054.037
PF07/0097/I676,CE,40.939133,13.782326,12.0,6722.0,-22498.0
PF01/0098/I676,CE,40.939813,13.798742,50.0,6778.357,-21115.022
PF02/0098/I676,CE,40.933526,13.789523,50.0,6091.082,-21900.736
PF03/0098/I676,CE,40.936711,13.79609,12.0,6437.0,-21343.0
PF04/0098/I676,CE,40.939828,13.789262,12.0,6791.0,-21913.0
PF05/0098/I676,CE,40.932834,13.792336,12.0,6011.0,-21665.0
PF06/0098/I676,CE,40.940297,13.796191,12.0,6835.0,-21329.0
PF06/0099/I676,CE,40.937656,13.804233,50.0,6532.512,-20656.032
PF07/0099/I676,CE,40.933177,13.797714,50.0,6042.89,-21211.688
PF01/0100/I676,CE,40.932536,14.299369,10.0,5512.0,21022.0
PF04/0100/I676,CE,40.931754,14.292845,10.0,5429.6,20472.0
PF05/0100/I676,CE,40.924219,13.799784,9.0,5046.0,-21051.0
PF06/0100/I676,CE,40.929878,13.807703,50.0,5665.083,-20375.674
PF07/0100/I676,CE,40.927861,13.808869,50.0,5439.83,-20280.516
PF01/0101/I676,CE,40.929507,13.819272,50.0,5610.715,-19402.203
PF05/0101/I676,CE,40.933682,13.821262,50.0,6071.936,-19228.354
PF06/0101/I676,CE,40.930756,13.812589,12.0,5757.0,-19963.0
PF03/0102/I676,CE,40.930156,13.827036,50.0,5673.891,-18747.484
PF05/0102/I676,CE,40.928097,13.825635,50.0,5446.925,-18868.556
PF06/0102/I676,CE,40.930303,13.831794,50.0,5684.936,-18346.678
PF07/0102/I676,CE,40.928524,13.834056,50.0,5484.9,-18158.87
PF08/0102/I676,CE,40.927182,13.831914,50.0,5338.283,-18341.266
PF13/0102/I676,CE,40.930096,13.823834,50.0,5670.939,-19017.21
PF14/0102/I676,CE,40.933479,13.824651,50.0,6045.534,-18943.397
PF15/0102/I676,CE,40.924473,13.83599,12.0,5033.0,-18002.0
PF16/0102/I676,CE,40.927499,13.836479,50.0,5368.352,-17956.378
PF01/0103/I676,CE,40.931717,13.830525,50.0,5843.298,-18451.408
PF03/0103/I676,CE,40.933069,13.834501,50.0,5988.892,-18114.729
PF03/0104/I676,CE,40.932774,13.8532,50.0,5935.299,-16540.868
PF06/0104/I676,CE,40.930263,13.842006,10.0,5669.0,-17487.0
PF09/0104/I676,CE,40.927271,13.850446,50.0,5327.525,-16780.739
PF10/0104/I676,CE,40.933722,13.846762,50.0,6047.758,-17081.506
PF11/0104/I676,CE,40.927035,13.845462,50.0,5306.806,-17200.739
PF12/0104/I676,CE,40.928465,13.838759,12.0,5473.0,-17763.0
PF13/0104/I676,CE,40.925725,13.853548,50.0,5152.469,-16521.825
PF14/0104/I676,CE,40.933751,13.84971,50.0,6047.677,-16833.22
PF01/0105/I676,CE,40.928283,13.85853,50.0,5430.892,-16098.629
PF03/0105/I676,CE,40.926607,13.868044,50.0,5234.382,-15300.0
PF04/0105/I676,CE,40.925005,13.864381,50.0,5060.633,-15610.672
PF06/0105/I676,CE,40.925357,13.856553,50.0,5108.229,-16269.334
PF08/0105/I676,CE,40.924776,13.867989,50.0,5031.276,-15307.256
PF09/0105/I676,CE,40.93223,13.860309,50.0,5867.064,-15943.118
PF02/0106/I676,CE,40.932423,13.865859,50.0,5882.485,-15475.557
PF04/0106/I676,CE,40.933964,13.876873,50.0,6041.536,-14546.118
PF08/0106/I676,CE,40.931607,13.879682,50.0,5776.914,-14312.993
PF10/0106/I676,CE,40.929266,13.867715,50.0,5529.941,-15323.857
PF13/0106/I676,CE,40.932299,13.874657,50.0,5859.183,-14735.03
PF14/0106/I676,CE,40.929306,13.864103,50.0,5538.391,-15627.89
PF15/0106/I676,CE,40.935524,13.875115,50.0,6216.669,-14691.898
PF16/0106/I676,CE,40.932223,13.863254,50.0,5863.142,-15695.148
PF17/0106/I676,CE,40.931923,13.868618,12.0,5824.0,-15244.0
PF04/0107/I676,CE,40.925815,13.872436,50.0,5141.734,-14931.289
PF05/0107/I676,CE,40.92906,13.872396,50.0,5502.0,-14930.0
PF06/0107/I676,CE,40.929802,13.880447,50.0,5575.627,-14251.113
PF07/0107/I676,CE,40.93046,13.883894,12.0,5645.0,-13960.0
PF08/0107/I676,CE,40.928152,13.880928,12.0,5392.0,-14213.0
PF02/0108/I676,CE,40.92885,13.894402,12.0,5455.0,-13077.5
PF03/0108/I676,CE,40.927787,13.888642,52.0,5343.142,-13563.963
PF04/0108/I676,CE,40.924912,13.889735,50.0,5022.895,-13476.055
PF05/0108/I676,CE,40.929361,13.902362,60.0,5503.309,-12406.602
PF06/0108/I676,CE,40.926964,13.899853,50.0,5239.913,-12621.17
PF08/0108/I676,CE,40.93119,13.891896,50.0,5717.523,-13285.222
PF10/0108/I676,CE,40.93184,13.898747,50.0,5782.386,-12707.488
PF11/0108/I676,CE,40.932153,13.88573,12.0,5831.0,-13803.0
PF04/0109/I676,CE,40.937972,13.909998,50.0,6451.255,-11751.818
PF05/0109/I676,CE,40.932208,13.905993,50.0,5815.537,-12096.938
PF01/0110/I676,CE,40.927406,13.916164,50.0,5271.825,-11247.214
PF02/0110/I676,CE,40.926702,13.909463,50.0,5200.682,-11812.46
PF03/0110/I676,CE,40.927911,13.913567,50.0,5330.611,-11465.189
PF04/0110/I676,CE,40.929276,13.905281,50.0,5490.789,-12160.924
PF06/0110/I676,CE,40.925511,13.905336,50.0,5072.823,-12161.554
PF03/0111/I676,CE,40.936757,13.91226,10.0,6314.0,-11563.0
PF05/0111/I676,CE,40.937976,13.917937,50.0,6443.332,-11083.454
PF06/0111/I676,CE,40.934765,13.912885,50.0,6092.147,-11513.144
PF07/0111/I676,CE,40.935038,13.91778,50.0,6117.394,-11100.659
PF08/0111/I676,CE,40.931944,13.912261,50.0,5779.682,-11569.593
PF09/0111/I676,CE,40.929822,13.915874,50.0,5540.246,-11268.295
PF11/0111/I676,CE,40.931996,13.916484,50.0,5781.016,-11213.987
PF12/0111/I676,CE,40.93733,13.915288,50.0,6374.375,-11307.327
PF13/0111/I676,CE,40.940052,13.914236,50.0,6677.723,-11392.18
PF14/0111/I676,CE,40.940323,13.917082,50.0,6704.825,-11152.213
PF01/0112/I676,CE,40.93808,13.919111,50.0,6453.681,-10984.455
PF02/0112/I676,CE,40.937933,13.92179,50.0,6434.615,-10759.13
PF01/0113/I676,CE,40.926429,13.924115,50.0,5155.03,-10579.166
PF02/0113/I676,CE,40.926257,13.920844,50.0,5139.385,-10854.792
PF03/0113/I676,CE,40.927712,13.922624,50.0,5299.033,-10702.912
PF04/0113/I676,CE,40.928772,13.92852,50.0,5410.581,-10205.001
PF05/0113/I676,CE,40.926773,13.928806,50.0,5188.393,-10183.648
PF01/0114/I676,CE,40.931603,13.932264,12.0,5721.0,-9886.0
PF02/0114/I676,CE,40.931953,13.939687,50.0,5752.293,-9260.514
PF04/0115/I676,CE,40.925858,13.93057,50.0,5085.055,-10036.358
PF05/0115/I676,CE,40.92683,13.934407,10.0,5189.0,-9712.0
PF08/0115/I676,CE,40.924155,13.928418,50.0,4898.188,-10219.946
PF12/0115/I676,CE,40.929401,13.935744,12.0,5473.0,-9596.0
PF13/0115/I676,CE,40.921133,13.947386,50.0,4543.326,-8626.792
PF14/0115/I676,CE,40.926618,13.937712,12.0,5162.0,-9434.0
PF03/0116/I676,CE,40.933435,13.952349,50.0,5904.0,-8192.5
PF07/0116/I676,CE,40.932684,13.953936,50.0,5818.965,-8059.965
PF08/0116/I676,CE,40.929059,13.94455,10.0,5426.0,-8855.0
PF09/0116/I676,CE,40.927853,13.946289,50.0,5290.416,-8710.177
PF14/0116/I676,CE,40.926773,13.949597,50.0,5167.191,-8433.105
PF16/0116/I676,CE,40.927593,13.952354,50.0,5255.415,-8199.91
PF17/0116/I676,CE,40.929113,13.948458,50.0,5428.124,-8525.915
PF18/0116/I676,CE,40.927787,13.948177,50.0,5281.123,-8551.3
PF19/0116/I676,CE,40.931327,13.945272,50.0,5677.115,-8791.155
PF20/0116/I676,CE,40.934093,13.9501,50.0,5979.303,-8381.024
PF01/0117/I676,CE,40.93023,13.955399,50.0,5545.108,-7940.051
PF03/0117/I676,CE,40.934788,13.967443,12.0,6039.0,-6920.0
PF05/0117/I676,CE,40.933422,13.958407,50.0,5896.409,-7682.547
PF06/0117/I676,CE,40.935525,13.963925,50.0,6124.393,-7215.211
PF07/0117/I676,CE,40.936997,13.971921,50.0,6279.854,-6540.141
PF02/0118/I676,CE,40.916848,13.762071,9.0,4272.008,-24238.157
PF04/0118/I676,CE,40.919124,13.753279,50.0,4535.108,-24974.932
PF05/0118/I676,CE,40.913859,13.766403,12.0,3935.0,-23878.0
PF01/0119/I676,CE,40.920122,13.782722,8.0,4611.0,-22494.0
PF02/0119/I676,CE,40.92184,13.785683,50.0,4798.27,-22242.021
PF04/0119/I676,CE,40.924771,13.78139,50.0,5128.73,-22599.028
PF05/0119/I676,CE,40.923979,13.776713,9.0,5046.262,-22993.99
PF06/0119/I676,CE,40.922568,13.778897,50.0,4887.035,-22812.31
PF08/0119/I676,CE,40.918248,13.766341,9.0,4422.316,-23876.342
PF10/0119/I676,CE,40.915886,13.794167,9.0,4127.405,-21536.72
PF11/0119/I676,CE,40.91372,13.796872,52.0,3883.778,-21312.224
PF12/0119/I676,CE,40.913354,13.79128,50.0,3849.69,-21783.751
PF13/0119/I676,CE,40.912616,13.794074,50.0,3764.473,-21549.577
PF14/0119/I676,CE,40.914726,13.792264,50.0,4000.886,-21698.825
PF15/0119/I676,CE,40.919836,13.768572,50.0,4596.0,-23686.0
PF16/0119/I676,CE,40.92286,13.773756,32.0,4925.5,-23244.8
PF21/0119/I676,CE,40.911158,13.792686,9.0,3604.3,-21668.689
PF22/0119/I676,CE,40.912508,13.791883,9.0,3755.1,-21734.284
PF23/0119/I676,CE,40.917168,13.792647,9.0,4271.5,-21662.817
PF25/0119/I676,CE,40.922225,13.786252,9.0,4840.4,-22193.517
PF26/0119/I676,CE,40.920841,13.787994,9.0,4684.7,-22048.997
PF27/0119/I676,CE,40.921831,13.780389,9.0,4803.5,-22687.846
PF34/0119/I676,CE,40.914428,13.796144,9.0,3963.3,-21372.49
PF35/0119/I676,CE,40.916893,13.76388,12.0,4274.8,-24085.696
PF36/0119/I676,CE,40.913285,13.790898,9.0,3842.5,-21816.065
PF38/0119/I676,CE,40.913097,13.790569,8.0,3822.0,-21844.0
PF39/0119/I676,CE,40.911625,13.779082,50.0,3672.02,-22813.697
PF40/0119/I676,CE,40.915255,13.788636,50.0,4063.79,-22003.542
PF42/0119/I676,CE,40.914743,13.771372,50.0,4027.216,-23458.163
PF03/0120/I676,CE,40.921434,13.788357,50.0,4750.126,-22017.489
PF04/0120/I676,CE,40.92455,13.783773,50.0,5101.369,-22398.681
PF06/0120/I676,CE,40.917911,13.792157,9.0,4354.5,-21702.912
PF09/0120/I676,CE,40.926324,13.78845,50.0,5292.844,-22002.107
PF11/0120/I676,CE,40.919775,13.788631,50.0,4565.553,-21996.98
PF12/0120/I676,CE,40.929648,13.786104,50.0,5664.563,-22194.565
PF13/0120/I676,CE,40.922865,13.790035,50.0,4906.999,-21873.999
PF02/0121/I676,CE,40.921013,13.797702,50.0,4692.475,-21231.214
PF04/0121/I676,CE,40.929959,13.793727,50.0,5690.196,-21552.223
PF03/0122/I676,CE,40.920078,13.810704,50.0,4573.694,-20137.777
PF04/0122/I676,CE,40.92288,13.805777,50.0,4890.392,-20548.453
PF05/0122/I676,CE,40.925176,13.804073,50.0,5147.249,-20688.463
PF02/0123/I676,CE,40.927295,13.814827,50.0,5370.153,-19779.784
PF03/0123/I676,CE,40.925326,13.817233,50.0,5148.868,-19580.094
PF02/0124/I676,CE,40.915102,13.814491,50.0,4016.95,-19826.378
PF04/0124/I676,CE,40.9216,13.817893,50.0,4734.464,-19530.179
PF06/0124/I676,CE,40.918826,13.816057,50.0,4428.617,-19688.939
PF01/0125/I676,CE,40.918783,13.827909,50.0,4410.438,-18690.962
PF02/0125/I676,CE,40.924738,13.820652,50.0,5079.691,-19293.113
PF03/0125/I676,CE,40.919319,13.820975,50.0,4477.71,-19274.014
PF04/0125/I676,CE,40.922062,13.822263,50.0,4780.774,-19161.509
PF02/0126/I676,CE,40.921597,13.840896,50.0,4708.172,-17593.223
PF03/0126/I676,CE,40.920729,13.832007,50.0,4621.824,-18342.954
PF04/0126/I676,CE,40.924429,13.832431,50.0,5032.12,-18301.805
PF02/0127/I676,CE,40.924137,13.844484,50.0,4986.225,-17287.314
PF06/0127/I676,CE,40.924934,13.840227,50.0,5079.382,-17644.631
PF07/0127/I676,CE,40.925038,13.847251,50.0,5083.151,-17053.039
PF08/0127/I676,CE,40.922501,13.849359,50.0,4799.153,-16879.193
PF01/0128/I676,CE,40.919029,13.860387,50.0,4401.57,-15955.673
PF02/0128/I676,CE,40.922414,13.857257,50.0,4780.743,-16214.282
PF01/0129/I676,CE,40.919905,13.864562,50.0,4494.234,-15602.855
PF02/0129/I676,CE,40.921477,13.867039,12.0,4666.0,-15392.0
PF03/0129/I676,CE,40.919498,13.869997,50.0,4443.076,-15145.698
PF04/0129/I676,CE,40.92372,13.865643,50.0,4916.579,-15506.274
PF05/0129/I676,CE,40.920171,13.877327,50.0,4509.861,-14527.579
PF02/0130/I676,CE,40.923746,13.877778,50.0,4906.299,-14484.474
PF03/0130/I676,CE,40.918964,13.885372,50.0,4367.192,-13851.778
PF04/0130/I676,CE,40.924228,13.884637,50.0,4952.384,-13906.276
PF01/0131/I676,CE,40.923032,13.896974,50.0,4806.436,-12869.153
PF02/0131/I676,CE,40.923577,13.903116,50.0,4860.454,-12351.215
PF04/0131/I676,CE,40.921693,13.900914,50.0,4653.604,-12539.24
PF08/0131/I676,CE,40.917601,13.890567,50.0,4210.371,-13416.276
PF10/0131/I676,CE,40.925416,13.904589,50.0,5063.007,-12224.637
PF11/0131/I676,CE,40.923975,13.892742,50.0,4915.582,-13224.155
PF12/0131/I676,CE,40.919536,13.903843,50.0,4411.066,-12295.583
PF13/0131/I676,CE,40.916765,13.894244,50.0,4113.561,-13107.8
PF14/0131/I676,CE,40.920082,13.894168,50.0,4481.966,-13109.52
PF01/0132/I676,CE,40.92393,13.908608,50.0,4893.815,-11888.236
PF02/0132/I676,CE,40.925455,13.91206,10.0,5059.5,-11595.5
PF03/0132/I676,CE,40.926122,13.915754,50.0,5129.624,-11283.493
PF04/0132/I676,CE,40.92241,13.905671,50.0,4728.134,-12137.69
PF06/0132/I676,CE,40.922018,13.911091,50.0,4679.0,-11681.8
PF07/0132/I676,CE,40.922963,13.912897,50.0,4782.024,-11528.489
PF09/0132/I676,CE,40.918655,13.905169,10.0,4311.8,-12185.2
PF12/0132/I676,CE,40.920286,13.916034,10.0,4481.5,-11268.0
PF13/0132/I676,CE,40.921204,13.921338,50.0,4577.866,-10820.088
PF14/0132/I676,CE,40.924015,13.922119,50.0,4889.154,-10750.506
PF16/0132/I676,CE,40.924559,13.910835,50.0,4961.314,-11699.873
PF17/0132/I676,CE,40.917554,13.911163,50.0,4183.323,-11681.912
PF18/0132/I676,CE,40.924319,13.91976,50.0,4925.367,-10948.668
PF01/0133/I676,CE,40.922346,13.924987,50.0,4700.904,-10511.238
PF02/0133/I676,CE,40.918755,13.922629,50.0,4304.674,-10714.723
PF04/0133/I676,CE,40.917377,13.919687,50.0,4154.732,-10964.375
PF06/0133/I676,CE,40.922174,13.922835,50.0,4684.064,-10692.738
PF07/0133/I676,CE,40.921584,13.9291,50.0,4612.0,-10166.0
PF01/0134/I676,CE,40.918451,13.927115,50.0,4266.257,-10337.374
PF04/0134/I676,CE,40.91608,13.922408,12.0,4008.0,-10737.0
PF03/0135/I676,CE,40.916577,13.933408,50.0,4051.8,-9810.0
PF04/0135/I676,CE,40.923709,13.934037,50.0,4842.925,-9747.391
PF06/0135/I676,CE,40.919232,13.93415,50.0,4345.728,-9743.895
PF07/0135/I676,CE,40.922036,13.936171,12.0,4655.0,-9570.0
PF01/0136/I676,CE,40.924217,13.938703,10.0,4894.5,-9353.8
PF04/0136/I676,CE,40.927695,13.952699,50.0,5266.425,-8170.708
PF07/0136/I676,CE,40.928869,13.957154,50.0,5392.193,-7794.076
PF08/0136/I676,CE,41.016171,14.110228,50.0,14941.408,5192.754
PF09/0136/I676,CE,40.925666,13.942918,12.0,5051.0,-8997.0
PF10/0136/I676,CE,40.921536,13.941511,12.0,4594.0,-9121.0
PF01/0137/I676,CE,40.928216,13.952468,10.0,5324.5,-8189.5
PF03/0137/I676,CE,40.92746,13.954228,50.0,5238.794,-8042.315
PF08/0137/I676,CE,40.927872,13.950703,50.0,5288.012,-8338.502
PF03/0138/I676,CE,40.919385,13.793994,9.0,4516.0,-21546.0
PF04/0138/I676,CE,40.915863,13.794796,9.0,4124.1,-21483.797
PF07/0138/I676,CE,40.912804,13.798832,9.0,3779.9,-21148.582
PF08/0138/I676,CE,40.909361,13.804842,50.0,3390.671,-20647.716
PF09/0138/I676,CE,40.913088,13.7983,50.0,3812.0,-21193.0
PF01/0139/I676,CE,40.91725,13.800944,10.0,4271.0,-20964.0
PF02/0139/I676,CE,40.915073,13.803158,10.0,4026.8,-20780.8
PF03/0139/I676,CE,40.915447,13.805742,50.0,4065.252,-20562.616
PF05/0139/I676,CE,40.912487,13.806516,10.0,3735.8,-20502.0
PF08/0139/I676,CE,40.91357,13.813046,50.0,3848.503,-19950.422
PF09/0139/I676,CE,40.914608,13.813799,50.0,3962.899,-19885.399
PF10/0139/I676,CE,40.916377,13.809747,12.0,4164.0,-20224.0
PF11/0139/I676,CE,40.91783,13.79781,12.0,4339.0,-21227.0
PF07/0140/I676,CE,40.90995,13.853225,10.0,3401.5,-16572.0
PF11/0140/I676,CE,40.91026,13.822787,50.0,3470.0,-19135.0
PF03/0141/I676,CE,40.912863,13.819469,50.0,3762.738,-19410.497
PF06/0141/I676,CE,40.913578,13.827496,50.0,3833.0,-18733.5
PF09/0141/I676,CE,40.911451,13.826793,50.0,3597.719,-18795.83
PF12/0141/I676,CE,40.915699,13.825343,50.0,4070.889,-18911.605
PF04/0142/I676,CE,40.912674,13.830884,50.0,3728.841,-18449.509
PF06/0142/I676,CE,40.912095,13.841802,50.0,3652.347,-17530.853
PF07/0142/I676,CE,40.914437,13.841174,50.0,3912.983,-17580.279
PF08/0142/I676,CE,40.913932,13.839016,50.0,3859.439,-17762.776
PF09/0142/I676,CE,40.917451,13.836003,60.0,4253.43,-18011.364
PF10/0142/I676,CE,40.912664,13.835995,50.0,3722.015,-18019.083
PF11/0142/I676,CE,40.917148,13.841972,50.0,4213.051,-17509.121
PF12/0142/I676,CE,40.910905,13.837764,50.0,3524.746,-17872.66
PF13/0142/I676,CE,40.916713,13.832943,50.0,4174.935,-18270.128
PF14/0142/I676,CE,40.919096,13.839659,50.0,4431.993,-17701.015
PF04/0143/I676,CE,40.919228,13.844107,50.0,4441.672,-17326.249
PF06/0143/I676,CE,40.915178,13.846584,50.0,3989.278,-17123.633
PF07/0143/I676,CE,40.919091,13.851665,12.0,4418.0,-16690.0
PF01/0144/I676,CE,40.915942,13.859367,12.0,4060.0,-16046.0
PF03/0144/I676,CE,40.879418,13.864246,50.0,0.0,-15687.775
PF05/0145/I676,CE,40.912554,13.862858,10.0,3680.0,-15756.9
PF06/0145/I676,CE,40.915766,13.868487,50.0,4030.485,-15278.239
PF01/0146/I676,CE,40.918275,13.887943,50.0,4288.021,-13636.235
PF02/0146/I676,CE,40.919264,13.881386,10.0,4404.8,-14187.0
PF06/0146/I676,CE,40.917318,13.882021,10.0,4188.1,-14136.3
PF07/0146/I676,CE,40.917265,13.882216,12.0,4182.0,-14120.0
PF08/0146/I676,CE,40.917479,13.874612,12.0,4214.0,-14760.0
PF09/0146/I676,CE,40.91406,13.87655,50.0,3832.312,-14601.682
PF10/0146/I676,CE,40.915441,13.877984,50.0,3984.086,-14478.959
PF01/0147/I676,CE,40.904888,13.778428,50.0,2924.834,-22879.263
PF03/0147/I676,CE,40.904283,13.780825,50.0,2854.907,-22678.244
PF05/0147/I676,CE,40.9069,13.77594,9.0,3151.2,-23085.622
PF07/0147/I676,CE,40.899791,13.784853,50.0,2351.512,-22345.96
PF12/0147/I676,CE,41.204156,13.789448,50.0,4562135.58,2418510.16
PF13/0147/I676,CE,40.909792,13.771332,50.0,3477.688,-23469.277
PF14/0147/I676,CE,40.904852,13.772363,12.0,2928.014,-23390.113
PF03/0148/I676,CE,40.903769,13.809279,9.0,2764.827,-20282.436
PF05/0148/I676,CE,40.91054,13.797348,9.0,3530.2,-21277.049
PF06/0148/I676,CE,40.908056,13.804528,9.0,3246.2,-20676.122
PF08/0148/I676,CE,40.90579,13.805703,9.0,2993.3,-20580.567
PF09/0148/I676,CE,40.908993,13.804924,50.0,3349.806,-20641.36
PF12/0148/I676,CE,40.905789,13.782718,50.0,3019.898,-22516.514
PF13/0148/I676,CE,40.903977,13.789202,50.0,2811.145,-21973.138
PF14/0148/I676,CE,40.907214,13.795083,50.0,3163.611,-21472.864
PF16/0148/I676,CE,40.899354,13.807757,50.0,2276.471,-20417.318
PF01/0149/I676,CE,40.904793,13.809061,9.0,2878.8,-20299.233
PF09/0149/I676,CE,40.908451,13.811964,9.0,3281.5,-20049.236
PF11/0149/I676,CE,40.904012,13.815219,50.0,2785.055,-19781.762
PF12/0149/I676,CE,40.912301,14.286224,50.0,3274.625,19896.97
PF04/0150/I676,CE,40.903116,14.280494,10.0,2259.0,19406.0
PF07/0150/I676,CE,40.899486,13.824498,12.0,2272.0,-19007.0
PF08/0150/I676,CE,40.902613,13.821949,12.0,2622.0,-19217.0
PF09/0150/I676,CE,40.896509,13.818088,50.0,1948.806,-19551.352
PF01/0151/I676,CE,40.908451,13.832739,10.0,3258.0,-18299.5
PF03/0151/I676,CE,40.904577,13.82804,50.0,2833.157,-18701.082
PF05/0151/I676,CE,40.907859,13.82911,50.0,3196.288,-18606.004
PF06/0151/I676,CE,40.902295,13.828721,50.0,2579.043,-18647.048
PF08/0151/I676,CE,40.904907,13.824734,50.0,2873.511,-18978.965
PF09/0151/I676,CE,40.907823,13.83423,50.0,3186.563,-18174.857
PF02/0152/I676,CE,40.907985,13.841034,50.0,3196.958,-17601.564
PF03/0152/I676,CE,40.906494,13.836612,50.0,3036.403,-17976.219
PF04/0152/I676,CE,40.905293,13.843285,50.0,2895.557,-17415.934
PF10/0152/I676,CE,40.903359,13.844878,50.0,2679.054,-17284.594
PF14/0152/I676,CE,40.902008,13.838337,50.0,2536.42,-17837.508
PF15/0152/I676,CE,40.903278,13.839829,50.0,2675.711,-17710.029
PF17/0152/I676,CE,40.905773,14.047774,9.0,2741.285,-192.155
PF19/0152/I676,CE,40.904379,13.845621,50.0,2791.551,-17220.52
PF20/0152/I676,CE,40.908582,13.842171,50.0,3261.996,-17504.934
PF01/0153/I676,CE,40.900273,13.848613,50.0,2332.362,-16974.529
PF03/0154/I676,CE,40.906672,13.857012,10.0,3033.5,-16257.8
PF06/0154/I676,CE,40.906701,13.848875,50.0,3045.672,-16943.105
PF07/0154/I676,CE,40.909437,13.858814,50.0,3338.461,-16102.039
PF08/0154/I676,CE,40.910524,13.857691,50.0,3460.38,-16195.025
PF09/0154/I676,CE,40.909063,13.854598,50.0,3301.596,-16457.661
PF02/0155/I676,CE,40.912852,13.874389,50.0,3700.521,-14785.385
PF03/0155/I676,CE,40.911079,13.87061,10.0,3507.8,-15106.2
PF06/0155/I676,CE,40.912973,13.866625,50.0,3722.416,-15439.108
PF07/0155/I676,CE,40.908919,13.873404,12.0,3265.0,-14874.0
PF08/0155/I676,CE,40.907688,13.865434,12.0,3137.0,-15547.0
PF02/0156/I676,CE,40.913258,13.88904,10.0,3729.8,-13551.0
PF03/0156/I676,CE,40.914516,13.885684,10.0,3873.1,-13831.8
PF04/0156/I676,CE,40.913765,13.881835,10.0,3793.9,-14157.0
PF06/0156/I676,CE,40.911177,13.891688,10.0,3496.0,-13330.9
PF07/0156/I676,CE,40.915494,13.890956,50.0,3975.981,-13386.438
PF02/0157/I676,CE,40.913625,13.899032,50.0,3759.898,-12709.012
PF01/0158/I676,CE,40.917595,13.902505,10.0,4197.0,-12411.0
PF02/0158/I676,CE,40.914673,13.905902,10.0,3869.0,-12129.0
PF04/0158/I676,CE,40.910886,13.89684,50.0,3458.18,-12897.455
PF05/0158/I676,CE,40.908121,13.90278,9.0,3145.0,-12401.0
PF09/0158/I676,CE,40.906684,13.899709,50.0,2988.678,-12661.662
PF01/0159/I676,CE,40.911547,13.908926,50.0,3518.829,-11878.594
PF02/0159/I676,CE,40.914406,13.910141,50.0,3834.894,-11772.34
PF03/0159/I676,CE,40.913741,13.914475,50.0,3756.563,-11408.254
PF05/0159/I676,CE,40.916779,13.907828,50.0,4100.786,-11963.874
PF06/0159/I676,CE,40.91755,13.915983,50.0,4177.819,-11276.065
PF02/0160/I676,CE,40.889732,13.797857,50.0,1219.725,-21265.897
PF08/0160/I676,CE,41.183648,13.816033,12.0,4559828.052,2420708.149
PF09/0160/I676,CE,41.187074,13.811338,50.0,4560213.84,2420319.64
PF03/0161/I676,CE,40.895444,13.801394,50.0,1849.662,-20959.26
PF07/0161/I676,CE,40.897028,13.804617,50.0,2021.859,-20685.32
PF10/0161/I676,CE,40.892966,13.808142,50.0,1566.819,-20394.522
PF12/0161/I676,CE,40.885933,13.809387,50.0,784.708,-20300.268
PF17/0161/I676,CE,40.888818,13.804134,50.0,1110.988,-20738.486
PF21/0161/I676,CE,40.894092,13.807961,9.0,1692.1,-20408.073
PF27/0161/I676,CE,40.883737,13.814845,50.0,534.686,-19843.751
PF28/0161/I676,CE,40.885258,13.810898,12.0,708.0,-20174.0
PF29/0161/I676,CE,40.888793,13.812176,12.0,1099.0,-20061.0
PF32/0161/I676,CE,40.892721,13.806754,50.0,1541.286,-20511.865
PF33/0161/I676,CE,40.885735,13.806568,12.0,765.929,-20538.063
PF34/0161/I676,CE,40.892216,13.798215,50.0,1495.014,-21231.936
PF36/0161/I676,CE,40.897445,13.800503,50.0,2072.873,-21031.259
PF37/0161/I676,CE,40.89407,13.812372,50.0,1684.606,-20036.546
PF38/0161/I676,CE,40.894109,13.821713,50.0,1678.286,-19249.637
PF39/0161/I676,CE,40.883291,13.808581,50.0,492.296,-20372.222
PF40/0161/I676,CE,40.885145,13.812494,50.0,693.661,-20039.736
PF41/0161/I676,CE,40.890812,13.825447,12.0,1308.0,-18940.0
PF42/0161/I676,CE,40.885873,13.818357,70.0,767.811,-19544.63
PF05/0162/I676,CE,40.893181,13.829314,9.0,1566.6,-18610.664
PF06/0162/I676,CE,40.892787,13.824591,9.0,1528.2,-19009.093
PF08/0162/I676,CE,40.900641,13.827605,50.0,2396.731,-18743.546
PF09/0162/I676,CE,40.894025,13.822008,50.0,1668.631,-19224.887
PF02/0163/I676,CE,40.901782,13.832423,10.0,2518.0,-18336.0
PF04/0163/I676,CE,40.901322,13.841448,50.0,2456.849,-17576.536
PF07/0163/I676,CE,40.896665,13.832004,50.0,1950.347,-18378.887
PF09/0163/I676,CE,40.896953,13.836284,50.0,1977.557,-18017.909
PF10/0163/I676,CE,40.901032,13.836861,9.0,2429.684,-17963.344
PF12/0163/I676,CE,40.898266,13.838297,50.0,2121.091,-17846.442
PF13/0163/I676,CE,40.896191,13.834408,9.0,1895.01,-18177.1
PF14/0163/I676,CE,40.904887,13.908655,50.0,2779.771,-11910.639
PF15/0163/I676,CE,40.894733,13.834029,50.0,1733.594,-18211.173
PF16/0163/I676,CE,40.901741,13.833908,50.0,2511.765,-18211.033
PF17/0163/I676,CE,40.899254,13.833218,50.0,2236.377,-18272.795
PF18/0163/I676,CE,40.903342,13.8361,12.0,2687.0,-18024.0
PF01/0164/I676,CE,40.901615,13.840001,9.0,2490.922,-17698.007
PF02/0164/I676,CE,40.902052,13.907804,50.0,2465.974,-11986.325
PF02/0165/I676,CE,40.903999,13.847747,9.0,2746.916,-17042.056
PF03/0165/I676,CE,40.902649,13.846394,50.0,2598.569,-17157.94
PF05/0165/I676,CE,40.905649,13.850959,50.0,2926.613,-16769.068
PF06/0165/I676,CE,40.900566,13.851691,50.0,2361.464,-16714.809
PF02/0166/I676,CE,40.907201,13.862385,50.0,3086.288,-15804.474
PF03/0166/I676,CE,40.906535,13.857249,50.0,3018.0,-16238.0
PF01/0167/I676,CE,40.904423,13.86445,50.0,2775.612,-15634.551
PF02/0167/I676,CE,40.903254,13.860648,50.0,2650.0,-15956.5
PF03/0167/I676,CE,40.902764,13.867584,10.0,2588.0,-15373.0
PF04/0167/I676,CE,40.901414,13.859047,10.0,2447.5,-16094.0
PF08/0167/I676,CE,40.897329,13.865421,50.0,1987.0,-15563.0
PF09/0167/I676,CE,40.899905,13.864836,50.0,2273.657,-15608.546
PF01/0168/I676,CE,40.904823,13.87036,50.0,2813.616,-15136.252
PF02/0168/I676,CE,40.903129,13.874078,10.0,2621.5,-14825.5
PF03/0168/I676,CE,40.903417,13.877009,50.0,2650.329,-14578.213
PF04/0168/I676,CE,40.899985,13.872002,50.0,2274.713,-15004.857
PF01/0169/I676,CE,40.900027,13.874648,50.0,2276.5,-14781.893
PF06/0169/I676,CE,40.910734,13.879778,50.0,3459.626,-14334.542
PF07/0169/I676,CE,40.909502,13.877352,12.0,3325.49,-14540.665
PF08/0169/I676,CE,40.911172,13.882818,50.0,3504.89,-14077.945
PF01/0170/I676,CE,40.908133,13.895501,50.0,3154.0,-13014.0
PF04/0170/I676,CE,40.910057,13.888844,50.0,3374.729,-13572.003
PF05/0170/I676,CE,40.907328,13.890376,50.0,3070.072,-13446.775
PF06/0170/I676,CE,40.905353,13.892842,50.0,2848.257,-13241.886
PF03/0171/I676,CE,40.904914,13.895882,50.0,2796.298,-12986.428
PF06/0171/I676,CE,40.901962,13.904419,50.0,2459.543,-12271.522
PF10/0171/I676,CE,40.903832,13.906332,50.0,2665.134,-12107.818
PF11/0171/I676,CE,40.906181,13.909441,50.0,2922.593,-11842.666
PF12/0171/I676,CE,40.900478,13.901417,50.0,2297.977,-12526.464
PF13/0171/I676,CE,40.904619,13.899134,12.0,2760.0,-12713.0
PF01/0172/I676,CE,40.90776,13.912142,10.0,3095.0,-11613.0
PF03/0172/I676,CE,40.909014,14.18846,10.0,2981.6,11660.3
PF04/0172/I676,CE,40.910039,14.190225,10.0,3094.0,11810.0
PF06/0172/I676,CE,40.909457,13.905811,50.0,3290.097,-12143.876
PF07/0172/I676,CE,40.90979,13.911573,50.0,3320.99,-11658.108
PF01/0173/I676,CE,40.911705,13.911557,50.0,3533.544,-11656.866
PF02/0173/I676,CE,40.912599,13.913611,50.0,3630.71,-11482.63
PF04/0173/I676,CE,40.912667,13.919873,50.0,3631.672,-10955.173
PF05/0173/I676,CE,40.91082,13.9178,50.0,3428.809,-11132.308
PF06/0173/I676,CE,40.914505,13.919462,50.0,3836.147,-10987.235
PF08/0173/I676,CE,40.911198,13.922573,50.0,3465.869,-10729.788
PF09/0173/I676,CE,40.907585,13.916526,50.0,3071.0,-11244.0
PF10/0173/I676,CE,40.908411,13.919579,50.0,3159.565,-10985.741
PF11/0173/I676,CE,40.905668,13.914824,12.0,2860.0,-11390.0
PF01/0174/I676,CE,40.90876,13.922753,12.0,3195.0,-10718.0
PF03/0175/I676,CE,40.896504,14.263333,10.0,1537.0,17954.4
PF06/0175/I676,CE,40.896474,13.838967,50.0,1921.365,-17792.652
PF07/0175/I676,CE,40.897982,13.839825,50.0,2087.873,-17718.102
PF08/0175/I676,CE,40.899169,13.840803,12.0,2218.5,-17634.0
PF10/0175/I676,CE,40.89487,13.837714,50.0,1744.682,-17900.592
PF14/0175/I676,CE,40.899533,13.839261,50.0,2260.683,-17763.359
PF15/0175/I676,CE,40.894614,13.840491,50.0,1713.225,-17667.022
PF16/0175/I676,CE,40.897717,13.841286,50.0,2056.787,-17595.486
PF17/0175/I676,CE,40.893028,13.836731,50.0,1541.3,-17986.099
PF02/0176/I676,CE,40.895983,13.843902,50.0,1861.351,-17377.636
PF03/0176/I676,CE,40.898593,13.844192,50.0,2150.745,-17349.363
PF04/0176/I676,CE,40.900169,13.845581,50.0,2324.211,-17230.038
PF05/0176/I676,CE,40.896933,13.845703,50.0,1964.828,-17224.509
PF06/0176/I676,CE,40.902622,13.844073,50.0,2598.16,-17353.482
PF07/0176/I676,CE,40.900368,13.845766,50.0,2346.13,-17214.224
PF08/0176/I676,CE,40.893449,13.844634,50.0,1579.238,-17319.703
PF15/0176/I676,CE,40.894677,13.84062,12.0,1720.0,-17656.0
PF02/0177/I676,CE,40.893693,13.847302,50.0,1603.328,-17094.59
PF05/0177/I676,CE,40.894821,13.855056,50.0,1720.022,-16439.733
PF08/0177/I676,CE,40.897714,13.848339,50.0,2048.613,-17001.376
PF09/0177/I676,CE,40.894138,13.851815,50.0,1647.776,-16713.802
PF01/0178/I676,CE,40.896689,13.857244,50.0,1924.916,-16252.735
PF02/0178/I676,CE,40.894893,13.858387,50.0,1724.341,-16159.074
PF06/0178/I676,CE,40.896912,13.863039,50.0,1943.363,-15764.215
PF02/0179/I676,CE,40.897207,13.8696,50.0,1968.994,-15211.174
PF03/0179/I676,CE,40.894286,13.866856,50.0,1647.671,-15446.468
PF04/0179/I676,CE,40.891579,13.866558,50.0,1347.52,-15475.486
PF05/0179/I676,CE,40.894396,13.870439,50.0,1655.944,-15144.468
PF06/0179/I676,CE,40.896156,13.865843,50.0,1856.327,-15529.171
PF05/0180/I676,CE,40.899299,13.876606,50.0,2193.572,-14618.029
PF06/0180/I676,CE,40.894856,13.874912,50.0,1702.174,-14767.029
PF07/0180/I676,CE,40.896082,13.882644,50.0,1830.0,-14114.0
PF08/0180/I676,CE,40.899639,13.879859,50.0,2227.817,-14343.555
PF01/0181/I676,CE,40.896716,13.889012,50.0,1893.533,-13576.625
PF02/0181/I676,CE,40.894177,13.889511,50.0,1611.119,-13538.193
PF03/0181/I676,CE,40.90005,13.886944,50.0,2265.871,-13746.109
PF03/0182/I676,CE,40.903365,13.890529,10.0,2630.0,-13439.5
PF05/0182/I676,CE,40.902799,13.896164,50.0,2561.197,-12965.663
PF06/0182/I676,CE,40.902063,13.885392,10.0,2491.0,-13874.0
PF07/0182/I676,CE,40.902111,13.891573,50.0,2489.657,-13353.344
PF08/0182/I676,CE,40.902527,13.888062,50.0,2539.576,-13648.464
PF12/0182/I676,CE,40.902331,13.894001,50.0,2511.454,-13148.533
PF14/0182/I676,CE,40.90441,13.88985,50.0,2746.729,-13495.24
PF16/0182/I676,CE,40.900438,13.895371,50.0,2299.946,-13035.8
PF17/0182/I676,CE,40.904098,13.881583,50.0,2721.0,-14192.0
PF18/0182/I676,CE,40.898749,13.891384,50.0,2116.647,-13373.986
PF02/0183/I676,CE,40.898655,13.903619,50.0,2093.201,-12343.493
PF03/0183/I676,CE,40.897512,13.896577,50.0,1973.756,-12938.327
PF04/0183/I676,CE,40.895942,13.895135,50.0,1800.993,-13061.951
PF05/0183/I676,CE,40.894745,13.891068,50.0,1672.473,-13406.258
PF06/0183/I676,CE,40.899504,13.898318,50.0,2193.06,-12788.834
PF08/0183/I676,CE,40.894878,13.893445,50.0,1684.674,-13205.839
PF09/0183/I676,CE,40.891191,13.893066,50.0,1275.772,-13242.907
PF02/0184/I676,CE,40.902415,13.899798,50.0,2514.659,-12660.113
PF01/0185/I676,CE,40.897835,13.901749,50.0,2004.189,-12502.174
PF02/0185/I676,CE,40.895115,13.906929,50.0,1696.72,-12069.569
PF03/0185/I676,CE,40.900728,13.908154,50.0,2318.598,-11958.602
PF04/0185/I676,CE,40.899139,13.911481,12.0,2138.697,-11680.562
PF01/0186/I676,CE,40.906207,13.920443,50.0,2914.0,-10916.0
PF02/0186/I676,CE,40.904355,13.912127,12.0,2717.0,-11619.0
PF01/0187/I676,CE,40.887461,13.841622,50.0,917.862,-17582.195
PF02/0187/I676,CE,40.887624,13.829678,9.0,949.3,-18588.22
PF03/0188/I676,CE,40.8893,13.847101,50.0,1115.948,-17117.923
PF04/0188/I676,CE,40.891128,13.851159,50.0,1314.314,-16773.441
PF05/0188/I676,CE,40.892219,13.85339,50.0,1432.996,-16583.846
PF07/0188/I676,CE,40.890752,13.857302,50.0,1265.873,-16256.47
PF12/0188/I676,CE,40.887937,13.854306,50.0,956.632,-16512.945
PF13/0188/I676,CE,40.89421,13.863385,12.0,1643.0,-15739.0
PF01/0189/I676,CE,40.887401,13.863625,50.0,886.918,-15728.627
PF02/0189/I676,CE,40.889567,13.866438,50.0,1124.213,-15488.486
PF03/0189/I676,CE,40.892295,13.863145,50.0,1430.728,-15761.946
PF04/0189/I676,CE,40.889937,13.860228,50.0,1172.16,-16011.125
PF05/0189/I676,CE,40.886605,13.85955,50.0,803.023,-16073.059
PF01/0190/I676,CE,40.890286,13.867707,50.0,1202.651,-15380.521
PF02/0190/I676,CE,40.888332,13.869754,50.0,983.536,-15210.899
PF04/0190/I676,CE,40.892214,13.872501,50.0,1411.47,-14973.888
PF05/0191/I676,CE,40.888997,13.876086,50.0,1050.483,-14676.528
PF08/0191/I676,CE,40.88584,13.877036,10.0,699.0,-14601.0
PF12/0191/I676,CE,40.887742,13.88216,50.0,904.646,-14166.603
PF50/0191/I676,CE,40.885788,13.878206,12.0,692.0,-14502.5
PF51/0191/I676,CE,40.890956,13.879774,12.0,1264.0,-14363.0
PF01/0192/I676,CE,40.894773,13.883222,50.0,1683.979,-14067.148
PF03/0192/I676,CE,40.894454,13.885876,50.0,1645.764,-13844.037
PF02/0193/I676,CE,40.889708,13.886704,10.0,1118.0,-13781.0
PF05/0193/I676,CE,40.887881,13.888242,10.0,913.5,-13654.0
PF08/0193/I676,CE,40.887244,13.893548,50.0,837.143,-13207.883
PF09/0193/I676,CE,40.888687,13.894836,50.0,996.015,-13097.286
PF11/0193/I676,CE,40.885075,13.88637,50.0,604.045,-13815.682
PF12/0193/I676,CE,40.889059,13.885701,50.0,1046.997,-13866.37
PF13/0193/I676,CE,40.888566,13.889569,50.0,988.109,-13541.205
PF01/0194/I676,CE,40.896977,13.900111,50.0,1910.658,-12641.335
PF02/0194/I676,CE,40.895593,13.901444,50.0,1755.648,-12530.986
PF03/0194/I676,CE,40.89322,13.904836,50.0,1488.569,-12248.524
PF04/0194/I676,CE,40.894774,13.898805,52.0,1667.517,-12754.464
PF06/0194/I676,CE,40.891936,13.903712,10.0,1347.2,-12345.0
PF08/0194/I676,CE,40.889283,13.905359,10.0,1051.0,-12210.0
PF12/0194/I676,CE,40.892526,13.899814,50.0,1416.856,-12672.547
PF13/0194/I676,CE,40.8902,13.906073,12.0,1152.0,-12148.5
PF14/0194/I676,CE,40.889473,13.902602,12.0,1075.0,-12442.0
PF15/0194/I676,CE,40.888239,13.905423,12.0,935.0,-12206.0
PF16/0194/I676,CE,40.890029,13.899885,50.0,1139.568,-12670.124
PF17/0194/I676,CE,40.892566,13.896907,50.0,1424.382,-12917.398
PF01/0195/I676,CE,40.890471,13.909968,12.0,1178.0,-11820.0
PF03/0196/I676,CE,40.882657,13.81189,50.0,418.084,-20094.357
PF06/0196/I676,CE,40.885966,13.830143,9.0,764.7,-18551.52
PF08/0196/I676,CE,40.876288,13.820045,50.0,-298.171,-19416.786
PF09/0196/I676,CE,41.181928,13.818491,50.0,4559634.27,2420911.74
PF10/0196/I676,CE,40.881153,13.820156,50.0,241.798,-19400.149
PF11/0196/I676,CE,40.890064,13.829076,50.0,1220.849,-18635.361
PF02/0197/I676,CE,40.859475,13.838215,50.0,-2185.121,-17910.492
PF03/0197/I676,CE,40.858768,13.833033,50.0,-2257.834,-18348.318
PF05/0197/I676,CE,40.856573,13.834961,50.0,-2503.617,-18189.059
PF06/0197/I676,CE,40.864585,13.828364,50.0,-1606.827,-18733.161
PF08/0197/I676,CE,40.866011,13.831179,32.0,-1451.722,-18493.821
PF11/0197/I676,CE,40.884123,13.829991,70.0,560.369,-18567.091
PF12/0197/I676,CE,40.878739,13.834617,50.0,-42.571,-18185.319
PF16/0197/I676,CE,40.878301,13.836582,9.0,-93.411,-18020.34
PF17/0197/I676,CE,40.873763,13.83546,9.0,-595.914,-18121.575
PF18/0197/I676,CE,40.874405,13.837414,9.0,-526.8,-17956.03
PF22/0197/I676,CE,40.867997,13.843603,50.0,-1245.055,-17443.903
PF28/0197/I676,CE,40.890675,13.836498,50.0,1280.384,-18009.193
PF29/0197/I676,CE,40.861878,13.827395,50.0,-1906.268,-18818.897
PF30/0197/I676,CE,40.86059,13.830331,50.0,-2052.468,-18573.315
PF31/0197/I676,CE,40.86221,13.830771,50.0,-1873.115,-18533.832
PF35/0197/I676,CE,40.862034,13.836392,50.0,-1899.024,-18060.358
PF37/0197/I676,CE,40.871614,13.836822,12.0,-836.0,-18010.0
PF38/0197/I676,CE,40.869057,13.842325,12.0,-1126.0,-17550.0
PF40/0197/I676,CE,40.883827,13.8248,70.0,533.319,-19004.905
PF41/0197/I676,CE,40.877144,13.825071,70.0,-208.847,-18992.027
PF43/0197/I676,CE,40.876079,13.838723,50.0,-342.459,-17843.203
PF44/0197/I676,CE,40.857033,13.830609,50.0,-2447.682,-18555.223
PF45/0197/I676,CE,41.159292,13.840044,12.0,4557097.0,2422686.0
PF46/0197/I676,CE,40.854253,13.837458,12.0,-2764.0,-17982.0
PF01/0198/I676,CE,40.880318,13.839685,9.0,127.0,-17755.94
PF02/0198/I676,CE,40.885091,13.836232,50.0,660.82,-18039.822
PF01/0199/I676,CE,40.873577,13.843113,50.0,-625.149,-17477.037
PF02/0200/I676,CE,40.884805,13.849521,50.0,614.21,-16920.646
PF03/0200/I676,CE,40.884841,13.845202,50.0,623.0,-17284.5
PF04/0200/I676,CE,40.882505,13.844952,50.0,363.998,-17308.924
PF08/0200/I676,CE,40.876611,13.850988,12.0,-297.0,-16809.0
PF11/0200/I676,CE,40.881175,13.848867,12.0,212.0,-16981.0
PF01/0201/I676,CE,40.883712,13.854947,50.0,486.903,-16465.097
PF02/0201/I676,CE,40.881528,13.85294,50.0,246.695,-16637.341
PF03/0201/I676,CE,40.882989,13.847982,50.0,414.308,-17052.949
PF01/0202/I676,CE,40.877421,13.859021,50.0,-216.0,-16130.901
PF02/0202/I676,CE,40.882601,13.86163,50.0,356.232,-15903.596
PF02/0203/I676,CE,40.877944,13.863516,50.0,-162.885,-15751.453
PF03/0203/I676,CE,40.87659,13.861572,50.0,-310.972,-15917.157
PF07/0203/I676,CE,40.882909,13.869609,50.0,381.636,-15230.935
PF08/0203/I676,CE,40.881556,13.865543,50.0,235.925,-15575.384
PF09/0203/I676,CE,40.87959,13.866614,50.0,16.449,-15488.003
PF02/0204/I676,CE,40.883475,13.883521,50.0,429.504,-14057.98
PF03/0204/I676,CE,40.883707,13.878593,10.0,460.5,-14472.8
PF06/0204/I676,CE,40.882304,13.878464,52.0,304.928,-14485.654
PF09/0204/I676,CE,40.884524,13.87419,50.0,555.94,-14842.654
PF10/0204/I676,CE,40.880724,13.876987,50.0,131.153,-14612.377
PF11/0204/I676,CE,40.881716,13.880889,50.0,237.009,-14282.169
PF04/0205/I676,CE,40.885838,13.889612,50.0,685.252,-13541.418
PF06/0205/I676,CE,40.883954,13.888399,50.0,477.386,-13646.313
PF07/0205/I676,CE,40.885293,13.896395,50.0,617.541,-12970.709
PF08/0205/I676,CE,40.883633,13.89096,12.0,439.0,-13431.0
PF54/0205/I676,CE,40.883779,13.894366,12.0,451.657,-13143.787
PF06/0206/I676,CE,40.87568,13.855343,50.0,-405.189,-16443.367
PF07/0206/I676,CE,40.878477,13.856569,50.0,-96.0,-16336.0
PF08/0206/I676,CE,40.871231,13.843521,50.0,-885.972,-17446.068
PF03/0207/I676,CE,40.868932,13.853597,50.0,-1152.334,-16600.266
PF05/0207/I676,CE,40.870985,13.854464,70.0,-925.401,-16524.275
PF07/0207/I676,CE,40.871993,13.860055,50.0,-819.675,-16051.614
PF02/0208/I676,CE,40.879552,13.869617,10.0,9.0,-15235.0
PF03/0208/I676,CE,40.877017,13.86104,50.0,-263.062,-15961.385
PF04/0208/I676,CE,40.880358,13.872042,50.0,95.896,-15029.549
PF01/0209/I676,CE,40.883506,13.884113,50.0,432.231,-14008.073
PF04/0209/I676,CE,40.878537,13.877107,50.0,-111.771,-14605.368
PF05/0209/I676,CE,40.876604,13.873467,50.0,-322.393,-14914.847
PF06/0209/I676,CE,40.882183,13.885891,50.0,283.49,-13860.134
PF07/0209/I676,CE,40.881399,13.885876,12.0,196.5,-13862.5
PF08/0209/I676,CE,40.884822,13.885681,50.0,576.691,-13874.042
PF06/0210/I676,CE,40.870929,13.881391,10.0,-961.0,-14255.2
PF08/0210/I676,CE,40.875015,13.883853,12.0,-510.0,-14042.0
PF11/0210/I676,CE,40.875234,13.880663,50.0,-482.302,-14310.453
PF12/0210/I676,CE,40.877291,13.88485,50.0,-258.436,-13954.713
PF13/0210/I676,CE,40.87466,13.884198,50.0,-549.837,-14013.362
PF14/0210/I676,CE,40.873194,13.88105,50.0,-709.2,-14280.738
PF15/0210/I676,CE,40.879149,13.882822,50.0,-50.0,-14123.0
PF08/0211/I676,CE,40.878871,13.895086,12.0,-94.0,-13090.0
PF09/0211/I676,CE,40.882974,14.208347,50.0,75.5,13309.0
PF11/0211/I676,CE,40.878894,13.887158,12.0,-83.0,-13758.0
PF12/0211/I676,CE,40.873117,13.889394,50.0,-726.654,-13577.747
PF13/0211/I676,CE,40.874169,13.892142,50.0,-612.803,-13344.686
PF14/0211/I676,CE,40.877891,13.890822,50.0,-198.207,-13450.705
PF02/0213/I676,CE,40.863494,13.848118,50.0,-1750.0,-17070.0
PF03/0213/I676,CE,40.877375,13.846189,50.0,-206.869,-17212.204
PF04/0213/I676,CE,40.910483,13.845746,50.0,3468.944,-17201.041
PF06/0213/I676,CE,40.86022,13.842563,50.0,-2107.239,-17542.988
PF07/0213/I676,CE,40.866559,13.848205,50.0,-1409.858,-17058.181
PF08/0213/I676,CE,40.870351,13.846468,50.0,-987.016,-17199.019
PF04/0214/I676,CE,40.860393,13.851527,9.0,-2098.0,-16787.187
PF05/0214/I676,CE,40.861764,13.854505,50.0,-1949.115,-16534.175
PF06/0214/I676,CE,40.864502,13.852579,12.0,-1643.1,-16692.5
PF07/0214/I676,CE,40.864565,13.852399,50.0,-1635.822,-16707.61
PF02/0215/I676,CE,40.866054,13.858339,50.0,-1477.142,-16204.838
PF03/0215/I676,CE,40.868349,13.859329,50.0,-1223.375,-16118.091
PF04/0215/I676,CE,40.866639,13.861942,50.0,-1416.152,-15900.384
PF06/0215/I676,CE,40.866752,13.858556,50.0,-1399.845,-16185.527
PF07/0215/I676,CE,40.868623,13.856689,50.0,-1190.153,-16340.141
PF08/0215/I676,CE,40.864673,13.856107,12.0,-1628.0,-16395.0
PF01/0216/I676,CE,40.875045,13.866792,70.0,-488.255,-15479.581
PF07/0216/I676,CE,40.872738,13.871625,50.0,-749.623,-15075.641
PF08/0216/I676,CE,40.874043,13.866349,50.0,-599.049,-15518.306
PF11/0216/I676,CE,40.869159,13.867344,50.0,-1142.226,-15441.466
PF12/0216/I676,CE,40.871018,13.86321,50.0,-931.402,-15787.171
PF13/0216/I676,CE,40.872739,13.868392,12.0,-746.0,-15348.0
PF01/0217/I676,CE,40.874614,13.87589,9.0,-546.0,-14713.5
PF02/0217/I676,CE,40.872348,13.874069,50.0,-795.589,-14870.17
PF04/0217/I676,CE,40.870624,13.878577,9.0,-991.826,-14492.756
PF08/0217/I676,CE,40.868421,13.875838,50.0,-1233.413,-14726.7
PF09/0217/I676,CE,40.867615,13.865551,50.0,-1311.687,-15594.781
PF10/0217/I676,CE,40.867763,13.868665,50.0,-1298.687,-15332.193
PF11/0217/I676,CE,40.869376,13.872698,12.0,-1124.0,-14990.0
PF04/0218/I676,CE,40.860529,13.849483,50.0,-2080.669,-16959.251
PF05/0218/I676,CE,40.858845,13.844544,50.0,-2262.1,-17378.0
PF07/0218/I676,CE,40.860296,13.846392,12.0,-2103.1,-17220.1
PF09/0218/I676,CE,40.85864,13.848787,50.0,-2289.577,-17020.661
PF10/0218/I676,CE,40.854009,13.841601,50.0,-2795.766,-17633.147
PF11/0218/I676,CE,40.85619,13.844847,50.0,-2557.245,-17356.359
PF01/0219/I676,CE,40.859869,13.85714,50.0,-2162.353,-16314.849
PF02/0219/I676,CE,40.859887,13.861352,10.0,-2165.0,-15959.8
PF04/0219/I676,CE,40.857417,13.859412,50.0,-2437.118,-16126.912
PF05/0219/I676,CE,40.857384,13.865112,10.0,-2447.0,-15646.5
PF06/0219/I676,CE,40.854577,13.85819,10.0,-2751.0,-16234.0
PF09/0219/I676,CE,40.857389,13.857029,50.0,-2437.624,-16327.843
PF10/0219/I676,CE,40.858256,13.852651,50.0,-2336.528,-16695.584
PF11/0219/I676,CE,40.855446,13.863111,12.0,-2660.0,-15818.0
PF01/0220/I676,CE,40.865304,13.98068,50.0,-1687.662,-5895.516
PF03/0220/I676,CE,40.863124,13.981893,50.0,-1930.778,-5796.054
PF04/0220/I676,CE,40.861229,13.866151,10.0,-2021.333,-15553.428
PF05/0220/I676,CE,40.864162,13.862037,50.0,-1691.195,-15895.891
PF07/0220/I676,CE,40.864619,13.8704,50.0,-1649.587,-15190.426
PF08/0220/I676,CE,40.863847,13.866077,50.0,-1730.577,-15555.889
PF09/0220/I676,CE,40.863835,13.874465,12.0,-1741.0,-14849.0
PF10/0220/I676,CE,40.861286,13.873752,50.0,-2023.259,-14912.688
PF11/0220/I676,CE,40.863429,13.85922,50.0,-1769.523,-16134.414
PF05/0223/I676,CE,40.853128,13.833281,50.0,-2884.188,-18335.791
PF15/0223/I676,CE,40.83978,13.844021,9.0,-4378.0,-17450.0
PF16/0223/I676,CE,41.140933,13.853128,9.0,4555044.29,2423756.88
PF19/0223/I676,CE,40.844347,13.840061,50.0,-3866.632,-17777.193
PF20/0223/I676,CE,41.143685,13.851052,50.0,4555352.04,2423586.68
PF22/0223/I676,CE,41.146678,13.848161,12.0,4555687.58,2423348.48
PF23/0223/I676,CE,41.153055,13.843312,50.0,4556400.96,2422950.96
PF24/0223/I676,CE,41.156534,13.84076,12.0,4556790.0,2422742.0
PF01/0224/I676,CE,40.839575,13.843616,50.0,-4400.252,-17484.445
PF08/0224/I676,CE,40.842103,13.843799,50.0,-4119.88,-17465.289
PF13/0224/I676,CE,40.849114,13.843313,9.0,-3341.0,-17496.0
PF14/0224/I676,CE,40.845842,13.839787,50.0,-3700.326,-17798.101
PF15/0224/I676,CE,40.846646,13.842372,50.0,-3614.0,-17579.0
PF16/0224/I676,CE,40.847724,13.846647,12.0,-3499.0,-17217.0
PF18/0224/I676,CE,40.843738,13.845234,12.0,-3940.0,-17342.0
PF19/0224/I676,CE,40.850335,13.839375,10.0,-3201.091,-17826.153
PF05/0225/I676,CE,40.852363,13.853767,50.0,-2991.883,-16610.049
PF06/0225/I676,CE,40.854226,13.855895,50.0,-2787.453,-16427.982
PF08/0225/I676,CE,40.856425,13.849764,50.0,-2536.554,-16941.552
PF10/0225/I676,CE,40.853752,13.850298,50.0,-2833.925,-16900.456
PF11/0225/I676,CE,40.854597,13.843941,50.0,-2733.016,-17435.056
PF12/0225/I676,CE,40.852781,13.842478,12.0,-2933.0,-17561.0
PF13/0225/I676,CE,40.850999,13.846187,12.0,-3135.0,-17251.0
PF01/0226/I676,CE,40.852016,13.857318,50.0,-3034.415,-16311.276
PF01/0001/I885,CE,40.990455,14.08589,50.0,12107.699,3116.446
PF02/0001/I885,CE,40.989657,14.082504,50.0,12022.144,2830.677
PF03/0001/I885,CE,40.992729,14.084403,50.0,12361.5,2994.0
PF01/0002/I885,CE,40.992368,14.09055,50.0,12315.981,3510.598
PF02/0002/I885,CE,40.993245,14.094619,50.0,12409.775,3853.877
PF03/0002/I885,CE,40.990141,14.09048,50.0,12068.861,3502.2
PF04/0002/I885,CE,40.988867,14.095234,50.0,11923.323,3900.56
PF05/0002/I885,CE,40.990012,14.100029,50.0,12046.25,4305.261
PF07/0002/I885,CE,40.986805,14.087312,50.0,11701.289,3231.782
PF09/0002/I885,CE,40.989316,14.098161,50.0,11970.596,4147.304
PF10/0002/I885,CE,40.98817,14.093794,50.0,11847.152,3778.623
PF11/0002/I885,CE,40.986292,14.092879,50.0,11639.448,3699.513
PF12/0002/I885,CE,40.993004,14.087616,50.0,12389.257,3264.592
PF14/0002/I885,CE,40.990782,14.09802,50.0,12133.425,4137.151
PF15/0002/I885,CE,40.993376,14.09928,50.0,12420.3,4246.118
PF01/0003/I885,CE,40.990463,14.073401,50.0,12119.746,2065.9
PF05/0003/I885,CE,40.988134,14.08132,50.0,11854.148,2729.294
PF07/0003/I885,CE,40.984465,14.084555,10.0,11444.0,2997.2
PF10/0003/I885,CE,40.986615,14.083682,50.0,11683.361,2926.255
PF11/0003/I885,CE,40.988976,14.078503,50.0,11950.079,2493.351
PF12/0003/I885,CE,40.986096,14.08119,12.0,11628.0,2716.0
PF01/0004/I885,CE,40.986401,14.073005,50.0,11669.134,2027.848
PF05/0004/I885,CE,40.988189,14.073161,12.0,11867.5,2043.0
PF06/0004/I885,CE,40.985609,14.070397,12.0,11583.5,1807.5
PF08/0004/I885,CE,40.983687,14.075529,50.0,11365.63,2236.924
PF01/0005/I885,CE,40.975444,14.08883,50.0,10438.774,3346.326
PF04/0005/I885,CE,40.975693,14.086988,50.0,10468.006,3191.634
PF05/0005/I885,CE,40.978637,14.086325,70.0,10795.363,3139.316
PF06/0005/I885,CE,40.979651,14.090816,50.0,10903.998,3518.279
PF07/0005/I885,CE,40.977078,14.091127,70.0,10618.103,3541.467
PF08/0005/I885,CE,40.974772,14.082293,50.0,10369.866,2795.58
PF02/0006/I885,CE,40.978033,14.078087,50.0,10735.606,2445.506
PF04/0006/I885,CE,40.980471,14.079527,50.0,11005.0,2569.5
PF05/0006/I885,CE,40.978986,14.081597,50.0,10838.32,2741.967
PF06/0006/I885,CE,40.979251,14.083834,50.0,10865.76,2930.441
PF02/0007/I885,CE,40.984847,14.091026,50.0,11480.627,3541.968
PF03/0007/I885,CE,40.981554,14.087871,50.0,11117.866,3272.709
PF04/0007/I885,CE,40.982274,14.091158,50.0,11194.943,3550.091
PF05/0007/I885,CE,40.983009,14.095663,50.0,11272.541,3929.94
PF06/0007/I885,CE,40.982493,14.1014,50.0,11210.293,4411.978
PF07/0007/I885,CE,40.984491,14.103741,10.0,11430.1,4611.2
PF08/0007/I885,CE,40.980612,14.095666,50.0,11006.455,3927.412
PF10/0007/I885,CE,40.984793,14.093675,50.0,11472.379,3764.737
PF12/0007/I885,CE,40.979497,14.087329,70.0,10890.034,3224.766
PF02/0008/I885,CE,40.974141,14.106185,50.0,10278.997,4805.031
PF03/0008/I885,CE,40.973519,14.103783,50.0,10212.059,4602.224
PF04/0008/I885,CE,40.979428,14.099764,50.0,10871.434,4270.867
PF05/0008/I885,CE,40.978424,14.098688,50.0,10760.918,4179.171
PF06/0008/I885,CE,40.977139,14.100227,50.0,10616.922,4307.222
PF07/0008/I885,CE,40.978926,14.106107,50.0,10810.295,4803.891
PF09/0008/I885,CE,40.977774,14.109875,50.0,10679.103,5119.646
PF11/0008/I885,CE,40.976505,14.104862,50.0,10542.529,4696.409
PF13/0008/I885,CE,40.981135,14.106063,50.0,11055.498,4802.722
PF14/0008/I885,CE,40.97943,14.109857,12.0,10863.0,5120.0
PF15/0008/I885,CE,40.975488,14.100126,50.0,10433.77,4296.794
PF01/0009/I885,CE,40.975623,14.06826,50.0,10476.837,1615.879
PF05/0009/I885,CE,40.977155,14.075949,50.0,10640.066,2264.619
PF06/0009/I885,CE,40.977914,14.073096,50.0,10726.882,2025.469
PF08/0009/I885,CE,40.973848,14.070307,50.0,10277.94,1786.01
PF09/0009/I885,CE,40.978634,14.068903,50.0,10810.579,1673.508
PF11/0009/I885,CE,40.975536,14.072658,50.0,10463.299,1985.824
PF01/0010/I885,CE,40.973238,14.075203,50.0,10205.892,2197.224
PF03/0010/I885,CE,40.973526,14.082053,50.0,10231.739,2773.936
PF05/0010/I885,CE,40.972674,14.089118,50.0,10131.039,3367.341
PF08/0010/I885,CE,40.968455,14.089291,50.0,9662.523,3377.073
PF11/0010/I885,CE,40.963945,14.099752,50.0,9152.63,4252.111
PF14/0010/I885,CE,40.970906,14.193583,50.0,9848.296,12155.138
PF15/0010/I885,CE,40.965294,14.106757,50.0,9296.339,4843.109
PF17/0010/I885,CE,40.97135,14.077633,50.0,9994.177,2399.497
PF18/0010/I885,CE,40.968331,14.097932,50.0,9641.157,4104.008
PF20/0010/I885,CE,40.970356,14.087319,50.0,9875.289,3213.357
PF01/0011/I885,CE,40.971805,14.107514,50.0,10018.516,4914.199
PF08/0011/I885,CE,40.96505,14.100418,50.0,9274.821,4309.426
PF11/0011/I885,CE,40.974252,14.102518,50.0,10294.545,4496.608
PF12/0011/I885,CE,40.971267,14.093495,12.0,9971.0,3734.0
PF14/0011/I885,CE,40.968386,14.093641,12.0,9651.0,3743.0
PF01/0012/I885,CE,40.955156,14.181695,50.0,8109.129,11138.537
PF02/0012/I885,CE,40.964195,14.093661,50.0,9185.685,3739.846
PF04/0012/I885,CE,40.968399,14.101489,50.0,9645.608,4403.362
PF05/0012/I885,CE,40.96988,14.102982,50.0,9808.704,4530.717
PF06/0012/I885,CE,40.966945,14.105258,50.0,9480.904,4718.847
PF08/0012/I885,CE,40.961303,14.177061,50.0,8795.246,10754.937
PF09/0012/I885,CE,40.958516,14.085572,50.0,8562.433,3052.56
PF10/0012/I885,CE,40.934206,14.090221,50.0,5859.619,3415.686
PF12/0012/I885,CE,40.961641,14.091642,12.0,8904.0,3567.0
PF01/0013/I885,CE,40.962111,14.099794,50.0,8949.049,4253.568
PF03/0013/I885,CE,40.960065,14.095114,50.0,8725.995,3857.347
PF04/0013/I885,CE,40.95605,14.093075,70.0,8282.004,3681.186
PF05/0013/I885,CE,40.959804,14.103134,50.0,8690.0,4532.0
PF01/0014/I885,CE,40.953395,14.077779,50.0,8000.794,2390.745
PF02/0014/I885,CE,40.952155,14.190421,50.0,7769.213,11869.836
PF03/0014/I885,CE,40.951923,14.188826,50.0,7744.679,11735.328
PF05/0014/I885,CE,40.956885,14.081346,12.0,8385.0,2695.0
PF07/0014/I885,CE,40.930464,14.091464,50.0,5443.068,3516.01
PF02/0015/I885,CE,40.953284,14.101648,50.0,7967.5,4399.5
PF03/0015/I885,CE,40.952785,14.093828,70.0,7918.979,3740.746
PF04/0015/I885,CE,40.951145,14.099473,50.0,7731.933,4214.015
PF02/0016/I885,CE,40.948391,14.095198,12.0,7430.0,3851.0
PF05/0016/I885,CE,40.945903,14.096002,50.0,7152.996,3915.805
PF07/0016/I885,CE,40.947975,14.092025,50.0,7386.483,3583.439
PF08/0016/I885,CE,40.948158,14.088025,70.0,7410.353,3247.027
PF09/0016/I885,CE,40.950789,14.093647,50.0,7697.496,3723.236
PF01/0017/I885,CE,40.946132,14.073008,50.0,7198.704,1980.601
PF02/0017/I885,CE,40.946881,14.067189,50.0,7287.049,1491.728
PF03/0017/I885,CE,40.945055,14.069607,50.0,7082.249,1693.108
PF05/0017/I885,CE,40.948937,14.07399,50.0,7509.24,2066.555
PF06/0017/I885,CE,40.945627,14.082973,50.0,7133.863,2818.794
PF07/0017/I885,CE,40.947923,14.082121,50.0,7389.522,2749.772
PF08/0017/I885,CE,40.947658,14.084937,50.0,7357.527,2986.511
PF09/0017/I885,CE,40.942474,14.072999,50.0,6792.692,1975.553
PF02/0018/I885,CE,40.939294,14.091201,12.0,6423.542,3504.121
PF04/0018/I885,CE,40.938483,14.087411,12.0,6336.898,3184.142
PF06/0018/I885,CE,40.940391,14.094714,50.0,6542.299,3801.126
PF07/0018/I885,CE,40.942119,14.088133,50.0,6739.871,3249.132
PF01/0019/I885,CE,40.935817,14.08278,50.0,6044.983,2791.171
PF04/0019/I885,CE,40.934288,14.067093,50.0,5889.22,1468.732
PF06/0019/I885,CE,40.941227,14.08076,50.0,6647.306,2627.37
PF07/0019/I885,CE,40.937029,14.076632,50.0,6185.001,2274.998
PF08/0019/I885,CE,40.939012,14.071617,50.0,6409.619,1855.137
PF09/0019/I885,CE,40.899666,14.123049,12.0,1997.0,6141.0
PF11/0019/I885,CE,40.941174,14.068876,50.0,6652.0,1627.0
PF13/0019/I885,CE,40.93965,14.07615,12.0,6476.36,2237.5
PF02/0020/I885,CE,40.930475,14.072917,50.0,5460.74,1954.536
PF03/0020/I885,CE,40.929553,14.066557,50.0,5364.0,1418.0
PF06/0020/I885,CE,40.925114,14.063461,12.0,4874.0,1152.0
PF04/0001/I993,CE,40.942884,14.144041,50.0,6777.194,7956.141
PF07/0001/I993,CE,40.934207,14.112225,50.0,5840.606,5268.195
PF08/0001/I993,CE,40.945619,14.136549,50.0,7086.951,7328.537
PF09/0001/I993,CE,40.931023,14.113568,50.0,5486.025,5377.634
PF12/0001/I993,CE,40.931635,14.110738,50.0,5556.353,5140.061
PF13/0001/I993,CE,40.92994,14.104676,20.0,5373.437,4627.772
PF04/0002/I993,CE,40.922791,14.111583,50.0,4573.849,5201.299
PF07/0002/I993,CE,40.926535,14.104964,50.0,4995.194,4648.221
PF08/0002/I993,CE,40.927358,14.116026,50.0,5077.1,5580.5
PF13/0002/I993,CE,40.916731,14.114234,50.0,3898.844,5417.656
PF16/0002/I993,CE,40.923783,14.102327,12.0,4692.0,4423.0
PF18/0002/I993,CE,40.926331,14.111143,20.0,4967.291,5168.179
PF04/0003/I993,CE,40.913135,14.106817,50.0,3506.0,4789.0
PF05/0003/I993,CE,40.914498,14.11246,50.0,3652.548,5265.779
PF06/0003/I993,CE,40.950066,14.083359,50.0,7626.261,2856.475
PF08/0003/I993,CE,40.91652,14.108192,50.0,3880.669,4908.674
PF10/0003/I993,CE,40.909108,14.100464,50.0,3064.438,4249.378
PF11/0003/I993,CE,40.999631,14.076939,50.0,13134.296,2374.26
PF13/0003/I993,CE,40.915071,14.10215,20.0,3725.012,4398.172
PF01/0004/I993,CE,40.900253,14.114158,50.0,2069.672,5392.778
PF02/0004/I993,CE,40.907673,14.091555,50.0,2912.952,3497.39
PF04/0004/I993,CE,40.89716,14.1076,50.0,1731.907,4836.838
PF07/0004/I993,CE,40.896581,14.113163,50.0,1662.935,5304.836
PF10/0004/I993,CE,40.898724,14.095185,50.0,1916.301,3792.866
PF16/0004/I993,CE,40.902594,14.090129,20.0,2350.319,3371.44
PF02/0005/I993,CE,40.895505,14.092031,50.0,1561.684,3523.474
PF05/0005/I993,CE,40.950614,14.089313,50.0,7681.919,3358.269
PF06/0005/I993,CE,40.999357,14.078676,50.0,13102.346,2520.073
PF07/0005/I993,CE,40.994676,14.071406,50.0,12589.158,1903.097
PF09/0005/I993,CE,40.893302,14.089827,20.0,1319.077,3335.306
PF02/0006/I993,CE,40.947347,14.08654,50.0,7321.624,3121.059
PF07/0006/I993,CE,40.938387,14.109494,50.0,6307.066,5043.022
PF09/0006/I993,CE,40.981494,14.07499,50.0,11122.565,2189.033
PF13/0006/I993,CE,40.98909,14.08574,50.0,11956.392,3102.261
PF15/0006/I993,CE,40.939787,14.097723,50.0,6472.614,4053.659
PF17/0006/I993,CE,40.896899,14.104151,12.0,1706.0,4546.0
PF18/0006/I993,CE,40.896734,14.097284,21.0,1693.555,3967.368
PF02/0007/I993,CE,40.994287,14.094873,50.0,12525.291,3876.443
PF05/0007/I993,CE,40.915605,14.088321,50.0,3796.289,3234.261
PF10/0007/I993,CE,40.889449,14.106649,20.0,876.792,4748.022
PF01/0001/L083,CE,40.987089,14.138185,50.0,11689.346,7511.658
PF02/0001/L083,CE,40.982416,14.040552,50.0,11256.218,-707.054
PF03/0001/L083,CE,40.984807,14.040197,12.0,11522.0,-734.0
PF05/0001/L083,CE,40.987053,14.036805,50.0,11774.434,-1016.568
PF06/0001/L083,CE,40.981916,14.029434,12.0,11211.0,-1643.0
PF07/0001/L083,CE,40.987439,14.038281,12.0,11816.0,-892.0
PF08/0001/L083,CE,40.985925,14.029565,12.0,11656.0,-1627.0
PF09/0001/L083,CE,40.981482,14.035681,12.0,11157.0,-1118.0
PF08/0002/L083,CE,40.983893,14.047359,50.0,11413.901,-132.583
PF09/0002/L083,CE,40.984126,14.049289,10.0,11438.0,30.0
PF11/0002/L083,CE,40.981605,14.04496,50.0,11162.108,-337.176
PF12/0002/L083,CE,40.982407,14.048817,50.0,11247.646,-11.766
PF13/0002/L083,CE,40.984548,14.044705,50.0,11489.084,-355.112
PF14/0002/L083,CE,40.988045,14.047197,50.0,11875.029,-141.212
PF15/0002/L083,CE,40.988402,14.050289,50.0,11911.779,119.271
PF16/0002/L083,CE,40.985913,14.048645,50.0,11637.0,-22.0
PF17/0002/L083,CE,40.989214,14.054565,12.0,11998.0,480.0
PF18/0002/L083,CE,40.996524,14.162249,50.0,12717.092,9545.982
PF02/0003/L083,CE,40.985649,14.060548,22.0,11596.798,978.963
PF03/0003/L083,CE,40.984432,14.063766,22.0,11458.803,1248.269
PF04/0003/L083,CE,40.985133,14.052211,50.0,11547.092,277.089
PF03/0004/L083,CE,40.981211,14.038891,12.0,11124.0,-848.3
PF05/0004/L083,CE,40.977676,14.040374,50.0,10730.156,-727.819
PF06/0004/L083,CE,40.977241,14.043323,50.0,10679.209,-480.242
PF07/0004/L083,CE,40.979472,14.025916,20.0,10943.017,-1942.007
PF08/0004/L083,CE,40.981085,14.024953,12.0,11123.0,-2021.0
PF10/0004/L083,CE,40.981523,14.043276,50.0,11154.526,-479.0
PF13/0004/L083,CE,40.975471,14.033141,12.0,10492.1,-1339.1
PF15/0004/L083,CE,40.976814,14.036646,50.0,10637.963,-1042.488
PF16/0004/L083,CE,40.979166,14.036654,12.0,10899.0,-1039.0
PF17/0004/L083,CE,40.979039,14.03013,50.0,10891.0,-1588.0
PF04/0005/L083,CE,40.979885,14.053029,50.0,10963.749,339.509
PF06/0005/L083,CE,40.979972,14.055743,50.0,10970.999,567.968
PF07/0005/L083,CE,40.977893,14.057708,50.0,10738.433,730.777
PF09/0005/L083,CE,40.980443,14.054686,50.0,11024.233,479.63
PF14/0005/L083,CE,40.980338,14.049465,50.0,11017.31,40.284
PF15/0005/L083,CE,40.98262,14.050825,50.0,11269.417,157.436
PF16/0005/L083,CE,40.979419,14.059927,50.0,10905.785,919.337
PF17/0005/L083,CE,40.977837,14.049073,50.0,10740.058,4.212
PF01/0006/L083,CE,40.981652,14.061021,50.0,11152.728,1014.044
PF06/0006/L083,CE,40.980688,14.0678,50.0,11039.557,1583.177
PF08/0006/L083,CE,40.977188,14.061097,50.0,10657.026,1015.056
PF09/0006/L083,CE,40.977418,14.065073,50.0,10679.031,1349.909
PF12/0006/L083,CE,40.977469,14.074008,50.0,10676.714,2101.677
PF15/0006/L083,CE,40.980957,14.064372,50.0,11072.529,1295.107
PF16/0006/L083,CE,40.982006,14.076901,50.0,11177.712,2350.352
PF17/0006/L083,CE,40.981675,14.07349,12.0,11144.0,2063.0
PF01/0007/L083,CE,40.97621,14.079818,50.0,10531.693,2589.044
PF05/0007/L083,CE,40.979828,14.080497,50.0,10932.736,2650.392
PF06/0007/L083,CE,40.979843,14.077143,50.0,10937.393,2368.218
PF07/0007/L083,CE,40.976322,14.085285,50.0,10539.285,3049.103
PF08/0007/L083,CE,40.977759,14.08252,50.0,10701.246,2818.177
PF01/0008/L083,CE,40.982846,14.095957,50.0,11254.281,3954.529
PF02/0008/L083,CE,40.981151,14.096542,50.0,11065.537,4001.728
PF04/0008/L083,CE,40.982218,14.093406,50.0,11186.739,3739.16
PF10/0008/L083,CE,40.985052,14.092622,12.0,11502.0,3676.5
PF11/0008/L083,CE,40.985217,14.087384,12.0,11525.0,3236.0
PF12/0008/L083,CE,40.98312,14.08584,50.0,11293.498,3103.668
PF14/0008/L083,CE,40.97978,14.085069,50.0,10923.447,3034.979
PF15/0008/L083,CE,40.983842,14.090018,12.0,11370.0,3456.0
PF01/0009/L083,CE,40.989526,14.102703,12.0,11990.0,4529.6
PF02/0009/L083,CE,40.990299,14.103107,32.0,12075.365,4564.467
PF03/0009/L083,CE,40.990242,14.104293,32.0,12068.023,4664.167
PF04/0009/L083,CE,40.989133,14.104205,32.0,11945.025,4655.532
PF05/0009/L083,CE,40.987672,14.102917,50.0,11784.0,4545.5
PF06/0009/L083,CE,40.988256,14.107349,50.0,11844.99,4918.987
PF07/0009/L083,CE,40.985672,14.09936,50.0,11565.0,4244.0
PF08/0009/L083,CE,40.985839,14.111578,12.0,11573.0,5272.0
PF09/0009/L083,CE,40.985547,14.105791,50.0,11545.606,4784.824
PF02/0010/L083,CE,40.977299,14.093472,50.0,10640.64,3739.051
PF03/0010/L083,CE,40.977245,14.098517,50.0,10630.195,4163.461
PF04/0010/L083,CE,40.981095,14.097512,50.0,11058.524,4083.323
PF05/0010/L083,CE,40.980114,14.102012,50.0,10945.697,4460.769
PF06/0010/L083,CE,40.983351,14.101413,50.0,11305.559,4414.049
PF07/0010/L083,CE,40.975655,14.090561,50.0,10460.645,3492.213
PF09/0010/L083,CE,40.975018,14.085763,50.0,10394.152,3087.805
PF10/0010/L083,CE,40.979476,14.090814,50.0,10884.563,3517.903
PF11/0010/L083,CE,40.979779,14.093823,50.0,10915.655,3771.422
PF02/0011/L083,CE,40.983987,14.10984,50.0,11368.927,5123.684
PF04/0011/L083,CE,40.978898,14.112941,50.0,10801.294,5378.882
PF05/0011/L083,CE,40.973075,14.103755,50.0,10162.742,4599.413
PF06/0011/L083,CE,40.97573,14.102003,50.0,10459.0,4455.0
PF07/0011/L083,CE,40.982264,14.112898,50.0,11175.0,5379.0
PF09/0011/L083,CE,40.982943,14.106938,50.0,11255.449,4878.371
PF10/0011/L083,CE,40.977552,14.105184,50.0,10658.493,4724.675
PF11/0011/L083,CE,40.979401,14.109572,12.0,10860.0,5096.0
PF15/0011/L083,CE,40.97676,14.110547,12.0,10566.0,5175.0
PF02/0012/L083,CE,40.976406,14.021361,10.0,10607.0,-2329.0
PF03/0012/L083,CE,40.976028,14.024481,10.0,10562.0,-2067.0
PF05/0012/L083,CE,40.974998,14.014949,50.0,10456.657,-2870.256
PF08/0012/L083,CE,40.973603,14.023304,10.0,10294.0,-2169.0
PF10/0012/L083,CE,40.971283,14.026898,10.0,10033.0,-1869.5
PF11/0012/L083,CE,40.970919,14.024973,50.0,9994.472,-2031.934
PF12/0012/L083,CE,40.970244,14.030082,50.0,9914.684,-1602.899
PF13/0012/L083,CE,40.970752,14.027569,50.0,9973.446,-1813.727
PF14/0012/L083,CE,40.975977,14.018599,50.0,10561.972,-2561.933
PF15/0012/L083,CE,40.973211,14.020049,50.0,10253.501,-2443.424
PF16/0012/L083,CE,40.977613,14.013261,50.0,10748.596,-3008.971
PF17/0012/L083,CE,40.97459,14.028127,12.0,10399.0,-1762.0
PF04/0013/L083,CE,40.971437,14.030546,50.0,10046.716,-1562.369
PF05/0013/L083,CE,40.971171,14.03444,50.0,10013.53,-1235.027
PF07/0013/L083,CE,40.977779,14.025793,50.0,10755.219,-1954.41
PF09/0013/L083,CE,40.975521,14.039041,50.0,10492.219,-842.582
PF10/0013/L083,CE,40.974713,14.034728,50.0,10406.485,-1206.432
PF01/0014/L083,CE,40.975704,14.042511,50.0,10509.297,-550.432
PF02/0014/L083,CE,40.976588,14.046287,50.0,10603.935,-231.669
PF04/0014/L083,CE,40.975646,14.054336,50.0,10492.021,444.418
PF05/0014/L083,CE,40.974097,14.044052,50.0,10329.526,-422.725
PF06/0014/L083,CE,40.973395,14.047264,50.0,10248.573,-153.296
PF07/0014/L083,CE,40.973279,14.053462,10.0,10230.0,368.0
PF08/0014/L083,CE,40.972023,14.038971,50.0,10103.953,-852.725
PF11/0014/L083,CE,40.968913,14.050595,10.0,9748.0,121.5
PF12/0014/L083,CE,40.969961,14.042154,50.0,9872.065,-587.47
PF13/0014/L083,CE,40.973502,14.041706,50.0,10265.535,-620.828
PF14/0014/L083,CE,40.97166,14.044999,50.0,10058.038,-346.015
PF15/0014/L083,CE,40.975234,14.051318,50.0,10449.0,190.0
PF16/0014/L083,CE,40.971281,14.0517,50.0,10009.871,217.384
PF04/0015/L083,CE,40.974607,14.067788,10.0,10364.5,1575.0
PF05/0015/L083,CE,40.972848,14.054778,50.0,10180.984,478.196
PF06/0015/L083,CE,40.973301,14.05823,50.0,10228.107,769.258
PF07/0015/L083,CE,40.971116,14.05499,10.0,9988.5,494.0
PF08/0015/L083,CE,40.971184,14.060634,10.0,9991.0,969.0
PF10/0015/L083,CE,40.976932,14.068171,50.0,10622.252,1609.942
PF11/0015/L083,CE,40.974205,14.071688,50.0,10316.387,1902.635
PF12/0015/L083,CE,40.975112,14.061012,50.0,10426.681,1005.466
PF13/0015/L083,CE,40.97455,14.064874,50.0,10360.751,1329.715
PF02/0016/L083,CE,40.973949,14.079532,50.0,10280.936,2562.318
PF04/0016/L083,CE,40.970913,14.074983,50.0,9948.0,2176.0
PF05/0016/L083,CE,40.970136,14.077509,50.0,9859.452,2387.6
PF06/0016/L083,CE,40.971462,14.070346,50.0,10013.071,1786.492
PF13/0016/L083,CE,40.973612,14.075149,50.0,10247.485,2193.147
PF14/0016/L083,CE,40.970178,14.081007,12.0,9861.0,2682.0
PF01/0017/L083,CE,40.963707,14.085806,50.0,9138.458,3078.277
PF02/0017/L083,CE,40.963937,14.088999,50.0,9161.172,3347.265
PF04/0017/L083,CE,40.973078,14.085665,50.0,10178.923,3077.274
PF05/0017/L083,CE,40.967837,14.089109,50.0,9594.0,3361.0
PF07/0017/L083,CE,40.971353,14.083309,50.0,9989.419,2877.068
PF08/0017/L083,CE,40.966144,14.087061,50.0,9407.927,3186.762
PF10/0017/L083,CE,40.961172,14.08579,12.0,8857.0,3074.0
PF01/0018/L083,CE,40.969503,14.09884,50.0,9770.43,4181.756
PF03/0018/L083,CE,40.971274,14.092329,50.0,9972.707,3635.954
PF05/0018/L083,CE,40.968066,14.09942,50.0,9610.426,4228.935
PF06/0018/L083,CE,40.968307,14.094376,50.0,9641.545,3804.791
PF07/0018/L083,CE,40.965014,14.100599,50.0,9270.59,4324.6
PF09/0018/L083,CE,40.966588,14.092917,12.0,9452.0,3680.0
PF01/0019/L083,CE,40.968962,14.101494,50.0,9708.099,4404.44
PF04/0019/L083,CE,40.969901,14.108109,50.0,9806.707,4962.158
PF05/0019/L083,CE,40.972595,14.107452,50.0,10106.237,4909.886
PF06/0019/L083,CE,40.97047,14.104759,50.0,9872.757,4680.864
PF07/0019/L083,CE,40.96311,14.102557,50.0,9057.573,4487.222
PF01/0020/L083,CE,40.967642,14.006583,50.0,9648.04,-3583.403
PF04/0020/L083,CE,40.968636,13.995568,12.0,9769.0,-4509.0
PF05/0020/L083,CE,40.968622,14.002655,50.0,9760.656,-3912.727
PF07/0020/L083,CE,40.966091,14.005958,10.0,9476.5,-3638.0
PF08/0020/L083,CE,40.966521,14.007183,50.0,9523.094,-3534.393
PF09/0020/L083,CE,40.967494,14.008905,50.0,9629.396,-3388.261
PF10/0020/L083,CE,40.966757,13.990867,12.0,9565.0,-4907.0
PF12/0020/L083,CE,40.968525,13.999244,50.0,9753.087,-4199.862
PF14/0020/L083,CE,40.97126,13.998178,50.0,10057.832,-4286.048
PF01/0021/L083,CE,40.974599,14.002859,50.0,10424.0,-3888.0
PF03/0021/L083,CE,40.973042,14.004011,10.0,10250.0,-3793.0
PF04/0021/L083,CE,40.973144,13.994026,10.0,10271.0,-4633.0
PF05/0021/L083,CE,40.972158,14.001802,10.0,10154.0,-3980.0
PF06/0021/L083,CE,40.972176,14.007113,50.0,10150.851,-3533.1
PF07/0021/L083,CE,40.970568,14.003412,50.0,9975.873,-3846.557
PF08/0021/L083,CE,40.969576,14.008046,50.0,9861.371,-3457.883
PF10/0021/L083,CE,40.976123,14.004635,50.0,10591.409,-3736.605
PF11/0021/L083,CE,40.974723,14.006211,60.0,10434.501,-3605.79
PF12/0021/L083,CE,40.977446,13.998977,50.0,10743.754,-4210.938
PF13/0021/L083,CE,40.974736,13.998839,12.0,10443.0,-4226.0
PF01/0022/L083,CE,40.969005,14.011428,50.0,9794.731,-3174.006
PF03/0022/L083,CE,40.970655,14.010497,50.0,9978.84,-3250.337
PF04/0022/L083,CE,40.973156,14.00873,50.0,10258.173,-3395.857
PF05/0022/L083,CE,40.973546,14.011308,10.0,10299.0,-3178.4
PF06/0022/L083,CE,40.971409,14.018452,12.0,10055.0,-2580.0
PF07/0022/L083,CE,40.975824,14.009021,10.0,10554.0,-3368.0
PF08/0022/L083,CE,40.972698,14.01442,50.0,10201.9,-2917.651
PF09/0022/L083,CE,40.977692,14.008467,50.0,10761.992,-3412.244
PF10/0022/L083,CE,40.971726,14.012243,12.0,10096.0,-3102.0
PF01/0023/L083,CE,40.964705,14.07799,12.0,9256.2,2421.7
PF02/0023/L083,CE,40.964304,14.080243,32.0,9209.648,2610.858
PF03/0023/L083,CE,40.962756,14.078484,32.0,9039.384,2461.036
PF04/0023/L083,CE,40.96484,14.023979,50.0,9320.475,-2123.081
PF06/0023/L083,CE,40.968302,14.014973,50.0,9713.316,-2876.585
PF07/0023/L083,CE,40.967291,14.012721,50.0,9603.248,-3067.349
PF08/0023/L083,CE,40.96772,14.019336,50.0,9644.606,-2510.244
PF09/0023/L083,CE,40.964701,14.015569,12.0,9313.0,-2831.0
PF01/0024/L083,CE,40.969738,14.03082,50.0,9857.85,-1541.426
PF02/0024/L083,CE,40.966897,14.028413,50.0,9544.754,-1747.407
PF03/0024/L083,CE,40.967514,14.025321,50.0,9616.12,-2006.881
PF04/0024/L083,CE,40.968283,14.032746,50.0,9694.534,-1381.137
PF05/0024/L083,CE,40.968896,14.035376,50.0,9760.068,-1159.103
PF06/0024/L083,CE,40.971294,14.021805,12.0,10039.0,-2298.0
PF07/0024/L083,CE,40.971337,14.018382,12.0,10047.0,-2586.0
PF03/0025/L083,CE,40.969133,14.036948,12.0,9784.994,-1026.523
PF04/0025/L083,CE,40.965036,14.049688,50.0,9318.393,40.54
PF05/0025/L083,CE,40.967046,14.038339,50.0,9552.0,-912.0
PF06/0025/L083,CE,40.968311,14.046343,12.0,9685.0,-237.0
PF07/0025/L083,CE,40.965683,14.044348,50.0,9395.178,-408.067
PF08/0025/L083,CE,40.970559,14.048698,50.0,9932.497,-36.084
PF09/0025/L083,CE,40.967856,14.043305,50.0,9637.34,-493.14
PF10/0025/L083,CE,40.966949,14.040777,12.0,9539.0,-707.0
PF11/0025/L083,CE,40.961695,14.042463,50.0,8954.123,-571.545
PF02/0026/L083,CE,40.963369,14.064214,50.0,9120.117,1260.867
PF03/0026/L083,CE,40.969292,14.051724,50.0,9789.0,217.0
PF04/0026/L083,CE,40.967004,14.052856,12.0,9534.0,309.5
PF05/0026/L083,CE,40.96911,14.054793,12.0,9766.0,475.0
PF06/0026/L083,CE,40.96405,14.055025,50.0,9204.058,488.49
PF07/0026/L083,CE,40.963444,14.058667,50.0,9133.468,794.172
PF01/0027/L083,CE,40.966155,14.067631,50.0,9426.34,1551.748
PF02/0027/L083,CE,40.963377,14.079925,12.0,9107.0,2583.0
PF04/0027/L083,CE,40.969423,14.070099,50.0,9786.923,1763.305
PF05/0027/L083,CE,40.966084,14.072708,50.0,9413.899,1978.861
PF06/0027/L083,CE,40.965502,14.077507,12.0,9345.0,2382.0
PF01/0028/L083,CE,40.959645,14.108978,50.0,8667.4,5023.646
PF01/0029/L083,CE,40.963235,14.002659,50.0,9162.545,-3919.201
PF02/0029/L083,CE,40.962131,13.999578,50.0,9042.95,-4179.893
PF03/0029/L083,CE,40.960997,14.002862,12.0,8914.0,-3905.0
PF04/0029/L083,CE,40.964583,14.004988,12.0,9310.0,-3721.5
PF06/0029/L083,CE,40.959618,13.999638,12.0,8764.0,-4178.0
PF07/0029/L083,CE,40.957304,14.000726,50.0,8505.979,-4089.387
PF02/0030/L083,CE,40.960829,14.021889,50.0,8877.154,-2303.93
PF03/0030/L083,CE,40.962654,14.017477,12.0,9084.0,-2673.0
PF03/0031/L083,CE,40.958638,14.019402,50.0,8636.296,-2515.961
PF04/0032/L083,CE,40.961544,14.025076,50.0,8953.535,-2034.892
PF05/0032/L083,CE,40.953096,14.032336,50.0,8008.975,-1434.345
PF06/0032/L083,CE,40.959536,14.024195,50.0,8731.5,-2111.5
PF07/0032/L083,CE,40.956813,14.033061,50.0,8420.902,-1368.694
PF08/0032/L083,CE,40.955745,14.02797,50.0,8307.074,-1798.529
PF09/0032/L083,CE,40.957663,14.022517,50.0,8525.093,-2255.047
PF11/0032/L083,CE,40.954611,14.024785,50.0,8184.204,-2067.98
PF13/0032/L083,CE,40.957327,14.025573,50.0,8485.006,-1998.298
PF14/0032/L083,CE,40.951985,14.023174,50.0,7894.223,-2206.789
PF15/0032/L083,CE,40.953043,14.028855,50.0,8006.351,-1727.355
PF02/0033/L083,CE,40.963997,14.031883,50.0,9219.5,-1459.0
PF03/0033/L083,CE,40.961623,14.038834,50.0,8949.5,-877.0
PF06/0033/L083,CE,40.958578,14.033803,12.0,8616.1,-1304.1
PF07/0033/L083,CE,40.965351,14.034335,50.0,9367.592,-1251.0
PF08/0033/L083,CE,40.96672,14.025979,50.0,9527.346,-1952.465
PF09/0033/L083,CE,40.963701,14.02836,50.0,9189.9,-1755.871
PF10/0033/L083,CE,40.9626,14.034052,50.0,9062.416,-1278.184
PF11/0033/L083,CE,40.963642,14.037045,50.0,9175.319,-1025.046
PF02/0034/L083,CE,40.9552,14.03738,50.0,8237.821,-1007.218
PF04/0034/L083,CE,40.953963,14.0542,10.0,8085.0,406.9
PF05/0034/L083,CE,40.952106,14.041358,50.0,7890.643,-676.186
PF07/0034/L083,CE,40.955315,14.042442,50.0,8245.961,-581.045
PF08/0034/L083,CE,40.955848,14.042714,50.0,8304.821,-557.521
PF09/0034/L083,CE,40.950791,14.043706,50.0,7742.56,-480.198
PF11/0034/L083,CE,40.957294,14.040203,50.0,8467.72,-767.067
PF02/0035/L083,CE,40.958227,14.049806,50.0,8562.437,42.261
PF04/0035/L083,CE,40.956884,14.047095,50.0,8415.835,-187.524
PF06/0035/L083,CE,40.955147,14.051719,50.0,8218.774,199.56
PF10/0035/L083,CE,40.96556,14.047072,12.0,9379.0,-179.0
PF11/0035/L083,CE,40.958867,14.053968,50.0,8629.696,393.247
PF12/0035/L083,CE,40.963246,14.046095,50.0,9123.0,-264.0
PF13/0035/L083,CE,40.960838,14.047445,50.0,8854.382,-153.318
PF14/0035/L083,CE,40.958733,14.04368,50.0,8624.24,-472.669
PF01/0036/L083,CE,40.959873,14.063486,50.0,8732.735,1195.49
PF02/0036/L083,CE,40.961846,14.050306,50.0,8963.711,88.656
PF03/0036/L083,CE,40.957488,14.063371,12.0,8468.0,1183.0
PF04/0036/L083,CE,40.960143,14.053198,12.0,8772.0,330.0
PF01/0037/L083,CE,40.961521,14.066823,50.0,8912.672,1478.255
PF02/0037/L083,CE,40.960129,14.078949,50.0,8747.275,2497.064
PF04/0037/L083,CE,40.957831,14.067963,50.0,8502.042,1569.857
PF05/0037/L083,CE,40.962046,14.071013,50.0,8967.189,1831.504
PF06/0037/L083,CE,40.958996,14.071459,50.0,8628.245,1865.408
PF01/0038/L083,CE,40.952786,14.001258,50.0,8003.913,-4050.358
PF02/0038/L083,CE,40.952758,13.997999,50.0,8003.95,-4324.666
PF03/0038/L083,CE,40.95507,13.999434,50.0,8259.3,-4201.0
PF04/0038/L083,CE,40.958302,13.996896,12.0,8620.5,-4410.5
PF05/0038/L083,CE,40.956014,13.9974,12.0,8366.0,-4371.0
PF01/0039/L083,CE,40.952249,14.004215,9.0,7941.5,-3802.2
PF02/0039/L083,CE,40.954842,14.005945,9.0,8227.7,-3653.3
PF03/0039/L083,CE,40.950525,14.007463,12.0,7747.0,-3531.0
PF04/0039/L083,CE,40.948078,14.005741,12.0,7477.0,-3679.0
PF05/0039/L083,CE,40.949762,14.009941,50.0,7659.972,-3323.356
PF01/0040/L083,CE,40.947431,14.025769,50.0,7386.212,-1994.059
PF02/0040/L083,CE,40.947427,14.022324,52.0,7388.985,-2284.013
PF03/0040/L083,CE,40.948888,14.024759,50.0,7548.942,-2077.246
PF06/0040/L083,CE,40.947489,14.0225,50.0,7395.719,-2269.087
PF07/0040/L083,CE,40.948026,14.015335,12.0,7462.137,-2871.557
PF08/0040/L083,CE,40.950763,14.016334,12.0,7765.0,-2784.0
PF09/0040/L083,CE,40.949451,14.022026,50.0,7613.974,-2306.596
PF10/0040/L083,CE,40.947213,14.012228,50.0,7374.805,-3134.049
PF11/0040/L083,CE,40.947719,14.019611,12.0,7424.0,-2512.0
PF02/0041/L083,CE,40.949248,14.027786,9.0,7586.0,-1822.0
PF03/0041/L083,CE,40.949751,14.03,50.0,7639.759,-1635.07
PF04/0041/L083,CE,40.94634,14.04031,50.0,7251.542,-771.447
PF05/0041/L083,CE,40.943578,14.038444,50.0,6946.61,-931.839
PF06/0041/L083,CE,40.944848,14.037378,50.0,7088.635,-1020.006
PF07/0041/L083,CE,40.949074,14.03607,12.0,7559.0,-1125.0
PF09/0041/L083,CE,40.94609,14.03288,50.0,7230.722,-1397.114
PF11/0041/L083,CE,40.952499,14.035599,50.0,7939.631,-1160.45
PF12/0041/L083,CE,40.951016,14.032346,50.0,7778.0,-1436.0
PF05/0042/L083,CE,40.951166,14.046841,50.0,7781.259,-215.877
PF06/0042/L083,CE,40.949301,14.049286,50.0,7571.946,-12.285
PF08/0042/L083,CE,40.949457,14.04707,50.0,7591.383,-198.612
PF09/0042/L083,CE,40.954225,14.047243,50.0,8120.437,-178.273
PF03/0043/L083,CE,40.95364,14.059802,10.0,8044.1,878.0
PF06/0043/L083,CE,40.94831,14.057513,50.0,7454.497,678.975
PF07/0043/L083,CE,40.95003,14.057358,50.0,7645.563,668.019
PF08/0043/L083,CE,40.946997,14.058307,60.0,7308.025,744.253
PF09/0043/L083,CE,40.946931,14.061132,50.0,7298.134,981.911
PF11/0043/L083,CE,40.949143,14.055761,50.0,7548.564,532.514
PF12/0043/L083,CE,40.951177,14.055288,50.0,7774.726,495.098
PF13/0043/L083,CE,40.952637,14.053048,50.0,7938.912,308.39
PF14/0043/L083,CE,40.946103,14.063966,50.0,7203.66,1219.512
PF15/0043/L083,CE,40.951418,14.059912,50.0,7797.364,884.571
PF16/0043/L083,CE,40.953528,14.057541,50.0,8033.699,687.586
PF17/0043/L083,CE,40.956217,14.055411,50.0,8334.161,511.56
PF18/0043/L083,CE,40.951208,14.065617,50.0,7768.842,1364.503
PF01/0044/L083,CE,40.956037,14.060739,12.0,8309.3,959.7
PF02/0044/L083,CE,40.957852,14.058316,50.0,8513.0,758.0
PF03/0044/L083,CE,40.953601,14.06569,50.0,8034.433,1373.519
PF04/0044/L083,CE,40.956167,14.065903,50.0,8319.158,1394.466
PF05/0044/L083,CE,40.954562,14.068934,50.0,8138.224,1647.648
PF06/0044/L083,CE,40.956847,14.071526,50.0,8389.535,1868.531
PF01/0045/L083,CE,40.953821,14.071573,50.0,8053.605,1868.914
PF02/0045/L083,CE,40.950665,14.07084,50.0,7703.894,1803.481
PF03/0045/L083,CE,40.947335,14.066357,50.0,7338.278,1422.179
PF03/0046/L083,CE,40.948684,14.07497,50.0,7480.254,2148.797
PF04/0046/L083,CE,40.948871,14.078355,50.0,7498.091,2433.899
PF05/0046/L083,CE,40.956949,14.080424,50.0,8393.0,2617.517
PF06/0046/L083,CE,40.950855,14.081119,50.0,7715.834,2668.858
PF07/0046/L083,CE,40.953679,14.082609,50.0,8028.045,2797.599
PF08/0046/L083,CE,40.951476,14.074908,50.0,7790.35,2146.848
PF09/0046/L083,CE,40.957579,14.078092,12.0,8465.0,2422.0
PF10/0046/L083,CE,40.953828,14.075317,12.0,8051.0,2184.0
PF01/0047/L083,CE,40.952289,14.089652,50.0,7867.502,3388.758
PF02/0047/L083,CE,40.948076,14.090628,12.0,7399.0,3466.0
PF03/0047/L083,CE,40.956512,14.087123,50.0,8338.511,3180.791
PF03/0048/L083,CE,40.962337,14.099487,50.0,8974.397,4227.997
PF04/0048/L083,CE,40.962372,14.094061,50.0,8982.952,3771.374
PF05/0048/L083,CE,40.960176,14.095925,50.0,8737.588,3925.736
PF06/0048/L083,CE,40.963802,14.090618,50.0,9144.746,3483.309
PF07/0048/L083,CE,40.953625,14.098362,50.0,8008.215,4123.351
PF08/0048/L083,CE,40.958717,14.098978,12.0,8573.0,4181.0
PF01/0049/L083,CE,40.953508,14.105717,50.0,7988.844,4742.232
PF02/0049/L083,CE,40.949411,14.10657,50.0,7533.303,4809.382
PF03/0049/L083,CE,40.956379,14.102947,50.0,8310.025,4512.38
PF04/0049/L083,CE,40.953314,14.102387,50.0,7970.208,4461.749
PF05/0049/L083,CE,40.952052,14.108627,50.0,7824.77,4985.518
PF06/0049/L083,CE,40.954712,14.10812,12.0,8120.521,4945.814
PF01/0050/L083,CE,40.937513,13.974088,50.0,6335.0,-6357.0
PF02/0050/L083,CE,40.936518,13.977803,50.0,6220.874,-6045.567
PF03/0050/L083,CE,40.935274,13.975141,50.0,6085.376,-6271.324
PF04/0050/L083,CE,40.937135,13.984245,50.0,6282.955,-5502.458
PF02/0051/L083,CE,40.939751,13.981861,50.0,6575.771,-5699.794
PF01/0052/L083,CE,40.938734,13.987624,50.0,6457.246,-5215.905
PF02/0052/L083,CE,40.939173,13.98993,50.0,6503.659,-5021.212
PF03/0052/L083,CE,40.93898,13.984728,50.0,6487.313,-5459.43
PF04/0052/L083,CE,40.941512,13.983102,12.0,6770.0,-5593.0
PF05/0052/L083,CE,40.940705,13.987664,12.0,6676.0,-5210.0
PF01/0053/L083,CE,40.942383,13.998244,50.0,6851.991,-4317.299
PF03/0053/L083,CE,40.944325,13.993911,50.0,7071.762,-4679.51
PF04/0053/L083,CE,40.941103,14.001895,50.0,6706.385,-4011.58
PF05/0053/L083,CE,40.944138,14.000881,50.0,7044.234,-4093.035
PF06/0053/L083,CE,40.94812,13.99678,50.0,7490.336,-4433.172
PF07/0053/L083,CE,40.946075,13.99716,50.0,7262.944,-4403.784
PF01/0054/L083,CE,40.946524,14.003174,12.0,7307.0,-3897.0
PF02/0054/L083,CE,40.94315,14.003939,50.0,6931.645,-3836.87
PF03/0054/L083,CE,40.944028,14.007239,12.0,7026.0,-3558.0
PF01/0055/L083,CE,40.941045,14.0144,12.0,6688.0,-2959.0
PF01/0056/L083,CE,40.944103,14.026002,12.0,7016.5,-1978.5
PF02/0056/L083,CE,40.945352,14.028189,50.0,7153.126,-1792.916
PF03/0056/L083,CE,40.943591,14.029273,50.0,6956.647,-1703.827
PF04/0056/L083,CE,40.94579,14.020231,50.0,7209.286,-2462.208
PF05/0056/L083,CE,40.941708,14.032703,50.0,6744.352,-1417.435
PF09/0056/L083,CE,40.948295,14.030153,50.0,7478.05,-1623.968
PF10/0056/L083,CE,40.946152,14.017484,12.0,7252.0,-2693.0
PF05/0057/L083,CE,40.934953,14.026192,10.0,6000.582,-1973.819
PF06/0057/L083,CE,40.938873,14.026601,50.0,6435.361,-1934.602
PF07/0057/L083,CE,40.940757,14.021852,50.0,6648.944,-2331.999
PF11/0057/L083,CE,40.938714,14.017099,50.0,6426.722,-2734.694
PF12/0057/L083,CE,40.94112,14.027454,12.0,6684.0,-1860.0
PF01/0058/L083,CE,40.94545,14.042763,9.0,7150.5,-566.0
PF02/0058/L083,CE,40.941218,14.037824,50.0,6685.226,-986.968
PF01/0059/L083,CE,40.947073,14.044543,50.0,7329.024,-414.202
PF02/0059/L083,CE,40.947516,14.051372,50.0,7371.952,161.087
PF04/0059/L083,CE,40.941956,14.044566,50.0,6760.892,-418.501
PF06/0059/L083,CE,40.939309,14.048836,50.0,6463.119,-62.237
PF07/0059/L083,CE,40.936206,14.050045,50.0,6117.602,35.81
PF09/0059/L083,CE,40.941931,14.051287,50.0,6752.042,147.243
PF10/0059/L083,CE,40.9476,14.05375,50.0,7379.101,361.344
PF11/0059/L083,CE,40.946249,14.048737,50.0,7233.69,-62.24
PF12/0059/L083,CE,40.939903,14.042603,50.0,6534.851,-586.258
PF13/0059/L083,CE,40.946293,14.051266,50.0,7236.242,150.744
PF14/0059/L083,CE,40.9439,14.04868,50.0,6972.963,-69.836
PF01/0060/L083,CE,40.944634,14.05154,52.0,7051.861,171.767
PF02/0060/L083,CE,40.940866,14.053055,50.0,6632.168,294.82
PF03/0060/L083,CE,40.942488,14.056253,50.0,6809.358,565.919
PF06/0060/L083,CE,40.934984,14.055273,50.0,5977.175,474.402
PF07/0060/L083,CE,40.93776,14.053592,50.0,6286.89,336.25
PF08/0060/L083,CE,40.939219,14.051885,12.0,6450.41,194.34
PF09/0060/L083,CE,40.943066,14.058677,50.0,6871.238,770.666
PF11/0060/L083,CE,40.945691,14.055994,50.0,7165.167,548.015
PF12/0060/L083,CE,40.939525,14.057033,50.0,6479.613,628.054
PF01/0061/L083,CE,40.945599,14.058159,50.0,7152.905,730.1
PF02/0061/L083,CE,40.945216,14.061691,50.0,7107.245,1026.987
PF03/0061/L083,CE,40.942319,14.061935,50.0,6785.437,1044.05
PF06/0061/L083,CE,40.939234,14.06179,50.0,6443.094,1028.158
PF07/0061/L083,CE,40.941248,14.064127,50.0,6664.491,1227.267
PF08/0061/L083,CE,40.938425,14.065518,50.0,6349.86,1341.022
PF03/0062/L083,CE,40.943723,14.068881,50.0,6935.047,1630.402
PF04/0062/L083,CE,40.94649,14.075785,50.0,7235.97,2214.834
PF07/0062/L083,CE,40.946825,14.078613,50.0,7270.667,2453.241
PF08/0062/L083,CE,40.946919,14.082008,50.0,7278.092,2739.117
PF09/0062/L083,CE,40.943641,14.081716,50.0,6914.499,2710.713
PF11/0062/L083,CE,40.945068,14.072339,50.0,7081.238,1923.064
PF12/0062/L083,CE,40.943534,14.0766,50.0,6907.136,2279.923
PF04/0063/L083,CE,40.941387,14.089043,50.0,6657.834,3324.867
PF05/0063/L083,CE,40.948386,14.095117,50.0,7429.494,3844.177
PF07/0063/L083,CE,40.938367,14.087217,50.0,6324.126,3167.648
PF09/0063/L083,CE,40.945012,14.092761,50.0,7056.952,3641.991
PF10/0063/L083,CE,40.947539,14.086525,12.0,7343.0,3120.0
PF01/0064/L083,CE,40.949548,14.103731,50.0,7550.966,4570.53
PF03/0064/L083,CE,40.945531,14.104088,50.0,7104.744,4596.025
PF06/0064/L083,CE,40.944398,14.096526,50.0,6985.507,3958.183
PF07/0064/L083,CE,40.940716,14.098558,50.0,6574.984,4125.007
PF08/0064/L083,CE,40.950727,14.096627,12.0,7688.0,3974.0
PF01/0065/L083,CE,40.936593,13.987379,50.0,6219.732,-5239.302
PF03/0065/L083,CE,40.938788,13.996555,10.0,6454.5,-4464.0
PF05/0065/L083,CE,40.937211,13.99864,50.0,6277.5,-4290.5
PF06/0065/L083,CE,40.933976,13.986343,50.0,5930.284,-5329.895
PF07/0065/L083,CE,40.934508,13.991239,10.0,5984.5,-4917.0
PF08/0065/L083,CE,40.935189,13.994525,10.0,6057.0,-4639.5
PF09/0065/L083,CE,41.012238,14.144968,50.0,14475.592,8109.579
PF10/0065/L083,CE,40.933192,13.994793,10.0,5835.0,-4619.5
PF13/0065/L083,CE,40.932987,14.093873,50.0,5721.081,3721.802
PF14/0065/L083,CE,40.934937,13.994395,50.0,6029.156,-4650.8
PF16/0065/L083,CE,40.938903,14.106303,12.0,6367.0,4775.0
PF17/0065/L083,CE,40.935578,14.00088,16.0,6094.0,-4104.0
PF02/0066/L083,CE,40.940788,14.007417,50.0,6666.169,-3547.084
PF03/0066/L083,CE,40.939935,14.004705,10.0,6574.0,-3776.5
PF05/0066/L083,CE,40.93711,14.008768,10.0,6256.5,-3438.0
PF08/0066/L083,CE,40.938711,14.003283,50.0,6439.498,-3897.728
PF09/0066/L083,CE,40.935361,14.003877,50.0,6067.0,-3852.0
PF01/0067/L083,CE,40.937674,14.01414,50.0,6314.0,-2985.1
PF02/0067/L083,CE,40.936394,14.018312,50.0,6167.94,-2635.485
PF03/0067/L083,CE,40.935349,14.015126,10.0,6055.0,-2905.0
PF04/0067/L083,CE,40.932363,14.014987,50.0,5723.607,-2920.416
PF05/0067/L083,CE,40.93409,14.019832,50.0,5910.773,-2510.333
PF08/0067/L083,CE,40.931872,14.018047,50.0,5666.182,-2663.438
PF10/0067/L083,CE,40.933086,14.01794,50.0,5801.103,-2670.937
PF01/0068/L083,CE,40.934694,14.025732,50.0,5972.213,-2012.907
PF02/0068/L083,CE,40.939752,14.031812,50.0,6528.101,-1494.842
PF03/0068/L083,CE,40.931417,14.030655,50.0,5603.881,-1602.454
PF04/0068/L083,CE,40.937759,14.029469,50.0,6309.027,-1694.478
PF03/0069/L083,CE,40.937708,14.035225,50.0,6298.0,-1210.0
PF02/0070/L083,CE,40.934049,14.032679,50.0,5894.171,-1428.873
PF03/0070/L083,CE,40.933019,14.036748,50.0,5776.0,-1087.5
PF04/0070/L083,CE,40.935703,14.040747,50.0,6070.337,-747.559
PF01/0071/L083,CE,40.931252,14.047108,50.0,5570.295,-217.478
PF03/0071/L083,CE,40.93445,14.04684,50.0,5925.595,-236.142
PF04/0071/L083,CE,40.930816,14.041497,50.0,5527.085,-690.413
PF05/0071/L083,CE,40.936993,14.047896,50.0,6206.921,-144.197
PF06/0071/L083,CE,40.92894,14.044581,12.0,5316.0,-433.0
PF01/0072/L083,CE,40.932582,14.052273,50.0,5713.236,218.983
PF02/0072/L083,CE,40.933425,14.055451,50.0,5803.912,487.516
PF04/0072/L083,CE,40.928935,14.053445,50.0,5307.303,313.237
PF05/0072/L083,CE,40.924646,14.051974,50.0,4832.53,184.289
PF06/0072/L083,CE,40.929392,14.049853,50.0,5361.346,11.365
PF07/0072/L083,CE,40.931411,14.049297,12.0,5586.0,-33.0
PF08/0072/L083,CE,40.928567,14.050608,12.0,5269.0,74.0
PF09/0072/L083,CE,40.927582,14.054766,50.0,5155.86,422.905
PF03/0073/L083,CE,40.929358,14.060127,50.0,5348.202,876.376
PF06/0073/L083,CE,40.934309,14.057296,50.0,5900.333,643.944
PF08/0073/L083,CE,40.930726,14.062485,50.0,5497.901,1076.549
PF09/0073/L083,CE,40.932495,14.05763,50.0,5698.746,669.931
PF10/0073/L083,CE,40.932652,14.060952,50.0,5713.084,949.777
PF11/0073/L083,CE,40.92677,14.057584,50.0,5063.163,659.152
PF12/0073/L083,CE,40.92988,14.056889,50.0,5409.104,604.398
PF13/0073/L083,CE,40.935896,14.061218,50.0,6073.0,976.0
PF02/0074/L083,CE,40.934241,14.064852,10.0,5886.0,1280.0
PF03/0074/L083,CE,40.933853,14.068679,50.0,5839.489,1601.752
PF04/0074/L083,CE,40.932077,14.065532,50.0,5645.179,1334.697
PF01/0075/L083,CE,40.93449,14.077678,50.0,5902.22,2360.07
PF03/0075/L083,CE,40.938672,14.070712,50.0,6372.67,1778.596
PF04/0075/L083,CE,40.933949,14.074681,50.0,5844.77,2107.162
PF05/0075/L083,CE,40.936019,14.071289,50.0,6077.569,1823.987
PF06/0075/L083,CE,40.940821,14.073107,50.0,6609.121,1982.678
PF08/0075/L083,CE,40.938237,14.079581,50.0,6316.502,2524.642
PF09/0075/L083,CE,40.940476,14.075912,50.0,6568.231,2218.418
PF10/0075/L083,CE,40.940461,14.081575,50.0,6561.539,2695.128
PF01/0076/L083,CE,40.935145,14.091374,50.0,5962.856,3513.837
PF02/0076/L083,CE,40.937328,14.083856,50.0,6211.707,2883.516
PF04/0076/L083,CE,40.934176,14.087214,50.0,5858.903,3162.514
PF05/0076/L083,CE,40.931964,14.082895,50.0,5617.117,2796.356
PF06/0076/L083,CE,40.931122,14.089269,12.0,5518.0,3332.0
PF01/0077/L083,CE,40.939498,14.092896,50.0,6444.677,3646.99
PF03/0077/L083,CE,40.931389,14.096079,50.0,5541.696,3905.671
PF05/0077/L083,CE,40.931918,14.092501,50.0,5603.563,3605.006
PF06/0077/L083,CE,40.9283,14.094421,50.0,5200.306,3762.508
PF07/0077/L083,CE,40.938476,14.095499,12.0,6329.0,3865.0
PF08/0077/L083,CE,40.934733,14.096002,12.0,5913.0,3903.0
PF02/0078/L083,CE,41.013191,14.151256,50.0,14576.209,8639.343
PF04/0078/L083,CE,40.931063,13.988287,12.0,5605.0,-5170.0
PF05/0078/L083,CE,41.017891,14.142154,50.0,15105.456,7879.137
PF01/0079/L083,CE,40.931962,13.992208,50.0,5700.951,-4838.71
PF02/0079/L083,CE,40.930412,13.990765,50.0,5530.279,-4962.157
PF03/0079/L083,CE,40.932142,14.001857,50.0,5711.664,-4026.144
PF04/0079/L083,CE,40.930447,13.996813,50.0,5528.373,-4452.966
PF01/0080/L083,CE,40.929195,14.002313,50.0,5384.033,-3991.46
PF03/0080/L083,CE,40.925226,14.002677,50.0,4943.043,-3965.852
PF04/0080/L083,CE,40.924743,13.996268,50.0,4895.652,-4506.108
PF05/0080/L083,CE,40.925932,13.992099,50.0,5031.717,-4855.582
PF06/0080/L083,CE,40.921778,13.996415,50.0,4566.388,-4497.461
PF07/0080/L083,CE,40.921605,14.000321,50.0,4543.332,-4168.854
PF08/0080/L083,CE,40.92883,14.048057,50.0,5300.54,-140.488
PF10/0080/L083,CE,40.923745,13.993446,50.0,4787.54,-4745.014
PF11/0080/L083,CE,40.927913,13.993514,50.0,5250.162,-4733.968
PF12/0080/L083,CE,40.927422,13.996501,50.0,5192.795,-4483.102
PF01/0081/L083,CE,40.932506,14.009141,50.0,5745.087,-3412.431
PF03/0081/L083,CE,40.932513,14.085942,32.0,5675.398,3053.489
PF05/0081/L083,CE,40.929951,14.010457,50.0,5460.141,-3304.833
PF08/0081/L083,CE,40.931932,14.005059,50.0,5685.259,-3756.815
PF09/0081/L083,CE,40.92632,14.006317,12.0,5061.0,-3658.0
PF01/0082/L083,CE,40.928738,14.019206,50.0,5317.185,-2569.76
PF02/0082/L083,CE,40.925357,14.015526,50.0,4945.326,-2883.789
PF03/0082/L083,CE,40.92986,14.021501,50.0,5439.635,-2375.131
PF05/0082/L083,CE,40.928935,14.015782,12.0,5342.273,-2857.755
PF01/0083/L083,CE,40.931072,14.023387,50.0,5572.417,-2214.853
PF02/0083/L083,CE,40.931392,14.02623,50.0,5605.21,-1975.027
PF03/0083/L083,CE,40.926285,14.024435,12.0,5040.0,-2132.5
PF05/0083/L083,CE,40.92922,14.028219,50.0,5362.235,-1810.31
PF07/0083/L083,CE,40.920682,14.028128,50.0,4414.471,-1828.436
PF08/0083/L083,CE,40.923332,14.024152,50.0,4712.38,-2159.968
PF09/0083/L083,CE,40.927714,14.02186,50.0,5201.09,-2347.586
PF10/0083/L083,CE,40.923668,14.029604,50.0,4744.564,-1700.505
PF01/0084/L083,CE,40.924717,14.032932,12.0,4858.0,-1419.0
PF03/0084/L083,CE,40.928447,14.031951,12.0,5273.0,-1497.0
PF01/0085/L083,CE,40.928767,14.034823,50.0,5305.854,-1254.803
PF02/0085/L083,CE,40.92618,14.034937,50.0,5018.498,-1248.391
PF03/0085/L083,CE,40.925512,14.045167,50.0,4934.84,-387.832
PF05/0085/L083,CE,40.923578,14.037689,50.0,4727.123,-1019.85
PF07/0085/L083,CE,40.920932,14.041163,50.0,4430.163,-730.533
PF08/0085/L083,CE,40.927087,14.039792,60.0,5114.696,-838.505
PF02/0086/L083,CE,40.925351,14.049475,50.0,4913.041,-25.293
PF05/0086/L083,CE,40.921525,14.095802,10.0,4447.0,3871.0
PF07/0086/L083,CE,40.922458,14.034386,50.0,4605.842,-1299.338
PF08/0086/L083,CE,40.923968,14.003698,12.0,4802.5,-3881.5
PF09/0086/L083,CE,40.925068,14.045742,50.0,4885.119,-339.966
PF10/0086/L083,CE,40.920436,14.007177,12.0,4407.0,-3593.0
PF11/0086/L083,CE,40.925649,14.003773,12.0,4989.0,-3873.0
PF01/0087/L083,CE,40.921385,14.017118,50.0,4502.889,-2754.68
PF03/0087/L083,CE,40.919917,14.012373,50.0,4344.496,-3156.105
PF04/0087/L083,CE,40.921911,14.0458,50.0,4534.523,-338.947
PF07/0087/L083,CE,40.918611,14.015995,50.0,4196.011,-2852.734
PF08/0087/L083,CE,40.920822,14.049542,50.0,4410.257,-25.17
PF01/0088/L083,CE,40.924865,14.01804,50.0,4888.34,-2672.751
PF03/0088/L083,CE,40.92244,14.019697,50.0,4617.617,-2536.241
PF01/0089/L083,CE,40.909693,14.002446,50.0,3219.0,-4005.0
PF02/0089/L083,CE,40.917724,14.002978,50.0,4110.0,-3950.0
PF03/0089/L083,CE,40.912959,13.999067,50.0,3584.762,-4285.402
PF04/0089/L083,CE,40.916755,13.997126,12.0,4008.0,-4444.0
PF05/0089/L083,CE,40.914567,14.004569,12.0,3758.0,-3820.0
PF01/0090/L083,CE,40.914315,14.009965,50.0,3724.893,-3365.892
PF02/0090/L083,CE,40.91283,14.012835,50.0,3557.31,-3126.038
PF03/0090/L083,CE,40.9246,14.043597,50.0,4835.109,-521.133
PF04/0090/L083,CE,40.922739,14.028564,50.0,4642.442,-1789.24
PF01/0091/L083,CE,40.916069,14.015257,50.0,3914.49,-2918.085
PF02/0091/L083,CE,40.909904,14.023759,50.0,3222.078,-2209.764
PF03/0091/L083,CE,40.914981,14.018112,12.0,3791.0,-2679.0
PF04/0091/L083,CE,40.914719,14.021215,12.0,3759.0,-2418.0
PF01/0092/L083,CE,40.921219,14.030422,50.0,4472.031,-1634.633
PF03/0092/L083,CE,40.91744,14.026567,50.0,4056.045,-1963.966
PF04/0092/L083,CE,40.916226,14.029772,50.0,3918.307,-1695.522
PF05/0092/L083,CE,40.915754,14.029893,50.0,3865.815,-1685.964
PF06/0092/L083,CE,40.920749,14.021518,50.0,4428.115,-2385.032
PF07/0092/L083,CE,40.918316,14.023668,50.0,4156.0,-2207.0
PF02/0093/L083,CE,40.917019,14.03969,50.0,3997.162,-859.356
PF03/0093/L083,CE,40.915101,14.04139,50.0,3782.584,-718.523
PF04/0093/L083,CE,40.915195,14.037773,50.0,3796.388,-1023.035
PF01/0094/L083,CE,40.922403,14.045502,50.0,4589.428,-363.437
PF02/0094/L083,CE,40.919883,14.050483,50.0,4305.139,52.954
PF03/0094/L083,CE,40.919716,14.046753,50.0,4290.042,-261.307
PF04/0094/L083,CE,40.915874,14.045949,10.0,3864.236,-333.691
PF09/0094/L083,CE,40.92658,14.046968,50.0,5051.773,-234.905
PF10/0094/L083,CE,40.916472,14.048644,50.0,3928.112,-106.008
PF11/0094/L083,CE,40.919285,14.042595,50.0,4246.0,-612.0
PF12/0094/L083,CE,40.913468,14.045065,12.0,3598.0,-411.0
PF02/0095/L083,CE,40.911508,14.048102,50.0,3377.574,-157.627
PF04/0095/L083,CE,40.914638,14.050637,50.0,3722.687,59.603
PF02/0096/L083,CE,40.924261,14.056149,50.0,4785.968,535.313
PF03/0096/L083,CE,40.92364,14.057935,50.0,4715.453,684.969
PF04/0096/L083,CE,40.916646,14.054245,50.0,3942.379,365.842
PF05/0096/L083,CE,40.918769,14.057877,50.0,4174.727,674.293
PF06/0096/L083,CE,40.919445,14.060765,50.0,4247.194,918.306
PF07/0096/L083,CE,40.916651,14.060543,50.0,3937.24,896.198
PF08/0096/L083,CE,40.922539,14.061452,50.0,4589.961,979.765
PF09/0096/L083,CE,40.918823,14.053608,50.0,4184.59,314.878
PF10/0096/L083,CE,40.922349,14.054087,50.0,4575.635,359.454
PF02/0097/L083,CE,40.92586,14.063343,12.0,4957.0,1143.0
PF03/0097/L083,CE,40.92916,14.064839,50.0,5321.916,1272.841
PF04/0097/L083,CE,40.931325,14.071012,50.0,5556.798,1795.113
PF05/0097/L083,CE,40.928382,14.059466,50.0,5240.408,819.514
PF01/0098/L083,CE,40.927929,14.071457,50.0,5179.384,1828.642
PF02/0098/L083,CE,40.926967,14.074314,12.0,5070.0,2068.0
PF03/0098/L083,CE,40.92329,14.068581,70.0,4667.0,1581.0
PF04/0098/L083,CE,40.924777,14.07468,70.0,4826.635,2096.28
PF02/0099/L083,CE,40.929013,14.078377,50.0,5293.541,2412.551
PF04/0099/L083,CE,40.930153,14.080072,50.0,5418.554,2556.529
PF05/0099/L083,CE,40.92862,14.083361,50.0,5245.521,2831.715
PF06/0099/L083,CE,40.925368,14.077687,50.0,4889.539,2350.187
PF07/0099/L083,CE,40.929654,14.075656,50.0,5367.123,2184.17
PF01/0100/L083,CE,40.913545,14.064313,12.0,3589.0,1210.0
PF01/0101/L083,CE,40.919344,14.068955,50.0,4228.618,1607.809
PF02/0101/L083,CE,40.919927,14.076732,70.0,4286.315,2263.325
PF03/0101/L083,CE,40.916493,14.073498,12.0,3908.0,1987.0
PF05/0102/L083,CE,40.920238,14.084726,10.0,4313.8,2936.9
PF08/0102/L083,CE,40.924772,14.082578,50.0,4819.006,2761.294
PF09/0102/L083,CE,40.920423,14.081732,50.0,4337.0,2685.0
PF10/0102/L083,CE,40.922999,14.086295,50.0,4618.864,3072.178
PF11/0102/L083,CE,40.923084,14.081066,12.0,4633.0,2632.0
PF12/0102/L083,CE,40.923247,14.0781,70.0,4653.709,2382.483
PF13/0102/L083,CE,40.918891,14.089944,50.0,4159.624,3374.726
PF14/0102/L083,CE,40.917897,14.084582,12.0,4054.0,2922.0
PF02/0103/L083,CE,40.921474,14.088854,50.0,4447.332,3285.876
PF03/0103/L083,CE,40.925314,14.08594,50.0,4876.252,3044.945
PF05/0103/L083,CE,40.924635,14.091184,50.0,4796.259,3485.708
PF03/0104/L083,CE,40.910565,14.009425,50.0,3309.032,-3416.112
PF04/0104/L083,CE,40.906174,14.014266,50.0,2816.957,-3013.874
PF05/0104/L083,CE,40.904667,14.016961,50.0,2647.207,-2788.756
PF06/0104/L083,CE,40.908733,14.007125,50.0,3107.862,-3612.114
PF08/0104/L083,CE,40.908443,14.011052,50.0,3071.925,-3281.777
PF09/0104/L083,CE,40.911483,14.006278,12.0,3414.0,-3680.0
PF01/0105/L083,CE,40.906685,14.02157,50.0,2866.818,-2398.043
PF03/0105/L083,CE,40.911183,14.017551,12.0,3370.0,-2731.0
PF04/0105/L083,CE,40.909057,14.020717,50.0,3130.974,-2466.938
PF05/0105/L083,CE,40.907295,14.018363,50.0,2937.606,-2667.408
PF01/0106/L083,CE,40.90845,14.025087,50.0,3059.426,-2099.689
PF05/0106/L083,CE,40.905675,14.028698,12.0,2748.0,-1799.0
PF01/0107/L083,CE,40.915702,14.035204,50.0,3855.085,-1238.711
PF03/0107/L083,CE,40.911944,14.036182,10.0,3437.0,-1161.0
PF06/0107/L083,CE,40.907217,14.03162,50.0,2916.5,-1551.0
PF07/0107/L083,CE,40.905181,14.033138,70.0,2689.007,-1425.662
PF08/0107/L083,CE,40.90619,14.035413,50.0,2798.91,-1232.78
PF09/0107/L083,CE,40.911274,14.035699,50.0,3363.1,-1202.5
PF10/0107/L083,CE,40.911763,14.028872,50.0,3423.702,-1776.853
PF11/0107/L083,CE,40.909714,14.032453,50.0,3192.885,-1477.745
PF02/0108/L083,CE,40.903246,14.019964,50.0,2486.61,-2537.624
PF03/0108/L083,CE,40.90153,14.017308,50.0,2298.539,-2763.454
PF08/0108/L083,CE,40.89696,14.017885,50.0,1790.689,-2720.592
PF09/0108/L083,CE,40.905368,14.011398,50.0,2730.307,-3256.475
PF10/0108/L083,CE,40.903543,14.014656,50.0,2524.56,-2984.365
PF11/0108/L083,CE,40.899625,14.01321,12.0,2091.0,-3111.0
PF01/0109/L083,CE,40.900163,14.027881,50.0,2136.885,-1874.598
PF02/0109/L083,CE,40.90357,14.027387,50.0,2515.617,-1912.01
PF03/0109/L083,CE,40.903341,14.022973,50.0,2494.311,-2284.09
PF04/0109/L083,CE,40.900707,14.030879,50.0,2194.429,-1621.389
PF01/0110/L083,CE,40.910248,14.04124,50.0,3244.023,-737.047
PF02/0110/L083,CE,40.909165,14.044237,10.0,3121.0,-486.0
PF03/0110/L083,CE,40.907071,14.041605,50.0,2890.994,-710.19
PF04/0110/L083,CE,40.905671,14.044844,50.0,2732.548,-439.082
PF07/0110/L083,CE,40.903244,14.043932,70.0,2464.046,-518.849
PF09/0110/L083,CE,40.899241,14.041544,50.0,2021.795,-724.9
PF11/0110/L083,CE,40.897819,14.036888,50.0,1868.28,-1118.759
PF13/0110/L083,CE,40.900031,14.036596,70.0,2114.155,-1140.684
PF14/0110/L083,CE,40.901632,14.038986,70.0,2289.642,-937.419
PF16/0110/L083,CE,40.904251,14.040461,12.0,2579.0,-810.0
PF17/0110/L083,CE,40.898173,14.044119,50.0,1900.934,-509.235
PF01/0111/L083,CE,40.906352,14.048852,50.0,2804.54,-100.73
PF02/0111/L083,CE,40.909423,14.050431,12.0,3144.0,36.0
PF03/0111/L083,CE,40.904059,14.050947,50.0,2548.0,73.0
PF01/0112/L083,CE,40.909763,14.053797,50.0,3178.617,319.881
PF01/0113/L083,CE,40.894466,14.018737,50.0,1513.04,-2651.894
PF02/0113/L083,CE,40.892577,14.024278,50.0,1298.086,-2187.459
PF03/0113/L083,CE,40.889325,14.019762,50.0,941.402,-2571.913
PF04/0113/L083,CE,40.883725,14.019429,12.0,320.0,-2607.0
PF05/0113/L083,CE,40.887113,14.019248,50.0,696.289,-2618.009
PF01/0114/L083,CE,40.898093,14.03011,50.0,1905.007,-1689.379
PF02/0114/L083,CE,40.896257,14.028753,12.0,1702.5,-1806.0
PF03/0114/L083,CE,40.89782,14.027698,50.0,1876.931,-1892.869
PF04/0114/L083,CE,40.892671,14.02641,50.0,1306.54,-2007.757
PF01/0115/L083,CE,40.897576,14.033407,50.0,1844.577,-1412.267
PF02/0115/L083,CE,40.894706,14.033221,50.0,1526.063,-1431.476
PF03/0115/L083,CE,40.892746,14.032423,50.0,1309.245,-1501.087
PF07/0115/L083,CE,40.894634,14.030544,50.0,1520.603,-1657.072
PF08/0115/L083,CE,40.898368,14.032865,50.0,1933.0,-1457.0
PF01/0116/L083,CE,40.895617,14.042256,50.0,1618.835,-669.266
PF02/0116/L083,CE,40.895273,14.038578,50.0,1584.127,-979.52
PF03/0116/L083,CE,40.893836,14.04297,50.0,1420.545,-611.274
PF04/0116/L083,CE,40.892419,14.038765,22.0,1267.116,-967.243
PF02/0117/L083,CE,40.900007,14.045848,50.0,2102.888,-361.4
PF04/0117/L083,CE,40.888024,14.036731,22.0,781.105,-1144.008
PF05/0117/L083,CE,40.892286,14.047839,12.0,1244.0,-203.0
PF01/0118/L083,CE,40.903448,14.046424,50.0,2484.349,-308.719
PF02/0118/L083,CE,40.901405,14.050337,50.0,2253.94,18.437
PF03/0118/L083,CE,40.898655,14.04854,50.0,1950.299,-136.3
PF01/0119/L083,CE,40.89032,14.025378,50.0,1046.582,-2097.638
PF02/0119/L083,CE,40.885643,14.028967,10.0,524.0,-1801.0
PF04/0119/L083,CE,40.885609,14.029021,50.0,520.169,-1796.528
PF06/0119/L083,CE,40.884342,14.02631,10.0,382.0,-2026.5
PF07/0119/L083,CE,40.891708,14.02769,50.0,1198.49,-1901.148
PF08/0119/L083,CE,40.885613,14.025395,50.0,524.0,-2102.0
PF09/0119/L083,CE,40.883019,14.02694,50.0,234.607,-1974.982
PF01/0120/L083,CE,40.886143,14.033488,50.0,575.303,-1419.475
PF02/0120/L083,CE,40.888701,14.034522,50.0,858.258,-1329.247
PF03/0120/L083,CE,40.889898,14.03911,50.0,986.844,-941.267
PF04/0120/L083,CE,40.887622,14.030906,50.0,741.831,-1635.177
PF01/0001/L155,CE,40.973172,14.197338,12.0,10097.0,12473.4
PF02/0001/L155,CE,40.974205,14.195586,52.0,10213.02,12327.084
PF03/0001/L155,CE,40.972023,14.195505,50.0,9970.815,12318.055
PF06/0001/L155,CE,40.967401,14.161465,50.0,9484.637,9449.002
PF07/0001/L155,CE,40.969059,14.195917,50.0,9641.511,12349.664
PF09/0001/L155,CE,40.97146,14.197741,50.0,9906.604,12505.575
PF15/0001/L155,CE,40.968581,14.16616,50.0,9611.868,9845.272
PF16/0001/L155,CE,40.969088,14.172207,50.0,9663.292,10354.614
PF17/0001/L155,CE,40.976388,14.198542,12.0,10453.0,12578.0
PF01/0002/L155,CE,40.965638,14.19351,50.0,9263.6,12143.6
PF03/0002/L155,CE,40.972024,14.156094,50.0,10002.244,9001.978
PF04/0002/L155,CE,40.961679,14.192372,10.0,8824.9,12043.8
PF05/0002/L155,CE,40.960957,14.188953,10.0,8747.5,11755.3
PF06/0002/L155,CE,40.964507,14.164802,50.0,9160.663,9726.713
PF09/0002/L155,CE,40.950637,14.17421,50.0,7613.484,10503.789
PF10/0002/L155,CE,40.959551,14.193327,12.0,8588.0,12122.0
PF11/0002/L155,CE,40.966125,14.162621,50.0,9342.116,9544.907
PF12/0002/L155,CE,40.958781,14.172622,50.0,8518.724,10378.72
PF13/0002/L155,CE,40.960676,14.197021,12.0,8710.0,12434.0
PF02/0003/L155,CE,40.955373,14.185248,50.0,8130.509,11437.758
PF04/0003/L155,CE,40.951934,14.188034,50.0,7746.546,11668.724
PF07/0003/L155,CE,40.94912,14.185594,50.0,7436.08,11460.404
PF09/0003/L155,CE,40.946855,14.185549,50.0,7184.665,11454.315
PF10/0003/L155,CE,40.944805,14.184373,10.0,6958.0,11353.2
PF11/0003/L155,CE,40.929228,14.057474,50.0,5336.134,652.831
PF13/0003/L155,CE,40.936717,14.151919,50.0,6086.127,8612.687
PF16/0003/L155,CE,40.937919,14.156649,50.0,6215.645,9012.162
PF18/0003/L155,CE,40.954739,14.187804,50.0,8058.067,11652.243
PF19/0003/L155,CE,40.953286,14.191651,50.0,7893.777,11974.506
PF20/0003/L155,CE,40.957657,14.18568,50.0,8383.712,11476.489
PF21/0003/L155,CE,40.954498,14.189055,50.0,8030.297,11757.219
PF13/0004/L155,CE,40.930609,14.129049,50.0,5426.98,6680.592
PF19/0004/L155,CE,40.946437,14.168855,50.0,7151.471,10048.687
PF20/0004/L155,CE,40.932498,14.142612,50.0,5625.424,7824.57
PF21/0004/L155,CE,40.935233,14.144757,50.0,5927.192,8008.104
PF24/0004/L155,CE,40.930409,14.125248,50.0,5407.978,6360.369
PF25/0004/L155,CE,40.941502,14.143301,50.0,6624.374,7892.349
PF26/0004/L155,CE,40.948677,14.144816,50.0,7419.65,8027.654
PF27/0004/L155,CE,40.936362,14.130754,50.0,6064.228,6830.46
PF28/0004/L155,CE,40.938307,14.134525,50.0,6276.979,7150.137
PF29/0004/L155,CE,40.946422,14.159726,50.0,7157.112,9280.24
PF31/0004/L155,CE,40.945919,14.156108,50.0,7104.235,8975.171
PF08/0005/L155,CE,40.936684,14.179379,50.0,6060.375,10924.33
PF09/0005/L155,CE,40.941062,14.178396,50.0,6547.149,10846.192
PF10/0005/L155,CE,40.940137,14.175385,50.0,6446.894,10591.752
PF13/0005/L155,CE,40.941032,14.176834,50.0,6545.028,10714.599
PF16/0005/L155,CE,40.932731,14.179927,50.0,5621.092,10966.389
PF17/0005/L155,CE,40.941464,14.181942,40.0,6589.039,11145.08
PF18/0005/L155,CE,40.939107,14.177812,40.0,6330.608,10794.943
PF19/0005/L155,CE,40.934273,14.175371,50.0,5795.903,10584.439
PF20/0005/L155,CE,40.943131,14.18091,50.0,6774.872,11059.943
PF21/0005/L155,CE,40.938816,14.178374,50.0,6297.826,10841.947
PF22/0005/L155,CE,40.938444,14.181894,50.0,6253.82,11137.877
PF04/0006/L155,CE,40.932471,14.193553,50.0,5581.603,12113.269
PF05/0006/L155,CE,40.932022,14.192866,50.0,5532.217,12054.927
PF08/0006/L155,CE,40.927238,14.167673,50.0,5021.073,9928.875
PF09/0006/L155,CE,40.933272,14.186876,50.0,5675.693,11551.922
PF10/0006/L155,CE,40.942762,14.183757,50.0,6731.696,11299.209
PF11/0006/L155,CE,40.944002,14.186261,50.0,6867.38,11511.238
PF12/0006/L155,CE,40.940461,14.184247,50.0,6475.807,11338.056
PF14/0006/L155,CE,40.941176,14.160535,50.0,6574.065,9342.756
PF15/0006/L155,CE,40.940753,14.164138,50.0,6524.259,9645.597
PF17/0006/L155,CE,40.929136,14.191777,50.0,5212.748,11960.275
PF18/0006/L155,CE,40.932031,14.184201,50.0,5540.069,11325.439
PF19/0006/L155,CE,40.929949,14.166151,50.0,5323.304,9803.632
PF22/0006/L155,CE,40.928148,14.163295,50.0,5125.577,9561.225
PF24/0006/L155,CE,40.94004,14.189399,50.0,6425.087,11771.291
PF01/0007/L155,CE,40.933584,14.187898,50.0,5709.504,11638.349
PF03/0007/L155,CE,40.934718,14.176197,50.0,5844.665,10654.448
PF04/0007/L155,CE,40.917232,14.127308,50.0,3943.447,6519.189
PF01/0001/L205,CE,41.05837,14.023861,50.0,19703.793,-2016.915
PF02/0001/L205,CE,41.060189,14.020683,50.0,19908.703,-2281.65
PF03/0001/L205,CE,41.059956,14.01747,12.0,19885.827,-2551.954
PF01/0002/L205,CE,41.058719,14.01437,50.0,19751.461,-2813.968
PF02/0002/L205,CE,41.052339,14.018504,50.0,19039.283,-2474.633
PF03/0002/L205,CE,41.056909,14.021384,50.0,19543.911,-2226.853
PF04/0002/L205,CE,41.054042,14.015795,50.0,19230.916,-2700.083
PF06/0002/L205,CE,41.058113,14.011428,50.0,19687.0,-3062.0
PF07/0002/L205,CE,41.056769,14.015982,50.0,19533.462,-2681.033
PF01/0004/L205,CE,41.050413,14.01065,50.0,18832.905,-3137.099
PF02/0004/L205,CE,41.055905,14.088547,4.0,19371.243,3415.796
PF03/0004/L205,CE,41.053191,14.005665,50.0,19146.1,-3552.5
PF09/0005/L205,CE,41.043703,14.014832,12.0,18084.0,-2794.0
PF10/0005/L205,CE,41.04806,14.013754,12.0,18568.711,-2879.114
PF11/0005/L205,CE,41.046898,14.020841,12.0,18433.0,-2285.0
PF12/0005/L205,CE,41.043778,14.021078,50.0,18086.407,-2268.927
PF01/0006/L205,CE,41.050582,14.025687,50.0,18837.407,-1873.15
PF02/0006/L205,CE,41.048589,14.030704,50.0,18611.557,-1453.939
PF03/0006/L205,CE,41.046685,14.030567,50.0,18400.304,-1467.784
PF04/0006/L205,CE,41.044353,14.031249,50.0,18140.711,-1413.398
PF08/0006/L205,CE,41.051339,14.032687,50.0,18914.982,-1283.889
PF09/0006/L205,CE,41.049324,14.034635,50.0,18689.412,-1122.686
PF10/0006/L205,CE,41.053329,14.030658,50.0,19137.81,-1451.976
PF02/0007/L205,CE,41.044196,14.039459,50.0,18115.704,-723.566
PF03/0007/L205,CE,41.048049,14.042929,50.0,18540.233,-427.192
PF04/0007/L205,CE,41.040804,14.036868,50.0,17741.524,-945.462
PF05/0007/L205,CE,41.044581,14.033539,50.0,18163.884,-1220.615
PF06/0007/L205,CE,41.042642,14.035674,50.0,17946.648,-1043.576
PF01/0008/L205,CE,41.040141,14.001139,50.0,17701.714,-3949.425
PF02/0008/L205,CE,41.041542,14.000142,50.0,17858.18,-4031.436
PF05/0008/L205,CE,41.044629,14.008202,12.0,18193.1,-3350.1
PF01/0009/L205,CE,41.043997,14.011035,10.0,18120.3,-3112.8
PF06/0009/L205,CE,41.036799,14.017395,10.0,17315.2,-2587.2
PF08/0009/L205,CE,41.039128,14.00963,50.0,17581.087,-3237.023
PF10/0009/L205,CE,41.041893,14.009048,50.0,17888.58,-3282.417
PF11/0009/L205,CE,41.04106,14.019969,50.0,17785.739,-2365.518
PF12/0009/L205,CE,41.038825,14.015874,50.0,17541.551,-2712.505
PF13/0009/L205,CE,41.035884,14.017524,12.0,17213.504,-2577.525
PF14/0009/L205,CE,41.038503,14.012471,12.0,17509.0,-2999.0
PF15/0009/L205,CE,41.040742,14.013116,12.0,17757.0,-2942.0
PF01/0010/L205,CE,41.044488,14.023995,50.0,18162.553,-2022.899
PF02/0010/L205,CE,41.039592,14.023275,50.0,17619.732,-2089.47
PF03/0010/L205,CE,41.038968,14.026335,50.0,17547.536,-1833.103
PF04/0010/L205,CE,41.044858,14.028351,50.0,18199.474,-1656.322
PF05/0010/L205,CE,41.040896,14.02516,50.0,17762.629,-1929.446
PF06/0010/L205,CE,41.047012,14.026373,50.0,18440.45,-1819.907
PF01/0011/L205,CE,41.03623,14.024922,50.0,17244.882,-1955.223
PF02/0011/L205,CE,41.039445,14.033654,50.0,17593.679,-1217.264
PF03/0011/L205,CE,41.033098,14.036999,50.0,16885.877,-943.9
PF04/0011/L205,CE,41.038091,14.018673,50.0,17457.376,-2478.224
PF05/0011/L205,CE,41.036426,14.021329,50.0,17270.027,-2257.005
PF03/0012/L205,CE,41.039481,13.998724,50.0,17630.778,-4153.3
PF04/0012/L205,CE,40.844421,14.256598,12.0,-4240.0,17338.0
PF03/0013/L205,CE,41.035668,14.087454,10.0,17125.6,3300.5
PF04/0013/L205,CE,41.035471,14.083449,10.0,17107.3,2963.6
PF07/0013/L205,CE,41.030124,14.09187,10.0,16506.3,3665.3
PF10/0013/L205,CE,41.034703,14.00422,50.0,17094.99,-3697.344
PF11/0013/L205,CE,41.037163,14.003152,50.0,17369.174,-3783.983
PF12/0013/L205,CE,41.031877,14.006105,50.0,16779.489,-3542.464
PF13/0013/L205,CE,41.030002,14.003757,50.0,16573.603,-3742.196
PF14/0013/L205,CE,41.032035,14.001419,50.0,16801.502,-3936.197
PF15/0013/L205,CE,41.031679,14.008754,50.0,16755.0,-3320.0
PF01/0014/L205,CE,41.034373,14.021333,50.0,17042.122,-2259.252
PF03/0014/L205,CE,41.032303,14.014241,12.0,16819.0,-2858.0
PF03/0015/L205,CE,41.034616,14.102702,10.0,16995.6,4581.0
PF04/0015/L205,CE,41.032744,14.105866,10.0,16785.0,4844.8
PF05/0015/L205,CE,41.033307,14.100897,10.0,16851.8,4427.8
PF06/0015/L205,CE,41.031765,13.996869,12.0,16776.0,-4319.0
PF08/0015/L205,CE,41.031481,14.002118,50.0,16739.393,-3878.164
PF01/0016/L205,CE,41.021503,14.001795,12.0,15632.0,-3918.0
PF03/0016/L205,CE,41.023417,13.996033,12.0,15850.0,-4400.0
PF04/0016/L205,CE,41.022896,13.993091,12.0,15795.0,-4648.0
PF05/0016/L205,CE,41.02789,13.998753,50.0,16343.955,-4165.609
PF06/0016/L205,CE,41.027404,14.007541,50.0,16281.536,-3427.425
PF07/0016/L205,CE,41.023621,14.004547,50.0,15864.45,-3683.895
PF02/0001/L379A,CE,40.905209,14.112056,50.0,2621.665,5221.28
PF03/0001/L379A,CE,40.90311,14.129211,50.0,2374.129,6663.822
PF04/0001/L379A,CE,40.902998,14.122416,50.0,2367.402,6091.426
PF06/0001/L379A,CE,40.904244,14.127967,50.0,2501.099,6560.284
PF07/0001/L379A,CE,40.904253,14.132708,10.0,2498.1,6959.6
PF08/0001/L379A,CE,40.903724,14.123015,50.0,2447.525,6142.615
PF02/0002/L379A,CE,40.903741,14.12677,50.0,2446.281,6458.901
PF03/0002/L379A,CE,40.900605,14.139001,50.0,2087.889,7485.682
PF05/0002/L379A,CE,40.898922,14.128093,50.0,1910.16,6565.041
PF06/0002/L379A,CE,40.899814,14.12904,50.0,2008.337,6645.811
PF09/0002/L379A,CE,40.896988,14.127324,50.0,1696.153,6498.078
PF10/0002/L379A,CE,40.899206,14.125453,50.0,1943.943,6342.958
PF11/0002/L379A,CE,40.907106,14.147404,50.0,2802.609,8200.477
PF13/0002/L379A,CE,40.898002,14.130612,50.0,1805.928,6776.163
PF15/0002/L379A,CE,40.899673,14.120237,50.0,2000.16,5904.149
PF19/0002/L379A,CE,40.903619,14.132293,12.0,2428.0,6924.0
PF20/0002/L379A,CE,40.904423,14.148071,50.0,2504.22,8253.753
PF21/0002/L379A,CE,40.898918,14.121762,50.0,1914.984,6031.767
PF22/0002/L379A,CE,40.897619,14.117401,50.0,1774.545,5662.998
PF03/0003/L379A,CE,40.903041,14.142338,50.0,2355.596,7769.435
PF04/0003/L379A,CE,40.900936,14.14739,50.0,2117.758,8192.698
PF05/0003/L379A,CE,40.901278,14.149867,50.0,2153.614,8401.705
PF06/0003/L379A,CE,40.897666,14.143595,50.0,1757.836,7869.422
PF07/0003/L379A,CE,40.902304,14.148209,50.0,2268.88,8263.159
PF11/0003/L379A,CE,40.900922,14.155437,50.0,2109.621,8870.42
PF12/0003/L379A,CE,40.902352,14.153071,50.0,2270.216,8672.731
PF13/0003/L379A,CE,40.901013,14.157084,50.0,2118.34,9009.245
PF14/0003/L379A,CE,40.912824,14.158554,50.0,3428.324,9145.668
PF15/0003/L379A,CE,40.905321,14.148971,50.0,2603.2,8330.563
PF16/0003/L379A,CE,40.901491,14.152716,50.0,2174.989,8641.885
PF17/0003/L379A,CE,40.902322,14.14741,50.0,2271.55,8195.814
PF18/0003/L379A,CE,40.90394,14.146742,50.0,2451.702,8141.299
PF19/0003/L379A,CE,40.901882,14.147541,70.0,2222.57,8206.369
PF23/0003/L379A,CE,40.901028,14.144091,50.0,2130.589,7914.874
PF25/0003/L379A,CE,40.904514,14.150304,50.0,2512.534,8441.969
PF27/0003/L379A,CE,40.904726,14.149098,70.0,2536.985,8340.62
PF28/0003/L379A,CE,40.903632,14.144151,70.0,2419.707,7922.788
PF29/0003/L379A,CE,40.904568,14.142727,50.0,2524.747,7803.808
PF02/0004/L379A,CE,40.893553,14.121521,50.0,1319.666,6005.483
PF04/0004/L379A,CE,40.911253,14.127626,50.0,3279.392,6539.366
PF05/0004/L379A,CE,40.89659,14.12747,50.0,1651.8,6510.0
PF10/0004/L379A,CE,40.893686,14.120861,50.0,1335.0,5950.0
PF11/0004/L379A,CE,40.897229,14.121475,50.0,1727.781,6005.675
PF12/0004/L379A,CE,40.893574,14.117837,50.0,1325.083,5695.136
PF13/0004/L379A,CE,40.909414,14.124489,50.0,3077.879,6273.09
PF15/0004/L379A,CE,40.89575,14.123338,12.0,1562.0,6161.0
PF01/0005/L379A,CE,40.895649,14.131538,50.0,1543.885,6851.606
PF02/0005/L379A,CE,40.905817,14.145094,50.0,2661.444,8004.593
PF03/0005/L379A,CE,40.906545,14.141895,50.0,2744.855,7735.945
PF05/0005/L379A,CE,40.887552,14.138841,50.0,639.009,7457.92
PF06/0005/L379A,CE,40.901305,14.143689,50.0,2161.7,7881.354
PF12/0005/L379A,CE,40.898335,14.14519,50.0,1830.827,8004.501
PF13/0005/L379A,CE,40.898638,14.152506,50.0,1858.416,8621.121
PF14/0005/L379A,CE,40.903049,14.14123,70.0,2357.319,7676.104
PF15/0005/L379A,CE,40.902485,14.145664,70.0,2291.13,8048.98
PF16/0005/L379A,CE,40.894758,14.149423,50.0,1430.233,8357.208
PF17/0005/L379A,CE,40.893099,14.133748,12.0,1259.0,7035.0
PF18/0005/L379A,CE,40.891034,14.132641,50.0,1030.63,6939.469
PF19/0005/L379A,CE,40.896092,14.139915,50.0,1586.17,7557.77
PF06/0006/L379A,CE,40.900816,14.152313,50.0,2100.344,8607.207
PF10/0006/L379A,CE,40.900706,14.159267,50.0,2082.489,9192.795
PF11/0006/L379A,CE,40.902345,14.157408,50.0,2265.892,9037.99
PF19/0006/L379A,CE,40.898786,14.158843,50.0,1869.707,9155.046
PF27/0006/L379A,CE,40.896657,14.158096,50.0,1633.915,9089.822
PF28/0006/L379A,CE,40.896922,14.154092,50.0,1666.574,8752.855
PF01/0001/L379B,CE,40.9306,14.158819,50.0,5401.474,9186.978
PF11/0001/L379B,CE,40.913208,14.151699,50.0,3476.478,8568.78
PF12/0001/L379B,CE,40.909985,14.159201,50.0,3112.576,9197.194
PF15/0001/L379B,CE,40.920019,14.160273,50.0,4225.587,9298.173
PF16/0001/L379B,CE,40.929191,14.160196,50.0,5243.902,9301.448
PF18/0001/L379B,CE,40.923505,14.143472,50.0,4626.383,7887.207
PF19/0001/L379B,CE,40.909673,14.158406,50.0,3078.626,9129.875
PF20/0001/L379B,CE,40.922972,14.161771,50.0,4552.289,9427.451
PF21/0001/L379B,CE,40.906508,14.159046,50.0,2726.758,9180.363
PF01/0002/L379B,CE,40.904815,14.151869,50.0,2544.691,8574.109
PF03/0002/L379B,CE,40.916885,14.149649,50.0,3886.388,8400.186
PF04/0002/L379B,CE,40.9133,14.159693,50.0,3480.231,9242.15
PF05/0002/L379B,CE,40.899589,14.158186,50.0,1959.363,9100.531
PF06/0002/L379B,CE,40.899704,14.15952,50.0,1971.026,9213.023
PF08/0002/L379B,CE,40.921454,14.167923,50.0,4378.804,9943.8
PF09/0002/L379B,CE,40.91531,14.16202,50.0,3701.508,9440.234
PF10/0002/L379B,CE,40.915778,14.164953,50.0,3751.023,9687.732
PF11/0002/L379B,CE,40.918624,14.165105,50.0,4066.834,9703.554
PF12/0002/L379B,CE,40.917906,14.162273,50.0,3989.497,9464.31
PF01/0003/L379B,CE,40.89812,14.154141,50.0,1799.547,8758.29
PF02/0003/L379B,CE,40.909647,14.154815,50.0,3078.615,8827.371
PF03/0003/L379B,CE,40.92111,14.161252,50.0,4345.912,9381.768
PF04/0003/L379B,CE,40.910765,14.15299,50.0,3204.271,8674.88
PF05/0003/L379B,CE,40.919517,14.159391,50.0,4170.602,9223.349
PF01/0001/L540,CE,41.072824,14.106956,12.0,21233.5,4982.0
PF02/0001/L540,CE,41.070569,14.10782,60.0,20982.412,5052.059
PF03/0001/L540,CE,41.071518,14.110674,60.0,21085.329,5292.942
PF04/0001/L540,CE,41.066726,14.115762,12.0,20549.0,5715.0
PF01/0002/L540,CE,41.063568,14.104139,50.0,20208.376,4734.784
PF02/0002/L540,CE,41.063997,14.09692,70.0,20262.308,4128.742
PF03/0002/L540,CE,41.061337,14.099393,50.0,19964.846,4333.519
PF50/0002/L540,CE,41.062477,14.102047,50.0,20089.142,4557.764
PF01/0003/L540,CE,41.061798,14.118601,12.0,19999.5,5948.0
PF02/0003/L540,CE,41.060088,14.120877,12.0,19807.8,6137.3
PF03/0004/L540,CE,41.055711,14.14366,50.0,19302.75,8046.956
PF04/0004/L540,CE,41.063141,14.139655,12.0,20131.0,7718.5
PF05/0004/L540,CE,41.065742,14.138882,50.0,20420.355,7656.427
PF06/0004/L540,CE,41.058426,14.140637,50.0,19606.655,7795.899
PF07/0004/L540,CE,41.059053,14.143486,12.0,19674.0,8036.0
PF02/0005/L540,CE,41.064967,14.156329,12.0,20320.0,9121.5
PF03/0005/L540,CE,41.062869,14.149201,50.0,20092.852,8520.326
PF01/0006/L540,CE,41.063898,14.15786,12.0,20200.0,9249.0
PF02/0006/L540,CE,41.064777,14.162324,12.0,20294.0,9625.0
PF01/0007/L540,CE,41.058786,14.172725,50.0,19620.551,10492.605
PF02/0007/L540,CE,41.058624,14.176052,50.0,19600.0,10772.0
PF05/0007/L540,CE,41.059968,14.16715,50.0,19756.271,10025.43
PF06/0007/L540,CE,41.057888,14.161256,50.0,19530.12,9527.909
PF07/0007/L540,CE,41.061222,14.17738,50.0,19887.316,10886.308
PF08/0007/L540,CE,41.062751,14.171045,50.0,20062.085,10355.663
PF09/0007/L540,CE,41.061912,14.161111,50.0,19977.0,9520.0
PF01/0008/L540,CE,41.052818,14.097416,50.0,19020.8,4157.533
PF02/0008/L540,CE,41.050483,14.095351,50.0,18763.456,3981.352
PF04/0008/L540,CE,41.049905,14.100156,50.0,18695.091,4384.455
PF06/0008/L540,CE,41.053916,14.091204,50.0,19148.141,3636.835
PF07/0008/L540,CE,41.059959,14.090088,50.0,19820.0,3550.0
PF08/0008/L540,CE,41.051734,14.088831,50.0,18907.949,3434.883
PF10/0008/L540,CE,41.057072,14.098696,50.0,19491.919,4270.011
PF11/0008/L540,CE,41.057043,14.093835,50.0,19493.0,3861.5
PF13/0008/L540,CE,41.054319,14.087903,50.0,19195.829,3359.839
PF18/0008/L540,CE,41.057773,14.090529,50.0,19576.939,3584.575
PF02/0009/L540,CE,41.058163,14.104055,50.0,19608.434,4721.565
PF03/0009/L540,CE,41.059712,14.106836,12.0,19778.0,4957.0
PF04/0009/L540,CE,41.054299,14.103056,50.0,19180.336,4633.193
PF05/0009/L540,CE,41.056084,14.107158,12.0,19375.0,4980.0
PF09/0009/L540,CE,41.061052,14.103407,50.0,19929.686,4670.458
PF01/0010/L540,CE,41.06033,14.116339,12.0,19838.5,5756.3
PF02/0010/L540,CE,41.057061,14.122972,12.0,19470.0,6310.0
PF03/0010/L540,CE,41.056009,14.112853,50.0,19361.709,5458.493
PF04/0010/L540,CE,41.052356,14.114348,12.0,18955.0,5580.0
PF01/0011/L540,CE,41.058109,14.132594,50.0,19578.225,7119.669
PF02/0011/L540,CE,41.050065,14.132765,50.0,18685.081,7125.189
PF03/0011/L540,CE,41.053148,14.143837,50.0,19018.156,8059.011
PF05/0011/L540,CE,41.056269,14.139247,50.0,19368.419,7676.698
PF06/0011/L540,CE,41.055478,14.132728,12.0,19286.0,7128.0
PF01/0012/L540,CE,41.059373,14.147781,50.0,19705.98,8397.216
PF03/0014/L540,CE,41.033626,14.078922,50.0,16906.521,2580.901
PF01/0015/L540,CE,41.045618,14.085488,10.0,18232.0,3146.8
PF04/0015/L540,CE,41.04036,14.088636,50.0,17645.457,3405.285
PF05/0015/L540,CE,41.038196,14.087258,50.0,17406.473,3286.889
PF06/0015/L540,CE,41.036001,14.089277,50.0,17161.013,3454.096
PF07/0015/L540,CE,41.045716,14.088982,50.0,18239.745,3440.557
PF09/0015/L540,CE,41.047088,14.085334,50.0,18395.265,3135.588
PF10/0015/L540,CE,41.04655,14.080365,12.0,18339.992,2717.325
PF14/0015/L540,CE,41.049446,14.08902,50.0,18653.767,3448.052
PF15/0015/L540,CE,41.043173,14.087044,50.0,17959.159,3274.731
PF16/0015/L540,CE,41.043177,14.083313,50.0,17962.884,2961.159
PF01/0016/L540,CE,41.03602,14.084947,50.0,17166.979,3090.142
PF02/0016/L540,CE,41.04305,14.095733,50.0,17937.913,4004.91
PF03/0016/L540,CE,41.043693,14.09796,12.0,18007.3,4192.8
PF04/0016/L540,CE,41.048491,14.100132,50.0,18538.141,4380.825
PF07/0016/L540,CE,41.039656,14.098968,50.0,17558.252,4272.895
PF09/0016/L540,CE,41.034592,14.093252,50.0,17001.121,3786.622
PF12/0016/L540,CE,41.0429,14.090473,50.0,17925.83,3562.621
PF13/0016/L540,CE,41.04606,14.098061,12.0,18270.0,4204.0
PF14/0016/L540,CE,41.036452,14.097568,50.0,17203.886,4151.505
PF15/0016/L540,CE,41.04822,14.095497,12.0,18512.0,3991.0
PF50/0016/L540,CE,41.038169,14.094277,50.0,17397.321,3876.852
PF51/0016/L540,CE,41.038292,14.090019,50.0,17414.655,3519.081
PF03/0017/L540,CE,41.052127,14.101048,12.0,18941.0,4462.0
PF04/0017/L540,CE,41.050163,14.110709,50.0,18714.652,5271.709
PF06/0017/L540,CE,41.048718,14.10276,12.0,18561.0,4602.0
PF07/0017/L540,CE,41.046826,14.107379,12.0,18347.0,4988.0
PF01/0018/L540,CE,41.040621,14.117791,50.0,17649.316,5856.131
PF02/0018/L540,CE,41.036527,14.112857,50.0,17198.971,5436.833
PF03/0018/L540,CE,41.039587,14.115055,50.0,17536.818,5625.042
PF04/0018/L540,CE,41.044763,14.108549,50.0,18117.0,5083.989
PF06/0018/L540,CE,41.039464,14.111987,50.0,17525.753,5367.012
PF08/0018/L540,CE,41.043405,14.109923,12.0,17965.0,5198.0
PF09/0018/L540,CE,41.040702,14.108498,50.0,17666.187,5075.142
PF10/0018/L540,CE,41.037382,14.105925,50.0,17299.865,4855.108
PF11/0018/L540,CE,41.041293,14.104729,50.0,17735.0,4759.0
PF12/0018/L540,CE,41.044608,14.105111,50.0,18102.758,4794.911
PF13/0018/L540,CE,41.042375,14.115543,50.0,17845.888,5669.127
PF14/0018/L540,CE,41.045376,14.113288,12.0,18181.0,5483.0
PF02/0019/L540,CE,41.049585,14.118253,12.0,18644.0,5905.0
PF03/0019/L540,CE,41.049687,14.125771,50.0,18649.0,6537.0
PF04/0019/L540,CE,41.047535,14.112842,12.0,18421.0,5448.0
PF01/0020/L540,CE,41.045821,14.117882,10.0,18226.5,5869.6
PF02/0020/L540,CE,41.045644,14.118829,50.0,18206.0,5949.0
PF03/0020/L540,CE,41.04612,14.123933,50.0,18254.5,6378.5
PF05/0020/L540,CE,41.043496,14.121511,50.0,17965.222,6171.989
PF09/0020/L540,CE,41.039317,14.121576,50.0,17501.292,6172.834
PF12/0020/L540,CE,41.042152,14.120257,50.0,17817.106,6065.137
PF14/0020/L540,CE,41.035307,14.118065,50.0,17059.118,5873.211
PF15/0020/L540,CE,41.047348,14.120525,50.0,18393.776,6093.505
PF16/0020/L540,CE,41.038109,14.118083,50.0,17370.164,5877.899
PF17/0020/L540,CE,41.036608,14.121888,50.0,17200.319,6196.019
PF18/0020/L540,CE,41.040919,14.124079,50.0,17677.0,6385.0
PF01/0021/L540,CE,41.038703,14.126926,50.0,17428.637,6621.837
PF02/0021/L540,CE,41.040495,14.129957,50.0,17624.989,6878.549
PF05/0021/L540,CE,41.042463,14.135327,50.0,17839.025,7332.111
PF06/0021/L540,CE,41.045428,14.126716,50.0,18175.338,6611.625
PF07/0021/L540,CE,41.039915,14.133654,50.0,17557.526,7188.686
PF08/0021/L540,CE,41.043493,14.131278,50.0,17956.697,6992.905
PF09/0021/L540,CE,41.045788,14.132769,50.0,18210.235,7120.788
PF10/0021/L540,CE,41.044943,14.135745,50.0,18114.0,7370.0
PF02/0022/L540,CE,41.051129,14.141055,50.0,18796.269,7823.011
PF03/0022/L540,CE,41.039983,14.137285,12.0,17562.0,7494.0
PF04/0022/L540,CE,41.047305,14.138332,12.0,18374.0,7590.0
PF01/0023/L540,CE,41.033574,14.146474,32.0,16842.979,8259.372
PF02/0023/L540,CE,41.032534,14.145409,50.0,16728.363,8168.704
PF04/0023/L540,CE,41.034571,14.142838,50.0,16956.594,7954.834
PF05/0023/L540,CE,41.03691,14.148204,50.0,17211.842,8408.386
PF06/0023/L540,CE,41.046402,14.147779,12.0,18266.0,8383.0
PF01/0024/L540,CE,41.037824,14.151553,50.0,17310.599,8690.884
PF03/0024/L540,CE,41.03461,14.149563,50.0,16955.396,8520.148
PF04/0024/L540,CE,41.039907,14.150288,50.0,17542.838,8586.82
PF06/0024/L540,CE,41.042752,14.156036,12.0,17854.0,9073.0
PF07/0024/L540,CE,41.045634,14.154726,12.0,18175.0,8966.0
PF08/0024/L540,CE,41.046918,14.161539,12.0,18312.0,9540.0
PF01/0025/L540,CE,41.032689,14.087332,50.0,16794.998,3286.776
PF03/0025/L540,CE,41.033443,14.096153,50.0,16871.058,4029.12
PF05/0025/L540,CE,41.030889,14.090229,50.0,16592.711,3528.22
PF06/0025/L540,CE,41.03149,14.094444,10.0,16655.7,3883.2
PF10/0025/L540,CE,41.031895,14.097922,50.0,16697.619,4176.079
PF12/0025/L540,CE,41.029712,14.092902,50.0,16459.656,3751.556
PF14/0025/L540,CE,41.025871,14.085264,50.0,16040.0,3105.0
PF15/0025/L540,CE,41.029275,14.096577,12.0,16408.0,4060.0
PF16/0025/L540,CE,41.033112,14.090328,50.0,16839.353,3539.104
PF17/0025/L540,CE,41.030915,14.082839,50.0,16602.014,2906.979
PF02/0026/L540,CE,40.970891,14.083642,50.0,9937.899,2904.57
PF03/0026/L540,CE,41.036697,14.115692,50.0,17215.421,5675.278
PF05/0026/L540,CE,41.03635,14.109376,50.0,17182.293,5144.018
PF06/0026/L540,CE,41.038833,14.101794,12.0,17464.5,4509.5
PF07/0026/L540,CE,40.975034,14.085201,50.0,10396.447,3040.545
PF08/0026/L540,CE,41.032903,14.113873,50.0,16795.839,5518.145
PF09/0026/L540,CE,41.034911,14.111784,50.0,17020.454,5344.776
PF10/0026/L540,CE,41.033882,14.10834,50.0,16909.209,5054.106
PF11/0026/L540,CE,40.97311,14.079463,50.0,10187.857,2555.492
PF12/0026/L540,CE,41.030962,14.111482,50.0,16582.389,5314.883
PF13/0026/L540,CE,40.978138,14.082501,50.0,10743.374,2816.991
PF01/0027/L540,CE,41.035312,14.114805,50.0,17062.466,5599.21
PF02/0027/L540,CE,41.035075,14.116565,50.0,17034.66,5746.887
PF04/0027/L540,CE,41.029768,14.116115,50.0,16445.814,5703.082
PF05/0027/L540,CE,41.029704,14.114618,50.0,16440.021,5577.096
PF06/0027/L540,CE,41.029778,14.116997,50.0,16446.241,5777.173
PF07/0027/L540,CE,41.030447,14.116479,50.0,16520.886,5734.398
PF08/0027/L540,CE,41.031302,14.115703,50.0,16616.452,5670.161
PF09/0027/L540,CE,41.031335,14.114413,50.0,16621.212,5561.701
PF10/0027/L540,CE,41.030378,14.114896,50.0,16514.583,5601.226
PF12/0027/L540,CE,41.032775,14.11871,50.0,16777.474,5924.549
PF01/0028/L540,CE,41.03623,14.126778,50.0,17154.193,6606.648
PF02/0028/L540,CE,41.036194,14.130606,50.0,17146.948,6928.381
PF05/0028/L540,CE,41.029121,14.124682,10.0,16366.8,6422.5
PF06/0028/L540,CE,41.037757,14.129196,32.0,17321.703,6811.551
PF07/0028/L540,CE,41.034924,14.128599,50.0,17007.659,6758.279
PF08/0028/L540,CE,41.034294,14.123177,50.0,16942.312,6301.77
PF10/0028/L540,CE,41.032195,14.126029,50.0,16706.938,6539.215
PF11/0028/L540,CE,41.032905,14.129355,50.0,16782.877,6819.566
PF12/0028/L540,CE,41.030137,14.120952,50.0,16482.677,6110.067
PF13/0028/L540,CE,41.034334,14.131209,12.0,16940.0,6977.0
PF02/0029/L540,CE,41.02282,14.095309,50.0,15692.508,3945.935
PF05/0029/L540,CE,41.019206,14.097062,70.0,15289.775,4089.221
PF07/0029/L540,CE,41.018813,14.099576,70.0,15243.951,4300.163
PF09/0029/L540,CE,41.021494,14.083386,50.0,15555.707,2942.004
PF10/0029/L540,CE,41.017889,14.09351,50.0,15146.655,3789.062
PF11/0029/L540,CE,41.016759,14.094247,70.0,15020.473,3849.71
PF12/0029/L540,CE,41.023942,14.086825,50.0,15824.468,3233.948
PF13/0029/L540,CE,41.020372,14.094788,70.0,15421.135,3899.367
PF14/0029/L540,CE,41.01875,14.095284,70.0,15240.644,3939.204
PF16/0029/L540,CE,41.021766,14.095825,50.0,15575.03,3988.146
PF18/0029/L540,CE,41.023611,14.088194,50.0,15786.444,3348.723
PF20/0029/L540,CE,41.025332,14.091869,50.0,15974.279,3659.674
PF01/0030/L540,CE,40.976943,14.086245,50.0,10607.397,3130.602
PF02/0030/L540,CE,41.029547,14.104718,50.0,16431.098,4744.725
PF03/0030/L540,CE,41.027746,14.103621,50.0,16232.1,4650.39
PF04/0030/L540,CE,41.029551,14.108861,12.0,16428.0,5093.0
PF05/0030/L540,CE,41.020928,14.103875,12.0,15475.0,4664.0
PF03/0031/L540,CE,41.026554,14.115683,50.0,16089.475,5663.089
PF05/0031/L540,CE,41.021855,14.117712,10.0,15566.0,5828.4
PF07/0031/L540,CE,41.025891,14.121283,50.0,16011.029,6133.214
PF08/0031/L540,CE,41.027711,14.113953,50.0,16219.3,5519.0
PF09/0031/L540,CE,41.024251,14.118864,12.0,15831.0,5928.0
PF10/0031/L540,CE,41.027949,14.118315,12.0,16242.0,5886.0
PF01/0032/L540,CE,41.030452,14.141077,50.0,16500.869,7802.259
PF02/0032/L540,CE,41.028534,14.133759,12.0,16294.0,7185.0
PF04/0033/L540,CE,41.010267,14.117821,50.0,14279.531,5824.597
PF05/0033/L540,CE,41.012347,14.116482,50.0,14511.576,5714.353
PF07/0033/L540,CE,41.012921,14.114593,50.0,14576.883,5556.106
PF08/0033/L540,CE,41.012363,14.120619,50.0,14509.833,6062.258
PF09/0033/L540,CE,41.009738,14.118396,50.0,14220.333,5872.373
PF15/0033/L540,CE,41.014989,14.097821,50.0,14820.956,4148.15
PF18/0033/L540,CE,41.013434,14.100667,50.0,14645.78,4385.689
PF21/0033/L540,CE,41.013627,14.09548,50.0,14671.804,3949.801
PF22/0033/L540,CE,41.016146,14.084108,50.0,14961.377,2996.433
PF24/0033/L540,CE,41.012539,14.110928,70.0,14537.599,5247.499
PF25/0033/L540,CE,41.015842,14.112555,70.0,14902.921,5388.086
PF26/0033/L540,CE,41.014375,14.108695,70.0,14743.407,5061.833
PF03/0034/L540,CE,41.012778,14.107043,50.0,14567.52,4921.074
PF04/0034/L540,CE,41.019611,14.109013,50.0,15324.332,5094.495
PF07/0034/L540,CE,41.017561,14.105856,10.0,15099.5,4826.7
PF08/0034/L540,CE,41.008684,14.110598,50.0,14109.922,5215.365
PF09/0034/L540,CE,41.020398,14.105343,50.0,15414.932,4786.799
PF10/0034/L540,CE,41.010476,14.111355,50.0,14308.264,5281.053
PF12/0034/L540,CE,41.018862,14.113391,50.0,15237.472,5461.773
PF13/0034/L540,CE,41.018962,14.099825,50.0,15260.267,4321.217
PF14/0034/L540,CE,41.016493,14.114186,50.0,14973.808,5525.964
PF15/0034/L540,CE,41.020909,14.112627,50.0,15465.4,5399.838
PF01/0035/L540,CE,41.017779,14.119237,50.0,15112.274,5952.114
PF02/0036/L540,CE,41.019458,14.113257,50.0,15303.725,5451.196
PF03/0036/L540,CE,41.01211,14.113131,50.0,14488.13,5432.316
PF04/0036/L540,CE,41.014469,14.114456,50.0,14748.87,5546.359
PF05/0036/L540,CE,41.012612,14.109037,50.0,14547.295,5088.602
PF06/0036/L540,CE,41.013789,14.110785,50.0,14676.516,5236.905
PF01/0037/L540,CE,41.015878,14.115621,50.0,14904.345,5645.89
PF02/0037/L540,CE,41.010335,14.108482,50.0,14295.019,5039.305
PF04/0037/L540,CE,41.005949,14.103577,50.0,13812.406,4621.893
PF06/0037/L540,CE,41.010127,14.110519,50.0,14270.261,5210.42
PF08/0037/L540,CE,41.012809,14.123704,50.0,14556.783,6322.169
PF12/0037/L540,CE,41.00719,14.107795,50.0,13946.457,4977.963
PF01/0038/L540,CE,41.014283,14.121811,10.0,14722.0,6164.6
PF04/0038/L540,CE,41.010844,14.117757,50.0,14343.684,5819.853
PF05/0038/L540,CE,41.009089,14.121031,50.0,14146.0,6093.2
PF09/0038/L540,CE,41.013546,14.116975,50.0,14644.271,5757.127
PF10/0038/L540,CE,41.015853,14.125533,50.0,14893.061,6479.313
PF11/0038/L540,CE,41.014358,14.131467,50.0,14722.159,6976.623
PF12/0038/L540,CE,41.010425,14.123758,50.0,14292.0,6324.0
PF13/0038/L540,CE,41.011682,14.127633,50.0,14428.291,6651.298
PF14/0038/L540,CE,41.009138,14.11337,12.0,14158.0,5449.0
PF04/0039/L540,CE,41.002713,14.101703,50.0,13454.711,4460.597
PF05/0039/L540,CE,41.000925,14.098486,50.0,13259.0,4188.0
PF06/0039/L540,CE,41.011335,14.107163,50.0,14407.24,4929.581
PF07/0039/L540,CE,40.998348,14.101786,50.0,12970.112,4462.533
PF08/0039/L540,CE,40.994237,14.10256,12.0,12513.0,4523.0
PF01/0040/L540,CE,41.005458,14.107231,10.0,13754.7,4928.6
PF02/0040/L540,CE,41.003682,14.111122,10.0,13554.2,5253.8
PF03/0040/L540,CE,41.005622,14.114658,10.0,13766.5,5553.4
PF05/0040/L540,CE,41.000587,14.112651,10.0,13209.3,5378.9
PF07/0040/L540,CE,41.001877,14.10636,50.0,13357.931,4851.284
PF08/0040/L540,CE,41.001817,14.117237,12.0,13342.0,5766.0
PF02/0041/L540,CE,41.00548,14.12892,50.0,13738.777,6752.623
PF04/0041/L540,CE,41.005106,14.13268,50.0,13694.07,7068.374
PF06/0041/L540,CE,41.00812,14.130312,50.0,14030.682,6872.621
PF07/0041/L540,CE,41.005434,14.121386,12.0,13740.0,6119.0
PF08/0041/L540,CE,41.003128,14.11963,50.0,13485.445,5968.676
PF09/0041/L540,CE,41.006613,14.117032,50.0,13874.527,5754.174
PF10/0041/L540,CE,41.007628,14.123236,12.0,13982.0,6277.0
PF11/0041/L540,CE,41.008024,14.126088,50.0,14023.491,6517.271
PF12/0041/L540,CE,41.005501,14.12544,12.0,13744.0,6460.0
PF01/0042/L540,CE,40.993391,14.108681,50.0,12413.874,5036.863
PF02/0042/L540,CE,40.998913,14.119107,12.0,13018.0,5920.0
PF03/0042/L540,CE,40.994767,14.105953,50.0,12569.0,4809.0
PF04/0042/L540,CE,40.633716,14.421601,50.0,-27734.799,31093.788
PF05/0042/L540,CE,40.991721,14.113211,50.0,12224.6,5416.053
PF01/0043/L540,CE,41.005189,14.136657,12.0,13700.0,7403.0
PF03/0043/L540,CE,41.003457,14.137437,50.0,13507.048,7466.64
PF04/0043/L540,CE,41.003432,14.128073,50.0,13512.1,6679.1
PF06/0043/L540,CE,41.000257,14.131327,50.0,13156.924,6949.279
PF07/0043/L540,CE,40.940679,14.20748,12.0,6482.0,13294.0
PF08/0043/L540,CE,40.999087,14.134954,12.0,13024.0,7253.0
PF09/0043/L540,CE,40.997172,14.13423,12.0,12812.0,7190.0
PF10/0043/L540,CE,40.998073,14.129414,12.0,12916.0,6786.0
PF02/0001/L591,CE,40.983367,14.093624,50.0,11314.067,3758.805
PF08/0001/L591,CE,40.974375,14.08942,50.0,10319.554,3394.764
PF09/0001/L591,CE,40.97648,14.090348,50.0,10552.433,3475.268
PF11/0001/L591,CE,40.985265,14.097374,12.0,11521.5,4076.5
PF07/0002/L591,CE,40.976925,14.09987,50.0,10593.483,4276.875
PF09/0002/L591,CE,40.975007,14.098459,50.0,10381.835,4156.002
PF10/0002/L591,CE,40.992116,14.20288,50.0,12195.676,12958.909
PF11/0002/L591,CE,40.983319,14.099959,50.0,11303.25,4291.691
PF15/0002/L591,CE,40.975437,14.094588,50.0,10432.919,3830.83
PF18/0002/L591,CE,40.97936,14.098321,50.0,10865.166,4149.343
PF19/0002/L591,CE,40.986098,14.101969,12.0,11610.0,4464.0
PF20/0002/L591,CE,40.984271,14.103314,12.0,11406.0,4575.0
PF21/0002/L591,CE,40.979164,14.101065,12.0,10841.0,4380.0
PF22/0002/L591,CE,40.977511,14.096978,12.0,10661.128,4034.244
PF01/0003/L591,CE,40.976383,14.084106,10.0,10547.1,2950.0
PF02/0003/L591,CE,40.972255,14.085052,50.0,10087.997,3024.737
PF03/0003/L591,CE,40.972042,14.089426,50.0,10060.515,3392.591
PF04/0003/L591,CE,40.970808,14.086845,50.0,9925.883,3173.991
PF06/0003/L591,CE,40.971919,14.082542,12.0,10053.0,2813.2
PF09/0003/L591,CE,40.975093,14.086299,50.0,10402.0,3133.0
PF01/0004/L591,CE,40.97265,14.097608,50.0,10120.881,4081.672
PF03/0004/L591,CE,40.971696,14.094015,50.0,10018.112,3778.248
PF04/0004/L591,CE,40.970197,14.091682,50.0,9853.798,3580.227
PF06/0004/L591,CE,40.968902,14.095502,50.0,9706.696,3900.19
PF01/0005/L591,CE,40.961884,14.06568,12.0,8954.0,1382.5
PF02/0005/L591,CE,40.960672,14.20298,12.0,8705.0,12935.5
PF03/0005/L591,CE,40.960749,14.067876,12.0,8826.0,1566.0
PF04/0005/L591,CE,40.963729,14.072763,50.0,9152.46,1980.773
PF02/0006/L591,CE,40.96685,14.074058,10.0,9497.8,2093.4
PF05/0006/L591,CE,40.963966,14.081234,50.0,9171.234,2693.891
PF06/0006/L591,CE,40.962257,14.07968,50.0,8982.883,2561.111
PF07/0006/L591,CE,40.959218,14.078218,50.0,8646.861,2434.508
PF08/0006/L591,CE,40.965781,14.080169,50.0,9373.71,2606.376
PF09/0006/L591,CE,40.955641,14.073496,50.0,8253.889,2032.932
PF10/0006/L591,CE,40.957504,14.075485,12.0,8459.0,2202.5
PF11/0006/L591,CE,40.968784,14.079635,50.0,9707.509,2564.888
PF12/0006/L591,CE,40.959677,14.071714,50.0,8703.542,1887.699
PF13/0006/L591,CE,40.960315,14.074171,50.0,8772.157,2095.188
PF14/0006/L591,CE,40.964672,14.077157,50.0,9253.267,2351.598
PF01/0007/L591,CE,40.967589,14.081679,50.0,9573.062,2735.517
PF02/0007/L591,CE,40.967513,14.083615,50.0,9562.916,2898.314
PF03/0007/L591,CE,40.966341,14.082399,50.0,9433.853,2794.621
PF04/0007/L591,CE,40.968276,14.086567,50.0,9645.041,3147.6
PF05/0007/L591,CE,40.966345,14.080537,50.0,9436.0,2638.0
PF07/0007/L591,CE,40.968764,14.083724,50.0,9701.696,2908.941
PF01/0008/L591,CE,40.967529,14.092054,50.0,9557.27,3608.498
PF04/0008/L591,CE,40.964315,14.094908,50.0,9197.996,3844.934
PF05/0008/L591,CE,40.966381,14.098914,50.0,9423.838,4184.368
PF06/0008/L591,CE,40.964979,14.102541,10.0,9265.0,4488.0
PF08/0008/L591,CE,40.961561,14.095149,10.0,8892.0,3862.0
PF09/0008/L591,CE,40.963201,14.087589,50.0,9080.707,3227.775
PF13/0008/L591,CE,40.967197,14.088435,50.0,9523.61,3303.566
PF15/0008/L591,CE,40.96633,14.085061,50.0,9430.333,3018.608
PF16/0008/L591,CE,40.964991,14.084193,50.0,9282.421,2944.038
PF20/0008/L591,CE,40.961017,14.08481,50.0,8840.698,2991.307
PF21/0008/L591,CE,40.962262,14.09155,50.0,8973.0,3560.0
PF22/0008/L591,CE,40.960475,14.087884,50.0,8777.824,3249.439
PF23/0008/L591,CE,40.959976,14.096669,50.0,8714.755,3988.152
PF24/0008/L591,CE,40.958506,14.093391,50.0,8554.415,3710.57
PF25/0008/L591,CE,40.965264,14.091636,10.0,9306.141,3570.692
PF01/0009/L591,CE,40.957254,14.067902,10.0,8438.0,1564.0
PF02/0009/L591,CE,40.955526,14.071467,10.0,8243.0,1862.0
PF03/0009/L591,CE,40.954414,14.067598,10.0,8123.0,1535.1
PF07/0009/L591,CE,40.948231,14.063906,50.0,7439.975,1217.003
PF09/0009/L591,CE,40.948936,14.067517,50.0,7514.903,1521.728
PF10/0009/L591,CE,40.951739,14.063029,50.0,7830.199,1147.322
PF11/0009/L591,CE,40.95313,14.070289,12.0,7978.0,1760.0
PF02/0010/L591,CE,40.951817,14.077576,50.0,7825.797,2371.83
PF03/0010/L591,CE,40.946556,14.071772,50.0,7246.918,1877.13
PF04/0010/L591,CE,40.950907,14.067077,50.0,7734.191,1487.066
PF05/0010/L591,CE,40.949667,14.074825,50.0,7589.567,2137.757
PF06/0010/L591,CE,40.943648,14.070781,10.0,6925.0,1790.2
PF07/0010/L591,CE,40.944585,14.075315,10.0,7025.0,2173.0
PF08/0010/L591,CE,40.945308,14.072157,12.0,7108.0,1908.0
PF09/0010/L591,CE,40.952344,14.073774,50.0,7887.66,2052.433
PF10/0010/L591,CE,40.956777,14.077395,50.0,8376.509,2362.408
PF12/0010/L591,CE,40.95459,14.078267,50.0,8132.968,2433.224
PF15/0010/L591,CE,40.949797,14.071429,12.0,7607.0,1852.0
PF50/0010/L591,CE,40.947675,14.065769,50.0,7376.477,1373.098
PF02/0011/L591,CE,40.957482,14.081894,50.0,8450.854,2741.839
PF04/0011/L591,CE,40.956047,14.086859,10.0,8287.2,3158.0
PF08/0011/L591,CE,40.954734,14.08444,50.0,8143.552,2952.9
PF09/0011/L591,CE,40.955217,14.087506,50.0,8194.394,3211.488
PF10/0011/L591,CE,40.949399,14.079133,12.0,7556.0,2500.0
PF11/0011/L591,CE,40.959031,14.086259,12.0,8619.0,3111.0
PF12/0011/L591,CE,40.95218,14.081078,12.0,7863.0,2667.0
PF01/0001/L594,CE,41.138955,14.212031,12.0,28490.0,13876.0
PF06/0002/L594,CE,41.130794,14.24177,50.0,27561.773,16364.032
PF07/0002/L594,CE,41.132354,14.244271,10.0,27733.2,16575.4
PF08/0002/L594,CE,41.134843,14.245058,10.0,28008.9,16643.9
PF12/0002/L594,CE,41.127648,14.238302,50.0,27215.097,16069.868
PF01/0003/L594,CE,41.132179,14.270407,12.0,27695.0,18769.0
PF02/0003/L594,CE,41.132738,14.279062,12.0,27751.0,19496.0
PF01/0004/L594,CE,41.132819,14.20784,12.0,27812.0,13518.0
PF01/0005/L594,CE,41.12683,14.220584,50.0,27137.428,14581.746
PF02/0005/L594,CE,41.131359,14.214231,12.0,27645.0,14053.0
PF03/0005/L594,CE,41.131315,14.219764,50.0,27635.992,14517.42
PF01/0006/L594,CE,41.125717,14.233507,50.0,27004.256,15665.48
PF04/0006/L594,CE,41.130729,14.231669,10.0,27562.0,15516.1
PF07/0006/L594,CE,41.130054,14.220525,10.0,27495.4,14580.0
PF08/0006/L594,CE,41.133692,14.223559,10.0,27897.0,14838.3
PF09/0006/L594,CE,41.129151,14.227119,50.0,27390.195,15132.619
PF10/0006/L594,CE,41.127852,14.231753,50.0,27242.564,15520.314
PF02/0007/L594,CE,41.12445,14.230293,50.0,26865.944,15394.382
PF04/0007/L594,CE,41.125948,14.227495,50.0,27034.306,15161.003
PF01/0008/L594,CE,41.124778,14.239516,50.0,26895.567,16168.99
PF02/0008/L594,CE,41.124082,14.237522,50.0,26819.822,16000.901
PF04/0008/L594,CE,41.123746,14.235318,50.0,26784.071,15815.524
PF05/0008/L594,CE,41.124671,14.236237,50.0,26886.15,15893.585
PF06/0008/L594,CE,41.125173,14.234419,50.0,26943.176,15741.494
PF01/0009/L594,CE,41.130161,14.243606,50.0,27490.2,16517.5
PF02/0009/L594,CE,41.127666,14.24702,50.0,27210.686,16801.698
PF03/0009/L594,CE,41.127167,14.244646,50.0,27156.995,16601.895
PF08/0009/L594,CE,41.125599,14.255043,50.0,26975.481,17473.183
PF12/0009/L594,CE,41.131677,14.257965,10.0,27648.1,17724.2
PF15/0009/L594,CE,41.126366,14.248825,50.0,27065.082,16951.967
PF16/0009/L594,CE,41.125592,14.245782,50.0,26981.333,16695.729
PF17/0009/L594,CE,41.129937,14.255052,12.0,27457.0,17478.0
PF05/0010/L594,CE,41.12517,14.265998,10.0,26920.0,18392.4
PF06/0010/L594,CE,41.125287,14.26888,50.0,26930.959,18634.393
PF08/0010/L594,CE,41.123854,14.271655,10.0,26769.9,18866.0
PF09/0010/L594,CE,41.12672,14.271825,10.0,27088.0,18883.0
PF10/0010/L594,CE,41.129647,14.263019,10.0,27419.1,18146.5
PF12/0010/L594,CE,41.128969,14.269777,10.0,27339.1,18713.1
PF14/0010/L594,CE,41.129769,14.274383,10.0,27424.7,19100.5
PF15/0010/L594,CE,41.131749,14.273605,12.0,27645.0,19037.0
PF16/0010/L594,CE,41.130485,14.267531,12.0,27509.0,18526.0
PF01/0011/L594,CE,41.124461,14.27676,50.0,26833.781,19295.145
PF04/0011/L594,CE,41.127946,14.279408,12.0,27218.8,19520.6
PF05/0011/L594,CE,41.121049,14.28243,12.0,26451.0,19768.0
PF01/0012/L594,CE,41.12938,14.284207,12.0,27374.7,19924.8
PF02/0012/L594,CE,41.131532,14.2829,12.0,27614.5,19817.0
PF01/0013/L594,CE,41.121613,14.212977,50.0,26564.0,13938.0
PF02/0013/L594,CE,41.119125,14.208774,50.0,26290.947,13582.63
PF03/0013/L594,CE,41.122966,14.210615,12.0,26716.0,13741.0
PF04/0013/L594,CE,41.123182,14.218013,50.0,26734.431,14362.32
PF01/0014/L594,CE,41.120236,14.233336,50.0,26395.912,15645.782
PF02/0014/L594,CE,41.120481,14.230473,50.0,26425.242,15405.652
PF06/0015/L594,CE,41.121617,14.236835,50.0,26546.598,15940.8
PF07/0015/L594,CE,41.121974,14.242911,50.0,26581.846,16451.273
PF08/0015/L594,CE,41.117535,14.237727,50.0,26092.805,16011.784
PF09/0015/L594,CE,41.114657,14.234085,50.0,25775.965,15703.166
PF10/0015/L594,CE,41.110212,14.240798,50.0,25277.588,16262.523
PF01/0016/L594,CE,41.119435,14.246021,50.0,26297.616,16709.862
PF03/0016/L594,CE,41.118423,14.242395,10.0,26188.0,16404.5
PF04/0016/L594,CE,40.90588,14.247742,50.0,2589.0,16650.0
PF01/0017/L594,CE,41.12257,14.247023,12.0,26645.0,16797.0
PF09/0017/L594,CE,41.123058,14.249782,50.0,26697.144,17029.068
PF10/0017/L594,CE,41.121719,14.258257,50.0,26542.463,17739.301
PF03/0019/L594,CE,41.121986,14.271068,12.0,26563.0,18815.0
PF01/0021/L594,CE,41.110888,14.208605,50.0,25376.642,13560.122
PF02/0021/L594,CE,41.108816,14.207863,50.0,25147.26,13495.742
PF03/0021/L594,CE,41.11073,14.204117,50.0,25362.598,13183.109
PF04/0021/L594,CE,41.119482,14.212229,12.0,26328.0,13873.0
PF01/0022/L594,CE,41.116365,14.229297,50.0,25969.095,15302.905
PF02/0022/L594,CE,41.107198,14.210595,50.0,24965.532,13723.488
PF03/0022/L594,CE,41.112632,14.22484,50.0,25558.0,14925.0
PF01/0023/L594,CE,41.113692,14.248994,12.0,25658.0,16954.0
PF02/0023/L594,CE,41.116366,14.258378,50.0,25948.055,17744.402
PF02/0001/L844,CE,40.990825,14.277778,50.0,11997.621,19257.741
PF03/0001/L844,CE,40.991645,14.28593,50.0,12082.98,19944.18
PF02/0002/L844,CE,40.900027,13.640507,50.0,2556.665,-34504.283
PF03/0002/L844,CE,40.89864,13.644201,50.0,2397.807,-34195.528
PF05/0002/L844,CE,40.976523,13.622943,12.0,11072.0,-35850.0
PF06/0002/L844,CE,40.978517,13.628488,12.0,11286.0,-35380.0
PF11/0002/L844,CE,40.988637,13.642307,50.0,12391.365,-34199.846
PF12/0002/L844,CE,40.993227,13.645278,50.0,12897.0,-33942.0
PF15/0002/L844,CE,40.990083,13.638658,12.0,12556.665,-34504.283
PF16/0002/L844,CE,40.905491,13.624803,50.0,3183.85,-35817.592
PF17/0002/L844,CE,40.987325,14.224421,50.0,11647.497,14766.097
PF18/0002/L844,CE,40.988149,14.219037,12.0,11743.0,14314.0
PF19/0002/L844,CE,40.975667,13.646493,12.0,10946.0,-33870.0
PF20/0002/L844,CE,40.98557,13.635331,50.0,12060.0,-34792.0
PF21/0002/L844,CE,40.985628,13.639527,50.0,12060.94,-34438.87
PF05/0003/L844,CE,40.997213,13.666742,50.0,13311.771,-32129.79
PF06/0003/L844,CE,40.998417,13.672518,12.0,13438.0,-31642.0
PF10/0003/L844,CE,41.005134,14.279306,50.0,13585.032,19399.37
PF12/0003/L844,CE,41.005244,14.27389,10.0,13601.0,18944.0
PF13/0003/L844,CE,40.996552,14.230982,12.0,12667.0,15327.0
PF17/0003/L844,CE,41.002931,14.281585,50.0,13338.805,19588.982
PF19/0003/L844,CE,40.999488,14.248604,12.0,12980.0,16812.0
PF20/0003/L844,CE,41.001202,14.272427,50.0,13153.301,18817.245
PF21/0003/L844,CE,41.003443,14.265456,12.0,13407.0,18233.0
PF22/0003/L844,CE,41.00219,14.245815,12.0,13282.0,16580.0
PF01/0004/L844,CE,41.007526,14.289399,50.0,13843.604,20250.291
PF03/0004/L844,CE,41.009977,14.294024,50.0,14112.534,20641.419
PF04/0004/L844,CE,41.012262,14.294158,50.0,14366.131,20654.749
PF05/0004/L844,CE,41.007844,14.284849,12.0,13882.0,19868.0
PF05/0005/L844,CE,40.975126,14.226132,50.0,10291.962,14898.053
PF07/0005/L844,CE,40.976182,14.230493,50.0,10406.0,15266.0
PF10/0005/L844,CE,40.933237,14.192718,50.0,5667.288,12043.711
PF11/0005/L844,CE,40.982217,14.235868,50.0,11072.028,15724.077
PF13/0005/L844,CE,40.976416,14.223775,12.0,10437.0,14701.0
PF14/0005/L844,CE,40.975134,14.226025,12.0,10293.0,14889.0
PF15/0005/L844,CE,40.977216,14.22662,50.0,10523.619,14941.142
PF16/0005/L844,CE,40.978998,14.238909,50.0,10712.398,15976.767
PF17/0005/L844,CE,40.97238,14.216552,50.0,9994.311,14089.29
PF18/0005/L844,CE,40.974154,14.215636,12.0,10192.0,14014.0
PF19/0005/L844,CE,40.980156,14.219649,50.0,10855.233,14357.551
PF20/0005/L844,CE,40.981597,14.227199,50.0,11009.549,14994.121
PF21/0005/L844,CE,40.971594,14.208453,50.0,9913.229,13407.072
PF22/0005/L844,CE,40.975083,14.215415,50.0,10295.314,13996.289
PF23/0005/L844,CE,40.978571,14.213731,50.0,10683.724,13858.079
PF24/0005/L844,CE,40.987401,14.233194,50.0,11649.449,15504.195
PF25/0005/L844,CE,40.979208,14.229103,12.0,10743.0,15152.0
PF26/0005/L844,CE,40.974402,14.208366,12.0,10225.0,13402.5
PF01/0006/L844,CE,40.981262,14.24953,12.0,10956.0,16872.5
PF02/0006/L844,CE,40.983413,14.253363,12.0,11192.0,17197.0
PF03/0006/L844,CE,40.993221,14.249875,50.0,12283.345,16912.895
PF01/0007/L844,CE,40.995935,14.246677,12.0,12587.0,16646.5
PF02/0007/L844,CE,40.993656,14.246271,32.0,12334.235,16610.178
PF04/0007/L844,CE,40.993857,14.242979,12.0,12359.0,16333.5
PF07/0007/L844,CE,40.993245,14.244454,50.0,12290.0,16457.0
PF01/0008/L844,CE,40.995238,14.257973,12.0,12501.5,17596.0
PF02/0008/L844,CE,40.994925,14.254362,32.0,12469.267,17291.942
PF05/0008/L844,CE,40.995234,14.257962,12.0,12501.0,17595.0
PF06/0008/L844,CE,40.995545,14.262006,50.0,12532.65,17935.484
PF02/0009/L844,CE,40.992405,14.260763,12.0,12185.0,17828.0
PF03/0009/L844,CE,40.985397,14.265767,50.0,11403.377,18242.3
PF04/0009/L844,CE,40.985582,14.260225,50.0,11427.893,17776.318
PF06/0009/L844,CE,40.987166,14.257188,50.0,11605.861,17522.323
PF07/0009/L844,CE,40.991846,14.262564,50.0,12121.673,17978.896
PF08/0009/L844,CE,40.990077,14.257572,50.0,11928.782,17557.352
PF01/0010/L844,CE,40.995093,14.274413,50.0,12473.767,18978.574
PF03/0010/L844,CE,40.992696,14.27901,50.0,12204.472,19363.03
PF09/0010/L844,CE,40.99213,14.274154,50.0,12144.959,18954.076
PF10/0010/L844,CE,40.993514,14.278447,50.0,12295.638,19316.436
PF11/0010/L844,CE,40.988138,14.274181,50.0,11701.824,18952.653
PF12/0010/L844,CE,40.986568,14.27044,50.0,11530.177,18636.535
PF13/0010/L844,CE,40.993019,14.272301,50.0,12245.0,18799.0
PF14/0010/L844,CE,40.99081,14.270458,50.0,12001.0,18642.0
PF15/0010/L844,CE,40.991012,14.268316,12.0,12025.0,18462.0
PF01/0012/L844,CE,40.997021,14.274201,50.0,12687.902,18962.547
PF02/0012/L844,CE,40.997025,14.278256,50.0,12685.551,19303.635
PF03/0012/L844,CE,40.996505,14.281971,50.0,12625.251,19615.582
PF05/0012/L844,CE,40.991086,14.278902,50.0,12025.789,19352.458
PF07/0012/L844,CE,40.996308,14.287385,50.0,12599.576,20070.799
PF11/0012/L844,CE,40.998666,14.276838,50.0,12868.666,19185.823
PF12/0012/L844,CE,40.993867,14.286468,50.0,12329.32,19991.413
PF13/0012/L844,CE,40.994718,14.282063,50.0,12426.76,19621.67
PF14/0012/L844,CE,41.000204,14.284996,50.0,13033.775,19873.416
PF15/0012/L844,CE,40.993794,14.279453,50.0,12325.991,19401.306
PF16/0012/L844,CE,40.99169,14.28215,50.0,12090.527,19626.22
PF18/0012/L844,CE,40.999167,14.280054,50.0,12922.087,19456.8
PF19/0012/L844,CE,40.992672,14.284014,50.0,12198.325,19783.946
PF20/0012/L844,CE,40.994283,14.274705,50.0,12383.624,19002.403
PF02/0013/L844,CE,41.000889,14.290194,50.0,13106.263,20311.189
PF03/0013/L844,CE,41.000425,14.295533,50.0,13051.103,20759.785
PF04/0013/L844,CE,40.997127,14.292767,50.0,12686.832,20524.171
PF08/0013/L844,CE,41.00172,14.291972,50.0,13197.308,20461.485
PF09/0013/L844,CE,41.002194,14.288402,50.0,13252.303,20161.651
PF10/0013/L844,CE,41.002771,14.295635,12.0,13311.5,20770.5
PF11/0013/L844,CE,41.00184,14.298719,50.0,13205.983,21029.041
PF12/0013/L844,CE,40.999932,14.30015,50.0,12993.237,21147.661
PF13/0013/L844,CE,40.999108,14.29739,50.0,12903.663,20914.79
PF18/0013/L844,CE,40.999292,14.294549,12.0,12926.0,20676.0
PF19/0013/L844,CE,40.997603,14.288066,50.0,12742.96,20129.236
PF20/0013/L844,CE,40.994334,14.291173,50.0,12377.901,20387.574
PF21/0013/L844,CE,40.998189,14.291465,50.0,12805.596,20415.607
PF22/0013/L844,CE,40.99536,14.295531,12.0,12488.811,20755.08
PF02/0014/L844,CE,40.993196,14.303145,50.0,12243.397,21393.583
PF03/0014/L844,CE,40.990805,14.305404,50.0,11976.526,21581.456
PF04/0014/L844,CE,40.993144,14.299274,50.0,12240.32,21067.971
PF05/0014/L844,CE,40.925207,14.072187,50.0,4876.558,1886.86
PF06/0014/L844,CE,40.923864,14.085361,50.0,4715.718,2994.556
PF08/0014/L844,CE,40.992063,14.295988,50.0,12122.474,20790.553
PF09/0014/L844,CE,40.992741,14.292182,50.0,12200.32,20471.032
PF13/0014/L844,CE,40.995875,14.30311,12.0,12540.854,21393.014
PF18/0014/L844,CE,40.996157,14.298862,12.0,12575.0,21036.0
PF02/0015/L844,CE,40.873933,13.63498,50.0,-332.881,-35015.036
PF03/0015/L844,CE,40.968403,14.218582,50.0,9551.377,14256.153
PF04/0015/L844,CE,40.974222,14.225416,50.0,10192.184,14836.909
PF06/0015/L844,CE,40.959735,14.233139,50.0,8578.238,15472.589
PF07/0015/L844,CE,40.963594,14.229338,50.0,9009.408,15156.434
PF08/0015/L844,CE,40.95908,14.229332,50.0,8508.283,15151.506
PF09/0015/L844,CE,40.973767,14.223167,50.0,10143.329,14647.23
PF11/0015/L844,CE,40.961706,14.21841,12.0,8808.0,14235.0
PF13/0015/L844,CE,40.96184,14.219656,12.0,8822.0,14340.0
PF15/0015/L844,CE,40.957921,14.220772,12.0,8386.0,14430.0
PF18/0015/L844,CE,40.971111,14.21337,50.0,9855.845,13820.237
PF19/0015/L844,CE,40.966946,14.215614,12.0,9391.783,14004.946
PF20/0015/L844,CE,40.959347,14.233351,12.0,8535.0,15490.0
PF22/0015/L844,CE,40.963135,14.21535,50.0,8968.976,13978.881
PF23/0015/L844,CE,40.962435,14.211782,50.0,8894.0,13678.0
PF24/0015/L844,CE,40.969136,14.221549,50.0,9630.492,14506.484
PF25/0015/L844,CE,40.957628,14.220251,50.0,8353.922,14385.919
PF26/0015/L844,CE,40.860903,13.624824,50.0,-1765.991,-35893.605
PF27/0015/L844,CE,40.96614,14.212586,50.0,9304.647,13749.345
PF04/0016/L844,CE,40.97777,14.247751,50.0,10569.685,16719.512
PF08/0016/L844,CE,40.968222,14.247025,50.0,9510.263,16649.253
PF09/0016/L844,CE,40.966322,14.247261,50.0,9299.152,16667.302
PF13/0016/L844,CE,40.966449,14.239124,50.0,9319.178,15982.699
PF17/0016/L844,CE,40.974323,14.247432,50.0,10187.191,16689.369
PF22/0016/L844,CE,40.976551,14.233841,12.0,10444.5,15548.0
PF24/0016/L844,CE,40.964076,14.233466,50.0,9059.908,15504.317
PF25/0016/L844,CE,40.96939,14.231304,50.0,9651.384,15327.555
PF26/0016/L844,CE,40.970965,14.237205,50.0,9821.841,15825.645
PF28/0016/L844,CE,40.962618,14.247055,50.0,8888.108,16646.387
PF29/0016/L844,CE,40.977879,14.238884,50.0,10588.232,15973.588
PF30/0016/L844,CE,40.97145,14.24275,50.0,9871.653,16292.648
PF31/0016/L844,CE,40.964506,14.235485,50.0,9106.105,15674.61
PF32/0016/L844,CE,40.960186,14.238899,50.0,8624.096,15957.747
PF33/0016/L844,CE,40.965761,14.24295,50.0,9240.0,16304.0
PF04/0017/L844,CE,40.980344,14.253438,50.0,10851.297,17200.39
PF06/0017/L844,CE,40.983905,14.255462,50.0,11245.171,17374.072
PF07/0017/L844,CE,40.980468,14.25052,50.0,10867.102,16954.997
PF08/0017/L844,CE,40.980186,14.256889,50.0,10831.256,17490.539
PF01/0018/L844,CE,40.975515,14.257215,50.0,10312.518,17513.622
PF02/0018/L844,CE,40.972646,14.259914,50.0,9992.106,17737.926
PF01/0019/L844,CE,40.969542,14.2534,50.0,9652.163,17186.973
PF02/0019/L844,CE,40.971711,14.248192,50.0,9896.747,16750.794
PF03/0019/L844,CE,40.977309,14.252167,12.0,10515.239,17090.54
PF02/0020/L844,CE,40.982392,14.269973,12.0,11066.835,18593.344
PF03/0020/L844,CE,40.983641,14.272123,50.0,11203.988,18775.389
PF04/0020/L844,CE,40.985231,14.270109,50.0,11381.909,18607.417
PF05/0020/L844,CE,40.984429,14.266931,50.0,11295.134,18339.316
PF06/0020/L844,CE,40.98232,14.264791,50.0,11062.507,18157.337
PF07/0020/L844,CE,40.975277,14.260479,60.0,10283.76,17787.959
PF08/0020/L844,CE,40.97882,14.261925,12.0,10676.0,17913.0
PF09/0020/L844,CE,40.979828,14.271443,12.0,10781.165,18714.656
PF10/0020/L844,CE,40.981608,14.261312,50.0,10986.001,17864.042
PF11/0020/L844,CE,40.977749,14.265531,50.0,10554.581,18215.36
PF01/0021/L844,CE,40.97674,14.270434,12.0,10439.152,18626.919
PF02/0021/L844,CE,40.978043,14.272437,50.0,10582.359,18796.587
PF03/0021/L844,CE,40.973723,14.268564,50.0,10105.467,18466.791
PF02/0022/L844,CE,40.984133,14.275503,70.0,11256.214,19060.2
PF04/0022/L844,CE,40.99038,14.278303,50.0,11947.816,19301.478
PF05/0022/L844,CE,40.99016,14.275209,50.0,11925.52,19040.99
PF06/0022/L844,CE,40.988523,14.276791,70.0,11742.737,19172.543
PF08/0022/L844,CE,40.99194,14.272229,50.0,12125.192,18792.015
PF09/0022/L844,CE,40.987113,14.273401,50.0,11588.598,18886.085
PF01/0023/L844,CE,40.984001,14.28434,50.0,11235.501,19803.466
PF04/0023/L844,CE,40.987674,14.283274,50.0,11644.018,19717.162
PF06/0023/L844,CE,40.990161,14.283516,50.0,11919.866,19739.78
PF07/0023/L844,CE,40.989107,14.280066,50.0,11805.229,19448.606
PF08/0023/L844,CE,40.981561,14.283626,50.0,10965.074,19741.185
PF09/0023/L844,CE,40.987522,14.283795,50.0,11626.696,19760.813
PF10/0023/L844,CE,40.984131,14.280868,70.0,11252.31,19511.515
PF01/0024/L844,CE,40.988623,14.283809,50.0,11748.949,19763.008
PF02/0024/L844,CE,40.987336,14.285481,50.0,11604.953,19902.518
PF03/0024/L844,CE,40.985311,14.282164,50.0,11382.438,19621.624
PF08/0024/L844,CE,40.99068,14.282189,50.0,11978.473,19628.617
PF09/0024/L844,CE,40.987959,14.283461,50.0,11675.496,19733.135
PF10/0024/L844,CE,40.991413,14.279084,50.0,12061.966,19368.086
PF01/0025/L844,CE,40.984849,14.290349,50.0,11325.485,20309.71
PF05/0025/L844,CE,40.987736,14.297579,50.0,11641.072,20920.517
PF06/0025/L844,CE,40.982303,14.297111,50.0,11038.247,20876.294
PF07/0025/L844,CE,40.987988,14.289491,50.0,11674.5,20240.376
PF09/0025/L844,CE,40.991079,14.282868,50.0,12022.23,19686.123
PF11/0025/L844,CE,40.985224,14.288388,50.0,11368.471,20145.094
PF12/0025/L844,CE,40.981716,14.292478,50.0,10976.23,20486.058
PF13/0025/L844,CE,40.985121,14.292556,50.0,11354.218,20495.67
PF15/0025/L844,CE,40.975549,14.294307,50.0,10290.347,20634.378
PF17/0025/L844,CE,40.979946,14.294233,50.0,10778.54,20632.075
PF18/0025/L844,CE,40.982041,14.299542,50.0,11007.537,21080.567
PF02/0026/L844,CE,40.988714,14.301008,50.0,11747.374,21209.835
PF04/0026/L844,CE,40.989429,14.308282,50.0,11821.859,21822.312
PF05/0026/L844,CE,40.985821,14.302685,50.0,11424.99,21348.386
PF06/0026/L844,CE,40.984223,14.309944,50.0,11242.799,21957.572
PF12/0026/L844,CE,40.988841,14.292769,50.0,11766.989,20516.895
PF13/0026/L844,CE,40.991902,14.288394,50.0,12109.842,20151.653
PF15/0026/L844,CE,40.992425,14.293095,50.0,12164.687,20547.56
PF16/0026/L844,CE,40.920399,14.070087,50.0,4344.634,1704.368
PF17/0026/L844,CE,40.983483,14.311947,50.0,11159.292,22125.411
PF22/0026/L844,CE,40.991233,14.293932,50.0,12031.789,20616.887
PF23/0026/L844,CE,40.987922,14.30603,50.0,11656.026,21631.604
PF24/0026/L844,CE,40.98915,14.296095,12.0,11799.0,20797.0
PF02/0027/L844,CE,40.985103,14.300938,50.0,11346.552,21200.725
PF03/0027/L844,CE,40.982429,14.304579,50.0,11047.218,21504.702
PF04/0027/L844,CE,40.982293,14.310076,10.0,11028.5,21967.0
PF05/0027/L844,CE,40.979235,14.303109,50.0,10693.619,21378.174
PF06/0027/L844,CE,40.97971,14.308659,50.0,10742.628,21845.508
PF07/0027/L844,CE,40.984845,14.306714,50.0,11314.014,21686.39
PF11/0027/L844,CE,40.986149,14.290855,50.0,11469.522,20353.478
PF13/0027/L844,CE,40.982667,14.296369,50.0,11079.168,20814.187
PF14/0027/L844,CE,40.979161,14.311636,50.0,10679.72,22095.503
PF01/0028/L844,CE,40.976677,14.274074,50.0,10429.593,18933.106
PF02/0028/L844,CE,40.973439,14.276611,50.0,10068.288,19143.584
PF04/0028/L844,CE,40.971366,14.274224,50.0,9839.812,18940.822
PF05/0028/L844,CE,40.966275,14.268679,50.0,9278.636,18469.515
PF07/0028/L844,CE,40.978529,14.280535,50.0,10630.632,19478.38
PF08/0028/L844,CE,40.968179,14.27731,50.0,9483.869,19197.519
PF09/0028/L844,CE,40.973726,14.272667,12.0,10103.0,18812.0
PF10/0028/L844,CE,40.966047,14.271991,12.0,9251.0,18748.0
PF01/0029/L844,CE,40.9723,14.284849,50.0,9936.17,19835.667
PF03/0029/L844,CE,40.97514,14.280935,50.0,10254.195,19508.889
PF01/0030/L844,CE,40.965201,14.287977,50.0,9145.968,20092.393
PF02/0030/L844,CE,40.965106,14.290863,50.0,9133.444,20335.183
PF03/0030/L844,CE,40.967859,14.289384,50.0,9440.108,20213.207
PF08/0030/L844,CE,40.979638,14.287475,50.0,10748.994,20063.265
PF09/0030/L844,CE,40.971261,14.287515,50.0,9819.0,20059.0
PF10/0030/L844,CE,40.97457,14.286039,50.0,10187.328,19937.853
PF11/0030/L844,CE,40.978221,14.290676,50.0,10589.537,20331.287
PF12/0030/L844,CE,40.978606,14.288077,12.0,10634.0,20113.0
PF13/0030/L844,CE,40.971565,14.291999,50.0,9849.689,20436.604
PF01/0031/L844,CE,40.974393,14.302436,50.0,10156.597,21317.281
PF03/0031/L844,CE,40.972443,14.307729,50.0,9936.514,21760.915
PF05/0031/L844,CE,40.979203,14.296225,50.0,10694.68,20799.007
PF07/0031/L844,CE,40.975869,14.30593,50.0,10318.058,21612.563
PF09/0031/L844,CE,40.977638,14.307135,50.0,10513.599,21715.446
PF11/0031/L844,CE,40.976206,14.299421,50.0,10359.844,21065.209
PF12/0031/L844,CE,40.972936,14.290788,50.0,10002.75,20335.95
PF01/0032/L844,CE,40.96861,14.293837,50.0,9520.427,20588.589
PF03/0032/L844,CE,40.968796,14.303355,50.0,9534.604,21389.641
PF04/0032/L844,CE,40.968926,14.305374,50.0,9547.697,21559.656
PF07/0032/L844,CE,40.969809,14.298746,50.0,9650.113,21002.708
PF08/0032/L844,CE,40.972413,14.29792,50.0,9939.76,20935.514
PF10/0032/L844,CE,40.965035,14.307402,50.0,9114.414,21726.834
PF11/0032/L844,CE,40.96806,14.312078,50.0,9447.132,22122.965
PF01/0033/L844,CE,40.96597,14.261177,50.0,9250.0,17838.0
PF02/0033/L844,CE,40.968365,14.257284,50.0,9518.705,17512.63
PF03/0033/L844,CE,40.962163,14.25611,12.0,8831.0,17408.0
PF04/0033/L844,CE,40.96546,14.256132,12.0,9197.0,17413.0
PF05/0033/L844,CE,40.962486,14.261007,50.0,8863.441,17820.385
PF06/0033/L844,CE,40.965309,14.26581,50.0,9173.412,18227.219
PF02/0034/L844,CE,40.960477,14.279621,50.0,8627.336,19384.943
PF03/0034/L844,CE,40.960778,14.275703,50.0,8663.386,19055.474
PF04/0034/L844,CE,40.962289,14.270067,50.0,8835.088,18582.589
PF05/0034/L844,CE,40.963779,14.279408,50.0,8994.004,19370.018
PF06/0034/L844,CE,40.962175,14.281971,50.0,8814.166,19584.255
PF02/0035/L844,CE,40.962166,14.284649,50.0,8811.364,19809.643
PF01/0036/L844,CE,40.964993,14.29403,50.0,9118.751,20601.585
PF02/0036/L844,CE,40.963306,14.297694,50.0,8928.969,20908.401
PF03/0036/L844,CE,40.963275,14.300901,50.0,8923.366,21178.249
PF05/0036/L844,CE,40.963645,14.310596,50.0,8957.976,21994.386
PF06/0036/L844,CE,40.959422,14.291943,50.0,8501.705,20420.938
PF07/0036/L844,CE,40.961092,14.302057,50.0,8680.28,21273.556
PF09/0036/L844,CE,40.963874,14.291575,12.0,8996.2,20394.0
PF10/0036/L844,CE,40.960653,14.292772,50.0,8637.769,20491.78
PF11/0036/L844,CE,40.960925,14.289188,50.0,8670.452,20190.492
PF12/0036/L844,CE,40.965071,14.290033,32.0,9130.096,20265.338
PF13/0036/L844,CE,40.961684,14.298681,12.0,8748.2,20990.0
PF16/0036/L844,CE,40.958743,14.307472,50.0,8415.8,21727.169
PF17/0036/L844,CE,40.960583,14.309221,12.0,8619.0,21876.0
PF19/0036/L844,CE,40.958522,14.294508,12.0,8400.0,20636.0
PF20/0036/L844,CE,40.964869,14.302937,50.0,9098.934,21350.94
PF03/0037/L844,CE,40.962427,14.322664,10.0,8814.8,23008.9
PF04/0037/L844,CE,40.965149,14.327296,12.0,9114.0,23401.0
PF05/0037/L844,CE,40.96037,14.315676,50.0,8591.0,22419.0
PF07/0037/L844,CE,40.962238,14.32855,12.0,8790.0,23504.0
PF09/0037/L844,CE,40.95864,14.313441,50.0,8400.449,22229.423
PF12/0037/L844,CE,40.963494,14.318329,50.0,8936.03,22645.002
PF13/0037/L844,CE,40.964299,14.31352,50.0,9028.566,22241.047
PF14/0037/L844,CE,40.958915,14.3244,50.0,8423.795,23151.911
PF04/0038/L844,CE,40.9485,14.238265,50.0,7327.201,15893.035
PF05/0038/L844,CE,40.956342,14.243485,12.0,8194.0,16340.0
PF06/0038/L844,CE,40.954061,14.241462,32.0,7942.254,16167.548
PF08/0038/L844,CE,40.95855,14.238865,50.0,8442.461,15953.316
PF09/0038/L844,CE,40.956168,14.23519,50.0,8180.68,15641.7
PF10/0038/L844,CE,40.954602,14.238795,50.0,8004.208,15943.602
PF17/0038/L844,CE,40.956426,14.213745,50.0,8225.372,13837.179
PF19/0038/L844,CE,40.948898,14.222672,12.0,7383.0,14581.0
PF20/0038/L844,CE,40.950811,14.228409,50.0,7591.069,15065.794
PF21/0038/L844,CE,40.946849,14.231971,50.0,7148.526,15361.669
PF22/0038/L844,CE,40.95843,14.238326,50.0,8429.547,15907.842
PF23/0038/L844,CE,40.9579,14.246928,50.0,8364.468,16631.228
PF24/0038/L844,CE,40.856505,13.628364,50.0,-2258.981,-35602.876
PF25/0038/L844,CE,40.952361,14.237042,50.0,7756.788,15793.837
PF26/0038/L844,CE,40.948368,14.246142,50.0,7306.855,16555.934
PF28/0038/L844,CE,40.949365,14.249636,12.0,7415.0,16851.0
PF01/0039/L844,CE,40.954467,14.252691,50.0,7979.193,17112.992
PF02/0039/L844,CE,40.964095,14.250671,50.0,9049.43,16952.128
PF03/0039/L844,CE,40.95648,14.253495,50.0,8202.089,17182.57
PF04/0039/L844,CE,40.95401,14.248592,50.0,7931.371,16767.525
PF04/0040/L844,CE,40.952984,14.260255,50.0,7809.132,17748.21
PF05/0040/L844,CE,40.951532,14.262744,50.0,7646.161,17956.28
PF06/0040/L844,CE,40.954494,14.262799,50.0,7974.962,17963.676
PF07/0040/L844,CE,40.951578,14.256182,50.0,7655.923,17404.067
PF08/0040/L844,CE,40.949814,14.256003,50.0,7460.212,17387.326
PF09/0040/L844,CE,40.950945,14.259141,50.0,7583.5,17652.5
PF10/0040/L844,CE,40.949491,14.263515,50.0,7419.043,18019.296
PF14/0040/L844,CE,40.95988,14.256929,50.0,8576.966,17474.743
PF15/0040/L844,CE,40.956799,14.259664,50.0,8233.0,17702.0
PF16/0040/L844,CE,40.955397,14.257422,12.0,8079.0,17512.0
PF50/0040/L844,CE,40.951263,14.253853,50.0,7622.667,17207.754
PF51/0040/L844,CE,40.959614,14.260452,12.0,8545.0,17771.0
PF01/0041/L844,CE,40.960748,14.265567,50.0,8667.209,18202.524
PF02/0041/L844,CE,40.956697,14.270617,50.0,8213.916,18623.732
PF04/0041/L844,CE,40.955204,14.267524,50.0,8050.355,18362.069
PF05/0041/L844,CE,40.955193,14.273477,12.0,8045.0,18863.0
PF06/0041/L844,CE,40.958318,14.264525,50.0,8398.234,18112.581
PF01/0042/L844,CE,40.952807,14.272679,12.0,7780.621,18793.651
PF02/0042/L844,CE,40.954714,14.271634,50.0,7993.157,18707.459
PF03/0042/L844,CE,40.955625,14.268681,50.0,8096.288,18459.798
PF04/0042/L844,CE,40.949959,14.274267,12.0,7463.37,18924.704
PF05/0042/L844,CE,40.953202,14.267665,12.0,7828.0,18372.0
PF01/0043/L844,CE,40.950942,14.288686,12.0,7562.5,20139.2
PF03/0043/L844,CE,40.955308,14.282925,50.0,8051.195,19658.269
PF04/0043/L844,CE,40.954248,14.287236,50.0,7930.496,20020.128
PF05/0043/L844,CE,40.952081,14.282563,12.0,7693.162,19624.84
PF06/0043/L844,CE,40.949034,14.28939,50.0,7350.306,20196.688
PF07/0043/L844,CE,40.956808,14.285576,50.0,8215.824,19882.783
PF03/0044/L844,CE,40.958564,14.29951,52.0,8401.293,21056.998
PF04/0044/L844,CE,40.955526,14.28927,50.0,8071.011,20192.467
PF05/0044/L844,CE,40.956274,14.292593,50.0,8151.768,20472.832
PF06/0044/L844,CE,40.952518,14.28958,60.0,7736.886,20215.898
PF07/0044/L844,CE,40.951997,14.292245,50.0,7677.251,20439.686
PF10/0044/L844,CE,40.951794,14.303736,50.0,7646.961,21406.62
PF11/0044/L844,CE,40.954803,14.30372,50.0,7981.0,21408.0
PF12/0044/L844,CE,40.956815,14.307133,50.0,8202.0,21697.0
PF13/0044/L844,CE,40.955975,14.297957,12.0,8115.0,20924.0
PF01/0045/L844,CE,40.95573,14.311412,50.0,8078.729,22056.151
PF02/0045/L844,CE,40.957976,14.31435,50.0,8326.107,22305.4
PF07/0045/L844,CE,40.952991,14.31228,50.0,7774.121,22126.806
PF08/0045/L844,CE,40.952317,14.307486,50.0,7702.497,21722.739
PF09/0045/L844,CE,40.954569,14.32176,50.0,7943.0,22926.0
PF05/0046/L844,CE,40.939814,14.233661,50.0,6366.329,15497.129
PF07/0046/L844,CE,40.935911,14.256442,50.0,5916.512,17411.129
PF09/0046/L844,CE,40.933419,14.258998,12.0,5638.0,17624.0
PF13/0046/L844,CE,40.944749,14.234539,50.0,6913.533,15575.815
PF14/0046/L844,CE,40.941987,14.233699,50.0,6607.534,15502.419
PF15/0046/L844,CE,40.943739,14.231143,12.0,6804.0,15289.0
PF19/0046/L844,CE,40.835585,13.650943,50.0,-4610.874,-33735.469
PF23/0046/L844,CE,40.939473,14.224448,50.0,6335.326,14721.231
PF24/0046/L844,CE,40.934481,14.234038,50.0,5774.073,15523.643
PF25/0046/L844,CE,40.93902,14.235506,50.0,6276.813,15651.662
PF26/0046/L844,CE,40.913943,14.100994,50.0,3600.708,4299.511
PF29/0046/L844,CE,40.910778,14.099301,50.0,3250.825,4153.356
PF30/0046/L844,CE,40.935997,14.256306,50.0,5926.192,17399.765
PF32/0046/L844,CE,40.837369,13.646502,50.0,-4407.075,-34106.884
PF33/0046/L844,CE,40.943941,14.240038,50.0,6819.821,16037.909
PF34/0046/L844,CE,40.940098,14.230013,50.0,6400.619,15190.261
PF35/0046/L844,CE,40.913148,14.092907,50.0,3519.559,3617.601
PF36/0046/L844,CE,40.838416,13.653067,50.0,-4299.431,-33551.564
PF37/0046/L844,CE,40.917151,14.091364,50.0,3965.265,3492.305
PF39/0046/L844,CE,40.94235,14.243326,50.0,6640.832,16313.16
PF40/0046/L844,CE,40.943766,14.24882,50.0,6794.0,16777.0
PF41/0046/L844,CE,40.936145,14.230814,50.0,5961.142,15253.867
PF42/0046/L844,CE,40.937256,14.227241,50.0,6087.16,14954.12
PF43/0046/L844,CE,40.932339,14.255008,12.0,5521.0,17287.0
PF44/0046/L844,CE,40.931616,14.250467,12.0,5444.0,16904.0
PF03/0047/L844,CE,40.942502,14.252755,50.0,6650.886,17107.022
PF01/0048/L844,CE,40.945777,14.259377,50.0,7009.675,17667.524
PF03/0048/L844,CE,40.945372,14.254838,50.0,6967.993,17285.082
PF04/0048/L844,CE,40.948671,14.256505,12.0,7333.0,17428.5
PF06/0048/L844,CE,40.945888,14.263705,50.0,7018.861,18031.893
PF07/0048/L844,CE,40.940748,14.266897,50.0,6446.031,18295.772
PF08/0048/L844,CE,40.94223,14.259981,50.0,6615.494,17714.977
PF09/0048/L844,CE,40.939432,14.263068,50.0,6302.622,17972.237
PF01/0049/L844,CE,40.949884,14.266918,50.0,7460.277,18306.089
PF03/0049/L844,CE,40.943377,14.265957,50.0,6738.578,18219.13
PF04/0049/L844,CE,40.949528,14.263624,12.0,7423.0,18028.5
PF05/0049/L844,CE,40.947713,14.265893,12.0,7220.0,18217.8
PF06/0049/L844,CE,40.946437,14.274978,50.0,7071.944,18981.288
PF07/0049/L844,CE,40.949317,14.27726,12.0,7390.0,19176.0
PF08/0049/L844,CE,40.949531,14.280944,50.0,7411.27,19486.323
PF09/0049/L844,CE,40.945514,14.271733,50.0,6971.673,18707.325
PF11/0049/L844,CE,40.949889,14.266668,50.0,7461.0,18285.0
PF12/0049/L844,CE,40.950394,14.270927,12.0,7514.0,18644.0
PF01/0050/L844,CE,40.943383,14.275597,50.0,6732.412,19030.572
PF04/0050/L844,CE,40.942525,14.273768,50.0,6638.523,18875.821
PF05/0050/L844,CE,40.946131,14.278485,50.0,7035.523,19276.189
PF07/0050/L844,CE,40.94599,14.282833,50.0,7016.808,19642.075
PF08/0050/L844,CE,40.939784,14.278216,50.0,6331.049,19247.722
PF09/0050/L844,CE,40.939738,14.272431,50.0,6330.0,18760.75
PF10/0050/L844,CE,40.939819,14.275212,50.0,6337.105,18994.922
PF11/0050/L844,CE,40.943842,14.279066,12.0,6781.0,19323.0
PF01/0051/L844,CE,40.94272,14.292901,50.0,6646.948,20486.539
PF02/0051/L844,CE,40.941985,14.297797,50.0,6562.0,20898.0
PF03/0051/L844,CE,40.939914,14.295062,12.0,6334.0,20666.0
PF04/0051/L844,CE,40.945041,14.290083,50.0,6906.46,20251.44
PF05/0051/L844,CE,40.939728,14.291714,50.0,6315.539,20383.965
PF01/0052/L844,CE,40.944261,14.308893,50.0,6807.246,21834.093
PF02/0052/L844,CE,40.942544,14.312925,12.0,6614.0,22172.0
PF04/0052/L844,CE,40.943214,14.302129,50.0,6695.547,21263.786
PF05/0052/L844,CE,40.9463,14.305187,50.0,7036.104,21523.938
PF07/0052/L844,CE,40.939661,14.302233,12.0,6301.0,21269.372
PF08/0052/L844,CE,40.94823,14.308603,50.0,7248.064,21813.14
PF01/0053/L844,CE,40.949868,14.293928,50.0,7439.692,20579.401
PF02/0053/L844,CE,40.946865,14.290127,50.0,7108.939,20256.757
PF03/0053/L844,CE,40.950281,14.299886,50.0,7481.556,21081.304
PF04/0053/L844,CE,40.949195,14.301945,50.0,7359.649,21253.591
PF05/0053/L844,CE,40.946615,14.288225,50.0,7082.555,20096.462
PF01/0054/L844,CE,40.946574,14.31343,10.0,7061.0,22218.0
PF02/0054/L844,CE,40.948525,14.303703,12.0,7284.0,21401.0
PF03/0054/L844,CE,40.948285,14.307306,50.0,7255.0,21704.0
PF04/0054/L844,CE,40.949743,14.316166,12.0,7411.0,22451.0
PF05/0054/L844,CE,40.949846,14.312723,50.0,7424.69,22161.31
PF06/0054/L844,CE,40.953022,14.319142,50.0,7773.045,22704.363
PF01/0055/L844,CE,40.986402,14.238647,50.0,11534.489,15961.884
PF02/0055/L844,CE,40.983041,14.247081,50.0,11155.268,16668.124
PF03/0055/L844,CE,40.980904,14.244956,50.0,10919.622,16487.358
PF05/0055/L844,CE,40.984146,14.241369,50.0,11282.06,16188.711
PF07/0055/L844,CE,40.988371,14.237695,50.0,11753.847,15883.686
PF08/0055/L844,CE,40.988,14.241281,12.0,11710.0,16185.0
PF01/0001/M092,CE,41.057334,14.182066,50.0,19452.0,11276.0
PF02/0001/M092,CE,41.055806,14.184447,10.0,19280.5,11474.5
PF03/0001/M092,CE,41.051187,14.186387,50.0,18766.202,11632.774
PF06/0001/M092,CE,41.051337,14.194961,50.0,18776.143,12353.488
PF07/0001/M092,CE,41.051152,14.189812,50.0,18759.677,11920.56
PF08/0001/M092,CE,41.049954,14.192455,50.0,18624.61,12141.479
PF05/0002/M092,CE,41.04002,14.212269,50.0,17506.562,13796.631
PF06/0002/M092,CE,40.997562,14.407637,50.0,12663.203,30185.941
PF07/0002/M092,CE,41.040939,14.208639,50.0,17611.367,13492.47
PF01/0003/M092,CE,41.05832,14.1763,50.0,19565.967,10792.496
PF04/0003/M092,CE,41.051991,14.180555,10.0,18860.0,11143.5
PF07/0003/M092,CE,41.053255,14.184082,50.0,18997.55,11441.207
PF08/0003/M092,CE,41.055992,14.180026,50.0,19304.606,11103.233
PF09/0003/M092,CE,41.052296,14.17922,50.0,18894.977,11031.572
PF11/0003/M092,CE,41.049732,14.188676,50.0,18602.847,11823.623
PF12/0003/M092,CE,41.048901,14.185818,50.0,18512.812,11582.607
PF13/0003/M092,CE,41.057343,14.177873,50.0,19456.351,10923.665
PF14/0003/M092,CE,41.054354,14.176665,50.0,19125.393,10819.08
PF15/0003/M092,CE,41.047972,14.204646,50.0,18395.176,13163.951
PF16/0003/M092,CE,41.045388,14.204046,50.0,18108.698,13110.89
PF18/0003/M092,CE,41.053681,14.172608,10.0,19053.944,10477.382
PF01/0004/M092,CE,40.969325,14.512148,50.0,9474.259,38958.544
PF03/0004/M092,CE,41.040925,14.213205,50.0,17606.315,13876.205
PF04/0004/M092,CE,40.970286,14.508102,50.0,9582.782,38618.716
PF05/0004/M092,CE,40.994682,14.406384,50.0,12344.196,30078.421
PF06/0004/M092,CE,41.04454,14.187536,50.0,18027.424,11722.475
PF04/0005/M092,CE,41.047431,14.177942,50.0,18355.871,10919.137
PF05/0005/M092,CE,41.049823,14.178201,50.0,18621.199,10943.363
PF07/0005/M092,CE,41.050508,14.177862,50.0,18697.57,10915.612
PF09/0005/M092,CE,41.049098,14.175278,50.0,18543.0,10697.0
PF11/0005/M092,CE,41.042655,14.172021,50.0,17830.405,10416.468
PF12/0005/M092,CE,41.040346,14.170867,12.0,17575.0,10317.0
PF13/0005/M092,CE,41.040799,14.173657,50.0,17623.0,10552.0
PF14/0005/M092,CE,41.045631,14.176017,50.0,18157.558,10755.441
PF15/0005/M092,CE,41.046277,14.181569,50.0,18224.871,11222.726
PF16/0005/M092,CE,41.041351,14.177122,50.0,17681.583,10843.793
PF06/0006/M092,CE,41.041096,14.180434,50.0,17650.641,11121.943
PF09/0006/M092,CE,41.047054,14.185272,60.0,18308.243,11534.741
PF10/0006/M092,CE,41.039789,14.186503,50.0,17500.768,11630.676
PF12/0006/M092,CE,41.045965,14.188242,70.0,18184.981,11783.24
PF14/0006/M092,CE,41.044939,14.196401,70.0,18064.76,12467.955
PF03/0007/M092,CE,40.970263,14.502187,50.0,9583.072,38120.953
PF05/0007/M092,CE,41.044783,14.210615,50.0,18036.528,13662.429
PF06/0007/M092,CE,41.037586,14.185731,50.0,17256.773,11563.539
PF08/0007/M092,CE,41.04391,14.189783,50.0,17955.655,11910.629
PF09/0007/M092,CE,41.047875,14.18979,50.0,18395.877,11915.345
PF01/0008/M092,CE,40.940686,14.507243,50.0,6297.238,38527.825
PF03/0008/M092,CE,41.040195,14.192748,12.0,17541.0,12156.0
PF04/0008/M092,CE,40.9672,14.502511,50.0,9242.895,38146.28
PF05/0008/M092,CE,41.011584,14.303214,12.0,14284.75,21415.664
PF06/0008/M092,CE,41.039494,14.196801,12.0,17460.0,12496.0
PF07/0008/M092,CE,41.03827,14.190439,12.0,17329.0,11960.0
PF04/0009/M092,CE,41.036229,14.154906,50.0,17130.761,8971.031
PF05/0009/M092,CE,40.966762,14.393592,50.0,9252.144,28980.893
PF07/0009/M092,CE,41.043417,14.157134,12.0,17927.0,9166.0
PF08/0009/M092,CE,40.950302,14.463537,50.0,7386.423,34855.253
PF09/0009/M092,CE,41.033255,14.157979,50.0,16798.194,9226.181
PF12/0009/M092,CE,41.036863,14.159848,50.0,17197.173,9387.104
PF13/0009/M092,CE,40.952908,14.468553,50.0,7673.13,35279.254
PF02/0010/M092,CE,41.043245,14.171865,12.0,17896.0,10404.0
PF03/0010/M092,CE,41.042678,14.168467,50.0,17835.816,10117.81
PF04/0010/M092,CE,41.045631,14.171065,50.0,18161.541,10339.283
PF05/0010/M092,CE,41.046937,14.168898,50.0,18308.244,10158.508
PF06/0010/M092,CE,41.047774,14.17149,50.0,18399.05,10377.186
PF02/0011/M092,CE,41.032958,14.145807,50.0,16775.083,8202.645
PF06/0011/M092,CE,40.941037,14.458472,50.0,6360.572,34422.575
PF07/0011/M092,CE,41.040528,14.142793,50.0,17617.946,7957.491
PF09/0011/M092,CE,41.033857,14.148527,50.0,16872.685,8432.225
PF10/0011/M092,CE,41.041291,14.146059,50.0,17699.996,8232.841
PF01/0012/M092,CE,41.040145,14.150598,50.0,17569.053,8613.129
PF03/0012/M092,CE,41.034254,14.155694,50.0,16910.918,9035.119
PF04/0012/M092,CE,41.035527,14.151593,50.0,17055.614,8691.794
PF05/0012/M092,CE,41.038328,14.154236,50.0,17364.379,8916.963
PF06/0012/M092,CE,41.035463,14.151581,50.0,17048.459,8690.719
PF02/0013/M092,CE,41.031728,14.164574,50.0,16623.247,9778.92
PF03/0013/M092,CE,41.036956,14.161152,52.0,17206.41,9496.821
PF06/0013/M092,CE,41.037774,14.17391,50.0,17287.016,10570.111
PF07/0013/M092,CE,41.037867,14.170494,50.0,17300.028,10283.095
PF08/0013/M092,CE,41.034932,14.173215,50.0,16972.037,10508.723
PF12/0013/M092,CE,41.034358,14.164773,50.0,16915.104,9798.405
PF13/0013/M092,CE,41.034746,14.161525,50.0,16960.778,9525.854
PF14/0013/M092,CE,41.039556,14.175724,50.0,17483.414,10724.45
PF16/0013/M092,CE,41.03725,14.166266,50.0,17235.0,9927.0
PF01/0014/M092,CE,41.039343,14.179805,50.0,17456.509,11067.228
PF02/0014/M092,CE,41.037648,14.18268,50.0,17266.14,11307.103
PF04/0014/M092,CE,41.035904,14.185601,50.0,17070.225,11550.84
PF05/0014/M092,CE,41.035363,14.18092,50.0,17013.811,11156.798
PF03/0015/M092,CE,41.027879,14.194685,50.0,16172.246,12306.242
PF05/0015/M092,CE,40.934923,14.509279,50.0,5656.603,38695.679
PF06/0015/M092,CE,40.970412,14.411468,50.0,9647.122,30487.827
PF07/0015/M092,CE,41.029492,14.192414,50.0,16353.0,12117.0
PF09/0015/M092,CE,41.034492,14.184156,50.0,16914.509,11427.947
PF16/0015/M092,CE,41.024967,14.189289,50.0,15853.148,11849.567
PF17/0015/M092,CE,41.023384,14.185912,12.0,15680.0,11564.0
PF18/0015/M092,CE,41.025042,14.194955,50.0,15857.054,12326.034
PF19/0015/M092,CE,41.036308,14.189464,12.0,17112.0,11876.0
PF03/0017/M092,CE,41.021108,14.106061,50.0,15493.066,4848.016
PF04/0017/M092,CE,41.019279,14.102613,12.0,15293.0,4556.0
PF05/0017/M092,CE,41.023436,14.106779,50.0,15750.934,4910.984
PF01/0018/M092,CE,41.023775,14.131658,50.0,15767.429,7003.076
PF02/0018/M092,CE,41.023893,14.116272,50.0,15793.535,5709.687
PF01/0019/M092,CE,41.0287,14.143856,12.0,16304.0,8034.0
PF02/0019/M092,CE,41.029919,14.140994,50.0,16441.7,7794.685
PF03/0019/M092,CE,41.026082,14.134765,50.0,16020.977,7266.827
PF01/0020/M092,CE,41.026219,14.140734,50.0,16031.191,7768.788
PF02/0020/M092,CE,41.026971,14.143781,50.0,16112.162,8025.771
PF03/0020/M092,CE,41.022695,14.139369,50.0,15641.071,7650.197
PF01/0021/M092,CE,41.030925,14.14825,50.0,16547.448,8405.781
PF02/0021/M092,CE,41.027409,14.165969,50.0,16142.661,9891.646
PF03/0021/M092,CE,41.027723,14.169882,50.0,16174.421,10220.943
PF04/0021/M092,CE,41.022865,14.156421,50.0,15646.0,9084.0
PF05/0021/M092,CE,41.024007,14.160224,50.0,15769.693,9405.014
PF06/0021/M092,CE,41.026815,14.151214,50.0,16088.713,8650.503
PF07/0021/M092,CE,41.024425,14.152892,12.0,15822.0,8789.0
PF06/0022/M092,CE,41.022547,14.142322,50.0,15622.186,7898.339
PF07/0022/M092,CE,41.024383,14.143615,12.0,15825.0,8009.0
PF08/0022/M092,CE,41.021245,14.149269,50.0,15472.0,8481.0
PF09/0022/M092,CE,41.024447,14.143733,50.0,15831.968,8019.042
PF10/0022/M092,CE,41.022752,14.148733,50.0,15639.686,8437.548
PF11/0022/M092,CE,41.021579,14.145637,12.0,15512.0,8176.0
PF12/0022/M092,CE,41.0207,14.160896,12.0,15402.0,9458.0
PF03/0023/M092,CE,41.02887,14.174209,50.0,16298.299,10585.842
PF05/0023/M092,CE,41.026146,14.170473,50.0,15998.902,10268.894
PF08/0023/M092,CE,41.030074,14.170826,50.0,16434.718,10302.718
PF09/0023/M092,CE,41.032207,14.17217,50.0,16670.399,10417.974
PF01/0024/M092,CE,41.024082,14.163976,12.0,15775.0,9720.5
PF02/0024/M092,CE,41.023843,14.16755,50.0,15745.547,10020.783
PF04/0024/M092,CE,41.021885,14.169724,50.0,15526.469,10201.427
PF05/0024/M092,CE,41.023156,14.174265,50.0,15663.945,10584.602
PF06/0024/M092,CE,41.021661,14.165898,50.0,15504.712,9879.567
PF07/0024/M092,CE,41.023804,14.164129,50.0,15743.95,9733.11
PF08/0024/M092,CE,41.018664,14.168109,50.0,15170.154,10062.287
PF09/0024/M092,CE,41.021084,14.176634,50.0,15432.015,10781.625
PF01/0025/M092,CE,41.022915,14.181447,50.0,15631.445,11188.124
PF02/0025/M092,CE,41.025914,14.184563,50.0,15961.939,11453.223
PF03/0025/M092,CE,41.024901,14.17909,50.0,15853.832,10992.093
PF04/0025/M092,CE,41.020851,14.180553,50.0,15403.067,11110.845
PF01/0026/M092,CE,41.012843,14.174258,50.0,14519.021,10573.129
PF02/0026/M092,CE,41.008322,14.176634,50.0,14015.235,10768.248
PF03/0026/M092,CE,41.009367,14.178632,50.0,14129.696,10937.343
PF04/0026/M092,CE,41.018316,14.172542,50.0,15128.049,10434.665
PF05/0026/M092,CE,41.011279,14.176496,50.0,14343.642,10759.698
PF07/0026/M092,CE,41.010445,14.181481,50.0,14247.1,11178.003
PF08/0026/M092,CE,41.015575,14.17746,50.0,14819.751,10845.289
PF04/0027/M092,CE,41.018787,14.194505,50.0,15163.05,12281.778
PF05/0027/M092,CE,41.01421,14.186537,50.0,14661.081,11607.058
PF06/0027/M092,CE,41.018596,14.185923,12.0,15148.5,11560.0
PF07/0027/M092,CE,41.016565,14.192845,50.0,14917.628,12139.942
PF08/0027/M092,CE,41.018049,14.189136,50.0,15085.299,11829.617
PF24/0001/M260,CE,40.909345,14.099574,50.0,3091.611,4174.711
PF01/0002/M260,CE,40.909324,14.108539,50.0,3081.504,4929.675
PF03/0002/M260,CE,40.907644,14.104631,50.0,2898.405,4598.665
PF04/0002/M260,CE,40.909149,14.103847,50.0,3066.091,4534.388
PF05/0002/M260,CE,40.909084,14.106291,50.0,3056.798,4740.081
PF06/0002/M260,CE,40.899707,14.090191,50.0,2029.754,3373.312
PF07/0002/M260,CE,40.908245,14.10194,50.0,2967.394,4372.685
PF10/0002/M260,CE,40.91097,14.103453,50.0,3268.619,4503.234
PF01/0003/M260,CE,40.904068,14.121136,50.0,2487.248,5984.75
PF02/0003/M260,CE,40.902646,14.119101,50.0,2331.152,5811.769
PF01/0004/M260,CE,40.907974,14.111478,50.0,2929.104,5175.756
PF02/0004/M260,CE,40.907222,14.108758,50.0,2847.975,4945.822
PF03/0004/M260,CE,40.908073,14.121835,50.0,2931.326,6048.101
PF07/0004/M260,CE,40.908227,14.113621,50.0,2955.329,5356.522
PF15/0004/M260,CE,40.904552,14.124794,50.0,2537.936,6293.388
PF18/0004/M260,CE,40.908623,14.109945,50.0,3002.52,5047.32
PF21/0004/M260,CE,40.912086,14.116725,50.0,3381.139,5622.263
PF08/0005/M260,CE,40.901905,14.097978,50.0,2266.988,4031.794
PF14/0005/M260,CE,40.90395,14.101448,50.0,2490.993,4326.357
PF15/0005/M260,CE,40.898366,14.093159,50.0,1878.398,3621.767
PF17/0005/M260,CE,40.904851,14.111522,50.0,2582.34,5175.906
PF21/0005/M260,CE,40.902319,14.122024,50.0,2292.345,6057.582
PF23/0005/M260,CE,40.884712,14.076271,50.0,377.469,2183.281
PF04/0006/M260,CE,40.905476,14.11726,50.0,2646.921,5659.924
PF05/0006/M260,CE,40.906743,14.115391,50.0,2789.078,5503.854
PF06/0006/M260,CE,40.901404,14.113241,10.0,2198.2,5316.8
PF07/0006/M260,CE,40.908765,14.116587,50.0,3012.588,5606.867
PF10/0006/M260,CE,40.881394,14.074469,50.0,10.762,2027.57
PF12/0006/M260,CE,40.907993,14.112405,50.0,2930.439,5253.841
PF13/0006/M260,CE,40.904314,14.122442,50.0,2513.436,6095.047
PF14/0006/M260,CE,40.902996,14.123175,50.0,2366.498,6155.332
PF16/0006/M260,CE,40.91073,14.118821,50.0,3228.806,5797.226
PF17/0006/M260,CE,40.905922,14.120141,50.0,2693.927,5903.033
PF18/0006/M260,CE,40.908413,14.119623,50.0,2970.872,5862.156
PF19/0006/M260,CE,40.899669,14.119494,50.0,2000.284,5841.537
PF22/0006/M260,CE,40.903563,14.119227,50.0,2432.876,5823.421
PF02/0007/M260,CE,40.871964,14.052924,50.0,-1016.617,200.957
PF05/0007/M260,CE,40.896956,14.124232,50.0,1695.184,6237.665
PF12/0007/M260,CE,40.894327,14.110303,50.0,1415.157,5061.313
PF13/0007/M260,CE,40.894508,14.11641,12.0,1430.0,5576.0
PF14/0007/M260,CE,40.884849,14.07134,50.0,397.133,1767.951
PF16/0007/M260,CE,40.895723,14.117968,50.0,1563.522,5708.637
