identificativo,provincia,lat_wgs84,lon_wgs84,quota,coord_nord,coord_est
PF02/0001/A713,MO,44.732659,10.996218,50.0,4955209.084,1658093.142
PF03/0001/A713,MO,44.732918,11.002186,50.0,4955249.53,1658564.97
PF05/0001/A713,MO,44.7304,10.995544,50.0,4954956.854,1658045.939
PF07/0001/A713,MO,44.730099,11.001506,72.0,4954935.038,1658518.875
PF08/0001/A713,MO,44.728949,10.98879,72.0,4954782.616,1657515.078
PF09/0001/A713,MO,44.728786,10.994037,50.0,4954774.625,1657931.002
PF10/0001/A713,MO,44.727964,11.000916,52.0,4954696.777,1658477.997
PF12/0001/A713,MO,44.72919,10.997855,12.0,4954826.908,1658232.195
PF01/0002/A713,MO,44.727406,11.00576,52.0,4954644.16,1658863.063
PF02/0002/A713,MO,44.728003,11.009448,72.0,4954717.739,1659153.524
PF03/0002/A713,MO,44.731383,11.010157,50.0,4955094.546,1659200.412
PF04/0002/A713,MO,44.796767,11.087222,21.0,4962511.399,1665116.345
PF05/0002/A713,MO,44.727271,11.016234,52.0,4954649.704,1659692.942
PF06/0002/A713,MO,44.72841,11.019153,12.0,4954781.941,1659920.927
PF07/0002/A713,MO,44.732424,11.021167,70.0,4955231.838,1660069.308
PF08/0002/A713,MO,44.7306,11.005262,12.0,4954997.969,1658814.943
PF09/0002/A713,MO,44.727297,11.013512,21.0,4954647.181,1659477.24
PF02/0003/A713,MO,44.726245,10.991233,50.0,4954486.927,1657715.834
PF05/0003/A713,MO,44.72767,10.984866,21.0,4954633.0,1657207.743
PF04/0004/A713,MO,44.726033,11.001053,21.0,4954482.434,1658494.062
PF09/0005/A713,MO,44.72256,11.016592,70.0,4954127.064,1659734.217
PF10/0005/A713,MO,44.721465,10.99965,52.0,4953972.28,1658395.432
PF12/0005/A713,MO,44.721213,11.012334,70.0,4953969.046,1659400.689
PF15/0005/A713,MO,44.719993,11.002478,21.0,4953814.334,1658623.486
PF17/0005/A713,MO,44.726127,11.007056,21.0,4954504.582,1658969.194
PF03/0006/A713,MO,44.719484,10.976722,72.0,4953707.925,1656584.945
PF04/0006/A713,MO,44.72022,10.973479,72.0,4953783.462,1656326.134
PF06/0006/A713,MO,44.722342,10.984968,21.0,4954041.337,1657230.259
PF02/0007/A713,MO,44.711286,10.994091,72.0,4952830.838,1657982.903
PF03/0007/A713,MO,44.716705,10.995708,52.0,4953435.903,1658096.2
PF04/0007/A713,MO,44.722825,10.988981,52.0,4954102.648,1657546.767
PF07/0007/A713,MO,44.719747,10.997205,20.0,4953776.669,1658206.471
PF03/0008/A713,MO,44.716728,11.008449,70.0,4953463.231,1659105.278
PF04/0008/A713,MO,44.714412,11.001554,50.0,4953192.6,1658565.501
PF05/0008/A713,MO,44.7183,11.013843,52.0,4953648.409,1659528.246
PF06/0008/A713,MO,44.715779,11.014672,70.0,4953370.01,1659600.764
PF07/0008/A713,MO,44.713493,11.005072,20.0,4953097.263,1658846.659
PF01/0009/A713,MO,44.718534,10.968785,50.0,4953587.136,1655958.839
PF02/0009/A713,MO,44.715908,10.972404,72.0,4953302.329,1656252.559
PF03/0009/A713,MO,44.713979,10.975184,72.0,4953093.436,1656477.972
PF05/0009/A713,MO,44.713353,10.982219,21.0,4953037.489,1657036.871
PF01/0010/A713,MO,44.71795,10.988349,50.0,4953559.927,1657509.955
PF03/0010/A713,MO,44.708829,10.99137,21.0,4952552.633,1657774.011
PF01/0011/A713,MO,44.711696,11.010866,52.0,4952909.018,1659310.578
PF02/0011/A713,MO,44.708662,11.000713,50.0,4952552.174,1658514.574
PF04/0011/A713,MO,44.711658,11.002418,21.0,4952888.247,1658641.454
PF01/0012/A713,MO,44.706641,10.992227,72.0,4952311.207,1657847.853
PF02/0012/A713,MO,44.706077,10.998611,50.0,4952260.97,1658355.153
PF04/0012/A713,MO,44.705369,11.00221,52.0,4952189.309,1658642.146
PF05/0012/A713,MO,44.703837,10.995378,21.0,4952005.872,1658105.101
PF02/0001/A959,MO,44.801846,11.104134,52.0,4963110.064,1666439.472
PF05/0001/A959,MO,44.800372,11.099393,20.0,4962936.67,1666068.668
PF02/0002/A959,MO,44.794053,11.084534,50.0,4962204.458,1664911.477
PF03/0002/A959,MO,44.792783,11.080611,70.0,4962055.45,1664604.829
PF04/0002/A959,MO,44.796767,11.087222,21.0,4962511.399,1665116.345
PF01/0003/A959,MO,44.799843,11.112702,70.0,4962905.141,1667122.859
PF04/0003/A959,MO,44.792313,11.112524,21.0,4962068.347,1667130.475
PF01/0004/A959,MO,44.789694,11.080737,70.0,4961712.569,1664623.582
PF03/0004/A959,MO,44.791356,11.083188,21.0,4961902.12,1664812.682
PF01/0005/A959,MO,44.786723,11.110782,50.0,4961443.783,1667008.854
PF02/0005/A959,MO,44.788682,11.098426,50.0,4961636.027,1666025.718
PF03/0005/A959,MO,44.787707,11.1061,21.0,4961543.49,1666635.586
PF01/0006/A959,MO,44.786024,11.076245,70.0,4961295.748,1664278.598
PF02/0006/A959,MO,44.784624,11.076326,50.0,4961140.438,1664289.009
PF05/0006/A959,MO,44.78087,11.079514,70.0,4960729.855,1664551.901
PF06/0006/A959,MO,44.780308,11.068103,50.0,4960644.42,1663650.646
PF07/0006/A959,MO,44.778923,11.071872,52.0,4960498.051,1663952.816
PF08/0006/A959,MO,44.777619,11.069795,52.0,4960349.115,1663792.158
PF09/0006/A959,MO,44.77548,11.068746,52.0,4960109.313,1663715.183
PF10/0006/A959,MO,44.773835,11.07681,70.0,4959942.906,1664357.94
PF11/0006/A959,MO,44.780972,11.076204,21.0,4960734.458,1664289.693
PF01/0007/A959,MO,44.782755,11.083598,70.0,4960947.438,1664869.619
PF03/0007/A959,MO,44.779788,11.08674,52.0,4960624.288,1665126.659
PF08/0007/A959,MO,44.779529,11.095619,20.0,4960613.588,1665829.879
PF02/0008/A959,MO,44.78173,11.099943,50.0,4960866.871,1666165.699
PF03/0008/A959,MO,44.776511,11.103376,50.0,4960294.115,1666452.286
PF06/0008/A959,MO,44.778812,11.099073,21.0,4960540.992,1666105.212
PF01/0009/A959,MO,44.771948,11.067506,52.0,4959714.433,1663627.039
PF03/0009/A959,MO,44.780904,11.063753,50.0,4960701.872,1663304.836
PF06/0009/A959,MO,44.777757,11.05858,21.0,4960341.86,1662904.38
PF02/0010/A959,MO,44.776309,11.082973,70.0,4960230.138,1664838.528
PF03/0010/A959,MO,44.776417,11.089097,70.0,4960254.552,1665322.751
PF05/0010/A959,MO,44.774955,11.09471,50.0,4960103.558,1665771.036
PF08/0010/A959,MO,44.773042,11.094293,72.0,4959890.227,1665743.569
PF09/0010/A959,MO,44.775778,11.092326,21.0,4960190.191,1665580.065
PF02/0011/A959,MO,44.772451,11.090215,50.0,4959816.287,1665422.558
PF03/0011/A959,MO,44.772444,11.099701,21.0,4959834.879,1666173.169
PF01/0012/A959,MO,44.768801,11.065564,52.0,4959360.956,1663482.248
PF02/0012/A959,MO,44.775021,11.054683,50.0,4960030.162,1662603.715
PF05/0012/A959,MO,44.767902,11.056385,72.0,4959242.744,1662758.438
PF06/0012/A959,MO,44.770756,11.051874,21.0,4959550.734,1662393.421
PF09/0013/A959,MO,44.772341,11.074532,21.0,4959772.296,1664181.876
PF10/0013/A959,MO,44.762756,11.069589,21.0,4958697.569,1663817.845
PF11/0013/A959,MO,44.765,11.066881,21.0,4958941.396,1663597.192
PF02/0014/A959,MO,44.772176,11.086597,70.0,4959778.342,1665137.074
PF04/0014/A959,MO,44.77046,11.092321,50.0,4959599.405,1665594.909
PF06/0014/A959,MO,44.769365,11.09348,50.0,4959480.17,1665689.753
PF07/0014/A959,MO,44.767315,11.092044,50.0,4959249.455,1665581.968
PF08/0014/A959,MO,44.766394,11.08959,56.0,4959142.147,1665390.404
PF09/0014/A959,MO,44.769748,11.089394,50.0,4959514.315,1665365.28
PF10/0014/A959,MO,44.77225,11.079764,21.0,4959772.766,1664596.136
PF07/0015/A959,MO,44.765122,11.055483,21.0,4958932.087,1662694.826
PF08/0015/A959,MO,44.763094,11.060371,20.0,4958716.593,1663087.364
PF01/0016/A959,MO,44.768696,11.075849,56.0,4959370.083,1664296.465
PF03/0016/A959,MO,44.74174,11.079326,20.0,4956382.649,1664648.137
PF02/0017/A959,MO,44.759674,11.048318,52.0,4958312.623,1662143.017
PF03/0017/A959,MO,44.762277,11.050538,50.0,4958606.14,1662311.486
PF04/0017/A959,MO,44.760977,11.041595,21.0,4958443.95,1661607.31
PF04/0018/A959,MO,44.758925,11.060098,21.0,4958252.928,1663077.491
PF05/0018/A959,MO,44.753203,11.05949,21.0,4957616.076,1663045.466
PF06/0018/A959,MO,44.754498,11.065432,20.0,4957771.858,1663512.151
PF04/0019/A959,MO,44.759433,11.065337,21.0,4958319.876,1663490.709
PF05/0019/A959,MO,44.759921,11.072787,21.0,4958389.086,1664078.968
PF03/0020/A959,MO,44.761502,11.020213,21.0,4958460.014,1659913.599
PF04/0020/A959,MO,44.758538,11.013108,21.0,4958116.812,1659359.436
PF01/0021/A959,MO,44.757813,11.010618,52.0,4958031.452,1659164.309
PF02/0021/A959,MO,44.755348,11.006256,52.0,4957749.096,1658825.856
PF06/0021/A959,MO,44.754948,11.01767,50.0,4957726.947,1659730.411
PF09/0021/A959,MO,44.750054,11.005945,52.0,4957160.378,1658815.767
PF12/0021/A959,MO,44.755343,11.009748,21.0,4957755.315,1659102.271
PF13/0021/A959,MO,44.751916,11.01572,20.0,4957386.321,1659584.402
PF14/0021/A959,MO,44.756213,11.013489,21.0,4957859.283,1659395.985
PF05/0022/A959,MO,44.755004,11.02177,50.0,4957741.291,1660054.742
PF06/0022/A959,MO,44.757939,11.028475,21.0,4958080.489,1660577.356
PF07/0022/A959,MO,44.758369,11.023272,21.0,4958117.999,1660164.359
PF02/0023/A959,MO,44.757281,11.046241,72.0,4958042.693,1661985.364
PF06/0023/A959,MO,44.751574,11.046574,72.0,4957409.359,1662027.622
PF07/0023/A959,MO,44.75768,11.032085,12.0,4958058.864,1660863.802
PF08/0023/A959,MO,44.754164,11.039519,12.0,4957683.0,1661462.0
PF09/0023/A959,MO,44.757696,11.040772,21.0,4958077.842,1661551.321
PF02/0024/A959,MO,44.753036,11.050406,70.0,4957579.373,1662326.864
PF03/0024/A959,MO,44.750108,11.057107,21.0,4957267.492,1662865.536
PF01/0025/A959,MO,44.750243,10.991814,10.0,4957153.936,1657696.624
PF02/0025/A959,MO,44.750281,11.002911,50.0,4957179.682,1658574.954
PF07/0025/A959,MO,44.746321,10.991748,50.0,4956718.061,1657702.047
PF08/0025/A959,MO,44.746105,11.000544,50.0,4956711.228,1658398.987
PF11/0025/A959,MO,44.744359,10.996393,52.0,4956509.218,1658075.111
PF14/0025/A959,MO,44.744488,11.004725,52.0,4956539.7,1658734.391
PF18/0025/A959,MO,44.747234,11.004423,50.0,4956844.143,1658702.959
PF20/0025/A959,MO,44.74792,10.990581,20.0,4956893.421,1657605.348
PF21/0025/A959,MO,44.744139,10.999252,21.0,4956490.239,1658302.087
PF22/0025/A959,MO,44.748184,11.001337,21.0,4956943.638,1658456.094
PF04/0026/A959,MO,44.749521,11.018903,70.0,4957126.596,1659842.98
PF05/0026/A959,MO,44.748426,11.024595,50.0,4957016.11,1660296.588
PF06/0026/A959,MO,44.748543,11.007692,52.0,4956996.007,1658958.2
PF08/0026/A959,MO,44.748171,11.022122,50.0,4956982.945,1660101.459
PF11/0026/A959,MO,44.745786,11.012115,70.0,4956698.385,1659315.889
PF13/0026/A959,MO,44.74433,11.020944,52.0,4956553.902,1660018.799
PF14/0026/A959,MO,44.746414,11.008056,21.0,4956760.124,1658992.836
PF01/0027/A959,MO,44.747692,11.028792,50.0,4956942.865,1660630.862
PF03/0027/A959,MO,44.750213,11.036929,72.0,4957239.004,1661267.935
PF04/0027/A959,MO,44.742859,11.040041,50.0,4956428.235,1661534.815
PF05/0027/A959,MO,44.747085,11.039971,21.0,4956897.521,1661517.489
PF02/0028/A959,MO,44.748085,11.043609,50.0,4957015.909,1661802.663
PF05/0028/A959,MO,44.741472,11.045756,21.0,4956285.498,1661991.131
PF06/0028/A959,MO,44.745753,11.044532,21.0,4956758.619,1661882.272
PF02/0029/A959,MO,44.737682,10.998554,50.0,4955771.677,1658264.391
PF03/0029/A959,MO,44.736984,10.989483,52.0,4955676.57,1657548.086
PF04/0029/A959,MO,44.742029,10.99586,21.0,4956249.256,1658039.303
PF04/0030/A959,MO,44.740674,11.015158,52.0,4956136.392,1659570.852
PF05/0030/A959,MO,44.738209,11.003881,50.0,4955840.583,1658684.725
PF07/0030/A959,MO,44.742107,11.008244,21.0,4956282.047,1659019.532
PF08/0030/A959,MO,44.745258,11.015156,21.0,4956645.607,1659558.083
PF01/0031/A959,MO,44.738699,11.026379,70.0,4955939.133,1660464.705
PF02/0031/A959,MO,44.74157,11.025532,70.0,4956256.388,1660389.647
PF03/0031/A959,MO,44.743188,11.03219,21.0,4956449.204,1660912.336
PF01/0032/A959,MO,44.743525,11.034798,50.0,4956491.823,1661117.86
PF05/0032/A959,MO,44.740358,11.031647,70.0,4956133.844,1660877.183
PF06/0032/A959,MO,44.738002,11.036578,52.0,4955881.811,1661274.163
PF07/0032/A959,MO,44.736776,11.033245,21.0,4955739.012,1661013.663
PF02/0033/A959,MO,44.737877,11.012706,21.0,4955820.885,1659384.415
PF01/0034/A959,MO,44.736211,11.044209,72.0,4955697.983,1661883.345
PF04/0034/A959,MO,44.734545,11.03226,70.0,4955489.286,1660941.807
PF05/0034/A959,MO,44.734935,11.035986,70.0,4955539.93,1661235.755
PF09/0034/A959,MO,44.733036,11.042457,72.0,4955341.799,1661753.455
PF12/0034/A959,MO,44.730225,11.040371,52.0,4955025.464,1661596.061
PF13/0034/A959,MO,44.73151,11.041622,72.0,4955170.693,1661691.566
PF14/0034/A959,MO,44.730365,11.037345,52.0,4955035.007,1661356.065
PF16/0034/A959,MO,44.733062,11.046984,21.0,4955353.716,1662111.862
PF02/0035/A959,MO,44.723105,11.030522,70.0,4954214.981,1660835.904
PF03/0035/A959,MO,44.729789,11.032628,70.0,4954961.654,1660984.171
PF04/0035/A959,MO,44.729318,11.024968,70.0,4954894.211,1660378.88
PF05/0035/A959,MO,44.723692,11.033778,70.0,4954286.693,1661092.14
PF06/0035/A959,MO,44.725005,11.023521,21.0,4954412.233,1660276.187
PF03/0036/A959,MO,44.725881,11.039717,50.0,4954541.575,1661556.377
PF06/0036/A959,MO,44.727985,11.037074,50.0,4954770.092,1661341.235
PF07/0036/A959,MO,44.727861,11.042914,21.0,4954767.863,1661804.097
PF01/0037/A959,MO,44.722493,11.025099,70.0,4954136.382,1660408.162
PF04/0037/A959,MO,44.719225,11.033866,70.0,4953790.581,1661111.524
PF05/0037/A959,MO,44.719208,11.021863,21.0,4953765.01,1660160.886
PF03/0038/A959,MO,44.722402,11.041475,50.0,4954158.636,1661705.323
PF04/0038/A959,MO,44.723904,11.047389,70.0,4954337.208,1662169.488
PF06/0038/A959,MO,44.724073,11.038821,72.0,4954339.018,1661490.461
PF08/0038/A959,MO,44.725004,11.04186,21.0,4954448.396,1661728.517
PF01/0039/A959,MO,44.715058,11.01993,52.0,4953300.23,1660019.243
PF02/0039/A959,MO,44.714382,11.023374,70.0,4953231.954,1660293.946
PF04/0039/A959,MO,44.712226,11.029224,21.0,4953003.923,1660763.227
PF01/0040/A959,MO,44.711028,11.019566,52.0,4952851.909,1660001.512
PF04/0040/A959,MO,44.70481,11.014716,21.0,4952151.575,1659634.429
PF04/0041/A959,MO,44.698176,11.020075,21.0,4951425.159,1660077.263
PF01/0042/A959,MO,44.696874,11.01011,70.0,4951261.059,1659291.312
PF02/0042/A959,MO,44.693653,11.003132,50.0,4950889.639,1658747.199
PF04/0042/A959,MO,44.695751,11.018749,72.0,4951153.255,1659978.85
PF05/0042/A959,MO,44.692258,11.014586,21.0,4950756.986,1659658.638
PF01/0043/A959,MO,44.692142,11.008864,52.0,4950732.904,1659205.534
PF02/0043/A959,MO,44.691101,11.016131,72.0,4950631.525,1659784.271
PF04/0043/A959,MO,44.689532,11.007054,50.0,4950439.464,1659069.239
PF05/0043/A959,MO,44.688846,11.011267,50.0,4950371.517,1659404.999
PF07/0043/A959,MO,44.687006,11.002447,50.0,4950149.864,1658711.068
PF09/0043/A959,MO,44.691546,11.005109,50.0,4950659.447,1658909.636
PF10/0043/A959,MO,44.687413,11.007937,21.0,4950205.881,1659145.055
PF01/0001/B539,MO,44.738265,10.819345,50.0,4955503.63,1644073.918
PF02/0001/B539,MO,44.738061,10.825081,50.0,4955491.064,1644528.577
PF03/0001/B539,MO,44.732755,10.823056,50.0,4954898.132,1644381.45
PF05/0001/B539,MO,44.734578,10.827407,24.0,4955108.295,1644721.419
PF06/0001/B539,MO,44.742819,10.817522,20.0,4956006.231,1643918.285
PF01/0002/B539,MO,44.738033,10.834447,52.0,4955504.637,1645270.186
PF02/0002/B539,MO,44.736944,10.838448,70.0,4955390.803,1645589.699
PF03/0002/B539,MO,44.736052,10.832627,24.0,4955281.403,1645131.055
PF04/0002/B539,MO,44.735149,10.835547,52.0,4955186.235,1645364.499
PF06/0002/B539,MO,44.728188,10.828189,50.0,4954399.838,1644799.253
PF07/0002/B539,MO,44.727726,10.831869,50.0,4954355.163,1645091.82
PF08/0002/B539,MO,44.730729,10.837693,50.0,4954699.112,1645545.496
PF09/0002/B539,MO,44.737168,10.828811,21.0,4955398.514,1644826.147
PF01/0003/B539,MO,44.725828,10.82687,50.0,4954135.342,1644700.725
PF02/0003/B539,MO,44.723498,10.816222,52.0,4953857.725,1643863.269
PF03/0003/B539,MO,44.724453,10.819843,52.0,4953970.216,1644147.665
PF04/0003/B539,MO,44.724066,10.826334,50.0,4953938.71,1644662.643
PF05/0003/B539,MO,44.722245,10.820632,52.0,4953726.251,1644215.618
PF07/0003/B539,MO,44.721356,10.826676,50.0,4953638.227,1644696.496
PF08/0003/B539,MO,44.719616,10.816703,52.0,4953427.359,1643910.989
PF09/0003/B539,MO,44.729889,10.827889,21.0,4954588.281,1644771.31
PF02/0004/B539,MO,44.722968,10.842173,50.0,4953844.946,1645919.77
PF03/0004/B539,MO,44.72648,10.835468,21.0,4954223.1,1645380.013
PF01/0005/B539,MO,44.728103,10.849067,52.0,4954427.812,1646452.816
PF02/0005/B539,MO,44.735247,10.843454,70.0,4955211.282,1645990.313
PF03/0005/B539,MO,44.733488,10.840876,50.0,4955011.313,1645790.644
PF05/0005/B539,MO,44.727305,10.839607,52.0,4954322.12,1645705.692
PF06/0005/B539,MO,44.731478,10.84753,21.0,4954799.92,1646322.543
PF01/0006/B539,MO,44.726458,10.859185,52.0,4954263.275,1647258.243
PF02/0006/B539,MO,44.723234,10.849288,50.0,4953887.313,1646482.622
PF06/0006/B539,MO,44.729198,10.854019,21.0,4954558.332,1646842.146
PF01/0007/B539,MO,44.718632,10.868277,50.0,4953410.452,1647998.139
PF02/0007/B539,MO,44.723439,10.869644,50.0,4953946.862,1648094.177
PF04/0007/B539,MO,44.725325,10.862972,50.0,4954144.253,1647560.955
PF05/0007/B539,MO,44.718415,10.85568,21.0,4953363.497,1647000.992
PF02/0008/B539,MO,44.71341,10.821931,52.0,4952747.188,1644340.426
PF03/0008/B539,MO,44.711377,10.814391,50.0,4952508.004,1643748.233
PF04/0008/B539,MO,44.709223,10.821927,52.0,4952282.106,1644350.565
PF05/0008/B539,MO,44.708731,10.813657,52.0,4952212.779,1643696.683
PF06/0008/B539,MO,44.714263,10.818952,50.0,4952836.656,1644102.336
PF07/0008/B539,MO,44.71566,10.81603,21.0,4952986.618,1643867.492
PF01/0009/B539,MO,44.718063,10.837196,52.0,4953291.272,1645537.927
PF02/0009/B539,MO,44.718872,10.832857,52.0,4953373.289,1645192.241
PF03/0009/B539,MO,44.717786,10.826383,20.0,4953241.135,1644682.226
PF01/0010/B539,MO,44.720373,10.847691,50.0,4953566.647,1646363.355
PF02/0010/B539,MO,44.719596,10.851659,52.0,4953487.423,1646679.585
PF03/0010/B539,MO,44.711657,10.840569,52.0,4952585.63,1645821.141
PF04/0010/B539,MO,44.716996,10.843823,52.0,4953184.565,1646065.441
PF05/0010/B539,MO,44.715692,10.847305,52.0,4953045.997,1646344.586
PF07/0010/B539,MO,44.714866,10.850506,52.0,4952959.966,1646600.196
PF09/0010/B539,MO,44.715025,10.861228,12.0,4952997.0,1647449.0
PF10/0010/B539,MO,44.714298,10.85399,21.0,4952903.108,1646877.557
PF01/0011/B539,MO,44.718635,10.862989,50.0,4953401.196,1647579.305
PF02/0011/B539,MO,44.71482,10.870034,52.0,4952990.179,1648147.018
PF03/0011/B539,MO,44.713488,10.873031,50.0,4952847.628,1648387.877
PF04/0011/B539,MO,44.712372,10.865409,20.0,4952709.825,1647786.945
PF01/0012/B539,MO,44.704425,10.813049,52.0,4951733.382,1643659.138
PF02/0012/B539,MO,44.703103,10.81015,70.0,4951581.459,1643432.766
PF03/0012/B539,MO,44.696789,10.806973,70.0,4950874.457,1643196.606
PF04/0012/B539,MO,44.701588,10.813998,70.0,4951419.911,1643741.311
PF05/0012/B539,MO,44.695295,10.812299,50.0,4950717.874,1643622.268
PF06/0012/B539,MO,44.706932,10.815466,12.0,4952016.1,1643844.4
PF07/0012/B539,MO,44.69984,10.818471,21.0,4951233.675,1644100.011
PF02/0013/B539,MO,44.701663,10.821046,70.0,4951440.654,1644299.558
PF03/0013/B539,MO,44.702986,10.826335,70.0,4951597.036,1644715.235
PF04/0013/B539,MO,44.711844,10.828783,52.0,4952585.33,1644887.121
PF05/0013/B539,MO,44.704507,10.820997,21.0,4951756.583,1644288.548
PF01/0014/B539,MO,44.710984,10.832814,52.0,4952497.0,1645208.584
PF02/0014/B539,MO,44.703369,10.844328,70.0,4951671.733,1646139.776
PF04/0014/B539,MO,44.707375,10.844095,52.0,4952116.261,1646111.22
PF05/0014/B539,MO,44.706742,10.833664,52.0,4952027.358,1645286.467
PF06/0014/B539,MO,44.708811,10.847228,70.0,4952281.388,1646355.809
PF07/0014/B539,MO,44.705799,10.839646,21.0,4951933.214,1645762.723
PF03/0015/B539,MO,44.701524,10.84988,70.0,4951476.746,1646584.244
PF04/0015/B539,MO,44.697514,10.854406,70.0,4951039.416,1646952.953
PF05/0015/B539,MO,44.707615,10.852909,50.0,4952158.799,1646808.872
PF07/0015/B539,MO,44.7008,10.856182,70.0,4951407.663,1647085.413
PF08/0015/B539,MO,44.706679,10.855928,21.0,4952060.249,1647050.361
PF02/0016/B539,MO,44.710658,10.862425,52.0,4952513.998,1647554.905
PF04/0016/B539,MO,44.709343,10.872167,50.0,4952385.606,1648329.967
PF05/0016/B539,MO,44.708507,10.861162,52.0,4952272.851,1647460.353
PF06/0016/B539,MO,44.707169,10.871013,50.0,4952142.073,1648244.133
PF07/0016/B539,MO,44.706018,10.85879,50.0,4951991.975,1647278.776
PF08/0016/B539,MO,44.705226,10.861361,52.0,4951908.728,1647484.469
PF09/0016/B539,MO,44.704023,10.866722,70.0,4951784.823,1647912.174
PF11/0016/B539,MO,44.704183,10.871352,52.0,4951810.933,1648278.627
PF13/0016/B539,MO,44.710471,10.869076,21.0,4952505.316,1648082.262
PF01/0017/B539,MO,44.707972,10.876562,50.0,4952241.412,1648681.642
PF02/0017/B539,MO,44.706154,10.880057,50.0,4952045.787,1648963.183
PF03/0017/B539,MO,44.704532,10.874299,50.0,4951855.124,1648511.14
PF04/0017/B539,MO,44.708788,10.874244,21.0,4952327.773,1648495.945
PF01/0018/B539,MO,44.698551,10.820435,70.0,4951093.929,1644258.819
PF02/0018/B539,MO,44.695707,10.826415,50.0,4950788.652,1644739.72
PF03/0018/B539,MO,44.692341,10.824373,52.0,4950411.053,1644586.343
PF04/0018/B539,MO,44.693728,10.820473,50.0,4950558.198,1644273.871
PF05/0018/B539,MO,44.695877,10.817933,70.0,4950792.451,1644067.259
PF06/0018/B539,MO,44.696677,10.824391,21.0,4950892.807,1644576.92
PF02/0019/B539,MO,44.702451,10.83257,50.0,4951548.671,1645210.58
PF04/0019/B539,MO,44.69974,10.831722,50.0,4951246.041,1645150.138
PF06/0019/B539,MO,44.700081,10.839188,72.0,4951297.303,1645740.792
PF07/0019/B539,MO,44.699277,10.844054,56.0,4951216.706,1646128.359
PF08/0019/B539,MO,44.69824,10.837119,70.0,4951089.052,1645581.496
PF10/0019/B539,MO,44.698415,10.846247,70.0,4951124.838,1646304.282
PF11/0019/B539,MO,44.697874,10.848343,52.0,4951068.559,1646471.711
PF13/0019/B539,MO,44.696334,10.842722,52.0,4950887.31,1646030.179
PF14/0019/B539,MO,44.697403,10.839962,70.0,4951001.196,1645808.823
PF15/0019/B539,MO,44.700575,10.835057,21.0,4951344.699,1645412.262
PF01/0020/B539,MO,44.702243,10.867706,52.0,4951588.869,1647994.712
PF03/0020/B539,MO,44.700283,10.859409,50.0,4951356.079,1647342.328
PF04/0020/B539,MO,44.700003,10.862747,52.0,4951330.973,1647607.509
PF05/0020/B539,MO,44.701977,10.862246,50.0,4951549.354,1647562.8
PF06/0020/B539,MO,44.69968,10.869569,70.0,4951307.521,1648148.86
PF08/0020/B539,MO,44.696924,10.876146,52.0,4951013.35,1648676.971
PF11/0020/B539,MO,44.699629,10.866153,21.0,4951295.62,1647878.329
PF01/0021/B539,MO,44.6933,10.830203,52.0,4950527.989,1645045.909
PF04/0021/B539,MO,44.691868,10.828213,70.0,4950365.375,1644891.746
PF05/0021/B539,MO,44.689585,10.823018,52.0,4950102.494,1644485.831
PF09/0021/B539,MO,44.686639,10.823781,52.0,4949776.58,1644553.552
PF11/0021/B539,MO,44.68795,10.832391,70.0,4949937.534,1645232.643
PF12/0021/B539,MO,44.691692,10.831845,12.0,4950352.3,1645180.0
PF13/0021/B539,MO,44.690358,10.834564,50.0,4950208.917,1645398.82
PF14/0021/B539,MO,44.695346,10.835341,50.0,4950764.389,1645447.904
PF15/0021/B539,MO,44.691046,10.8332,56.0,4950282.936,1645288.994
PF16/0021/B539,MO,44.689229,10.829324,70.0,4950074.209,1644986.395
PF18/0021/B539,MO,44.693425,10.83308,50.0,4950547.028,1645273.495
PF19/0021/B539,MO,44.688338,10.838904,21.0,4949992.342,1645747.747
PF03/0022/B539,MO,44.693631,10.836499,50.0,4950576.005,1645543.903
PF04/0022/B539,MO,44.692855,10.839923,70.0,4950495.834,1645817.195
PF05/0022/B539,MO,44.694094,10.842475,70.0,4950638.103,1646016.303
PF06/0022/B539,MO,44.691876,10.837669,10.0,4950383.059,1645641.026
PF07/0022/B539,MO,44.690044,10.840458,21.0,4950184.635,1645866.61
PF01/0023/B539,MO,44.694908,10.852294,52.0,4950746.1,1646792.198
PF03/0023/B539,MO,44.694561,10.857507,70.0,4950717.006,1647206.131
PF06/0023/B539,MO,44.689578,10.855555,70.0,4950159.938,1647064.119
PF07/0023/B539,MO,44.692263,10.844087,50.0,4950437.608,1646148.618
PF08/0023/B539,MO,44.694665,10.84674,50.0,4950709.21,1646352.78
PF09/0023/B539,MO,44.692131,10.849142,21.0,4950431.95,1646549.484
PF02/0024/B539,MO,44.688414,10.846884,52.0,4950015.055,1646379.962
PF03/0024/B539,MO,44.690219,10.842614,70.0,4950207.875,1646037.035
PF05/0024/B539,MO,44.689677,10.845275,21.0,4950152.396,1646249.244
PF01/0025/B539,MO,44.687763,10.842601,70.0,4949935.043,1646042.161
PF02/0025/B539,MO,44.686343,10.846145,72.0,4949783.622,1646326.543
PF08/0025/B539,MO,44.689689,10.85016,52.0,4950162.53,1646636.284
PF09/0025/B539,MO,44.685256,10.852812,70.0,4949674.93,1646857.651
PF10/0025/B539,MO,44.684818,10.842233,52.0,4949607.235,1646020.388
PF11/0025/B539,MO,44.682721,10.844657,52.0,4949378.664,1646217.762
PF12/0025/B539,MO,44.682289,10.853037,70.0,4949345.744,1646882.952
PF13/0025/B539,MO,44.684162,10.846947,21.0,4949542.878,1646395.63
PF01/0026/B539,MO,44.688474,10.865936,70.0,4950056.102,1647889.507
PF02/0026/B539,MO,44.688451,10.859684,70.0,4950042.271,1647394.11
PF03/0026/B539,MO,44.68706,10.863197,50.0,4949894.081,1647676.05
PF04/0026/B539,MO,44.692132,10.859566,70.0,4950450.909,1647375.493
PF05/0026/B539,MO,44.693795,10.862533,70.0,4950641.021,1647606.338
PF06/0026/B539,MO,44.684367,10.866344,50.0,4949600.602,1647932.288
PF07/0026/B539,MO,44.696758,10.862234,70.0,4950969.612,1647575.136
PF08/0026/B539,MO,44.694539,10.867377,20.0,4950732.422,1647988.274
PF01/0027/B539,MO,44.676326,10.823822,50.0,4948631.045,1644582.478
PF02/0027/B539,MO,44.673298,10.82038,50.0,4948288.588,1644317.198
PF04/0027/B539,MO,44.678361,10.820464,50.0,4948851.168,1644311.278
PF05/0027/B539,MO,44.680658,10.820351,52.0,4949106.133,1644296.605
PF06/0027/B539,MO,44.678363,10.816124,12.0,4948843.774,1643967.312
PF07/0027/B539,MO,44.686001,10.820995,21.0,4949700.84,1644334.364
PF02/0028/B539,MO,44.685418,10.835351,70.0,4949661.604,1645473.521
PF03/0028/B539,MO,44.683125,10.826758,70.0,4949391.576,1644798.229
PF04/0028/B539,MO,44.682856,10.833889,50.0,4949374.334,1645364.023
PF05/0028/B539,MO,44.680237,10.826325,52.0,4949069.953,1644771.159
PF06/0028/B539,MO,44.678408,10.83006,52.0,4948873.399,1645071.674
PF07/0028/B539,MO,44.676786,10.827028,52.0,4948687.894,1644835.403
PF10/0028/B539,MO,44.67437,10.834569,50.0,4948432.912,1645439.153
PF11/0028/B539,MO,44.68295,10.830231,50.0,4949378.338,1645073.9
PF12/0028/B539,MO,44.686366,10.831168,21.0,4949759.466,1645139.64
PF02/0029/B539,MO,44.682616,10.840983,52.0,4949360.348,1645926.833
PF04/0029/B539,MO,44.678985,10.833023,50.0,4948942.856,1645305.074
PF05/0029/B539,MO,44.678253,10.842612,50.0,4948878.694,1646066.95
PF06/0029/B539,MO,44.677288,10.838089,50.0,4948763.304,1645710.865
PF08/0029/B539,MO,44.675095,10.838149,50.0,4948519.801,1645721.092
PF09/0029/B539,MO,44.68045,10.839755,21.0,4949117.629,1645834.979
PF01/0030/B539,MO,44.682236,10.850101,52.0,4949334.597,1646650.444
PF02/0030/B539,MO,44.68,10.842813,52.0,4949073.125,1646078.463
PF03/0030/B539,MO,44.67961,10.846296,52.0,4949036.017,1646355.459
PF05/0030/B539,MO,44.676274,10.849217,50.0,4948670.729,1646595.373
PF07/0030/B539,MO,44.6727,10.846343,72.0,4948268.542,1646376.627
PF09/0030/B539,MO,44.676898,10.844831,21.0,4948732.158,1646246.215
PF01/0031/B539,MO,44.681664,10.861983,50.0,4949292.476,1647593.558
PF02/0031/B539,MO,44.682559,10.85893,50.0,4949386.373,1647349.37
PF03/0031/B539,MO,44.68236,10.865331,50.0,4949375.858,1647857.127
PF04/0031/B539,MO,44.678325,10.859846,52.0,4948917.687,1647432.668
PF05/0031/B539,MO,44.677462,10.852047,70.0,4948807.761,1646816.702
PF07/0031/B539,MO,44.680234,10.85522,70.0,4949121.417,1647061.161
PF08/0031/B539,MO,44.679166,10.84902,70.0,4948991.547,1646572.544
PF09/0031/B539,MO,44.67964,10.851073,21.0,4949047.868,1646734.035
PF01/0032/B539,MO,44.672783,10.827172,50.0,4948243.418,1644856.84
PF02/0032/B539,MO,44.670779,10.824835,48.0,4948016.752,1644676.53
PF03/0032/B539,MO,44.666743,10.819657,50.0,4947559.134,1644276.108
PF05/0032/B539,MO,44.668147,10.813156,12.0,4947703.7,1643757.3
PF06/0032/B539,MO,44.669313,10.8268,21.0,4947857.363,1644835.976
PF01/0033/B539,MO,44.672437,10.839731,50.0,4948227.448,1645853.171
PF02/0033/B539,MO,44.670305,10.83573,70.0,4947983.395,1645541.341
PF03/0033/B539,MO,44.667605,10.834875,70.0,4947681.996,1645480.362
PF04/0033/B539,MO,44.665104,10.843143,72.0,4947418.93,1646142.034
PF06/0033/B539,MO,44.671991,10.842222,50.0,4948182.333,1646051.713
PF07/0033/B539,MO,44.666398,10.838959,21.0,4947555.243,1645807.133
PF01/0034/B539,MO,44.666398,10.838959,21.0,4947555.243,1645807.133
PF01/0035/B539,MO,44.661363,10.815809,50.0,4946954.707,1643984.382
PF03/0035/B539,MO,44.664957,10.820019,21.0,4947361.445,1644309.251
PF01/0001/B566,MO,44.823301,11.112169,56.0,4965509.896,1667012.98
PF02/0001/B566,MO,44.821542,11.098666,52.0,4965286.817,1665950.499
PF03/0001/B566,MO,44.825872,11.106159,70.0,4965783.206,1666530.413
PF04/0001/B566,MO,44.821952,11.103524,72.0,4965342.311,1666333.395
PF01/0002/B566,MO,44.816563,11.100559,70.0,4964737.559,1666114.412
PF02/0002/B566,MO,44.810219,11.097514,70.0,4964026.621,1665891.897
PF03/0002/B566,MO,44.811587,11.10255,52.0,4964188.907,1666286.204
PF04/0002/B566,MO,44.813859,11.105653,52.0,4964447.605,1666524.99
PF01/0003/B566,MO,44.816291,11.118421,70.0,4964744.074,1667527.565
PF02/0003/B566,MO,44.810093,11.119843,58.0,4964058.485,1667657.936
PF03/0003/B566,MO,44.815752,11.114853,70.0,4964676.816,1667246.968
PF04/0003/B566,MO,44.811494,11.112134,70.0,4964198.202,1667044.292
PF06/0003/B566,MO,44.820153,11.118231,56.0,4965172.737,1667501.351
PF01/0004/B566,MO,44.807216,11.129983,50.0,4963759.836,1668468.142
PF02/0004/B566,MO,44.814565,11.125299,52.0,4964566.488,1668076.4
PF05/0004/B566,MO,44.815711,11.125427,8.0,4964694.1,1668083.19
PF06/0004/B566,MO,44.812985,11.129092,52.0,4964398.878,1668380.934
PF02/0005/B566,MO,44.823492,11.204847,50.0,4965725.742,1674339.417
PF05/0005/B566,MO,44.820278,11.194095,50.0,4965345.68,1673499.023
PF01/0007/B566,MO,44.808706,11.20322,52.0,4964079.743,1674255.358
PF02/0007/B566,MO,44.808689,11.207627,50.0,4964087.314,1674603.911
PF03/0007/B566,MO,44.806137,11.201446,50.0,4963790.624,1674122.774
PF02/0008/B566,MO,44.80854,11.21329,50.0,4964082.901,1675052.196
PF03/0008/B566,MO,44.810753,11.215233,50.0,4964332.961,1675199.152
PF01/0009/B566,MO,44.80532,11.092965,50.0,4963473.175,1665546.184
PF02/0009/B566,MO,44.811458,11.091683,70.0,4964152.46,1665427.247
PF03/0009/B566,MO,44.808231,11.103617,52.0,4963818.285,1666380.157
PF04/0009/B566,MO,44.804774,11.097763,50.0,4963422.256,1665927.137
PF05/0009/B566,MO,44.806941,11.087505,50.0,4963642.1,1665109.745
PF02/0010/B566,MO,44.809488,11.110586,72.0,4963972.21,1666927.641
PF03/0010/B566,MO,44.806378,11.111995,58.0,4963629.618,1667048.05
PF01/0011/B566,MO,44.796664,11.11862,70.0,4962564.172,1667600.132
PF02/0011/B566,MO,44.794728,11.116495,70.0,4962344.711,1667437.665
PF05/0011/B566,MO,44.79921,11.121255,70.0,4962852.458,1667801.126
PF02/0012/B566,MO,44.803946,11.132256,50.0,4963401.357,1668657.457
PF03/0012/B566,MO,44.804485,11.134231,50.0,4963465.316,1668812.042
PF04/0012/B566,MO,44.803976,11.129889,50.0,4963399.707,1668470.19
PF08/0012/B566,MO,44.794026,11.128602,52.0,4962291.713,1668397.3
PF10/0012/B566,MO,44.79186,11.132108,52.0,4962058.369,1668680.971
PF11/0012/B566,MO,44.790946,11.134832,52.0,4961962.528,1668899.055
PF12/0012/B566,MO,44.79973,11.129389,12.0,4962927.0,1668443.0
PF07/0013/B566,MO,44.797143,11.14034,70.0,4962662.431,1669316.679
PF09/0013/B566,MO,44.796038,11.14405,70.0,4962547.375,1669613.335
PF10/0013/B566,MO,44.79462,11.136863,70.0,4962374.845,1669049.018
PF12/0013/B566,MO,44.792351,11.144937,72.0,4962139.609,1669694.293
PF13/0013/B566,MO,44.792084,11.135584,72.0,4962090.488,1668955.281
PF14/0013/B566,MO,44.791601,11.138125,70.0,4962042.148,1669157.693
PF17/0013/B566,MO,44.801398,11.136208,50.0,4963126.429,1668977.466
PF18/0013/B566,MO,44.79398,11.141773,12.0,4962314.0,1669439.3
PF19/0013/B566,MO,44.80497,11.139439,12.0,4963530.0,1669222.5
PF04/0014/B566,MO,44.796121,11.159037,12.0,4962588.0,1670798.5
PF02/0015/B566,MO,44.800179,11.182729,52.0,4963088.789,1672660.386
PF03/0015/B566,MO,44.806498,11.176655,12.0,4963777.883,1672161.174
PF01/0016/B566,MO,44.80313,11.191611,52.0,4963435.531,1673354.048
PF02/0016/B566,MO,44.803647,11.194827,50.0,4963499.756,1673606.772
PF03/0016/B566,MO,44.800675,11.187118,50.0,4963153.259,1673006.001
PF04/0016/B566,MO,44.803035,11.191654,8.0,4963425.07,1673357.7
PF01/0017/B566,MO,44.781055,11.120618,72.0,4960834.397,1667803.348
PF02/0017/B566,MO,44.789208,11.113702,70.0,4961725.751,1667232.69
PF03/0017/B566,MO,44.784684,11.119003,72.0,4961234.131,1667665.075
PF01/0018/B566,MO,44.793291,11.125223,52.0,4962203.154,1668132.152
PF02/0018/B566,MO,44.792097,11.122938,52.0,4962065.801,1667954.905
PF03/0018/B566,MO,44.789557,11.121547,52.0,4961780.724,1667852.24
PF04/0018/B566,MO,44.787954,11.131263,70.0,4961622.759,1668625.448
PF05/0018/B566,MO,44.786373,11.13053,72.0,4961445.62,1668572.087
PF08/0018/B566,MO,44.782712,11.123033,72.0,4961023.372,1667989.618
PF09/0018/B566,MO,44.782881,11.127215,56.0,4961050.822,1668320.004
PF10/0018/B566,MO,44.783733,11.129618,70.0,4961150.484,1668507.657
PF01/0019/B566,MO,44.790847,11.132359,70.0,4961946.399,1668703.777
PF04/0019/B566,MO,44.789905,11.137285,70.0,4961851.961,1669096.167
PF05/0019/B566,MO,44.788869,11.135283,72.0,4961732.725,1668940.825
PF07/0019/B566,MO,44.787173,11.136009,70.0,4961545.903,1669003.225
PF08/0019/B566,MO,44.786594,11.138361,70.0,4961486.417,1669191.002
PF01/0020/B566,MO,44.787204,11.140159,6.0,4961557.9,1669331.38
PF02/0020/B566,MO,44.788125,11.145097,70.0,4961670.502,1669719.378
PF04/0020/B566,MO,44.790191,11.139537,70.0,4961888.46,1669273.488
PF02/0021/B566,MO,44.787802,11.148905,70.0,4961642.643,1670021.523
PF04/0021/B566,MO,44.792816,11.149498,72.0,4962200.861,1670053.757
PF01/0022/B566,MO,44.788158,11.154181,72.0,4961693.19,1670437.89
PF03/0022/B566,MO,44.790218,11.159697,70.0,4961933.59,1670868.15
PF04/0022/B566,MO,44.790793,11.162625,70.0,4962003.614,1671098.1
PF05/0022/B566,MO,44.78884,11.157295,8.0,4961775.46,1670682.22
PF06/0022/B566,MO,44.788785,11.157359,72.0,4961769.495,1670687.416
PF01/0023/B566,MO,44.797706,11.178102,5.0,4962804.29,1672301.74
PF03/0023/B566,MO,44.79481,11.174532,52.0,4962474.968,1672028.05
PF04/0023/B566,MO,44.793477,11.170789,52.0,4962319.046,1671735.912
PF05/0023/B566,MO,44.792241,11.175252,52.0,4962191.09,1672092.573
PF01/0024/B566,MO,44.778762,11.111619,70.0,4960561.155,1667098.018
PF02/0024/B566,MO,44.781724,11.105228,50.0,4960877.014,1666583.811
PF03/0024/B566,MO,44.775011,11.107951,52.0,4960136.949,1666818.598
PF05/0001/B819,MO,44.881796,10.927632,21.0,4971645.333,1652269.459
PF06/0001/B819,MO,44.877299,10.931749,21.0,4971153.497,1652606.508
PF01/0002/B819,MO,44.878147,10.915871,70.0,4971217.935,1651350.105
PF03/0002/B819,MO,44.874877,10.918678,20.0,4970859.956,1651580.45
PF03/0003/B819,MO,44.866378,10.913575,50.0,4969906.27,1651199.627
PF05/0003/B819,MO,44.873368,10.914602,20.0,4970684.723,1651262.446
PF01/0004/B819,MO,44.87342,10.929863,52.0,4970718.947,1652467.733
PF03/0004/B819,MO,44.869507,10.914732,20.0,4970256.052,1651282.833
PF03/0005/B819,MO,44.87299,10.90015,70.0,4970615.906,1650121.83
PF04/0005/B819,MO,44.869989,10.890028,20.0,4970263.87,1649330.066
PF02/0006/B819,MO,44.862705,10.848102,52.0,4969378.469,1646036.495
PF05/0006/B819,MO,44.865975,10.849558,20.0,4969744.336,1646143.279
PF02/0008/B819,MO,44.854474,10.875352,52.0,4968513.421,1648210.496
PF03/0008/B819,MO,44.866737,10.877535,20.0,4969879.712,1648351.532
PF03/0009/B819,MO,44.866052,10.892121,52.0,4969830.29,1649505.606
PF05/0009/B819,MO,44.863059,10.88529,50.0,4969485.288,1648973.602
PF06/0009/B819,MO,44.858901,10.895909,20.0,4969042.954,1649823.406
PF04/0010/B819,MO,44.865822,10.902839,72.0,4969824.566,1650352.894
PF05/0010/B819,MO,44.857983,10.913251,20.0,4968973.111,1651195.933
PF03/0011/B819,MO,44.85483,10.856237,52.0,4968518.297,1646699.243
PF05/0011/B819,MO,44.855581,10.845747,21.0,4968582.833,1645868.457
PF01/0012/B819,MO,44.850517,10.841658,52.0,4968012.977,1645558.074
PF03/0012/B819,MO,44.848534,10.859658,20.0,4967825.071,1646985.566
PF02/0013/B819,MO,44.852382,10.861578,52.0,4968256.006,1647127.433
PF04/0013/B819,MO,44.854333,10.869812,20.0,4968487.694,1647773.151
PF02/0014/B819,MO,44.853076,10.881842,52.0,4968370.044,1648726.919
PF04/0014/B819,MO,44.858503,10.881163,21.0,4968971.645,1648659.339
PF02/0015/B819,MO,44.85378,10.89686,72.0,4968475.764,1649911.764
PF05/0015/B819,MO,44.851396,10.887444,21.0,4968193.657,1649173.962
PF17/0016/B819,MO,44.853271,10.911568,21.0,4968446.532,1651075.281
PF01/0017/B819,MO,44.846689,10.84061,72.0,4967585.841,1645484.959
PF05/0017/B819,MO,44.841794,10.841905,21.0,4967044.368,1645599.619
PF02/0018/B819,MO,44.840888,10.859037,72.0,4966974.548,1646955.864
PF03/0018/B819,MO,44.838831,10.867436,21.0,4966761.285,1647624.929
PF01/0019/B819,MO,44.838673,10.878997,50.0,4966764.822,1648539.098
PF03/0019/B819,MO,44.843388,10.87633,21.0,4967283.712,1648316.199
PF06/0020/B819,MO,44.846366,10.888583,52.0,4967636.971,1649276.931
PF09/0020/B819,MO,44.841495,10.897118,21.0,4967111.584,1649964.028
PF10/0020/B819,MO,44.843505,10.894135,20.0,4967329.369,1649723.06
PF01/0021/B819,MO,44.849994,10.910485,72.0,4968080.483,1650998.286
PF02/0021/B819,MO,44.848558,10.898553,72.0,4967898.827,1650059.168
PF04/0021/B819,MO,44.845069,10.899021,50.0,4967512.116,1650105.171
PF05/0021/B819,MO,44.8399,10.89918,52.0,4966938.261,1650131.193
PF08/0021/B819,MO,44.84625,10.902408,21.0,4967649.586,1650369.746
PF01/0022/B819,MO,44.841505,10.9166,50.0,4967148.837,1651503.776
PF04/0022/B819,MO,44.838324,10.906679,20.0,4966777.017,1650727.947
PF01/0023/B819,MO,44.836014,10.842812,50.0,4966403.916,1645685.828
PF04/0023/B819,MO,44.837819,10.852128,50.0,4966621.215,1646417.627
PF05/0023/B819,MO,44.83446,10.835836,20.0,4966218.791,1645138.376
PF06/0023/B819,MO,44.83903,10.843746,21.0,4966740.622,1645752.092
PF02/0024/B819,MO,44.838534,10.864905,52.0,4966723.664,1647425.687
PF04/0024/B819,MO,44.83805,10.869655,20.0,4966678.56,1647802.312
PF03/0025/B819,MO,44.838877,10.88181,21.0,4966792.613,1648760.906
PF01/0026/B819,MO,44.836303,10.896553,70.0,4966533.786,1649932.846
PF25/0026/B819,MO,44.835782,10.904629,50.0,4966490.826,1650572.584
PF26/0026/B819,MO,44.82738,10.901166,21.0,4965551.062,1650320.663
PF01/0027/B819,MO,44.836916,10.910024,50.0,4966626.807,1650996.016
PF02/0027/B819,MO,44.833574,10.915995,50.0,4966266.717,1651476.75
PF05/0027/B819,MO,44.831352,10.90402,21.0,4965997.585,1650535.94
PF01/0028/B819,MO,44.826394,10.830469,72.0,4965313.229,1644734.293
PF05/0028/B819,MO,44.829106,10.835289,21.0,4965623.051,1645108.577
PF03/0029/B819,MO,44.826814,10.842358,52.0,4965381.101,1645673.097
PF04/0029/B819,MO,44.822537,10.836781,12.0,4964896.0,1645243.0
PF05/0029/B819,MO,44.826466,10.836162,21.0,4965331.339,1645184.218
PF02/0030/B819,MO,44.831585,10.848423,52.0,4965921.961,1646140.516
PF05/0030/B819,MO,44.831252,10.854585,50.0,4965896.133,1646628.507
PF06/0030/B819,MO,44.827428,10.847403,70.0,4965458.336,1646070.433
PF07/0030/B819,MO,44.823979,10.853976,21.0,4965087.042,1646598.733
PF01/0031/B819,MO,44.824613,10.858011,52.0,4965164.757,1646916.191
PF04/0031/B819,MO,44.828275,10.85464,21.0,4965565.473,1646640.332
PF04/0032/B819,MO,44.825647,10.86225,52.0,4965287.364,1647248.665
PF06/0032/B819,MO,44.817307,10.862284,50.0,4964360.98,1647272.524
PF07/0032/B819,MO,44.827524,10.865368,70.0,4965501.543,1647490.334
PF09/0032/B819,MO,44.825633,10.871274,21.0,4965302.131,1647962.055
PF01/0033/B819,MO,44.826832,10.872154,52.0,4965436.915,1648028.573
PF06/0033/B819,MO,44.82988,10.873711,21.0,4965778.36,1648143.832
PF07/0033/B819,MO,44.834704,10.877781,21.0,4966321.674,1648453.179
PF02/0034/B819,MO,44.831225,10.892902,50.0,4965962.959,1649657.443
PF04/0034/B819,MO,44.829785,10.889679,50.0,4965797.079,1649406.408
PF05/0034/B819,MO,44.828684,10.892235,50.0,4965679.429,1649611.238
PF08/0034/B819,MO,44.82337,10.882662,52.0,4965071.523,1648868.223
PF10/0034/B819,MO,44.826688,10.890142,21.0,4965453.856,1649450.962
PF11/0034/B819,MO,44.830338,10.886418,21.0,4965852.483,1649147.145
PF02/0035/B819,MO,44.820681,10.889632,70.0,4964785.626,1649426.169
PF04/0035/B819,MO,44.824417,10.890241,52.0,4965201.739,1649464.649
PF05/0035/B819,MO,44.820701,10.893504,50.0,4964794.973,1649732.289
PF06/0035/B819,MO,44.822432,10.891654,21.0,4964983.849,1649581.503
PF02/0036/B819,MO,44.822853,10.895411,21.0,4965037.539,1649877.442
PF01/0037/B819,MO,44.82738,10.901166,20.0,4965551.062,1650320.663
PF01/0038/B819,MO,44.822388,10.918227,52.0,4965028.266,1651682.511
PF02/0038/B819,MO,44.827774,10.914478,72.0,4965619.535,1651371.999
PF04/0038/B819,MO,44.824939,10.913579,20.0,4965302.935,1651308.347
PF05/0038/B819,MO,44.823084,10.906368,20.0,4965083.466,1650743.102
PF01/0039/B819,MO,44.810095,10.823244,72.0,4963489.744,1644203.729
PF02/0039/B819,MO,44.82246,10.824726,52.0,4964865.96,1644290.121
PF03/0039/B819,MO,44.822081,10.828571,72.0,4964830.693,1644595.078
PF05/0039/B819,MO,44.815753,10.827993,72.0,4964126.719,1644565.155
PF08/0039/B819,MO,44.817825,10.824975,10.0,4964351.541,1644321.328
PF09/0039/B819,MO,44.813178,10.823692,21.0,4963833.116,1644231.531
PF03/0040/B819,MO,44.816848,10.836328,70.0,4964263.236,1645221.449
PF04/0040/B819,MO,44.814639,10.833362,21.0,4964012.506,1644992.433
PF02/0041/B819,MO,44.820145,10.837131,72.0,4964630.979,1645276.697
PF03/0041/B819,MO,44.819829,10.852491,50.0,4964623.383,1646491.909
PF05/0041/B819,MO,44.819416,10.846226,52.0,4964566.218,1645997.602
PF06/0041/B819,MO,44.817297,10.841681,50.0,4964322.703,1645643.538
PF07/0041/B819,MO,44.817081,10.850323,52.0,4964314.233,1646327.429
PF08/0041/B819,MO,44.816822,10.853073,50.0,4964290.386,1646545.514
PF09/0041/B819,MO,44.815779,10.847935,70.0,4964165.237,1646141.859
PF10/0041/B819,MO,44.819393,10.841717,21.0,4964555.554,1645641.103
PF01/0042/B819,MO,44.814299,10.836566,70.0,4963980.534,1645246.699
PF02/0042/B819,MO,44.814297,10.841353,70.0,4963988.883,1645625.189
PF04/0042/B819,MO,44.812568,10.841046,70.0,4963796.28,1645605.272
PF05/0042/B819,MO,44.811941,10.836093,21.0,4963717.668,1645215.15
PF04/0043/B819,MO,44.814558,10.844227,20.0,4964022.948,1645851.748
PF01/0044/B819,MO,44.81616,10.853532,70.0,4964217.704,1646583.508
PF02/0044/B819,MO,44.811859,10.853481,70.0,4963739.784,1646590.368
PF03/0044/B819,MO,44.813287,10.848709,21.0,4963889.808,1646209.358
PF02/0045/B819,MO,44.81486,10.857047,70.0,4964079.64,1646864.702
PF03/0045/B819,MO,44.816747,10.85847,21.0,4964291.775,1646972.4
PF01/0046/B819,MO,44.816114,10.862017,70.0,4964227.887,1647254.504
PF02/0046/B819,MO,44.815981,10.866024,72.0,4964220.438,1647571.672
PF04/0046/B819,MO,44.811913,10.864875,21.0,4963766.381,1647491.159
PF02/0047/B819,MO,44.822573,10.886944,70.0,4964990.836,1649208.785
PF03/0047/B819,MO,44.820122,10.870775,50.0,4964689.048,1647936.731
PF04/0047/B819,MO,44.816961,10.870455,52.0,4964337.344,1647919.514
PF05/0047/B819,MO,44.815408,10.873237,50.0,4964169.856,1648143.472
PF07/0047/B819,MO,44.819946,10.885855,21.0,4964697.029,1649129.441
PF01/0048/B819,MO,44.820055,10.89158,70.0,4964719.684,1649581.777
PF04/0048/B819,MO,44.818118,10.889031,70.0,4964499.779,1649385.25
PF05/0048/B819,MO,44.817935,10.890264,21.0,4964481.732,1649483.232
PF03/0049/B819,MO,44.819358,10.896909,50.0,4964652.077,1650004.922
PF04/0049/B819,MO,44.820421,10.898154,21.0,4964772.437,1650100.617
PF04/0050/B819,MO,44.821636,10.89996,70.0,4964910.739,1650240.292
PF05/0050/B819,MO,44.819091,10.902147,50.0,4964632.096,1650419.772
PF06/0050/B819,MO,44.816947,10.901322,52.0,4964392.392,1650360.159
PF07/0050/B819,MO,44.815728,10.903458,52.0,4964260.928,1650532.182
PF10/0050/B819,MO,44.822915,10.913314,20.0,4965077.601,1651292.693
PF02/0051/B819,MO,44.81834,10.92447,70.0,4964590.22,1652186.744
PF04/0051/B819,MO,44.817097,10.919594,21.0,4964443.006,1651804.462
PF01/0052/B819,MO,44.824,10.968144,72.0,4965301.659,1655624.643
PF02/0052/B819,MO,44.818243,10.96275,52.0,4964651.86,1655213.629
PF03/0052/B819,MO,44.817593,10.967374,50.0,4964588.418,1655580.951
PF04/0052/B819,MO,44.816431,10.972577,50.0,4964469.401,1655995.513
PF07/0052/B819,MO,44.81491,10.96405,21.0,4964284.056,1655325.377
PF03/0053/B819,MO,44.815461,10.976666,52.0,4964369.43,1656321.454
PF04/0053/B819,MO,44.818263,10.980876,52.0,4964688.831,1656646.704
PF07/0053/B819,MO,44.824734,10.975005,21.0,4965396.371,1656165.062
PF01/0054/B819,MO,44.822335,10.983295,52.0,4965145.826,1656826.947
PF05/0054/B819,MO,44.813963,10.983699,52.0,4964216.61,1656881.598
PF06/0054/B819,MO,44.816258,10.990132,12.0,4964484.0,1657384.0
PF08/0054/B819,MO,44.812725,10.988816,21.0,4964088.96,1657289.579
PF02/0055/B819,MO,44.817091,10.994261,52.0,4964584.556,1657708.169
PF03/0055/B819,MO,44.815027,11.000935,52.0,4964368.184,1658241.556
PF04/0055/B819,MO,44.820631,10.994646,12.0,4964978.5,1657729.0
PF05/0055/B819,MO,44.820299,10.990086,21.0,4964932.792,1657369.392
PF01/0056/B819,MO,44.805861,10.833123,50.0,4963037.022,1644995.563
PF03/0056/B819,MO,44.803143,10.82339,50.0,4962717.802,1644232.599
PF09/0056/B819,MO,44.806847,10.829025,21.0,4963139.298,1644668.982
PF02/0057/B819,MO,44.808677,10.835265,21.0,4963353.711,1645157.862
PF02/0058/B819,MO,44.809418,10.846215,70.0,4963455.576,1646021.951
PF04/0058/B819,MO,44.807573,10.838149,70.0,4963236.187,1645388.705
PF05/0058/B819,MO,44.808723,10.842487,52.0,4963371.725,1645728.861
PF06/0058/B819,MO,44.808224,10.852534,70.0,4963334.293,1646524.69
PF08/0058/B819,MO,44.804356,10.840619,50.0,4962883.218,1645592.17
PF09/0058/B819,MO,44.803683,10.842674,52.0,4962812.167,1645756.349
PF10/0058/B819,MO,44.804608,10.848949,70.0,4962926.142,1646250.305
PF11/0058/B819,MO,44.803472,10.851092,70.0,4962803.823,1646422.646
PF12/0058/B819,MO,44.804623,10.836933,21.0,4962906.344,1645299.947
PF01/0059/B819,MO,44.81138,10.860524,50.0,4963699.3,1647148.516
PF02/0059/B819,MO,44.80679,10.858291,70.0,4963185.428,1646983.547
PF04/0059/B819,MO,44.80558,10.86093,21.0,4963055.715,1647195.319
PF01/0060/B819,MO,44.805525,10.864265,70.0,4963055.746,1647459.189
PF04/0060/B819,MO,44.811684,10.868335,21.0,4963747.226,1647765.344
PF01/0061/B819,MO,44.818213,10.882637,50.0,4964498.597,1648879.513
PF03/0061/B819,MO,44.817023,10.879171,50.0,4964360.14,1648608.492
PF04/0061/B819,MO,44.81474,10.877068,50.0,4964102.629,1648448.098
PF05/0061/B819,MO,44.81538,10.885617,70.0,4964189.403,1649122.377
PF09/0061/B819,MO,44.813449,10.886097,70.0,4963975.816,1649165.372
PF10/0061/B819,MO,44.812223,10.881165,70.0,4963830.551,1648778.532
PF12/0061/B819,MO,44.812126,10.872987,21.0,4963804.794,1648132.07
PF03/0062/B819,MO,44.810681,10.884181,70.0,4963664.802,1649020.925
PF04/0062/B819,MO,44.80963,10.872237,52.0,4963526.181,1648079.198
PF06/0062/B819,MO,44.808084,10.878975,52.0,4963366.712,1648615.931
PF09/0062/B819,MO,44.806646,10.877146,52.0,4963203.697,1648475.011
PF10/0062/B819,MO,44.8066,10.882144,12.0,4963207.65,1648870.35
PF11/0062/B819,MO,44.81107,10.887162,21.0,4963713.417,1649255.68
PF02/0063/B819,MO,44.817179,10.895566,52.0,4964407.601,1649904.427
PF04/0063/B819,MO,44.813856,10.892877,70.0,4964033.444,1649700.373
PF05/0063/B819,MO,44.814741,10.895326,52.0,4964136.311,1649891.721
PF06/0063/B819,MO,44.814039,10.898858,50.0,4964064.803,1650172.879
PF07/0063/B819,MO,44.81156,10.891646,70.0,4963776.115,1649609.014
PF09/0063/B819,MO,44.809735,10.897095,70.0,4963583.406,1650044.566
PF10/0063/B819,MO,44.808061,10.888874,4.0,4963382.364,1649398.829
PF12/0063/B819,MO,44.818005,10.893454,21.0,4964495.38,1649735.274
PF01/0064/B819,MO,44.81259,10.901717,70.0,4963909.102,1650402.651
PF03/0064/B819,MO,44.813021,10.909609,12.0,4963971.6,1651025.6
PF04/0064/B819,MO,44.810177,10.905471,21.0,4963648.0,1650705.814
PF01/0065/B819,MO,44.81038,10.906167,50.0,4963671.87,1650760.301
PF02/0065/B819,MO,44.809832,10.910702,20.0,4963619.387,1651120.369
PF03/0066/B819,MO,44.811883,10.913119,50.0,4963851.782,1651306.125
PF04/0066/B819,MO,44.812335,10.915739,50.0,4963906.852,1651512.146
PF05/0066/B819,MO,44.811337,10.921964,70.0,4963807.575,1652007.009
PF08/0066/B819,MO,44.811251,10.924951,70.0,4963803.657,1652243.425
PF10/0066/B819,MO,44.815329,10.91772,21.0,4964243.105,1651660.925
PF01/0067/B819,MO,44.80981,10.915157,52.0,4963625.251,1651472.73
PF03/0067/B819,MO,44.807861,10.914627,52.0,4963407.795,1651435.894
PF05/0067/B819,MO,44.807184,10.917126,52.0,4963337.242,1651635.323
PF06/0067/B819,MO,44.806576,10.912466,50.0,4963261.041,1651268.338
PF08/0067/B819,MO,44.805404,10.914566,70.0,4963134.742,1651437.509
PF09/0067/B819,MO,44.808544,10.912257,21.0,4963479.199,1651246.703
PF02/0068/B819,MO,44.806767,10.919494,70.0,4963295.307,1651823.642
PF03/0068/B819,MO,44.80937,10.920735,12.0,4963586.843,1651914.915
PF04/0068/B819,MO,44.806271,10.922121,21.0,4963245.1,1652032.718
PF02/0069/B819,MO,44.821319,10.926807,70.0,4964925.556,1652363.618
PF03/0069/B819,MO,44.818481,10.935491,50.0,4964626.551,1653057.7
PF04/0069/B819,MO,44.817348,10.929462,70.0,4964489.382,1652584.055
PF05/0069/B819,MO,44.814186,10.929454,70.0,4964138.145,1652591.715
PF06/0069/B819,MO,44.816279,10.93141,21.0,4964374.274,1652740.89
PF03/0070/B819,MO,44.808163,10.967307,52.0,4963540.841,1655601.045
PF04/0070/B819,MO,44.811355,10.968752,21.0,4963898.138,1655706.736
PF04/0071/B819,MO,44.809739,10.976222,70.0,4963732.996,1656301.731
PF05/0071/B819,MO,44.805995,10.975142,21.0,4963314.974,1656226.503
PF05/0072/B819,MO,44.812725,10.988816,20.0,4964088.96,1657289.579
PF01/0073/B819,MO,44.803064,10.833979,50.0,4962727.856,1645070.293
PF03/0073/B819,MO,44.797545,10.835972,50.0,4962118.262,1645241.762
PF04/0073/B819,MO,44.799878,10.839663,70.0,4962384.127,1645527.78
PF05/0073/B819,MO,44.797902,10.843713,50.0,4962171.772,1645853.118
PF07/0073/B819,MO,44.800712,10.829712,21.0,4962459.0,1644738.656
PF01/0074/B819,MO,44.798248,10.857494,52.0,4962235.033,1646942.225
PF02/0074/B819,MO,44.795742,10.84913,50.0,4961941.598,1646287.045
PF03/0074/B819,MO,44.801082,10.854644,70.0,4962544.777,1646709.611
PF04/0074/B819,MO,44.802855,10.846422,21.0,4962726.946,1646054.848
PF01/0075/B819,MO,44.806799,10.870547,52.0,4963208.689,1647952.718
PF02/0075/B819,MO,44.804963,10.869959,52.0,4963003.578,1647910.917
PF03/0075/B819,MO,44.802295,10.868697,50.0,4962704.905,1647817.929
PF04/0075/B819,MO,44.801776,10.875413,52.0,4962659.549,1648350.413
PF06/0075/B819,MO,44.802313,10.879216,21.0,4962726.067,1648649.837
PF04/0076/B819,MO,44.803288,10.893122,52.0,4962859.944,1649747.128
PF06/0076/B819,MO,44.800907,10.884103,52.0,4962578.926,1649039.977
PF07/0076/B819,MO,44.799565,10.891189,70.0,4962442.775,1649603.857
PF08/0076/B819,MO,44.799312,10.888131,70.0,4962409.105,1649362.673
PF09/0076/B819,MO,44.803294,10.885785,50.0,4962847.129,1649166.865
PF10/0076/B819,MO,44.802542,10.880189,4.0,4962753.299,1648726.172
PF11/0076/B819,MO,44.804351,10.881664,20.0,4962956.942,1648838.203
PF03/0077/B819,MO,44.801372,10.895319,52.0,4962651.099,1649925.795
PF05/0077/B819,MO,44.798833,10.907004,50.0,4962390.727,1650856.591
PF06/0077/B819,MO,44.803328,10.908033,70.0,4962891.946,1650926.244
PF07/0077/B819,MO,44.802011,10.905372,52.0,4962740.691,1650719.246
PF08/0077/B819,MO,44.800398,10.903651,70.0,4962558.316,1650587.298
PF10/0077/B819,MO,44.803283,10.900438,21.0,4962872.846,1650325.728
PF02/0078/B819,MO,44.801158,10.909516,70.0,4962653.707,1651049.198
PF04/0078/B819,MO,44.796998,10.91164,72.0,4962195.514,1651228.064
PF05/0078/B819,MO,44.795301,10.905136,21.0,4961994.849,1650718.065
PF02/0079/B819,MO,44.805747,10.927232,50.0,4963196.498,1652438.285
PF03/0079/B819,MO,44.803484,10.922553,52.0,4962936.323,1652074.197
PF05/0079/B819,MO,44.805995,10.923982,21.0,4963217.922,1652180.617
PF01/0080/B819,MO,44.808788,10.963236,50.0,4963602.495,1655277.386
PF02/0080/B819,MO,44.803135,10.973079,50.0,4962993.313,1656071.07
PF06/0080/B819,MO,44.802914,10.954313,21.0,4962932.895,1654587.521
PF01/0081/B819,MO,44.79957,10.993016,70.0,4962635.809,1657657.504
PF03/0081/B819,MO,44.80075,10.989481,70.0,4962759.949,1657374.699
PF04/0081/B819,MO,44.800104,10.985862,52.0,4962681.234,1657090.214
PF06/0081/B819,MO,44.807967,10.989676,70.0,4963562.123,1657370.529
PF07/0081/B819,MO,44.803678,10.992145,52.0,4963090.428,1657577.417
PF09/0081/B819,MO,44.802291,10.986066,12.0,4962924.622,1657100.398
PF10/0081/B819,MO,44.804981,10.988434,21.0,4963227.963,1657280.426
PF02/0082/B819,MO,44.800605,10.999519,52.0,4962763.388,1658168.959
PF03/0082/B819,MO,44.799137,10.996942,70.0,4962595.287,1657969.173
PF04/0082/B819,MO,44.803466,11.000254,21.0,4963082.605,1658219.343
PF01/0083/B819,MO,44.789838,10.849944,52.0,4961287.22,1646366.281
PF03/0083/B819,MO,44.790982,10.8532,70.0,4961420.218,1646620.983
PF05/0083/B819,MO,44.796425,10.846209,72.0,4962012.229,1646054.208
PF06/0083/B819,MO,44.793097,10.84035,52.0,4961632.053,1645599.162
PF07/0083/B819,MO,44.795017,10.84907,21.0,4961861.006,1646284.081
PF01/0084/B819,MO,44.796352,10.861488,50.0,4962031.716,1647262.925
PF02/0084/B819,MO,44.795119,10.8648,52.0,4961900.663,1647528.003
PF03/0084/B819,MO,44.79378,10.854566,50.0,4961733.469,1646721.968
PF04/0084/B819,MO,44.792452,10.856902,70.0,4961590.098,1646910.064
PF07/0084/B819,MO,44.786873,10.858603,70.0,4960973.507,1647058.818
PF08/0084/B819,MO,44.786855,10.855385,50.0,4960965.666,1646804.306
PF09/0084/B819,MO,44.791328,10.860965,21.0,4961472.677,1647234.337
PF01/0085/B819,MO,44.80051,10.873215,50.0,4962514.862,1648179.841
PF02/0085/B819,MO,44.799009,10.866312,50.0,4962335.563,1647637.717
PF04/0085/B819,MO,44.795337,10.867547,50.0,4961929.969,1647744.783
PF06/0085/B819,MO,44.792741,10.865252,70.0,4961637.421,1647569.879
PF07/0085/B819,MO,44.790481,10.86434,50.0,4961384.682,1647503.49
PF09/0085/B819,MO,44.788886,10.87038,72.0,4961218.433,1647985.313
PF12/0085/B819,MO,44.794275,10.870289,21.0,4961816.976,1647964.363
PF03/0086/B819,MO,44.796721,10.876407,20.0,4962099.847,1648442.019
PF01/0087/B819,MO,44.799759,10.87917,50.0,4962442.32,1648652.786
PF02/0087/B819,MO,44.798772,10.882845,70.0,4962339.375,1648945.992
PF05/0087/B819,MO,44.796175,10.880843,21.0,4962047.192,1648794.294
PF01/0088/B819,MO,44.790623,10.872627,56.0,4961415.512,1648158.669
PF03/0088/B819,MO,44.792546,10.874102,52.0,4961631.768,1648270.424
PF04/0088/B819,MO,44.794252,10.874012,20.0,4961821.203,1648258.908
PF02/0089/B819,MO,44.795523,10.877317,52.0,4961968.369,1648517.095
PF03/0089/B819,MO,44.792023,10.876638,21.0,4961578.383,1648472.34
PF02/0090/B819,MO,44.796402,10.887882,70.0,4962085.407,1649350.476
PF03/0090/B819,MO,44.793961,10.885963,21.0,4961810.739,1649204.974
PF01/0091/B819,MO,44.793352,10.879945,52.0,4961731.995,1648730.523
PF03/0091/B819,MO,44.79133,10.878893,52.0,4961505.481,1648652.454
PF04/0091/B819,MO,44.790629,10.881254,56.0,4961431.929,1648841.04
PF06/0091/B819,MO,44.792489,10.882578,12.0,4961641.0,1648941.0
PF07/0091/B819,MO,44.791768,10.884725,21.0,4961564.855,1649112.697
PF01/0092/B819,MO,44.795392,10.893036,70.0,4961982.665,1649760.724
PF02/0092/B819,MO,44.793539,10.894114,50.0,4961778.753,1649850.767
PF04/0092/B819,MO,44.797272,10.892658,21.0,4962190.745,1649725.983
PF01/0093/B819,MO,44.794683,10.890243,70.0,4961898.73,1649541.617
PF02/0093/B819,MO,44.796309,10.891004,21.0,4962080.724,1649597.649
PF01/0094/B819,MO,44.792773,10.888273,72.0,4961682.921,1649390.748
PF02/0094/B819,MO,44.792495,10.890521,50.0,4961656.182,1649569.276
PF04/0094/B819,MO,44.791426,10.892808,52.0,4961541.637,1649752.955
PF05/0094/B819,MO,44.790837,10.889363,52.0,4961469.912,1649482.003
PF06/0094/B819,MO,44.789508,10.891692,52.0,4961326.492,1649669.663
PF10/0094/B819,MO,44.791165,10.887595,21.0,4961503.137,1649341.278
PF02/0095/B819,MO,44.797128,10.898494,70.0,4962185.583,1650187.957
PF03/0095/B819,MO,44.796346,10.901269,50.0,4962103.834,1650409.443
PF05/0095/B819,MO,44.798623,10.900796,70.0,4962355.893,1650366.115
PF07/0095/B819,MO,44.796803,10.896541,21.0,4962145.804,1650034.326
PF02/0096/B819,MO,44.791877,10.895227,21.0,4961596.166,1649943.154
PF01/0097/B819,MO,44.793977,10.900011,70.0,4961838.308,1650316.072
PF02/0097/B819,MO,44.792651,10.903321,21.0,4961697.106,1650581.396
PF01/0098/B819,MO,44.79219,10.897684,70.0,4961635.503,1650136.674
PF03/0098/B819,MO,44.790058,10.898368,21.0,4961399.896,1650196.335
PF04/0098/B819,MO,44.788036,10.897886,21.0,4961174.5,1650163.448
PF01/0099/B819,MO,44.791926,10.918163,52.0,4961644.179,1651757.276
PF02/0099/B819,MO,44.790646,10.912813,50.0,4961492.001,1651337.446
PF06/0099/B819,MO,44.792881,10.911861,52.0,4961738.592,1651256.264
PF07/0099/B819,MO,44.789563,10.909175,70.0,4961364.977,1651052.521
PF08/0099/B819,MO,44.785251,10.916709,50.0,4960899.949,1651659.79
PF10/0099/B819,MO,44.789277,10.917555,50.0,4961348.792,1651716.145
PF11/0099/B819,MO,44.794256,10.904551,12.0,4961877.779,1650674.478
PF12/0099/B819,MO,44.791008,10.902799,21.0,4961513.623,1650544.378
PF02/0100/B819,MO,44.799839,10.920452,52.0,4962527.47,1651917.561
PF04/0100/B819,MO,44.796301,10.925102,52.0,4962143.18,1652294.675
PF05/0100/B819,MO,44.795439,10.916482,21.0,4962031.275,1651615.148
PF01/0101/B819,MO,44.794043,10.919819,52.0,4961882.462,1651882.727
PF03/0101/B819,MO,44.788119,10.924118,50.0,4961232.439,1652238.38
PF04/0101/B819,MO,44.787415,10.921949,21.0,4961150.124,1652068.653
PF05/0102/B819,MO,44.797365,10.939148,21.0,4962287.747,1653402.871
PF06/0102/B819,MO,44.795098,10.936132,21.0,4962030.226,1653170.32
PF07/0102/B819,MO,44.795748,10.931821,20.0,4962094.32,1652827.611
PF02/0103/B819,MO,44.794215,10.950352,52.0,4961959.078,1654297.417
PF04/0103/B819,MO,44.795,10.941167,21.0,4962028.836,1653568.76
PF01/0104/B819,MO,44.799905,10.971157,52.0,4962630.852,1655927.758
PF07/0104/B819,MO,44.794656,10.966019,50.0,4962037.881,1655535.488
PF08/0104/B819,MO,44.796685,10.969288,50.0,4962269.589,1655788.56
PF09/0104/B819,MO,44.797328,10.965661,12.0,4962334.0,1655500.0
PF10/0104/B819,MO,44.797745,10.952135,21.0,4962354.545,1654428.985
PF01/0105/B819,MO,44.798027,10.984562,72.0,4962447.993,1656993.014
PF02/0105/B819,MO,44.795648,10.982611,50.0,4962179.935,1656845.175
PF03/0105/B819,MO,44.792676,10.980718,72.0,4961846.211,1656703.515
PF05/0105/B819,MO,44.798272,10.970778,21.0,4962448.67,1655902.114
PF01/0106/B819,MO,44.796467,10.999273,50.0,4962303.173,1658160.815
PF02/0106/B819,MO,44.794333,10.993164,70.0,4962054.306,1657683.471
PF03/0106/B819,MO,44.791867,10.993438,50.0,4961780.879,1657711.881
PF05/0106/B819,MO,44.79324,10.990252,21.0,4961927.211,1657456.066
PF02/0107/B819,MO,44.788045,10.839736,52.0,4961069.7,1645563.343
PF04/0107/B819,MO,44.777638,10.845946,52.0,4959924.799,1646080.803
PF05/0107/B819,MO,44.783779,10.839293,21.0,4960595.067,1645538.985
PF01/0108/B819,MO,44.787197,10.84783,52.0,4960990.028,1646205.726
PF02/0108/B819,MO,44.785937,10.851444,50.0,4960856.59,1646494.819
PF05/0108/B819,MO,44.783274,10.858527,70.0,4960573.569,1647061.906
PF08/0108/B819,MO,44.777714,10.848411,70.0,4959937.714,1646275.633
PF11/0108/B819,MO,44.780755,10.852646,52.0,4960283.057,1646603.042
PF12/0108/B819,MO,44.779402,10.856059,52.0,4960138.91,1646876.467
PF13/0108/B819,MO,44.776645,10.854528,70.0,4959829.881,1646762.344
PF15/0108/B819,MO,44.782372,10.846483,21.0,4960451.661,1646111.362
PF01/0109/B819,MO,44.788488,10.867111,52.0,4961168.253,1647727.757
PF02/0109/B819,MO,44.782564,10.860974,50.0,4960499.078,1647257.331
PF04/0109/B819,MO,44.788559,10.862598,50.0,4961167.942,1647370.556
PF05/0109/B819,MO,44.785124,10.860592,21.0,4960782.819,1647220.606
PF01/0110/B819,MO,44.78773,10.872854,52.0,4961094.519,1648184.009
PF03/0110/B819,MO,44.789774,10.875722,21.0,4961326.876,1648405.648
PF03/0111/B819,MO,44.789694,10.883455,12.0,4961332.1,1649017.55
PF04/0111/B819,MO,44.788625,10.878865,21.0,4961204.979,1648657.226
PF02/0112/B819,MO,44.78462,10.873913,52.0,4960750.971,1648275.706
PF03/0112/B819,MO,44.786618,10.870415,21.0,4960966.613,1647993.902
PF01/0113/B819,MO,44.782298,10.878282,50.0,4960501.007,1648627.319
PF03/0113/B819,MO,44.785796,10.877712,21.0,4960888.607,1648573.275
PF01/0114/B819,MO,44.784148,10.866271,21.0,4960684.695,1647672.371
PF01/0115/B819,MO,44.784961,10.869582,52.0,4960781.007,1647932.225
PF02/0115/B819,MO,44.782838,10.869383,70.0,4960544.817,1647921.874
PF04/0115/B819,MO,44.782128,10.872718,21.0,4960472.028,1648187.583
PF01/0116/B819,MO,44.782248,10.874667,21.0,4960488.912,1648341.472
PF01/0117/B819,MO,44.781939,10.881665,72.0,4960467.302,1648895.921
PF03/0117/B819,MO,44.787823,10.882153,50.0,4961121.855,1648919.365
PF05/0117/B819,MO,44.78497,10.880674,52.0,4960802.239,1648809.736
PF06/0117/B819,MO,44.784978,10.884332,21.0,4960809.855,1649099.096
PF01/0118/B819,MO,44.779772,10.880821,72.0,4960225.104,1648834.654
PF02/0118/B819,MO,44.77958,10.878189,50.0,4960198.97,1648626.935
PF04/0118/B819,MO,44.777417,10.879462,70.0,4959960.982,1648733.178
PF05/0118/B819,MO,44.778373,10.880444,21.0,4960069.006,1648808.48
PF02/0119/B819,MO,44.788963,10.886321,50.0,4961256.102,1649246.144
PF03/0119/B819,MO,44.787118,10.885355,52.0,4961049.444,1649174.475
PF04/0119/B819,MO,44.78467,10.889836,52.0,4960785.711,1649535.313
PF05/0119/B819,MO,44.788047,10.889558,50.0,4961160.288,1649504.556
PF06/0119/B819,MO,44.782655,10.886425,21.0,4960555.64,1649270.665
PF02/0120/B819,MO,44.781241,10.881532,21.0,4960389.593,1648887.19
PF01/0121/B819,MO,44.780174,10.890475,70.0,4960287.432,1649597.431
PF04/0121/B819,MO,44.780072,10.886566,21.0,4960268.962,1649288.479
PF01/0122/B819,MO,44.789168,10.892609,52.0,4961290.475,1649743.02
PF03/0122/B819,MO,44.790314,10.895781,70.0,4961423.564,1649991.026
PF05/0122/B819,MO,44.787183,10.893778,21.0,4961072.164,1649840.681
PF01/0123/B819,MO,44.779586,10.893446,70.0,4960227.555,1649834.017
PF03/0123/B819,MO,44.783062,10.891685,21.0,4960610.521,1649685.759
PF02/0124/B819,MO,44.78799,10.895655,21.0,4961165.272,1649987.078
PF02/0125/B819,MO,44.782458,10.895854,50.0,4960551.104,1650017.111
PF03/0125/B819,MO,44.779062,10.894575,21.0,4960171.498,1649924.756
PF01/0126/B819,MO,44.783476,10.91384,70.0,4960697.481,1651437.438
PF02/0126/B819,MO,44.786399,10.912651,50.0,4961019.944,1651335.698
PF03/0126/B819,MO,44.781621,10.910776,50.0,4960485.668,1651199.887
PF04/0126/B819,MO,44.783941,10.902966,50.0,4960728.911,1650575.966
PF05/0126/B819,MO,44.77978,10.904522,52.0,4960269.562,1650709.837
PF07/0126/B819,MO,44.781126,10.900093,50.0,4960410.965,1650355.925
PF08/0126/B819,MO,44.784877,10.907024,20.0,4960840.493,1650894.568
PF01/0127/B819,MO,44.784592,10.942028,50.0,4960874.295,1653664.488
PF02/0127/B819,MO,44.787795,10.943031,50.0,4961231.984,1653735.356
PF05/0127/B819,MO,44.792513,10.939268,21.0,4961748.978,1653425.144
PF01/0128/B819,MO,44.791259,10.950431,50.0,4961630.786,1654311.517
PF03/0128/B819,MO,44.790465,10.955711,70.0,4961552.7,1654731.292
PF05/0128/B819,MO,44.785247,10.945752,52.0,4960954.14,1653957.381
PF08/0128/B819,MO,44.780337,10.954029,21.0,4960424.349,1654625.28
PF01/0129/B819,MO,44.792643,10.960983,70.0,4961804.67,1655142.474
PF02/0129/B819,MO,44.78997,10.959865,70.0,4961505.553,1655061.209
PF06/0129/B819,MO,44.784253,10.960872,21.0,4960872.397,1655156.189
PF05/0130/B819,MO,44.791998,10.967098,50.0,4961744.717,1655627.918
PF06/0130/B819,MO,44.791326,10.971324,52.0,4961678.11,1655964.057
PF07/0130/B819,MO,44.789379,10.974097,52.0,4961467.182,1656188.661
PF08/0130/B819,MO,44.788754,10.976589,52.0,4961402.589,1656387.495
PF10/0130/B819,MO,44.795256,10.972861,12.0,4962117.6,1656075.0
PF11/0130/B819,MO,44.793573,10.968568,20.0,4961922.438,1655739.962
PF01/0131/B819,MO,44.790537,10.979383,52.0,4961605.947,1656603.651
PF02/0131/B819,MO,44.790238,10.987054,50.0,4961587.516,1657211.284
PF04/0131/B819,MO,44.789038,10.992858,52.0,4961465.504,1657673.685
PF07/0131/B819,MO,44.786764,10.986813,20.0,4961201.16,1657201.626
PF01/0132/B819,MO,44.771848,10.842168,52.0,4959274.774,1645796.47
PF03/0132/B819,MO,44.768279,10.833344,70.0,4958862.637,1645107.193
PF04/0132/B819,MO,44.776737,10.835685,50.0,4959806.295,1645271.239
PF06/0132/B819,MO,44.774369,10.84286,21.0,4959556.131,1645844.878
PF03/0133/B819,MO,44.767507,10.849305,70.0,4958805.439,1646372.193
PF04/0133/B819,MO,44.771587,10.845731,52.0,4959252.175,1646079.093
PF05/0133/B819,MO,44.771652,10.850231,21.0,4959267.553,1646434.987
PF01/0134/B819,MO,44.777756,10.862144,50.0,4959967.086,1647362.147
PF02/0134/B819,MO,44.77774,10.859575,50.0,4959960.645,1647158.877
PF04/0134/B819,MO,44.774022,10.859854,50.0,4959548.194,1647190.383
PF07/0134/B819,MO,44.7708,10.854153,50.0,4959179.985,1646747.45
PF08/0134/B819,MO,44.770059,10.856735,50.0,4959102.28,1646953.654
PF10/0134/B819,MO,44.773471,10.855976,12.0,4959480.0,1646885.0
PF11/0134/B819,MO,44.769201,10.852321,21.0,4958999.045,1646606.572
PF02/0135/B819,MO,44.779825,10.867344,50.0,4960206.359,1647768.292
PF03/0135/B819,MO,44.777316,10.866154,50.0,4959925.518,1647680.539
PF05/0135/B819,MO,44.77514,10.866451,21.0,4959684.353,1647709.585
PF01/0136/B819,MO,44.779776,10.870426,70.0,4960206.497,1648012.263
PF02/0136/B819,MO,44.778933,10.873058,52.0,4960117.649,1648222.616
PF03/0136/B819,MO,44.777674,10.870763,70.0,4959973.696,1648044.241
PF06/0136/B819,MO,44.776381,10.86906,21.0,4959826.954,1647912.854
PF01/0137/B819,MO,44.776995,10.874964,70.0,4959905.844,1648378.415
PF02/0137/B819,MO,44.774955,10.87703,21.0,4959683.07,1648547.127
PF01/0138/B819,MO,44.774859,10.87273,52.0,4959664.551,1648207.074
PF04/0138/B819,MO,44.773675,10.869815,21.0,4959527.727,1647979.505
PF01/0139/B819,MO,44.774257,10.878517,52.0,4959608.26,1648666.564
PF02/0139/B819,MO,44.77189,10.876819,70.0,4959342.137,1648538.274
PF03/0139/B819,MO,44.772727,10.872967,70.0,4959428.179,1648231.327
PF05/0139/B819,MO,44.773921,10.875541,21.0,4959565.488,1648431.959
PF01/0140/B819,MO,44.774058,10.879184,70.0,4959587.31,1648719.872
PF03/0140/B819,MO,44.772766,10.881514,21.0,4959448.102,1648907.554
PF01/0141/B819,MO,44.777247,10.885089,50.0,4959952.421,1649178.844
PF02/0141/B819,MO,44.776366,10.888007,70.0,4959859.874,1649412.013
PF03/0141/B819,MO,44.774937,10.883409,52.0,4959692.669,1649051.915
PF04/0141/B819,MO,44.774004,10.886359,70.0,4959594.483,1649287.678
PF06/0141/B819,MO,44.777508,10.890211,21.0,4959990.834,1649583.49
PF01/0142/B819,MO,44.772152,10.887051,70.0,4959390.03,1649347.263
PF03/0142/B819,MO,44.77381,10.889931,52.0,4959579.457,1649570.853
PF05/0142/B819,MO,44.770935,10.884797,21.0,4959250.718,1649172.049
PF01/0143/B819,MO,44.777981,10.891421,70.0,4960045.572,1649677.951
PF02/0143/B819,MO,44.775512,10.892205,70.0,4959772.72,1649746.386
PF04/0143/B819,MO,44.778105,10.894369,21.0,4960064.809,1649910.934
PF01/0144/B819,MO,44.77104,10.889151,52.0,4959270.359,1649516.242
PF02/0144/B819,MO,44.773023,10.891223,21.0,4959494.473,1649675.151
PF01/0145/B819,MO,44.776068,10.89453,70.0,4959838.735,1649928.885
PF02/0145/B819,MO,44.776192,10.898092,52.0,4959859.141,1650210.417
PF03/0145/B819,MO,44.774371,10.896354,72.0,4959653.613,1650077.664
PF04/0145/B819,MO,44.773206,10.899034,50.0,4959529.209,1650292.69
PF06/0145/B819,MO,44.771625,10.898058,70.0,4959351.786,1650219.57
PF08/0145/B819,MO,44.774972,10.897246,21.0,4959722.082,1650146.688
PF01/0146/B819,MO,44.7728,10.893511,52.0,4959473.858,1649856.7
PF02/0146/B819,MO,44.771329,10.895859,52.0,4959314.753,1650046.318
PF03/0146/B819,MO,44.769569,10.891657,21.0,4959111.579,1649718.419
PF01/0147/B819,MO,44.775205,10.900248,21.0,4959753.512,1650383.619
PF01/0148/B819,MO,44.778277,10.898171,70.0,4960090.844,1650211.276
PF02/0148/B819,MO,44.778662,10.90185,70.0,4960140.464,1650501.33
PF03/0148/B819,MO,44.777303,10.903501,52.0,4959992.499,1650635.511
PF06/0148/B819,MO,44.772461,10.906513,50.0,4959460.26,1650886.468
PF09/0148/B819,MO,44.769278,10.903646,52.0,4959101.353,1650667.888
PF10/0148/B819,MO,44.776325,10.90758,21.0,4959891.511,1650960.768
PF11/0148/B819,MO,44.773554,10.903679,21.0,4959576.456,1650659.313
PF02/0149/B819,MO,44.775754,10.951845,50.0,4959911.168,1654464.688
PF03/0149/B819,MO,44.780642,10.961127,70.0,4960471.833,1655186.054
PF04/0149/B819,MO,44.778755,10.957069,21.0,4960254.395,1654870.029
PF05/0150/B819,MO,44.780239,10.972911,50.0,4960449.599,1656119.491
PF06/0150/B819,MO,44.788146,10.96509,21.0,4961312.914,1655479.43
PF03/0151/B819,MO,44.785564,10.980149,52.0,4961055.0,1656677.7
PF04/0151/B819,MO,44.782128,10.97472,50.0,4960662.843,1656257.53
PF05/0151/B819,MO,44.781525,10.98317,52.0,4960612.208,1656927.673
PF06/0151/B819,MO,44.779215,10.974825,70.0,4960339.54,1656273.681
PF07/0151/B819,MO,44.78779,10.979699,21.0,4961301.406,1656636.069
PF05/0152/B819,MO,44.783299,10.982971,50.0,4960808.9,1656907.1
PF06/0152/B819,MO,44.779797,10.984021,52.0,4960421.862,1656999.673
PF07/0152/B819,MO,44.782475,10.990448,21.0,4960731.744,1657500.854
PF08/0152/B819,MO,44.786941,10.981217,21.0,4961210.019,1656758.453
PF02/0153/B819,MO,44.774194,10.991854,70.0,4959814.595,1657634.613
PF03/0153/B819,MO,44.774817,10.985725,50.0,4959871.99,1657148.018
PF04/0153/B819,MO,44.772383,10.985178,70.0,4959600.461,1657111.265
PF05/0153/B819,MO,44.776759,10.98493,21.0,4960086.101,1657079.803
PF01/0154/B819,MO,44.766105,10.838297,70.0,4958629.888,1645504.531
PF03/0154/B819,MO,44.765621,10.84211,70.0,4958582.976,1645807.566
PF04/0154/B819,MO,44.762077,10.833998,72.0,4958174.809,1645174.477
PF05/0154/B819,MO,44.767417,10.829698,70.0,4958760.313,1644820.788
PF06/0154/B819,MO,44.765105,10.82874,70.0,4958501.825,1644750.721
PF07/0154/B819,MO,44.764352,10.843801,21.0,4958445.065,1645944.567
PF03/0155/B819,MO,44.764386,10.847853,50.0,4958456.116,1646265.11
PF04/0155/B819,MO,44.764733,10.851858,72.0,4958501.892,1646581.229
PF05/0155/B819,MO,44.764028,10.854745,72.0,4958428.749,1646811.489
PF06/0155/B819,MO,44.760533,10.845968,70.0,4958024.714,1646125.66
PF08/0155/B819,MO,44.760323,10.853288,70.0,4958014.598,1646705.572
PF10/0155/B819,MO,44.75704,10.853048,50.0,4957649.391,1646694.873
PF11/0155/B819,MO,44.762491,10.850898,70.0,4958251.108,1646510.927
PF12/0155/B819,MO,44.7575,10.844717,21.0,4957685.544,1646034.325
PF02/0156/B819,MO,44.773415,10.86231,50.0,4959485.158,1647386.271
PF04/0156/B819,MO,44.77225,10.866901,50.0,4959364.154,1647752.568
PF05/0156/B819,MO,44.770841,10.861535,50.0,4959197.867,1647331.529
PF07/0156/B819,MO,44.769398,10.858846,70.0,4959032.665,1647122.366
PF08/0156/B819,MO,44.768536,10.862164,70.0,4958942.909,1647387.183
PF09/0156/B819,MO,44.767595,10.864801,50.0,4958843.137,1647598.266
PF10/0156/B819,MO,44.766738,10.862344,70.0,4958743.52,1647405.969
PF11/0156/B819,MO,44.763752,10.863327,70.0,4958413.641,1647491.387
PF12/0156/B819,MO,44.763476,10.857261,70.0,4958372.001,1647012.031
PF13/0156/B819,MO,44.762045,10.862103,56.0,4958221.801,1647398.864
PF14/0156/B819,MO,44.770296,10.864181,20.0,4959142.13,1647542.307
PF01/0157/B819,MO,44.767645,10.870854,52.0,4958859.79,1648077.105
PF02/0157/B819,MO,44.768497,10.874341,70.0,4958960.698,1648350.901
PF03/0157/B819,MO,44.771502,10.873341,21.0,4959292.757,1648264.07
PF01/0158/B819,MO,44.76613,10.865267,70.0,4958681.321,1647638.83
PF02/0158/B819,MO,44.765354,10.868111,50.0,4958600.252,1647865.91
PF04/0158/B819,MO,44.763859,10.870109,72.0,4958437.853,1648027.794
PF07/0158/B819,MO,44.76862,10.868065,70.0,4958962.989,1647853.913
PF08/0158/B819,MO,44.771068,10.870915,50.0,4959240.113,1648073.211
PF09/0158/B819,MO,44.771218,10.866629,70.0,4959248.921,1647733.661
PF10/0158/B819,MO,44.760307,10.867779,21.0,4958039.02,1647852.511
PF01/0159/B819,MO,44.766609,10.877583,66.0,4958756.922,1648612.284
PF02/0159/B819,MO,44.769551,10.877377,70.0,4959083.326,1648588.447
PF04/0159/B819,MO,44.771474,10.87987,21.0,4959301.569,1648780.785
PF01/0160/B819,MO,44.769272,10.88672,70.0,4959069.508,1649328.475
PF03/0160/B819,MO,44.771063,10.881133,12.0,4959258.247,1648881.746
PF05/0160/B819,MO,44.769165,10.883777,21.0,4959052.225,1649095.89
PF02/0161/B819,MO,44.76601,10.887606,72.0,4958708.707,1649407.011
PF03/0161/B819,MO,44.768739,10.889015,21.0,4959014.517,1649511.491
PF02/0162/B819,MO,44.766075,10.880155,52.0,4958702.358,1648817.17
PF03/0162/B819,MO,44.765157,10.882566,52.0,4958604.739,1649010.336
PF04/0162/B819,MO,44.764057,10.886086,72.0,4958488.969,1649291.766
PF05/0162/B819,MO,44.767309,10.883761,70.0,4958845.952,1649099.334
PF06/0162/B819,MO,44.768256,10.879507,21.0,4958943.429,1648760.324
PF01/0163/B819,MO,44.760116,10.873427,50.0,4958028.027,1648300.017
PF03/0163/B819,MO,44.761807,10.885355,70.0,4958237.693,1649239.663
PF04/0163/B819,MO,44.765303,10.872766,50.0,4958603.11,1648234.398
PF06/0163/B819,MO,44.762356,10.875237,50.0,4958280.186,1648437.53
PF07/0163/B819,MO,44.764512,10.876082,21.0,4958521.263,1648498.882
PF02/0164/B819,MO,44.766861,10.89178,70.0,4958810.92,1649735.11
PF03/0164/B819,MO,44.767104,10.899917,72.0,4958852.964,1650378.429
PF04/0164/B819,MO,44.766084,10.894011,70.0,4958728.702,1649913.681
PF05/0164/B819,MO,44.765143,10.896689,70.0,4958629.155,1650128.074
PF07/0164/B819,MO,44.76261,10.894962,70.0,4958344.634,1649997.907
PF08/0164/B819,MO,44.762601,10.899999,52.0,4958352.883,1650396.605
PF09/0164/B819,MO,44.760917,10.895936,70.0,4958158.368,1650079.414
PF10/0164/B819,MO,44.759422,10.89099,72.0,4957983.13,1649691.797
PF11/0164/B819,MO,44.758471,10.893318,50.0,4957881.735,1649878.479
PF12/0164/B819,MO,44.759136,10.898186,52.0,4957964.67,1650262.085
PF13/0164/B819,MO,44.75777,10.896266,52.0,4957809.395,1650113.679
PF15/0164/B819,MO,44.764249,10.899958,21.0,4958535.911,1650389.032
PF01/0165/B819,MO,44.757962,10.831786,70.0,4957713.721,1645009.699
PF03/0165/B819,MO,44.761801,10.825381,52.0,4958128.849,1644493.156
PF05/0165/B819,MO,44.757427,10.832343,21.0,4957655.297,1645055.11
PF01/0166/B819,MO,44.754938,10.841807,50.0,4957395.745,1645810.392
PF02/0166/B819,MO,44.756001,10.838792,50.0,4957508.426,1645569.141
PF03/0166/B819,MO,44.751719,10.839775,72.0,4957034.465,1645657.687
PF05/0166/B819,MO,44.757788,10.843373,21.0,4957715.125,1645927.222
PF06/0166/B819,MO,44.759171,10.858209,21.0,4957895.477,1647097.97
PF01/0167/B819,MO,44.763294,10.856412,72.0,4958350.187,1646945.292
PF04/0167/B819,MO,44.76019,10.860569,56.0,4958012.919,1647282.104
PF06/0167/B819,MO,44.759247,10.858278,5.0,4957904.08,1647103.24
PF07/0167/B819,MO,44.758823,10.862335,52.0,4957864.238,1647425.417
PF08/0167/B819,MO,44.757187,10.855329,72.0,4957669.869,1646874.997
PF10/0167/B819,MO,44.754597,10.852368,52.0,4957376.832,1646647.212
PF11/0167/B819,MO,44.753893,10.86082,72.0,4957313.889,1647318.03
PF12/0167/B819,MO,44.752917,10.850742,52.0,4957187.324,1646522.776
PF14/0167/B819,MO,44.751086,10.852621,52.0,4956987.309,1646676.107
PF15/0167/B819,MO,44.761919,10.860909,21.0,4958205.628,1647304.682
PF01/0168/B819,MO,44.757878,10.867912,70.0,4957769.453,1647869.161
PF02/0168/B819,MO,44.75018,10.871467,72.0,4956920.807,1648170.205
PF04/0168/B819,MO,44.754474,10.872445,50.0,4957399.535,1648236.682
PF06/0168/B819,MO,44.756211,10.872192,70.0,4957592.068,1648212.223
PF07/0168/B819,MO,44.746146,10.8681,12.0,4956466.5,1647914.0
PF09/0168/B819,MO,44.754382,10.866766,21.0,4957378.993,1647787.444
PF01/0169/B819,MO,44.757342,10.880846,52.0,4957733.458,1648894.315
PF02/0169/B819,MO,44.753063,10.875975,50.0,4957249.246,1648519.698
PF03/0169/B819,MO,44.753132,10.880863,70.0,4957265.777,1648906.477
PF04/0169/B819,MO,44.751195,10.882174,70.0,4957053.025,1649015.171
PF05/0169/B819,MO,44.759348,10.876688,50.0,4957948.729,1648560.08
PF08/0169/B819,MO,44.755947,10.874952,70.0,4957567.772,1648431.38
PF09/0169/B819,MO,44.759728,10.874657,21.0,4957987.225,1648398.358
PF01/0170/B819,MO,44.755113,10.88525,52.0,4957493.889,1649248.604
PF02/0170/B819,MO,44.753731,10.890034,50.0,4957349.242,1649630.826
PF04/0170/B819,MO,44.753005,10.897505,52.0,4957282.29,1650224.044
PF06/0170/B819,MO,44.74811,10.891962,20.0,4956728.34,1649797.932
PF05/0171/B819,MO,44.753365,10.822038,21.0,4957185.742,1644249.578
PF06/0171/B819,MO,44.756704,10.817901,12.0,4957549.34,1643913.84
PF03/0172/B819,MO,44.748302,10.834756,52.0,4956645.948,1645268.914
PF04/0172/B819,MO,44.753111,10.834894,70.0,4957180.418,1645267.787
PF05/0172/B819,MO,44.74853,10.832685,21.0,4956667.568,1645104.426
PF06/0172/B819,MO,44.75513,10.826717,21.0,4957390.116,1644615.545
PF02/0173/B819,MO,44.746213,10.843384,50.0,4956429.353,1645957.207
PF04/0173/B819,MO,44.747816,10.840023,52.0,4956601.42,1645687.088
PF07/0173/B819,MO,44.753325,10.845931,21.0,4957223.939,1646140.938
PF01/0174/B819,MO,44.745756,10.854438,50.0,4956398.476,1646833.468
PF02/0174/B819,MO,44.748096,10.860753,50.0,4956669.813,1647327.452
PF03/0174/B819,MO,44.744081,10.859112,21.0,4956220.82,1647207.674
PF01/0175/B819,MO,44.750056,10.874769,50.0,4956912.993,1648431.958
PF02/0175/B819,MO,44.749545,10.878272,70.0,4956862.673,1648710.542
PF03/0175/B819,MO,44.747957,10.873356,52.0,4956677.227,1648325.44
PF05/0175/B819,MO,44.746161,10.877523,54.0,4956485.326,1648659.904
PF06/0175/B819,MO,44.745571,10.881575,70.0,4956427.197,1648982.251
PF08/0175/B819,MO,44.74367,10.876823,72.0,4956207.376,1648610.861
PF10/0175/B819,MO,44.742273,10.878852,72.0,4956055.847,1648775.09
PF11/0175/B819,MO,44.742345,10.881326,72.0,4956068.454,1648970.809
PF12/0175/B819,MO,44.740229,10.870769,52.0,4955814.085,1648140.435
PF13/0175/B819,MO,44.739619,10.873304,52.0,4955750.937,1648342.656
PF14/0175/B819,MO,44.740411,10.881354,72.0,4955853.615,1648977.974
PF15/0175/B819,MO,44.738665,10.880333,70.0,4955657.737,1648901.585
PF16/0175/B819,MO,44.737453,10.87492,70.0,4955513.278,1648476.157
PF18/0175/B819,MO,44.744608,10.872036,52.0,4956302.87,1648229.523
PF19/0175/B819,MO,44.742504,10.871189,72.0,4956067.543,1648167.823
PF21/0175/B819,MO,44.744558,10.872947,21.0,4956298.931,1648301.743
PF01/0176/B819,MO,44.74988,10.885527,70.0,4956913.115,1649283.999
PF02/0176/B819,MO,44.748613,10.888916,50.0,4956778.609,1649555.554
PF07/0176/B819,MO,44.745221,10.888025,50.0,4956400.156,1649493.743
PF08/0176/B819,MO,44.743214,10.889696,50.0,4956180.242,1649631.219
PF09/0176/B819,MO,44.742461,10.894434,50.0,4956105.359,1650008.261
PF10/0176/B819,MO,44.742908,10.885845,52.0,4956139.262,1649327.142
PF12/0176/B819,MO,44.744168,10.884318,21.0,4956276.395,1649202.958
PF07/0177/B819,MO,44.742329,10.829833,52.0,4955973.687,1644894.144
PF10/0177/B819,MO,44.74539,10.824496,52.0,4956304.218,1644463.968
PF11/0177/B819,MO,44.738187,10.83066,12.0,4955515.0,1644970.0
PF13/0177/B819,MO,44.743149,10.831584,21.0,4956067.857,1645030.749
PF14/0177/B819,MO,44.740871,10.822642,21.0,4955798.904,1644328.485
PF02/0178/B819,MO,44.740626,10.841772,70.0,4955805.761,1645843.634
PF03/0178/B819,MO,44.740035,10.846545,70.0,4955748.773,1646223.049
PF04/0178/B819,MO,44.738354,10.840004,21.0,4955550.243,1645709.401
PF01/0179/B819,MO,44.743636,10.858009,50.0,4956169.442,1647121.527
PF03/0179/B819,MO,44.742883,10.863453,5.0,4956095.61,1647554.4
PF04/0179/B819,MO,44.743099,10.850829,50.0,4956096.787,1646554.485
PF05/0179/B819,MO,44.74096,10.857199,50.0,4955870.681,1647064.203
PF06/0179/B819,MO,44.740294,10.865653,70.0,4955812.034,1647735.227
PF07/0179/B819,MO,44.739768,10.854994,50.0,4955734.247,1646892.599
PF10/0179/B819,MO,44.737698,10.861181,21.0,4955515.506,1647387.694
PF02/0180/B819,MO,44.736655,10.890647,50.0,4955453.445,1649723.451
PF03/0180/B819,MO,44.73538,10.88416,50.0,4955299.911,1649213.042
PF04/0180/B819,MO,44.731763,10.886109,21.0,4954901.666,1649376.695
PF02/0181/B819,MO,44.736557,10.853156,50.0,4955374.245,1646755.259
PF03/0181/B819,MO,44.732437,10.85217,21.0,4954914.803,1646687.537
PF01/0182/B819,MO,44.730361,10.875342,70.0,4954726.254,1648527.698
PF02/0182/B819,MO,44.732652,10.867632,72.0,4954966.67,1647911.345
PF03/0182/B819,MO,44.734354,10.861139,72.0,4955143.991,1647392.902
PF04/0182/B819,MO,44.738798,10.863037,21.0,4955641.063,1647531.848
PF01/0183/B819,MO,44.724996,10.871926,50.0,4954123.973,1648270.902
PF02/0183/B819,MO,44.729266,10.864998,72.0,4954585.764,1647711.397
PF05/0183/B819,MO,44.727318,10.872093,21.0,4954382.261,1648278.201
PF01/0184/B819,MO,44.723336,10.875907,52.0,4953946.933,1648590.456
PF02/0184/B819,MO,44.724641,10.88117,52.0,4954101.495,1649003.888
PF04/0184/B819,MO,44.731038,10.879658,21.0,4954809.308,1648867.735
PF02/0185/B819,MO,44.723912,10.888582,70.0,4954034.075,1649592.774
PF03/0185/B819,MO,44.721294,10.882724,70.0,4953732.535,1649135.572
PF04/0185/B819,MO,44.729187,10.887465,20.0,4954618.0,1649490.708
PF02/0186/B819,MO,44.71941,10.887312,70.0,4953531.59,1649503.8
PF03/0186/B819,MO,44.717245,10.874688,52.0,4953268.063,1648509.508
PF04/0186/B819,MO,44.71457,10.885526,50.0,4952990.721,1649374.768
PF05/0186/B819,MO,44.722164,10.878323,21.0,4953821.096,1648784.776
PF01/0001/C107,MO,44.656787,10.990415,70.0,4946769.737,1657839.654
PF02/0001/C107,MO,44.655765,10.995004,50.0,4946665.03,1658206.288
PF03/0001/C107,MO,44.660367,10.994131,52.0,4947174.62,1658124.548
PF04/0001/C107,MO,44.652993,10.993723,70.0,4946354.604,1658112.253
PF05/0001/C107,MO,44.656228,10.987195,52.0,4946701.359,1657585.866
PF06/0001/C107,MO,44.655084,10.990027,21.0,4946579.82,1657813.456
PF01/0002/C107,MO,44.646531,10.998338,70.0,4945645.83,1658495.764
PF03/0002/C107,MO,44.65279,11.003625,12.0,4946351.364,1658897.928
PF04/0002/C107,MO,44.656975,10.996973,21.0,4946803.35,1658359.047
PF01/0003/C107,MO,44.649462,11.011061,50.0,4945996.177,1659496.65
PF02/0003/C107,MO,44.644523,11.006621,72.0,4945438.839,1659158.052
PF03/0003/C107,MO,44.650099,11.00343,70.0,4946052.099,1658889.841
PF04/0003/C107,MO,44.655353,11.005613,50.0,4946639.952,1659048.539
PF06/0003/C107,MO,44.647728,11.01022,21.0,4945801.878,1659434.701
PF02/0004/C107,MO,44.652186,11.016772,12.0,4946310.0,1659942.0
PF03/0004/C107,MO,44.648677,11.020234,21.0,4945926.929,1660226.186
PF01/0005/C107,MO,44.646915,11.019844,50.0,4945730.461,1660200.156
PF02/0005/C107,MO,44.644647,11.017697,50.0,4945474.303,1660036.116
PF03/0005/C107,MO,44.644886,11.024172,52.0,4945513.553,1660548.899
PF04/0005/C107,MO,44.641872,11.015636,72.0,4945162.055,1659880.307
PF05/0005/C107,MO,44.640724,11.024521,52.0,4945051.985,1660588.071
PF07/0005/C107,MO,44.638052,11.022362,52.0,4944750.939,1660424.238
PF08/0005/C107,MO,44.638842,11.015846,21.0,4944825.815,1659905.258
PF01/0006/C107,MO,44.639268,11.029844,21.0,4944900.683,1661014.276
PF01/0007/C107,MO,44.639142,11.045311,56.0,4944917.367,1662241.358
PF03/0007/C107,MO,44.636577,11.044127,52.0,4944630.057,1662154.549
PF04/0007/C107,MO,44.634379,11.042176,72.0,4944382.096,1662005.976
PF05/0007/C107,MO,44.631525,11.040289,70.0,4944061.321,1661864.219
PF06/0007/C107,MO,44.630125,11.044146,21.0,4943913.393,1662174.052
PF01/0008/C107,MO,44.637855,11.047209,56.0,4944778.184,1662395.446
PF03/0008/C107,MO,44.629624,11.046226,70.0,4943861.894,1662340.441
PF04/0008/C107,MO,44.632203,11.046009,21.0,4944147.93,1662316.036
PF01/0009/C107,MO,44.654326,11.05432,12.0,4946622.0,1662913.3
PF03/0009/C107,MO,44.652401,11.052499,52.0,4946404.55,1662774.357
PF04/0009/C107,MO,44.650346,11.051184,52.0,4946173.68,1662675.84
PF06/0009/C107,MO,44.647635,11.056833,70.0,4945883.836,1663131.349
PF07/0009/C107,MO,44.646835,11.050351,52.0,4945781.973,1662619.57
PF08/0009/C107,MO,44.646636,11.053161,52.0,4945765.535,1662842.97
PF09/0009/C107,MO,44.643974,11.056228,70.0,4945475.971,1663093.627
PF10/0009/C107,MO,44.653742,11.057282,21.0,4946563.051,1663149.795
PF02/0010/C107,MO,44.644402,11.060693,70.0,4945532.382,1663446.526
PF04/0010/C107,MO,44.642864,11.064663,21.0,4945369.486,1663765.665
PF02/0011/C107,MO,44.63565,11.061497,50.0,4944561.863,1663534.872
PF04/0011/C107,MO,44.633466,11.063343,52.0,4944322.964,1663687.42
PF05/0011/C107,MO,44.63877,11.054285,70.0,4944894.012,1662954.121
PF07/0011/C107,MO,44.638889,11.059843,70.0,4944918.29,1663394.61
PF08/0011/C107,MO,44.637183,11.064323,20.0,4944737.74,1663754.69
PF02/0012/C107,MO,44.640771,11.072669,52.0,4945153.142,1664406.484
PF03/0012/C107,MO,44.647217,11.076748,72.0,4945877.423,1664711.755
PF04/0012/C107,MO,44.643753,11.066828,12.0,4945472.61,1663934.84
PF05/0012/C107,MO,44.63959,11.063666,21.0,4945003.798,1663695.809
PF01/0013/C107,MO,44.64481,11.078732,72.0,4945614.007,1664875.879
PF02/0013/C107,MO,44.638107,11.076463,21.0,4944864.833,1664714.939
PF01/0014/C107,MO,44.631965,11.089651,72.0,4944209.333,1665778.362
PF02/0014/C107,MO,44.63237,11.097686,70.0,4944270.73,1666414.607
PF04/0014/C107,MO,44.63337,11.07953,21.0,4944344.835,1664971.618
PF02/0015/C107,MO,44.637433,11.092346,72.0,4944822.191,1665976.602
PF03/0015/C107,MO,44.635339,11.097622,70.0,4944600.409,1666401.033
PF04/0015/C107,MO,44.63574,11.094532,21.0,4944638.584,1666154.786
PF02/0016/C107,MO,44.6296,11.113137,52.0,4943994.616,1667648.144
PF03/0016/C107,MO,44.636854,11.10144,50.0,4944776.443,1666699.528
PF04/0016/C107,MO,44.635669,11.111606,70.0,4944665.709,1667509.193
PF05/0016/C107,MO,44.63097,11.108053,21.0,4944136.376,1667240.915
PF01/0017/C107,MO,44.632344,11.101478,50.0,4944275.557,1666715.461
PF03/0017/C107,MO,44.62981,11.096661,21.0,4943984.203,1666340.598
PF01/0018/C107,MO,44.627939,11.116936,52.0,4943817.928,1667954.27
PF03/0018/C107,MO,44.630604,11.125779,50.0,4944132.254,1668648.01
PF04/0018/C107,MO,44.62688,11.119178,21.0,4943704.937,1668135.185
PF02/0019/C107,MO,44.645176,10.988114,52.0,4945475.439,1657688.643
PF03/0019/C107,MO,44.645256,10.992938,50.0,4945493.667,1658071.022
PF04/0019/C107,MO,44.647627,10.987156,21.0,4945745.812,1657606.025
PF01/0020/C107,MO,44.636572,11.000247,52.0,4944543.228,1658674.268
PF03/0020/C107,MO,44.644399,10.997297,52.0,4945406.959,1658418.966
PF04/0020/C107,MO,44.639954,10.996003,52.0,4944910.626,1658328.436
PF05/0020/C107,MO,44.636036,10.994034,50.0,4944471.627,1658182.939
PF06/0020/C107,MO,44.639201,10.991212,70.0,4944817.684,1657950.519
PF07/0020/C107,MO,44.641183,10.998993,20.0,4945052.947,1658562.25
PF01/0021/C107,MO,44.638725,11.00017,52.0,4944782.199,1658662.342
PF02/0021/C107,MO,44.638711,11.004123,52.0,4944788.404,1658975.857
PF04/0021/C107,MO,44.646095,11.00148,70.0,4945603.508,1658746.097
PF05/0021/C107,MO,44.640911,11.006295,21.0,4945036.959,1659142.1
PF01/0022/C107,MO,44.637182,11.006189,52.0,4944622.522,1659143.872
PF02/0022/C107,MO,44.636291,11.003587,52.0,4944518.497,1658939.953
PF03/0022/C107,MO,44.633455,11.000419,72.0,4944197.357,1658696.398
PF04/0022/C107,MO,44.634658,11.007651,70.0,4944345.071,1659266.724
PF06/0022/C107,MO,44.631368,11.006678,70.0,4943977.699,1659198.609
PF08/0022/C107,MO,44.632099,11.00969,21.0,4944064.731,1659435.492
PF01/0023/C107,MO,44.638032,11.015438,72.0,4944735.136,1659875.132
PF02/0023/C107,MO,44.637614,11.018781,52.0,4944695.183,1660141.401
PF04/0023/C107,MO,44.635051,11.012984,70.0,4944399.093,1659688.708
PF06/0023/C107,MO,44.634543,11.022635,52.0,4944361.678,1660455.56
PF07/0023/C107,MO,44.635176,11.02614,52.0,4944438.907,1660731.841
PF10/0023/C107,MO,44.632523,11.020175,50.0,4944132.436,1660265.972
PF11/0023/C107,MO,44.631252,11.024038,52.0,4943998.89,1660575.941
PF12/0023/C107,MO,44.631131,11.012172,50.0,4943962.117,1659635.0
PF13/0023/C107,MO,44.630832,11.028678,12.0,4943961.3,1660945.1
PF15/0023/C107,MO,44.63381,11.010897,72.0,4944257.196,1659526.528
PF16/0023/C107,MO,44.634949,11.015475,21.0,4944392.642,1659886.53
PF02/0024/C107,MO,44.635007,11.034955,72.0,4944437.468,1661431.457
PF03/0024/C107,MO,44.631068,11.032985,52.0,4943996.057,1661286.12
PF04/0024/C107,MO,44.630761,11.042028,21.0,4943979.833,1662004.276
PF01/0025/C107,MO,44.626675,11.055357,52.0,4943552.535,1663073.03
PF02/0025/C107,MO,44.624451,11.042952,70.0,4943280.831,1662095.144
PF03/0025/C107,MO,44.624996,11.052133,52.0,4943359.579,1662821.958
PF04/0025/C107,MO,44.628118,11.049824,52.0,4943701.771,1662630.028
PF05/0025/C107,MO,44.628479,11.044025,21.0,4943730.31,1662169.04
PF01/0026/C107,MO,44.628896,11.056837,72.0,4943802.257,1663184.206
PF03/0026/C107,MO,44.633021,11.059333,21.0,4944265.402,1663370.601
PF02/0027/C107,MO,44.623322,11.070072,72.0,4943209.63,1664249.791
PF03/0027/C107,MO,44.620902,11.052595,50.0,4942905.781,1662870.03
PF04/0027/C107,MO,44.624238,11.05527,50.0,4943281.641,1663072.895
PF05/0027/C107,MO,44.618148,11.06035,50.0,4942615.384,1663492.988
PF06/0027/C107,MO,44.62296,11.059905,52.0,4943148.997,1663444.174
PF07/0027/C107,MO,44.62293,11.063262,21.0,4943152.342,1663710.626
PF01/0028/C107,MO,44.632018,11.069244,50.0,4944173.986,1664159.561
PF02/0028/C107,MO,44.628915,11.066573,52.0,4943823.885,1663956.397
PF04/0028/C107,MO,44.63503,11.070974,21.0,4944511.956,1664288.282
PF01/0029/C107,MO,44.625771,11.076232,72.0,4943494.093,1664731.509
PF02/0029/C107,MO,44.620159,11.080397,72.0,4942879.162,1665077.861
PF04/0029/C107,MO,44.624771,11.083028,21.0,4943396.718,1665273.491
PF02/0030/C107,MO,44.62589,11.093918,50.0,4943543.131,1666134.16
PF03/0030/C107,MO,44.624218,11.091107,52.0,4943351.685,1665915.975
PF04/0030/C107,MO,44.628387,11.089393,52.0,4943811.353,1665768.099
PF05/0030/C107,MO,44.621187,11.084385,52.0,4943001.345,1665391.33
PF06/0030/C107,MO,44.619487,11.089921,52.0,4942823.789,1665835.323
PF07/0030/C107,MO,44.616273,11.087399,21.0,4942461.607,1665644.42
PF01/0031/C107,MO,44.616763,11.093236,50.0,4942527.982,1666106.089
PF02/0031/C107,MO,44.614038,11.095546,72.0,4942229.933,1666297.149
PF03/0031/C107,MO,44.621162,11.094869,52.0,4943019.889,1666223.163
PF04/0031/C107,MO,44.623361,11.096593,52.0,4943267.756,1666353.645
PF05/0031/C107,MO,44.618755,11.097137,21.0,4942757.15,1666409.956
PF01/0032/C107,MO,44.62416,11.1074,52.0,4943378.541,1667208.698
PF02/0032/C107,MO,44.618763,11.102604,72.0,4942769.271,1666843.647
PF04/0032/C107,MO,44.622258,11.098957,21.0,4943149.992,1666544.331
PF01/0033/C107,MO,44.616828,11.108264,50.0,4942565.863,1667298.298
PF04/0033/C107,MO,44.614545,11.115305,50.0,4942326.702,1667863.509
PF05/0033/C107,MO,44.61818,11.118274,21.0,4942736.648,1668088.592
PF01/0034/C107,MO,44.626992,10.996506,70.0,4943471.773,1658403.645
PF03/0034/C107,MO,44.628336,10.986211,70.0,4943601.169,1657583.295
PF04/0034/C107,MO,44.629942,10.992934,21.0,4943792.505,1658112.261
PF03/0035/C107,MO,44.627505,11.017427,50.0,4943569.659,1660061.814
PF04/0035/C107,MO,44.627151,11.009442,50.0,4943514.668,1659429.366
PF08/0035/C107,MO,44.623899,11.012584,70.0,4943159.586,1659687.506
PF09/0035/C107,MO,44.62226,11.004134,70.0,4942960.94,1659021.666
PF10/0035/C107,MO,44.622415,11.006887,70.0,4942983.592,1659239.595
PF13/0035/C107,MO,44.627363,11.005091,50.0,4943529.737,1659083.608
PF14/0035/C107,MO,44.625423,11.007758,21.0,4943319.369,1659300.515
PF01/0036/C107,MO,44.621177,11.02094,52.0,4942873.618,1660357.917
PF02/0036/C107,MO,44.625793,11.023969,52.0,4943392.284,1660585.488
PF03/0036/C107,MO,44.626416,11.020799,20.0,4943455.227,1660332.315
PF01/0037/C107,MO,44.620826,11.024434,52.0,4942841.413,1660636.05
PF03/0037/C107,MO,44.624305,11.028588,52.0,4943236.092,1660955.994
PF04/0037/C107,MO,44.616127,11.027439,72.0,4942325.397,1660887.442
PF06/0037/C107,MO,44.619869,11.029008,21.0,4942744.139,1661001.623
PF01/0038/C107,MO,44.625623,11.035462,52.0,4943396.089,1661497.696
PF05/0038/C107,MO,44.621217,11.0332,52.0,4942902.202,1661330.479
PF08/0038/C107,MO,44.619854,11.03205,52.0,4942748.545,1661243.008
PF09/0038/C107,MO,44.620454,11.03475,52.0,4942820.539,1661455.54
PF10/0038/C107,MO,44.620031,11.038399,50.0,4942780.793,1661746.211
PF12/0038/C107,MO,44.617814,11.039972,52.0,4942537.556,1661877.148
PF13/0038/C107,MO,44.617029,11.037636,52.0,4942445.749,1661693.99
PF14/0038/C107,MO,44.616116,11.038713,50.0,4942346.48,1661781.985
PF17/0038/C107,MO,44.613537,11.032826,50.0,4942048.385,1661322.031
PF18/0038/C107,MO,44.612278,11.036266,50.0,4941915.248,1661598.454
PF20/0038/C107,MO,44.620599,11.041141,21.0,4942849.248,1661962.188
PF01/0039/C107,MO,44.622097,11.043355,52.0,4943020.103,1662133.622
PF02/0039/C107,MO,44.620186,11.051744,72.0,4942824.573,1662804.524
PF06/0039/C107,MO,44.617703,11.043395,52.0,4942532.034,1662149.063
PF09/0039/C107,MO,44.614858,11.043155,50.0,4942215.523,1662137.959
PF10/0039/C107,MO,44.614986,11.047053,52.0,4942237.581,1662446.864
PF11/0039/C107,MO,44.612516,11.047553,50.0,4941964.183,1662493.433
PF12/0039/C107,MO,44.610672,11.040739,52.0,4941745.789,1661957.891
PF13/0039/C107,MO,44.611088,11.044219,50.0,4941798.927,1662232.811
PF14/0039/C107,MO,44.610121,11.048947,50.0,4941700.925,1662610.675
PF15/0039/C107,MO,44.609408,11.037602,52.0,4941599.149,1661712.481
PF17/0039/C107,MO,44.61796,11.049051,21.0,4942571.836,1662597.106
PF02/0040/C107,MO,44.618445,11.057256,50.0,4942642.137,1663246.673
PF03/0040/C107,MO,44.617303,11.0612,50.0,4942523.21,1663562.855
PF05/0040/C107,MO,44.616979,11.050426,50.0,4942465.611,1662708.912
PF07/0040/C107,MO,44.615959,11.055033,52.0,4942361.584,1663077.304
PF08/0040/C107,MO,44.615296,11.058604,56.0,4942295.052,1663362.5
PF09/0040/C107,MO,44.614527,11.061372,50.0,4942215.164,1663584.284
PF10/0040/C107,MO,44.614846,11.051744,70.0,4942231.349,1662819.428
PF11/0040/C107,MO,44.614074,11.054023,70.0,4942150.155,1663002.405
PF12/0040/C107,MO,44.613088,11.050948,50.0,4942034.44,1662761.161
PF13/0040/C107,MO,44.611508,11.059147,52.0,4941875.341,1663416.152
PF14/0040/C107,MO,44.608711,11.049825,70.0,4941546.053,1662684.277
PF16/0040/C107,MO,44.615559,11.049411,21.0,4942305.844,1662632.374
PF02/0041/C107,MO,44.615883,11.074685,72.0,4942392.525,1664636.758
PF05/0041/C107,MO,44.621035,11.071765,20.0,4942958.941,1664390.544
PF01/0042/C107,MO,44.609945,11.074405,70.0,4941732.455,1664631.284
PF02/0042/C107,MO,44.607204,11.072566,50.0,4941424.217,1664493.136
PF04/0042/C107,MO,44.610291,11.0825,21.0,4941787.165,1665272.701
PF01/0043/C107,MO,44.617933,11.080995,70.0,4942633.047,1665131.601
PF02/0043/C107,MO,44.608167,11.091449,50.0,4941569.414,1665988.8
PF04/0043/C107,MO,44.614682,11.091311,72.0,4942292.828,1665959.332
PF05/0043/C107,MO,44.609246,11.088404,50.0,4941683.154,1665744.096
PF06/0043/C107,MO,44.613687,11.086777,21.0,4942173.082,1665602.423
PF01/0044/C107,MO,44.607469,11.095034,72.0,4941499.225,1666275.304
PF02/0044/C107,MO,44.610679,11.103626,72.0,4941873.304,1666947.887
PF03/0044/C107,MO,44.609351,11.09367,21.0,4941705.453,1666161.722
PF01/0045/C107,MO,44.60992,11.113087,52.0,4941808.396,1667700.819
PF02/0045/C107,MO,44.61274,11.115224,21.0,4942126.071,1667862.289
PF01/0046/C107,MO,44.607624,11.112038,52.0,4941551.203,1667624.159
PF03/0046/C107,MO,44.612207,11.120556,52.0,4942077.842,1668286.855
PF04/0046/C107,MO,44.612621,11.118243,21.0,4942119.073,1668102.18
PF01/0047/C107,MO,44.606915,11.138509,52.0,4941527.157,1669726.804
PF02/0047/C107,MO,44.604705,11.13465,52.0,4941273.643,1669426.986
PF03/0047/C107,MO,44.60083,11.139675,72.0,4940853.728,1669837.083
PF05/0047/C107,MO,44.604721,11.129465,21.0,4941264.718,1669015.455
PF02/0048/C107,MO,44.618106,11.016009,70.0,4942522.765,1659975.137
PF04/0048/C107,MO,44.618129,11.013182,70.0,4942519.783,1659750.804
PF07/0048/C107,MO,44.616117,11.014201,52.0,4942298.302,1659837.166
PF09/0048/C107,MO,44.614242,11.016008,70.0,4942093.555,1659985.663
PF11/0048/C107,MO,44.611396,11.018241,70.0,4941781.794,1660170.688
PF12/0048/C107,MO,44.609942,11.013966,70.0,4941611.882,1659835.446
PF13/0048/C107,MO,44.620471,11.008452,70.0,4942770.635,1659369.072
PF14/0048/C107,MO,44.616967,11.021352,21.0,4942406.696,1660402.213
PF01/0049/C107,MO,44.608794,11.022644,54.0,4941501.388,1660527.196
PF02/0049/C107,MO,44.613016,11.024462,70.0,4941973.903,1660659.803
PF03/0049/C107,MO,44.615462,11.021964,21.0,4942240.72,1660454.917
PF01/0050/C107,MO,44.607579,11.030038,70.0,4941380.948,1661117.283
PF02/0050/C107,MO,44.608432,11.033521,70.0,4941482.653,1661391.305
PF03/0050/C107,MO,44.604762,11.035547,70.0,4941078.941,1661562.246
PF04/0050/C107,MO,44.611657,11.03033,21.0,4941834.54,1661129.228
PF01/0051/C107,MO,44.602632,11.041653,52.0,4940854.523,1662052.768
PF02/0051/C107,MO,44.603322,11.050175,50.0,4940948.101,1662727.162
PF03/0051/C107,MO,44.603553,11.047088,52.0,4940967.587,1662481.493
PF04/0051/C107,MO,44.605642,11.050177,50.0,4941205.753,1662720.84
PF05/0051/C107,MO,44.606069,11.045039,50.0,4941243.004,1662311.867
PF06/0051/C107,MO,44.6006,11.044631,70.0,4940634.717,1662294.775
PF08/0051/C107,MO,44.605795,11.047704,21.0,4941217.831,1662524.101
PF01/0052/C107,MO,44.607344,11.060393,50.0,4941415.283,1663526.773
PF02/0052/C107,MO,44.606928,11.069265,52.0,4941386.915,1664231.963
PF03/0052/C107,MO,44.607121,11.055927,20.0,4941381.537,1663172.932
PF01/0053/C107,MO,44.603051,11.058096,72.0,4940933.763,1663356.487
PF02/0053/C107,MO,44.602397,11.053373,70.0,4940851.738,1662983.47
PF03/0053/C107,MO,44.601099,11.049663,72.0,4940700.083,1662692.695
PF04/0053/C107,MO,44.601078,11.056021,50.0,4940710.484,1663197.309
PF06/0053/C107,MO,44.599495,11.055668,70.0,4940533.951,1663173.796
PF07/0053/C107,MO,44.598328,11.057789,70.0,4940408.536,1663345.375
PF08/0053/C107,MO,44.599391,11.065604,52.0,4940542.278,1663962.606
PF10/0053/C107,MO,44.597558,11.060243,70.0,4940327.981,1663542.326
PF11/0053/C107,MO,44.597581,11.066639,52.0,4940343.327,1664049.851
PF13/0053/C107,MO,44.595932,11.064481,50.0,4940155.793,1663883.183
PF14/0053/C107,MO,44.595592,11.056314,70.0,4940101.693,1663235.99
PF15/0053/C107,MO,44.597219,11.056538,21.0,4940282.82,1663249.163
PF03/0054/C107,MO,44.604194,11.071094,50.0,4941086.865,1664384.804
PF04/0054/C107,MO,44.600562,11.068923,72.0,4940679.046,1664222.716
PF05/0054/C107,MO,44.597237,11.069826,50.0,4940311.581,1664303.76
PF07/0054/C107,MO,44.599928,11.074431,52.0,4940619.775,1664661.644
PF08/0054/C107,MO,44.605489,11.07678,20.0,4941242.163,1664832.329
PF01/0055/C107,MO,44.605444,11.085146,70.0,4941254.169,1665496.394
PF03/0055/C107,MO,44.600768,11.085517,72.0,4940735.524,1665539.089
PF04/0055/C107,MO,44.603022,11.082308,21.0,4940979.312,1665278.011
PF01/0056/C107,MO,44.602339,11.079276,70.0,4940897.31,1665039.373
PF02/0056/C107,MO,44.598316,11.078536,52.0,4940448.963,1664991.988
PF04/0056/C107,MO,44.593294,11.077274,70.0,4939888.585,1664906.025
PF05/0056/C107,MO,44.592287,11.083397,50.0,4939789.119,1665394.935
PF06/0056/C107,MO,44.599783,11.086836,21.0,4940628.704,1665646.562
PF01/0057/C107,MO,44.598536,11.091692,50.0,4940500.073,1666035.537
PF03/0057/C107,MO,44.603668,11.090229,72.0,4941067.182,1665904.773
PF04/0057/C107,MO,44.592902,11.090788,52.0,4939872.391,1665979.793
PF05/0057/C107,MO,44.600385,11.094308,72.0,4940710.757,1666237.907
PF06/0057/C107,MO,44.601693,11.089004,21.0,4940845.279,1665813.188
PF01/0058/C107,MO,44.599405,11.097519,70.0,4940608.457,1666495.556
PF02/0058/C107,MO,44.601972,11.103219,52.0,4940905.333,1666940.515
PF03/0058/C107,MO,44.601358,11.106723,52.0,4940844.245,1667220.38
PF04/0058/C107,MO,44.60369,11.104193,52.0,4941098.159,1667012.909
PF07/0058/C107,MO,44.608021,11.105898,70.0,4941582.705,1667135.824
PF08/0058/C107,MO,44.603215,11.108955,21.0,4941055.114,1667392.159
PF01/0059/C107,MO,44.597133,11.096178,50.0,4940353.435,1666395.593
PF02/0059/C107,MO,44.597618,11.101536,70.0,4940418.235,1666819.405
PF03/0059/C107,MO,44.595972,11.100251,70.0,4940232.759,1666722.153
PF05/0059/C107,MO,44.594704,11.110322,72.0,4940112.452,1667525.142
PF07/0059/C107,MO,44.594746,11.09807,72.0,4940092.072,1666552.585
PF08/0059/C107,MO,44.594748,11.107071,70.0,4940110.676,1667266.941
PF12/0059/C107,MO,44.592563,11.099802,50.0,4939853.161,1666696.27
PF14/0059/C107,MO,44.594726,11.102122,21.0,4940098.126,1666874.207
PF01/0060/C107,MO,44.599584,11.10574,50.0,4940645.188,1667147.487
PF04/0060/C107,MO,44.59663,11.113227,21.0,4940332.413,1667750.143
PF01/0061/C107,MO,44.602826,11.11995,52.0,4941034.569,1668265.884
PF02/0061/C107,MO,44.603061,11.12842,52.0,4941078.156,1668937.363
PF04/0061/C107,MO,44.597647,11.12259,52.0,4940464.66,1668490.326
PF05/0061/C107,MO,44.59436,11.115636,70.0,4940085.222,1667947.883
PF06/0061/C107,MO,44.593282,11.11921,52.0,4939972.816,1668234.667
PF08/0061/C107,MO,44.601261,11.125209,21.0,4940871.557,1668687.728
PF01/0062/C107,MO,44.599987,11.127021,50.0,4940733.792,1668835.27
PF02/0062/C107,MO,44.598755,11.13814,72.0,4940619.964,1669721.278
PF03/0062/C107,MO,44.597413,11.125501,50.0,4940444.656,1668722.035
PF06/0062/C107,MO,44.593569,11.128629,52.0,4940024.202,1668981.447
PF07/0062/C107,MO,44.592832,11.133349,52.0,4939952.133,1669358.265
PF08/0062/C107,MO,44.594634,11.135429,52.0,4940156.537,1669518.093
PF09/0062/C107,MO,44.598147,11.133023,21.0,4940541.841,1669316.915
PF01/0063/C107,MO,44.593269,11.140018,72.0,4940014.49,1669886.35
PF02/0063/C107,MO,44.597891,11.138455,21.0,4940524.698,1669748.78
PF02/0064/C107,MO,44.592932,11.0341,70.0,4939761.955,1661480.207
PF04/0064/C107,MO,44.59498,11.043929,70.0,4940008.939,1662254.645
PF05/0064/C107,MO,44.593211,11.037434,70.0,4939799.626,1661744.086
PF06/0064/C107,MO,44.593087,11.044535,50.0,4939799.879,1662308.042
PF07/0064/C107,MO,44.590686,11.035834,21.0,4939515.916,1661624.046
PF01/0065/C107,MO,44.58908,11.050082,50.0,4939365.806,1662759.518
PF04/0065/C107,MO,44.585833,11.045534,50.0,4938996.141,1662407.559
PF05/0065/C107,MO,44.583672,11.045054,50.0,4938755.157,1662375.44
PF06/0065/C107,MO,44.589776,11.046276,50.0,4939435.64,1662455.481
PF07/0065/C107,MO,44.587527,11.046574,50.0,4939186.389,1662485.372
PF08/0065/C107,MO,44.59142,11.044898,21.0,4939615.437,1662341.473
PF03/0066/C107,MO,44.581438,11.051415,72.0,4938519.606,1662886.672
PF04/0066/C107,MO,44.579742,11.054925,72.0,4938338.249,1663170.045
PF05/0066/C107,MO,44.580219,11.04822,52.0,4938377.792,1662636.37
PF06/0066/C107,MO,44.584678,11.050532,70.0,4938877.717,1662807.48
PF07/0066/C107,MO,44.582856,11.046979,21.0,4938668.267,1662530.531
PF01/0067/C107,MO,44.588379,11.055845,70.0,4939299.471,1663218.925
PF03/0067/C107,MO,44.586828,11.059715,50.0,4939134.927,1663530.489
PF04/0067/C107,MO,44.585171,11.065981,52.0,4938963.463,1664032.567
PF06/0067/C107,MO,44.584252,11.054449,70.0,4938838.227,1663119.643
PF07/0067/C107,MO,44.582262,11.056431,52.0,4938621.197,1663282.54
PF08/0067/C107,MO,44.58248,11.061029,52.0,4938654.627,1663646.982
PF09/0067/C107,MO,44.582288,11.063571,52.0,4938638.417,1663849.318
PF10/0067/C107,MO,44.585886,11.053983,70.0,4939018.815,1663078.092
PF12/0067/C107,MO,44.584211,11.057027,21.0,4938838.839,1663324.422
PF03/0068/C107,MO,44.593954,11.070291,50.0,4939947.821,1664349.934
PF04/0068/C107,MO,44.592278,11.071437,56.0,4939763.926,1664445.609
PF05/0068/C107,MO,44.592314,11.06514,50.0,4939755.252,1663945.697
PF06/0068/C107,MO,44.590478,11.064608,52.0,4939550.231,1663908.621
PF07/0068/C107,MO,44.588356,11.070147,52.0,4939325.638,1664354.274
PF12/0068/C107,MO,44.590734,11.068299,70.0,4939586.089,1664200.906
PF14/0068/C107,MO,44.588098,11.063366,20.0,4939283.317,1663816.724
PF01/0069/C107,MO,44.592556,11.073898,52.0,4939799.724,1664640.186
PF02/0069/C107,MO,44.591151,11.080489,70.0,4939656.98,1665167.323
PF03/0069/C107,MO,44.589841,11.071868,70.0,4939494.065,1664486.734
PF07/0069/C107,MO,44.585646,11.079552,70.0,4939043.565,1665108.496
PF09/0069/C107,MO,44.585999,11.082892,70.0,4939089.579,1665372.673
PF10/0069/C107,MO,44.587469,11.073592,70.0,4939234.046,1664630.223
PF11/0069/C107,MO,44.587017,11.075875,21.0,4939188.417,1664812.751
PF01/0070/C107,MO,44.59059,11.084199,52.0,4939602.196,1665463.353
PF02/0070/C107,MO,44.584561,11.085726,52.0,4938935.54,1665601.698
PF04/0070/C107,MO,44.585379,11.091355,21.0,4939037.86,1666046.246
PF01/0071/C107,MO,44.587212,11.095204,52.0,4939249.295,1666346.584
PF02/0071/C107,MO,44.583948,11.093479,20.0,4938883.227,1666218.938
PF01/0072/C107,MO,44.579565,11.097569,50.0,4938404.697,1666556.115
PF03/0072/C107,MO,44.59193,11.105759,50.0,4939795.026,1667170.895
PF05/0072/C107,MO,44.581174,11.110246,21.0,4938609.388,1667557.974
PF01/0073/C107,MO,44.586959,11.110385,70.0,4939252.323,1667552.35
PF02/0073/C107,MO,44.583822,11.113026,52.0,4938909.21,1667771.079
PF03/0073/C107,MO,44.581174,11.110246,20.0,4938609.388,1667557.974
PF01/0074/C107,MO,44.589236,11.115216,21.0,4939515.161,1667929.313
PF01/0075/C107,MO,44.577886,11.121825,52.0,4938267.992,1668486.682
PF04/0075/C107,MO,44.581096,11.116152,21.0,4938612.873,1668027.074
PF01/0076/C107,MO,44.591025,11.12257,52.0,4939729.068,1668507.94
PF04/0076/C107,MO,44.588379,11.122386,70.0,4939434.74,1668500.915
PF05/0076/C107,MO,44.587078,11.126299,70.0,4939298.26,1668815.317
PF06/0076/C107,MO,44.584858,11.122154,72.0,4939043.1,1668492.72
PF07/0076/C107,MO,44.589988,11.126221,21.0,4939621.415,1668800.697
PF01/0077/C107,MO,44.585613,11.131568,52.0,4939146.45,1669237.838
PF03/0077/C107,MO,44.589468,11.131692,52.0,4939574.968,1669236.517
PF04/0077/C107,MO,44.579236,11.137272,50.0,4938449.948,1669709.191
PF05/0077/C107,MO,44.580838,11.13318,21.0,4938619.432,1669379.673
PF01/0078/C107,MO,44.585301,11.138795,50.0,4939126.881,1669812.421
PF02/0078/C107,MO,44.583781,11.135681,52.0,4938951.567,1669569.691
PF03/0078/C107,MO,44.589697,11.144966,52.0,4939627.998,1670289.531
PF04/0078/C107,MO,44.59234,11.146593,58.0,4939924.979,1670410.952
PF05/0078/C107,MO,44.590421,11.151781,52.0,4939722.695,1670828.311
PF06/0078/C107,MO,44.586002,11.141261,21.0,4939209.88,1670006.164
PF01/0079/C107,MO,44.579808,11.047494,52.0,4938330.712,1662579.914
PF03/0079/C107,MO,44.577126,11.046214,52.0,4938030.266,1662485.783
PF04/0079/C107,MO,44.576132,11.041766,52.0,4937911.013,1662135.404
PF05/0079/C107,MO,44.576367,11.050799,52.0,4937955.049,1662851.938
PF06/0079/C107,MO,44.576026,11.055668,72.0,4937926.918,1663239.412
PF09/0079/C107,MO,44.580855,11.045276,21.0,4938442.599,1662400.907
PF01/0080/C107,MO,44.580208,11.064294,52.0,4938408.729,1663912.571
PF07/0080/C107,MO,44.57912,11.058434,21.0,4938276.126,1663450.389
PF02/0081/C107,MO,44.571941,11.069364,70.0,4937500.689,1664338.351
PF03/0081/C107,MO,44.574905,11.059778,70.0,4937810.635,1663568.898
PF04/0081/C107,MO,44.574069,11.062381,21.0,4937722.952,1663777.937
PF01/0082/C107,MO,44.584172,11.068829,52.0,4938858.205,1664261.47
PF02/0082/C107,MO,44.582591,11.072134,70.0,4938689.26,1664528.249
PF03/0082/C107,MO,44.580676,11.076796,52.0,4938485.965,1664903.821
PF04/0082/C107,MO,44.576628,11.067794,70.0,4938018.172,1664200.509
PF05/0082/C107,MO,44.578332,11.074689,52.0,4938221.312,1664743.098
PF06/0082/C107,MO,44.579149,11.06731,21.0,4938297.156,1664154.997
PF01/0083/C107,MO,44.583272,11.083063,50.0,4938786.982,1665393.96
PF02/0083/C107,MO,44.569789,11.081075,52.0,4937285.224,1665274.376
PF03/0083/C107,MO,44.578899,11.082824,52.0,4938300.797,1665387.419
PF04/0083/C107,MO,44.576481,11.08186,52.0,4938030.226,1665317.721
PF05/0083/C107,MO,44.573416,11.080784,50.0,4937687.558,1665240.995
PF07/0083/C107,MO,44.715805,11.077794,21.0,4953498.55,1664600.346
PF01/0084/C107,MO,44.580106,11.09369,52.0,4938456.954,1666246.645
PF02/0084/C107,MO,44.580558,11.089206,50.0,4938497.983,1665889.357
PF04/0084/C107,MO,44.571743,11.08539,52.0,4937511.097,1665611.435
PF05/0084/C107,MO,44.57584,11.08687,50.0,4937969.131,1665717.31
PF06/0084/C107,MO,44.573323,11.090418,21.0,4937696.729,1666006.185
PF02/0085/C107,MO,44.577961,11.100913,50.0,4938233.34,1666826.211
PF05/0085/C107,MO,44.568967,11.08826,52.0,4937208.569,1665847.221
PF07/0085/C107,MO,44.576056,11.092887,50.0,4938005.432,1666194.438
PF08/0085/C107,MO,44.574307,11.096539,20.0,4937818.51,1666489.386
PF01/0086/C107,MO,44.570249,11.102566,21.0,4937380.051,1666979.542
PF01/0087/C107,MO,44.575337,11.108319,50.0,4937957.1,1667421.775
PF02/0087/C107,MO,44.57217,11.105556,50.0,4937599.557,1667211.407
PF03/0087/C107,MO,44.573004,11.112687,21.0,4937706.852,1667775.27
PF01/0088/C107,MO,44.575623,11.118355,70.0,4938009.48,1668217.712
PF02/0088/C107,MO,44.573974,11.115086,50.0,4937819.608,1667962.968
PF03/0088/C107,MO,44.57374,11.119721,52.0,4937803.087,1668331.628
PF05/0088/C107,MO,44.571276,11.121345,70.0,4937532.785,1668467.689
PF06/0088/C107,MO,44.578641,11.109675,52.0,4938326.844,1667519.91
PF07/0088/C107,MO,44.576389,11.114864,21.0,4938087.349,1667938.377
PF03/0089/C107,MO,44.56979,11.125295,70.0,4937375.894,1668785.668
PF04/0089/C107,MO,44.584697,11.127536,52.0,4939036.349,1668920.453
PF05/0089/C107,MO,44.582622,11.12608,52.0,4938802.889,1668810.824
PF06/0089/C107,MO,44.57938,11.123753,72.0,4938437.989,1668635.509
PF08/0089/C107,MO,44.573542,11.12514,21.0,4937792.302,1668762.492
PF01/0090/C107,MO,44.575482,11.129946,70.0,4938017.754,1669138.489
PF02/0090/C107,MO,44.578419,11.135329,21.0,4938355.186,1669557.317
PF01/0091/C107,MO,44.566039,11.058533,52.0,4936823.265,1663494.875
PF02/0091/C107,MO,44.562558,11.056141,50.0,4936431.824,1663314.654
PF03/0091/C107,MO,44.562192,11.06044,50.0,4936399.828,1663657.117
PF04/0091/C107,MO,44.560456,11.05587,50.0,4936197.824,1663299.053
PF05/0091/C107,MO,44.558672,11.05248,72.0,4935992.866,1663034.807
PF07/0091/C107,MO,44.556936,11.054838,21.0,4935804.765,1663226.952
PF01/0092/C107,MO,44.57164,11.063646,52.0,4937455.733,1663885.173
PF02/0092/C107,MO,44.569261,11.058828,72.0,4937181.782,1663509.291
PF03/0092/C107,MO,44.569168,11.06245,52.0,4937178.736,1663797.167
PF04/0092/C107,MO,44.564875,11.060123,50.0,4936697.206,1663624.406
PF05/0092/C107,MO,44.564618,11.06287,50.0,4936674.168,1663843.27
PF06/0092/C107,MO,44.561569,11.069317,50.0,4936348.467,1664363.829
PF08/0092/C107,MO,44.567954,11.06981,70.0,4937058.71,1664384.986
PF09/0092/C107,MO,44.558677,11.064051,21.0,4936016.616,1663953.785
PF02/0093/C107,MO,44.56834,11.075182,50.0,4937112.373,1664810.525
PF04/0093/C107,MO,44.57175,11.073633,70.0,4937488.089,1664677.851
PF05/0093/C107,MO,44.565799,11.083064,70.0,4936846.083,1665443.574
PF06/0093/C107,MO,44.564837,11.085607,21.0,4936744.406,1665648.285
PF01/0094/C107,MO,44.560268,11.075265,70.0,4936215.884,1664839.848
PF02/0094/C107,MO,44.556293,11.072858,21.0,4935769.511,1664659.971
PF03/0095/C107,MO,44.558715,11.078097,72.0,4936049.085,1665069.165
PF04/0095/C107,MO,44.554528,11.07764,52.0,4935583.125,1665044.693
PF05/0095/C107,MO,44.559111,11.08157,21.0,4936100.154,1665343.926
PF02/0096/C107,MO,44.554718,11.088653,72.0,4935626.499,1665918.9
PF03/0096/C107,MO,44.565279,11.090981,52.0,4936804.373,1666073.801
PF04/0096/C107,MO,44.563961,11.098007,52.0,4936672.332,1666635.456
PF05/0096/C107,MO,44.553188,11.085908,52.0,4935450.944,1665705.197
PF06/0096/C107,MO,44.558379,11.092803,21.0,4936041.665,1666238.134
PF02/0097/C107,MO,44.56385,11.113532,21.0,4936691.732,1667868.708
PF01/0098/C107,MO,44.569682,11.106957,50.0,4937326.041,1667329.815
PF02/0098/C107,MO,44.565866,11.115043,52.0,4936918.821,1667982.907
PF03/0098/C107,MO,44.573244,11.115192,21.0,4937738.667,1667973.478
PF02/0099/C107,MO,44.567597,11.117517,70.0,4937116.204,1668174.381
PF03/0099/C107,MO,44.568654,11.127636,21.0,4937254.493,1668974.837
PF01/0100/C107,MO,44.563443,11.125847,70.0,4936671.939,1668847.826
PF02/0100/C107,MO,44.559026,11.120682,52.0,4936170.609,1668450.407
PF03/0100/C107,MO,44.560554,11.111874,21.0,4936322.191,1667746.518
PF04/0101/C107,MO,44.555306,11.065089,52.0,4935644.166,1664045.646
PF05/0101/C107,MO,44.553678,11.053665,70.0,4935440.495,1663142.845
PF06/0101/C107,MO,44.553155,11.063289,50.0,4935401.677,1663908.75
PF07/0101/C107,MO,44.553404,11.068073,50.0,4935438.93,1664288.061
PF08/0101/C107,MO,44.551506,11.064435,50.0,4935220.823,1664004.363
PF09/0101/C107,MO,44.551618,11.068105,50.0,4935240.606,1664295.585
PF10/0101/C107,MO,44.550728,11.060056,50.0,4935125.549,1663658.748
PF13/0101/C107,MO,44.553319,11.050575,50.0,4935394.416,1662898.436
PF15/0101/C107,MO,44.55675,11.060394,70.0,4935795.237,1663668.754
PF16/0101/C107,MO,44.558372,11.065339,50.0,4935985.341,1664056.903
PF17/0101/C107,MO,44.557869,11.069125,10.0,4935937.0,1664359.0
PF18/0101/C107,MO,44.550233,11.066702,21.0,4935083.951,1664188.005
PF01/0102/C107,MO,44.547485,11.073347,50.0,4934792.109,1664723.653
PF02/0102/C107,MO,44.551385,11.076909,50.0,4935232.488,1664995.527
PF03/0102/C107,MO,44.551986,11.082382,52.0,4935310.311,1665428.539
PF04/0102/C107,MO,44.555801,11.071783,50.0,4935712.611,1664575.935
PF05/0102/C107,MO,44.549477,11.075057,20.0,4935016.801,1664853.797
PF01/0103/C107,MO,44.55158,11.089281,52.0,4935279.181,1665977.692
PF02/0103/C107,MO,44.545743,11.079018,50.0,4934610.029,1665179.065
PF03/0103/C107,MO,44.551235,11.084083,50.0,4935230.342,1665565.84
PF04/0103/C107,MO,44.54933,11.090429,72.0,4935031.614,1666075.274
PF05/0103/C107,MO,44.551144,11.093569,70.0,4935239.522,1666319.58
PF06/0103/C107,MO,44.549691,11.097775,21.0,4935086.713,1666657.745
PF01/0104/C107,MO,44.55786,11.096947,70.0,4935992.373,1666568.679
PF03/0104/C107,MO,44.553191,11.099088,70.0,4935478.1,1666752.056
PF05/0104/C107,MO,44.553614,11.092458,21.0,4935511.648,1666224.228
PF02/0105/C107,MO,44.55997,11.105233,52.0,4936243.74,1667220.741
PF03/0105/C107,MO,44.554128,11.10916,72.0,4935602.793,1667549.354
PF04/0105/C107,MO,44.558248,11.110517,50.0,4936063.323,1667645.299
PF06/0105/C107,MO,44.551882,11.104026,21.0,4935342.77,1667148.006
PF01/0106/C107,MO,44.55361,11.115085,72.0,4935557.442,1668021.473
PF02/0106/C107,MO,44.551662,11.109011,21.0,4935328.555,1667544.595
PF01/0107/C107,MO,44.552502,11.049891,50.0,4935302.338,1662846.374
PF04/0107/C107,MO,44.550891,11.056802,50.0,4935137.182,1663399.81
PF05/0107/C107,MO,44.548334,11.067076,50.0,4934873.739,1664223.058
PF06/0107/C107,MO,44.548239,11.049303,72.0,4934827.613,1662811.547
PF07/0107/C107,MO,44.548141,11.056939,72.0,4934831.953,1663418.43
PF08/0107/C107,MO,44.547956,11.063331,50.0,4934824.198,1663926.705
PF09/0107/C107,MO,44.547144,11.065926,52.0,4934739.261,1664135.085
PF10/0107/C107,MO,44.545319,11.066741,52.0,4934538.111,1664204.927
PF11/0107/C107,MO,44.546001,11.060346,50.0,4934601.079,1663695.014
PF13/0107/C107,MO,44.544036,11.066458,52.0,4934395.019,1664186.064
PF14/0107/C107,MO,44.544846,11.064055,50.0,4934480.256,1663992.953
PF15/0107/C107,MO,44.546586,11.0587,21.0,4934662.776,1663562.606
PF01/0108/C107,MO,44.544455,11.055474,50.0,4934419.635,1663312.36
PF03/0108/C107,MO,44.535095,11.056265,52.0,4933381.436,1663401.384
PF04/0108/C107,MO,44.537837,11.057245,52.0,4933688.0,1663471.534
PF05/0108/C107,MO,44.540976,11.058971,21.0,4934040.142,1663599.853
PF02/0109/C107,MO,44.545127,11.067551,70.0,4934518.422,1664269.856
PF05/0109/C107,MO,44.543513,11.07043,52.0,4934344.97,1664503.099
PF07/0109/C107,MO,44.541352,11.070866,70.0,4934105.818,1664543.821
PF08/0109/C107,MO,44.541465,11.067302,52.0,4934111.121,1664260.391
PF10/0109/C107,MO,44.536624,11.066465,70.0,4933571.734,1664207.447
PF11/0109/C107,MO,44.537339,11.064224,52.0,4933646.673,1664027.383
PF12/0109/C107,MO,44.540648,11.063487,70.0,4934012.726,1663959.606
PF13/0109/C107,MO,44.546125,11.069918,21.0,4934634.091,1664455.033
PF02/0110/C107,MO,44.544136,11.076825,52.0,4934427.111,1665009.375
PF03/0110/C107,MO,44.543022,11.073564,70.0,4934296.763,1664753.409
PF04/0110/C107,MO,44.546203,11.084421,72.0,4934672.086,1665606.938
PF05/0110/C107,MO,44.544878,11.074609,21.0,4934505.025,1664831.197
PF01/0111/C107,MO,44.545845,11.090681,70.0,4934645.004,1666105.226
PF02/0111/C107,MO,44.548576,11.095893,52.0,4934958.998,1666511.489
PF03/0111/C107,MO,44.540244,11.08891,21.0,4934019.245,1665980.433
PF02/0112/C107,MO,44.548565,11.09935,72.0,4934964.82,1666786.061
PF03/0112/C107,MO,44.547787,11.109918,52.0,4934899.985,1667627.78
PF04/0112/C107,MO,44.550501,11.11236,72.0,4935206.498,1667813.941
PF06/0112/C107,MO,44.542833,11.097866,72.0,4934325.105,1666684.54
PF07/0112/C107,MO,44.54695,11.106734,72.0,4934800.537,1667377.235
PF08/0112/C107,MO,44.544602,11.107398,52.0,4934541.009,1667436.726
PF09/0112/C107,MO,44.544585,11.095815,21.0,4934515.522,1666516.622
PF01/0113/C107,MO,44.541899,11.092314,70.0,4934209.991,1666246.147
PF03/0113/C107,MO,44.542286,11.104108,52.0,4934277.083,1667182.034
PF04/0113/C107,MO,44.539889,11.104972,72.0,4934012.554,1667257.491
PF05/0113/C107,MO,44.538562,11.099147,70.0,4933853.243,1666798.535
PF06/0113/C107,MO,44.538675,11.088942,21.0,4933845.021,1665987.436
PF04/0114/C107,MO,44.533033,11.062339,52.0,4933164.607,1663889.739
PF05/0114/C107,MO,44.532207,11.059662,52.0,4933067.442,1663679.31
PF06/0114/C107,MO,44.530303,11.061684,52.0,4932860.011,1663845.309
PF07/0114/C107,MO,44.527634,11.062293,52.0,4932564.727,1663901.239
PF09/0114/C107,MO,44.534897,11.059298,21.0,4933365.523,1663642.866
PF02/0115/C107,MO,44.53904,11.069873,52.0,4933846.942,1664471.472
PF03/0115/C107,MO,44.537496,11.072246,72.0,4933680.29,1664664.311
PF04/0115/C107,MO,44.534923,11.072994,70.0,4933395.904,1664730.994
PF05/0115/C107,MO,44.535349,11.067354,20.0,4933431.9,1664281.671
PF01/0116/C107,MO,44.532867,11.066026,70.0,4933153.563,1664183.161
PF02/0116/C107,MO,44.531765,11.070966,72.0,4933041.086,1664578.769
PF03/0116/C107,MO,44.531415,11.065089,70.0,4932990.317,1664112.809
PF06/0116/C107,MO,44.52902,11.063786,70.0,4932721.687,1664015.973
PF07/0116/C107,MO,44.52823,11.074797,50.0,4932656.138,1664893.159
PF09/0116/C107,MO,44.526023,11.07225,21.0,4932405.798,1664696.967
PF02/0117/C107,MO,44.535698,11.076906,70.0,4933489.965,1665039.632
PF03/0117/C107,MO,44.541284,11.076772,72.0,4934110.162,1665013.21
PF04/0117/C107,MO,44.529171,11.084841,52.0,4932780.989,1665688.626
PF05/0117/C107,MO,44.531943,11.0764,70.0,4933071.839,1665010.008
PF06/0117/C107,MO,44.532955,11.081915,52.0,4933195.321,1665445.348
PF07/0117/C107,MO,44.539006,11.078931,21.0,4933861.479,1665191.148
PF01/0118/C107,MO,44.536427,11.093792,50.0,4933605.201,1666379.156
PF02/0118/C107,MO,44.535201,11.084564,72.0,4933450.21,1665649.463
PF03/0118/C107,MO,44.53732,11.102293,50.0,4933721.672,1667052.045
PF04/0118/C107,MO,44.533427,11.09905,52.0,4933282.618,1666805.509
PF06/0118/C107,MO,44.538616,11.083927,70.0,4933828.223,1665589.203
PF07/0118/C107,MO,44.536808,11.089311,50.0,4933638.315,1666022.1
PF08/0118/C107,MO,44.531451,11.087817,52.0,4933040.311,1665918.561
PF09/0118/C107,MO,44.531085,11.09202,21.0,4933008.166,1666253.583
PF01/0119/C107,MO,44.533776,11.10557,52.0,4933334.728,1667322.51
PF02/0119/C107,MO,44.530661,11.107634,52.0,4932992.971,1667495.48
PF03/0119/C107,MO,44.528747,11.110387,72.0,4932785.996,1667719.732
PF04/0119/C107,MO,44.533884,11.109472,52.0,4933354.742,1667632.231
PF05/0119/C107,MO,44.535997,11.107253,52.0,4933584.949,1667449.919
PF06/0119/C107,MO,44.537884,11.111229,21.0,4933802.72,1667760.359
PF01/0120/C107,MO,44.526105,11.101546,72.0,4932474.357,1667024.715
PF02/0120/C107,MO,44.525171,11.107649,72.0,4932383.101,1667512.415
PF04/0120/C107,MO,44.528861,11.096268,21.0,4932769.778,1666597.464
PF02/0121/C107,MO,44.594877,11.053417,21.0,4940016.427,1663008.007
PF01/0001/C242,MO,44.580892,10.89417,52.0,4938157.149,1650404.519
PF02/0001/C242,MO,44.589512,10.894441,72.0,4939115.279,1650403.776
PF03/0001/C242,MO,44.583777,10.894769,70.0,4938478.816,1650444.622
PF01/0002/C242,MO,44.583043,10.904655,50.0,4938415.53,1651231.306
PF02/0002/C242,MO,44.581291,10.899838,70.0,4938212.002,1650853.485
PF04/0002/C242,MO,44.579712,10.904376,52.0,4938044.952,1651217.843
PF05/0002/C242,MO,44.579423,10.906827,52.0,4938017.373,1651413.152
PF06/0002/C242,MO,44.577679,10.897049,52.0,4937805.583,1650641.362
PF07/0002/C242,MO,44.577836,10.9006,50.0,4937829.632,1650922.893
PF08/0002/C242,MO,44.577912,10.903454,70.0,4937843.288,1651149.247
PF09/0002/C242,MO,44.574808,10.903631,52.0,4937498.817,1651171.346
PF01/0003/C242,MO,44.575456,10.897275,52.0,4937559.117,1650665.059
PF02/0003/C242,MO,44.578218,10.893881,52.0,4937859.665,1650388.437
PF03/0003/C242,MO,44.579653,10.889699,70.0,4938011.302,1650052.695
PF04/0003/C242,MO,44.580388,10.885772,52.0,4938085.765,1649739.085
PF05/0003/C242,MO,44.576964,10.889399,50.0,4937712.104,1650035.837
PF01/0004/C242,MO,44.575838,10.908844,5.0,4937622.97,1651582.61
PF04/0004/C242,MO,44.574454,10.910493,70.0,4937472.209,1651717.093
PF01/0005/C242,MO,44.579751,10.90818,50.0,4938056.374,1651519.718
PF02/0005/C242,MO,44.579593,10.910726,52.0,4938043.549,1651722.287
PF03/0005/C242,MO,44.577551,10.907004,50.0,4937809.777,1651432.053
PF04/0005/C242,MO,44.577488,10.910069,50.0,4937808.543,1651675.538
PF05/0005/C242,MO,44.578297,10.913006,70.0,4937903.766,1651906.635
PF06/0005/C242,MO,44.576166,10.912044,50.0,4937665.301,1651835.847
PF08/0005/C242,MO,44.57299,10.907543,52.0,4937304.152,1651486.669
PF09/0005/C242,MO,44.572194,10.910355,70.0,4937220.906,1651712.071
PF10/0005/C242,MO,44.573113,10.913211,52.0,4937328.364,1651936.425
PF12/0005/C242,MO,44.573307,10.919106,70.0,4937360.915,1652403.968
PF14/0005/C242,MO,44.570303,10.909872,50.0,4937010.018,1651678.61
PF15/0005/C242,MO,44.569568,10.913528,50.0,4936935.14,1651970.783
PF16/0005/C242,MO,44.566794,10.907382,50.0,4936615.597,1651489.956
PF17/0005/C242,MO,44.567464,10.910001,12.0,4936694.9,1651696.2
PF01/0006/C242,MO,44.580088,10.959308,52.0,4938190.031,1655577.941
PF02/0006/C242,MO,44.57674,10.95748,52.0,4937814.571,1655441.766
PF03/0006/C242,MO,44.576504,10.960882,50.0,4937794.856,1655712.455
PF04/0006/C242,MO,44.573876,10.95878,50.0,4937498.911,1655552.577
PF01/0007/C242,MO,44.580372,10.963581,56.0,4938229.692,1655916.428
PF02/0007/C242,MO,44.577069,10.964676,70.0,4937864.863,1656012.168
PF03/0007/C242,MO,44.576052,10.969282,52.0,4937760.735,1656380.602
PF04/0007/C242,MO,44.573118,10.966891,70.0,4937430.271,1656198.646
PF05/0007/C242,MO,44.573301,10.971329,70.0,4937458.993,1656550.539
PF06/0007/C242,MO,44.578942,10.965185,56.0,4938073.944,1656047.599
PF08/0007/C242,MO,44.574432,10.964137,70.0,4937570.955,1655976.411
PF09/0007/C242,MO,44.570435,10.962347,50.0,4937123.552,1655844.973
PF10/0007/C242,MO,44.571837,10.964504,70.0,4937283.324,1656012.491
PF11/0007/C242,MO,44.569728,10.958972,52.0,4937038.499,1655578.909
PF01/0008/C242,MO,44.5725,10.89815,70.0,4937232.388,1650742.176
PF02/0008/C242,MO,44.57199,10.887462,70.0,4937156.023,1649894.815
PF03/0008/C242,MO,44.573412,10.894749,70.0,4937327.35,1650469.783
PF04/0008/C242,MO,44.572675,10.901165,70.0,4937257.347,1650981.117
PF05/0008/C242,MO,44.57158,10.892965,70.0,4937120.584,1650332.828
PF06/0008/C242,MO,44.570768,10.889922,72.0,4937024.751,1650093.314
PF07/0008/C242,MO,44.570301,10.901893,52.0,4936995.033,1651045.076
PF09/0008/C242,MO,44.570018,10.899288,70.0,4936958.709,1650838.938
PF10/0008/C242,MO,44.56814,10.902568,70.0,4936756.164,1651104.267
PF12/0008/C242,MO,44.56585,10.886116,50.0,4936471.469,1649803.722
PF13/0008/C242,MO,44.567759,10.897341,70.0,4936704.237,1650690.149
PF01/0009/C242,MO,44.570599,10.92699,52.0,4937074.791,1653037.036
PF02/0009/C242,MO,44.56455,10.924424,50.0,4936398.046,1652849.193
PF05/0009/C242,MO,44.567766,10.92737,50.0,4936760.892,1653074.636
PF06/0009/C242,MO,44.570375,10.922195,50.0,4937040.998,1652656.912
PF07/0009/C242,MO,44.568778,10.916568,12.0,4936853.06,1652214.293
PF01/0010/C242,MO,44.57159,10.950396,50.0,4937229.057,1654892.934
PF02/0010/C242,MO,44.568852,10.946463,72.0,4936917.509,1654587.941
PF03/0010/C242,MO,44.567146,10.947002,52.0,4936728.931,1654635.266
PF04/0010/C242,MO,44.566531,10.949956,72.0,4936666.218,1654871.478
PF06/0010/C242,MO,44.562707,10.946849,52.0,4936235.564,1654634.901
PF07/0010/C242,MO,44.563155,10.949516,50.0,4936290.424,1654845.474
PF08/0010/C242,MO,44.562686,10.952539,70.0,4936244.076,1655086.763
PF09/0010/C242,MO,44.567441,10.952583,52.0,4936772.361,1655077.677
PF01/0011/C242,MO,44.569743,10.962272,52.0,4937046.479,1655840.877
PF02/0011/C242,MO,44.568006,10.961131,72.0,4936851.367,1655754.907
PF05/0011/C242,MO,44.563447,10.959557,52.0,4936341.885,1655642.09
PF08/0011/C242,MO,44.557248,10.960048,70.0,4935654.274,1655697.63
PF10/0011/C242,MO,44.561705,10.957486,52.0,4936144.5,1655482.23
PF12/0011/C242,MO,44.566515,10.958845,72.0,4936681.347,1655577.363
PF01/0012/C242,MO,44.568515,10.969171,52.0,4936923.278,1656392.009
PF03/0012/C242,MO,44.566343,10.971025,52.0,4936685.531,1656545.083
PF04/0012/C242,MO,44.564322,10.964947,70.0,4936449.392,1656067.77
PF05/0012/C242,MO,44.564534,10.972838,70.0,4936488.096,1656693.832
PF07/0012/C242,MO,44.561224,10.969995,70.0,4936114.949,1656476.947
PF08/0012/C242,MO,44.559719,10.97173,50.0,4935951.069,1656618.817
PF09/0012/C242,MO,44.563454,10.96927,70.0,4936361.267,1656413.435
PF01/0013/C242,MO,44.568073,10.903665,52.0,4936750.784,1651191.515
PF02/0013/C242,MO,44.566171,10.904602,50.0,4936541.271,1651270.861
PF03/0013/C242,MO,44.564968,10.895839,50.0,4936391.429,1650578.117
PF04/0013/C242,MO,44.563224,10.900581,70.0,4936206.399,1650959.135
PF05/0013/C242,MO,44.561842,10.903275,72.0,4936057.896,1651176.688
PF06/0013/C242,MO,44.560283,10.896603,52.0,4935872.383,1650650.85
PF07/0013/C242,MO,44.559358,10.902501,52.0,4935780.503,1651121.66
PF08/0013/C242,MO,44.565815,10.902069,52.0,4936497.049,1651070.59
PF09/0013/C242,MO,44.563976,10.903665,70.0,4936295.628,1651202.099
PF02/0014/C242,MO,44.567272,10.914511,50.0,4936681.948,1652054.827
PF03/0014/C242,MO,44.565551,10.910635,70.0,4936483.514,1651751.573
PF05/0014/C242,MO,44.565171,10.907127,70.0,4936434.827,1651473.997
PF08/0014/C242,MO,44.563368,10.908277,70.0,4936236.662,1651569.963
PF09/0014/C242,MO,44.561631,10.907457,70.0,4936042.172,1651509.368
PF11/0014/C242,MO,44.557845,10.903743,52.0,4935614.728,1651224.174
PF12/0014/C242,MO,44.55725,10.91404,52.0,4935567.84,1652043.539
PF13/0014/C242,MO,44.561176,10.904734,50.0,4935986.575,1651294.301
PF14/0014/C242,MO,44.559718,10.906966,70.0,4935828.811,1651475.339
PF15/0014/C242,MO,44.557648,10.907435,70.0,4935599.756,1651517.916
PF16/0014/C242,MO,44.560384,10.910757,70.0,4935909.855,1651774.656
PF01/0015/C242,MO,44.561967,10.923226,50.0,4936108.973,1652760.764
PF03/0015/C242,MO,44.554212,10.923204,50.0,4935247.482,1652779.351
PF04/0015/C242,MO,44.556729,10.919385,70.0,4935519.878,1652469.424
PF05/0015/C242,MO,44.562272,10.916458,70.0,4936130.186,1652222.471
PF01/0016/C242,MO,44.562469,10.927034,52.0,4936171.866,1653061.917
PF02/0016/C242,MO,44.562309,10.932953,72.0,4936165.201,1653532.402
PF03/0016/C242,MO,44.560178,10.930376,70.0,4935923.568,1653333.302
PF04/0016/C242,MO,44.5593,10.936459,50.0,4935837.486,1653818.713
PF05/0016/C242,MO,44.559017,10.928406,70.0,4935790.917,1653179.901
PF06/0016/C242,MO,44.558154,10.933326,50.0,4935704.296,1653572.903
PF07/0016/C242,MO,44.556335,10.935053,70.0,4935505.529,1653714.899
PF08/0016/C242,MO,44.555882,10.928592,70.0,4935443.006,1653202.911
PF09/0016/C242,MO,44.55451,10.932205,50.0,4935297.414,1653493.495
PF10/0016/C242,MO,44.553725,10.927553,52.0,4935201.501,1653126.035
PF13/0016/C242,MO,44.552696,10.930536,12.0,4935092.8,1653365.63
PF01/0017/C242,MO,44.567116,10.942947,52.0,4936717.971,1654313.341
PF02/0017/C242,MO,44.565814,10.938997,52.0,4936565.83,1654003.106
PF03/0017/C242,MO,44.564065,10.944489,52.0,4936381.926,1654443.818
PF04/0017/C242,MO,44.561113,10.943714,52.0,4936052.577,1654390.112
PF06/0017/C242,MO,44.558772,10.945066,72.0,4935795.108,1654503.717
PF07/0017/C242,MO,44.557702,10.942376,72.0,4935671.181,1654292.847
PF08/0017/C242,MO,44.558126,10.938191,58.0,4935710.339,1653959.354
PF09/0017/C242,MO,44.555543,10.941489,52.0,4935429.613,1654228.101
PF01/0018/C242,MO,44.551398,10.952459,52.0,4934990.05,1655110.417
PF02/0018/C242,MO,44.550946,10.947634,50.0,4934930.673,1654728.343
PF03/0018/C242,MO,44.547139,10.948823,52.0,4934510.058,1654832.872
PF04/0018/C242,MO,44.554331,10.953377,52.0,4935317.545,1655175.576
PF05/0018/C242,MO,44.558512,10.953247,70.0,4935781.739,1655154.084
PF06/0018/C242,MO,44.556554,10.944929,56.0,4935548.427,1654498.66
PF07/0018/C242,MO,44.552738,10.949141,70.0,4935132.517,1654843.354
PF08/0018/C242,MO,44.55368,10.945954,70.0,4935231.143,1654587.722
PF09/0018/C242,MO,44.559166,10.948522,52.0,4935845.395,1654777.081
PF10/0018/C242,MO,44.55653,10.951341,70.0,4935557.946,1655007.957
PF01/0019/C242,MO,44.558884,10.956835,70.0,4935829.873,1655438.075
PF02/0019/C242,MO,44.559033,10.966052,70.0,4935864.06,1656169.672
PF03/0019/C242,MO,44.558116,10.962031,70.0,4935754.524,1655852.784
PF04/0019/C242,MO,44.556585,10.969495,52.0,4935598.639,1656449.67
PF06/0019/C242,MO,44.555259,10.966225,70.0,4935445.075,1656193.547
PF11/0019/C242,MO,44.553753,10.961609,70.0,4935269.042,1655830.919
PF01/0020/C242,MO,44.550578,10.922063,70.0,4934841.641,1652698.213
PF02/0020/C242,MO,44.550216,10.926539,50.0,4934809.773,1653054.685
PF05/0020/C242,MO,44.547175,10.917582,72.0,4934455.233,1652351.147
PF07/0020/C242,MO,44.54796,10.928383,50.0,4934562.69,1653207.057
PF08/0020/C242,MO,44.54612,10.921089,70.0,4934344.584,1652632.525
PF09/0020/C242,MO,44.545061,10.915782,70.0,4934217.068,1652213.697
PF10/0020/C242,MO,44.545865,10.930114,50.0,4934333.138,1653350.079
PF12/0020/C242,MO,44.547668,10.925102,70.0,4934524.039,1652947.237
PF13/0020/C242,MO,44.549923,10.93132,12.0,4934786.23,1653435.2
PF02/0021/C242,MO,44.550778,10.935853,72.0,4934889.713,1653793.044
PF03/0021/C242,MO,44.553207,10.93521,50.0,4935158.339,1653735.548
PF01/0022/C242,MO,44.552327,10.94319,50.0,4935075.649,1654371.707
PF02/0022/C242,MO,44.553134,10.939525,50.0,4935158.348,1654078.506
PF03/0022/C242,MO,44.554669,10.937581,50.0,4935325.253,1653920.007
PF04/0022/C242,MO,44.55081,10.939375,50.0,4934899.91,1654072.69
PF01/0023/C242,MO,44.548829,10.940571,9.0,4934682.1,1654172.9
PF02/0023/C242,MO,44.548998,10.939611,5.0,4934699.07,1654096.23
PF03/0023/C242,MO,44.54738,10.943088,56.0,4934525.916,1654376.683
PF04/0023/C242,MO,44.548317,10.936294,50.0,4934617.221,1653834.565
PF01/0024/C242,MO,44.546429,10.939672,70.0,4934413.836,1654107.857
PF02/0024/C242,MO,44.54563,10.937155,50.0,4934320.3,1653910.021
PF03/0024/C242,MO,44.544007,10.939355,70.0,4934144.19,1654089.097
PF01/0025/C242,MO,44.552169,10.955443,52.0,4935081.372,1655345.39
PF03/0025/C242,MO,44.549693,10.95555,52.0,4934806.482,1655360.497
PF05/0025/C242,MO,44.548959,10.950203,58.0,4934714.767,1654937.725
PF06/0025/C242,MO,44.548009,10.955894,52.0,4934620.104,1655392.306
PF07/0025/C242,MO,44.547044,10.949699,72.0,4934501.15,1654902.715
PF08/0025/C242,MO,44.546032,10.955129,72.0,4934398.985,1655336.776
PF09/0025/C242,MO,44.545493,10.948261,52.0,4934326.048,1654792.621
PF01/0026/C242,MO,44.543853,10.914841,52.0,4934081.174,1652142.103
PF02/0026/C242,MO,44.543529,10.917988,50.0,4934051.057,1652392.88
PF03/0026/C242,MO,44.542684,10.921997,50.0,4933964.586,1652713.61
PF04/0026/C242,MO,44.542212,10.925209,50.0,4933918.166,1652970.014
PF05/0026/C242,MO,44.541283,10.927592,50.0,4933819.457,1653161.75
PF06/0026/C242,MO,44.540805,10.923046,50.0,4933757.905,1652801.813
PF08/0026/C242,MO,44.539236,10.919782,50.0,4933577.516,1652546.614
PF09/0026/C242,MO,44.539025,10.922411,70.0,4933558.945,1652756.05
PF10/0026/C242,MO,44.538378,10.926839,70.0,4933495.383,1653109.559
PF11/0026/C242,MO,44.545091,10.923772,70.0,4934235.328,1652848.344
PF01/0027/C242,MO,44.546575,10.931608,50.0,4934414.861,1653466.891
PF02/0027/C242,MO,44.545871,10.93408,50.0,4934341.364,1653665.128
PF04/0027/C242,MO,44.5414,10.93243,50.0,4933841.606,1653545.803
PF05/0027/C242,MO,44.539326,10.932956,50.0,4933612.169,1653593.008
PF06/0027/C242,MO,44.538917,10.930312,70.0,4933561.766,1653384.045
PF07/0027/C242,MO,44.538449,10.937959,50.0,4933524.157,1653992.817
PF08/0027/C242,MO,44.537123,10.927595,70.0,4933357.423,1653172.922
PF09/0027/C242,MO,44.537053,10.93614,70.0,4933365.687,1653851.945
PF10/0027/C242,MO,44.537071,10.939428,70.0,4933373.883,1654113.194
PF12/0027/C242,MO,44.535672,10.926247,70.0,4933193.665,1653069.576
PF01/0028/C242,MO,44.546337,10.946006,72.0,4934415.627,1654611.295
PF02/0028/C242,MO,44.545694,10.943371,70.0,4934339.225,1654403.638
PF03/0028/C242,MO,44.544618,10.948182,70.0,4934228.79,1654788.702
PF08/0028/C242,MO,44.542235,10.951845,50.0,4933970.95,1655085.994
PF09/0028/C242,MO,44.540014,10.945284,70.0,4933711.866,1654570.657
PF11/0028/C242,MO,44.537539,10.941235,70.0,4933429.309,1654255.52
PF12/0028/C242,MO,44.538298,10.944092,52.0,4933518.994,1654480.452
PF13/0028/C242,MO,44.538439,10.948446,50.0,4933542.842,1654826.026
PF14/0028/C242,MO,44.536421,10.944409,70.0,4933311.079,1654510.641
PF01/0001/C287,MO,44.540625,10.910037,50.0,4933713.593,1651768.815
PF03/0001/C287,MO,44.537683,10.907387,70.0,4933381.94,1651565.903
PF04/0001/C287,MO,44.537862,10.914896,48.0,4933415.717,1652162.063
PF05/0001/C287,MO,44.536298,10.916268,70.0,4933244.62,1652275.148
PF06/0001/C287,MO,44.53612,10.922084,52.0,4933235.686,1652737.669
PF01/0002/C287,MO,44.542461,10.95299,70.0,4933998.261,1655176.309
PF02/0002/C287,MO,44.54209,10.956084,72.0,4933962.899,1655423.146
PF03/0002/C287,MO,44.540935,10.96018,56.0,4933842.47,1655751.619
PF04/0002/C287,MO,44.540825,10.962927,52.0,4933835.441,1655970.156
PF05/0002/C287,MO,44.54024,10.95629,50.0,4933757.835,1655444.413
PF07/0002/C287,MO,44.538515,10.955295,50.0,4933564.329,1655369.925
PF08/0002/C287,MO,44.538173,10.962719,70.0,4933540.526,1655960.678
PF09/0002/C287,MO,44.53726,10.950213,70.0,4933415.214,1654969.56
PF10/0002/C287,MO,44.536004,10.956071,70.0,4933286.891,1655438.272
PF11/0002/C287,MO,44.536667,10.960815,52.0,4933369.515,1655813.435
PF13/0002/C287,MO,44.535101,10.958667,70.0,4933191.566,1655646.904
PF14/0002/C287,MO,44.539252,10.968091,70.0,4933670.57,1656384.631
PF01/0003/C287,MO,44.533367,10.916631,52.0,4932919.653,1652311.619
PF02/0003/C287,MO,44.532178,10.914455,70.0,4932783.497,1652141.817
PF03/0003/C287,MO,44.533022,10.908761,52.0,4932866.74,1651687.197
PF05/0003/C287,MO,44.528775,10.909813,70.0,4932396.842,1651781.773
PF07/0003/C287,MO,44.526457,10.907132,50.0,4932134.451,1651574.747
PF08/0003/C287,MO,44.531976,10.905942,52.0,4932745.317,1651465.893
PF01/0004/C287,MO,44.53661,10.92457,70.0,4933294.75,1652933.907
PF02/0004/C287,MO,44.534629,10.932679,70.0,4933089.845,1653583.39
PF03/0004/C287,MO,44.533371,10.923762,70.0,4932933.469,1652878.222
PF04/0004/C287,MO,44.532868,10.926168,70.0,4932882.06,1653070.704
PF05/0004/C287,MO,44.531077,10.931162,70.0,4932692.439,1653472.137
PF06/0004/C287,MO,44.530755,10.916181,70.0,4932628.71,1652282.678
PF07/0004/C287,MO,44.530044,10.918929,70.0,4932554.822,1652502.876
PF08/0004/C287,MO,44.530743,10.922808,70.0,4932639.739,1652809.271
PF10/0004/C287,MO,44.527462,10.927226,70.0,4932283.553,1653168.866
PF01/0005/C287,MO,44.535313,10.939173,70.0,4933178.118,1654097.548
PF02/0005/C287,MO,44.534484,10.941196,70.0,4933089.86,1654260.444
PF04/0005/C287,MO,44.532352,10.935355,52.0,4932841.951,1653802.021
PF05/0005/C287,MO,44.531721,10.938345,70.0,4932777.52,1654041.204
PF06/0005/C287,MO,44.531893,10.942174,70.0,4932803.896,1654344.978
PF07/0005/C287,MO,44.529611,10.94198,70.0,4932549.987,1654335.646
PF09/0005/C287,MO,44.530651,10.947803,70.0,4932676.592,1654795.546
PF10/0005/C287,MO,44.529812,10.935203,70.0,4932559.561,1653796.587
PF11/0005/C287,MO,44.528825,10.933039,52.0,4932445.892,1653627.214
PF12/0005/C287,MO,44.526775,10.931657,50.0,4932215.516,1653522.793
PF13/0005/C287,MO,44.533149,10.944164,70.0,4932947.207,1654499.816
PF02/0006/C287,MO,44.534144,10.94965,70.0,4933068.076,1654933.031
PF03/0006/C287,MO,44.534698,10.952206,70.0,4933134.466,1655134.683
PF05/0006/C287,MO,44.533415,10.966886,70.0,4933019.955,1656304.434
PF06/0006/C287,MO,44.531972,10.949058,50.0,4932825.728,1654891.742
PF07/0006/C287,MO,44.532434,10.9549,70.0,4932888.062,1655354.767
PF08/0006/C287,MO,44.532611,10.961183,70.0,4932919.681,1655853.459
PF09/0006/C287,MO,44.531688,10.965919,70.0,4932826.243,1656232.255
PF10/0006/C287,MO,44.530673,10.956703,52.0,4932695.904,1655502.688
PF11/0006/C287,MO,44.530214,10.964856,50.0,4932660.527,1656151.771
PF12/0006/C287,MO,44.529695,10.961135,52.0,4932595.703,1655857.473
PF13/0006/C287,MO,44.533251,10.964318,70.0,4932996.775,1656100.849
PF02/0007/C287,MO,44.531779,10.978761,70.0,4932860.992,1657252.417
PF03/0007/C287,MO,44.53024,10.977113,70.0,4932686.898,1657125.556
PF04/0007/C287,MO,44.535452,10.968861,70.0,4933249.953,1656455.937
PF05/0007/C287,MO,44.532661,10.972964,70.0,4932947.84,1656789.389
PF01/0008/C287,MO,44.530211,10.915536,70.0,4932567.047,1652232.85
PF02/0008/C287,MO,44.528111,10.916274,70.0,4932335.189,1652296.955
PF03/0008/C287,MO,44.52808,10.920222,70.0,4932339.107,1652610.729
PF04/0008/C287,MO,44.526373,10.922049,70.0,4932152.918,1652760.385
PF06/0008/C287,MO,44.523633,10.918913,52.0,4931842.606,1652518.326
PF07/0008/C287,MO,44.522366,10.916464,70.0,4931697.346,1652327.023
PF10/0008/C287,MO,44.523991,10.907731,52.0,4931861.568,1651628.767
PF11/0008/C287,MO,44.524047,10.905144,52.0,4931863.018,1651423.033
PF12/0008/C287,MO,44.522019,10.906386,52.0,4931640.068,1651527.035
PF14/0008/C287,MO,44.525362,10.913847,70.0,4932025.283,1652111.243
PF01/0009/C287,MO,44.52034,10.90932,52.0,4931458.981,1651764.536
PF02/0009/C287,MO,44.520711,10.914141,52.0,4931509.202,1652146.708
PF03/0009/C287,MO,44.521275,10.917102,50.0,4931577.319,1652380.581
PF04/0009/C287,MO,44.519351,10.920824,70.0,4931370.593,1652681.368
PF05/0009/C287,MO,44.517473,10.920275,52.0,4931160.964,1652642.615
PF01/0010/C287,MO,44.51943,10.930093,5.0,4931396.68,1653417.83
PF03/0010/C287,MO,44.523128,10.93335,50.0,4931813.657,1653666.96
PF06/0010/C287,MO,44.525791,10.925271,52.0,4932094.247,1653017.918
PF07/0010/C287,MO,44.524857,10.922095,52.0,4931984.545,1652767.998
PF08/0010/C287,MO,44.524414,10.929453,72.0,4931949.12,1653353.86
PF10/0010/C287,MO,44.523473,10.926233,70.0,4931838.615,1653100.418
PF11/0010/C287,MO,44.521495,10.925612,70.0,4931617.653,1653056.239
PF01/0011/C287,MO,44.527644,10.946886,50.0,4932340.814,1654730.636
PF02/0011/C287,MO,44.528303,10.939644,50.0,4932400.269,1654153.423
PF03/0011/C287,MO,44.524277,10.941729,52.0,4931957.085,1654329.778
PF04/0011/C287,MO,44.524317,10.946437,50.0,4931970.404,1654703.802
PF01/0012/C287,MO,44.529387,10.949377,50.0,4932539.104,1654923.997
PF03/0012/C287,MO,44.529934,10.95672,52.0,4932613.804,1655505.966
PF04/0012/C287,MO,44.528701,10.954936,52.0,4932473.443,1655367.554
PF05/0012/C287,MO,44.529065,10.960125,50.0,4932523.773,1655778.901
PF06/0012/C287,MO,44.526451,10.954695,52.0,4932223.154,1655354.335
PF07/0012/C287,MO,44.526758,10.957264,52.0,4932262.146,1655557.706
PF09/0012/C287,MO,44.524731,10.953671,50.0,4932030.114,1655277.576
PF10/0012/C287,MO,44.524915,10.956678,12.0,4932056.2,1655516.0
PF11/0012/C287,MO,44.522946,10.953244,52.0,4931830.956,1655248.371
PF12/0012/C287,MO,44.520966,10.954887,52.0,4931614.209,1655384.155
PF13/0012/C287,MO,44.521711,10.95772,52.0,4931702.354,1655607.377
PF14/0012/C287,MO,44.51946,10.95369,52.0,4931444.644,1655293.023
PF16/0012/C287,MO,44.517958,10.949214,52.0,4931269.312,1654941.353
PF17/0012/C287,MO,44.517342,10.95217,52.0,4931206.456,1655177.924
PF01/0013/C287,MO,44.528957,10.975053,70.0,4932540.423,1656965.371
PF02/0013/C287,MO,44.525916,10.963336,50.0,4932180.091,1656042.442
PF04/0013/C287,MO,44.526691,10.969056,50.0,4932277.211,1656494.905
PF05/0013/C287,MO,44.527738,10.964449,50.0,4932384.708,1656126.024
PF01/0014/C287,MO,44.532777,10.986542,70.0,4932986.825,1657867.953
PF03/0014/C287,MO,44.531089,10.983092,52.0,4932792.681,1657598.388
PF04/0014/C287,MO,44.530438,10.989646,70.0,4932732.99,1658120.899
PF07/0014/C287,MO,44.522514,10.984216,70.0,4931842.379,1657710.845
PF08/0014/C287,MO,44.521988,10.979539,52.0,4931774.901,1657340.581
PF09/0014/C287,MO,44.520493,10.982495,52.0,4931614.504,1657579.516
PF01/0015/C287,MO,44.520532,10.964126,70.0,4931583.582,1656119.608
PF02/0015/C287,MO,44.519958,10.972107,70.0,4931535.129,1656755.396
PF03/0015/C287,MO,44.521281,10.97682,52.0,4931691.082,1657126.392
PF04/0015/C287,MO,44.523572,10.96035,52.0,4931914.061,1655811.385
PF05/0015/C287,MO,44.524973,10.971686,70.0,4932091.354,1656708.491
PF06/0015/C287,MO,44.520047,10.959468,52.0,4931520.866,1655750.702
PF07/0015/C287,MO,44.517191,10.960875,72.0,4931206.277,1655870.099
PF01/0016/C287,MO,44.511219,10.916588,52.0,4930459.395,1652365.867
PF02/0016/C287,MO,44.510596,10.920906,70.0,4930398.253,1652710.758
PF03/0016/C287,MO,44.509797,10.917776,70.0,4930303.67,1652464.035
PF04/0016/C287,MO,44.515273,10.917381,9.0,4930911.2,1652418.4
PF05/0016/C287,MO,44.515544,10.927753,50.0,4930960.659,1653242.05
PF07/0016/C287,MO,44.510483,10.910846,70.0,4930366.866,1651911.414
PF08/0016/C287,MO,44.512558,10.913715,70.0,4930602.732,1652134.044
PF09/0016/C287,MO,44.514293,10.92174,70.0,4930810.484,1652767.353
PF01/0017/C287,MO,44.512857,10.930764,70.0,4930667.849,1653488.397
PF02/0017/C287,MO,44.510714,10.929675,50.0,4930427.764,1653407.441
PF03/0017/C287,MO,44.519495,10.934703,50.0,4931412.617,1653784.015
PF02/0018/C287,MO,44.52084,10.948399,50.0,4931587.887,1654868.9
PF04/0018/C287,MO,44.519379,10.941959,70.0,4931413.394,1654360.955
PF05/0018/C287,MO,44.518907,10.94651,52.0,4931369.618,1654723.919
PF06/0018/C287,MO,44.516184,10.938302,52.0,4931051.556,1654078.795
PF08/0018/C287,MO,44.514976,10.940566,52.0,4930921.729,1654261.903
PF09/0018/C287,MO,44.514615,10.943762,52.0,4930887.64,1654516.852
PF10/0018/C287,MO,44.515411,10.950467,52.0,4930988.706,1655047.627
PF11/0018/C287,MO,44.512377,10.939622,70.0,4930631.209,1654193.723
PF13/0018/C287,MO,44.513218,10.946413,50.0,4930737.468,1654731.231
PF17/0018/C287,MO,44.510643,10.942727,50.0,4930444.45,1654445.1
PF01/0019/C287,MO,44.517843,10.957831,52.0,4931272.93,1655626.445
PF02/0019/C287,MO,44.515311,10.95709,50.0,4930990.2,1655574.331
PF03/0019/C287,MO,44.512406,10.955248,72.0,4930663.972,1655435.661
PF04/0019/C287,MO,44.511972,10.952838,52.0,4930611.269,1655245.243
PF05/0019/C287,MO,44.512414,10.949584,70.0,4930654.095,1654985.438
PF06/0019/C287,MO,44.510665,10.948315,70.0,4930457.42,1654889.191
PF07/0019/C287,MO,44.510291,10.950907,50.0,4930420.785,1655096.169
PF09/0019/C287,MO,44.507995,10.953045,52.0,4930169.809,1655272.239
PF10/0019/C287,MO,44.509125,10.95754,52.0,4930303.937,1655626.568
PF11/0019/C287,MO,44.506501,10.947631,70.0,4929993.617,1654845.865
PF12/0019/C287,MO,44.50596,10.950995,70.0,4929939.948,1655114.706
PF13/0019/C287,MO,44.50417,10.952364,70.0,4929743.628,1655228.257
PF01/0020/C287,MO,44.514523,10.962506,70.0,4930913.033,1656006.912
PF02/0020/C287,MO,44.515044,10.968654,52.0,4930982.58,1656494.108
PF03/0020/C287,MO,44.510922,10.968092,50.0,4930523.657,1656460.462
PF04/0020/C287,MO,44.517369,10.968852,70.0,4931241.327,1656503.653
PF05/0020/C287,MO,44.512079,10.958001,70.0,4930632.979,1655655.347
PF06/0020/C287,MO,44.510638,10.962785,72.0,4930482.01,1656039.399
PF01/0021/C287,MO,44.508615,10.914158,52.0,4930165.524,1652179.545
PF02/0021/C287,MO,44.506519,10.911793,52.0,4929928.362,1651996.987
PF03/0021/C287,MO,44.503189,10.899242,52.0,4929535.14,1651007.914
PF05/0021/C287,MO,44.507117,10.908789,72.0,4929989.167,1651756.614
PF06/0021/C287,MO,44.50282,10.910779,52.0,4929515.617,1651926.019
PF07/0021/C287,MO,44.504772,10.909084,70.0,4929729.277,1651786.174
PF08/0021/C287,MO,44.507835,10.904209,12.0,4930060.5,1651390.75
PF01/0022/C287,MO,44.507075,10.919053,70.0,4930003.599,1652572.665
PF02/0022/C287,MO,44.507905,10.922233,70.0,4930101.749,1652823.288
PF04/0022/C287,MO,44.50606,10.924733,70.0,4929901.457,1653026.806
PF05/0022/C287,MO,44.498944,10.926005,70.0,4929113.412,1653146.519
PF06/0022/C287,MO,44.499986,10.919444,52.0,4929216.901,1652622.26
PF07/0022/C287,MO,44.502563,10.918773,52.0,4929501.873,1652562.14
PF01/0023/C287,MO,44.510781,10.936969,70.0,4930448.953,1653987.055
PF02/0023/C287,MO,44.509727,10.939131,50.0,4930335.927,1654161.68
PF03/0023/C287,MO,44.508011,10.927018,70.0,4930122.458,1653203.336
PF05/0023/C287,MO,44.507927,10.942992,50.0,4930143.211,1654473.303
PF08/0023/C287,MO,44.505741,10.943241,70.0,4929900.889,1654498.888
PF09/0023/C287,MO,44.506614,10.93598,52.0,4929984.174,1653919.387
PF10/0023/C287,MO,44.506122,10.931505,70.0,4929921.147,1653564.968
PF01/0024/C287,MO,44.504466,10.958703,52.0,4929788.601,1655731.427
PF02/0024/C287,MO,44.505841,10.961176,52.0,4929946.056,1655924.29
PF03/0024/C287,MO,44.507198,10.968217,72.0,4930110.238,1656480.402
PF01/0025/C287,MO,44.499682,10.89608,11.0,4929139.8,1650765.6
PF02/0025/C287,MO,44.497501,10.897177,52.0,4928899.564,1650858.431
PF03/0025/C287,MO,44.496086,10.894186,52.0,4928736.838,1650624.251
PF04/0025/C287,MO,44.500676,10.892437,52.0,4929243.464,1650473.392
PF05/0025/C287,MO,44.503724,10.895255,52.0,4929587.282,1650689.594
PF01/0026/C287,MO,44.49837,10.899818,52.0,4929000.928,1651066.148
PF02/0026/C287,MO,44.496953,10.915395,52.0,4928872.493,1652308.245
PF03/0026/C287,MO,44.497024,10.908857,52.0,4928868.133,1651788.202
PF04/0026/C287,MO,44.5011,10.903942,52.0,4929311.82,1651386.946
PF05/0026/C287,MO,44.498779,10.903364,0.0,4929053.0,1651347.0
PF06/0026/C287,MO,44.499955,10.914991,52.0,4929205.18,1652268.327
PF07/0026/C287,MO,44.499775,10.909734,52.0,4929175.356,1651850.846
PF01/0027/C287,MO,44.503943,10.926652,52.0,4929669.992,1653184.896
PF02/0027/C287,MO,44.50411,10.931433,70.0,4929697.509,1653564.552
PF03/0027/C287,MO,44.503696,10.934731,70.0,4929657.713,1653827.77
PF04/0027/C287,MO,44.503574,10.938283,52.0,4929650.85,1654110.474
PF05/0027/C287,MO,44.503834,10.94101,70.0,4929684.843,1654326.579
PF06/0027/C287,MO,44.502179,10.933346,70.0,4929486.532,1653721.671
PF08/0027/C287,MO,44.501207,10.926305,52.0,4929365.372,1653164.436
PF09/0027/C287,MO,44.500189,10.929491,52.0,4929258.286,1653420.435
PF10/0027/C287,MO,44.500929,10.937479,52.0,4929355.528,1654053.562
PF11/0027/C287,MO,44.499629,10.939698,52.0,4929215.263,1654233.367
PF12/0027/C287,MO,44.501338,10.942294,70.0,4929410.027,1654435.235
PF14/0027/C287,MO,44.499025,10.936164,50.0,4929141.491,1653954.021
PF15/0027/C287,MO,44.498431,10.94225,50.0,4929086.983,1654439.421
PF16/0027/C287,MO,44.499588,10.944284,50.0,4929219.381,1654598.072
PF17/0027/C287,MO,44.496735,10.934955,50.0,4928884.885,1653863.895
PF20/0027/C287,MO,44.496376,10.943341,70.0,4928860.853,1654531.567
PF21/0027/C287,MO,44.49766,10.931691,50.0,4928981.473,1653601.937
PF01/0028/C287,MO,44.502741,10.942291,9.0,4929565.9,1654431.3
PF02/0028/C287,MO,44.501225,10.944566,50.0,4929401.751,1654616.173
PF01/0029/C287,MO,44.503983,10.948033,50.0,4929714.703,1654884.47
PF02/0029/C287,MO,44.503985,10.950484,52.0,4929719.501,1655079.275
PF03/0029/C287,MO,44.503059,10.953599,50.0,4929622.643,1655329.402
PF04/0029/C287,MO,44.50226,10.946827,72.0,4929520.983,1654793.188
PF05/0029/C287,MO,44.502261,10.950206,52.0,4929527.494,1655061.768
PF06/0029/C287,MO,44.502047,10.955937,52.0,4929514.621,1655517.947
PF07/0029/C287,MO,44.501851,10.959143,52.0,4929498.973,1655773.314
PF08/0029/C287,MO,44.500225,10.947619,52.0,4929296.489,1654861.509
PF09/0029/C287,MO,44.500343,10.950329,52.0,4929314.666,1655076.636
PF10/0029/C287,MO,44.500899,10.953405,50.0,4929382.261,1655319.663
PF11/0029/C287,MO,44.500366,10.957179,52.0,4929330.24,1655621.159
PF12/0029/C287,MO,44.49859,10.951378,52.0,4929122.02,1655164.675
PF13/0029/C287,MO,44.498123,10.954259,70.0,4929075.58,1655394.945
PF14/0029/C287,MO,44.497451,10.946549,50.0,4928986.327,1654783.763
PF15/0029/C287,MO,44.496665,10.95205,52.0,4928909.458,1655223.189
PF01/0030/C287,MO,44.501624,10.966153,52.0,4929487.101,1656331.211
PF02/0030/C287,MO,44.498997,10.969387,72.0,4929201.525,1656595.333
PF03/0030/C287,MO,44.498739,10.963352,50.0,4929161.287,1656116.265
PF04/0030/C287,MO,44.504416,10.976952,70.0,4929817.94,1657182.237
PF05/0030/C287,MO,44.504612,10.972113,12.0,4929830.5,1656797.0
PF01/0031/C287,MO,44.492905,10.899533,52.0,4928393.335,1651057.607
PF02/0031/C287,MO,44.490447,10.898843,52.0,4928119.077,1651009.05
PF03/0031/C287,MO,44.491034,10.904631,72.0,4928194.965,1651467.76
PF04/0031/C287,MO,44.491995,10.887972,52.0,4928270.992,1650140.714
PF05/0031/C287,MO,44.491023,10.894827,52.0,4928175.59,1650688.244
PF01/0032/C287,MO,44.48874,10.906228,70.0,4927943.162,1651600.642
PF02/0032/C287,MO,44.493482,10.914257,52.0,4928484.733,1652226.792
PF03/0032/C287,MO,44.492601,10.921632,50.0,4928400.679,1652815.419
PF04/0032/C287,MO,44.490247,10.913496,52.0,4928123.979,1652174.668
PF05/0032/C287,MO,44.490191,10.910287,52.0,4928111.875,1651919.679
PF01/0033/C287,MO,44.492568,10.941349,70.0,4928434.011,1654383.236
PF02/0033/C287,MO,44.491576,10.934219,54.0,4928310.416,1653818.936
PF03/0033/C287,MO,44.494894,10.924069,50.0,4928659.925,1653003.218
PF04/0033/C287,MO,44.494551,10.939326,72.0,4928650.498,1654217.2
PF05/0033/C287,MO,44.490589,10.930401,70.0,4928193.618,1653517.932
PF06/0033/C287,MO,44.493094,10.928077,50.0,4928467.513,1653326.568
PF07/0033/C287,MO,44.488626,10.92667,70.0,4927968.611,1653226.442
PF02/0034/C287,MO,44.495745,10.952213,70.0,4928807.483,1655238.587
PF03/0034/C287,MO,44.493609,10.950676,70.0,4928567.364,1655122.086
PF04/0034/C287,MO,44.489896,10.941959,52.0,4928138.422,1654438.771
PF05/0034/C287,MO,44.493016,10.947561,70.0,4928495.578,1654875.962
PF06/0034/C287,MO,44.489091,10.951443,70.0,4928066.962,1655195.068
PF01/0035/C287,MO,44.492529,10.958348,70.0,4928462.005,1655734.919
PF02/0035/C287,MO,44.49615,10.961493,72.0,4928870.215,1655975.325
PF03/0035/C287,MO,44.49373,10.973042,50.0,4928623.466,1656900.068
PF04/0035/C287,MO,44.496378,10.973211,72.0,4928917.879,1656906.382
PF01/0036/C287,MO,44.486968,10.886132,72.0,4927709.165,1650007.25
PF03/0036/C287,MO,44.483191,10.887867,52.0,4927292.883,1650154.905
PF04/0036/C287,MO,44.478595,10.880438,72.0,4926768.733,1649575.861
PF05/0036/C287,MO,44.480087,10.892913,52.0,4926957.293,1650564.226
PF02/0037/C287,MO,44.488102,10.893243,52.0,4927848.291,1650569.785
PF03/0037/C287,MO,44.482242,10.90411,52.0,4927217.396,1651449.109
PF04/0037/C287,MO,44.483063,10.899103,72.0,4927299.368,1651048.743
PF05/0037/C287,MO,44.47829,10.901472,52.0,4926773.547,1651249.486
PF06/0037/C287,MO,44.482897,10.891983,52.0,4927267.788,1650483.02
PF07/0037/C287,MO,44.48487,10.895348,12.0,4927493.109,1650745.499
PF01/0038/C287,MO,44.485238,10.907938,9.0,4927557.3,1651745.75
PF02/0038/C287,MO,44.486823,10.912381,70.0,4927741.634,1652094.912
PF03/0038/C287,MO,44.484536,10.912387,70.0,4927487.593,1652101.366
PF04/0038/C287,MO,44.487723,10.912654,70.0,4927842.086,1652114.316
PF01/0039/C287,MO,44.489301,10.921322,52.0,4928033.549,1652799.447
PF02/0039/C287,MO,44.486991,10.918077,50.0,4927770.837,1652547.442
PF03/0039/C287,MO,44.484521,10.918582,50.0,4927497.495,1652594.021
PF04/0039/C287,MO,44.486615,10.921624,50.0,4927735.77,1652830.463
PF05/0039/C287,MO,44.485176,10.925799,52.0,4927583.724,1653166.182
PF06/0039/C287,MO,44.482517,10.919736,12.0,4927277.0,1652691.0
PF01/0040/C287,MO,44.486059,10.938308,50.0,4927705.239,1654158.603
PF02/0040/C287,MO,44.484182,10.936933,50.0,4927494.145,1654054.183
PF03/0040/C287,MO,44.48604,10.9341,70.0,4927695.241,1653823.992
PF04/0040/C287,MO,44.488971,10.937549,70.0,4928027.344,1654090.615
PF05/0040/C287,MO,44.483686,10.933132,50.0,4927431.948,1653753.24
PF06/0040/C287,MO,44.487273,10.940962,70.0,4927845.161,1654366.411
PF07/0040/C287,MO,44.488618,10.932685,70.0,4927978.912,1653704.731
PF01/0041/C287,MO,44.486601,10.950208,5.0,4927787.97,1655103.46
PF02/0041/C287,MO,44.490057,10.956852,70.0,4928184.497,1655622.583
PF03/0041/C287,MO,44.487641,10.955034,70.0,4927912.655,1655484.454
PF04/0041/C287,MO,44.485834,10.96072,50.0,4927722.845,1655941.375
PF05/0041/C287,MO,44.484876,10.956327,70.0,4927608.001,1655594.595
PF06/0041/C287,MO,44.485635,10.965014,52.0,4927708.89,1656283.391
PF07/0041/C287,MO,44.48629,10.950197,50.0,4927753.388,1655103.391
PF02/0042/C287,MO,44.483542,10.911278,72.0,4927375.066,1652015.761
PF03/0042/C287,MO,44.482075,10.913849,50.0,4927216.936,1652223.999
PF05/0042/C287,MO,44.480772,10.911984,50.0,4927068.695,1652079.063
PF08/0042/C287,MO,44.477782,10.914189,50.0,4926740.726,1652262.172
PF09/0042/C287,MO,44.479635,10.919423,52.0,4926956.259,1652673.652
PF11/0042/C287,MO,44.477098,10.91947,52.0,4926674.514,1652684.026
PF13/0042/C287,MO,44.475105,10.912074,52.0,4926439.393,1652100.939
PF14/0042/C287,MO,44.481575,10.909622,72.0,4927153.514,1651889.18
PF01/0043/C287,MO,44.481806,10.922892,52.0,4927203.935,1652943.842
PF02/0043/C287,MO,44.480435,10.925992,52.0,4927057.464,1653193.997
PF03/0043/C287,MO,44.47947,10.923533,52.0,4926945.607,1653000.938
PF04/0043/C287,MO,44.478191,10.926259,52.0,4926808.686,1653221.038
PF05/0043/C287,MO,44.480913,10.93114,52.0,4927120.132,1653602.073
PF06/0043/C287,MO,44.474291,10.920767,52.0,4926365.142,1652794.477
PF07/0043/C287,MO,44.477548,10.92933,12.0,4926743.0,1653467.0
PF08/0043/C287,MO,44.479933,10.935032,70.0,4927018.646,1653914.222
PF02/0044/C287,MO,44.48184,10.937933,50.0,4927235.936,1654139.883
PF03/0044/C287,MO,44.483281,10.953939,52.0,4927426.301,1655408.906
PF04/0044/C287,MO,44.482257,10.950701,50.0,4927306.449,1655154.178
PF05/0044/C287,MO,44.484178,10.943966,10.0,4927507.0,1654613.5
PF01/0045/C287,MO,44.471538,10.882857,5.0,4925989.27,1649786.3
PF02/0045/C287,MO,44.473721,10.879403,50.0,4926225.363,1649506.068
PF03/0045/C287,MO,44.472281,10.886022,72.0,4926077.519,1650036.159
PF04/0045/C287,MO,44.472268,10.893873,50.0,4926090.526,1650660.672
PF02/0046/C287,MO,44.47667,10.898419,50.0,4926587.966,1651010.893
PF03/0046/C287,MO,44.474237,10.907298,50.0,4926334.14,1651723.311
PF04/0046/C287,MO,44.475101,10.902082,50.0,4926420.359,1651306.231
PF01/0047/C287,MO,44.471418,10.908749,52.0,4926023.645,1651846.054
PF02/0047/C287,MO,44.470432,10.917091,52.0,4925929.622,1652512.109
PF03/0047/C287,MO,44.473903,10.917998,52.0,4926316.939,1652575.206
PF04/0047/C287,MO,44.473149,10.923553,52.0,4926243.484,1653019.016
PF05/0047/C287,MO,44.468902,10.923252,52.0,4925771.232,1653006.213
PF01/0048/C287,MO,44.468522,10.886403,8.0,4925660.71,1650076.1
PF02/0048/C287,MO,44.464733,10.87961,52.0,4925227.347,1649545.474
PF04/0048/C287,MO,44.462301,10.886907,50.0,4924970.607,1650132.161
PF05/0048/C287,MO,44.469214,10.891421,50.0,4925746.789,1650473.493
PF06/0048/C287,MO,44.465449,10.886971,52.0,4925320.431,1650129.16
PF07/0048/C287,MO,44.462353,10.891243,70.0,4924984.336,1650476.91
PF02/0049/C287,MO,44.466921,10.897736,50.0,4925503.763,1650981.697
PF01/0050/C287,MO,44.465608,10.919988,5.0,4925399.25,1652755.19
PF02/0050/C287,MO,44.469919,10.909662,52.0,4925858.881,1651922.606
PF03/0050/C287,MO,44.462718,10.90653,52.0,4925053.144,1651692.133
PF04/0050/C287,MO,44.462532,10.915645,50.0,4925049.442,1652417.688
PF05/0050/C287,MO,44.467711,10.909431,50.0,4925613.093,1651909.96
PF01/0051/C287,MO,44.461076,10.880336,8.0,4924822.53,1649612.57
PF02/0051/C287,MO,44.460456,10.88921,50.0,4924769.936,1650320.044
PF01/0001/C398,MO,44.861552,11.000835,50.0,4969536.374,1658106.333
PF03/0001/C398,MO,44.865841,10.994874,50.0,4970001.158,1657623.662
PF05/0001/C398,MO,44.860997,10.99223,12.0,4969458.0,1657428.0
PF01/0002/C398,MO,44.861228,10.987055,52.0,4969473.651,1657018.534
PF02/0002/C398,MO,44.864837,10.985915,70.0,4969872.318,1656918.673
PF03/0002/C398,MO,44.864097,10.98039,70.0,4969779.393,1656484.165
PF02/0003/C398,MO,44.854903,10.986526,50.0,4968769.995,1656993.924
PF04/0003/C398,MO,44.858493,10.978377,70.0,4969153.019,1656340.332
PF05/0003/C398,MO,44.853604,10.992326,12.0,4968636.9,1657455.75
PF02/0004/C398,MO,44.851988,10.996754,52.0,4968465.959,1657810.055
PF03/0004/C398,MO,44.849549,10.992698,50.0,4968187.098,1657496.173
PF01/0005/C398,MO,44.860196,11.003146,50.0,4969390.169,1658292.663
PF02/0005/C398,MO,44.862646,11.00537,50.0,4969666.701,1658461.604
PF03/0005/C398,MO,44.855428,11.006563,50.0,4968867.244,1658575.687
PF04/0005/C398,MO,44.852342,11.003022,56.0,4968517.521,1658304.346
PF05/0005/C398,MO,44.857679,11.00524,52.0,4969114.65,1658464.979
PF06/0005/C398,MO,44.859531,10.999607,50.0,4969309.427,1658014.827
PF02/0006/C398,MO,44.860156,11.017225,70.0,4969413.241,1659405.085
PF03/0006/C398,MO,44.852201,11.015868,52.0,4968526.914,1659319.842
PF04/0006/C398,MO,44.854151,11.008562,70.0,4968729.29,1658737.189
PF02/0007/C398,MO,44.850338,11.021993,12.0,4968332.0,1659809.0
PF01/0008/C398,MO,44.852392,10.972864,70.0,4968464.679,1655921.181
PF04/0008/C398,MO,44.851866,10.977152,50.0,4968414.538,1656261.394
PF05/0008/C398,MO,44.852523,10.972878,8.0,4968479.28,1655921.94
PF01/0009/C398,MO,44.84563,10.968659,70.0,4967705.43,1655607.116
PF02/0009/C398,MO,44.843894,10.972961,70.0,4967520.894,1655951.797
PF07/0009/C398,MO,44.845327,10.970426,8.0,4967675.15,1655747.53
PF08/0009/C398,MO,44.849907,10.972596,12.0,4968188.184,1655906.714
PF04/0010/C398,MO,44.843653,10.982574,12.0,4967512.63,1656712.162
PF05/0010/C398,MO,44.840039,10.981612,12.0,4967109.3,1656645.9
PF01/0011/C398,MO,44.845375,10.998505,50.0,4967734.778,1657966.454
PF01/0012/C398,MO,44.840398,10.98882,50.0,4967163.125,1657214.656
PF01/0013/C398,MO,44.848582,11.007658,50.0,4968108.816,1658681.015
PF02/0013/C398,MO,44.846308,11.010444,50.0,4967861.612,1658907.44
PF04/0013/C398,MO,44.850389,11.005548,50.0,4968305.424,1658509.368
PF05/0013/C398,MO,44.842335,11.013238,12.0,4967425.802,1659139.179
PF06/0013/C398,MO,44.839754,11.010351,12.0,4967133.4,1658918.14
PF02/0014/C398,MO,44.85193,11.011246,50.0,4968487.711,1658955.32
PF03/0014/C398,MO,44.850147,11.014799,50.0,4968296.678,1659241.011
PF04/0014/C398,MO,44.844719,11.012902,70.0,4967689.945,1659106.076
PF01/0015/C398,MO,44.851461,11.024504,72.0,4968461.639,1660004.284
PF02/0015/C398,MO,44.845047,11.028524,70.0,4967757.089,1660339.763
PF03/0015/C398,MO,44.847312,11.020563,70.0,4967992.997,1659704.386
PF04/0015/C398,MO,44.85458,11.026271,70.0,4968811.628,1660135.309
PF05/0015/C398,MO,44.851524,11.024593,8.0,4968468.85,1660011.14
PF02/0016/C398,MO,44.840692,10.965046,70.0,4967149.988,1655334.827
PF05/0016/C398,MO,44.837697,10.96834,70.0,4966823.651,1655603.277
PF06/0016/C398,MO,44.843009,10.965888,70.0,4967408.969,1655395.201
PF03/0017/C398,MO,44.837402,10.986973,50.0,4966826.734,1657076.819
PF04/0017/C398,MO,44.839157,10.975671,12.0,4966999.842,1656178.715
PF01/0018/C398,MO,44.841711,11.003312,50.0,4967337.123,1658356.372
PF02/0018/C398,MO,44.836067,10.999743,50.0,4966703.195,1658089.787
PF06/0018/C398,MO,44.83376,11.005402,52.0,4966457.897,1658543.434
PF07/0018/C398,MO,44.839674,10.995995,50.0,4967096.55,1657783.659
PF08/0018/C398,MO,44.834379,10.994507,12.0,4966505.493,1657680.499
PF01/0019/C398,MO,44.832429,11.015082,50.0,4966328.927,1659312.254
PF02/0019/C398,MO,44.829801,11.013368,70.0,4966033.728,1659183.998
PF04/0019/C398,MO,44.840556,11.005249,50.0,4967212.583,1658512.658
PF05/0019/C398,MO,44.835381,11.007328,50.0,4966641.696,1658691.201
PF04/0020/C398,MO,44.844905,11.01779,10.0,4967720.15,1659491.85
PF03/0021/C398,MO,44.842012,11.021923,50.0,4967406.932,1659826.511
PF05/0021/C398,MO,44.844274,11.022672,70.0,4967659.654,1659879.421
PF06/0021/C398,MO,44.840084,11.020676,4.0,4967190.35,1659733.28
PF03/0022/C398,MO,44.842576,11.027443,70.0,4967480.524,1660261.184
PF04/0022/C398,MO,44.840093,11.027317,50.0,4967204.446,1660258.101
PF06/0022/C398,MO,44.841268,11.029787,70.0,4967339.804,1660450.035
PF08/0022/C398,MO,44.841122,11.037545,52.0,4967338.889,1661063.599
PF09/0022/C398,MO,44.839063,11.030802,70.0,4967096.903,1660536.404
PF01/0023/C398,MO,44.837515,11.027575,70.0,4966918.552,1660285.628
PF02/0024/C398,MO,44.838689,11.025351,50.0,4967044.605,1660106.583
PF03/0024/C398,MO,44.836057,11.026305,70.0,4966754.02,1660189.305
PF04/0024/C398,MO,44.836889,11.023351,50.0,4966840.662,1659953.508
PF05/0024/C398,MO,44.833693,11.028545,70.0,4966495.87,1660372.895
PF01/0025/C398,MO,44.836701,11.030864,5.0,4966834.59,1660547.85
PF02/0025/C398,MO,44.833897,11.033838,70.0,4966528.969,1660790.766
PF03/0025/C398,MO,44.836883,11.030627,70.0,4966854.382,1660528.601
PF01/0026/C398,MO,44.843966,11.041055,52.0,4967661.787,1661333.079
PF03/0026/C398,MO,44.839216,11.037261,70.0,4967126.674,1661046.479
PF04/0026/C398,MO,44.83766,11.034866,70.0,4966949.069,1660861.513
PF05/0026/C398,MO,44.837485,11.037914,70.0,4966935.6,1661102.919
PF07/0026/C398,MO,44.834855,11.04197,70.0,4966651.544,1661430.87
PF09/0026/C398,MO,44.832058,11.03926,52.0,4966335.474,1661224.475
PF11/0026/C398,MO,44.835081,11.036609,70.0,4966666.007,1661006.448
PF12/0026/C398,MO,44.832721,11.035114,70.0,4966400.865,1660894.838
PF01/0027/C398,MO,44.838495,10.962467,50.0,4966901.05,1655136.918
PF02/0027/C398,MO,44.836416,10.959476,50.0,4966664.389,1654906.039
PF04/0027/C398,MO,44.8327,10.960953,50.0,4966254.403,1655032.766
PF01/0028/C398,MO,44.83207,10.977276,70.0,4966215.658,1656324.79
PF02/0028/C398,MO,44.832786,10.96782,8.0,4966277.05,1655575.33
PF03/0028/C398,MO,44.832753,10.967718,50.0,4966273.205,1655567.347
PF02/0029/C398,MO,44.835954,10.990426,50.0,4966672.534,1657353.623
PF04/0029/C398,MO,44.830702,10.988024,50.0,4966084.45,1657178.102
PF05/0029/C398,MO,44.828683,10.981877,70.0,4965848.281,1656697.661
PF03/0030/C398,MO,44.828503,10.992995,50.0,4965849.765,1657576.979
PF04/0030/C398,MO,44.832157,10.999182,50.0,4966267.706,1658056.085
PF06/0030/C398,MO,44.825059,10.989276,50.0,4965460.014,1657292.406
PF08/0030/C398,MO,44.822443,10.994868,50.0,4965180.269,1657741.637
PF01/0031/C398,MO,44.825775,11.003403,52.0,4965566.959,1658407.292
PF02/0031/C398,MO,44.82291,11.000669,50.0,4965243.396,1658198.926
PF06/0031/C398,MO,44.821108,11.006025,50.0,4965053.608,1658627.312
PF07/0031/C398,MO,44.826499,10.998054,70.0,4965636.988,1657982.375
PF08/0031/C398,MO,44.824539,10.998514,12.0,4965420.188,1658024.161
PF02/0032/C398,MO,44.829471,11.016842,70.0,4966003.876,1659459.468
PF03/0032/C398,MO,44.826843,11.010826,70.0,4965700.099,1658991.166
PF04/0032/C398,MO,44.82554,11.02014,52.0,4965573.635,1659731.094
PF07/0032/C398,MO,44.819884,11.008678,70.0,4964922.828,1658840.438
PF08/0032/C398,MO,44.822748,11.01071,52.0,4965244.938,1658993.232
PF09/0032/C398,MO,44.826584,11.014845,70.0,4965679.2,1659309.561
PF10/0032/C398,MO,44.823815,11.009141,50.0,4965360.483,1658866.233
PF11/0032/C398,MO,44.828675,11.008955,12.0,4965899.937,1658838.187
PF02/0033/C398,MO,44.83205,11.032255,50.0,4966320.739,1660670.742
PF03/0033/C398,MO,44.830435,11.035313,70.0,4966147.275,1660916.972
PF09/0033/C398,MO,44.82894,11.020095,50.0,4965951.191,1659718.092
PF10/0033/C398,MO,44.828275,11.03273,70.0,4965902.299,1660718.798
PF11/0033/C398,MO,44.830166,11.029821,70.0,4966106.571,1660483.587
PF12/0033/C398,MO,44.831402,11.026178,50.0,4966236.698,1660192.195
PF13/0033/C398,MO,44.828118,11.036004,70.0,4965891.341,1660978.011
PF14/0033/C398,MO,44.827309,11.024478,12.0,4965778.714,1660069.105
PF01/0034/C398,MO,44.824328,11.033884,72.0,4965466.133,1660820.991
PF02/0034/C398,MO,44.823423,11.017787,50.0,4965333.864,1659550.879
PF04/0034/C398,MO,44.820647,11.025634,70.0,4965040.852,1660178.94
PF06/0034/C398,MO,44.820149,11.032953,12.0,4965000.0,1660759.0
PF02/0035/C398,MO,44.816471,11.017441,52.0,4964560.929,1659542.706
PF05/0035/C398,MO,44.817558,11.005118,54.0,4964657.504,1658565.34
PF06/0035/C398,MO,44.818949,11.012224,12.0,4964825.892,1659123.376
PF01/0001/C951,MO,44.954091,11.008832,52.0,4979831.917,1658483.62
PF03/0001/C951,MO,44.952908,10.996373,70.0,4979676.238,1657504.139
PF04/0001/C951,MO,44.952704,10.999418,70.0,4979659.453,1657744.846
PF05/0001/C951,MO,44.953693,10.990787,52.0,4979752.613,1657061.313
PF06/0001/C951,MO,44.954506,11.004501,70.0,4979869.484,1658140.884
PF07/0001/C951,MO,44.952863,10.996529,8.0,4979671.48,1657516.58
PF08/0001/C951,MO,44.954024,11.009025,8.0,4979824.81,1658499.06
PF09/0001/C951,MO,44.951799,11.002511,70.0,4979564.994,1657991.321
PF01/0002/C951,MO,44.943531,10.98762,52.0,4978617.521,1656839.174
PF04/0002/C951,MO,44.946585,10.99902,50.0,4978978.883,1657730.267
PF05/0002/C951,MO,44.945456,11.002727,50.0,4978860.689,1658025.825
PF01/0003/C951,MO,44.952724,11.023453,8.0,4979708.76,1659640.75
PF04/0003/C951,MO,44.952642,11.011867,70.0,4979676.88,1658727.033
PF05/0003/C951,MO,44.952761,11.023571,52.0,4979713.017,1659649.921
PF01/0004/C951,MO,44.95187,11.026196,72.0,4979619.278,1659859.465
PF02/0004/C951,MO,44.948008,11.024928,50.0,4979187.728,1659770.187
PF03/0004/C951,MO,44.948035,11.035,50.0,4979210.562,1660564.706
PF04/0004/C951,MO,44.947725,11.030404,12.0,4979167.053,1660203.0
PF02/0005/C951,MO,44.950342,11.044955,8.0,4979486.64,1661343.54
PF03/0005/C951,MO,44.950403,11.044851,8.0,4979493.28,1661335.17
PF04/0005/C951,MO,44.948758,11.059058,50.0,4979338.834,1662460.546
PF05/0005/C951,MO,44.947509,11.039415,72.0,4979160.948,1660914.452
PF01/0006/C951,MO,44.940835,10.99036,50.0,4978323.404,1657062.751
PF02/0006/C951,MO,44.940802,10.98549,50.0,4978310.311,1656678.615
PF03/0006/C951,MO,44.942851,10.994997,50.0,4978556.274,1657423.052
PF04/0006/C951,MO,44.940903,10.990208,8.0,4978330.67,1657050.57
PF05/0006/C951,MO,44.940235,10.977433,50.0,4978231.752,1656044.442
PF01/0007/C951,MO,44.942484,11.004838,5.0,4978534.659,1658200.517
PF02/0007/C951,MO,44.940173,11.002774,52.0,4978273.983,1658044.014
PF03/0007/C951,MO,44.942569,11.001219,50.0,4978537.098,1657914.72
PF05/0007/C951,MO,44.94097,11.00685,12.0,4978370.469,1658363.425
PF01/0008/C951,MO,44.947466,11.0217,52.0,4979121.124,1659517.065
PF03/0008/C951,MO,44.943871,11.010808,70.0,4978700.413,1658667.666
PF04/0008/C951,MO,44.944208,11.013359,70.0,4978742.85,1658868.006
PF05/0008/C951,MO,44.943156,11.019709,70.0,4978638.463,1659371.871
PF08/0008/C951,MO,44.937448,11.010405,52.0,4977986.073,1658653.6
PF09/0008/C951,MO,44.936148,11.012321,52.0,4977845.447,1658808.349
PF02/0009/C951,MO,44.940053,11.023875,70.0,4978301.988,1659709.185
PF05/0009/C951,MO,44.945014,11.030535,50.0,4978866.218,1660220.874
PF06/0009/C951,MO,44.944922,11.026994,12.0,4978848.939,1659941.709
PF01/0010/C951,MO,44.941319,11.039167,72.0,4978472.843,1660912.133
PF02/0011/C951,MO,44.93688,10.976562,50.0,4977857.402,1655984.81
PF03/0011/C951,MO,44.931998,10.976527,50.0,4977314.984,1655995.245
PF04/0011/C951,MO,44.93181,10.970495,50.0,4977282.492,1655519.811
PF05/0011/C951,MO,44.934393,10.969229,52.0,4977567.061,1655412.893
PF07/0011/C951,MO,44.928591,10.970848,52.0,4976925.585,1655556.343
PF08/0011/C951,MO,44.927707,10.977679,58.0,4976840.54,1656097.821
PF01/0012/C951,MO,44.937287,10.991723,72.0,4977931.852,1657179.935
PF04/0012/C951,MO,44.932977,10.998249,8.0,4977465.72,1657706.67
PF05/0012/C951,MO,44.936875,10.984123,72.0,4977871.355,1656581.447
PF08/0012/C951,MO,44.936628,10.979979,50.0,4977835.991,1656255.085
PF09/0012/C951,MO,44.933046,10.998203,12.0,4977473.314,1657702.871
PF01/0013/C951,MO,44.938282,11.007784,52.0,4978073.659,1658444.505
PF02/0013/C951,MO,44.934565,11.002181,50.0,4977649.762,1658012.573
PF03/0013/C951,MO,44.935337,11.006437,52.0,4977743.909,1658346.303
PF02/0014/C951,MO,44.932661,11.042371,50.0,4977517.416,1661189.191
PF03/0014/C951,MO,44.935708,11.027281,70.0,4977825.968,1659989.954
PF04/0015/C951,MO,44.937006,11.048206,12.0,4978011.64,1661637.39
PF01/0016/C951,MO,44.931009,10.95161,72.0,4977157.51,1654031.71
PF02/0016/C951,MO,44.928265,10.956258,52.0,4976861.486,1654405.805
PF03/0016/C951,MO,44.932262,10.963231,72.0,4977318.78,1654945.359
PF05/0016/C951,MO,44.928541,10.963394,50.0,4976905.785,1654968.235
PF02/0017/C951,MO,44.928659,10.986624,52.0,4976963.569,1656801.07
PF03/0017/C951,MO,44.929781,10.989585,70.0,4977093.934,1657031.737
PF04/0017/C951,MO,44.929873,10.981308,52.0,4977088.086,1656378.291
PF05/0017/C951,MO,44.926176,10.982688,52.0,4976680.038,1656497.224
PF06/0017/C951,MO,44.924102,10.992076,70.0,4976467.886,1657243.789
PF01/0018/C951,MO,44.923376,11.004433,70.0,4976411.243,1658221.008
PF02/0018/C951,MO,44.924437,11.001452,70.0,4976523.319,1657982.843
PF04/0018/C951,MO,44.928426,11.004794,50.0,4976972.936,1658235.655
PF05/0018/C951,MO,44.926261,10.99571,70.0,4976714.699,1657524.683
PF06/0018/C951,MO,44.926553,10.999419,10.0,4976754.393,1657816.586
PF03/0019/C951,MO,44.923241,11.016823,70.0,4976420.481,1659199.228
PF05/0019/C951,MO,44.932238,11.009814,8.0,4977406.21,1658621.28
PF06/0019/C951,MO,44.932734,11.015435,12.0,4977472.3,1659063.5
PF01/0020/C951,MO,44.927549,11.018777,52.0,4976902.885,1659341.536
PF03/0020/C951,MO,44.926791,11.025493,12.0,4976831.92,1659873.594
PF01/0021/C951,MO,44.923393,11.020111,70.0,4976443.801,1659458.311
PF03/0021/C951,MO,44.92312,11.025946,52.0,4976424.933,1659919.585
PF04/0021/C951,MO,44.924611,11.028755,52.0,4976596.162,1660137.087
PF01/0023/C951,MO,44.923204,11.036788,5.0,4976455.73,1660774.97
PF02/0023/C951,MO,44.923682,11.032594,52.0,4976500.506,1660442.659
PF03/0023/C951,MO,44.923434,11.033881,52.0,4976475.557,1660544.895
PF04/0023/C951,MO,44.923225,11.031009,52.0,4976446.599,1660318.885
PF05/0023/C951,MO,44.922132,11.028999,52.0,4976321.197,1660163.228
PF01/0024/C951,MO,44.923468,11.046594,70.0,4976504.556,1661548.134
PF01/0025/C951,MO,44.92213,10.951816,52.0,4976171.548,1654071.689
PF02/0025/C951,MO,44.925377,10.951645,72.0,4976531.967,1654049.496
PF03/0025/C951,MO,44.925173,10.956418,52.0,4976518.295,1654426.714
PF04/0025/C951,MO,44.921979,10.965933,50.0,4976181.626,1655186.254
PF05/0025/C951,MO,44.925299,10.961271,8.0,4976541.63,1654809.38
PF01/0026/C951,MO,44.920132,10.959889,50.0,4975964.914,1654714.23
PF02/0026/C951,MO,44.917327,10.957823,52.0,4975649.379,1654558.642
PF03/0026/C951,MO,44.919151,10.963434,52.0,4975862.69,1654996.611
PF04/0026/C951,MO,44.918312,10.967215,8.0,4975776.72,1655297.31
PF01/0027/C951,MO,44.919718,10.973728,70.0,4975945.406,1655807.608
PF02/0027/C951,MO,44.924203,10.971337,50.0,4976439.073,1655606.799
PF05/0027/C951,MO,44.927387,10.968013,50.0,4976786.371,1655335.874
PF01/0028/C951,MO,44.926617,10.972097,52.0,4976708.685,1655660.228
PF02/0028/C951,MO,44.926272,10.97665,58.0,4976679.101,1656020.478
PF03/0028/C951,MO,44.924257,10.974082,70.0,4976450.307,1655823.219
PF04/0028/C951,MO,44.925247,10.979592,5.0,4976570.94,1656255.43
PF05/0028/C951,MO,44.923481,10.977711,70.0,4976371.147,1656111.786
PF07/0028/C951,MO,44.920536,10.981855,70.0,4976051.919,1656446.83
PF08/0028/C951,MO,44.918107,10.982819,70.0,4975783.985,1656529.525
PF09/0028/C951,MO,44.916406,10.975417,70.0,4975580.799,1655949.887
PF11/0028/C951,MO,44.913858,10.975499,70.0,4975297.826,1655963.231
PF02/0029/C951,MO,44.916165,10.985825,70.0,4975574.009,1656772.031
PF01/0030/C951,MO,44.922502,10.989399,52.0,4976284.949,1657036.87
PF02/0030/C951,MO,44.921667,10.986488,50.0,4976186.522,1656809.395
PF03/0030/C951,MO,44.920451,10.988471,50.0,4976055.314,1656969.176
PF04/0030/C951,MO,44.921376,10.991777,50.0,4976164.467,1657227.634
PF08/0030/C951,MO,44.912016,10.988522,72.0,4975118.36,1656996.209
PF09/0030/C951,MO,44.912436,10.991041,72.0,4975169.845,1657193.928
PF11/0030/C951,MO,44.910457,10.991228,72.0,4974950.402,1657214.02
PF12/0030/C951,MO,44.914093,10.988735,70.0,4975349.515,1657007.354
PF14/0030/C951,MO,44.919432,10.985488,12.0,4975936.289,1656736.549
PF01/0031/C951,MO,44.92244,10.997492,70.0,4976293.689,1657675.801
PF02/0031/C951,MO,44.92224,11.0003,70.0,4976277.012,1657897.918
PF03/0031/C951,MO,44.92235,11.006928,70.0,4976302.116,1658420.708
PF04/0031/C951,MO,44.916303,11.003856,52.0,4975624.405,1658194.838
PF05/0031/C951,MO,44.914921,10.997603,50.0,4975458.673,1657705.108
PF06/0031/C951,MO,44.910379,10.997333,70.0,4974953.547,1657696.169
PF07/0031/C951,MO,44.908934,11.002181,70.0,4974802.534,1658082.82
PF08/0031/C951,MO,44.918906,10.998304,52.0,4975902.717,1657749.545
PF10/0031/C951,MO,44.918792,10.994895,70.0,4975883.461,1657480.766
PF01/0033/C951,MO,44.922543,11.026309,52.0,4976361.621,1659949.834
PF02/0033/C951,MO,44.921486,11.032499,52.0,4976256.409,1660441.26
PF03/0033/C951,MO,44.920108,11.034201,52.0,4976106.629,1660579.457
PF01/0034/C951,MO,44.923111,11.043262,70.0,4976458.241,1661286.228
PF03/0034/C951,MO,44.920434,11.034854,50.0,4976144.168,1660630.057
PF08/0034/C951,MO,44.916377,11.041188,50.0,4975706.081,1661141.313
PF09/0034/C951,MO,44.917913,11.037272,50.0,4975868.921,1660827.934
PF10/0034/C951,MO,44.923381,11.051401,12.0,4976504.463,1661927.756
PF01/0035/C951,MO,44.912305,10.973102,70.0,4975120.714,1655778.211
PF02/0035/C951,MO,44.910169,10.967496,58.0,4974872.742,1655341.441
PF03/0035/C951,MO,44.916787,10.968622,70.0,4975610.027,1655412.47
PF01/0036/C951,MO,44.913246,10.982406,5.0,4975243.17,1656510.12
PF02/0036/C951,MO,44.914158,10.978796,70.0,4975337.57,1656222.658
PF03/0036/C951,MO,44.910939,10.979162,50.0,4974980.642,1656260.266
PF04/0036/C951,MO,44.915583,10.981319,72.0,4975500.696,1656417.944
PF01/0037/C951,MO,44.911563,10.986066,72.0,4975063.256,1656803.595
PF02/0037/C951,MO,44.910024,10.988604,70.0,4974897.201,1657008.116
PF03/0037/C951,MO,44.913616,10.985305,72.0,4975289.92,1656737.924
PF04/0037/C951,MO,44.909915,10.985841,70.0,4974879.774,1656790.259
PF01/0040/C951,MO,44.912387,11.040666,50.0,4975261.783,1661111.251
PF02/0040/C951,MO,44.91235,11.040654,8.0,4975257.69,1661110.48
PF03/0040/C951,MO,44.908372,11.037555,70.0,4974809.544,1660876.934
PF01/0041/C951,MO,44.907485,10.965501,52.0,4974570.729,1655191.171
PF02/0041/C951,MO,44.907419,10.969905,58.0,4974571.81,1655539.051
PF08/0041/C951,MO,44.90694,10.975492,12.0,4974529.33,1655981.345
PF01/0042/C951,MO,44.906575,10.980885,50.0,4974499.179,1656408.106
PF02/0042/C951,MO,44.90432,10.981002,54.0,4974248.844,1656423.464
PF03/0042/C951,MO,44.909707,10.982252,50.0,4974849.771,1656507.498
PF01/0043/C951,MO,44.909185,10.983306,52.0,4974793.797,1656592.185
PF02/0043/C951,MO,44.90811,10.986613,70.0,4974680.73,1656856.103
PF03/0043/C951,MO,44.908268,10.992967,52.0,4974710.552,1657357.332
PF05/0043/C951,MO,44.906323,10.984286,72.0,4974477.706,1656677.298
PF09/0043/C951,MO,44.903412,10.989081,70.0,4974163.654,1657063.729
PF11/0043/C951,MO,44.905428,10.994828,70.0,4974398.702,1657512.0
PF12/0043/C951,MO,44.90863,10.992071,70.0,4974749.057,1657285.565
PF14/0043/C951,MO,44.906402,10.986815,70.0,4974491.431,1656876.735
PF01/0044/C951,MO,44.906359,10.963774,52.0,4974442.378,1655057.879
PF03/0044/C951,MO,44.902014,10.967032,50.0,4973965.916,1655326.76
PF04/0044/C951,MO,44.898922,10.965863,50.0,4973620.168,1655242.787
PF06/0044/C951,MO,44.897968,10.963653,50.0,4973509.934,1655070.878
PF07/0044/C951,MO,44.89801,10.968964,50.0,4973524.75,1655490.098
PF08/0044/C951,MO,44.89614,10.957739,52.0,4973295.577,1654608.844
PF09/0044/C951,MO,44.896323,10.96245,52.0,4973324.892,1654980.307
PF10/0044/C951,MO,44.894976,10.960764,50.0,4973172.1,1654850.8
PF11/0044/C951,MO,44.89332,10.961709,52.0,4972989.972,1654929.847
PF01/0045/C951,MO,44.896672,10.973263,56.0,4973384.39,1655833.116
PF02/0045/C951,MO,44.898262,10.979748,50.0,4973573.473,1656340.902
PF03/0045/C951,MO,44.899694,10.982741,52.0,4973738.318,1656573.291
PF04/0045/C951,MO,44.902432,10.981401,52.0,4974039.949,1656460.077
PF05/0045/C951,MO,44.897601,10.979671,8.0,4973499.95,1656336.59
PF06/0045/C951,MO,44.896377,10.977663,50.0,4973360.116,1656181.395
PF01/0046/C951,MO,44.890605,10.956851,50.0,4972679.121,1654553.564
PF02/0046/C951,MO,44.889547,10.953216,50.0,4972554.59,1654269.297
PF03/0046/C951,MO,44.891127,10.961256,12.0,4972745.4,1654900.0
PF01/0047/C951,MO,44.893857,10.97452,52.0,4973074.122,1655940.004
PF02/0047/C951,MO,44.893164,10.964958,52.0,4972978.802,1655186.809
PF03/0047/C951,MO,44.892825,10.971456,70.0,4972953.629,1655700.812
PF04/0047/C951,MO,44.891221,10.966899,52.0,4972766.694,1655345.358
PF01/0048/C951,MO,44.886762,10.96008,50.0,4972258.336,1654818.855
PF02/0048/C951,MO,44.887141,10.965811,70.0,4972311.388,1655270.392
PF03/0048/C951,MO,44.882434,10.960886,72.0,4971779.065,1654894.112
PF03/0001/D486,MO,44.243166,10.80772,70.0,4900487.206,1644369.622
PF04/0001/D486,MO,44.247683,10.820296,50.0,4901011.095,1645362.715
PF05/0001/D486,MO,44.250698,10.820616,50.0,4901346.548,1645380.834
PF06/0001/D486,MO,44.250216,10.816861,8.0,4901286.47,1645082.2
PF07/0001/D486,MO,44.245117,10.809163,70.0,4900706.421,1644480.104
PF08/0001/D486,MO,44.245621,10.814399,70.0,4900771.639,1644896.965
PF09/0001/D486,MO,44.243906,10.8119,70.0,4900576.771,1644701.649
PF01/0002/D486,MO,44.242432,10.803655,70.0,4900398.517,1644046.843
PF02/0002/D486,MO,44.24333,10.797445,72.0,4900487.437,1643548.857
PF03/0002/D486,MO,44.23866,10.806277,70.0,4899984.221,1644265.458
PF04/0002/D486,MO,44.244188,10.800731,12.0,4900588.47,1643809.15
PF01/0003/D486,MO,44.239815,10.821063,70.0,4900138.506,1645443.367
PF02/0003/D486,MO,44.240012,10.810408,70.0,4900141.65,1644592.028
PF04/0003/D486,MO,44.240068,10.816044,70.0,4900157.815,1645041.929
PF05/0003/D486,MO,44.243223,10.817332,50.0,4900510.466,1645137.063
PF07/0003/D486,MO,44.237061,10.810817,70.0,4899814.564,1644631.935
PF08/0003/D486,MO,44.235701,10.808156,70.0,4899658.785,1644422.747
PF09/0003/D486,MO,44.238339,10.813487,12.0,4899961.26,1644842.0
PF03/0004/D486,MO,44.243597,10.823447,70.0,4900562.815,1645624.375
PF04/0004/D486,MO,44.250419,10.823481,72.0,4901320.651,1645610.276
PF05/0004/D486,MO,44.240705,10.824013,70.0,4900242.664,1645676.672
PF06/0004/D486,MO,44.237334,10.820583,9.0,4899862.1,1645411.1
PF07/0004/D486,MO,44.243102,10.832361,72.0,4900523.755,1646337.408
PF08/0004/D486,MO,44.247343,10.826164,72.0,4900983.777,1645832.078
PF09/0004/D486,MO,44.236993,10.820879,8.0,4899824.76,1645435.6
PF10/0004/D486,MO,44.238508,10.827008,50.0,4900003.879,1645921.299
PF01/0005/D486,MO,44.237476,10.834681,50.0,4899902.905,1646536.578
PF02/0005/D486,MO,44.24083,10.83077,50.0,4900268.567,1646215.994
PF03/0005/D486,MO,44.237433,10.846723,52.0,4899919.745,1647498.315
PF04/0005/D486,MO,44.236965,10.843243,8.0,4899861.52,1647221.62
PF05/0005/D486,MO,44.239868,10.840526,70.0,4900179.063,1646997.408
PF01/0006/D486,MO,44.228954,10.799989,70.0,4898894.995,1643786.987
PF02/0006/D486,MO,44.226752,10.795495,70.0,4898642.627,1643433.387
PF03/0006/D486,MO,44.226032,10.81119,52.0,4898590.154,1644688.728
PF04/0006/D486,MO,44.231903,10.79794,70.0,4899219.043,1643616.133
PF05/0006/D486,MO,44.226575,10.806917,70.0,4898642.918,1644346.073
PF06/0006/D486,MO,44.228677,10.803426,8.0,4898870.34,1644062.15
PF01/0007/D486,MO,44.232946,10.818372,70.0,4899370.793,1645245.374
PF03/0007/D486,MO,44.232591,10.824576,70.0,4899342.309,1645741.711
PF04/0007/D486,MO,44.230897,10.823056,70.0,4899151.459,1645624.506
PF05/0007/D486,MO,44.236605,10.816165,70.0,4899773.303,1645060.103
PF07/0007/D486,MO,44.232704,10.810919,70.0,4899330.821,1644650.698
PF08/0007/D486,MO,44.232956,10.814424,70.0,4899364.893,1644930.064
PF09/0007/D486,MO,44.235086,10.812819,70.0,4899598.674,1644796.658
PF01/0008/D486,MO,44.227394,10.817831,50.0,4898753.16,1645215.811
PF02/0008/D486,MO,44.230028,10.817741,50.0,4899045.607,1645202.108
PF03/0008/D486,MO,44.228946,10.821724,70.0,4898932.434,1645522.88
PF04/0008/D486,MO,44.227294,10.824057,70.0,4898753.056,1645713.308
PF06/0008/D486,MO,44.227104,10.814419,50.0,4898714.911,1644943.965
PF07/0008/D486,MO,44.226234,10.820638,50.0,4898629.224,1645442.814
PF01/0009/D486,MO,44.235569,10.829272,70.0,4899681.45,1646109.326
PF02/0009/D486,MO,44.234786,10.825625,52.0,4899588.056,1645820.03
PF03/0009/D486,MO,44.232854,10.831184,50.0,4899383.348,1646268.769
PF04/0009/D486,MO,44.234395,10.837495,70.0,4899565.763,1646768.98
PF05/0009/D486,MO,44.234734,10.833896,70.0,4899596.991,1646480.703
PF06/0009/D486,MO,44.232116,10.831256,8.0,4899301.46,1646276.38
PF07/0009/D486,MO,44.230757,10.830679,72.0,4899149.478,1646233.648
PF01/0010/D486,MO,44.23562,10.842749,72.0,4899711.235,1647185.455
PF03/0010/D486,MO,44.233341,10.847556,72.0,4899466.756,1647575.086
PF04/0010/D486,MO,44.23173,10.857133,72.0,4899304.996,1648343.962
PF05/0010/D486,MO,44.23333,10.843686,12.0,4899458.53,1647266.057
PF01/0011/D486,MO,44.226665,10.834859,50.0,4898702.453,1646577.602
PF02/0011/D486,MO,44.226347,10.839786,52.0,4898675.894,1646971.953
PF03/0011/D486,MO,44.226896,10.8457,52.0,4898747.505,1647442.932
PF04/0011/D486,MO,44.22436,10.843561,52.0,4898461.988,1647278.402
PF05/0011/D486,MO,44.225001,10.849321,72.0,4898543.526,1647736.899
PF07/0011/D486,MO,44.225845,10.834446,50.0,4898610.637,1646546.685
PF01/0012/D486,MO,44.220656,10.796066,70.0,4897966.452,1643493.795
PF02/0012/D486,MO,44.215687,10.781251,52.0,4897388.793,1642322.317
PF03/0012/D486,MO,44.217789,10.789469,70.0,4897636.543,1642973.725
PF05/0012/D486,MO,44.223311,10.793096,70.0,4898256.156,1643250.086
PF01/0013/D486,MO,44.220984,10.799085,8.0,4898008.18,1643734.16
PF02/0013/D486,MO,44.223041,10.806999,70.0,4898250.539,1644361.296
PF03/0013/D486,MO,44.220787,10.808908,72.0,4898003.583,1644519.259
PF04/0013/D486,MO,44.221038,10.811487,72.0,4898035.914,1644724.654
PF05/0013/D486,MO,44.219025,10.808042,72.0,4897806.321,1644454.425
PF06/0013/D486,MO,44.223101,10.799982,70.0,4898244.918,1643800.638
PF08/0013/D486,MO,44.22395,10.814196,50.0,4898364.211,1644933.897
PF09/0013/D486,MO,44.221038,10.80213,70.0,4898019.511,1643977.224
PF10/0013/D486,MO,44.220492,10.814578,52.0,4897980.741,1644972.89
PF11/0013/D486,MO,44.218535,10.804153,70.0,4897745.042,1644144.948
PF14/0013/D486,MO,44.224005,10.80296,72.0,4898350.574,1644036.274
PF01/0014/D486,MO,44.220878,10.820917,52.0,4898034.799,1645478.291
PF02/0014/D486,MO,44.220113,10.818547,52.0,4897945.689,1645290.885
PF03/0014/D486,MO,44.218941,10.820868,52.0,4897819.579,1645479.171
PF04/0014/D486,MO,44.217556,10.814621,72.0,4897654.771,1644983.517
PF07/0014/D486,MO,44.209944,10.817219,52.0,4896813.763,1645209.751
PF08/0014/D486,MO,44.213743,10.819661,72.0,4897240.11,1645395.574
PF02/0015/D486,MO,44.225228,10.832774,50.0,4898539.042,1646414.676
PF03/0015/D486,MO,44.224254,10.830402,72.0,4898426.633,1646227.644
PF05/0015/D486,MO,44.22225,10.825078,52.0,4898194.648,1645807.329
PF06/0015/D486,MO,44.219855,10.827145,52.0,4897932.26,1645978.315
PF01/0016/D486,MO,44.210907,10.84186,5.0,4896964.57,1647176.08
PF02/0016/D486,MO,44.210368,10.83773,70.0,4896897.292,1646847.443
PF03/0016/D486,MO,44.219565,10.843691,50.0,4897929.577,1647300.734
PF04/0016/D486,MO,44.215362,10.834364,8.0,4897446.1,1646566.11
PF05/0016/D486,MO,44.218745,10.840599,50.0,4897832.959,1647055.798
PF07/0016/D486,MO,44.216517,10.837159,70.0,4897579.354,1646786.573
PF01/0017/D486,MO,44.222572,10.848074,52.0,4898271.503,1647643.318
PF02/0017/D486,MO,44.215046,10.844994,50.0,4897429.944,1647416.114
PF03/0017/D486,MO,44.212823,10.848534,50.0,4897189.455,1647704.494
PF01/0018/D486,MO,44.20847,10.741951,52.0,4896519.832,1639199.876
PF02/0018/D486,MO,44.208149,10.744098,50.0,4896487.751,1639372.101
PF03/0018/D486,MO,44.215371,10.735274,52.0,4897275.028,1638650.202
PF04/0018/D486,MO,44.21359,10.737473,12.0,4897081.0,1638830.0
PF01/0019/D486,MO,44.203913,10.732191,70.0,4895997.134,1638430.708
PF02/0019/D486,MO,44.202494,10.734092,70.0,4895842.705,1638585.949
PF03/0019/D486,MO,44.200333,10.732188,70.0,4895599.53,1638438.893
PF06/0019/D486,MO,44.198993,10.730075,70.0,4895447.066,1638273.203
PF07/0019/D486,MO,44.207031,10.734391,50.0,4896347.185,1638599.164
PF01/0020/D486,MO,44.207175,10.73987,50.0,4896372.411,1639036.604
PF02/0020/D486,MO,44.205248,10.744101,50.0,4896165.55,1639379.245
PF03/0020/D486,MO,44.205229,10.737688,52.0,4896152.628,1638866.829
PF04/0020/D486,MO,44.20384,10.741203,50.0,4896004.244,1639150.962
PF05/0020/D486,MO,44.210283,10.735452,50.0,4896710.196,1638676.354
PF06/0020/D486,MO,44.202215,10.737939,72.0,4895818.227,1638894.011
PF07/0020/D486,MO,44.201479,10.746602,52.0,4895751.197,1639587.921
PF01/0021/D486,MO,44.210868,10.76036,70.0,4896817.551,1640664.959
PF02/0021/D486,MO,44.211534,10.75434,52.0,4896881.22,1640182.424
PF03/0021/D486,MO,44.214154,10.764707,52.0,4897189.919,1641004.385
PF05/0021/D486,MO,44.21366,10.75911,12.0,4897125.5,1640558.4
PF06/0021/D486,MO,44.212915,10.762912,52.0,4897049.226,1640863.959
PF07/0021/D486,MO,44.209773,10.763067,12.0,4896700.5,1640883.8
PF08/0021/D486,MO,44.213241,10.754079,52.0,4897070.429,1640157.506
PF01/0022/D486,MO,44.200642,10.761574,9.0,4895683.8,1640786.3
PF02/0022/D486,MO,44.203353,10.75744,72.0,4895977.81,1640449.531
PF03/0022/D486,MO,44.204713,10.761446,72.0,4896135.753,1640766.352
PF04/0022/D486,MO,44.202933,10.75227,72.0,4895922.323,1640037.371
PF05/0022/D486,MO,44.205397,10.755843,52.0,4896202.147,1640317.073
PF06/0022/D486,MO,44.206215,10.747226,50.0,4896278.273,1639626.577
PF07/0022/D486,MO,44.207751,10.758893,70.0,4896468.778,1640555.106
PF08/0022/D486,MO,44.20511,10.752643,72.0,4896164.75,1640062.069
PF01/0023/D486,MO,44.206315,10.772085,70.0,4896331.932,1641612.572
PF02/0023/D486,MO,44.204373,10.774955,52.0,4896121.22,1641846.553
PF04/0023/D486,MO,44.203289,10.769698,70.0,4895991.7,1641429.087
PF05/0023/D486,MO,44.201813,10.767084,72.0,4895823.313,1641223.768
PF01/0024/D486,MO,44.213185,10.769121,70.0,4897089.902,1641359.329
PF02/0024/D486,MO,44.215263,10.776267,70.0,4897333.062,1641925.196
PF07/0024/D486,MO,44.211439,10.77456,70.0,4896905.363,1641798.041
PF09/0024/D486,MO,44.216097,10.76815,70.0,4897411.747,1641274.762
PF10/0024/D486,MO,44.218469,10.771518,52.0,4897680.972,1641538.141
PF13/0024/D486,MO,44.211103,10.781228,52.0,4896879.54,1642331.53
PF14/0024/D486,MO,44.214285,10.780333,70.0,4897231.476,1642252.402
PF15/0024/D486,MO,44.210041,10.776246,70.0,4896753.022,1641936.078
PF16/0024/D486,MO,44.213969,10.783611,12.0,4897202.0,1642515.0
PF01/0025/D486,MO,44.209086,10.782993,72.0,4896658.563,1642477.451
PF03/0025/D486,MO,44.208339,10.779581,72.0,4896569.695,1642206.596
PF05/0025/D486,MO,44.205447,10.785336,50.0,4896258.427,1642673.413
PF07/0025/D486,MO,44.204557,10.781102,52.0,4896152.287,1642337.282
PF08/0025/D486,MO,44.203743,10.785927,70.0,4896070.204,1642724.771
PF09/0025/D486,MO,44.203351,10.783078,70.0,4896021.659,1642498.058
PF10/0025/D486,MO,44.208066,10.776984,72.0,4896534.871,1641999.749
PF11/0025/D486,MO,44.205173,10.792323,70.0,4896240.135,1643232.285
PF12/0025/D486,MO,44.205621,10.778644,10.0,4896266.2,1642138.3
PF01/0026/D486,MO,44.21581,10.785325,70.0,4897409.483,1642647.492
PF02/0026/D486,MO,44.214279,10.793064,70.0,4897252.874,1643269.475
PF03/0026/D486,MO,44.214153,10.795547,52.0,4897243.224,1643468.126
PF05/0026/D486,MO,44.213496,10.78836,50.0,4897157.72,1642895.587
PF07/0026/D486,MO,44.212627,10.79153,70.0,4897066.787,1643150.876
PF10/0026/D486,MO,44.210894,10.790949,70.0,4896873.285,1643108.667
PF11/0026/D486,MO,44.211729,10.795088,70.0,4896973.248,1643437.366
PF12/0026/D486,MO,44.209646,10.787066,70.0,4896727.828,1642801.506
PF13/0026/D486,MO,44.208577,10.791768,50.0,4896617.248,1643179.708
PF14/0026/D486,MO,44.210868,10.784359,70.0,4896858.88,1642582.281
PF01/0027/D486,MO,44.20736,10.795075,8.0,4896487.94,1643446.88
PF03/0027/D486,MO,44.207608,10.792495,52.0,4896510.892,1643240.14
PF04/0027/D486,MO,44.208896,10.79051,52.0,4896650.582,1643078.419
PF01/0028/D486,MO,44.218136,10.79999,72.0,4897693.461,1643813.377
PF02/0028/D486,MO,44.217265,10.806321,70.0,4897607.771,1644321.215
PF03/0028/D486,MO,44.216445,10.798003,72.0,4897502.162,1643658.788
PF04/0028/D486,MO,44.216796,10.803775,72.0,4897551.27,1644118.964
PF05/0028/D486,MO,44.215159,10.801923,70.0,4897366.087,1643975.018
PF06/0028/D486,MO,44.214948,10.804637,70.0,4897347.431,1644192.332
PF07/0028/D486,MO,44.213113,10.800977,70.0,4897137.183,1643904.46
PF09/0028/D486,MO,44.21118,10.800836,70.0,4896922.255,1643897.922
PF11/0028/D486,MO,44.20636,10.796791,70.0,4896379.84,1643586.441
PF12/0028/D486,MO,44.205534,10.794668,70.0,4896284.377,1643418.82
PF13/0028/D486,MO,44.204609,10.797005,70.0,4896185.738,1643607.803
PF14/0028/D486,MO,44.207939,10.79698,70.0,4896555.567,1643597.722
PF01/0029/D486,MO,44.214891,10.810811,70.0,4897352.025,1644685.69
PF02/0029/D486,MO,44.212596,10.810708,72.0,4897096.895,1644683.113
PF03/0029/D486,MO,44.210744,10.806944,52.0,4896884.508,1644386.914
PF05/0029/D486,MO,44.20973,10.804063,10.0,4896766.9,1644159.2
PF07/0029/D486,MO,44.207691,10.806524,52.0,4896544.726,1644360.864
PF08/0029/D486,MO,44.207813,10.811636,10.0,4896567.2,1644769.0
PF10/0029/D486,MO,44.207405,10.814244,52.0,4896526.559,1644978.359
PF11/0029/D486,MO,44.204958,10.807517,50.0,4896242.913,1644446.883
PF12/0029/D486,MO,44.205049,10.812802,52.0,4896262.342,1644868.856
PF13/0029/D486,MO,44.202908,10.813002,52.0,4896024.834,1644890.128
PF15/0029/D486,MO,44.210618,10.809128,8.0,4896874.45,1644561.76
PF16/0029/D486,MO,44.20276,10.810067,52.0,4896003.195,1644655.958
PF17/0029/D486,MO,44.210939,10.813259,52.0,4896917.357,1644890.996
PF18/0029/D486,MO,44.205749,10.811561,10.0,4896337.8,1644768.0
PF01/0030/D486,MO,44.206835,10.832719,70.0,4896496.029,1646455.84
PF02/0030/D486,MO,44.208408,10.823777,52.0,4896654.851,1645737.506
PF03/0030/D486,MO,44.214969,10.824976,52.0,4897385.647,1645817.153
PF04/0030/D486,MO,44.207108,10.823521,8.0,4896509.94,1645720.25
PF05/0030/D486,MO,44.208974,10.836027,70.0,4896739.447,1646714.824
PF01/0031/D486,MO,44.204619,10.82478,70.0,4896235.688,1645827.025
PF02/0031/D486,MO,44.204626,10.816072,70.0,4896221.056,1645131.186
PF03/0031/D486,MO,44.205669,10.819769,52.0,4896343.491,1645424.022
PF04/0031/D486,MO,44.198815,10.81705,70.0,4895577.362,1645223.633
PF01/0033/D486,MO,44.208587,10.839105,50.0,4896701.941,1646961.749
PF02/0033/D486,MO,44.208647,10.84275,52.0,4896715.202,1647252.798
PF01/0034/D486,MO,44.199687,10.845446,8.0,4895724.75,1647490.5
PF02/0034/D486,MO,44.209776,10.847772,50.0,4896849.602,1647651.237
PF01/0035/D486,MO,44.190791,10.704141,8.0,4894492.8,1636219.75
PF02/0036/D486,MO,44.1947,10.72077,70.0,4894954.667,1637539.609
PF02/0037/D486,MO,44.19645,10.729999,70.0,4895164.55,1638273.014
PF01/0038/D486,MO,44.195599,10.742578,8.0,4895091.26,1639280.23
PF02/0039/D486,MO,44.197722,10.759368,72.0,4895355.601,1640616.926
PF03/0039/D486,MO,44.195463,10.758444,52.0,4895103.16,1640548.445
PF01/0040/D486,MO,44.20181,10.763688,50.0,4895817.149,1640952.363
PF02/0040/D486,MO,44.202653,10.777919,52.0,4895935.201,1642087.503
PF05/0040/D486,MO,44.200537,10.769956,52.0,4895686.522,1641456.292
PF06/0040/D486,MO,44.200756,10.772435,52.0,4895715.097,1641653.842
PF07/0040/D486,MO,44.20104,10.780399,52.0,4895760.424,1642289.544
PF08/0040/D486,MO,44.198698,10.766934,52.0,4895476.962,1641219.218
PF09/0040/D486,MO,44.19838,10.777613,52.0,4895460.113,1642073.282
PF11/0040/D486,MO,44.196997,10.773459,52.0,4895299.339,1641744.685
PF12/0040/D486,MO,44.196009,10.764547,72.0,4895174.221,1641034.843
PF13/0040/D486,MO,44.194554,10.76599,72.0,4895015.069,1641153.644
PF15/0040/D486,MO,44.195633,10.768169,52.0,4895138.663,1641325.226
PF16/0040/D486,MO,44.194845,10.771953,52.0,4895057.689,1641629.497
PF01/0041/D486,MO,44.190967,10.765115,52.0,4894615.161,1641092.291
PF02/0041/D486,MO,44.188648,10.76241,52.0,4894352.923,1640881.67
PF03/0041/D486,MO,44.18919,10.765806,70.0,4894418.94,1641151.728
PF05/0041/D486,MO,44.188987,10.753824,52.0,4894375.907,1640194.592
PF01/0042/D486,MO,44.188804,10.771663,72.0,4894386.221,1641620.796
PF02/0042/D486,MO,44.186852,10.774074,52.0,4894173.519,1641818.14
PF02/0043/D486,MO,44.202435,10.786348,12.0,4895925.6,1642761.5
PF03/0043/D486,MO,44.202123,10.790734,52.0,4895898.598,1643112.738
PF05/0043/D486,MO,44.201311,10.797576,50.0,4895820.308,1643661.385
PF07/0043/D486,MO,44.201126,10.783565,11.0,4895775.4,1642542.3
PF09/0043/D486,MO,44.201291,10.788348,52.0,4895802.059,1642924.123
PF11/0043/D486,MO,44.198579,10.78901,52.0,4895502.016,1642983.523
PF12/0043/D486,MO,44.198424,10.795459,52.0,4895495.976,1643499.239
PF14/0043/D486,MO,44.197374,10.783763,10.0,4895359.0,1642567.2
PF15/0043/D486,MO,44.200266,10.792742,52.0,4895695.797,1643277.699
PF17/0043/D486,MO,44.199983,10.78596,50.0,4895652.618,1642736.418
PF18/0043/D486,MO,44.202102,10.794275,70.0,4895902.501,1643395.722
PF01/0044/D486,MO,44.193098,10.792318,52.0,4894898.937,1643261.204
PF02/0044/D486,MO,44.195916,10.792115,52.0,4895211.579,1643238.16
PF03/0044/D486,MO,44.197233,10.784719,8.0,4895345.02,1642643.92
PF04/0044/D486,MO,44.192771,10.795895,50.0,4894868.857,1643547.79
PF01/0045/D486,MO,44.187195,10.781914,8.0,4894225.21,1642443.97
PF02/0045/D486,MO,44.183597,10.797827,52.0,4893853.168,1643724.545
PF03/0045/D486,MO,44.187105,10.794124,52.0,4894236.347,1643420.019
PF01/0046/D486,MO,44.20429,10.801584,52.0,4896158.294,1643974.419
PF02/0046/D486,MO,44.203288,10.799078,70.0,4896042.552,1643776.634
PF03/0046/D486,MO,44.196185,10.808565,52.0,4895270.227,1644552.003
PF04/0046/D486,MO,44.198905,10.800849,52.0,4895558.895,1643928.841
PF05/0046/D486,MO,44.198688,10.811109,52.0,4895552.741,1644749.164
PF06/0046/D486,MO,44.197715,10.808304,8.0,4895439.69,1644527.42
PF07/0046/D486,MO,44.206345,10.803741,70.0,4896390.274,1644141.755
PF01/0047/D486,MO,44.194019,10.798565,50.0,4895012.143,1643758.21
PF01/0048/D486,MO,44.19286,10.813067,52.0,4894908.836,1644919.971
PF02/0048/D486,MO,44.196222,10.809413,52.0,4895275.855,1644619.687
PF03/0048/D486,MO,44.196676,10.814831,70.0,4895335.831,1645051.562
PF06/0048/D486,MO,44.192933,10.818081,70.0,4894925.768,1645320.487
PF01/0049/D486,MO,44.187613,10.809998,8.0,4894320.63,1644687.52
PF02/0049/D486,MO,44.177681,10.808515,8.0,4893214.81,1644593.28
PF01/0050/D486,MO,44.195508,10.819043,52.0,4895213.54,1645391.024
PF02/0050/D486,MO,44.182508,10.824093,8.0,4893778.52,1645826.66
PF03/0050/D486,MO,44.192146,10.827648,8.0,4894855.35,1646087.0
PF01/0051/D486,MO,44.18182,10.709521,8.0,4893505.28,1636670.44
PF01/0053/D486,MO,44.17867,10.723445,8.0,4893178.56,1637790.7
PF01/0056/D486,MO,44.184063,10.745601,70.0,4893815.045,1639549.027
PF02/0056/D486,MO,44.182892,10.740756,52.0,4893676.739,1639164.549
PF03/0056/D486,MO,44.183489,10.743148,52.0,4893747.027,1639354.362
PF04/0056/D486,MO,44.178684,10.737673,50.0,4893204.109,1638927.99
PF05/0056/D486,MO,44.180233,10.73958,10.0,4893379.346,1639076.805
PF06/0056/D486,MO,44.1778,10.733968,52.0,4893099.599,1638633.913
PF07/0056/D486,MO,44.176267,10.735614,50.0,4892932.1,1638769.048
PF08/0056/D486,MO,44.181705,10.74787,10.0,4893556.9,1639736.0
PF02/0057/D486,MO,44.169951,10.733333,52.0,4892226.724,1638601.506
PF04/0057/D486,MO,44.173015,10.739315,52.0,4892577.185,1639072.569
PF05/0057/D486,MO,44.171312,10.735,52.0,4892380.762,1638731.6
PF06/0057/D486,MO,44.173317,10.736156,12.0,4892605.36,1638819.33
PF02/0058/D486,MO,44.175263,10.746145,8.0,4892838.46,1639613.25
PF01/0059/D486,MO,44.18699,10.752291,70.0,4894151.499,1640076.791
PF02/0059/D486,MO,44.186595,10.757094,72.0,4894115.788,1640461.679
PF03/0059/D486,MO,44.185065,10.748192,70.0,4893930.645,1639753.775
PF04/0059/D486,MO,44.184508,10.751203,70.0,4893873.919,1639995.781
PF05/0059/D486,MO,44.18465,10.755903,72.0,4893897.696,1640371.093
PF06/0059/D486,MO,44.184878,10.758596,70.0,4893927.699,1640585.761
PF07/0059/D486,MO,44.182999,10.754896,52.0,4893712.659,1640294.504
PF08/0059/D486,MO,44.181081,10.751242,10.0,4893493.4,1640007.0
PF09/0059/D486,MO,44.180712,10.760832,52.0,4893468.795,1640774.411
PF10/0059/D486,MO,44.17938,10.752183,10.0,4893306.0,1640086.2
PF01/0060/D486,MO,44.183005,10.764873,70.0,4893730.369,1641091.976
PF02/0060/D486,MO,44.182496,10.770449,52.0,4893683.448,1641538.868
PF03/0060/D486,MO,44.185986,10.764276,70.0,4894060.462,1641037.121
PF01/0063/D486,MO,44.173961,10.772266,6.0,4892738.5,1641704.52
PF02/0063/D486,MO,44.173075,10.783525,6.0,4892659.57,1642606.75
PF03/0063/D486,MO,44.16744,10.785491,58.0,4892037.084,1642777.495
PF01/0064/D486,MO,44.169366,10.791386,70.0,4892261.306,1643244.132
PF01/0065/D486,MO,44.172389,10.797903,50.0,4892608.379,1643757.848
PF02/0065/D486,MO,44.178458,10.801264,52.0,4893288.384,1644011.738
PF03/0065/D486,MO,44.170268,10.79882,50.0,4892374.476,1643836.318
PF01/0067/D486,MO,44.161808,10.706763,8.0,4891277.88,1636496.13
PF02/0067/D486,MO,44.157409,10.711996,8.0,4890797.92,1636924.69
PF01/0068/D486,MO,44.165691,10.722706,8.0,4891735.72,1637761.83
PF01/0069/D486,MO,44.156392,10.731599,8.0,4890717.8,1638494.62
PF01/0071/D486,MO,44.167767,10.757124,6.0,4892024.5,1640508.74
PF01/0073/D486,MO,44.157992,10.777192,50.0,4890973.306,1642136.644
PF01/0074/D486,MO,44.1605,10.769434,8.0,4891238.44,1641510.3
PF02/0074/D486,MO,44.160634,10.771874,12.0,4891257.5,1641705.1
PF03/0074/D486,MO,44.160053,10.776788,11.0,4891201.5,1642099.4
PF04/0074/D486,MO,44.159548,10.774027,50.0,4891140.62,1641879.837
PF05/0074/D486,MO,44.158691,10.776034,50.0,4891048.933,1642042.373
PF06/0074/D486,MO,44.15994,10.779363,52.0,4891193.443,1642305.546
PF07/0074/D486,MO,44.165261,10.779176,52.0,4891784.122,1642277.814
PF08/0074/D486,MO,44.163158,10.776281,52.0,4891545.5,1642051.404
PF09/0074/D486,MO,44.165444,10.781834,12.0,4891809.03,1642489.93
PF01/0075/D486,MO,44.164009,10.787282,48.0,4891659.063,1642928.984
PF02/0075/D486,MO,44.153173,10.786222,50.0,4890453.701,1642870.396
PF03/0075/D486,MO,44.155511,10.782684,50.0,4890707.183,1642581.818
PF04/0075/D486,MO,44.156002,10.778779,50.0,4890754.933,1642268.334
PF05/0075/D486,MO,44.164263,10.78419,48.0,4891681.985,1642681.096
PF07/0075/D486,MO,44.161333,10.783652,12.0,4891355.601,1642645.138
PF01/0076/D486,MO,44.166921,10.786267,52.0,4891980.818,1642840.79
PF02/0076/D486,MO,44.167181,10.794654,10.0,4892024.3,1643510.7
PF03/0076/D486,MO,44.166787,10.789179,50.0,4891971.002,1643073.927
PF04/0076/D486,MO,44.166449,10.791864,70.0,4891938.037,1643289.439
PF05/0076/D486,MO,44.164942,10.789032,52.0,4891765.79,1643066.602
PF07/0076/D486,MO,44.161849,10.788471,52.0,4891421.264,1643029.215
PF08/0076/D486,MO,44.163072,10.790918,52.0,4891561.381,1643221.92
PF11/0076/D486,MO,44.161324,10.791361,52.0,4891367.93,1643261.609
PF12/0076/D486,MO,44.159912,10.785818,52.0,4891201.434,1642821.757
PF14/0076/D486,MO,44.159387,10.79432,10.0,4891158.0,1643502.9
PF15/0076/D486,MO,44.162562,10.7894,8.0,4891502.03,1643101.83
PF16/0076/D486,MO,44.163698,10.794089,70.0,4891636.351,1643474.005
PF17/0076/D486,MO,44.164855,10.791579,50.0,4891760.503,1643270.46
PF01/0077/D486,MO,44.16828,10.797311,50.0,4892151.019,1643720.486
PF01/0078/D486,MO,44.156122,10.786735,52.0,4890782.116,1642904.233
PF02/0078/D486,MO,44.156901,10.790575,52.0,4890875.298,1643209.427
PF04/0078/D486,MO,44.149913,10.791772,72.0,4890101.172,1643322.079
PF05/0078/D486,MO,44.153965,10.792367,72.0,4890552.278,1643359.849
PF06/0078/D486,MO,44.156564,10.794432,50.0,4890844.547,1643518.666
PF07/0078/D486,MO,44.157467,10.784434,52.0,4890927.452,1642717.04
PF09/0078/D486,MO,44.14797,10.794585,52.0,4889890.245,1643551.761
PF10/0078/D486,MO,44.154607,10.789736,72.0,4890619.062,1643147.889
PF01/0079/D486,MO,44.149052,10.797571,8.0,4890015.73,1643787.97
PF02/0079/D486,MO,44.14639,10.797641,52.0,4889720.096,1643800.002
PF01/0080/D486,MO,44.16322,10.81365,8.0,4891617.59,1645039.17
PF02/0080/D486,MO,44.153965,10.807276,8.0,4890578.45,1644552.11
PF01/0081/D486,MO,44.151785,10.774947,52.0,4890279.987,1641972.023
PF01/0082/D486,MO,44.147643,10.779526,8.0,4889827.84,1642348.15
PF01/0083/D486,MO,44.146265,10.787764,50.0,4889689.047,1643010.353
PF01/0085/D486,MO,44.13604,10.802115,8.0,4888578.35,1644183.04
PF01/0086/D486,MO,44.133995,10.774388,8.0,4888303.02,1641969.9
PF01/0088/D486,MO,44.127855,10.795297,8.0,4887657.28,1643657.45
PF01/0089/D486,MO,44.132462,10.809146,52.0,4888193.272,1644754.225
PF01/0090/D486,MO,44.117022,10.810115,52.0,4886480.005,1644869.473
PF02/0090/D486,MO,44.123101,10.809215,52.0,4887153.644,1644782.606
PF03/0090/D486,MO,44.118708,10.806057,12.0,4886660.09,1644540.6
PF04/0090/D486,MO,44.119234,10.80958,12.0,4886724.75,1644821.19
PF02/0001/D599,MO,44.89794,11.235681,52.0,4974062.627,1676549.455
PF03/0001/D599,MO,44.898821,11.242464,52.0,4974175.279,1677082.252
PF01/0004/D599,MO,44.895689,11.248981,5.0,4973841.53,1677606.45
PF02/0005/D599,MO,44.886181,11.2624,50.0,4972814.818,1678695.47
PF06/0005/D599,MO,44.896051,11.26626,72.0,4973919.689,1678969.723
PF01/0006/D599,MO,44.895798,11.269678,5.0,4973899.14,1679240.39
PF02/0006/D599,MO,44.886354,11.270693,50.0,4972852.347,1679349.85
PF02/0007/D599,MO,44.884185,11.275167,50.0,4972621.295,1679709.941
PF04/0007/D599,MO,44.88941,11.281414,70.0,4973215.556,1680186.983
PF01/0008/D599,MO,44.883909,11.224528,70.0,4972479.738,1675711.529
PF02/0008/D599,MO,44.889446,11.232893,70.0,4973112.924,1676355.29
PF01/0009/D599,MO,44.880873,11.22502,52.0,4972143.505,1675759.644
PF02/0009/D599,MO,44.873803,11.222529,72.0,4971352.712,1675584.405
PF04/0009/D599,MO,44.878378,11.224384,72.0,4971865.0,1675717.0
PF01/0013/D599,MO,44.881969,11.279318,70.0,4972384.233,1680044.668
PF02/0013/D599,MO,44.879478,11.284916,70.0,4972119.97,1680494.636
PF03/0013/D599,MO,44.876116,11.283052,70.0,4971742.411,1680357.896
PF01/0014/D599,MO,44.885723,11.292059,70.0,4972829.677,1681039.148
PF02/0014/D599,MO,44.886795,11.298762,70.0,4972963.651,1681565.149
PF02/0015/D599,MO,44.873907,11.295946,70.0,4971525.651,1681383.261
PF03/0015/D599,MO,44.872683,11.289357,70.0,4971375.004,1680866.676
PF04/0015/D599,MO,44.876438,11.299132,12.0,4971814.0,1681627.0
PF01/0016/D599,MO,44.886952,11.302968,50.0,4972990.523,1681896.839
PF02/0016/D599,MO,44.879333,11.308561,72.0,4972156.718,1682362.574
PF01/0017/D599,MO,44.870082,11.312784,52.0,4971138.525,1682725.458
PF03/0017/D599,MO,44.879993,11.313225,52.0,4972240.521,1682728.92
PF01/0018/D599,MO,44.86914,11.323714,50.0,4971058.59,1683591.813
PF04/0018/D599,MO,44.876911,11.323044,50.0,4971920.324,1683514.17
PF05/0018/D599,MO,44.874885,11.322517,12.0,4971694.0,1683479.0
PF04/0019/D599,MO,44.874225,11.328935,50.0,4971635.26,1683988.053
PF05/0019/D599,MO,44.870435,11.337724,50.0,4971234.22,1684694.456
PF05/0020/D599,MO,44.875124,11.207361,8.0,4971466.85,1674382.28
PF07/0020/D599,MO,44.867992,11.212314,12.0,4970685.15,1674795.1
PF08/0020/D599,MO,44.865407,11.19993,50.0,4970371.489,1673824.612
PF01/0021/D599,MO,44.87698,11.221293,72.0,4971703.022,1675477.136
PF02/0021/D599,MO,44.879649,11.217398,52.0,4971991.105,1675161.34
PF03/0021/D599,MO,44.871752,11.222299,50.0,4971124.451,1675572.453
PF01/0024/D599,MO,44.875251,11.249763,72.0,4971572.9,1677731.161
PF01/0025/D599,MO,44.869159,11.263512,8.0,4970926.28,1678836.02
PF03/0025/D599,MO,44.872179,11.253199,50.0,4971239.145,1678012.002
PF02/0027/D599,MO,44.868666,11.283087,72.0,4970914.831,1680383.939
PF03/0027/D599,MO,44.873701,11.282525,70.0,4971472.878,1680323.779
PF04/0027/D599,MO,44.870548,11.283222,12.0,4971124.25,1680388.69
PF02/0029/D599,MO,44.874042,11.299214,12.0,4971548.0,1681641.0
PF01/0030/D599,MO,44.865185,11.203861,50.0,4970355.238,1674135.837
PF02/0030/D599,MO,44.86161,11.190609,70.0,4969929.725,1673099.613
PF03/0030/D599,MO,44.861346,11.19729,50.0,4969914.641,1673628.264
PF02/0031/D599,MO,44.857417,11.208682,52.0,4969502.58,1674540.144
PF03/0031/D599,MO,44.864181,11.210853,52.0,4970258.649,1674691.204
PF04/0031/D599,MO,44.85961,11.21566,8.0,4969761.21,1675084.86
PF01/0032/D599,MO,44.851463,11.221287,70.0,4968868.422,1675554.189
PF02/0032/D599,MO,44.853529,11.223801,70.0,4969103.3,1675746.575
PF03/0032/D599,MO,44.857799,11.214733,70.0,4969558.109,1675017.11
PF05/0032/D599,MO,44.855271,11.213499,52.0,4969274.547,1674927.212
PF06/0032/D599,MO,44.853111,11.215268,52.0,4969038.465,1675073.6
PF01/0033/D599,MO,44.859875,11.228218,50.0,4969817.887,1676076.258
PF02/0034/D599,MO,44.863786,11.230774,50.0,4970257.818,1676266.259
PF03/0034/D599,MO,44.863718,11.231028,8.0,4970250.8,1676286.51
PF05/0036/D599,MO,44.852002,11.239415,70.0,4968967.576,1676985.004
PF06/0036/D599,MO,44.850472,11.241411,50.0,4968801.937,1677147.454
PF07/0036/D599,MO,44.848565,11.240937,52.0,4968589.139,1677115.857
PF01/0037/D599,MO,44.856471,11.259219,12.0,4969507.4,1678536.15
PF01/0038/D599,MO,44.864697,11.262536,50.0,4970428.495,1678772.785
PF02/0038/D599,MO,44.864528,11.270179,50.0,4970426.62,1679377.08
PF03/0038/D599,MO,44.861865,11.264774,52.0,4970118.844,1678958.304
PF03/0039/D599,MO,44.856895,11.264827,50.0,4969566.806,1678977.938
PF04/0039/D599,MO,44.856775,11.27594,50.0,4969578.086,1679856.327
PF01/0040/D599,MO,44.866312,11.283438,72.0,4970654.147,1680419.047
PF02/0040/D599,MO,44.860822,11.286757,50.0,4970051.604,1680698.391
PF01/0042/D599,MO,44.865054,11.302156,52.0,4970556.171,1681901.724
PF03/0042/D599,MO,44.860837,11.290434,52.0,4970061.517,1680988.845
PF05/0042/D599,MO,44.862939,11.289083,10.0,4970292.0,1680875.5
PF01/0043/D599,MO,44.856397,11.290904,8.0,4969569.31,1681039.87
PF02/0043/D599,MO,44.856261,11.293474,52.0,4969559.895,1681243.362
PF04/0043/D599,MO,44.854319,11.293516,70.0,4969344.263,1681252.776
PF06/0043/D599,MO,44.853645,11.290478,70.0,4969262.68,1681014.852
PF07/0043/D599,MO,44.857504,11.305667,50.0,4969725.345,1682202.896
PF01/0044/D599,MO,44.869934,11.309665,8.0,4971115.15,1682479.5
PF02/0044/D599,MO,44.868676,11.305773,52.0,4970966.637,1682176.043
PF03/0044/D599,MO,44.867589,11.302534,52.0,4970838.541,1681923.541
PF04/0044/D599,MO,44.860887,11.304932,50.0,4970099.468,1682134.164
PF01/0045/D599,MO,44.866381,11.322975,50.0,4970750.43,1683542.205
PF01/0046/D599,MO,44.860056,11.31959,50.0,4970040.137,1683294.891
PF02/0046/D599,MO,44.858799,11.323413,50.0,4969909.158,1683600.93
PF01/0047/D599,MO,44.861628,11.347763,70.0,4970278.735,1685515.768
PF04/0047/D599,MO,44.857668,11.337584,70.0,4969815.654,1684724.216
PF05/0047/D599,MO,44.8616,11.355063,12.0,4970292.337,1686092.622
PF02/0048/D599,MO,44.850685,11.310808,52.0,4968979.316,1682630.645
PF03/0048/D599,MO,44.852895,11.314529,50.0,4969233.203,1682917.72
PF04/0048/D599,MO,44.852984,11.313504,8.0,4969240.79,1682836.4
PF06/0048/D599,MO,44.860681,11.314306,50.0,4970097.671,1682875.455
PF01/0049/D599,MO,44.857334,11.324395,50.0,4969748.64,1683683.149
PF02/0049/D599,MO,44.850171,11.319495,50.0,4968941.771,1683318.734
PF01/0050/D599,MO,44.851603,11.336972,72.0,4969140.509,1684695.211
PF02/0050/D599,MO,44.853163,11.330903,12.0,4969300.0,1684210.7
PF01/0052/D599,MO,44.858791,11.190496,70.0,4969616.298,1673099.104
PF02/0052/D599,MO,44.855511,11.197829,50.0,4969267.579,1673688.392
PF01/0053/D599,MO,44.847179,11.199938,70.0,4968346.542,1673880.041
PF03/0053/D599,MO,44.846067,11.204803,50.0,4968233.512,1674267.899
PF04/0053/D599,MO,44.850638,11.198453,50.0,4968727.624,1673752.329
PF05/0053/D599,MO,44.843782,11.192129,72.0,4967952.499,1673273.138
PF06/0053/D599,MO,44.845176,11.19591,70.0,4968115.403,1673567.747
PF07/0053/D599,MO,44.847219,11.199767,8.0,4968350.63,1673866.44
PF01/0054/D599,MO,44.85841,11.201907,50.0,4969598.409,1674001.812
PF02/0054/D599,MO,44.856981,11.204288,50.0,4969444.774,1674194.298
PF03/0054/D599,MO,44.857551,11.206714,50.0,4969513.308,1674384.236
PF04/0054/D599,MO,44.855297,11.207624,70.0,4969264.876,1674462.953
PF05/0054/D599,MO,44.853504,11.199884,50.0,4969049.025,1673856.758
PF06/0054/D599,MO,44.85334,11.205285,50.0,4969042.423,1674284.037
PF07/0054/D599,MO,44.853471,11.208583,70.0,4969064.022,1674544.265
PF08/0054/D599,MO,44.848539,11.208306,50.0,4968515.63,1674537.274
PF10/0054/D599,MO,44.851643,11.207744,50.0,4968859.203,1674483.465
PF11/0054/D599,MO,44.851213,11.203519,50.0,4968802.361,1674150.918
PF01/0055/D599,MO,44.85151,11.211789,9.0,4968853.15,1674803.5
PF02/0055/D599,MO,44.853446,11.212013,70.0,4969068.671,1674815.373
PF05/0055/D599,MO,44.848467,11.211778,12.0,4968515.03,1674811.84
PF01/0056/D599,MO,44.850539,11.214738,70.0,4968751.595,1675039.521
PF02/0056/D599,MO,44.849067,11.216018,72.0,4968590.84,1675145.127
PF01/0057/D599,MO,44.847659,11.20899,70.0,4968419.25,1674593.961
PF04/0057/D599,MO,44.845431,11.208955,72.0,4968171.681,1674597.916
PF05/0057/D599,MO,44.844571,11.21181,70.0,4968082.334,1674826.171
PF08/0057/D599,MO,44.841071,11.214138,70.0,4967698.511,1675020.737
PF09/0057/D599,MO,44.846123,11.215671,72.0,4968263.107,1675126.585
PF11/0057/D599,MO,44.847858,11.217253,70.0,4968459.254,1675246.392
PF02/0058/D599,MO,44.845153,11.220525,50.0,4968165.784,1675513.122
PF02/0059/D599,MO,44.846296,11.226945,52.0,4968306.643,1676017.062
PF03/0059/D599,MO,44.847115,11.222951,50.0,4968388.941,1675698.872
PF04/0059/D599,MO,44.848267,11.234942,12.0,4968543.0,1676643.0
PF02/0060/D599,MO,44.844067,11.243664,70.0,4968095.432,1677345.162
PF01/0061/D599,MO,44.85268,11.255112,50.0,4969077.257,1678223.316
PF01/0062/D599,MO,44.844246,11.268598,50.0,4968170.034,1679315.126
PF02/0063/D599,MO,44.847766,11.269464,72.0,4968562.935,1679372.613
PF03/0063/D599,MO,44.843647,11.277868,50.0,4968123.963,1680049.595
PF01/0064/D599,MO,44.845162,11.286074,70.0,4968310.538,1680693.384
PF02/0064/D599,MO,44.847623,11.294183,70.0,4968601.9,1681326.496
PF03/0064/D599,MO,44.845198,11.285963,8.0,4968314.26,1680684.52
PF04/0065/D599,MO,44.838451,11.288734,50.0,4967570.869,1680924.64
PF01/0066/D599,MO,44.85325,11.304746,50.0,4969250.63,1682143.553
PF01/0067/D599,MO,44.847419,11.302807,72.0,4968598.602,1682008.658
PF03/0067/D599,MO,44.840497,11.294134,70.0,4967810.251,1681345.012
PF04/0067/D599,MO,44.841798,11.302319,70.0,4967973.108,1681987.8
PF05/0067/D599,MO,44.839236,11.29756,70.0,4967677.788,1681619.752
PF07/0067/D599,MO,44.838401,11.292862,70.0,4967574.567,1681251.021
PF08/0067/D599,MO,44.83752,11.297221,52.0,4967486.452,1681598.331
PF11/0067/D599,MO,44.836709,11.293936,70.0,4967389.024,1681341.265
PF12/0067/D599,MO,44.837198,11.29712,72.0,4967450.384,1681591.414
PF01/0068/D599,MO,44.84775,11.304977,52.0,4968640.205,1682179.148
PF02/0068/D599,MO,44.843305,11.305416,72.0,4968147.416,1682227.84
PF03/0068/D599,MO,44.842418,11.30473,8.0,4968047.35,1682176.43
PF04/0068/D599,MO,44.842134,11.309245,52.0,4968025.937,1682534.186
PF05/0068/D599,MO,44.8412,11.304252,52.0,4967910.959,1682142.46
PF07/0068/D599,MO,44.8369,11.301322,70.0,4967426.708,1681924.406
PF09/0068/D599,MO,44.837355,11.308375,52.0,4967493.142,1682480.445
PF11/0068/D599,MO,44.834086,11.308544,72.0,4967130.318,1682504.138
PF12/0068/D599,MO,44.836163,11.30528,50.0,4967353.692,1682239.63
PF02/0069/D599,MO,44.845034,11.310301,70.0,4968350.425,1682608.432
PF01/0070/D599,MO,44.84843,11.33133,50.0,4968775.191,1684259.562
PF02/0070/D599,MO,44.847084,11.328077,50.0,4968618.263,1684006.714
PF03/0070/D599,MO,44.843695,11.323126,50.0,4968230.625,1683626.276
PF05/0070/D599,MO,44.844201,11.332076,50.0,4968307.126,1684331.996
PF01/0071/D599,MO,44.844466,11.3403,8.0,4968355.2,1684981.09
PF01/0072/D599,MO,44.84697,11.341949,50.0,4968637.124,1685103.405
PF01/0073/D599,MO,44.852504,11.356169,52.0,4969284.397,1686209.284
PF02/0073/D599,MO,44.844316,11.349074,72.0,4968358.585,1685674.996
PF03/0073/D599,MO,44.850831,11.347965,70.0,4969079.762,1685566.388
PF01/0074/D599,MO,44.839177,11.193984,52.0,4967444.936,1673433.592
PF02/0074/D599,MO,44.839341,11.183753,72.0,4967441.337,1672624.403
PF06/0074/D599,MO,44.835173,11.194649,10.0,4967001.56,1673498.14
PF01/0075/D599,MO,44.831033,11.189735,70.0,4966531.123,1673122.084
PF02/0075/D599,MO,44.829464,11.193074,70.0,4966363.983,1673390.746
PF03/0075/D599,MO,44.834959,11.185645,52.0,4966958.626,1672787.043
PF04/0075/D599,MO,44.829757,11.182868,50.0,4966374.792,1672583.138
PF05/0075/D599,MO,44.832415,11.18632,52.0,4966677.406,1672848.014
PF06/0075/D599,MO,44.831011,11.190149,8.0,4966529.64,1673154.92
PF02/0076/D599,MO,44.835289,11.200663,70.0,4967027.265,1673973.126
PF04/0076/D599,MO,44.83978,11.200962,50.0,4967526.773,1673983.234
PF05/0076/D599,MO,44.835958,11.205059,50.0,4967111.048,1674318.592
PF01/0077/D599,MO,44.832408,11.199173,70.0,4966704.091,1673864.081
PF02/0077/D599,MO,44.822839,11.19824,50.0,4965639.075,1673819.077
PF01/0078/D599,MO,44.827176,11.215769,70.0,4966158.458,1675191.729
PF03/0078/D599,MO,44.825232,11.208434,50.0,4965926.708,1674617.791
PF01/0079/D599,MO,44.838977,11.215624,70.0,4967469.141,1675144.507
PF03/0079/D599,MO,44.835658,11.21351,70.0,4967095.889,1674987.524
PF05/0079/D599,MO,44.8363,11.220311,50.0,4967181.825,1675523.085
PF02/0080/D599,MO,44.843186,11.233444,70.0,4967975.278,1676540.118
PF03/0080/D599,MO,44.844092,11.226046,70.0,4968059.844,1675952.687
PF04/0080/D599,MO,44.840866,11.224461,70.0,4967698.004,1675837.268
PF01/0081/D599,MO,44.827023,11.230246,70.0,4966172.773,1676336.674
PF02/0081/D599,MO,44.831943,11.226653,70.0,4966711.598,1676037.664
PF03/0081/D599,MO,44.828131,11.219626,70.0,4966272.937,1675493.732
PF05/0081/D599,MO,44.828261,11.224098,54.0,4966296.979,1675846.861
PF07/0081/D599,MO,44.824854,11.216846,52.0,4965902.855,1675283.93
PF01/0082/D599,MO,44.837107,11.235517,70.0,4967304.472,1676722.526
PF02/0082/D599,MO,44.834115,11.228995,50.0,4966957.98,1676216.172
PF03/0082/D599,MO,44.839415,11.241393,50.0,4967573.632,1677179.937
PF04/0082/D599,MO,44.834565,11.235948,50.0,4967023.058,1676764.363
PF01/0083/D599,MO,44.828152,11.240057,68.0,4966319.531,1677108.857
PF02/0083/D599,MO,44.823763,11.239126,68.0,4965829.979,1677048.679
PF03/0083/D599,MO,44.825292,11.241978,70.0,4966006.041,1677269.417
PF04/0083/D599,MO,44.830055,11.236165,70.0,4966522.493,1676795.358
PF05/0083/D599,MO,44.828392,11.232923,56.0,4966330.693,1676544.154
PF01/0084/D599,MO,44.840223,11.244592,50.0,4967670.44,1677430.259
PF02/0084/D599,MO,44.83815,11.245156,70.0,4967441.294,1677481.226
PF01/0086/D599,MO,44.837664,11.248187,70.0,4967393.986,1677722.308
PF02/0086/D599,MO,44.837028,11.252617,10.0,4967333.0,1678074.4
PF03/0086/D599,MO,44.837426,11.256382,52.0,4967385.528,1678370.713
PF04/0086/D599,MO,44.836508,11.246096,70.0,4967260.974,1677560.556
PF05/0086/D599,MO,44.834295,11.25039,72.0,4967024.577,1677906.779
PF06/0086/D599,MO,44.835109,11.255102,50.0,4967125.337,1678276.71
PF08/0086/D599,MO,44.833433,11.246622,50.0,4966920.548,1677611.586
PF12/0086/D599,MO,44.836415,11.249772,70.0,4967258.713,1677851.373
PF13/0086/D599,MO,44.832216,11.252155,12.0,4966797.5,1678052.7
PF06/0087/D599,MO,44.830216,11.262958,12.0,4966599.0,1678912.8
PF07/0087/D599,MO,44.838692,11.265582,12.0,4967546.33,1679093.96
PF04/0088/D599,MO,44.838506,11.28312,70.0,4967564.581,1680480.696
PF05/0088/D599,MO,44.837604,11.28543,70.0,4967469.512,1680666.126
PF10/0088/D599,MO,44.8345,11.282462,70.0,4967118.034,1680441.231
PF11/0088/D599,MO,44.833761,11.286056,72.0,4967043.939,1680727.588
PF13/0088/D599,MO,44.83564,11.286505,50.0,4967253.732,1680757.224
PF15/0088/D599,MO,44.837365,11.275431,70.0,4967420.75,1679876.586
PF16/0088/D599,MO,44.832884,11.279512,12.0,4966931.98,1680213.05
PF01/0089/D599,MO,44.830119,11.279603,52.0,4966625.004,1680228.875
PF02/0089/D599,MO,44.830048,11.284217,70.0,4966627.416,1680593.833
PF04/0089/D599,MO,44.829725,11.271111,72.0,4966562.505,1679558.861
PF05/0089/D599,MO,44.827412,11.286778,70.0,4966340.293,1680804.518
PF06/0089/D599,MO,44.831529,11.284252,12.0,4966792.0,1680592.0
PF01/0090/D599,MO,44.833221,11.288517,50.0,4966989.437,1680923.867
PF01/0091/D599,MO,44.834277,11.292596,50.0,4967115.854,1681242.965
PF01/0092/D599,MO,44.834317,11.301568,50.0,4967140.297,1681951.995
PF02/0092/D599,MO,44.834421,11.30215,8.0,4967153.25,1681997.69
PF03/0092/D599,MO,44.836352,11.300146,72.0,4967363.204,1681833.186
PF04/0092/D599,MO,44.834195,11.29988,50.0,4967122.985,1681818.946
PF03/0093/D599,MO,44.83335,11.290656,70.0,4967008.546,1681092.49
PF04/0093/D599,MO,44.830234,11.288718,12.0,4966658.07,1680949.08
PF02/0094/D599,MO,44.828252,11.292962,70.0,4966447.349,1681290.797
PF03/0094/D599,MO,44.830541,11.296432,50.0,4966709.352,1681557.914
PF03/0096/D599,MO,44.83146,11.305942,50.0,4966832.757,1682306.736
PF04/0096/D599,MO,44.830424,11.301113,50.0,4966706.841,1681928.335
PF07/0096/D599,MO,44.826671,11.29884,50.0,4966284.838,1681760.389
PF08/0096/D599,MO,44.827106,11.304738,50.0,4966346.411,1682225.294
PF09/0096/D599,MO,44.825021,11.310047,70.0,4966126.717,1682651.567
PF10/0096/D599,MO,44.828848,11.303258,50.0,4966536.594,1682102.792
PF02/0097/D599,MO,44.831337,11.322611,50.0,4966856.648,1683624.777
PF04/0097/D599,MO,44.827415,11.312005,8.0,4966397.0,1682798.86
PF08/0097/D599,MO,44.826152,11.31565,12.0,4966265.0,1683091.0
PF01/0098/D599,MO,44.838892,11.325067,52.0,4967701.487,1683794.964
PF02/0098/D599,MO,44.840308,11.327294,8.0,4967863.76,1683966.41
PF03/0098/D599,MO,44.840226,11.327459,52.0,4967855.065,1683979.721
PF04/0098/D599,MO,44.840876,11.330795,52.0,4967934.882,1684241.292
PF01/0099/D599,MO,44.835596,11.321608,70.0,4967327.498,1683531.985
PF03/0099/D599,MO,44.831702,11.331792,52.0,4966917.943,1684349.356
PF04/0099/D599,MO,44.832164,11.32591,52.0,4966955.967,1683882.957
PF01/0100/D599,MO,44.835018,11.343344,50.0,4967312.607,1685251.908
PF02/0100/D599,MO,44.830567,11.341798,70.0,4966814.622,1685144.008
PF03/0100/D599,MO,44.831008,11.349106,12.0,4966880.305,1685720.235
PF02/0101/D599,MO,44.842435,11.35109,50.0,4968154.222,1685840.349
PF04/0101/D599,MO,44.834296,11.351625,52.0,4967251.297,1685908.763
PF01/0102/D599,MO,44.846148,11.357354,72.0,4968581.072,1686323.386
PF06/0102/D599,MO,44.841271,11.366471,54.0,4968060.225,1687059.69
PF07/0102/D599,MO,44.839941,11.363783,50.0,4967906.351,1686851.555
PF08/0102/D599,MO,44.838264,11.359401,70.0,4967709.922,1686510.671
PF09/0102/D599,MO,44.838483,11.362309,50.0,4967740.936,1686739.76
PF10/0102/D599,MO,44.837986,11.364985,50.0,4967691.931,1686952.861
PF11/0102/D599,MO,44.846886,11.36002,50.0,4968669.129,1686531.721
PF01/0103/D599,MO,44.817695,11.223652,50.0,4965122.266,1675843.773
PF02/0103/D599,MO,44.81288,11.22796,50.0,4964596.722,1676199.071
PF02/0104/D599,MO,44.828347,11.226838,70.0,4966312.546,1676063.218
PF03/0104/D599,MO,44.813586,11.230655,50.0,4964680.989,1676409.969
PF01/0105/D599,MO,44.823048,11.234633,70.0,4965740.761,1676695.638
PF04/0105/D599,MO,44.814809,11.231503,70.0,4964818.737,1676473.329
PF03/0107/D599,MO,44.831109,11.254324,72.0,4966679.204,1678227.579
PF04/0107/D599,MO,44.82978,11.251993,52.0,4966526.478,1678047.377
PF06/0107/D599,MO,44.827916,11.254598,52.0,4966325.14,1678259.015
PF08/0107/D599,MO,44.826671,11.249758,68.0,4966176.279,1677880.284
PF09/0107/D599,MO,44.823792,11.251629,70.0,4965860.469,1678037.011
PF10/0107/D599,MO,44.829698,11.244794,68.0,4966501.633,1677478.517
PF11/0107/D599,MO,44.826737,11.258128,70.0,4966201.951,1678541.76
PF01/0108/D599,MO,44.827022,11.267099,52.0,4966253.291,1679250.089
PF02/0108/D599,MO,44.827226,11.275204,50.0,4966293.868,1679890.187
PF03/0108/D599,MO,44.827703,11.269716,50.0,4966334.727,1679454.818
PF04/0108/D599,MO,44.826993,11.261573,52.0,4966237.961,1678813.263
PF05/0108/D599,MO,44.825642,11.263602,50.0,4966092.302,1678977.886
PF01/0109/D599,MO,44.823297,11.267674,50.0,4965840.779,1679307.068
PF04/0109/D599,MO,44.82441,11.27812,72.0,4965987.553,1680129.464
PF05/0109/D599,MO,44.82264,11.28314,70.0,4965802.117,1680531.82
PF01/0110/D599,MO,44.8227,11.300148,52.0,4965846.698,1681876.312
PF02/0110/D599,MO,44.822151,11.296545,50.0,4965777.617,1681593.198
PF02/0111/D599,MO,44.826264,11.304881,52.0,4966253.217,1682239.274
PF03/0111/D599,MO,44.821013,11.303229,50.0,4965666.11,1682125.25
PF04/0111/D599,MO,44.819631,11.306726,52.0,4965520.479,1682406.086
PF05/0111/D599,MO,44.816703,11.304383,10.0,4965190.0,1682230.0
PF06/0111/D599,MO,44.813519,11.303003,10.0,4964833.2,1682130.9
PF01/0112/D599,MO,44.800899,11.191545,50.0,4963187.591,1673355.493
PF02/0112/D599,MO,44.80005,11.194596,50.0,4963099.706,1673599.362
PF03/0112/D599,MO,44.796759,11.179839,52.0,4962702.717,1672441.95
PF01/0113/D599,MO,44.802507,11.19747,70.0,4963378.788,1673819.283
PF02/0113/D599,MO,44.802969,11.203659,50.0,4963443.341,1674307.296
PF03/0113/D599,MO,44.810919,11.226548,70.0,4964375.892,1676093.341
PF01/0114/D599,MO,44.810845,11.219659,8.0,4964352.75,1675548.85
PF02/0114/D599,MO,44.809126,11.218582,52.0,4964159.431,1675468.854
PF03/0114/D599,MO,44.803629,11.219889,52.0,4963551.628,1675588.95
PF02/0115/D599,MO,44.808139,11.232284,72.0,4964079.516,1676555.429
PF03/0115/D599,MO,44.801975,11.230429,52.0,4963390.68,1676427.522
PF04/0115/D599,MO,44.808579,11.226764,56.0,4964116.436,1676117.595
PF01/0116/D599,MO,44.811574,11.235896,70.0,4964468.93,1676830.573
PF02/0116/D599,MO,44.806377,11.238956,52.0,4963898.249,1677088.438
PF03/0116/D599,MO,44.810932,11.238442,72.0,4964403.184,1677033.825
PF02/0117/D599,MO,44.81783,11.250364,8.0,4965195.49,1677955.35
PF01/0119/D599,MO,44.812493,11.276734,52.0,4964660.684,1680056.954
PF02/0119/D599,MO,44.816533,11.273213,8.0,4965101.68,1679766.01
PF03/0119/D599,MO,44.816533,11.272851,70.0,4965100.845,1679737.36
PF01/0120/D599,MO,44.820528,11.283767,52.0,4965568.856,1680587.984
PF02/0120/D599,MO,44.813496,11.288307,72.0,4964797.79,1680968.988
PF01/0121/D599,MO,44.807278,11.257247,70.0,4964038.412,1678532.16
PF02/0121/D599,MO,44.807756,11.246746,70.0,4964068.406,1677700.249
PF03/0121/D599,MO,44.807729,11.257807,8.0,4964089.69,1678575.05
PF03/0122/D599,MO,44.808755,11.263573,52.0,4964216.306,1679027.856
PF04/0122/D599,MO,44.810372,11.269278,52.0,4964408.593,1679473.965
PF05/0122/D599,MO,44.812726,11.266957,70.0,4964664.947,1679283.152
PF06/0122/D599,MO,44.804151,11.273561,12.0,4963727.0,1679832.0
PF01/0123/D599,MO,44.806099,11.288952,72.0,4963977.509,1681043.119
PF02/0123/D599,MO,44.804688,11.280305,72.0,4963801.554,1680363.681
PF01/0124/D599,MO,44.817068,11.291552,48.0,4965201.809,1681214.321
PF03/0124/D599,MO,44.810268,11.301093,72.0,4964467.744,1681990.119
PF04/0124/D599,MO,44.806843,11.298278,72.0,4964081.008,1681778.281
PF05/0124/D599,MO,44.81711,11.291414,8.0,4965206.22,1681203.28
PF01/0001/D607,MO,44.56798,10.815396,70.0,4936580.827,1644182.558
PF03/0001/D607,MO,44.566164,10.814873,70.0,4936378.105,1644145.493
PF06/0001/D607,MO,44.563946,10.81774,70.0,4936136.809,1644378.608
PF07/0001/D607,MO,44.563278,10.822415,52.0,4936070.947,1644751.557
PF08/0001/D607,MO,44.561438,10.812079,70.0,4935848.242,1643935.234
PF11/0001/D607,MO,44.560482,10.819426,70.0,4935755.049,1644521.081
PF12/0001/D607,MO,44.559282,10.822976,12.0,4935628.0,1644806.0
PF06/0002/D607,MO,44.554242,10.823815,50.0,4935069.616,1644885.122
PF07/0002/D607,MO,44.559306,10.812581,70.0,4935612.332,1643980.371
PF08/0002/D607,MO,44.557517,10.811015,70.0,4935410.826,1643860.441
PF12/0002/D607,MO,44.557302,10.82087,50.0,4935404.379,1644643.643
PF14/0002/D607,MO,44.55411,10.818053,70.0,4935044.758,1644427.814
PF16/0002/D607,MO,44.560237,10.81583,70.0,4935721.496,1644236.155
PF01/0003/D607,MO,44.553191,10.809412,50.0,4934927.411,1643743.736
PF03/0003/D607,MO,44.553058,10.813524,70.0,4934919.866,1644070.682
PF05/0003/D607,MO,44.551139,10.811072,72.0,4934702.396,1643880.652
PF07/0003/D607,MO,44.547802,10.812201,70.0,4934333.711,1643978.59
PF10/0003/D607,MO,44.551559,10.816204,70.0,4934758.155,1644287.265
PF12/0003/D607,MO,44.553821,10.806901,70.0,4934993.036,1643542.799
PF01/0004/D607,MO,44.552907,10.82929,50.0,4934931.11,1645323.3
PF03/0004/D607,MO,44.548807,10.823427,52.0,4934465.215,1644867.831
PF06/0004/D607,MO,44.548229,10.831806,52.0,4934415.902,1645534.874
PF07/0004/D607,MO,44.549663,10.834264,52.0,4934579.552,1645726.541
PF03/0005/D607,MO,44.546496,10.819902,70.0,4934202.222,1644593.549
PF04/0005/D607,MO,44.546443,10.834963,50.0,4934223.105,1645790.075
PF06/0005/D607,MO,44.546133,10.831584,70.0,4934182.697,1645522.424
PF07/0005/D607,MO,44.544528,10.836039,50.0,4934012.38,1645880.322
PF08/0005/D607,MO,44.54419,10.81654,70.0,4933940.192,1644332.206
PF09/0005/D607,MO,44.5432,10.819721,70.0,4933835.817,1644587.327
PF10/0005/D607,MO,44.544555,10.826346,70.0,4933998.052,1645110.238
PF12/0005/D607,MO,44.542658,10.831834,50.0,4933797.132,1645550.968
PF13/0005/D607,MO,44.540826,10.820536,50.0,4933573.548,1644657.911
PF15/0005/D607,MO,44.548329,10.828651,72.0,4934421.365,1645283.963
PF16/0005/D607,MO,44.548115,10.81637,70.0,4934375.898,1644308.96
PF01/0006/D607,MO,44.555936,10.840372,72.0,4935287.301,1646195.982
PF02/0006/D607,MO,44.555374,10.843156,70.0,4935229.825,1646418.464
PF03/0006/D607,MO,44.552794,10.84036,50.0,4934938.25,1646202.861
PF04/0006/D607,MO,44.551479,10.846329,72.0,4934802.86,1646680.337
PF05/0006/D607,MO,44.548357,10.840099,70.0,4934444.971,1646193.248
PF07/0006/D607,MO,44.547881,10.846595,70.0,4934403.676,1646710.439
PF08/0006/D607,MO,44.545757,10.841386,50.0,4934158.446,1646302.039
PF10/0006/D607,MO,44.543781,10.845085,70.0,4933945.539,1646600.811
PF02/0007/D607,MO,44.549001,10.852867,70.0,4934539.429,1647205.845
PF03/0007/D607,MO,44.547781,10.853057,70.0,4934404.246,1647223.993
PF05/0007/D607,MO,44.548385,10.860173,70.0,4934484.217,1647787.753
PF06/0007/D607,MO,44.548271,10.863272,50.0,4934477.082,1648034.217
PF09/0007/D607,MO,44.546,10.853008,5.0,4934206.3,1647224.65
PF10/0007/D607,MO,44.547004,10.86515,50.0,4934339.801,1648186.622
PF11/0007/D607,MO,44.544746,10.856005,70.0,4934072.424,1647465.861
PF13/0007/D607,MO,44.543298,10.85223,70.0,4933904.715,1647169.662
PF15/0007/D607,MO,44.54424,10.86466,70.0,4934031.904,1648154.688
PF01/0008/D607,MO,44.547658,10.802686,52.0,4934300.97,1643223.136
PF02/0008/D607,MO,44.543469,10.806084,70.0,4933841.654,1643503.336
PF03/0008/D607,MO,44.544902,10.803224,70.0,4933995.86,1643272.587
PF01/0009/D607,MO,44.546412,10.810879,70.0,4934176.951,1643876.991
PF02/0009/D607,MO,44.545133,10.808453,70.0,4934030.612,1643687.43
PF02/0010/D607,MO,44.542085,10.810512,50.0,4933695.688,1643858.515
PF03/0010/D607,MO,44.539237,10.809812,52.0,4933378.1,1643809.878
PF04/0010/D607,MO,44.538716,10.806691,70.0,4933314.771,1643563.242
PF06/0010/D607,MO,44.539251,10.803598,70.0,4933368.732,1643316.151
PF01/0011/D607,MO,44.542139,10.816009,70.0,4933711.425,1644295.061
PF03/0011/D607,MO,44.54072,10.813402,56.0,4933549.134,1644091.42
PF04/0011/D607,MO,44.543476,10.813128,70.0,4933854.819,1644062.869
PF01/0012/D607,MO,44.537475,10.81231,5.0,4933186.81,1644012.73
PF03/0012/D607,MO,44.538735,10.814599,52.0,4933330.782,1644191.439
PF04/0012/D607,MO,44.539303,10.817595,50.0,4933399.124,1644428.091
PF01/0013/D607,MO,44.537786,10.801225,70.0,4933201.814,1643131.213
PF03/0013/D607,MO,44.536386,10.816054,70.0,4933072.419,1644312.877
PF05/0013/D607,MO,44.534812,10.808603,50.0,4932884.473,1643724.741
PF06/0013/D607,MO,44.534434,10.811665,50.0,4932847.896,1643968.927
PF08/0013/D607,MO,44.533641,10.817541,70.0,4932770.118,1644437.79
PF09/0013/D607,MO,44.531807,10.806258,52.0,4932546.55,1643545.816
PF11/0013/D607,MO,44.533648,10.802889,52.0,4932745.159,1643273.579
PF12/0013/D607,MO,44.531782,10.813983,70.0,4932557.31,1644159.617
PF13/0013/D607,MO,44.534608,10.805172,12.0,4932855.8,1643452.6
PF01/0014/D607,MO,44.536677,10.820408,70.0,4933112.499,1644658.035
PF02/0014/D607,MO,44.538769,10.820117,50.0,4933344.303,1644629.752
PF03/0014/D607,MO,44.539939,10.823446,70.0,4933480.174,1644891.286
PF02/0015/D607,MO,44.541245,10.830686,70.0,4933638.111,1645463.268
PF03/0015/D607,MO,44.541657,10.835682,70.0,4933692.793,1645859.129
PF04/0015/D607,MO,44.539912,10.827132,70.0,4933483.759,1645184.222
PF06/0015/D607,MO,44.537828,10.82523,52.0,4933248.845,1645038.265
PF07/0015/D607,MO,44.537803,10.829052,70.0,4933252.891,1645342.048
PF08/0015/D607,MO,44.537426,10.835456,70.0,4933222.466,1645851.745
PF09/0015/D607,MO,44.536122,10.826889,70.0,4933062.27,1645174.37
PF12/0015/D607,MO,44.535256,10.834926,52.0,4932980.454,1645815.071
PF01/0016/D607,MO,44.543575,10.840346,50.0,4933914.211,1646224.833
PF04/0016/D607,MO,44.539829,10.848003,70.0,4933511.853,1646842.518
PF07/0016/D607,MO,44.536852,10.84563,70.0,4933176.835,1646661.536
PF08/0016/D607,MO,44.535357,10.848369,70.0,4933015.701,1646882.834
PF09/0016/D607,MO,44.534028,10.84593,70.0,4932863.753,1646692.438
PF10/0016/D607,MO,44.533449,10.840633,50.0,4932789.91,1646273.036
PF11/0016/D607,MO,44.532809,10.843106,70.0,4932723.241,1646471.122
PF12/0016/D607,MO,44.537136,10.839345,52.0,4933197.148,1646161.455
PF13/0016/D607,MO,44.534419,10.838045,52.0,4932892.99,1646064.977
PF14/0016/D607,MO,44.53621,10.842318,70.0,4933099.633,1646399.973
PF15/0016/D607,MO,44.539195,10.843193,70.0,4933432.748,1646462.009
PF18/0016/D607,MO,44.541703,10.846159,70.0,4933716.632,1646691.329
PF01/0017/D607,MO,44.543352,10.859479,70.0,4933923.878,1647745.333
PF05/0017/D607,MO,44.539368,10.857804,70.0,4933478.301,1647622.379
PF09/0017/D607,MO,44.534075,10.85813,70.0,4932890.96,1647661.624
PF10/0017/D607,MO,44.532145,10.856758,50.0,4932674.035,1647557.521
PF13/0017/D607,MO,44.528197,10.849971,50.0,4932223.227,1647028.159
PF15/0017/D607,MO,44.53735,10.860328,70.0,4933258.651,1647828.024
PF17/0017/D607,MO,44.530375,10.852291,70.0,4932469.421,1647207.003
PF18/0017/D607,MO,44.530837,10.853901,50.0,4932523.585,1647333.803
PF19/0017/D607,MO,44.530935,10.851118,70.0,4932529.453,1647112.388
PF01/0018/D607,MO,44.526338,10.81404,70.0,4931952.685,1644177.594
PF02/0018/D607,MO,44.528426,10.805982,52.0,4932170.45,1643532.148
PF03/0018/D607,MO,44.527372,10.801251,50.0,4932045.057,1643158.81
PF04/0018/D607,MO,44.531353,10.80089,52.0,4932486.723,1643120.363
PF05/0018/D607,MO,44.527984,10.800376,8.0,4932111.6,1643087.75
PF07/0018/D607,MO,44.525612,10.809758,50.0,4931864.542,1643839.121
PF01/0019/D607,MO,44.534972,10.822047,70.0,4932925.961,1644792.507
PF02/0019/D607,MO,44.532714,10.824573,70.0,4932679.671,1644998.787
PF04/0019/D607,MO,44.530717,10.820952,70.0,4932451.357,1644715.99
PF07/0019/D607,MO,44.529478,10.825302,50.0,4932321.418,1645064.745
PF09/0019/D607,MO,44.521549,10.82514,70.0,4931440.417,1645071.514
PF10/0019/D607,MO,44.529159,10.815609,70.0,4932268.905,1644295.336
PF11/0019/D607,MO,44.527254,10.820778,8.0,4932066.41,1644710.81
PF02/0020/D607,MO,44.530392,10.82832,70.0,4932428.317,1645302.247
PF04/0020/D607,MO,44.528241,10.82843,50.0,4932189.557,1645316.352
PF07/0020/D607,MO,44.525968,10.828423,52.0,4931937.108,1645321.43
PF08/0020/D607,MO,44.524866,10.833702,52.0,4931824.074,1645743.73
PF11/0020/D607,MO,44.522188,10.832261,70.0,4931524.017,1645635.899
PF12/0020/D607,MO,44.524066,10.827158,8.0,4931723.55,1645225.67
PF13/0020/D607,MO,44.529617,10.833273,50.0,4932351.059,1645697.764
PF15/0020/D607,MO,44.527148,10.835166,70.0,4932080.22,1645854.334
PF01/0021/D607,MO,44.527392,10.841465,9.0,4932118.6,1646354.3
PF02/0021/D607,MO,44.52941,10.840011,52.0,4932340.157,1646233.703
PF03/0021/D607,MO,44.52887,10.83687,50.0,4932274.57,1645985.489
PF04/0021/D607,MO,44.529367,10.843756,70.0,4932342.038,1646531.379
PF06/0021/D607,MO,44.531699,10.837189,52.0,4932589.316,1646003.715
PF01/0022/D607,MO,44.530996,10.846042,50.0,4932527.142,1646708.927
PF02/0022/D607,MO,44.532905,10.848995,70.0,4932744.513,1646938.802
PF01/0023/D607,MO,44.526718,10.837363,50.0,4932036.381,1646030.008
PF03/0023/D607,MO,44.527499,10.844604,50.0,4932136.043,1646603.454
PF04/0023/D607,MO,44.527977,10.849132,70.0,4932197.292,1646962.044
PF05/0023/D607,MO,44.527426,10.852448,72.0,4932142.094,1647226.956
PF06/0023/D607,MO,44.524766,10.840842,50.0,4931825.761,1646311.382
PF08/0023/D607,MO,44.524969,10.844795,50.0,4931855.441,1646624.975
PF09/0023/D607,MO,44.525959,10.850745,52.0,4931976.074,1647095.309
PF10/0023/D607,MO,44.523034,10.837208,52.0,4931626.837,1646026.857
PF11/0023/D607,MO,44.523227,10.84392,56.0,4931660.351,1646559.785
PF12/0023/D607,MO,44.52295,10.850656,52.0,4931641.686,1647095.794
PF13/0023/D607,MO,44.521296,10.841219,50.0,4931441.02,1646349.982
PF14/0023/D607,MO,44.5216,10.8469,8.0,4931484.89,1646800.68
PF16/0023/D607,MO,44.519396,10.846615,50.0,4931239.601,1646783.566
PF17/0023/D607,MO,44.520593,10.836211,50.0,4931353.961,1645953.735
PF01/0024/D607,MO,44.525409,10.793995,70.0,4931814.374,1642587.015
PF02/0024/D607,MO,44.522476,10.795432,70.0,4931491.026,1642708.369
PF03/0024/D607,MO,44.51903,10.802445,8.0,4931120.55,1643274.12
PF04/0024/D607,MO,44.520585,10.805293,52.0,4931298.247,1643496.629
PF05/0024/D607,MO,44.520811,10.792452,52.0,4931300.867,1642475.596
PF06/0024/D607,MO,44.524597,10.799844,70.0,4931734.371,1643053.776
PF01/0025/D607,MO,44.519178,10.815911,52.0,4931160.706,1644343.993
PF01/0026/D607,MO,44.516895,10.820369,72.0,4930914.936,1644703.917
PF02/0026/D607,MO,44.514267,10.826728,52.0,4930634.345,1645215.833
PF03/0026/D607,MO,44.511843,10.822118,72.0,4930356.889,1644855.421
PF04/0026/D607,MO,44.511121,10.827368,72.0,4930285.975,1645274.543
PF05/0026/D607,MO,44.51798,10.831128,52.0,4931054.61,1645556.298
PF06/0026/D607,MO,44.508876,10.827175,8.0,4930036.3,1645264.75
PF01/0027/D607,MO,44.512305,10.833338,52.0,4930428.181,1645746.097
PF02/0027/D607,MO,44.514449,10.836253,50.0,4930671.554,1645972.444
PF03/0027/D607,MO,44.515684,10.840472,50.0,4930816.251,1646304.667
PF04/0027/D607,MO,44.518007,10.837841,50.0,4931069.548,1646089.792
PF06/0027/D607,MO,44.516539,10.849948,50.0,4930928.213,1647055.654
PF01/0028/D607,MO,44.50439,10.821703,70.0,4929528.307,1644840.86
PF02/0028/D607,MO,44.50863,10.816703,72.0,4929990.358,1644432.936
PF01/0029/D607,MO,44.502599,10.806419,8.0,4929302.39,1643630.3
PF02/0029/D607,MO,44.501552,10.811092,9.0,4929194.3,1644004.35
PF03/0029/D607,MO,44.502171,10.816905,50.0,4929273.343,1644464.934
PF04/0029/D607,MO,44.506062,10.813434,70.0,4929699.391,1644179.405
PF05/0029/D607,MO,44.502743,10.806564,8.0,4929318.6,1643641.51
PF06/0029/D607,MO,44.504582,10.81076,70.0,4929530.216,1643970.496
PF01/0030/D607,MO,44.499016,10.808101,52.0,4928907.309,1643772.832
PF03/0030/D607,MO,44.494286,10.804222,52.0,4928375.114,1643476.035
PF04/0030/D607,MO,44.497,10.8027,50.0,4928673.897,1643348.376
PF01/0031/D607,MO,44.497911,10.8225,50.0,4928809.959,1644920.299
PF02/0031/D607,MO,44.492701,10.815637,8.0,4928219.1,1644387.5
PF01/0001/D617,MO,44.199249,10.627697,70.0,4895308.467,1630091.793
PF02/0001/D617,MO,44.196992,10.632714,70.0,4895065.676,1630497.624
PF03/0001/D617,MO,44.200495,10.633383,70.0,4895455.846,1630543.387
PF04/0001/D617,MO,44.197425,10.630598,8.0,4895110.46,1630327.6
PF05/0001/D617,MO,44.194853,10.633836,70.0,4894829.882,1630592.014
PF02/0002/D617,MO,44.195149,10.637777,70.0,4894869.003,1630906.301
PF03/0002/D617,MO,44.194365,10.640357,70.0,4894786.038,1631114.236
PF04/0002/D617,MO,44.194177,10.642739,12.0,4894769.0,1631305.0
PF03/0003/D617,MO,44.189233,10.649405,66.0,4894230.422,1631848.7
PF04/0003/D617,MO,44.190435,10.644981,52.0,4894356.872,1631492.517
PF01/0004/D617,MO,44.197415,10.656558,8.0,4895150.74,1632402.12
PF02/0004/D617,MO,44.199057,10.657791,54.0,4895335.17,1632496.901
PF01/0005/D617,MO,44.192845,10.670708,70.0,4894666.033,1633543.13
PF02/0005/D617,MO,44.193781,10.66442,52.0,4894759.862,1633038.479
PF03/0005/D617,MO,44.189872,10.662816,70.0,4894323.1,1632919.133
PF04/0005/D617,MO,44.188219,10.660088,52.0,4894135.078,1632704.772
PF01/0006/D617,MO,44.19529,10.672898,52.0,4894941.169,1633712.602
PF02/0006/D617,MO,44.193652,10.676287,52.0,4894764.773,1633987.188
PF03/0006/D617,MO,44.200357,10.683908,8.0,4895522.0,1634580.95
PF01/0007/D617,MO,44.189698,10.672625,70.0,4894319.582,1633703.425
PF02/0007/D617,MO,44.188545,10.668589,70.0,4894184.978,1633383.517
PF03/0007/D617,MO,44.189557,10.680314,8.0,4894316.55,1634318.25
PF04/0007/D617,MO,44.188244,10.675341,70.0,4894162.573,1633923.77
PF01/0008/D617,MO,44.193793,10.698928,8.0,4894817.63,1635796.2
PF01/0010/D617,MO,44.189593,10.635767,11.0,4894248.7,1630758.0
PF02/0010/D617,MO,44.188365,10.639378,11.0,4894118.0,1631049.3
PF03/0010/D617,MO,44.187242,10.636188,11.0,4893988.2,1630796.8
PF04/0010/D617,MO,44.186797,10.640153,70.0,4893945.069,1631114.703
PF05/0010/D617,MO,44.187072,10.643729,70.0,4893981.324,1631399.894
PF06/0010/D617,MO,44.185895,10.633481,11.0,4893834.3,1630583.4
PF07/0010/D617,MO,44.185221,10.643161,70.0,4893774.815,1631358.643
PF08/0010/D617,MO,44.184303,10.636339,52.0,4893662.041,1630815.384
PF09/0010/D617,MO,44.183018,10.632298,11.0,4893512.9,1630495.2
PF10/0010/D617,MO,44.183399,10.639337,70.0,4893566.374,1631056.96
PF11/0010/D617,MO,44.183251,10.644309,70.0,4893557.817,1631454.709
PF12/0010/D617,MO,44.181749,10.634538,50.0,4893375.467,1630677.043
PF13/0010/D617,MO,44.181168,10.645158,50.0,4893327.817,1631527.196
PF14/0010/D617,MO,44.18113,10.64143,8.0,4893317.69,1631229.35
PF15/0010/D617,MO,44.183161,10.63806,8.0,4893537.86,1630955.45
PF01/0011/D617,MO,44.178714,10.623383,8.0,4893020.62,1629792.06
PF02/0011/D617,MO,44.17987,10.622288,54.0,4893147.317,1629701.985
PF03/0011/D617,MO,44.170199,10.623745,7.0,4892075.48,1629839.7
PF02/0013/D617,MO,44.186399,10.644604,70.0,4893908.051,1631471.299
PF03/0013/D617,MO,44.186188,10.655799,50.0,4893902.554,1632366.565
PF04/0013/D617,MO,44.185538,10.65953,50.0,4893836.349,1632666.228
PF05/0013/D617,MO,44.184611,10.644362,70.0,4893708.969,1631455.978
PF07/0013/D617,MO,44.184849,10.654091,10.0,4893751.0,1632233.0
PF08/0013/D617,MO,44.184082,10.657857,50.0,4893671.948,1632535.795
PF09/0013/D617,MO,44.181843,10.645432,50.0,4893403.314,1631547.612
PF10/0013/D617,MO,44.181522,10.649938,70.0,4893374.793,1631908.533
PF12/0013/D617,MO,44.18199,10.655938,70.0,4893436.454,1632387.083
PF13/0013/D617,MO,44.189007,10.655873,8.0,4894215.79,1632366.14
PF14/0013/D617,MO,44.184466,10.64826,12.0,4893699.1,1631767.8
PF02/0014/D617,MO,44.180489,10.64444,50.0,4893251.279,1631471.342
PF03/0014/D617,MO,44.177881,10.642191,70.0,4892957.99,1631297.388
PF04/0014/D617,MO,44.17632,10.644729,70.0,4892788.683,1631503.674
PF05/0014/D617,MO,44.175566,10.642343,72.0,4892701.083,1631314.618
PF06/0014/D617,MO,44.174187,10.637334,11.0,4892540.0,1630917.3
PF07/0014/D617,MO,44.173296,10.639828,72.0,4892444.928,1631118.655
PF08/0014/D617,MO,44.171548,10.636562,70.0,4892245.621,1630861.384
PF09/0014/D617,MO,44.171007,10.640044,52.0,4892191.105,1631140.946
PF10/0014/D617,MO,44.169926,10.633272,52.0,4892060.209,1630601.968
PF12/0014/D617,MO,44.16718,10.64111,70.0,4891767.693,1631234.638
PF01/0015/D617,MO,44.179727,10.647885,8.0,4893172.21,1631748.43
PF02/0015/D617,MO,44.177848,10.648495,50.0,4892964.455,1631801.343
PF01/0016/D617,MO,44.185261,10.668219,50.0,4893819.609,1633361.352
PF02/0016/D617,MO,44.183593,10.661883,50.0,4893624.12,1632858.668
PF03/0016/D617,MO,44.180781,10.661915,52.0,4893311.831,1632867.491
PF04/0016/D617,MO,44.185279,10.664085,52.0,4893814.96,1633030.869
PF05/0016/D617,MO,44.185732,10.673268,8.0,4893880.17,1633763.83
PF07/0016/D617,MO,44.183351,10.669011,12.0,4893608.808,1633428.922
PF08/0016/D617,MO,44.183373,10.665916,52.0,4893606.199,1633181.465
PF09/0016/D617,MO,44.180702,10.66682,12.0,4893311.0,1633259.8
PF01/0017/D617,MO,44.181375,10.653496,70.0,4893364.265,1632193.23
PF03/0017/D617,MO,44.178787,10.651663,70.0,4893073.801,1632052.48
PF06/0017/D617,MO,44.177944,10.654129,70.0,4892984.122,1632251.471
PF08/0017/D617,MO,44.177274,10.657177,70.0,4892914.571,1632496.638
PF09/0017/D617,MO,44.176776,10.660503,52.0,4892864.713,1632763.65
PF10/0017/D617,MO,44.176656,10.664591,10.0,4892858.0,1633090.7
PF11/0017/D617,MO,44.177567,10.668308,11.0,4892965.2,1633385.8
PF12/0017/D617,MO,44.175539,10.655852,70.0,4892719.744,1632394.588
PF13/0017/D617,MO,44.174937,10.659916,70.0,4892659.432,1632720.83
PF14/0017/D617,MO,44.174899,10.667573,10.0,4892667.6,1633333.0
PF16/0017/D617,MO,44.173564,10.661905,70.0,4892510.136,1632882.928
PF17/0017/D617,MO,44.17371,10.664966,70.0,4892531.313,1633127.337
PF18/0017/D617,MO,44.179838,10.658119,50.0,4893200.93,1632566.225
PF19/0017/D617,MO,44.178089,10.65664,8.0,4893004.28,1632451.89
PF01/0021/D617,MO,44.174665,10.682212,8.0,4892665.45,1634503.8
PF01/0022/D617,MO,44.172465,10.68598,8.0,4892427.29,1634810.04
PF01/0023/D617,MO,44.170398,10.699784,8.0,4892220.43,1635918.38
PF01/0024/D617,MO,44.167108,10.610009,52.0,4891710.538,1628748.303
PF02/0024/D617,MO,44.164563,10.611498,70.0,4891430.131,1628872.822
PF03/0024/D617,MO,44.16516,10.610513,8.0,4891494.89,1628792.84
PF01/0025/D617,MO,44.167247,10.617729,70.0,4891738.058,1629365.217
PF02/0025/D617,MO,44.16643,10.616359,11.0,4891645.135,1629257.451
PF03/0025/D617,MO,44.165912,10.617804,52.0,4891589.889,1629374.072
PF05/0025/D617,MO,44.163879,10.615981,52.0,4891361.191,1629232.771
PF06/0025/D617,MO,44.164636,10.619912,70.0,4891451.468,1629545.474
PF07/0025/D617,MO,44.169906,10.63295,52.0,4892057.415,1630576.227
PF08/0025/D617,MO,44.168785,10.631645,72.0,4891930.869,1630474.428
PF09/0025/D617,MO,44.166939,10.631727,72.0,4891726.027,1630485.039
PF10/0025/D617,MO,44.164873,10.62964,70.0,4891493.16,1630322.708
PF11/0025/D617,MO,44.165611,10.627734,72.0,4891572.094,1630168.7
PF12/0025/D617,MO,44.169426,10.616676,70.0,4891978.429,1629276.269
PF01/0026/D617,MO,44.168116,10.636963,52.0,4891865.048,1630901.071
PF02/0026/D617,MO,44.167213,10.640126,70.0,4891769.72,1631155.902
PF03/0026/D617,MO,44.165862,10.63489,50.0,4891611.403,1630740.265
PF04/0026/D617,MO,44.165437,10.638273,70.0,4891569.534,1631011.746
PF05/0026/D617,MO,44.16651,10.641471,70.0,4891693.807,1631265.049
PF07/0026/D617,MO,44.163202,10.637703,52.0,4891320.355,1630971.056
PF08/0026/D617,MO,44.164422,10.641125,70.0,4891461.306,1631241.952
PF09/0026/D617,MO,44.16255,10.640608,70.0,4891252.61,1631204.784
PF10/0026/D617,MO,44.161708,10.642432,52.0,4891161.934,1631352.536
PF14/0026/D617,MO,44.159532,10.635501,70.0,4890909.29,1630803.108
PF15/0026/D617,MO,44.163179,10.633654,8.0,4891311.36,1630647.36
PF16/0026/D617,MO,44.159698,10.640413,12.0,4890935.5,1631195.5
PF01/0027/D617,MO,44.17489,10.645343,72.0,4892630.85,1631555.96
PF03/0027/D617,MO,44.171797,10.641169,52.0,4892280.622,1631229.122
PF05/0027/D617,MO,44.169948,10.640911,70.0,4892074.79,1631212.611
PF06/0027/D617,MO,44.170908,10.646922,70.0,4892191.06,1631691.018
PF08/0027/D617,MO,44.168083,10.644781,70.0,4891873.846,1631526.195
PF09/0027/D617,MO,44.167231,10.651966,50.0,4891790.681,1632102.488
PF10/0027/D617,MO,44.16598,10.639532,70.0,4891631.838,1631111.206
PF12/0027/D617,MO,44.16547,10.648308,50.0,4891589.253,1631813.989
PF14/0027/D617,MO,44.173044,10.648882,70.0,4892431.417,1631842.964
PF15/0027/D617,MO,44.166703,10.650449,8.0,4891729.63,1631982.4
PF16/0027/D617,MO,44.169191,10.649333,70.0,4892004.157,1631887.62
PF01/0028/D617,MO,44.173712,10.652867,50.0,4892512.035,1632160.11
PF02/0028/D617,MO,44.172689,10.655041,70.0,4892401.93,1632336.195
PF03/0028/D617,MO,44.171004,10.6538,70.0,4892212.779,1632240.732
PF04/0028/D617,MO,44.171856,10.660017,70.0,4892317.384,1632735.797
PF06/0028/D617,MO,44.169131,10.656076,52.0,4892008.329,1632426.89
PF07/0028/D617,MO,44.169333,10.664129,70.0,4892043.805,1633070.208
PF08/0028/D617,MO,44.16896,10.666489,70.0,4892006.235,1633259.762
PF09/0028/D617,MO,44.168193,10.652154,52.0,4891897.874,1632115.357
PF10/0028/D617,MO,44.167402,10.662302,70.0,4891826.392,1632928.481
PF12/0028/D617,MO,44.17076,10.665799,70.0,4892205.063,1633200.495
PF13/0028/D617,MO,44.171241,10.662917,70.0,4892253.755,1632969.059
PF01/0029/D617,MO,44.172668,10.668555,8.0,4892421.37,1633416.55
PF02/0029/D617,MO,44.168222,10.675928,52.0,4891939.529,1634016.065
PF03/0029/D617,MO,44.167271,10.6729,52.0,4891828.98,1633776.128
PF04/0029/D617,MO,44.164814,10.676921,52.0,4891562.671,1634103.151
PF05/0029/D617,MO,44.170268,10.669069,70.0,4892155.619,1633463.041
PF06/0029/D617,MO,44.169238,10.67163,52.0,4892045.465,1633670.129
PF07/0029/D617,MO,44.172701,10.670075,12.0,4892427.5,1633538.0
PF01/0030/D617,MO,44.162541,10.645911,10.0,4891260.1,1631628.8
PF02/0030/D617,MO,44.162192,10.653165,50.0,4891232.955,1632209.608
PF03/0030/D617,MO,44.160278,10.645403,72.0,4891007.857,1631593.228
PF04/0030/D617,MO,44.159455,10.647662,52.0,4890920.138,1631775.716
PF05/0030/D617,MO,44.158994,10.653638,10.0,4890878.5,1632254.6
PF06/0030/D617,MO,44.158851,10.656094,10.0,4890866.5,1632451.3
PF07/0030/D617,MO,44.157837,10.645884,70.0,4890737.521,1631637.094
PF08/0030/D617,MO,44.157515,10.648948,70.0,4890706.7,1631882.84
PF09/0030/D617,MO,44.155947,10.648009,70.0,4890530.949,1631811.301
PF01/0031/D617,MO,44.162855,10.668819,52.0,4891331.904,1633459.827
PF03/0031/D617,MO,44.163714,10.666316,8.0,4891423.26,1633257.75
PF01/0032/D617,MO,44.160076,10.672529,52.0,4891029.206,1633762.693
PF02/0032/D617,MO,44.157748,10.666204,52.0,4890760.322,1633262.175
PF03/0032/D617,MO,44.156422,10.663033,52.0,4890607.893,1633011.641
PF04/0032/D617,MO,44.15416,10.662136,52.0,4890355.217,1632944.952
PF05/0032/D617,MO,44.152541,10.664524,52.0,4890179.315,1633139.56
PF06/0032/D617,MO,44.152992,10.670125,11.0,4890238.5,1633586.5
PF07/0032/D617,MO,44.151762,10.666308,11.0,4890095.6,1633284.0
PF08/0032/D617,MO,44.1524,10.665305,8.0,4890164.83,1633202.36
PF01/0033/D617,MO,44.158262,10.678631,8.0,4890837.7,1634254.76
PF01/0038/D617,MO,44.161515,10.632489,70.0,4891124.759,1630557.916
PF02/0039/D617,MO,44.157207,10.608253,70.0,4890608.017,1628629.39
PF03/0039/D617,MO,44.155729,10.612516,70.0,4890450.539,1628973.492
PF04/0039/D617,MO,44.154863,10.607777,52.0,4890346.882,1628596.437
PF05/0039/D617,MO,44.161863,10.613393,70.0,4891133.255,1629030.292
PF06/0039/D617,MO,44.15442,10.611786,8.0,4890303.97,1628917.93
PF07/0039/D617,MO,44.159502,10.609597,70.0,4890865.043,1628731.903
PF01/0040/D617,MO,44.152189,10.622827,8.0,4890073.58,1629805.81
PF02/0040/D617,MO,44.150262,10.626966,12.0,4889866.0,1630141.0
PF01/0041/D617,MO,44.154296,10.630338,52.0,4890319.412,1630401.827
PF02/0041/D617,MO,44.148468,10.630096,52.0,4889671.759,1630395.315
PF03/0041/D617,MO,44.151296,10.635155,52.0,4889993.896,1630793.621
PF01/0042/D617,MO,44.145363,10.606981,8.0,4889290.43,1628553.36
PF02/0042/D617,MO,44.152084,10.60682,72.0,4890036.743,1628525.917
PF03/0042/D617,MO,44.148492,10.604596,52.0,4889634.276,1628355.87
PF01/0047/D617,MO,44.118339,10.610936,8.0,4886295.01,1628928.49
PF02/0047/D617,MO,44.12043,10.622724,8.0,4886545.79,1629867.1
PF01/0001/D711,MO,44.614474,10.791825,70.0,4941704.091,1642197.408
PF02/0001/D711,MO,44.61752,10.794377,70.0,4942046.906,1642392.418
PF03/0001/D711,MO,44.618096,10.790368,70.0,4942103.868,1642072.987
PF01/0002/D711,MO,44.618171,10.805201,70.0,4942138.213,1643249.669
PF03/0002/D711,MO,44.620823,10.794789,70.0,4942414.537,1642417.06
PF04/0002/D711,MO,44.618612,10.797419,70.0,4942173.465,1642631.136
PF05/0002/D711,MO,44.616308,10.799404,50.0,4941921.108,1642794.28
PF06/0002/D711,MO,44.614187,10.795021,50.0,4941677.788,1642451.69
PF07/0002/D711,MO,44.62337,10.795661,12.0,4942699.0,1642480.0
PF01/0003/D711,MO,44.617891,10.809153,52.0,4942114.014,1643563.88
PF02/0003/D711,MO,44.615388,10.807978,70.0,4941833.938,1643476.837
PF03/0003/D711,MO,44.615858,10.824322,70.0,4941914.928,1644772.416
PF04/0003/D711,MO,44.614384,10.81517,52.0,4941735.102,1644049.924
PF05/0003/D711,MO,44.618871,10.825715,52.0,4942252.145,1644875.453
PF07/0003/D711,MO,44.620493,10.816978,52.0,4942416.811,1644178.297
PF01/0004/D711,MO,44.607829,10.791287,70.0,4940965.042,1642170.973
PF02/0004/D711,MO,44.611886,10.794468,50.0,4941421.218,1642413.444
PF03/0004/D711,MO,44.609268,10.794193,52.0,4941129.897,1642397.994
PF04/0004/D711,MO,44.609382,10.797789,72.0,4941148.822,1642683.093
PF01/0005/D711,MO,44.607535,10.802792,52.0,4940952.422,1643084.58
PF02/0005/D711,MO,44.610265,10.804147,70.0,4941258.041,1643185.446
PF03/0005/D711,MO,44.611168,10.799836,50.0,4941350.844,1642841.128
PF04/0005/D711,MO,44.61295,10.805159,70.0,4941558.085,1643259.167
PF05/0005/D711,MO,44.610019,10.811968,52.0,4941244.475,1643806.612
PF06/0005/D711,MO,44.60922,10.808256,50.0,4941149.209,1643514.067
PF07/0005/D711,MO,44.613186,10.812213,52.0,4941596.701,1643818.274
PF01/0006/D711,MO,44.610385,10.824074,70.0,4941306.643,1644766.343
PF02/0006/D711,MO,44.605844,10.827044,70.0,4940807.391,1645013.285
PF03/0006/D711,MO,44.612103,10.819016,52.0,4941488.499,1644360.736
PF01/0007/D711,MO,44.605463,10.806122,50.0,4940728.134,1643353.922
PF02/0007/D711,MO,44.604752,10.802029,70.0,4940641.951,1643030.932
PF03/0007/D711,MO,44.601255,10.802164,72.0,4940253.791,1643050.188
PF05/0007/D711,MO,44.600826,10.809972,50.0,4940219.875,1643670.894
PF07/0007/D711,MO,44.605183,10.797064,52.0,4940681.206,1642635.815
PF08/0007/D711,MO,44.597933,10.804112,70.0,4939888.133,1643212.942
PF01/0008/D711,MO,44.606191,10.820972,52.0,4940835.238,1644530.603
PF02/0008/D711,MO,44.604302,10.816454,50.0,4940617.332,1644176.712
PF03/0008/D711,MO,44.602267,10.818271,72.0,4940394.579,1644325.936
PF04/0008/D711,MO,44.599046,10.816242,72.0,4940033.143,1644172.903
PF01/0009/D711,MO,44.597847,10.796392,5.0,4939865.14,1642600.45
PF04/0009/D711,MO,44.595403,10.795237,48.0,4939591.622,1642514.774
PF06/0009/D711,MO,44.600063,10.799147,50.0,4940116.073,1642813.695
PF08/0009/D711,MO,44.596079,10.798717,70.0,4939672.763,1642789.271
PF09/0009/D711,MO,44.599933,10.795593,50.0,4940095.361,1642531.961
PF03/0010/D711,MO,44.591475,10.798134,72.0,4939160.299,1642754.324
PF04/0010/D711,MO,44.597977,10.809583,50.0,4939902.673,1643647.026
PF05/0010/D711,MO,44.594995,10.804302,72.0,4939562.151,1643235.263
PF06/0010/D711,MO,44.591516,10.803166,70.0,4939173.641,1643153.619
PF08/0010/D711,MO,44.593668,10.797808,50.0,4939403.362,1642723.028
PF09/0010/D711,MO,44.588662,10.797318,72.0,4938846.455,1642696.388
PF10/0010/D711,MO,44.592579,10.806142,70.0,4939296.969,1643387.231
PF11/0010/D711,MO,44.595953,10.806644,50.0,4939672.63,1643418.786
PF12/0010/D711,MO,44.591462,10.808873,50.0,4939177.768,1643606.754
PF01/0011/D711,MO,44.599283,10.820179,50.0,4940066.459,1644484.776
PF02/0011/D711,MO,44.598983,10.82684,50.0,4940044.898,1645014.21
PF03/0011/D711,MO,44.596336,10.827773,50.0,4939752.528,1645094.799
PF04/0011/D711,MO,44.593354,10.826522,52.0,4939419.093,1645002.958
PF05/0011/D711,MO,44.591978,10.822779,52.0,4939259.592,1644709.231
PF06/0011/D711,MO,44.590891,10.826212,52.0,4939144.915,1644984.454
PF07/0011/D711,MO,44.594383,10.816859,70.0,4939516.286,1644233.421
PF08/0011/D711,MO,44.595316,10.812692,70.0,4939612.584,1643900.374
PF09/0011/D711,MO,44.597021,10.816941,72.0,4939809.497,1644233.365
PF01/0012/D711,MO,44.598959,10.831342,70.0,4940050.309,1645371.575
PF02/0012/D711,MO,44.598201,10.834355,70.0,4939971.491,1645612.533
PF03/0012/D711,MO,44.595135,10.833893,72.0,4939630.079,1645583.538
PF04/0012/D711,MO,44.601986,10.829967,50.0,4940384.086,1645254.886
PF05/0012/D711,MO,44.60556,10.831228,50.0,4940783.334,1645346.05
PF01/0013/D711,MO,44.60068,10.840774,72.0,4940258.272,1646115.79
PF03/0013/D711,MO,44.596897,10.840266,72.0,4939837.149,1646084.966
PF04/0013/D711,MO,44.596688,10.842955,72.0,4939818.714,1646298.897
PF05/0013/D711,MO,44.595513,10.846997,50.0,4939695.546,1646622.688
PF06/0013/D711,MO,44.594854,10.843912,70.0,4939616.776,1646379.435
PF07/0013/D711,MO,44.594382,10.850907,70.0,4939576.948,1646935.881
PF01/0014/D711,MO,44.599129,10.854086,70.0,4940109.937,1647176.171
PF02/0014/D711,MO,44.597303,10.852592,50.0,4939904.426,1647062.199
PF03/0014/D711,MO,44.599133,10.856792,70.0,4940115.243,1647390.927
PF04/0014/D711,MO,44.594605,10.86606,70.0,4939629.021,1648137.995
PF01/0015/D711,MO,44.594987,10.855349,8.0,4939652.09,1647286.88
PF03/0015/D711,MO,44.593852,10.85749,70.0,4939529.897,1647459.712
PF04/0015/D711,MO,44.592752,10.855972,12.0,4939405.0,1647342.0
PF01/0016/D711,MO,44.596223,10.857898,70.0,4939793.954,1647486.1
PF02/0016/D711,MO,44.593154,10.861061,70.0,4939458.86,1647744.88
PF04/0016/D711,MO,44.596038,10.860145,70.0,4939777.522,1647664.935
PF01/0017/D711,MO,44.592595,10.879285,50.0,4939429.872,1649192.802
PF02/0017/D711,MO,44.590786,10.878341,52.0,4939227.24,1649122.555
PF03/0017/D711,MO,44.593618,10.868884,50.0,4939524.535,1648364.703
PF04/0017/D711,MO,44.598419,10.870757,50.0,4940061.222,1648501.1
PF05/0017/D711,MO,44.6002,10.875579,52.0,4940267.845,1648879.267
PF06/0017/D711,MO,44.591101,10.874628,52.0,4939255.362,1648826.996
PF07/0017/D711,MO,44.596319,10.873281,52.0,4939832.564,1648706.757
PF01/0018/D711,MO,44.594606,10.881757,50.0,4939657.801,1649383.882
PF02/0018/D711,MO,44.592452,10.88194,52.0,4939418.851,1649403.928
PF03/0018/D711,MO,44.593846,10.891779,52.0,4939591.755,1650181.291
PF04/0018/D711,MO,44.590595,10.884896,50.0,4939218.027,1649643.324
PF05/0018/D711,MO,44.589033,10.887759,72.0,4939049.754,1649874.629
PF06/0018/D711,MO,44.585242,10.884493,50.0,4938622.574,1649625.124
PF07/0018/D711,MO,44.586218,10.891533,70.0,4938743.946,1650181.407
PF08/0018/D711,MO,44.583599,10.888678,12.0,4938447.8,1649961.5
PF01/0019/D711,MO,44.582806,10.823241,5.0,4938241.54,1644768.7
PF04/0019/D711,MO,44.587405,10.813332,52.0,4938734.933,1643970.671
PF05/0019/D711,MO,44.589207,10.811233,70.0,4938931.335,1643799.638
PF06/0019/D711,MO,44.590625,10.817326,70.0,4939099.641,1644279.809
PF07/0019/D711,MO,44.58969,10.820566,50.0,4939001.497,1644539.298
PF08/0019/D711,MO,44.585549,10.816746,70.0,4938534.764,1644246.274
PF09/0019/D711,MO,44.587173,10.823343,70.0,4938726.806,1644765.972
PF10/0019/D711,MO,44.586304,10.819741,50.0,4938623.932,1644482.147
PF01/0020/D711,MO,44.58596,10.83841,52.0,4938618.895,1645965.064
PF02/0020/D711,MO,44.585542,10.831914,70.0,4938560.879,1645450.429
PF03/0020/D711,MO,44.589669,10.829459,50.0,4939014.926,1645245.267
PF04/0020/D711,MO,44.586095,10.827827,50.0,4938615.03,1645124.615
PF05/0020/D711,MO,44.589139,10.833583,72.0,4938963.437,1645573.885
PF01/0021/D711,MO,44.592467,10.848319,52.0,4939359.481,1646735.282
PF02/0021/D711,MO,44.591837,10.84214,70.0,4939278.431,1646246.356
PF03/0021/D711,MO,44.589486,10.845713,52.0,4939023.655,1646535.931
PF04/0021/D711,MO,44.588553,10.849025,50.0,4938925.991,1646801.133
PF05/0021/D711,MO,44.590484,10.849072,48.0,4939140.579,1646800.042
PF06/0021/D711,MO,44.585587,10.848575,70.0,4938595.724,1646772.89
PF07/0021/D711,MO,44.588543,10.837745,72.0,4938904.711,1645905.778
PF08/0021/D711,MO,44.584936,10.844029,50.0,4938515.215,1646413.619
PF09/0021/D711,MO,44.583424,10.847741,70.0,4938354.016,1646712.158
PF10/0021/D711,MO,44.587682,10.84023,52.0,4938813.52,1646105.183
PF11/0021/D711,MO,44.582401,10.845528,50.0,4938236.373,1646539.006
PF12/0021/D711,MO,44.580039,10.841894,50.0,4937967.482,1646256.485
PF13/0021/D711,MO,44.586466,10.845963,50.0,4938688.642,1646563.342
PF14/0021/D711,MO,44.583101,10.842079,50.0,4938307.915,1646263.428
PF01/0022/D711,MO,44.588322,10.852847,50.0,4938907.235,1647105.117
PF02/0022/D711,MO,44.586954,10.850448,52.0,4938750.992,1646918.107
PF06/0022/D711,MO,44.580315,10.849359,70.0,4938011.48,1646848.397
PF09/0022/D711,MO,44.584988,10.85152,12.0,4938534.445,1647008.221
PF01/0023/D711,MO,44.59084,10.855052,70.0,4939190.945,1647273.796
PF02/0023/D711,MO,44.589311,10.857701,70.0,4939025.879,1647487.902
PF01/0024/D711,MO,44.591688,10.867176,70.0,4939307.109,1648233.999
PF02/0024/D711,MO,44.593596,10.86386,52.0,4939512.997,1647965.944
PF04/0024/D711,MO,44.589905,10.869145,50.0,4939112.575,1648394.855
PF05/0024/D711,MO,44.586926,10.861695,70.0,4938768.101,1647811.042
PF06/0024/D711,MO,44.589199,10.861232,70.0,4939019.803,1647768.489
PF07/0024/D711,MO,44.586189,10.868913,70.0,4938699.324,1648385.897
PF08/0024/D711,MO,44.581766,10.859435,70.0,4938190.853,1647644.684
PF09/0024/D711,MO,44.58154,10.865221,52.0,4938176.266,1648104.616
PF10/0024/D711,MO,44.583736,10.866213,52.0,4938421.986,1648177.798
PF01/0025/D711,MO,44.588454,10.799787,70.0,4938827.578,1642892.877
PF02/0025/D711,MO,44.584889,10.797185,70.0,4938427.12,1642695.088
PF03/0025/D711,MO,44.582474,10.801983,52.0,4938167.192,1643081.905
PF04/0025/D711,MO,44.581821,10.798924,52.0,4938089.266,1642840.626
PF05/0025/D711,MO,44.588926,10.804596,70.0,4938888.506,1643273.492
PF01/0026/D711,MO,44.579431,10.806106,52.0,4937836.381,1643416.672
PF02/0026/D711,MO,44.582744,10.80636,50.0,4938204.897,1643428.72
PF03/0026/D711,MO,44.576969,10.800882,58.0,4937553.76,1643007.955
PF04/0026/D711,MO,44.575437,10.804236,8.0,4937389.45,1643278.05
PF01/0027/D711,MO,44.583032,10.814601,52.0,4938251.435,1644082.263
PF07/0027/D711,MO,44.582085,10.81174,52.0,4938141.175,1643857.475
PF08/0027/D711,MO,44.579787,10.818473,70.0,4937897.735,1644397.674
PF10/0027/D711,MO,44.57862,10.826834,70.0,4937783.004,1645064.316
PF12/0027/D711,MO,44.578163,10.809935,52.0,4937702.323,1643723.771
PF15/0027/D711,MO,44.579929,10.822573,50.0,4937920.757,1644722.817
PF16/0027/D711,MO,44.580551,10.824256,12.0,4937992.871,1644854.839
PF01/0028/D711,MO,44.580906,10.831088,50.0,4938044.415,1645396.389
PF02/0028/D711,MO,44.578285,10.830625,70.0,4937752.525,1645366.179
PF01/0029/D711,MO,44.572507,10.842567,50.0,4937131.958,1646328.748
PF02/0029/D711,MO,44.582925,10.833502,70.0,4938272.993,1645583.029
PF04/0029/D711,MO,44.580314,10.83818,52.0,4937991.322,1645960.916
PF05/0029/D711,MO,44.58324,10.837985,50.0,4938316.012,1645938.105
PF06/0029/D711,MO,44.579195,10.835231,50.0,4937861.792,1645729.555
PF08/0029/D711,MO,44.578177,10.838118,52.0,4937753.878,1645961.311
PF09/0029/D711,MO,44.575201,10.83916,52.0,4937425.165,1646051.478
PF12/0029/D711,MO,44.574753,10.842416,50.0,4937381.162,1646311.159
PF13/0029/D711,MO,44.571963,10.839439,52.0,4937065.927,1646081.724
PF15/0029/D711,MO,44.576578,10.833787,50.0,4937568.514,1645621.464
PF16/0029/D711,MO,44.575102,10.835367,52.0,4937407.361,1645750.573
PF17/0029/D711,MO,44.584198,10.835795,52.0,4938418.522,1645761.844
PF01/0030/D711,MO,44.579299,10.847637,50.0,4937895.545,1646714.273
PF02/0030/D711,MO,44.576908,10.840121,52.0,4937616.517,1646123.489
PF03/0030/D711,MO,44.577148,10.842729,50.0,4937647.852,1646329.957
PF04/0030/D711,MO,44.576949,10.845637,50.0,4937630.895,1646561.385
PF01/0031/D711,MO,44.581532,10.851781,70.0,4938151.02,1647037.632
PF03/0031/D711,MO,44.57872,10.852231,70.0,4937839.511,1647080.408
PF04/0031/D711,MO,44.578306,10.849391,52.0,4937788.364,1646856.037
PF06/0031/D711,MO,44.576357,10.848573,50.0,4937570.43,1646795.987
PF07/0031/D711,MO,44.575659,10.850577,70.0,4937496.555,1646956.85
PF01/0032/D711,MO,44.575193,10.847736,5.0,4937439.64,1646732.43
PF02/0032/D711,MO,44.573006,10.844504,70.0,4937190.891,1646481.301
PF01/0033/D711,MO,44.58725,10.875687,5.0,4938829.6,1648920.91
PF02/0033/D711,MO,44.58309,10.872346,70.0,4938361.431,1648666.301
PF03/0033/D711,MO,44.585595,10.878294,50.0,4938650.524,1649132.045
PF04/0033/D711,MO,44.583144,10.869054,52.0,4938361.401,1648404.81
PF01/0034/D711,MO,44.578478,10.857134,70.0,4937821.476,1647470.341
PF02/0034/D711,MO,44.577434,10.863248,52.0,4937716.588,1647958.342
PF03/0034/D711,MO,44.576737,10.857109,52.0,4937627.999,1647472.694
PF04/0034/D711,MO,44.577171,10.854545,72.0,4937671.588,1647268.094
PF05/0034/D711,MO,44.575684,10.861212,52.0,4937518.511,1647801.133
PF06/0034/D711,MO,44.575016,10.854846,52.0,4937432.732,1647297.416
PF07/0034/D711,MO,44.573283,10.853011,70.0,4937236.918,1647156.077
PF09/0034/D711,MO,44.572182,10.856482,72.0,4937120.95,1647434.482
PF10/0034/D711,MO,44.569296,10.858169,52.0,4936803.347,1647575.746
PF12/0034/D711,MO,44.570995,10.853772,72.0,4936984.149,1647222.253
PF13/0034/D711,MO,44.57071,10.860745,70.0,4936965.102,1647776.714
PF01/0035/D711,MO,44.578924,10.880145,50.0,4937912.831,1649296.121
PF02/0035/D711,MO,44.576542,10.877642,50.0,4937643.621,1649103.427
PF03/0035/D711,MO,44.575118,10.870667,70.0,4937472.739,1648553.286
PF01/0036/D711,MO,44.575962,10.817655,52.0,4937471.416,1644342.162
PF02/0036/D711,MO,44.572825,10.820834,50.0,4937128.641,1644602.311
PF03/0036/D711,MO,44.570094,10.813066,70.0,4936811.467,1643992.262
PF04/0036/D711,MO,44.572339,10.811536,70.0,4937058.167,1643865.24
PF05/0036/D711,MO,44.56703,10.817737,50.0,4936479.396,1644370.788
PF06/0036/D711,MO,44.570056,10.81885,70.0,4936817.524,1644451.688
PF07/0036/D711,MO,44.568541,10.815283,70.0,4936642.922,1644172.211
PF09/0036/D711,MO,44.571255,10.816545,70.0,4936946.597,1644265.67
PF01/0037/D711,MO,44.568139,10.822695,52.0,4936611.349,1644761.746
PF02/0037/D711,MO,44.575845,10.828991,70.0,4937478.55,1645242.5
PF03/0037/D711,MO,44.575919,10.824821,50.0,4937479.382,1644911.206
PF04/0037/D711,MO,44.570913,10.823942,70.0,4936921.755,1644853.88
PF05/0037/D711,MO,44.57421,10.831144,50.0,4937300.761,1645417.543
PF06/0037/D711,MO,44.578212,10.822341,50.0,4937729.671,1644708.656
PF01/0038/D711,MO,44.571016,10.834482,50.0,4936951.911,1645690.525
PF02/0038/D711,MO,44.571488,10.838882,50.0,4937012.184,1646038.702
PF04/0038/D711,MO,44.570179,10.837007,50.0,4936863.455,1645893.099
PF05/0038/D711,MO,44.570702,10.844667,70.0,4936935.217,1646500.079
PF06/0038/D711,MO,44.566805,10.841841,70.0,4936497.327,1646285.394
PF07/0038/D711,MO,44.566375,10.829913,52.0,4936428.258,1645339.266
PF08/0038/D711,MO,44.567994,10.832484,52.0,4936612.698,1645539.38
PF09/0038/D711,MO,44.565947,10.827599,52.0,4936376.565,1645156.573
PF10/0038/D711,MO,44.568064,10.836548,50.0,4936627.712,1645861.918
PF11/0038/D711,MO,44.569891,10.840303,50.0,4936837.378,1646155.56
PF12/0038/D711,MO,44.568192,10.839023,50.0,4936646.3,1646058.171
PF13/0038/D711,MO,44.568507,10.843222,52.0,4936688.835,1646390.829
PF14/0038/D711,MO,44.568907,10.830331,52.0,4936710.197,1645366.202
PF15/0038/D711,MO,44.565855,10.834264,70.0,4936378.195,1645686.123
PF16/0038/D711,MO,44.565697,10.839221,70.0,4936369.483,1646080.101
PF01/0039/D711,MO,44.572335,10.849874,70.0,4937125.976,1646909.411
PF02/0039/D711,MO,44.571437,10.847531,50.0,4937022.068,1646725.576
PF03/0039/D711,MO,44.568764,10.848727,50.0,4936727.291,1646827.323
PF01/0040/D711,MO,44.567441,10.845174,70.0,4936573.899,1646548.463
PF02/0040/D711,MO,44.565645,10.848166,50.0,4936379.741,1646790.582
PF03/0040/D711,MO,44.568671,10.853284,70.0,4936725.118,1647189.394
PF01/0041/D711,MO,44.56496,10.845711,50.0,4936299.334,1646597.355
PF02/0041/D711,MO,44.562316,10.845747,52.0,4936005.665,1646606.869
PF03/0041/D711,MO,44.563794,10.849742,50.0,4936176.981,1646920.403
PF01/0042/D711,MO,44.566448,10.850537,50.0,4936473.303,1646976.835
PF02/0042/D711,MO,44.564624,10.853778,52.0,4936276.517,1647238.817
PF01/0043/D711,MO,44.564619,10.824844,8.0,4936224.14,1644941.14
PF02/0043/D711,MO,44.564144,10.828328,52.0,4936177.609,1645219.003
PF03/0043/D711,MO,44.562987,10.832109,70.0,4936055.853,1645522.141
PF04/0043/D711,MO,44.560996,10.826831,58.0,4935825.205,1645107.883
PF05/0043/D711,MO,44.561187,10.830969,70.0,4935853.797,1645436.04
PF06/0043/D711,MO,44.561645,10.834413,52.0,4935910.881,1645708.446
PF07/0043/D711,MO,44.558328,10.830948,72.0,4935536.212,1645441.548
PF09/0043/D711,MO,44.555045,10.830829,50.0,4935171.317,1645440.217
PF01/0044/D711,MO,44.564331,10.83973,70.0,4936218.723,1646123.937
PF02/0044/D711,MO,44.563643,10.842945,70.0,4936148.091,1646380.991
PF03/0044/D711,MO,44.562192,10.839957,52.0,4935981.533,1646147.327
PF04/0044/D711,MO,44.565897,10.840806,52.0,4936394.638,1646205.491
PF01/0045/D711,MO,44.561407,10.836519,52.0,4935888.15,1645876.303
PF02/0045/D711,MO,44.560451,10.838788,50.0,4935786.04,1646058.878
PF03/0045/D711,MO,44.560265,10.845942,52.0,4935778.153,1646627.511
PF04/0045/D711,MO,44.559891,10.843004,70.0,4935731.403,1646395.118
PF05/0045/D711,MO,44.55833,10.847551,50.0,4935566.102,1646760.116
PF01/0046/D711,MO,44.562112,10.863835,50.0,4936015.678,1648043.835
PF03/0046/D711,MO,44.560765,10.857856,50.0,4935855.236,1647572.405
PF04/0046/D711,MO,44.564362,10.856871,52.0,4936253.002,1647485.127
PF05/0046/D711,MO,44.560719,10.873803,52.0,4935879.043,1648838.975
PF06/0046/D711,MO,44.560183,10.861452,50.0,4935796.994,1647859.452
PF07/0046/D711,MO,44.564905,10.867013,70.0,4936331.687,1648289.089
PF08/0046/D711,MO,44.568753,10.869577,70.0,4936763.768,1648482.916
PF01/0047/D711,MO,44.570395,10.877825,50.0,4936961.229,1649133.713
PF01/0048/D711,MO,44.568678,10.883992,72.0,4936781.726,1649627.808
PF02/0048/D711,MO,44.565795,10.876665,56.0,4936448.103,1649053.337
PF03/0048/D711,MO,44.56383,10.879023,50.0,4936234.142,1649245.616
PF04/0048/D711,MO,44.564418,10.887085,50.0,4936314.218,1649884.288
PF05/0048/D711,MO,44.562442,10.886112,50.0,4936092.884,1649812.132
PF06/0048/D711,MO,44.559875,10.878706,52.0,4935794.23,1649230.56
PF07/0048/D711,MO,44.559558,10.881398,52.0,4935763.949,1649445.121
PF01/0049/D711,MO,44.56047,10.854191,70.0,4935815.791,1647282.11
PF05/0049/D711,MO,44.555908,10.855079,70.0,4935310.672,1647364.107
PF06/0049/D711,MO,44.557933,10.859791,50.0,4935544.104,1647733.241
PF07/0049/D711,MO,44.556495,10.852024,70.0,4935370.288,1647120.009
PF08/0049/D711,MO,44.552149,10.854719,70.0,4934892.451,1647345.053
PF09/0049/D711,MO,44.551772,10.857731,70.0,4934855.956,1647585.235
PF10/0049/D711,MO,44.554849,10.858459,70.0,4935199.118,1647635.254
PF11/0049/D711,MO,44.549435,10.848583,72.0,4934579.958,1646864.439
PF12/0049/D711,MO,44.553898,10.856107,70.0,4935089.248,1647450.868
PF14/0049/D711,MO,44.552053,10.851948,70.0,4934876.729,1647125.199
PF15/0049/D711,MO,44.55802,10.859764,8.0,4935553.68,1647730.89
PF16/0049/D711,MO,44.558878,10.856629,50.0,4935643.349,1647479.777
PF02/0050/D711,MO,44.549734,10.870865,50.0,4934653.402,1648633.597
PF03/0050/D711,MO,44.549668,10.865309,50.0,4934636.046,1648192.438
PF04/0050/D711,MO,44.546581,10.86932,50.0,4934300.359,1648518.954
PF05/0050/D711,MO,44.552988,10.862688,70.0,4935000.053,1647975.856
PF07/0050/D711,MO,44.55892,10.865538,52.0,4935664.155,1648187.177
PF01/0051/D711,MO,44.553778,10.885255,52.0,4935128.988,1649766.295
PF02/0051/D711,MO,44.557461,10.872896,52.0,4935515.477,1648775.28
PF03/0051/D711,MO,44.557211,10.881637,50.0,4935503.615,1649470.18
PF04/0051/D711,MO,44.552583,10.881992,50.0,4934990.171,1649510.215
PF05/0051/D711,MO,44.553425,10.872219,50.0,4935065.903,1648731.822
PF02/0052/D711,MO,44.559851,10.887627,52.0,4935807.866,1649939.1
PF03/0052/D711,MO,44.563075,10.893001,50.0,4936175.927,1650357.621
PF04/0052/D711,MO,44.556077,10.888218,70.0,4935389.783,1649995.711
PF05/0052/D711,MO,44.558032,10.887679,50.0,4935605.918,1649947.897
PF07/0052/D711,MO,44.555394,10.893204,72.0,4935323.073,1650393.458
PF08/0052/D711,MO,44.556814,10.891202,72.0,4935477.072,1650230.814
PF10/0052/D711,MO,44.553195,10.893521,52.0,4935079.314,1650424.353
PF11/0052/D711,MO,44.558132,10.895125,52.0,4935630.702,1650538.995
PF02/0053/D711,MO,44.556053,10.900506,50.0,4935409.698,1650971.744
PF03/0053/D711,MO,44.554522,10.903815,50.0,4935245.817,1651238.492
PF04/0053/D711,MO,44.55299,10.895979,70.0,4935061.106,1650620.099
PF05/0053/D711,MO,44.551369,10.899553,58.0,4934887.613,1650908.138
PF07/0053/D711,MO,44.548999,10.901587,50.0,4934628.134,1651075.852
PF08/0053/D711,MO,44.550051,10.898483,52.0,4934739.286,1650826.596
PF09/0053/D711,MO,44.548542,10.897423,52.0,4934569.687,1650746.299
PF10/0053/D711,MO,44.55738,10.903137,50.0,4935561.958,1651177.291
PF11/0053/D711,MO,44.553172,10.900894,50.0,4935090.426,1651010.051
PF12/0053/D711,MO,44.551466,10.894117,70.0,4934888.383,1650476.143
PF13/0053/D711,MO,44.549546,10.895023,52.0,4934676.844,1650553.043
PF01/0054/D711,MO,44.551057,10.905024,50.0,4934863.073,1651343.548
PF02/0054/D711,MO,44.548658,10.903848,52.0,4934594.441,1651256.346
PF03/0054/D711,MO,44.547546,10.908102,70.0,4934478.827,1651597.125
PF04/0054/D711,MO,44.555364,10.908553,50.0,4935348.095,1651612.639
PF05/0054/D711,MO,44.552649,10.916667,52.0,4935061.616,1652264.166
PF01/0055/D711,MO,44.550424,10.873984,52.0,4934735.742,1648879.652
PF02/0055/D711,MO,44.546869,10.872893,50.0,4934338.91,1648802.033
PF04/0055/D711,MO,44.550169,10.879032,50.0,4934716.637,1649281.233
PF05/0055/D711,MO,44.545534,10.884664,70.0,4934212.065,1649740.486
PF06/0055/D711,MO,44.549909,10.884583,50.0,4934697.899,1649722.81
PF07/0055/D711,MO,44.54582,10.88102,70.0,4934237.196,1649450.252
PF01/0056/D711,MO,44.551966,10.89095,5.0,4934938.15,1650223.28
PF02/0056/D711,MO,44.550847,10.888159,70.0,4934808.637,1650004.452
PF03/0056/D711,MO,44.54553,10.888284,70.0,4934218.266,1650028.073
PF04/0056/D711,MO,44.548652,10.890369,70.0,4934568.877,1650185.686
PF01/0057/D711,MO,44.544835,10.900388,52.0,4934163.451,1650991.407
PF02/0057/D711,MO,44.542881,10.907177,50.0,4933958.936,1651535.799
PF04/0057/D711,MO,44.541186,10.899671,52.0,4933756.683,1650943.876
PF05/0057/D711,MO,44.546631,10.901675,52.0,4934365.291,1651088.973
PF06/0057/D711,MO,44.541896,10.905096,52.0,4933845.589,1651372.964
PF07/0057/D711,MO,44.539716,10.90398,50.0,4933601.425,1651289.945
PF01/0001/D783,MO,44.341363,10.53213,52.0,4910947.14,1622160.579
PF01/0002/D783,MO,44.327418,10.530074,52.0,4909395.035,1622025.532
PF02/0003/D783,MO,44.325903,10.541725,52.0,4909244.142,1622957.73
PF03/0003/D783,MO,44.326486,10.535588,52.0,4909299.745,1622467.188
PF04/0003/D783,MO,44.329282,10.542993,10.0,4909621.421,1623051.788
PF01/0004/D783,MO,44.317637,10.531323,52.0,4908310.492,1622145.478
PF01/0005/D783,MO,44.322615,10.543718,52.0,4908881.936,1623123.536
PF02/0005/D783,MO,44.31908,10.541821,72.0,4908486.444,1622979.61
PF04/0005/D783,MO,44.315601,10.54502,52.0,4908104.764,1623242.042
PF05/0005/D783,MO,44.319233,10.538539,70.0,4908498.529,1622717.587
PF06/0005/D783,MO,44.318812,10.534724,70.0,4908446.008,1622414.243
PF07/0005/D783,MO,44.323432,10.538894,12.0,4908965.506,1622737.103
PF01/0006/D783,MO,44.321371,10.546733,72.0,4908748.314,1623366.491
PF02/0006/D783,MO,44.322779,10.551218,72.0,4908911.464,1623721.234
PF03/0006/D783,MO,44.322815,10.551169,8.0,4908915.39,1623717.25
PF01/0007/D783,MO,44.313169,10.555527,8.0,4907850.53,1624085.07
PF01/0008/D783,MO,44.320557,10.571117,8.0,4908694.87,1625312.7
PF02/0008/D783,MO,44.318491,10.568309,8.0,4908461.03,1625093.13
PF03/0008/D783,MO,44.320392,10.561022,70.0,4908661.142,1624508.074
PF01/0009/D783,MO,44.320686,10.584458,52.0,4908729.656,1626376.319
PF02/0009/D783,MO,44.31839,10.582547,70.0,4908471.627,1626228.806
PF01/0012/D783,MO,44.318509,10.600577,70.0,4908512.748,1627666.42
PF03/0012/D783,MO,44.315673,10.604447,52.0,4908203.801,1627981.189
PF04/0012/D783,MO,44.319107,10.586684,70.0,4908557.696,1626557.177
PF05/0012/D783,MO,44.316628,10.591416,70.0,4908289.664,1626939.847
PF06/0012/D783,MO,44.318913,10.593124,70.0,4908546.078,1627071.143
PF07/0012/D783,MO,44.316215,10.600697,70.0,4908258.19,1627680.932
PF01/0013/D783,MO,44.311251,10.522348,70.0,4907587.805,1621442.911
PF02/0013/D783,MO,44.306882,10.518799,70.0,4907097.26,1621168.811
PF04/0013/D783,MO,44.313356,10.52528,70.0,4907825.972,1621672.384
PF05/0013/D783,MO,44.309751,10.523913,12.0,4907423.5,1621570.8
PF01/0014/D783,MO,44.311406,10.527035,70.0,4907611.956,1621816.336
PF02/0014/D783,MO,44.310849,10.531262,52.0,4907556.438,1622154.656
PF03/0014/D783,MO,44.310224,10.536876,50.0,4907495.379,1622603.698
PF05/0014/D783,MO,44.306713,10.535401,72.0,4907103.167,1622493.375
PF06/0014/D783,MO,44.3033,10.536354,72.0,4906725.514,1622576.514
PF07/0014/D783,MO,44.313031,10.53674,52.0,4907806.924,1622587.019
PF08/0014/D783,MO,44.315577,10.530767,70.0,4908080.882,1622105.396
PF09/0014/D783,MO,44.309001,10.530625,52.0,4907350.18,1622107.71
PF01/0015/D783,MO,44.305527,10.521564,52.0,4906950.802,1621392.133
PF02/0015/D783,MO,44.303816,10.526348,72.0,4906767.855,1621777.27
PF03/0015/D783,MO,44.302941,10.538718,72.0,4906689.09,1622765.779
PF04/0015/D783,MO,44.301209,10.533755,72.0,4906489.35,1622373.482
PF05/0015/D783,MO,44.302121,10.524886,70.0,4906577.404,1621664.174
PF01/0018/D783,MO,44.310085,10.56877,50.0,4907528.091,1625147.824
PF02/0018/D783,MO,44.305738,10.568351,50.0,4907044.625,1625123.624
PF03/0018/D783,MO,44.306326,10.567531,8.0,4907108.6,1625056.93
PF01/0019/D783,MO,44.308782,10.57232,50.0,4907388.721,1625433.694
PF02/0019/D783,MO,44.304948,10.575992,70.0,4906968.546,1625734.737
PF03/0019/D783,MO,44.301434,10.576653,70.0,4906579.149,1625795.021
PF01/0020/D783,MO,44.312116,10.587922,8.0,4907783.1,1626670.98
PF02/0020/D783,MO,44.30915,10.590965,52.0,4907458.317,1626920.056
PF03/0020/D783,MO,44.307956,10.584661,70.0,4907315.894,1626419.817
PF01/0021/D783,MO,44.301946,10.516691,70.0,4906545.828,1621010.788
PF02/0021/D783,MO,44.301784,10.520825,50.0,4906533.944,1621340.929
PF03/0021/D783,MO,44.298874,10.517862,70.0,4906206.404,1621110.529
PF04/0021/D783,MO,44.295406,10.517416,52.0,4905820.467,1621082.071
PF06/0021/D783,MO,44.297517,10.511135,12.0,4906045.7,1620576.7
PF01/0022/D783,MO,44.298206,10.528809,72.0,4906148.378,1621985.16
PF02/0022/D783,MO,44.293465,10.52241,52.0,4905612.289,1621484.513
PF03/0022/D783,MO,44.293458,10.527097,52.0,4905618.416,1621858.414
PF04/0022/D783,MO,44.295961,10.525943,50.0,4905894.81,1621761.167
PF01/0023/D783,MO,44.298996,10.551188,52.0,4906269.701,1623768.779
PF01/0024/D783,MO,44.302242,10.564279,10.0,4906650.1,1624806.2
PF02/0024/D783,MO,44.2993,10.563637,52.0,4906322.248,1624761.271
PF03/0024/D783,MO,44.299313,10.568883,70.0,4906331.697,1625179.691
PF04/0024/D783,MO,44.295778,10.562859,70.0,4905929.851,1624706.632
PF05/0024/D783,MO,44.301093,10.554374,8.0,4906507.41,1624018.56
PF01/0025/D783,MO,44.298233,10.579695,68.0,4906228.253,1626044.494
PF02/0025/D783,MO,44.29885,10.588377,68.0,4906310.186,1626735.786
PF01/0026/D783,MO,44.29863,10.595705,8.0,4906297.1,1627320.8
PF02/0026/D783,MO,44.295559,10.596522,72.0,4905957.259,1627392.598
PF03/0026/D783,MO,44.296455,10.593321,70.0,4906051.801,1627135.325
PF05/0026/D783,MO,44.29399,10.593871,70.0,4905778.832,1627184.542
PF06/0026/D783,MO,44.295534,10.589849,70.0,4905944.192,1626860.321
PF08/0026/D783,MO,44.300224,10.596496,12.0,4906475.426,1627380.46
PF01/0027/D783,MO,44.293873,10.520092,9.0,4905654.2,1621298.75
PF02/0027/D783,MO,44.291964,10.518323,48.0,4905439.571,1621161.521
PF01/0028/D783,MO,44.288207,10.520944,52.0,4905026.059,1621378.391
PF02/0028/D783,MO,44.284758,10.529788,70.0,4904656.109,1622091.161
PF03/0028/D783,MO,44.283422,10.532462,70.0,4904511.625,1622307.296
PF04/0028/D783,MO,44.281573,10.529251,70.0,4904301.462,1622054.922
PF05/0028/D783,MO,44.28401,10.523981,70.0,4904564.343,1621629.37
PF06/0028/D783,MO,44.281383,10.534049,50.0,4904287.596,1622438.134
PF07/0028/D783,MO,44.289908,10.525243,72.0,4905221.416,1621717.811
PF02/0029/D783,MO,44.282456,10.539432,70.0,4904414.839,1622865.419
PF03/0029/D783,MO,44.287561,10.537265,8.0,4904978.63,1622681.94
PF01/0030/D783,MO,44.283486,10.547313,52.0,4904541.032,1623492.123
PF02/0030/D783,MO,44.288864,10.549731,8.0,4905142.05,1623673.78
PF01/0031/D783,MO,44.296633,10.550961,52.0,4906006.88,1623755.64
PF02/0031/D783,MO,44.296613,10.554161,12.0,4906009.5,1624011.0
PF03/0031/D783,MO,44.291202,10.565018,70.0,4905424.902,1624888.526
PF01/0032/D783,MO,44.286092,10.562304,70.0,4904853.134,1624682.827
PF02/0032/D783,MO,44.288227,10.561312,70.0,4905088.787,1624599.197
PF01/0033/D783,MO,44.294196,10.571574,9.0,4905767.45,1625405.25
PF02/0033/D783,MO,44.296424,10.572227,70.0,4906015.902,1625452.61
PF03/0033/D783,MO,44.298965,10.575848,70.0,4906303.661,1625736.014
PF04/0033/D783,MO,44.299808,10.572603,72.0,4906392.398,1625475.416
PF01/0034/D783,MO,44.297281,10.568337,70.0,4906105.124,1625140.437
PF02/0034/D783,MO,44.294099,10.567426,70.0,4905750.375,1625074.506
PF03/0034/D783,MO,44.292007,10.569795,70.0,4905521.551,1625267.989
PF04/0034/D783,MO,44.290585,10.567391,70.0,4905360.002,1625079.186
PF02/0035/D783,MO,44.295133,10.574747,70.0,4905876.336,1625656.37
PF03/0035/D783,MO,44.293547,10.578273,52.0,4905705.611,1625941.055
PF04/0035/D783,MO,44.290922,10.581492,52.0,4905418.944,1626203.471
PF06/0035/D783,MO,44.292822,10.590623,52.0,4905644.098,1626927.906
PF07/0035/D783,MO,44.289507,10.58918,52.0,4905273.61,1626819.923
PF02/0036/D783,MO,44.29185,10.573039,50.0,4905509.051,1625527.102
PF04/0036/D783,MO,44.288128,10.566504,50.0,4905085.73,1625013.668
PF01/0037/D783,MO,44.290397,10.575763,50.0,4905351.874,1625747.549
PF02/0037/D783,MO,44.283299,10.582332,70.0,4904573.51,1626286.827
PF03/0037/D783,MO,44.283104,10.579,70.0,4904546.732,1626021.418
PF04/0037/D783,MO,44.280753,10.580726,52.0,4904288.239,1626164.155
PF06/0037/D783,MO,44.285845,10.581271,8.0,4904854.74,1626196.73
PF07/0037/D783,MO,44.284016,10.576168,70.0,4904643.726,1625793.484
PF01/0038/D783,MO,44.287098,10.589381,70.0,4905006.4,1626841.112
PF02/0038/D783,MO,44.281223,10.583823,52.0,4904345.217,1626410.26
PF03/0038/D783,MO,44.284676,10.588627,70.0,4904736.204,1626786.177
PF04/0038/D783,MO,44.280565,10.58241,8.0,4904270.02,1626298.97
PF01/0039/D783,MO,44.279015,10.521539,8.0,4904005.89,1621444.77
PF02/0039/D783,MO,44.279216,10.518823,70.0,4904024.268,1621227.628
PF03/0039/D783,MO,44.279218,10.51441,70.0,4904017.946,1620875.451
PF04/0039/D783,MO,44.277492,10.514921,70.0,4903827.045,1620919.798
PF06/0039/D783,MO,44.278526,10.525156,50.0,4903957.018,1621734.396
PF02/0040/D783,MO,44.273243,10.516655,70.0,4903357.628,1621066.863
PF03/0040/D783,MO,44.272959,10.524296,52.0,4903337.303,1621677.263
PF04/0040/D783,MO,44.270243,10.518555,70.0,4903027.186,1621224.691
PF06/0040/D783,MO,44.270602,10.528378,52.0,4903081.631,1622007.937
PF07/0040/D783,MO,44.269494,10.522994,70.0,4902950.542,1621580.484
PF08/0040/D783,MO,44.272182,10.51896,52.0,4903243.111,1621253.031
PF01/0041/D783,MO,44.274199,10.533676,70.0,4903488.997,1622423.303
PF02/0041/D783,MO,44.273018,10.53246,52.0,4903356.011,1622328.718
PF03/0041/D783,MO,44.279095,10.536311,70.0,4904036.786,1622623.388
PF04/0041/D783,MO,44.276053,10.534512,52.0,4903696.256,1622486.165
PF05/0041/D783,MO,44.275265,10.537657,12.0,4903613.4,1622738.8
PF01/0042/D783,MO,44.277709,10.544457,52.0,4903895.029,1623276.382
PF02/0042/D783,MO,44.272816,10.54418,70.0,4903351.094,1623264.426
PF03/0042/D783,MO,44.277343,10.545881,8.0,4903856.57,1623390.75
PF01/0043/D783,MO,44.279956,10.571312,70.0,4904185.285,1625414.63
PF02/0043/D783,MO,44.279714,10.554905,70.0,4904133.502,1624105.88
PF03/0043/D783,MO,44.278654,10.56662,8.0,4904033.58,1625042.98
PF01/0044/D783,MO,44.273192,10.569984,8.0,4903432.0,1625323.0
PF02/0044/D783,MO,44.274504,10.572473,70.0,4903581.442,1625518.848
PF03/0044/D783,MO,44.273617,10.567021,70.0,4903474.603,1625085.695
PF01/0045/D783,MO,44.278022,10.586472,70.0,4903993.77,1626628.515
PF02/0045/D783,MO,44.277736,10.580444,52.0,4903952.764,1626148.135
PF03/0045/D783,MO,44.273483,10.575217,52.0,4903472.298,1625740.029
PF01/0046/D783,MO,44.266608,10.509965,9.0,4902610.8,1620546.5
PF02/0046/D783,MO,44.266896,10.517173,70.0,4902653.316,1621121.239
PF03/0046/D783,MO,44.269094,10.506612,70.0,4902882.005,1620273.836
PF04/0046/D783,MO,44.264984,10.514595,70.0,4902437.157,1620919.386
PF05/0046/D783,MO,44.267256,10.506232,70.0,4902677.29,1620247.239
PF06/0046/D783,MO,44.268171,10.50299,70.0,4902774.177,1619986.597
PF01/0047/D783,MO,44.267844,10.528732,52.0,4902775.8,1622041.901
PF03/0047/D783,MO,44.264784,10.522408,52.0,4902426.557,1621543.402
PF04/0047/D783,MO,44.26134,10.532675,70.0,4902059.176,1622370.052
PF01/0048/D783,MO,44.271219,10.548402,70.0,4903180.105,1623604.746
PF02/0048/D783,MO,44.268212,10.549204,52.0,4902847.28,1623675.036
PF01/0049/D783,MO,44.268777,10.557677,8.0,4902922.83,1624350.17
PF02/0049/D783,MO,44.267909,10.55852,70.0,4902827.761,1624419.221
PF03/0049/D783,MO,44.269741,10.5613,70.0,4903035.468,1624637.277
PF04/0049/D783,MO,44.265188,10.555278,70.0,4902520.616,1624166.234
PF05/0049/D783,MO,44.273505,10.557834,70.0,4903448.27,1624352.695
PF01/0051/D783,MO,44.26892,10.586176,8.0,4902982.3,1626624.47
PF01/0053/D783,MO,44.264548,10.501968,50.0,4902370.23,1619912.377
PF02/0053/D783,MO,44.264929,10.496889,52.0,4902405.15,1619506.233
PF01/0054/D783,MO,44.262355,10.516281,52.0,4902147.663,1621059.33
PF02/0054/D783,MO,44.263934,10.506144,50.0,4902308.171,1620246.978
PF03/0054/D783,MO,44.263946,10.51135,50.0,4902317.133,1620662.464
PF04/0054/D783,MO,44.26216,10.508854,52.0,4902115.104,1620466.952
PF01/0055/D783,MO,44.25889,10.530836,9.0,4901784.3,1622228.35
PF02/0055/D783,MO,44.262065,10.523325,70.0,4902125.845,1621622.253
PF03/0055/D783,MO,44.254753,10.531479,70.0,4901325.746,1622288.252
PF04/0055/D783,MO,44.257428,10.5327,70.0,4901624.662,1622380.194
PF05/0055/D783,MO,44.258192,10.534461,72.0,4901712.154,1622519.196
PF01/0056/D783,MO,44.255099,10.545196,70.0,4901384.666,1623382.599
PF02/0056/D783,MO,44.263217,10.540346,8.0,4902279.2,1622978.49
PF01/0057/D783,MO,44.257308,10.550774,9.0,4901638.5,1623823.3
PF02/0057/D783,MO,44.262891,10.554522,70.0,4902264.277,1624110.731
PF04/0057/D783,MO,44.256155,10.548261,12.0,4901506.6,1623625.1
PF01/0058/D783,MO,44.258234,10.557741,50.0,4901751.828,1624377.492
PF02/0058/D783,MO,44.261237,10.556913,72.0,4902084.193,1624305.039
PF03/0058/D783,MO,44.264588,10.558798,50.0,4902459.286,1624448.433
PF01/0059/D783,MO,44.261447,10.575693,8.0,4902136.12,1625803.7
PF01/0061/D783,MO,44.251497,10.492218,50.0,4900906.421,1619160.542
PF02/0061/D783,MO,44.249264,10.491291,50.0,4900656.98,1619090.998
PF03/0061/D783,MO,44.241667,10.496812,72.0,4899821.148,1619547.202
PF04/0061/D783,MO,44.251489,10.495532,50.0,4900910.282,1619425.119
PF01/0062/D783,MO,44.248572,10.509249,50.0,4900606.394,1620526.161
PF01/0063/D783,MO,44.246859,10.520366,70.0,4900432.499,1621417.299
PF02/0063/D783,MO,44.244678,10.526147,52.0,4900198.757,1621883.389
PF03/0063/D783,MO,44.245865,10.529891,52.0,4900336.111,1622179.845
PF01/0064/D783,MO,44.253266,10.543521,70.0,4901178.655,1623252.676
PF02/0064/D783,MO,44.253423,10.540459,72.0,4901191.454,1623007.947
PF03/0064/D783,MO,44.251653,10.541179,72.0,4900995.961,1623069.081
PF04/0064/D783,MO,44.249417,10.528682,50.0,4900728.901,1622075.99
PF05/0064/D783,MO,44.252597,10.537332,50.0,4901095.074,1622759.983
PF06/0064/D783,MO,44.250154,10.539895,8.0,4900827.48,1622969.7
PF01/0065/D783,MO,44.25278,10.547185,70.0,4901130.133,1623546.21
PF01/0066/D783,MO,44.25609,10.553402,70.0,4901507.102,1624035.584
PF01/0068/D783,MO,44.239384,10.496579,72.0,4899567.219,1619533.179
PF02/0068/D783,MO,44.243798,10.498032,50.0,4900059.684,1619640.303
PF01/0069/D783,MO,44.246141,10.509794,50.0,4900337.134,1620574.707
PF02/0069/D783,MO,44.249054,10.514545,50.0,4900667.72,1620948.007
PF03/0069/D783,MO,44.243272,10.511464,52.0,4900020.858,1620713.879
PF01/0070/D783,MO,44.235693,10.511447,52.0,4899179.016,1620727.992
PF02/0070/D783,MO,44.231117,10.514312,72.0,4898674.975,1620966.143
PF01/0071/D783,MO,44.245968,10.537978,50.0,4900359.635,1622825.332
PF01/0072/D783,MO,44.238575,10.522719,52.0,4899515.728,1621622.223
PF02/0072/D783,MO,44.238722,10.527054,52.0,4899538.568,1621968.075
PF03/0072/D783,MO,44.243799,10.516902,52.0,4900087.487,1621147.013
PF04/0072/D783,MO,44.243187,10.520385,70.0,4900024.635,1621426.352
PF01/0073/D783,MO,44.243035,10.544533,52.0,4900043.701,1623354.902
PF02/0073/D783,MO,44.239623,10.537523,52.0,4899654.17,1622802.19
PF03/0073/D783,MO,44.239983,10.5433,8.0,4899702.8,1623262.8
PF01/0075/D783,MO,44.235955,10.573777,8.0,4899301.65,1625705.04
PF01/0076/D783,MO,44.252827,10.576703,8.0,4901180.21,1625902.68
PF01/0077/D783,MO,44.240877,10.487873,52.0,4899720.458,1618834.987
PF02/0077/D783,MO,44.237469,10.489505,52.0,4899344.255,1618972.179
PF03/0077/D783,MO,44.23812,10.493276,52.0,4899422.025,1619272.016
PF04/0077/D783,MO,44.243921,10.487745,52.0,4900058.366,1618818.646
PF05/0077/D783,MO,44.241044,10.488139,52.0,4899739.396,1618855.895
PF02/0078/D783,MO,44.227563,10.500601,70.0,4898260.149,1619878.403
PF01/0079/D783,MO,44.236044,10.517161,70.0,4899226.383,1621183.644
PF02/0079/D783,MO,44.233767,10.519536,72.0,4898976.974,1621377.918
PF03/0079/D783,MO,44.235936,10.531557,52.0,4899235.809,1622333.487
PF04/0079/D783,MO,44.236158,10.523954,70.0,4899249.185,1621725.809
PF05/0079/D783,MO,44.236458,10.520712,52.0,4899277.669,1621466.352
PF02/0080/D783,MO,44.235013,10.544124,12.0,4899152.0,1623339.0
PF01/0083/D783,MO,44.219336,10.488993,52.0,4897329.384,1618967.817
PF02/0083/D783,MO,44.223908,10.489916,52.0,4897838.617,1619032.291
PF01/0084/D783,MO,44.22513,10.509853,52.0,4898003.377,1620622.311
PF02/0084/D783,MO,44.224189,10.512392,50.0,4897902.555,1620827.035
PF03/0084/D783,MO,44.229145,10.514144,50.0,4898455.666,1620956.823
PF05/0084/D783,MO,44.22315,10.499998,70.0,4897769.013,1619839.132
PF06/0084/D783,MO,44.227259,10.51106,52.0,4898241.69,1620714.368
PF07/0084/D783,MO,44.224022,10.503583,50.0,4897871.172,1620123.73
PF08/0084/D783,MO,44.226885,10.501227,52.0,4898185.689,1619929.746
PF09/0084/D783,MO,44.226941,10.507874,52.0,4898201.62,1620460.566
PF10/0084/D783,MO,44.229316,10.502744,12.0,4898458.0,1620046.0
PF01/0085/D783,MO,44.226627,10.518295,9.0,4898182.1,1621293.5
PF02/0085/D783,MO,44.226552,10.514724,52.0,4898168.526,1621008.424
PF01/0086/D783,MO,44.230157,10.529867,72.0,4898591.33,1622210.46
PF02/0086/D783,MO,44.22715,10.523083,72.0,4898247.32,1621674.865
PF03/0086/D783,MO,44.227093,10.519329,72.0,4898235.423,1621375.136
PF01/0087/D783,MO,44.228039,10.539456,68.0,4898370.404,1622980.71
PF02/0087/D783,MO,44.228956,10.543414,8.0,4898478.21,1623294.9
PF03/0087/D783,MO,44.229075,10.543678,68.0,4898491.789,1623315.719
PF01/0089/D783,MO,44.20896,10.488775,12.0,4896176.54,1618971.26
PF02/0089/D783,MO,44.210428,10.490551,12.0,4896342.25,1619110.22
PF02/0090/D783,MO,44.223142,10.510284,50.0,4897783.231,1620660.762
PF03/0090/D783,MO,44.217856,10.515036,52.0,4897203.065,1621051.167
PF04/0090/D783,MO,44.217457,10.514367,70.0,4897157.708,1620998.556
PF01/0091/D783,MO,44.213998,10.510428,70.0,4896767.782,1620690.979
PF02/0091/D783,MO,44.214559,10.513251,52.0,4896834.254,1620915.342
PF03/0091/D783,MO,44.212636,10.512989,50.0,4896620.2,1620898.29
PF04/0091/D783,MO,44.216979,10.51195,52.0,4897101.119,1620806.46
PF05/0091/D783,MO,44.211958,10.508902,50.0,4896538.911,1620573.222
PF06/0091/D783,MO,44.209174,10.509018,70.0,4896229.871,1620588.128
PF08/0091/D783,MO,44.20921,10.498978,52.0,4896219.131,1619785.968
PF09/0091/D783,MO,44.210909,10.502812,12.0,4896413.5,1620088.8
PF01/0092/D783,MO,44.220681,10.51607,52.0,4897518.365,1621127.941
PF02/0092/D783,MO,44.224177,10.517416,50.0,4897908.662,1621228.304
PF03/0092/D783,MO,44.224904,10.520517,52.0,4897993.975,1621474.553
PF04/0092/D783,MO,44.220312,10.520638,70.0,4897484.106,1621493.626
PF01/0093/D783,MO,44.214888,10.529367,68.0,4896894.647,1622202.136
PF02/0093/D783,MO,44.214163,10.517656,70.0,4896796.687,1621268.038
PF03/0093/D783,MO,44.214641,10.524825,50.0,4896860.363,1621839.763
PF04/0093/D783,MO,44.213921,10.521165,50.0,4896774.985,1621548.825
PF05/0093/D783,MO,44.214325,10.515213,50.0,4896811.055,1621072.538
PF06/0093/D783,MO,44.211801,10.515179,12.0,4896530.72,1621075.0
PF01/0094/D783,MO,44.217835,10.535651,50.0,4897231.331,1622698.019
PF02/0094/D783,MO,44.222521,10.537299,8.0,4897754.25,1622819.88
PF01/0096/D783,MO,44.212703,10.540751,70.0,4896668.926,1623116.105
PF01/0099/D783,MO,44.211541,10.5254,68.0,4896516.912,1621892.088
PF02/0099/D783,MO,44.21003,10.522234,50.0,4896344.445,1621642.274
PF01/0100/D783,MO,44.212193,10.535311,70.0,4896604.136,1622682.53
PF02/0100/D783,MO,44.215281,10.535898,50.0,4896947.952,1622723.056
PF04/0100/D783,MO,44.208842,10.535072,70.0,4896231.524,1622670.438
PF01/0102/D783,MO,44.196493,10.517391,72.0,4894833.656,1621283.074
PF01/0103/D783,MO,44.198007,10.514826,12.0,4894998.0,1621075.0
PF02/0103/D783,MO,44.196866,10.505865,70.0,4894858.159,1620361.266
PF03/0103/D783,MO,44.197618,10.502733,48.0,4894937.07,1620109.476
PF01/0104/D783,MO,44.194063,10.520634,52.0,4894568.534,1621547.217
PF02/0104/D783,MO,44.195635,10.509596,48.0,4894726.836,1620661.936
PF01/0001/E264,MO,44.439604,10.942635,52.0,4922553.237,1654625.278
PF02/0001/E264,MO,44.435467,10.939068,70.0,4922086.902,1654352.307
PF03/0001/E264,MO,44.438295,10.949391,50.0,4922420.585,1655166.405
PF04/0001/E264,MO,44.435895,10.947154,50.0,4922149.751,1654994.7
PF01/0002/E264,MO,44.442817,10.962656,52.0,4922948.104,1656210.024
PF03/0002/E264,MO,44.435385,10.96489,70.0,4922126.9,1656407.62
PF04/0002/E264,MO,44.437658,10.952636,50.0,4922356.0,1655426.321
PF05/0002/E264,MO,44.433161,10.955315,70.0,4921861.628,1655651.433
PF02/0003/E264,MO,44.438729,10.96393,70.0,4922496.489,1656322.283
PF04/0003/E264,MO,44.431576,10.96547,70.0,4921704.897,1656463.945
PF05/0003/E264,MO,44.431796,10.965781,70.0,4921729.911,1656488.102
PF06/0003/E264,MO,44.430598,10.967154,70.0,4921599.421,1656600.589
PF02/0004/E264,MO,44.434902,10.984865,72.0,4922111.63,1657998.65
PF03/0004/E264,MO,44.42641,10.974247,70.0,4921147.822,1657176.372
PF04/0004/E264,MO,44.43774,10.98528,72.0,4922427.673,1658024.048
PF01/0005/E264,MO,44.43761,10.988858,52.0,4922420.076,1658309.145
PF02/0005/E264,MO,44.435317,10.988019,70.0,4922163.781,1658248.616
PF03/0005/E264,MO,44.429631,10.989743,72.0,4921535.564,1658401.131
PF04/0005/E264,MO,44.432344,10.993324,70.0,4921843.826,1658678.855
PF01/0006/E264,MO,44.427653,10.934604,70.0,4921210.537,1654017.552
PF01/0007/E264,MO,44.43585,10.950785,50.0,4922151.631,1655283.792
PF02/0007/E264,MO,44.433627,10.947981,52.0,4921899.43,1655066.505
PF03/0007/E264,MO,44.433601,10.950519,52.0,4921901.359,1655268.58
PF04/0007/E264,MO,44.431722,10.946283,52.0,4921684.541,1654936.368
PF05/0007/E264,MO,44.431848,10.95035,52.0,4921706.339,1655259.77
PF07/0007/E264,MO,44.429403,10.954385,52.0,4921442.318,1655587.434
PF08/0007/E264,MO,44.427718,10.945224,72.0,4921237.852,1654862.674
PF09/0007/E264,MO,44.428564,10.949705,50.0,4921340.299,1655217.096
PF10/0007/E264,MO,44.427302,10.952826,72.0,4921206.052,1655468.879
PF12/0007/E264,MO,44.425402,10.952481,50.0,4920994.332,1655446.463
PF13/0007/E264,MO,44.424339,10.948309,50.0,4920868.285,1655117.14
PF15/0007/E264,MO,44.421481,10.951322,10.0,4920556.6,1655364.6
PF01/0008/E264,MO,44.428347,10.956685,5.0,4921329.5,1655773.28
PF02/0008/E264,MO,44.426865,10.958419,70.0,4921168.149,1655915.228
PF03/0008/E264,MO,44.425113,10.961917,70.0,4920980.225,1656198.338
PF01/0009/E264,MO,44.424007,10.966845,52.0,4920866.745,1656593.565
PF03/0009/E264,MO,44.430497,10.964955,70.0,4921583.992,1656425.794
PF04/0009/E264,MO,44.429146,10.960339,70.0,4921425.138,1656062.012
PF05/0009/E264,MO,44.427059,10.963309,19.0,4921199.0,1656304.0
PF01/0010/E264,MO,44.420669,10.92804,50.0,4920422.461,1653513.336
PF02/0010/E264,MO,44.422121,10.933383,70.0,4920593.806,1653934.838
PF03/0010/E264,MO,44.42409,10.940813,70.0,4920826.443,1654521.14
PF01/0011/E264,MO,44.419398,10.9411,9.0,4920305.8,1654556.3
PF02/0011/E264,MO,44.421325,10.94324,70.0,4920523.986,1654721.644
PF03/0011/E264,MO,44.417367,10.949604,70.0,4920096.384,1655238.675
PF04/0011/E264,MO,44.4166,10.955125,52.0,4920021.667,1655680.289
PF01/0012/E264,MO,44.426453,10.954494,70.0,4921114.875,1655603.936
PF02/0012/E264,MO,44.424915,10.952605,52.0,4920940.49,1655457.616
PF03/0012/E264,MO,44.424895,10.95494,50.0,4920942.645,1655643.518
PF04/0012/E264,MO,44.422538,10.952152,50.0,4920675.55,1655427.897
PF05/0012/E264,MO,44.423723,10.959404,50.0,4920821.045,1656001.998
PF06/0012/E264,MO,44.423319,10.962016,52.0,4920781.122,1656210.985
PF07/0012/E264,MO,44.42291,10.965029,70.0,4920741.442,1656451.963
PF08/0012/E264,MO,44.421953,10.967094,70.0,4920639.064,1656618.88
PF09/0012/E264,MO,44.421645,10.956484,52.0,4920584.559,1655775.122
PF12/0012/E264,MO,44.419595,10.956904,52.0,4920357.714,1655813.928
PF13/0012/E264,MO,44.419877,10.95928,70.0,4920393.581,1656002.37
PF14/0012/E264,MO,44.4193,10.963915,70.0,4920338.283,1656372.854
PF16/0012/E264,MO,44.419936,10.970662,72.0,4920421.892,1656908.354
PF17/0012/E264,MO,44.421834,10.960241,52.0,4920612.75,1656073.681
PF01/0013/E264,MO,44.425887,10.980994,52.0,4921102.711,1657714.852
PF02/0013/E264,MO,44.424615,10.978134,52.0,4920955.912,1657490.583
PF03/0013/E264,MO,44.423748,10.975585,72.0,4920854.721,1657290.046
PF04/0013/E264,MO,44.424821,10.980555,72.0,4920983.485,1657682.763
PF05/0013/E264,MO,44.42289,10.968946,52.0,4920746.727,1656763.803
PF07/0013/E264,MO,44.42145,10.972136,70.0,4920592.873,1657021.635
PF08/0013/E264,MO,44.423412,10.972346,70.0,4920811.173,1657033.056
PF01/0014/E264,MO,44.428014,10.990749,70.0,4921357.852,1658485.561
PF02/0014/E264,MO,44.425308,10.990754,70.0,4921057.236,1658493.299
PF03/0014/E264,MO,44.428302,10.995136,70.0,4921398.375,1658833.979
PF02/0015/E264,MO,44.41774,10.929747,50.0,4920100.256,1653656.848
PF03/0015/E264,MO,44.415806,10.925553,50.0,4919877.646,1653328.018
PF04/0015/E264,MO,44.413725,10.931791,50.0,4919658.211,1653830.136
PF01/0016/E264,MO,44.409991,10.931189,8.0,4919242.28,1653791.95
PF02/0016/E264,MO,44.410528,10.933222,72.0,4919305.72,1653952.447
PF03/0016/E264,MO,44.411735,10.939514,70.0,4919451.606,1654450.272
PF01/0017/E264,MO,44.41572,10.944449,70.0,4919903.62,1654832.688
PF02/0017/E264,MO,44.414933,10.953622,52.0,4919833.57,1655565.016
PF05/0017/E264,MO,44.412932,10.942619,52.0,4919590.517,1654694.338
PF06/0017/E264,MO,44.413298,10.94985,72.0,4919644.786,1655269.077
PF07/0017/E264,MO,44.411217,10.95,52.0,4919414.007,1655286.532
PF08/0017/E264,MO,44.410368,10.952541,70.0,4919324.495,1655491.057
PF09/0017/E264,MO,44.410117,10.956259,70.0,4919303.615,1655787.776
PF11/0017/E264,MO,44.414303,10.957329,70.0,4919770.676,1655861.822
PF01/0018/E264,MO,44.411554,10.965196,8.0,4919480.33,1656495.52
PF03/0018/E264,MO,44.415586,10.962901,52.0,4919923.816,1656302.084
PF06/0018/E264,MO,44.4133,10.964774,50.0,4919673.423,1656457.303
PF07/0018/E264,MO,44.412403,10.962043,50.0,4919568.646,1656242.252
PF08/0018/E264,MO,44.412227,10.966772,52.0,4919558.134,1656619.217
PF10/0018/E264,MO,44.40928,10.963936,70.0,4919225.332,1656401.256
PF11/0018/E264,MO,44.416864,10.95859,12.0,4920057.58,1655955.438
PF12/0018/E264,MO,44.409011,10.960739,50.0,4919189.331,1656147.436
PF01/0019/E264,MO,44.411211,10.977196,50.0,4919465.251,1657451.859
PF02/0019/E264,MO,44.408214,10.969688,50.0,4919117.878,1656862.089
PF02/0020/E264,MO,44.416784,10.982243,52.0,4920094.026,1657838.784
PF03/0020/E264,MO,44.41397,10.979243,50.0,4919775.683,1657607.506
PF01/0021/E264,MO,44.417526,10.997189,72.0,4920205.286,1659026.635
PF01/0022/E264,MO,44.406853,10.979193,72.0,4918984.941,1657622.59
PF01/0023/E264,MO,44.411609,11.001471,52.0,4919556.446,1659383.634
PF02/0023/E264,MO,44.407614,11.002619,52.0,4919114.894,1659485.903
PF01/0024/E264,MO,44.402502,10.929947,72.0,4918408.05,1653712.703
PF02/0024/E264,MO,44.40105,10.927376,70.0,4918241.975,1653511.791
PF03/0024/E264,MO,44.400433,10.930779,70.0,4918179.763,1653784.399
PF04/0024/E264,MO,44.400804,10.938401,8.0,4918235.31,1654390.4
PF01/0025/E264,MO,44.399662,10.950136,8.0,4918130.69,1655327.88
PF02/0025/E264,MO,44.397197,10.950017,52.0,4917856.645,1655324.93
PF03/0025/E264,MO,44.400043,10.944951,70.0,4918163.234,1654914.02
PF01/0026/E264,MO,44.407363,10.958908,50.0,4919002.735,1656006.029
PF02/0026/E264,MO,44.404413,10.95474,50.0,4918667.114,1655681.947
PF05/0026/E264,MO,44.40156,10.955893,50.0,4918352.469,1655781.354
PF06/0026/E264,MO,44.403323,10.96044,50.0,4918556.98,1656138.761
PF01/0027/E264,MO,44.392845,10.975405,52.0,4917421.695,1657358.532
PF02/0027/E264,MO,44.397556,10.96959,48.0,4917933.839,1656882.773
PF03/0027/E264,MO,44.40256,10.96696,52.0,4918484.593,1656659.964
PF04/0027/E264,MO,44.40298,10.973176,52.0,4918543.243,1657153.852
PF05/0027/E264,MO,44.400075,10.975132,52.0,4918224.29,1657317.416
PF06/0027/E264,MO,44.404148,10.970159,72.0,4918667.166,1656910.521
PF07/0027/E264,MO,44.402092,10.97028,52.0,4918438.996,1656925.639
PF01/0028/E264,MO,44.397984,10.988229,32.0,4918017.211,1658366.042
PF02/0028/E264,MO,44.403436,10.996959,52.0,4918639.755,1659046.524
PF01/0029/E264,MO,44.391345,10.931684,72.0,4917172.024,1653880.293
PF02/0029/E264,MO,44.397537,10.937433,70.0,4917870.593,1654321.908
PF01/0030/E264,MO,44.387417,10.948023,8.0,4916766.5,1655191.98
PF02/0030/E264,MO,44.395802,10.945478,70.0,4917693.106,1654967.158
PF03/0030/E264,MO,44.393576,10.943899,70.0,4917442.835,1654847.244
PF04/0030/E264,MO,44.393288,10.948485,52.0,4917419.561,1655213.271
PF05/0030/E264,MO,44.394418,10.941151,70.0,4917531.165,1654626.18
PF06/0030/E264,MO,44.385721,10.940493,72.0,4916563.844,1654596.646
PF01/0031/E264,MO,44.400197,10.961094,50.0,4918210.918,1656199.144
PF03/0031/E264,MO,44.398302,10.962442,52.0,4918003.076,1656311.567
PF04/0031/E264,MO,44.39772,10.955236,52.0,4917924.681,1655739.227
PF05/0031/E264,MO,44.395694,10.952293,70.0,4917694.014,1655510.187
PF06/0031/E264,MO,44.39498,10.95923,72.0,4917627.9,1656064.595
PF01/0032/E264,MO,44.395298,10.981083,72.0,4917705.097,1657804.121
PF02/0032/E264,MO,44.395472,10.984779,72.0,4917731.521,1658098.062
PF03/0032/E264,MO,44.395004,10.988025,72.0,4917685.81,1658357.837
PF04/0032/E264,MO,44.397334,10.983115,72.0,4917935.186,1657960.551
PF05/0032/E264,MO,44.393604,10.985306,52.0,4917525.125,1658145.013
PF01/0034/E264,MO,44.38709,10.932917,70.0,4916701.72,1653989.594
PF02/0034/E264,MO,44.38708,10.937809,52.0,4916709.798,1654379.307
PF03/0034/E264,MO,44.384346,10.93745,70.0,4916405.42,1654357.916
PF01/0035/E264,MO,44.393644,10.965248,72.0,4917490.956,1656547.403
PF02/0035/E264,MO,44.392102,10.951477,52.0,4917293.509,1655454.76
PF03/0035/E264,MO,44.391667,10.955761,50.0,4917253.35,1655797.114
PF04/0035/E264,MO,44.391672,10.964482,72.0,4917270.465,1656491.646
PF05/0035/E264,MO,44.389654,10.950557,52.0,4917019.858,1655387.947
PF06/0035/E264,MO,44.389778,10.957073,52.0,4917045.968,1655906.564
PF07/0035/E264,MO,44.390746,10.960809,72.0,4917160.611,1656201.564
PF08/0035/E264,MO,44.387762,10.949483,72.0,4916807.638,1655307.384
PF09/0035/E264,MO,44.387961,10.96005,72.0,4916849.819,1656148.51
PF10/0035/E264,MO,44.386557,10.952373,10.0,4916679.2,1655540.8
PF11/0035/E264,MO,44.387054,10.957217,52.0,4916743.669,1655925.293
PF12/0035/E264,MO,44.386881,10.965471,72.0,4916740.184,1656583.202
PF13/0035/E264,MO,44.393302,10.962446,52.0,4917447.596,1656325.18
PF14/0035/E264,MO,44.393552,10.968211,12.0,4917486.408,1656783.677
PF01/0036/E264,MO,44.389641,10.963596,9.0,4917043.2,1656426.5
PF02/0036/E264,MO,44.390614,10.966661,72.0,4917157.097,1656668.062
PF01/0037/E264,MO,44.391947,10.970084,52.0,4917311.8,1656937.131
PF02/0037/E264,MO,44.389406,10.976676,50.0,4917042.181,1657468.941
PF03/0037/E264,MO,44.387521,10.968348,72.0,4916816.77,1656810.642
PF04/0037/E264,MO,44.385095,10.974141,52.0,4916558.37,1657278.64
PF05/0037/E264,MO,44.387298,10.981851,11.0,4916818.0,1657886.85
PF06/0037/E264,MO,44.387747,10.978086,50.0,4916860.612,1657585.757
PF07/0037/E264,MO,44.391521,10.978819,52.0,4917281.241,1657633.994
PF01/0038/E264,MO,44.385909,10.918004,50.0,4916542.621,1652804.779
PF02/0038/E264,MO,44.382901,10.915766,52.0,4916204.246,1652634.394
PF03/0038/E264,MO,44.379856,10.922668,8.0,4915878.96,1653192.08
PF04/0038/E264,MO,44.380613,10.925937,70.0,4915969.179,1653450.593
PF01/0039/E264,MO,44.377236,10.944989,52.0,4915629.851,1654977.207
PF02/0039/E264,MO,44.378025,10.948195,70.0,4915723.559,1655230.541
PF03/0039/E264,MO,44.377506,10.952586,52.0,4915674.293,1655581.68
PF04/0039/E264,MO,44.376023,10.947672,70.0,4915500.243,1655194.128
PF05/0039/E264,MO,44.383538,10.955963,52.0,4916350.735,1655834.736
PF06/0039/E264,MO,44.384139,10.950908,8.0,4916407.89,1655430.45
PF08/0039/E264,MO,44.382307,10.939569,50.0,4916182.969,1654532.041
PF01/0040/E264,MO,44.386056,10.966094,52.0,4916649.734,1656635.027
PF02/0040/E264,MO,44.385696,10.961782,72.0,4916601.559,1656292.491
PF03/0040/E264,MO,44.383909,10.964087,72.0,4916407.455,1656480.923
PF04/0040/E264,MO,44.383963,10.967272,50.0,4916419.467,1656734.449
PF05/0040/E264,MO,44.384537,10.972103,50.0,4916492.523,1657117.76
PF06/0040/E264,MO,44.383883,10.961572,70.0,4916399.692,1656280.625
PF08/0040/E264,MO,44.38227,10.974995,50.0,4916246.217,1657354.22
PF09/0040/E264,MO,44.381748,10.966092,50.0,4916171.184,1656646.389
PF10/0040/E264,MO,44.380087,10.967468,70.0,4915989.316,1656760.394
PF11/0040/E264,MO,44.379065,10.97049,52.0,4915881.568,1657003.897
PF01/0041/E264,MO,44.376081,10.965329,70.0,4915540.29,1656600.676
PF02/0041/E264,MO,44.373534,10.965132,70.0,4915256.969,1656591.811
PF03/0041/E264,MO,44.376885,10.956597,52.0,4915612.972,1655902.872
PF04/0041/E264,MO,44.372968,10.955575,70.0,4915175.888,1655831.838
PF05/0041/E264,MO,44.377429,10.960718,70.0,4915681.212,1656229.738
PF06/0041/E264,MO,44.380962,10.962564,70.0,4916077.111,1656367.419
PF07/0041/E264,MO,44.373764,10.960274,52.0,4915273.223,1656204.143
PF08/0041/E264,MO,44.378979,10.957888,70.0,4915847.998,1656000.205
PF01/0042/E264,MO,44.371577,10.924301,70.0,4914962.346,1653343.777
PF02/0043/E264,MO,44.37449,10.937799,50.0,4915311.314,1654411.584
PF03/0043/E264,MO,44.373442,10.933618,50.0,4915186.958,1654081.24
PF04/0043/E264,MO,44.36683,10.929778,70.0,4914445.294,1653792.574
PF05/0043/E264,MO,44.369098,10.930843,50.0,4914699.281,1653871.544
PF01/0044/E264,MO,44.36792,10.936979,9.0,4914579.9,1654363.5
PF02/0044/E264,MO,44.376791,10.941644,50.0,4915574.129,1654711.88
PF03/0044/E264,MO,44.372345,10.939378,70.0,4915076.01,1654543.047
PF04/0044/E264,MO,44.371786,10.946111,70.0,4915026.623,1655080.934
PF05/0044/E264,MO,44.372712,10.952163,70.0,4915140.93,1655560.689
PF06/0044/E264,MO,44.370409,10.949754,72.0,4914880.598,1655374.841
PF07/0044/E264,MO,44.372044,10.945937,8.0,4915054.92,1655066.39
PF02/0045/E264,MO,44.371391,10.961259,70.0,4915011.492,1656288.882
PF03/0045/E264,MO,44.372059,10.965038,11.0,4915093.0,1656588.2
PF05/0045/E264,MO,44.370801,10.958397,70.0,4914940.507,1656062.423
PF06/0045/E264,MO,44.369423,10.964508,70.0,4914799.145,1656553.02
PF07/0045/E264,MO,44.368055,10.954164,70.0,4914627.487,1655732.439
PF08/0045/E264,MO,44.368762,10.959649,11.0,4914716.4,1656167.6
PF09/0045/E264,MO,44.368077,10.963077,52.0,4914646.915,1656442.589
PF10/0045/E264,MO,44.367176,10.957093,10.0,4914535.4,1655968.2
PF11/0045/E264,MO,44.36721,10.960797,11.0,4914546.2,1656263.2
PF12/0045/E264,MO,44.36596,10.963208,70.0,4914411.94,1656458.659
PF13/0045/E264,MO,44.366316,10.966503,70.0,4914457.859,1656720.235
PF14/0045/E264,MO,44.365444,10.954876,52.0,4914338.815,1655796.115
PF16/0045/E264,MO,44.364349,10.968247,72.0,4914242.712,1656864.485
PF01/0046/E264,MO,44.353191,10.924091,70.0,4912919.655,1653375.081
PF02/0046/E264,MO,44.356546,10.924083,70.0,4913292.327,1653365.644
PF01/0047/E264,MO,44.367488,10.93482,5.0,4914527.9,1654192.61
PF02/0047/E264,MO,44.36356,10.937182,52.0,4914096.011,1654391.154
PF03/0047/E264,MO,44.362252,10.940498,52.0,4913957.035,1654658.796
PF04/0047/E264,MO,44.365764,10.939554,72.0,4914345.319,1654574.406
PF06/0047/E264,MO,44.360501,10.933488,70.0,4913749.31,1654104.779
PF01/0048/E264,MO,44.365436,10.951782,5.0,4914331.98,1655549.58
PF02/0048/E264,MO,44.368578,10.942564,72.0,4914663.613,1654806.768
PF03/0048/E264,MO,44.36756,10.95051,54.0,4914565.577,1655442.663
PF04/0048/E264,MO,44.365423,10.944842,72.0,4914317.408,1654996.603
PF05/0048/E264,MO,44.363604,10.943212,70.0,4914112.256,1654871.574
PF06/0048/E264,MO,44.363331,10.951648,70.0,4914097.966,1655544.475
PF08/0048/E264,MO,44.362147,10.949099,70.0,4913961.601,1655344.541
PF09/0048/E264,MO,44.361389,10.952429,72.0,4913883.719,1655611.839
PF11/0048/E264,MO,44.361358,10.946254,70.0,4913868.53,1655119.868
PF13/0048/E264,MO,44.359115,10.953946,10.0,4913634.021,1655738.786
PF01/0049/E264,MO,44.362447,10.956281,52.0,4914008.602,1655915.984
PF02/0049/E264,MO,44.362889,10.973212,70.0,4914090.029,1657264.037
PF03/0049/E264,MO,44.360305,10.972781,52.0,4913802.126,1657236.587
PF04/0049/E264,MO,44.363031,10.962611,70.0,4914085.492,1656418.921
PF05/0049/E264,MO,44.357136,10.961311,50.0,4913428.239,1656330.982
PF06/0049/E264,MO,44.362059,10.966357,72.0,4913984.655,1656720.02
PF08/0049/E264,MO,44.358659,10.965632,72.0,4913605.6,1656671.305
PF09/0049/E264,MO,44.356407,10.970408,52.0,4913364.588,1657057.882
PF10/0049/E264,MO,44.359762,10.960296,10.0,4913717.986,1656243.08
PF01/0001/E426,MO,44.354352,10.704136,72.0,4912660.528,1635842.104
PF02/0001/E426,MO,44.357226,10.699798,8.0,4912972.57,1635489.69
PF03/0001/E426,MO,44.362327,10.700209,72.0,4913539.857,1635510.732
PF01/0002/E426,MO,44.340336,10.693512,70.0,4911086.167,1635027.487
PF02/0002/E426,MO,44.352585,10.691892,72.0,4912444.084,1634870.293
PF03/0002/E426,MO,44.348487,10.689577,70.0,4911985.061,1634695.198
PF04/0002/E426,MO,44.347199,10.686068,52.0,4911836.197,1634418.463
PF05/0002/E426,MO,44.346203,10.688738,70.0,4911729.996,1634633.553
PF07/0002/E426,MO,44.346007,10.684161,8.0,4911700.75,1634269.16
PF01/0003/E426,MO,44.351902,10.695904,70.0,4912374.837,1635191.619
PF02/0003/E426,MO,44.352418,10.698936,72.0,4912437.137,1635432.059
PF03/0003/E426,MO,44.351295,10.701305,72.0,4912316.274,1635623.519
PF04/0003/E426,MO,44.34664,10.702475,70.0,4911801.116,1635727.5
PF01/0004/E426,MO,44.340958,10.675512,52.0,4911125.755,1633591.182
PF02/0004/E426,MO,44.337645,10.674776,72.0,4910756.567,1633540.086
PF03/0004/E426,MO,44.341739,10.67866,52.0,4911217.625,1633840.401
PF04/0004/E426,MO,44.343499,10.683256,70.0,4911420.658,1634202.714
PF05/0004/E426,MO,44.340802,10.685069,52.0,4911123.974,1634353.447
PF06/0004/E426,MO,44.337197,10.682889,70.0,4910720.03,1634187.864
PF07/0004/E426,MO,44.340555,10.674677,8.0,4911079.63,1633525.54
PF01/0005/E426,MO,44.341068,10.700262,8.0,4911178.6,1635563.94
PF01/0006/E426,MO,44.341827,10.705056,52.0,4911270.806,1635944.303
PF02/0006/E426,MO,44.339446,10.703593,70.0,4911003.928,1635833.182
PF03/0006/E426,MO,44.344689,10.70612,70.0,4911590.482,1636022.51
PF01/0007/E426,MO,44.337483,10.691005,8.0,4910765.1,1634834.22
PF02/0007/E426,MO,44.338705,10.698521,70.0,4910913.224,1635430.608
PF03/0007/E426,MO,44.335704,10.696235,70.0,4910576.096,1635255.277
PF01/0008/E426,MO,44.333377,10.674336,70.0,4910281.796,1633514.679
PF02/0008/E426,MO,44.334,10.678421,72.0,4910357.582,1633838.943
PF05/0008/E426,MO,44.328994,10.679226,11.0,4909802.9,1633914.5
PF06/0008/E426,MO,44.328718,10.669423,70.0,4909756.238,1633133.52
PF07/0008/E426,MO,44.32747,10.674922,70.0,4909626.567,1633574.751
PF08/0008/E426,MO,44.326847,10.670532,52.0,4909550.24,1633226.197
PF10/0008/E426,MO,44.327143,10.677886,11.0,4909595.1,1633811.9
PF11/0008/E426,MO,44.324284,10.669013,72.0,4909263.098,1633110.881
PF12/0008/E426,MO,44.324722,10.672197,72.0,4909316.869,1633363.777
PF13/0008/E426,MO,44.331784,10.676741,52.0,4910108.757,1633710.064
PF01/0009/E426,MO,44.331284,10.691439,70.0,4910077.235,1634882.982
PF02/0009/E426,MO,44.328263,10.686046,52.0,4909732.859,1634459.934
PF03/0009/E426,MO,44.333223,10.686995,72.0,4910285.31,1634524.272
PF04/0009/E426,MO,44.332224,10.681057,12.0,4910164.626,1634053.119
PF01/0010/E426,MO,44.333166,10.695108,72.0,4910292.377,1635171.201
PF02/0010/E426,MO,44.332356,10.700467,72.0,4910211.181,1635600.382
PF03/0010/E426,MO,44.328194,10.690787,8.0,4909732.9,1634838.1
PF01/0011/E426,MO,44.330707,10.704995,70.0,4910035.549,1635965.192
PF03/0011/E426,MO,44.328573,10.702805,54.0,4909794.93,1635795.486
PF01/0012/E426,MO,44.328551,10.719505,8.0,4909820.17,1637127.03
PF02/0012/E426,MO,44.328334,10.716252,70.0,4909790.645,1636868.223
PF03/0012/E426,MO,44.324802,10.714205,72.0,4909394.891,1636713.198
PF01/0013/E426,MO,44.325607,10.70354,8.0,4909466.61,1635860.9
PF02/0013/E426,MO,44.325233,10.70226,72.0,4909422.959,1635759.698
PF01/0014/E426,MO,44.321254,10.710242,8.0,4908994.28,1636405.38
PF02/0014/E426,MO,44.321297,10.710872,50.0,4909000.031,1636455.564
PF03/0014/E426,MO,44.322906,10.718633,8.0,4909191.77,1637070.67
PF01/0015/E426,MO,44.322794,10.720221,72.0,4909181.949,1637197.601
PF02/0015/E426,MO,44.317989,10.724322,72.0,4908655.124,1637535.801
PF03/0015/E426,MO,44.318594,10.733068,52.0,4908736.963,1638231.867
PF01/0016/E426,MO,44.319814,10.743466,70.0,4908890.098,1639058.194
PF02/0016/E426,MO,44.320365,10.749534,72.0,4908961.588,1639540.724
PF03/0016/E426,MO,44.318656,10.747609,70.0,4908768.532,1639391.261
PF04/0016/E426,MO,44.317045,10.741963,70.0,4908579.998,1638944.826
PF05/0016/E426,MO,44.316033,10.745166,70.0,4908472.988,1639202.714
PF06/0016/E426,MO,44.324319,10.756108,8.0,4909411.95,1640055.59
PF07/0016/E426,MO,44.319115,10.754884,52.0,4908831.815,1639970.371
PF01/0017/E426,MO,44.313273,10.759045,72.0,4908190.103,1640316.068
PF02/0017/E426,MO,44.314996,10.764747,70.0,4908391.259,1640766.76
PF03/0017/E426,MO,44.315649,10.761399,11.0,4908458.0,1640498.2
PF05/0017/E426,MO,44.324828,10.764237,6.0,4909482.51,1640702.57
PF06/0017/E426,MO,44.318766,10.765731,72.0,4908811.653,1640836.173
PF07/0017/E426,MO,44.317346,10.75774,72.0,4908640.194,1640202.29
PF01/0018/E426,MO,44.310388,10.679111,8.0,4907735.93,1633947.65
PF02/0018/E426,MO,44.321276,10.67519,70.0,4908938.996,1633610.224
PF01/0019/E426,MO,44.316125,10.700521,70.0,4908408.423,1635642.065
PF02/0019/E426,MO,44.313753,10.6973,52.0,4908139.629,1635390.59
PF03/0019/E426,MO,44.311916,10.703353,52.0,4907945.59,1635877.627
PF04/0019/E426,MO,44.316191,10.686478,8.0,4908392.62,1634521.98
PF05/0019/E426,MO,44.311146,10.701222,8.0,4907856.52,1635709.4
PF01/0020/E426,MO,44.307254,10.694697,70.0,4907413.416,1635197.908
PF02/0020/E426,MO,44.311231,10.689747,52.0,4907846.977,1634794.016
PF03/0020/E426,MO,44.30487,10.687457,70.0,4907136.752,1634625.924
PF01/0021/E426,MO,44.301696,10.699431,70.0,4906803.873,1635588.312
PF02/0021/E426,MO,44.306356,10.702127,70.0,4907325.948,1635792.633
PF03/0021/E426,MO,44.306666,10.696612,8.0,4907351.3,1635352.0
PF01/0022/E426,MO,44.309672,10.704898,70.0,4907698.922,1636006.032
PF02/0022/E426,MO,44.308353,10.707689,52.0,4907557.04,1636231.677
PF03/0022/E426,MO,44.308917,10.711569,70.0,4907626.094,1636539.825
PF04/0022/E426,MO,44.3046,10.710001,72.0,4907144.005,1636424.723
PF05/0022/E426,MO,44.303688,10.704864,72.0,4907034.145,1636017.102
PF01/0023/E426,MO,44.310575,10.714194,8.0,4907814.6,1636745.32
PF02/0023/E426,MO,44.31034,10.71142,70.0,4907783.951,1636524.667
PF03/0023/E426,MO,44.311022,10.718312,70.0,4907871.133,1637072.725
PF04/0023/E426,MO,44.312615,10.712637,50.0,4908038.662,1636616.388
PF01/0024/E426,MO,44.313411,10.729033,70.0,4908154.498,1637922.219
PF02/0024/E426,MO,44.31318,10.720674,8.0,4908114.83,1637256.06
PF05/0024/E426,MO,44.316155,10.715885,12.0,4908437.23,1636867.21
PF06/0024/E426,MO,44.316669,10.720921,12.0,4908502.8,1637267.65
PF01/0025/E426,MO,44.313035,10.745338,54.0,4908140.244,1639223.49
PF03/0025/E426,MO,44.310142,10.746298,0.0,4907820.6,1639306.9
PF04/0025/E426,MO,44.313877,10.741279,70.0,4908226.912,1638897.782
PF05/0025/E426,MO,44.310596,10.740674,70.0,4907861.481,1638857.234
PF06/0025/E426,MO,44.313096,10.74009,8.0,4908138.14,1638804.83
PF07/0025/E426,MO,44.309233,10.736758,52.0,4907703.385,1638548.168
PF09/0025/E426,MO,44.310979,10.734377,52.0,4907893.363,1638354.16
PF11/0025/E426,MO,44.311016,10.730986,70.0,4907891.797,1638083.586
PF12/0025/E426,MO,44.313702,10.736115,70.0,4908198.75,1638486.349
PF01/0026/E426,MO,44.309341,10.731451,70.0,4907706.499,1638124.61
PF02/0026/E426,MO,44.30738,10.732478,52.0,4907490.371,1638211.103
PF03/0026/E426,MO,44.306996,10.729225,70.0,4907442.214,1637952.554
PF01/0027/E426,MO,44.309598,10.746167,70.0,4907759.899,1639297.71
PF03/0027/E426,MO,44.303198,10.743671,72.0,4907044.738,1639113.748
PF04/0027/E426,MO,44.305594,10.744923,12.0,4907313.0,1639208.0
PF01/0028/E426,MO,44.311351,10.754232,70.0,4907968.357,1639936.789
PF02/0028/E426,MO,44.311002,10.758372,70.0,4907936.674,1640267.844
PF04/0028/E426,MO,44.304301,10.754162,52.0,4907185.087,1639947.947
PF05/0028/E426,MO,44.312746,10.750824,52.0,4908117.531,1639661.671
PF06/0028/E426,MO,44.306936,10.759418,50.0,4907486.856,1640360.929
PF07/0028/E426,MO,44.308631,10.756316,52.0,4907669.816,1640109.468
PF08/0028/E426,MO,44.308041,10.762528,52.0,4907614.91,1640606.373
PF01/0029/E426,MO,44.310342,10.769386,8.0,4907882.21,1641147.88
PF02/0029/E426,MO,44.311876,10.770576,72.0,4908054.643,1641239.123
PF03/0029/E426,MO,44.310288,10.76547,70.0,4907869.534,1640835.648
PF04/0029/E426,MO,44.311717,10.763733,70.0,4908025.27,1640693.743
PF01/0030/E426,MO,44.315062,10.76952,70.0,4908406.802,1641147.263
PF05/0030/E426,MO,44.31255,10.775036,70.0,4908137.28,1641593.188
PF06/0030/E426,MO,44.310884,10.776668,70.0,4907955.048,1641727.314
PF08/0030/E426,MO,44.310774,10.779883,72.0,4907948.309,1641984.044
PF13/0030/E426,MO,44.312051,10.780689,72.0,4908091.581,1642045.217
PF14/0030/E426,MO,44.306711,10.771308,74.0,4907482.209,1641309.862
PF15/0030/E426,MO,44.316263,10.772004,70.0,4908544.4,1641342.489
PF16/0030/E426,MO,44.308014,10.776299,72.0,4907635.518,1641704.81
PF01/0031/E426,MO,44.300156,10.715066,72.0,4906658.797,1636839.072
PF02/0031/E426,MO,44.302954,10.718796,72.0,4906975.809,1637130.141
PF03/0031/E426,MO,44.306525,10.719579,70.0,4907373.737,1637184.276
PF04/0031/E426,MO,44.296164,10.723676,52.0,4906229.692,1637535.219
PF01/0032/E426,MO,44.308295,10.738228,72.0,4907601.75,1638667.596
PF02/0032/E426,MO,44.306424,10.730383,50.0,4907380.624,1638046.296
PF03/0032/E426,MO,44.304956,10.73634,50.0,4907227.672,1638524.873
PF05/0032/E426,MO,44.306608,10.741228,70.0,4907419.428,1638910.836
PF06/0032/E426,MO,44.304662,10.727147,70.0,4907179.542,1637792.269
PF07/0032/E426,MO,44.301022,10.737133,72.0,4906792.039,1638597.404
PF01/0033/E426,MO,44.304598,10.673686,11.0,4907084.0,1633528.1
PF02/0033/E426,MO,44.297567,10.67604,52.0,4906306.835,1633731.806
PF04/0033/E426,MO,44.299273,10.670224,8.0,4906486.85,1633264.0
PF01/0034/E426,MO,44.293644,10.661552,8.0,4905847.58,1632584.85
PF02/0034/E426,MO,44.295162,10.667599,72.0,4906026.023,1633063.833
PF03/0034/E426,MO,44.294573,10.6705,72.0,4905965.309,1633296.631
PF04/0034/E426,MO,44.293278,10.666351,70.0,4905814.636,1632968.562
PF05/0034/E426,MO,44.293207,10.668309,70.0,4905809.921,1633124.934
PF06/0034/E426,MO,44.291311,10.671032,70.0,4905603.767,1633346.434
PF02/0035/E426,MO,44.290392,10.690814,70.0,4905534.061,1634926.827
PF01/0036/E426,MO,44.293175,10.695513,52.0,4905850.915,1635295.377
PF02/0036/E426,MO,44.296045,10.696001,50.0,4906170.465,1635327.719
PF03/0036/E426,MO,44.2954,10.692649,70.0,4906093.35,1635061.736
PF04/0036/E426,MO,44.297663,10.698673,50.0,4906354.607,1635537.117
PF05/0036/E426,MO,44.297917,10.693102,70.0,4906373.705,1635092.091
PF07/0036/E426,MO,44.297858,10.690459,70.0,4906362.786,1634881.382
PF01/0037/E426,MO,44.296051,10.709934,8.0,4906194.21,1636439.22
PF02/0037/E426,MO,44.298311,10.70581,70.0,4906438.469,1636104.968
PF03/0037/E426,MO,44.300409,10.702316,72.0,4906665.654,1635821.436
PF05/0037/E426,MO,44.298407,10.712101,70.0,4906459.603,1636606.64
PF06/0037/E426,MO,44.299276,10.699633,72.0,4906535.395,1635610.03
PF01/0038/E426,MO,44.293878,10.700312,52.0,4905936.895,1635676.622
PF01/0039/E426,MO,44.295645,10.710647,52.0,4906150.347,1636497.022
PF02/0039/E426,MO,44.294631,10.707956,52.0,4906033.202,1636284.732
PF03/0039/E426,MO,44.293708,10.711987,72.0,4905937.408,1636608.46
PF04/0039/E426,MO,44.294315,10.715856,70.0,4906011.246,1636915.667
PF05/0039/E426,MO,44.293443,10.720611,52.0,4905922.372,1637297.07
PF06/0039/E426,MO,44.292,10.706023,50.0,4905737.774,1636136.593
PF07/0039/E426,MO,44.292282,10.70917,70.0,4905774.373,1636386.964
PF08/0039/E426,MO,44.290847,10.710852,70.0,4905617.724,1636524.51
PF09/0039/E426,MO,44.291479,10.715865,70.0,4905696.304,1636923.008
PF10/0039/E426,MO,44.291568,10.720405,70.0,4905713.773,1637284.988
PF11/0039/E426,MO,44.289885,10.705039,52.0,4905501.203,1636062.955
PF12/0039/E426,MO,44.289936,10.70775,70.0,4905511.336,1636279.112
PF01/0040/E426,MO,44.298491,10.728648,8.0,4906496.53,1637926.41
PF04/0040/E426,MO,44.294226,10.736617,72.0,4906036.213,1638572.224
PF05/0040/E426,MO,44.293651,10.723401,70.0,4905950.161,1637519.138
PF06/0040/E426,MO,44.293191,10.726447,70.0,4905904.173,1637763.239
PF08/0040/E426,MO,44.296418,10.727951,70.0,4906265.15,1637875.684
PF10/0040/E426,MO,44.296874,10.731926,72.0,4906322.453,1638191.698
PF01/0041/E426,MO,44.297426,10.74669,72.0,4906408.797,1639368.259
PF02/0041/E426,MO,44.300857,10.7441,72.0,4906785.506,1639153.492
PF03/0041/E426,MO,44.299199,10.745151,8.0,4906603.09,1639241.25
PF01/0042/E426,MO,44.295992,10.75071,72.0,4906256.314,1639692.299
PF02/0042/E426,MO,44.296673,10.755083,70.0,4906339.367,1640039.566
PF03/0042/E426,MO,44.300728,10.750016,70.0,4906781.171,1639625.763
PF04/0042/E426,MO,44.299591,10.756331,70.0,4906665.646,1640132.235
PF01/0043/E426,MO,44.290529,10.722898,70.0,4905602.576,1637486.35
PF02/0043/E426,MO,44.288315,10.733832,72.0,4905374.963,1638363.876
PF01/0044/E426,MO,44.284516,10.664076,8.0,4904837.77,1632806.77
PF03/0044/E426,MO,44.285911,10.666407,52.0,4904996.492,1632989.615
PF04/0044/E426,MO,44.287853,10.66603,52.0,4905211.579,1632955.197
PF05/0044/E426,MO,44.289426,10.664566,52.0,4905383.897,1632834.797
PF06/0044/E426,MO,44.287875,10.663451,52.0,4905209.807,1632749.367
PF07/0044/E426,MO,44.290242,10.662459,11.0,4905471.2,1632664.9
PF08/0044/E426,MO,44.286272,10.661688,52.0,4905028.891,1632612.336
PF09/0044/E426,MO,44.288252,10.660497,0.0,4905246.9,1632512.8
PF10/0044/E426,MO,44.28714,10.658734,52.0,4905120.532,1632374.666
PF11/0044/E426,MO,44.285359,10.657931,52.0,4904921.506,1632314.563
PF12/0044/E426,MO,44.285145,10.655066,72.0,4904893.058,1632086.473
PF01/0046/E426,MO,44.284866,10.673714,8.0,4904892.28,1633575.0
PF02/0046/E426,MO,44.286988,10.674136,52.0,4905128.627,1633603.866
PF03/0046/E426,MO,44.288191,10.672167,70.0,4905259.027,1633444.101
PF04/0046/E426,MO,44.286414,10.671582,70.0,4905060.724,1633401.387
PF05/0046/E426,MO,44.287638,10.669691,70.0,4905193.592,1633247.789
PF06/0046/E426,MO,44.289414,10.668609,70.0,4905389.103,1633157.422
PF07/0046/E426,MO,44.285608,10.666709,52.0,4904963.289,1633014.426
PF01/0047/E426,MO,44.282989,10.689137,8.0,4904709.0,1634810.0
PF02/0047/E426,MO,44.287468,10.688007,70.0,4905204.643,1634709.589
PF01/0048/E426,MO,44.28215,10.693421,72.0,4904622.807,1635153.75
PF02/0048/E426,MO,44.278374,10.685634,72.0,4904190.659,1634540.978
PF03/0048/E426,MO,44.28479,10.696629,50.0,4904921.332,1635403.625
PF01/0049/E426,MO,44.27996,10.706691,52.0,4904401.569,1636217.667
PF02/0049/E426,MO,44.287604,10.708743,70.0,4905254.051,1636363.737
PF03/0049/E426,MO,44.285836,10.703763,70.0,4905049.318,1635970.507
PF04/0049/E426,MO,44.282529,10.707123,70.0,4904687.548,1636246.179
PF05/0049/E426,MO,44.28549,10.710159,8.0,4905021.49,1636481.58
PF01/0050/E426,MO,44.286561,10.714506,70.0,4905147.782,1636825.937
PF02/0050/E426,MO,44.27947,10.716146,72.0,4904362.792,1636973.34
PF03/0050/E426,MO,44.277648,10.718512,50.0,4904164.458,1637166.345
PF04/0050/E426,MO,44.281964,10.72114,70.0,4904648.16,1637365.977
PF05/0050/E426,MO,44.287951,10.72159,72.0,4905313.999,1637387.96
PF07/0050/E426,MO,44.285704,10.722191,70.0,4905065.44,1637441.163
PF08/0050/E426,MO,44.283121,10.716061,70.0,4904768.24,1636958.024
PF10/0050/E426,MO,44.287884,10.722018,8.0,4905307.22,1637422.27
PF01/0051/E426,MO,44.284996,10.730152,52.0,4905000.158,1638078.035
PF02/0051/E426,MO,44.286908,10.725972,70.0,4905205.509,1637740.051
PF03/0051/E426,MO,44.280121,10.724225,70.0,4904448.702,1637616.466
PF01/0052/E426,MO,44.272997,10.641818,5.0,4903522.43,1631056.35
PF01/0053/E426,MO,44.283603,10.650621,52.0,4904714.596,1631735.204
PF01/0055/E426,MO,44.271109,10.667427,52.0,4903353.933,1633104.408
PF02/0055/E426,MO,44.274076,10.656166,8.0,4903665.38,1632199.0
PF03/0055/E426,MO,44.268627,10.656495,50.0,4903060.582,1632237.541
PF01/0056/E426,MO,44.276143,10.675718,8.0,4903926.58,1633754.69
PF02/0056/E426,MO,44.275691,10.670961,70.0,4903868.668,1633376.122
PF03/0056/E426,MO,44.273199,10.671324,70.0,4903592.498,1633410.699
PF01/0057/E426,MO,44.272404,10.684508,8.0,4903525.62,1634464.7
PF02/0057/E426,MO,44.271422,10.677324,72.0,4903404.796,1633893.612
PF03/0057/E426,MO,44.268173,10.682794,72.0,4903052.933,1634337.597
PF04/0057/E426,MO,44.268575,10.686034,70.0,4903102.832,1634595.284
PF05/0057/E426,MO,44.26702,10.676524,72.0,4902914.596,1633839.756
PF06/0057/E426,MO,44.268693,10.672333,72.0,4903093.552,1633501.465
PF07/0057/E426,MO,44.266067,10.66824,72.0,4902795.233,1633180.71
PF08/0057/E426,MO,44.272058,10.674143,72.0,4903470.304,1633638.269
PF09/0057/E426,MO,44.270764,10.680851,72.0,4903337.552,1634176.613
PF01/0058/E426,MO,44.267609,10.697206,8.0,4903013.97,1635489.18
PF02/0058/E426,MO,44.269912,10.696601,50.0,4903268.762,1635435.614
PF03/0058/E426,MO,44.27507,10.685737,70.0,4903823.835,1634556.75
PF05/0058/E426,MO,44.273691,10.69238,12.0,4903681.5,1635090.0
PF06/0058/E426,MO,44.274947,10.696007,12.0,4903827.0,1635376.6
PF01/0059/E426,MO,44.276678,10.698296,70.0,4904023.083,1635555.298
PF02/0059/E426,MO,44.269308,10.700871,50.0,4903208.675,1635777.778
PF04/0059/E426,MO,44.272677,10.707099,70.0,4903593.258,1636267.087
PF05/0059/E426,MO,44.275875,10.703297,70.0,4903942.158,1635956.234
PF06/0059/E426,MO,44.274071,10.700754,70.0,4903737.508,1635757.468
PF01/0060/E426,MO,44.273555,10.712147,72.0,4903699.112,1636667.859
PF02/0060/E426,MO,44.274715,10.718718,70.0,4903838.954,1637189.608
PF03/0060/E426,MO,44.273175,10.722442,70.0,4903674.148,1637490.363
PF04/0060/E426,MO,44.271318,10.710114,52.0,4903447.33,1636510.821
PF05/0060/E426,MO,44.275231,10.724588,70.0,4903906.156,1637656.871
PF01/0061/E426,MO,44.265292,10.651337,9.0,4902681.9,1631833.25
PF02/0061/E426,MO,44.265273,10.656444,70.0,4902687.983,1632240.942
PF04/0061/E426,MO,44.267075,10.653857,50.0,4902884.0,1632030.407
PF05/0061/E426,MO,44.268931,10.652124,50.0,4903087.372,1631887.979
PF06/0061/E426,MO,44.26618,10.641561,10.0,4902764.9,1631051.0
PF07/0061/E426,MO,44.264131,10.643455,52.0,4902540.309,1631206.774
PF08/0061/E426,MO,44.267252,10.646956,52.0,4902892.567,1631479.223
PF01/0062/E426,MO,44.263467,10.648449,70.0,4902474.48,1631606.844
PF02/0062/E426,MO,44.261121,10.64894,70.0,4902214.69,1631651.241
PF04/0062/E426,MO,44.260802,10.64455,52.0,4902172.229,1631301.584
PF05/0062/E426,MO,44.259897,10.652413,52.0,4902084.35,1631931.252
PF01/0063/E426,MO,44.268707,10.664482,70.0,4903082.376,1632874.773
PF02/0063/E426,MO,44.262611,10.657074,70.0,4902393.278,1632297.242
PF03/0063/E426,MO,44.260387,10.660663,8.0,4902152.01,1632588.68
PF04/0063/E426,MO,44.262281,10.660409,8.0,4902361.99,1632564.15
PF05/0063/E426,MO,44.268387,10.667475,72.0,4903051.699,1633114.431
PF01/0064/E426,MO,44.264574,10.66577,72.0,4902625.412,1632986.945
PF02/0064/E426,MO,44.260951,10.667384,52.0,4902225.54,1633123.927
PF03/0064/E426,MO,44.256379,10.661944,52.0,4901708.955,1632699.946
PF01/0065/E426,MO,44.265046,10.672758,72.0,4902689.151,1633543.643
PF01/0066/E426,MO,44.265553,10.695582,8.0,4902782.85,1635364.23
PF02/0066/E426,MO,44.265084,10.693738,70.0,4902727.7,1635218.116
PF04/0066/E426,MO,44.263053,10.690837,10.0,4902497.4,1634991.2
PF05/0066/E426,MO,44.261659,10.6905,10.0,4902342.0,1634967.5
PF06/0066/E426,MO,44.265911,10.686619,70.0,4902807.935,1634648.006
PF07/0066/E426,MO,44.264867,10.684497,70.0,4902688.409,1634481.062
PF02/0067/E426,MO,44.26552,10.698083,70.0,4902783.378,1635563.933
PF03/0067/E426,MO,44.264461,10.700367,70.0,4902669.462,1635748.679
PF04/0067/E426,MO,44.264354,10.704637,52.0,4902664.621,1636089.811
PF01/0068/E426,MO,44.252143,10.663561,8.0,4901241.05,1632838.62
PF01/0069/E426,MO,44.258181,10.68132,8.0,4901940.64,1634242.65
PF02/0069/E426,MO,44.25485,10.675266,70.0,4901560.752,1633766.912
PF03/0069/E426,MO,44.260384,10.676645,70.0,4902177.624,1633864.434
PF01/0070/E426,MO,44.256243,10.689134,70.0,4901738.148,1634870.857
PF01/0001/E904,MO,44.538541,10.865331,70.0,4933400.004,1648222.432
PF03/0001/E904,MO,44.538977,10.869884,70.0,4933456.728,1648583.043
PF06/0001/E904,MO,44.537314,10.863032,70.0,4933259.618,1648042.906
PF02/0002/E904,MO,44.542419,10.884761,52.0,4933866.283,1649756.159
PF03/0002/E904,MO,44.541987,10.8892,52.0,4933826.417,1650109.936
PF06/0002/E904,MO,44.537148,10.87517,70.0,4933263.236,1649007.712
PF07/0002/E904,MO,44.537311,10.879257,50.0,4933288.764,1649332.023
PF08/0002/E904,MO,44.537636,10.886026,52.0,4933337.287,1649868.956
PF10/0002/E904,MO,44.535093,10.884448,52.0,4933051.916,1649750.11
PF01/0003/E904,MO,44.536836,10.900728,52.0,4933275.431,1651039.094
PF02/0003/E904,MO,44.535138,10.896821,52.0,4933079.596,1650733.011
PF03/0003/E904,MO,44.538139,10.897014,68.0,4933413.358,1650740.662
PF04/0003/E904,MO,44.538995,10.892921,68.0,4933500.865,1650413.247
PF05/0003/E904,MO,44.542936,10.898384,68.0,4933948.724,1650837.063
PF02/0004/E904,MO,44.534449,10.863026,70.0,4932941.285,1648049.673
PF07/0004/E904,MO,44.528646,10.856929,50.0,4932285.672,1647579.899
PF10/0004/E904,MO,44.53101,10.860542,70.0,4932554.835,1647861.018
PF12/0004/E904,MO,44.531287,10.869927,50.0,4932602.558,1648606.029
PF13/0004/E904,MO,44.529205,10.872885,70.0,4932376.691,1648846.394
PF14/0004/E904,MO,44.532409,10.863562,70.0,4932715.717,1648097.488
PF02/0005/E904,MO,44.535089,10.879856,50.0,4933043.083,1649385.232
PF03/0005/E904,MO,44.534644,10.876412,50.0,4932987.314,1649112.793
PF04/0005/E904,MO,44.534591,10.887977,52.0,4933002.629,1650031.802
PF06/0005/E904,MO,44.533661,10.885098,52.0,4932893.996,1649805.426
PF07/0005/E904,MO,44.532788,10.889735,50.0,4932805.605,1650176.109
PF09/0005/E904,MO,44.531709,10.87926,70.0,4932666.457,1649346.508
PF10/0005/E904,MO,44.531278,10.882067,52.0,4932623.805,1649570.677
PF11/0005/E904,MO,44.531126,10.885037,52.0,4932612.322,1649807.083
PF12/0005/E904,MO,44.529197,10.879255,70.0,4932387.403,1649352.594
PF13/0005/E904,MO,44.529674,10.883152,72.0,4932447.605,1649660.991
PF14/0005/E904,MO,44.52973,10.887256,52.0,4932461.363,1649986.986
PF16/0005/E904,MO,44.532041,10.875753,70.0,4932696.98,1649067.045
PF01/0006/E904,MO,44.533042,10.894854,72.0,4932843.223,1650582.167
PF03/0006/E904,MO,44.532155,10.89996,52.0,4932754.035,1650990.125
PF04/0006/E904,MO,44.53088,10.894239,48.0,4932601.915,1650538.861
PF07/0006/E904,MO,44.530031,10.897603,48.0,4932513.822,1650808.321
PF08/0006/E904,MO,44.529723,10.889916,50.0,4932465.438,1650198.356
PF10/0006/E904,MO,44.528264,10.898334,52.0,4932318.821,1650871.001
PF12/0006/E904,MO,44.526435,10.898889,52.0,4932116.755,1650919.804
PF01/0007/E904,MO,44.527167,10.867046,8.0,4932139.72,1648387.58
PF02/0007/E904,MO,44.527971,10.859924,50.0,4932216.06,1647819.61
PF03/0007/E904,MO,44.52627,10.862525,50.0,4932031.908,1648030.614
PF05/0007/E904,MO,44.529706,10.864967,70.0,4932417.972,1648215.915
PF01/0008/E904,MO,44.522987,10.868651,50.0,4931678.314,1648525.752
PF02/0008/E904,MO,44.527227,10.870907,50.0,4932153.393,1648694.215
PF04/0008/E904,MO,44.524342,10.871284,50.0,4931833.598,1648731.545
PF05/0008/E904,MO,44.521473,10.8709,50.0,4931514.199,1648708.344
PF06/0008/E904,MO,44.525257,10.868069,50.0,4931929.356,1648473.754
PF05/0009/E904,MO,44.528082,10.888307,72.0,4932280.148,1650074.668
PF06/0009/E904,MO,44.526372,10.875548,50.0,4932066.935,1649065.195
PF07/0009/E904,MO,44.526803,10.879361,52.0,4932121.744,1649367.065
PF08/0009/E904,MO,44.526234,10.891078,52.0,4932079.996,1650299.665
PF09/0009/E904,MO,44.524903,10.879073,52.0,4931910.152,1649349.037
PF10/0009/E904,MO,44.524586,10.882685,52.0,4931881.537,1649636.896
PF11/0009/E904,MO,44.524827,10.890014,72.0,4931921.771,1650218.712
PF12/0009/E904,MO,44.523857,10.886023,52.0,4931806.621,1649904.063
PF13/0009/E904,MO,44.523461,10.874517,50.0,4931741.639,1648990.683
PF19/0009/E904,MO,44.521102,10.886862,50.0,4931502.139,1649977.82
PF01/0010/E904,MO,44.527717,10.902879,50.0,4932266.526,1651233.569
PF02/0010/E904,MO,44.525505,10.906585,50.0,4932027.664,1651533.826
PF03/0010/E904,MO,44.525661,10.892157,50.0,4932018.286,1650386.885
PF04/0010/E904,MO,44.524809,10.895645,50.0,4931930.087,1650666.195
PF05/0010/E904,MO,44.524769,10.900303,50.0,4931934.282,1651036.5
PF07/0010/E904,MO,44.523412,10.903204,50.0,4931788.959,1651270.554
PF08/0010/E904,MO,44.522873,10.889251,50.0,4931703.276,1650163.067
PF10/0010/E904,MO,44.522316,10.897743,50.0,4931657.036,1650839.345
PF11/0010/E904,MO,44.522413,10.901916,50.0,4931675.513,1651170.732
PF13/0010/E904,MO,44.521291,10.895414,50.0,4931538.958,1650656.926
PF01/0011/E904,MO,44.528079,10.857129,50.0,4932223.016,1647597.241
PF02/0011/E904,MO,44.527192,10.854316,50.0,4932119.418,1647375.96
PF03/0011/E904,MO,44.5259,10.858598,50.0,4931983.638,1647719.476
PF04/0011/E904,MO,44.522244,10.855837,50.0,4931572.55,1647509.268
PF05/0011/E904,MO,44.521548,10.860092,50.0,4931502.934,1647849.223
PF06/0011/E904,MO,44.520595,10.858992,5.0,4931395.06,1647764.2
PF08/0011/E904,MO,44.518969,10.855499,52.0,4931208.119,1647490.698
PF09/0011/E904,MO,44.517122,10.853239,52.0,4930998.967,1647315.73
PF10/0011/E904,MO,44.516425,10.856154,52.0,4930926.734,1647549.201
PF01/0012/E904,MO,44.523559,10.861631,50.0,4931729.087,1647966.407
PF02/0012/E904,MO,44.524204,10.865189,52.0,4931807.254,1648247.51
PF02/0013/E904,MO,44.517584,10.867604,52.0,4931076.231,1648456.259
PF03/0013/E904,MO,44.518922,10.861548,52.0,4931213.916,1647971.542
PF04/0013/E904,MO,44.513122,10.867735,50.0,4930580.858,1648478.032
PF05/0013/E904,MO,44.514151,10.863725,52.0,4930687.878,1648156.669
PF06/0013/E904,MO,44.518294,10.860635,52.0,4931142.486,1647900.632
PF07/0013/E904,MO,44.515489,10.857921,52.0,4930826.013,1647691.959
PF01/0014/E904,MO,44.518681,10.877591,52.0,4931216.324,1649247.189
PF02/0014/E904,MO,44.518441,10.883508,70.0,4931200.449,1649718.087
PF03/0014/E904,MO,44.519243,10.888489,50.0,4931298.66,1650111.882
PF04/0014/E904,MO,44.518448,10.891779,52.0,4931216.394,1650375.373
PF05/0014/E904,MO,44.51742,10.879095,70.0,4931079.01,1649369.947
PF07/0014/E904,MO,44.517325,10.886107,52.0,4931081.269,1649927.439
PF08/0014/E904,MO,44.515746,10.884033,72.0,4930902.031,1649766.699
PF09/0014/E904,MO,44.516438,10.88979,50.0,4930989.506,1650222.437
PF10/0014/E904,MO,44.51632,10.894524,52.0,4930985.132,1650599.036
PF11/0014/E904,MO,44.51535,10.886657,52.0,4930862.839,1649976.238
PF12/0014/E904,MO,44.515182,10.892593,50.0,4930855.083,1650448.438
PF13/0014/E904,MO,44.515064,10.881507,70.0,4930821.671,1649567.673
PF14/0014/E904,MO,44.514178,10.889055,50.0,4930737.133,1650169.871
PF01/0015/E904,MO,44.509109,10.892991,52.0,4930181.229,1650495.747
PF02/0015/E904,MO,44.506751,10.893842,52.0,4929920.845,1650569.43
PF03/0015/E904,MO,44.510874,10.898235,50.0,4930386.938,1650907.989
PF04/0015/E904,MO,44.506818,10.893678,52.0,4929928.01,1650556.216
PF01/0016/E904,MO,44.521887,10.905159,50.0,4931623.148,1651429.84
PF03/0016/E904,MO,44.518223,10.907163,50.0,4931219.812,1651598.62
PF04/0016/E904,MO,44.517603,10.911514,50.0,4931159.045,1651946.008
PF05/0016/E904,MO,44.518027,10.899916,50.0,4931184.649,1651023.129
PF06/0016/E904,MO,44.516156,10.901306,52.0,4930979.443,1651138.492
PF07/0016/E904,MO,44.51491,10.904235,72.0,4930846.453,1651374.5
PF08/0016/E904,MO,44.515639,10.908098,50.0,4930934.517,1651679.653
PF09/0016/E904,MO,44.515574,10.912458,70.0,4930935.408,1652026.333
PF10/0016/E904,MO,44.514077,10.900823,58.0,4930747.537,1651105.434
PF11/0016/E904,MO,44.513953,10.907459,70.0,4930746.073,1651633.176
PF13/0016/E904,MO,44.511207,10.902073,52.0,4930431.094,1651212.227
PF15/0016/E904,MO,44.511045,10.906821,70.0,4930421.822,1651590.019
PF16/0016/E904,MO,44.52024,10.90276,12.0,4931435.703,1651243.479
PF01/0017/E904,MO,44.512993,10.837065,52.0,4930511.219,1646040.59
PF02/0017/E904,MO,44.511074,10.837581,70.0,4930298.961,1646086.395
PF03/0017/E904,MO,44.510852,10.844917,52.0,4930287.493,1646670.035
PF04/0017/E904,MO,44.509492,10.834822,70.0,4930118.305,1645871.089
PF05/0017/E904,MO,44.509032,10.844361,70.0,4930084.298,1646630.404
PF06/0017/E904,MO,44.507137,10.83281,50.0,4929853.198,1645717.028
PF09/0017/E904,MO,44.508344,10.836026,70.0,4929992.915,1645969.645
PF10/0017/E904,MO,44.510776,10.845092,8.0,4930279.34,1646684.16
PF01/0018/E904,MO,44.514045,10.852266,70.0,4930655.349,1647246.204
PF02/0018/E904,MO,44.512161,10.849688,50.0,4930441.468,1647045.992
PF03/0018/E904,MO,44.513196,10.858141,72.0,4930571.697,1647715.286
PF11/0018/E904,MO,44.511356,10.855777,12.0,4930363.0,1647532.0
PF12/0018/E904,MO,44.505555,10.854618,12.0,4929716.512,1647454.501
PF01/0019/E904,MO,44.517967,10.875105,70.0,4931132.443,1649051.395
PF03/0019/E904,MO,44.516179,10.880792,52.0,4930944.166,1649507.976
PF04/0019/E904,MO,44.514508,10.875897,50.0,4930749.633,1649123.165
PF09/0019/E904,MO,44.506914,10.872845,70.0,4929900.52,1648899.963
PF10/0019/E904,MO,44.50485,10.87086,50.0,4929667.667,1648747.431
PF11/0019/E904,MO,44.506909,10.869894,50.0,4929894.651,1648665.429
PF12/0019/E904,MO,44.5083,10.879813,50.0,4930067.235,1649450.316
PF13/0019/E904,MO,44.511787,10.872603,70.0,4930441.44,1648868.288
PF01/0020/E904,MO,44.504344,10.887384,52.0,4929641.606,1650062.281
PF02/0020/E904,MO,44.502746,10.890506,70.0,4929469.914,1650314.558
PF03/0020/E904,MO,44.506812,10.890488,70.0,4929921.548,1650302.709
PF04/0020/E904,MO,44.511962,10.883417,70.0,4930480.586,1649727.422
PF05/0020/E904,MO,44.5097,10.88676,50.0,4930235.445,1649998.941
PF06/0020/E904,MO,44.506464,10.881691,50.0,4929866.68,1649604.31
PF07/0020/E904,MO,44.505806,10.884612,52.0,4929798.91,1649838.146
PF01/0021/E904,MO,44.50357,10.83554,50.0,4929461.752,1645942.918
PF02/0021/E904,MO,44.50044,10.842494,52.0,4929126.562,1646503.523
PF03/0021/E904,MO,44.501935,10.825779,52.0,4929262.848,1645171.026
PF04/0021/E904,MO,44.50034,10.829286,52.0,4929091.817,1645453.744
PF05/0021/E904,MO,44.505164,10.828338,50.0,4929626.077,1645366.431
PF06/0021/E904,MO,44.503191,10.83192,52.0,4929413.257,1645656.04
PF07/0021/E904,MO,44.505487,10.8327,50.0,4929669.684,1645712.379
PF01/0022/E904,MO,44.503102,10.846231,8.0,4929428.95,1646793.94
PF03/0022/E904,MO,44.49613,10.854286,50.0,4928668.971,1647451.888
PF04/0022/E904,MO,44.502045,10.856958,50.0,4929330.897,1647649.354
PF05/0022/E904,MO,44.501231,10.842826,12.0,4929215.0,1646528.0
PF02/0023/E904,MO,44.509475,10.864173,52.0,4930169.264,1648204.101
PF03/0023/E904,MO,44.508383,10.862058,50.0,4930044.17,1648038.803
PF04/0023/E904,MO,44.506529,10.859958,70.0,4929834.377,1647876.534
PF05/0023/E904,MO,44.506841,10.863853,72.0,4929876.117,1648185.359
PF06/0023/E904,MO,44.504112,10.858511,52.0,4929563.221,1647767.62
PF08/0023/E904,MO,44.500228,10.860201,52.0,4929134.894,1647911.797
PF09/0023/E904,MO,44.499481,10.856837,9.0,4929045.8,1647646.2
PF10/0023/E904,MO,44.49694,10.85625,50.0,4928762.526,1647605.976
PF11/0023/E904,MO,44.497195,10.858996,52.0,4928795.76,1647823.641
PF12/0023/E904,MO,44.509872,10.866612,10.0,4930217.8,1648397.0
PF13/0023/E904,MO,44.500981,10.862723,70.0,4929223.136,1648110.386
PF02/0024/E904,MO,44.504393,10.879554,50.0,4929632.718,1649439.701
PF04/0024/E904,MO,44.503267,10.869669,70.0,4929489.629,1648656.793
PF05/0024/E904,MO,44.503783,10.874291,50.0,4929555.375,1649022.918
PF06/0024/E904,MO,44.502343,10.865745,70.0,4929379.861,1648347.171
PF07/0024/E904,MO,44.50237,10.877714,50.0,4929404.654,1649298.626
PF08/0024/E904,MO,44.501532,10.873339,50.0,4929303.601,1648952.929
PF09/0024/E904,MO,44.499779,10.871186,52.0,4929104.907,1648786.23
PF02/0025/E904,MO,44.500913,10.888923,50.0,4929263.388,1650193.417
PF03/0025/E904,MO,44.500565,10.881176,50.0,4929210.509,1649578.415
PF06/0025/E904,MO,44.497917,10.874389,9.0,4928904.0,1649045.6
PF07/0025/E904,MO,44.4971,10.879207,50.0,4928821.959,1649430.773
PF09/0025/E904,MO,44.497575,10.886685,50.0,4928888.474,1650024.07
PF10/0025/E904,MO,44.496276,10.87195,70.0,4928717.248,1648855.89
PF11/0025/E904,MO,44.49572,10.884921,72.0,4928679.181,1649888.555
PF12/0025/E904,MO,44.495962,10.887718,50.0,4928711.15,1650110.33
PF13/0025/E904,MO,44.500218,10.876991,50.0,4929164.273,1649246.606
PF14/0025/E904,MO,44.499644,10.887814,50.0,4929120.395,1650108.472
PF15/0025/E904,MO,44.497283,10.883246,50.0,4928849.707,1649751.421
PF01/0026/E904,MO,44.496809,10.829699,52.0,4928700.341,1645495.406
PF02/0026/E904,MO,44.495564,10.829921,8.0,4928562.5,1645516.12
PF02/0027/E904,MO,44.498486,10.84032,56.0,4928905.578,1646335.611
PF07/0027/E904,MO,44.493053,10.843878,52.0,4928308.534,1646632.071
PF08/0027/E904,MO,44.493235,10.851423,50.0,4928342.275,1647231.565
PF10/0027/E904,MO,44.491624,10.846907,72.0,4928155.222,1646876.511
PF13/0027/E904,MO,44.494752,10.838698,50.0,4928487.888,1646216.01
PF14/0027/E904,MO,44.498318,10.847772,52.0,4928900.282,1646928.446
PF15/0027/E904,MO,44.498238,10.836925,52.0,4928871.95,1646066.323
PF01/0028/E904,MO,44.496365,10.860649,52.0,4928706.608,1647957.189
PF02/0028/E904,MO,44.498068,10.865114,70.0,4928903.886,1648307.805
PF03/0028/E904,MO,44.499507,10.867072,70.0,4929067.21,1648459.838
PF04/0028/E904,MO,44.495459,10.870667,70.0,4928624.191,1648755.941
PF05/0028/E904,MO,44.49327,10.860654,50.0,4928362.867,1647965.377
PF06/0028/E904,MO,44.491472,10.863961,70.0,4928169.114,1648232.857
PF01/0029/E904,MO,44.490995,10.874712,70.0,4928135.651,1649088.968
PF02/0029/E904,MO,44.48542,10.869994,50.0,4927507.751,1648727.922
PF03/0029/E904,MO,44.493952,10.873138,70.0,4928461.227,1648956.226
PF04/0029/E904,MO,44.492585,10.879741,50.0,4928321.437,1649484.732
PF05/0029/E904,MO,44.490505,10.879108,52.0,4928089.291,1649439.699
PF01/0030/E904,MO,44.491753,10.856671,52.0,4928187.095,1647652.501
PF02/0030/E904,MO,44.49081,10.854146,50.0,4928077.792,1647454.136
PF03/0030/E904,MO,44.488148,10.859103,52.0,4927791.042,1647854.979
PF04/0030/E904,MO,44.484866,10.855756,50.0,4927420.486,1647597.183
PF05/0030/E904,MO,44.488724,10.852708,50.0,4927843.456,1647345.054
PF06/0030/E904,MO,44.48904,10.847613,50.0,4927869.456,1646939.14
PF07/0030/E904,MO,44.488959,10.86475,52.0,4927891.369,1648302.016
PF08/0030/E904,MO,44.491381,10.851676,8.0,4928136.82,1647256.3
PF01/0031/E904,MO,44.471308,10.861366,9.0,4925924.51,1648077.53
PF02/0031/E904,MO,44.484219,10.852741,50.0,4927343.101,1647359.033
PF03/0031/E904,MO,44.482056,10.857593,50.0,4927111.642,1647750.304
PF01/0032/E904,MO,44.48504,10.860363,54.0,4927448.045,1647963.059
PF02/0032/E904,MO,44.474804,10.860566,8.0,4926311.39,1648005.09
PF03/0032/E904,MO,44.482708,10.860955,8.0,4927190.1,1648016.02
PF01/0033/E904,MO,44.480754,10.868275,50.0,4926986.397,1648603.144
PF02/0033/E904,MO,44.483277,10.875047,70.0,4927278.944,1649135.201
PF01/0034/E904,MO,44.472432,10.867926,52.0,4926061.265,1648596.447
PF03/0034/E904,MO,44.477552,10.867153,54.0,4926628.683,1648521.967
PF04/0034/E904,MO,44.469805,10.861734,70.0,4925758.294,1648110.62
PF05/0034/E904,MO,44.465909,10.860437,70.0,4925323.193,1648017.335
PF01/0035/E904,MO,44.471612,10.875674,50.0,4925984.328,1649214.791
PF02/0035/E904,MO,44.467223,10.872868,52.0,4925491.675,1649002.806
PF03/0035/E904,MO,44.464694,10.867385,70.0,4925200.746,1648573.078
PF04/0035/E904,MO,44.470948,10.871587,70.0,4925903.122,1648891.405
PF01/0001/E905,MO,44.472302,10.938858,9.0,4926178.2,1654238.6
PF02/0001/E905,MO,44.475601,10.934961,50.0,4926537.308,1653919.948
PF06/0001/E905,MO,44.477853,10.948065,70.0,4926812.191,1654956.208
PF01/0002/E905,MO,44.468637,10.927543,52.0,4925749.859,1653348.209
PF02/0002/E905,MO,44.46767,10.931954,52.0,4925650.621,1653701.605
PF02/0003/E905,MO,44.467995,10.946649,50.0,4925714.513,1654869.611
PF06/0003/E905,MO,44.465769,10.949169,72.0,4925472.021,1655075.966
PF07/0003/E905,MO,44.47101,10.946599,50.0,4926049.323,1654857.702
PF01/0004/E905,MO,44.471179,10.934016,72.0,4926044.299,1653856.401
PF03/0004/E905,MO,44.462025,10.94139,52.0,4925041.429,1654467.101
PF04/0004/E905,MO,44.468091,10.939509,70.0,4925711.65,1654301.46
PF05/0004/E905,MO,44.46449,10.939066,52.0,4925310.797,1654275.707
PF01/0005/E905,MO,44.470615,10.961246,70.0,4926033.227,1656023.775
PF02/0005/E905,MO,44.466983,10.954469,72.0,4925616.966,1655494.379
PF03/0005/E905,MO,44.466721,10.959252,52.0,4925596.969,1655875.525
PF05/0005/E905,MO,44.464915,10.965445,50.0,4925408.154,1656372.959
PF06/0005/E905,MO,44.465049,10.968459,70.0,4925428.809,1656612.369
PF07/0005/E905,MO,44.464293,10.957572,72.0,4925324.047,1655748.327
PF08/0005/E905,MO,44.464519,10.961742,52.0,4925357.044,1656079.433
PF01/0006/E905,MO,44.456665,10.921963,9.0,4924409.5,1652935.6
PF01/0007/E905,MO,44.461408,10.946322,72.0,4924982.218,1654861.029
PF03/0007/E905,MO,44.458262,10.943756,70.0,4924627.829,1654665.189
PF04/0007/E905,MO,44.456456,10.950049,50.0,4924439.155,1655170.626
PF05/0007/E905,MO,44.459435,10.937188,52.0,4924745.738,1654139.597
PF06/0007/E905,MO,44.45538,10.941967,70.0,4924304.306,1654530.509
PF07/0007/E905,MO,44.462197,10.951656,50.0,4925079.94,1655283.267
PF01/0008/E905,MO,44.458449,10.95998,68.0,4924679.434,1655955.48
PF02/0008/E905,MO,44.454917,10.957867,52.0,4924283.037,1655796.722
PF03/0008/E905,MO,44.452458,10.958343,52.0,4924010.805,1655841.185
PF04/0008/E905,MO,44.461,10.957621,50.0,4924958.28,1655760.994
PF05/0008/E905,MO,44.461687,10.96318,50.0,4925045.197,1656201.406
PF06/0008/E905,MO,44.453119,10.953571,52.0,4924075.204,1655459.717
PF01/0009/E905,MO,44.461521,10.980752,52.0,4925060.478,1657599.768
PF02/0009/E905,MO,44.458998,10.978427,70.0,4924775.726,1657421.567
PF03/0009/E905,MO,44.46192,10.977385,56.0,4925098.341,1657330.812
PF07/0009/E905,MO,44.460567,10.973772,50.0,4924941.086,1657047.043
PF08/0009/E905,MO,44.461387,10.972189,50.0,4925029.187,1656918.918
PF09/0009/E905,MO,44.462062,10.970097,70.0,4925100.12,1656750.652
PF10/0009/E905,MO,44.46333,10.972701,70.0,4925246.006,1656954.379
PF11/0009/E905,MO,44.458278,10.967908,70.0,4924675.615,1656586.628
PF12/0009/E905,MO,44.459943,10.964979,68.0,4924854.976,1656349.154
PF01/0010/E905,MO,44.456338,10.962955,52.0,4924450.606,1656197.78
PF02/0010/E905,MO,44.454417,10.96341,70.0,4924238.093,1656239.084
PF03/0010/E905,MO,44.453499,10.961349,52.0,4924132.253,1656077.543
PF04/0010/E905,MO,44.456084,10.965883,68.0,4924428.005,1656431.371
PF01/0011/E905,MO,44.457456,10.967564,50.0,4924583.644,1656561.495
PF03/0011/E905,MO,44.456025,10.966012,70.0,4924421.716,1656441.775
PF04/0011/E905,MO,44.455683,10.96867,52.0,4924388.774,1656654.168
PF06/0011/E905,MO,44.454367,10.966716,50.0,4924238.906,1656502.229
PF01/0012/E905,MO,44.455623,10.975829,70.0,4924395.873,1657223.932
PF02/0012/E905,MO,44.456313,10.980378,52.0,4924481.288,1657584.003
PF03/0012/E905,MO,44.460032,10.984792,70.0,4924902.9,1657925.109
PF01/0013/E905,MO,44.454797,10.880754,52.0,4924125.757,1649661.819
PF01/0014/E905,MO,44.445595,10.870875,52.0,4923085.637,1648899.227
PF01/0015/E905,MO,44.450419,10.878943,8.0,4923636.22,1649528.9
PF02/0015/E905,MO,44.452422,10.886041,70.0,4923871.711,1650088.555
PF03/0015/E905,MO,44.451398,10.895486,52.0,4923775.262,1650842.682
PF01/0016/E905,MO,44.458323,10.901387,70.0,4924555.365,1651294.311
PF02/0016/E905,MO,44.453808,10.905986,52.0,4924062.365,1651671.902
PF03/0016/E905,MO,44.451698,10.906015,52.0,4923828.081,1651679.659
PF01/0017/E905,MO,44.457572,10.910936,52.0,4924489.663,1652055.935
PF02/0017/E905,MO,44.456466,10.915418,50.0,4924375.221,1652415.434
PF01/0018/E905,MO,44.449857,10.929368,50.0,4923667.172,1653542.599
PF02/0018/E905,MO,44.450928,10.932241,70.0,4923791.482,1653768.395
PF03/0018/E905,MO,44.451854,10.935252,52.0,4923900.002,1654005.535
PF05/0018/E905,MO,44.456359,10.933646,70.0,4924397.468,1653865.895
PF02/0019/E905,MO,44.451015,10.948842,52.0,4923832.535,1655088.988
PF04/0019/E905,MO,44.447678,10.946319,50.0,4923457.014,1654897.106
PF07/0019/E905,MO,44.455021,10.945818,52.0,4924271.812,1654837.831
PF09/0019/E905,MO,44.453278,10.941925,52.0,4924070.817,1654532.72
PF10/0019/E905,MO,44.450672,10.93791,70.0,4923773.724,1654220.077
PF01/0020/E905,MO,44.444218,10.905944,50.0,4922997.073,1651693.363
PF02/0020/E905,MO,44.443898,10.910668,50.0,4922970.325,1652070.145
PF03/0020/E905,MO,44.444539,10.90264,52.0,4923026.643,1651429.65
PF04/0020/E905,MO,44.44684,10.909793,50.0,4923295.426,1651992.829
PF01/0021/E905,MO,44.446511,10.925261,70.0,4923287.793,1653224.497
PF02/0021/E905,MO,44.449986,10.913015,50.0,4923650.882,1652241.075
PF01/0022/E905,MO,44.444775,10.940359,70.0,4923123.323,1654430.463
PF02/0022/E905,MO,44.447451,10.930336,70.0,4923401.753,1653625.923
PF01/0023/E905,MO,44.435632,10.864668,52.0,4921967.608,1648430.531
PF02/0023/E905,MO,44.436524,10.873081,70.0,4922082.017,1649097.829
PF02/0024/E905,MO,44.436749,10.879383,50.0,4922118.474,1649598.772
PF03/0024/E905,MO,44.435925,10.882815,50.0,4922033.305,1649874.012
PF04/0024/E905,MO,44.44487,10.877259,70.0,4923016.703,1649409.031
PF05/0024/E905,MO,44.442101,10.881849,70.0,4922717.522,1649781.425
PF06/0024/E905,MO,44.444356,10.873034,70.0,4922951.903,1649074.161
PF07/0024/E905,MO,44.449162,10.878506,50.0,4923495.752,1649497.355
PF08/0024/E905,MO,44.441965,10.877169,70.0,4922693.854,1649409.274
PF01/0025/E905,MO,44.444897,10.884826,70.0,4923033.544,1650011.113
PF02/0025/E905,MO,44.439398,10.884769,70.0,4922422.649,1650020.662
PF03/0025/E905,MO,44.445981,10.889149,70.0,4923161.904,1650352.38
PF04/0025/E905,MO,44.436625,10.885977,70.0,4922116.789,1650123.932
PF01/0026/E905,MO,44.43828,10.897856,52.0,4922322.563,1651065.083
PF02/0026/E905,MO,44.438817,10.903882,72.0,4922393.26,1651543.215
PF03/0026/E905,MO,44.441134,10.904445,52.0,4922651.679,1651582.078
PF04/0026/E905,MO,44.435356,10.895556,50.0,4921993.469,1650889.568
PF05/0026/E905,MO,44.440622,10.899924,72.0,4922586.47,1651223.589
PF01/0027/E905,MO,44.442176,10.908788,50.0,4922775.516,1651924.982
PF02/0027/E905,MO,44.432008,10.920058,50.0,4921666.999,1652848.291
PF03/0027/E905,MO,44.438296,10.909433,72.0,4922345.678,1651986.362
PF04/0027/E905,MO,44.442463,10.918897,50.0,4922826.174,1652728.694
PF05/0027/E905,MO,44.442167,10.914265,54.0,4922784.719,1652360.81
PF01/0028/E905,MO,44.44246,10.928478,70.0,4922843.852,1653491.127
PF02/0028/E905,MO,44.439915,10.921794,72.0,4922548.623,1652965.867
PF03/0028/E905,MO,44.437331,10.93255,70.0,4922281.73,1653828.644
PF04/0028/E905,MO,44.440996,10.93233,70.0,4922688.482,1653801.508
PF05/0028/E905,MO,44.438187,10.926552,12.0,4922365.527,1653349.027
PF01/0029/E905,MO,44.434641,10.883097,9.0,4921891.2,1649899.8
PF02/0029/E905,MO,44.433449,10.88551,70.0,4921763.193,1650094.861
PF03/0029/E905,MO,44.430963,10.881531,52.0,4921479.708,1649784.552
PF04/0029/E905,MO,44.43361,10.892084,70.0,4921793.186,1650617.653
PF05/0029/E905,MO,44.434122,10.8749,12.0,4921818.516,1649248.731
PF01/0030/E905,MO,44.433309,10.897258,52.0,4921769.223,1651030.284
PF02/0030/E905,MO,44.430377,10.89478,50.0,4921438.965,1650840.588
PF03/0030/E905,MO,44.429358,10.90201,52.0,4921339.137,1651418.665
PF04/0030/E905,MO,44.431742,10.889616,50.0,4921581.106,1650426.027
PF02/0032/E905,MO,44.429464,10.925943,50.0,4921395.431,1653323.34
PF03/0032/E905,MO,44.428638,10.923714,50.0,4921299.567,1653148.12
PF04/0032/E905,MO,44.427015,10.923012,50.0,4921117.995,1653096.46
PF06/0032/E905,MO,44.425622,10.922469,50.0,4920962.206,1653056.858
PF07/0032/E905,MO,44.423739,10.923887,50.0,4920755.64,1653174.688
PF08/0032/E905,MO,44.426664,10.925718,50.0,4921084.07,1653312.785
PF01/0033/E905,MO,44.427429,10.889592,52.0,4921101.964,1650435.218
PF02/0033/E905,MO,44.427572,10.885392,52.0,4921110.186,1650100.521
PF03/0033/E905,MO,44.42133,10.885711,52.0,4920417.329,1650141.896
PF01/0034/E905,MO,44.424825,10.898456,52.0,4920829.039,1651147.49
PF01/0035/E905,MO,44.426622,10.909525,8.0,4921049.2,1652023.92
PF02/0035/E905,MO,44.417226,10.909245,50.0,4920004.984,1652025.989
PF03/0035/E905,MO,44.426852,10.909376,12.0,4921074.42,1652011.51
PF01/0036/E905,MO,44.418009,10.921595,52.0,4920114.953,1653007.176
PF02/0036/E905,MO,44.422192,10.924373,52.0,4920584.743,1653217.412
PF03/0036/E905,MO,44.415537,10.919082,52.0,4919835.628,1652813.556
PF04/0036/E905,MO,44.416216,10.915529,70.0,4919904.417,1652528.912
PF05/0036/E905,MO,44.421791,10.916842,52.0,4920526.098,1652618.935
PF01/0038/E905,MO,44.412011,10.899812,8.0,4919408.15,1651288.47
PF02/0038/E905,MO,44.409959,10.909263,52.0,4919197.764,1652046.269
PF03/0038/E905,MO,44.412873,10.907481,50.0,4919518.153,1651896.794
PF01/0039/E905,MO,44.406501,10.887632,8.0,4918773.73,1650332.8
PF02/0039/E905,MO,44.40818,10.882967,52.0,4918951.676,1649957.046
PF04/0039/E905,MO,44.409617,10.890663,52.0,4919125.422,1650566.189
PF05/0039/E905,MO,44.403999,10.885984,52.0,4918492.747,1650207.989
PF06/0039/E905,MO,44.402527,10.891333,52.0,4918339.121,1650637.717
PF07/0039/E905,MO,44.400815,10.891588,52.0,4918149.378,1650662.41
PF08/0039/E905,MO,44.399908,10.889689,50.0,4918045.12,1650513.477
PF10/0039/E905,MO,44.398355,10.886153,52.0,4917866.124,1650235.893
PF01/0040/E905,MO,44.402005,10.894494,72.0,4918286.95,1650890.77
PF02/0040/E905,MO,44.399702,10.892427,52.0,4918027.308,1650732.108
PF03/0040/E905,MO,44.40599,10.896403,52.0,4918733.046,1651032.49
PF04/0040/E905,MO,44.409021,10.899068,52.0,4919074.682,1651236.962
PF01/0041/E905,MO,44.404733,10.910472,5.0,4918619.51,1652156.03
PF03/0041/E905,MO,44.400737,10.901088,50.0,4918158.261,1651419.126
PF04/0041/E905,MO,44.400561,10.901429,5.0,4918139.32,1651446.74
PF01/0042/E905,MO,44.412369,10.920094,70.0,4919485.673,1652902.403
PF02/0042/E905,MO,44.41375,10.921989,70.0,4919642.605,1653049.646
PF04/0042/E905,MO,44.402372,10.921252,8.0,4918377.38,1653020.6
PF05/0042/E905,MO,44.411546,10.91507,70.0,4919384.791,1652504.529
PF01/0043/E905,MO,44.396412,10.888493,50.0,4917654.618,1650427.231
PF02/0043/E905,MO,44.392778,10.884264,52.0,4917243.191,1650099.707
PF03/0043/E905,MO,44.385573,10.885261,72.0,4916444.741,1650197.519
PF04/0043/E905,MO,44.390424,10.892152,8.0,4916996.24,1650734.0
PF03/0044/E905,MO,44.395387,10.895742,50.0,4917554.114,1651007.162
PF01/0045/E905,MO,44.390314,10.906272,52.0,4917009.999,1651858.913
PF02/0045/E905,MO,44.386858,10.909888,50.0,4916632.823,1652155.862
PF01/0046/E905,MO,44.386396,10.91363,8.0,4916588.53,1652455.18
PF02/0046/E905,MO,44.390811,10.911254,52.0,4917074.541,1652254.446
PF03/0046/E905,MO,44.398445,10.919628,50.0,4917938.093,1652901.496
PF04/0046/E905,MO,44.397353,10.912005,52.0,4917802.545,1652297.298
PF05/0046/E905,MO,44.399768,10.913045,52.0,4918072.801,1652373.804
PF07/0046/E905,MO,44.389208,10.916665,12.0,4916906.493,1652689.581
PF03/0001/F087,MO,44.865845,11.086248,70.0,4970183.051,1664842.3
PF04/0001/F087,MO,44.874076,11.083302,70.0,4971091.427,1664586.066
PF06/0001/F087,MO,44.861508,11.08491,70.0,4969698.51,1664748.94
PF07/0001/F087,MO,44.866998,11.079431,50.0,4970297.318,1664300.433
PF01/0002/F087,MO,44.860557,11.076985,50.0,4969576.866,1664125.524
PF02/0002/F087,MO,44.862157,11.067389,70.0,4969735.273,1663362.827
PF03/0002/F087,MO,44.862987,11.064465,70.0,4969821.556,1663129.516
PF04/0002/F087,MO,44.860791,11.06164,70.0,4969571.9,1662912.524
PF05/0002/F087,MO,44.858167,11.061491,72.0,4969280.15,1662908.092
PF02/0003/F087,MO,44.856347,11.054073,70.0,4969063.139,1662327.106
PF03/0003/F087,MO,44.859098,11.057001,52.0,4969374.615,1662550.749
PF05/0003/F087,MO,44.852684,11.058383,70.0,4968664.823,1662677.963
PF06/0003/F087,MO,44.848203,11.059135,50.0,4968168.592,1662750.025
PF07/0003/F087,MO,44.849165,11.055392,50.0,4968267.986,1662451.552
PF52/0003/F087,MO,44.855229,11.061707,70.0,4968954.217,1662933.5
PF03/0004/F087,MO,44.854539,11.066803,50.0,4968887.772,1663338.112
PF06/0004/F087,MO,44.85186,11.073372,70.0,4968603.477,1663864.778
PF07/0004/F087,MO,44.851757,11.066252,70.0,4968577.632,1663302.395
PF08/0004/F087,MO,44.848965,11.064687,70.0,4968264.346,1663186.615
PF09/0004/F087,MO,44.850036,11.070134,50.0,4968394.324,1663614.055
PF10/0004/F087,MO,44.848325,11.06834,70.0,4968200.649,1663477.105
PF12/0004/F087,MO,44.845836,11.067115,52.0,4967921.673,1663387.35
PF13/0004/F087,MO,44.854146,11.064006,72.0,4968838.495,1663118.178
PF14/0004/F087,MO,44.851723,11.064472,12.0,4968570.298,1663161.888
PF15/0004/F087,MO,44.856717,11.075044,12.0,4969146.352,1663983.105
PF02/0005/F087,MO,44.850019,11.075811,50.0,4968403.807,1664062.674
PF03/0005/F087,MO,44.858803,11.076461,50.0,4969380.972,1664089.08
PF04/0005/F087,MO,44.855257,11.077448,52.0,4968989.017,1664177.158
PF05/0005/F087,MO,44.854323,11.079117,52.0,4968888.683,1664311.699
PF06/0005/F087,MO,44.852102,11.081121,70.0,4968646.022,1664476.363
PF09/0005/F087,MO,44.855713,11.085563,70.0,4969056.151,1664817.12
PF02/0007/F087,MO,44.848836,11.073402,70.0,4968267.586,1663875.656
PF03/0007/F087,MO,44.844796,11.0701,50.0,4967812.155,1663626.203
PF02/0008/F087,MO,44.850029,11.101186,50.0,4968456.497,1666067.885
PF05/0008/F087,MO,44.846853,11.08701,70.0,4968074.875,1664956.722
PF06/0008/F087,MO,44.845963,11.090796,70.0,4967983.698,1665258.422
PF07/0008/F087,MO,44.845028,11.09586,50.0,4967890.147,1665661.299
PF08/0008/F087,MO,44.848281,11.083838,12.0,4968227.0,1664702.0
PF01/0009/F087,MO,44.849561,11.10391,8.0,4968410.13,1666284.45
PF03/0009/F087,MO,44.844351,11.10345,70.0,4967830.424,1666263.099
PF04/0009/F087,MO,44.843703,11.109253,50.0,4967770.26,1666723.579
PF05/0009/F087,MO,44.839556,11.106392,12.0,4967303.737,1666509.455
PF01/0010/F087,MO,44.844541,11.043255,8.0,4967730.12,1661505.32
PF02/0010/F087,MO,44.853457,11.050752,50.0,4968735.46,1662072.818
PF04/0010/F087,MO,44.848157,11.047337,70.0,4968139.934,1661817.821
PF05/0010/F087,MO,44.848533,11.044111,52.0,4968175.222,1661561.873
PF01/0011/F087,MO,44.846787,11.063868,70.0,4968020.753,1663128.061
PF02/0011/F087,MO,44.845027,11.064244,52.0,4967825.957,1663162.77
PF03/0011/F087,MO,44.843723,11.061902,70.0,4967676.448,1662981.362
PF04/0011/F087,MO,44.841228,11.067846,50.0,4967411.179,1663458.18
PF05/0011/F087,MO,44.846172,11.058511,70.0,4967941.697,1662706.473
PF06/0011/F087,MO,44.845103,11.056133,50.0,4967818.143,1662521.494
PF10/0011/F087,MO,44.842986,11.07045,70.0,4967611.764,1663658.97
PF12/0011/F087,MO,44.842446,11.058045,70.0,4967526.852,1662680.1
PF13/0011/F087,MO,44.839363,11.060182,70.0,4967188.651,1662857.676
PF02/0012/F087,MO,44.845688,11.07956,70.0,4967930.35,1664371.303
PF03/0012/F087,MO,44.843718,11.078679,70.0,4967709.674,1664307.27
PF04/0012/F087,MO,44.845516,11.074355,70.0,4967900.723,1663960.383
PF05/0012/F087,MO,44.847466,11.076719,72.0,4968122.076,1664141.678
PF08/0012/F087,MO,44.842176,11.081365,12.0,4967543.805,1664523.918
PF01/0013/F087,MO,44.841314,11.085095,50.0,4967455.593,1664821.182
PF03/0013/F087,MO,44.837521,11.092491,50.0,4967049.287,1665416.592
PF04/0013/F087,MO,44.839824,11.102174,50.0,4967324.939,1666175.279
PF05/0014/F087,MO,44.833565,11.046649,50.0,4966517.488,1661804.281
PF06/0014/F087,MO,44.831107,11.049658,50.0,4966250.438,1662049.0
PF07/0014/F087,MO,44.838504,11.050539,70.0,4967073.94,1662097.899
PF06/0015/F087,MO,44.83709,11.065687,70.0,4966947.228,1663299.19
PF07/0015/F087,MO,44.836006,11.074286,70.0,4966844.102,1663981.953
PF08/0015/F087,MO,44.831168,11.068296,50.0,4966294.603,1663522.196
PF09/0015/F087,MO,44.835073,11.058211,70.0,4966708.168,1662713.969
PF11/0015/F087,MO,44.835377,11.062346,70.0,4966750.218,1663039.92
PF12/0015/F087,MO,44.838714,11.057208,70.0,4967110.624,1662624.462
PF13/0015/F087,MO,44.838886,11.06745,70.0,4967150.23,1663433.483
PF06/0016/F087,MO,44.839874,11.07261,70.0,4967270.376,1663838.523
PF07/0016/F087,MO,44.83806,11.073946,12.0,4967071.579,1663949.283
PF08/0016/F087,MO,44.837343,11.080894,70.0,4967005.941,1664500.436
PF01/0017/F087,MO,44.837765,11.104984,70.0,4967101.884,1666403.313
PF02/0017/F087,MO,44.836926,11.108947,70.0,4967016.888,1666718.919
PF06/0017/F087,MO,44.834082,11.105347,70.0,4966693.497,1666442.61
PF07/0017/F087,MO,44.835961,11.098346,12.0,4966887.921,1665883.84
PF02/0018/F087,MO,44.82585,11.036846,70.0,4965641.063,1661050.877
PF03/0018/F087,MO,44.823172,11.038317,70.0,4965346.492,1661174.684
PF04/0018/F087,MO,44.821969,11.044657,50.0,4965225.374,1661679.261
PF05/0018/F087,MO,44.826092,11.044073,50.0,4965682.237,1661621.58
PF08/0018/F087,MO,44.827372,11.046637,70.0,4965829.562,1661820.682
PF09/0018/F087,MO,44.825185,11.041128,12.0,4965575.634,1661391.275
PF02/0019/F087,MO,44.833895,11.052163,70.0,4966565.185,1662239.21
PF03/0019/F087,MO,44.828306,11.061174,50.0,4965962.404,1662967.234
PF06/0019/F087,MO,44.826105,11.059033,50.0,4965713.529,1662804.164
PF07/0019/F087,MO,44.833168,11.063226,70.0,4966506.535,1663115.787
PF04/0020/F087,MO,44.823808,11.069269,70.0,4965478.943,1663619.896
PF05/0020/F087,MO,44.824394,11.063357,70.0,4965532.15,1663150.85
PF06/0020/F087,MO,44.819536,11.068186,52.0,4965002.219,1663546.339
PF07/0020/F087,MO,44.830338,11.070801,12.0,4966207.4,1663722.5
PF01/0021/F087,MO,44.833362,11.076711,70.0,4966555.325,1664181.089
PF02/0021/F087,MO,44.829538,11.07371,50.0,4966124.462,1663954.74
PF03/0021/F087,MO,44.829082,11.077491,50.0,4966081.399,1664254.98
PF04/0021/F087,MO,44.827523,11.071174,50.0,4965895.505,1663759.974
PF03/0022/F087,MO,44.830769,11.083718,50.0,4966281.468,1664742.351
PF04/0022/F087,MO,44.825109,11.083148,50.0,4965651.482,1664713.471
PF03/0023/F087,MO,44.828645,11.102904,70.0,4966084.596,1666265.129
PF04/0023/F087,MO,44.827464,11.095973,70.0,4965939.214,1665720.568
PF03/0024/F087,MO,44.813754,11.062178,70.0,4964347.855,1663087.603
PF05/0024/F087,MO,44.819254,11.050419,70.0,4964935.317,1662142.382
PF01/0025/F087,MO,44.820265,11.072583,70.0,4965092.032,1663891.949
PF02/0025/F087,MO,44.811699,11.067383,12.0,4964130.0,1663505.0
PF03/0026/F087,MO,44.8201,11.088054,70.0,4965104.999,1665115.626
PF01/0027/F087,MO,44.808756,11.079672,52.0,4963827.884,1664485.102
PF03/0027/F087,MO,44.815044,11.087653,70.0,4964542.606,1665098.341
PF02/0001/F240,MO,44.960709,11.078328,70.0,4980705.252,1663946.65
PF03/0001/F240,MO,44.961434,11.072724,70.0,4980774.531,1663502.62
PF01/0002/F240,MO,44.95144,11.075784,50.0,4979670.472,1663772.376
PF02/0002/F240,MO,44.9522,11.068821,50.0,4979740.843,1663220.965
PF06/0002/F240,MO,44.954963,11.075105,12.0,4980060.416,1663708.804
PF01/0003/F240,MO,44.957739,11.09517,70.0,4980409.482,1665283.486
PF02/0003/F240,MO,44.957402,11.090446,50.0,4980362.461,1664911.872
PF03/0003/F240,MO,44.956532,11.086629,52.0,4980258.079,1664613.32
PF04/0003/F240,MO,44.955117,11.084089,52.0,4980095.664,1664416.951
PF05/0003/F240,MO,44.950275,11.08654,52.0,4979562.824,1664624.146
PF02/0004/F240,MO,44.955892,11.100243,70.0,4980214.708,1665688.922
PF04/0004/F240,MO,44.956851,11.096558,70.0,4980313.652,1665395.537
PF05/0004/F240,MO,44.952407,11.103417,52.0,4979834.011,1665949.377
PF02/0005/F240,MO,44.952563,11.122259,52.0,4979890.15,1667435.189
PF04/0005/F240,MO,44.954662,11.110917,52.0,4980099.91,1666534.49
PF06/0005/F240,MO,44.954815,11.115955,70.0,4980127.289,1666931.389
PF01/0006/F240,MO,44.950586,11.07071,50.0,4979565.378,1663374.498
PF02/0006/F240,MO,44.949224,11.078634,50.0,4979430.029,1664003.472
PF03/0006/F240,MO,44.951642,11.064881,10.0,4979670.89,1662911.75
PF04/0006/F240,MO,44.946281,11.063779,50.0,4979073.105,1662839.925
PF01/0007/F240,MO,44.950545,11.081916,52.0,4979583.403,1664258.602
PF02/0008/F240,MO,44.945784,11.098354,12.0,4979088.0,1665569.0
PF02/0011/F240,MO,44.94478,11.2456,12.0,4979287.575,1677188.564
PF02/0012/F240,MO,44.940287,11.063356,50.0,4978406.425,1662823.532
PF01/0013/F240,MO,44.940849,11.075409,50.0,4978493.131,1663772.918
PF03/0013/F240,MO,44.935555,11.073456,70.0,4977901.1,1663633.851
PF01/0016/F240,MO,44.93505,11.102054,72.0,4977903.043,1665891.793
PF02/0016/F240,MO,44.938611,11.104632,72.0,4978304.0,1666085.0
PF03/0016/F240,MO,44.940065,11.107678,52.0,4978471.665,1666321.148
PF01/0017/F240,MO,44.934478,11.126942,50.0,4977890.79,1667857.29
PF01/0018/F240,MO,44.941573,11.131857,8.0,4978689.08,1668224.43
PF02/0018/F240,MO,44.938272,11.134329,50.0,4978327.554,1668429.121
PF03/0018/F240,MO,44.942113,11.132158,50.0,4978749.684,1668246.613
PF01/0020/F240,MO,44.929885,11.180075,70.0,4977491.885,1672063.567
PF02/0020/F240,MO,44.929461,11.168955,70.0,4977421.173,1671187.34
PF01/0021/F240,MO,44.930878,11.187847,70.0,4977618.719,1672673.944
PF01/0023/F240,MO,44.943367,11.213186,70.0,4979060.311,1674635.571
PF02/0023/F240,MO,44.940447,11.22096,50.0,4978752.686,1675257.779
PF01/0024/F240,MO,44.939139,11.224842,70.0,4978615.849,1675568.085
PF01/0025/F240,MO,44.935311,11.218625,52.0,4978177.065,1675089.21
PF02/0025/F240,MO,44.934942,11.219433,8.0,4978137.85,1675154.03
PF01/0026/F240,MO,44.937216,11.227481,70.0,4978407.944,1675782.127
PF02/0026/F240,MO,44.942336,11.229931,70.0,4978981.972,1675959.845
PF05/0026/F240,MO,44.945427,11.242847,12.0,4979353.496,1676969.382
PF01/0027/F240,MO,44.936486,11.235159,3.0,4978343.48,1676390.21
PF02/0027/F240,MO,44.936518,11.231285,70.0,4978338.64,1676084.423
PF03/0027/F240,MO,44.938465,11.233223,70.0,4978559.095,1676231.382
PF01/0029/F240,MO,44.933464,11.071525,70.0,4977664.945,1663487.415
PF01/0031/F240,MO,44.924793,11.076201,70.0,4976711.146,1663881.069
PF05/0031/F240,MO,44.924437,11.070063,12.0,4976659.2,1663397.62
PF01/0032/F240,MO,44.923871,11.090041,70.0,4976636.722,1664975.944
PF01/0034/F240,MO,44.930942,11.124942,50.0,4977493.809,1667709.793
PF02/0034/F240,MO,44.925118,11.128986,50.0,4976855.188,1668045.877
PF04/0034/F240,MO,44.928417,11.122908,50.0,4977209.085,1667556.649
PF01/0035/F240,MO,44.927075,11.13473,8.0,4977084.46,1668493.46
PF02/0036/F240,MO,44.923773,11.151134,12.0,4976751.904,1669797.768
PF01/0038/F240,MO,44.920438,11.154964,50.0,4976389.456,1670109.9
PF01/0039/F240,MO,44.927634,11.178174,70.0,4977237.744,1671920.308
PF02/0039/F240,MO,44.922628,11.17338,50.0,4976671.538,1671556.825
PF03/0039/F240,MO,44.923984,11.177467,50.0,4976830.777,1671875.384
PF01/0040/F240,MO,44.92424,11.182236,5.0,4976869.29,1672250.95
PF02/0040/F240,MO,44.92407,11.184837,50.0,4976855.956,1672456.734
PF03/0040/F240,MO,44.925523,11.18272,50.0,4977012.858,1672285.31
PF04/0040/F240,MO,44.924013,11.182018,50.0,4976843.663,1672234.465
PF01/0041/F240,MO,44.927516,11.182309,50.0,4977233.44,1672246.928
PF02/0041/F240,MO,44.930197,11.195374,70.0,4977559.132,1673269.918
PF04/0041/F240,MO,44.927973,11.201745,70.0,4977325.619,1673779.377
PF05/0041/F240,MO,44.921449,11.18617,12.0,4976567.661,1672569.847
PF01/0042/F240,MO,44.930257,11.203709,50.0,4977583.543,1673927.522
PF02/0042/F240,MO,44.929494,11.208997,70.0,4977510.214,1674347.096
PF03/0042/F240,MO,44.932243,11.21113,50.0,4977820.111,1674507.068
PF01/0043/F240,MO,44.929682,11.214359,52.0,4977542.546,1674769.634
PF02/0043/F240,MO,44.932459,11.214978,52.0,4977852.457,1674810.066
PF05/0043/F240,MO,44.92693,11.205134,12.0,4977217.0,1674050.0
PF02/0044/F240,MO,44.934333,11.22948,70.0,4978091.979,1675948.718
PF05/0044/F240,MO,44.932582,11.220218,70.0,4977877.36,1675223.153
PF06/0044/F240,MO,44.928588,11.231508,70.0,4977458.171,1676126.304
PF07/0044/F240,MO,44.932284,11.234166,70.0,4977874.468,1676324.737
PF02/0045/F240,MO,44.933735,11.240209,70.0,4978048.822,1676797.124
PF03/0045/F240,MO,44.934897,11.237268,52.0,4978171.531,1676561.485
PF05/0045/F240,MO,44.933831,11.242927,12.0,4978065.44,1677011.289
PF01/0047/F240,MO,44.931216,11.24779,54.0,4977785.55,1677403.114
PF01/0048/F240,MO,44.928393,11.255476,54.0,4977488.799,1678018.321
PF02/0048/F240,MO,44.927172,11.247912,52.0,4977336.629,1677425.155
PF04/0048/F240,MO,44.925754,11.255028,12.0,4977194.665,1677991.091
PF02/0049/F240,MO,44.924013,11.061227,70.0,4976594.353,1662701.533
PF01/0050/F240,MO,44.923391,11.055117,50.0,4976513.005,1662221.026
PF03/0050/F240,MO,44.917099,11.062868,50.0,4975829.522,1662850.536
PF07/0050/F240,MO,44.91657,11.050756,52.0,4975746.551,1661896.009
PF01/0051/F240,MO,44.921181,11.089894,70.0,4976337.612,1664972.001
PF02/0051/F240,MO,44.923167,11.084253,70.0,4976546.825,1664521.154
PF03/0051/F240,MO,44.920939,11.078854,52.0,4976288.314,1664101.381
PF01/0052/F240,MO,44.911372,11.067875,70.0,4975203.411,1663261.966
PF03/0052/F240,MO,44.918664,11.073681,50.0,4976025.161,1663699.583
PF05/0052/F240,MO,44.915688,11.080617,12.0,4975708.58,1664255.5
PF01/0053/F240,MO,44.922988,11.095857,5.0,4976550.48,1665437.51
PF02/0053/F240,MO,44.923398,11.093422,72.0,4976591.029,1665244.132
PF03/0053/F240,MO,44.921165,11.097127,72.0,4976350.586,1665542.905
PF06/0053/F240,MO,44.921011,11.093401,52.0,4976325.86,1665249.339
PF02/0054/F240,MO,44.921569,11.099565,70.0,4976400.405,1665734.23
PF03/0054/F240,MO,44.919241,11.098965,50.0,4976140.613,1665693.534
PF04/0054/F240,MO,44.918532,11.102584,50.0,4976069.18,1665981.24
PF01/0055/F240,MO,44.919947,11.0931,70.0,4976207.077,1665228.573
PF02/0055/F240,MO,44.917219,11.094538,50.0,4975906.95,1665349.903
PF03/0055/F240,MO,44.915369,11.087343,52.0,4975686.797,1664787.27
PF04/0055/F240,MO,44.91539,11.100738,70.0,4975716.378,1665844.576
PF05/0055/F240,MO,44.916464,11.097975,50.0,4975830.051,1665623.363
PF06/0055/F240,MO,44.913204,11.094114,12.0,4975460.0,1665328.0
PF02/0056/F240,MO,44.920327,11.108072,70.0,4976279.907,1666409.231
PF05/0056/F240,MO,44.921124,11.101863,70.0,4976355.642,1665916.861
PF02/0057/F240,MO,44.921381,11.111674,70.0,4976404.344,1666690.461
PF03/0057/F240,MO,44.919161,11.112657,50.0,4976159.703,1666774.451
PF04/0057/F240,MO,44.917891,11.109204,70.0,4976011.532,1666505.59
PF01/0058/F240,MO,44.920707,11.120018,70.0,4976346.619,1667350.956
PF02/0058/F240,MO,44.925503,11.120204,70.0,4976879.808,1667351.672
PF01/0059/F240,MO,44.915588,11.126513,70.0,4975791.406,1667878.463
PF02/0059/F240,MO,44.914334,11.121417,70.0,4975641.589,1667479.856
PF03/0059/F240,MO,44.915253,11.115648,52.0,4975731.718,1667021.847
PF04/0059/F240,MO,44.914744,11.119547,8.0,4975683.21,1667331.1
PF05/0059/F240,MO,44.919036,11.128434,70.0,4976178.451,1668020.053
PF01/0060/F240,MO,44.91561,11.133752,52.0,4975808.886,1668449.785
PF02/0060/F240,MO,44.916621,11.131646,8.0,4975916.8,1668280.6
PF03/0060/F240,MO,44.916425,11.129884,70.0,4975891.37,1668142.084
PF01/0061/F240,MO,44.916481,11.147689,72.0,4975934.601,1669547.34
PF03/0062/F240,MO,44.917556,11.150516,50.0,4976059.945,1669767.316
PF02/0063/F240,MO,44.915091,11.172656,50.0,4975832.751,1671522.136
PF03/0063/F240,MO,44.911044,11.184462,70.0,4975408.16,1672466.105
PF02/0065/F240,MO,44.920698,11.219399,52.0,4976555.496,1675194.717
PF03/0065/F240,MO,44.925197,11.20089,70.0,4977015.404,1673720.266
PF01/0066/F240,MO,44.921232,11.2284,52.0,4976634.269,1675903.465
PF03/0066/F240,MO,44.919085,11.22413,8.0,4976386.55,1675572.96
PF01/0068/F240,MO,44.910699,11.049095,50.0,4975090.985,1661781.404
PF04/0068/F240,MO,44.912203,11.046373,52.0,4975252.714,1661562.278
PF05/0068/F240,MO,44.902516,11.043118,70.0,4974170.062,1661332.45
PF01/0069/F240,MO,44.909297,11.052066,70.0,4974941.203,1662019.887
PF04/0069/F240,MO,44.908192,11.066317,12.0,4974847.0,1663148.0
PF02/0070/F240,MO,44.905385,11.054837,70.0,4974512.148,1662249.564
PF05/0070/F240,MO,44.902144,11.063018,12.0,4974168.572,1662904.616
PF06/0070/F240,MO,44.903188,11.055625,70.0,4974269.69,1662317.988
PF01/0071/F240,MO,44.905162,11.066784,5.0,4974511.39,1663193.43
PF02/0071/F240,MO,44.906377,11.069821,70.0,4974652.393,1663429.734
PF03/0071/F240,MO,44.911095,11.080771,8.0,4975198.63,1664280.75
PF02/0072/F240,MO,44.909187,11.087915,50.0,4975001.217,1664850.154
PF02/0073/F240,MO,44.90502,11.088835,50.0,4974540.21,1664934.667
PF05/0073/F240,MO,44.902955,11.080116,50.0,4974293.099,1664252.226
PF01/0074/F240,MO,44.904155,11.104489,72.0,4974475.999,1666172.977
PF02/0074/F240,MO,44.909519,11.100656,12.0,4975064.0,1665855.0
PF02/0075/F240,MO,44.913901,11.103797,50.0,4975557.246,1666090.322
PF04/0075/F240,MO,44.912205,11.110272,52.0,4975382.157,1666606.289
PF05/0075/F240,MO,44.909697,11.108522,72.0,4975099.938,1666475.426
PF04/0076/F240,MO,44.911225,11.114918,52.0,4975282.765,1666975.851
PF06/0076/F240,MO,44.910932,11.121635,12.0,4975264.135,1667506.934
PF02/0077/F240,MO,44.907366,11.141028,50.0,4974908.195,1669048.283
PF03/0077/F240,MO,44.908194,11.145416,8.0,4975009.31,1669392.29
PF01/0078/F240,MO,44.909098,11.150935,52.0,4975121.26,1669825.278
PF01/0079/F240,MO,44.903955,11.170201,50.0,4974590.459,1671361.451
PF03/0079/F240,MO,44.900119,11.163422,50.0,4974149.991,1670837.62
PF04/0079/F240,MO,44.909203,11.171243,50.0,4975175.625,1671428.126
PF05/0079/F240,MO,44.900181,11.163425,8.0,4974156.91,1670837.67
PF07/0079/F240,MO,44.910646,11.160222,52.0,4975312.706,1670553.799
PF01/0081/F240,MO,44.91559,11.193273,8.0,4975931.94,1673148.04
PF03/0082/F240,MO,44.915799,11.200147,50.0,4975969.783,1673689.939
PF01/0084/F240,MO,44.91243,11.233478,52.0,4975667.519,1676331.149
PF03/0084/F240,MO,44.915772,11.227008,50.0,4976024.638,1675810.226
PF01/0085/F240,MO,44.906651,11.216124,70.0,4974987.929,1674978.802
PF01/0086/F240,MO,44.904474,11.232958,72.0,4974782.512,1676314.419
PF01/0087/F240,MO,44.899169,11.044769,70.0,4973801.526,1661472.208
PF03/0087/F240,MO,44.898059,11.034836,70.0,4973658.566,1660690.966
PF04/0087/F240,MO,44.895796,11.042134,52.0,4973421.592,1661273.557
PF05/0087/F240,MO,44.903893,11.036304,8.0,4974309.55,1660790.67
PF06/0087/F240,MO,44.903859,11.036188,70.0,4974305.55,1660781.595
PF01/0088/F240,MO,44.896248,11.037602,52.0,4973462.885,1660914.455
PF02/0088/F240,MO,44.893616,11.03237,50.0,4973160.114,1660508.69
PF03/0088/F240,MO,44.893261,11.041544,50.0,4973138.842,1661234.021
PF04/0088/F240,MO,44.892656,11.038212,52.0,4973064.982,1660972.604
PF05/0088/F240,MO,44.890311,11.039633,52.0,4972807.379,1661091.381
PF01/0089/F240,MO,44.894392,11.04623,70.0,4973273.753,1661600.877
PF03/0089/F240,MO,44.893986,11.044557,8.0,4973225.37,1661469.9
PF02/0090/F240,MO,44.899213,11.06473,50.0,4973846.36,1663048.062
PF04/0090/F240,MO,44.896683,11.063548,72.0,4973562.989,1662961.872
PF05/0090/F240,MO,44.894659,11.064566,50.0,4973340.149,1663047.962
PF06/0090/F240,MO,44.895375,11.05865,50.0,4973407.773,1662578.866
PF08/0090/F240,MO,44.896857,11.05482,70.0,4973564.8,1662272.243
PF09/0090/F240,MO,44.90032,11.060694,70.0,4973961.205,1662726.299
PF01/0091/F240,MO,44.903411,11.066509,70.0,4974316.291,1663176.682
PF02/0091/F240,MO,44.90252,11.075161,50.0,4974234.699,1663862.248
PF04/0091/F240,MO,44.899882,11.072705,70.0,4973936.771,1663675.864
PF05/0091/F240,MO,44.89717,11.073326,12.0,4973636.743,1663732.601
PF01/0092/F240,MO,44.896128,11.068201,70.0,4973510.669,1663330.821
PF02/0092/F240,MO,44.894617,11.074888,52.0,4973356.228,1663863.134
PF03/0092/F240,MO,44.894435,11.067147,70.0,4973320.42,1663252.434
PF04/0092/F240,MO,44.894368,11.069391,70.0,4973317.471,1663429.836
PF05/0092/F240,MO,44.894146,11.072022,70.0,4973298.182,1663638.169
PF06/0092/F240,MO,44.892689,11.066614,70.0,4973125.433,1663215.264
PF07/0092/F240,MO,44.89241,11.06917,70.0,4973099.568,1663417.876
PF08/0092/F240,MO,44.892083,11.071691,70.0,4973068.308,1663617.865
PF09/0092/F240,MO,44.892239,11.074573,52.0,4973091.447,1663845.017
PF01/0093/F240,MO,44.900859,11.087974,50.0,4974076.162,1664878.558
PF06/0093/F240,MO,44.894924,11.079786,50.0,4973400.272,1664249.04
PF08/0093/F240,MO,44.896172,11.087986,70.0,4973555.574,1664892.97
PF09/0093/F240,MO,44.893434,11.078329,70.0,4973231.757,1664138.238
PF10/0093/F240,MO,44.893301,11.081271,52.0,4973222.92,1664370.912
PF12/0093/F240,MO,44.891577,11.077126,70.0,4973023.03,1664048.492
PF13/0093/F240,MO,44.891408,11.080415,70.0,4973010.986,1664308.71
PF14/0093/F240,MO,44.891321,11.082754,70.0,4973006.054,1664493.655
PF15/0093/F240,MO,44.891316,11.08594,52.0,4973011.882,1664745.227
PF16/0093/F240,MO,44.898069,11.078049,50.0,4973746.075,1664102.893
PF17/0093/F240,MO,44.894821,11.084053,70.0,4973397.469,1664586.225
PF01/0094/F240,MO,44.899098,11.091741,70.0,4973888.204,1665181.072
PF03/0094/F240,MO,44.898626,11.101393,50.0,4973855.421,1665944.482
PF05/0094/F240,MO,44.895445,11.094629,52.0,4973488.336,1665419.529
PF07/0094/F240,MO,44.893924,11.101039,52.0,4973332.347,1665930.033
PF08/0094/F240,MO,44.891242,11.088799,70.0,4973009.464,1664971.251
PF09/0094/F240,MO,44.891447,11.091817,50.0,4973038.476,1665208.97
PF10/0094/F240,MO,44.891559,11.09484,52.0,4973057.07,1665447.357
PF12/0094/F240,MO,44.891732,11.101058,50.0,4973088.911,1665937.877
PF13/0094/F240,MO,44.898749,11.0887,8.0,4973843.27,1664941.98
PF01/0095/F240,MO,44.905511,11.105932,52.0,4974629.539,1666283.056
PF04/0095/F240,MO,44.904112,11.109711,50.0,4974481.895,1666585.436
PF05/0095/F240,MO,44.900496,11.102773,8.0,4974066.03,1666048.1
PF07/0095/F240,MO,44.89198,11.107147,12.0,4973129.0,1666418.0
PF01/0096/F240,MO,44.899146,11.119962,52.0,4973951.381,1667409.083
PF02/0096/F240,MO,44.896795,11.117337,50.0,4973684.749,1667208.631
PF03/0096/F240,MO,44.895977,11.121352,50.0,4973602.228,1667528.075
PF04/0096/F240,MO,44.900531,11.129047,50.0,4974123.995,1668122.408
PF05/0096/F240,MO,44.897563,11.112011,52.0,4973759.132,1666785.946
PF03/0097/F240,MO,44.896606,11.131295,12.0,4973692.64,1668311.294
PF02/0099/F240,MO,44.893488,11.163758,54.0,4973414.084,1670883.829
PF01/0100/F240,MO,44.897729,11.172358,50.0,4973903.377,1671550.295
PF02/0100/F240,MO,44.894907,11.179447,8.0,4973604.86,1672118.44
PF01/0101/F240,MO,44.90344,11.184498,50.0,4974563.505,1672491.735
PF04/0101/F240,MO,44.904662,11.190827,52.0,4974712.711,1672987.703
PF02/0102/F240,MO,44.897601,11.209576,8.0,4973968.47,1674489.26
PF03/0102/F240,MO,44.903338,11.202151,70.0,4974589.857,1673885.738
PF02/0103/F240,MO,44.903913,11.215237,72.0,4974681.899,1674917.093
PF03/0103/F240,MO,44.903975,11.219909,72.0,4974698.776,1675285.785
PF01/0104/F240,MO,44.897111,11.229839,72.0,4973957.868,1676090.647
PF02/0104/F240,MO,44.903396,11.223495,70.0,4974642.28,1675570.63
PF01/0105/F240,MO,44.889373,11.016731,52.0,4972657.931,1659285.452
PF02/0105/F240,MO,44.891772,11.02049,70.0,4972931.824,1659575.671
PF05/0105/F240,MO,44.885934,11.018392,68.0,4972279.167,1659426.156
PF03/0106/F240,MO,44.885997,11.03153,70.0,4972312.05,1660463.511
PF04/0106/F240,MO,44.886933,11.028903,8.0,4972410.85,1660253.43
PF06/0106/F240,MO,44.890265,11.035783,50.0,4972794.651,1660787.523
PF01/0107/F240,MO,44.885537,11.043122,5.0,4972283.91,1661380.22
PF03/0107/F240,MO,44.880933,11.046203,70.0,4971778.583,1661636.459
PF04/0107/F240,MO,44.884471,11.043693,70.0,4972166.698,1661428.36
PF05/0107/F240,MO,44.889402,11.045195,70.0,4972717.401,1661533.109
PF03/0108/F240,MO,44.893698,11.055039,70.0,4973214.252,1662298.4
PF04/0108/F240,MO,44.888387,11.050175,70.0,4972614.628,1661929.29
PF06/0108/F240,MO,44.88499,11.051545,12.0,4972240.0,1662047.0
PF08/0108/F240,MO,44.883828,11.054667,12.0,4972117.093,1662296.791
PF01/0109/F240,MO,44.890374,11.069456,70.0,4972873.935,1663446.251
PF02/0109/F240,MO,44.892136,11.064031,70.0,4973058.803,1663012.872
PF03/0109/F240,MO,44.892422,11.060814,70.0,4973084.146,1662758.033
PF01/0110/F240,MO,44.890146,11.061537,70.0,4972832.668,1662821.539
PF02/0110/F240,MO,44.890085,11.064864,70.0,4972832.586,1663084.438
PF03/0110/F240,MO,44.88825,11.063543,72.0,4972626.147,1662985.305
PF04/0110/F240,MO,44.884413,11.063749,50.0,4972200.273,1663012.391
PF05/0110/F240,MO,44.886653,11.063067,70.0,4972447.779,1662952.23
PF01/0111/F240,MO,44.886034,11.066857,2.0,4972386.64,1663253.31
PF02/0111/F240,MO,44.886308,11.071379,70.0,4972426.147,1663609.641
PF04/0111/F240,MO,44.883883,11.067471,70.0,4972148.856,1663307.88
PF05/0111/F240,MO,44.888569,11.06729,70.0,4972669.044,1663280.298
PF02/0112/F240,MO,44.884521,11.072633,70.0,4972230.195,1663713.721
PF03/0112/F240,MO,44.886043,11.07459,70.0,4972403.228,1663863.997
PF04/0112/F240,MO,44.888077,11.074749,70.0,4972629.471,1663870.714
PF05/0112/F240,MO,44.882917,11.074952,70.0,4972056.706,1663901.437
PF01/0113/F240,MO,44.890232,11.074306,70.0,4972867.946,1663829.634
PF03/0113/F240,MO,44.889187,11.080315,70.0,4972764.027,1664307.138
PF01/0114/F240,MO,44.889679,11.088367,52.0,4972834.993,1664941.557
PF07/0114/F240,MO,44.882861,11.086553,70.0,4972073.881,1664817.805
PF08/0114/F240,MO,44.883353,11.07651,70.0,4972108.216,1664023.217
PF09/0114/F240,MO,44.88466,11.080414,70.0,4972261.342,1664327.844
PF01/0115/F240,MO,44.889748,11.099004,50.0,4972864.319,1665781.331
PF02/0115/F240,MO,44.888722,11.088898,70.0,4972729.761,1664986.259
PF03/0115/F240,MO,44.883244,11.092454,70.0,4972128.476,1665282.746
PF04/0115/F240,MO,44.890611,11.089678,8.0,4972941.24,1665042.45
PF05/0115/F240,MO,44.891402,11.098292,52.0,4973046.623,1665720.418
PF06/0116/F240,MO,44.885813,11.101773,50.0,4972432.882,1666011.344
PF09/0116/F240,MO,44.883728,11.102727,52.0,4972203.244,1666092.661
PF10/0116/F240,MO,44.883481,11.109373,70.0,4972189.383,1666618.313
PF11/0116/F240,MO,44.883161,11.112756,70.0,4972160.818,1666886.409
PF12/0116/F240,MO,44.883397,11.11554,50.0,4972192.741,1667105.556
PF15/0116/F240,MO,44.885064,11.117883,70.0,4972382.721,1667285.788
PF16/0116/F240,MO,44.882372,11.120013,50.0,4972088.032,1667461.85
PF01/0117/F240,MO,44.889717,11.123051,70.0,4972910.314,1667680.438
PF03/0117/F240,MO,44.894335,11.110284,52.0,4973396.979,1666658.891
PF04/0117/F240,MO,44.891596,11.111409,50.0,4973095.06,1666755.659
PF07/0117/F240,MO,44.887565,11.120223,70.0,4972665.446,1667463.364
PF01/0118/F240,MO,44.888782,11.130183,70.0,4972821.127,1668246.317
PF07/0119/F240,MO,44.896706,11.144784,70.0,4973731.817,1669376.135
PF04/0121/F240,MO,44.882759,11.161571,50.0,4972217.687,1670742.817
PF02/0122/F240,MO,44.893818,11.165888,8.0,4973455.26,1671051.04
PF03/0122/F240,MO,44.89052,11.164012,50.0,4973084.943,1670912.616
PF02/0124/F240,MO,44.890528,11.195612,12.0,4973152.8,1673408.0
PF03/0124/F240,MO,44.894897,11.197634,24.0,4973642.507,1673554.472
PF01/0125/F240,MO,44.885737,11.208906,50.0,4972649.089,1674472.223
PF01/0126/F240,MO,44.887375,11.220763,70.0,4972856.655,1675403.674
PF02/0127/F240,MO,44.873119,11.015078,52.0,4970849.064,1659199.79
PF03/0127/F240,MO,44.879723,11.014103,68.0,4971580.776,1659104.573
PF04/0127/F240,MO,44.877214,11.016523,50.0,4971306.798,1659302.628
PF06/0127/F240,MO,44.876317,11.003027,50.0,4971180.797,1658239.042
PF02/0129/F240,MO,44.868197,11.003038,50.0,4970278.775,1658262.227
PF04/0129/F240,MO,44.8746,11.00632,70.0,4970996.521,1658503.852
PF06/0129/F240,MO,44.865327,10.999655,50.0,4969953.392,1658002.772
PF09/0129/F240,MO,44.867941,11.006572,70.0,4970257.293,1658542.045
PF11/0129/F240,MO,44.869835,10.99984,70.0,4970454.482,1658005.085
PF05/0130/F240,MO,44.864771,11.011331,70.0,4969914.439,1658926.726
PF03/0131/F240,MO,44.863169,11.022946,70.0,4969759.281,1659848.779
PF04/0131/F240,MO,44.871537,11.019298,70.0,4970681.639,1659537.454
PF02/0132/F240,MO,44.868386,11.02791,70.0,4970348.581,1660226.476
PF03/0132/F240,MO,44.877017,11.026773,70.0,4971305.071,1660112.773
PF06/0132/F240,MO,44.874997,11.035514,70.0,4971098.026,1660808.75
PF07/0132/F240,MO,44.870764,11.030608,12.0,4970618.0,1660433.0
PF01/0133/F240,MO,44.873346,11.045656,70.0,4970934.75,1661614.463
PF04/0133/F240,MO,44.867817,11.045707,70.0,4970320.577,1661634.024
PF05/0133/F240,MO,44.869021,11.040352,70.0,4970443.725,1661207.624
PF06/0133/F240,MO,44.879555,11.041981,70.0,4971617.126,1661306.857
PF01/0134/F240,MO,44.877946,11.054579,70.0,4971463.544,1662306.361
PF03/0134/F240,MO,44.877372,11.047529,70.0,4971385.694,1661751.143
PF04/0134/F240,MO,44.875381,11.050259,70.0,4971169.932,1661972.352
PF05/0134/F240,MO,44.873952,11.052805,72.0,4971016.254,1662177.486
PF06/0134/F240,MO,44.879493,11.061104,50.0,4971648.428,1662817.417
PF07/0134/F240,MO,44.87158,11.049064,70.0,4970745.375,1661888.626
PF08/0134/F240,MO,44.871255,11.059471,70.0,4970730.065,1662711.646
PF11/0134/F240,MO,44.867337,11.054046,70.0,4970283.974,1662294.089
PF12/0134/F240,MO,44.866901,11.057893,70.0,4970243.234,1662599.262
PF13/0134/F240,MO,44.876336,11.058874,50.0,4971293.294,1662650.188
PF14/0134/F240,MO,44.880162,11.056712,12.0,4971713.936,1662468.624
PF02/0135/F240,MO,44.88117,11.069332,70.0,4971851.247,1663462.518
PF04/0135/F240,MO,44.881236,11.073003,70.0,4971865.996,1663752.239
PF01/0136/F240,MO,44.88234,11.085415,8.0,4972013.75,1664729.4
PF04/0136/F240,MO,44.880774,11.07637,70.0,4971821.427,1664019.47
PF05/0136/F240,MO,44.876762,11.089691,70.0,4971402.822,1665083.056
PF06/0136/F240,MO,44.880113,11.088003,12.0,4971771.553,1664940.162
PF02/0137/F240,MO,44.877641,11.061136,70.0,4971442.814,1662825.177
PF03/0137/F240,MO,44.878631,11.066649,70.0,4971563.845,1663257.772
PF06/0137/F240,MO,44.881118,11.063675,70.0,4971834.088,1663015.866
PF07/0137/F240,MO,44.871752,11.066404,8.0,4970799.2,1663257.87
PF08/0137/F240,MO,44.873736,11.069128,70.0,4971025.019,1663467.463
PF09/0137/F240,MO,44.873486,11.063326,70.0,4970985.63,1663009.884
PF10/0137/F240,MO,44.876337,11.072517,70.0,4971320.791,1663727.76
PF03/0138/F240,MO,44.865383,11.072931,50.0,4970104.726,1663791.581
PF04/0138/F240,MO,44.872474,11.080803,70.0,4970908.456,1664393.296
PF06/0138/F240,MO,44.870034,11.075485,70.0,4970626.585,1663980.112
PF07/0138/F240,MO,44.872055,11.073472,10.0,4970847.024,1663815.335
PF08/0138/F240,MO,44.867347,11.075205,12.0,4970327.575,1663965.635
PF01/0139/F240,MO,44.881602,11.103782,52.0,4971969.176,1666182.144
PF04/0139/F240,MO,44.879064,11.101931,12.0,4971683.416,1666043.206
PF02/0140/F240,MO,44.879183,11.126073,70.0,4971746.381,1667949.684
PF03/0140/F240,MO,44.877972,11.12867,70.0,4971617.138,1668158.328
PF04/0140/F240,MO,44.876776,11.119349,50.0,4971465.11,1667425.591
PF05/0140/F240,MO,44.879879,11.111567,70.0,4971793.74,1666801.961
PF06/0140/F240,MO,44.876343,11.126935,70.0,4971432.668,1668026.071
PF02/0141/F240,MO,44.875147,11.113594,70.0,4971272.209,1666975.722
PF06/0141/F240,MO,44.875088,11.104376,50.0,4971246.765,1666247.845
PF02/0142/F240,MO,44.877464,11.130609,70.0,4971564.796,1668312.959
PF03/0142/F240,MO,44.8796,11.133168,52.0,4971807.367,1668508.864
PF02/0143/F240,MO,44.873828,11.123787,50.0,4971146.761,1667784.673
PF03/0143/F240,MO,44.873267,11.126836,70.0,4971090.682,1668027.218
PF04/0143/F240,MO,44.874941,11.129883,12.0,4971283.0,1668263.0
PF01/0144/F240,MO,44.877736,11.136134,50.0,4971606.51,1668748.574
PF02/0144/F240,MO,44.877225,11.133535,70.0,4971544.29,1668544.744
PF04/0144/F240,MO,44.883927,11.138019,50.0,4972298.108,1668879.362
PF05/0144/F240,MO,44.875418,11.146547,8.0,4971370.6,1669577.84
PF06/0144/F240,MO,44.878327,11.139662,12.0,4971679.5,1669025.5
PF01/0145/F240,MO,44.874085,11.149838,70.0,4971229.507,1669841.737
PF02/0145/F240,MO,44.873484,11.157028,50.0,4971177.759,1670411.413
PF03/0145/F240,MO,44.87424,11.160351,52.0,4971268.703,1670671.664
PF01/0146/F240,MO,44.87564,11.170952,70.0,4971446.584,1671504.892
PF02/0146/F240,MO,44.874677,11.166661,52.0,4971330.524,1671168.835
PF02/0147/F240,MO,44.885514,11.185719,52.0,4972574.77,1672641.758
PF04/0147/F240,MO,44.88382,11.177088,50.0,4972368.24,1671965.151
PF05/0147/F240,MO,44.886661,11.180928,12.0,4972692.0,1672260.0
PF04/0148/F240,MO,44.879191,11.179709,70.0,4971859.628,1672186.011
PF01/0149/F240,MO,44.882111,11.195697,50.0,4972217.972,1673439.95
PF01/0150/F240,MO,44.858783,11.039037,50.0,4969303.762,1661132.27
PF02/0150/F240,MO,44.858449,11.041729,50.0,4969272.084,1661345.927
PF03/0150/F240,MO,44.860224,11.042106,72.0,4969469.941,1661370.733
PF05/0150/F240,MO,44.863622,11.044686,70.0,4969852.609,1661565.083
PF06/0150/F240,MO,44.862528,11.027087,8.0,4969696.19,1660177.72
PF07/0150/F240,MO,44.864451,11.026364,70.0,4969908.423,1660115.307
PF01/0151/F240,MO,44.857322,11.052192,70.0,4969167.671,1662175.753
PF02/0151/F240,MO,44.860283,11.056787,50.0,4969505.833,1662530.493
PF03/0151/F240,MO,44.858627,11.054352,70.0,4969316.987,1662342.743
PF05/0151/F240,MO,44.854266,11.050523,8.0,4968824.82,1662052.46
PF03/0152/F240,MO,44.868132,11.06203,70.0,4970388.228,1662922.634
PF05/0152/F240,MO,44.86744,11.065715,50.0,4970318.803,1663215.693
PF07/0152/F240,MO,44.86316,11.059652,70.0,4969831.163,1662748.763
PF08/0152/F240,MO,44.869675,11.066484,50.0,4970568.557,1663270.127
PF10/0152/F240,MO,44.861319,11.057265,50.0,4969621.806,1662565.351
PF11/0152/F240,MO,44.868875,11.059162,70.0,4970465.029,1662693.903
PF12/0152/F240,MO,44.86594,11.061557,50.0,4970143.812,1662891.413
PF01/0153/F240,MO,44.858543,11.036529,50.0,4969272.172,1660934.829
PF02/0153/F240,MO,44.858866,11.031864,70.0,4969298.837,1660565.291
PF01/0154/F240,MO,44.85487,11.039411,70.0,4968869.826,1661172.782
PF02/0154/F240,MO,44.84962,11.037464,52.0,4968282.835,1661033.548
PF03/0154/F240,MO,44.857785,11.047125,72.0,4969209.014,1661774.129
PF05/0154/F240,MO,44.847233,11.03742,50.0,4968017.589,1661036.711
PF01/0002/F257,MO,44.73393,10.89329,52.0,4955155.565,1649939.719
PF04/0002/F257,MO,44.796767,11.087222,20.0,4962511.399,1665116.345
PF01/0003/F257,MO,44.722815,10.892316,70.0,4953919.138,1649891.313
PF03/0003/F257,MO,44.717934,10.891157,70.0,4953374.798,1649812.149
PF04/0003/F257,MO,44.717064,10.896132,70.0,4953287.255,1650208.369
PF01/0004/F257,MO,44.709655,10.898289,5.0,4952468.17,1650398.44
PF02/0004/F257,MO,44.723256,10.89995,50.0,4953982.171,1650494.774
PF03/0004/F257,MO,44.710122,10.894047,50.0,4952512.28,1650061.236
PF04/0004/F257,MO,44.714846,10.901705,72.0,4953051.158,1650655.529
PF05/0004/F257,MO,44.714712,10.895827,54.0,4953025.428,1650190.331
PF06/0004/F257,MO,44.720182,10.899019,10.0,4953639.0,1650429.0
PF01/0005/F257,MO,44.711125,10.891077,50.0,4952618.224,1649823.371
PF02/0005/F257,MO,44.70789,10.89044,50.0,4952257.721,1649781.255
PF03/0005/F257,MO,44.706115,10.887392,50.0,4952054.964,1649544.314
PF01/0006/F257,MO,44.713655,10.91537,52.0,4952944.241,1651741.009
PF02/0006/F257,MO,44.715801,10.909605,50.0,4953171.947,1651278.779
PF03/0006/F257,MO,44.712508,10.919636,70.0,4952824.831,1652081.98
PF01/0007/F257,MO,44.709094,10.92017,70.0,4952446.498,1652133.16
PF02/0007/F257,MO,44.710013,10.926494,70.0,4952560.421,1652631.721
PF03/0007/F257,MO,44.708315,10.924836,50.0,4952368.695,1652504.814
PF01/0008/F257,MO,44.712813,10.90237,52.0,4952826.583,1650713.497
PF02/0008/F257,MO,44.71172,10.906182,52.0,4952712.181,1651018.324
PF04/0008/F257,MO,44.7103,10.911518,52.0,4952564.364,1651444.684
PF08/0008/F257,MO,44.707557,10.903702,70.0,4952245.15,1650832.689
PF09/0008/F257,MO,44.706762,10.909048,52.0,4952166.829,1651258.222
PF10/0008/F257,MO,44.706508,10.912852,52.0,4952145.592,1651560.259
PF11/0008/F257,MO,44.704838,10.918081,50.0,4951969.861,1651978.814
PF12/0008/F257,MO,44.703733,10.921241,50.0,4951853.047,1652232.067
PF13/0008/F257,MO,44.707632,10.900279,52.0,4952247.23,1650561.293
PF14/0008/F257,MO,44.711168,10.900604,50.0,4952640.597,1650577.89
PF01/0009/F257,MO,44.703228,10.931971,50.0,4951817.07,1653083.452
PF02/0009/F257,MO,44.698966,10.932705,52.0,4951344.985,1653152.849
PF03/0009/F257,MO,44.708464,10.930499,56.0,4952395.96,1652953.085
PF04/0009/F257,MO,44.705883,10.927729,52.0,4952104.052,1652740.434
PF05/0009/F257,MO,44.699555,10.927522,50.0,4951400.707,1652740.677
PF01/0010/F257,MO,44.703767,10.942458,5.0,4951896.66,1653912.86
PF02/0010/F257,MO,44.698417,10.942716,52.0,4951302.872,1653947.434
PF03/0010/F257,MO,44.695272,10.934439,52.0,4950937.913,1653299.983
PF04/0010/F257,MO,44.704195,10.93639,50.0,4951932.766,1653430.975
PF05/0010/F257,MO,44.706873,10.937443,52.0,4952232.221,1653507.367
PF06/0010/F257,MO,44.701244,10.934272,52.0,4951600.967,1653270.992
PF01/0011/F257,MO,44.716297,10.965444,52.0,4953332.258,1655700.289
PF02/0011/F257,MO,44.716666,10.96871,50.0,4953379.469,1655957.95
PF03/0011/F257,MO,44.714867,10.962023,70.0,4953166.86,1655433.127
PF04/0011/F257,MO,44.711717,10.962307,70.0,4952817.539,1655464.056
PF01/0012/F257,MO,44.714348,10.966231,70.0,4953117.272,1655767.835
PF02/0012/F257,MO,44.708397,10.980988,50.0,4952484.584,1656952.745
PF01/0013/F257,MO,44.707465,10.959569,70.0,4952339.895,1655258.543
PF02/0013/F257,MO,44.705575,10.956378,52.0,4952123.86,1655010.779
PF01/0014/F257,MO,44.701562,10.966962,52.0,4951698.333,1655860.062
PF01/0015/F257,MO,44.702327,10.987371,52.0,4951822.589,1657474.839
PF03/0015/F257,MO,44.698463,10.980461,70.0,4951380.051,1656937.897
PF04/0015/F257,MO,44.697603,10.989467,72.0,4951301.87,1657653.759
PF05/0015/F257,MO,44.705145,10.989579,52.0,4952139.921,1657642.152
PF06/0015/F257,MO,44.69638,10.982212,70.0,4951151.941,1657082.255
PF01/0017/F257,MO,44.701739,10.953845,70.0,4951692.976,1654820.379
PF02/0017/F257,MO,44.699499,10.949182,70.0,4951435.261,1654456.901
PF03/0017/F257,MO,44.707156,10.950085,50.0,4952287.592,1654508.046
PF04/0017/F257,MO,44.702182,10.948611,70.0,4951732.202,1654404.483
PF01/0018/F257,MO,44.695436,10.949088,70.0,4950983.763,1654460.209
PF02/0018/F257,MO,44.697815,10.946316,70.0,4951242.773,1654234.314
PF03/0018/F257,MO,44.691353,10.95237,70.0,4950536.409,1654731.143
PF04/0018/F257,MO,44.693563,10.957007,70.0,4950790.751,1655092.727
PF05/0018/F257,MO,44.69926,10.95887,70.0,4951427.13,1655225.098
PF06/0018/F257,MO,44.694702,10.942589,70.0,4950889.915,1653947.249
PF01/0019/F257,MO,44.701792,10.970284,50.0,4951730.191,1656122.629
PF02/0019/F257,MO,44.693321,10.969202,70.0,4950787.207,1656059.662
PF04/0019/F257,MO,44.697278,10.977315,70.0,4951242.287,1656691.781
PF05/0019/F257,MO,44.702999,10.974655,70.0,4951872.721,1656465.658
PF01/0020/F257,MO,44.705344,10.896372,52.0,4951985.849,1650257.714
PF02/0020/F257,MO,44.700943,10.893353,50.0,4951491.318,1650029.91
PF03/0020/F257,MO,44.702821,10.888222,50.0,4951690.508,1649618.591
PF01/0021/F257,MO,44.691346,10.881807,72.0,4950404.086,1649139.778
PF02/0021/F257,MO,44.686652,10.878268,70.0,4949876.162,1648871.432
PF03/0021/F257,MO,44.687696,10.873404,70.0,4949983.273,1648483.314
PF04/0021/F257,MO,44.691839,10.870943,72.0,4950439.045,1648277.689
PF01/0022/F257,MO,44.684213,10.887544,5.0,4949622.26,1649612.74
PF02/0022/F257,MO,44.693906,10.883399,52.0,4950691.32,1649259.397
PF03/0022/F257,MO,44.690779,10.885778,52.0,4950348.331,1649455.905
PF04/0022/F257,MO,44.688586,10.879977,70.0,4950094.089,1649001.86
PF05/0022/F257,MO,44.685183,10.879971,70.0,4949716.156,1649010.13
PF06/0022/F257,MO,44.693632,10.89005,52.0,4950673.092,1649787.119
PF07/0022/F257,MO,44.6972,10.885321,50.0,4951060.796,1649403.193
PF01/0023/F257,MO,44.703367,10.906537,50.0,4951785.029,1651068.115
PF02/0023/F257,MO,44.70348,10.902212,52.0,4951789.523,1650725.243
PF04/0023/F257,MO,44.694499,10.906903,52.0,4950800.565,1651120.194
PF05/0023/F257,MO,44.692456,10.902531,70.0,4950565.543,1650779.08
PF06/0023/F257,MO,44.700534,10.897697,50.0,4951453.908,1650375.119
PF07/0023/F257,MO,44.695693,10.89227,52.0,4950906.132,1649957.658
PF08/0023/F257,MO,44.698362,10.892095,50.0,4951202.354,1649936.94
PF01/0024/F257,MO,44.699973,10.910534,50.0,4951415.393,1651393.66
PF02/0024/F257,MO,44.703893,10.914675,50.0,4951858.51,1651711.493
PF02/0025/F257,MO,44.699277,10.91436,70.0,4951345.217,1651698.576
PF03/0025/F257,MO,44.697739,10.906023,52.0,4951158.852,1651042.077
PF06/0025/F257,MO,44.697806,10.921809,52.0,4951195.667,1652292.616
PF08/0025/F257,MO,44.697597,10.929195,52.0,4951186.27,1652878.37
PF11/0025/F257,MO,44.692537,10.911023,52.0,4950590.253,1651451.757
PF12/0025/F257,MO,44.694263,10.913019,52.0,4950785.699,1651605.43
PF13/0025/F257,MO,44.694025,10.918611,52.0,4950769.698,1652049.12
PF18/0025/F257,MO,44.697654,10.916334,50.0,4951168.549,1651859.236
PF19/0025/F257,MO,44.691496,10.917655,12.0,4950487.0,1651980.0
PF01/0026/F257,MO,44.692069,10.907051,52.0,4950530.927,1651138.281
PF02/0026/F257,MO,44.691243,10.89258,52.0,4950412.44,1649993.764
PF03/0026/F257,MO,44.690324,10.899835,70.0,4950323.686,1650571.015
PF04/0026/F257,MO,44.690817,10.913807,52.0,4950404.375,1651676.858
PF05/0026/F257,MO,44.687504,10.898322,68.0,4950007.621,1650458.39
PF06/0026/F257,MO,44.687162,10.904042,70.0,4949980.271,1650912.561
PF09/0026/F257,MO,44.686091,10.910865,50.0,4949873.956,1651456.013
PF10/0026/F257,MO,44.684413,10.895578,68.0,4949659.236,1650248.903
PF12/0026/F257,MO,44.683447,10.907024,50.0,4949573.146,1651158.514
PF05/0027/F257,MO,44.688816,10.922605,52.0,4950198.539,1652379.226
PF06/0027/F257,MO,44.687491,10.920034,50.0,4950046.558,1652179.0
PF10/0027/F257,MO,44.683642,10.918323,50.0,4949615.774,1652053.483
PF11/0027/F257,MO,44.682766,10.923538,50.0,4949528.203,1652469.061
PF12/0027/F257,MO,44.694029,10.923766,5.0,4950779.8,1652457.6
PF13/0027/F257,MO,44.68847,10.914307,52.0,4950144.61,1651722.607
PF15/0027/F257,MO,44.68878,10.917309,12.0,4950184.622,1651959.642
PF01/0028/F257,MO,44.690487,10.936233,50.0,4950409.735,1653454.79
PF02/0028/F257,MO,44.687863,10.93879,50.0,4950123.104,1653664.303
PF03/0028/F257,MO,44.685649,10.937711,50.0,4949875.14,1653584.678
PF04/0028/F257,MO,44.693553,10.939587,50.0,4950756.664,1653712.412
PF05/0028/F257,MO,44.687844,10.933146,50.0,4950110.319,1653217.144
PF06/0028/F257,MO,44.684533,10.934966,52.0,4949745.928,1653370.054
PF07/0028/F257,MO,44.680587,10.934168,50.0,4949306.066,1653317.253
PF08/0028/F257,MO,44.692264,10.927089,52.0,4950589.921,1652725.505
PF09/0028/F257,MO,44.681569,10.932092,50.0,4949411.262,1653150.116
PF01/0029/F257,MO,44.680334,10.945414,70.0,4949299.274,1654209.231
PF02/0029/F257,MO,44.686132,10.942011,70.0,4949936.89,1653924.133
PF03/0029/F257,MO,44.686187,10.94757,70.0,4949953.513,1654364.525
PF04/0029/F257,MO,44.688203,10.943475,50.0,4950169.653,1654034.69
PF05/0029/F257,MO,44.690275,10.940229,50.0,4950393.703,1653771.948
PF01/0030/F257,MO,44.694495,10.965918,52.0,4950911.297,1655796.295
PF02/0030/F257,MO,44.692061,10.965324,70.0,4950639.792,1655755.712
PF03/0030/F257,MO,44.696509,10.963352,52.0,4951130.176,1655587.59
PF04/0030/F257,MO,44.687568,10.960611,50.0,4950131.7,1655394.316
PF05/0030/F257,MO,44.689885,10.956747,72.0,4950381.757,1655081.91
PF06/0030/F257,MO,44.692913,10.961399,52.0,4950726.947,1655442.453
PF01/0031/F257,MO,44.689805,10.972855,52.0,4950403.579,1656358.518
PF02/0031/F257,MO,44.688774,10.97517,12.0,4950293.5,1656544.8
PF03/0031/F257,MO,44.686545,10.964459,50.0,4950025.396,1655701.94
PF04/0031/F257,MO,44.682874,10.970886,52.0,4949629.929,1656221.181
PF05/0031/F257,MO,44.685046,10.968294,52.0,4949866.246,1656009.919
PF03/0032/F257,MO,44.697123,10.977641,70.0,4951225.76,1656718.033
PF04/0032/F257,MO,44.694303,10.983377,70.0,4950923.554,1657180.15
PF05/0032/F257,MO,44.69128,10.980083,52.0,4950581.396,1656927.307
PF01/0033/F257,MO,44.697092,10.993377,50.0,4951252.72,1657964.916
PF02/0033/F257,MO,44.691289,10.994148,50.0,4950609.563,1658041.797
PF03/0033/F257,MO,44.687433,10.989994,72.0,4950173.114,1657723.103
PF01/0034/F257,MO,44.683862,10.988661,72.0,4949773.912,1657627.149
PF02/0034/F257,MO,44.684167,11.002909,72.0,4949835.404,1658755.438
PF03/0034/F257,MO,44.679189,10.998444,72.0,4949273.798,1658415.204
PF04/0034/F257,MO,44.681199,10.995084,52.0,4949490.516,1658143.417
PF05/0034/F257,MO,44.679831,10.99214,72.0,4949332.868,1657913.827
PF07/0034/F257,MO,44.684893,10.999366,72.0,4949909.231,1658472.725
PF01/0035/F257,MO,44.687792,10.978383,52.0,4950190.664,1656802.06
PF02/0035/F257,MO,44.685272,10.984099,52.0,4949921.723,1657261.782
PF03/0035/F257,MO,44.679546,10.980405,50.0,4949278.539,1656984.538
PF04/0035/F257,MO,44.680611,10.9755,12.0,4949387.425,1656592.924
PF01/0036/F257,MO,44.687254,10.952014,52.0,4950080.423,1654713.861
PF02/0036/F257,MO,44.685292,10.957581,50.0,4949873.077,1655160.267
PF03/0036/F257,MO,44.683998,10.95075,50.0,4949716.387,1654622.361
PF05/0036/F257,MO,44.680181,10.949798,70.0,4949290.543,1654557.025
PF06/0036/F257,MO,44.678644,10.949006,52.0,4949118.303,1654498.413
PF07/0036/F257,MO,44.678578,10.952607,70.0,4949117.812,1654783.971
PF08/0036/F257,MO,44.676281,10.947361,50.0,4948852.702,1654374.25
PF01/0037/F257,MO,44.682354,10.963783,52.0,4949558.53,1655659.588
PF02/0037/F257,MO,44.679824,10.96957,56.0,4949288.567,1656125.055
PF03/0037/F257,MO,44.681342,10.957637,56.0,4949434.356,1655175.218
PF01/0038/F257,MO,44.67397,10.975767,50.0,4948650.171,1656631.998
PF02/0038/F257,MO,44.672311,10.971659,70.0,4948457.996,1656310.786
PF03/0038/F257,MO,44.669341,10.970528,70.0,4948125.967,1656229.148
PF04/0038/F257,MO,44.67678,10.97514,56.0,4948961.086,1656574.689
PF01/0039/F257,MO,44.675613,10.979267,52.0,4948839.467,1656904.915
PF02/0039/F257,MO,44.674064,10.986586,52.0,4948681.528,1657489.242
PF03/0039/F257,MO,44.673668,10.997023,52.0,4948657.691,1658317.594
PF01/0040/F257,MO,44.683304,11.006413,72.0,4949746.381,1659035.507
PF02/0040/F257,MO,44.676498,10.999744,52.0,4948977.421,1658525.519
PF03/0041/F257,MO,44.67886,10.872236,50.0,4948999.646,1648413.268
PF04/0041/F257,MO,44.684139,10.874447,12.0,4949590.0,1648575.0
PF05/0041/F257,MO,44.681007,10.865889,50.0,4949226.604,1647904.766
PF06/0041/F257,MO,44.680649,10.871428,50.0,4949196.863,1648344.709
PF01/0042/F257,MO,44.684481,10.890552,70.0,4949657.58,1649850.445
PF02/0042/F257,MO,44.682816,10.881027,70.0,4949455.063,1649099.858
PF03/0042/F257,MO,44.683447,10.885316,70.0,4949533.021,1649438.147
PF04/0042/F257,MO,44.681822,10.888693,72.0,4949358.735,1649709.998
PF05/0042/F257,MO,44.681904,10.893095,70.0,4949375.992,1650058.625
PF06/0042/F257,MO,44.679021,10.884249,52.0,4949039.394,1649365.015
PF07/0042/F257,MO,44.67865,10.887114,70.0,4949003.439,1649593.039
PF08/0042/F257,MO,44.679345,10.889764,70.0,4949085.52,1649801.279
PF09/0042/F257,MO,44.67955,10.894982,70.0,4949117.892,1650214.271
PF04/0043/F257,MO,44.679802,10.902197,52.0,4949159.25,1650785.465
PF06/0043/F257,MO,44.678307,10.898362,70.0,4948986.103,1650485.374
PF08/0043/F257,MO,44.675887,10.901013,70.0,4948722.201,1650701.785
PF10/0043/F257,MO,44.67417,10.903729,72.0,4948536.478,1650921.48
PF11/0043/F257,MO,44.672466,10.899628,70.0,4948339.565,1650600.849
PF12/0043/F257,MO,44.670555,10.900528,70.0,4948128.94,1650677.15
PF13/0043/F257,MO,44.669289,10.90295,72.0,4947992.773,1650872.418
PF14/0043/F257,MO,44.675671,10.90391,8.0,4948703.49,1650931.92
PF15/0043/F257,MO,44.680461,10.905728,70.0,4949239.004,1651063.624
PF16/0043/F257,MO,44.677655,10.904945,70.0,4948925.874,1651008.828
PF01/0044/F257,MO,44.682122,10.909601,50.0,4949430.649,1651366.195
PF02/0044/F257,MO,44.679702,10.926049,52.0,4949192.519,1652676.136
PF03/0044/F257,MO,44.675861,10.921888,56.0,4948758.063,1652356.375
PF04/0044/F257,MO,44.6752,10.91858,56.0,4948678.447,1652095.895
PF05/0044/F257,MO,44.674898,10.9144,56.0,4948637.102,1651765.387
PF06/0044/F257,MO,44.678711,10.913793,70.0,4949059.543,1651707.309
PF07/0044/F257,MO,44.681509,10.913171,50.0,4949369.263,1651650.738
PF01/0045/F257,MO,44.673713,10.910469,52.0,4948498.238,1651456.87
PF02/0045/F257,MO,44.667832,10.906403,52.0,4947837.374,1651149.881
PF03/0045/F257,MO,44.666595,10.89981,72.0,4947687.791,1650630.464
PF06/0045/F257,MO,44.663717,10.899635,52.0,4947367.754,1650624.073
PF07/0045/F257,MO,44.663355,10.907264,50.0,4947341.609,1651229.821
PF08/0045/F257,MO,44.660964,10.899612,70.0,4947061.917,1650629.34
PF10/0045/F257,MO,44.661404,10.909137,70.0,4947128.43,1651383.4
PF11/0045/F257,MO,44.666779,10.90925,50.0,4947725.684,1651378.334
PF01/0046/F257,MO,44.672659,10.913628,56.0,4948386.971,1651710.08
PF02/0046/F257,MO,44.671374,10.915164,70.0,4948247.087,1651835.146
PF03/0046/F257,MO,44.67155,10.921525,70.0,4948278.514,1652338.88
PF04/0046/F257,MO,44.672902,10.923085,52.0,4948431.693,1652459.015
PF05/0046/F257,MO,44.670063,10.917971,70.0,4948106.757,1652061.091
PF06/0046/F257,MO,44.670427,10.924199,52.0,4948158.819,1652553.784
PF07/0046/F257,MO,44.670152,10.928457,52.0,4948136.277,1652892.078
PF10/0046/F257,MO,44.667298,10.923995,70.0,4947810.866,1652545.811
PF11/0046/F257,MO,44.672948,10.923108,5.0,4948436.82,1652460.76
PF02/0047/F257,MO,44.678805,10.931473,52.0,4949103.127,1653108.371
PF04/0047/F257,MO,44.678588,10.946126,50.0,4949106.679,1654270.26
PF05/0047/F257,MO,44.676108,10.932629,52.0,4948805.624,1653207.097
PF08/0047/F257,MO,44.674916,10.927953,52.0,4948664.433,1652839.621
PF09/0047/F257,MO,44.674755,10.931205,70.0,4948652.745,1653097.8
PF12/0047/F257,MO,44.673813,10.945965,50.0,4948575.925,1654270.188
PF15/0047/F257,MO,44.678717,10.939468,70.0,4949108.402,1653742.251
PF02/0048/F257,MO,44.674213,10.934981,52.0,4948599.619,1653398.524
PF03/0048/F257,MO,44.673084,10.932638,70.0,4948469.731,1653215.734
PF04/0048/F257,MO,44.673382,10.937558,50.0,4948512.181,1653604.959
PF05/0048/F257,MO,44.673185,10.940555,56.0,4948495.952,1653843.043
PF06/0048/F257,MO,44.673399,10.943387,50.0,4948525.028,1654066.897
PF07/0048/F257,MO,44.671001,10.93025,70.0,4948233.862,1653031.974
PF09/0048/F257,MO,44.671639,10.936574,50.0,4948316.699,1653531.565
PF11/0048/F257,MO,44.67161,10.941576,56.0,4948322.846,1653928.153
PF12/0048/F257,MO,44.670554,10.945297,50.0,4948212.558,1654225.877
PF14/0048/F257,MO,44.66974,10.93401,50.0,4948100.925,1653333.32
PF15/0048/F257,MO,44.669865,10.942359,52.0,4948130.531,1653994.829
PF16/0048/F257,MO,44.66866,10.944456,70.0,4948000.568,1654164.2
PF17/0048/F257,MO,44.66841,10.936253,50.0,4947957.353,1653514.673
PF18/0048/F257,MO,44.668505,10.947161,52.0,4947988.475,1654379.066
PF19/0048/F257,MO,44.667409,10.943023,50.0,4947858.983,1654053.938
PF22/0048/F257,MO,44.670002,10.938755,70.0,4948138.982,1653708.732
PF04/0049/F257,MO,44.676599,10.960138,70.0,4948912.263,1655386.133
PF05/0049/F257,MO,44.676919,10.965126,56.0,4948957.384,1655780.59
PF07/0049/F257,MO,44.674222,10.959429,50.0,4948646.954,1655336.27
PF08/0049/F257,MO,44.672828,10.950014,50.0,4948474.123,1654593.763
PF09/0049/F257,MO,44.672478,10.952902,50.0,4948440.802,1654823.569
PF10/0049/F257,MO,44.671562,10.955128,72.0,4948343.235,1655002.492
PF11/0049/F257,MO,44.672662,10.957644,70.0,4948470.171,1655198.972
PF12/0049/F257,MO,44.676157,10.952858,70.0,4948849.353,1654810.27
PF01/0050/F257,MO,44.665948,10.950263,52.0,4947710.326,1654631.736
PF01/0051/F257,MO,44.669054,10.961695,52.0,4948077.135,1655529.68
PF03/0051/F257,MO,44.666776,10.969084,70.0,4947838.267,1656121.519
PF04/0051/F257,MO,44.665416,10.959948,56.0,4947669.652,1655400.973
PF05/0051/F257,MO,44.664609,10.962718,52.0,4947585.344,1655622.693
PF06/0051/F257,MO,44.664333,10.955362,52.0,4947540.668,1655040.299
PF07/0051/F257,MO,44.663315,10.957789,52.0,4947432.21,1655235.401
PF08/0051/F257,MO,44.661898,10.969964,72.0,4947298.092,1656204.415
PF03/0052/F257,MO,44.667715,10.983032,50.0,4947969.32,1657224.709
PF04/0052/F257,MO,44.667337,10.977742,50.0,4947917.144,1656806.384
PF05/0052/F257,MO,44.666911,10.98861,52.0,4947890.846,1657669.053
PF06/0052/F257,MO,44.67261,10.989286,52.0,4948525.227,1657707.188
PF07/0052/F257,MO,44.667633,10.99184,70.0,4947977.233,1657923.132
PF08/0052/F257,MO,44.670482,10.993495,70.0,4948297.003,1658046.597
PF01/0053/F257,MO,44.665697,10.975573,70.0,4947730.808,1656638.838
PF03/0053/F257,MO,44.66312,10.975426,70.0,4947444.222,1656634.12
PF04/0053/F257,MO,44.663549,10.978699,70.0,4947498.273,1656892.446
PF05/0053/F257,MO,44.665143,10.981737,70.0,4947681.111,1657129.002
PF06/0053/F257,MO,44.664827,10.986568,70.0,4947655.316,1657512.807
PF07/0053/F257,MO,44.657369,10.979184,70.0,4946812.608,1656947.565
PF08/0053/F257,MO,44.661314,10.979975,70.0,4947252.387,1656999.694
PF09/0053/F257,MO,44.659481,10.986753,70.0,4947061.843,1657542.004
PF10/0053/F257,MO,44.660769,10.973232,70.0,4947178.949,1656466.555
PF01/0054/F257,MO,44.674747,10.856951,52.0,4948514.983,1647212.286
PF02/0054/F257,MO,44.674615,10.860068,52.0,4948505.973,1647459.636
PF03/0054/F257,MO,44.672604,10.858713,50.0,4948280.113,1647357.381
PF04/0054/F257,MO,44.672032,10.862442,50.0,4948223.381,1647654.383
PF05/0054/F257,MO,44.672513,10.866406,50.0,4948283.909,1647967.362
PF07/0054/F257,MO,44.671081,10.868982,50.0,4948129.578,1648175.236
PF09/0054/F257,MO,44.67339,10.870352,52.0,4948388.524,1648277.934
PF02/0055/F257,MO,44.672297,10.878259,52.0,4948281.586,1648907.434
PF03/0055/F257,MO,44.669807,10.877933,72.0,4948004.38,1648887.999
PF04/0055/F257,MO,44.676516,10.880916,52.0,4948755.07,1649107.21
PF01/0056/F257,MO,44.671079,10.890885,8.0,4948169.35,1649911.44
PF02/0056/F257,MO,44.667602,10.890513,70.0,4947782.516,1649890.883
PF03/0056/F257,MO,44.667368,10.897127,70.0,4947768.612,1650415.776
PF05/0056/F257,MO,44.674495,10.894172,70.0,4948554.953,1650163.159
PF02/0057/F257,MO,44.670624,10.883971,52.0,4948106.167,1649364.517
PF03/0057/F257,MO,44.668966,10.868956,72.0,4947894.61,1648178.579
PF04/0057/F257,MO,44.667186,10.866852,50.0,4947692.978,1648016.304
PF05/0057/F257,MO,44.667529,10.871128,52.0,4947738.922,1648354.368
PF06/0057/F257,MO,44.667003,10.883445,52.0,4947702.92,1649332.16
PF07/0057/F257,MO,44.666218,10.886465,50.0,4947621.314,1649573.523
PF08/0057/F257,MO,44.666177,10.873862,72.0,4947593.704,1648574.59
PF09/0057/F257,MO,44.664816,10.86582,50.0,4947427.882,1647940.494
PF10/0057/F257,MO,44.665225,10.876527,72.0,4947492.849,1648788.239
PF11/0057/F257,MO,44.664062,10.880386,50.0,4947370.629,1649097.193
PF02/0058/F257,MO,44.65858,10.860575,5.0,4946725.62,1647540.52
PF03/0058/F257,MO,44.665616,10.855934,72.0,4947498.828,1647154.784
PF05/0058/F257,MO,44.662315,10.85928,50.0,4947138.199,1647428.416
PF06/0058/F257,MO,44.660885,10.854424,50.0,4946970.603,1647046.985
PF07/0058/F257,MO,44.663193,10.862241,52.0,4947241.074,1647660.896
PF09/0058/F257,MO,44.668598,10.861591,72.0,4947840.278,1647595.666
PF01/0059/F257,MO,44.664458,10.877284,72.0,4947408.933,1648850.262
PF02/0059/F257,MO,44.663716,10.871815,52.0,4947316.602,1648418.531
PF03/0059/F257,MO,44.662275,10.879301,50.0,4947170.16,1649015.713
PF04/0059/F257,MO,44.66109,10.870735,50.0,4947022.912,1648339.636
PF06/0059/F257,MO,44.659068,10.868539,70.0,4946794.273,1648170.723
PF10/0059/F257,MO,44.656554,10.872957,50.0,4946523.078,1648527.378
PF13/0059/F257,MO,44.659008,10.87555,8.0,4946800.46,1648726.73
PF14/0059/F257,MO,44.656279,10.880109,12.0,4946505.55,1649095.15
PF01/0060/F257,MO,44.652752,10.800347,70.0,4945971.058,1642779.692
PF02/0060/F257,MO,44.651397,10.802338,70.0,4945823.967,1642940.864
PF03/0060/F257,MO,44.651613,10.805327,72.0,4945853.223,1643177.419
PF04/0060/F257,MO,44.651141,10.808209,50.0,4945805.814,1643407.084
PF05/0060/F257,MO,44.65107,10.811693,72.0,4945804.078,1643683.525
PF06/0060/F257,MO,44.65073,10.81394,70.0,4945770.286,1643862.496
PF07/0060/F257,MO,44.651115,10.798817,70.0,4945786.477,1642662.378
PF08/0060/F257,MO,44.649605,10.803166,70.0,4945626.417,1643010.924
PF09/0060/F257,MO,44.649541,10.805969,52.0,4945624.235,1643233.416
PF10/0060/F257,MO,44.654743,10.807734,72.0,4946205.092,1643360.536
PF01/0061/F257,MO,44.649095,10.809994,52.0,4945581.73,1643553.675
PF02/0061/F257,MO,44.646629,10.818364,52.0,4945322.513,1644223.459
PF02/0062/F257,MO,44.654819,10.828399,50.0,4946250.118,1644998.849
PF01/0063/F257,MO,44.654892,10.835138,52.0,4946270.205,1645533.038
PF03/0063/F257,MO,44.65312,10.825277,50.0,4946055.842,1644755.533
PF05/0063/F257,MO,44.650008,10.820515,50.0,4945701.735,1644385.637
PF06/0063/F257,MO,44.649593,10.827443,50.0,4945667.924,1644936.069
PF08/0063/F257,MO,44.64922,10.840665,52.0,4945650.111,1645985.468
PF10/0063/F257,MO,44.648827,10.833255,52.0,4945593.146,1645398.847
PF11/0063/F257,MO,44.648005,10.82581,50.0,4945488.584,1644810.504
PF14/0063/F257,MO,44.645673,10.834489,50.0,4945245.029,1645504.589
PF15/0063/F257,MO,44.647805,10.842624,72.0,4945496.35,1646144.359
PF03/0064/F257,MO,44.651727,10.845107,52.0,4945936.558,1646331.367
PF04/0064/F257,MO,44.653328,10.851283,52.0,4946125.483,1646817.064
PF01/0065/F257,MO,44.656648,10.86418,70.0,4946517.615,1647831.237
PF02/0065/F257,MO,44.654652,10.864645,52.0,4946296.649,1647873.16
PF03/0065/F257,MO,44.654629,10.867787,70.0,4946299.816,1648122.392
PF04/0065/F257,MO,44.65474,10.870816,70.0,4946317.728,1648362.256
PF06/0065/F257,MO,44.650977,10.867977,70.0,4945894.489,1648146.762
PF08/0065/F257,MO,44.64844,10.856247,50.0,4945591.454,1647223.005
PF09/0065/F257,MO,44.647519,10.865491,48.0,4945505.843,1647958.383
PF10/0065/F257,MO,44.646838,10.869496,48.0,4945437.485,1648277.731
PF11/0065/F257,MO,44.646356,10.872795,52.0,4945389.979,1648540.608
PF13/0065/F257,MO,44.650795,10.860722,12.0,4945861.1,1647571.9
PF01/0066/F257,MO,44.660974,10.886281,70.0,4947038.469,1649572.406
PF05/0066/F257,MO,44.657036,10.883732,70.0,4946596.274,1649380.44
PF07/0066/F257,MO,44.654069,10.876385,50.0,4946253.282,1648805.53
PF10/0066/F257,MO,44.65253,10.88144,50.0,4946091.571,1649210.282
PF12/0066/F257,MO,44.651679,10.878112,52.0,4945990.919,1648948.591
PF13/0066/F257,MO,44.654999,10.886242,50.0,4946374.629,1649584.712
PF14/0066/F257,MO,44.653124,10.873945,70.0,4946143.828,1648614.456
PF15/0066/F257,MO,44.654678,10.881695,50.0,4946330.615,1649224.971
PF01/0067/F257,MO,44.65799,10.889372,70.0,4946712.685,1649825.145
PF02/0067/F257,MO,44.652738,10.887012,50.0,4946124.929,1649651.564
PF01/0068/F257,MO,44.656096,10.892794,70.0,4946508.552,1650101.375
PF02/0068/F257,MO,44.65453,10.889529,50.0,4946328.556,1649846.577
PF01/0069/F257,MO,44.662479,10.884164,50.0,4947201.769,1649400.717
PF02/0069/F257,MO,44.662906,10.888483,50.0,4947257.111,1649742.03
PF03/0069/F257,MO,44.660857,10.8899,70.0,4947032.057,1649859.64
PF01/0070/F257,MO,44.664768,10.894269,8.0,4947474.55,1650195.96
PF02/0070/F257,MO,44.665788,10.894336,70.0,4947587.978,1650198.6
PF01/0071/F257,MO,44.660668,10.895509,52.0,4947021.368,1650304.837
PF02/0071/F257,MO,44.662502,10.893139,70.0,4947220.735,1650112.194
PF03/0071/F257,MO,44.660271,10.892391,70.0,4946971.62,1650058.67
PF04/0071/F257,MO,44.663292,10.89585,52.0,4947313.51,1650325.056
PF05/0071/F257,MO,44.658239,10.894831,70.0,4946750.348,1650257.339
PF01/0072/F257,MO,44.657435,10.899782,70.0,4946670.164,1650651.936
PF02/0072/F257,MO,44.662466,10.898768,52.0,4947227.117,1650558.525
PF03/0072/F257,MO,44.658727,10.897105,52.0,4946808.72,1650436.421
PF01/0073/F257,MO,44.659242,10.902702,52.0,4946876.254,1650878.791
PF02/0073/F257,MO,44.657541,10.901929,50.0,4946685.922,1650821.95
PF03/0073/F257,MO,44.65928,10.90639,52.0,4946887.379,1651171.114
PF04/0073/F257,MO,44.657007,10.901136,8.0,4946625.17,1650760.44
PF01/0074/F257,MO,44.670173,10.917186,70.0,4948117.482,1651998.543
PF02/0074/F257,MO,44.668917,10.916746,70.0,4947977.134,1651966.964
PF03/0074/F257,MO,44.667079,10.916215,70.0,4947771.996,1651929.646
PF01/0075/F257,MO,44.665806,10.913642,70.0,4947625.794,1651729.061
PF02/0075/F257,MO,44.667914,10.912423,70.0,4947857.677,1651626.878
PF02/0076/F257,MO,44.664581,10.914216,70.0,4947490.716,1651777.703
PF03/0076/F257,MO,44.663291,10.912776,50.0,4947344.831,1651666.972
PF02/0078/F257,MO,44.66532,10.925501,70.0,4947593.969,1652670.453
PF01/0079/F257,MO,44.662561,10.936231,70.0,4947307.622,1653528.367
PF03/0079/F257,MO,44.664563,10.934494,70.0,4947526.684,1653385.376
PF04/0079/F257,MO,44.666024,10.930428,50.0,4947681.356,1653059.179
PF01/0080/F257,MO,44.665672,10.944428,52.0,4947668.696,1654169.892
PF03/0080/F257,MO,44.665142,10.940696,50.0,4947602.72,1653875.48
PF01/0081/F257,MO,44.666584,10.944152,8.0,4947769.49,1654145.65
PF02/0081/F257,MO,44.666516,10.944095,70.0,4947761.748,1654141.329
PF01/0082/F257,MO,44.65592,10.903531,52.0,4946508.872,1650953.176
PF02/0082/F257,MO,44.655276,10.898713,52.0,4946428.384,1650572.774
PF01/0083/F257,MO,44.656633,10.908958,50.0,4946598.132,1651381.566
PF02/0083/F257,MO,44.654767,10.906951,50.0,4946387.048,1651227.322
PF03/0083/F257,MO,44.65681,10.9122,50.0,4946623.796,1651638.19
PF01/0084/F257,MO,44.659544,10.911385,8.0,4946925.976,1651566.403
PF01/0085/F257,MO,44.663777,10.92149,70.0,4947414.999,1652356.464
PF02/0085/F257,MO,44.663107,10.919479,52.0,4947336.796,1652198.801
PF03/0085/F257,MO,44.662872,10.922773,0.0,4947316.9,1652460.6
PF05/0085/F257,MO,44.661902,10.920354,70.0,4947204.609,1652271.369
PF01/0086/F257,MO,44.662914,10.925118,70.0,4947325.904,1652646.366
PF03/0086/F257,MO,44.659927,10.921281,10.0,4946987.0,1652350.0
PF04/0086/F257,MO,44.672285,10.921437,10.0,4948360.0,1652330.0
PF02/0087/F257,MO,44.663262,10.929317,70.0,4947372.413,1652978.317
PF03/0087/F257,MO,44.660516,10.929008,70.0,4947066.895,1652961.111
PF01/0088/F257,MO,44.662122,10.939334,70.0,4947264.731,1653775.516
PF01/0089/F257,MO,44.659122,10.944537,5.0,4946941.26,1654195.92
PF03/0089/F257,MO,44.660584,10.946075,52.0,4947106.573,1654313.958
PF04/0089/F257,MO,44.661612,10.940148,52.0,4947209.599,1653841.409
PF05/0089/F257,MO,44.660605,10.942364,52.0,4947101.854,1654019.719
PF06/0089/F257,MO,44.659642,10.940181,52.0,4946990.748,1653849.161
PF07/0089/F257,MO,44.658747,10.942218,50.0,4946895.205,1654013.063
PF08/0089/F257,MO,44.657558,10.94025,52.0,4946759.425,1653860.159
PF10/0089/F257,MO,44.657492,10.94561,52.0,4946762.228,1654285.328
PF11/0089/F257,MO,44.66438,10.945816,52.0,4947527.78,1654283.39
PF01/0090/F257,MO,44.662916,10.947037,11.0,4947367.5,1654384.1
PF02/0090/F257,MO,44.66081,10.948938,52.0,4947137.141,1654540.404
PF03/0090/F257,MO,44.660074,10.951774,52.0,4947060.742,1654767.176
PF01/0091/F257,MO,44.663473,10.962003,52.0,4947457.741,1655569.09
PF02/0091/F257,MO,44.661732,10.960849,52.0,4947262.18,1655482.264
PF03/0091/F257,MO,44.660409,10.962786,52.0,4947118.917,1655639.341
PF04/0091/F257,MO,44.660003,10.960225,70.0,4947068.948,1655437.404
PF05/0091/F257,MO,44.662006,10.96423,52.0,4947299.078,1655749.537
PF01/0092/F257,MO,44.656588,10.915769,70.0,4946605.71,1651921.733
PF01/0093/F257,MO,44.659263,10.931509,70.0,4946932.366,1653162.661
PF02/0093/F257,MO,44.656529,10.929112,68.0,4946624.192,1652979.794
PF04/0093/F257,MO,44.657635,10.927313,70.0,4946743.691,1652834.223
PF02/0094/F257,MO,44.656544,10.934067,50.0,4946635.117,1653372.607
PF01/0096/F257,MO,44.656369,10.944987,70.0,4946636.327,1654238.921
PF02/0096/F257,MO,44.654932,10.937755,70.0,4946463.047,1653669.303
PF03/0096/F257,MO,44.655678,10.94137,70.0,4946552.699,1653953.981
PF01/0097/F257,MO,44.659434,10.946515,52.0,4946979.63,1654351.943
PF02/0097/F257,MO,44.657609,10.947206,52.0,4946778.289,1654411.561
PF03/0097/F257,MO,44.656464,10.951534,52.0,4946659.315,1654757.708
PF04/0097/F257,MO,44.654573,10.944556,52.0,4946435.993,1654209.474
PF05/0097/F257,MO,44.655093,10.947009,50.0,4946498.39,1654402.618
PF06/0097/F257,MO,44.655605,10.949566,52.0,4946560.101,1654603.968
PF01/0098/F257,MO,44.66117,10.956019,50.0,4947190.529,1655100.829
PF02/0098/F257,MO,44.657575,10.955453,50.0,4946790.1,1655065.489
PF01/0099/F257,MO,44.654904,10.95434,50.0,4946491.281,1654984.392
PF01/0100/F257,MO,44.660501,10.969865,72.0,4947142.621,1656200.325
PF02/0100/F257,MO,44.658121,10.958893,50.0,4946857.363,1655336.781
PF05/0100/F257,MO,44.655483,10.972596,52.0,4946590.521,1656430.356
PF06/0100/F257,MO,44.652493,10.960918,50.0,4946236.003,1655512.405
PF07/0100/F257,MO,44.653026,10.96511,72.0,4946303.196,1655843.362
PF09/0100/F257,MO,44.653745,10.970904,72.0,4946394.171,1656300.872
PF11/0100/F257,MO,44.651394,10.962964,52.0,4946117.828,1655677.544
PF12/0100/F257,MO,44.650733,10.96686,52.0,4946051.897,1655988.265
PF13/0100/F257,MO,44.654435,10.959931,72.0,4946449.81,1655428.939
PF14/0100/F257,MO,44.656413,10.963092,70.0,4946675.595,1655674.265
PF15/0100/F257,MO,44.655896,10.957413,52.0,4946607.348,1655225.361
PF16/0100/F257,MO,44.658171,10.967907,70.0,4946880.043,1656051.32
PF53/0100/F257,MO,44.652341,10.957718,50.0,4946213.031,1655259.055
PF01/0101/F257,MO,44.65402,10.979035,58.0,4946440.406,1656944.817
PF02/0101/F257,MO,44.647747,10.976993,52.0,4945739.552,1656799.828
PF03/0101/F257,MO,44.646222,10.981122,52.0,4945578.166,1657131.311
PF04/0101/F257,MO,44.643358,10.978598,50.0,4945255.145,1656938.926
PF05/0101/F257,MO,44.645004,10.973815,70.0,4945428.832,1656555.162
PF06/0101/F257,MO,44.654267,10.986743,52.0,4946482.61,1657555.349
PF07/0101/F257,MO,44.650671,10.977675,52.0,4946065.702,1656846.005
PF01/0102/F257,MO,44.65171,10.969941,52.0,4946166.239,1656229.975
PF02/0102/F257,MO,44.64867,10.953117,52.0,4945796.456,1654904.026
PF03/0102/F257,MO,44.649378,10.967126,50.0,4945901.883,1656012.967
PF05/0102/F257,MO,44.646765,10.966556,52.0,4945610.487,1655974.809
PF06/0102/F257,MO,44.645351,10.962427,52.0,4945445.567,1655651.121
PF07/0102/F257,MO,44.646458,10.969972,70.0,4945582.915,1656246.512
PF09/0102/F257,MO,44.645077,10.960998,8.0,4945412.31,1655538.59
PF01/0103/F257,MO,44.65118,10.890788,52.0,4945958.725,1649955.021
PF02/0104/F257,MO,44.652964,10.897023,72.0,4946168.412,1650444.759
PF03/0104/F257,MO,44.65178,10.894187,72.0,4946031.661,1650223.003
PF04/0104/F257,MO,44.650654,10.895721,72.0,4945909.465,1650347.538
PF05/0104/F257,MO,44.649761,10.892103,50.0,4945803.601,1650062.944
PF06/0104/F257,MO,44.649011,10.894914,52.0,4945725.387,1650287.74
PF01/0105/F257,MO,44.653933,10.901157,52.0,4946283.695,1650770.079
PF02/0105/F257,MO,44.652197,10.899858,52.0,4946088.468,1650671.575
PF03/0105/F257,MO,44.652331,10.905446,50.0,4946113.641,1651114.279
PF01/0106/F257,MO,44.652261,10.913024,70.0,4946119.97,1651715.339
PF02/0106/F257,MO,44.654508,10.914259,52.0,4946371.901,1651807.467
PF03/0106/F257,MO,44.65211,10.916517,52.0,4946109.684,1651992.752
PF04/0106/F257,MO,44.653529,10.91024,50.0,4946255.652,1651491.314
PF01/0107/F257,MO,44.653979,10.918365,52.0,4946320.732,1652134.377
PF02/0107/F257,MO,44.65456,10.921415,70.0,4946391.035,1652374.717
PF01/0108/F257,MO,44.652326,10.922679,72.0,4946145.259,1652480.731
PF02/0108/F257,MO,44.654008,10.925014,70.0,4946336.442,1652661.478
PF03/0108/F257,MO,44.650811,10.919687,72.0,4945971.31,1652247.501
PF01/0109/F257,MO,44.651767,10.927082,70.0,4946091.423,1652831.378
PF02/0109/F257,MO,44.65046,10.930228,50.0,4945952.046,1653084.282
PF03/0109/F257,MO,44.649733,10.925738,50.0,4945862.927,1652730.15
PF04/0109/F257,MO,44.653208,10.928863,50.0,4946254.781,1652968.816
PF05/0109/F257,MO,44.648171,10.928203,50.0,4945694.063,1652929.664
PF02/0111/F257,MO,44.65135,10.934126,50.0,4946058.305,1653390.994
PF03/0111/F257,MO,44.653463,10.940392,70.0,4946304.806,1653882.25
PF04/0111/F257,MO,44.653069,10.936642,12.0,4946254.0,1653586.0
PF01/0112/F257,MO,44.652343,10.942553,8.0,4946184.48,1654056.56
PF02/0112/F257,MO,44.65397,10.944053,70.0,4946367.994,1654171.177
PF03/0112/F257,MO,44.652832,10.947182,72.0,4946247.597,1654422.351
PF04/0112/F257,MO,44.65226,10.944414,5.0,4946178.81,1654204.4
PF01/0113/F257,MO,44.6504,10.950287,52.0,4945983.286,1654675.021
PF02/0113/F257,MO,44.652434,10.952201,50.0,4946212.825,1654821.323
PF01/0114/F257,MO,44.648842,10.946053,70.0,4945802.2,1654343.404
PF02/0114/F257,MO,44.647006,10.943464,50.0,4945593.345,1654142.925
PF03/0114/F257,MO,44.644608,10.945169,50.0,4945330.143,1654284.485
PF01/0115/F257,MO,44.646554,10.947725,50.0,4945551.22,1654482.055
PF01/0116/F257,MO,44.649906,10.796723,70.0,4945648.534,1642499.289
PF02/0116/F257,MO,44.647617,10.798196,52.0,4945396.848,1642621.697
PF03/0116/F257,MO,44.648679,10.801545,52.0,4945520.703,1642884.656
PF04/0116/F257,MO,44.64826,10.804331,5.0,4945479.06,1643106.62
PF05/0116/F257,MO,44.646015,10.799665,52.0,4945221.445,1642742.188
PF07/0116/F257,MO,44.646697,10.809197,52.0,4945313.905,1643496.388
PF09/0116/F257,MO,44.644019,10.796785,52.0,4944994.641,1642518.642
PF10/0116/F257,MO,44.644608,10.805566,52.0,4945075.549,1643213.57
PF11/0116/F257,MO,44.64209,10.801067,52.0,4944787.93,1642862.95
PF14/0116/F257,MO,44.642033,10.805484,9.0,4944789.3,1643213.4
PF01/0117/F257,MO,44.641837,10.818802,70.0,4944791.06,1644270.067
PF02/0117/F257,MO,44.638693,10.811369,70.0,4944428.685,1643688.338
PF04/0117/F257,MO,44.64469,10.815788,70.0,4945102.631,1644023.962
PF05/0117/F257,MO,44.644255,10.819787,52.0,4945061.405,1644342.213
PF01/0118/F257,MO,44.645118,10.840949,50.0,4945194.882,1646018.253
PF03/0118/F257,MO,44.643263,10.841443,70.0,4944989.733,1646062.073
PF05/0118/F257,MO,44.640175,10.821228,70.0,4944610.7,1644466.602
PF06/0118/F257,MO,44.64141,10.827487,70.0,4944758.977,1644959.907
PF07/0118/F257,MO,44.641328,10.830203,72.0,4944754.723,1645175.574
PF08/0118/F257,MO,44.641648,10.832592,50.0,4944794.536,1645364.235
PF09/0118/F257,MO,44.640815,10.835611,52.0,4944707.356,1645605.749
PF10/0118/F257,MO,44.639937,10.838016,70.0,4944614.168,1645798.661
PF11/0118/F257,MO,44.640564,10.840066,70.0,4944687.407,1645959.667
PF12/0118/F257,MO,44.639364,10.831035,72.0,4944538.069,1645246.452
PF13/0118/F257,MO,44.637044,10.824626,52.0,4944268.94,1644743.902
PF14/0118/F257,MO,44.637769,10.832522,70.0,4944363.502,1645368.333
PF01/0119/F257,MO,44.648744,10.846869,52.0,4945608.312,1646478.584
PF03/0119/F257,MO,44.64727,10.844681,5.0,4945440.63,1646308.81
PF04/0119/F257,MO,44.6473,10.849076,52.0,4945451.912,1646657.268
PF06/0119/F257,MO,44.645473,10.844055,50.0,4945239.965,1646263.725
PF07/0119/F257,MO,44.645442,10.8485,50.0,4945244.406,1646616.262
PF09/0119/F257,MO,44.642091,10.8517,50.0,4944877.991,1646878.467
PF10/0119/F257,MO,44.641359,10.843688,50.0,4944782.308,1646244.909
PF11/0119/F257,MO,44.639573,10.850026,52.0,4944595.26,1646752.105
PF12/0119/F257,MO,44.638858,10.853959,50.0,4944522.913,1647065.769
PF13/0119/F257,MO,44.635339,10.847582,50.0,4944120.538,1646568.87
PF14/0119/F257,MO,44.647139,10.853089,52.0,4945441.181,1646975.916
PF02/0120/F257,MO,44.644485,10.858147,50.0,4945155.595,1647383.749
PF03/0120/F257,MO,44.645655,10.866176,50.0,4945300.068,1648017.46
PF04/0120/F257,MO,44.645704,10.869384,52.0,4945311.338,1648271.708
PF05/0120/F257,MO,44.643802,10.863797,50.0,4945089.924,1647833.547
PF06/0120/F257,MO,44.644075,10.873158,52.0,4945137.218,1648575.213
PF07/0120/F257,MO,44.641736,10.859655,50.0,4944852.918,1647510.261
PF08/0120/F257,MO,44.642396,10.866842,52.0,4944939.24,1648078.558
PF09/0120/F257,MO,44.639599,10.861657,50.0,4944619.095,1647674.449
PF10/0120/F257,MO,44.640145,10.865478,70.0,4944686.702,1647976.119
PF11/0120/F257,MO,44.639219,10.873787,52.0,4944598.928,1648637.432
PF12/0120/F257,MO,44.639043,10.856258,52.0,4944547.635,1647247.694
PF02/0121/F257,MO,44.650226,10.885637,70.0,4945843.289,1649549.014
PF03/0121/F257,MO,44.64525,10.882647,52.0,4945285.137,1649324.659
PF04/0121/F257,MO,44.647393,10.890076,50.0,4945536.771,1649908.32
PF05/0121/F257,MO,44.643918,10.886825,70.0,4945144.785,1649659.439
PF06/0121/F257,MO,44.642517,10.880864,52.0,4944978.273,1649190.316
PF52/0121/F257,MO,44.64741,10.884143,12.0,4945527.735,1649437.786
PF02/0122/F257,MO,44.650179,10.903676,70.0,4945871.346,1650979.5
PF03/0122/F257,MO,44.648506,10.898487,52.0,4945675.956,1650572.366
PF04/0122/F257,MO,44.648354,10.902143,12.0,4945665.8,1650862.705
PF01/0123/F257,MO,44.648479,10.910401,70.0,4945694.977,1651517.239
PF02/0124/F257,MO,44.647836,10.923409,52.0,4945647.849,1652550.457
PF52/0124/F257,MO,44.650122,10.918486,72.0,4945892.541,1652154.047
PF01/0125/F257,MO,44.64619,10.937816,8.0,4945492.07,1653697.21
PF02/0125/F257,MO,44.649929,10.937172,70.0,4945906.204,1653636.317
PF03/0125/F257,MO,44.64806,10.935383,72.0,4945695.191,1653499.315
PF01/0126/F257,MO,44.642949,10.939321,50.0,4945134.868,1653825.133
PF03/0126/F257,MO,44.642434,10.942656,52.0,4945083.904,1654090.964
PF05/0126/F257,MO,44.644977,10.941363,50.0,4945363.958,1653981.713
PF02/0127/F257,MO,44.641711,10.95509,52.0,4945027.195,1655079.032
PF03/0127/F257,MO,44.644813,10.954457,70.0,4945370.626,1655020.572
PF01/0128/F257,MO,44.643054,10.958108,52.0,4945182.116,1655314.752
PF02/0128/F257,MO,44.641466,10.956511,52.0,4945002.736,1655192.359
PF03/0128/F257,MO,44.640501,10.959118,52.0,4944900.512,1655401.684
PF01/0129/F257,MO,44.64126,10.975249,72.0,4945015.677,1656678.977
PF02/0129/F257,MO,44.639967,10.976875,5.0,4944875.17,1656811.39
PF03/0129/F257,MO,44.638376,10.979172,70.0,4944702.793,1656997.842
PF04/0129/F257,MO,44.638012,10.974021,72.0,4944652.529,1656590.276
PF05/0129/F257,MO,44.636237,10.973888,52.0,4944455.089,1656584.511
PF06/0129/F257,MO,44.63642,10.97923,52.0,4944485.614,1657007.779
PF07/0129/F257,MO,44.636147,10.976703,52.0,4944450.495,1656808.077
PF08/0129/F257,MO,44.634306,10.974787,70.0,4944242.27,1656660.998
PF10/0129/F257,MO,44.641394,10.971918,70.0,4945024.171,1656414.438
PF11/0129/F257,MO,44.639689,10.970347,70.0,4944831.751,1656294.455
PF12/0129/F257,MO,44.637836,10.969256,52.0,4944623.756,1656212.841
PF01/0130/F257,MO,44.642498,10.98549,72.0,4945172.875,1657487.844
PF02/0130/F257,MO,44.640977,10.982549,50.0,4944998.295,1657258.679
PF03/0130/F257,MO,44.640766,10.976944,70.0,4944964.065,1656814.715
PF04/0130/F257,MO,44.638689,10.986612,50.0,4944751.956,1657587.106
PF05/0130/F257,MO,44.635548,10.981115,52.0,4944392.395,1657159.642
PF06/0130/F257,MO,44.633898,10.977782,52.0,4944202.717,1656899.726
PF07/0130/F257,MO,44.632524,10.975946,70.0,4944046.526,1656757.735
PF08/0130/F257,MO,44.632903,10.980346,70.0,4944097.078,1657105.782
PF09/0130/F257,MO,44.63259,10.984912,52.0,4944071.205,1657468.738
PF10/0130/F257,MO,44.630509,10.984785,70.0,4943839.705,1657464.324
PF01/0131/F257,MO,44.639653,10.798295,50.0,4944512.362,1642649.124
PF02/0131/F257,MO,44.639106,10.802255,72.0,4944458.471,1642964.492
PF04/0131/F257,MO,44.637308,10.797219,52.0,4944249.966,1642569.534
PF05/0131/F257,MO,44.633025,10.793721,12.0,4943768.1,1642302.5
PF01/0132/F257,MO,44.63949,10.805173,72.0,4944506.289,1643194.978
PF03/0132/F257,MO,44.636823,10.806981,52.0,4944213.195,1643344.923
PF04/0132/F257,MO,44.635171,10.800956,52.0,4944019.107,1642871.17
PF06/0132/F257,MO,44.634803,10.806719,72.0,4943988.318,1643329.118
PF08/0132/F257,MO,44.631752,10.798257,70.0,4943634.63,1642665.459
PF10/0132/F257,MO,44.628912,10.797156,70.0,4943317.181,1642585.08
PF11/0132/F257,MO,44.627942,10.799751,52.0,4943213.99,1642793.249
PF12/0132/F257,MO,44.630869,10.80634,52.0,4943550.649,1643308.795
PF01/0133/F257,MO,44.633599,10.827971,50.0,4943892.194,1645017.731
PF02/0133/F257,MO,44.630394,10.826167,72.0,4943532.965,1644882.654
PF03/0133/F257,MO,44.636367,10.842193,70.0,4944225.061,1646138.85
PF04/0133/F257,MO,44.632086,10.845893,50.0,4943756.192,1646443.148
PF05/0133/F257,MO,44.633759,10.83247,52.0,4943917.964,1645374.254
PF06/0133/F257,MO,44.629226,10.844339,50.0,4943435.675,1646327.034
PF07/0133/F257,MO,44.637732,10.837048,12.0,4944367.5,1645727.4
PF03/0134/F257,MO,44.633264,10.854273,50.0,4943902.119,1647104.844
PF06/0134/F257,MO,44.636814,10.864025,50.0,4944314.042,1647869.368
PF08/0134/F257,MO,44.633683,10.857409,12.0,4943954.3,1647352.5
PF01/0135/F257,MO,44.640864,10.888031,70.0,4944807.775,1649762.951
PF02/0135/F257,MO,44.64021,10.884051,52.0,4944727.813,1649448.96
PF03/0135/F257,MO,44.638461,10.878943,70.0,4944524.166,1649048.302
PF04/0135/F257,MO,44.638541,10.887272,70.0,4944548.323,1649708.693
PF05/0135/F257,MO,44.636595,10.876284,70.0,4944312.05,1648842.17
PF06/0135/F257,MO,44.63658,10.878897,52.0,4944315.163,1649049.516
PF07/0135/F257,MO,44.637159,10.884149,72.0,4944389.065,1649464.525
PF08/0135/F257,MO,44.636283,10.888288,72.0,4944299.328,1649795.094
PF09/0135/F257,MO,44.635006,10.885512,70.0,4944152.41,1649578.204
PF10/0135/F257,MO,44.632275,10.879564,52.0,4943838.144,1649113.439
PF01/0136/F257,MO,44.647608,10.894947,50.0,4945569.625,1650293.993
PF01/0137/F257,MO,44.646368,10.897272,70.0,4945436.145,1650481.589
PF02/0137/F257,MO,44.644066,10.895878,70.0,4945177.93,1650377.024
PF03/0137/F257,MO,44.644701,10.892232,50.0,4945241.748,1650086.201
PF04/0137/F257,MO,44.642682,10.89831,70.0,4945028.598,1650573.394
PF01/0138/F257,MO,44.647055,10.90155,52.0,4945520.409,1650819.051
PF02/0138/F257,MO,44.644738,10.901554,70.0,4945263.077,1650825.35
PF03/0138/F257,MO,44.641359,10.902967,70.0,4944890.236,1650946.197
PF01/0139/F257,MO,44.645946,10.903868,70.0,4945401.454,1651005.754
PF04/0139/F257,MO,44.640324,10.905344,70.0,4944779.709,1651137.406
PF05/0139/F257,MO,44.644053,10.907459,70.0,4945197.88,1651295.431
PF03/0140/F257,MO,44.644899,10.912195,50.0,4945300.642,1651668.781
PF04/0140/F257,MO,44.643029,10.911077,72.0,4945090.853,1651585.05
PF05/0140/F257,MO,44.64152,10.909594,70.0,4944920.472,1651471.322
PF06/0140/F257,MO,44.641241,10.912628,70.0,4944895.125,1651712.669
PF08/0140/F257,MO,44.645813,10.909333,70.0,4945396.858,1651439.476
PF09/0140/F257,MO,44.647153,10.91218,72.0,4945550.964,1651661.747
PF01/0141/F257,MO,44.643525,10.91887,8.0,4945160.45,1652201.79
PF02/0141/F257,MO,44.64795,10.915608,72.0,4945645.879,1651931.478
PF03/0141/F257,MO,44.647148,10.919108,52.0,4945563.378,1652211.123
PF04/0141/F257,MO,44.645342,10.916762,52.0,4945358.342,1652029.833
PF01/0142/F257,MO,44.646371,10.925922,1.0,4945489.76,1652753.51
PF02/0142/F257,MO,44.642307,10.923788,50.0,4945034.302,1652594.947
PF03/0142/F257,MO,44.644808,10.92306,50.0,4945310.863,1652530.688
PF01/0143/F257,MO,44.643865,10.931184,50.0,4945221.33,1653177.449
PF02/0143/F257,MO,44.646728,10.932615,52.0,4945541.973,1653283.333
PF03/0143/F257,MO,44.645904,10.929557,50.0,4945444.715,1653043.04
PF01/0144/F257,MO,44.64485,10.937152,50.0,4945341.939,1653648.141
PF02/0144/F257,MO,44.641319,10.930065,70.0,4944936.4,1653095.385
PF03/0144/F257,MO,44.643074,10.934483,50.0,4945139.655,1653441.157
PF01/0145/F257,MO,44.639057,10.943645,70.0,4944710.683,1654178.396
PF02/0145/F257,MO,44.641669,10.937057,52.0,4944988.424,1653648.978
PF03/0145/F257,MO,44.638413,10.937239,70.0,4944627.0,1653671.989
PF04/0145/F257,MO,44.6396,10.940235,70.0,4944764.534,1653906.481
PF05/0145/F257,MO,44.641708,10.9411,52.0,4945000.358,1653969.513
PF01/0146/F257,MO,44.637239,10.948291,50.0,4944517.477,1654551.701
PF01/0147/F257,MO,44.643536,10.953052,52.0,4945226.043,1654912.507
PF02/0147/F257,MO,44.641223,10.951707,72.0,4944966.576,1654811.963
PF03/0147/F257,MO,44.639417,10.950788,52.0,4944764.191,1654743.926
PF04/0147/F257,MO,44.639702,10.953429,72.0,4944800.906,1654952.581
PF05/0147/F257,MO,44.638311,10.952154,72.0,4944643.975,1654855.197
PF02/0148/F257,MO,44.639809,10.954919,72.0,4944815.589,1655070.495
PF03/0148/F257,MO,44.637165,10.954906,52.0,4944521.922,1655076.54
PF01/0149/F257,MO,44.633759,10.95692,50.0,4944147.342,1655245.366
PF02/0149/F257,MO,44.636006,10.958651,52.0,4944400.238,1655376.654
PF03/0149/F257,MO,44.638776,10.960221,52.0,4944710.936,1655493.73
PF03/0150/F257,MO,44.635339,10.965316,52.0,4944338.842,1655907.044
PF05/0150/F257,MO,44.639133,10.963943,70.0,4944757.712,1655787.996
PF01/0151/F257,MO,44.634737,10.969275,52.0,4944279.568,1656222.67
PF01/0152/F257,MO,44.642526,10.890494,70.0,4944996.861,1649954.016
PF02/0152/F257,MO,44.641392,10.893885,50.0,4944877.142,1650225.802
PF01/0153/F257,MO,44.639298,10.892376,50.0,4944641.774,1650111.57
PF02/0154/F257,MO,44.638218,10.900321,50.0,4944536.457,1650744.474
PF03/0154/F257,MO,44.639142,10.895766,50.0,4944630.685,1650380.827
PF02/0156/F257,MO,44.637007,10.908183,72.0,4944416.533,1651371.212
PF03/0156/F257,MO,44.634664,10.908127,50.0,4944156.164,1651372.796
PF01/0157/F257,MO,44.639364,10.915878,70.0,4944692.632,1651975.375
PF02/0157/F257,MO,44.638055,10.913078,70.0,4944542.046,1651756.711
PF03/0157/F257,MO,44.639165,10.909675,52.0,4944659.033,1651483.927
PF04/0157/F257,MO,44.64336,10.914522,72.0,4945134.065,1651857.342
PF01/0158/F257,MO,44.641507,10.917066,70.0,4944932.903,1652063.933
PF02/0158/F257,MO,44.639036,10.919158,72.0,4944662.316,1652236.341
PF01/0159/F257,MO,44.640375,10.927575,52.0,4944826.861,1652900.395
PF02/0159/F257,MO,44.639165,10.925408,52.0,4944688.402,1652731.714
PF03/0159/F257,MO,44.64038,10.92158,52.0,4944816.11,1652424.915
PF04/0159/F257,MO,44.637953,10.922097,70.0,4944547.567,1652472.239
PF05/0159/F257,MO,44.636274,10.926188,70.0,4944368.689,1652801.103
PF01/0160/F257,MO,44.638577,10.93347,8.0,4944638.15,1653372.64
PF02/0160/F257,MO,44.638372,10.928846,70.0,4944606.674,1653006.404
PF01/0161/F257,MO,44.636445,10.939696,70.0,4944413.114,1653872.079
PF03/0161/F257,MO,44.636098,10.94298,50.0,4944380.706,1654133.467
PF01/0162/F257,MO,44.635591,10.936554,52.0,4944312.293,1653625.1
PF02/0162/F257,MO,44.633804,10.937498,50.0,4944115.538,1653704.737
PF03/0162/F257,MO,44.633942,10.940399,50.0,4944136.394,1653934.451
PF04/0162/F257,MO,44.632015,10.940497,70.0,4943922.467,1653947.279
PF05/0162/F257,MO,44.634578,10.936292,52.0,4944199.27,1653606.964
PF01/0163/F257,MO,44.634493,10.949705,52.0,4944215.197,1654671.088
PF02/0163/F257,MO,44.632307,10.947414,70.0,4943968.019,1654495.182
PF03/0163/F257,MO,44.634982,10.946139,50.0,4944262.791,1654386.93
PF01/0164/F257,MO,44.634192,10.953629,50.0,4944189.199,1654983.163
PF02/0164/F257,MO,44.628903,10.952278,50.0,4943599.133,1654890.088
PF03/0164/F257,MO,44.632825,10.952084,50.0,4944034.449,1654864.205
PF01/0165/F257,MO,44.633042,10.961688,52.0,4944076.762,1655625.449
PF02/0165/F257,MO,44.633175,10.964393,56.0,4944096.741,1655839.619
PF03/0165/F257,MO,44.635076,10.963429,70.0,4944306.045,1655758.076
PF04/0165/F257,MO,44.631939,10.968257,70.0,4943966.813,1656149.443
PF02/0166/F257,MO,44.630442,10.791081,52.0,4943476.608,1642099.447
PF03/0166/F257,MO,44.6299,10.788086,70.0,4943411.145,1641863.185
PF04/0166/F257,MO,44.625794,10.795329,70.0,4942967.647,1642447.779
PF05/0166/F257,MO,44.625954,10.791027,70.0,4942977.945,1642106.112
PF01/0167/F257,MO,44.631411,10.816625,72.0,4943629.011,1644123.216
PF03/0167/F257,MO,44.625538,10.817502,72.0,4942978.168,1644207.37
PF04/0167/F257,MO,44.627326,10.810671,70.0,4943164.798,1643661.063
PF05/0167/F257,MO,44.635513,10.822168,70.0,4944094.523,1644552.697
PF02/0168/F257,MO,44.630572,10.866778,52.0,4943625.7,1648103.59
PF03/0168/F257,MO,44.631164,10.878072,52.0,4943712.053,1648997.946
PF04/0168/F257,MO,44.631295,10.882517,72.0,4943734.709,1649350.148
PF05/0168/F257,MO,44.629342,10.880946,52.0,4943514.843,1649230.571
PF06/0168/F257,MO,44.629742,10.884265,54.0,4943565.426,1649492.783
PF07/0168/F257,MO,44.628311,10.868976,70.0,4943378.554,1648283.631
PF08/0168/F257,MO,44.626803,10.867603,70.0,4943208.499,1648178.614
PF09/0168/F257,MO,44.625949,10.871368,70.0,4943120.484,1648479.415
PF10/0168/F257,MO,44.633321,10.873859,70.0,4943943.973,1648658.216
PF11/0168/F257,MO,44.630286,10.872032,70.0,4943603.481,1648521.081
PF01/0169/F257,MO,44.635969,10.890799,52.0,4944269.108,1649995.085
PF03/0169/F257,MO,44.630128,10.889417,70.0,4943617.735,1649900.455
PF04/0169/F257,MO,44.628344,10.886301,48.0,4943413.843,1649657.895
PF07/0169/F257,MO,44.623139,10.884914,52.0,4942833.136,1649561.203
PF09/0169/F257,MO,44.632276,10.89126,48.0,4943859.749,1650041.105
PF02/0170/F257,MO,44.636743,10.897006,50.0,4944366.515,1650485.389
PF04/0170/F257,MO,44.635443,10.901373,72.0,4944230.222,1650835.113
PF05/0170/F257,MO,44.634992,10.893585,50.0,4944165.701,1650218.551
PF06/0170/F257,MO,44.634451,10.899469,50.0,4944116.5,1650686.683
PF07/0170/F257,MO,44.633672,10.893251,50.0,4944018.491,1650195.486
PF09/0170/F257,MO,44.632793,10.89856,50.0,4943930.587,1650618.832
PF10/0170/F257,MO,44.632492,10.900647,70.0,4943901.059,1650785.186
PF01/0171/F257,MO,44.634734,10.905294,50.0,4944158.637,1651147.97
PF02/0171/F257,MO,44.632304,10.905606,72.0,4943889.356,1651178.964
PF01/0172/F257,MO,44.635665,10.910974,50.0,4944272.608,1651596.007
PF02/0172/F257,MO,44.633583,10.913724,50.0,4944046.471,1651819.603
PF03/0172/F257,MO,44.636111,10.914487,52.0,4944328.738,1651873.512
PF04/0172/F257,MO,44.6357,10.917695,70.0,4944289.018,1652129.024
PF01/0173/F257,MO,44.629481,10.913861,50.0,4943591.058,1651841.134
PF02/0173/F257,MO,44.631121,10.916372,52.0,4943777.879,1652036.001
PF03/0173/F257,MO,44.629933,10.911162,50.0,4943636.3,1651625.833
PF01/0174/F257,MO,44.633092,10.926111,52.0,4944015.023,1652803.359
PF02/0174/F257,MO,44.635124,10.920933,70.0,4944231.07,1652387.378
PF01/0175/F257,MO,44.6361,10.934721,52.0,4944365.403,1653478.351
PF02/0175/F257,MO,44.633559,10.931066,52.0,4944076.216,1653195.184
PF03/0175/F257,MO,44.634817,10.928322,52.0,4944210.855,1652974.197
PF04/0175/F257,MO,44.636354,10.930655,72.0,4944385.919,1653155.213
PF01/0176/F257,MO,44.631932,10.933785,52.0,4943900.586,1653415.143
PF01/0177/F257,MO,44.632161,10.921265,8.0,4943902.58,1652421.43
PF02/0177/F257,MO,44.629843,10.917645,50.0,4943638.332,1652140.381
PF03/0177/F257,MO,44.631603,10.919468,70.0,4943837.221,1652280.357
PF04/0177/F257,MO,44.629878,10.920867,50.0,4943648.194,1652395.854
PF05/0177/F257,MO,44.62602,10.92019,50.0,4943218.417,1652352.217
PF06/0177/F257,MO,44.631712,10.923384,12.0,4943856.63,1652590.71
PF07/0177/F257,MO,44.627946,10.920607,70.0,4943433.15,1652380.253
PF01/0178/F257,MO,44.628992,10.923478,50.0,4943554.663,1652605.293
PF02/0178/F257,MO,44.629247,10.926741,70.0,4943589.139,1652863.462
PF03/0178/F257,MO,44.627126,10.925165,50.0,4943350.54,1652744.02
PF02/0179/F257,MO,44.626749,10.927236,70.0,4943312.624,1652909.265
PF03/0179/F257,MO,44.626439,10.930918,52.0,4943285.04,1653202.176
PF01/0180/F257,MO,44.632491,10.939346,52.0,4943973.212,1653854.773
PF02/0180/F257,MO,44.631219,10.935889,70.0,4943825.361,1653583.928
PF03/0180/F257,MO,44.629599,10.940426,70.0,4943654.023,1653948.041
PF04/0180/F257,MO,44.632407,10.93937,8.0,4943963.96,1653856.89
PF01/0181/F257,MO,44.632333,10.943336,50.0,4943963.228,1654171.678
PF03/0181/F257,MO,44.62832,10.942788,70.0,4943516.326,1654138.79
PF04/0181/F257,MO,44.630626,10.945905,70.0,4943778.393,1654379.968
PF01/0182/F257,MO,44.63074,10.948655,50.0,4943796.339,1654597.796
PF02/0182/F257,MO,44.628696,10.948814,12.0,4943569.5,1654615.8
PF01/0183/F257,MO,44.632903,10.955671,50.0,4944049.851,1655148.523
PF02/0183/F257,MO,44.631534,10.954981,50.0,4943896.449,1655097.487
PF02/0184/F257,MO,44.629015,10.9626,50.0,4943631.15,1655708.534
PF03/0184/F257,MO,44.626826,10.960311,50.0,4943383.648,1655532.846
PF01/0185/F257,MO,44.627537,10.964371,72.0,4943470.435,1655853.012
PF02/0185/F257,MO,44.630581,10.964502,72.0,4943808.743,1655855.242
PF01/0186/F257,MO,44.629863,10.970317,52.0,4943740.187,1656318.38
PF01/0187/F257,MO,44.628319,10.968372,52.0,4943564.883,1656168.285
PF01/0188/F257,MO,44.629623,10.974304,50.0,4943721.177,1656635.318
PF02/0188/F257,MO,44.632199,10.975327,70.0,4944009.26,1656709.526
PF03/0188/F257,MO,44.632293,10.972142,70.0,4944013.56,1656456.66
PF01/0189/F257,MO,44.627828,10.978438,50.0,4943529.691,1656968.067
PF01/0191/F257,MO,44.621784,10.98516,70.0,4942871.333,1657517.655
PF02/0191/F257,MO,44.621174,10.993465,70.0,4942819.613,1658178.17
PF03/0191/F257,MO,44.619788,10.990111,8.0,4942659.12,1657915.85
PF04/0191/F257,MO,44.625894,10.982953,70.0,4943323.525,1657331.505
PF02/0192/F257,MO,44.620753,10.80585,50.0,4942426.169,1643294.744
PF03/0192/F257,MO,44.622702,10.802757,50.0,4942637.16,1643044.592
PF04/0192/F257,MO,44.623135,10.800095,70.0,4942680.585,1642832.37
PF05/0192/F257,MO,44.622839,10.820742,52.0,4942684.118,1644471.068
PF06/0192/F257,MO,44.625055,10.807898,52.0,4942907.598,1643446.651
PF01/0193/F257,MO,44.625309,10.822017,50.0,4942960.763,1644566.116
PF01/0194/F257,MO,44.627482,10.835002,52.0,4943225.216,1645590.707
PF02/0194/F257,MO,44.624775,10.832507,52.0,4942920.044,1645399.59
PF03/0194/F257,MO,44.627052,10.838577,52.0,4943183.84,1645875.38
PF04/0194/F257,MO,44.616905,10.828101,52.0,4942037.983,1645069.618
PF05/0194/F257,MO,44.615526,10.836693,72.0,4941900.113,1645754.829
PF06/0194/F257,MO,44.627046,10.842659,52.0,4943190.48,1646199.281
PF07/0194/F257,MO,44.620381,10.831733,50.0,4942430.569,1645349.165
PF01/0195/F257,MO,44.622256,10.864523,72.0,4942697.84,1647945.775
PF02/0195/F257,MO,44.619667,10.864789,52.0,4942410.721,1647973.493
PF03/0195/F257,MO,44.622823,10.861331,52.0,4942755.042,1647691.165
PF04/0195/F257,MO,44.627183,10.862523,52.0,4943241.476,1647774.61
PF05/0195/F257,MO,44.620881,10.858478,52.0,4942534.159,1647469.712
PF06/0195/F257,MO,44.621781,10.855593,52.0,4942628.895,1647238.582
PF07/0195/F257,MO,44.625571,10.847031,50.0,4943034.446,1646549.746
PF08/0195/F257,MO,44.628627,10.852285,52.0,4943383.414,1646958.869
PF09/0195/F257,MO,44.625679,10.850082,50.0,4943052.004,1646791.523
PF10/0195/F257,MO,44.628107,10.856158,70.0,4943332.585,1647267.408
PF11/0195/F257,MO,44.622809,10.852135,50.0,4942736.802,1646961.668
PF02/0196/F257,MO,44.621773,10.868116,52.0,4942650.665,1648232.092
PF03/0196/F257,MO,44.623993,10.874496,52.0,4942908.866,1648732.596
PF04/0196/F257,MO,44.624317,10.867419,52.0,4942931.992,1648170.287
PF05/0196/F257,MO,44.621682,10.880037,70.0,4942662.301,1649178.071
PF06/0196/F257,MO,44.619478,10.880557,70.0,4942418.413,1649224.995
PF01/0197/F257,MO,44.624466,10.898022,5.0,4943004.57,1650597.66
PF02/0197/F257,MO,44.62865,10.897418,70.0,4943468.287,1650538.961
PF03/0197/F257,MO,44.627334,10.894031,70.0,4943315.803,1650273.652
PF04/0197/F257,MO,44.626324,10.891895,70.0,4943199.772,1650106.884
PF05/0197/F257,MO,44.624541,10.891528,70.0,4943000.956,1650082.32
PF01/0198/F257,MO,44.633015,10.902632,72.0,4943962.783,1650941.241
PF02/0198/F257,MO,44.630646,10.902494,70.0,4943699.42,1650936.479
PF03/0198/F257,MO,44.628348,10.901012,70.0,4943441.342,1650824.859
PF04/0198/F257,MO,44.628887,10.898849,70.0,4943497.192,1650651.89
PF01/0199/F257,MO,44.627707,10.904379,52.0,4943376.363,1651093.59
PF02/0199/F257,MO,44.62722,10.908164,52.0,4943329.363,1651395.114
PF03/0199/F257,MO,44.624213,10.904885,70.0,4942989.233,1651142.769
PF01/0200/F257,MO,44.628225,10.915629,50.0,4943454.82,1651984.642
PF02/0201/F257,MO,44.624267,10.909735,50.0,4943004.154,1651527.426
PF01/0202/F257,MO,44.622932,10.925126,50.0,4942884.58,1652751.932
PF01/0203/F257,MO,44.623812,10.935187,70.0,4943001.305,1653547.735
PF02/0203/F257,MO,44.627434,10.936759,70.0,4943406.561,1653662.857
PF03/0203/F257,MO,44.629219,10.933524,70.0,4943598.797,1653401.567
PF01/0204/F257,MO,44.623404,10.941042,50.0,4942966.973,1654013.302
PF02/0204/F257,MO,44.625352,10.943847,72.0,4943188.688,1654230.662
PF04/0204/F257,MO,44.62727,10.940949,70.0,4943396.201,1653995.689
PF05/0204/F257,MO,44.625367,10.938987,52.0,4943181.106,1653845.114
PF06/0204/F257,MO,44.628785,10.944651,70.0,4943571.485,1654285.337
PF01/0205/F257,MO,44.625485,10.949505,52.0,4943214.145,1654679.197
PF02/0205/F257,MO,44.626981,10.947406,72.0,4943376.327,1654508.663
PF03/0205/F257,MO,44.623439,10.948094,52.0,4942984.167,1654572.675
PF01/0206/F257,MO,44.628513,10.954606,50.0,4943560.162,1655075.803
PF01/0207/F257,MO,44.622147,10.957257,70.0,4942858.103,1655303.023
PF02/0207/F257,MO,44.62317,10.961794,70.0,4942980.397,1655660.236
PF01/0208/F257,MO,44.625278,10.962802,70.0,4943216.415,1655734.525
PF02/0208/F257,MO,44.622892,10.964675,52.0,4942954.967,1655889.525
PF01/0209/F257,MO,44.627019,10.97212,52.0,4943427.72,1656469.104
PF02/0209/F257,MO,44.625726,10.974851,50.0,4943289.353,1656689.173
PF03/0209/F257,MO,44.62388,10.974286,54.0,4943083.166,1656649.38
PF01/0210/F257,MO,44.625,10.976928,70.0,4943212.683,1656855.884
PF02/0210/F257,MO,44.622729,10.977044,52.0,4942960.625,1656871.272
PF03/0210/F257,MO,44.623676,10.979912,70.0,4943071.281,1657096.189
PF04/0210/F257,MO,44.622213,10.974723,52.0,4942898.842,1656688.475
PF07/0210/F257,MO,44.621209,10.978201,50.0,4942793.981,1656967.134
PF01/0211/F257,MO,44.620159,10.981887,50.0,4942684.411,1657262.368
PF01/0212/F257,MO,44.618836,10.989963,50.0,4942553.041,1657906.674
PF02/0212/F257,MO,44.618281,10.993021,56.0,4942497.351,1658150.843
PF03/0212/F257,MO,44.615967,10.992988,50.0,4942240.296,1658154.506
PF05/0212/F257,MO,44.615383,10.982106,52.0,4942154.382,1657292.685
PF06/0212/F257,MO,44.61674,10.996368,50.0,4942332.672,1658420.563
PF07/0212/F257,MO,44.61356,10.991605,56.0,4941970.167,1658051.299
PF10/0212/F257,MO,44.611681,10.986655,50.0,4941751.954,1657663.606
PF01/0213/F257,MO,44.622814,10.846917,50.0,4942728.058,1646547.624
PF02/0213/F257,MO,44.621833,10.840768,50.0,4942608.057,1646062.277
PF03/0213/F257,MO,44.615526,10.840168,52.0,4941906.36,1646030.492
PF04/0213/F257,MO,44.618442,10.850101,4.0,4942248.1,1646811.3
PF01/0214/F257,MO,44.617087,10.871709,50.0,4942136.652,1648529.044
PF02/0214/F257,MO,44.615782,10.866882,70.0,4941982.964,1648149.445
PF04/0214/F257,MO,44.612777,10.864154,52.0,4941644.174,1647940.587
PF05/0214/F257,MO,44.612105,10.871572,56.0,4941583.048,1648530.921
PF06/0214/F257,MO,44.611344,10.868748,52.0,4941493.383,1648308.76
PF08/0214/F257,MO,44.617076,10.857244,52.0,4942109.253,1647381.424
PF10/0214/F257,MO,44.612375,10.858619,70.0,4941589.49,1647502.425
PF11/0214/F257,MO,44.61208,10.853055,70.0,4941546.759,1647061.672
PF12/0214/F257,MO,44.615625,10.860311,70.0,4941953.574,1647628.5
PF13/0214/F257,MO,44.614487,10.851943,50.0,4941812.123,1646967.375
PF14/0214/F257,MO,44.617558,10.862335,12.0,4942171.954,1647784.185
PF01/0215/F257,MO,44.62197,10.891715,72.0,4942715.721,1650103.752
PF01/0216/F257,MO,44.621226,10.897093,70.0,4942642.967,1650532.397
PF01/0218/F257,MO,44.622491,10.907203,50.0,4942802.244,1651331.166
PF01/0219/F257,MO,44.62283,10.914123,50.0,4942852.794,1651879.26
PF02/0219/F257,MO,44.621241,10.909919,50.0,4942668.462,1651549.871
PF01/0220/F257,MO,44.621121,10.919793,50.0,4942673.519,1652333.57
PF01/0221/F257,MO,44.621995,10.928466,70.0,4942786.776,1653019.3
PF04/0221/F257,MO,44.622233,10.928354,8.0,4942813.03,1653009.79
PF02/0222/F257,MO,44.617905,10.933864,50.0,4942342.608,1653458.337
PF03/0222/F257,MO,44.615745,10.936082,50.0,4942106.807,1653640.051
PF04/0222/F257,MO,44.615818,10.939998,70.0,4942122.336,1653950.519
PF05/0222/F257,MO,44.612591,10.930928,50.0,4941746.752,1653239.413
PF06/0222/F257,MO,44.612388,10.938659,50.0,4941738.766,1653853.361
PF07/0222/F257,MO,44.61071,10.934143,50.0,4941543.908,1653499.423
PF08/0222/F257,MO,44.610212,10.936877,52.0,4941493.726,1653717.685
PF09/0222/F257,MO,44.62096,10.937711,12.0,4942689.19,1653755.5
PF10/0222/F257,MO,44.615528,10.932719,50.0,4942076.357,1653373.778
PF01/0223/F257,MO,44.622453,10.942972,70.0,4942864.941,1654168.961
PF02/0223/F257,MO,44.617845,10.941291,50.0,4942349.953,1654047.732
PF03/0223/F257,MO,44.616029,10.944617,70.0,4942154.545,1654316.468
PF01/0224/F257,MO,44.620951,10.948881,52.0,4942709.294,1654641.736
PF02/0224/F257,MO,44.621581,10.944977,52.0,4942771.943,1654330.306
PF01/0225/F257,MO,44.622985,10.952005,50.0,4942941.156,1654884.147
PF02/0225/F257,MO,44.620665,10.95193,50.0,4942683.381,1654884.368
PF01/0226/F257,MO,44.618326,10.952506,5.0,4942424.65,1654936.27
PF02/0226/F257,MO,44.620019,10.955113,50.0,4942617.651,1655138.625
PF03/0226/F257,MO,44.616248,10.951175,50.0,4942191.289,1654836.226
PF04/0226/F257,MO,44.615431,10.947802,70.0,4942094.127,1654570.725
PF05/0226/F257,MO,44.614177,10.957895,50.0,4941973.947,1655374.876
PF06/0226/F257,MO,44.616877,10.957018,72.0,4942272.22,1655298.108
PF01/0227/F257,MO,44.616326,10.972386,8.0,4942240.45,1656518.89
PF02/0227/F257,MO,44.618904,10.971907,70.0,4942525.866,1656473.944
PF03/0227/F257,MO,44.617508,10.968092,70.0,4942363.507,1656175.061
PF04/0227/F257,MO,44.619998,10.962685,70.0,4942629.709,1655739.362
PF05/0227/F257,MO,44.616409,10.976491,72.0,4942257.499,1656844.347
PF01/0228/F257,MO,44.616585,10.83005,5.0,4942005.88,1645225.11
PF02/0228/F257,MO,44.613306,10.833271,70.0,4941647.446,1645488.842
PF03/0228/F257,MO,44.608968,10.831039,52.0,4941161.529,1645322.546
PF04/0228/F257,MO,44.613088,10.846887,72.0,4941647.564,1646569.724
PF05/0228/F257,MO,44.61075,10.844745,52.0,4941384.052,1646405.625
PF06/0228/F257,MO,44.609561,10.841224,72.0,4941245.661,1646129.242
PF01/0229/F257,MO,44.610168,10.863253,70.0,4941352.789,1647875.757
PF02/0229/F257,MO,44.609518,10.850006,52.0,4941256.57,1646826.261
PF03/0229/F257,MO,44.60843,10.854738,70.0,4941144.306,1647204.444
PF01/0230/F257,MO,44.613748,10.888293,8.0,4941796.15,1649853.43
PF02/0230/F257,MO,44.610081,10.882124,72.0,4941377.478,1649373.369
PF03/0230/F257,MO,44.610867,10.878418,50.0,4941457.975,1649077.267
PF04/0230/F257,MO,44.614028,10.888953,70.0,4941828.481,1649905.136
PF05/0230/F257,MO,44.613998,10.884562,70.0,4941817.021,1649556.783
PF06/0230/F257,MO,44.614837,10.880275,72.0,4941902.353,1649214.516
PF07/0230/F257,MO,44.611715,10.873602,56.0,4941543.384,1648692.973
PF08/0230/F257,MO,44.615156,10.874677,72.0,4941927.602,1648769.46
PF01/0231/F257,MO,44.611005,10.892855,70.0,4941499.827,1650222.513
PF02/0231/F257,MO,44.608833,10.893616,50.0,4941259.93,1650288.494
PF04/0231/F257,MO,44.613496,10.900242,50.0,4941790.112,1650802.197
PF05/0231/F257,MO,44.609255,10.890486,50.0,4941301.021,1650039.039
PF06/0231/F257,MO,44.606564,10.887174,52.0,4940995.993,1649783.159
PF08/0231/F257,MO,44.610225,10.887983,70.0,4941404.175,1649837.882
PF10/0231/F257,MO,44.611533,10.890766,70.0,4941554.649,1650055.367
PF02/0232/F257,MO,44.613865,10.893386,70.0,4941818.482,1650257.275
PF03/0232/F257,MO,44.616174,10.894889,52.0,4942077.728,1650370.569
PF04/0232/F257,MO,44.619316,10.901586,9.0,4942439.1,1650893.8
PF05/0232/F257,MO,44.619694,10.892714,50.0,4942464.755,1650188.949
PF06/0232/F257,MO,44.617918,10.904256,56.0,4942288.731,1651109.214
PF07/0232/F257,MO,44.618954,10.888723,50.0,4942375.245,1649874.161
PF08/0232/F257,MO,44.615383,10.889036,50.0,4941979.082,1649908.166
PF09/0232/F257,MO,44.61889,10.896205,52.0,4942381.828,1650467.958
PF01/0233/F257,MO,44.620348,10.905402,70.0,4942560.809,1651193.871
PF02/0233/F257,MO,44.619775,10.914232,50.0,4942513.554,1651895.865
PF03/0233/F257,MO,44.619393,10.917603,50.0,4942477.398,1652164.288
PF04/0233/F257,MO,44.617008,10.920604,72.0,4942218.097,1652408.683
PF07/0233/F257,MO,44.616308,10.913981,52.0,4942128.02,1651885.034
PF08/0233/F257,MO,44.615691,10.91648,52.0,4942064.124,1652084.853
PF09/0233/F257,MO,44.614979,10.919563,50.0,4941990.79,1652331.381
PF10/0233/F257,MO,44.612636,10.906817,50.0,4941706.808,1651326.168
PF11/0233/F257,MO,44.612576,10.910256,50.0,4941706.52,1651599.154
PF12/0233/F257,MO,44.61214,10.913038,50.0,4941663.289,1651821.006
PF01/0234/F257,MO,44.618189,10.923595,50.0,4942354.832,1652642.882
PF03/0234/F257,MO,44.620084,10.925023,50.0,4942568.114,1652751.214
PF01/0235/F257,MO,44.616781,10.928837,50.0,4942208.346,1653062.445
PF03/0235/F257,MO,44.618198,10.927046,52.0,4942362.317,1652916.632
PF04/0235/F257,MO,44.619609,10.929901,50.0,4942524.463,1653139.468
PF05/0235/F257,MO,44.615207,10.92776,50.0,4942031.447,1652981.105
PF01/0236/F257,MO,44.613413,10.925308,50.0,4941827.551,1652791.302
PF02/0236/F257,MO,44.611677,10.920574,50.0,4941625.9,1652420.242
PF03/0236/F257,MO,44.610962,10.917987,8.0,4941541.63,1652216.82
PF04/0236/F257,MO,44.609593,10.924555,50.0,4941401.836,1652741.57
PF05/0236/F257,MO,44.607986,10.921631,52.0,4941217.824,1652513.742
PF06/0236/F257,MO,44.606261,10.922968,50.0,4941028.727,1652624.386
PF07/0236/F257,MO,44.604133,10.916144,70.0,4940779.574,1652088.376
PF08/0236/F257,MO,44.603823,10.920825,50.0,4940753.932,1652460.695
PF09/0236/F257,MO,44.601593,10.922677,50.0,4940509.681,1652613.522
PF10/0236/F257,MO,44.600331,10.917603,50.0,4940359.922,1652214.088
PF01/0237/F257,MO,44.611285,10.926495,52.0,4941593.435,1652891.056
PF02/0237/F257,MO,44.608844,10.935812,5.0,4941339.79,1653636.77
PF03/0237/F257,MO,44.608878,10.940359,50.0,4941352.07,1653997.494
PF04/0237/F257,MO,44.606446,10.929255,50.0,4941061.015,1653122.815
PF05/0237/F257,MO,44.60584,10.933877,50.0,4941002.449,1653491.139
PF06/0237/F257,MO,44.607175,10.941237,52.0,4941164.588,1654071.663
PF03/0238/F257,MO,44.605448,10.956933,50.0,4941002.483,1655321.833
PF04/0238/F257,MO,44.610254,10.946658,70.0,4941516.908,1654493.672
PF05/0238/F257,MO,44.613809,10.949586,50.0,4941917.296,1654716.597
PF06/0238/F257,MO,44.608418,10.949863,50.0,4941318.997,1654752.891
PF07/0238/F257,MO,44.609084,10.957926,50.0,4941408.31,1655390.947
PF08/0238/F257,MO,44.612974,10.954606,50.0,4941834.142,1655117.145
PF01/0239/F257,MO,44.610593,10.961169,50.0,4941582.099,1655644.22
PF03/0239/F257,MO,44.612605,10.972489,52.0,4941827.302,1656537.061
PF04/0239/F257,MO,44.608591,10.965685,50.0,4941368.336,1656007.941
PF05/0239/F257,MO,44.609395,10.974845,72.0,4941475.222,1656732.662
PF06/0239/F257,MO,44.607419,10.973856,50.0,4941253.768,1656659.482
PF08/0239/F257,MO,44.604528,10.973158,50.0,4940931.283,1656611.882
PF09/0239/F257,MO,44.606005,10.966717,50.0,4941083.093,1656096.724
PF10/0239/F257,MO,44.613878,10.979288,50.0,4941981.777,1657073.135
PF01/0240/F257,MO,44.611266,10.990266,50.0,4941712.744,1657951.271
PF02/0240/F257,MO,44.606272,10.990536,68.0,4941158.554,1657986.175
PF03/0240/F257,MO,44.607908,10.986072,70.0,4941331.602,1657627.518
PF04/0240/F257,MO,44.608285,10.979959,50.0,4941361.777,1657141.453
PF05/0240/F257,MO,44.605281,10.985922,50.0,4941039.517,1657622.745
PF01/0241/F257,MO,44.607646,11.005294,52.0,4941339.84,1659153.587
PF02/0241/F257,MO,44.612294,10.998877,52.0,4941843.69,1658631.703
PF03/0241/F257,MO,44.611775,11.003089,50.0,4941794.253,1658967.32
PF04/0241/F257,MO,44.610912,10.997322,9.0,4941687.1,1658512.1
PF05/0241/F257,MO,44.608953,10.997106,50.0,4941469.119,1658500.319
PF01/0242/F257,MO,44.600357,10.84882,52.0,4940236.906,1646755.2
PF03/0242/F257,MO,44.601572,10.837184,50.0,4940350.975,1645828.643
PF04/0242/F257,MO,44.601772,10.843414,52.0,4940384.283,1646322.583
PF05/0242/F257,MO,44.599108,10.844273,50.0,4940090.002,1646397.434
PF06/0242/F257,MO,44.603128,10.848981,12.0,4940545.0,1646761.0
PF01/0243/F257,MO,44.60717,10.863063,5.0,4941019.37,1647868.3
PF02/0243/F257,MO,44.607693,10.867057,52.0,4941084.684,1648183.846
PF03/0243/F257,MO,44.605226,10.860726,50.0,4940799.182,1647687.71
PF04/0243/F257,MO,44.605236,10.863982,52.0,4940806.202,1647946.069
PF05/0243/F257,MO,44.606003,10.868704,52.0,4940900.009,1648318.901
PF07/0243/F257,MO,44.603877,10.854164,50.0,4940637.538,1647170.404
PF08/0243/F257,MO,44.604228,10.856588,52.0,4940680.842,1647361.866
PF09/0243/F257,MO,44.604022,10.86713,50.0,4940677.055,1648198.973
PF10/0243/F257,MO,44.602389,10.859483,50.0,4940481.832,1647596.267
PF11/0243/F257,MO,44.601472,10.856551,70.0,4940374.597,1647365.926
PF12/0243/F257,MO,44.600113,10.863491,52.0,4940236.233,1647920.124
PF13/0243/F257,MO,44.601082,10.865698,52.0,4940347.913,1648092.855
PF14/0243/F257,MO,44.60266,10.863309,52.0,4940518.88,1647899.2
PF01/0244/F257,MO,44.607353,10.873032,50.0,4941057.821,1648658.896
PF04/0244/F257,MO,44.605067,10.878799,50.0,4940814.44,1649122.35
PF05/0244/F257,MO,44.597712,10.883129,50.0,4940005.335,1649484.865
PF06/0244/F257,MO,44.601934,10.878762,52.0,4940466.325,1649127.406
PF07/0244/F257,MO,44.60259,10.872337,70.0,4940527.456,1648615.907
PF01/0245/F257,MO,44.60669,10.894907,50.0,4941024.296,1650396.485
PF02/0245/F257,MO,44.600403,10.890766,52.0,4940318.263,1650083.996
PF03/0245/F257,MO,44.598521,10.895461,52.0,4940117.872,1650461.511
PF04/0245/F257,MO,44.602025,10.885837,52.0,4940489.418,1649688.655
PF05/0245/F257,MO,44.603326,10.898327,72.0,4940656.925,1650676.578
PF01/0246/F257,MO,44.612314,10.901751,50.0,4941661.661,1650924.986
PF03/0246/F257,MO,44.609799,10.908909,50.0,4941395.52,1651499.484
PF05/0246/F257,MO,44.611195,10.915717,52.0,4941563.239,1652036.085
PF06/0246/F257,MO,44.607985,10.913185,52.0,4941201.943,1651843.54
PF08/0246/F257,MO,44.605796,10.897805,50.0,4940930.254,1650628.712
PF09/0246/F257,MO,44.605034,10.900887,52.0,4940851.364,1650875.303
PF10/0246/F257,MO,44.604246,10.906551,70.0,4940774.35,1651326.847
PF11/0246/F257,MO,44.60269,10.912174,50.0,4940611.89,1651777.086
PF12/0246/F257,MO,44.605613,10.911932,70.0,4940936.117,1651750.238
PF01/0247/F257,MO,44.599185,10.903485,50.0,4940206.388,1651096.647
PF02/0247/F257,MO,44.597986,10.909569,70.0,4940084.553,1651582.576
PF03/0247/F257,MO,44.601802,10.903591,50.0,4940497.359,1651098.255
PF04/0247/F257,MO,44.596245,10.913708,50.0,4939898.789,1651915.649
PF01/0248/F257,MO,44.594359,10.924886,5.0,4939710.2,1652807.77
PF02/0248/F257,MO,44.602992,10.931559,50.0,4940681.743,1653314.724
PF03/0248/F257,MO,44.603043,10.936943,72.0,4940697.524,1653741.871
PF04/0248/F257,MO,44.60207,10.925521,50.0,4940568.006,1652837.967
PF06/0248/F257,MO,44.599102,10.928656,70.0,4940244.145,1653094.554
PF08/0248/F257,MO,44.598332,10.920743,50.0,4940143.811,1652468.563
PF01/0249/F257,MO,44.605019,10.943288,50.0,4940928.939,1654240.18
PF02/0249/F257,MO,44.604238,10.952457,70.0,4940859.554,1654969.823
PF03/0249/F257,MO,44.603154,10.942501,72.0,4940720.291,1654182.638
PF04/0249/F257,MO,44.603493,10.947336,50.0,4940767.137,1654565.405
PF05/0249/F257,MO,44.602076,10.945898,70.0,4940606.977,1654455.034
PF06/0249/F257,MO,44.602405,10.956472,70.0,4940663.595,1655293.383
PF07/0249/F257,MO,44.601567,10.950747,70.0,4940559.69,1654841.228
PF08/0249/F257,MO,44.600469,10.956269,70.0,4940448.113,1655282.402
PF09/0249/F257,MO,44.599012,10.945418,50.0,4940265.741,1654425.126
PF10/0249/F257,MO,44.598787,10.948924,50.0,4940247.371,1654703.918
PF03/0250/F257,MO,44.603588,10.967153,50.0,4940815.386,1656137.852
PF04/0250/F257,MO,44.59627,10.95856,50.0,4939986.045,1655475.457
PF01/0251/F257,MO,44.602378,10.973948,70.0,4940694.023,1656680.293
PF02/0251/F257,MO,44.604992,10.970294,50.0,4940977.351,1656383.332
PF03/0251/F257,MO,44.60157,10.971234,70.0,4940599.019,1656467.128
PF01/0252/F257,MO,44.603184,10.976001,50.0,4940787.496,1656841.057
PF02/0252/F257,MO,44.602809,10.978573,52.0,4940750.755,1657046.186
PF03/0252/F257,MO,44.601847,10.982147,72.0,4940650.859,1657332.419
PF04/0252/F257,MO,44.60118,10.967667,52.0,4940548.938,1656185.052
PF05/0252/F257,MO,44.599971,10.981733,5.0,4940441.633,1657304.622
PF07/0252/F257,MO,44.598486,10.979821,50.0,4940273.027,1657156.87
PF08/0252/F257,MO,44.597282,10.967203,52.0,4940115.002,1656158.697
PF10/0252/F257,MO,44.595812,10.969752,50.0,4939956.546,1656364.984
PF11/0252/F257,MO,44.599243,10.970298,50.0,4940338.722,1656399.115
PF12/0252/F257,MO,44.60028,10.977853,70.0,4940468.515,1656995.863
PF13/0252/F257,MO,44.597018,10.974655,50.0,4940099.988,1656750.814
PF14/0252/F257,MO,44.599287,10.974628,70.0,4940351.963,1656742.587
PF01/0253/F257,MO,44.59662,10.992771,52.0,4940090.736,1658189.783
PF02/0253/F257,MO,44.596763,10.988411,52.0,4940098.117,1657843.329
PF03/0253/F257,MO,44.600659,10.990765,68.0,4940535.47,1658019.604
PF05/0253/F257,MO,44.597737,10.983963,70.0,4940197.739,1657487.704
PF07/0253/F257,MO,44.591745,10.989708,70.0,4939543.235,1657959.873
PF08/0253/F257,MO,44.59345,10.984949,12.0,4939723.5,1657577.5
PF01/0254/F257,MO,44.606271,11.001658,50.0,4941180.0,1658868.8
PF03/0254/F257,MO,44.604335,10.999102,68.0,4940959.975,1658671.253
PF04/0254/F257,MO,44.602249,10.996839,50.0,4940723.931,1658497.363
PF01/0255/F257,MO,44.596056,10.902409,50.0,4939856.824,1651019.291
PF02/0255/F257,MO,44.594327,10.896086,52.0,4939653.102,1650521.969
PF03/0255/F257,MO,44.595716,10.887224,50.0,4939791.12,1649814.967
PF03/0256/F257,MO,44.58932,10.916637,70.0,4939135.071,1652166.183
PF04/0256/F257,MO,44.588198,10.969563,52.0,4939110.423,1656370.394
PF05/0256/F257,MO,44.591288,10.902651,50.0,4939327.657,1651050.858
PF06/0256/F257,MO,44.589632,10.906382,70.0,4939150.616,1651351.3
PF07/0256/F257,MO,44.593772,10.916173,70.0,4939628.67,1652117.698
PF08/0256/F257,MO,44.588108,10.913598,50.0,4938994.743,1651928.054
PF01/0257/F257,MO,44.593338,10.931058,70.0,4939608.337,1653300.293
PF02/0257/F257,MO,44.596174,10.930157,70.0,4939921.735,1653221.325
PF03/0257/F257,MO,44.593945,10.921349,50.0,4939657.64,1652528.111
PF04/0257/F257,MO,44.591414,10.924176,70.0,4939381.72,1652759.152
PF05/0257/F257,MO,44.593671,10.93576,70.0,4939654.153,1653672.681
PF01/0258/F257,MO,44.59354,10.953838,50.0,4939673.873,1655107.932
PF02/0258/F257,MO,44.596675,10.950533,50.0,4940015.794,1654837.256
PF03/0258/F257,MO,44.599177,10.938918,70.0,4940271.777,1653908.751
PF04/0258/F257,MO,44.59764,10.936568,70.0,4940096.587,1653726.316
PF05/0258/F257,MO,44.593606,10.946028,70.0,4939666.401,1654487.805
PF06/0258/F257,MO,44.595132,10.932807,70.0,4939810.901,1653434.4
PF02/0259/F257,MO,44.592446,10.977473,70.0,4939597.565,1656986.811
PF03/0259/F257,MO,44.595589,10.972605,52.0,4939937.254,1656592.008
PF04/0259/F257,MO,44.59357,10.968865,70.0,4939705.797,1656300.52
PF05/0259/F257,MO,44.594456,10.975727,50.0,4939817.39,1656842.811
PF06/0259/F257,MO,44.58819,10.9696,50.0,4939109.639,1656373.28
PF07/0259/F257,MO,44.592042,10.963466,50.0,4939525.836,1655876.068
PF08/0259/F257,MO,44.59152,10.980938,50.0,4939501.331,1657264.311
PF01/0260/F257,MO,44.584462,10.918882,5.0,4938599.64,1652357.03
PF02/0260/F257,MO,44.5905,10.928643,70.0,4939288.559,1653116.094
PF03/0260/F257,MO,44.589041,10.93352,50.0,4939135.723,1653507.075
PF04/0260/F257,MO,44.586499,10.932495,70.0,4938851.392,1653432.397
PF05/0260/F257,MO,44.584493,10.924742,50.0,4938613.976,1652822.176
PF01/0261/F257,MO,44.578862,10.915388,70.0,4937971.045,1652094.282
PF03/0261/F257,MO,44.584326,10.912258,70.0,4938572.14,1651831.584
PF01/0262/F257,MO,44.577437,10.924155,50.0,4937829.068,1652794.041
PF02/0262/F257,MO,44.581221,10.926831,52.0,4938254.49,1652996.555
PF03/0262/F257,MO,44.581224,10.920891,50.0,4938243.631,1652525.049
PF01/0263/F257,MO,44.591771,10.938702,52.0,4939448.68,1653911.21
PF02/0263/F257,MO,44.590355,10.936998,52.0,4939288.155,1653779.666
PF03/0263/F257,MO,44.58971,10.941149,50.0,4939224.413,1654110.896
PF04/0263/F257,MO,44.588793,10.946642,52.0,4939132.848,1654549.285
PF05/0263/F257,MO,44.584847,10.937145,50.0,4938676.648,1653805.856
PF07/0263/F257,MO,44.583107,10.938689,50.0,4938486.2,1653933.048
PF09/0263/F257,MO,44.581253,10.940478,50.0,4938283.654,1654079.97
PF11/0263/F257,MO,44.580227,10.9428,50.0,4938174.039,1654267.015
PF12/0263/F257,MO,44.579943,10.946028,52.0,4938148.627,1654524.004
PF13/0263/F257,MO,44.582706,10.934702,50.0,4938434.231,1653617.517
PF01/0264/F257,MO,44.589309,10.954241,50.0,4939204.612,1655151.137
PF02/0264/F257,MO,44.591691,10.950346,50.0,4939461.809,1654835.613
PF03/0264/F257,MO,44.585884,10.948887,70.0,4938814.039,1654735.211
PF04/0264/F257,MO,44.588711,10.950081,72.0,4939130.34,1654822.507
PF05/0264/F257,MO,44.583377,10.950282,70.0,4938538.129,1654852.665
PF06/0264/F257,MO,44.577338,10.952828,50.0,4937872.117,1655070.765
PF01/0265/F257,MO,44.591706,10.95904,70.0,4939479.988,1655525.686
PF02/0265/F257,MO,44.585882,10.956595,70.0,4938828.465,1655347.164
PF03/0265/F257,MO,44.588986,10.962242,52.0,4939183.994,1655787.107
PF01/0266/F257,MO,44.589191,10.976315,72.0,4939233.767,1656903.647
PF02/0266/F257,MO,44.587963,10.970387,70.0,4939085.969,1656436.379
PF03/0266/F257,MO,44.58554,10.973837,52.0,4938823.43,1656716.737
PF04/0266/F257,MO,44.585164,10.977994,72.0,4938789.646,1657047.817
PF06/0266/F257,MO,44.58493,10.971427,72.0,4938751.062,1656527.087
PF07/0266/F257,MO,44.582911,10.965811,52.0,4938516.01,1656086.673
PF08/0266/F257,MO,44.583216,10.970596,70.0,4938558.997,1656465.708
PF09/0266/F257,MO,44.582719,10.973431,8.0,4938509.2,1656692.1
PF13/0266/F257,MO,44.578346,10.975008,52.0,4938026.495,1656829.075
PF14/0266/F257,MO,44.587428,10.972905,70.0,4939031.359,1656637.741
PF01/0267/F257,MO,44.585246,10.981858,50.0,4938806.207,1657354.333
PF02/0267/F257,MO,44.583069,10.977961,52.0,4938556.866,1657050.822
PF03/0267/F257,MO,44.590473,10.98406,52.0,4939391.076,1657514.987
PF04/0267/F257,MO,44.588258,10.983678,70.0,4939144.237,1657490.638
PF05/0267/F257,MO,44.585814,10.984346,70.0,4938874.015,1657550.289
PF06/0267/F257,MO,44.58424,10.987223,72.0,4938704.831,1657782.954
PF01/0268/F257,MO,44.579791,10.936881,5.0,4938114.51,1653798.24
PF02/0268/F257,MO,44.580419,10.93374,52.0,4938178.369,1653547.201
PF03/0268/F257,MO,44.576551,10.937884,70.0,4937756.515,1653886.412
PF04/0268/F257,MO,44.575599,10.928308,52.0,4937632.736,1653128.639
PF05/0268/F257,MO,44.574707,10.936569,52.0,4937549.102,1653786.848
PF06/0268/F257,MO,44.574235,10.919172,52.0,4937464.094,1652406.758
PF07/0268/F257,MO,44.574037,10.930733,52.0,4937463.756,1653325.242
PF08/0268/F257,MO,44.57292,10.93543,52.0,4937348.474,1653701.133
PF01/0269/F257,MO,44.573254,10.939715,52.0,4937393.732,1654040.447
PF02/0269/F257,MO,44.576903,10.943981,50.0,4937807.046,1654369.517
PF03/0269/F257,MO,44.578855,10.94657,50.0,4938028.766,1654569.915
PF04/0269/F257,MO,44.575677,10.947551,50.0,4937677.678,1654656.263
PF01/0270/F257,MO,44.581865,10.987336,50.0,4938441.192,1657798.348
PF03/0270/F257,MO,44.57908,10.988771,50.0,4938134.593,1657919.807
PF04/0270/F257,MO,44.579875,10.978812,52.0,4938203.648,1657126.947
PF05/0270/F257,MO,44.575493,10.985089,50.0,4937729.01,1657637.113
PF06/0270/F257,MO,44.576542,10.980933,70.0,4937837.5,1657304.327
PF07/0270/F257,MO,44.581753,10.983992,52.0,4938422.265,1657533.155
PF08/0270/F257,MO,44.579684,10.984956,12.0,4938194.3,1657615.3
PF03/0271/F257,MO,44.573176,10.983759,70.0,4937469.112,1657537.795
PF04/0271/F257,MO,44.570521,10.98591,70.0,4937178.298,1657715.798
PF05/0271/F257,MO,44.569957,10.980632,50.0,4937105.506,1657298.16
PF01/0272/F257,MO,44.566171,10.932711,52.0,4936593.717,1653503.023
PF02/0272/F257,MO,44.56875,10.936723,72.0,4936887.773,1653814.754
PF03/0272/F257,MO,44.570131,10.934065,72.0,4937036.171,1653600.104
PF01/0001/F357,MO,44.491658,10.790173,50.0,4928058.568,1642365.426
PF02/0001/F357,MO,44.491191,10.795509,50.0,4928016.056,1642790.802
PF04/0001/F357,MO,44.490015,10.80425,52.0,4927900.757,1643488.767
PF05/0001/F357,MO,44.489195,10.807668,50.0,4927815.639,1643762.513
PF06/0001/F357,MO,44.486363,10.796989,52.0,4927482.339,1642920.274
PF07/0001/F357,MO,44.491634,10.798688,52.0,4928070.811,1643042.515
PF08/0001/F357,MO,44.492757,10.801058,52.0,4928199.728,1643228.243
PF09/0001/F357,MO,44.492557,10.803944,52.0,4928182.505,1643458.157
PF01/0002/F357,MO,44.488465,10.821048,5.0,4927758.17,1644828.22
PF02/0002/F357,MO,44.487377,10.812134,12.0,4927621.6,1644122.1
PF05/0002/F357,MO,44.487747,10.822914,52.0,4927681.684,1644978.371
PF06/0002/F357,MO,44.485185,10.818942,50.0,4927390.105,1644668.906
PF01/0003/F357,MO,44.487271,10.837231,5.0,4927654.32,1646118.06
PF03/0003/F357,MO,44.488701,10.84345,72.0,4927824.328,1646608.942
PF04/0003/F357,MO,44.48923,10.840222,50.0,4927877.282,1646350.946
PF05/0003/F357,MO,44.487963,10.834191,52.0,4927725.759,1645874.529
PF06/0003/F357,MO,44.48644,10.836027,50.0,4927559.891,1646024.378
PF01/0004/F357,MO,44.48233,10.805168,8.0,4927048.71,1643580.61
PF02/0004/F357,MO,44.488527,10.801788,52.0,4927731.155,1643296.646
PF01/0005/F357,MO,44.4788,10.829326,9.0,4926699.25,1645510.5
PF02/0005/F357,MO,44.481636,10.816447,8.0,4926991.44,1644479.28
PF03/0005/F357,MO,44.480588,10.816813,8.0,4926875.68,1644510.92
PF04/0005/F357,MO,44.482042,10.814396,70.0,4927032.935,1644315.175
PF05/0005/F357,MO,44.483069,10.817677,50.0,4927152.81,1644573.504
PF06/0005/F357,MO,44.480103,10.825211,50.0,4926836.68,1645180.01
PF07/0005/F357,MO,44.478802,10.81632,52.0,4926676.431,1644476.123
PF08/0005/F357,MO,44.481137,10.832051,50.0,4926963.692,1645721.411
PF09/0005/F357,MO,44.478298,10.826416,50.0,4926638.272,1645280.297
PF01/0006/F357,MO,44.483123,10.835533,52.0,4927190.501,1645993.362
PF04/0006/F357,MO,44.481851,10.849499,52.0,4927074.203,1647107.136
PF05/0006/F357,MO,44.481166,10.83721,72.0,4926976.134,1646131.57
PF02/0007/F357,MO,44.477809,10.802208,8.0,4926541.23,1643356.25
PF03/0007/F357,MO,44.47899,10.802226,12.0,4926672.5,1643354.8
PF02/0008/F357,MO,44.468641,10.803476,50.0,4925525.104,1643479.578
PF03/0008/F357,MO,44.471596,10.794017,50.0,4925836.846,1642719.975
PF05/0008/F357,MO,44.469721,10.807548,72.0,4925652.228,1643800.818
PF01/0009/F357,MO,44.473007,10.807396,72.0,4926016.983,1643780.642
PF02/0009/F357,MO,44.47113,10.810556,72.0,4925814.023,1644036.585
PF03/0009/F357,MO,44.475522,10.814897,72.0,4926309.523,1644371.067
PF04/0009/F357,MO,44.470921,10.811409,8.0,4925792.29,1644105.0
PF01/0010/F357,MO,44.478498,10.83305,72.0,4926672.384,1645807.386
PF02/0010/F357,MO,44.474617,10.822221,50.0,4926221.99,1644955.776
PF03/0010/F357,MO,44.472738,10.825864,52.0,4926019.789,1645250.186
PF04/0010/F357,MO,44.471754,10.820377,50.0,4925900.707,1644816.254
PF06/0010/F357,MO,44.473356,10.820916,5.0,4926079.65,1644855.15
PF02/0011/F357,MO,44.478061,10.842577,8.0,4926640.78,1646566.15
PF03/0011/F357,MO,44.473726,10.847838,70.0,4926168.753,1646995.508
PF01/0012/F357,MO,44.468474,10.839542,8.0,4925570.49,1646348.8
PF02/0012/F357,MO,44.468439,10.839524,70.0,4925566.512,1646347.416
PF02/0013/F357,MO,44.465033,10.788215,8.0,4925097.65,1642274.42
PF03/0013/F357,MO,44.462607,10.791799,50.0,4924834.493,1642565.463
PF01/0014/F357,MO,44.469261,10.8008,52.0,4925589.272,1643265.162
PF02/0014/F357,MO,44.464516,10.800411,50.0,4925061.55,1643245.836
PF03/0014/F357,MO,44.465452,10.807527,52.0,4925178.053,1643809.647
PF04/0014/F357,MO,44.464209,10.809367,50.0,4925043.164,1643959.069
PF05/0014/F357,MO,44.461863,10.804544,50.0,4924774.045,1643581.094
PF06/0014/F357,MO,44.466081,10.815067,52.0,4925261.157,1644407.869
PF07/0014/F357,MO,44.463467,10.814584,52.0,4924969.895,1644375.907
PF01/0015/F357,MO,44.469797,10.818002,72.0,4925679.081,1644632.159
PF02/0015/F357,MO,44.466885,10.819262,72.0,4925357.877,1644739.599
PF03/0015/F357,MO,44.46078,10.824534,70.0,4924689.098,1645174.045
PF04/0015/F357,MO,44.458388,10.828711,52.0,4924430.747,1645512.275
PF03/0016/F357,MO,44.464994,10.831868,72.0,4925170.257,1645747.03
PF04/0016/F357,MO,44.459564,10.834224,72.0,4924571.243,1645947.994
PF05/0016/F357,MO,44.458954,10.831768,72.0,4924499.112,1645754.071
PF06/0016/F357,MO,44.465496,10.837706,70.0,4925236.345,1646210.173
PF07/0016/F357,MO,44.456139,10.829738,52.0,4924182.785,1645599.605
PF01/0017/F357,MO,44.462012,10.841724,50.0,4924856.619,1646538.522
PF02/0017/F357,MO,44.457298,10.843519,8.0,4924336.11,1646693.09
PF01/0018/F357,MO,44.461241,10.853707,50.0,4924792.49,1647493.721
PF02/0018/F357,MO,44.460216,10.856522,52.0,4924683.666,1647720.237
PF03/0018/F357,MO,44.461553,10.853081,8.0,4924825.95,1647443.15
PF01/0019/F357,MO,44.454594,10.764489,8.0,4923897.13,1640412.11
PF02/0019/F357,MO,44.457293,10.769515,70.0,4924205.574,1640805.488
PF05/0019/F357,MO,44.456364,10.761009,70.0,4924087.796,1640130.98
PF06/0019/F357,MO,44.459128,10.775855,50.0,4924420.368,1641305.438
PF01/0020/F357,MO,44.4547,10.763949,50.0,4923908.022,1640368.902
PF02/0020/F357,MO,44.452942,10.763397,52.0,4923711.732,1640329.202
PF03/0020/F357,MO,44.453592,10.768275,50.0,4923792.29,1640715.75
PF04/0020/F357,MO,44.453165,10.772891,52.0,4923752.81,1641084.0
PF05/0020/F357,MO,44.450959,10.762612,52.0,4923490.166,1640271.475
PF06/0020/F357,MO,44.450299,10.764961,52.0,4923420.845,1640459.94
PF07/0020/F357,MO,44.449546,10.774135,50.0,4923352.994,1641191.719
PF08/0020/F357,MO,44.45311,10.760171,50.0,4923724.85,1640072.095
PF01/0021/F357,MO,44.448501,10.779435,50.0,4923246.03,1641615.919
PF02/0021/F357,MO,44.455267,10.774462,52.0,4923989.045,1641203.947
PF03/0021/F357,MO,44.457981,10.780688,52.0,4924301.235,1641692.726
PF04/0021/F357,MO,44.455598,10.779486,52.0,4924034.507,1641602.893
PF05/0021/F357,MO,44.446481,10.779762,8.0,4923022.31,1641646.87
PF06/0021/F357,MO,44.450069,10.783837,50.0,4923427.83,1641962.419
PF01/0022/F357,MO,44.45135,10.79115,72.0,4923582.865,1642541.162
PF02/0022/F357,MO,44.456152,10.790326,52.0,4924114.878,1642463.934
PF03/0022/F357,MO,44.455039,10.795128,52.0,4923999.643,1642848.667
PF04/0022/F357,MO,44.452636,10.793687,56.0,4923730.109,1642739.916
PF01/0023/F357,MO,44.458292,10.802891,8.0,4924374.56,1643458.41
PF03/0023/F357,MO,44.453578,10.811912,8.0,4923866.8,1644187.65
PF05/0023/F357,MO,44.456357,10.8057,50.0,4924164.57,1643686.627
PF06/0023/F357,MO,44.45353,10.811692,52.0,4923861.039,1644170.28
PF07/0023/F357,MO,44.45742,10.820561,12.0,4924308.8,1644866.3
PF03/0024/F357,MO,44.451236,10.83028,72.0,4923639.174,1645654.879
PF04/0024/F357,MO,44.454185,10.823978,70.0,4923955.546,1645146.162
PF05/0024/F357,MO,44.451947,10.828021,50.0,4923714.099,1645473.366
PF01/0025/F357,MO,44.450254,10.854616,52.0,4923573.669,1647593.65
PF02/0025/F357,MO,44.452315,10.853381,70.0,4923800.417,1647490.242
PF03/0025/F357,MO,44.454151,10.849951,72.0,4923998.116,1647212.691
PF04/0025/F357,MO,44.456126,10.851004,52.0,4924219.429,1647291.556
PF05/0025/F357,MO,44.456054,10.847189,70.0,4924204.585,1646988.188
PF06/0025/F357,MO,44.452742,10.846177,72.0,4923834.836,1646916.017
PF09/0026/F357,MO,44.453704,10.858888,50.0,4923964.591,1647924.903
PF10/0026/F357,MO,44.463407,10.861944,8.0,4925047.95,1648143.47
PF11/0026/F357,MO,44.460991,10.859065,52.0,4924774.37,1647920.583
PF12/0026/F357,MO,44.454214,10.861896,72.0,4924026.73,1648162.963
PF13/0026/F357,MO,44.456862,10.859677,52.0,4924316.884,1647979.708
PF14/0026/F357,MO,44.45382,10.861933,8.0,4923983.05,1648166.86
PF01/0027/F357,MO,44.450516,10.762632,52.0,4923440.972,1640274.076
PF02/0027/F357,MO,44.448568,10.763167,70.0,4923225.457,1640321.373
PF04/0027/F357,MO,44.448752,10.760103,52.0,4923240.731,1640077.072
PF05/0027/F357,MO,44.446571,10.763626,70.0,4923004.488,1640362.665
PF06/0027/F357,MO,44.447675,10.765671,70.0,4923130.601,1640522.711
PF07/0027/F357,MO,44.443633,10.765749,52.0,4922681.728,1640538.59
PF08/0027/F357,MO,44.44251,10.76067,52.0,4922548.273,1640137.133
PF09/0027/F357,MO,44.441516,10.76291,52.0,4922441.711,1640317.78
PF10/0027/F357,MO,44.439808,10.760231,72.0,4922247.409,1640108.677
PF11/0027/F357,MO,44.437321,10.756002,50.0,4921963.959,1639778.019
PF12/0027/F357,MO,44.438671,10.757862,72.0,4922117.104,1639922.811
PF13/0027/F357,MO,44.438574,10.761962,10.0,4922113.3,1640249.4
PF14/0027/F357,MO,44.447689,10.758195,52.0,4923119.391,1639927.836
PF02/0028/F357,MO,44.446817,10.772995,50.0,4923047.851,1641107.597
PF03/0028/F357,MO,44.44602,10.769157,52.0,4922952.717,1640804.09
PF04/0028/F357,MO,44.443895,10.771815,52.0,4922721.304,1641020.732
PF05/0028/F357,MO,44.442271,10.769342,52.0,4922536.659,1640827.805
PF06/0028/F357,MO,44.442405,10.77598,11.0,4922563.0,1641355.7
PF07/0028/F357,MO,44.439457,10.77105,12.0,4922227.0,1640970.5
PF09/0028/F357,MO,44.434803,10.765789,11.0,4921701.0,1640563.0
PF10/0028/F357,MO,44.436449,10.767596,52.0,4921886.926,1640702.82
PF11/0028/F357,MO,44.440213,10.765177,52.0,4922300.899,1640501.307
PF01/0029/F357,MO,44.448899,10.786461,8.0,4923302.44,1642174.05
PF03/0029/F357,MO,44.446869,10.787098,50.0,4923078.068,1642229.693
PF05/0029/F357,MO,44.448964,10.788717,52.0,4923313.567,1642353.424
PF06/0029/F357,MO,44.451367,10.788085,52.0,4923579.471,1642297.269
PF01/0030/F357,MO,44.44377,10.789518,72.0,4922738.109,1642429.762
PF02/0030/F357,MO,44.443382,10.797218,52.0,4922708.389,1643043.457
PF04/0030/F357,MO,44.442924,10.806194,50.0,4922673.298,1643758.821
PF01/0031/F357,MO,44.447849,10.825032,8.0,4923253.56,1645245.75
PF02/0031/F357,MO,44.44991,10.826164,70.0,4923484.537,1645330.687
PF03/0031/F357,MO,44.443521,10.815368,52.0,4922755.67,1644487.404
PF04/0031/F357,MO,44.448294,10.817858,52.0,4923290.357,1644673.743
PF05/0031/F357,MO,44.450021,10.815426,70.0,4923477.893,1644475.985
PF06/0031/F357,MO,44.448237,10.812083,50.0,4923273.835,1644214.374
PF07/0031/F357,MO,44.444166,10.82036,72.0,4922836.197,1644883.031
PF08/0031/F357,MO,44.444991,10.809098,50.0,4922907.919,1643984.833
PF09/0031/F357,MO,44.449713,10.821031,12.0,4923453.502,1644922.713
PF01/0032/F357,MO,44.448432,10.847374,70.0,4923358.194,1647022.06
PF02/0032/F357,MO,44.447949,10.854129,70.0,4923316.745,1647560.758
PF03/0032/F357,MO,44.445569,10.851995,70.0,4923048.495,1647396.902
PF04/0032/F357,MO,44.442748,10.853094,70.0,4922737.145,1647491.489
PF05/0032/F357,MO,44.450232,10.854728,8.0,4923571.42,1647602.69
PF06/0032/F357,MO,44.445762,10.837041,8.0,4923043.1,1646206.5
PF01/0033/F357,MO,44.447065,10.86295,50.0,4923234.512,1648264.906
PF02/0033/F357,MO,44.443926,10.859235,70.0,4922879.066,1647977.215
PF03/0033/F357,MO,44.442078,10.856199,70.0,4922668.32,1647740.267
PF02/0034/F357,MO,44.442068,10.791875,58.0,4922553.148,1642621.45
PF03/0034/F357,MO,44.440925,10.794857,52.0,4922431.299,1642861.519
PF04/0034/F357,MO,44.439156,10.792724,8.0,4922231.12,1642696.09
PF05/0034/F357,MO,44.439726,10.799064,50.0,4922305.527,1643199.268
PF06/0034/F357,MO,44.438977,10.801702,70.0,4922226.896,1643411.012
PF08/0034/F357,MO,44.438188,10.796732,72.0,4922130.607,1643017.45
PF09/0034/F357,MO,44.437828,10.799464,72.0,4922095.417,1643235.734
PF10/0034/F357,MO,44.436244,10.801402,70.0,4921922.867,1643393.8
PF01/0035/F357,MO,44.442505,10.808469,70.0,4922630.755,1643940.866
PF02/0035/F357,MO,44.442809,10.812224,52.0,4922671.082,1644238.997
PF04/0035/F357,MO,44.439176,10.807173,72.0,4922258.647,1643845.939
PF05/0035/F357,MO,44.437409,10.808337,70.0,4922064.359,1643942.953
PF06/0035/F357,MO,44.435572,10.810588,52.0,4921864.35,1644126.608
PF09/0035/F357,MO,44.436875,10.810449,72.0,4922008.829,1644112.324
PF10/0035/F357,MO,44.439905,10.809937,50.0,4922344.471,1644064.122
PF11/0035/F357,MO,44.430699,10.811411,50.0,4921324.491,1644204.09
PF01/0036/F357,MO,44.442261,10.819979,52.0,4922623.923,1644857.475
PF02/0036/F357,MO,44.441138,10.816499,72.0,4922493.04,1644583.317
PF03/0036/F357,MO,44.441955,10.822761,70.0,4922594.824,1645079.63
PF04/0036/F357,MO,44.438674,10.813092,72.0,4922213.286,1644318.233
PF06/0036/F357,MO,44.439937,10.821901,70.0,4922369.201,1645016.171
PF07/0036/F357,MO,44.437548,10.816992,50.0,4922095.148,1644631.408
PF08/0036/F357,MO,44.436972,10.821686,8.0,4922039.49,1645006.38
PF09/0036/F357,MO,44.435145,10.81606,52.0,4921826.559,1644563.13
PF10/0036/F357,MO,44.432201,10.813063,50.0,4921494.204,1644331.842
PF11/0036/F357,MO,44.433529,10.820657,72.0,4921655.182,1644932.981
PF01/0037/F357,MO,44.444526,10.83079,72.0,4922894.743,1645712.151
PF02/0037/F357,MO,44.448154,10.827577,72.0,4923292.0,1645447.447
PF03/0037/F357,MO,44.443246,10.833226,70.0,4922756.841,1645909.188
PF05/0037/F357,MO,44.44721,10.825246,70.0,4923182.942,1645264.34
PF01/0038/F357,MO,44.441369,10.848396,3.0,4922575.51,1647121.07
PF02/0038/F357,MO,44.438523,10.848287,52.0,4922259.185,1647119.512
PF03/0038/F357,MO,44.437945,10.852637,70.0,4922202.823,1647467.206
PF04/0038/F357,MO,44.436942,10.84107,52.0,4922070.621,1646549.147
PF05/0038/F357,MO,44.437804,10.837366,52.0,4922159.708,1646252.205
PF06/0038/F357,MO,44.436183,10.834638,52.0,4921974.834,1646039.134
PF07/0038/F357,MO,44.441445,10.848544,52.0,4922584.193,1647132.646
PF08/0038/F357,MO,44.442061,10.845256,52.0,4922646.741,1646869.457
PF01/0039/F357,MO,44.436599,10.764103,52.0,4921897.562,1640424.474
PF02/0039/F357,MO,44.430436,10.764113,52.0,4921213.015,1640440.072
PF03/0039/F357,MO,44.432391,10.756843,8.0,4921417.78,1639856.75
PF04/0040/F357,MO,44.43065,10.781366,52.0,4921266.588,1641812.78
PF05/0040/F357,MO,44.430675,10.785248,70.0,4921276.03,1642121.667
PF06/0040/F357,MO,44.429511,10.777058,70.0,4921132.609,1641472.629
PF07/0040/F357,MO,44.428852,10.780717,70.0,4921065.666,1641765.443
PF08/0040/F357,MO,44.428849,10.785479,52.0,4921073.576,1642144.469
PF11/0040/F357,MO,44.425856,10.781936,52.0,4920735.005,1641869.716
PF12/0040/F357,MO,44.432932,10.785325,58.0,4921526.872,1642122.324
PF14/0040/F357,MO,44.427746,10.782931,70.0,4920946.662,1641944.333
PF16/0040/F357,MO,44.434798,10.778016,70.0,4921721.447,1641536.1
PF18/0040/F357,MO,44.438134,10.778404,50.0,4922092.686,1641558.923
PF19/0040/F357,MO,44.432273,10.782789,58.0,4921449.337,1641922.119
PF20/0040/F357,MO,44.42796,10.774581,70.0,4920955.981,1641279.234
PF01/0041/F357,MO,44.433499,10.797914,50.0,4921611.774,1643122.966
PF02/0041/F357,MO,44.430899,10.795243,70.0,4921318.385,1642916.713
PF01/0042/F357,MO,44.433808,10.839491,52.0,4921719.724,1646431.318
PF02/0042/F357,MO,44.433139,10.843757,70.0,4921653.041,1646772.525
PF04/0042/F357,MO,44.43107,10.838146,52.0,4921413.111,1646331.098
PF06/0042/F357,MO,44.431649,10.84699,8.0,4921493.36,1647033.52
PF07/0042/F357,MO,44.430186,10.833809,9.0,4921307.2,1645988.1
PF08/0042/F357,MO,44.429465,10.845601,70.0,4921248.203,1646928.497
PF12/0042/F357,MO,44.426973,10.839243,70.0,4920959.96,1646428.656
PF14/0042/F357,MO,44.430854,10.843026,12.0,4921397.876,1646720.067
PF01/0043/F357,MO,44.43657,10.858628,8.0,4922060.92,1647947.47
PF02/0043/F357,MO,44.435411,10.848733,52.0,4921914.347,1647162.839
PF03/0043/F357,MO,44.434628,10.859941,52.0,4921847.525,1648056.843
PF04/0043/F357,MO,44.4333,10.849571,52.0,4921681.301,1647234.869
PF05/0043/F357,MO,44.433133,10.853362,52.0,4921669.585,1647537.017
PF06/0043/F357,MO,44.433943,10.856782,52.0,4921765.715,1647807.189
PF07/0043/F357,MO,44.432669,10.8594,50.0,4921629.01,1648018.709
PF08/0043/F357,MO,44.430787,10.84911,72.0,4921401.384,1647204.449
PF09/0043/F357,MO,44.431486,10.853976,50.0,4921487.8,1647590.0
PF10/0043/F357,MO,44.43064,10.860575,72.0,4921405.687,1648117.385
PF11/0043/F357,MO,44.432035,10.863308,50.0,4921565.62,1648331.377
PF13/0043/F357,MO,44.43062,10.851672,72.0,4921387.437,1647408.792
PF14/0043/F357,MO,44.42976,10.858321,70.0,4921303.924,1647940.229
PF15/0043/F357,MO,44.428542,10.863603,50.0,4921178.208,1648363.704
PF16/0043/F357,MO,44.429868,10.857334,50.0,4921314.133,1647861.373
PF17/0043/F357,MO,44.430966,10.867509,50.0,4921454.464,1648668.438
PF01/0044/F357,MO,44.430198,10.75869,50.0,4921177.251,1640008.956
PF02/0044/F357,MO,44.42827,10.761427,52.0,4920967.873,1640231.414
PF03/0044/F357,MO,44.425369,10.760056,72.0,4920643.209,1640129.268
PF04/0044/F357,MO,44.426388,10.767032,8.0,4920768.44,1640682.08
PF05/0044/F357,MO,44.424868,10.768809,52.0,4920602.646,1640827.219
PF07/0044/F357,MO,44.424036,10.772499,52.0,4920516.509,1641122.927
PF08/0044/F357,MO,44.421872,10.772158,50.0,4920275.62,1641101.0
PF10/0044/F357,MO,44.424495,10.766197,52.0,4920556.65,1640620.156
PF11/0044/F357,MO,44.428586,10.764707,52.0,4921008.59,1640491.732
PF12/0044/F357,MO,44.425193,10.775357,52.0,4920650.044,1641347.639
PF13/0044/F357,MO,44.424517,10.763459,8.0,4920554.47,1640402.19
PF01/0045/F357,MO,44.425454,10.792096,72.0,4920708.074,1642679.416
PF02/0045/F357,MO,44.427178,10.805105,58.0,4920922.285,1643710.752
PF03/0045/F357,MO,44.429117,10.804045,70.0,4921135.816,1643621.657
PF04/0045/F357,MO,44.42675,10.801769,50.0,4920868.876,1643446.294
PF05/0045/F357,MO,44.428531,10.797414,52.0,4921059.071,1643095.272
PF06/0045/F357,MO,44.430701,10.804785,8.0,4921313.02,1643676.7
PF07/0045/F357,MO,44.421886,10.802018,70.0,4920329.049,1643477.976
PF01/0046/F357,MO,44.427931,10.82323,2.0,4921037.94,1645151.61
PF02/0046/F357,MO,44.429254,10.808951,70.0,4921159.681,1644011.793
PF03/0046/F357,MO,44.424087,10.818263,70.0,4920602.114,1644765.777
PF04/0046/F357,MO,44.424812,10.806985,52.0,4920662.725,1643866.228
PF01/0047/F357,MO,44.43268,10.82923,70.0,4921576.089,1645617.407
PF02/0047/F357,MO,44.432531,10.833775,70.0,4921567.608,1645979.561
PF03/0047/F357,MO,44.428139,10.834099,70.0,4921080.325,1646016.239
PF04/0047/F357,MO,44.422739,10.825311,70.0,4920464.872,1645330.111
PF01/0048/F357,MO,44.427711,10.849212,50.0,4921059.836,1647220.29
PF02/0048/F357,MO,44.424953,10.846191,70.0,4920748.135,1646986.78
PF03/0048/F357,MO,44.421883,10.852201,70.0,4920417.921,1647472.878
PF01/0049/F357,MO,44.432195,10.870495,12.0,4921596.5,1648903.0
PF02/0049/F357,MO,44.429361,10.869836,50.0,4921280.444,1648857.732
PF03/0050/F357,MO,44.420831,10.768582,50.0,4920153.836,1640818.794
PF02/0051/F357,MO,44.426552,10.781256,52.0,4920811.116,1641813.883
PF04/0051/F357,MO,44.423862,10.778366,52.0,4920507.342,1641590.406
PF05/0051/F357,MO,44.422824,10.785551,50.0,4920404.518,1642164.824
PF06/0051/F357,MO,44.421241,10.784481,56.0,4920226.782,1642083.46
PF11/0051/F357,MO,44.426515,10.785432,70.0,4920814.311,1642146.409
PF13/0051/F357,MO,44.41924,10.780156,12.0,4919997.0,1641744.0
PF14/0051/F357,MO,44.426591,10.778533,70.0,4920810.8,1641597.073
PF01/0052/F357,MO,44.422422,10.789552,50.0,4920366.852,1642484.322
PF02/0052/F357,MO,44.423889,10.789007,9.0,4920528.75,1642437.4
PF03/0052/F357,MO,44.421667,10.796348,70.0,4920294.753,1643027.145
PF04/0052/F357,MO,44.421646,10.792102,70.0,4920285.089,1642689.186
PF05/0052/F357,MO,44.422462,10.789696,5.0,4920371.48,1642495.66
PF02/0053/F357,MO,44.420507,10.800087,72.0,4920172.456,1643327.645
PF03/0053/F357,MO,44.41822,10.789782,50.0,4919900.428,1642512.793
PF06/0053/F357,MO,44.419035,10.799751,72.0,4920008.401,1643304.451
PF07/0053/F357,MO,44.418564,10.802142,50.0,4919960.24,1643495.977
PF09/0053/F357,MO,44.41607,10.79087,50.0,4919663.554,1642604.707
PF10/0053/F357,MO,44.416708,10.800205,70.0,4919750.672,1643346.287
PF12/0053/F357,MO,44.415733,10.805358,52.0,4919651.471,1643758.91
PF13/0053/F357,MO,44.417602,10.805643,50.0,4919859.495,1643777.068
PF01/0054/F357,MO,44.423379,10.807433,10.0,4920504.4,1643905.4
PF03/0054/F357,MO,44.421652,10.812206,70.0,4920320.977,1644289.553
PF04/0054/F357,MO,44.41984,10.815598,52.0,4920125.695,1644564.092
PF06/0054/F357,MO,44.417615,10.807183,52.0,4919863.729,1643899.632
PF07/0054/F357,MO,44.41805,10.813703,52.0,4919923.482,1644417.597
PF08/0054/F357,MO,44.416388,10.80909,56.0,4919730.717,1644054.445
PF09/0054/F357,MO,44.415134,10.811248,72.0,4919595.212,1644229.384
PF10/0054/F357,MO,44.415129,10.81533,52.0,4919601.888,1644554.337
PF12/0054/F357,MO,44.422846,10.820876,70.0,4920468.938,1644976.822
PF01/0055/F357,MO,44.420756,10.838847,8.0,4920268.7,1646412.61
PF02/0055/F357,MO,44.417759,10.836862,50.0,4919932.216,1646262.08
PF03/0055/F357,MO,44.419988,10.832387,50.0,4920171.873,1645900.249
PF02/0056/F357,MO,44.417778,10.846168,70.0,4919951.03,1647002.895
PF03/0056/F357,MO,44.421066,10.846805,70.0,4920317.459,1647045.396
PF04/0056/F357,MO,44.415291,10.845313,70.0,4919673.236,1646941.023
PF05/0056/F357,MO,44.418423,10.849457,70.0,4920028.579,1647263.153
PF01/0057/F357,MO,44.419679,10.856358,72.0,4920180.526,1647809.321
PF03/0057/F357,MO,44.423434,10.854693,50.0,4920594.648,1647667.359
PF04/0057/F357,MO,44.424257,10.861655,50.0,4920698.65,1648219.473
PF05/0057/F357,MO,44.420666,10.859234,52.0,4920295.356,1648035.785
PF06/0057/F357,MO,44.425347,10.85713,52.0,4920811.587,1647856.514
PF07/0057/F357,MO,44.425849,10.865498,52.0,4920882.482,1648521.378
PF08/0057/F357,MO,44.416666,10.859674,70.0,4919851.838,1648080.9
PF09/0057/F357,MO,44.414334,10.860555,56.0,4919594.453,1648156.927
PF10/0057/F357,MO,44.423452,10.854904,8.0,4920597.07,1647684.07
PF01/0058/F357,MO,44.415675,10.883664,8.0,4919785.46,1649993.41
PF02/0058/F357,MO,44.417922,10.867009,70.0,4920004.692,1648661.688
PF03/0058/F357,MO,44.415726,10.867745,70.0,4919762.102,1648725.884
PF04/0058/F357,MO,44.416277,10.872452,8.0,4919831.87,1649099.22
PF05/0058/F357,MO,44.41604,10.871739,70.0,4919804.191,1649043.073
PF01/0059/F357,MO,44.409977,10.755516,52.0,4918925.773,1639804.525
PF02/0059/F357,MO,44.408392,10.753273,52.0,4918745.822,1639629.716
PF03/0059/F357,MO,44.410436,10.759314,70.0,4918983.177,1640105.822
PF05/0059/F357,MO,44.406822,10.758881,12.0,4918581.0,1640080.0
PF01/0060/F357,MO,44.412425,10.771618,40.0,4919225.292,1641080.696
PF03/0060/F357,MO,44.413471,10.782017,52.0,4919359.389,1641906.1
PF05/0060/F357,MO,44.40929,10.77531,70.0,4918883.467,1641382.23
PF07/0060/F357,MO,44.407361,10.77027,70.0,4918660.461,1640985.569
PF08/0060/F357,MO,44.411498,10.782432,70.0,4919140.971,1641943.95
PF01/0061/F357,MO,44.410057,10.814861,52.0,4919037.654,1644529.525
PF02/0061/F357,MO,44.414923,10.803548,70.0,4919558.291,1643616.827
PF03/0061/F357,MO,44.41267,10.801425,70.0,4919304.247,1643453.319
PF04/0061/F357,MO,44.409992,10.7948,52.0,4918995.283,1642932.333
PF05/0061/F357,MO,44.41412,10.797554,70.0,4919458.554,1643141.594
PF06/0061/F357,MO,44.412613,10.814683,56.0,4919321.252,1644509.04
PF07/0061/F357,MO,44.408514,10.796907,50.0,4918834.73,1643103.755
PF08/0061/F357,MO,44.406772,10.799079,52.0,4918644.981,1643280.929
PF09/0061/F357,MO,44.408382,10.80621,52.0,4918836.35,1643844.807
PF02/0062/F357,MO,44.408822,10.818537,50.0,4918907.018,1644825.217
PF03/0062/F357,MO,44.407317,10.823969,50.0,4918749.431,1645261.493
PF04/0062/F357,MO,44.408686,10.835413,50.0,4918921.882,1646169.28
PF06/0062/F357,MO,44.408134,10.827546,70.0,4918846.579,1645544.265
PF07/0062/F357,MO,44.411527,10.819874,50.0,4919209.792,1644925.013
PF09/0062/F357,MO,44.406491,10.830678,50.0,4918669.651,1645797.722
PF11/0062/F357,MO,44.412248,10.831353,52.0,4919310.239,1645837.201
PF12/0062/F357,MO,44.409803,10.830178,70.0,4919036.639,1645749.703
PF13/0062/F357,MO,44.410977,10.83595,70.0,4919177.341,1646206.348
PF01/0063/F357,MO,44.407,10.843809,8.0,4918749.64,1646842.09
PF02/0063/F357,MO,44.412865,10.841608,70.0,4919397.167,1646652.122
PF03/0063/F357,MO,44.411889,10.836311,70.0,4919279.264,1646232.802
PF05/0063/F357,MO,44.410477,10.838318,70.0,4919125.972,1646396.191
PF07/0063/F357,MO,44.408999,10.835793,70.0,4918957.27,1646198.794
PF08/0063/F357,MO,44.407398,10.838686,70.0,4918784.614,1646433.162
PF09/0063/F357,MO,44.40748,10.841383,52.0,4918798.568,1646647.693
PF10/0063/F357,MO,44.414186,10.837265,50.0,4919536.127,1646303.029
PF11/0063/F357,MO,44.403795,10.839807,52.0,4918386.48,1646531.37
PF12/0063/F357,MO,44.410607,10.847912,70.0,4919157.648,1647159.719
PF13/0063/F357,MO,44.407755,10.847279,8.0,4918839.7,1647116.45
PF01/0064/F357,MO,44.410632,10.857209,70.0,4919177.108,1647899.889
PF02/0064/F357,MO,44.412893,10.849711,70.0,4919414.836,1647297.179
PF03/0064/F357,MO,44.407363,10.85522,50.0,4918810.5,1647749.78
PF04/0064/F357,MO,44.409539,10.852767,50.0,4919047.763,1647549.001
PF05/0064/F357,MO,44.41436,10.857149,70.0,4919591.173,1647885.728
PF01/0065/F357,MO,44.413336,10.862764,70.0,4919487.522,1648335.372
PF02/0065/F357,MO,44.406942,10.865039,52.0,4918781.442,1648532.636
PF03/0065/F357,MO,44.408627,10.869887,52.0,4918977.383,1648914.411
PF01/0066/F357,MO,44.400989,10.747906,50.0,4917914.423,1639219.898
PF01/0067/F357,MO,44.399549,10.758263,8.0,4917772.12,1640048.09
PF01/0068/F357,MO,44.405884,10.776129,52.0,4918506.517,1641455.663
PF02/0068/F357,MO,44.403993,10.777452,56.0,4918298.718,1641565.545
PF03/0068/F357,MO,44.404859,10.78023,70.0,4918399.739,1641784.634
PF04/0068/F357,MO,44.401797,10.778808,56.0,4918057.16,1641678.811
PF05/0068/F357,MO,44.401171,10.776461,50.0,4917983.556,1641493.448
PF06/0068/F357,MO,44.406694,10.769269,52.0,4918584.662,1640907.402
PF08/0068/F357,MO,44.399488,10.778168,5.0,4917799.56,1641633.43
PF10/0068/F357,MO,44.403449,10.773901,70.0,4918232.136,1641284.086
PF01/0069/F357,MO,44.408877,10.792878,8.0,4918868.06,1642782.02
PF03/0069/F357,MO,44.412438,10.794934,70.0,4919267.156,1642937.106
PF04/0069/F357,MO,44.410898,10.787085,52.0,4919082.476,1642315.9
PF05/0069/F357,MO,44.403567,10.785944,52.0,4918266.077,1642242.818
PF06/0069/F357,MO,44.401493,10.793675,50.0,4918049.179,1642863.453
PF07/0069/F357,MO,44.411324,10.791657,52.0,4919137.708,1642678.841
PF08/0069/F357,MO,44.406396,10.78814,52.0,4918584.145,1642410.776
PF01/0070/F357,MO,44.404413,10.801602,50.0,4918387.46,1643487.559
PF02/0070/F357,MO,44.404482,10.804361,52.0,4918399.915,1643707.139
PF03/0070/F357,MO,44.402225,10.802477,50.0,4918145.87,1643562.606
PF04/0070/F357,MO,44.39964,10.800296,52.0,4917854.98,1643395.237
PF05/0070/F357,MO,44.402003,10.807364,72.0,4918129.811,1643952.334
PF06/0070/F357,MO,44.397634,10.807135,70.0,4917644.156,1643944.826
PF08/0070/F357,MO,44.400844,10.813971,70.0,4918012.731,1644481.3
PF09/0070/F357,MO,44.39913,10.809859,72.0,4917815.053,1644158.068
PF10/0070/F357,MO,44.404149,10.796261,50.0,4918348.754,1643062.893
PF01/0071/F357,MO,44.407505,10.820977,50.0,4918764.995,1645022.747
PF02/0071/F357,MO,44.405185,10.818087,50.0,4918502.216,1644798.378
PF03/0071/F357,MO,44.401524,10.824574,50.0,4918107.056,1645323.968
PF04/0071/F357,MO,44.403789,10.834716,72.0,4918376.636,1646126.002
PF05/0071/F357,MO,44.399674,10.828278,50.0,4917908.075,1645623.551
PF01/0072/F357,MO,44.406128,10.85134,72.0,4918666.278,1647443.926
PF02/0072/F357,MO,44.396056,10.846504,50.0,4917538.747,1647084.085
PF01/0073/F357,MO,44.397359,10.857654,8.0,4917703.65,1647968.75
PF02/0073/F357,MO,44.407044,10.865062,8.0,4918792.82,1648534.27
PF03/0073/F357,MO,44.405078,10.857796,50.0,4918561.315,1647960.632
PF01/0074/F357,MO,44.390388,10.760703,50.0,4916758.738,1640264.309
PF02/0074/F357,MO,44.392298,10.760865,50.0,4916971.077,1640272.661
PF03/0074/F357,MO,44.390532,10.758147,50.0,4916770.347,1640060.393
PF04/0074/F357,MO,44.39712,10.760555,50.0,4917506.221,1640236.458
PF05/0074/F357,MO,44.395066,10.759161,50.0,4917275.642,1640130.301
PF06/0074/F357,MO,44.394894,10.755952,52.0,4917251.065,1639875.152
PF07/0074/F357,MO,44.388717,10.753191,8.0,4916560.25,1639669.97
PF08/0074/F357,MO,44.392336,10.753443,52.0,4916962.679,1639681.415
PF09/0074/F357,MO,44.397129,10.753097,52.0,4917494.514,1639642.447
PF10/0074/F357,MO,44.385635,10.752621,50.0,4916216.867,1639631.856
PF11/0074/F357,MO,44.389529,10.75426,70.0,4916652.215,1639753.19
PF01/0075/F357,MO,44.390828,10.764316,50.0,4916813.803,1640550.998
PF02/0075/F357,MO,44.391752,10.768427,50.0,4916923.401,1640876.216
PF03/0075/F357,MO,44.400075,10.766242,52.0,4917844.176,1640682.273
PF04/0075/F357,MO,44.394973,10.766236,50.0,4917277.49,1640694.01
PF05/0075/F357,MO,44.397616,10.763867,52.0,4917566.96,1640499.004
PF01/0076/F357,MO,44.399846,10.785871,52.0,4917852.67,1642245.976
PF02/0076/F357,MO,44.397868,10.773127,70.0,4917610.948,1641235.858
PF03/0076/F357,MO,44.399295,10.775437,70.0,4917773.414,1641416.422
PF04/0076/F357,MO,44.398357,10.792938,50.0,4917699.545,1642812.372
PF05/0076/F357,MO,44.397546,10.775941,50.0,4917579.987,1641460.773
PF06/0076/F357,MO,44.396801,10.780135,50.0,4917504.483,1641796.515
PF07/0076/F357,MO,44.395613,10.792386,52.0,4917393.805,1642775.102
PF08/0076/F357,MO,44.393715,10.79038,70.0,4917179.489,1642619.973
PF10/0076/F357,MO,44.395271,10.774886,52.0,4917325.484,1641382.202
PF02/0077/F357,MO,44.398678,10.797008,52.0,4917742.344,1643135.706
PF04/0077/F357,MO,44.39728,10.799711,72.0,4917591.791,1643354.386
PF05/0077/F357,MO,44.396691,10.811513,70.0,4917547.06,1644295.772
PF06/0077/F357,MO,44.395446,10.800179,52.0,4917388.898,1643396.175
PF07/0077/F357,MO,44.394055,10.804688,52.0,4917242.271,1643758.716
PF08/0077/F357,MO,44.394891,10.811305,50.0,4917346.813,1644283.613
PF09/0077/F357,MO,44.392897,10.795097,70.0,4917096.899,1642997.597
PF11/0077/F357,MO,44.391641,10.799654,70.0,4916965.299,1643363.639
PF13/0077/F357,MO,44.389944,10.802593,70.0,4916781.923,1643601.895
PF14/0077/F357,MO,44.394387,10.810348,8.0,4917289.12,1644208.62
PF15/0077/F357,MO,44.393451,10.809259,50.0,4917183.263,1644124.18
PF16/0077/F357,MO,44.39141,10.806587,52.0,4916951.8,1643916.422
PF01/0078/F357,MO,44.392871,10.828657,70.0,4917153.103,1645670.632
PF02/0078/F357,MO,44.399241,10.824243,52.0,4917852.847,1645303.273
PF04/0078/F357,MO,44.396331,10.816611,70.0,4917516.085,1644702.663
PF05/0078/F357,MO,44.393158,10.818286,50.0,4917166.633,1644843.886
PF08/0078/F357,MO,44.396887,10.825681,70.0,4917593.929,1645423.615
PF01/0079/F357,MO,44.398156,10.832854,70.0,4917747.685,1645991.74
PF02/0079/F357,MO,44.399206,10.837597,50.0,4917872.773,1646366.869
PF03/0079/F357,MO,44.397135,10.843295,50.0,4917652.89,1646825.822
PF04/0079/F357,MO,44.393815,10.834443,52.0,4917268.32,1646129.071
PF01/0080/F357,MO,44.389372,10.758644,52.0,4916642.275,1640102.695
PF02/0080/F357,MO,44.388026,10.763789,72.0,4916501.555,1640515.776
PF03/0080/F357,MO,44.383738,10.760634,52.0,4916019.884,1640274.643
PF04/0080/F357,MO,44.383251,10.768226,50.0,4915978.812,1640880.6
PF06/0080/F357,MO,44.385762,10.763304,52.0,4916249.331,1640482.538
PF01/0081/F357,MO,44.390999,10.772097,52.0,4916846.079,1641170.34
PF02/0081/F357,MO,44.386896,10.76998,50.0,4916386.683,1641011.594
PF03/0081/F357,MO,44.386518,10.772947,50.0,4916349.903,1641248.836
PF04/0081/F357,MO,44.383125,10.772667,50.0,4915972.494,1641234.66
PF05/0081/F357,MO,44.381561,10.779263,50.0,4915810.1,1641763.911
PF01/0082/F357,MO,44.384386,10.779873,52.0,4916125.032,1641805.619
PF02/0082/F357,MO,44.389573,10.78883,70.0,4916716.679,1642506.529
PF04/0082/F357,MO,44.385754,10.786929,50.0,4916289.232,1642364.438
PF05/0082/F357,MO,44.389907,10.784038,50.0,4916745.448,1642124.098
PF06/0082/F357,MO,44.393017,10.785045,8.0,4917092.65,1642196.75
PF01/0001/F484,MO,44.291247,10.773456,70.0,4905768.244,1641518.307
PF02/0001/F484,MO,44.292022,10.78209,8.0,4905869.29,1642205.33
PF04/0001/F484,MO,44.298605,10.785059,72.0,4906605.598,1642426.266
PF05/0001/F484,MO,44.293228,10.776003,52.0,4905992.724,1641716.804
PF06/0001/F484,MO,44.2934,10.787855,52.0,4906032.283,1642661.958
PF07/0001/F484,MO,44.295068,10.784279,72.0,4906211.394,1642372.624
PF01/0002/F484,MO,44.288278,10.758571,72.0,4905412.871,1640337.785
PF02/0002/F484,MO,44.288091,10.764364,50.0,4905402.041,1640800.48
PF03/0002/F484,MO,44.293781,10.764791,52.0,4906034.832,1640820.916
PF04/0002/F484,MO,44.290355,10.761107,72.0,4905647.966,1640535.178
PF05/0002/F484,MO,44.293933,10.759766,70.0,4906043.066,1640419.687
PF01/0003/F484,MO,44.28549,10.737227,70.0,4905066.94,1638641.401
PF02/0003/F484,MO,44.285791,10.740399,70.0,4905105.685,1638893.773
PF03/0003/F484,MO,44.287281,10.74351,70.0,4905276.475,1639138.527
PF04/0003/F484,MO,44.286488,10.749159,52.0,4905197.946,1639591.065
PF06/0003/F484,MO,44.284593,10.741553,70.0,4904974.602,1638988.717
PF01/0004/F484,MO,44.291957,10.750089,72.0,4905807.028,1639652.325
PF02/0004/F484,MO,44.284067,10.751909,52.0,4904933.714,1639816.273
PF03/0004/F484,MO,44.288556,10.750103,70.0,4905429.308,1639661.537
PF04/0004/F484,MO,44.286481,10.752111,8.0,4905202.28,1639826.67
PF01/0005/F484,MO,44.287817,10.766934,9.0,4905376.04,1641006.19
PF02/0005/F484,MO,44.287157,10.761557,72.0,4905293.482,1640578.775
PF04/0005/F484,MO,44.283511,10.75822,70.0,4904882.778,1640321.194
PF05/0005/F484,MO,44.284376,10.761151,70.0,4904983.918,1640552.995
PF06/0005/F484,MO,44.281413,10.757549,70.0,4904648.562,1640272.604
PF08/0005/F484,MO,44.28505,10.767706,70.0,4905069.993,1641074.388
PF01/0006/F484,MO,44.290286,10.769569,70.0,4905654.801,1641210.491
PF02/0006/F484,MO,44.286375,10.773009,70.0,4905226.33,1641494.361
PF03/0006/F484,MO,44.286334,10.777283,70.0,4905229.091,1641835.482
PF04/0006/F484,MO,44.284524,10.780498,70.0,4905033.603,1642096.34
PF01/0007/F484,MO,44.282518,10.740648,70.0,4904742.583,1638921.329
PF02/0007/F484,MO,44.279487,10.732765,50.0,4904392.54,1638299.415
PF03/0007/F484,MO,44.281289,10.736888,70.0,4904599.734,1638624.188
PF04/0007/F484,MO,44.277842,10.735471,72.0,4904214.472,1638519.257
PF05/0007/F484,MO,44.279334,10.738263,50.0,4904384.826,1638738.553
PF01/0008/F484,MO,44.276953,10.772789,50.0,4904179.369,1641499.441
PF02/0008/F484,MO,44.280296,10.767591,70.0,4904541.708,1641076.64
PF04/0008/F484,MO,44.273287,10.770277,72.0,4903767.78,1641307.773
PF05/0008/F484,MO,44.274781,10.76811,12.0,4903930.0,1641131.25
PF01/0009/F484,MO,44.270658,10.743975,52.0,4903430.858,1639214.818
PF02/0009/F484,MO,44.273703,10.732503,70.0,4903749.696,1638292.138
PF03/0009/F484,MO,44.274515,10.728134,70.0,4903832.522,1637941.526
PF04/0009/F484,MO,44.269601,10.738876,70.0,4903304.805,1638810.349
PF07/0009/F484,MO,44.276028,10.743092,50.0,4904025.858,1639131.722
PF08/0009/F484,MO,44.273964,10.740534,70.0,4903792.208,1638932.459
PF01/0010/F484,MO,44.278598,10.75179,72.0,4904326.028,1639819.764
PF02/0010/F484,MO,44.279496,10.74931,72.0,4904421.608,1639619.741
PF03/0010/F484,MO,44.280199,10.753983,72.0,4904507.679,1639990.923
PF05/0010/F484,MO,44.274704,10.7531,72.0,4903895.798,1639933.532
PF06/0010/F484,MO,44.274214,10.748258,50.0,4903833.1,1639548.269
PF07/0010/F484,MO,44.273451,10.755095,70.0,4903760.005,1640095.684
PF08/0010/F484,MO,44.27137,10.755303,70.0,4903529.203,1640117.242
PF09/0010/F484,MO,44.272744,10.752494,52.0,4903677.016,1639889.83
PF10/0010/F484,MO,44.278415,10.756194,72.0,4904313.319,1640171.586
PF02/0011/F484,MO,44.279113,10.759366,72.0,4904396.266,1640423.064
PF04/0011/F484,MO,44.278134,10.766991,70.0,4904300.523,1641033.871
PF05/0011/F484,MO,44.27294,10.765049,70.0,4903720.28,1640891.334
PF06/0011/F484,MO,44.279635,10.764322,70.0,4904462.718,1640817.305
PF01/0012/F484,MO,44.269922,10.72305,52.0,4903313.847,1637546.491
PF02/0012/F484,MO,44.268904,10.712553,72.0,4903183.255,1636711.083
PF03/0012/F484,MO,44.26658,10.715405,72.0,4902929.86,1636944.078
PF05/0012/F484,MO,44.267236,10.719076,52.0,4903008.857,1637235.584
PF06/0012/F484,MO,44.26294,10.720288,52.0,4902533.694,1637342.291
PF01/0013/F484,MO,44.265067,10.733296,50.0,4902791.773,1638375.657
PF02/0013/F484,MO,44.267451,10.732679,70.0,4903055.571,1638320.82
PF03/0013/F484,MO,44.264303,10.729467,50.0,4902700.404,1638071.851
PF04/0013/F484,MO,44.26333,10.733988,10.0,4902600.0,1638435.0
PF05/0013/F484,MO,44.268156,10.743668,72.0,4903152.468,1639196.241
PF07/0013/F484,MO,44.264994,10.739272,12.0,4902793.8,1638852.8
PF01/0014/F484,MO,44.268528,10.746621,52.0,4903198.758,1639431.037
PF02/0014/F484,MO,44.268109,10.751868,70.0,4903161.106,1639850.85
PF03/0014/F484,MO,44.264623,10.749704,70.0,4902770.194,1639686.374
PF04/0014/F484,MO,44.262441,10.754122,5.0,4902535.34,1640044.22
PF01/0015/F484,MO,44.258802,10.708058,52.0,4902053.608,1636375.671
PF02/0015/F484,MO,44.259307,10.711244,52.0,4902115.032,1636628.81
PF03/0015/F484,MO,44.262159,10.708806,2.0,4902427.724,1636427.604
PF01/0016/F484,MO,44.25891,10.716383,52.0,4902079.474,1637039.976
PF02/0016/F484,MO,44.255084,10.72328,70.0,4901666.07,1637599.495
PF03/0016/F484,MO,44.255026,10.718651,70.0,4901651.906,1637230.045
PF04/0016/F484,MO,44.251573,10.712999,52.0,4901258.908,1636786.817
PF05/0016/F484,MO,44.259996,10.72117,70.0,4902208.078,1637419.6
PF07/0016/F484,MO,44.252703,10.719237,70.0,4901394.784,1637282.28
PF01/0017/F484,MO,44.2613,10.726761,52.0,4902362.339,1637862.806
PF02/0017/F484,MO,44.260386,10.733021,50.0,4902271.379,1638364.68
PF01/0018/F484,MO,44.2536,10.74033,70.0,4901529.936,1638964.096
PF02/0018/F484,MO,44.25113,10.739026,11.0,4901253.4,1638865.8
PF03/0018/F484,MO,44.254593,10.735133,70.0,4901631.497,1638546.853
PF04/0018/F484,MO,44.262834,10.742404,72.0,4902559.081,1639107.871
PF07/0018/F484,MO,44.258876,10.741065,12.0,4902117.2,1639010.35
PF01/0019/F484,MO,44.254749,10.706157,52.0,4901600.319,1636233.288
PF02/0019/F484,MO,44.252176,10.696808,52.0,4901299.06,1635492.823
PF03/0019/F484,MO,44.250291,10.69161,70.0,4901081.086,1635082.109
PF04/0019/F484,MO,44.252939,10.691991,52.0,4901375.839,1635106.487
PF05/0019/F484,MO,44.253158,10.704354,8.0,4901420.59,1636092.98
PF01/0020/F484,MO,44.245674,10.688367,70.0,4900562.88,1634833.783
PF03/0020/F484,MO,44.249288,10.688649,70.0,4900964.836,1634848.029
PF04/0020/F484,MO,44.24545,10.692723,8.0,4900545.24,1635182.08
PF05/0020/F484,MO,44.236991,10.689166,52.0,4899599.758,1634917.447
PF06/0020/F484,MO,44.239283,10.691756,70.0,4899858.563,1635118.992
PF07/0020/F484,MO,44.247085,10.685793,72.0,4900715.432,1634625.075
PF01/0021/F484,MO,44.243479,10.710801,50.0,4900356.192,1636630.074
PF02/0021/F484,MO,44.247536,10.698755,70.0,4900786.896,1635658.927
PF03/0021/F484,MO,44.247197,10.700259,70.0,4900751.719,1635779.785
PF04/0021/F484,MO,44.24661,10.695156,70.0,4900678.085,1635373.708
PF01/0022/F484,MO,44.246011,10.717837,52.0,4900649.145,1637186.038
PF03/0022/F484,MO,44.249772,10.717923,70.0,4901067.038,1637184.137
PF06/0022/F484,MO,44.244737,10.716639,52.0,4900505.661,1637093.359
PF07/0022/F484,MO,44.247871,10.71539,70.0,4900851.662,1636986.353
PF10/0022/F484,MO,44.248394,10.711884,52.0,4900903.947,1636705.23
PF11/0022/F484,MO,44.245913,10.711714,70.0,4900628.008,1636697.341
PF12/0022/F484,MO,44.248173,10.718796,12.0,4900890.85,1637257.58
PF01/0023/F484,MO,44.253796,10.72752,72.0,4901530.059,1637940.952
PF02/0023/F484,MO,44.254625,10.731041,50.0,4901628.134,1638220.117
PF03/0023/F484,MO,44.253136,10.732168,70.0,4901464.568,1638313.583
PF04/0023/F484,MO,44.248722,10.721581,70.0,4900956.585,1637478.648
PF05/0023/F484,MO,44.249086,10.726064,70.0,4901004.534,1637835.695
PF07/0023/F484,MO,44.247326,10.723408,70.0,4900804.58,1637627.741
PF09/0023/F484,MO,44.246607,10.720182,52.0,4900719.295,1637371.843
PF10/0023/F484,MO,44.251639,10.729186,70.0,4901293.327,1638079.023
PF11/0023/F484,MO,44.248524,10.73209,50.0,4900952.203,1638318.14
PF12/0023/F484,MO,44.249379,10.734534,8.0,4901051.28,1638511.31
PF13/0023/F484,MO,44.247651,10.736947,70.0,4900863.418,1638707.998
PF01/0024/F484,MO,44.241829,10.716185,52.0,4900181.889,1637063.84
PF03/0024/F484,MO,44.237528,10.702777,8.0,4899681.82,1636003.12
PF01/0025/F484,MO,44.244505,10.727271,11.0,4900497.717,1637942.764
PF03/0025/F484,MO,44.24559,10.723369,72.0,4900611.678,1637628.673
PF04/0025/F484,MO,44.23957,10.719351,10.0,4899936.2,1637321.9
PF06/0025/F484,MO,44.245079,10.734084,72.0,4900572.882,1638485.431
PF07/0025/F484,MO,44.239615,10.72294,10.0,4899947.2,1637608.4
PF08/0025/F484,MO,44.244243,10.719194,52.0,4900455.042,1637298.452
PF10/0025/F484,MO,44.242958,10.724072,8.0,4900320.42,1637690.98
PF11/0025/F484,MO,44.246216,10.730838,72.0,4900693.675,1638223.586
PF01/0026/F484,MO,44.235928,10.691958,70.0,4899486.294,1635142.803
PF02/0026/F484,MO,44.234297,10.69573,70.0,4899311.359,1635447.755
PF01/0027/F484,MO,44.224102,10.708626,52.0,4898200.237,1636501.246
PF02/0027/F484,MO,44.226891,10.704355,70.0,4898502.928,1636153.641
PF03/0027/F484,MO,44.230335,10.703064,52.0,4898883.355,1636042.615
PF04/0027/F484,MO,44.227584,10.706263,8.0,4898583.11,1636304.41
PF01/0028/F484,MO,44.229986,10.714138,52.0,4898863.007,1636927.816
PF02/0028/F484,MO,44.229089,10.716112,52.0,4898766.691,1637087.575
PF03/0028/F484,MO,44.227084,10.720616,12.0,4898551.5,1637452.0
PF04/0028/F484,MO,44.234978,10.714939,8.0,4899418.8,1636980.27
PF01/0030/F484,MO,44.219449,10.719512,52.0,4897701.551,1637381.504
PF01/0031/F484,MO,44.212526,10.712188,52.0,4896920.345,1636812.527
PF02/0031/F484,MO,44.200206,10.706333,72.0,4895542.215,1636373.185
PF01/0032/F484,MO,44.250563,10.716536,8.0,4901152.65,1637071.6
PF02/0032/F484,MO,44.245345,10.714248,70.0,4900569.218,1636900.994
PF01/0001/F503,MO,44.374711,10.621956,70.0,4914789.117,1629247.726
PF02/0001/F503,MO,44.373864,10.625464,70.0,4914700.503,1629529.12
PF03/0001/F503,MO,44.377159,10.62219,70.0,4915061.415,1629261.031
PF05/0001/F503,MO,44.376987,10.618766,70.0,4915036.897,1628988.561
PF07/0001/F503,MO,44.374005,10.618068,70.0,4914704.553,1628939.496
PF08/0001/F503,MO,44.37361,10.61378,70.0,4914653.954,1628598.734
PF01/0002/F503,MO,44.370475,10.620156,9.0,4914315.75,1629113.6
PF02/0002/F503,MO,44.368269,10.615019,70.0,4914062.606,1628709.165
PF03/0002/F503,MO,44.368724,10.618125,70.0,4914117.971,1628955.682
PF04/0002/F503,MO,44.366861,10.617044,70.0,4913909.427,1628873.627
PF05/0002/F503,MO,44.367997,10.605852,72.0,4914018.074,1627979.388
PF01/0003/F503,MO,44.370087,10.634757,70.0,4914295.719,1630277.863
PF02/0003/F503,MO,44.368156,10.635876,70.0,4914082.979,1630371.313
PF03/0003/F503,MO,44.370556,10.628523,50.0,4914337.892,1629780.134
PF04/0003/F503,MO,44.3717,10.631346,70.0,4914469.433,1630002.467
PF05/0003/F503,MO,44.371694,10.63755,70.0,4914478.687,1630496.817
PF01/0004/F503,MO,44.364804,10.601369,52.0,4913656.34,1627629.044
PF02/0004/F503,MO,44.361794,10.610048,72.0,4913335.538,1628327.193
PF03/0004/F503,MO,44.366406,10.608452,72.0,4913845.315,1628190.017
PF04/0004/F503,MO,44.365683,10.612641,56.0,4913771.615,1628525.323
PF05/0004/F503,MO,44.363372,10.616447,50.0,4913520.912,1628833.65
PF01/0005/F503,MO,44.368757,10.622863,52.0,4914129.174,1629333.137
PF02/0005/F503,MO,44.3683,10.625959,72.0,4914083.311,1629580.825
PF03/0005/F503,MO,44.365944,10.627471,52.0,4913823.971,1629706.467
PF04/0005/F503,MO,44.369918,10.622525,8.0,4914257.57,1629303.6
PF05/0005/F503,MO,44.363849,10.627641,8.0,4913591.57,1629724.63
PF06/0005/F503,MO,44.365631,10.630864,52.0,4913794.59,1629977.51
PF07/0005/F503,MO,44.366721,10.620596,50.0,4913899.456,1629156.915
PF08/0005/F503,MO,44.362354,10.636639,52.0,4913439.749,1630444.954
PF09/0005/F503,MO,44.364119,10.632122,52.0,4913628.627,1630081.082
PF01/0006/F503,MO,44.367923,10.640024,52.0,4914063.73,1630702.306
PF02/0006/F503,MO,44.359891,10.637434,50.0,4913167.469,1630513.764
PF03/0006/F503,MO,44.364813,10.637186,52.0,4913713.734,1630483.065
PF04/0006/F503,MO,44.360262,10.642771,12.0,4913217.21,1630938.26
PF01/0007/F503,MO,44.356972,10.555055,70.0,4912715.283,1623955.126
PF02/0007/F503,MO,44.358078,10.552276,50.0,4912833.947,1623731.358
PF03/0007/F503,MO,44.354307,10.544399,50.0,4912403.22,1623111.453
PF05/0007/F503,MO,44.354634,10.55134,12.0,4912450.0,1623664.0
PF01/0009/F503,MO,44.353791,10.572405,52.0,4912388.404,1625344.605
PF02/0009/F503,MO,44.358556,10.56504,52.0,4912906.409,1624747.546
PF03/0009/F503,MO,44.357081,10.576836,52.0,4912760.64,1625690.731
PF04/0009/F503,MO,44.362062,10.581696,52.0,4913321.288,1626067.362
PF01/0010/F503,MO,44.349836,10.57897,50.0,4911959.084,1625876.253
PF03/0010/F503,MO,44.352783,10.580952,50.0,4912289.506,1626027.913
PF04/0010/F503,MO,44.361146,10.58464,52.0,4913224.074,1626303.93
PF06/0010/F503,MO,44.359514,10.580971,52.0,4913037.183,1626015.058
PF07/0010/F503,MO,44.356237,10.582984,52.0,4912676.316,1626182.453
PF01/0011/F503,MO,44.359233,10.589525,52.0,4913019.116,1626697.285
PF02/0011/F503,MO,44.360901,10.591909,52.0,4913208.18,1626883.662
PF03/0011/F503,MO,44.357647,10.589804,52.0,4912843.486,1626723.002
PF04/0011/F503,MO,44.355129,10.586572,11.0,4912558.8,1626470.8
PF01/0012/F503,MO,44.357616,10.609306,9.0,4912870.3,1628277.25
PF02/0012/F503,MO,44.35805,10.594058,70.0,4912894.749,1627061.124
PF04/0012/F503,MO,44.361128,10.605122,52.0,4913253.84,1627936.125
PF05/0012/F503,MO,44.356273,10.601584,11.0,4912709.1,1627664.7
PF06/0012/F503,MO,44.359924,10.596823,52.0,4913107.245,1627277.389
PF07/0012/F503,MO,44.358433,10.59961,12.0,4912946.0,1627502.7
PF08/0012/F503,MO,44.359534,10.611011,72.0,4913085.999,1628408.865
PF09/0012/F503,MO,44.362741,10.594941,12.0,4913417.19,1627121.36
PF10/0012/F503,MO,44.362067,10.594308,52.0,4913341.374,1627072.389
PF01/0013/F503,MO,44.354166,10.595211,50.0,4912465.098,1627161.384
PF02/0013/F503,MO,44.354101,10.61018,70.0,4912481.241,1628354.542
PF03/0013/F503,MO,44.354,10.600866,70.0,4912455.502,1627612.414
PF05/0013/F503,MO,44.353851,10.607022,50.0,4912448.542,1628103.419
PF07/0013/F503,MO,44.35207,10.596825,70.0,4912234.848,1627294.556
PF02/0014/F503,MO,44.353064,10.622562,52.0,4912385.546,1629343.656
PF03/0014/F503,MO,44.355712,10.618564,70.0,4912673.311,1629019.152
PF04/0014/F503,MO,44.355384,10.621434,70.0,4912641.475,1629248.631
PF05/0014/F503,MO,44.353828,10.613979,70.0,4912456.898,1628657.905
PF06/0014/F503,MO,44.356907,10.612277,52.0,4912796.193,1628515.518
PF08/0014/F503,MO,44.361206,10.615338,50.0,4913278.533,1628750.036
PF02/0015/F503,MO,44.35782,10.622513,9.0,4912913.75,1629329.3
PF04/0015/F503,MO,44.357027,10.625278,50.0,4912829.968,1629551.368
PF05/0015/F503,MO,44.36128,10.625109,70.0,4913302.219,1629528.492
PF06/0015/F503,MO,44.359336,10.625205,5.0,4913086.37,1629540.48
PF07/0015/F503,MO,44.358924,10.625401,52.0,4913040.926,1629557.018
PF01/0016/F503,MO,44.35861,10.629539,70.0,4913012.567,1629887.428
PF02/0016/F503,MO,44.357285,10.631621,50.0,4912868.713,1630056.313
PF03/0016/F503,MO,44.3547,10.626947,52.0,4912574.148,1629689.505
PF04/0016/F503,MO,44.350826,10.627315,72.0,4912144.396,1629727.399
PF05/0016/F503,MO,44.354323,10.630366,72.0,4912537.69,1629962.825
PF06/0016/F503,MO,44.362002,10.631826,50.0,4913392.983,1630062.237
PF01/0017/F503,MO,44.356047,10.634532,8.0,4912735.87,1630291.01
PF03/0017/F503,MO,44.356138,10.637036,72.0,4912749.871,1630490.414
PF04/0017/F503,MO,44.356028,10.640784,72.0,4912743.662,1630789.309
PF05/0017/F503,MO,44.358291,10.640909,72.0,4912995.296,1630794.239
PF06/0017/F503,MO,44.353232,10.640461,72.0,4912432.563,1630769.812
PF07/0017/F503,MO,44.353477,10.643714,72.0,4912464.998,1631028.528
PF08/0017/F503,MO,44.356624,10.643153,52.0,4912813.624,1630976.804
PF10/0017/F503,MO,44.357944,10.64114,8.0,4912957.11,1630813.4
PF01/0018/F503,MO,44.352525,10.633774,52.0,4912343.446,1630238.415
PF02/0018/F503,MO,44.351128,10.637187,52.0,4912193.69,1630513.522
PF03/0018/F503,MO,44.349968,10.635526,72.0,4912062.134,1630383.749
PF04/0018/F503,MO,44.350341,10.643392,52.0,4912116.119,1631009.858
PF05/0018/F503,MO,44.347816,10.635836,52.0,4911823.665,1630413.209
PF06/0018/F503,MO,44.345855,10.635481,72.0,4911605.276,1630389.227
PF07/0018/F503,MO,44.343854,10.637286,72.0,4911385.817,1630537.567
PF08/0018/F503,MO,44.342983,10.640694,72.0,4911294.513,1630811.163
PF09/0018/F503,MO,44.340544,10.639149,72.0,4911021.105,1630693.429
PF10/0018/F503,MO,44.344729,10.640438,52.0,4911488.047,1630786.906
PF11/0018/F503,MO,44.344984,10.643382,12.0,4911521.11,1631020.94
PF01/0019/F503,MO,44.342931,10.531903,70.0,4911120.885,1622139.187
PF02/0019/F503,MO,44.340907,10.537749,70.0,4910904.879,1622609.455
PF01/0020/F503,MO,44.354389,10.539766,50.0,4912405.442,1622742.118
PF02/0020/F503,MO,44.34093,10.542256,70.0,4910914.178,1622968.644
PF01/0022/F503,MO,44.345175,10.559404,72.0,4911411.513,1624326.678
PF01/0023/F503,MO,44.351944,10.571185,9.0,4912181.35,1625251.3
PF01/0024/F503,MO,44.349361,10.569596,50.0,4911892.029,1625130.122
PF02/0024/F503,MO,44.347522,10.571615,72.0,4911690.762,1625295.012
PF04/0024/F503,MO,44.346361,10.57486,72.0,4911566.828,1625556.102
PF05/0024/F503,MO,44.347365,10.577896,72.0,4911682.967,1625795.984
PF07/0024/F503,MO,44.34342,10.573579,70.0,4911238.179,1625460.296
PF08/0024/F503,MO,44.342843,10.576686,70.0,4911178.835,1625709.205
PF09/0024/F503,MO,44.341815,10.566606,70.0,4911049.27,1624907.891
PF10/0024/F503,MO,44.345285,10.569519,54.0,4911439.151,1625132.702
PF01/0025/F503,MO,44.350338,10.58766,9.0,4912028.25,1626567.8
PF02/0025/F503,MO,44.347977,10.587237,50.0,4911765.304,1626539.168
PF01/0026/F503,MO,44.3444,10.582521,52.0,4911360.719,1626170.969
PF02/0026/F503,MO,44.343688,10.586926,70.0,4911288.421,1626523.653
PF03/0026/F503,MO,44.345266,10.594519,52.0,4911475.524,1627125.471
PF04/0026/F503,MO,44.348212,10.594953,72.0,4911803.441,1627153.673
PF01/0027/F503,MO,44.34007,10.608875,70.0,4910920.662,1628281.099
PF02/0027/F503,MO,44.342999,10.6095,70.0,4911247.0,1628324.579
PF03/0027/F503,MO,44.343461,10.614999,72.0,4911306.924,1628761.881
PF04/0027/F503,MO,44.341489,10.605255,52.0,4911072.635,1627989.421
PF05/0027/F503,MO,44.343312,10.602798,72.0,4911271.317,1627789.672
PF01/0028/F503,MO,44.339002,10.613839,9.0,4910809.8,1628679.2
PF02/0028/F503,MO,44.340983,10.616453,70.0,4911033.944,1628883.241
PF03/0028/F503,MO,44.340947,10.611733,70.0,4911022.601,1628507.051
PF02/0029/F503,MO,44.349142,10.619675,70.0,4911945.381,1629122.143
PF03/0029/F503,MO,44.349221,10.616691,52.0,4911949.366,1628884.148
PF04/0029/F503,MO,44.35029,10.623254,72.0,4912078.548,1629404.875
PF05/0029/F503,MO,44.341346,10.622444,70.0,4911083.704,1629360.01
PF06/0029/F503,MO,44.339431,10.625314,70.0,4910875.567,1629593.036
PF07/0029/F503,MO,44.342551,10.625565,52.0,4911222.56,1629606.093
PF08/0029/F503,MO,44.343573,10.619208,72.0,4911325.96,1629097.147
PF01/0030/F503,MO,44.349164,10.625778,52.0,4911957.358,1629608.508
PF02/0030/F503,MO,44.348876,10.629069,50.0,4911930.583,1629871.482
PF03/0030/F503,MO,44.338655,10.629849,8.0,4910796.53,1629956.25
PF04/0030/F503,MO,44.346914,10.625127,50.0,4911706.457,1629561.634
PF05/0030/F503,MO,44.343989,10.629378,72.0,4911388.294,1629906.92
PF06/0030/F503,MO,44.33843,10.629478,72.0,4910770.976,1629927.133
PF01/0031/F503,MO,44.330804,10.545933,52.0,4909794.912,1623282.981
PF02/0031/F503,MO,44.330064,10.548461,52.0,4909716.515,1623486.094
PF04/0031/F503,MO,44.334189,10.544074,52.0,4910168.122,1623127.702
PF05/0031/F503,MO,44.339148,10.539744,70.0,4910712.409,1622772.115
PF02/0032/F503,MO,44.330917,10.54815,50.0,4909810.763,1623459.469
PF03/0032/F503,MO,44.335278,10.551157,52.0,4910299.735,1623690.113
PF04/0032/F503,MO,44.333279,10.553336,12.0,4910081.0,1623868.0
PF01/0033/F503,MO,44.341339,10.555374,72.0,4910979.334,1624013.479
PF02/0033/F503,MO,44.340656,10.560376,72.0,4910911.05,1624413.685
PF01/0034/F503,MO,44.341865,10.570528,72.0,4911060.729,1625220.354
PF02/0034/F503,MO,44.329237,10.559261,50.0,4909640.901,1624348.9
PF03/0034/F503,MO,44.335571,10.565552,70.0,4910354.075,1624837.11
PF04/0034/F503,MO,44.33107,10.563478,8.0,4909850.91,1624681.31
PF01/0035/F503,MO,44.341471,10.574295,52.0,4911022.754,1625521.503
PF02/0035/F503,MO,44.339574,10.572256,52.0,4910808.923,1625363.044
PF03/0035/F503,MO,44.336742,10.57951,52.0,4910505.441,1625947.319
PF04/0035/F503,MO,44.334354,10.572378,70.0,4910229.279,1625383.833
PF01/0036/F503,MO,44.337062,10.583378,52.0,4910546.975,1626255.051
PF02/0036/F503,MO,44.338727,10.580966,52.0,4910728.219,1626059.193
PF04/0036/F503,MO,44.341387,10.582824,70.0,4911026.571,1626201.562
PF05/0036/F503,MO,44.336718,10.586385,72.0,4910513.408,1626495.505
PF06/0036/F503,MO,44.33946,10.583149,12.0,4910813.0,1626231.6
PF01/0037/F503,MO,44.335389,10.594815,72.0,4910378.827,1627170.419
PF02/0037/F503,MO,44.337923,10.594847,50.0,4910660.386,1627167.524
PF03/0037/F503,MO,44.335014,10.58858,70.0,4910327.532,1626674.169
PF01/0038/F503,MO,44.337517,10.605694,70.0,4910632.18,1628033.096
PF02/0038/F503,MO,44.335081,10.610153,72.0,4910368.522,1628393.9
PF03/0038/F503,MO,44.334815,10.6052,70.0,4910331.2,1627999.575
PF04/0038/F503,MO,44.337182,10.61682,50.0,4910612.307,1628920.805
PF05/0038/F503,MO,44.332403,10.615907,72.0,4910080.096,1628858.507
PF06/0038/F503,MO,44.334719,10.615196,52.0,4910336.229,1628796.743
PF07/0038/F503,MO,44.333164,10.605852,8.0,4910148.8,1628055.2
PF01/0039/F503,MO,44.338466,10.62034,70.0,4910760.548,1629198.625
PF02/0039/F503,MO,44.332173,10.619743,72.0,4910060.525,1629164.843
PF03/0039/F503,MO,44.3294,10.618941,70.0,4909751.276,1629106.969
PF04/0039/F503,MO,44.333091,10.623278,52.0,4910168.141,1629444.673
PF05/0039/F503,MO,44.330606,10.623518,52.0,4909892.403,1629469.261
PF07/0039/F503,MO,44.329193,10.62706,52.0,4909741.139,1629754.765
PF08/0039/F503,MO,44.327534,10.623474,70.0,4909551.139,1629472.449
PF09/0039/F503,MO,44.327083,10.627526,52.0,4909507.466,1629796.558
PF01/0040/F503,MO,44.335464,10.633703,70.0,4910448.174,1630270.553
PF02/0040/F503,MO,44.333032,10.632844,52.0,4910176.652,1630207.414
PF02/0041/F503,MO,44.335086,10.556675,70.0,4910286.69,1624130.38
PF01/0042/F503,MO,44.329206,10.570857,52.0,4909655.206,1625273.581
PF02/0042/F503,MO,44.328991,10.580936,50.0,4909646.759,1626077.618
PF03/0042/F503,MO,44.327085,10.561017,52.0,4909404.559,1624493.513
PF01/0043/F503,MO,44.325197,10.586807,52.0,4909234.333,1626553.898
PF02/0043/F503,MO,44.327319,10.583302,56.0,4909464.646,1626269.909
PF03/0043/F503,MO,44.328916,10.584202,70.0,4909643.361,1626338.185
PF04/0043/F503,MO,44.32715,10.583171,56.0,4909445.621,1626259.825
PF05/0043/F503,MO,44.324138,10.584602,56.0,4909113.267,1626380.362
PF01/0044/F503,MO,44.325847,10.599079,70.0,4909325.515,1627531.03
PF02/0044/F503,MO,44.32463,10.593543,52.0,4909181.758,1627092.242
PF03/0044/F503,MO,44.322059,10.591923,52.0,4908893.701,1626968.622
PF04/0044/F503,MO,44.320841,10.595174,52.0,4908763.482,1627230.488
PF05/0044/F503,MO,44.320924,10.600341,70.0,4908780.675,1627642.334
PF06/0044/F503,MO,44.330834,10.602799,70.0,4909885.248,1627816.837
PF02/0045/F503,MO,44.327548,10.611269,50.0,4909533.564,1628499.278
PF03/0045/F503,MO,44.325326,10.609085,12.0,4909283.3,1628330.0
PF04/0045/F503,MO,44.327056,10.601887,70.0,4909464.233,1627752.283
PF05/0045/F503,MO,44.327929,10.616362,70.0,4909583.844,1628904.516
PF06/0045/F503,MO,44.323097,10.604244,52.0,4909028.086,1627948.825
PF07/0045/F503,MO,44.329304,10.605826,70.0,4909720.09,1628061.479
PF01/0046/F503,MO,44.317577,10.617936,52.0,4908436.379,1629052.71
PF02/0046/F503,MO,44.320631,10.613825,70.0,4908769.251,1628718.258
PF03/0046/F503,MO,44.323438,10.601029,70.0,4909061.003,1627691.761
PF04/0046/F503,MO,44.323578,10.611441,50.0,4909092.848,1628521.667
PF05/0046/F503,MO,44.31851,10.611586,52.0,4908530.134,1628544.28
PF06/0046/F503,MO,44.321786,10.60783,50.0,4908888.077,1628237.678
PF07/0046/F503,MO,44.319531,10.608517,70.0,4908638.731,1628297.315
PF09/0046/F503,MO,44.316981,10.614432,52.0,4908364.675,1628774.573
PF01/0047/F503,MO,44.320333,10.624962,52.0,4908753.686,1629607.004
PF02/0047/F503,MO,44.319608,10.618054,9.0,4908662.2,1629057.7
PF03/0047/F503,MO,44.323099,10.623747,70.0,4909058.99,1629504.024
PF04/0047/F503,MO,44.32319,10.618714,52.0,4909061.179,1629102.478
PF05/0047/F503,MO,44.323999,10.627241,52.0,4909164.498,1629780.608
PF01/0048/F503,MO,44.308561,10.599418,70.0,4907406.004,1627595.536
PF02/0048/F503,MO,44.304157,10.599947,70.0,4906917.589,1627647.214
PF01/0049/F503,MO,44.312451,10.609568,72.0,4907853.961,1628396.595
PF02/0049/F503,MO,44.309195,10.602432,70.0,4907481.152,1627834.534
PF01/0050/F503,MO,44.306315,10.613305,50.0,4907178.199,1628708.06
PF02/0050/F503,MO,44.312875,10.612693,8.0,4907905.89,1628644.9
PF03/0050/F503,MO,44.313824,10.616043,52.0,4908016.571,1628909.989
PF01/0051/F503,MO,44.305592,10.608626,50.0,4907090.525,1628336.435
PF02/0051/F503,MO,44.304084,10.612763,50.0,4906929.517,1628669.694
PF03/0051/F503,MO,44.297737,10.603265,72.0,4906209.655,1627925.822
PF04/0051/F503,MO,44.304735,10.606078,8.0,4906991.34,1628135.05
PF05/0051/F503,MO,44.301299,10.596679,70.0,4906595.098,1627392.753
PF01/0001/F642,MO,44.316497,11.000334,50.0,4908989.3,1659551.055
PF02/0001/F642,MO,44.317144,11.005333,52.0,4909070.875,1659947.95
PF04/0001/F642,MO,44.319934,10.993994,52.0,4909358.785,1659036.165
PF05/0001/F642,MO,44.322514,10.988286,52.0,4909634.308,1658574.027
PF06/0001/F642,MO,44.32137,10.985287,52.0,4909501.453,1658337.959
PF01/0002/F642,MO,44.318291,10.977595,52.0,4909144.593,1657732.827
PF01/0003/F642,MO,44.316158,10.991875,72.0,4908935.19,1658877.358
PF02/0003/F642,MO,44.316977,10.988404,72.0,4909019.493,1658598.315
PF01/0004/F642,MO,44.314411,10.930367,52.0,4908623.842,1653976.655
PF04/0004/F642,MO,44.30841,10.930937,50.0,4907958.32,1654037.845
PF01/0005/F642,MO,44.317412,10.933981,70.0,4908963.92,1654257.007
PF01/0006/F642,MO,44.312942,10.956642,70.0,4908510.359,1656076.024
PF02/0006/F642,MO,44.310588,10.955161,52.0,4908246.005,1655964.148
PF03/0006/F642,MO,44.310093,10.948821,70.0,4908178.981,1655459.839
PF01/0007/F642,MO,44.312979,10.958937,12.0,4908518.8,1656259.0
PF03/0007/F642,MO,44.308946,10.960738,52.0,4908074.242,1656413.361
PF04/0007/F642,MO,44.312209,10.96568,9.0,4908446.1,1656798.8
PF05/0007/F642,MO,44.314011,10.963409,70.0,4908641.931,1656612.929
PF02/0008/F642,MO,44.315207,10.968344,70.0,4908784.259,1657003.304
PF03/0008/F642,MO,44.31383,10.974545,50.0,4908643.237,1657501.563
PF03/0009/F642,MO,44.308348,10.986734,50.0,4908057.734,1658488.413
PF04/0009/F642,MO,44.314454,10.985566,72.0,4908733.698,1658378.78
PF05/0009/F642,MO,44.311815,10.98344,72.0,4908436.441,1658216.316
PF06/0009/F642,MO,44.312035,10.986641,70.0,4908467.075,1658471.016
PF07/0009/F642,MO,44.315988,10.981647,72.0,4908896.581,1658062.114
PF08/0009/F642,MO,44.309626,10.979192,50.0,4908185.191,1657883.372
PF09/0009/F642,MO,44.307031,10.983595,72.0,4907905.45,1658241.532
PF10/0009/F642,MO,44.305163,10.981317,52.0,4907693.504,1658064.865
PF01/0010/F642,MO,44.311275,10.990936,50.0,4908391.054,1658815.665
PF05/0010/F642,MO,44.305977,10.994423,52.0,4907809.212,1659108.033
PF01/0011/F642,MO,44.315173,11.006015,50.0,4908853.24,1660007.684
PF02/0011/F642,MO,44.311552,11.001857,50.0,4908442.931,1659685.904
PF03/0011/F642,MO,44.313849,10.996505,50.0,4908687.745,1659252.873
PF04/0011/F642,MO,44.307925,10.998878,50.0,4908034.282,1659458.131
PF05/0011/F642,MO,44.308312,11.003371,10.0,4908086.018,1659815.446
PF01/0012/F642,MO,44.307568,10.909686,52.0,4907825.094,1652345.063
PF02/0012/F642,MO,44.303344,10.91127,52.0,4907358.918,1652482.301
PF03/0012/F642,MO,44.302808,10.907468,72.0,4907292.257,1652180.438
PF01/0013/F642,MO,44.306108,10.914114,70.0,4907671.153,1652702.0
PF03/0013/F642,MO,44.30539,10.918111,70.0,4907598.903,1653022.673
PF04/0013/F642,MO,44.307966,10.916069,70.0,4907881.187,1652853.082
PF01/0014/F642,MO,44.303009,10.931017,52.0,4907358.514,1654058.319
PF02/0014/F642,MO,44.301242,10.927863,50.0,4907156.346,1653811.383
PF01/0015/F642,MO,44.305054,10.935063,8.0,4907593.34,1654375.73
PF02/0015/F642,MO,44.303486,10.938682,12.0,4907426.0,1654668.5
PF03/0015/F642,MO,44.305019,10.942226,70.0,4907602.886,1654947.195
PF04/0015/F642,MO,44.306998,10.937996,52.0,4907814.807,1654604.585
PF05/0015/F642,MO,44.309616,10.934762,52.0,4908099.518,1654339.738
PF01/0016/F642,MO,44.306883,10.956635,52.0,4907837.293,1656091.523
PF02/0016/F642,MO,44.305871,10.959301,52.0,4907729.932,1656306.886
PF03/0016/F642,MO,44.306558,10.963894,50.0,4907815.028,1656671.393
PF04/0016/F642,MO,44.302802,10.958689,50.0,4907387.845,1656266.216
PF05/0016/F642,MO,44.299831,10.957603,70.0,4907055.851,1656187.432
PF07/0016/F642,MO,44.301296,10.962736,50.0,4907228.372,1656593.035
PF01/0017/F642,MO,44.307464,10.968877,72.0,4907925.187,1657066.444
PF02/0017/F642,MO,44.305004,10.972639,50.0,4907659.141,1657373.1
PF03/0017/F642,MO,44.303896,10.970443,52.0,4907531.918,1657200.904
PF04/0017/F642,MO,44.309794,10.970235,72.0,4908186.669,1657168.564
PF05/0017/F642,MO,44.309283,10.965107,50.0,4908120.008,1656760.944
PF03/0018/F642,MO,44.296607,10.900197,50.0,4906590.049,1651616.389
PF01/0019/F642,MO,44.290614,10.91987,52.0,4905960.891,1653201.389
PF03/0019/F642,MO,44.290709,10.920274,8.0,4905972.17,1653233.36
PF01/0020/F642,MO,44.287029,10.927325,52.0,4905576.566,1653805.507
PF02/0020/F642,MO,44.289067,10.925862,70.0,4905800.28,1653683.483
PF03/0020/F642,MO,44.29814,10.927382,50.0,4906810.868,1653781.132
PF01/0021/F642,MO,44.299864,10.951567,50.0,4907047.995,1655705.913
PF02/0021/F642,MO,44.300502,10.947384,12.0,4907111.0,1655370.5
PF03/0021/F642,MO,44.301603,10.935147,50.0,4907210.161,1654391.473
PF01/0022/F642,MO,44.295536,10.953832,10.0,4906571.6,1655898.0
PF02/0022/F642,MO,44.296108,10.950427,8.0,4906628.67,1655624.88
PF03/0022/F642,MO,44.291245,10.949628,52.0,4906086.982,1655573.937
PF01/0023/F642,MO,44.287973,10.897216,52.0,4905625.518,1651400.754
PF02/0023/F642,MO,44.291986,10.889506,72.0,4906057.074,1650775.297
PF03/0023/F642,MO,44.291686,10.894782,50.0,4906033.407,1651196.981
PF04/0023/F642,MO,44.290392,10.890881,8.0,4905882.5,1650889.06
PF05/0023/F642,MO,44.286727,10.893361,50.0,4905479.949,1651096.391
PF01/0024/F642,MO,44.287165,10.905262,8.0,4905550.58,1652044.78
PF02/0024/F642,MO,44.290039,10.903243,50.0,4905866.076,1651876.332
PF03/0024/F642,MO,44.286827,10.909809,70.0,4905521.509,1652408.51
PF04/0024/F642,MO,44.29628,10.904084,8.0,4906560.9,1651927.32
PF05/0024/F642,MO,44.292768,10.903004,50.0,4906168.81,1651850.22
PF06/0024/F642,MO,44.296852,10.903909,52.0,4906624.043,1651911.897
PF07/0024/F642,MO,44.291779,10.90011,52.0,4906053.584,1651621.823
PF08/0024/F642,MO,44.287755,10.901063,50.0,4905608.331,1651708.264
PF02/0025/F642,MO,44.286496,10.915847,70.0,4905496.007,1652891.116
PF03/0025/F642,MO,44.29104,10.91326,52.0,4905995.839,1652672.881
PF04/0025/F642,MO,44.292725,10.910856,8.0,4906178.59,1652476.72
PF05/0025/F642,MO,44.294252,10.907043,72.0,4906341.06,1652168.593
PF06/0025/F642,MO,44.290435,10.910189,70.0,4905922.933,1652429.474
PF07/0025/F642,MO,44.292194,10.916218,52.0,4906129.608,1652905.952
PF01/0026/F642,MO,44.289745,10.946116,52.0,4905913.712,1655297.672
PF02/0026/F642,MO,44.286296,10.948981,52.0,4905535.988,1655535.377
PF03/0026/F642,MO,44.291333,10.93443,70.0,4906068.034,1654361.146
PF04/0026/F642,MO,44.287571,10.938181,50.0,4905657.216,1654670.322
PF05/0026/F642,MO,44.294389,10.936905,8.0,4906412.13,1654550.6
PF06/0026/F642,MO,44.286447,10.932696,70.0,4905522.036,1654235.577
PF01/0027/F642,MO,44.284198,10.888892,50.0,4905190.788,1650746.234
PF01/0028/F642,MO,44.280743,10.883583,72.0,4904797.303,1650331.426
PF01/0029/F642,MO,44.276385,10.892398,50.0,4904329.391,1651046.032
PF02/0029/F642,MO,44.276987,10.898375,52.0,4904407.303,1651521.419
PF03/0029/F642,MO,44.276319,10.891389,8.0,4904320.24,1650965.66
PF01/0030/F642,MO,44.284009,10.911632,52.0,4905211.902,1652561.233
PF02/0030/F642,MO,44.281579,10.910101,52.0,4904939.14,1652445.31
PF03/0030/F642,MO,44.283936,10.903051,52.0,4905187.827,1651876.74
PF04/0030/F642,MO,44.280361,10.906774,52.0,4904797.63,1652183.015
PF05/0030/F642,MO,44.282038,10.900914,52.0,4904973.007,1651711.068
PF06/0030/F642,MO,44.285223,10.896994,72.0,4905319.567,1651390.054
PF07/0030/F642,MO,44.283477,10.907048,50.0,4905144.242,1652196.802
PF01/0031/F642,MO,44.282735,10.926126,8.0,4905097.4,1653721.06
PF02/0031/F642,MO,44.28617,10.927263,70.0,4905481.086,1653802.798
PF05/0031/F642,MO,44.283093,10.912741,52.0,4905112.159,1652652.054
PF06/0031/F642,MO,44.281909,10.922589,70.0,4904998.98,1653440.958
PF07/0031/F642,MO,44.281309,10.915539,52.0,4904919.18,1652879.983
PF08/0031/F642,MO,44.285642,10.920654,12.0,4905410.029,1653276.89
PF01/0032/F642,MO,44.277574,10.91128,52.0,4904496.448,1652549.756
PF02/0032/F642,MO,44.273704,10.911334,52.0,4904066.644,1652564.131
PF03/0032/F642,MO,44.27815,10.906641,52.0,4904551.789,1652178.078
PF01/0033/F642,MO,44.278143,10.916077,8.0,4904568.51,1652931.16
PF02/0033/F642,MO,44.275479,10.915158,70.0,4904270.894,1652864.725
PF01/0034/F642,MO,44.281653,10.923262,72.0,4904971.824,1653495.381
PF02/0034/F642,MO,44.278979,10.920743,52.0,4904670.097,1653301.267
PF03/0034/F642,MO,44.278142,10.92384,52.0,4904582.991,1653550.64
PF02/0035/F642,MO,44.283361,10.930889,50.0,4905175.819,1654099.463
PF03/0035/F642,MO,44.280608,10.933468,50.0,4904874.957,1654312.52
PF04/0035/F642,MO,44.27882,10.931334,70.0,4904672.254,1654146.916
PF05/0035/F642,MO,44.283253,10.93424,72.0,4905170.168,1654367.148
PF06/0035/F642,MO,44.284628,10.927171,50.0,4905309.593,1653799.512
PF07/0035/F642,MO,44.285804,10.941893,72.0,4905467.983,1654971.153
PF01/0036/F642,MO,44.280348,10.952399,70.0,4904881.839,1655823.845
PF02/0036/F642,MO,44.278682,10.956495,70.0,4904704.579,1656155.112
PF03/0036/F642,MO,44.280744,10.947153,8.0,4904915.83,1655404.18
PF01/0037/F642,MO,44.271902,10.878984,52.0,4903806.905,1649986.912
PF01/0038/F642,MO,44.274517,10.886899,72.0,4904111.782,1650611.981
PF02/0038/F642,MO,44.362386,10.88147,8.0,4913862.11,1649954.7
PF03/0038/F642,MO,44.269277,10.88007,72.0,4903517.295,1650080.281
PF01/0039/F642,MO,44.264543,10.884084,5.0,4902998.77,1650412.75
PF02/0039/F642,MO,44.270197,10.892266,70.0,4903641.786,1651051.32
PF03/0039/F642,MO,44.264962,10.891015,70.0,4903058.103,1650964.853
PF01/0040/F642,MO,44.269602,10.90759,50.0,4903604.111,1652275.94
PF02/0040/F642,MO,44.271236,10.904429,8.0,4903779.76,1652019.4
PF04/0040/F642,MO,44.273587,10.907394,50.0,4904046.288,1652249.95
PF04/0041/F642,MO,44.27286,10.925533,52.0,4903999.409,1653699.481
PF01/0042/F642,MO,44.270346,10.930762,52.0,4903729.995,1654123.387
PF02/0042/F642,MO,44.272271,10.932621,52.0,4903947.313,1654266.716
PF01/0043/F642,MO,44.280025,10.936553,50.0,4904815.946,1654560.195
PF03/0043/F642,MO,44.276687,10.935498,70.0,4904443.204,1654484.729
PF04/0043/F642,MO,44.277664,10.93962,70.0,4904559.513,1654811.116
PF05/0043/F642,MO,44.274947,10.938375,50.0,4904255.321,1654718.917
PF07/0043/F642,MO,44.272553,10.936535,70.0,4903985.96,1654578.375
PF08/0043/F642,MO,44.270049,10.935746,70.0,4903706.348,1654521.956
PF09/0043/F642,MO,44.278636,10.946297,70.0,4904680.023,1655341.427
PF01/0044/F642,MO,44.268126,10.938734,5.0,4903498.33,1654765.51
PF02/0044/F642,MO,44.269691,10.939082,70.0,4903672.872,1654789.147
PF03/0044/F642,MO,44.269332,10.943619,50.0,4903641.552,1655152.227
PF01/0045/F642,MO,44.278253,10.950611,70.0,4904645.653,1655686.721
PF02/0045/F642,MO,44.276617,10.953394,70.0,4904469.219,1655913.092
PF03/0045/F642,MO,44.273908,10.950508,48.0,4904162.849,1655689.957
PF04/0045/F642,MO,44.27536,10.956424,52.0,4904335.355,1656158.261
PF01/0046/F642,MO,44.267651,10.952287,50.0,4903471.221,1655848.496
PF05/0046/F642,MO,44.272852,10.947538,70.0,4904039.905,1655455.711
PF07/0046/F642,MO,44.273081,10.953082,72.0,4904075.962,1655897.515
PF01/0047/F642,MO,44.275363,10.962452,70.0,4904347.266,1656639.271
PF02/0047/F642,MO,44.270959,10.964945,50.0,4903862.825,1656850.002
PF03/0047/F642,MO,44.277309,10.968245,70.0,4904574.475,1657096.391
PF05/0047/F642,MO,44.277394,10.972375,70.0,4904591.845,1657425.784
PF01/0048/F642,MO,44.26857,10.865734,52.0,4903412.669,1648937.849
PF02/0048/F642,MO,44.26687,10.867785,52.0,4903227.484,1649105.847
PF03/0048/F642,MO,44.266978,10.867562,8.0,4903239.12,1649087.78
PF02/0049/F642,MO,44.260396,10.874549,8.0,4902520.7,1649662.2
PF03/0049/F642,MO,44.263801,10.876134,52.0,4902901.807,1649780.064
PF04/0049/F642,MO,44.264733,10.870998,52.0,4902995.956,1649367.755
PF01/0050/F642,MO,44.262259,10.878686,52.0,4902735.243,1649987.656
PF02/0050/F642,MO,44.261198,10.886651,52.0,4902631.912,1650626.176
PF03/0050/F642,MO,44.26025,10.882351,50.0,4902518.767,1650285.371
PF01/0051/F642,MO,44.263295,10.898355,50.0,4902886.361,1651555.001
PF02/0051/F642,MO,44.261349,10.894667,52.0,4902663.408,1651265.644
PF03/0051/F642,MO,44.263744,10.895195,50.0,4902930.435,1651301.651
PF04/0051/F642,MO,44.256174,10.894361,8.0,4902088.11,1651254.5
PF05/0051/F642,MO,44.257639,10.898557,12.0,4902258.5,1651585.7
PF01/0052/F642,MO,44.266668,10.896009,70.0,4903256.797,1651359.138
PF04/0052/F642,MO,44.268417,10.901348,70.0,4903460.924,1651780.721
PF05/0052/F642,MO,44.262528,10.899918,70.0,4902804.067,1651681.785
PF01/0053/F642,MO,44.256265,10.906071,68.0,4902119.829,1652189.066
PF03/0053/F642,MO,44.257565,10.909351,70.0,4902270.357,1652447.586
PF01/0054/F642,MO,44.267009,10.915886,8.0,4903331.51,1652944.75
PF03/0054/F642,MO,44.264365,10.912171,52.0,4903030.85,1652655.044
PF04/0054/F642,MO,44.261913,10.913317,52.0,4902760.685,1652752.922
PF05/0054/F642,MO,44.268911,10.913999,56.0,4903539.223,1652789.233
PF01/0055/F642,MO,44.258943,10.920103,70.0,4902443.411,1653302.317
PF02/0055/F642,MO,44.256549,10.916601,72.0,4902170.921,1653028.983
PF04/0055/F642,MO,44.260773,10.915683,52.0,4902638.454,1652944.68
PF01/0056/F642,MO,44.261509,10.923808,70.0,4902735.383,1653591.357
PF01/0057/F642,MO,44.26393,10.92857,70.0,4903013.198,1653965.194
PF02/0057/F642,MO,44.26358,10.930647,52.0,4902978.151,1654131.885
PF03/0057/F642,MO,44.261915,10.929102,52.0,4902790.372,1654012.873
PF04/0057/F642,MO,44.259254,10.928081,52.0,4902492.867,1653938.32
PF05/0057/F642,MO,44.25865,10.931082,52.0,4902431.436,1654179.527
PF06/0057/F642,MO,44.25676,10.924849,72.0,4902209.757,1653686.818
PF07/0057/F642,MO,44.255797,10.933115,50.0,4902118.276,1654349.222
PF08/0057/F642,MO,44.253933,10.926722,70.0,4901899.23,1653843.719
PF01/0058/F642,MO,44.266944,10.942937,50.0,4903375.021,1655104.072
PF02/0058/F642,MO,44.266568,10.940245,70.0,4903328.137,1654890.165
PF03/0058/F642,MO,44.265675,10.936801,52.0,4903222.515,1654617.631
PF04/0058/F642,MO,44.262706,10.939077,52.0,4902897.009,1654807.092
PF05/0058/F642,MO,44.258954,10.938062,72.0,4902478.325,1654735.88
PF07/0058/F642,MO,44.259319,10.937196,8.0,4902517.22,1654665.8
PF01/0059/F642,MO,44.266131,10.950607,72.0,4903299.183,1655718.412
PF02/0059/F642,MO,44.264265,10.947876,50.0,4903086.832,1655505.351
PF03/0059/F642,MO,44.25814,10.944239,50.0,4902399.508,1655231.168
PF04/0059/F642,MO,44.261672,10.943358,50.0,4902790.209,1655151.518
PF01/0060/F642,MO,44.265104,10.953037,52.0,4903189.814,1655915.024
PF03/0060/F642,MO,44.255556,10.95855,70.0,4902139.663,1656380.371
PF05/0060/F642,MO,44.26477,10.956745,70.0,4903159.714,1656211.907
PF07/0060/F642,MO,44.257012,10.952959,50.0,4902290.726,1655930.239
PF08/0060/F642,MO,44.261404,10.955045,72.0,4902782.642,1656085.146
PF09/0060/F642,MO,44.258843,10.949909,72.0,4902488.382,1655681.939
PF10/0060/F642,MO,44.2626,10.952262,72.0,4902910.182,1655859.836
PF11/0060/F642,MO,44.254867,10.949325,50.0,4902045.591,1655645.807
PF12/0060/F642,MO,44.258612,10.956547,70.0,4902475.352,1656212.441
PF02/0061/F642,MO,44.265333,10.961397,70.0,4903231.124,1656581.719
PF03/0061/F642,MO,44.263146,10.961819,52.0,4902989.03,1656621.219
PF04/0061/F642,MO,44.261196,10.962817,70.0,4902774.286,1656706.098
PF05/0061/F642,MO,44.257274,10.960228,70.0,4902333.739,1656509.803
PF06/0061/F642,MO,44.257685,10.966661,52.0,4902391.619,1657022.277
PF07/0061/F642,MO,44.254936,10.964989,70.0,4902083.098,1656896.084
PF08/0061/F642,MO,44.266965,10.965243,52.0,4903419.787,1656884.372
PF01/0062/F642,MO,44.253792,10.868063,52.0,4901775.411,1649161.125
PF02/0062/F642,MO,44.250364,10.874439,8.0,4901406.17,1649678.8
PF03/0062/F642,MO,44.245957,10.870346,52.0,4900909.247,1649363.165
PF01/0063/F642,MO,44.243551,10.876421,52.0,4900653.11,1649854.34
PF01/0064/F642,MO,44.248683,10.897055,11.0,4901261.0,1651488.8
PF03/0064/F642,MO,44.246857,10.898858,11.0,4901061.5,1651637.4
PF01/0065/F642,MO,44.253003,10.912831,72.0,4901770.033,1652737.198
PF02/0065/F642,MO,44.253276,10.915374,50.0,4901805.059,1652939.48
PF03/0065/F642,MO,44.251009,10.901331,52.0,4901527.189,1651824.215
PF04/0065/F642,MO,44.25425,10.907826,72.0,4901899.229,1652334.349
PF05/0065/F642,MO,44.253397,10.905465,50.0,4901800.092,1652148.102
PF06/0065/F642,MO,44.255021,10.904389,68.0,4901978.5,1652057.998
PF01/0066/F642,MO,44.252917,10.930299,9.0,4901793.15,1654132.0
PF03/0066/F642,MO,44.248377,10.924211,70.0,4901277.383,1653657.715
PF04/0066/F642,MO,44.247281,10.927752,52.0,4901162.34,1653943.298
PF05/0066/F642,MO,44.253649,10.919537,72.0,4901854.341,1653270.854
PF06/0066/F642,MO,44.247458,10.918727,48.0,4901165.105,1653222.284
PF07/0066/F642,MO,44.252512,10.923204,70.0,4901734.866,1653566.59
PF01/0067/F642,MO,44.255321,10.935518,50.0,4902069.94,1654542.32
PF02/0067/F642,MO,44.253178,10.931474,72.0,4901824.292,1654225.106
PF04/0067/F642,MO,44.254908,10.941236,50.0,4902034.854,1654999.883
PF05/0067/F642,MO,44.251335,10.935892,50.0,4901627.964,1654582.624
PF06/0067/F642,MO,44.249145,10.937264,50.0,4901387.299,1654697.941
PF01/0068/F642,MO,44.247652,10.936364,52.0,4901219.738,1654629.942
PF02/0068/F642,MO,44.246161,10.938187,52.0,4901057.584,1654779.431
PF03/0068/F642,MO,44.248502,10.932922,72.0,4901307.685,1654352.924
PF04/0068/F642,MO,44.245881,10.942723,50.0,4901034.994,1655142.329
PF05/0068/F642,MO,44.246195,10.934932,72.0,4901055.145,1654519.403
PF06/0068/F642,MO,44.243875,10.939427,52.0,4900805.916,1654884.468
PF01/0069/F642,MO,44.245635,10.952391,9.0,4901026.0,1655914.9
PF02/0069/F642,MO,44.247688,10.950748,72.0,4901250.952,1655778.359
PF03/0069/F642,MO,44.245729,10.949815,52.0,4901031.483,1655709.022
PF05/0069/F642,MO,44.253083,10.962978,70.0,4901873.411,1656740.466
PF06/0069/F642,MO,44.251122,10.954536,72.0,4901639.534,1656071.674
PF02/0070/F642,MO,44.243666,10.87012,52.0,4900654.297,1649350.926
PF03/0070/F642,MO,44.242019,10.862767,52.0,4900458.103,1648767.943
PF01/0071/F642,MO,44.237853,10.876889,52.0,4900020.976,1649906.21
PF02/0071/F642,MO,44.240806,10.880284,8.0,4900355.16,1650169.83
PF02/0073/F642,MO,44.238571,10.891564,72.0,4900127.589,1651076.248
PF01/0075/F642,MO,44.248088,10.912067,11.0,4901222.7,1652688.9
PF02/0075/F642,MO,44.245444,10.915135,50.0,4900934.684,1652940.694
PF03/0075/F642,MO,44.244938,10.909935,70.0,4900868.847,1652526.802
PF04/0075/F642,MO,44.241602,10.908337,72.0,4900495.271,1652407.85
PF06/0075/F642,MO,44.247744,10.906086,52.0,4901173.372,1652212.269
PF01/0076/F642,MO,44.245448,10.926482,50.0,4900956.297,1653846.727
PF02/0076/F642,MO,44.246177,10.923971,52.0,4901032.653,1653644.3
PF03/0076/F642,MO,44.243433,10.917979,50.0,4900716.638,1653172.987
PF05/0076/F642,MO,44.243615,10.923975,70.0,4900748.057,1653651.265
PF06/0076/F642,MO,44.24139,10.919776,70.0,4900493.026,1653321.811
PF01/0077/F642,MO,44.237977,10.931347,50.0,4900135.58,1654254.656
PF02/0077/F642,MO,44.234134,10.932938,70.0,4899711.747,1654391.751
PF03/0077/F642,MO,44.241595,10.938324,52.0,4900550.615,1654802.344
PF04/0077/F642,MO,44.240622,10.934922,52.0,4900436.132,1654533.235
PF01/0078/F642,MO,44.244571,10.946416,70.0,4900896.495,1655440.663
PF02/0078/F642,MO,44.242183,10.941777,50.0,4900622.418,1655076.524
PF03/0078/F642,MO,44.24003,10.950425,50.0,4900399.689,1655772.702
PF04/0078/F642,MO,44.247435,10.957406,52.0,4901235.437,1656310.601
PF05/0078/F642,MO,44.244434,10.955768,70.0,4900899.041,1656187.741
PF06/0078/F642,MO,44.241047,10.946191,72.0,4900504.558,1655431.992
PF01/0079/F642,MO,44.2498,10.96613,70.0,4901514.79,1657000.856
PF02/0079/F642,MO,44.245814,10.962048,52.0,4901064.252,1656685.51
PF03/0079/F642,MO,44.247816,10.96276,70.0,4901287.965,1656737.063
PF04/0079/F642,MO,44.245519,10.958761,52.0,4901025.183,1656423.817
PF05/0079/F642,MO,44.243202,10.958235,52.0,4900766.83,1656388.015
PF06/0079/F642,MO,44.242432,10.954088,52.0,4900673.473,1656058.851
PF07/0079/F642,MO,44.242388,10.962489,52.0,4900684.487,1656729.864
PF08/0079/F642,MO,44.238348,10.960616,52.0,4900232.272,1656591.014
PF01/0080/F642,MO,44.232101,10.860902,72.0,4899353.048,1648644.056
PF02/0080/F642,MO,44.230736,10.866407,52.0,4899211.438,1649087.122
PF03/0080/F642,MO,44.234901,10.873674,52.0,4899687.292,1649656.93
PF04/0080/F642,MO,44.226199,10.878018,8.0,4898728.56,1650025.97
PF01/0081/F642,MO,44.227836,10.891677,72.0,4898935.437,1651112.769
PF02/0081/F642,MO,44.235981,10.887017,70.0,4899831.603,1650719.746
PF01/0083/F642,MO,44.22764,10.898062,8.0,4898925.49,1651623.24
PF02/0083/F642,MO,44.226792,10.895577,52.0,4898826.611,1651426.901
PF05/0083/F642,MO,44.225101,10.895389,52.0,4898638.457,1651416.236
PF06/0083/F642,MO,44.223082,10.895404,72.0,4898414.244,1651422.589
PF07/0083/F642,MO,44.2227,10.892682,70.0,4898366.812,1651206.167
PF01/0084/F642,MO,44.227696,10.901381,52.0,4898937.741,1651888.174
PF02/0084/F642,MO,44.224125,10.898325,52.0,4898535.513,1651653.276
PF03/0084/F642,MO,44.230292,10.901114,72.0,4899225.606,1651860.151
PF01/0085/F642,MO,44.237704,10.91939,8.0,4900082.91,1653300.58
PF02/0085/F642,MO,44.23261,10.914547,70.0,4899508.074,1652927.018
PF04/0085/F642,MO,44.23089,10.916708,12.0,4899321.0,1653104.0
PF01/0086/F642,MO,44.227389,10.915419,72.0,4898929.71,1653010.124
PF02/0086/F642,MO,44.225578,10.910097,72.0,4898718.725,1652589.734
PF01/0087/F642,MO,44.230974,10.929233,50.0,4899353.816,1654104.136
PF02/0087/F642,MO,44.239558,10.920161,72.0,4900290.318,1653357.311
PF03/0087/F642,MO,44.229892,10.923336,50.0,4899222.528,1653635.979
PF01/0088/F642,MO,44.237977,10.926665,52.0,4900126.867,1653880.802
PF03/0088/F642,MO,44.236488,10.922635,52.0,4899953.863,1653562.831
PF05/0088/F642,MO,44.234718,10.927105,50.0,4899765.69,1653924.451
PF01/0089/F642,MO,44.233695,10.942227,50.0,4899680.484,1655134.716
PF03/0089/F642,MO,44.228529,10.939104,8.0,4899100.78,1654898.89
PF01/0090/F642,MO,44.236786,10.950623,50.0,4900039.707,1655797.146
PF02/0090/F642,MO,44.236724,10.940994,70.0,4900014.551,1655028.309
PF01/0091/F642,MO,44.235307,10.953545,70.0,4899880.972,1656034.34
PF02/0091/F642,MO,44.233161,10.951508,72.0,4899638.779,1655877.384
PF03/0091/F642,MO,44.235553,10.960277,58.0,4899921.079,1656571.29
PF04/0091/F642,MO,44.230507,10.954103,72.0,4899348.823,1656091.622
PF05/0091/F642,MO,44.236867,10.956762,50.0,4900060.386,1656287.12
PF06/0091/F642,MO,44.231763,10.958269,12.0,4899496.3,1656421.0
PF01/0092/F642,MO,44.230037,10.942598,8.0,4899274.91,1655174.0
PF02/0092/F642,MO,44.226488,10.953994,72.0,4898902.295,1656093.495
PF03/0092/F642,MO,44.230722,10.944346,50.0,4899354.24,1655311.765
PF04/0092/F642,MO,44.227504,10.943229,52.0,4898994.734,1655231.055
PF01/0093/F642,MO,44.219889,10.900297,52.0,4898068.637,1651821.634
PF02/0093/F642,MO,44.219858,10.904434,52.0,4898072.87,1652152.15
PF03/0093/F642,MO,44.220874,10.90771,72.0,4898191.76,1652411.278
PF04/0093/F642,MO,44.218459,10.908855,50.0,4897925.632,1652508.933
PF05/0093/F642,MO,44.224747,10.916107,72.0,4898637.552,1653071.967
PF06/0093/F642,MO,44.22137,10.912289,72.0,4898255.308,1652775.765
PF02/0094/F642,MO,44.215252,10.922961,70.0,4897595.711,1653644.079
PF03/0094/F642,MO,44.226115,10.920958,52.0,4898798.59,1653455.839
PF05/0094/F642,MO,44.226896,10.918041,70.0,4898879.856,1653220.836
PF01/0095/F642,MO,44.22672,10.932969,70.0,4898888.296,1654413.612
PF02/0095/F642,MO,44.223396,10.928811,70.0,4898511.218,1654090.183
PF03/0095/F642,MO,44.227703,10.936041,72.0,4899003.22,1654656.397
PF04/0095/F642,MO,44.224827,10.935734,52.0,4898683.266,1654639.443
PF05/0095/F642,MO,44.225656,10.928451,50.0,4898761.643,1654055.552
PF02/0096/F642,MO,44.217501,10.89693,52.0,4897797.178,1651558.807
PF03/0096/F642,MO,44.217462,10.892714,70.0,4897785.085,1651222.111
PF04/0096/F642,MO,44.21463,10.893445,9.0,4897471.8,1651287.8
PF05/0096/F642,MO,44.214537,10.893356,70.0,4897461.367,1651280.869
PF01/0097/F642,MO,44.21617,10.901246,70.0,4897657.338,1651907.036
PF02/0097/F642,MO,44.213594,10.905394,10.0,4897378.8,1652245.0
PF01/0098/F642,MO,44.218942,10.913015,12.0,4897987.0,1652840.0
PF01/0001/F930,MO,44.726595,11.061197,52.0,4954663.817,1663255.457
PF04/0001/F930,MO,44.722014,11.057457,50.0,4954147.354,1662972.117
PF06/0001/F930,MO,44.721412,11.054696,50.0,4954074.989,1662755.156
PF07/0001/F930,MO,44.719921,11.050065,52.0,4953900.12,1662392.549
PF08/0001/F930,MO,44.717828,11.055562,50.0,4953678.571,1662833.787
PF09/0001/F930,MO,44.720019,11.060429,52.0,4953931.762,1663213.075
PF10/0001/F930,MO,44.721569,11.065588,72.0,4954114.313,1663617.357
PF11/0001/F930,MO,44.719131,11.062387,72.0,4953836.988,1663370.687
PF13/0001/F930,MO,44.716719,11.059609,52.0,4953563.547,1663157.434
PF14/0001/F930,MO,44.72194,11.051648,21.0,4954127.525,1662512.244
PF01/0002/F930,MO,44.720161,11.074402,50.0,4953975.65,1664319.4
PF03/0002/F930,MO,44.722921,11.072211,21.0,4954277.758,1664138.009
PF01/0003/F930,MO,44.724458,11.08249,50.0,4954469.284,1664947.734
PF02/0003/F930,MO,44.723017,11.089446,70.0,4954323.363,1665502.698
PF03/0003/F930,MO,44.715594,11.07941,70.0,4953478.426,1664728.941
PF04/0003/F930,MO,44.717839,11.082136,21.0,4953733.29,1664938.476
PF01/0004/F930,MO,44.717062,11.038996,50.0,4953560.494,1661523.836
PF02/0004/F930,MO,44.713304,11.033132,21.0,4953131.397,1661069.791
PF01/0005/F930,MO,44.7123,11.040464,21.0,4953034.399,1661653.35
PF01/0006/F930,MO,44.716017,11.051324,52.0,4953468.924,1662503.178
PF02/0006/F930,MO,44.714952,11.05421,72.0,4953356.41,1662734.758
PF04/0006/F930,MO,44.712124,11.051293,70.0,4953036.498,1662511.662
PF05/0006/F930,MO,44.714398,11.057934,52.0,4953302.272,1663031.314
PF06/0006/F930,MO,44.713896,11.048899,21.0,4953228.473,1662317.029
PF04/0007/F930,MO,44.706927,11.062363,52.0,4952481.242,1663403.122
PF07/0007/F930,MO,44.717487,11.066931,52.0,4953663.546,1663735.234
PF08/0007/F930,MO,44.718048,11.064852,21.0,4953721.628,1663568.94
PF01/0008/F930,MO,44.709033,11.067888,70.0,4952726.321,1663834.898
PF04/0008/F930,MO,44.712207,11.085095,70.0,4953113.668,1665188.89
PF05/0008/F930,MO,44.714749,11.073624,21.0,4953372.821,1664273.046
PF01/0009/F930,MO,44.716719,11.095421,52.0,4953635.856,1665993.898
PF03/0009/F930,MO,44.718716,11.091513,21.0,4953849.763,1665678.66
PF01/0010/F930,MO,44.711646,11.092843,72.0,4953067.062,1665804.251
PF02/0010/F930,MO,44.706289,11.093846,21.0,4952474.063,1665898.955
PF02/0011/F930,MO,44.703508,11.101586,52.0,4952180.952,1666520.126
PF03/0011/F930,MO,44.708222,11.103963,70.0,4952709.44,1666694.895
PF04/0011/F930,MO,44.70959,11.100313,21.0,4952853.958,1666401.801
PF01/0012/F930,MO,44.71076,11.114527,70.0,4953013.086,1667524.413
PF02/0012/F930,MO,44.706434,11.109944,50.0,4952523.137,1667173.84
PF03/0012/F930,MO,44.710698,11.097902,52.0,4952972.071,1666207.66
PF04/0012/F930,MO,44.714048,11.10266,21.0,4953353.977,1666574.922
PF02/0013/F930,MO,44.698688,11.109916,50.0,4951662.595,1667193.9
PF03/0013/F930,MO,44.701978,11.104155,52.0,4952016.193,1666728.048
PF05/0013/F930,MO,44.700611,11.100656,21.0,4951857.229,1666454.714
PF01/0014/F930,MO,44.710055,11.03102,50.0,4952766.365,1660911.509
PF02/0014/F930,MO,44.705669,11.031632,50.0,4952280.362,1660972.181
PF04/0014/F930,MO,44.712599,11.035467,52.0,4953057.711,1661256.747
PF05/0014/F930,MO,44.707617,11.028084,21.0,4952489.683,1660685.685
PF01/0015/F930,MO,44.709421,11.045421,52.0,4952724.524,1662054.057
PF02/0015/F930,MO,44.701229,11.040888,50.0,4951805.519,1661717.746
PF03/0015/F930,MO,44.711191,11.042917,50.0,4952916.134,1661850.795
PF04/0015/F930,MO,44.699928,11.044385,50.0,4951667.852,1661998.453
PF06/0015/F930,MO,44.703037,11.043614,21.0,4952011.68,1661928.701
PF01/0016/F930,MO,44.702121,11.049176,52.0,4951920.989,1662371.89
PF02/0016/F930,MO,44.706592,11.04658,70.0,4952412.496,1662153.788
PF03/0016/F930,MO,44.707783,11.054874,70.0,4952561.398,1662807.441
PF05/0016/F930,MO,44.70644,11.058658,70.0,4952419.801,1663110.993
PF07/0016/F930,MO,44.703479,11.05674,21.0,4952086.964,1662967.346
PF03/0017/F930,MO,44.698432,11.054151,52.0,4951521.172,1662776.36
PF04/0017/F930,MO,44.695702,11.057162,70.0,4951223.962,1663022.634
PF05/0017/F930,MO,44.700875,11.055521,21.0,4951795.261,1662878.078
PF02/0018/F930,MO,44.708077,11.082847,21.0,4952650.32,1665022.544
PF02/0019/F930,MO,44.698142,11.064538,21.0,4951509.741,1663600.162
PF01/0020/F930,MO,44.699029,11.092988,50.0,4951665.845,1665851.773
PF02/0020/F930,MO,44.699138,11.09976,50.0,4951691.759,1666387.969
PF04/0020/F930,MO,44.699925,11.080285,21.0,4951739.564,1664842.736
PF01/0021/F930,MO,44.693553,11.087217,21.0,4951045.795,1665410.091
PF03/0022/F930,MO,44.691404,11.103599,52.0,4950840.487,1666714.283
PF04/0022/F930,MO,44.694682,11.094645,50.0,4951186.325,1665995.414
PF05/0022/F930,MO,44.695536,11.089962,21.0,4951271.658,1665621.939
PF02/0023/F930,MO,44.699146,11.027728,50.0,4951547.988,1660680.917
PF03/0023/F930,MO,44.697191,11.02913,70.0,4951333.612,1660797.423
PF04/0023/F930,MO,44.697642,11.022985,52.0,4951371.608,1660309.316
PF06/0023/F930,MO,44.703008,11.026238,20.0,4951974.052,1660552.196
PF01/0024/F930,MO,44.700388,11.034674,52.0,4951699.729,1661227.78
PF02/0024/F930,MO,44.698009,11.032264,50.0,4951430.726,1661043.426
PF03/0024/F930,MO,44.703173,11.036319,50.0,4952012.305,1661350.391
PF04/0024/F930,MO,44.698607,11.036609,50.0,4951505.711,1661386.055
PF05/0024/F930,MO,44.701234,11.03708,21.0,4951798.421,1661416.068
PF01/0025/F930,MO,44.698184,11.046262,50.0,4951477.94,1662152.014
PF02/0025/F930,MO,44.69752,11.049146,52.0,4951409.937,1662382.418
PF03/0025/F930,MO,44.697378,11.040448,52.0,4951376.851,1661693.641
PF06/0025/F930,MO,44.693263,11.042794,52.0,4950924.391,1661890.956
PF08/0025/F930,MO,44.695198,11.05277,50.0,4951159.215,1662676.059
PF09/0025/F930,MO,44.692104,11.045633,52.0,4950801.294,1662119.148
PF10/0025/F930,MO,44.690718,11.049516,50.0,4950655.029,1662430.722
PF11/0025/F930,MO,44.692746,11.057539,70.0,4950896.296,1663060.791
PF12/0025/F930,MO,44.691519,11.055887,52.0,4950756.766,1662933.358
PF13/0025/F930,MO,44.689822,11.053823,72.0,4950564.056,1662774.505
PF14/0025/F930,MO,44.694732,11.047606,21.0,4951097.067,1662268.167
PF02/0026/F930,MO,44.694144,11.060342,20.0,4951057.204,1663278.953
PF02/0027/F930,MO,44.687581,11.082873,21.0,4950373.579,1665082.861
PF01/0029/F930,MO,44.686341,11.023712,52.0,4950117.68,1660398.112
PF03/0029/F930,MO,44.693849,11.019424,70.0,4950943.267,1660037.585
PF04/0029/F930,MO,44.690743,11.022184,70.0,4950603.71,1660264.885
PF05/0029/F930,MO,44.687401,11.022038,21.0,4950232.083,1660262.52
PF01/0030/F930,MO,44.693238,11.027172,50.0,4950890.641,1660653.242
PF02/0030/F930,MO,44.689458,11.031642,50.0,4950479.621,1661017.868
PF03/0030/F930,MO,44.689321,11.038735,52.0,4950478.406,1661580.304
PF04/0030/F930,MO,44.694475,11.032607,12.0,4951038.8,1661080.4
PF05/0030/F930,MO,44.690652,11.028803,20.0,4950606.551,1660789.611
PF03/0031/F930,MO,44.68459,11.020864,52.0,4949917.554,1660177.25
PF04/0031/F930,MO,44.68727,11.032699,21.0,4950238.562,1661107.711
PF01/0032/F930,MO,44.690138,11.0463,52.0,4950584.23,1662177.492
PF02/0032/F930,MO,44.690099,11.049112,52.0,4950585.475,1662400.429
PF04/0032/F930,MO,44.68805,11.033905,50.0,4950327.592,1661201.091
PF05/0032/F930,MO,44.687896,11.048127,70.0,4950338.748,1662328.523
PF06/0032/F930,MO,44.688593,11.052877,70.0,4950425.712,1662702.994
PF08/0032/F930,MO,44.685499,11.034347,50.0,4950045.091,1661243.191
PF12/0032/F930,MO,44.682733,11.039835,70.0,4949748.766,1661685.815
PF13/0032/F930,MO,44.683857,11.051108,72.0,4949896.075,1662576.037
PF14/0032/F930,MO,44.687218,11.040723,70.0,4950248.73,1661743.746
PF15/0032/F930,MO,44.683882,11.046115,70.0,4949888.828,1662180.321
PF16/0032/F930,MO,44.683528,11.036446,10.0,4949830.325,1661414.998
PF17/0032/F930,MO,44.686009,11.048061,21.0,4950128.983,1662328.595
PF01/0033/F930,MO,44.68838,11.056634,70.0,4950409.535,1663001.328
PF03/0033/F930,MO,44.680343,11.061627,70.0,4949526.714,1663419.565
PF04/0033/F930,MO,44.682139,11.066086,70.0,4949735.217,1663767.919
PF05/0033/F930,MO,44.687184,11.060639,21.0,4950284.65,1663322.056
PF04/0034/F930,MO,44.682337,11.076982,21.0,4949779.123,1664630.892
PF01/0035/F930,MO,44.681678,11.079716,70.0,4949711.536,1664849.44
PF02/0035/F930,MO,44.67962,11.078574,70.0,4949480.544,1664764.749
PF04/0035/F930,MO,44.678842,11.087147,21.0,4949411.488,1665446.436
PF01/0036/F930,MO,44.684939,11.091359,21.0,4950097.338,1665762.868
PF01/0037/F930,MO,44.679922,11.09756,52.0,4949552.698,1666268.604
PF02/0037/F930,MO,44.674258,11.092679,70.0,4948913.54,1665897.933
PF03/0037/F930,MO,44.672723,11.086286,21.0,4948730.013,1665395.61
PF01/0038/F930,MO,44.687146,11.013769,50.0,4950187.614,1659607.927
PF03/0038/F930,MO,44.683052,11.016899,52.0,4949738.9,1659867.198
PF04/0038/F930,MO,44.680013,11.007021,52.0,4949382.07,1659092.722
PF05/0038/F930,MO,44.67852,11.013811,52.0,4949229.416,1659634.928
PF06/0038/F930,MO,44.686388,11.016922,21.0,4950109.613,1659859.889
PF03/0039/F930,MO,44.67272,11.002912,50.0,4948563.92,1658787.002
PF04/0039/F930,MO,44.678812,11.006501,21.0,4949247.64,1659054.804
PF01/0040/F930,MO,44.682237,11.021718,50.0,4949657.817,1660251.414
PF02/0040/F930,MO,44.682898,11.018146,52.0,4949724.255,1659966.454
PF03/0040/F930,MO,44.679663,11.015127,52.0,4949358.96,1659736.109
PF05/0040/F930,MO,44.675025,11.01244,50.0,4948838.562,1659535.906
PF09/0040/F930,MO,44.674782,11.015878,52.0,4948818.321,1659809.068
PF10/0040/F930,MO,44.678155,11.01971,70.0,4949200.426,1660103.498
PF11/0040/F930,MO,44.676554,11.017563,21.0,4949018.468,1659937.753
PF01/0041/F930,MO,44.684877,11.033776,52.0,4949974.877,1661199.723
PF02/0041/F930,MO,44.678379,11.027269,52.0,4949240.245,1660701.989
PF05/0041/F930,MO,44.679933,11.027526,70.0,4949413.389,1660718.025
PF06/0041/F930,MO,44.679252,11.031943,70.0,4949346.43,1661070.017
PF07/0041/F930,MO,44.678399,11.023545,21.0,4949235.179,1660406.79
PF01/0042/F930,MO,44.678438,11.034987,70.0,4949262.059,1661313.519
PF02/0042/F930,MO,44.675544,11.036519,72.0,4948943.647,1661442.964
PF03/0042/F930,MO,44.677396,11.036585,21.0,4949149.408,1661443.091
PF03/0043/F930,MO,44.680918,11.039629,70.0,4949546.695,1661674.525
PF04/0043/F930,MO,44.679214,11.04115,21.0,4949360.416,1661799.843
PF01/0044/F930,MO,44.678518,11.03856,72.0,4949278.063,1661596.49
PF02/0044/F930,MO,44.676658,11.038668,70.0,4949071.581,1661610.247
PF03/0044/F930,MO,44.67587,11.041874,20.0,4948990.388,1661866.539
PF02/0045/F930,MO,44.681651,11.05026,70.0,4949649.283,1662515.002
PF03/0045/F930,MO,44.68021,11.048434,50.0,4949485.591,1662374.334
PF04/0045/F930,MO,44.68023,11.042498,70.0,4949475.989,1661903.805
PF05/0045/F930,MO,44.679906,11.044124,21.0,4949443.197,1662033.621
PF02/0046/F930,MO,44.677541,11.040783,52.0,4949173.869,1661775.4
PF03/0046/F930,MO,44.677835,11.046773,56.0,4949218.439,1662249.356
PF04/0046/F930,MO,44.678623,11.043286,21.0,4949299.009,1661970.781
PF01/0047/F930,MO,44.675498,11.04904,52.0,4948963.366,1662435.516
PF02/0047/F930,MO,44.6736,11.050019,70.0,4948754.491,1662518.403
PF03/0047/F930,MO,44.675988,11.051576,52.0,4949022.877,1662635.138
PF04/0047/F930,MO,44.676354,11.047814,12.0,4949056.0,1662336.0
PF05/0047/F930,MO,44.674193,11.044944,21.0,4948810.204,1662114.546
PF01/0048/F930,MO,44.678595,11.050301,52.0,4949309.874,1662526.791
PF03/0048/F930,MO,44.68256,11.052598,21.0,4949754.905,1662697.795
PF01/0049/F930,MO,44.67994,11.072603,70.0,4949504.101,1664290.591
PF02/0049/F930,MO,44.677518,11.07231,72.0,4949234.375,1664274.273
PF04/0049/F930,MO,44.676228,11.070836,72.0,4949088.155,1664161.035
PF05/0049/F930,MO,44.672721,11.06888,50.0,4948694.59,1664015.897
PF06/0049/F930,MO,44.675672,11.075487,70.0,4949035.731,1664531.291
PF07/0049/F930,MO,44.674328,11.063954,70.0,4948863.29,1663620.921
PF08/0049/F930,MO,44.674986,11.067946,70.0,4948944.391,1663935.474
PF10/0049/F930,MO,44.680045,11.065526,21.0,4949501.429,1663729.443
PF01/0050/F930,MO,44.67299,11.073774,72.0,4948734.36,1664403.051
PF02/0050/F930,MO,44.672548,11.083768,72.0,4948705.541,1665196.49
PF03/0050/F930,MO,44.671208,11.082161,21.0,4948553.35,1665072.946
PF01/0051/F930,MO,44.669118,10.996324,70.0,4948150.95,1658274.57
PF02/0051/F930,MO,44.670405,10.999056,72.0,4948299.185,1658487.628
PF03/0051/F930,MO,44.665392,11.000656,52.0,4947745.425,1658628.098
PF04/0051/F930,MO,44.665863,10.995599,72.0,4947787.958,1658225.968
PF05/0051/F930,MO,44.663189,10.992831,50.0,4947485.548,1658013.805
PF07/0051/F930,MO,44.660731,10.995928,20.0,4947218.547,1658265.969
PF03/0052/F930,MO,44.669606,11.016273,70.0,4948244.121,1659854.548
PF04/0052/F930,MO,44.67202,11.009488,50.0,4948498.964,1659310.121
PF05/0052/F930,MO,44.673575,11.014095,20.0,4948680.746,1659671.065
PF03/0053/F930,MO,44.670821,11.022245,70.0,4948390.759,1660324.662
PF05/0053/F930,MO,44.675502,11.025755,52.0,4948917.643,1660589.964
PF07/0053/F930,MO,44.67545,11.020186,21.0,4948900.984,1660148.693
PF03/0054/F930,MO,44.668197,11.031094,70.0,4948116.715,1661033.352
PF04/0054/F930,MO,44.663932,11.024483,72.0,4947629.951,1660521.054
PF06/0054/F930,MO,44.666,11.029644,70.0,4947869.845,1660924.485
PF07/0054/F930,MO,44.671874,11.034596,70.0,4948532.149,1661300.712
PF08/0054/F930,MO,44.672751,11.031366,21.0,4948623.204,1661042.31
PF02/0055/F930,MO,44.676351,11.034685,52.0,4949029.64,1661295.373
PF03/0055/F930,MO,44.673029,11.037531,70.0,4948666.269,1661530.172
PF04/0055/F930,MO,44.674569,11.033115,70.0,4948828.552,1661175.868
PF05/0055/F930,MO,44.674741,11.039343,70.0,4948860.04,1661669.052
PF06/0055/F930,MO,44.674386,11.036413,70.0,4948814.731,1661437.785
PF07/0055/F930,MO,44.672568,11.041369,52.0,4948622.653,1661835.671
PF09/0055/F930,MO,44.6759,11.032358,21.0,4948974.859,1661112.213
PF02/0056/F930,MO,44.674893,11.055264,52.0,4948908.623,1662930.56
PF04/0056/F930,MO,44.673173,11.045163,52.0,4948697.423,1662134.697
PF05/0056/F930,MO,44.671446,11.046158,50.0,4948507.559,1662218.395
PF06/0056/F930,MO,44.669576,11.051353,50.0,4948310.172,1662635.416
PF07/0056/F930,MO,44.671441,11.049229,50.0,4948513.099,1662461.852
PF08/0056/F930,MO,44.669305,11.044527,50.0,4948266.494,1662095.116
PF09/0056/F930,MO,44.675391,11.052193,70.0,4948957.792,1662685.78
PF10/0056/F930,MO,44.670614,11.042556,21.0,4948407.884,1661935.238
PF01/0057/F930,MO,44.674911,11.056551,52.0,4948913.18,1663032.55
PF02/0057/F930,MO,44.674866,11.058929,70.0,4948912.921,1663221.121
PF05/0057/F930,MO,44.671763,11.06082,70.0,4948572.019,1663379.739
PF07/0057/F930,MO,44.670081,11.055535,70.0,4948374.573,1662965.519
PF08/0057/F930,MO,44.666796,11.061137,72.0,4948020.928,1663418.85
PF09/0057/F930,MO,44.666106,11.055081,70.0,4947932.128,1662940.688
PF10/0057/F930,MO,44.664003,11.056636,70.0,4947701.626,1663069.86
PF11/0057/F930,MO,44.662953,11.060072,70.0,4947591.919,1663345.152
PF12/0057/F930,MO,44.67086,11.058752,21.0,4948467.527,1663218.366
PF01/0058/F930,MO,44.670762,11.064111,52.0,4948467.436,1663643.442
PF03/0058/F930,MO,44.669736,11.071891,50.0,4948369.146,1664263.035
PF04/0058/F930,MO,44.663975,11.068404,12.0,4947722.088,1664002.815
PF05/0058/F930,MO,44.669298,11.066797,21.0,4948310.161,1663860.475
PF01/0059/F930,MO,44.669545,11.076375,50.0,4948356.96,1664618.973
PF03/0059/F930,MO,44.667819,11.080804,50.0,4948174.196,1664974.979
PF04/0059/F930,MO,44.670513,11.089944,50.0,4948491.987,1665691.852
PF05/0059/F930,MO,44.662708,11.084513,50.0,4947613.948,1665283.487
PF06/0059/F930,MO,44.666018,11.079331,21.0,4947971.091,1664863.341
PF02/0060/F930,MO,44.667324,11.005527,72.0,4947969.568,1659009.001
PF03/0060/F930,MO,44.666641,11.015403,70.0,4947912.994,1659793.766
PF04/0060/F930,MO,44.66632,11.021042,70.0,4947888.404,1660241.693
PF05/0060/F930,MO,44.664606,11.003077,52.0,4947662.802,1658822.246
PF06/0060/F930,MO,44.664196,11.014351,70.0,4947639.291,1659717.064
PF07/0060/F930,MO,44.663418,11.006302,52.0,4947537.209,1659081.154
PF08/0060/F930,MO,44.661987,11.010217,58.0,4947385.885,1659395.45
PF09/0060/F930,MO,44.660721,11.017902,70.0,4947260.319,1660008.185
PF10/0060/F930,MO,44.660768,11.011886,21.0,4947253.771,1659531.036
PF01/0061/F930,MO,44.659496,11.008203,70.0,4947105.245,1659242.592
PF02/0061/F930,MO,44.659837,11.001562,52.0,4947130.153,1658715.123
PF03/0061/F930,MO,44.660857,11.010894,21.0,4947261.716,1659452.145
PF01/0062/F930,MO,44.662441,11.020216,70.0,4947455.864,1660186.894
PF02/0062/F930,MO,44.662805,11.027857,52.0,4947511.397,1660791.654
PF03/0062/F930,MO,44.660347,11.029988,72.0,4947242.503,1660967.408
PF04/0062/F930,MO,44.659096,11.026123,52.0,4947095.926,1660664.432
PF06/0062/F930,MO,44.657002,11.024996,70.0,4946861.084,1660580.865
PF07/0062/F930,MO,44.656386,11.027415,52.0,4946797.476,1660774.318
PF08/0062/F930,MO,44.657834,11.022459,21.0,4946948.492,1660377.37
PF01/0063/F930,MO,44.660707,11.036361,72.0,4947295.19,1661471.675
PF02/0063/F930,MO,44.666938,11.031336,21.0,4947977.413,1661056.038
PF02/0064/F930,MO,44.66624,11.043119,50.0,4947923.183,1661992.032
PF03/0064/F930,MO,44.660249,11.042231,52.0,4947255.901,1661938.291
PF05/0064/F930,MO,44.666592,11.040058,21.0,4947956.143,1661748.419
PF01/0065/F930,MO,44.66477,11.052043,70.0,4947777.605,1662703.581
PF04/0065/F930,MO,44.659533,11.053419,21.0,4947198.611,1662827.278
PF02/0066/F930,MO,44.660536,11.06258,70.0,4947328.393,1663550.824
PF03/0066/F930,MO,44.659498,11.06601,50.0,4947220.059,1663825.634
PF04/0066/F930,MO,44.658366,11.055297,70.0,4947072.751,1662979.455
PF05/0066/F930,MO,44.657868,11.069363,50.0,4947045.713,1664096.057
PF07/0066/F930,MO,44.657022,11.058619,52.0,4946930.16,1663246.597
PF08/0066/F930,MO,44.656189,11.062337,50.0,4946845.103,1663543.719
PF10/0066/F930,MO,44.65461,11.05521,52.0,4946655.381,1662983.062
PF11/0066/F930,MO,44.653122,11.059965,52.0,4946499.573,1663364.278
PF12/0066/F930,MO,44.656287,11.069888,21.0,4946871.069,1664142.15
PF02/0067/F930,MO,44.662367,11.071337,52.0,4947549.395,1664239.92
PF03/0067/F930,MO,44.663179,11.068195,21.0,4947633.251,1663988.555
PF01/0068/F930,MO,44.661989,11.077419,50.0,4947519.668,1664723.171
PF02/0068/F930,MO,44.655599,11.073551,50.0,4946802.023,1664434.537
PF03/0068/F930,MO,44.658378,11.075226,21.0,4947114.109,1664559.467
PF01/0069/F930,MO,44.659921,11.014242,70.0,4947164.231,1659720.146
PF02/0069/F930,MO,44.658996,11.017134,70.0,4947067.159,1659952.035
PF03/0069/F930,MO,44.655224,11.010392,50.0,4946634.998,1659427.837
PF04/0069/F930,MO,44.655976,11.015699,50.0,4946728.827,1659846.506
PF05/0069/F930,MO,44.653073,11.014637,70.0,4946404.291,1659770.33
PF07/0069/F930,MO,44.65581,11.02436,21.0,4946727.402,1660533.678
PF02/0070/F930,MO,44.648368,11.030133,50.0,4945912.212,1661011.998
PF03/0070/F930,MO,44.653656,11.023535,52.0,4946486.51,1660474.223
PF04/0070/F930,MO,44.649611,11.033779,70.0,4946057.407,1661297.696
PF05/0070/F930,MO,44.649764,11.025582,21.0,4946058.202,1660647.268
PF03/0071/F930,MO,44.653984,11.034926,50.0,4946545.507,1661376.516
PF04/0071/F930,MO,44.654954,11.032073,52.0,4946647.643,1661147.655
PF05/0071/F930,MO,44.65802,11.035716,21.0,4946995.325,1661427.936
PF01/0072/F930,MO,44.65824,11.048601,52.0,4947045.411,1662448.963
PF02/0072/F930,MO,44.657389,11.045284,52.0,4946944.258,1662188.339
PF03/0072/F930,MO,44.657274,11.051523,11.0,4946943.94,1662683.275
PF04/0072/F930,MO,44.655361,11.046927,50.0,4946722.268,1662324.251
PF05/0072/F930,MO,44.653921,11.049898,52.0,4946568.202,1662563.818
PF06/0072/F930,MO,44.654032,11.05279,52.0,4946586.345,1662792.848
PF07/0072/F930,MO,44.651631,11.040545,50.0,4946295.295,1661828.635
PF09/0072/F930,MO,44.650311,11.045276,50.0,4946157.98,1662207.39
PF10/0072/F930,MO,44.649145,11.048878,50.0,4946035.651,1662496.309
PF11/0072/F930,MO,44.650667,11.042878,21.0,4946192.741,1662016.258
PF02/0073/F930,MO,44.655289,11.066622,70.0,4946753.683,1663886.006
PF03/0073/F930,MO,44.652209,11.063867,70.0,4946405.975,1663676.265
PF04/0073/F930,MO,44.653284,11.076633,50.0,4946551.148,1664685.446
PF05/0073/F930,MO,44.652643,11.080929,50.0,4946488.659,1665027.923
PF06/0073/F930,MO,44.650512,11.068975,70.0,4946227.806,1664086.115
PF07/0073/F930,MO,44.651992,11.071286,70.0,4946396.865,1664265.144
PF08/0073/F930,MO,44.648293,11.077694,52.0,4945998.865,1664783.714
PF09/0073/F930,MO,44.655007,11.068358,21.0,4946725.802,1664024.451
PF02/0074/F930,MO,44.646753,11.04807,52.0,4945768.375,1662438.889
PF03/0074/F930,MO,44.646191,11.037633,52.0,4945685.173,1661612.779
PF04/0074/F930,MO,44.64481,11.042117,70.0,4945540.682,1661972.221
PF05/0074/F930,MO,44.644242,11.048452,12.0,4945490.2,1662476.2
PF06/0074/F930,MO,44.649423,11.039392,21.0,4946047.63,1661743.295
PF01/0001/F966,MO,44.923541,10.943917,52.0,4976313.287,1653444.479
PF03/0002/F966,MO,44.922784,10.91666,70.0,4976178.059,1651295.346
PF04/0002/F966,MO,44.92072,10.918864,52.0,4975952.892,1651474.675
PF05/0002/F966,MO,44.919153,10.922182,70.0,4975785.009,1651740.683
PF03/0003/F966,MO,44.919022,10.932195,52.0,4975789.232,1652531.366
PF04/0003/F966,MO,44.922786,10.928942,70.0,4976201.177,1652264.665
PF01/0004/F966,MO,44.919446,10.912172,50.0,4975798.918,1650949.877
PF02/0004/F966,MO,44.917081,10.912377,50.0,4975536.485,1650972.224
PF01/0005/F966,MO,44.912613,10.912385,52.0,4975040.214,1650984.602
PF02/0005/F966,MO,44.911046,10.91944,50.0,4974879.265,1651545.583
PF01/0006/F966,MO,44.909014,10.929182,52.0,4974671.817,1652319.944
PF02/0006/F966,MO,44.907434,10.935998,52.0,4974509.118,1652862.216
PF03/0006/F966,MO,44.907411,10.936376,8.0,4974507.19,1652892.17
PF04/0006/F966,MO,44.915904,10.928215,8.0,4975435.35,1652225.44
PF05/0006/F966,MO,44.909914,10.924952,70.0,4974763.841,1651983.659
PF06/0006/F966,MO,44.912827,10.933746,70.0,4975103.89,1652670.149
PF07/0006/F966,MO,44.914006,10.927837,52.0,4975223.79,1652200.601
PF02/0007/F966,MO,44.915802,10.951669,52.0,4975468.285,1654077.014
PF01/0008/F966,MO,44.906188,10.951196,70.0,4974399.432,1654065.365
PF02/0008/F966,MO,44.909173,10.960041,52.0,4974747.858,1654755.576
PF04/0008/F966,MO,44.911287,10.958772,52.0,4974980.204,1654649.77
PF01/0010/F966,MO,44.908361,10.88471,72.0,4974516.732,1648810.995
PF02/0010/F966,MO,44.907193,10.887714,52.0,4974392.449,1649051.119
PF01/0012/F966,MO,44.912682,10.905932,72.0,4975035.838,1650475.033
PF02/0012/F966,MO,44.908383,10.904462,50.0,4974555.579,1650370.153
PF03/0012/F966,MO,44.911854,10.909849,50.0,4974951.191,1650786.342
PF01/0013/F966,MO,44.899153,10.909753,50.0,4973540.068,1650812.001
PF02/0013/F966,MO,44.905824,10.909592,50.0,4974280.86,1650781.865
PF01/0015/F966,MO,44.91197,10.938997,70.0,4975018.614,1653086.951
PF01/0016/F966,MO,44.896537,10.948945,52.0,4973323.029,1653913.421
PF01/0018/F966,MO,44.90014,10.924189,70.0,4973676.601,1651949.193
PF02/0018/F966,MO,44.897321,10.932925,70.0,4973379.859,1652646.406
PF03/0018/F966,MO,44.896787,10.936934,52.0,4973328.047,1652964.343
PF01/0019/F966,MO,44.889542,10.880475,72.0,4972418.447,1648525.087
PF02/0019/F966,MO,44.890278,10.877365,52.0,4972494.507,1648277.638
PF03/0019/F966,MO,44.89946,10.881145,50.0,4973521.415,1648552.502
PF04/0019/F966,MO,44.902146,10.884074,72.0,4973825.136,1648776.781
PF06/0019/F966,MO,44.90138,10.877154,52.0,4973727.384,1648232.394
PF01/0020/F966,MO,44.899805,10.905579,70.0,4973604.748,1650480.712
PF02/0020/F966,MO,44.898272,10.902455,70.0,4973428.621,1650238.106
PF03/0020/F966,MO,44.897621,10.904885,50.0,4973360.877,1650431.668
PF04/0020/F966,MO,44.895927,10.902737,50.0,4973168.721,1650266.438
PF05/0020/F966,MO,44.896562,10.898321,70.0,4973231.018,1649916.118
PF06/0020/F966,MO,44.902287,10.900115,70.0,4973870.383,1650042.862
PF01/0021/F966,MO,44.893865,10.909384,52.0,4972951.993,1650796.662
PF03/0021/F966,MO,44.89687,10.911789,72.0,4973290.204,1650978.757
PF05/0021/F966,MO,44.897851,10.915447,12.0,4973406.0,1651265.0
PF01/0022/F966,MO,44.896682,10.9203,50.0,4973285.166,1651651.235
PF03/0022/F966,MO,44.894614,10.925987,70.0,4973066.089,1652105.739
PF04/0022/F966,MO,44.895194,10.92263,52.0,4973124.234,1651839.106
PF05/0022/F966,MO,44.897221,10.929165,70.0,4973361.706,1652349.746
PF08/0022/F966,MO,44.90009,10.917431,70.0,4973658.477,1651415.759
PF09/0022/F966,MO,44.894571,10.91823,50.0,4973046.882,1651493.302
PF01/0023/F966,MO,44.890842,10.925699,52.0,4972646.61,1652092.954
PF02/0023/F966,MO,44.893823,10.937622,52.0,4973000.153,1653026.512
PF02/0025/F966,MO,44.89814,10.89181,52.0,4973394.329,1649397.896
PF03/0025/F966,MO,44.896801,10.894784,52.0,4973251.024,1649636.197
PF04/0025/F966,MO,44.895911,10.897562,70.0,4973157.379,1649857.904
PF07/0025/F966,MO,44.893658,10.893569,52.0,4972899.666,1649548.426
PF08/0025/F966,MO,44.892759,10.896175,56.0,4972804.597,1649756.539
PF10/0025/F966,MO,44.889589,10.893359,52.0,4972447.303,1649542.4
PF11/0025/F966,MO,44.890627,10.89695,70.0,4972569.184,1649823.299
PF14/0025/F966,MO,44.895872,10.889008,12.0,4973137.227,1649182.578
PF01/0026/F966,MO,44.894336,10.898301,70.0,4972983.742,1649920.317
PF03/0026/F966,MO,44.890381,10.899584,70.0,4972546.713,1650031.903
PF04/0027/F966,MO,44.892084,10.901304,70.0,4972739.084,1650163.291
PF05/0027/F966,MO,44.895129,10.905725,70.0,4973085.549,1650504.489
PF06/0027/F966,MO,44.892412,10.904354,70.0,4972781.215,1650403.291
PF07/0027/F966,MO,44.88997,10.904267,50.0,4972509.745,1650402.763
PF01/0028/F966,MO,44.889293,10.908174,50.0,4972441.855,1650713.086
PF02/0028/F966,MO,44.891282,10.905487,72.0,4972657.744,1650495.688
PF03/0028/F966,MO,44.8871,10.915061,50.0,4972211.044,1651262.676
PF04/0028/F966,MO,44.887785,10.918041,32.0,4972292.659,1651496.21
PF05/0028/F966,MO,44.892379,10.907071,50.0,4972782.584,1650617.927
PF06/0028/F966,MO,44.893911,10.912674,52.0,4972963.221,1651056.383
PF01/0029/F966,MO,44.889122,10.88475,52.0,4972379.609,1648863.727
PF02/0029/F966,MO,44.889093,10.890932,52.0,4972387.671,1649352.035
PF05/0029/F966,MO,44.887964,10.899665,50.0,4972278.359,1650044.595
PF06/0029/F966,MO,44.886807,10.893587,52.0,4972138.641,1649567.64
PF07/0029/F966,MO,44.885562,10.89148,52.0,4971996.472,1649404.407
PF08/0029/F966,MO,44.884498,10.888381,52.0,4971872.609,1649162.432
PF10/0029/F966,MO,44.886113,10.898303,50.0,4972070.22,1649941.839
PF11/0029/F966,MO,44.888532,10.895985,70.0,4972334.75,1649752.506
PF01/0030/F966,MO,44.885385,10.902179,50.0,4971996.547,1650249.829
PF02/0030/F966,MO,44.884546,10.912408,70.0,4971922.356,1651059.88
PF03/0030/F966,MO,44.882087,10.901559,70.0,4971629.008,1650209.435
PF04/0030/F966,MO,44.884338,10.905267,52.0,4971886.004,1650496.428
PF05/0030/F966,MO,44.884216,10.909333,12.0,4971880.0,1650817.9
PF01/0031/F966,MO,44.885799,10.917302,56.0,4972070.648,1651443.091
PF02/0031/F966,MO,44.887505,10.922203,52.0,4972269.271,1651825.612
PF03/0031/F966,MO,44.890223,10.931301,52.0,4972588.296,1652536.932
PF04/0031/F966,MO,44.889158,10.928088,52.0,4972464.001,1652285.983
PF05/0031/F966,MO,44.886058,10.917511,8.0,4972099.79,1651458.87
PF01/0032/F966,MO,44.876874,10.882984,50.0,4971015.803,1648755.888
PF02/0032/F966,MO,44.875313,10.887049,70.0,4970849.779,1649080.995
PF01/0033/F966,MO,44.882873,10.896234,50.0,4971706.495,1649786.829
PF03/0033/F966,MO,44.88059,10.887708,50.0,4971437.211,1649119.397
PF05/0033/F966,MO,44.882268,10.889861,50.0,4971627.576,1649285.078
PF06/0033/F966,MO,44.880106,10.896431,50.0,4971399.492,1649809.61
PF01/0035/F966,MO,44.885098,10.94981,52.0,4972053.905,1654012.219
PF03/0035/F966,MO,44.881729,10.93695,70.0,4971655.376,1653005.556
PF04/0035/F966,MO,44.888896,10.942456,52.0,4972461.879,1653421.35
PF05/0035/F966,MO,44.889586,10.937617,52.0,4972529.446,1653037.351
PF01/0036/F966,MO,44.878512,10.950845,48.0,4971324.285,1654111.548
PF01/0037/F966,MO,44.869427,10.931635,52.0,4970278.79,1652618.258
PF02/0038/F966,MO,44.8708,10.938596,70.0,4970444.383,1653164.519
PF01/0039/F966,MO,44.879888,10.959882,50.0,4971494.342,1654821.593
PF04/0039/F966,MO,44.873192,10.954178,50.0,4970739.638,1654389.036
PF05/0039/F966,MO,44.874573,10.959403,12.0,4970903.0,1654798.0
PF01/0041/F966,MO,44.866385,10.951468,50.0,4969978.245,1654193.122
PF05/0041/F966,MO,44.861677,10.948167,70.0,4969449.028,1653944.855
PF06/0041/F966,MO,44.863618,10.953069,12.0,4969674.0,1654327.0
PF01/0042/F966,MO,44.867546,10.948713,70.0,4970102.069,1653972.365
PF02/0042/F966,MO,44.862114,10.957457,52.0,4969515.215,1654677.704
PF03/0042/F966,MO,44.872484,10.950988,70.0,4970654.888,1654138.961
PF01/0043/F966,MO,44.862493,10.920305,5.0,4969487.28,1651741.5
PF02/0043/F966,MO,44.860242,10.919609,8.0,4969235.88,1651692.39
PF03/0043/F966,MO,44.859175,10.922123,52.0,4969122.098,1651893.82
PF04/0043/F966,MO,44.85787,10.930479,50.0,4968992.785,1652557.498
PF05/0043/F966,MO,44.866891,10.923454,50.0,4969981.719,1651978.684
PF01/0044/F966,MO,44.863264,10.933428,70.0,4969597.547,1652776.25
PF02/0044/F966,MO,44.857239,10.941745,52.0,4968943.834,1653449.311
PF03/0044/F966,MO,44.860214,10.932208,8.0,4969256.4,1652687.9
PF04/0044/F966,MO,44.860076,10.945884,70.0,4969266.841,1653768.765
PF05/0044/F966,MO,44.86025,10.932089,12.0,4969260.113,1652678.397
PF01/0045/F966,MO,44.858054,10.956835,70.0,4969063.003,1654639.38
PF02/0045/F966,MO,44.855215,10.956848,50.0,4968747.715,1654648.065
PF03/0045/F966,MO,44.853708,10.96092,70.0,4968588.064,1654973.819
PF04/0045/F966,MO,44.864582,10.95972,70.0,4969793.7,1654849.851
PF01/0046/F966,MO,44.85057,10.918913,52.0,4968160.128,1651662.785
PF01/0047/F966,MO,44.849848,10.93462,50.0,4968109.364,1652905.868
PF02/0048/F966,MO,44.852749,10.950124,50.0,4968461.004,1654123.287
PF03/0048/F966,MO,44.854895,10.941812,50.0,4968683.627,1653460.786
PF04/0048/F966,MO,44.859639,10.951035,70.0,4969228.128,1654176.941
PF01/0049/F966,MO,44.846139,10.951159,50.0,4967728.619,1654222.733
PF05/0049/F966,MO,44.850485,10.954582,50.0,4968217.907,1654481.679
PF09/0049/F966,MO,44.852793,10.948576,8.0,4968462.89,1654000.87
PF10/0049/F966,MO,44.854052,10.945012,50.0,4968596.027,1653715.944
PF01/0050/F966,MO,44.846297,10.959976,50.0,4967762.922,1654919.132
PF02/0050/F966,MO,44.841157,10.958268,70.0,4967188.721,1654797.905
PF03/0050/F966,MO,44.843869,10.957361,50.0,4967488.275,1654718.963
PF04/0050/F966,MO,44.843679,10.960018,52.0,4967472.216,1654929.415
PF05/0050/F966,MO,44.854163,10.96644,50.0,4968649.094,1655408.801
PF06/0050/F966,MO,44.846449,10.962608,52.0,4967784.87,1655126.671
PF07/0050/F966,MO,44.848792,10.962469,12.0,4968044.917,1655109.439
PF02/0051/F966,MO,44.835813,10.929172,6.0,4966540.11,1652512.41
PF03/0051/F966,MO,44.836098,10.928688,70.0,4966570.758,1652473.383
PF01/0052/F966,MO,44.84822,10.928773,52.0,4967917.589,1652448.161
PF02/0052/F966,MO,44.846222,10.934035,50.0,4967705.547,1652869.277
PF03/0052/F966,MO,44.836593,10.938101,50.0,4966643.531,1653216.082
PF01/0053/F966,MO,44.846408,10.948964,70.0,4967754.341,1654048.585
PF02/0053/F966,MO,44.837284,10.942914,70.0,4966729.316,1653594.715
PF04/0053/F966,MO,44.847635,10.945155,50.0,4967883.475,1653744.266
PF05/0053/F966,MO,44.842877,10.940497,8.0,4967346.13,1653388.81
PF01/0054/F966,MO,44.845666,10.951499,52.0,4967676.747,1654250.903
PF05/0054/F966,MO,44.842978,10.952732,70.0,4967380.527,1654355.531
PF06/0054/F966,MO,44.838373,10.952571,70.0,4966868.669,1654355.074
PF07/0054/F966,MO,44.841487,10.949256,70.0,4967208.302,1654084.734
PF08/0054/F966,MO,44.842946,10.947282,50.0,4967366.554,1653924.878
PF02/0055/F966,MO,44.839169,10.95574,70.0,4966963.115,1654603.375
PF03/0055/F966,MO,44.837215,10.954319,72.0,4966743.356,1654496.289
PF01/0056/F966,MO,44.834991,10.92995,70.0,4966450.254,1652576.04
PF02/0056/F966,MO,44.8331,10.929943,70.0,4966240.111,1652580.466
PF03/0056/F966,MO,44.829837,10.932779,50.0,4965882.992,1652813.266
PF04/0056/F966,MO,44.830092,10.927287,50.0,4965901.031,1652378.493
PF05/0056/F966,MO,44.834663,10.92307,70.0,4966400.904,1652033.101
PF06/0056/F966,MO,44.829016,10.923259,52.0,4965773.941,1652062.868
PF01/0057/F966,MO,44.827511,10.941603,50.0,4965641.176,1653517.033
PF02/0057/F966,MO,44.826159,10.946186,50.0,4965499.712,1653882.875
PF03/0057/F966,MO,44.824351,10.945962,50.0,4965298.376,1653870.01
PF04/0057/F966,MO,44.824725,10.94139,70.0,4965331.31,1653507.542
PF05/0057/F966,MO,44.82283,10.933548,50.0,4965106.004,1652892.609
PF07/0057/F966,MO,44.83038,10.935716,70.0,4965948.874,1653044.024
PF08/0057/F966,MO,44.829932,10.937631,50.0,4965902.72,1653196.615
PF09/0057/F966,MO,44.821479,10.941819,50.0,4964971.603,1653550.085
PF10/0057/F966,MO,44.827537,10.941278,8.0,4965643.53,1653491.23
PF01/0058/F966,MO,44.835071,10.953448,72.0,4966503.508,1654433.176
PF02/0058/F966,MO,44.835528,10.947579,50.0,4966543.089,1653968.068
PF03/0058/F966,MO,44.8337,10.951638,70.0,4966347.725,1654293.812
PF04/0058/F966,MO,44.832037,10.949189,70.0,4966158.368,1654104.654
PF05/0058/F966,MO,44.831363,10.952903,52.0,4966090.504,1654400.018
PF06/0058/F966,MO,44.831268,10.944934,52.0,4966064.863,1653770.383
PF08/0058/F966,MO,44.829418,10.944331,52.0,4965858.253,1653727.612
PF09/0058/F966,MO,44.828348,10.946677,50.0,4965743.76,1653915.937
PF01/0059/F966,MO,44.82864,10.95585,72.0,4965793.65,1654640.269
PF02/0059/F966,MO,44.830134,10.952747,72.0,4965953.723,1654391.007
PF03/0059/F966,MO,44.827833,10.95111,70.0,4965694.955,1654267.73
PF05/0059/F966,MO,44.82422,10.951262,50.0,4965293.961,1654289.389
PF06/0059/F966,MO,44.82128,10.950911,52.0,4964966.699,1654269.436
PF07/0059/F966,MO,44.820615,10.957234,52.0,4964904.833,1654771.105
PF08/0059/F966,MO,44.822631,10.956451,52.0,4965127.255,1654703.84
PF09/0059/F966,MO,44.825197,10.958473,52.0,4965416.123,1654856.856
PF01/0060/F966,MO,44.814564,10.949059,5.0,4964217.05,1654140.9
PF02/0060/F966,MO,44.822083,10.945807,70.0,4965046.245,1653863.785
PF04/0060/F966,MO,44.819161,10.941132,70.0,4964712.801,1653501.96
PF05/0060/F966,MO,44.814647,10.948879,8.0,4964226.03,1654126.47
PF06/0060/F966,MO,44.813494,10.944679,52.0,4964089.946,1653797.466
PF01/0061/F966,MO,44.823114,10.962351,12.0,4965192.2,1655169.0
PF03/0061/F966,MO,44.816571,10.950633,0.0,4964443.0,1654260.0
PF04/0061/F966,MO,44.815363,10.957907,52.0,4964322.666,1654838.437
PF01/0062/F966,MO,44.803453,10.943504,52.0,4962972.284,1653731.206
PF02/0062/F966,MO,44.810114,10.939253,52.0,4963704.226,1653377.316
PF03/0062/F966,MO,44.805656,10.942429,52.0,4963215.031,1653640.314
PF04/0062/F966,MO,44.811916,10.948561,52.0,4963921.983,1654108.605
PF02/0063/F966,MO,44.807765,10.94592,52.0,4963455.908,1653910.788
PF03/0063/F966,MO,44.811577,10.953473,52.0,4963893.628,1654497.944
PF01/0001/G250,MO,44.400123,10.659156,70.0,4917671.133,1632154.316
PF01/0002/G250,MO,44.402971,10.650254,52.0,4917973.217,1631438.999
PF02/0002/G250,MO,44.401193,10.656941,70.0,4917786.457,1631975.479
PF03/0002/G250,MO,44.396404,10.641131,52.0,4917229.14,1630727.111
PF04/0002/G250,MO,44.397659,10.645793,70.0,4917375.998,1631095.613
PF05/0002/G250,MO,44.398662,10.642747,52.0,4917482.552,1630850.824
PF06/0002/G250,MO,44.394513,10.643305,52.0,4917022.536,1630904.486
PF08/0002/G250,MO,44.395218,10.646309,52.0,4917105.659,1631142.124
PF10/0002/G250,MO,44.397846,10.655223,70.0,4917411.897,1631846.196
PF01/0003/G250,MO,44.398353,10.639892,52.0,4917443.677,1630624.136
PF02/0003/G250,MO,44.397046,10.627753,11.0,4917279.2,1629660.3
PF03/0003/G250,MO,44.395775,10.630487,52.0,4917142.333,1629880.825
PF04/0003/G250,MO,44.395968,10.63386,50.0,4917169.107,1630149.064
PF05/0003/G250,MO,44.392611,10.627287,11.0,4916785.8,1629633.0
PF06/0003/G250,MO,44.400681,10.63522,50.0,4917694.764,1630246.894
PF01/0004/G250,MO,44.389123,10.640062,50.0,4916418.624,1630658.161
PF03/0004/G250,MO,44.393051,10.640345,52.0,4916855.377,1630672.003
PF04/0004/G250,MO,44.395005,10.649926,52.0,4917087.824,1631430.67
PF05/0004/G250,MO,44.39713,10.649547,52.0,4917323.193,1631395.73
PF06/0004/G250,MO,44.390407,10.653078,52.0,4916582.11,1631692.018
PF07/0004/G250,MO,44.391918,10.652634,8.0,4916749.29,1631653.33
PF01/0005/G250,MO,44.391076,10.661938,9.0,4916670.75,1632396.2
PF02/0005/G250,MO,44.396303,10.657915,70.0,4917244.877,1632064.026
PF04/0005/G250,MO,44.394982,10.661785,52.0,4917104.35,1632375.26
PF05/0005/G250,MO,44.388997,10.659916,50.0,4916436.492,1632239.897
PF06/0005/G250,MO,44.392509,10.655172,52.0,4916818.963,1631854.108
PF07/0005/G250,MO,44.397049,10.663526,52.0,4917336.771,1632509.235
PF01/0006/G250,MO,44.384414,10.631826,8.0,4915882.45,1630012.62
PF03/0006/G250,MO,44.386229,10.633554,50.0,4916086.828,1630146.229
PF04/0006/G250,MO,44.384461,10.625647,70.0,4915877.905,1629520.333
PF05/0006/G250,MO,44.389704,10.632127,50.0,4916470.602,1630024.858
PF06/0006/G250,MO,44.387021,10.627812,52.0,4916165.684,1629687.105
PF01/0007/G250,MO,44.389388,10.649946,52.0,4916463.937,1631444.887
PF03/0007/G250,MO,44.386475,10.651575,50.0,4916142.995,1631581.102
PF04/0007/G250,MO,44.386168,10.637996,50.0,4916087.1,1630500.163
PF05/0007/G250,MO,44.386899,10.645135,70.0,4916179.681,1631067.206
PF07/0007/G250,MO,44.383746,10.642335,70.0,4915824.991,1630851.243
PF08/0007/G250,MO,44.384938,10.646093,70.0,4915963.388,1631147.88
PF09/0007/G250,MO,44.384598,10.650247,52.0,4915932.361,1631479.537
PF10/0007/G250,MO,44.383433,10.655297,52.0,4915811.091,1631884.469
PF11/0007/G250,MO,44.381991,10.637382,50.0,4915622.188,1630460.603
PF01/0008/G250,MO,44.383514,10.648063,8.0,4915808.47,1631308.0
PF03/0008/G250,MO,44.385526,10.65033,50.0,4916035.595,1631484.057
PF04/0008/G250,MO,44.386311,10.64692,70.0,4916117.26,1631210.745
PF05/0008/G250,MO,44.382536,10.645423,52.0,4915695.58,1631099.87
PF01/0009/G250,MO,44.385502,10.668611,70.0,4916062.425,1632940.318
PF02/0009/G250,MO,44.382711,10.664481,52.0,4915745.699,1632617.691
PF03/0009/G250,MO,44.385941,10.661244,52.0,4916099.165,1632352.539
PF04/0009/G250,MO,44.386764,10.664727,52.0,4916196.27,1632628.063
PF05/0009/G250,MO,44.38908,10.668831,52.0,4916460.193,1632949.796
PF01/0010/G250,MO,44.379863,10.676102,52.0,4915448.15,1633549.816
PF02/0010/G250,MO,44.382116,10.670224,52.0,4915688.905,1633076.495
PF03/0010/G250,MO,44.379081,10.671211,72.0,4915353.394,1633162.013
PF04/0010/G250,MO,44.377647,10.67349,72.0,4915197.813,1633346.803
PF05/0010/G250,MO,44.378751,10.679568,50.0,4915330.349,1633828.466
PF06/0010/G250,MO,44.38219,10.678172,50.0,4915710.095,1633709.444
PF07/0010/G250,MO,44.386636,10.675062,8.0,4916198.8,1633451.62
PF01/0012/G250,MO,44.376416,10.641672,72.0,4915009.748,1630814.687
PF02/0012/G250,MO,44.375727,10.642822,8.0,4914935.09,1630907.86
PF01/0013/G250,MO,44.380005,10.648304,50.0,4915419.021,1631335.092
PF02/0013/G250,MO,44.381245,10.651796,52.0,4915562.32,1631610.476
PF03/0013/G250,MO,44.377795,10.660511,8.0,4915193.19,1632312.49
PF04/0013/G250,MO,44.378798,10.651954,8.0,4915290.76,1631628.54
PF01/0014/G250,MO,44.369617,10.649551,50.0,4914267.152,1631457.655
PF02/0014/G250,MO,44.37166,10.655243,50.0,4914503.232,1631906.589
PF03/0014/G250,MO,44.372284,10.647971,50.0,4914560.859,1631325.82
PF02/0015/G250,MO,44.374058,10.65826,72.0,4914774.45,1632141.576
PF04/0015/G250,MO,44.37371,10.668303,72.0,4914752.037,1632942.471
PF07/0015/G250,MO,44.370818,10.664745,50.0,4914425.069,1632665.491
PF08/0015/G250,MO,44.369374,10.66203,52.0,4914260.267,1632452.491
PF10/0015/G250,MO,44.370499,10.667382,52.0,4914393.855,1632876.352
PF11/0015/G250,MO,44.367354,10.668383,70.0,4914046.189,1632963.251
PF12/0015/G250,MO,44.373619,10.664051,50.0,4914735.091,1632603.926
PF13/0015/G250,MO,44.375769,10.660192,12.0,4914967.64,1632291.64
PF01/0016/G250,MO,44.37559,10.669591,50.0,4914962.974,1633040.812
PF02/0016/G250,MO,44.375667,10.674149,52.0,4914978.965,1633403.823
PF03/0016/G250,MO,44.376461,10.684395,72.0,4915083.802,1634218.263
PF04/0016/G250,MO,44.373463,10.683256,52.0,4914749.012,1634134.404
PF01/0017/G250,MO,44.364436,10.653144,70.0,4913697.444,1631755.485
PF03/0017/G250,MO,44.363065,10.655137,70.0,4913548.351,1631917.375
PF01/0018/G250,MO,44.365238,10.657327,52.0,4913793.187,1632087.076
PF02/0018/G250,MO,44.364148,10.666115,50.0,4913686.4,1632789.764
PF03/0018/G250,MO,44.367501,10.655928,70.0,4914042.349,1631970.451
PF04/0018/G250,MO,44.36916,10.660678,8.0,4914234.28,1632345.23
PF05/0018/G250,MO,44.369117,10.660597,52.0,4914229.377,1632338.832
PF01/0019/G250,MO,44.364163,10.669399,8.0,4913693.4,1633051.42
PF02/0019/G250,MO,44.364754,10.678172,52.0,4913773.322,1633749.151
PF03/0019/G250,MO,44.365848,10.671607,50.0,4913884.143,1633223.544
PF04/0019/G250,MO,44.368122,10.672238,52.0,4914137.679,1633268.614
PF05/0019/G250,MO,44.368721,10.685036,8.0,4914225.18,1634286.99
PF06/0019/G250,MO,44.369986,10.675036,72.0,4914349.35,1633487.388
PF07/0019/G250,MO,44.368989,10.681465,72.0,4914249.117,1634001.871
PF01/0020/G250,MO,44.363397,10.692002,48.0,4913645.241,1634854.231
PF02/0020/G250,MO,44.365106,10.689921,48.0,4913831.654,1634684.511
PF03/0020/G250,MO,44.3628,10.682781,8.0,4913563.75,1634120.81
PF01/0021/G250,MO,44.362987,10.67191,50.0,4913566.835,1633254.167
PF02/0021/G250,MO,44.363,10.677959,50.0,4913578.135,1633736.126
PF03/0021/G250,MO,44.361511,10.684676,52.0,4913423.678,1634274.79
PF04/0021/G250,MO,44.360171,10.681869,72.0,4913270.226,1634054.186
PF05/0021/G250,MO,44.360973,10.676271,52.0,4913350.199,1633606.227
PF06/0021/G250,MO,44.358281,10.672914,72.0,4913045.737,1633344.834
PF07/0021/G250,MO,44.358561,10.676836,72.0,4913083.225,1633656.732
PF08/0021/G250,MO,44.361118,10.668943,50.0,4913354.413,1633021.979
PF01/0022/G250,MO,44.362092,10.663791,50.0,4913454.205,1632609.22
PF02/0022/G250,MO,44.35981,10.659163,52.0,4913193.305,1632245.551
PF03/0022/G250,MO,44.362621,10.660504,50.0,4913507.677,1632346.057
PF01/0023/G250,MO,44.35632,10.662273,70.0,4912810.668,1632501.227
PF02/0023/G250,MO,44.3539,10.651172,50.0,4912523.946,1631621.973
PF03/0023/G250,MO,44.351256,10.649358,70.0,4912227.383,1631483.337
PF04/0023/G250,MO,44.351064,10.652772,70.0,4912211.53,1631755.82
PF06/0023/G250,MO,44.354605,10.654533,70.0,4912607.7,1631888.227
PF01/0024/G250,MO,44.35557,10.665063,9.0,4912731.8,1632725.25
PF04/0024/G250,MO,44.354894,10.669818,70.0,4912664.483,1633105.787
PF05/0024/G250,MO,44.358949,10.667226,70.0,4913110.638,1632890.012
PF06/0024/G250,MO,44.35576,10.663287,72.0,4912750.015,1632583.296
PF07/0024/G250,MO,44.349116,10.670386,70.0,4912023.564,1633164.159
PF01/0025/G250,MO,44.35635,10.677974,72.0,4912839.479,1633752.442
PF02/0025/G250,MO,44.353524,10.681565,72.0,4912531.388,1634045.082
PF04/0025/G250,MO,44.347978,10.676046,50.0,4911906.348,1633617.815
PF05/0025/G250,MO,44.352422,10.675205,50.0,4912398.621,1633540.678
PF01/0026/G250,MO,44.36123,10.687254,52.0,4913396.742,1634480.861
PF02/0026/G250,MO,44.359311,10.685986,52.0,4913181.524,1634384.184
PF03/0026/G250,MO,44.358845,10.689443,70.0,4913135.362,1634660.777
PF04/0026/G250,MO,44.351793,10.688338,50.0,4912350.231,1634588.83
PF01/0027/G250,MO,44.350374,10.657444,70.0,4912142.4,1632129.722
PF03/0027/G250,MO,44.34738,10.656919,70.0,4911808.967,1632094.652
PF04/0027/G250,MO,44.336726,10.652069,54.0,4910617.779,1631731.93
PF05/0027/G250,MO,44.344504,10.653412,70.0,4911483.878,1631821.519
PF06/0027/G250,MO,44.344951,10.648853,50.0,4911526.2,1631457.135
PF01/0028/G250,MO,44.346894,10.653191,8.0,4911748.97,1631798.54
PF01/0029/G250,MO,44.350807,10.65899,11.0,4912193.0,1632252.0
PF02/0029/G250,MO,44.34823,10.659663,50.0,4911907.767,1632311.408
PF03/0029/G250,MO,44.345769,10.658521,72.0,4911632.584,1632225.944
PF04/0029/G250,MO,44.350635,10.66249,70.0,4912179.537,1632531.308
PF05/0029/G250,MO,44.352961,10.661668,72.0,4912436.571,1632460.562
PF06/0029/G250,MO,44.344908,10.656091,50.0,4911533.069,1632034.146
PF07/0029/G250,MO,44.346261,10.664487,70.0,4911696.913,1632700.418
PF08/0029/G250,MO,44.344059,10.66591,70.0,4911454.553,1632818.747
PF01/0030/G250,MO,44.33517,10.669091,72.0,4910472.338,1633092.483
PF02/0030/G250,MO,44.338738,10.666008,72.0,4910863.749,1632838.578
PF05/0030/G250,MO,44.342366,10.672462,50.0,4911277.147,1633344.891
PF02/0031/G250,MO,44.336148,10.660928,72.0,4910567.801,1632439.471
PF03/0031/G250,MO,44.336696,10.658555,72.0,4910624.864,1632249.077
PF04/0031/G250,MO,44.333038,10.659612,52.0,4910220.252,1632341.568
PF05/0031/G250,MO,44.333987,10.661153,72.0,4910328.16,1632462.275
PF07/0031/G250,MO,44.340023,10.657151,52.0,4910992.112,1632129.634
PF08/0031/G250,MO,44.341536,10.655674,72.0,4911157.838,1632008.474
PF09/0031/G250,MO,44.336975,10.65834,8.0,4910655.45,1632231.29
PF10/0031/G250,MO,44.332044,10.662613,12.0,4910114.7,1632583.0
PF11/0031/G250,MO,44.33811,10.662271,12.0,4910787.853,1632542.122
PF01/0032/G250,MO,44.33758,10.646702,52.0,4910703.956,1631302.158
PF03/0032/G250,MO,44.334513,10.644555,52.0,4910359.814,1631137.832
PF05/0032/G250,MO,44.332283,10.645823,72.0,4910114.173,1631243.848
PF07/0032/G250,MO,44.33172,10.640988,52.0,4910043.944,1630859.644
PF08/0032/G250,MO,44.327675,10.645728,52.0,4909602.201,1631246.533
PF09/0032/G250,MO,44.33558,10.646495,8.0,4910481.52,1631290.06
PF10/0032/G250,MO,44.3376,10.648774,8.0,4910709.48,1631467.25
PF11/0032/G250,MO,44.336319,10.645313,72.0,4910561.666,1631194.184
PF02/0033/G250,MO,44.334554,10.653277,52.0,4910378.4,1631833.087
PF03/0033/G250,MO,44.332329,10.646483,52.0,4910120.4,1631296.379
PF04/0033/G250,MO,44.332474,10.650865,52.0,4910143.52,1631645.427
PF05/0033/G250,MO,44.332161,10.653282,72.0,4910112.562,1631838.81
PF07/0033/G250,MO,44.330513,10.658491,52.0,4909937.982,1632257.842
PF08/0033/G250,MO,44.327868,10.649217,52.0,4909629.258,1631524.365
PF09/0033/G250,MO,44.328317,10.6533,50.0,4909685.655,1631848.863
PF10/0033/G250,MO,44.33512,10.648775,52.0,4910434.079,1631472.863
PF01/0034/G250,MO,44.330509,10.665201,52.0,4909948.327,1632792.873
PF03/0034/G250,MO,44.326913,10.665735,8.0,4909549.78,1632843.55
PF01/0035/G250,MO,44.329573,10.640613,52.0,4909804.847,1630834.476
PF02/0035/G250,MO,44.32817,10.637909,11.0,4909644.69,1630622.0
PF03/0035/G250,MO,44.327467,10.642786,50.0,4909574.44,1631012.467
PF04/0035/G250,MO,44.32732,10.642859,50.0,4909558.202,1631018.567
PF05/0035/G250,MO,44.324879,10.635296,11.0,4909275.0,1630421.0
PF06/0035/G250,MO,44.325262,10.638857,54.0,4909323.143,1630704.058
PF07/0035/G250,MO,44.32352,10.634577,11.0,4909122.86,1630366.64
PF09/0035/G250,MO,44.325977,10.637224,11.0,4909400.0,1630572.3
PF10/0035/G250,MO,44.323926,10.641231,50.0,4909178.545,1630896.346
PF01/0036/G250,MO,44.326338,10.647618,50.0,4909456.676,1631400.294
PF02/0036/G250,MO,44.326041,10.651519,50.0,4909429.964,1631711.973
PF03/0036/G250,MO,44.324806,10.648767,70.0,4909288.378,1631495.318
PF04/0036/G250,MO,44.323982,10.651776,70.0,4909201.672,1631737.039
PF05/0036/G250,MO,44.324899,10.655661,70.0,4909309.775,1632044.835
PF06/0036/G250,MO,44.323368,10.657888,70.0,4909143.317,1632225.841
PF07/0036/G250,MO,44.327539,10.667026,52.0,4909621.384,1632945.072
PF08/0036/G250,MO,44.324908,10.665547,52.0,4909326.771,1632833.031
PF10/0036/G250,MO,44.323315,10.667746,72.0,4909153.369,1633012.012
PF11/0036/G250,MO,44.321782,10.660703,50.0,4908971.637,1632453.827
PF12/0036/G250,MO,44.3254,10.667422,52.0,4909384.456,1632981.478
PF13/0036/G250,MO,44.323248,10.662599,50.0,4909137.569,1632601.749
PF01/0037/G250,MO,44.321954,10.645395,8.0,4908966.21,1631232.76
PF02/0037/G250,MO,44.3218,10.646468,9.0,4908950.8,1631318.7
PF03/0037/G250,MO,44.320996,10.650577,70.0,4908868.058,1631648.111
PF04/0037/G250,MO,44.320638,10.647748,70.0,4908823.833,1631423.36
PF05/0037/G250,MO,44.318298,10.645369,50.0,4908560.101,1631238.871
PF01/0038/G250,MO,44.321975,10.635185,11.0,4908952.2,1630418.6
PF03/0038/G250,MO,44.321352,10.643597,70.0,4908896.408,1631090.764
PF04/0038/G250,MO,44.31973,10.635252,52.0,4908703.017,1630428.898
PF06/0038/G250,MO,44.318884,10.638244,72.0,4908613.711,1630669.321
PF08/0038/G250,MO,44.316916,10.625758,11.0,4908375.4,1629678.0
PF09/0038/G250,MO,44.316668,10.629538,11.0,4908353.8,1629980.0
PF10/0038/G250,MO,44.316989,10.633195,52.0,4908395.231,1630270.87
PF11/0038/G250,MO,44.317543,10.636123,52.0,4908461.438,1630503.152
PF12/0038/G250,MO,44.317878,10.642612,70.0,4908508.94,1631019.889
PF01/0039/G250,MO,44.32241,10.653955,70.0,4909030.572,1631914.337
PF02/0039/G250,MO,44.320797,10.657701,72.0,4908857.392,1632216.652
PF04/0039/G250,MO,44.319883,10.652765,70.0,4908747.948,1631825.143
PF05/0039/G250,MO,44.318787,10.655382,52.0,4908630.471,1632036.251
PF07/0039/G250,MO,44.318086,10.660466,52.0,4908560.788,1632443.264
PF09/0039/G250,MO,44.315851,10.652502,52.0,4908299.657,1631813.157
PF10/0039/G250,MO,44.31637,10.657554,52.0,4908365.474,1632214.879
PF12/0039/G250,MO,44.320927,10.663288,72.0,4908880.909,1632661.928
PF01/0040/G250,MO,44.317989,10.665948,70.0,4908558.91,1632880.63
PF02/0040/G250,MO,44.318941,10.675724,70.0,4908680.471,1633658.104
PF01/0041/G250,MO,44.312801,10.639554,52.0,4907940.199,1630787.298
PF02/0041/G250,MO,44.311562,10.626535,58.0,4907781.852,1629751.729
PF03/0041/G250,MO,44.308659,10.628144,50.0,4907461.933,1629886.472
PF04/0041/G250,MO,44.310382,10.637583,70.0,4907668.368,1630635.502
PF05/0041/G250,MO,44.310471,10.634554,52.0,4907673.353,1630393.721
PF01/0042/G250,MO,44.313826,10.641731,70.0,4908057.475,1630958.682
PF02/0042/G250,MO,44.312337,10.645369,50.0,4907897.924,1631252.14
PF03/0042/G250,MO,44.314076,10.648641,50.0,4908096.298,1631509.181
PF04/0042/G250,MO,44.31223,10.650165,52.0,4907893.684,1631634.896
PF05/0042/G250,MO,44.310079,10.6437,70.0,4907644.425,1631124.077
PF06/0042/G250,MO,44.307931,10.644427,50.0,4907406.981,1631186.855
PF01/0043/G250,MO,44.314167,10.654909,70.0,4908116.499,1632008.851
PF02/0043/G250,MO,44.313294,10.657516,52.0,4908023.692,1632218.775
PF03/0043/G250,MO,44.316287,10.66083,70.0,4908361.529,1632476.317
PF04/0043/G250,MO,44.310796,10.659662,52.0,4907749.764,1632395.514
PF01/0045/G250,MO,44.309779,10.655555,50.0,4907630.117,1632070.22
PF02/0045/G250,MO,44.304796,10.662837,52.0,4907088.395,1632662.233
PF01/0046/G250,MO,44.300469,10.624181,52.0,4906546.007,1629588.368
PF02/0046/G250,MO,44.303805,10.622372,8.0,4906913.7,1629436.74
PF03/0046/G250,MO,44.299618,10.626658,72.0,4906455.401,1629787.896
PF01/0047/G250,MO,44.305631,10.64061,56.0,4907145.376,1630887.475
PF02/0047/G250,MO,44.301623,10.637523,52.0,4906695.295,1630650.177
PF03/0047/G250,MO,44.310038,10.635264,8.0,4907626.41,1630451.33
PF04/0047/G250,MO,44.299088,10.638816,72.0,4906415.792,1630758.898
PF05/0047/G250,MO,44.30523,10.634194,50.0,4907090.616,1630376.569
PF01/0048/G250,MO,44.305196,10.645919,50.0,4907105.598,1631311.911
PF02/0048/G250,MO,44.303899,10.639749,50.0,4906951.688,1630822.62
PF04/0048/G250,MO,44.298687,10.643582,52.0,4906378.815,1631139.976
PF06/0048/G250,MO,44.304873,10.649011,50.0,4907074.689,1631559.29
PF01/0050/G250,MO,44.294477,10.613736,52.0,4905863.929,1628768.297
PF01/0051/G250,MO,44.297123,10.632182,72.0,4906186.992,1630234.064
PF02/0051/G250,MO,44.294237,10.629132,8.0,4905861.6,1629997.09
PF01/0055/G250,MO,44.286151,10.607273,10.0,4904929.0,1628270.8
PF03/0055/G250,MO,44.294359,10.607438,52.0,4905840.932,1628266.119
PF05/0055/G250,MO,44.292106,10.612488,52.0,4905598.601,1628673.892
PF01/0056/G250,MO,44.292066,10.615528,52.0,4905598.971,1628916.545
PF02/0056/G250,MO,44.289058,10.621288,52.0,4905273.895,1629382.679
PF03/0056/G250,MO,44.285151,10.619353,50.0,4904836.849,1629236.865
PF04/0056/G250,MO,44.289071,10.618001,52.0,4905270.217,1629120.402
PF05/0056/G250,MO,44.292275,10.620478,52.0,4905629.974,1629310.956
PF06/0056/G250,MO,44.281446,10.622334,52.0,4904430.057,1629482.813
PF01/0058/G250,MO,44.286532,10.64063,8.0,4905024.06,1630931.54
PF01/0059/G250,MO,44.284103,10.602686,50.0,4904694.332,1627909.265
PF02/0059/G250,MO,44.281138,10.595602,8.0,4904353.98,1627350.42
PF01/0060/G250,MO,44.283593,10.613389,8.0,4904654.46,1628764.34
PF03/0060/G250,MO,44.283278,10.616557,50.0,4904624.468,1629017.855
PF05/0060/G250,MO,44.277952,10.614876,50.0,4904030.148,1628895.318
PF06/0060/G250,MO,44.276262,10.611378,70.0,4903836.983,1628619.898
PF07/0060/G250,MO,44.284879,10.606483,72.0,4904786.532,1628210.552
PF08/0060/G250,MO,44.279679,10.611303,72.0,4904216.458,1628606.446
PF03/0061/G250,MO,44.272014,10.621271,52.0,4903380.637,1629418.748
PF04/0061/G250,MO,44.275303,10.621247,8.0,4903746.03,1629409.59
PF05/0061/G250,MO,44.274104,10.61439,12.0,4903602.0,1628865.0
PF01/0063/G250,MO,44.27436,10.597125,52.0,4903603.51,1627486.561
PF02/0063/G250,MO,44.272486,10.591081,50.0,4903385.987,1627008.242
PF01/0064/G250,MO,44.27896,10.607281,70.0,4904130.319,1628287.109
PF02/0064/G250,MO,44.274889,10.604246,72.0,4903673.385,1628053.712
PF03/0064/G250,MO,44.269861,10.603356,70.0,4903113.478,1627993.622
PF04/0064/G250,MO,44.269457,10.607034,50.0,4903074.308,1628287.998
PF05/0064/G250,MO,44.277858,10.60454,8.0,4904003.55,1628070.72
PF06/0064/G250,MO,44.270208,10.609848,72.0,4903162.188,1628511.004
PF01/0065/G250,MO,44.272836,10.597288,52.0,4903434.49,1627502.885
PF02/0065/G250,MO,44.276177,10.600646,0.0,4903810.8,1627763.6
PF03/0065/G250,MO,44.268682,10.593741,72.0,4902967.566,1627228.768
PF04/0065/G250,MO,44.270242,10.599696,8.0,4903150.08,1627700.7
PF01/0066/G250,MO,44.264012,10.608347,52.0,4902471.579,1628404.708
PF02/0066/G250,MO,44.26335,10.613581,52.0,4902406.239,1628823.907
PF03/0066/G250,MO,44.267137,10.611267,8.0,4902823.27,1628630.94
PF01/0067/G250,MO,44.262111,10.591032,32.0,4902233.528,1627026.656
PF02/0067/G250,MO,44.260651,10.592535,11.0,4902073.6,1627149.8
PF03/0067/G250,MO,44.260313,10.588623,52.0,4902030.049,1626838.284
PF04/0067/G250,MO,44.265224,10.592265,11.0,4902581.2,1627118.4
PF05/0067/G250,MO,44.262353,10.594654,54.0,4902266.007,1627315.304
PF06/0067/G250,MO,44.264183,10.600605,52.0,4902478.46,1627786.344
PF01/0068/G250,MO,44.267902,10.602318,52.0,4902894.226,1627915.034
PF02/0068/G250,MO,44.265021,10.604981,52.0,4902578.357,1628133.846
PF03/0068/G250,MO,44.262127,10.602144,52.0,4902252.519,1627913.637
PF04/0068/G250,MO,44.259735,10.605015,8.0,4901991.32,1628148.02
PF01/0069/G250,MO,44.255199,10.593752,8.0,4901469.92,1627258.73
PF01/0001/G393,MO,44.390148,10.852868,52.0,4916893.971,1647605.761
PF02/0001/G393,MO,44.390153,10.859939,50.0,4916907.335,1648168.91
PF03/0001/G393,MO,44.38866,10.843354,52.0,4916711.6,1646851.664
PF04/0001/G393,MO,44.390663,10.842877,52.0,4916933.192,1646808.679
PF05/0001/G393,MO,44.388566,10.843663,8.0,4916701.67,1646876.51
PF06/0001/G393,MO,44.3884,10.846967,72.0,4916689.18,1647140.079
PF02/0002/G393,MO,44.397931,10.873286,70.0,4917795.544,1649212.217
PF03/0002/G393,MO,44.394208,10.870974,50.0,4917377.799,1649037.558
PF04/0002/G393,MO,44.391346,10.864153,72.0,4917047.403,1648501.577
PF05/0002/G393,MO,44.394011,10.874356,50.0,4917362.082,1649307.461
PF06/0002/G393,MO,44.392484,10.861594,50.0,4917169.231,1648294.873
PF08/0002/G393,MO,44.392023,10.867694,50.0,4917129.063,1648781.911
PF09/0002/G393,MO,44.392645,10.870555,72.0,4917203.388,1649008.168
PF10/0002/G393,MO,44.391789,10.873493,56.0,4917113.67,1649244.315
PF11/0002/G393,MO,44.393793,10.864107,8.0,4917319.17,1648491.71
PF12/0002/G393,MO,44.397523,10.86979,50.0,4917743.782,1648934.849
PF01/0003/G393,MO,44.39766,10.878154,8.0,4917774.34,1649600.62
PF02/0003/G393,MO,44.395405,10.880953,72.0,4917528.876,1649829.29
PF03/0003/G393,MO,44.400364,10.883936,52.0,4918085.223,1650054.188
PF04/0003/G393,MO,44.397576,10.878196,70.0,4917765.034,1649604.177
PF05/0003/G393,MO,44.400671,10.876431,70.0,4918105.653,1649455.748
PF01/0004/G393,MO,44.384951,10.801097,70.0,4916224.678,1643494.943
PF02/0004/G393,MO,44.385826,10.81424,52.0,4916345.008,1644539.718
PF03/0004/G393,MO,44.388439,10.797675,70.0,4916606.22,1643213.818
PF04/0004/G393,MO,44.383469,10.796936,70.0,4916052.783,1643167.088
PF06/0004/G393,MO,44.388741,10.808245,8.0,4916658.22,1644055.02
PF07/0004/G393,MO,44.389307,10.807744,52.0,4916720.222,1644013.698
PF08/0004/G393,MO,44.388359,10.806272,70.0,4916612.363,1643898.807
PF01/0005/G393,MO,44.391488,10.815034,70.0,4916975.364,1644588.994
PF02/0005/G393,MO,44.39116,10.80871,52.0,4916927.763,1644086.1
PF03/0005/G393,MO,44.390318,10.811608,52.0,4916839.295,1644318.992
PF04/0005/G393,MO,44.385975,10.816651,50.0,4916365.81,1644731.399
PF05/0005/G393,MO,44.388007,10.81403,70.0,4916586.856,1644517.561
PF06/0005/G393,MO,44.384985,10.81936,50.0,4916260.688,1644949.564
PF08/0005/G393,MO,44.389039,10.81855,70.0,4916709.515,1644875.066
PF09/0005/G393,MO,44.388642,10.820763,52.0,4916669.338,1645052.346
PF01/0006/G393,MO,44.387965,10.840938,52.0,4916630.025,1646660.998
PF02/0006/G393,MO,44.384841,10.833378,72.0,4916269.594,1646066.597
PF03/0006/G393,MO,44.384538,10.830222,50.0,4916230.223,1645815.966
PF04/0006/G393,MO,44.388189,10.827698,72.0,4916631.371,1645605.838
PF05/0006/G393,MO,44.388136,10.834139,52.0,4916636.896,1646119.022
PF02/0007/G393,MO,44.386573,10.843192,52.0,4916479.48,1646844.011
PF03/0007/G393,MO,44.385485,10.852248,50.0,4916374.93,1647568.082
PF04/0007/G393,MO,44.386262,10.856422,70.0,4916468.721,1647898.598
PF02/0008/G393,MO,44.387017,10.86116,8.0,4916561.15,1648274.09
PF03/0008/G393,MO,44.387881,10.86767,50.0,4916668.917,1648790.455
PF01/0009/G393,MO,44.393458,10.874269,8.0,4917300.45,1649301.93
PF02/0009/G393,MO,44.391792,10.880575,52.0,4917126.923,1649808.406
PF03/0009/G393,MO,44.388719,10.872767,56.0,4916771.295,1649194.323
PF04/0009/G393,MO,44.386136,10.873335,8.0,4916485.42,1649246.14
PF01/0010/G393,MO,44.377618,10.771604,50.0,4915358.989,1641163.198
PF02/0010/G393,MO,44.374909,10.775687,52.0,4915065.059,1641495.068
PF03/0010/G393,MO,44.374479,10.783076,52.0,4915030.111,1642084.791
PF04/0010/G393,MO,44.37849,10.765332,72.0,4915444.998,1640661.486
PF05/0010/G393,MO,44.380841,10.781501,8.0,4915734.0,1641943.92
PF01/0011/G393,MO,44.377005,10.790468,70.0,4915323.513,1642667.516
PF02/0011/G393,MO,44.377905,10.794465,52.0,4915430.463,1642983.771
PF03/0011/G393,MO,44.381523,10.787615,52.0,4915820.381,1642429.341
PF01/0012/G393,MO,44.380879,10.810392,52.0,4915788.673,1644245.301
PF02/0012/G393,MO,44.379722,10.805747,52.0,4915651.996,1643878.144
PF03/0012/G393,MO,44.377679,10.804301,52.0,4915422.578,1643767.929
PF05/0012/G393,MO,44.374149,10.802033,70.0,4915026.521,1643595.884
PF06/0012/G393,MO,44.373546,10.808832,50.0,4914971.431,1644139.015
PF07/0012/G393,MO,44.376653,10.807076,8.0,4915313.5,1643991.51
PF08/0012/G393,MO,44.378287,10.809725,50.0,4915499.612,1644198.526
PF01/0013/G393,MO,44.381306,10.820898,50.0,4915854.705,1645081.178
PF03/0013/G393,MO,44.379766,10.818578,50.0,4915679.548,1644900.167
PF04/0013/G393,MO,44.377492,10.817133,12.0,4915424.45,1644790.65
PF01/0014/G393,MO,44.377071,10.82559,50.0,4915392.614,1645465.49
PF02/0014/G393,MO,44.382366,10.824919,52.0,4915979.608,1645398.926
PF03/0014/G393,MO,44.379742,10.830156,72.0,4915697.45,1645822.579
PF04/0014/G393,MO,44.382112,10.829947,52.0,4915960.29,1645800.064
PF05/0014/G393,MO,44.37762,10.834412,70.0,4915469.282,1646166.904
PF06/0014/G393,MO,44.377312,10.836219,8.0,4915438.26,1646311.67
PF07/0014/G393,MO,44.378942,10.824176,8.0,4915597.92,1645348.21
PF02/0015/G393,MO,44.375153,10.840213,70.0,4915205.663,1646635.179
PF03/0015/G393,MO,44.381958,10.837549,72.0,4915956.786,1646406.013
PF04/0015/G393,MO,44.379782,10.854842,72.0,4915746.102,1647789.02
PF05/0015/G393,MO,44.380387,10.841253,50.0,4915788.922,1646705.022
PF06/0015/G393,MO,44.378617,10.847551,50.0,4915603.552,1647211.174
PF01/0016/G393,MO,44.375564,10.863951,52.0,4915294.013,1648525.377
PF02/0016/G393,MO,44.376512,10.861188,50.0,4915394.359,1648302.866
PF03/0016/G393,MO,44.375134,10.856997,52.0,4915233.726,1647972.433
PF04/0016/G393,MO,44.372642,10.857616,70.0,4914957.994,1648028.035
PF05/0016/G393,MO,44.373259,10.853673,72.0,4915019.476,1647712.336
PF01/0017/G393,MO,44.382513,10.874231,72.0,4916084.578,1649326.702
PF02/0017/G393,MO,44.380466,10.87539,72.0,4915859.362,1649424.257
PF03/0017/G393,MO,44.381431,10.877803,12.0,4915971.0,1649614.0
PF04/0017/G393,MO,44.377482,10.873729,70.0,4915524.836,1649299.52
PF05/0017/G393,MO,44.371134,10.871632,72.0,4914815.947,1649148.524
PF06/0017/G393,MO,44.373995,10.873575,72.0,4915137.226,1649296.127
PF07/0017/G393,MO,44.382274,10.877493,8.0,4916063.98,1649587.19
PF01/0018/G393,MO,44.372514,10.886111,72.0,4914995.668,1650298.675
PF02/0018/G393,MO,44.371013,10.881366,70.0,4914820.238,1649924.397
PF03/0018/G393,MO,44.37572,10.885936,8.0,4915351.52,1650276.53
PF04/0018/G393,MO,44.377382,10.889054,72.0,4915541.799,1650520.632
PF01/0019/G393,MO,44.380645,10.889671,8.0,4915905.36,1650561.43
PF03/0019/G393,MO,44.386335,10.89715,8.0,4916551.23,1651142.61
PF04/0019/G393,MO,44.383461,10.895324,12.0,4916228.578,1651004.566
PF05/0019/G393,MO,44.381164,10.891482,52.0,4915966.325,1650704.391
PF06/0019/G393,MO,44.38832,10.897116,12.0,4916771.6,1651134.8
PF01/0020/G393,MO,44.380111,10.910085,52.0,4915883.747,1652189.057
PF02/0020/G393,MO,44.379659,10.900361,50.0,4915815.58,1651415.579
PF03/0020/G393,MO,44.378523,10.899868,8.0,4915688.47,1651379.19
PF02/0021/G393,MO,44.36745,10.764722,52.0,4914217.645,1640639.264
PF03/0021/G393,MO,44.36446,10.763639,50.0,4913883.625,1640560.187
PF04/0021/G393,MO,44.364138,10.768285,70.0,4913855.836,1640931.119
PF05/0021/G393,MO,44.37179,10.77328,50.0,4914714.444,1641310.774
PF06/0021/G393,MO,44.373645,10.769768,70.0,4914914.42,1641026.541
PF07/0021/G393,MO,44.371947,10.765251,70.0,4914718.038,1640670.721
PF08/0021/G393,MO,44.370276,10.768473,70.0,4914537.973,1640931.383
PF01/0022/G393,MO,44.371692,10.786252,52.0,4914725.982,1642344.501
PF02/0022/G393,MO,44.37011,10.791827,70.0,4914560.033,1642792.576
PF03/0022/G393,MO,44.367576,10.786973,52.0,4914270.082,1642411.985
PF04/0022/G393,MO,44.366354,10.779592,50.0,4914121.557,1641826.79
PF01/0023/G393,MO,44.372796,10.800365,5.0,4914873.31,1643466.27
PF02/0023/G393,MO,44.37475,10.798904,70.0,4915087.814,1643345.113
PF03/0023/G393,MO,44.374152,10.793067,70.0,4915011.172,1642881.514
PF04/0023/G393,MO,44.366681,10.794007,52.0,4914182.966,1642974.613
PF05/0023/G393,MO,44.363418,10.798359,50.0,4913828.07,1643329.354
PF01/0024/G393,MO,44.36951,10.809759,50.0,4914524.758,1644222.797
PF02/0024/G393,MO,44.368605,10.812094,50.0,4914428.386,1644411.029
PF03/0024/G393,MO,44.371027,10.815303,50.0,4914703.09,1644660.816
PF04/0024/G393,MO,44.370536,10.821284,70.0,4914659.117,1645138.554
PF05/0024/G393,MO,44.367307,10.81295,8.0,4914285.7,1644482.49
PF02/0025/G393,MO,44.369285,10.834807,70.0,4914544.201,1646219.106
PF08/0025/G393,MO,44.367652,10.82255,70.0,4914340.92,1645246.523
PF09/0025/G393,MO,44.368623,10.831357,50.0,4914464.476,1645945.876
PF10/0025/G393,MO,44.375778,10.826841,50.0,4915251.16,1645568.305
PF11/0025/G393,MO,44.374389,10.830714,12.0,4915103.85,1645880.35
PF04/0026/G393,MO,44.371377,10.834823,50.0,4914776.529,1646215.151
PF06/0026/G393,MO,44.370801,10.849636,52.0,4914739.089,1647396.831
PF07/0026/G393,MO,44.369526,10.836627,70.0,4914574.156,1646363.549
PF08/0026/G393,MO,44.369097,10.839326,70.0,4914531.3,1646579.675
PF09/0026/G393,MO,44.37111,10.836383,8.0,4914749.65,1646340.15
PF10/0026/G393,MO,44.374658,10.834434,70.0,4915140.29,1646176.021
PF11/0026/G393,MO,44.374534,10.836536,70.0,4915130.349,1646343.803
PF01/0027/G393,MO,44.369589,10.835406,50.0,4914579.033,1646266.054
PF04/0027/G393,MO,44.367335,10.83853,70.0,4914334.181,1646520.647
PF05/0027/G393,MO,44.364935,10.838789,70.0,4914068.091,1646547.262
PF06/0027/G393,MO,44.366855,10.847541,52.0,4914297.05,1647239.846
PF07/0027/G393,MO,44.361988,10.841761,70.0,4913746.083,1646791.441
PF08/0027/G393,MO,44.363291,10.847664,52.0,4913901.359,1647258.537
PF09/0027/G393,MO,44.360608,10.843523,70.0,4913595.972,1646935.288
PF10/0027/G393,MO,44.362804,10.839181,72.0,4913832.079,1646583.8
PF01/0028/G393,MO,44.360725,10.858781,52.0,4913636.426,1648150.886
PF02/0028/G393,MO,44.363963,10.850417,8.0,4913981.02,1647476.25
PF03/0028/G393,MO,44.364049,10.858874,52.0,4914005.747,1648149.887
PF05/0028/G393,MO,44.368772,10.858714,50.0,4914530.1,1648125.292
PF01/0029/G393,MO,44.366987,10.867315,5.0,4914347.44,1648815.13
PF02/0029/G393,MO,44.373377,10.865972,70.0,4915054.83,1648691.939
PF03/0029/G393,MO,44.370531,10.866646,70.0,4914739.828,1648752.835
PF04/0029/G393,MO,44.367922,10.863703,50.0,4914444.711,1648524.931
PF02/0030/G393,MO,44.367809,10.881556,52.0,4914464.721,1649947.77
PF03/0030/G393,MO,44.368995,10.872868,72.0,4914580.529,1649252.49
PF04/0030/G393,MO,44.365224,10.88609,50.0,4914185.911,1650315.58
PF01/0031/G393,MO,44.371015,10.891561,50.0,4914839.189,1650736.696
PF03/0031/G393,MO,44.373737,10.898502,54.0,4915154.363,1651282.729
PF04/0031/G393,MO,44.372314,10.903894,72.0,4915006.247,1651715.962
PF05/0031/G393,MO,44.375367,10.896334,72.0,4915331.331,1651105.775
PF06/0031/G393,MO,44.371879,10.894008,8.0,4914939.7,1650929.44
PF07/0031/G393,MO,44.373119,10.894808,52.0,4915078.826,1650990.013
PF08/0031/G393,MO,44.377913,10.90142,50.0,4915623.591,1651504.447
PF02/0032/G393,MO,44.367928,10.891516,50.0,4914496.191,1650741.051
PF01/0033/G393,MO,44.376752,10.91572,70.0,4915521.204,1652646.686
PF02/0033/G393,MO,44.376578,10.911598,70.0,4915494.153,1652318.763
PF03/0033/G393,MO,44.370029,10.915057,70.0,4914773.121,1652611.323
PF04/0033/G393,MO,44.366748,10.912374,52.0,4914403.739,1652406.091
PF05/0033/G393,MO,44.373152,10.908361,8.0,4915107.55,1652069.73
PF02/0034/G393,MO,44.357154,10.772204,70.0,4913086.818,1641260.191
PF03/0034/G393,MO,44.358683,10.78101,70.0,4913271.886,1641958.297
PF04/0034/G393,MO,44.361068,10.782807,70.0,4913539.927,1642095.753
PF05/0034/G393,MO,44.360313,10.763055,70.0,4913422.057,1640523.516
PF01/0035/G393,MO,44.364635,10.794232,70.0,4913956.093,1642997.51
PF02/0035/G393,MO,44.361397,10.799676,50.0,4913605.931,1643439.228
PF04/0035/G393,MO,44.36063,10.791623,70.0,4913506.629,1642799.352
PF05/0035/G393,MO,44.360513,10.786619,70.0,4913484.94,1642400.846
PF07/0035/G393,MO,44.361555,10.788071,8.0,4913603.17,1642514.08
PF08/0035/G393,MO,44.360292,10.796364,50.0,4913477.316,1643177.957
PF01/0036/G393,MO,44.363935,10.803071,52.0,4913893.797,1643703.518
PF03/0036/G393,MO,44.359491,10.80336,50.0,4913400.644,1643737.437
PF02/0037/G393,MO,44.366753,10.819203,50.0,4914235.158,1644982.07
PF03/0037/G393,MO,44.36349,10.811108,72.0,4913858.42,1644345.045
PF06/0037/G393,MO,44.36117,10.816496,70.0,4913610.213,1644780.139
PF07/0037/G393,MO,44.357836,10.815494,52.0,4913238.109,1644708.517
PF01/0038/G393,MO,44.361295,10.820571,70.0,4913631.37,1645104.573
PF03/0038/G393,MO,44.359264,10.817275,8.0,4913399.86,1644846.88
PF05/0038/G393,MO,44.354034,10.820375,50.0,4912824.43,1645106.88
PF06/0038/G393,MO,44.357441,10.824171,70.0,4913209.638,1645400.964
PF02/0039/G393,MO,44.366944,10.834195,70.0,4914283.088,1646176.187
PF04/0039/G393,MO,44.357134,10.83429,70.0,4913193.502,1646208.159
PF05/0039/G393,MO,44.36459,10.834034,70.0,4914021.215,1646169.193
PF11/0039/G393,MO,44.360925,10.832098,70.0,4913610.7,1646024.057
PF12/0039/G393,MO,44.360232,10.835403,70.0,4913539.577,1646289.115
PF13/0039/G393,MO,44.355122,10.831177,52.0,4912964.495,1645965.085
PF14/0039/G393,MO,44.360189,10.828916,70.0,4913523.333,1645772.3
PF15/0039/G393,MO,44.3638,10.831013,70.0,4913928.162,1645930.411
PF01/0040/G393,MO,44.347449,10.845754,8.0,4912138.21,1647146.02
PF02/0040/G393,MO,44.358765,10.844876,70.0,4913393.636,1647047.679
PF03/0040/G393,MO,44.356481,10.841173,70.0,4913133.272,1646758.274
PF04/0040/G393,MO,44.352806,10.836587,70.0,4912716.887,1646401.971
PF05/0040/G393,MO,44.358655,10.840817,70.0,4913374.099,1646724.531
PF06/0040/G393,MO,44.352294,10.840444,70.0,4912666.868,1646710.65
PF08/0040/G393,MO,44.358489,10.844827,8.0,4913362.87,1647044.45
PF09/0040/G393,MO,44.351835,10.844386,50.0,4912623.004,1647026.004
PF01/0041/G393,MO,44.357505,10.85151,70.0,4913265.643,1647579.527
PF02/0041/G393,MO,44.354841,10.850385,70.0,4912967.639,1647496.602
PF03/0041/G393,MO,44.353035,10.848524,50.0,4912763.727,1647352.799
PF04/0041/G393,MO,44.351825,10.85131,50.0,4912634.334,1647577.833
PF05/0041/G393,MO,44.350726,10.848268,50.0,4912506.82,1647338.184
PF06/0041/G393,MO,44.357108,10.858061,50.0,4913233.332,1648102.576
PF07/0041/G393,MO,44.352193,10.853928,8.0,4912679.88,1647785.62
PF01/0042/G393,MO,44.355359,10.859973,52.0,4913042.477,1648259.364
PF02/0042/G393,MO,44.357189,10.863484,72.0,4913252.161,1648534.589
PF03/0042/G393,MO,44.362055,10.865907,50.0,4913797.055,1648715.348
PF04/0042/G393,MO,44.364928,10.86406,50.0,4914112.762,1648560.95
PF05/0042/G393,MO,44.357751,10.867171,8.0,4913321.2,1648826.97
PF06/0042/G393,MO,44.353623,10.863104,72.0,4912855.377,1648513.306
PF05/0043/G393,MO,44.365107,10.877109,72.0,4914156.469,1649600.248
PF06/0043/G393,MO,44.360456,10.874832,72.0,4913635.673,1649430.667
PF07/0043/G393,MO,44.364827,10.87037,50.0,4914113.036,1649064.002
PF08/0043/G393,MO,44.362403,10.867904,50.0,4913839.304,1648873.631
PF09/0043/G393,MO,44.361064,10.878974,70.0,4913710.698,1649759.173
PF01/0044/G393,MO,44.36249,10.901182,8.0,4913909.96,1651525.25
PF02/0044/G393,MO,44.362061,10.884545,50.0,4913831.652,1650200.611
PF04/0044/G393,MO,44.361385,10.88798,50.0,4913762.868,1650476.027
PF01/0045/G393,MO,44.363016,10.914352,50.0,4913992.819,1652573.334
PF02/0045/G393,MO,44.366678,10.915343,70.0,4914401.45,1652642.84
PF03/0045/G393,MO,44.362469,10.912933,8.0,4913929.49,1652461.69
PF02/0046/G393,MO,44.355552,10.766675,70.0,4912899.451,1640823.395
PF03/0046/G393,MO,44.352938,10.767517,70.0,4912610.442,1640896.765
PF04/0046/G393,MO,44.350301,10.7682,52.0,4912318.705,1640957.52
PF05/0046/G393,MO,44.35149,10.764311,52.0,4912444.142,1640644.726
PF01/0047/G393,MO,44.355032,10.77756,52.0,4912860.402,1641692.169
PF02/0047/G393,MO,44.355949,10.788504,52.0,4912981.268,1642562.106
PF01/0048/G393,MO,44.348099,10.777586,9.0,4912090.35,1641710.95
PF02/0048/G393,MO,44.345609,10.785882,70.0,4911828.121,1642378.169
PF05/0048/G393,MO,44.344057,10.788634,50.0,4911660.566,1642601.318
PF06/0048/G393,MO,44.350232,10.7893,52.0,4912347.572,1642639.435
PF07/0048/G393,MO,44.34557,10.782693,8.0,4911818.3,1642124.13
PF08/0048/G393,MO,44.350515,10.782986,70.0,4912368.078,1642135.486
PF09/0048/G393,MO,44.347006,10.78278,70.0,4911977.918,1642127.559
PF01/0049/G393,MO,44.349199,10.800234,50.0,4912251.902,1643513.479
PF02/0049/G393,MO,44.346934,10.794703,72.0,4911990.626,1643078.072
PF03/0049/G393,MO,44.351386,10.79447,72.0,4912484.731,1643048.69
PF04/0049/G393,MO,44.357293,10.800175,54.0,4913150.92,1643489.011
PF02/0050/G393,MO,44.350559,10.808188,50.0,4912416.983,1644144.059
PF03/0050/G393,MO,44.349233,10.804555,72.0,4912263.259,1643857.74
PF04/0050/G393,MO,44.35456,10.801071,54.0,4912848.887,1643567.063
PF01/0051/G393,MO,44.35025,10.814951,5.0,4912394.51,1644683.86
PF02/0051/G393,MO,44.354223,10.81382,70.0,4912833.86,1644583.969
PF03/0051/G393,MO,44.352112,10.811792,50.0,4912595.841,1644427.554
PF05/0051/G393,MO,44.346391,10.809394,50.0,4911956.136,1644250.413
PF06/0051/G393,MO,44.344024,10.817932,50.0,4911708.258,1644936.792
PF07/0051/G393,MO,44.348005,10.816294,72.0,4912147.597,1644796.411
PF01/0052/G393,MO,44.351363,10.821573,50.0,4912529.931,1645208.933
PF02/0052/G393,MO,44.350205,10.818766,50.0,4912396.342,1644988.037
PF03/0052/G393,MO,44.348956,10.827986,50.0,4912273.873,1645726.04
PF04/0052/G393,MO,44.350587,10.830866,70.0,4912460.181,1645951.5
PF02/0053/G393,MO,44.340842,10.827944,50.0,4911372.488,1645742.806
PF03/0053/G393,MO,44.346901,10.826754,70.0,4912043.469,1645632.876
PF04/0053/G393,MO,44.342556,10.823872,70.0,4911555.75,1645413.902
PF06/0053/G393,MO,44.342569,10.830394,50.0,4911568.685,1645933.808
PF01/0054/G393,MO,44.345006,10.838016,70.0,4911853.006,1646535.325
PF04/0054/G393,MO,44.347307,10.838885,70.0,4912110.202,1646598.83
PF05/0054/G393,MO,44.341979,10.848361,50.0,4911535.355,1647367.471
PF06/0054/G393,MO,44.343423,10.841504,70.0,4911683.482,1646817.308
PF07/0054/G393,MO,44.343924,10.852498,50.0,4911758.875,1647692.369
PF01/0055/G393,MO,44.35222,10.857273,70.0,4912688.982,1648052.122
PF02/0055/G393,MO,44.349424,10.86374,70.0,4912390.1,1648574.583
PF03/0055/G393,MO,44.349096,10.855205,70.0,4912338.177,1647895.179
PF04/0055/G393,MO,44.34587,10.857914,70.0,4911984.74,1648119.193
PF06/0055/G393,MO,44.342133,10.857352,70.0,4911568.694,1648083.778
PF01/0056/G393,MO,44.352129,10.868307,8.0,4912698.82,1648931.75
PF02/0056/G393,MO,44.346678,10.880721,50.0,4912115.922,1649935.069
PF03/0056/G393,MO,44.344888,10.869487,70.0,4911896.629,1649044.203
PF04/0056/G393,MO,44.349671,10.879635,8.0,4912446.41,1649840.87
PF05/0056/G393,MO,44.347217,10.872496,70.0,4912160.814,1649278.067
PF06/0056/G393,MO,44.34723,10.868818,50.0,4912155.622,1648984.944
PF01/0057/G393,MO,44.352225,10.882754,11.0,4912735.8,1650083.0
PF02/0057/G393,MO,44.356423,10.869955,70.0,4913178.847,1649052.243
PF01/0058/G393,MO,44.354086,10.895012,8.0,4912965.09,1651055.12
PF02/0058/G393,MO,44.349246,10.893108,52.0,4912423.988,1650915.866
PF03/0058/G393,MO,44.351545,10.892878,72.0,4912678.944,1650891.624
PF04/0058/G393,MO,44.349086,10.888494,72.0,4912397.735,1650548.51
PF01/0059/G393,MO,44.3492,10.901225,50.0,4912433.866,1651562.9
PF02/0059/G393,MO,44.34835,10.895184,52.0,4912328.26,1651083.568
PF03/0059/G393,MO,44.348579,10.900863,8.0,4912364.22,1651535.63
PF01/0060/G393,MO,44.355867,10.908584,8.0,4913188.06,1652132.18
PF02/0060/G393,MO,44.353692,10.906587,70.0,4912942.771,1651978.659
PF03/0060/G393,MO,44.355461,10.908213,72.0,4913142.197,1652103.73
PF04/0060/G393,MO,44.356364,10.914145,72.0,4913253.546,1652574.132
PF05/0060/G393,MO,44.357693,10.920009,70.0,4913412.14,1653037.994
PF06/0060/G393,MO,44.355111,10.917152,12.0,4913120.0,1652817.0
PF01/0061/G393,MO,44.346349,10.775237,70.0,4911891.843,1641527.895
PF02/0061/G393,MO,44.347948,10.772751,50.0,4912065.195,1641325.924
PF03/0061/G393,MO,44.345693,10.767976,70.0,4911806.535,1640950.709
PF04/0061/G393,MO,44.338685,10.772351,8.0,4911035.65,1641316.25
PF01/0062/G393,MO,44.344466,10.782003,70.0,4911694.389,1642071.762
PF02/0062/G393,MO,44.342083,10.783857,52.0,4911433.005,1642225.306
PF03/0062/G393,MO,44.340719,10.791128,50.0,4911294.109,1642808.203
PF04/0062/G393,MO,44.335844,10.790066,50.0,4910750.699,1642735.426
PF02/0063/G393,MO,44.338898,10.803422,52.0,4911113.247,1643792.688
PF03/0063/G393,MO,44.342046,10.801693,70.0,4911459.994,1643647.208
PF04/0063/G393,MO,44.34362,10.798637,50.0,4911629.395,1643399.781
PF01/0064/G393,MO,44.341722,10.81487,50.0,4911447.115,1644698.4
PF02/0064/G393,MO,44.34052,10.820069,70.0,4911322.816,1645115.778
PF03/0064/G393,MO,44.345105,10.814436,50.0,4911822.156,1644655.452
PF05/0064/G393,MO,44.335937,10.807989,52.0,4910792.38,1644164.076
PF06/0064/G393,MO,44.34403,10.804289,72.0,4911684.837,1643849.309
PF07/0064/G393,MO,44.340111,10.808121,12.0,4911256.25,1644164.35
PF01/0065/G393,MO,44.338803,10.821846,50.0,4911135.24,1645261.653
PF02/0065/G393,MO,44.337782,10.824208,50.0,4911025.966,1645452.533
PF05/0065/G393,MO,44.335953,10.827357,50.0,4910828.424,1645708.086
PF07/0065/G393,MO,44.337632,10.819283,72.0,4911000.601,1645060.283
PF08/0065/G393,MO,44.335275,10.822579,70.0,4910744.679,1645328.805
PF01/0066/G393,MO,44.343501,10.834773,72.0,4911680.077,1646280.533
PF02/0066/G393,MO,44.341681,10.834481,70.0,4911477.392,1646261.764
PF03/0066/G393,MO,44.34699,10.833942,72.0,4912066.095,1646205.592
PF01/0067/G393,MO,44.339482,10.834145,5.0,4911232.53,1646240.46
PF02/0067/G393,MO,44.339264,10.830182,70.0,4911201.228,1645925.047
PF03/0067/G393,MO,44.33737,10.832123,52.0,4910994.296,1646084.535
PF04/0067/G393,MO,44.340029,10.837415,70.0,4911299.152,1646499.771
PF01/0068/G393,MO,44.335186,10.833038,70.0,4910753.403,1646162.924
PF02/0068/G393,MO,44.333759,10.829485,70.0,4910588.486,1645883.157
PF03/0068/G393,MO,44.337315,10.834713,70.0,4910992.772,1646291.116
PF04/0068/G393,MO,44.335063,10.836488,70.0,4910745.889,1646438.262
PF01/0069/G393,MO,44.336544,10.83839,5.0,4910913.7,1646586.16
PF02/0069/G393,MO,44.332083,10.844916,54.0,4910429.93,1647117.569
PF03/0069/G393,MO,44.335837,10.842935,70.0,4910843.39,1646950.262
PF04/0069/G393,MO,44.332201,10.850395,72.0,4910452.872,1647554.103
PF05/0069/G393,MO,44.333733,10.847327,70.0,4910617.534,1647305.696
PF06/0069/G393,MO,44.340875,10.844577,50.0,4911405.862,1647068.643
PF07/0069/G393,MO,44.335654,10.84923,70.0,4910834.367,1647452.603
PF08/0069/G393,MO,44.33971,10.850316,70.0,4911286.871,1647529.008
PF09/0069/G393,MO,44.337393,10.839463,12.0,4911010.0,1646669.6
PF01/0070/G393,MO,44.3385,10.858832,72.0,4911167.823,1648210.953
PF02/0070/G393,MO,44.340397,10.860784,50.0,4911382.071,1648361.761
PF03/0070/G393,MO,44.340425,10.855244,50.0,4911375.155,1647920.052
PF04/0070/G393,MO,44.334559,10.854667,72.0,4910722.444,1647888.801
PF06/0070/G393,MO,44.329863,10.860776,72.0,4910211.91,1648387.719
PF07/0070/G393,MO,44.333491,10.858783,72.0,4910611.255,1648219.64
PF09/0070/G393,MO,44.330418,10.861792,72.0,4910275.43,1648467.321
PF01/0071/G393,MO,44.341312,10.877373,70.0,4911513.805,1649681.849
PF02/0071/G393,MO,44.340192,10.881033,56.0,4911396.088,1649976.47
PF03/0071/G393,MO,44.338233,10.875546,50.0,4911168.479,1649544.051
PF04/0071/G393,MO,44.34378,10.878661,72.0,4911790.322,1649778.289
PF06/0071/G393,MO,44.338819,10.863165,70.0,4911211.04,1648555.599
PF01/0072/G393,MO,44.336228,10.878303,50.0,4910950.831,1649768.933
PF02/0072/G393,MO,44.335486,10.861811,70.0,4910838.353,1648456.029
PF03/0072/G393,MO,44.337105,10.869502,52.0,4911032.189,1649065.08
PF04/0072/G393,MO,44.333999,10.864303,70.0,4910677.725,1648658.495
PF05/0072/G393,MO,44.335605,10.874044,8.0,4910873.84,1649431.0
PF06/0072/G393,MO,44.333778,10.872914,50.0,4910668.764,1649345.562
PF01/0073/G393,MO,44.34291,10.89132,8.0,4911716.92,1650789.53
PF03/0073/G393,MO,44.346013,10.889595,70.0,4912058.343,1650644.083
PF04/0073/G393,MO,44.347041,10.894088,50.0,4912180.817,1650999.632
PF05/0073/G393,MO,44.344997,10.895389,70.0,4911956.206,1651108.547
PF06/0073/G393,MO,44.344587,10.892195,70.0,4911904.779,1650855.012
PF01/0074/G393,MO,44.344747,10.912805,52.0,4911960.715,1652497.453
PF02/0074/G393,MO,44.344577,10.913731,8.0,4911943.53,1652571.66
PF03/0074/G393,MO,44.346703,10.903832,70.0,4912161.27,1651777.17
PF01/0075/G393,MO,44.339826,10.906657,70.0,4911402.607,1652020.065
PF02/0075/G393,MO,44.342185,10.904381,72.0,4911660.482,1651832.601
PF03/0075/G393,MO,44.344486,10.90671,72.0,4911920.4,1652012.293
PF03/0076/G393,MO,44.347679,10.925264,72.0,4912309.66,1653482.887
PF04/0076/G393,MO,44.350212,10.923408,50.0,4912587.54,1653328.369
PF05/0076/G393,MO,44.347271,10.919614,12.0,4912253.7,1653033.6
PF01/0077/G393,MO,44.329031,10.765262,8.0,4909951.06,1640774.24
PF01/0078/G393,MO,44.322231,10.775762,72.0,4909213.867,1641627.815
PF02/0078/G393,MO,44.31967,10.771691,72.0,4908922.335,1641309.34
PF03/0078/G393,MO,44.32071,10.771269,8.0,4909037.11,1641273.2
PF01/0079/G393,MO,44.322572,10.780781,52.0,4909260.382,1642027.195
PF02/0079/G393,MO,44.324855,10.775054,52.0,4909504.064,1641565.016
PF03/0079/G393,MO,44.319671,10.77991,70.0,4908936.637,1641964.697
PF01/0080/G393,MO,44.328498,10.787931,8.0,4909930.99,1642582.98
PF03/0080/G393,MO,44.326936,10.785754,70.0,4909753.735,1642413.162
PF04/0080/G393,MO,44.324033,10.786315,70.0,4909432.3,1642464.98
PF01/0081/G393,MO,44.326287,10.790223,70.0,4909689.391,1642771.096
PF02/0081/G393,MO,44.329204,10.794724,52.0,4910021.295,1643122.882
PF03/0081/G393,MO,44.323129,10.79025,52.0,4909338.754,1642780.941
PF04/0081/G393,MO,44.325821,10.796412,72.0,4909648.472,1643265.679
PF01/0082/G393,MO,44.333155,10.803382,8.0,4910475.26,1643803.53
PF02/0082/G393,MO,44.333127,10.817466,8.0,4910496.98,1644926.5
PF03/0082/G393,MO,44.336554,10.813939,70.0,4910871.464,1644636.85
PF04/0082/G393,MO,44.330343,10.816406,70.0,4910185.893,1644848.842
PF05/0082/G393,MO,44.330664,10.813191,52.0,4910215.884,1644591.75
PF06/0082/G393,MO,44.331321,10.80685,72.0,4910277.738,1644084.539
PF01/0083/G393,MO,44.328377,10.806735,72.0,4909950.492,1644082.616
PF02/0083/G393,MO,44.328326,10.810356,52.0,4909951.219,1644371.457
PF03/0083/G393,MO,44.324541,10.814906,70.0,4909538.718,1644743.536
PF04/0083/G393,MO,44.322042,10.816707,70.0,4909264.329,1644893.275
PF05/0083/G393,MO,44.32812,10.81411,70.0,4909934.888,1644671.254
PF06/0083/G393,MO,44.327992,10.803118,70.0,4909901.379,1643795.139
PF01/0084/G393,MO,44.325872,10.828923,70.0,4909711.487,1645857.91
PF02/0084/G393,MO,44.332937,10.824538,50.0,4910488.457,1645490.808
PF03/0084/G393,MO,44.329367,10.823753,50.0,4910090.446,1645437.056
PF05/0084/G393,MO,44.326362,10.822069,52.0,4909753.744,1645310.169
PF01/0085/G393,MO,44.322067,10.835856,70.0,4909301.097,1646420.204
PF02/0085/G393,MO,44.318984,10.824462,70.0,4908938.39,1645519.194
PF03/0085/G393,MO,44.3239,10.823685,70.0,4909483.138,1645445.153
PF04/0085/G393,MO,44.322787,10.82092,70.0,4909354.6,1645227.37
PF01/0086/G393,MO,44.331136,10.841102,70.0,4910317.908,1646815.923
PF03/0086/G393,MO,44.331706,10.847265,70.0,4910392.239,1647305.857
PF05/0086/G393,MO,44.326746,10.850756,50.0,4909847.558,1647596.634
PF06/0086/G393,MO,44.329385,10.844719,70.0,4910129.927,1647108.654
PF07/0086/G393,MO,44.326829,10.853575,50.0,4909861.898,1647821.202
PF08/0086/G393,MO,44.325194,10.849515,50.0,4909672.961,1647501.508
PF09/0086/G393,MO,44.325586,10.855063,50.0,4909726.527,1647942.934
PF11/0086/G393,MO,44.328199,10.847845,70.0,4910003.759,1647360.885
PF01/0087/G393,MO,44.322389,10.851769,5.0,4909365.48,1647688.34
PF02/0087/G393,MO,44.32388,10.846589,72.0,4909521.773,1647271.476
PF04/0087/G393,MO,44.321951,10.84614,50.0,4909306.68,1647240.531
PF05/0087/G393,MO,44.32094,10.848531,72.0,4909198.65,1647433.724
PF08/0087/G393,MO,44.320102,10.853114,72.0,4909113.856,1647801.33
PF09/0087/G393,MO,44.322083,10.855591,72.0,4909338.391,1647993.829
PF10/0087/G393,MO,44.320059,10.85626,72.0,4909114.752,1648052.301
PF01/0088/G393,MO,44.319226,10.865937,9.0,4909039.75,1648826.1
PF02/0088/G393,MO,44.325529,10.863819,70.0,4909736.038,1648641.271
PF03/0088/G393,MO,44.326979,10.866105,52.0,4909901.218,1648819.834
PF05/0088/G393,MO,44.325781,10.869334,70.0,4909773.973,1649080.375
PF06/0088/G393,MO,44.321762,10.859408,72.0,4909309.634,1648299.056
PF07/0088/G393,MO,44.323927,10.866156,70.0,4909562.345,1648831.617
PF31/0088/G393,MO,44.328633,10.862662,12.0,4910078.75,1648541.15
PF32/0088/G393,MO,44.322597,10.870073,70.0,4909421.675,1649147.381
PF33/0088/G393,MO,44.329567,10.867907,12.0,4910192.0,1648957.0
PF01/0089/G393,MO,44.327255,10.878844,70.0,4909955.046,1649834.927
PF02/0089/G393,MO,44.325146,10.882954,52.0,4909728.297,1650167.97
PF03/0089/G393,MO,44.324806,10.87969,52.0,4909684.543,1649908.596
PF01/0090/G393,MO,44.333045,10.889292,5.0,4910617.34,1650653.16
PF02/0090/G393,MO,44.339032,10.885991,72.0,4911276.359,1650374.652
PF03/0090/G393,MO,44.334025,10.883133,72.0,4910714.871,1650159.631
PF01/0091/G393,MO,44.32152,10.888946,72.0,4909336.52,1650655.056
PF02/0091/G393,MO,44.324542,10.889288,70.0,4909672.841,1650674.628
PF03/0091/G393,MO,44.327719,10.886784,52.0,4910021.119,1650466.805
PF04/0091/G393,MO,44.3298,10.884266,70.0,4910247.715,1650260.75
PF05/0091/G393,MO,44.330214,10.888451,72.0,4910301.352,1650593.361
PF06/0091/G393,MO,44.332272,10.893125,72.0,4910538.516,1650960.711
PF07/0091/G393,MO,44.322968,10.893811,8.0,4909506.37,1651039.28
PF08/0091/G393,MO,44.329218,10.892502,70.0,4910198.127,1650918.887
PF01/0092/G393,MO,44.338426,10.905109,8.0,4911244.22,1651900.33
PF02/0092/G393,MO,44.332025,10.897895,72.0,4910519.907,1651341.661
PF04/0092/G393,MO,44.329541,10.897099,70.0,4910242.568,1651284.581
PF05/0092/G393,MO,44.330879,10.904947,70.0,4910405.691,1651906.873
PF06/0092/G393,MO,44.334143,10.907012,56.0,4910772.08,1652063.122
PF07/0092/G393,MO,44.337872,10.901064,70.0,4911175.274,1651579.308
PF08/0092/G393,MO,44.340245,10.901663,70.0,4911439.899,1651620.936
PF01/0093/G393,MO,44.327123,10.898539,50.0,4909976.556,1651405.607
PF02/0093/G393,MO,44.324761,10.902049,50.0,4909720.675,1651691.581
PF03/0093/G393,MO,44.328028,10.903276,70.0,4910085.894,1651780.975
PF04/0093/G393,MO,44.329006,10.908217,70.0,4910203.662,1652172.464
PF07/0093/G393,MO,44.324589,10.905172,70.0,4909707.392,1651941.064
PF08/0093/G393,MO,44.324554,10.897048,70.0,4909688.523,1651293.335
PF09/0093/G393,MO,44.326951,10.905466,50.0,4909970.345,1651958.413
PF11/0093/G393,MO,44.328126,10.906167,8.0,4910102.11,1652011.28
PF01/0094/G393,MO,44.334645,10.925249,8.0,4910861.84,1653515.71
PF02/0094/G393,MO,44.336074,10.919174,11.0,4911009.2,1653027.7
PF03/0094/G393,MO,44.335463,10.92471,52.0,4910951.684,1653470.592
PF06/0094/G393,MO,44.334053,10.927889,70.0,4910801.02,1653727.777
PF07/0094/G393,MO,44.339436,10.92516,52.0,4911393.799,1653496.121
PF08/0094/G393,MO,44.336195,10.91903,52.0,4911022.351,1653015.909
PF09/0094/G393,MO,44.336934,10.915701,52.0,4911098.159,1652748.561
PF01/0095/G393,MO,44.329456,10.918037,70.0,4910271.917,1652954.267
PF02/0095/G393,MO,44.326671,10.926647,70.0,4909978.677,1653648.012
PF01/0096/G393,MO,44.320316,10.787973,70.0,4909022.321,1642606.132
PF04/0096/G393,MO,44.3136,10.784151,72.0,4908269.674,1642317.641
PF01/0097/G393,MO,44.323604,10.799682,72.0,4909407.947,1643531.894
PF02/0097/G393,MO,44.320213,10.792483,70.0,4909018.681,1642966.071
PF03/0097/G393,MO,44.322735,10.793291,70.0,4909300.197,1643024.391
PF01/0098/G393,MO,44.319698,10.817719,6.0,4909005.79,1644979.73
PF02/0098/G393,MO,44.32268,10.807979,70.0,4909319.813,1644195.717
PF03/0098/G393,MO,44.31584,10.814254,70.0,4908571.083,1644712.874
PF04/0098/G393,MO,44.317216,10.810384,70.0,4908717.201,1644400.893
PF05/0098/G393,MO,44.320844,10.803897,70.0,4909108.724,1643874.747
PF01/0099/G393,MO,44.310404,10.794895,9.0,4907933.3,1643182.25
PF02/0099/G393,MO,44.307922,10.796234,70.0,4907660.002,1643295.071
PF03/0099/G393,MO,44.30899,10.799125,70.0,4907783.661,1643523.075
PF04/0099/G393,MO,44.315087,10.799679,70.0,4908461.839,1643552.422
PF05/0099/G393,MO,44.311646,10.792101,70.0,4908066.461,1642956.381
PF01/0100/G393,MO,44.305228,10.805435,70.0,4907376.868,1644035.577
PF02/0100/G393,MO,44.314329,10.804952,72.0,4908386.907,1643974.793
PF03/0100/G393,MO,44.305774,10.81109,50.0,4907447.466,1644485.307
PF04/0100/G393,MO,44.305642,10.810556,8.0,4907431.8,1644442.97
PF06/0100/G393,MO,44.311197,10.808784,12.0,4908045.75,1644288.05
PF01/0101/G393,MO,44.313224,10.815208,5.0,4908282.25,1644795.42
PF02/0101/G393,MO,44.313199,10.81526,5.0,4908279.51,1644799.64
PF03/0101/G393,MO,44.309034,10.818569,52.0,4907822.709,1645073.757
PF04/0101/G393,MO,44.308827,10.811638,50.0,4907787.533,1644521.488
PF05/0101/G393,MO,44.309237,10.821631,70.0,4907850.673,1645317.555
PF06/0101/G393,MO,44.311084,10.814035,70.0,4908042.468,1644707.123
PF01/0102/G393,MO,44.318713,10.833511,70.0,4908924.388,1646241.556
PF02/0102/G393,MO,44.312075,10.824311,50.0,4908170.721,1645524.293
PF03/0102/G393,MO,44.31194,10.828167,50.0,4908162.614,1645832.155
PF05/0102/G393,MO,44.309108,10.827651,52.0,4907847.043,1645798.014
PF06/0102/G393,MO,44.314213,10.831974,70.0,4908421.787,1646130.155
PF02/0103/G393,MO,44.319292,10.840605,70.0,4909001.379,1646805.759
PF03/0103/G393,MO,44.318607,10.84422,50.0,4908931.808,1647095.748
PF04/0103/G393,MO,44.315789,10.843338,70.0,4908617.211,1647032.478
PF05/0103/G393,MO,44.318432,10.847863,72.0,4908918.912,1647386.763
PF01/0104/G393,MO,44.309655,10.840928,50.0,4907931.563,1646855.578
PF02/0104/G393,MO,44.311168,10.843585,50.0,4908104.367,1647063.745
PF04/0104/G393,MO,44.310356,10.833638,70.0,4907996.395,1646272.43
PF05/0104/G393,MO,44.305789,10.836242,52.0,4907493.775,1646491.461
PF06/0104/G393,MO,44.31218,10.839233,8.0,4908208.92,1646714.07
PF08/0104/G393,MO,44.311726,10.831039,70.0,4908143.907,1646061.701
PF02/0105/G393,MO,44.317269,10.859974,70.0,4908811.576,1648355.489
PF03/0105/G393,MO,44.315881,10.856648,72.0,4908651.316,1648093.712
PF04/0105/G393,MO,44.317448,10.86444,50.0,4908839.509,1648711.161
PF05/0105/G393,MO,44.317183,10.867023,50.0,4908814.818,1648917.875
PF07/0105/G393,MO,44.316593,10.860829,8.0,4908737.99,1648425.41
PF08/0105/G393,MO,44.317856,10.854078,72.0,4908866.153,1647883.801
PF09/0105/G393,MO,44.313155,10.861281,52.0,4908356.895,1648470.091
PF01/0106/G393,MO,44.312575,10.878468,8.0,4908323.8,1649842.29
PF02/0106/G393,MO,44.307115,10.869453,6.0,4907700.86,1649137.11
PF03/0106/G393,MO,44.314897,10.883029,70.0,4908590.056,1650200.104
PF04/0106/G393,MO,44.312325,10.866563,72.0,4908274.355,1648893.425
PF05/0106/G393,MO,44.308382,10.874286,52.0,4907850.358,1649519.382
PF07/0106/G393,MO,44.311212,10.875354,52.0,4908166.662,1649597.411
PF08/0106/G393,MO,44.309408,10.872632,52.0,4907961.337,1649384.854
PF01/0107/G393,MO,44.32338,10.884508,52.0,4909535.038,1650296.418
PF02/0107/G393,MO,44.318655,10.881378,50.0,4909004.474,1650058.888
PF03/0107/G393,MO,44.320985,10.882871,50.0,4909266.016,1650171.984
PF04/0107/G393,MO,44.319372,10.875028,8.0,4909072.43,1649550.7
PF01/0108/G393,MO,44.316388,10.885544,52.0,4908760.226,1650396.907
PF02/0108/G393,MO,44.316375,10.885595,8.0,4908758.89,1650401.0
PF03/0108/G393,MO,44.31038,10.888185,8.0,4908097.74,1650622.89
PF04/0108/G393,MO,44.315614,10.892564,8.0,4908687.16,1650958.69
PF05/0108/G393,MO,44.318413,10.889672,72.0,4908992.759,1650720.933
PF01/0109/G393,MO,44.318961,10.90293,52.0,4909078.117,1651776.796
PF02/0109/G393,MO,44.318296,10.899558,70.0,4908997.988,1651509.59
PF03/0109/G393,MO,44.322017,10.899296,70.0,4909410.821,1651479.113
PF04/0109/G393,MO,44.320838,10.908155,70.0,4909296.284,1652188.639
PF01/0110/G393,MO,44.315428,10.899317,50.0,4908678.954,1651497.77
PF02/0110/G393,MO,44.313272,10.906345,70.0,4908452.541,1652063.815
PF03/0110/G393,MO,44.312871,10.909572,11.0,4908413.9,1652322.2
PF06/0110/G393,MO,44.308692,10.906189,72.0,4907943.475,1652063.23
PF07/0110/G393,MO,44.317704,10.907914,70.0,4908947.731,1652177.481
PF08/0110/G393,MO,44.310817,10.908451,72.0,4908183.695,1652238.115
PF01/0111/G393,MO,44.326318,10.912877,70.0,4909913.798,1652550.988
PF02/0111/G393,MO,44.315356,10.912172,70.0,4908694.856,1652523.129
PF03/0111/G393,MO,44.314583,10.919356,72.0,4908622.327,1653098.077
PF04/0111/G393,MO,44.320978,10.914532,70.0,4909323.694,1652696.752
PF05/0111/G393,MO,44.31901,10.911511,70.0,4909099.415,1652460.931
PF06/0111/G393,MO,44.324437,10.910681,70.0,4909700.748,1652380.756
PF03/0112/G393,MO,44.323008,10.925378,72.0,4909569.457,1653556.343
PF04/0112/G393,MO,44.323533,10.917389,52.0,4909612.815,1652917.953
PF05/0112/G393,MO,44.32158,10.925557,8.0,4909411.1,1653574.36
PF06/0112/G393,MO,44.324772,10.918465,8.0,4909752.49,1653000.55
PF07/0112/G393,MO,44.319828,10.918718,72.0,4909203.756,1653033.571
PF01/0113/G393,MO,44.300416,10.766461,50.0,4906774.688,1640938.303
PF03/0113/G393,MO,44.30358,10.772298,50.0,4907136.142,1641396.315
PF04/0113/G393,MO,44.298226,10.761815,50.0,4906523.423,1640572.949
PF05/0113/G393,MO,44.299966,10.77094,50.0,4906732.39,1641296.69
PF06/0113/G393,MO,44.302475,10.769138,72.0,4907007.922,1641146.965
PF07/0113/G393,MO,44.303665,10.772205,8.0,4907145.44,1641388.75
PF08/0113/G393,MO,44.303162,10.764743,52.0,4907076.669,1640794.693
PF09/0113/G393,MO,44.299982,10.763595,50.0,4906721.562,1640710.747
PF01/0114/G393,MO,44.304687,10.781243,8.0,4907274.58,1642107.18
PF02/0114/G393,MO,44.30042,10.774069,52.0,4906788.235,1641545.208
PF03/0114/G393,MO,44.301838,10.775771,72.0,4906948.645,1641677.592
PF04/0114/G393,MO,44.302043,10.778902,70.0,4906976.773,1641926.844
PF05/0114/G393,MO,44.299374,10.780135,70.0,4906682.537,1642031.601
PF06/0114/G393,MO,44.30633,10.784267,72.0,4907462.285,1642344.389
PF07/0114/G393,MO,44.30415,10.778077,72.0,4907209.412,1641855.926
PF08/0114/G393,MO,44.301094,10.783081,70.0,4906878.624,1642262.455
PF09/0114/G393,MO,44.306189,10.778704,50.0,4907436.957,1641901.052
PF01/0115/G393,MO,44.309116,10.787657,70.0,4907777.69,1642608.11
PF02/0115/G393,MO,44.308841,10.792787,70.0,4907756.01,1643017.88
PF03/0115/G393,MO,44.305285,10.788212,70.0,4907353.133,1642661.608
PF04/0115/G393,MO,44.297542,10.792133,70.0,4906499.793,1642993.196
PF06/0115/G393,MO,44.303279,10.792546,70.0,4907137.826,1643012.223
PF02/0116/G393,MO,44.305108,10.797554,70.0,4907349.697,1643407.196
PF03/0116/G393,MO,44.298894,10.79584,70.0,4906656.516,1643285.571
PF04/0116/G393,MO,44.295792,10.796567,70.0,4906313.219,1643351.15
PF01/0117/G393,MO,44.302001,10.80762,8.0,4907022.19,1644217.74
PF02/0117/G393,MO,44.302983,10.814801,70.0,4907143.961,1644788.154
PF03/0117/G393,MO,44.307587,10.813856,70.0,4907653.723,1644701.442
PF04/0117/G393,MO,44.305088,10.819603,72.0,4907386.288,1645165.955
PF05/0117/G393,MO,44.304203,10.812281,70.0,4907275.053,1644584.102
PF06/0117/G393,MO,44.307065,10.818212,50.0,4907603.405,1645050.134
PF07/0117/G393,MO,44.307614,10.820784,12.0,4907669.0,1645254.0
PF01/0118/G393,MO,44.301831,10.825626,8.0,4907035.17,1645654.46
PF04/0118/G393,MO,44.303534,10.831668,70.0,4907235.04,1646132.199
PF05/0118/G393,MO,44.300877,10.821141,70.0,4906921.238,1645299.059
PF06/0118/G393,MO,44.306999,10.833655,70.0,4907623.472,1646282.079
PF07/0118/G393,MO,44.306436,10.826487,8.0,4907548.22,1645711.73
PF08/0118/G393,MO,44.301923,10.828907,70.0,4907051.218,1645915.954
PF01/0119/G393,MO,44.298722,10.838367,72.0,4906712.536,1646678.578
PF02/0119/G393,MO,44.307725,10.845043,70.0,4907724.542,1647188.608
PF03/0119/G393,MO,44.302947,10.852432,72.0,4907207.104,1647789.974
PF04/0119/G393,MO,44.299032,10.847827,72.0,4906763.926,1647432.397
PF03/0120/G393,MO,44.308399,10.858865,70.0,4907824.266,1648289.385
PF04/0120/G393,MO,44.305105,10.856387,52.0,4907453.929,1648099.977
PF05/0120/G393,MO,44.307919,10.862009,52.0,4907776.62,1648541.367
PF06/0120/G393,MO,44.310126,10.852052,70.0,4908003.803,1647741.603
PF01/0121/G393,MO,44.302478,10.867975,70.0,4907183.125,1649031.001
PF02/0121/G393,MO,44.30591,10.872664,70.0,4907572.877,1649396.332
PF03/0121/G393,MO,44.301657,10.878368,8.0,4907110.86,1649862.11
PF04/0121/G393,MO,44.301334,10.878159,70.0,4907074.567,1649846.242
PF01/0122/G393,MO,44.31081,10.881443,70.0,4908133.105,1650084.092
PF02/0122/G393,MO,44.306973,10.879319,70.0,4907703.105,1649924.433
PF03/0122/G393,MO,44.304626,10.877038,50.0,4907438.178,1649748.485
PF05/0122/G393,MO,44.304872,10.882223,70.0,4907475.048,1650161.42
PF01/0123/G393,MO,44.305102,10.891326,8.0,4907517.21,1650886.9
PF02/0123/G393,MO,44.309187,10.892719,8.0,4907973.55,1650987.58
PF03/0123/G393,MO,44.305289,10.894375,72.0,4907543.678,1651129.648
PF04/0123/G393,MO,44.307435,10.900196,72.0,4907792.704,1651588.455
PF01/0124/G393,MO,44.301433,10.804174,70.0,4906953.144,1643944.268
PF02/0124/G393,MO,44.299046,10.804164,70.0,4906687.957,1643949.299
PF03/0124/G393,MO,44.296953,10.800619,72.0,4906449.267,1643671.575
PF04/0124/G393,MO,44.295198,10.802465,70.0,4906257.56,1643823.106
PF05/0124/G393,MO,44.29419,10.809834,54.0,4906158.508,1644413.481
PF06/0124/G393,MO,44.291914,10.798716,52.0,4905886.159,1643531.997
PF07/0124/G393,MO,44.292028,10.804262,52.0,4905908.556,1643974.266
PF08/0124/G393,MO,44.290496,10.809702,11.0,4905748.0,1644412.0
PF10/0124/G393,MO,44.293863,10.808195,50.0,4906119.318,1644283.497
PF11/0124/G393,MO,44.296685,10.810546,52.0,4906436.875,1644464.195
PF12/0124/G393,MO,44.289929,10.803834,72.0,4905674.666,1643945.187
PF01/0125/G393,MO,44.299637,10.816775,52.0,4906775.743,1644953.828
PF02/0125/G393,MO,44.29491,10.825474,50.0,4906266.159,1645659.471
PF03/0125/G393,MO,44.299031,10.811668,72.0,4906699.456,1644547.928
PF04/0125/G393,MO,44.292095,10.810461,8.0,4905926.93,1644468.66
PF01/0126/G393,MO,44.29849,10.830299,50.0,4906672.388,1646035.526
PF03/0126/G393,MO,44.299989,10.843051,72.0,4906861.637,1647049.002
PF04/0126/G393,MO,44.299281,10.834959,52.0,4906768.581,1646405.319
PF05/0126/G393,MO,44.297455,10.827489,72.0,4906552.389,1645813.909
PF06/0126/G393,MO,44.295195,10.829222,52.0,4906304.503,1645957.767
PF07/0126/G393,MO,44.293747,10.834632,72.0,4906153.254,1646392.979
PF08/0126/G393,MO,44.298907,10.835619,8.0,4906728.12,1646458.88
PF09/0126/G393,MO,44.291403,10.837268,72.0,4905897.56,1646609.07
PF01/0127/G393,MO,44.288206,10.852464,70.0,4905569.765,1647829.461
PF02/0127/G393,MO,44.294724,10.848093,70.0,4906285.86,1647464.419
PF03/0127/G393,MO,44.297943,10.850728,72.0,4906648.126,1647666.588
PF05/0127/G393,MO,44.292614,10.847113,70.0,4906049.787,1647391.506
PF06/0127/G393,MO,44.29719,10.853547,8.0,4906569.64,1647893.35
PF07/0127/G393,MO,44.292139,10.852903,70.0,4906007.39,1647854.682
PF01/0128/G393,MO,44.295113,10.860459,52.0,4906351.373,1648449.965
PF02/0129/G393,MO,44.295476,10.873146,12.0,4906414.713,1649461.191
PF01/0130/G393,MO,44.298554,10.884482,50.0,4906777.346,1650357.749
PF02/0130/G393,MO,44.296635,10.88839,52.0,4906571.327,1650674.377
PF03/0130/G393,MO,44.296757,10.887465,8.0,4906583.19,1650600.31
PF01/0131/G393,MO,44.286286,10.82045,70.0,4905299.305,1645279.886
PF03/0131/G393,MO,44.281342,10.81267,50.0,4904736.42,1644671.227
PF04/0131/G393,MO,44.284257,10.816488,70.0,4905066.974,1644968.772
PF01/0132/G393,MO,44.289144,10.825201,72.0,4905625.234,1645651.896
PF03/0132/G393,MO,44.289002,10.810979,50.0,4905584.314,1644517.511
PF01/0133/G393,MO,44.29096,10.841044,3.0,4905855.18,1646911.45
PF02/0133/G393,MO,44.288289,10.845333,9.0,4905566.1,1647260.3
PF03/0133/G393,MO,44.28622,10.841508,70.0,4905329.446,1646960.287
PF05/0133/G393,MO,44.284931,10.832842,72.0,4905170.794,1646272.042
PF01/0134/G393,MO,44.28032,10.820033,72.0,4904635.87,1645261.331
PF03/0134/G393,MO,44.27822,10.817327,70.0,4904397.848,1645050.533
PF01/0135/G393,MO,44.282545,10.820751,72.0,4904884.339,1645313.15
PF03/0135/G393,MO,44.277479,10.822628,72.0,4904324.884,1645475.417
PF04/0135/G393,MO,44.273814,10.820773,70.0,4903914.529,1645336.374
PF05/0135/G393,MO,44.280444,10.828403,72.0,4904664.5,1645928.9
PF01/0136/G393,MO,44.275965,10.838275,8.0,4904184.62,1646727.88
PF01/0137/G393,MO,44.28823,10.848615,72.0,4905565.442,1647522.305
PF02/0137/G393,MO,44.277549,10.845224,52.0,4904373.03,1647278.439
PF03/0137/G393,MO,44.283308,10.847721,8.0,4905017.21,1647463.28
PF04/0137/G393,MO,44.282639,10.841446,52.0,4904931.581,1646964.294
PF01/0139/G393,MO,44.289761,10.865235,8.0,4905765.59,1648844.5
PF02/0139/G393,MO,44.288786,10.862793,8.0,4905652.87,1648652.16
PF01/0140/G393,MO,44.289853,10.882837,8.0,4905807.88,1650248.69
PF02/0140/G393,MO,44.287113,10.879678,72.0,4905497.717,1650003.595
PF03/0140/G393,MO,44.288132,10.876503,50.0,4905605.132,1649747.698
PF04/0140/G393,MO,44.291411,10.884618,72.0,4905984.149,1650386.794
PF05/0140/G393,MO,44.282857,10.877338,72.0,4905020.68,1649827.687
PF01/0141/G393,MO,44.267685,10.852773,72.0,4903290.91,1647905.601
PF02/0141/G393,MO,44.27289,10.843064,52.0,4903851.579,1647117.735
PF03/0141/G393,MO,44.273861,10.845712,12.0,4903964.2,1647326.6
PF04/0141/G393,MO,44.27136,10.851307,12.0,4903696.5,1647779.4
PF01/0142/G393,MO,44.268754,10.860534,52.0,4903423.666,1648522.345
PF02/0142/G393,MO,44.280065,10.863265,8.0,4904684.96,1648711.8
PF03/0142/G393,MO,44.274463,10.859662,52.0,4904056.198,1648438.398
PF04/0142/G393,MO,44.279628,10.863532,72.0,4904636.973,1648734.195
PF01/0143/G393,MO,44.281748,10.874484,8.0,4904892.33,1649602.76
PF02/0143/G393,MO,44.275653,10.864431,52.0,4904197.008,1648815.971
PF03/0143/G393,MO,44.281589,10.866873,72.0,4904860.784,1648995.884
PF01/0001/G649,MO,44.233211,10.590558,8.0,4899022.67,1627051.05
PF01/0002/G649,MO,44.231398,10.605621,72.0,4898844.687,1628257.939
PF02/0002/G649,MO,44.234968,10.605022,72.0,4899240.308,1628202.363
PF01/0003/G649,MO,44.229951,10.567689,8.0,4898625.38,1625231.57
PF01/0004/G649,MO,44.228876,10.592515,70.0,4898544.21,1627216.62
PF01/0005/G649,MO,44.22547,10.605676,70.0,4898186.296,1628275.174
PF03/0005/G649,MO,44.227983,10.595385,70.0,4898449.444,1627447.764
PF04/0005/G649,MO,44.229537,10.60149,70.0,4898631.571,1627932.005
PF01/0006/G649,MO,44.225026,10.574679,8.0,4898089.07,1625800.3
PF01/0007/G649,MO,44.220839,10.600002,70.0,4897663.085,1627832.033
PF02/0007/G649,MO,44.223443,10.597168,8.0,4897947.9,1627600.02
PF01/0008/G649,MO,44.227407,10.603446,72.0,4898398.022,1628092.899
PF03/0008/G649,MO,44.224852,10.609577,52.0,4898123.717,1628588.12
PF01/0009/G649,MO,44.215557,10.555177,5.0,4897007.61,1624262.55
PF02/0009/G649,MO,44.214012,10.562414,70.0,4896846.957,1624843.954
PF03/0009/G649,MO,44.211597,10.564493,70.0,4896581.877,1625015.187
PF01/0011/G649,MO,44.220898,10.606314,70.0,4897679.485,1628336.042
PF02/0011/G649,MO,44.219746,10.602626,8.0,4897545.78,1628043.97
PF03/0011/G649,MO,44.219446,10.605011,70.0,4897516.146,1628235.133
PF04/0011/G649,MO,44.218168,10.606393,52.0,4897376.375,1628348.341
PF07/0011/G649,MO,44.216611,10.603508,70.0,4897198.927,1628121.262
PF08/0011/G649,MO,44.216454,10.60712,70.0,4897187.128,1628410.113
PF10/0011/G649,MO,44.214141,10.600928,10.0,4896920.5,1627920.5
PF11/0011/G649,MO,44.220932,10.60634,70.0,4897683.316,1628338.069
PF01/0012/G649,MO,44.216441,10.609663,70.0,4897189.654,1628613.276
PF03/0012/G649,MO,44.217076,10.621496,8.0,4897278.76,1629557.18
PF04/0012/G649,MO,44.217712,10.614385,70.0,4897338.254,1628987.734
PF01/0013/G649,MO,44.211514,10.582162,4.0,4896599.67,1626426.95
PF02/0014/G649,MO,44.2096,10.600746,72.0,4896415.898,1627915.786
PF03/0014/G649,MO,44.205977,10.600647,72.0,4896013.222,1627915.693
PF04/0014/G649,MO,44.208303,10.604168,72.0,4896277.104,1628191.98
PF02/0015/G649,MO,44.212011,10.614571,72.0,4896705.233,1629015.049
PF03/0015/G649,MO,44.210548,10.621621,70.0,4896553.895,1629581.452
PF04/0015/G649,MO,44.210735,10.617127,70.0,4896567.503,1629221.99
PF06/0015/G649,MO,44.208907,10.61445,70.0,4896360.249,1629012.132
PF08/0015/G649,MO,44.213714,10.628349,52.0,4896916.13,1630112.001
PF01/0016/G649,MO,44.2064,10.546717,8.0,4895977.79,1623605.88
PF03/0016/G649,MO,44.205746,10.55096,72.0,4895911.505,1623946.274
PF04/0016/G649,MO,44.209409,10.559127,70.0,4896330.675,1624591.053
PF05/0016/G649,MO,44.20492,10.55755,72.0,4895829.734,1624474.529
PF01/0017/G649,MO,44.206112,10.56907,70.0,4895979.554,1625392.447
PF02/0017/G649,MO,44.203057,10.569825,72.0,4895641.474,1625459.272
PF03/0017/G649,MO,44.208073,10.570178,52.0,4896199.118,1625476.829
PF04/0017/G649,MO,44.205153,10.563132,72.0,4895864.096,1624920.006
PF01/0018/G649,MO,44.204192,10.578066,70.0,4895780.067,1626115.324
PF02/0018/G649,MO,44.202004,10.57615,52.0,4895534.166,1625966.915
PF03/0018/G649,MO,44.209258,10.574175,70.0,4896336.86,1625793.619
PF04/0018/G649,MO,44.207046,10.574184,52.0,4896091.165,1625799.061
PF01/0019/G649,MO,44.204931,10.584809,52.0,4895872.512,1626652.488
PF02/0019/G649,MO,44.20289,10.582983,52.0,4895642.99,1626511.005
PF03/0019/G649,MO,44.203506,10.588722,72.0,4895720.285,1626968.189
PF04/0019/G649,MO,44.20392,10.592227,8.0,4895771.75,1627247.41
PF06/0019/G649,MO,44.199938,10.587775,52.0,4895322.526,1626900.184
PF07/0019/G649,MO,44.197465,10.582114,10.0,4895039.1,1626453.1
PF08/0019/G649,MO,44.196376,10.584638,10.0,4894922.1,1626657.2
PF09/0019/G649,MO,44.196477,10.588084,8.0,4894938.57,1626932.32
PF01/0020/G649,MO,44.202509,10.602793,72.0,4895631.355,1628094.687
PF02/0020/G649,MO,44.201556,10.599908,52.0,4895521.1,1627866.188
PF03/0020/G649,MO,44.203436,10.597821,72.0,4895726.594,1627695.427
PF01/0021/G649,MO,44.212542,10.605256,52.0,4896749.638,1628269.673
PF02/0021/G649,MO,44.211844,10.608905,72.0,4896677.85,1628562.774
PF03/0021/G649,MO,44.209088,10.608857,72.0,4896371.648,1628564.935
PF04/0021/G649,MO,44.207841,10.611674,52.0,4896237.544,1628792.638
PF05/0021/G649,MO,44.206361,10.61534,52.0,4896078.942,1629088.796
PF07/0021/G649,MO,44.204206,10.613488,70.0,4895836.657,1628945.526
PF08/0021/G649,MO,44.202467,10.606719,72.0,4895632.896,1628408.456
PF09/0021/G649,MO,44.202769,10.611096,52.0,4895673.276,1628757.544
PF10/0021/G649,MO,44.201699,10.614285,70.0,4895559.376,1629014.713
PF11/0021/G649,MO,44.204053,10.608211,70.0,4895811.338,1628524.235
PF01/0022/G649,MO,44.206512,10.619044,70.0,4896101.489,1629384.453
PF01/0023/G649,MO,44.205654,10.623438,10.0,4896013.1,1629737.4
PF02/0023/G649,MO,44.206243,10.627688,70.0,4896085.213,1630075.622
PF03/0023/G649,MO,44.204228,10.620964,70.0,4895850.823,1629542.829
PF04/0023/G649,MO,44.204116,10.624068,70.0,4895843.29,1629791.051
PF05/0023/G649,MO,44.202021,10.622052,70.0,4895607.345,1629634.597
PF06/0023/G649,MO,44.201798,10.626774,70.0,4895590.034,1630012.415
PF07/0023/G649,MO,44.200446,10.624908,52.0,4895436.925,1629866.278
PF08/0023/G649,MO,44.19947,10.622786,70.0,4895325.206,1629698.83
PF09/0023/G649,MO,44.195163,10.625901,52.0,4894851.7,1629957.205
PF01/0024/G649,MO,44.200835,10.544237,72.0,4895355.911,1623419.353
PF02/0024/G649,MO,44.198464,10.537509,70.0,4895082.491,1622886.705
PF03/0024/G649,MO,44.203447,10.546803,50.0,4895649.859,1623618.907
PF04/0024/G649,MO,44.202182,10.538643,70.0,4895497.092,1622969.546
PF05/0024/G649,MO,44.205167,10.538437,70.0,4895828.382,1622946.906
PF06/0024/G649,MO,44.200657,10.547562,52.0,4895341.088,1623685.4
PF01/0025/G649,MO,44.19675,10.531338,72.0,4894882.817,1622397.097
PF02/0025/G649,MO,44.196925,10.534094,72.0,4894906.401,1622617.012
PF04/0025/G649,MO,44.196494,10.539392,70.0,4894866.391,1623041.252
PF07/0025/G649,MO,44.194966,10.533219,72.0,4894687.503,1622551.083
PF09/0025/G649,MO,44.19421,10.540878,70.0,4894614.945,1623164.764
PF13/0025/G649,MO,44.192227,10.539434,70.0,4894392.551,1623053.497
PF15/0025/G649,MO,44.198606,10.535298,52.0,4895094.891,1622709.691
PF16/0025/G649,MO,44.192645,10.535229,70.0,4894432.649,1622716.545
PF17/0025/G649,MO,44.195795,10.52777,72.0,4894771.519,1622113.915
PF18/0025/G649,MO,44.191023,10.533128,72.0,4894249.388,1622552.009
PF19/0025/G649,MO,44.197348,10.528786,70.0,4894945.467,1622191.923
PF20/0025/G649,MO,44.189255,10.530317,12.0,4894048.8,1622331.0
PF03/0026/G649,MO,44.200797,10.557079,52.0,4895370.982,1624445.565
PF05/0026/G649,MO,44.197217,10.554831,10.0,4894970.0,1624273.5
PF06/0026/G649,MO,44.196142,10.557793,70.0,4894855.032,1624512.416
PF10/0026/G649,MO,44.197411,10.551264,72.0,4894986.184,1623987.984
PF01/0027/G649,MO,44.194188,10.562865,70.0,4894645.678,1624921.908
PF02/0027/G649,MO,44.196067,10.568229,72.0,4894862.569,1625346.513
PF03/0027/G649,MO,44.19405,10.574181,72.0,4894647.671,1625826.459
PF04/0027/G649,MO,44.190187,10.568528,70.0,4894209.905,1625382.932
PF05/0027/G649,MO,44.192299,10.57423,8.0,4894453.26,1625834.13
PF06/0027/G649,MO,44.192417,10.564873,70.0,4894452.092,1625086.079
PF01/0028/G649,MO,44.195741,10.600694,50.0,4894876.4,1627941.6
PF02/0028/G649,MO,44.195195,10.595317,52.0,4894807.384,1627513.11
PF03/0028/G649,MO,44.192871,10.596896,52.0,4894551.677,1627644.268
PF04/0028/G649,MO,44.190512,10.593497,52.0,4894284.393,1627377.697
PF05/0028/G649,MO,44.189528,10.589344,72.0,4894168.629,1627047.96
PF06/0028/G649,MO,44.192152,10.599719,72.0,4894476.268,1627871.426
PF07/0028/G649,MO,44.191466,10.602066,72.0,4894403.702,1628060.473
PF08/0028/G649,MO,44.190668,10.596694,12.0,4894306.63,1627632.86
PF01/0029/G649,MO,44.200581,10.61678,50.0,4895439.132,1629216.515
PF03/0029/G649,MO,44.198922,10.617216,70.0,4895255.536,1629254.955
PF04/0029/G649,MO,44.198038,10.608468,70.0,4895143.596,1628557.859
PF05/0029/G649,MO,44.197775,10.612512,70.0,4895120.819,1628881.534
PF06/0029/G649,MO,44.197832,10.615071,70.0,4895131.102,1629085.909
PF07/0029/G649,MO,44.197604,10.619067,70.0,4895112.066,1629405.77
PF08/0029/G649,MO,44.19561,10.612675,8.0,4894880.6,1628899.3
PF09/0029/G649,MO,44.19548,10.617403,70.0,4894873.557,1629277.419
PF10/0029/G649,MO,44.196299,10.621048,52.0,4894970.287,1629566.919
PF12/0029/G649,MO,44.193931,10.622451,72.0,4894709.475,1629684.253
PF13/0029/G649,MO,44.19449,10.624991,72.0,4894775.483,1629885.965
PF14/0029/G649,MO,44.194766,10.620284,70.0,4894798.767,1629509.219
PF01/0032/G649,MO,44.198649,10.545808,72.0,4895115.432,1623549.441
PF02/0032/G649,MO,44.196133,10.543449,70.0,4894832.364,1623366.2
PF03/0032/G649,MO,44.194272,10.544869,70.0,4894627.892,1623483.546
PF05/0032/G649,MO,44.19367,10.547408,70.0,4894564.782,1623687.727
PF06/0032/G649,MO,44.193377,10.549837,70.0,4894535.958,1623882.47
PF07/0032/G649,MO,44.192099,10.54518,70.0,4894386.968,1623512.977
PF08/0032/G649,MO,44.190543,10.550809,70.0,4894222.548,1623966.059
PF09/0032/G649,MO,44.190374,10.541559,70.0,4894189.88,1623227.155
PF10/0032/G649,MO,44.188822,10.542004,52.0,4894018.134,1623265.922
PF12/0032/G649,MO,44.189601,10.547937,72.0,4894113.582,1623738.474
PF13/0032/G649,MO,44.188709,10.550581,72.0,4894018.553,1623951.705
PF14/0032/G649,MO,44.18575,10.545349,72.0,4893682.012,1623539.673
PF15/0032/G649,MO,44.186258,10.549883,52.0,4893745.248,1623901.044
PF16/0032/G649,MO,44.184958,10.548084,72.0,4893598.08,1623759.955
PF17/0032/G649,MO,44.189869,10.544859,72.0,4894138.793,1623491.925
PF01/0033/G649,MO,44.189429,10.551339,70.0,4894099.691,1624010.711
PF02/0033/G649,MO,44.188585,10.559549,70.0,4894018.274,1624668.652
PF04/0033/G649,MO,44.187419,10.551836,70.0,4893877.112,1624054.711
PF05/0033/G649,MO,44.186676,10.55556,70.0,4893800.186,1624353.902
PF06/0033/G649,MO,44.188296,10.556956,70.0,4893982.329,1624462.01
PF09/0033/G649,MO,44.185428,10.550352,52.0,4893653.726,1623940.231
PF10/0033/G649,MO,44.186006,10.553295,72.0,4893722.341,1624174.223
PF11/0033/G649,MO,44.186521,10.560818,70.0,4893790.943,1624774.478
PF12/0033/G649,MO,44.185988,10.56376,70.0,4893736.265,1625010.704
PF13/0033/G649,MO,44.183516,10.550737,10.0,4893442.0,1623975.0
PF14/0033/G649,MO,44.183998,10.55364,72.0,4893499.895,1624206.057
PF15/0033/G649,MO,44.181532,10.548838,72.0,4893218.76,1623827.369
PF16/0033/G649,MO,44.184722,10.556366,52.0,4893584.401,1624422.403
PF17/0033/G649,MO,44.188653,10.561587,70.0,4894028.96,1624831.441
PF01/0034/G649,MO,44.19,10.583668,50.0,4894212.368,1626593.277
PF02/0034/G649,MO,44.189577,10.570061,10.0,4894144.5,1625506.7
PF04/0034/G649,MO,44.187708,10.569612,70.0,4893936.199,1625474.781
PF06/0034/G649,MO,44.186963,10.578823,70.0,4893867.539,1626212.564
PF07/0034/G649,MO,44.18712,10.582198,10.0,4893890.2,1626482.0
PF09/0034/G649,MO,44.185094,10.569079,70.0,4893645.033,1625437.727
PF10/0034/G649,MO,44.185137,10.571848,10.0,4893654.0,1625659.0
PF11/0034/G649,MO,44.185944,10.574629,70.0,4893747.947,1625879.492
PF13/0034/G649,MO,44.18464,10.581698,10.0,4893614.0,1626447.3
PF15/0034/G649,MO,44.182958,10.577584,12.0,4893420.8,1626122.1
PF16/0034/G649,MO,44.188124,10.573412,70.0,4893988.261,1625777.64
PF01/0035/G649,MO,44.187492,10.601065,8.0,4893960.71,1627989.12
PF02/0036/G649,MO,44.188755,10.608218,72.0,4894112.192,1628558.009
PF03/0036/G649,MO,44.185591,10.608755,24.0,4893761.567,1628607.811
PF04/0036/G649,MO,44.194837,10.605275,70.0,4894783.061,1628309.675
PF05/0036/G649,MO,44.193538,10.608837,70.0,4894644.442,1628597.096
PF06/0036/G649,MO,44.187771,10.60853,70.0,4894003.31,1628585.104
PF07/0036/G649,MO,44.191669,10.611013,70.0,4894440.245,1628775.09
PF01/0037/G649,MO,44.192334,10.617726,70.0,4894524.618,1629310.154
PF02/0037/G649,MO,44.192146,10.62072,70.0,4894508.406,1629549.77
PF03/0037/G649,MO,44.191278,10.624638,70.0,4894418.167,1629864.815
PF04/0037/G649,MO,44.192325,10.627989,52.0,4894539.806,1630130.35
PF05/0037/G649,MO,44.191249,10.630473,10.0,4894424.2,1630331.2
PF06/0037/G649,MO,44.189595,10.616984,70.0,4894219.169,1629256.798
PF07/0037/G649,MO,44.190083,10.622023,52.0,4894281.285,1629658.456
PF09/0037/G649,MO,44.188957,10.613741,10.0,4894143.2,1628999.0
PF10/0037/G649,MO,44.188762,10.619385,70.0,4894130.492,1629450.497
PF11/0037/G649,MO,44.187791,10.622392,10.0,4894027.3,1629693.0
PF12/0037/G649,MO,44.187559,10.63172,10.0,4894016.3,1630439.0
PF13/0037/G649,MO,44.187443,10.616324,70.0,4893979.079,1629208.787
PF17/0037/G649,MO,44.186332,10.618702,70.0,4893859.439,1629401.273
PF01/0040/G649,MO,44.182362,10.536477,8.0,4893292.32,1622837.64
PF02/0040/G649,MO,44.182878,10.542801,72.0,4893359.18,1623342.079
PF03/0040/G649,MO,44.182517,10.547792,52.0,4893326.535,1623741.767
PF01/0041/G649,MO,44.18072,10.553355,8.0,4893135.34,1624190.17
PF02/0041/G649,MO,44.180537,10.564368,8.0,4893131.7,1625070.82
PF03/0041/G649,MO,44.183503,10.565298,52.0,4893462.607,1625138.889
PF04/0041/G649,MO,44.182026,10.569251,52.0,4893304.487,1625458.008
PF05/0041/G649,MO,44.183888,10.561352,70.0,4893499.338,1624822.671
PF06/0041/G649,MO,44.179645,10.566541,12.0,4893035.9,1625246.4
PF01/0042/G649,MO,44.18057,10.574603,8.0,4893151.02,1625888.85
PF01/0043/G649,MO,44.178085,10.595336,8.0,4892906.89,1627551.48
PF01/0044/G649,MO,44.175699,10.61089,8.0,4892666.16,1628799.98
PF02/0044/G649,MO,44.183429,10.607578,8.0,4893519.55,1628518.5
PF03/0044/G649,MO,44.176933,10.603798,52.0,4892792.073,1628230.413
PF01/0047/G649,MO,44.167416,10.550859,8.0,4891653.83,1624018.48
PF01/0051/G649,MO,44.171324,10.601547,70.0,4892165.633,1628062.628
PF02/0051/G649,MO,44.168701,10.598984,70.0,4891870.221,1627863.343
PF03/0051/G649,MO,44.168189,10.602685,70.0,4891819.106,1628160.376
PF01/0055/G649,MO,44.161155,10.552102,8.0,4890960.28,1624131.02
PF01/0057/G649,MO,44.160743,10.578856,8.0,4890955.22,1626271.09
PF01/0059/G649,MO,44.16646,10.60059,8.0,4891623.84,1627996.63
PF02/0059/G649,MO,44.166718,10.604566,52.0,4891658.74,1628313.934
PF05/0059/G649,MO,44.162974,10.596525,72.0,4891230.298,1627679.153
PF06/0059/G649,MO,44.16443,10.597322,70.0,4891393.221,1627739.675
PF07/0059/G649,MO,44.164146,10.59965,70.0,4891365.381,1627926.431
PF08/0059/G649,MO,44.164309,10.60579,12.0,4891393.0,1628417.0
PF11/0059/G649,MO,44.162,10.605162,52.0,4891135.525,1628371.785
PF12/0059/G649,MO,44.160693,10.600577,72.0,4890983.244,1628008.001
PF13/0059/G649,MO,44.166607,10.60132,8.0,4891641.29,1628054.67
PF01/0062/G649,MO,44.15482,10.592038,8.0,4890317.63,1627337.91
PF01/0063/G649,MO,44.157634,10.597528,72.0,4890638.692,1627770.835
PF02/0063/G649,MO,44.159612,10.596637,72.0,4890857.072,1627695.295
PF03/0063/G649,MO,44.155217,10.598331,72.0,4890371.503,1627840.308
PF04/0063/G649,MO,44.151661,10.599082,50.0,4889977.722,1627908.022
PF05/0063/G649,MO,44.154655,10.596037,72.0,4890305.503,1627658.055
PF01/0068/G649,MO,44.142838,10.553421,8.0,4888927.72,1624274.92
PF01/0070/G649,MO,44.145607,10.585828,8.0,4889284.75,1626861.03
PF01/0072/G649,MO,44.130878,10.577886,8.0,4887636.54,1626257.2
PF02/0072/G649,MO,44.13194,10.576096,2.0,4887751.7,1626111.75
PF01/0073/G649,MO,44.137804,10.585449,72.0,4888417.439,1626847.371
PF02/0073/G649,MO,44.137489,10.588369,72.0,4888386.945,1627081.636
PF04/0073/G649,MO,44.141624,10.586605,52.0,4888843.559,1626931.659
PF01/0076/G649,MO,44.131845,10.61343,8.0,4887799.12,1629098.6
PF01/0079/G649,MO,44.123322,10.597579,8.0,4886827.6,1627848.95
PF02/0079/G649,MO,44.11535,10.592997,4.0,4885935.08,1627499.45
PF01/0001/G789,MO,44.420649,10.710216,50.0,4920034.797,1636172.883
PF02/0001/G789,MO,44.417139,10.711065,50.0,4919646.355,1636248.557
PF03/0001/G789,MO,44.420273,10.705178,52.0,4919984.679,1635772.664
PF04/0001/G789,MO,44.418728,10.719047,50.0,4919836.183,1636880.335
PF05/0001/G789,MO,44.421892,10.706737,8.0,4920167.13,1635892.99
PF01/0002/G789,MO,44.424472,10.723755,52.0,4920482.139,1637241.709
PF02/0002/G789,MO,44.423154,10.726067,70.0,4920339.595,1637428.865
PF03/0002/G789,MO,44.420526,10.721124,70.0,4920039.374,1637041.497
PF04/0002/G789,MO,44.42045,10.726276,70.0,4920039.556,1637451.847
PF05/0002/G789,MO,44.424973,10.728086,50.0,4920545.021,1637585.3
PF06/0002/G789,MO,44.41348,10.723822,70.0,4919261.251,1637272.746
PF07/0002/G789,MO,44.417165,10.72551,72.0,4919673.334,1637398.55
PF08/0002/G789,MO,44.416112,10.729102,72.0,4919562.501,1637687.002
PF01/0003/G789,MO,44.407501,10.698329,50.0,4918554.7,1635256.864
PF02/0003/G789,MO,44.414515,10.702101,12.0,4919340.0,1635541.0
PF01/0004/G789,MO,44.414295,10.709274,52.0,4919327.479,1636112.567
PF02/0004/G789,MO,44.406341,10.701359,52.0,4918430.85,1635500.774
PF03/0004/G789,MO,44.404189,10.708097,50.0,4918202.988,1636042.291
PF05/0004/G789,MO,44.407394,10.708726,12.0,4918560.0,1636085.0
PF01/0005/G789,MO,44.409636,10.719626,52.0,4918827.159,1636947.69
PF02/0005/G789,MO,44.412529,10.71194,52.0,4919135.689,1636328.942
PF03/0005/G789,MO,44.408389,10.712549,52.0,4918676.847,1636387.064
PF04/0005/G789,MO,44.413206,10.710162,8.0,4919207.97,1636185.86
PF06/0005/G789,MO,44.414603,10.720881,12.0,4919381.0,1637036.0
PF01/0006/G789,MO,44.411811,10.733257,50.0,4919091.711,1638027.844
PF02/0006/G789,MO,44.409632,10.733612,52.0,4918850.245,1638061.267
PF03/0006/G789,MO,44.41162,10.722368,8.0,4919052.17,1637161.32
PF04/0006/G789,MO,44.407667,10.730591,70.0,4918626.934,1637825.322
PF05/0006/G789,MO,44.407058,10.722682,12.0,4918546.0,1637197.0
PF01/0007/G789,MO,44.405542,10.691525,9.0,4918325.85,1634719.6
PF02/0007/G789,MO,44.400434,10.68631,72.0,4917749.929,1634316.016
PF03/0007/G789,MO,44.405859,10.696244,50.0,4918368.791,1635094.598
PF04/0007/G789,MO,44.408704,10.692079,70.0,4918678.023,1634756.415
PF06/0007/G789,MO,44.406102,10.687022,70.0,4918380.603,1634359.722
PF02/0008/G789,MO,44.401278,10.69702,70.0,4917861.224,1635166.985
PF03/0008/G789,MO,44.396684,10.700257,52.0,4917356.253,1635435.305
PF01/0009/G789,MO,44.403516,10.714635,52.0,4918139.023,1636564.485
PF02/0009/G789,MO,44.403875,10.707675,12.0,4918167.4,1636009.4
PF01/0010/G789,MO,44.402914,10.723343,52.0,4918086.706,1637259.333
PF02/0010/G789,MO,44.40168,10.731294,50.0,4917963.096,1637895.394
PF03/0010/G789,MO,44.39858,10.729859,52.0,4917616.307,1637788.41
PF05/0010/G789,MO,44.394386,10.723387,70.0,4917139.585,1637282.792
PF06/0010/G789,MO,44.397175,10.725983,72.0,4917453.687,1637482.97
PF07/0010/G789,MO,44.400732,10.72373,70.0,4917844.997,1637295.24
PF08/0010/G789,MO,44.40629,10.722507,52.0,4918460.319,1637184.89
PF01/0011/G789,MO,44.400868,10.7407,50.0,4917888.691,1638646.312
PF02/0011/G789,MO,44.402144,10.735765,50.0,4918022.095,1638250.365
PF01/0012/G789,MO,44.394114,10.674276,52.0,4917028.232,1633372.03
PF02/0012/G789,MO,44.392463,10.671544,52.0,4916840.358,1633158.177
PF03/0012/G789,MO,44.38745,10.675783,52.0,4916290.392,1633507.225
PF04/0012/G789,MO,44.392246,10.677064,50.0,4916825.291,1633598.333
PF05/0012/G789,MO,44.396261,10.678581,50.0,4917273.708,1633709.987
PF01/0013/G789,MO,44.39203,10.682676,50.0,4916810.391,1634045.807
PF02/0013/G789,MO,44.39117,10.686542,70.0,4916721.178,1634355.661
PF03/0013/G789,MO,44.395,10.68899,8.0,4917150.697,1634541.841
PF04/0013/G789,MO,44.395288,10.684503,70.0,4917175.258,1634183.843
PF05/0013/G789,MO,44.392046,10.682347,8.0,4916811.67,1634019.57
PF06/0013/G789,MO,44.397722,10.685548,70.0,4917447.431,1634261.486
PF07/0013/G789,MO,44.397403,10.688019,72.0,4917416.018,1634459.018
PF01/0014/G789,MO,44.387276,10.689133,50.0,4916292.949,1634570.97
PF02/0014/G789,MO,44.387133,10.693677,72.0,4916284.477,1634933.234
PF03/0014/G789,MO,44.392602,10.695574,52.0,4916895.141,1635071.777
PF01/0015/G789,MO,44.383191,10.700915,70.0,4915858.612,1635518.832
PF03/0015/G789,MO,44.385487,10.702542,52.0,4916116.342,1635643.144
PF01/0016/G789,MO,44.396184,10.721867,70.0,4917336.754,1637157.533
PF02/0016/G789,MO,44.39701,10.704832,52.0,4917400.09,1635798.944
PF03/0016/G789,MO,44.395517,10.707815,52.0,4917239.217,1636039.962
PF04/0016/G789,MO,44.396766,10.707844,8.0,4917377.99,1636039.4
PF01/0017/G789,MO,44.389002,10.723311,9.0,4916541.4,1637289.3
PF02/0017/G789,MO,44.389587,10.718352,52.0,4916598.005,1636892.965
PF01/0018/G789,MO,44.387211,10.7264,70.0,4916347.564,1637539.534
PF02/0018/G789,MO,44.385169,10.724414,70.0,4916117.479,1637386.141
PF03/0018/G789,MO,44.383842,10.727464,70.0,4915975.209,1637632.173
PF01/0019/G789,MO,44.382708,10.72495,52.0,4915844.948,1637434.575
PF02/0019/G789,MO,44.384492,10.731426,52.0,4916054.023,1637946.245
PF03/0019/G789,MO,44.388316,10.729787,70.0,4916476.001,1637806.747
PF04/0019/G789,MO,44.382204,10.730017,52.0,4915797.531,1637839.432
PF05/0019/G789,MO,44.390972,10.725113,72.0,4916763.248,1637428.254
PF06/0019/G789,MO,44.388431,10.729875,8.0,4916489.0,1637813.49
PF01/0020/G789,MO,44.392263,10.746265,50.0,4916942.353,1639109.9
PF04/0020/G789,MO,44.392848,10.739315,12.0,4916995.5,1638555.0
PF01/0021/G789,MO,44.386573,10.7459,70.0,4916309.652,1639094.305
PF03/0021/G789,MO,44.388258,10.744355,70.0,4916494.244,1638967.234
PF04/0021/G789,MO,44.390496,10.736838,52.0,4916730.132,1638363.188
PF05/0021/G789,MO,44.385652,10.742954,52.0,4916202.345,1638861.785
PF06/0021/G789,MO,44.391265,10.74238,52.0,4916824.838,1638802.819
PF08/0021/G789,MO,44.383824,10.743919,70.0,4916000.97,1638943.025
PF21/0021/G789,MO,44.384243,10.739812,8.0,4916040.52,1638614.89
PF01/0022/G789,MO,44.388395,10.684108,72.0,4916409.042,1634168.173
PF03/0022/G789,MO,44.379878,10.682102,72.0,4915459.61,1634027.765
PF04/0022/G789,MO,44.388553,10.679879,52.0,4916419.604,1633830.964
PF06/0022/G789,MO,44.382684,10.683041,52.0,4915772.886,1634096.212
PF07/0022/G789,MO,44.384673,10.683331,72.0,4915994.263,1634114.719
PF01/0023/G789,MO,44.381712,10.688939,52.0,4915674.562,1634568.28
PF02/0023/G789,MO,44.378844,10.69709,70.0,4915369.453,1635224.175
PF03/0023/G789,MO,44.383672,10.692975,70.0,4915898.91,1634885.231
PF01/0024/G789,MO,44.380235,10.709681,70.0,4915544.844,1636223.954
PF02/0024/G789,MO,44.380496,10.713144,50.0,4915579.535,1636499.265
PF03/0024/G789,MO,44.377875,10.713186,70.0,4915288.519,1636508.712
PF01/0025/G789,MO,44.379448,10.734439,52.0,4915498.816,1638198.148
PF02/0025/G789,MO,44.381752,10.739929,70.0,4915764.041,1638630.025
PF03/0025/G789,MO,44.378546,10.741673,70.0,4915410.836,1638776.557
PF04/0025/G789,MO,44.376681,10.737397,50.0,4915196.536,1638440.298
PF05/0025/G789,MO,44.376271,10.74203,70.0,4915158.821,1638810.36
PF01/0026/G789,MO,44.378093,10.762484,70.0,4915396.017,1640435.507
PF02/0026/G789,MO,44.383615,10.754387,52.0,4915995.55,1639777.35
PF03/0026/G789,MO,44.383397,10.74907,70.0,4915962.227,1639354.32
PF04/0026/G789,MO,44.380856,10.749501,70.0,4915680.813,1639394.723
PF05/0026/G789,MO,44.381631,10.745478,70.0,4915759.972,1639072.341
PF02/0027/G789,MO,44.373352,10.686867,72.0,4914742.618,1634422.338
PF04/0027/G789,MO,44.376999,10.691035,52.0,4915154.485,1634746.037
PF05/0027/G789,MO,44.371996,10.692946,8.0,4914601.92,1634909.73
PF06/0027/G789,MO,44.369737,10.699928,52.0,4914362.501,1635471.251
PF07/0027/G789,MO,44.375659,10.694016,70.0,4915010.54,1634986.587
PF08/0027/G789,MO,44.370958,10.691445,72.0,4914484.118,1634792.558
PF01/0028/G789,MO,44.37403,10.704167,8.0,4914846.4,1635799.08
PF03/0028/G789,MO,44.372439,10.706864,72.0,4914674.166,1636017.664
PF04/0028/G789,MO,44.367496,10.699453,72.0,4914112.851,1635438.539
PF01/0030/G789,MO,44.374041,10.726786,70.0,4914885.383,1637601.12
PF02/0030/G789,MO,44.379974,10.721361,50.0,4915535.285,1637155.099
PF03/0030/G789,MO,44.378819,10.726059,72.0,4915414.872,1637532.051
PF04/0030/G789,MO,44.375394,10.720055,70.0,4915024.419,1637061.672
PF05/0030/G789,MO,44.372997,10.72048,70.0,4914758.877,1637101.128
PF06/0030/G789,MO,44.371722,10.726367,8.0,4914627.06,1637573.2
PF01/0031/G789,MO,44.363995,10.713931,72.0,4913747.931,1636600.268
PF02/0031/G789,MO,44.363454,10.709262,48.0,4913680.095,1636229.477
PF02/0032/G789,MO,44.360578,10.717336,70.0,4913374.099,1636879.614
PF03/0032/G789,MO,44.369688,10.724328,70.0,4914397.719,1637415.513
PF04/0032/G789,MO,44.360982,10.722447,70.0,4913427.469,1637285.893
PF05/0032/G789,MO,44.365795,10.726025,70.0,4913968.1,1637559.808
PF01/0033/G789,MO,44.36502,10.726384,8.0,4913882.65,1637590.22
PF02/0033/G789,MO,44.36363,10.735613,70.0,4913743.82,1638328.919
PF03/0033/G789,MO,44.360252,10.733445,70.0,4913364.961,1638164.028
PF04/0033/G789,MO,44.371012,10.732064,70.0,4914557.832,1638028.729
PF06/0033/G789,MO,44.367907,10.732958,72.0,4914214.406,1638107.285
PF07/0033/G789,MO,44.368994,10.733369,8.0,4914335.88,1638137.47
PF08/0033/G789,MO,44.362291,10.729787,70.0,4913585.263,1637867.787
PF01/0034/G789,MO,44.36382,10.742699,52.0,4913776.868,1638893.063
PF02/0034/G789,MO,44.366713,10.738207,72.0,4914090.584,1638528.346
PF03/0034/G789,MO,44.369768,10.73714,52.0,4914428.207,1638436.086
PF01/0035/G789,MO,44.376612,10.763706,70.0,4915233.614,1640536.434
PF02/0035/G789,MO,44.375452,10.759254,70.0,4915097.105,1640184.488
PF03/0035/G789,MO,44.373761,10.763732,70.0,4914916.972,1640545.296
PF04/0035/G789,MO,44.373179,10.751414,52.0,4914831.251,1639565.327
PF05/0035/G789,MO,44.376844,10.753503,8.0,4915241.9,1639723.0
PF06/0035/G789,MO,44.376411,10.755072,72.0,4915196.487,1639849.041
PF01/0036/G789,MO,44.371622,10.759813,70.0,4914672.659,1640238.207
PF02/0036/G789,MO,44.368345,10.754514,8.0,4914299.55,1639823.77
PF03/0036/G789,MO,44.369439,10.743389,52.0,4914402.18,1638934.815
PF04/0036/G789,MO,44.365187,10.759303,70.0,4913957.053,1640212.907
PF05/0036/G789,MO,44.365638,10.760429,52.0,4914009.02,1640301.548
PF01/0037/G789,MO,44.359166,10.751752,52.0,4913275.302,1639625.494
PF02/0037/G789,MO,44.358189,10.761444,52.0,4913183.296,1640400.247
PF03/0037/G789,MO,44.363362,10.762243,50.0,4913759.37,1640451.534
PF04/0037/G789,MO,44.363209,10.751912,70.0,4913724.653,1639628.706
PF05/0037/G789,MO,44.362074,10.755759,52.0,4913605.183,1639937.95
PF01/0038/G789,MO,44.354913,10.713563,50.0,4912738.577,1636592.036
PF02/0038/G789,MO,44.351649,10.711865,70.0,4912373.187,1636464.298
PF03/0038/G789,MO,44.349223,10.712406,70.0,4912104.542,1636513.046
PF05/0038/G789,MO,44.346268,10.711709,50.0,4911775.234,1636464.378
PF06/0038/G789,MO,44.347517,10.717564,72.0,4911923.66,1636928.141
PF07/0038/G789,MO,44.346112,10.715064,52.0,4911763.416,1636732.192
PF03/0039/G789,MO,44.347925,10.724232,52.0,4911980.16,1637458.726
PF04/0039/G789,MO,44.344741,10.720347,70.0,4911620.022,1637156.473
PF05/0039/G789,MO,44.354795,10.71838,72.0,4912733.446,1636976.213
PF06/0039/G789,MO,44.352422,10.719576,70.0,4912471.874,1637077.084
PF08/0039/G789,MO,44.350294,10.721595,72.0,4912238.899,1637242.94
PF09/0039/G789,MO,44.356938,10.718715,52.0,4912972.067,1636997.916
PF10/0039/G789,MO,44.349991,10.717908,70.0,4912199.055,1636949.779
PF01/0040/G789,MO,44.358001,10.724679,70.0,4913100.15,1637470.73
PF03/0040/G789,MO,44.350099,10.732517,72.0,4912235.614,1638113.972
PF04/0040/G789,MO,44.35908,10.730553,70.0,4913229.869,1637936.384
PF05/0040/G789,MO,44.352535,10.730403,70.0,4912502.566,1637939.741
PF06/0040/G789,MO,44.349252,10.7278,52.0,4912133.555,1637739.955
PF07/0040/G789,MO,44.352701,10.724625,70.0,4912511.333,1637478.874
PF01/0041/G789,MO,44.357646,10.738196,70.0,4913083.463,1638548.805
PF02/0041/G789,MO,44.354715,10.740841,72.0,4912762.334,1638766.516
PF01/0042/G789,MO,44.352727,10.744192,9.0,4912547.2,1639038.25
PF02/0042/G789,MO,44.349593,10.750346,52.0,4912209.552,1639536.228
PF03/0042/G789,MO,44.358006,10.746936,52.0,4913138.21,1639244.455
PF04/0042/G789,MO,44.357761,10.75764,52.0,4913129.266,1640098.114
PF07/0042/G789,MO,44.352133,10.753902,72.0,4912497.736,1639813.558
PF01/0043/G789,MO,44.341613,10.722769,70.0,4911276.548,1637356.827
PF02/0043/G789,MO,44.34264,10.713804,72.0,4911375.638,1636639.795
PF03/0043/G789,MO,44.342033,10.709404,52.0,4911300.958,1636290.462
PF04/0043/G789,MO,44.341011,10.716724,72.0,4911199.581,1636876.315
PF05/0043/G789,MO,44.33814,10.720746,52.0,4910887.444,1637203.616
PF01/0044/G789,MO,44.344596,10.722885,8.0,4911608.07,1637359.08
PF02/0044/G789,MO,44.3455,10.727078,70.0,4911715.614,1637691.185
PF03/0044/G789,MO,44.346674,10.730353,68.0,4911851.463,1637949.525
PF01/0045/G789,MO,44.344054,10.729351,68.0,4911558.733,1637875.82
PF02/0045/G789,MO,44.342844,10.726245,70.0,4911419.109,1637630.994
PF03/0045/G789,MO,44.342812,10.731807,72.0,4911424.9,1638074.439
PF04/0045/G789,MO,44.34839,10.73863,68.0,4912056.076,1638605.22
PF05/0045/G789,MO,44.341959,10.737718,72.0,4911340.118,1638547.674
PF06/0045/G789,MO,44.345574,10.735742,52.0,4911738.4,1638381.634
PF07/0045/G789,MO,44.346715,10.7381,8.0,4911869.07,1638566.88
PF01/0046/G789,MO,44.342478,10.748254,70.0,4911415.693,1639386.289
PF02/0046/G789,MO,44.338091,10.739639,52.0,4910913.758,1638709.931
PF03/0046/G789,MO,44.344187,10.75048,52.0,4911609.271,1639559.712
PF05/0046/G789,MO,44.347295,10.74739,52.0,4911949.254,1639306.005
PF06/0046/G789,MO,44.345522,10.74276,70.0,4911744.495,1638941.185
PF01/0047/G789,MO,44.34973,10.757313,70.0,4912236.629,1640091.132
PF02/0047/G789,MO,44.348109,10.763162,70.0,4912066.639,1640561.191
PF01/0048/G789,MO,44.340488,10.751333,70.0,4911199.889,1639636.46
PF02/0048/G789,MO,44.346588,10.75507,52.0,4911883.812,1639919.837
PF03/0048/G789,MO,44.345343,10.757375,70.0,4911749.447,1640106.526
PF04/0048/G789,MO,44.341472,10.758349,52.0,4911321.15,1640193.4
PF05/0048/G789,MO,44.346519,10.762305,70.0,4911888.479,1640496.746
PF06/0048/G789,MO,44.341821,10.767676,52.0,4911375.911,1640936.119
PF01/0049/G789,MO,44.331076,10.709156,70.0,4910083.418,1636296.031
PF02/0049/G789,MO,44.338172,10.71321,70.0,4910878.44,1636602.791
PF03/0049/G789,MO,44.337941,10.717011,72.0,4910859.066,1636906.354
PF04/0049/G789,MO,44.336268,10.725501,70.0,4910687.427,1637587.114
PF01/0050/G789,MO,44.341111,10.728837,52.0,4911231.05,1637841.692
PF03/0050/G789,MO,44.336047,10.740898,52.0,4910688.872,1638815.072
PF04/0050/G789,MO,44.334813,10.734336,52.0,4910540.686,1638294.849
PF05/0050/G789,MO,44.335062,10.729262,52.0,4910559.832,1637889.743
PF06/0050/G789,MO,44.338788,10.726444,54.0,4910968.979,1637656.366
PF07/0050/G789,MO,44.336278,10.737381,52.0,4910708.534,1638534.152
PF08/0050/G789,MO,44.338275,10.731799,52.0,4910920.989,1638084.449
PF01/0051/G789,MO,44.33376,10.742791,8.0,4910438.02,1638971.41
PF02/0051/G789,MO,44.340236,10.748872,52.0,4911167.722,1639440.911
PF03/0051/G789,MO,44.337162,10.743651,52.0,4910817.34,1639031.98
PF01/0052/G789,MO,44.332022,10.737771,70.0,4910236.511,1638575.251
PF02/0052/G789,MO,44.329279,10.742155,52.0,4909939.258,1638931.323
PF03/0052/G789,MO,44.328539,10.738553,70.0,4909850.869,1638645.824
PF05/0052/G789,MO,44.331081,10.727588,70.0,4910114.751,1637765.601
PF06/0052/G789,MO,44.330055,10.735429,70.0,4910014.061,1638393.174
PF07/0052/G789,MO,44.331363,10.74112,52.0,4910168.927,1638843.857
PF08/0052/G789,MO,44.33145,10.730761,8.0,4910161.13,1638017.75
PF01/0053/G789,MO,44.323498,10.748486,52.0,4909307.795,1639449.785
PF01/0054/G789,MO,44.336643,10.759389,8.0,4910786.55,1640287.81
PF01/0055/G789,MO,44.32121,10.733491,8.0,4909028.25,1638259.48
PF02/0055/G789,MO,44.323235,10.733793,70.0,4909253.676,1638278.766
PF01/0001/H061,MO,44.493485,10.763943,8.0,4928216.18,1640275.43
PF02/0001/H061,MO,44.496076,10.766349,56.0,4928508.136,1640460.511
PF03/0001/H061,MO,44.493227,10.758256,52.0,4928177.861,1639823.927
PF04/0001/H061,MO,44.50003,10.766773,70.0,4928948.055,1640484.747
PF05/0001/H061,MO,44.497714,10.760378,52.0,4928679.914,1639981.888
PF01/0002/H061,MO,44.490281,10.744915,50.0,4927827.896,1638770.202
PF03/0002/H061,MO,44.493301,10.748616,50.0,4928169.602,1639057.303
PF01/0003/H061,MO,44.486167,10.764384,52.0,4927404.093,1640328.092
PF02/0003/H061,MO,44.492491,10.764913,56.0,4928107.44,1640355.009
PF01/0004/H061,MO,44.481533,10.772965,6.0,4926904.08,1641021.58
PF03/0004/H061,MO,44.484751,10.771532,52.0,4927259.062,1640899.872
PF01/0005/H061,MO,44.488762,10.78034,52.0,4927719.8,1641590.572
PF02/0005/H061,MO,44.490542,10.787803,50.0,4927930.518,1642179.687
PF03/0005/H061,MO,44.484149,10.78513,52.0,4927215.713,1641982.663
PF04/0005/H061,MO,44.483872,10.792221,52.0,4927197.323,1642547.221
PF05/0005/H061,MO,44.490826,10.788196,8.0,4927962.8,1642210.23
PF01/0006/H061,MO,44.494233,10.71847,70.0,4928222.251,1636658.181
PF02/0006/H061,MO,44.489164,10.718387,70.0,4927659.051,1636663.472
PF01/0007/H061,MO,44.488671,10.710499,70.0,4927591.171,1636037.418
PF02/0007/H061,MO,44.484167,10.714051,70.0,4927096.743,1636330.304
PF03/0007/H061,MO,44.486303,10.707372,70.0,4927322.941,1635794.264
PF04/0007/H061,MO,44.486423,10.7174,70.0,4927352.954,1636591.367
PF07/0007/H061,MO,44.48638,10.717415,8.0,4927348.2,1636592.7
PF08/0007/H061,MO,44.48493,10.702661,70.0,4927162.611,1635422.771
PF02/0008/H061,MO,44.493874,10.71929,50.0,4928183.732,1636724.215
PF05/0008/H061,MO,44.482849,10.725488,56.0,4926969.501,1637242.862
PF06/0008/H061,MO,44.481465,10.731002,52.0,4926825.023,1637684.625
PF07/0008/H061,MO,44.479788,10.727205,50.0,4926632.373,1637386.642
PF01/0009/H061,MO,44.483153,10.74718,5.0,4927039.94,1638967.18
PF02/0009/H061,MO,44.481966,10.741213,70.0,4926897.897,1638495.472
PF03/0009/H061,MO,44.482405,10.733538,50.0,4926933.676,1637884.099
PF01/0010/H061,MO,44.482137,10.7496,52.0,4926931.128,1639162.067
PF02/0010/H061,MO,44.479935,10.75222,52.0,4926690.998,1639375.621
PF03/0010/H061,MO,44.477382,10.753945,52.0,4926410.369,1639518.88
PF04/0010/H061,MO,44.483479,10.7564,52.0,4927091.821,1639699.605
PF01/0011/H061,MO,44.480935,10.7767,70.0,4926844.162,1641320.07
PF02/0011/H061,MO,44.48317,10.776922,50.0,4927092.719,1641332.312
PF03/0011/H061,MO,44.48382,10.785865,50.0,4927180.495,1642041.902
PF01/0012/H061,MO,44.482368,10.710277,50.0,4926890.678,1636034.346
PF02/0012/H061,MO,44.480633,10.708496,10.0,4926695.0,1635896.8
PF03/0012/H061,MO,44.482093,10.706344,52.0,4926853.551,1635722.251
PF06/0012/H061,MO,44.48196,10.70073,52.0,4926829.457,1635276.091
PF01/0013/H061,MO,44.478952,10.715787,9.0,4926520.4,1636480.5
PF02/0013/H061,MO,44.48403,10.717812,70.0,4927087.786,1636629.742
PF03/0013/H061,MO,44.483225,10.72279,56.0,4927006.787,1637027.45
PF04/0013/H061,MO,44.477874,10.708393,50.0,4926388.333,1635895.01
PF01/0014/H061,MO,44.47573,10.73777,8.0,4926199.39,1638236.44
PF02/0014/H061,MO,44.471777,10.738283,52.0,4925761.206,1638286.52
PF03/0014/H061,MO,44.478228,10.74235,52.0,4926484.596,1638594.772
PF04/0014/H061,MO,44.474846,10.736239,52.0,4926098.682,1638116.7
PF05/0014/H061,MO,44.473992,10.732678,52.0,4925997.788,1637835.517
PF01/0015/H061,MO,44.480108,10.744581,50.0,4926697.232,1638767.751
PF02/0015/H061,MO,44.480297,10.748622,50.0,4926725.149,1639088.633
PF02/0016/H061,MO,44.48081,10.760837,52.0,4926802.913,1640058.85
PF03/0016/H061,MO,44.475984,10.757617,52.0,4926261.401,1639814.276
PF01/0017/H061,MO,44.478336,10.772681,9.0,4926548.5,1641006.7
PF02/0017/H061,MO,44.474232,10.774291,52.0,4926095.339,1641144.624
PF03/0017/H061,MO,44.474307,10.770952,52.0,4926097.948,1640878.875
PF04/0017/H061,MO,44.476516,10.776393,70.0,4926352.688,1641306.291
PF06/0017/H061,MO,44.478692,10.775114,70.0,4926592.27,1641199.368
PF01/0018/H061,MO,44.472448,10.782024,8.0,4925910.56,1641763.97
PF02/0018/H061,MO,44.474485,10.778273,52.0,4926130.377,1641460.734
PF06/0018/H061,MO,44.476415,10.787213,52.0,4926360.279,1642167.121
PF08/0018/H061,MO,44.479361,10.791267,70.0,4926694.539,1642482.309
PF09/0018/H061,MO,44.477593,10.790885,70.0,4926497.521,1642456.281
PF01/0020/H061,MO,44.479084,10.697541,52.0,4926504.799,1635029.13
PF02/0020/H061,MO,44.475325,10.712669,72.0,4926112.273,1636241.013
PF03/0020/H061,MO,44.476046,10.70019,50.0,4926171.655,1635246.825
PF02/0021/H061,MO,44.476286,10.715921,70.0,4926224.469,1636497.371
PF04/0021/H061,MO,44.477954,10.718773,50.0,4926414.503,1636720.304
PF01/0022/H061,MO,44.470785,10.734468,52.0,4925644.571,1637985.44
PF02/0022/H061,MO,44.470749,10.730783,52.0,4925634.306,1637692.43
PF03/0022/H061,MO,44.467504,10.732212,52.0,4925276.281,1637813.703
PF04/0022/H061,MO,44.471159,10.727191,50.0,4925673.784,1637405.744
PF05/0022/H061,MO,44.474373,10.731221,50.0,4926037.575,1637718.752
PF06/0022/H061,MO,44.476661,10.729378,50.0,4926288.72,1637566.787
PF09/0022/H061,MO,44.466403,10.722596,12.0,4925137.787,1637051.413
PF01/0024/H061,MO,44.473342,10.766732,52.0,4925983.521,1640545.556
PF02/0024/H061,MO,44.471404,10.761108,50.0,4925758.541,1640102.917
PF03/0024/H061,MO,44.470404,10.764471,70.0,4925653.228,1640372.76
PF05/0024/H061,MO,44.465366,10.756211,70.0,4925079.522,1639727.783
PF06/0024/H061,MO,44.463927,10.763352,52.0,4924931.904,1640299.266
PF01/0025/H061,MO,44.466934,10.768953,52.0,4925275.532,1640737.651
PF03/0025/H061,MO,44.469185,10.764252,52.0,4925517.507,1640358.317
PF01/0026/H061,MO,44.469932,10.7777,52.0,4925623.623,1641426.182
PF01/0027/H061,MO,44.459425,10.788987,50.0,4924476.102,1642349.454
PF02/0027/H061,MO,44.460758,10.786561,50.0,4924619.965,1642153.209
PF03/0027/H061,MO,44.465427,10.787158,50.0,4925139.573,1642189.354
PF01/0028/H061,MO,44.463802,10.667489,52.0,4924758.076,1632673.76
PF01/0029/H061,MO,44.462664,10.683886,72.0,4924658.349,1633980.758
PF01/0031/H061,MO,44.469553,10.705629,70.0,4925459.454,1635694.406
PF02/0031/H061,MO,44.469876,10.709016,70.0,4925500.903,1635963.064
PF03/0031/H061,MO,44.465633,10.706542,70.0,4925025.474,1635776.128
PF04/0031/H061,MO,44.461888,10.700862,52.0,4924600.126,1635332.958
PF01/0032/H061,MO,44.463798,10.720965,50.0,4924845.696,1636927.712
PF02/0032/H061,MO,44.460722,10.709887,52.0,4924485.624,1636053.625
PF03/0032/H061,MO,44.46386,10.711586,72.0,4924836.945,1636181.474
PF01/0033/H061,MO,44.461467,10.736638,52.0,4924613.16,1638180.003
PF02/0033/H061,MO,44.460301,10.729732,52.0,4924471.959,1637633.337
PF01/0034/H061,MO,44.464603,10.737374,52.0,4924962.718,1638231.185
PF02/0034/H061,MO,44.458449,10.737154,8.0,4924278.78,1638228.18
PF04/0034/H061,MO,44.457681,10.740734,52.0,4924199.592,1638514.837
PF01/0035/H061,MO,44.469343,10.74332,52.0,4925499.296,1638692.972
PF02/0035/H061,MO,44.467851,10.754437,70.0,4925352.555,1639580.774
PF03/0035/H061,MO,44.467048,10.753166,8.0,4925261.12,1639481.54
PF04/0035/H061,MO,44.469702,10.750591,70.0,4925551.549,1639270.411
PF01/0037/H061,MO,44.458376,10.66771,72.0,4924155.664,1632703.6
PF02/0037/H061,MO,44.460672,10.664505,52.0,4924405.524,1632443.434
PF01/0038/H061,MO,44.458921,10.679504,50.0,4924235.483,1633640.697
PF02/0038/H061,MO,44.460688,10.672217,50.0,4924419.875,1633056.962
PF01/0039/H061,MO,44.464347,10.695963,70.0,4924865.23,1634937.593
PF02/0039/H061,MO,44.459748,10.696988,52.0,4924356.001,1635029.733
PF03/0039/H061,MO,44.462241,10.696946,50.0,4924632.892,1635020.64
PF01/0041/H061,MO,44.45441,10.721856,8.0,4923804.45,1637020.57
PF02/0041/H061,MO,44.461218,10.713195,50.0,4924546.19,1636315.639
PF03/0041/H061,MO,44.453499,10.717237,70.0,4923695.515,1636655.192
PF01/0042/H061,MO,44.459489,10.72539,52.0,4924374.517,1637289.837
PF02/0042/H061,MO,44.451123,10.726238,52.0,4923446.616,1637376.913
PF01/0043/H061,MO,44.450633,10.735474,8.0,4923407.77,1638112.93
PF01/0044/H061,MO,44.448178,10.738382,50.0,4923139.945,1638350.122
PF02/0044/H061,MO,44.44511,10.743206,50.0,4922807.379,1638741.26
PF03/0044/H061,MO,44.450019,10.743618,70.0,4923353.342,1638762.369
PF01/0045/H061,MO,44.451715,10.746104,52.0,4923545.998,1638956.159
PF02/0045/H061,MO,44.448131,10.747019,52.0,4923149.427,1639037.519
PF03/0045/H061,MO,44.445464,10.746883,52.0,4922852.882,1639033.012
PF01/0046/H061,MO,44.455042,10.754192,52.0,4923929.242,1639591.812
PF02/0046/H061,MO,44.450533,10.753467,52.0,4923427.213,1639544.797
PF03/0046/H061,MO,44.448069,10.755733,52.0,4923157.304,1639731.019
PF04/0046/H061,MO,44.457634,10.760632,70.0,4924228.248,1640097.932
PF01/0047/H061,MO,44.44833,10.668688,70.0,4923041.426,1632804.161
PF02/0047/H061,MO,44.451987,10.670127,72.0,4923449.894,1632910.372
PF03/0047/H061,MO,44.453674,10.667291,70.0,4923632.68,1632680.95
PF04/0047/H061,MO,44.450911,10.662124,52.0,4923317.421,1632276.05
PF01/0048/H061,MO,44.400833,10.681128,9.0,4917785.7,1633902.4
PF02/0048/H061,MO,44.397958,10.676635,12.0,4917459.0,1633551.2
PF04/0048/H061,MO,44.40084,10.681072,72.0,4917786.364,1633897.912
PF02/0049/H061,MO,44.454138,10.676322,70.0,4923698.943,1633398.402
PF05/0049/H061,MO,44.453066,10.68096,52.0,4923587.481,1633769.901
PF06/0049/H061,MO,44.456982,10.681329,50.0,4924023.068,1633790.289
PF07/0049/H061,MO,44.456076,10.678134,50.0,4923917.163,1633538.166
PF08/0049/H061,MO,44.454987,10.673134,50.0,4923788.066,1633142.879
PF09/0049/H061,MO,44.452651,10.674383,72.0,4923530.597,1633247.552
PF10/0049/H061,MO,44.450189,10.672444,72.0,4923253.946,1633098.808
PF01/0050/H061,MO,44.453024,10.685368,12.0,4923590.0,1634120.7
PF03/0050/H061,MO,44.446051,10.691744,52.0,4922825.869,1634644.016
PF01/0051/H061,MO,44.447983,10.696201,70.0,4923047.825,1634994.238
PF02/0051/H061,MO,44.449797,10.700444,70.0,4923256.337,1635327.63
PF03/0051/H061,MO,44.448804,10.705547,12.0,4923154.5,1635736.0
PF04/0051/H061,MO,44.45135,10.706981,52.0,4923439.669,1635844.175
PF01/0052/H061,MO,44.446287,10.720955,72.0,4922900.551,1636967.905
PF02/0052/H061,MO,44.447948,10.711768,52.0,4923069.771,1636232.947
PF03/0052/H061,MO,44.443159,10.70958,52.0,4922534.217,1636069.98
PF01/0053/H061,MO,44.441076,10.72277,8.0,4922324.81,1637124.48
PF02/0053/H061,MO,44.445297,10.736207,52.0,4922816.248,1638183.834
PF03/0053/H061,MO,44.447597,10.734029,72.0,4923068.129,1638005.102
PF04/0053/H061,MO,44.44116,10.73192,72.0,4922349.46,1637852.426
PF05/0053/H061,MO,44.447542,10.733924,8.0,4923061.78,1637996.9
PF01/0054/H061,MO,44.447429,10.671044,72.0,4922945.131,1632993.686
PF02/0054/H061,MO,44.443221,10.667197,72.0,4922471.5,1632697.151
PF03/0054/H061,MO,44.44641,10.66226,70.0,4922817.715,1632297.068
PF06/0054/H061,MO,44.44255,10.660281,70.0,4922385.691,1632148.272
PF01/0055/H061,MO,44.435256,10.660763,52.0,4921576.314,1632203.12
PF02/0055/H061,MO,44.433985,10.665033,50.0,4921441.98,1632545.818
PF03/0055/H061,MO,44.437744,10.668385,50.0,4921864.981,1632804.077
PF04/0055/H061,MO,44.440801,10.668933,52.0,4922205.473,1632840.779
PF01/0056/H061,MO,44.439802,10.678354,70.0,4922109.804,1633592.741
PF02/0056/H061,MO,44.451497,10.676892,72.0,4923406.567,1633449.759
PF04/0056/H061,MO,44.449729,10.682169,70.0,4923218.725,1633873.696
PF05/0056/H061,MO,44.445181,10.679108,70.0,4922708.61,1633640.465
PF06/0056/H061,MO,44.445241,10.670287,70.0,4922700.826,1632938.463
PF08/0056/H061,MO,44.440877,10.672967,50.0,4922220.424,1633161.644
PF01/0057/H061,MO,44.435258,10.684651,9.0,4921615.4,1634104.3
PF03/0057/H061,MO,44.432257,10.670252,72.0,4921258.55,1632965.056
PF04/0057/H061,MO,44.432797,10.676643,52.0,4921328.978,1633472.57
PF05/0057/H061,MO,44.435465,10.672307,50.0,4921618.24,1633121.34
PF06/0057/H061,MO,44.437628,10.678905,52.0,4921869.285,1633641.545
PF07/0057/H061,MO,44.440822,10.680753,70.0,4922227.103,1633781.356
PF02/0058/H061,MO,44.436191,10.689529,72.0,4921727.056,1634490.392
PF03/0058/H061,MO,44.437469,10.685637,72.0,4921862.544,1634177.702
PF04/0058/H061,MO,44.437666,10.688814,72.0,4921889.658,1634430.064
PF05/0058/H061,MO,44.438708,10.68286,52.0,4921995.67,1633953.833
PF06/0058/H061,MO,44.439737,10.690992,50.0,4922123.366,1634598.636
PF08/0058/H061,MO,44.442538,10.689401,70.0,4922431.811,1634465.611
PF09/0058/H061,MO,44.442728,10.692312,52.0,4922457.715,1634696.835
PF11/0058/H061,MO,44.434372,10.686351,50.0,4921519.698,1634241.604
PF01/0059/H061,MO,44.438006,10.693916,70.0,4921935.893,1634835.333
PF03/0059/H061,MO,44.43982,10.693033,50.0,4922135.9,1634760.927
PF05/0059/H061,MO,44.440389,10.69958,70.0,4922209.853,1635280.588
PF01/0060/H061,MO,44.436524,10.701186,70.0,4921783.21,1635417.302
PF03/0060/H061,MO,44.445108,10.694249,52.0,4922725.271,1634845.536
PF04/0060/H061,MO,44.443063,10.696157,52.0,4922501.238,1635002.068
PF02/0061/H061,MO,44.443431,10.705272,50.0,4922557.245,1635726.534
PF03/0061/H061,MO,44.444028,10.7064,8.0,4922625.44,1635814.9
PF05/0061/H061,MO,44.43747,10.710559,12.0,4921903.855,1636161.121
PF01/0062/H061,MO,44.440086,10.72483,50.0,4922218.24,1637290.699
PF02/0062/H061,MO,44.437157,10.728637,50.0,4921899.356,1637600.574
PF03/0062/H061,MO,44.435349,10.726558,72.0,4921695.04,1637439.315
PF04/0062/H061,MO,44.43474,10.71951,52.0,4921615.592,1636879.844
PF05/0062/H061,MO,44.439369,10.713089,52.0,4922119.049,1636358.025
PF02/0063/H061,MO,44.438904,10.746625,8.0,4922123.81,1639028.03
PF03/0063/H061,MO,44.440792,10.737468,50.0,4922318.011,1638294.844
PF02/0064/H061,MO,44.43488,10.750465,50.0,4921683.304,1639343.166
PF03/0064/H061,MO,44.441538,10.74873,58.0,4922419.908,1639189.32
PF04/0064/H061,MO,44.438264,10.746808,50.0,4922053.003,1639044.065
PF05/0064/H061,MO,44.444895,10.75539,52.0,4922804.238,1639711.282
PF02/0065/H061,MO,44.427679,10.652221,70.0,4920720.904,1631540.223
PF03/0065/H061,MO,44.430308,10.64849,52.0,4921006.96,1631237.348
PF04/0065/H061,MO,44.431888,10.652584,70.0,4921188.955,1631559.673
PF01/0066/H061,MO,44.431932,10.663,70.0,4921210.713,1632388.596
PF02/0066/H061,MO,44.428089,10.66688,70.0,4920790.089,1632706.148
PF03/0066/H061,MO,44.425155,10.65816,12.0,4920450.04,1632018.68
PF01/0067/H061,MO,44.431941,10.677894,70.0,4921235.924,1633574.024
PF02/0067/H061,MO,44.431556,10.673378,50.0,4921185.711,1633215.477
PF01/0068/H061,MO,44.432562,10.693839,50.0,4921331.005,1634841.754
PF02/0068/H061,MO,44.431236,10.687082,72.0,4921172.62,1634306.937
PF05/0068/H061,MO,44.430353,10.694536,72.0,4921086.8,1634902.287
PF06/0068/H061,MO,44.431924,10.697051,72.0,4921265.393,1635098.842
PF07/0068/H061,MO,44.429799,10.696822,72.0,4921029.0,1635085.5
PF01/0069/H061,MO,44.434031,10.726359,52.0,4921548.217,1637426.584
PF02/0069/H061,MO,44.42565,10.719435,72.0,4920605.661,1636895.108
PF03/0069/H061,MO,44.428755,10.722012,8.0,4920954.96,1637092.95
PF01/0070/H061,MO,44.43324,10.729369,3.0,4921465.5,1637668.06
PF02/0070/H061,MO,44.434814,10.732461,50.0,4921645.502,1637910.399
PF03/0070/H061,MO,44.429943,10.727827,70.0,4921096.636,1637553.061
PF04/0070/H061,MO,44.429637,10.743412,50.0,4921089.012,1638794.246
PF05/0070/H061,MO,44.438149,10.740065,50.0,4922028.795,1638507.742
PF06/0070/H061,MO,44.433364,10.729224,50.0,4921478.968,1637656.185
PF07/0070/H061,MO,44.432354,10.7431,50.0,4921390.271,1638763.013
PF01/0071/H061,MO,44.428476,10.646845,72.0,4920800.778,1631110.535
PF03/0071/H061,MO,44.424663,10.644373,70.0,4920373.315,1630922.308
PF01/0072/H061,MO,44.418409,10.641087,9.0,4919673.3,1630674.6
PF02/0072/H061,MO,44.420031,10.640319,70.0,4919852.243,1630609.851
PF03/0072/H061,MO,44.41864,10.63708,50.0,4919692.635,1630355.113
PF04/0072/H061,MO,44.419982,10.642617,70.0,4919850.529,1630792.911
PF01/0073/H061,MO,44.422481,10.643435,70.0,4920129.459,1630852.485
PF02/0073/H061,MO,44.418732,10.643471,72.0,4919713.013,1630863.684
PF03/0073/H061,MO,44.418386,10.647051,70.0,4919680.375,1631149.457
PF04/0073/H061,MO,44.42191,10.654596,70.0,4920083.933,1631742.253
PF01/0074/H061,MO,44.414856,10.668655,50.0,4919323.081,1632877.422
PF01/0075/H061,MO,44.424045,10.678664,70.0,4920360.026,1633653.338
PF02/0075/H061,MO,44.42094,10.682058,52.0,4920020.717,1633930.598
PF01/0076/H061,MO,44.423122,10.687324,50.0,4920271.758,1634344.806
PF01/0078/H061,MO,44.424451,10.738088,8.0,4920503.85,1638382.69
PF02/0078/H061,MO,44.428417,10.728668,52.0,4920928.598,1637623.526
PF03/0078/H061,MO,44.426913,10.730522,70.0,4920764.579,1637774.662
PF05/0078/H061,MO,44.428974,10.733461,70.0,4920998.541,1638003.74
PF06/0078/H061,MO,44.427189,10.73985,72.0,4920810.989,1638516.468
PF01/0079/H061,MO,44.429725,10.746588,70.0,4921104.104,1639046.848
PF02/0079/H061,MO,44.427404,10.746461,50.0,4920846.107,1639042.189
PF03/0079/H061,MO,44.426731,10.752425,8.0,4920781.48,1639518.52
PF04/0079/H061,MO,44.428775,10.746987,8.0,4920999.3,1639080.81
PF05/0079/H061,MO,44.425232,10.755789,70.0,4920620.675,1639789.93
PF06/0079/H061,MO,44.428988,10.752257,50.0,4921031.91,1639499.809
PF07/0079/H061,MO,44.431904,10.751838,70.0,4921355.122,1639459.488
PF01/0080/H061,MO,44.410279,10.631843,52.0,4918755.566,1629956.741
PF03/0080/H061,MO,44.418346,10.634065,72.0,4919655.152,1630115.782
PF04/0080/H061,MO,44.413401,10.632558,50.0,4919103.509,1630006.731
PF06/0080/H061,MO,44.415161,10.630293,50.0,4919295.409,1629822.474
PF02/0081/H061,MO,44.412066,10.637076,72.0,4918962.397,1630369.398
PF03/0081/H061,MO,44.415181,10.64193,70.0,4919316.188,1630748.961
PF04/0081/H061,MO,44.414916,10.647252,70.0,4919295.214,1631173.213
PF05/0081/H061,MO,44.416737,10.644004,70.0,4919492.289,1630910.602
PF01/0082/H061,MO,44.416266,10.652872,52.0,4919454.132,1631617.636
PF02/0082/H061,MO,44.416234,10.657095,72.0,4919457.457,1631953.937
PF03/0082/H061,MO,44.418108,10.65534,72.0,4919662.71,1631809.975
PF04/0082/H061,MO,44.418442,10.650032,12.0,4919691.35,1631386.66
PF01/0083/H061,MO,44.414528,10.658313,72.0,4919269.932,1632054.775
PF02/0083/H061,MO,44.418249,10.657474,72.0,4919681.831,1631979.582
PF02/0084/H061,MO,44.417209,10.681357,52.0,4919605.116,1633883.284
PF03/0084/H061,MO,44.413717,10.675053,70.0,4919206.984,1633389.379
PF02/0085/H061,MO,44.417837,10.691374,52.0,4919691.356,1634679.296
PF03/0085/H061,MO,44.416539,10.685592,52.0,4919537.652,1634221.986
PF01/0086/H061,MO,44.416641,10.7344,8.0,4919630.18,1638107.48
PF02/0086/H061,MO,44.420791,10.738343,70.0,4920097.748,1638411.633
PF03/0086/H061,MO,44.410397,10.738058,72.0,4918942.71,1638413.5
PF01/0087/H061,MO,44.422739,10.745909,50.0,4920326.975,1639009.361
PF02/0087/H061,MO,44.416932,10.739247,50.0,4919670.698,1638492.68
PF03/0087/H061,MO,44.415985,10.747906,50.0,4919580.134,1639184.294
PF02/0088/H061,MO,44.421481,10.749881,70.0,4920193.96,1639328.496
PF03/0088/H061,MO,44.417724,10.750985,52.0,4919778.562,1639425.343
PF04/0088/H061,MO,44.416853,10.758829,72.0,4919695.198,1640051.896
PF05/0088/H061,MO,44.420035,10.748763,70.0,4920031.419,1639242.931
PF01/0089/H061,MO,44.408174,10.629204,52.0,4918517.579,1629751.254
PF02/0089/H061,MO,44.407481,10.632858,72.0,4918446.424,1630043.708
PF02/0090/H061,MO,44.406303,10.64506,70.0,4918335.002,1631017.983
PF03/0090/H061,MO,44.407838,10.650607,52.0,4918514.401,1631456.186
PF04/0090/H061,MO,44.413157,10.648361,70.0,4919101.608,1631265.502
PF05/0090/H061,MO,44.411878,10.642804,70.0,4918950.683,1630825.923
PF01/0091/H061,MO,44.406875,10.640228,8.0,4918390.76,1630631.9
PF02/0091/H061,MO,44.409367,10.636226,52.0,4918661.186,1630307.701
PF03/0091/H061,MO,44.402595,10.640799,70.0,4917916.261,1630686.888
PF02/0092/H061,MO,44.408266,10.653521,70.0,4918566.601,1631687.233
PF03/0092/H061,MO,44.407897,10.66011,52.0,4918536.228,1632212.775
PF04/0092/H061,MO,44.40525,10.651799,52.0,4918228.85,1631556.905
PF05/0092/H061,MO,44.406296,10.669867,50.0,4918374.207,1632993.299
PF06/0092/H061,MO,44.408244,10.653656,8.0,4918564.38,1631698.11
PF07/0092/H061,MO,44.406744,10.663952,8.0,4918414.38,1632521.3
PF02/0093/H061,MO,44.409075,10.672211,52.0,4918686.692,1633173.656
PF03/0093/H061,MO,44.411491,10.673006,52.0,4918956.383,1633231.413
PF04/0093/H061,MO,44.411246,10.672793,8.0,4918928.82,1633215.02
PF05/0093/H061,MO,44.407768,10.67572,70.0,4918547.223,1633455.967
PF01/0094/H061,MO,44.414408,10.684724,52.0,4919299.468,1634157.731
PF01/0095/H061,MO,44.409617,10.681212,72.0,4918761.587,1633889.098
PF03/0095/H061,MO,44.409616,10.680986,8.0,4918761.1,1633871.1
PF04/0095/H061,MO,44.412346,10.686878,12.0,4919074.0,1634334.0
PF02/0096/H061,MO,44.399657,10.626173,72.0,4917566.678,1629528.682
PF04/0096/H061,MO,44.403086,10.630537,12.0,4917954.503,1629868.68
PF05/0096/H061,MO,44.406137,10.622853,12.0,4918281.227,1629250.0
PF01/0097/H061,MO,44.395637,10.670013,52.0,4917190.409,1633029.055
PF02/0097/H061,MO,44.405113,10.67621,72.0,4918253.141,1633501.044
PF03/0097/H061,MO,44.404181,10.671602,72.0,4918142.117,1633136.242
PF01/0001/H195,MO,44.779072,11.128394,52.0,4960630.172,1668424.347
PF02/0001/H195,MO,44.779876,11.123605,70.0,4960709.595,1668043.102
PF03/0001/H195,MO,44.775575,11.119482,52.0,4960223.248,1667729.36
PF04/0001/H195,MO,44.772473,11.119798,70.0,4959879.366,1667763.314
PF05/0001/H195,MO,44.772544,11.127591,52.0,4959903.297,1668379.825
PF06/0001/H195,MO,44.768959,11.1238,52.0,4959497.179,1668090.202
PF03/0002/H195,MO,44.77528,11.110964,70.0,4960173.017,1667056.198
PF05/0002/H195,MO,44.777914,11.116823,12.0,4960477.6,1667512.2
PF01/0003/H195,MO,44.766362,11.110999,70.0,4959182.358,1667084.678
PF02/0003/H195,MO,44.76576,11.103906,70.0,4959101.006,1666525.125
PF03/0003/H195,MO,44.769831,11.10327,70.0,4959551.892,1666463.137
PF01/0004/H195,MO,44.759911,11.095167,52.0,4958433.355,1665850.252
PF02/0004/H195,MO,44.762324,11.098404,52.0,4958707.967,1666099.573
PF03/0004/H195,MO,44.767334,11.096364,50.0,4959260.441,1665923.725
PF02/0005/H195,MO,44.758328,11.106111,70.0,4958279.859,1666720.999
PF02/0006/H195,MO,44.765362,11.120818,70.0,4959091.51,1667864.659
PF04/0006/H195,MO,44.757408,11.123548,52.0,4958213.575,1668103.772
PF05/0006/H195,MO,44.755683,11.123585,70.0,4958022.003,1668111.726
PF07/0006/H195,MO,44.766373,11.126147,52.0,4959214.845,1668283.479
PF08/0006/H195,MO,44.763824,11.12577,50.0,4958930.911,1668261.023
PF09/0006/H195,MO,44.762041,11.125284,52.0,4958731.82,1668227.727
PF10/0006/H195,MO,44.755274,11.114333,70.0,4957957.503,1667380.608
PF01/0007/H195,MO,44.75644,11.089606,70.0,4958036.49,1665420.09
PF01/0009/H195,MO,44.753981,11.09478,70.0,4957773.834,1665836.616
PF03/0009/H195,MO,44.754296,11.085536,12.0,4957790.0,1665104.0
PF02/0010/H195,MO,44.749979,11.10131,50.0,4957342.653,1666364.983
PF03/0010/H195,MO,44.752891,11.111984,70.0,4957688.017,1667201.477
PF01/0011/H195,MO,44.754336,11.117109,9.0,4957859.0,1667603.0
PF02/0011/H195,MO,44.754224,11.123657,70.0,4957860.123,1668121.625
PF03/0011/H195,MO,44.753963,11.120118,70.0,4957823.769,1667842.297
PF04/0011/H195,MO,44.756513,11.118267,50.0,4958103.2,1667688.392
PF01/0012/H195,MO,44.744948,11.064568,50.0,4956709.314,1663470.703
PF02/0012/H195,MO,44.746941,11.059729,12.0,4956921.0,1663082.0
PF01/0013/H195,MO,44.747389,11.069563,50.0,4956990.437,1663859.216
PF02/0013/H195,MO,44.745744,11.075489,52.0,4956819.659,1664333.022
PF03/0013/H195,MO,44.743584,11.082933,50.0,4956594.823,1664928.467
PF04/0013/H195,MO,44.746937,11.083997,50.0,4956969.429,1665003.136
PF01/0014/H195,MO,44.746701,11.09802,52.0,4956971.7,1666113.912
PF02/0014/H195,MO,44.743995,11.095073,52.0,4956665.122,1665888.335
PF03/0014/H195,MO,44.74295,11.091294,50.0,4956541.379,1665592.185
PF04/0014/H195,MO,44.739531,11.097298,52.0,4956173.842,1666077.329
PF02/0015/H195,MO,44.744762,11.110852,50.0,4956782.598,1667135.363
PF03/0015/H195,MO,44.744545,11.12203,70.0,4956781.572,1668020.904
PF04/0015/H195,MO,44.751529,11.109261,70.0,4957531.083,1666989.938
PF05/0015/H195,MO,44.748794,11.11109,50.0,4957231.024,1667142.599
PF06/0015/H195,MO,44.751852,11.115501,70.0,4957579.756,1667482.924
PF07/0015/H195,MO,44.745813,11.116264,70.0,4956910.52,1667560.756
PF08/0015/H195,MO,44.751332,11.122495,50.0,4957536.41,1668038.054
PF02/0016/H195,MO,44.743175,11.052039,12.0,4956487.2,1662483.8
PF03/0016/H195,MO,44.743005,11.061071,52.0,4956486.368,1663199.325
PF06/0016/H195,MO,44.740109,11.057834,52.0,4956158.22,1662951.174
PF07/0016/H195,MO,44.738995,11.064003,52.0,4956046.864,1663442.708
PF08/0016/H195,MO,44.745198,11.054955,52.0,4956717.79,1662708.982
PF01/0017/H195,MO,44.736268,11.076581,5.0,4955769.25,1664446.29
PF02/0017/H195,MO,44.742488,11.07507,50.0,4956457.159,1664309.061
PF03/0017/H195,MO,44.742178,11.086443,52.0,4956445.738,1665210.295
PF04/0017/H195,MO,44.740663,11.089091,50.0,4956282.81,1665424.296
PF05/0017/H195,MO,44.737783,11.073852,52.0,4955932.048,1664225.905
PF01/0018/H195,MO,44.739305,11.092843,52.0,4956139.597,1665725.196
PF02/0018/H195,MO,44.734532,11.086263,50.0,4955595.972,1665217.839
PF03/0018/H195,MO,44.738631,11.088807,12.0,4956056.5,1665407.6
PF02/0019/H195,MO,44.737001,11.120475,50.0,4955940.289,1667919.598
PF05/0019/H195,MO,44.742336,11.118773,70.0,4956529.406,1667769.414
PF06/0019/H195,MO,44.740887,11.121303,70.0,4956373.724,1667973.965
PF07/0019/H195,MO,44.740207,11.117675,70.0,4956290.664,1667688.667
PF03/0020/H195,MO,44.737611,11.049666,52.0,4955864.453,1662311.469
PF05/0020/H195,MO,44.73441,11.060236,52.0,4955529.912,1663157.335
PF06/0020/H195,MO,44.732362,11.051917,50.0,4955285.795,1662504.363
PF01/0021/H195,MO,44.737284,11.065095,52.0,4955858.972,1663533.965
PF03/0021/H195,MO,44.735578,11.064853,72.0,4955668.953,1663519.681
PF06/0021/H195,MO,44.733437,11.064062,72.0,4955429.52,1663463.066
PF08/0021/H195,MO,44.732354,11.066953,52.0,4955315.008,1663695.028
PF09/0021/H195,MO,44.731824,11.070255,70.0,4955262.839,1663957.956
PF10/0021/H195,MO,44.731566,11.075984,70.0,4955245.717,1664412.362
PF11/0021/H195,MO,44.73042,11.059755,54.0,4955085.764,1663130.456
PF01/0022/H195,MO,44.737125,11.09695,10.0,4955905.8,1666056.6
PF03/0022/H195,MO,44.735339,11.095002,10.0,4955703.4,1665907.5
PF04/0022/H195,MO,44.733194,11.09299,48.0,4955461.079,1665754.285
PF06/0022/H195,MO,44.731698,11.091198,70.0,4955291.209,1665616.691
PF08/0022/H195,MO,44.729168,11.094515,70.0,4955016.946,1665886.602
PF09/0022/H195,MO,44.728843,11.097726,70.0,4954987.406,1666141.82
PF10/0022/H195,MO,44.728985,11.091468,52.0,4954990.413,1665645.829
PF11/0022/H195,MO,44.728424,11.087726,70.0,4954920.475,1665351.099
PF12/0022/H195,MO,44.726349,11.08701,50.0,4954688.51,1665300.28
PF13/0022/H195,MO,44.725638,11.090054,70.0,4954615.766,1665543.378
PF16/0022/H195,MO,44.724677,11.092721,70.0,4954514.407,1665757.338
PF02/0023/H195,MO,44.73469,11.10567,70.0,4955653.123,1666754.091
PF03/0023/H195,MO,44.729424,11.106314,70.0,4955069.459,1666820.179
PF04/0023/H195,MO,44.730564,11.09922,50.0,4955181.58,1666255.174
PF05/0023/H195,MO,44.72846,11.101239,70.0,4954951.987,1666421.111
PF06/0023/H195,MO,44.736497,11.100196,50.0,4955842.649,1666315.4
PF02/0024/H195,MO,44.733385,11.108058,50.0,4955513.069,1666946.893
PF05/0024/H195,MO,44.723956,11.118483,52.0,4954487.063,1667799.603
PF06/0024/H195,MO,44.730172,11.113946,50.0,4955168.266,1667422.379
PF07/0024/H195,MO,44.736171,11.10863,52.0,4955823.769,1666984.133
PF08/0024/H195,MO,44.733039,11.111779,50.0,4955482.312,1667242.497
PF09/0024/H195,MO,44.729082,11.119155,50.0,4955057.929,1667837.983
PF10/0024/H195,MO,44.731889,11.119684,12.0,4955370.85,1667871.8
PF01/0025/H195,MO,44.726051,11.049419,70.0,4954579.776,1662324.236
PF02/0025/H195,MO,44.729558,11.044366,70.0,4954959.305,1661914.317
PF02/0026/H195,MO,44.728419,11.065757,70.0,4954875.565,1663611.387
PF03/0026/H195,MO,44.726587,11.063587,52.0,4954667.632,1663444.743
PF04/0026/H195,MO,44.728169,11.057367,52.0,4954830.913,1662947.688
PF07/0026/H195,MO,44.726958,11.060506,52.0,4954702.758,1663199.698
PF08/0026/H195,MO,44.725661,11.066306,70.0,4954570.231,1663662.64
PF10/0026/H195,MO,44.724198,11.051469,70.0,4954377.995,1662491.819
PF01/0027/H195,MO,44.732395,11.081387,50.0,4955348.738,1664837.85
PF02/0027/H195,MO,44.731204,11.08449,52.0,4955222.705,1665086.899
PF03/0027/H195,MO,44.731345,11.0779,52.0,4955225.023,1664564.742
PF04/0027/H195,MO,44.732581,11.088062,52.0,4955382.945,1665365.833
PF05/0027/H195,MO,44.730718,11.074557,52.0,4955148.699,1664301.785
PF06/0027/H195,MO,44.730326,11.081151,52.0,4955118.463,1664825.025
PF07/0027/H195,MO,44.725944,11.071177,70.0,4954611.564,1664047.639
PF08/0027/H195,MO,44.726542,11.07688,52.0,4954689.436,1664497.535
PF09/0027/H195,MO,44.728635,11.078991,52.0,4954926.168,1664658.808
PF10/0027/H195,MO,44.729046,11.083353,52.0,4954980.664,1665003.074
PF11/0027/H195,MO,44.727276,11.084593,50.0,4954786.638,1665106.246
PF12/0027/H195,MO,44.726759,11.074246,52.0,4954708.286,1664288.309
PF13/0027/H195,MO,44.729778,11.087355,52.0,4955070.193,1665317.851
PF01/0028/H195,MO,44.72394,11.095228,70.0,4954437.651,1665958.004
PF02/0028/H195,MO,44.720859,11.092519,70.0,4954089.865,1665752.23
PF03/0028/H195,MO,44.721004,11.099936,50.0,4954121.11,1666339.278
PF04/0028/H195,MO,44.719601,11.096504,70.0,4953958.198,1666071.436
PF05/0028/H195,MO,44.726626,11.099191,70.0,4954744.075,1666264.142
PF06/0028/H195,MO,44.719244,11.10194,50.0,4953929.699,1666502.999
PF01/0029/H195,MO,44.725771,11.105432,50.0,4954661.927,1666760.801
PF03/0029/H195,MO,44.723973,11.109404,70.0,4954470.339,1667080.528
PF05/0029/H195,MO,44.722153,11.105517,70.0,4954260.166,1666777.951
PF08/0029/H195,MO,44.717063,11.10863,72.0,4953701.109,1667039.177
PF09/0029/H195,MO,44.716501,11.099685,70.0,4953620.326,1666332.315
PF10/0029/H195,MO,44.715619,11.10191,50.0,4953526.953,1666511.074
PF12/0029/H195,MO,44.713643,11.106113,50.0,4953316.056,1666849.634
PF02/0030/H195,MO,44.720319,11.117961,50.0,4954081.985,1667768.827
PF03/0030/H195,MO,44.720065,11.112965,56.0,4954043.494,1667373.885
PF04/0030/H195,MO,44.718478,11.115727,56.0,4953872.862,1667597.189
PF06/0030/H195,MO,44.718159,11.11279,50.0,4953831.4,1667365.5
PF07/0030/H195,MO,44.717883,11.117989,56.0,4953811.41,1667778.035
PF11/0030/H195,MO,44.713021,11.117264,70.0,4953269.895,1667734.664
PF12/0030/H195,MO,44.713461,11.111048,70.0,4953306.01,1667241.05
PF13/0030/H195,MO,44.716228,11.114981,12.0,4953621.4,1667544.6
PF01/0001/H303,MO,44.270546,10.629377,8.0,4903230.42,1630068.87
PF02/0002/H303,MO,44.261089,10.613652,50.0,4902155.2,1628834.5
PF04/0002/H303,MO,44.259368,10.615978,52.0,4901967.681,1629023.954
PF05/0002/H303,MO,44.261851,10.616981,52.0,4902245.036,1629098.607
PF01/0003/H303,MO,44.260263,10.638784,12.0,4902103.2,1630842.5
PF02/0003/H303,MO,44.257225,10.643388,72.0,4901773.055,1631216.729
PF03/0003/H303,MO,44.256322,10.637528,70.0,4901663.427,1630750.932
PF04/0003/H303,MO,44.261442,10.63599,8.0,4902229.65,1630616.82
PF05/0003/H303,MO,44.258491,10.640501,70.0,4901909.055,1630983.485
PF07/0003/H303,MO,44.264708,10.635269,12.0,4902591.36,1630552.04
PF01/0004/H303,MO,44.257967,10.610004,52.0,4901802.653,1628550.14
PF02/0004/H303,MO,44.25639,10.616269,70.0,4901637.335,1629053.658
PF01/0005/H303,MO,44.254087,10.634951,8.0,4901411.07,1630550.2
PF02/0005/H303,MO,44.253973,10.630898,52.0,4901392.017,1630226.875
PF03/0005/H303,MO,44.256231,10.631665,70.0,4901644.045,1630283.075
PF01/0006/H303,MO,44.249605,10.651194,9.0,4900939.2,1631856.9
PF02/0006/H303,MO,44.252805,10.644208,72.0,4901283.393,1631292.067
PF03/0006/H303,MO,44.254484,10.651205,8.0,4901481.18,1631846.88
PF04/0006/H303,MO,44.253329,10.649407,52.0,4901349.97,1631705.97
PF05/0006/H303,MO,44.250092,10.64798,52.0,4900988.12,1631599.229
PF01/0009/H303,MO,44.250891,10.629903,9.0,4901048.1,1630154.2
PF02/0009/H303,MO,44.247573,10.630335,70.0,4900680.195,1630196.016
PF03/0009/H303,MO,44.25031,10.625833,9.0,4900977.142,1629830.54
PF04/0009/H303,MO,44.241218,10.632273,8.0,4899977.36,1630364.76
PF01/0010/H303,MO,44.241034,10.648854,8.0,4899983.42,1631689.19
PF02/0010/H303,MO,44.245656,10.639566,52.0,4900482.004,1630937.263
PF03/0010/H303,MO,44.24719,10.637593,52.0,4900649.152,1630776.373
PF03/0012/H303,MO,44.241061,10.673074,52.0,4900025.566,1633623.158
PF04/0012/H303,MO,44.24107,10.665996,8.0,4900015.07,1633057.93
PF06/0012/H303,MO,44.240553,10.659469,52.0,4899947.038,1632537.942
PF07/0012/H303,MO,44.246246,10.669211,50.0,4900595.213,1633302.943
PF01/0013/H303,MO,44.24619,10.681962,50.0,4900609.732,1634321.195
PF02/0013/H303,MO,44.246984,10.678036,50.0,4900691.549,1634005.946
PF01/0014/H303,MO,44.241924,10.587864,8.0,4899986.26,1626817.2
PF01/0015/H303,MO,44.24732,10.607717,8.0,4900616.55,1628390.7
PF02/0015/H303,MO,44.235092,10.612156,70.0,4899265.2,1628771.804
PF01/0017/H303,MO,44.237219,10.636204,72.0,4899539.401,1630687.566
PF02/0017/H303,MO,44.238881,10.630242,70.0,4899714.539,1630207.739
PF03/0017/H303,MO,44.233402,10.629752,70.0,4899105.182,1630180.736
PF04/0017/H303,MO,44.232167,10.625603,70.0,4898961.477,1629852.106
PF01/0018/H303,MO,44.239823,10.632931,70.0,4899823.534,1630420.449
PF02/0018/H303,MO,44.237752,10.643496,50.0,4899610.267,1631268.652
PF04/0018/H303,MO,44.234918,10.642583,8.0,4899294.05,1631202.02
PF05/0018/H303,MO,44.23043,10.633976,10.0,4898781.8,1630524.6
PF06/0018/H303,MO,44.235115,10.639289,70.0,4899310.702,1630938.572
PF02/0019/H303,MO,44.239776,10.646491,52.0,4899839.907,1631503.322
PF03/0019/H303,MO,44.240253,10.648918,50.0,4899896.775,1631696.033
PF05/0019/H303,MO,44.238232,10.64785,52.0,4899670.55,1631615.323
PF06/0019/H303,MO,44.237162,10.645558,52.0,4899548.093,1631434.625
PF07/0019/H303,MO,44.23636,10.648616,52.0,4899463.862,1631680.623
PF08/0019/H303,MO,44.23734,10.6529,70.0,4899579.559,1632020.508
PF09/0019/H303,MO,44.234239,10.644775,70.0,4899222.108,1631378.643
PF10/0019/H303,MO,44.234003,10.64809,52.0,4899201.221,1631643.843
PF11/0019/H303,MO,44.234099,10.65216,70.0,4899218.445,1631968.655
PF12/0019/H303,MO,44.232586,10.654374,70.0,4899053.959,1632148.858
PF01/0020/H303,MO,44.239895,10.656355,70.0,4899868.96,1632290.76
PF03/0020/H303,MO,44.239166,10.669324,10.0,4899808.9,1633328.0
PF04/0020/H303,MO,44.238455,10.658832,70.0,4899712.979,1632491.72
PF08/0020/H303,MO,44.23677,10.661565,10.0,4899530.2,1632713.8
PF10/0020/H303,MO,44.235035,10.67462,52.0,4899358.723,1633760.251
PF11/0020/H303,MO,44.233677,10.655557,52.0,4899176.937,1632240.913
PF12/0020/H303,MO,44.232466,10.658087,72.0,4899046.61,1632445.674
PF13/0020/H303,MO,44.232522,10.666214,50.0,4899065.874,1633094.609
PF14/0020/H303,MO,44.236459,10.656834,50.0,4899488.06,1632336.706
PF15/0020/H303,MO,44.234528,10.658681,52.0,4899276.576,1632488.489
PF16/0020/H303,MO,44.238422,10.66227,70.0,4899714.872,1632766.361
PF02/0021/H303,MO,44.228856,10.677306,70.0,4898676.706,1633988.762
PF04/0021/H303,MO,44.231559,10.673354,12.0,4898970.5,1633667.0
PF01/0022/H303,MO,44.231788,10.621168,12.0,4898912.4,1629498.7
PF02/0022/H303,MO,44.233846,10.61892,12.0,4899137.42,1629314.7
PF01/0023/H303,MO,44.23103,10.652244,9.0,4898877.6,1631982.25
PF02/0023/H303,MO,44.230589,10.648929,52.0,4898823.348,1631718.477
PF03/0023/H303,MO,44.228163,10.649085,50.0,4898554.15,1631736.395
PF04/0023/H303,MO,44.22935,10.652212,70.0,4898691.03,1631983.472
PF01/0025/H303,MO,44.231823,10.65642,70.0,4898972.48,1632314.036
PF02/0025/H303,MO,44.230351,10.65502,70.0,4898806.738,1632205.521
PF03/0025/H303,MO,44.230737,10.660422,52.0,4898858.236,1632636.029
PF04/0025/H303,MO,44.230345,10.663806,70.0,4898820.161,1632907.205
PF05/0025/H303,MO,44.229128,10.657918,70.0,4898675.463,1632439.668
PF06/0025/H303,MO,44.227694,10.659672,8.0,4898519.09,1632582.97
PF07/0025/H303,MO,44.227975,10.662622,70.0,4898555.074,1632817.972
PF08/0025/H303,MO,44.226863,10.665077,70.0,4898435.506,1633016.555
PF10/0025/H303,MO,44.226958,10.671011,11.0,4898455.7,1633490.3
PF01/0026/H303,MO,44.22682,10.679838,70.0,4898454.755,1634195.596
PF02/0026/H303,MO,44.229566,10.686804,8.0,4898771.15,1634745.7
PF01/0027/H303,MO,44.226117,10.631575,8.0,4898298.88,1630342.41
PF01/0028/H303,MO,44.215406,10.63083,50.0,4897108.006,1630306.471
PF03/0028/H303,MO,44.218569,10.64314,70.0,4897478.907,1631282.852
PF04/0028/H303,MO,44.220551,10.647434,8.0,4897705.93,1631621.48
PF05/0028/H303,MO,44.219407,10.639026,70.0,4897565.438,1630952.34
PF01/0029/H303,MO,44.222355,10.649968,50.0,4897910.404,1631819.881
PF01/0030/H303,MO,44.218271,10.668876,52.0,4897487.273,1633339.397
PF02/0030/H303,MO,44.22088,10.664758,12.0,4897770.4,1633004.5
PF03/0030/H303,MO,44.21552,10.667139,52.0,4897178.909,1633206.835
PF04/0030/H303,MO,44.224988,10.663037,52.0,4898223.94,1632857.791
PF05/0030/H303,MO,44.221945,10.665721,8.0,4897890.26,1633079.05
PF01/0031/H303,MO,44.225704,10.669034,52.0,4898313.177,1633335.19
PF02/0031/H303,MO,44.227705,10.67406,70.0,4898543.611,1633732.109
PF04/0031/H303,MO,44.223325,10.666135,52.0,4898044.174,1633109.013
PF05/0031/H303,MO,44.22491,10.674781,72.0,4898234.279,1633796.039
PF06/0031/H303,MO,44.221746,10.674841,12.0,4897883.0,1633808.0
PF07/0031/H303,MO,44.219411,10.678781,12.0,4897630.0,1634128.0
PF08/0031/H303,MO,44.221571,10.680056,70.0,4897872.092,1634224.932
PF01/0032/H303,MO,44.219153,10.688135,52.0,4897616.639,1634875.764
PF02/0032/H303,MO,44.225037,10.684653,70.0,4898264.544,1634584.249
PF03/0032/H303,MO,44.223521,10.690797,70.0,4898106.244,1635078.444
PF04/0032/H303,MO,44.219584,10.694821,52.0,4897675.614,1635408.893
PF05/0032/H303,MO,44.222906,10.684414,70.0,4898027.419,1634569.981
PF06/0032/H303,MO,44.225231,10.687902,70.0,4898291.473,1634843.297
PF01/0033/H303,MO,44.21551,10.699598,52.0,4897230.916,1635799.883
PF01/0034/H303,MO,44.214046,10.633394,50.0,4896960.987,1630514.314
PF02/0034/H303,MO,44.208344,10.636678,8.0,4896332.86,1630789.26
PF01/0035/H303,MO,44.206861,10.653298,8.0,4896194.71,1632120.48
PF01/0036/H303,MO,44.217829,10.686193,8.0,4897466.42,1634723.7
PF02/0036/H303,MO,44.212938,10.67367,8.0,4896902.69,1633734.37
PF03/0036/H303,MO,44.216453,10.672608,52.0,4897291.457,1633641.568
PF04/0036/H303,MO,44.2188,10.671951,52.0,4897551.09,1633583.812
PF01/0037/H303,MO,44.216056,10.693188,70.0,4897280.994,1635286.534
PF03/0037/H303,MO,44.217312,10.690578,70.0,4897416.197,1635075.194
PF04/0037/H303,MO,44.21098,10.693544,52.0,4896717.79,1635326.555
PF01/0039/H303,MO,44.203918,10.632517,72.0,4895834.624,1630466.62
PF02/0039/H303,MO,44.202938,10.636256,72.0,4895731.757,1630767.515
PF03/0039/H303,MO,44.205909,10.63406,52.0,4896058.256,1630585.468
PF01/0040/H303,MO,44.202509,10.644012,50.0,4895696.429,1631388.201
PF01/0042/H303,MO,44.200861,10.669368,5.0,4895554.3,1633417.95
PF01/0044/H303,MO,44.207671,10.69668,8.0,4896355.376,1635584.687
PF01/0001/H794,MO,44.630929,10.997145,50.0,4943910.366,1658443.621
PF02/0001/H794,MO,44.631111,11.001052,50.0,4943938.121,1658753.047
PF03/0001/H794,MO,44.628237,10.999605,50.0,4943616.069,1658646.044
PF04/0001/H794,MO,44.623191,10.999897,70.0,4943056.184,1658682.969
PF05/0001/H794,MO,44.620084,11.002931,52.0,4942716.867,1658932.159
PF07/0001/H794,MO,44.625935,10.998277,52.0,4943357.816,1658546.986
PF01/0002/H794,MO,44.617245,11.004128,70.0,4942403.876,1659034.896
PF02/0002/H794,MO,44.61637,11.010971,70.0,4942319.994,1659580.185
PF01/0003/H794,MO,44.599421,11.015003,50.0,4940445.234,1659946.616
PF02/0003/H794,MO,44.609097,11.014265,52.0,4941518.567,1659861.47
PF01/0004/H794,MO,44.598646,11.010865,50.0,4940351.005,1659620.287
PF02/0004/H794,MO,44.596832,11.008358,52.0,4940144.579,1659426.27
PF03/0004/H794,MO,44.594131,11.010236,70.0,4939848.227,1659582.717
PF01/0005/H794,MO,44.604855,11.017956,52.0,4941054.637,1660166.068
PF02/0005/H794,MO,44.601828,11.016956,50.0,4940716.429,1660094.982
PF03/0005/H794,MO,44.601523,11.021164,52.0,4940690.84,1660429.805
PF04/0005/H794,MO,44.60157,11.027441,50.0,4940708.344,1660927.794
PF05/0005/H794,MO,44.599397,11.027072,52.0,4940466.287,1660904.522
PF06/0005/H794,MO,44.599542,11.017735,72.0,4940464.017,1660163.122
PF07/0005/H794,MO,44.599626,11.021021,72.0,4940479.824,1660423.651
PF08/0005/H794,MO,44.597378,11.017378,70.0,4940222.896,1660140.72
PF10/0005/H794,MO,44.59759,11.025333,52.0,4940262.069,1660771.459
PF11/0005/H794,MO,44.595609,11.016553,50.0,4940024.778,1660080.067
PF12/0005/H794,MO,44.59478,11.022726,70.0,4939944.867,1660572.341
PF01/0006/H794,MO,44.599597,11.028421,72.0,4940491.109,1661011.049
PF02/0006/H794,MO,44.596892,11.026474,50.0,4940186.79,1660863.965
PF03/0006/H794,MO,44.597221,11.029463,50.0,4940229.233,1661100.267
PF08/0006/H794,MO,44.588238,11.031722,70.0,4939235.902,1661304.418
PF09/0006/H794,MO,44.593317,11.028805,50.0,4939794.299,1661058.833
PF10/0006/H794,MO,44.591414,11.030118,70.0,4939585.536,1661168.341
PF12/0006/H794,MO,44.588713,11.023532,52.0,4939272.52,1660652.978
PF13/0006/H794,MO,44.594889,11.025809,50.0,4939963.035,1660816.754
PF14/0006/H794,MO,44.591803,11.03254,50.0,4939633.452,1661359.498
PF15/0006/H794,MO,44.594756,11.030354,50.0,4939957.237,1661177.821
PF16/0006/H794,MO,44.588946,11.025103,12.0,4939301.447,1660777.064
PF01/0007/H794,MO,44.590558,10.996477,72.0,4939424.479,1658500.362
PF01/0008/H794,MO,44.5906,11.022715,70.0,4939480.449,1660582.939
PF02/0008/H794,MO,44.589543,11.012509,70.0,4939343.061,1659775.745
PF03/0008/H794,MO,44.589051,11.015728,50.0,4939294.702,1660032.635
PF02/0009/H794,MO,44.584173,11.000569,70.0,4938723.176,1658842.553
PF03/0009/H794,MO,44.5892,10.997014,70.0,4939274.737,1658546.722
PF02/0010/H794,MO,44.582962,11.008307,70.0,4938603.816,1659460.201
PF03/0010/H794,MO,44.586067,11.009059,70.0,4938950.137,1659511.395
PF04/0010/H794,MO,44.584966,11.01823,70.0,4938845.855,1660242.429
PF05/0010/H794,MO,44.5883,11.003934,70.0,4939188.199,1659098.44
PF06/0010/H794,MO,44.584979,11.013103,56.0,4938837.171,1659835.357
PF01/0011/H794,MO,44.586557,11.022319,52.0,4939030.554,1660562.692
PF02/0011/H794,MO,44.585726,11.030323,58.0,4938954.094,1661200.359
PF03/0011/H794,MO,44.584282,11.022905,50.0,4938779.094,1660615.435
PF04/0011/H794,MO,44.582976,11.019432,50.0,4938627.108,1660343.296
PF05/0011/H794,MO,44.582779,11.030146,52.0,4938626.417,1661194.394
PF01/0012/H794,MO,44.580948,11.042417,70.0,4938447.296,1662173.654
PF02/0012/H794,MO,44.583964,11.03349,50.0,4938764.564,1661456.597
PF01/0013/H794,MO,44.578268,11.002727,70.0,4938071.504,1659030.027
PF02/0013/H794,MO,44.577115,11.00678,52.0,4937951.362,1659354.932
PF04/0013/H794,MO,44.580489,10.999662,70.0,4938312.187,1658780.637
PF01/0014/H794,MO,44.580284,11.006179,72.0,4938302.146,1659298.587
PF02/0014/H794,MO,44.577788,11.01801,50.0,4938048.062,1660244.707
PF03/0014/H794,MO,44.577017,11.012664,50.0,4937951.971,1659822.376
PF04/0014/H794,MO,44.58062,11.017246,50.0,4938361.174,1660176.221
PF05/0014/H794,MO,44.572764,11.007916,52.0,4937470.209,1659456.97
PF06/0014/H794,MO,44.570017,11.008247,70.0,4937165.733,1659490.798
PF08/0014/H794,MO,44.572005,11.013581,70.0,4937396.988,1659908.856
PF09/0014/H794,MO,44.575639,11.00948,52.0,4937792.673,1659573.315
PF10/0014/H794,MO,44.579641,11.009614,72.0,4938237.438,1659572.993
PF01/0015/H794,MO,44.574166,11.017263,50.0,4937644.218,1660195.35
PF02/0015/H794,MO,44.574114,11.030599,70.0,4937664.692,1661254.359
PF04/0016/H794,MO,44.573428,11.039236,50.0,4937605.589,1661942.003
PF05/0016/H794,MO,44.575907,11.034443,72.0,4937871.543,1661554.581
PF06/0016/H794,MO,44.575352,11.038176,70.0,4937817.201,1661852.481
PF07/0016/H794,MO,44.567505,11.035644,70.0,4936940.541,1661673.244
PF08/0016/H794,MO,44.572196,11.036645,70.0,4937463.648,1661739.725
PF09/0016/H794,MO,44.565587,11.033833,70.0,4936723.877,1661534.684
PF10/0016/H794,MO,44.565755,11.03079,70.0,4936736.523,1661292.572
PF11/0016/H794,MO,44.56788,11.032513,70.0,4936976.073,1661423.577
PF13/0016/H794,MO,44.579721,11.030251,12.0,4938286.9,1661211.24
PF01/0017/H794,MO,44.577153,10.995015,50.0,4937932.655,1658420.756
PF02/0017/H794,MO,44.573115,10.993671,70.0,4937481.528,1658324.982
PF01/0018/H794,MO,44.57287,10.999605,70.0,4937465.777,1658796.83
PF02/0018/H794,MO,44.572676,11.0029,52.0,4937450.612,1659058.994
PF03/0018/H794,MO,44.570237,10.998591,50.0,4937171.386,1658723.424
PF04/0018/H794,MO,44.568674,11.004745,70.0,4937009.693,1659216.385
PF01/0019/H794,MO,44.56509,11.017364,52.0,4936636.319,1660228.279
PF02/0019/H794,MO,44.57074,11.024975,70.0,4937278.851,1660817.122
PF03/0019/H794,MO,44.567852,11.020461,54.0,4936949.201,1660466.573
PF04/0019/H794,MO,44.567404,11.013751,70.0,4936886.177,1659935.005
PF02/0020/H794,MO,44.574259,11.044863,72.0,4937709.148,1662386.492
PF03/0020/H794,MO,44.573062,11.041707,70.0,4937569.832,1662139.196
PF04/0020/H794,MO,44.571764,11.04661,70.0,4937435.402,1662532.17
PF05/0020/H794,MO,44.571593,11.053155,52.0,4937429.466,1663052.314
PF10/0020/H794,MO,44.570708,11.049806,70.0,4937324.502,1662788.827
PF13/0020/H794,MO,44.568777,11.045712,70.0,4937101.813,1662469.133
PF01/0021/H794,MO,44.567981,11.010587,70.0,4936944.158,1659682.19
PF03/0021/H794,MO,44.56191,11.013691,70.0,4936275.802,1659945.319
PF04/0021/H794,MO,44.558005,11.0121,52.0,4935838.9,1659829.672
PF02/0022/H794,MO,44.569829,11.029969,70.0,4937187.551,1661216.152
PF05/0022/H794,MO,44.564426,11.021241,52.0,4936570.163,1660537.977
PF06/0022/H794,MO,44.564003,11.024551,72.0,4936529.603,1660801.982
PF07/0022/H794,MO,44.562557,11.019135,52.0,4936358.343,1660375.843
PF09/0022/H794,MO,44.56001,11.02684,52.0,4936090.632,1660994.774
PF10/0022/H794,MO,44.562677,11.026586,70.0,4936386.386,1660967.23
PF11/0022/H794,MO,44.565968,11.025905,70.0,4936750.638,1660904.11
PF01/0023/H794,MO,44.563167,11.036253,50.0,4936459.914,1661733.59
PF02/0023/H794,MO,44.565466,11.037467,70.0,4936717.695,1661823.619
PF03/0024/H794,MO,44.563113,11.029641,50.0,4936440.826,1661208.684
PF01/0025/H794,MO,44.567691,11.050931,70.0,4936991.622,1662886.6
PF02/0025/H794,MO,44.566611,11.044102,70.0,4936858.002,1662347.344
PF04/0025/H794,MO,44.565679,11.049151,70.0,4936764.578,1662750.85
PF05/0025/H794,MO,44.568518,11.038936,50.0,4937059.605,1661931.837
PF06/0025/H794,MO,44.56455,11.046909,70.0,4936634.641,1662575.968
PF07/0025/H794,MO,44.56383,11.051506,70.0,4936563.844,1662943.076
PF08/0025/H794,MO,44.561481,11.050464,70.0,4936300.885,1662866.824
PF13/0025/H794,MO,44.566339,11.040824,70.0,4936821.321,1662087.757
PF14/0025/H794,MO,44.562211,11.041661,12.0,4936364.449,1662165.697
PF01/0026/H794,MO,44.562418,11.015476,52.0,4936335.704,1660085.693
PF01/0027/H794,MO,44.560921,11.031201,70.0,4936200.412,1661338.603
PF01/0028/H794,MO,44.561368,11.035218,5.0,4936258.01,1661656.36
PF02/0028/H794,MO,44.560652,11.038405,50.0,4936184.845,1661911.479
PF04/0028/H794,MO,44.555733,11.034853,70.0,4935631.31,1661643.007
PF05/0028/H794,MO,44.559198,11.032816,70.0,4936012.164,1661471.657
PF01/0029/H794,MO,44.555903,11.049734,70.0,4935679.744,1662824.465
PF02/0029/H794,MO,44.558727,11.042529,70.0,4935979.179,1662244.317
PF03/0029/H794,MO,44.553075,11.037965,70.0,4935342.27,1661897.5
PF04/0029/H794,MO,44.558892,11.049216,70.0,4936010.805,1662774.986
PF01/0030/H794,MO,44.55765,11.02938,70.0,4935833.448,1661202.98
PF03/0030/H794,MO,44.551275,11.025354,70.0,4935117.429,1660900.796
PF05/0030/H794,MO,44.560057,11.02258,70.0,4936087.475,1660656.321
PF01/0031/H794,MO,44.548701,11.036386,70.0,4934853.273,1661784.239
PF02/0031/H794,MO,44.545311,11.037108,50.0,4934478.137,1661850.946
PF03/0031/H794,MO,44.542188,11.037556,72.0,4934132.129,1661895.203
PF01/0032/H794,MO,44.554218,11.0463,70.0,4935485.823,1662556.396
PF02/0032/H794,MO,44.544672,11.050684,50.0,4934434.084,1662931.257
PF03/0032/H794,MO,44.548764,11.040132,70.0,4934867.689,1662081.652
PF04/0032/H794,MO,44.546162,11.045704,72.0,4934589.66,1662531.474
PF05/0032/H794,MO,44.55207,11.04014,70.0,4935234.874,1662073.118
PF06/0032/H794,MO,44.551281,11.045497,70.0,4935157.887,1662500.796
PF01/0033/H794,MO,44.542921,11.041447,72.0,4934221.213,1662202.271
PF02/0033/H794,MO,44.540588,11.038663,52.0,4933956.55,1661987.6
PF03/0033/H794,MO,44.54286,11.044768,70.0,4934221.054,1662466.323
PF01/0034/H794,MO,44.539074,11.036291,52.0,4933783.637,1661803.321
PF02/0034/H794,MO,44.535337,11.033402,52.0,4933362.862,1661584.152
PF03/0034/H794,MO,44.53582,11.03601,52.0,4933421.703,1661790.032
PF04/0034/H794,MO,44.533541,11.032059,72.0,4933160.658,1661482.46
PF05/0034/H794,MO,44.530671,11.037413,52.0,4932852.506,1661915.81
PF06/0034/H794,MO,44.533153,11.03545,70.0,4933124.274,1661752.936
PF07/0034/H794,MO,44.528266,11.037105,52.0,4932584.745,1661897.98
PF09/0034/H794,MO,44.530798,11.033722,52.0,4932859.289,1661622.113
PF01/0035/H794,MO,44.537221,11.039295,72.0,4933583.779,1662047.176
PF02/0035/H794,MO,44.535506,11.038662,52.0,4933392.033,1662001.651
PF03/0035/H794,MO,44.539479,11.043333,72.0,4933842.621,1662361.666
PF04/0035/H794,MO,44.539064,11.048094,52.0,4933805.971,1662741.09
PF05/0035/H794,MO,44.537237,11.042868,52.0,4933592.639,1662330.96
PF01/0036/H794,MO,44.534951,11.045919,72.0,4933344.838,1662579.726
PF02/0036/H794,MO,44.535092,11.049665,72.0,4933367.971,1662876.963
PF03/0036/H794,MO,44.530087,11.043462,52.0,4932799.654,1662398.048
PF04/0036/H794,MO,44.532463,11.039843,52.0,4933056.388,1662103.895
PF05/0036/H794,MO,44.535067,11.052996,52.0,4933371.757,1663141.72
PF06/0036/H794,MO,44.529732,11.048755,52.0,4932770.763,1662819.579
PF07/0036/H794,MO,44.531001,11.054072,52.0,4932922.288,1663238.534
PF01/0001/H835,MO,44.874371,11.089214,70.0,4971136.211,1665052.22
PF02/0001/H835,MO,44.867611,11.090101,70.0,4970387.079,1665141.672
PF03/0001/H835,MO,44.875019,11.095257,70.0,4971220.462,1665527.69
PF06/0001/H835,MO,44.875019,11.095294,8.0,4971220.55,1665530.63
PF07/0001/H835,MO,44.872535,11.098763,70.0,4970951.714,1665811.739
PF09/0001/H835,MO,44.873288,11.102119,12.0,4971042.234,1666074.723
PF01/0002/H835,MO,44.860162,11.099422,50.0,4969578.575,1665899.394
PF07/0002/H835,MO,44.863302,11.102898,70.0,4969934.463,1666164.985
PF02/0003/H835,MO,44.871784,11.108134,70.0,4970887.442,1666554.176
PF03/0003/H835,MO,44.871235,11.112761,70.0,4970835.974,1666921.238
PF05/0003/H835,MO,44.867534,11.105898,50.0,4970410.754,1666389.789
PF06/0003/H835,MO,44.868748,11.117585,70.0,4970569.671,1667309.541
PF08/0003/H835,MO,44.866628,11.108779,52.0,4970316.01,1666620.022
PF09/0003/H835,MO,44.866104,11.115505,70.0,4970271.641,1667152.839
PF10/0003/H835,MO,44.86523,11.11196,52.0,4970167.252,1666875.328
PF11/0003/H835,MO,44.863063,11.109586,52.0,4969921.603,1666694.072
PF12/0003/H835,MO,44.863624,11.113709,52.0,4969992.412,1667018.168
PF13/0003/H835,MO,44.868893,11.102893,70.0,4970555.534,1666148.522
PF14/0003/H835,MO,44.86598,11.097327,70.0,4970220.55,1665717.121
PF01/0004/H835,MO,44.862596,11.106561,52.0,4969863.541,1666456.366
PF02/0004/H835,MO,44.857959,11.111826,52.0,4969359.303,1666885.782
PF03/0004/H835,MO,44.855333,11.11171,52.0,4969067.319,1666884.214
PF04/0004/H835,MO,44.860974,11.112689,52.0,4969695.96,1666945.247
PF06/0004/H835,MO,44.854747,11.104882,12.0,4968988.154,1666346.381
PF02/0005/H835,MO,44.871337,11.122748,50.0,4970867.82,1667709.874
PF03/0005/H835,MO,44.863767,11.122968,70.0,4970027.36,1667749.268
PF04/0005/H835,MO,44.861195,11.121631,50.0,4969738.876,1667651.097
PF05/0005/H835,MO,44.862022,11.117838,12.0,4969823.0,1667349.0
PF01/0006/H835,MO,44.866715,11.124595,52.0,4970358.282,1667869.246
PF02/0006/H835,MO,44.874714,11.133883,50.0,4971266.071,1668579.611
PF04/0006/H835,MO,44.869361,11.127379,52.0,4970657.989,1668081.479
PF05/0006/H835,MO,44.871985,11.130316,70.0,4970955.547,1668305.776
PF01/0007/H835,MO,44.862139,11.139612,50.0,4969881.103,1669068.962
PF02/0007/H835,MO,44.860148,11.124743,70.0,4969629.048,1667900.027
PF03/0007/H835,MO,44.858247,11.13505,8.0,4969439.25,1668719.87
PF04/0007/H835,MO,44.865976,11.144206,52.0,4970316.883,1669420.655
PF05/0007/H835,MO,44.85817,11.135092,12.0,4969430.797,1668723.413
PF02/0008/H835,MO,44.857638,11.130523,70.0,4969362.198,1668363.94
PF01/0009/H835,MO,44.876806,11.142606,70.0,4971516.616,1669262.505
PF02/0009/H835,MO,44.872222,11.145259,70.0,4971012.938,1669485.463
PF06/0009/H835,MO,44.874984,11.145884,70.0,4971321.004,1669526.776
PF07/0009/H835,MO,44.870647,11.133306,50.0,4970813.095,1668545.916
PF08/0009/H835,MO,44.866525,11.142674,8.0,4970374.63,1669297.98
PF09/0009/H835,MO,44.867401,11.146036,12.0,4970479.0,1669561.0
PF10/0009/H835,MO,44.86835,11.143216,12.0,4970578.5,1669335.5
PF01/0010/H835,MO,44.874152,11.149145,52.0,4971235.428,1669786.791
PF01/0011/H835,MO,44.873291,11.151539,52.0,4971144.762,1669978.425
PF02/0011/H835,MO,44.870783,11.149003,72.0,4970860.937,1669785.495
PF03/0011/H835,MO,44.872866,11.155583,52.0,4971106.057,1670299.137
PF04/0011/H835,MO,44.865611,11.148742,70.0,4970285.807,1669780.092
PF05/0011/H835,MO,44.865133,11.152314,52.0,4970240.145,1670063.684
PF01/0012/H835,MO,44.860043,11.153149,70.0,4969676.491,1670144.642
PF02/0012/H835,MO,44.856539,11.141912,70.0,4969263.766,1669267.041
PF04/0012/H835,MO,44.861555,11.155697,52.0,4969849.773,1670341.463
PF01/0013/H835,MO,44.87143,11.160048,52.0,4970955.962,1670656.055
PF02/0013/H835,MO,44.86551,11.158771,52.0,4970295.599,1670572.694
PF04/0013/H835,MO,44.869206,11.16755,52.0,4970724.633,1671255.285
PF01/0014/H835,MO,44.862366,11.166853,50.0,4969963.389,1671220.467
PF01/0015/H835,MO,44.870377,11.183859,70.0,4970889.235,1672540.086
PF02/0015/H835,MO,44.875947,11.175086,70.0,4971489.372,1671830.513
PF02/0016/H835,MO,44.875239,11.186439,70.0,4971434.822,1672729.342
PF03/0016/H835,MO,44.880094,11.189509,70.0,4971980.689,1672957.327
PF02/0021/H835,MO,44.864964,11.178075,70.0,4970275.674,1672099.329
PF05/0021/H835,MO,44.863166,11.171591,50.0,4970062.207,1671592.432
PF01/0022/H835,MO,44.862508,11.176442,24.0,4969999.426,1671977.661
PF02/0022/H835,MO,44.860612,11.17826,24.0,4969792.675,1672126.927
PF03/0022/H835,MO,44.862619,11.179596,70.0,4970018.423,1672226.484
PF05/0022/H835,MO,44.85934,11.177077,72.0,4969648.813,1672037.26
PF01/0023/H835,MO,44.849356,11.124358,50.0,4968429.41,1667900.902
PF02/0023/H835,MO,44.851862,11.126081,50.0,4968711.32,1668029.799
PF03/0023/H835,MO,44.854978,11.11735,70.0,4969039.498,1667330.879
PF05/0023/H835,MO,44.852799,11.110481,70.0,4968783.309,1666794.346
PF06/0023/H835,MO,44.855444,11.123274,70.0,4969103.408,1667797.598
PF04/0024/H835,MO,44.842949,11.113763,70.0,4967695.808,1667082.228
PF05/0024/H835,MO,44.849799,11.114865,70.0,4968459.0,1667149.5
PF06/0024/H835,MO,44.849544,11.119398,52.0,4968440.022,1667508.466
PF07/0024/H835,MO,44.840798,11.117438,70.0,4967464.377,1667378.859
PF09/0024/H835,MO,44.844108,11.116853,50.0,4967830.917,1667323.023
PF10/0024/H835,MO,44.844059,11.125157,12.0,4967842.613,1667979.507
PF01/0025/H835,MO,44.855658,11.137921,50.0,4969157.61,1668954.267
PF02/0025/H835,MO,44.853336,11.136572,52.0,4968896.866,1668854.531
PF01/0026/H835,MO,44.851096,11.129651,52.0,4968633.638,1668314.112
PF03/0026/H835,MO,44.848872,11.136555,70.0,4968400.927,1668866.163
PF05/0026/H835,MO,44.848128,11.128268,50.0,4968301.092,1668213.484
PF06/0026/H835,MO,44.846565,11.131646,10.0,4968134.45,1668485.0
PF04/0027/H835,MO,44.852871,11.142607,70.0,4968857.77,1669332.754
PF05/0027/H835,MO,44.850338,11.142389,70.0,4968575.868,1669322.912
PF06/0027/H835,MO,44.856351,11.148856,70.0,4969257.384,1669816.299
PF09/0027/H835,MO,44.856216,11.155619,70.0,4969256.526,1670351.07
PF11/0027/H835,MO,44.854312,11.15363,70.0,4969040.872,1670199.483
PF12/0027/H835,MO,44.851565,11.160418,12.0,4968750.0,1670744.0
PF13/0027/H835,MO,44.849993,11.151944,12.0,4968557.5,1670079.0
PF01/0028/H835,MO,44.847381,11.149888,70.0,4968263.135,1669924.233
PF02/0028/H835,MO,44.841932,11.14995,70.0,4967657.949,1669945.095
PF04/0028/H835,MO,44.848529,11.155449,52.0,4968402.292,1670360.254
PF01/0029/H835,MO,44.855871,11.159291,70.0,4969225.905,1670642.236
PF02/0029/H835,MO,44.858272,11.159687,70.0,4969493.443,1670666.397
PF03/0029/H835,MO,44.853557,11.161367,52.0,4968973.264,1670813.076
PF05/0029/H835,MO,44.853379,11.161848,8.0,4968954.43,1670851.61
PF05/0030/H835,MO,44.861563,11.182826,12.0,4969908.0,1672484.8
PF06/0030/H835,MO,44.856623,11.175915,12.0,4969344.5,1671953.5
PF01/0031/H835,MO,44.847932,11.174448,52.0,4968376.014,1671863.467
PF02/0031/H835,MO,44.848343,11.170825,52.0,4968414.01,1671575.938
PF03/0031/H835,MO,44.853817,11.168696,52.0,4969017.567,1671391.462
PF05/0031/H835,MO,44.850922,11.172745,12.0,4968704.5,1671720.0
PF02/0032/H835,MO,44.847691,11.161246,70.0,4968321.377,1670820.837
PF03/0032/H835,MO,44.847259,11.158248,70.0,4968267.08,1670585.253
PF05/0032/H835,MO,44.845332,11.168928,72.0,4968075.499,1671434.929
PF07/0032/H835,MO,44.842265,11.168955,72.0,4967734.822,1671446.198
PF08/0032/H835,MO,44.840455,11.167513,70.0,4967530.712,1671337.582
PF09/0032/H835,MO,44.839923,11.154089,70.0,4967443.369,1670278.149
PF10/0032/H835,MO,44.840367,11.158952,70.0,4967502.911,1670661.233
PF12/0032/H835,MO,44.84685,11.163684,12.0,4968233.0,1671016.0
PF01/0033/H835,MO,44.841136,11.168951,5.0,4967609.42,1671449.22
PF02/0033/H835,MO,44.844115,11.172611,72.0,4967948.101,1671729.643
PF03/0033/H835,MO,44.840308,11.171264,72.0,4967522.328,1671634.506
PF01/0034/H835,MO,44.849963,11.176454,52.0,4968605.813,1672015.911
PF03/0034/H835,MO,44.839209,11.174906,50.0,4967407.915,1671925.579
PF04/0034/H835,MO,44.845236,11.179554,50.0,4968087.311,1672274.968
PF05/0034/H835,MO,44.852762,11.179474,70.0,4968923.127,1672246.215
PF04/0035/H835,MO,44.837273,11.118734,70.0,4967075.515,1667491.542
PF06/0035/H835,MO,44.835543,11.12107,70.0,4966888.145,1667681.168
PF11/0035/H835,MO,44.832519,11.117634,70.0,4966545.17,1667418.322
PF12/0035/H835,MO,44.839396,11.12405,70.0,4967322.29,1667905.495
PF16/0035/H835,MO,44.83731,11.123347,70.0,4967089.183,1667855.985
PF17/0035/H835,MO,44.836437,11.115521,12.0,4966976.0,1667240.0
PF01/0036/H835,MO,44.834158,11.107812,8.0,4966707.07,1666637.25
PF03/0036/H835,MO,44.83387,11.107983,12.0,4966675.372,1666651.548
PF01/0037/H835,MO,44.83293,11.120383,50.0,4966596.463,1667634.478
PF02/0037/H835,MO,44.831017,11.117854,50.0,4966378.787,1667440.094
PF03/0037/H835,MO,44.828934,11.116115,50.0,4966143.779,1667308.657
PF04/0037/H835,MO,44.821892,11.118039,56.0,4965365.509,1667481.113
PF06/0037/H835,MO,44.820933,11.122417,12.0,4965268.0,1667830.0
PF03/0038/H835,MO,44.840586,11.136437,50.0,4967480.183,1668881.067
PF05/0038/H835,MO,44.837771,11.134344,50.0,4967163.13,1668723.9
PF07/0038/H835,MO,44.833708,11.127431,50.0,4966697.466,1668189.268
PF13/0038/H835,MO,44.838243,11.127335,50.0,4967201.099,1668168.529
PF04/0039/H835,MO,44.842156,11.140448,70.0,4967662.911,1669193.492
PF05/0039/H835,MO,44.844905,11.141175,12.0,4967969.889,1669242.938
PF01/0040/H835,MO,44.843689,11.144703,70.0,4967842.08,1669525.262
PF03/0040/H835,MO,44.83977,11.141332,70.0,4967399.722,1669270.362
PF01/0041/H835,MO,44.836955,11.147016,70.0,4967098.907,1669727.895
PF02/0041/H835,MO,44.83888,11.148702,70.0,4967316.284,1669855.49
PF01/0042/H835,MO,44.838678,11.141199,3.0,4967278.15,1669263.01
PF02/0042/H835,MO,44.836583,11.142887,50.0,4967049.001,1669402.576
PF03/0042/H835,MO,44.837975,11.144327,70.0,4967206.619,1669512.314
PF01/0043/H835,MO,44.837179,11.137944,50.0,4967104.848,1669010.189
PF03/0043/H835,MO,44.834511,11.138137,70.0,4966808.831,1669033.197
PF04/0043/H835,MO,44.834475,11.14041,50.0,4966809.564,1669212.992
PF05/0043/H835,MO,44.832655,11.13735,70.0,4966601.116,1668976.389
PF01/0044/H835,MO,44.832002,11.144301,70.0,4966543.004,1669527.823
PF02/0044/H835,MO,44.834439,11.143655,50.0,4966812.428,1669469.572
PF02/0045/H835,MO,44.835725,11.152964,52.0,4966974.659,1670201.637
PF03/0045/H835,MO,44.835019,11.147242,50.0,4966884.296,1669751.41
PF04/0045/H835,MO,44.835831,11.149349,70.0,4966978.903,1669915.596
PF05/0045/H835,MO,44.839369,11.151738,52.0,4967376.937,1670093.97
PF06/0045/H835,MO,44.838072,11.15355,70.0,4967236.667,1670240.993
PF08/0045/H835,MO,44.838945,11.164752,50.0,4967357.154,1671123.833
PF09/0045/H835,MO,44.834211,11.150536,50.0,4966801.474,1670014.124
PF10/0045/H835,MO,44.834058,11.155245,50.0,4966794.306,1670386.825
PF12/0045/H835,MO,44.833447,11.146152,50.0,4966707.433,1669669.836
PF13/0045/H835,MO,44.83233,11.149363,70.0,4966590.07,1669926.994
PF14/0045/H835,MO,44.832403,11.156687,70.0,4966613.451,1670505.678
PF16/0045/H835,MO,44.838026,11.158471,70.0,4967241.808,1670630.081
PF01/0046/H835,MO,44.836378,11.174335,70.0,4967092.22,1671888.899
PF03/0046/H835,MO,44.831649,11.175893,70.0,4966570.194,1672026.1
PF04/0046/H835,MO,44.837493,11.181903,50.0,4967232.086,1672483.757
PF05/0046/H835,MO,44.837946,11.16995,72.0,4967257.172,1671537.633
PF06/0046/H835,MO,44.837626,11.178173,72.0,4967238.979,1672188.517
PF08/0046/H835,MO,44.832962,11.169176,70.0,4966701.89,1671491.203
PF01/0047/H835,MO,44.830635,11.129313,50.0,4966359.966,1668347.02
PF02/0047/H835,MO,44.829883,11.132894,70.0,4966283.845,1668632.267
PF04/0047/H835,MO,44.827624,11.133418,70.0,4966033.983,1668680.309
PF06/0047/H835,MO,44.823532,11.130752,50.0,4965573.911,1668481.486
PF07/0047/H835,MO,44.82048,11.131727,50.0,4965236.925,1668567.428
PF09/0047/H835,MO,44.818357,11.131103,72.0,4964999.772,1668524.31
PF02/0048/H835,MO,44.829124,11.136875,70.0,4966207.846,1668949.2
PF04/0048/H835,MO,44.8254,11.132321,50.0,4965784.689,1668600.011
PF05/0048/H835,MO,44.825114,11.13605,50.0,4965760.677,1668895.722
PF06/0048/H835,MO,44.823943,11.143459,50.0,4965645.98,1669484.879
PF07/0048/H835,MO,44.820258,11.143874,50.0,4965237.532,1669528.489
PF08/0048/H835,MO,44.819934,11.133792,52.0,4965180.593,1668732.265
PF09/0048/H835,MO,44.818978,11.138125,72.0,4965083.395,1669077.653
PF01/0049/H835,MO,44.805645,11.136927,70.0,4963599.699,1669021.921
PF02/0049/H835,MO,44.813957,11.133406,50.0,4964515.785,1668719.202
PF01/0050/H835,MO,44.829624,11.155055,70.0,4966301.318,1670384.897
PF04/0050/H835,MO,44.828516,11.148317,70.0,4966164.183,1669855.477
PF01/0051/H835,MO,44.822473,11.154911,52.0,4965506.65,1670394.587
PF02/0051/H835,MO,44.816164,11.161944,52.0,4964820.622,1670969.249
PF01/0052/H835,MO,44.825361,11.166315,52.0,4965851.451,1671287.639
PF02/0052/H835,MO,44.827298,11.169159,52.0,4966072.646,1671506.704
PF04/0052/H835,MO,44.834082,11.168073,52.0,4966823.985,1671400.763
PF01/0053/H835,MO,44.828477,11.17308,50.0,4966211.859,1671813.169
PF02/0053/H835,MO,44.821739,11.168142,52.0,4965452.994,1671442.798
PF03/0053/H835,MO,44.821339,11.172987,50.0,4965418.691,1671827.033
PF01/0054/H835,MO,44.827297,11.175401,5.0,4966085.65,1672000.15
PF02/0054/H835,MO,44.824473,11.176891,50.0,4965775.11,1672126.31
PF02/0055/H835,MO,44.817549,11.143096,50.0,4964934.934,1669474.876
PF03/0055/H835,MO,44.81621,11.156008,50.0,4964813.237,1670499.775
PF05/0055/H835,MO,44.811418,11.158719,52.0,4964286.543,1670728.277
PF01/0056/H835,MO,44.807159,11.143394,52.0,4963781.344,1669528.865
PF02/0056/H835,MO,44.804893,11.153795,52.0,4963551.448,1670358.058
PF02/0057/H835,MO,44.814595,11.163993,52.0,4964650.58,1671135.886
PF03/0057/H835,MO,44.805974,11.162864,8.0,4963690.5,1671072.09
PF04/0057/H835,MO,44.806558,11.171654,52.0,4963773.965,1671765.508
PF05/0057/H835,MO,44.805858,11.16279,52.0,4963677.518,1671066.6
PF01/0058/H835,MO,44.811021,11.176957,70.0,4964280.957,1672171.612
PF03/0058/H835,MO,44.807421,11.178842,8.0,4963885.0,1672331.39
PF04/0058/H835,MO,44.807084,11.177391,70.0,4963844.492,1672217.62
PF05/0058/H835,MO,44.812928,11.171872,52.0,4964482.051,1671763.843
PF01/0059/H835,MO,44.821042,11.183983,50.0,4965409.079,1672697.264
PF02/0059/H835,MO,44.811508,11.185003,50.0,4964352.087,1672806.419
PF04/0059/H835,MO,44.817118,11.18282,52.0,4964970.701,1672617.058
PF02/0060/H835,MO,44.808162,11.184383,50.0,4963979.121,1672767.329
PF02/0061/H835,MO,44.809861,11.198333,50.0,4964197.588,1673865.425
PF03/0061/H835,MO,44.814791,11.190713,52.0,4964728.987,1673248.054
PF05/0061/H835,MO,44.809265,11.194212,50.0,4964122.622,1673541.347
PF06/0061/H835,MO,44.810487,11.201758,50.0,4964274.457,1674134.388
PF07/0061/H835,MO,44.821287,11.189128,12.0,4965447.2,1673103.3
PF01/0001/I128,MO,44.904449,11.015755,70.0,4974330.797,1659166.769
PF02/0001/I128,MO,44.901827,11.023621,50.0,4974054.965,1659795.029
PF03/0001/I128,MO,44.905496,11.023144,50.0,4974461.628,1659747.216
PF01/0002/I128,MO,44.904382,11.000956,50.0,4974294.434,1657998.605
PF02/0002/I128,MO,44.900235,11.001055,52.0,4973833.917,1658017.81
PF03/0002/I128,MO,44.906537,10.999488,56.0,4974531.024,1657876.792
PF04/0002/I128,MO,44.908627,11.000927,8.0,4974766.0,1657984.68
PF06/0002/I128,MO,44.896473,11.000216,70.0,4973414.369,1657961.83
PF01/0003/I128,MO,44.902317,11.019882,50.0,4974102.058,1659498.515
PF02/0003/I128,MO,44.901664,11.011823,50.0,4974013.749,1658864.042
PF03/0003/I128,MO,44.906226,11.007693,50.0,4974512.397,1658525.411
PF04/0003/I128,MO,44.898295,11.003493,50.0,4973623.181,1658215.581
PF01/0004/I128,MO,44.90137,11.031979,70.0,4974020.687,1660456.217
PF03/0004/I128,MO,44.899081,11.03041,70.0,4973763.31,1660338.674
PF05/0004/I128,MO,44.897955,11.025679,12.0,4973628.935,1659968.312
PF06/0004/I128,MO,44.894672,11.02052,12.0,4973254.0,1659570.0
PF07/0004/I128,MO,44.900188,11.022169,12.0,4973870.0,1659685.0
PF01/0005/I128,MO,44.892382,10.99415,50.0,4972948.123,1657494.087
PF02/0005/I128,MO,44.893076,10.991303,50.0,4973019.774,1657267.337
PF03/0005/I128,MO,44.894813,10.989354,50.0,4973208.926,1657108.734
PF04/0005/I128,MO,44.900308,10.993409,70.0,4973827.157,1657413.933
PF06/0005/I128,MO,44.894707,10.985695,72.0,4973190.021,1656820.108
PF08/0005/I128,MO,44.896378,10.995807,50.0,4973395.292,1657614.007
PF09/0005/I128,MO,44.897227,10.982399,12.0,4973463.6,1656553.0
PF10/0005/I128,MO,44.895508,10.979991,12.0,4973268.0,1656367.5
PF11/0005/I128,MO,44.898786,10.989704,12.0,4973650.911,1657125.514
PF02/0006/I128,MO,44.894936,10.996637,50.0,4973236.668,1657683.475
PF03/0006/I128,MO,44.894607,10.999442,70.0,4973205.593,1657905.847
PF04/0006/I128,MO,44.893788,11.001947,70.0,4973119.525,1658105.881
PF05/0006/I128,MO,44.892742,10.997681,52.0,4972995.033,1657771.872
PF06/0006/I128,MO,44.89154,10.99959,50.0,4972865.244,1657925.953
PF07/0006/I128,MO,44.896784,10.996127,50.0,4973441.026,1657638.17
PF03/0007/I128,MO,44.893195,11.00633,70.0,4973062.222,1658453.619
PF04/0007/I128,MO,44.893365,11.01214,52.0,4973092.388,1658911.943
PF02/0008/I128,MO,44.891773,10.979573,50.0,4972852.358,1656344.664
PF04/0008/I128,MO,44.891093,10.975794,56.0,4972769.474,1656048.11
PF05/0008/I128,MO,44.888215,10.97896,70.0,4972455.906,1656305.91
PF02/0009/I128,MO,44.888131,10.998672,70.0,4972484.682,1657862.779
PF03/0009/I128,MO,44.889072,10.994625,70.0,4972581.377,1657540.61
PF04/0009/I128,MO,44.890768,10.99547,50.0,4972771.46,1657602.667
PF02/0010/I128,MO,44.889909,11.011689,52.0,4972707.668,1658885.855
PF03/0010/I128,MO,44.890757,11.007871,12.0,4972794.3,1658582.0
PF03/0011/I128,MO,44.877504,10.963714,50.0,4971236.846,1655130.656
PF05/0011/I128,MO,44.885121,10.970471,52.0,4972095.873,1655643.845
PF07/0011/I128,MO,44.882027,10.971085,72.0,4971753.341,1655700.695
PF01/0012/I128,MO,44.874005,10.980294,70.0,4970879.876,1656449.738
PF04/0012/I128,MO,44.874851,10.981146,8.0,4970975.54,1656514.73
PF06/0012/I128,MO,44.885259,10.976232,52.0,4972122.269,1656098.446
PF07/0012/I128,MO,44.877569,10.983945,72.0,4971282.824,1656728.44
PF03/0013/I128,MO,44.880494,10.990533,70.0,4971620.584,1657240.858
PF04/0013/I128,MO,44.887716,10.993927,50.0,4972429.339,1657489.187
PF06/0013/I128,MO,44.884087,10.98737,70.0,4972013.559,1656981.22
PF07/0013/I128,MO,44.879587,10.986463,52.0,4971511.919,1656921.881
PF11/0013/I128,MO,44.885061,10.991323,50.0,4972129.388,1657290.767
PF12/0013/I128,MO,44.876725,10.993919,12.0,4971208.384,1657518.563
PF02/0014/I128,MO,44.882334,11.011497,68.0,4971865.804,1658891.541
PF05/0014/I128,MO,44.879138,11.007329,50.0,4971502.568,1658571.136
PF06/0014/I128,MO,44.882735,11.000412,70.0,4971888.715,1658014.957
PF07/0014/I128,MO,44.885129,11.00546,50.0,4972164.5,1658407.095
PF08/0014/I128,MO,44.883054,11.0081,68.0,4971939.064,1658621.225
PF09/0014/I128,MO,44.886355,11.008731,12.0,4972307.0,1658662.0
PF03/0015/I128,MO,44.875838,10.993943,50.0,4971109.935,1657522.835
PF04/0015/I128,MO,44.876136,10.984089,52.0,4971123.984,1656743.743
PF05/0015/I128,MO,44.873641,10.995927,70.0,4970869.705,1657685.581
PF06/0015/I128,MO,44.874834,10.982978,70.0,4970977.206,1656659.509
PF07/0015/I128,MO,44.877944,10.992549,50.0,4971341.156,1657406.973
PF01/0016/I128,MO,44.87184,10.970048,70.0,4970619.771,1655646.227
PF03/0016/I128,MO,44.871827,10.976799,50.0,4970631.278,1656179.527
PF04/0016/I128,MO,44.872793,10.963345,50.0,4970712.719,1655114.176
PF05/0016/I128,MO,44.867749,10.967283,70.0,4970160.012,1655438.876
PF06/0016/I128,MO,44.868303,10.964471,50.0,4970216.132,1655215.24
PF01/0017/I128,MO,44.869606,10.992117,70.0,4970414.089,1657395.653
PF02/0017/I128,MO,44.86735,10.983239,70.0,4970146.315,1656700.452
PF03/0017/I128,MO,44.87045,10.97565,10.0,4970476.11,1656092.52
PF03/0018/I128,MO,44.865757,10.970454,50.0,4969944.776,1655694.681
PF02/0019/I128,MO,44.861186,10.966864,50.0,4969430.074,1655423.433
PF03/0019/I128,MO,44.859263,10.970546,70.0,4969223.577,1655719.501
PF04/0019/I128,MO,44.855596,10.976507,52.0,4968827.588,1656200.403
PF07/0019/I128,MO,44.85859,10.965377,50.0,4969138.882,1655312.877
PF01/0001/I133,MO,44.818427,11.039578,52.0,4964821.874,1661287.564
PF02/0001/I133,MO,44.816833,11.042004,70.0,4964649.557,1661483.88
PF03/0001/I133,MO,44.817518,11.035538,70.0,4964712.893,1660970.712
PF04/0001/I133,MO,44.8198,11.044758,20.0,4964984.684,1661693.329
PF01/0002/I133,MO,44.811929,11.030822,50.0,4964082.672,1660613.304
PF03/0002/I133,MO,44.815669,11.026245,50.0,4964489.128,1660241.02
PF05/0002/I133,MO,44.81688,11.028985,20.0,4964629.047,1660454.356
PF02/0003/I133,MO,44.807252,11.005989,72.0,4963514.404,1658662.462
PF03/0003/I133,MO,44.804322,11.006499,72.0,4963189.928,1658710.862
PF04/0003/I133,MO,44.801598,11.003723,72.0,4962881.86,1658498.75
PF05/0003/I133,MO,44.808287,11.00805,72.0,4963633.402,1658822.622
PF08/0003/I133,MO,44.814205,11.010578,21.0,4964295.713,1659006.308
PF02/0004/I133,MO,44.812476,11.024524,70.0,4964131.026,1660113.799
PF06/0004/I133,MO,44.809198,11.015204,72.0,4963748.54,1659385.882
PF08/0004/I133,MO,44.807709,11.012619,72.0,4963578.059,1659185.54
PF10/0004/I133,MO,44.811284,11.026664,50.0,4964002.848,1660286.3
PF11/0004/I133,MO,44.80848,11.024581,21.0,4963687.232,1660129.394
PF01/0005/I133,MO,44.809761,11.038554,50.0,4963857.109,1661230.789
PF02/0005/I133,MO,44.814749,11.045957,70.0,4964425.955,1661802.192
PF04/0005/I133,MO,44.814104,11.033492,50.0,4964329.566,1660818.43
PF05/0005/I133,MO,44.808074,11.045327,20.0,4963683.211,1661771.11
PF02/0006/I133,MO,44.813902,11.050685,70.0,4964341.327,1662178.456
PF04/0006/I133,MO,44.80659,11.052437,52.0,4963532.503,1662337.467
PF06/0006/I133,MO,44.810753,11.053806,12.0,4963997.715,1662434.085
PF07/0006/I133,MO,44.815807,11.056538,12.0,4964564.627,1662635.866
PF08/0006/I133,MO,44.807432,11.048622,20.0,4963618.456,1662033.476
PF09/0006/I133,MO,44.816373,11.055088,10.0,4964624.546,1662519.628
PF01/0007/I133,MO,44.810441,11.059079,52.0,4963973.577,1662851.911
PF02/0007/I133,MO,44.808443,11.057065,52.0,4963747.591,1662698.307
PF04/0007/I133,MO,44.807893,11.070347,52.0,4963713.244,1663750.191
PF05/0007/I133,MO,44.810947,11.067493,20.0,4964046.718,1663515.873
PF03/0008/I133,MO,44.806434,11.016477,50.0,4963443.975,1659494.181
PF04/0008/I133,MO,44.807649,11.02145,70.0,4963588.758,1659884.074
PF05/0008/I133,MO,44.807236,11.026755,52.0,4963553.314,1660304.71
PF09/0008/I133,MO,44.803325,11.016049,72.0,4963097.78,1659468.841
PF12/0008/I133,MO,44.80029,11.0243,70.0,4962776.93,1660129.787
PF16/0008/I133,MO,44.806626,11.01036,70.0,4963453.39,1659009.841
PF18/0008/I133,MO,44.805139,11.02723,70.0,4963321.359,1660348.094
PF19/0008/I133,MO,44.80272,11.013012,21.0,4963024.645,1659230.378
PF02/0009/I133,MO,44.807335,11.039266,50.0,4963589.102,1661293.83
PF03/0009/I133,MO,44.80353,11.03312,50.0,4963154.253,1660818.404
PF04/0009/I133,MO,44.805939,11.042313,50.0,4963440.056,1661538.656
PF06/0009/I133,MO,44.806683,11.033871,12.0,4963506.0,1660869.0
PF07/0009/I133,MO,44.802566,11.038161,21.0,4963057.106,1661219.692
PF02/0010/I133,MO,44.805564,11.055214,70.0,4963424.078,1662560.012
PF05/0010/I133,MO,44.801027,11.053023,52.0,4962915.687,1662399.429
PF06/0010/I133,MO,44.799976,11.056231,52.0,4962805.417,1662656.104
PF07/0010/I133,MO,44.799371,11.058927,70.0,4962743.553,1662871.08
PF10/0010/I133,MO,44.806796,11.058499,21.0,4963567.542,1662816.347
PF03/0011/I133,MO,44.807578,11.083438,70.0,4963704.639,1664786.339
PF04/0011/I133,MO,44.804231,11.06875,21.0,4963303.189,1663634.267
PF03/0012/I133,MO,44.799242,11.003086,52.0,4962618.849,1658454.856
PF04/0012/I133,MO,44.792275,11.013951,4.0,4961866.22,1659333.34
PF05/0012/I133,MO,44.792165,11.007784,21.0,4961841.896,1658845.799
PF01/0013/I133,MO,44.801087,11.008452,70.0,4962834.382,1658874.174
PF03/0013/I133,MO,44.797908,11.016118,72.0,4962496.149,1659489.234
PF04/0013/I133,MO,44.797086,11.008543,52.0,4962390.075,1658892.372
PF05/0013/I133,MO,44.796449,11.012607,72.0,4962327.279,1659215.536
PF06/0013/I133,MO,44.79683,11.024852,70.0,4962393.661,1660183.007
PF07/0013/I133,MO,44.796327,11.019923,72.0,4962328.032,1659794.566
PF09/0013/I133,MO,44.793884,11.017946,52.0,4962052.807,1659644.92
PF10/0013/I133,MO,44.794043,11.020644,70.0,4962075.705,1659857.906
PF11/0013/I133,MO,44.792035,11.019262,72.0,4961849.945,1659754.144
PF12/0013/I133,MO,44.791228,11.022877,70.0,4961767.378,1660042.283
PF14/0013/I133,MO,44.814219,11.010592,21.0,4964297.296,1659007.377
PF02/0014/I133,MO,44.795314,11.037495,50.0,4962250.17,1661187.261
PF03/0014/I133,MO,44.792403,11.025522,70.0,4961903.17,1660248.304
PF06/0014/I133,MO,44.790102,11.026183,50.0,4961648.803,1660306.945
PF07/0014/I133,MO,44.78989,11.024147,20.0,4961621.273,1660146.433
PF03/0015/I133,MO,44.800263,11.041518,50.0,4962807.976,1661491.669
PF05/0015/I133,MO,44.797391,11.033323,50.0,4962472.636,1660851.514
PF06/0015/I133,MO,44.799301,11.026587,21.0,4962671.518,1660313.379
PF03/0016/I133,MO,44.800452,11.045167,50.0,4962836.169,1661779.719
PF04/0016/I133,MO,44.79963,11.049261,52.0,4962753.012,1662105.84
PF05/0016/I133,MO,44.804249,11.049049,70.0,4963265.745,1662076.109
PF06/0016/I133,MO,44.803096,11.052561,21.0,4963144.642,1662357.064
PF02/0017/I133,MO,44.793682,11.058536,70.0,4962110.794,1662856.137
PF03/0017/I133,MO,44.795225,11.06192,72.0,4962289.012,1663119.489
PF06/0017/I133,MO,44.795079,11.048721,21.0,4962246.397,1662075.823
PF02/0018/I133,MO,44.798067,11.066687,70.0,4962614.283,1663488.509
PF03/0018/I133,MO,44.795679,11.071652,70.0,4962359.056,1663887.915
PF04/0018/I133,MO,44.798488,11.07543,21.0,4962678.686,1664178.771
PF02/0019/I133,MO,44.78984,11.017584,5.0,4961602.83,1659627.44
PF03/0019/I133,MO,44.78874,11.020186,50.0,4961485.69,1659836.282
PF08/0019/I133,MO,44.784564,11.021906,50.0,4961025.286,1659983.903
PF09/0019/I133,MO,44.783637,11.025464,54.0,4960929.299,1660267.932
PF10/0019/I133,MO,44.787207,11.025387,50.0,4961325.676,1660252.01
PF11/0019/I133,MO,44.790346,11.012305,21.0,4961648.672,1659208.421
PF12/0019/I133,MO,44.787496,11.0166,21.0,4961340.495,1659556.028
PF13/0019/I133,MO,44.785323,11.011297,21.0,4961088.711,1659142.492
PF01/0020/I133,MO,44.792316,11.030012,50.0,4961902.294,1660603.647
PF02/0020/I133,MO,44.791923,11.032568,50.0,4961863.758,1660806.982
PF04/0020/I133,MO,44.789586,11.037051,50.0,4961613.049,1661168.103
PF06/0020/I133,MO,44.785013,11.027002,50.0,4961085.186,1660385.797
PF09/0020/I133,MO,44.789565,11.030124,12.0,4961597.0,1660620.2
PF10/0020/I133,MO,44.780904,11.032151,21.0,4960638.846,1660804.544
PF04/0021/I133,MO,44.786781,11.052205,12.0,4961331.577,1662374.702
PF05/0021/I133,MO,44.789831,11.055857,21.0,4961677.666,1662655.01
PF01/0022/I133,MO,44.791691,11.058122,52.0,4961888.799,1662828.956
PF03/0022/I133,MO,44.782466,11.060333,20.0,4960868.479,1663029.822
PF01/0023/I133,MO,44.789334,11.07328,50.0,4961657.415,1664034.706
PF04/0023/I133,MO,44.78426,11.06901,21.0,4961085.201,1663711.229
PF02/0024/I133,MO,44.780193,11.005881,52.0,4960508.265,1658728.14
PF03/0024/I133,MO,44.787435,11.005821,52.0,4961312.691,1658703.518
PF05/0024/I133,MO,44.784624,11.002348,21.0,4960993.586,1658436.44
PF01/0025/I133,MO,44.779199,11.009982,52.0,4960405.886,1659055.293
PF07/0025/I133,MO,44.78193,11.013752,50.0,4960716.635,1659346.071
PF08/0025/I133,MO,44.779164,11.020148,12.0,4960421.911,1659859.725
PF09/0025/I133,MO,44.781645,11.024856,21.0,4960706.762,1660225.335
PF01/0026/I133,MO,44.78681,11.039625,52.0,4961309.78,1661379.391
PF02/0026/I133,MO,44.778862,11.042463,52.0,4960432.468,1661626.139
PF03/0026/I133,MO,44.781716,11.046698,21.0,4960757.918,1661953.188
PF04/0027/I133,MO,44.778927,11.053468,21.0,4960461.604,1662496.629
PF01/0028/I133,MO,44.775573,11.005852,52.0,4959994.995,1658738.481
PF02/0028/I133,MO,44.77329,11.003992,52.0,4959737.795,1658597.578
PF03/0028/I133,MO,44.770826,11.001429,52.0,4959459.086,1658401.483
PF05/0028/I133,MO,44.77446,10.999816,21.0,4959859.574,1658263.905
PF01/0029/I133,MO,44.769612,11.007042,52.0,4959335.092,1658848.941
PF03/0029/I133,MO,44.770129,11.016857,52.0,4959411.736,1659624.236
PF05/0029/I133,MO,44.774679,11.016519,70.0,4959916.596,1659584.944
PF06/0029/I133,MO,44.776736,11.007362,21.0,4960127.118,1658854.745
PF03/0030/I133,MO,44.768031,11.020498,50.0,4959185.931,1659918.11
PF04/0030/I133,MO,44.766762,11.027288,50.0,4959058.245,1660458.954
PF06/0030/I133,MO,44.769461,11.02174,8.0,4959347.22,1660012.47
PF08/0030/I133,MO,44.776494,11.024105,52.0,4960133.082,1660180.215
PF09/0030/I133,MO,44.778449,11.025673,12.0,4960353.318,1660298.864
PF10/0030/I133,MO,44.776562,11.030293,21.0,4960152.837,1660669.591
PF01/0031/I133,MO,44.7812,11.04649,52.0,4960700.141,1661938.223
PF04/0031/I133,MO,44.775615,11.042952,52.0,4960072.767,1661673.863
PF06/0031/I133,MO,44.774852,11.040194,52.0,4959982.552,1661457.786
PF07/0031/I133,MO,44.774018,11.043483,52.0,4959896.373,1661720.301
PF09/0031/I133,MO,44.779802,11.051089,21.0,4960554.053,1662305.951
PF10/0031/I133,MO,44.775717,11.046338,21.0,4960090.794,1661941.481
PF02/0032/I133,MO,44.772298,11.04862,21.0,4959715.537,1662131.613
PF02/0033/I133,MO,44.773683,11.039852,52.0,4959851.98,1661433.935
PF03/0033/I133,MO,44.771784,11.036221,52.0,4959633.827,1661151.919
PF04/0033/I133,MO,44.768042,11.033162,50.0,4959212.119,1660920.27
PF05/0033/I133,MO,44.772126,11.032053,52.0,4959663.547,1660821.197
PF07/0033/I133,MO,44.774412,11.036757,21.0,4959926.793,1661187.025
PF01/0034/I133,MO,44.772916,11.045768,50.0,4959778.559,1661904.18
PF03/0034/I133,MO,44.769854,11.04187,52.0,4959430.623,1661604.317
PF05/0034/I133,MO,44.769731,11.046944,21.0,4959427.039,1662006.172
PF02/0035/I133,MO,44.762413,10.99887,50.0,4958519.555,1658221.956
PF04/0035/I133,MO,44.766369,10.998365,70.0,4958957.983,1658171.19
PF05/0035/I133,MO,44.759487,11.001222,21.0,4958199.017,1658416.093
PF03/0036/I133,MO,44.763568,11.005614,54.0,4958660.997,1658752.553
PF04/0036/I133,MO,44.766035,11.009694,52.0,4958943.015,1659068.626
PF05/0036/I133,MO,44.763431,11.008777,52.0,4958651.914,1659003.254
PF07/0036/I133,MO,44.76154,11.003711,21.0,4958431.927,1658607.469
PF01/0037/I133,MO,44.765778,11.023805,50.0,4958942.148,1660186.084
PF04/0037/I133,MO,44.761625,11.035405,20.0,4958503.655,1661115.606
PF01/0038/I133,MO,44.760475,11.006062,52.0,4958318.287,1658796.416
PF02/0038/I133,MO,44.758794,11.008629,52.0,4958136.537,1659004.247
PF03/0038/I133,MO,44.757739,11.000958,70.0,4958004.397,1658399.959
PF06/0038/I133,MO,44.752072,11.002722,72.0,4957378.271,1658555.094
PF08/0038/I133,MO,44.756549,11.003748,21.0,4957877.569,1658624.059
PF01/0039/I133,MO,44.752008,10.996432,70.0,4957358.983,1658057.347
PF02/0039/I133,MO,44.755806,10.995787,21.0,4957779.54,1657995.969
PF01/0001/I462,MO,44.604626,10.792736,52.0,4940611.703,1642293.739
PF02/0001/I462,MO,44.602972,10.791437,70.0,4940425.754,1642194.682
PF03/0001/I462,MO,44.600076,10.789296,50.0,4940100.276,1642031.854
PF04/0001/I462,MO,44.600339,10.792857,70.0,4940135.724,1642313.779
PF05/0001/I462,MO,44.598298,10.792742,70.0,4939908.818,1642309.637
PF07/0001/I462,MO,44.594378,10.792767,50.0,4939473.381,1642321.196
PF08/0001/I462,MO,44.59719,10.794504,50.0,4939788.844,1642452.19
PF01/0002/I462,MO,44.593012,10.790225,50.0,4939317.231,1642122.814
PF02/0002/I462,MO,44.59051,10.792064,50.0,4939042.505,1642274.816
PF03/0002/I462,MO,44.588729,10.789728,50.0,4938840.6,1642093.739
PF04/0002/I462,MO,44.58895,10.784488,50.0,4938856.103,1641677.313
PF01/0003/I462,MO,44.582054,10.787356,70.0,4938095.004,1641921.739
PF02/0003/I462,MO,44.585622,10.787414,70.0,4938491.415,1641917.621
PF01/0004/I462,MO,44.583562,10.789865,70.0,4938266.86,1642117.202
PF02/0004/I462,MO,44.582001,10.794933,52.0,4938102.376,1642523.367
PF03/0004/I462,MO,44.579622,10.788336,50.0,4937826.558,1642005.432
PF04/0004/I462,MO,44.576841,10.795864,52.0,4937530.76,1642609.892
PF05/0004/I462,MO,44.576808,10.788631,50.0,4937514.469,1642035.719
PF06/0004/I462,MO,44.585835,10.791627,70.0,4938522.488,1642251.566
PF07/0004/I462,MO,44.575387,10.79819,72.0,4937373.3,1642798.124
PF08/0004/I462,MO,44.57681,10.789326,8.0,4937515.97,1642090.85
PF01/0005/I462,MO,44.578199,10.783781,50.0,4937660.616,1641647.295
PF01/0006/I462,MO,44.567563,10.78104,50.0,4936474.355,1641455.43
PF02/0006/I462,MO,44.573659,10.784594,70.0,4937157.644,1641722.801
PF02/0007/I462,MO,44.574745,10.794973,70.0,4937296.381,1642544.296
PF03/0007/I462,MO,44.574969,10.803242,70.0,4937335.71,1643200.296
PF05/0007/I462,MO,44.573057,10.795254,50.0,4937109.423,1642570.692
PF06/0007/I462,MO,44.572639,10.806494,70.0,4937082.61,1643464.198
PF07/0007/I462,MO,44.570744,10.798815,52.0,4936858.616,1642859.105
PF10/0007/I462,MO,44.569228,10.797521,50.0,4936688.026,1642760.06
PF11/0007/I462,MO,44.570646,10.804979,52.0,4936858.577,1643348.839
PF01/0008/I462,MO,44.558989,10.782602,50.0,4935524.642,1641600.248
PF02/0008/I462,MO,44.56082,10.777972,50.0,4935720.035,1641228.107
PF01/0009/I462,MO,44.566291,10.796974,70.0,4936360.848,1642723.814
PF02/0009/I462,MO,44.565396,10.784963,50.0,4936240.446,1641772.233
PF03/0009/I462,MO,44.563574,10.784572,50.0,4936037.345,1641745.572
PF04/0009/I462,MO,44.562158,10.790878,70.0,4935891.055,1642249.79
PF05/0009/I462,MO,44.560387,10.789937,70.0,4935692.731,1642179.396
PF06/0009/I462,MO,44.565802,10.791967,70.0,4936297.767,1642327.385
PF07/0009/I462,MO,44.569902,10.786478,70.0,4936743.571,1641881.585
PF01/0010/I462,MO,44.568716,10.804291,72.0,4936642.981,1643298.942
PF03/0010/I462,MO,44.567607,10.799346,52.0,4936511.091,1642908.93
PF04/0010/I462,MO,44.566864,10.809303,70.0,4936446.084,1643701.445
PF07/0010/I462,MO,44.564958,10.80755,70.0,4936231.26,1643566.909
PF09/0010/I462,MO,44.569543,10.808116,70.0,4936741.55,1643600.642
PF10/0010/I462,MO,44.566599,10.80275,52.0,4936405.123,1643181.751
PF11/0010/I462,MO,44.564166,10.799178,70.0,4936128.627,1642904.003
PF01/0011/I462,MO,44.557086,10.777825,50.0,4935305.028,1641225.48
PF02/0011/I462,MO,44.555376,10.77469,50.0,4935109.678,1640980.632
PF01/0012/I462,MO,44.560763,10.785035,70.0,4935725.973,1641789.163
PF02/0012/I462,MO,44.558712,10.786688,50.0,4935500.942,1641925.422
PF03/0012/I462,MO,44.556643,10.781691,50.0,4935262.519,1641533.574
PF04/0012/I462,MO,44.557364,10.793307,52.0,4935362.737,1642454.395
PF08/0012/I462,MO,44.554267,10.783541,50.0,4935001.778,1641686.293
PF09/0012/I462,MO,44.552282,10.783312,54.0,4934780.897,1641672.92
PF10/0012/I462,MO,44.555474,10.787435,70.0,4935142.617,1641992.664
PF03/0013/I462,MO,44.562525,10.796292,50.0,4935941.315,1642678.895
PF04/0013/I462,MO,44.562603,10.805884,70.0,4935966.758,1643440.42
PF05/0013/I462,MO,44.559568,10.794339,70.0,4935609.438,1642530.983
PF06/0013/I462,MO,44.560729,10.797213,54.0,4935743.402,1642756.383
PF07/0013/I462,MO,44.560999,10.804013,52.0,4935785.23,1643295.801
PF08/0013/I462,MO,44.559485,10.80752,52.0,4935623.242,1643578.02
PF09/0013/I462,MO,44.558839,10.79676,52.0,4935532.685,1642725.082
PF11/0013/I462,MO,44.55859,10.804672,52.0,4935518.816,1643354.027
PF12/0013/I462,MO,44.557187,10.798677,50.0,4935352.517,1642881.308
PF02/0014/I462,MO,44.550109,10.777069,72.0,4934528.632,1641182.328
PF03/0014/I462,MO,44.553148,10.776155,52.0,4934864.653,1641102.319
PF05/0014/I462,MO,44.548126,10.771768,72.0,4934299.213,1640766.01
PF06/0014/I462,MO,44.549382,10.776903,72.0,4934447.623,1641170.87
PF07/0014/I462,MO,44.54746,10.77431,72.0,4934229.647,1640969.536
PF10/0014/I462,MO,44.547768,10.775851,70.0,4934266.506,1641091.174
PF11/0014/I462,MO,44.550031,10.77421,12.0,4934515.06,1640955.384
PF02/0016/I462,MO,44.553148,10.793435,70.0,4934894.699,1642474.85
PF03/0016/I462,MO,44.551609,10.789658,70.0,4934717.124,1642178.627
PF04/0016/I462,MO,44.553837,10.791,56.0,4934966.916,1642279.776
PF01/0017/I462,MO,44.554677,10.796497,70.0,4935069.823,1642714.296
PF01/0018/I462,MO,44.558048,10.805325,52.0,4935459.82,1643407.248
PF03/0018/I462,MO,44.5555,10.801391,70.0,4935169.881,1643101.025
PF06/0018/I462,MO,44.550686,10.803538,70.0,4934638.822,1643283.372
PF08/0018/I462,MO,44.55489,10.805039,70.0,4935108.439,1643392.222
PF09/0018/I462,MO,44.548312,10.807745,70.0,4934382.548,1643623.332
PF01/0019/I462,MO,44.552185,10.778967,70.0,4934762.515,1641328.017
PF02/0019/I462,MO,44.54888,10.782518,70.0,4934401.54,1641618.062
PF01/0020/I462,MO,44.5459,10.777305,72.0,4934061.578,1641211.225
PF02/0020/I462,MO,44.544627,10.784496,70.0,4933932.638,1641785.499
PF03/0020/I462,MO,44.546656,10.782738,72.0,4934154.907,1641640.935
PF04/0020/I462,MO,44.545294,10.780186,70.0,4933999.192,1641441.569
PF01/0021/I462,MO,44.547781,10.790895,70.0,4934294.067,1642286.207
PF03/0021/I462,MO,44.547252,10.786539,72.0,4934227.684,1641941.424
PF01/0023/I462,MO,44.543866,10.797365,70.0,4933870.475,1642809.664
PF02/0023/I462,MO,44.546585,10.797406,50.0,4934172.525,1642806.301
PF03/0023/I462,MO,44.547843,10.802477,50.0,4934321.204,1643206.052
PF04/0023/I462,MO,44.549308,10.799793,70.0,4934479.204,1642989.272
PF01/0024/I462,MO,44.543816,10.791405,70.0,4933854.472,1642336.386
PF02/0024/I462,MO,44.543833,10.794567,70.0,4933861.89,1642587.529
PF03/0024/I462,MO,44.545612,10.7929,50.0,4934056.658,1642450.728
PF04/0024/I462,MO,44.545916,10.789019,70.0,4934083.584,1642141.705
PF01/0025/I462,MO,44.54374,10.772437,70.0,4933813.161,1640829.708
PF02/0025/I462,MO,44.545558,10.773928,50.0,4934017.719,1640943.779
PF05/0025/I462,MO,44.536984,10.768098,52.0,4933055.288,1640501.294
PF06/0025/I462,MO,44.539519,10.768439,70.0,4933337.426,1640522.283
PF01/0026/I462,MO,44.542935,10.777448,52.0,4933732.453,1641229.735
PF03/0026/I462,MO,44.538827,10.775032,70.0,4933271.961,1641047.765
PF04/0026/I462,MO,44.5367,10.773151,50.0,4933032.383,1640903.401
PF05/0026/I462,MO,44.535326,10.77137,50.0,4932876.678,1640765.195
PF06/0026/I462,MO,44.541564,10.77389,70.0,4933574.038,1640950.362
PF01/0027/I462,MO,44.540658,10.782728,5.0,4933488.65,1641654.75
PF02/0027/I462,MO,44.542162,10.780603,70.0,4933652.049,1641482.249
PF04/0027/I462,MO,44.538465,10.779697,70.0,4933239.808,1641419.225
PF01/0028/I462,MO,44.543573,10.787394,70.0,4933820.508,1642018.338
PF02/0028/I462,MO,44.541984,10.789285,70.0,4933647.299,1642172.389
PF03/0028/I462,MO,44.54048,10.786074,50.0,4933474.656,1641921.003
PF01/0029/I462,MO,44.538085,10.787563,50.0,4933211.211,1642045.122
PF01/0030/I462,MO,44.541796,10.793563,70.0,4933633.952,1642512.724
PF01/0031/I462,MO,44.539001,10.795241,70.0,4933326.321,1642652.877
PF02/0031/I462,MO,44.541373,10.797083,70.0,4933593.09,1642793.396
PF04/0031/I462,MO,44.539439,10.798967,70.0,4933381.464,1642947.783
PF01/0032/I462,MO,44.544935,10.800547,52.0,4933994.805,1643059.83
PF03/0032/I462,MO,44.542628,10.800812,70.0,4933738.986,1643086.575
PF01/0033/I462,MO,44.533962,10.773901,70.0,4932729.577,1640969.572
PF01/0034/I462,MO,44.535789,10.778552,70.0,4932940.564,1641334.735
PF02/0034/I462,MO,44.537257,10.783305,70.0,4933111.819,1641708.769
PF01/0035/I462,MO,44.535845,10.782933,70.0,4932954.314,1641682.707
PF02/0035/I462,MO,44.534599,10.780744,52.0,4932812.129,1641511.738
PF03/0035/I462,MO,44.534559,10.7858,50.0,4932816.54,1641913.6
PF05/0035/I462,MO,44.533949,10.783145,70.0,4932744.129,1641704.15
PF06/0035/I462,MO,44.532707,10.780743,52.0,4932601.949,1641516.289
PF07/0035/I462,MO,44.533363,10.777596,50.0,4932669.439,1641264.614
PF10/0035/I462,MO,44.531973,10.783467,50.0,4932525.214,1641734.466
PF01/0036/I462,MO,44.534949,10.788947,70.0,4932865.329,1642162.642
PF01/0037/I462,MO,44.5379,10.791858,70.0,4933198.189,1642386.763
PF02/0037/I462,MO,44.535614,10.79421,70.0,4932948.347,1642579.195
PF03/0037/I462,MO,44.533859,10.792617,72.0,4932750.649,1642456.931
PF04/0037/I462,MO,44.535431,10.800583,72.0,4932939.156,1643085.973
PF01/0038/I462,MO,44.534416,10.766251,70.0,4932766.885,1640360.724
PF02/0038/I462,MO,44.53188,10.770776,52.0,4932492.888,1640726.296
PF03/0038/I462,MO,44.531256,10.764792,50.0,4932413.298,1640252.34
PF01/0039/I462,MO,44.528693,10.762723,50.0,4932125.056,1640094.123
PF03/0039/I462,MO,44.527624,10.76767,70.0,4932014.765,1640489.791
PF04/0039/I462,MO,44.525813,10.759442,70.0,4931799.525,1639840.32
PF05/0039/I462,MO,44.526005,10.762888,70.0,4931826.727,1640113.69
PF06/0039/I462,MO,44.525988,10.769742,52.0,4931836.681,1640658.355
PF07/0039/I462,MO,44.524295,10.765074,50.0,4931640.555,1640291.482
PF08/0039/I462,MO,44.524675,10.767613,52.0,4931687.089,1640492.307
PF09/0039/I462,MO,44.523892,10.761173,52.0,4931589.082,1639982.458
PF10/0039/I462,MO,44.521871,10.76343,52.0,4931368.497,1640166.662
PF01/0040/I462,MO,44.530924,10.77595,52.0,4932395.648,1641139.785
PF02/0040/I462,MO,44.529496,10.774792,72.0,4932235.009,1641051.19
PF03/0040/I462,MO,44.52871,10.77855,72.0,4932154.187,1641351.696
PF04/0040/I462,MO,44.527786,10.775592,72.0,4932046.505,1641118.903
PF05/0040/I462,MO,44.527783,10.78068,50.0,4932054.925,1641523.176
PF06/0040/I462,MO,44.526785,10.77795,52.0,4931939.39,1641308.664
PF08/0040/I462,MO,44.526046,10.779733,12.0,4931860.36,1641452.13
PF01/0041/I462,MO,44.526113,10.771148,52.0,4931852.932,1640769.81
PF02/0041/I462,MO,44.525692,10.774143,50.0,4931811.378,1641008.791
PF03/0041/I462,MO,44.528148,10.772567,52.0,4932081.485,1640877.617
PF02/0042/I462,MO,44.525266,10.782825,70.0,4931779.073,1641699.752
PF03/0042/I462,MO,44.526609,10.789014,52.0,4931938.992,1642188.292
PF07/0042/I462,MO,44.529517,10.792037,12.0,4932267.3,1642421.4
PF08/0042/I462,MO,44.526958,10.793136,12.0,4931984.961,1642514.95
PF09/0042/I462,MO,44.532052,10.794284,12.0,4932552.8,1642593.8
PF01/0043/I462,MO,44.529061,10.788332,50.0,4932210.146,1642128.096
PF02/0043/I462,MO,44.532719,10.788821,50.0,4932617.304,1642158.109
PF03/0043/I462,MO,44.531668,10.789901,8.0,4932502.46,1642246.45
PF01/0044/I462,MO,44.523121,10.757689,70.0,4931497.49,1639707.403
PF01/0045/I462,MO,44.523863,10.771607,70.0,4931603.829,1640811.689
PF02/0045/I462,MO,44.522555,10.767027,52.0,4931450.607,1640450.834
PF03/0045/I462,MO,44.520013,10.768427,50.0,4931170.669,1640568.188
PF04/0045/I462,MO,44.519614,10.760316,52.0,4931112.429,1639924.577
PF05/0045/I462,MO,44.517766,10.764563,50.0,4930914.405,1640266.521
PF06/0045/I462,MO,44.517652,10.768077,52.0,4930907.798,1640546.072
PF07/0045/I462,MO,44.518131,10.771132,70.0,4930966.221,1640787.713
PF08/0045/I462,MO,44.516365,10.775688,72.0,4930777.944,1641154.09
PF01/0046/I462,MO,44.523123,10.77581,70.0,4931528.882,1641147.483
PF02/0046/I462,MO,44.520203,10.775949,70.0,4931204.753,1641165.55
PF03/0046/I462,MO,44.520934,10.779307,52.0,4931291.723,1641430.674
PF05/0046/I462,MO,44.516774,10.782443,52.0,4930835.05,1641689.999
PF06/0046/I462,MO,44.51479,10.782145,70.0,4930614.168,1641671.118
PF07/0046/I462,MO,44.514074,10.778025,70.0,4930527.513,1641345.386
PF08/0046/I462,MO,44.524359,10.778737,70.0,4931671.253,1641377.084
PF09/0046/I462,MO,44.518207,10.780292,12.0,4930990.5,1641515.5
PF01/0047/I462,MO,44.514416,10.7519,70.0,4930520.695,1639268.083
PF02/0047/I462,MO,44.516098,10.749582,50.0,4930703.538,1639079.904
PF03/0047/I462,MO,44.518491,10.753649,52.0,4930976.346,1639397.432
PF04/0047/I462,MO,44.511985,10.758085,52.0,4930261.168,1639765.49
PF05/0047/I462,MO,44.520631,10.75136,50.0,4931210.116,1639210.369
PF06/0047/I462,MO,44.512774,10.753974,72.0,4930341.764,1639436.874
PF01/0048/I462,MO,44.51407,10.763272,50.0,4930501.627,1640172.804
PF02/0048/I462,MO,44.515769,10.757448,72.0,4930680.379,1639705.8
PF04/0048/I462,MO,44.511168,10.771642,12.0,4930193.73,1640845.05
PF01/0049/I462,MO,44.515885,10.78498,50.0,4930740.698,1641893.746
PF02/0049/I462,MO,44.517147,10.7876,52.0,4930885.419,1642098.926
PF03/0049/I462,MO,44.51451,10.794165,50.0,4930603.962,1642627.079
PF04/0049/I462,MO,44.51188,10.791796,70.0,4930307.687,1642445.227
PF05/0049/I462,MO,44.52209,10.784679,52.0,4931429.452,1641854.772
PF06/0049/I462,MO,44.514332,10.788929,50.0,4930575.099,1642211.358
PF07/0049/I462,MO,44.513335,10.786088,70.0,4930459.385,1641987.967
PF08/0049/I462,MO,44.523818,10.787101,72.0,4931625.582,1642043.033
PF02/0050/I462,MO,44.516804,10.795007,70.0,4930860.271,1642688.411
PF01/0051/I462,MO,44.512762,10.745902,50.0,4930326.676,1638795.273
PF02/0051/I462,MO,44.512084,10.750933,50.0,4930259.971,1639196.774
PF04/0051/I462,MO,44.508823,10.741368,50.0,4929881.474,1638444.291
PF05/0051/I462,MO,44.509045,10.744751,9.0,4929911.9,1638712.6
PF06/0051/I462,MO,44.508661,10.747287,50.0,4929873.568,1638915.114
PF07/0051/I462,MO,44.506304,10.744405,70.0,4929606.829,1638691.651
PF01/0052/I462,MO,44.509842,10.762471,50.0,4930030.662,1640119.266
PF02/0052/I462,MO,44.509662,10.754471,70.0,4929996.982,1639483.765
PF04/0052/I462,MO,44.505829,10.751636,70.0,4929566.337,1639267.54
PF06/0052/I462,MO,44.508166,10.761276,52.0,4929842.432,1640028.289
PF07/0052/I462,MO,44.507205,10.757409,70.0,4929729.006,1639723.16
PF01/0053/I462,MO,44.504739,10.785392,52.0,4929503.351,1641953.541
PF02/0053/I462,MO,44.50569,10.778016,52.0,4929596.203,1641364.938
PF03/0053/I462,MO,44.511528,10.775924,50.0,4930241.054,1641184.547
PF04/0053/I462,MO,44.5048,10.773315,52.0,4929489.213,1640993.383
PF05/0053/I462,MO,44.505716,10.76835,52.0,4929582.461,1640596.453
PF01/0054/I462,MO,44.507284,10.785457,5.0,4929786.19,1641952.53
PF02/0054/I462,MO,44.499143,10.789081,70.0,4928888.115,1642260.425
PF03/0054/I462,MO,44.509421,10.785823,70.0,4930024.149,1641976.462
PF01/0055/I462,MO,44.507697,10.793516,70.0,4929846.069,1642592.133
PF03/0055/I462,MO,44.510973,10.801566,12.0,4930224.0,1643224.0
PF01/0056/I462,MO,44.503272,10.734024,52.0,4929252.506,1637873.571
PF02/0056/I462,MO,44.501754,10.737119,70.0,4929089.099,1638123.235
PF03/0056/I462,MO,44.500164,10.735202,52.0,4928909.253,1637974.528
PF05/0056/I462,MO,44.505515,10.739695,50.0,4929511.239,1638319.111
PF06/0056/I462,MO,44.502432,10.740215,70.0,4929169.606,1638367.722
PF07/0056/I462,MO,44.507473,10.739929,50.0,4929729.11,1638333.041
PF01/0057/I462,MO,44.503768,10.746401,72.0,4929328.482,1638856.317
PF02/0057/I462,MO,44.500424,10.750752,70.0,4928964.497,1639210.164
PF03/0057/I462,MO,44.49725,10.752398,70.0,4928614.658,1639348.603
PF01/0058/I462,MO,44.495205,10.776173,50.0,4928428.378,1641243.73
PF02/0058/I462,MO,44.496483,10.775147,8.0,4928568.5,1641159.05
PF03/0058/I462,MO,44.503728,10.767016,70.0,4929359.333,1640495.199
PF04/0058/I462,MO,44.5049,10.770272,52.0,4929495.049,1640751.241
PF05/0058/I462,MO,44.500277,10.773234,70.0,4928986.703,1640997.83
PF06/0058/I462,MO,44.497236,10.768932,50.0,4928641.431,1640663.129
PF01/0059/I462,MO,44.500811,10.786516,52.0,4929068.931,1642052.396
PF02/0059/I462,MO,44.496961,10.788922,50.0,4928645.528,1642253.051
PF03/0059/I462,MO,44.502775,10.788979,70.0,4929291.359,1642243.431
PF04/0059/I462,MO,44.500795,10.782065,54.0,4929059.521,1641698.617
PF05/0059/I462,MO,44.496274,10.785549,52.0,4928563.334,1641986.55
PF01/0060/I462,MO,44.498336,10.792198,8.0,4928803.98,1642510.17
PF02/0060/I462,MO,44.502603,10.796919,52.0,4929286.137,1642875.081
PF03/0060/I462,MO,44.500923,10.795654,70.0,4929097.298,1642778.645
PF04/0060/I462,MO,44.496775,10.791935,50.0,4928630.031,1642493.08
PF01/0061/I462,MO,44.495786,10.722231,50.0,4928401.122,1636953.584
PF02/0061/I462,MO,44.49717,10.724968,52.0,4928559.438,1637167.963
PF03/0061/I462,MO,44.496758,10.729474,50.0,4928521.223,1637527.196
PF01/0062/I462,MO,44.491221,10.744247,52.0,4927931.124,1638714.82
PF02/0062/I462,MO,44.49626,10.737418,70.0,4928479.3,1638159.904
PF03/0062/I462,MO,44.496239,10.737681,8.0,4928477.39,1638180.94
PF01/0063/I462,MO,44.493149,10.731191,52.0,4928123.218,1637672.215
PF02/0063/I462,MO,44.487312,10.742838,52.0,4927494.507,1638612.038
PF01/0001/I473,MO,44.525176,11.035693,54.0,4932238.676,1661794.338
PF02/0001/I473,MO,44.52628,11.039105,52.0,4932368.123,1662062.41
PF03/0001/I473,MO,44.523992,11.038967,52.0,4932113.617,1662057.751
PF04/0001/I473,MO,44.52182,11.037919,52.0,4931870.3,1661980.474
PF05/0001/I473,MO,44.527938,11.042715,72.0,4932559.461,1662344.635
PF06/0001/I473,MO,44.52294,11.04308,52.0,4932004.976,1662387.579
PF01/0002/I473,MO,44.526526,11.052689,52.0,4932422.391,1663141.137
PF02/0002/I473,MO,44.525877,11.050211,72.0,4932345.368,1662946.048
PF03/0002/I473,MO,44.525608,11.056169,52.0,4932327.443,1663420.226
PF04/0002/I473,MO,44.524555,11.048171,72.0,4932194.449,1662787.656
PF05/0002/I473,MO,44.522888,11.050214,72.0,4932013.399,1662954.589
PF07/0002/I473,MO,44.520908,11.053508,52.0,4931800.018,1663221.912
PF08/0002/I473,MO,44.519058,11.056067,70.0,4931599.619,1663430.483
PF09/0002/I473,MO,44.521215,11.058346,70.0,4931843.853,1663605.553
PF01/0003/I473,MO,44.514957,11.048222,70.0,4931128.459,1662818.436
PF02/0003/I473,MO,44.51598,11.043957,52.0,4931233.598,1662476.554
PF03/0003/I473,MO,44.51902,11.039763,52.0,4931562.973,1662134.794
PF04/0003/I473,MO,44.517265,11.048198,52.0,4931384.735,1662810.047
PF05/0003/I473,MO,44.519151,11.045942,52.0,4931589.736,1662625.519
PF06/0003/I473,MO,44.518382,11.051015,70.0,4931514.43,1663030.831
PF07/0003/I473,MO,44.518082,11.041936,52.0,4931463.069,1662310.139
PF01/0004/I473,MO,44.512654,11.044528,52.0,4930865.294,1662531.246
PF02/0004/I473,MO,44.50951,11.044791,70.0,4930516.533,1662560.838
PF03/0004/I473,MO,44.510464,11.048095,52.0,4930629.064,1662820.813
PF04/0004/I473,MO,44.507967,11.049884,70.0,4930355.251,1662969.99
PF01/0005/I473,MO,44.513908,11.051387,50.0,4931018.161,1663072.879
PF02/0005/I473,MO,44.505712,11.060045,70.0,4930125.075,1663783.974
PF03/0005/I473,MO,44.508333,11.056418,70.0,4930408.978,1663488.357
PF04/0005/I473,MO,44.516487,11.055829,70.0,4931313.536,1663418.706
PF05/0005/I473,MO,44.51017,11.051708,50.0,4930603.583,1663108.823
PF07/0005/I473,MO,44.511897,11.058757,52.0,4930809.561,1663664.277
PF01/0006/I473,MO,44.503803,11.042495,52.0,4929878.018,1662394.222
PF02/0006/I473,MO,44.500719,11.046206,70.0,4929542.853,1662697.796
PF03/0006/I473,MO,44.505447,11.04977,70.0,4930075.179,1662967.963
PF04/0006/I473,MO,44.503751,11.045854,50.0,4929878.939,1662661.361
PF05/0006/I473,MO,44.505868,11.043948,70.0,4930110.292,1662503.991
PF06/0006/I473,MO,44.500253,11.049715,70.0,4929498.083,1662978.064
PF01/0007/I473,MO,44.493279,11.059884,50.0,4928743.677,1663805.992
PF02/0007/I473,MO,44.496176,11.061516,50.0,4929068.805,1663927.625
PF03/0007/I473,MO,44.500164,11.061045,50.0,4929510.829,1663879.009
PF04/0007/I473,MO,44.501556,11.05674,70.0,4929656.847,1663532.889
PF06/0007/I473,MO,44.498537,11.05696,70.0,4929321.977,1663558.813
PF07/0007/I473,MO,44.503159,11.063599,52.0,4929848.594,1664073.681
PF02/0008/I473,MO,44.496072,11.0404,52.0,4929015.13,1662249.095
PF03/0008/I473,MO,44.496123,11.046253,70.0,4929032.352,1662714.272
PF04/0008/I473,MO,44.496746,11.051128,70.0,4929111.289,1663100.132
PF05/0008/I473,MO,44.49447,11.042002,50.0,4928840.318,1662380.878
PF06/0008/I473,MO,44.494805,11.048299,70.0,4928890.031,1662880.611
PF07/0008/I473,MO,44.492426,11.04072,52.0,4928610.741,1662284.651
PF08/0008/I473,MO,44.493993,11.044947,50.0,4928793.204,1662616.399
PF01/0009/I473,MO,44.489432,11.044473,70.0,4928285.638,1662591.392
PF02/0009/I473,MO,44.492717,11.045258,50.0,4928652.132,1662644.639
PF03/0009/I473,MO,44.491772,11.047433,72.0,4928551.45,1662820.238
PF04/0009/I473,MO,44.494049,11.047109,70.0,4928803.735,1662788.121
PF01/0010/I473,MO,44.489716,11.035833,70.0,4928300.059,1661903.548
PF02/0010/I473,MO,44.489327,11.038504,70.0,4928262.15,1662117.05
PF03/0010/I473,MO,44.490238,11.042847,72.0,4928371.893,1662459.834
PF04/0010/I473,MO,44.487756,11.039702,50.0,4928089.968,1662216.668
PF01/0011/I473,MO,44.491366,11.0496,50.0,4928510.645,1662993.67
PF02/0011/I473,MO,44.490628,11.053557,70.0,4928436.584,1663310.32
PF03/0011/I473,MO,44.488252,11.050559,50.0,4928166.63,1663078.613
PF04/0011/I473,MO,44.487693,11.046657,50.0,4928096.79,1662769.9
PF05/0011/I473,MO,44.494824,11.050774,70.0,4928897.073,1663077.359
PF06/0011/I473,MO,44.485136,11.054818,52.0,4927829.008,1663425.981
PF07/0011/I473,MO,44.482311,11.050719,50.0,4927507.107,1663107.903
PF02/0012/I473,MO,44.483892,11.034495,50.0,4927650.445,1661813.257
PF03/0012/I473,MO,44.482121,11.032708,72.0,4927450.156,1661676.069
PF01/0013/I473,MO,44.479659,11.029901,72.0,4927171.18,1661459.644
PF01/0014/I473,MO,44.480614,11.036064,70.0,4927289.384,1661947.106
PF02/0014/I473,MO,44.478779,11.036199,70.0,4927085.842,1661962.929
PF03/0014/I473,MO,44.481331,11.039198,52.0,4927375.269,1662194.389
PF04/0014/I473,MO,44.483566,11.038326,50.0,4927621.823,1662118.827
PF01/0015/I473,MO,44.477254,11.038589,3.0,4926921.18,1662157.27
PF02/0015/I473,MO,44.477764,11.033612,50.0,4926968.012,1661759.997
PF01/0016/I473,MO,44.480506,11.04213,50.0,4927289.438,1662429.847
PF02/0016/I473,MO,44.482979,11.046017,52.0,4927571.854,1662732.077
PF03/0016/I473,MO,44.476238,11.049225,72.0,4926829.491,1663005.987
PF04/0016/I473,MO,44.475769,11.044323,72.0,4926767.574,1662617.428
PF05/0016/I473,MO,44.472183,11.048327,72.0,4926377.291,1662945.854
PF06/0016/I473,MO,44.473441,11.044431,72.0,4926509.25,1662632.487
PF01/0017/I473,MO,44.467156,11.007593,70.0,4925738.528,1659719.651
PF02/0017/I473,MO,44.463827,11.011644,50.0,4925376.64,1660050.973
PF03/0017/I473,MO,44.470893,11.004787,70.0,4926148.179,1659486.276
PF01/0018/I473,MO,44.472178,11.007144,70.0,4926295.527,1659670.209
PF02/0018/I473,MO,44.469569,11.007321,50.0,4926005.959,1659691.404
PF01/0019/I473,MO,44.47344,11.011085,72.0,4926443.345,1659980.254
PF02/0019/I473,MO,44.473247,11.014185,52.0,4926428.023,1660227.325
PF03/0019/I473,MO,44.471261,11.009976,50.0,4926199.175,1659897.981
PF04/0019/I473,MO,44.471098,11.012729,50.0,4926186.414,1660117.366
PF05/0019/I473,MO,44.474053,11.013429,10.0,4926516.0,1660165.0
PF01/0020/I473,MO,44.476992,11.030188,48.0,4926875.507,1661489.834
PF02/0020/I473,MO,44.474905,11.029721,70.0,4926642.75,1661458.437
PF03/0020/I473,MO,44.471853,11.016717,70.0,4926278.106,1660432.564
PF04/0020/I473,MO,44.469914,11.022695,50.0,4926074.424,1660913.309
PF05/0020/I473,MO,44.4732,11.021079,52.0,4926436.289,1660775.759
PF01/0021/I473,MO,44.475047,11.0373,52.0,4926673.539,1662060.827
PF03/0021/I473,MO,44.474219,11.040428,70.0,4926587.686,1662311.942
PF04/0021/I473,MO,44.471327,11.026871,70.0,4926239.62,1661241.655
PF06/0021/I473,MO,44.469841,11.024575,70.0,4926070.095,1661063.117
PF07/0021/I473,MO,44.470456,11.029374,70.0,4926147.803,1661443.127
PF08/0021/I473,MO,44.470603,11.032993,72.0,4926171.346,1661730.598
PF01/0022/I473,MO,44.467951,11.034315,12.0,4925879.4,1661843.0
PF02/0022/I473,MO,44.465341,11.035307,70.0,4925591.397,1661929.196
PF01/0023/I473,MO,44.467788,11.00093,70.0,4925795.691,1659187.878
PF02/0023/I473,MO,44.465835,11.000009,52.0,4925577.005,1659119.986
PF03/0023/I473,MO,44.464628,10.998202,52.0,4925439.445,1658979.505
PF04/0023/I473,MO,44.46495,11.002449,70.0,4925483.421,1659316.461
PF05/0023/I473,MO,44.461342,11.000941,70.0,4925079.717,1659206.276
PF02/0024/I473,MO,44.466893,11.0106,50.0,4925715.173,1659959.562
PF03/0024/I473,MO,44.469129,11.010741,50.0,4925963.833,1659964.651
PF04/0024/I473,MO,44.467771,11.015561,50.0,4925822.46,1660351.775
PF01/0025/I473,MO,44.46716,11.017418,70.0,4925758.231,1660501.179
PF02/0025/I473,MO,44.469094,11.018784,70.0,4925975.694,1660604.525
PF01/0026/I473,MO,44.46582,11.015519,70.0,4925605.666,1660353.774
PF01/0027/I473,MO,44.46153,11.023501,70.0,4925144.735,1661000.478
PF01/0028/I473,MO,44.460942,10.99793,52.0,4925029.384,1658967.833
PF02/0028/I473,MO,44.459824,11.006085,52.0,4924921.152,1659619.643
PF03/0028/I473,MO,44.457725,10.993104,52.0,4924662.761,1658592.607
PF04/0028/I473,MO,44.457668,10.996397,70.0,4924662.76,1658854.752
PF05/0028/I473,MO,44.458166,11.002409,70.0,4924729.732,1659331.725
PF06/0028/I473,MO,44.455922,10.992604,50.0,4924461.494,1658557.738
PF07/0028/I473,MO,44.454208,10.988722,72.0,4924263.593,1658253.553
PF01/0029/I473,MO,44.463042,11.012022,70.0,4925290.155,1660083.202
PF02/0029/I473,MO,44.461357,11.009146,70.0,4925097.367,1659858.989
PF03/0029/I473,MO,44.461372,11.013605,52.0,4925107.742,1660213.695
PF04/0029/I473,MO,44.459303,11.01181,70.0,4924874.455,1660076.506
PF05/0029/I473,MO,44.458633,11.018266,50.0,4924812.688,1660591.951
PF06/0029/I473,MO,44.455987,11.01633,50.0,4924514.979,1660445.188
PF07/0029/I473,MO,44.447514,11.013657,12.0,4923568.5,1660255.7
PF08/0029/I473,MO,44.453074,11.013303,50.0,4924185.42,1660212.352
PF01/0030/I473,MO,44.45024,10.965533,52.0,4923778.161,1656419.141
PF02/0030/I473,MO,44.447996,10.957215,12.0,4923513.06,1655763.24
PF01/0031/I473,MO,44.444523,10.954508,12.0,4923122.1,1655557.1
PF02/0031/I473,MO,44.44159,10.953133,50.0,4922793.705,1655455.447
PF01/0032/I473,MO,44.443682,10.965827,50.0,4923050.307,1656460.036
PF02/0032/I473,MO,44.448799,10.972564,52.0,4923631.553,1656982.435
PF01/0033/I473,MO,44.451078,10.974885,52.0,4923889.225,1657161.015
PF02/0033/I473,MO,44.451181,10.971401,52.0,4923893.932,1656883.563
PF03/0033/I473,MO,44.451135,10.979417,72.0,4923904.201,1657521.49
PF01/0034/I473,MO,44.45061,10.983552,70.0,4923853.885,1657851.863
PF02/0034/I473,MO,44.447074,10.976567,52.0,4923447.665,1657305.601
PF03/0034/I473,MO,44.445976,10.980712,50.0,4923333.734,1657638.373
PF04/0034/I473,MO,44.442124,10.983562,50.0,4922911.242,1657875.501
PF05/0034/I473,MO,44.442213,10.980168,50.0,4922914.669,1657605.189
PF06/0034/I473,MO,44.442829,10.975599,52.0,4922974.278,1657239.987
PF07/0034/I473,MO,44.44525,10.977189,50.0,4923246.309,1657359.977
PF03/0035/I473,MO,44.449435,10.999732,50.0,4923754.71,1659142.505
PF04/0035/I473,MO,44.450622,10.991431,70.0,4923870.424,1658478.749
PF05/0035/I473,MO,44.448479,10.993296,52.0,4923635.993,1658632.977
PF06/0035/I473,MO,44.454642,11.00184,50.0,4924337.189,1659296.049
PF01/0036/I473,MO,44.454984,11.008108,70.0,4924387.421,1659793.833
PF03/0036/I473,MO,44.452154,11.00229,70.0,4924061.693,1659338.593
PF04/0036/I473,MO,44.446136,11.007093,52.0,4923402.586,1659737.128
PF05/0036/I473,MO,44.449538,11.00915,72.0,4923784.59,1659891.556
PF01/0037/I473,MO,44.447683,10.994681,50.0,4923550.32,1658745.293
PF02/0037/I473,MO,44.4439,10.993508,58.0,4923127.788,1658662.183
PF03/0037/I473,MO,44.441949,10.98967,58.0,4922903.643,1658362.063
PF04/0037/I473,MO,44.444002,10.987766,70.0,4923128.071,1658205.041
PF01/0001/I689,MO,44.293144,10.792473,52.0,4906011.926,1643030.983
PF02/0001/I689,MO,44.290182,10.787488,72.0,4905674.207,1642640.401
PF01/0002/I689,MO,44.287463,10.787332,72.0,4905371.968,1642634.552
PF02/0002/I689,MO,44.286631,10.795739,70.0,4905294.129,1643307.397
PF03/0002/I689,MO,44.285679,10.78954,52.0,4905177.61,1642815.09
PF04/0002/I689,MO,44.285506,10.793884,11.0,4905166.0,1643162.1
PF06/0002/I689,MO,44.282985,10.794028,52.0,4904886.215,1643179.703
PF07/0002/I689,MO,44.280894,10.782853,70.0,4904634.508,1642293.078
PF09/0002/I689,MO,44.281925,10.79055,52.0,4904762.438,1642904.78
PF10/0002/I689,MO,44.279311,10.796479,70.0,4904482.399,1643384.19
PF11/0002/I689,MO,44.281929,10.801328,72.0,4904781.651,1643764.744
PF12/0002/I689,MO,44.281175,10.789256,8.0,4904676.88,1642803.29
PF13/0002/I689,MO,44.2847,10.784116,50.0,4905059.489,1642384.653
PF14/0002/I689,MO,44.286147,10.80039,72.0,4905248.531,1643679.686
PF01/0003/I689,MO,44.278147,10.802991,72.0,4904364.489,1643906.72
PF03/0003/I689,MO,44.27611,10.811196,70.0,4904152.595,1644566.505
PF04/0003/I689,MO,44.281106,10.804279,52.0,4904695.396,1644002.24
PF05/0003/I689,MO,44.278184,10.807198,70.0,4904376.018,1644242.379
PF01/0004/I689,MO,44.27924,10.787335,70.0,4904458.519,1642654.719
PF02/0004/I689,MO,44.276409,10.78292,70.0,4904136.435,1642309.251
PF03/0004/I689,MO,44.275616,10.777265,70.0,4904038.56,1641859.819
PF05/0004/I689,MO,44.280161,10.777208,52.0,4904543.265,1641844.352
PF06/0004/I689,MO,44.280629,10.773178,72.0,4904588.391,1641521.607
PF07/0004/I689,MO,44.272428,10.78684,70.0,4903701.045,1642631.682
PF08/0004/I689,MO,44.277324,10.780982,5.0,4904234.77,1642152.37
PF01/0005/I689,MO,44.273856,10.77135,8.0,4903832.82,1641392.02
PF02/0005/I689,MO,44.266394,10.774638,52.0,4903009.65,1641672.352
PF03/0005/I689,MO,44.261359,10.774105,70.0,4902449.498,1641641.918
PF04/0005/I689,MO,44.264018,10.775855,70.0,4902747.888,1641775.149
PF05/0005/I689,MO,44.270617,10.766482,70.0,4903464.7,1641011.242
PF06/0005/I689,MO,44.267911,10.769598,70.0,4903169.441,1641266.396
PF07/0005/I689,MO,44.271465,10.773193,70.0,4903570.465,1641544.871
PF01/0006/I689,MO,44.268803,10.784676,52.0,4903294.645,1642467.713
PF02/0006/I689,MO,44.269397,10.787929,70.0,4903366.233,1642725.952
PF03/0006/I689,MO,44.267137,10.778818,52.0,4903099.452,1642004.193
PF04/0006/I689,MO,44.270977,10.777417,52.0,4903523.492,1641883.122
PF05/0006/I689,MO,44.273036,10.775851,50.0,4903749.539,1641753.165
PF01/0007/I689,MO,44.273879,10.794877,8.0,4903876.23,1643269.6
PF03/0007/I689,MO,44.278021,10.798556,72.0,4904342.777,1643553.108
PF04/0007/I689,MO,44.277002,10.800593,11.0,4904233.1,1643718.1
PF05/0007/I689,MO,44.27631,10.792154,52.0,4904141.503,1643046.324
PF06/0007/I689,MO,44.275455,10.795969,12.0,4904053.2,1643352.9
PF07/0007/I689,MO,44.27529,10.801185,52.0,4904043.92,1643769.564
PF09/0007/I689,MO,44.27457,10.798743,50.0,4903959.768,1643576.441
PF10/0007/I689,MO,44.271434,10.792391,50.0,4903600.343,1643077.141
PF13/0007/I689,MO,44.268215,10.798519,11.0,4903253.4,1643574.0
PF14/0007/I689,MO,44.267394,10.790817,52.0,4903148.797,1642961.306
PF15/0007/I689,MO,44.26975,10.790405,50.0,4903409.788,1642922.667
PF16/0007/I689,MO,44.276915,10.79595,52.0,4904215.329,1643347.791
PF01/0008/I689,MO,44.270363,10.809314,52.0,4903510.94,1644430.371
PF02/0008/I689,MO,44.273814,10.805563,72.0,4903887.701,1644122.555
PF04/0008/I689,MO,44.270417,10.800542,50.0,4903501.6,1643730.138
PF01/0009/I689,MO,44.27228,10.818397,70.0,4903739.904,1645150.607
PF03/0009/I689,MO,44.269813,10.812679,8.0,4903455.8,1644700.28
PF04/0009/I689,MO,44.269071,10.819683,52.0,4903385.723,1645261.083
PF01/0010/I689,MO,44.264358,10.757191,72.0,4902753.565,1640284.578
PF02/0010/I689,MO,44.261762,10.755049,70.0,4902461.575,1640119.813
PF03/0010/I689,MO,44.263387,10.76548,50.0,4902659.89,1640948.526
PF04/0010/I689,MO,44.264801,10.768159,70.0,4902821.552,1641159.019
PF01/0011/I689,MO,44.265956,10.7858,52.0,4902980.376,1642564.306
PF02/0011/I689,MO,44.264169,10.781026,50.0,4902773.529,1642187.549
PF06/0011/I689,MO,44.262291,10.792553,11.0,4902585.0,1643112.2
PF11/0011/I689,MO,44.267133,10.788605,72.0,4903115.946,1642785.317
PF16/0011/I689,MO,44.260223,10.78436,50.0,4902341.083,1642463.19
PF18/0011/I689,MO,44.262504,10.784802,50.0,4902595.203,1642492.966
PF19/0011/I689,MO,44.262735,10.782187,50.0,4902616.29,1642283.715
PF01/0012/I689,MO,44.263555,10.804894,50.0,4902746.94,1644094.217
PF02/0012/I689,MO,44.260833,10.80017,50.0,4902436.351,1643723.802
PF03/0012/I689,MO,44.257638,10.800428,72.0,4902081.876,1643752.159
PF04/0012/I689,MO,44.255449,10.805908,72.0,4901848.389,1644194.995
PF05/0012/I689,MO,44.260163,10.806041,50.0,4902372.291,1644194.092
PF01/0013/I689,MO,44.262198,10.81743,8.0,4902618.29,1645098.21
PF02/0013/I689,MO,44.266519,10.826874,52.0,4903115.009,1645841.338
PF03/0013/I689,MO,44.265346,10.810006,52.0,4902954.898,1644497.877
PF04/0013/I689,MO,44.266407,10.814132,52.0,4903080.088,1644824.638
PF05/0013/I689,MO,44.261272,10.821502,52.0,4902522.733,1645425.518
PF06/0013/I689,MO,44.259786,10.827648,52.0,4902368.54,1645919.821
PF07/0013/I689,MO,44.261386,10.813237,52.0,4902520.753,1644765.469
PF08/0013/I689,MO,44.260821,10.809811,52.0,4902451.929,1644493.383
PF09/0013/I689,MO,44.257238,10.810651,52.0,4902055.481,1644569.227
PF10/0013/I689,MO,44.264293,10.828418,52.0,4902870.479,1645970.061
PF12/0013/I689,MO,44.257295,10.810362,8.0,4902061.29,1644546.02
PF13/0013/I689,MO,44.264746,10.822299,52.0,4902909.951,1645480.533
PF14/0013/I689,MO,44.259551,10.811528,50.0,4902313.879,1644633.529
PF01/0014/I689,MO,44.262985,10.832871,72.0,4902733.141,1646328.799
PF02/0014/I689,MO,44.259392,10.836271,54.0,4902340.109,1646609.08
PF03/0014/I689,MO,44.27051,10.831578,50.0,4903566.753,1646206.92
PF04/0014/I689,MO,44.267433,10.836674,52.0,4903233.982,1646621.252
PF05/0014/I689,MO,44.268033,10.832511,52.0,4903293.217,1646287.498
PF06/0014/I689,MO,44.260366,10.83057,12.0,4902438.2,1646151.6
PF01/0015/I689,MO,44.25759,10.839226,70.0,4902145.295,1646849.454
PF02/0015/I689,MO,44.262673,10.842879,70.0,4902716.354,1647128.421
PF03/0015/I689,MO,44.265642,10.838453,72.0,4903038.226,1646767.713
PF02/0016/I689,MO,44.260939,10.849897,72.0,4902536.432,1647692.94
PF03/0016/I689,MO,44.266973,10.862364,52.0,4903229.111,1648672.926
PF04/0016/I689,MO,44.264461,10.861992,52.0,4902949.467,1648649.539
PF05/0016/I689,MO,44.262759,10.846633,8.0,4902732.72,1647427.82
PF07/0016/I689,MO,44.263376,10.849049,70.0,4902805.567,1647619.16
PF01/0017/I689,MO,44.258792,10.752642,52.0,4902127.575,1639934.74
PF02/0017/I689,MO,44.254154,10.760126,72.0,4901625.209,1640543.207
PF03/0017/I689,MO,44.257018,10.75025,72.0,4901926.401,1639747.977
PF01/0018/I689,MO,44.25349,10.763408,72.0,4901557.067,1640806.811
PF02/0018/I689,MO,44.253716,10.768221,72.0,4901590.403,1641190.476
PF03/0018/I689,MO,44.258517,10.771121,50.0,4902128.697,1641410.531
PF04/0018/I689,MO,44.263596,10.768879,8.0,4902688.95,1641219.33
PF05/0018/I689,MO,44.260314,10.766772,52.0,4902320.84,1641059.028
PF07/0018/I689,MO,44.259896,10.763774,72.0,4902269.192,1640820.751
PF01/0019/I689,MO,44.259337,10.778302,9.0,4902232.1,1641981.75
PF02/0019/I689,MO,44.253933,10.779164,70.0,4901633.417,1642063.606
PF03/0019/I689,MO,44.257507,10.774225,70.0,4902021.774,1641660.712
PF04/0019/I689,MO,44.261575,10.776519,52.0,4902477.611,1641834.052
PF06/0019/I689,MO,44.256382,10.783565,70.0,4901912.986,1642409.022
PF01/0020/I689,MO,44.257073,10.791912,8.0,4902004.28,1643073.66
PF02/0020/I689,MO,44.258713,10.795755,70.0,4902193.15,1643376.477
PF03/0020/I689,MO,44.255979,10.79462,72.0,4901887.455,1643292.546
PF04/0020/I689,MO,44.254502,10.799048,72.0,4901731.177,1643649.627
PF05/0020/I689,MO,44.253044,10.796923,72.0,4901565.557,1643483.509
PF02/0021/I689,MO,44.257174,10.8241,54.0,4902072.062,1645643.008
PF03/0021/I689,MO,44.256993,10.827299,54.0,4902057.667,1645898.837
PF04/0021/I689,MO,44.253762,10.813353,52.0,4901674.098,1644793.436
PF05/0021/I689,MO,44.252416,10.80966,52.0,4901518.112,1644501.929
PF06/0021/I689,MO,44.258835,10.818428,50.0,4902246.585,1645186.153
PF01/0022/I689,MO,44.25788,10.831175,52.0,4902163.092,1646206.06
PF02/0022/I689,MO,44.256702,10.83441,52.0,4902038.062,1646467.195
PF03/0022/I689,MO,44.25655,10.838816,70.0,4902028.958,1646819.341
PF04/0022/I689,MO,44.253311,10.836867,52.0,4901665.708,1646671.794
PF07/0022/I689,MO,44.25408,10.845319,70.0,4901766.332,1647344.613
PF08/0022/I689,MO,44.251265,10.830451,72.0,4901426.99,1646164.671
PF09/0022/I689,MO,44.251936,10.838241,72.0,4901515.455,1646784.935
PF10/0022/I689,MO,44.252034,10.840909,52.0,4901531.156,1646997.635
PF11/0022/I689,MO,44.252405,10.844102,70.0,4901578.004,1647251.661
PF12/0022/I689,MO,44.256709,10.834723,8.0,4902039.4,1646492.16
PF13/0022/I689,MO,44.253982,10.833186,52.0,4901733.658,1646376.23
PF14/0022/I689,MO,44.254232,10.828339,72.0,4901752.828,1645988.667
PF01/0023/I689,MO,44.255381,10.860852,72.0,4901938.781,1648581.443
PF02/0023/I689,MO,44.259248,10.854156,70.0,4902356.221,1648037.175
PF03/0023/I689,MO,44.256602,10.852801,70.0,4902059.875,1647935.64
PF04/0023/I689,MO,44.255225,10.849529,70.0,4901901.075,1647677.876
PF05/0023/I689,MO,44.255385,10.849698,8.0,4901919.11,1647691.0
PF01/0024/I689,MO,44.248943,10.749913,8.0,4901028.86,1639740.18
PF02/0024/I689,MO,44.250281,10.746418,52.0,4901171.645,1639457.975
PF03/0024/I689,MO,44.249213,10.748698,52.0,4901056.859,1639642.566
PF04/0024/I689,MO,44.249093,10.754609,52.0,4901053.573,1640114.731
PF05/0024/I689,MO,44.246634,10.743458,52.0,4900761.474,1639230.24
PF06/0024/I689,MO,44.245529,10.748683,50.0,4900647.584,1639650.049
PF07/0024/I689,MO,44.251376,10.750052,72.0,4901299.345,1639745.496
PF08/0024/I689,MO,44.249175,10.754466,52.0,4901062.396,1640103.164
PF09/0024/I689,MO,44.244905,10.740898,70.0,4900565.092,1639029.899
PF01/0025/I689,MO,44.24753,10.761933,70.0,4900892.464,1640703.248
PF02/0025/I689,MO,44.248011,10.765512,70.0,4900952.081,1640987.861
PF04/0025/I689,MO,44.247333,10.75695,70.0,4900862.113,1640305.84
PF05/0025/I689,MO,44.249859,10.767174,70.0,4901160.139,1641116.146
PF01/0026/I689,MO,44.242872,10.778774,50.0,4900404.108,1642059.067
PF02/0026/I689,MO,44.252527,10.771783,70.0,4901464.463,1641477.684
PF03/0026/I689,MO,44.250369,10.777933,52.0,4901235.361,1641973.858
PF04/0026/I689,MO,44.245866,10.778332,50.0,4900735.924,1642016.572
PF05/0026/I689,MO,44.244872,10.774763,72.0,4900619.336,1641733.99
PF06/0026/I689,MO,44.250239,10.778213,70.0,4901221.466,1641996.542
PF07/0026/I689,MO,44.252234,10.775434,70.0,4901438.187,1641769.88
PF03/0027/I689,MO,44.255644,10.791161,70.0,4901844.213,1643017.234
PF05/0027/I689,MO,44.250894,10.785976,70.0,4901307.649,1642614.754
PF06/0027/I689,MO,44.249984,10.784783,8.0,4901204.49,1642521.7
PF08/0027/I689,MO,44.24971,10.788482,50.0,4901180.477,1642817.7
PF09/0027/I689,MO,44.247924,10.787842,50.0,4900980.955,1642770.911
PF10/0027/I689,MO,44.24717,10.791674,72.0,4900903.845,1643078.747
PF11/0027/I689,MO,44.24545,10.788015,50.0,4900706.417,1642790.75
PF12/0027/I689,MO,44.24909,10.792323,52.0,4901118.327,1643125.857
PF13/0027/I689,MO,44.253295,10.786259,70.0,4901574.818,1642631.535
PF16/0027/I689,MO,44.250886,10.79254,10.0,4901318.1,1643138.8
PF17/0027/I689,MO,44.256132,10.787757,70.0,4901892.551,1642744.277
PF01/0028/I689,MO,44.249136,10.812878,8.0,4901159.43,1644766.86
PF02/0028/I689,MO,44.251615,10.798971,52.0,4901410.336,1643650.468
PF03/0028/I689,MO,44.250985,10.79603,52.0,4901335.274,1643417.263
PF04/0028/I689,MO,44.248448,10.796403,52.0,4901054.131,1643453.168
PF05/0028/I689,MO,44.244967,10.796708,8.0,4900667.99,1643485.96
PF06/0028/I689,MO,44.249113,10.801184,70.0,4901136.31,1643833.26
PF02/0029/I689,MO,44.249455,10.836067,72.0,4901235.97,1646617.537
PF03/0029/I689,MO,44.249617,10.839382,50.0,4901259.976,1646881.779
PF04/0029/I689,MO,44.250166,10.842465,50.0,4901326.385,1647126.559
PF05/0029/I689,MO,44.248019,10.829127,72.0,4901064.167,1646066.933
PF08/0029/I689,MO,44.248047,10.837907,52.0,4901082.934,1646767.901
PF10/0029/I689,MO,44.245435,10.832092,52.0,4900782.417,1646310.138
PF11/0029/I689,MO,44.244594,10.83649,70.0,4900696.771,1646663.342
PF12/0029/I689,MO,44.244589,10.839298,70.0,4900701.27,1646887.573
PF13/0029/I689,MO,44.244601,10.841953,70.0,4900707.399,1647099.529
PF14/0029/I689,MO,44.243484,10.832911,52.0,4900567.155,1646380.366
PF16/0029/I689,MO,44.248544,10.832914,52.0,4901129.157,1646368.003
PF18/0029/I689,MO,44.2434,10.832936,8.0,4900557.9,1646382.56
PF01/0030/I689,MO,44.248192,10.845985,70.0,4901113.477,1647412.497
PF02/0030/I689,MO,44.25079,10.853111,50.0,4901414.902,1647974.929
PF03/0030/I689,MO,44.246311,10.855952,12.0,4900922.5,1648213.0
PF04/0030/I689,MO,44.246427,10.848901,70.0,4900922.69,1647649.738
PF05/0030/I689,MO,44.243848,10.850764,50.0,4900639.549,1647804.93
PF01/0031/I689,MO,44.2377,10.731812,8.0,4899749.42,1638321.36
PF02/0031/I689,MO,44.24204,10.745676,70.0,4900254.974,1639418.163
PF03/0031/I689,MO,44.240236,10.748252,52.0,4900059.002,1639628.172
PF04/0031/I689,MO,44.244143,10.748425,70.0,4900493.179,1639632.742
PF05/0031/I689,MO,44.241747,10.742051,70.0,4900216.228,1639129.444
PF06/0031/I689,MO,44.23971,10.74492,5.0,4899994.83,1639363.32
PF07/0031/I689,MO,44.240256,10.738973,72.0,4900045.381,1638887.134
PF01/0032/I689,MO,44.238137,10.749669,70.0,4899828.237,1639746.243
PF03/0032/I689,MO,44.241497,10.753693,70.0,4900208.268,1640059.617
PF04/0032/I689,MO,44.235915,10.757487,70.0,4899594.722,1640375.871
PF05/0032/I689,MO,44.231896,10.753384,70.0,4899141.264,1640057.725
PF06/0032/I689,MO,44.23887,10.753268,70.0,4899915.702,1640031.927
PF07/0032/I689,MO,44.235853,10.751288,72.0,4899577.273,1639881.011
PF02/0033/I689,MO,44.235407,10.771072,72.0,4899561.603,1641461.968
PF03/0033/I689,MO,44.23522,10.768167,70.0,4899535.809,1641230.44
PF05/0033/I689,MO,44.232514,10.768718,52.0,4899236.177,1641280.874
PF06/0033/I689,MO,44.237852,10.761004,70.0,4899815.877,1640652.142
PF07/0033/I689,MO,44.245483,10.767118,72.0,4900674.031,1641122.105
PF08/0033/I689,MO,44.242502,10.763206,70.0,4900336.178,1640816.896
PF10/0033/I689,MO,44.235518,10.764329,70.0,4899562.313,1640923.203
PF11/0033/I689,MO,44.245233,10.770522,12.0,4900652.1,1641394.5
PF01/0034/I689,MO,44.243762,10.785246,70.0,4900514.157,1642573.694
PF02/0034/I689,MO,44.243417,10.788284,70.0,4900481.128,1642817.101
PF04/0034/I689,MO,44.242363,10.79092,72.0,4900368.662,1643030.176
PF06/0034/I689,MO,44.240571,10.790979,50.0,4900169.676,1643039.239
PF07/0034/I689,MO,44.237303,10.786417,70.0,4899798.757,1642682.844
PF08/0034/I689,MO,44.238093,10.789907,52.0,4899892.52,1642959.615
PF09/0034/I689,MO,44.236238,10.792935,72.0,4899691.765,1643205.879
PF10/0034/I689,MO,44.235235,10.795125,70.0,4899584.224,1643383.233
PF11/0034/I689,MO,44.239383,10.782555,52.0,4900023.073,1642369.36
PF01/0035/I689,MO,44.242395,10.838289,70.0,4900455.803,1646812.478
PF01/0037/I689,MO,44.237986,10.746952,8.0,4899806.78,1639529.66
PF02/0037/I689,MO,44.234975,10.748166,52.0,4899474.431,1639633.76
PF03/0037/I689,MO,44.232895,10.746193,52.0,4899240.021,1639481.056
PF04/0037/I689,MO,44.232124,10.749539,70.0,4899160.033,1639750.151
PF01/0038/I689,MO,44.235269,10.781419,8.0,4899564.2,1642288.62
PF02/0038/I689,MO,44.231517,10.772396,5.0,4899131.82,1641577.0
PF03/0038/I689,MO,44.240164,10.772311,52.0,4900092.157,1641549.511
PF04/0038/I689,MO,44.228382,10.776988,52.0,4898791.456,1641951.304
PF05/0038/I689,MO,44.228919,10.779881,50.0,4898856.113,1642181.079
PF06/0038/I689,MO,44.228294,10.783557,72.0,4898793.118,1642476.131
PF07/0038/I689,MO,44.231987,10.781982,50.0,4899200.575,1642341.495
PF08/0038/I689,MO,44.232965,10.779282,50.0,4899304.497,1642123.463
PF09/0038/I689,MO,44.237433,10.776922,70.0,4899796.741,1641924.264
PF10/0038/I689,MO,44.235273,10.774263,70.0,4899552.194,1641717.119
PF01/0039/I689,MO,44.231486,10.785335,52.0,4899150.756,1642610.443
PF02/0039/I689,MO,44.230264,10.793814,70.0,4899029.765,1643290.574
PF03/0039/I689,MO,44.234377,10.798055,8.0,4899494.0,1643619.27
PF04/0039/I689,MO,44.230183,10.790452,72.0,4899014.884,1643022.264
PF02/0040/I689,MO,44.226492,10.768305,52.0,4898566.572,1641262.348
PF03/0040/I689,MO,44.231223,10.760551,52.0,4899078.806,1640631.76
PF04/0040/I689,MO,44.229349,10.762934,50.0,4898874.741,1640826.495
PF05/0040/I689,MO,44.233609,10.766089,52.0,4899353.323,1641068.285
PF06/0040/I689,MO,44.224901,10.767602,8.0,4898388.7,1641209.96
PF07/0040/I689,MO,44.226466,10.763742,52.0,4898555.925,1640897.885
PF08/0040/I689,MO,44.229799,10.758529,50.0,4898917.149,1640473.653
PF01/0041/I689,MO,44.230469,10.771137,8.0,4899013.22,1641479.0
PF02/0041/I689,MO,44.226829,10.775075,52.0,4898615.691,1641802.259
PF03/0041/I689,MO,44.226894,10.772611,72.0,4898618.683,1641605.299
PF04/0041/I689,MO,44.228552,10.771677,52.0,4898801.182,1641526.685
PF05/0041/I689,MO,44.230327,10.774547,50.0,4899003.34,1641751.661
PF01/0042/I689,MO,44.223851,10.723075,3.0,4898196.52,1637655.88
PF01/0043/I689,MO,44.227954,10.745713,8.0,4898690.37,1639454.45
PF02/0043/I689,MO,44.218183,10.739567,8.0,4897594.61,1638986.53
PF01/0044/I689,MO,44.228868,10.749683,52.0,4898798.627,1639769.315
PF02/0044/I689,MO,44.229652,10.753536,70.0,4898892.325,1640075.189
PF01/0045/I689,MO,44.221513,10.762703,9.0,4898003.9,1640826.75
PF02/0045/I689,MO,44.222565,10.766201,54.0,4898126.792,1641103.629
PF03/0045/I689,MO,44.220152,10.759569,50.0,4897847.348,1640579.614
PF04/0045/I689,MO,44.220279,10.762201,12.0,4897866.0,1640789.6
PF01/0046/I689,MO,44.224959,10.773476,52.0,4898405.278,1641679.01
PF02/0046/I689,MO,44.223075,10.775138,52.0,4898198.887,1641816.239
PF03/0046/I689,MO,44.219881,10.774297,52.0,4897842.564,1641756.726
PF04/0046/I689,MO,44.222802,10.77203,52.0,4898163.124,1641568.67
PF05/0046/I689,MO,44.219316,10.764719,50.0,4897763.369,1640993.056
PF06/0046/I689,MO,44.216652,10.760245,3.0,4897459.84,1640641.95
PF01/0047/I689,MO,44.225411,10.777685,70.0,4898462.652,1642014.136
PF02/0047/I689,MO,44.228828,10.786515,50.0,4898857.593,1642711.089
PF03/0047/I689,MO,44.225591,10.786074,50.0,4898497.237,1642683.756
PF04/0047/I689,MO,44.225724,10.789082,50.0,4898517.272,1642923.679
PF05/0047/I689,MO,44.221065,10.777886,70.0,4897980.309,1642040.605
PF06/0047/I689,MO,44.225066,10.782709,50.0,4898433.062,1642416.181
PF07/0047/I689,MO,44.218451,10.77941,52.0,4897692.645,1642168.621
PF08/0047/I689,MO,44.221942,10.782125,50.0,4898085.065,1642377.098
PF09/0047/I689,MO,44.2202,10.785268,50.0,4897897.048,1642632.364
PF02/0048/I689,MO,44.217477,10.731143,50.0,4897501.987,1638315.216
PF03/0048/I689,MO,44.219295,10.724811,50.0,4897693.353,1637805.149
PF04/0048/I689,MO,44.216516,10.723615,50.0,4897382.638,1637716.104
PF05/0048/I689,MO,44.214837,10.718854,50.0,4897188.152,1637339.719
PF06/0048/I689,MO,44.21973,10.730566,12.0,4897751.36,1638263.9
PF01/0049/I689,MO,44.211825,10.723075,70.0,4896860.675,1637683.924
PF02/0049/I689,MO,44.211094,10.727065,52.0,4896786.148,1638004.354
PF03/0049/I689,MO,44.208779,10.717604,70.0,4896513.18,1637253.876
PF01/0050/I689,MO,44.203893,10.715192,8.0,4895966.4,1637072.56
PF01/0052/I689,MO,44.193652,10.6999,9.0,4894803.5,1635874.2
PF04/0001/I802,MO,44.787239,10.93202,21.0,4961149.455,1652865.742
PF02/0002/I802,MO,44.778456,10.933225,72.0,4960176.141,1652984.319
PF03/0002/I802,MO,44.778847,10.928356,56.0,4960210.399,1652597.998
PF04/0002/I802,MO,44.783106,10.920062,72.0,4960667.949,1651930.622
PF05/0002/I802,MO,44.786506,10.922595,21.0,4961050.355,1652122.145
PF01/0003/I802,MO,44.777367,10.942253,52.0,4960072.166,1653701.465
PF05/0003/I802,MO,44.781313,10.947891,48.0,4960521.125,1654137.082
PF07/0003/I802,MO,44.779559,10.944001,21.0,4960318.905,1653833.949
PF08/0003/I802,MO,44.776052,10.946972,21.0,4959934.949,1654078.343
PF01/0004/I802,MO,44.781648,10.917711,50.0,4960501.647,1651748.47
PF02/0004/I802,MO,44.776712,10.917582,52.0,4959953.023,1651751.218
PF05/0004/I802,MO,44.772606,10.916177,52.0,4959494.367,1651650.726
PF06/0004/I802,MO,44.769264,10.906879,70.0,4959105.762,1650923.723
PF09/0004/I802,MO,44.775381,10.911084,21.0,4959793.155,1651240.483
PF01/0005/I802,MO,44.768542,10.924146,70.0,4959057.727,1652292.026
PF02/0005/I802,MO,44.772124,10.919659,50.0,4959447.267,1651927.515
PF03/0005/I802,MO,44.775714,10.924561,52.0,4959855.241,1652306.034
PF06/0005/I802,MO,44.771911,10.926522,21.0,4959436.51,1652471.151
PF01/0006/I802,MO,44.774704,10.929247,52.0,4959751.877,1652679.461
PF02/0006/I802,MO,44.768326,10.930395,70.0,4959045.518,1652787.091
PF03/0006/I802,MO,44.770477,10.931922,70.0,4959287.327,1652902.223
PF04/0006/I802,MO,44.771358,10.939189,52.0,4959398.863,1653475.006
PF07/0006/I802,MO,44.772673,10.93592,52.0,4959538.791,1653212.781
PF08/0006/I802,MO,44.763849,10.938522,21.0,4958563.499,1653442.061
PF01/0007/I802,MO,44.770247,10.944763,50.0,4959285.973,1653919.013
PF02/0007/I802,MO,44.768265,10.950961,52.0,4959077.486,1654414.761
PF03/0007/I802,MO,44.764904,10.945601,54.0,4958694.018,1653999.508
PF07/0007/I802,MO,44.768723,10.947894,72.0,4959122.648,1654170.777
PF09/0007/I802,MO,44.770883,10.942172,21.0,4959351.661,1653712.264
PF01/0008/I802,MO,44.777443,10.961466,70.0,4960117.104,1655221.413
PF02/0008/I802,MO,44.77609,10.964655,52.0,4959972.862,1655477.399
PF03/0008/I802,MO,44.775117,10.967586,70.0,4959870.407,1655711.894
PF04/0008/I802,MO,44.773034,10.960708,52.0,4959625.891,1655173.258
PF06/0008/I802,MO,44.770683,10.95618,50.0,4959356.011,1654821.31
PF07/0008/I802,MO,44.769378,10.95926,52.0,4959216.997,1655068.512
PF10/0008/I802,MO,44.771096,10.958649,21.0,4959406.594,1655015.536
PF02/0009/I802,MO,44.774484,10.97296,52.0,4959810.41,1656138.849
PF04/0009/I802,MO,44.773107,10.974384,50.0,4959660.096,1656255.25
PF05/0009/I802,MO,44.771897,10.979594,56.0,4959535.779,1656670.731
PF06/0009/I802,MO,44.771578,10.984,72.0,4959508.762,1657020.308
PF07/0009/I802,MO,44.769484,10.983296,72.0,4959274.869,1656970.264
PF08/0009/I802,MO,44.768686,10.972732,50.0,4959165.837,1656136.429
PF09/0009/I802,MO,44.767572,10.976424,56.0,4959049.148,1656431.605
PF10/0009/I802,MO,44.765746,10.976605,50.0,4958846.694,1656450.819
PF12/0009/I802,MO,44.77769,10.975373,21.0,4960171.108,1656321.115
PF01/0010/I802,MO,44.768772,10.90621,50.0,4959049.934,1650872.107
PF02/0010/I802,MO,44.767406,10.911049,70.0,4958907.163,1651258.577
PF03/0010/I802,MO,44.766803,10.914529,52.0,4958846.584,1651535.564
PF04/0010/I802,MO,44.769451,10.909553,50.0,4959131.55,1651134.842
PF05/0010/I802,MO,44.768153,10.916919,70.0,4959001.006,1651721.097
PF06/0010/I802,MO,44.766017,10.916887,52.0,4958763.748,1651724.203
PF08/0010/I802,MO,44.763842,10.903882,50.0,4958497.934,1650700.681
PF09/0010/I802,MO,44.764263,10.909362,70.0,4958554.805,1651133.297
PF11/0010/I802,MO,44.765715,10.90569,56.0,4958709.331,1650838.852
PF12/0010/I802,MO,44.766936,10.907971,70.0,4958849.207,1651016.212
PF16/0010/I802,MO,44.762918,10.920088,70.0,4958425.479,1651985.652
PF18/0010/I802,MO,44.763805,10.923029,21.0,4958529.502,1652216.046
PF19/0010/I802,MO,44.764451,10.912545,21.0,4958581.699,1651384.644
PF01/0011/I802,MO,44.764085,10.912228,70.0,4958540.368,1651360.525
PF02/0011/I802,MO,44.758015,10.907788,72.0,4957857.905,1651024.958
PF03/0011/I802,MO,44.75629,10.901957,52.0,4957655.492,1650567.952
PF04/0011/I802,MO,44.760097,10.904184,50.0,4958082.479,1650734.302
PF05/0011/I802,MO,44.760958,10.902377,21.0,4958174.801,1650589.025
PF03/0012/I802,MO,44.765809,10.928882,70.0,4958763.004,1652674.007
PF06/0012/I802,MO,44.764612,10.932094,50.0,4958636.087,1652931.357
PF07/0012/I802,MO,44.763484,10.927786,50.0,4958502.663,1652593.392
PF08/0012/I802,MO,44.761487,10.931258,21.0,4958287.436,1652873.413
PF02/0013/I802,MO,44.759158,10.931735,70.0,4958029.542,1652917.329
PF04/0013/I802,MO,44.759826,10.927446,70.0,4958095.777,1652576.102
PF05/0013/I802,MO,44.76163,10.924451,21.0,4958290.552,1652334.303
PF01/0014/I802,MO,44.761453,10.949677,72.0,4958318.345,1654331.247
PF02/0014/I802,MO,44.757352,10.945772,52.0,4957855.475,1654033.133
PF03/0014/I802,MO,44.758268,10.941043,70.0,4957948.215,1653656.371
PF05/0014/I802,MO,44.761216,10.932928,70.0,4958260.442,1653006.271
PF07/0014/I802,MO,44.763493,10.944624,21.0,4958535.481,1653925.925
PF01/0015/I802,MO,44.763294,10.956296,72.0,4958535.455,1654850.161
PF02/0015/I802,MO,44.762564,10.951091,20.0,4958444.54,1654440.209
PF04/0016/I802,MO,44.767586,10.968902,52.0,4959036.284,1655836.291
PF05/0016/I802,MO,44.768558,10.965474,21.0,4959137.688,1655562.417
PF01/0017/I802,MO,44.761168,10.977221,50.0,4958339.355,1656511.993
PF03/0017/I802,MO,44.757397,10.982043,21.0,4957929.678,1656903.806
PF05/0018/I802,MO,44.766644,10.983852,70.0,4958960.416,1657021.952
PF06/0018/I802,MO,44.760152,10.988166,70.0,4958247.538,1657380.94
PF08/0018/I802,MO,44.770607,10.987452,52.0,4959407.577,1657296.078
PF09/0018/I802,MO,44.757822,10.986222,10.0,4957984.99,1657233.435
PF10/0018/I802,MO,44.760863,10.983434,21.0,4958317.386,1657004.512
PF01/0019/I802,MO,44.755877,10.913704,70.0,4957631.406,1651498.768
PF02/0019/I802,MO,44.750735,10.910531,70.0,4957054.317,1651261.034
PF04/0019/I802,MO,44.753093,10.902655,70.0,4957301.544,1650631.459
PF06/0019/I802,MO,44.749587,10.912999,21.0,4956931.36,1651459.414
PF03/0020/I802,MO,44.758495,10.921417,70.0,4957936.54,1652102.401
PF05/0020/I802,MO,44.756339,10.920024,50.0,4957694.528,1651997.858
PF11/0020/I802,MO,44.75063,10.921663,50.0,4957063.365,1652142.518
PF12/0020/I802,MO,44.750319,10.92623,70.0,4957037.392,1652504.836
PF14/0020/I802,MO,44.748384,10.92477,72.0,4956819.697,1652394.367
PF16/0020/I802,MO,44.760639,10.918253,52.0,4958168.784,1651846.358
PF17/0020/I802,MO,44.748843,10.917025,50.0,4956856.157,1651780.073
PF18/0020/I802,MO,44.760895,10.92354,21.0,4958207.198,1652264.134
PF01/0021/I802,MO,44.755824,10.929867,50.0,4957655.713,1652778.231
PF03/0021/I802,MO,44.752181,10.9325,21.0,4957256.004,1652996.275
PF01/0022/I802,MO,44.756079,10.948225,72.0,4957718.705,1654230.67
PF03/0022/I802,MO,44.753971,10.955296,70.0,4957497.87,1654795.941
PF05/0022/I802,MO,44.755397,10.95218,21.0,4957650.454,1654545.507
PF01/0023/I802,MO,44.75644,10.967411,72.0,4957795.314,1655748.224
PF03/0023/I802,MO,44.752435,10.962055,70.0,4957340.168,1655335.039
PF04/0023/I802,MO,44.746956,10.960769,50.0,4956729.107,1655247.901
PF05/0023/I802,MO,44.750991,10.964882,21.0,4957185.217,1655562.719
PF01/0024/I802,MO,44.754095,10.982079,72.0,4957562.963,1656915.591
PF02/0024/I802,MO,44.751404,10.97755,52.0,4957255.335,1656564.341
PF03/0024/I802,MO,44.750216,10.969737,52.0,4957108.329,1655949.073
PF06/0024/I802,MO,44.748519,10.978391,21.0,4956936.421,1656638.745
PF01/0025/I802,MO,44.745161,10.913877,52.0,4956441.342,1651540.496
PF02/0025/I802,MO,44.746968,10.899175,52.0,4956614.715,1650371.872
PF03/0025/I802,MO,44.749506,10.901394,52.0,4956900.781,1650540.971
PF04/0025/I802,MO,44.742865,10.902494,70.0,4956165.111,1650645.322
PF05/0025/I802,MO,44.454231,11.337461,21.0,0.0,0.0
PF01/0026/I802,MO,44.747791,10.924383,70.0,4956753.054,1652365.311
PF02/0026/I802,MO,44.740829,10.917053,10.0,4955966.049,1651803.225
PF06/0026/I802,MO,44.745886,10.920089,70.0,4956533.437,1652030.367
PF07/0026/I802,MO,44.74465,10.925925,70.0,4956407.03,1652495.586
PF09/0026/I802,MO,44.742728,10.921189,70.0,4956184.706,1652125.707
PF11/0026/I802,MO,44.742543,10.928126,52.0,4956177.116,1652675.446
PF12/0026/I802,MO,44.748043,10.93386,70.0,4956798.857,1653114.883
PF13/0026/I802,MO,44.742289,10.925005,12.0,4956143.0,1652429.0
PF15/0026/I802,MO,44.748783,10.926228,21.0,4956866.759,1652508.743
PF01/0027/I802,MO,44.754969,10.939025,50.0,4957577.909,1653505.402
PF02/0027/I802,MO,44.750971,10.9367,50.0,4957129.511,1653331.963
PF04/0027/I802,MO,44.746509,10.942043,70.0,4956643.866,1653766.689
PF06/0027/I802,MO,44.745721,10.937071,21.0,4956546.998,1653375.192
PF01/0028/I802,MO,44.75124,10.951162,52.0,4957186.7,1654476.012
PF07/0028/I802,MO,44.74902,10.953809,21.0,4956945.156,1654691.464
PF08/0028/I802,MO,44.747863,10.957259,21.0,4956823.195,1654967.661
PF09/0028/I802,MO,44.746835,10.949791,21.0,4956694.803,1654379.214
PF02/0029/I802,MO,44.740313,10.945781,70.0,4955962.704,1654079.103
PF04/0029/I802,MO,44.744598,10.946723,70.0,4956440.416,1654142.231
PF06/0029/I802,MO,44.738557,10.952438,21.0,4955780.266,1654610.834
PF02/0030/I802,MO,44.748538,10.974545,52.0,4956931.169,1656334.214
PF03/0030/I802,MO,44.747742,10.968572,52.0,4956831.317,1655863.495
PF06/0030/I802,MO,44.746094,10.982166,70.0,4956674.422,1656944.146
PF08/0030/I802,MO,44.746118,10.977359,52.0,4956667.757,1656563.496
PF10/0030/I802,MO,44.743911,10.976026,52.0,4956420.1,1656463.924
PF14/0030/I802,MO,44.741475,10.980662,50.0,4956158.385,1656837.521
PF15/0030/I802,MO,44.743383,10.98246,52.0,4956373.825,1656974.749
PF16/0030/I802,MO,44.742385,10.974067,12.0,4956246.8,1656313.0
PF17/0030/I802,MO,44.745995,10.964095,70.0,4956628.682,1655513.818
PF18/0030/I802,MO,44.744878,10.973253,52.0,4956522.087,1656241.782
PF19/0030/I802,MO,44.747731,10.981037,21.0,4956853.983,1656850.337
PF20/0030/I802,MO,44.740797,10.972922,21.0,4956068.217,1656226.616
PF02/0031/I802,MO,44.739187,10.987946,50.0,4955918.242,1657420.454
PF03/0031/I802,MO,44.745702,10.985467,21.0,4956637.14,1657206.528
PF01/0032/I802,MO,44.735234,10.89913,70.0,4955311.2,1650398.755
PF02/0032/I802,MO,44.73753,10.89846,52.0,4955565.057,1650339.795
PF03/0032/I802,MO,44.743287,10.899238,52.0,4956205.964,1650386.429
PF05/0032/I802,MO,44.737617,10.893405,50.0,4955565.405,1649939.275
PF07/0032/I802,MO,44.73178,10.898066,21.0,4954925.571,1650323.465
PF01/0033/I802,MO,44.741147,10.907932,50.0,4955984.343,1651080.32
PF07/0033/I802,MO,44.739111,10.912884,52.0,4955767.361,1651477.662
PF09/0033/I802,MO,44.737763,10.918551,50.0,4955628.267,1651929.888
PF10/0033/I802,MO,44.737997,10.904717,70.0,4955628.456,1650833.944
PF11/0033/I802,MO,44.737321,10.907405,72.0,4955558.376,1651048.558
PF14/0033/I802,MO,44.735443,10.912693,50.0,4955359.628,1651472.106
PF15/0033/I802,MO,44.734311,10.903213,70.0,4955216.207,1650724.436
PF17/0033/I802,MO,44.736434,10.915833,52.0,4955475.456,1651718.155
PF18/0033/I802,MO,44.740234,10.910524,21.0,4955887.773,1651287.895
PF01/0034/I802,MO,44.738137,10.924651,5.0,4955681.15,1652411.89
PF02/0034/I802,MO,44.740104,10.923656,52.0,4955897.811,1652327.901
PF03/0034/I802,MO,44.740049,10.927025,52.0,4955897.967,1652594.83
PF04/0034/I802,MO,44.738649,10.921815,72.0,4955732.761,1652186.004
PF05/0034/I802,MO,44.738357,10.927399,72.0,4955710.775,1652628.88
PF06/0034/I802,MO,44.739671,10.924999,20.0,4955852.246,1652435.408
PF02/0035/I802,MO,44.736028,10.921069,72.0,4955440.188,1652133.771
PF03/0035/I802,MO,44.73623,10.924586,70.0,4955469.188,1652411.711
PF04/0035/I802,MO,44.734521,10.92471,20.0,4955279.616,1652426.062
PF05/0035/I802,MO,44.737678,10.919979,21.0,4955621.461,1652043.18
PF01/0036/I802,MO,44.741402,10.931074,70.0,4956055.912,1652911.843
PF04/0036/I802,MO,44.739968,10.939449,70.0,4955912.402,1653578.627
PF05/0036/I802,MO,44.737568,10.929507,50.0,4955627.073,1652797.883
PF06/0036/I802,MO,44.738154,10.93533,70.0,4955703.066,1653257.381
PF08/0036/I802,MO,44.736431,10.937202,70.0,4955515.193,1653410.153
PF12/0036/I802,MO,44.736197,10.9325,50.0,4955480.407,1653038.444
PF13/0036/I802,MO,44.742271,10.935013,52.0,4956159.803,1653221.365
PF14/0036/I802,MO,44.735578,10.928587,21.0,4955404.302,1652730.263
PF01/0037/I802,MO,44.737386,10.941582,70.0,4955629.534,1653754.406
PF02/0037/I802,MO,44.734612,10.950316,52.0,4955337.959,1654453.259
PF04/0037/I802,MO,44.729768,10.946483,21.0,4954792.642,1654162.704
PF01/0038/I802,MO,44.743486,10.969065,70.0,4956359.443,1655914.01
PF02/0038/I802,MO,44.740295,10.966474,70.0,4956000.08,1655717.419
PF03/0038/I802,MO,44.742139,10.961982,70.0,4956196.275,1655356.83
PF04/0038/I802,MO,44.73607,10.96077,50.0,4955519.826,1655277.123
PF05/0038/I802,MO,44.734657,10.963328,50.0,4955367.742,1655483.437
PF07/0038/I802,MO,44.740138,10.960476,70.0,4955971.16,1655242.981
PF09/0038/I802,MO,44.737189,10.957123,50.0,4955637.143,1654985.41
PF10/0038/I802,MO,44.732269,10.962263,21.0,4955100.476,1655405.576
PF11/0038/I802,MO,44.733653,10.959313,21.0,4955248.589,1655168.282
PF01/0039/I802,MO,44.739831,10.970552,70.0,4955956.288,1656041.527
PF03/0039/I802,MO,44.737536,10.970142,50.0,4955700.577,1656015.273
PF05/0039/I802,MO,44.735183,10.983292,52.0,4955464.44,1657062.809
PF06/0039/I802,MO,44.733752,10.975393,50.0,4955290.336,1656441.199
PF07/0039/I802,MO,44.732858,10.968206,50.0,4955177.254,1655874.533
PF08/0039/I802,MO,44.737176,10.978707,21.0,4955677.1,1656694.409
PF09/0039/I802,MO,44.735569,10.971046,21.0,4955483.864,1656092.162
PF03/0040/I802,MO,44.726741,10.894941,52.0,4954360.022,1650089.062
PF04/0040/I802,MO,44.729222,10.897349,52.0,4954640.101,1650273.296
PF05/0040/I802,MO,44.728207,10.900122,52.0,4954532.404,1650495.544
PF07/0040/I802,MO,44.725686,10.902336,50.0,4954256.489,1650677.368
PF08/0040/I802,MO,44.725457,10.899089,21.0,4954225.069,1650420.864
PF02/0041/I802,MO,44.733868,10.911481,52.0,4955182.358,1651380.285
PF05/0041/I802,MO,44.72959,10.904881,72.0,4954694.859,1650868.81
PF07/0041/I802,MO,44.729344,10.913336,50.0,4954683.257,1651538.976
PF08/0041/I802,MO,44.728136,10.906613,70.0,4954536.557,1651009.741
PF09/0041/I802,MO,44.727394,10.91754,50.0,4954474.461,1651876.95
PF10/0041/I802,MO,44.726747,10.911969,52.0,4954392.257,1651437.503
PF12/0041/I802,MO,44.724735,10.913507,70.0,4954171.549,1651564.558
PF14/0041/I802,MO,44.722674,10.907649,70.0,4953931.737,1651105.989
PF16/0041/I802,MO,44.732548,10.915552,50.0,4955043.363,1651706.104
PF17/0041/I802,MO,44.722646,10.906226,21.0,4953926.024,1650993.383
PF18/0041/I802,MO,44.730374,10.910458,21.0,4954792.349,1651308.39
PF01/0042/I802,MO,44.735341,10.918662,50.0,4955359.384,1651944.978
PF02/0042/I802,MO,44.734034,10.920942,50.0,4955218.441,1652129.002
PF06/0042/I802,MO,44.729567,10.918166,50.0,4954717.065,1651920.845
PF07/0042/I802,MO,44.728023,10.922477,50.0,4954553.54,1652266.294
PF09/0042/I802,MO,44.724962,10.917791,50.0,4954204.806,1651903.23
PF10/0042/I802,MO,44.723211,10.92199,52.0,4954018.155,1652240.361
PF11/0042/I802,MO,44.722585,10.924964,52.0,4953954.168,1652477.551
PF13/0042/I802,MO,44.733291,10.91824,50.0,4955130.884,1651916.979
PF14/0042/I802,MO,44.730538,10.922768,20.0,4954833.528,1652282.749
PF15/0042/I802,MO,44.72599,10.920216,20.0,4954323.541,1652092.588
PF01/0043/I802,MO,44.730608,10.927347,50.0,4954849.873,1652645.107
PF02/0043/I802,MO,44.731211,10.930104,70.0,4954922.005,1652861.872
PF04/0043/I802,MO,44.727671,10.934966,70.0,4954537.91,1653256.198
PF06/0043/I802,MO,44.733585,10.941875,72.0,4955207.945,1653787.684
PF07/0043/I802,MO,44.731514,10.943894,72.0,4954981.669,1653952.99
PF12/0043/I802,MO,44.72287,10.939168,21.0,4954012.545,1653601.63
PF01/0044/I802,MO,44.730034,10.958455,50.0,4954844.888,1655110.01
PF02/0044/I802,MO,44.727673,10.948572,50.0,4954563.879,1654333.691
PF03/0044/I802,MO,44.727945,10.954872,50.0,4954606.025,1654831.79
PF04/0044/I802,MO,44.729864,10.951734,52.0,4954813.277,1654578.25
PF06/0044/I802,MO,44.731562,10.958348,21.0,4955014.469,1655097.384
PF02/0045/I802,MO,44.722595,10.963276,70.0,4954027.773,1655511.683
PF03/0045/I802,MO,44.729182,10.97048,50.0,4954773.269,1656064.515
PF04/0045/I802,MO,44.724906,10.971251,70.0,4954299.754,1656137.068
PF05/0045/I802,MO,44.725994,10.967294,21.0,4954413.034,1655820.723
PF06/0045/I802,MO,44.728325,10.967715,21.0,4954672.779,1655847.801
PF02/0046/I802,MO,44.729052,10.97776,52.0,4954772.73,1656641.337
PF03/0046/I802,MO,44.726976,10.973894,72.0,4954534.671,1656340.775
PF05/0046/I802,MO,44.729994,10.97249,21.0,4954867.334,1656221.432
PF01/0047/I802,MO,44.721121,10.906509,50.0,4953757.163,1651019.757
PF03/0047/I802,MO,44.717187,10.907843,52.0,4953322.652,1651135.616
PF04/0047/I802,MO,44.718222,10.904855,50.0,4953431.977,1650896.315
PF05/0047/I802,MO,44.721005,10.904609,20.0,4953740.735,1650869.588
PF01/0048/I802,MO,44.7247,10.916633,70.0,4954173.51,1651812.163
PF02/0048/I802,MO,44.723667,10.919287,70.0,4954063.755,1652025.066
PF03/0048/I802,MO,44.723011,10.915483,70.0,4953983.747,1651725.497
PF05/0048/I802,MO,44.722667,10.922423,52.0,4953958.482,1652276.065
PF06/0048/I802,MO,44.721811,10.924723,50.0,4953867.779,1652460.477
PF07/0048/I802,MO,44.719706,10.921219,70.0,4953627.33,1652188.455
PF08/0048/I802,MO,44.719183,10.916567,52.0,4953560.532,1651821.402
PF12/0048/I802,MO,44.721764,10.928136,70.0,4953868.951,1652730.91
PF13/0048/I802,MO,44.719989,10.914644,21.0,4953646.522,1651667.011
PF01/0049/I802,MO,44.724991,10.939537,12.0,4954248.8,1653625.3
PF02/0049/I802,MO,44.72414,10.944523,70.0,4954163.695,1654022.357
PF04/0049/I802,MO,44.720974,10.932525,70.0,4953789.429,1653080.541
PF05/0049/I802,MO,44.719874,10.9355,56.0,4953672.748,1653319.057
PF06/0049/I802,MO,44.720455,10.938132,70.0,4953742.283,1653526.025
PF07/0049/I802,MO,44.719166,10.941556,70.0,4953605.565,1653800.587
PF08/0049/I802,MO,44.716822,10.93495,56.0,4953332.678,1653283.614
PF10/0049/I802,MO,44.72287,10.939168,20.0,4954012.545,1653601.63
PF01/0050/I802,MO,44.718159,10.945264,50.0,4953500.673,1654096.922
PF02/0050/I802,MO,44.722303,10.950536,70.0,4953970.999,1654503.516
PF05/0050/I802,MO,44.716199,10.949305,21.0,4953290.679,1654422.202
PF01/0051/I802,MO,44.72314,10.96096,5.0,4954083.81,1655326.79
PF02/0051/I802,MO,44.717629,10.954182,52.0,4953458.79,1654804.664
PF03/0051/I802,MO,44.715954,10.9517,52.0,4953267.975,1654612.545
PF04/0051/I802,MO,44.710897,10.954087,52.0,4952710.784,1654815.082
PF06/0051/I802,MO,44.725235,10.958037,52.0,4954311.03,1655089.719
PF07/0051/I802,MO,44.719085,10.956737,21.0,4953625.394,1655003.15
PF01/0052/I802,MO,44.710897,10.92217,70.0,4952650.528,1652286.898
PF03/0052/I802,MO,44.713264,10.932891,21.0,4952933.637,1653129.856
PF01/0053/I802,MO,44.712537,10.952297,52.0,4952889.473,1654668.981
PF03/0053/I802,MO,44.709891,10.949637,52.0,4952590.561,1654465.303
PF04/0053/I802,MO,44.704981,10.946383,70.0,4952039.001,1654220.584
PF06/0053/I802,MO,44.705843,10.943318,52.0,4952128.932,1653975.454
PF08/0053/I802,MO,44.712015,10.944396,21.0,4952816.599,1654044.484
PF09/0053/I802,MO,44.709288,10.938252,21.0,4952502.063,1653565.02
PF01/0001/I903,MO,44.577872,10.973167,70.0,4937970.318,1656684.217
PF02/0001/I903,MO,44.575339,10.974688,70.0,4937691.905,1656811.721
PF03/0001/I903,MO,44.573206,10.97377,52.0,4937453.171,1656744.571
PF04/0001/I903,MO,44.570259,10.974396,70.0,4937127.027,1656802.184
PF05/0001/I903,MO,44.568448,10.973584,52.0,4936924.315,1656742.568
PF07/0001/I903,MO,44.565427,10.975272,70.0,4936591.917,1656884.795
PF08/0001/I903,MO,44.566127,10.979588,70.0,4936677.974,1657225.605
PF01/0002/I903,MO,44.566357,10.999671,50.0,4936742.391,1658819.81
PF02/0002/I903,MO,44.562722,10.986668,60.0,4936313.39,1657797.021
PF03/0002/I903,MO,44.564117,10.982999,50.0,4936461.288,1657501.943
PF06/0002/I903,MO,44.562584,10.992374,70.0,4936309.16,1658250.53
PF07/0002/I903,MO,44.564948,10.990688,60.0,4936568.49,1658110.234
PF08/0002/I903,MO,44.568468,10.99377,50.0,4936965.479,1658345.428
PF09/0002/I903,MO,44.565588,10.996265,50.0,4936650.357,1658551.396
PF01/0003/I903,MO,44.556495,10.977454,70.0,4935604.013,1657082.084
PF02/0003/I903,MO,44.556026,10.972238,70.0,4935541.85,1656669.035
PF03/0003/I903,MO,44.562265,10.975926,70.0,4936242.025,1656945.174
PF04/0003/I903,MO,44.553258,10.973391,70.0,4935236.569,1656768.085
PF05/0003/I903,MO,44.556598,10.977136,5.0,4935614.78,1657056.55
PF02/0004/I903,MO,44.559686,10.988978,70.0,4935980.657,1657988.697
PF04/0004/I903,MO,44.558717,10.985724,70.0,4935866.738,1657732.888
PF05/0004/I903,MO,44.556611,10.983015,70.0,4935627.553,1657523.435
PF06/0004/I903,MO,44.561946,10.984069,70.0,4936222.254,1657592.772
PF01/0006/I903,MO,44.564014,10.999224,70.0,4936481.335,1658790.679
PF02/0006/I903,MO,44.562998,11.002139,52.0,4936374.075,1659024.9
PF03/0006/I903,MO,44.560667,11.000517,50.0,4936112.053,1658902.414
PF04/0006/I903,MO,44.558354,10.998145,70.0,4935850.495,1658720.398
PF01/0007/I903,MO,44.55646,11.003548,50.0,4935650.646,1659154.67
PF01/0008/I903,MO,44.558167,11.0073,52.0,4935847.568,1659447.958
PF02/0008/I903,MO,44.555788,11.006967,52.0,4935582.675,1659427.992
PF06/0008/I903,MO,44.55177,11.010215,70.0,4935142.608,1659696.955
PF07/0008/I903,MO,44.551482,11.014553,70.0,4935119.136,1660042.3
PF01/0009/I903,MO,44.547626,10.960539,72.0,4934586.387,1655762.286
PF02/0009/I903,MO,44.546466,10.965289,50.0,4934466.591,1656142.689
PF04/0009/I903,MO,44.550868,10.966822,70.0,4934958.525,1656252.692
PF05/0009/I903,MO,44.544035,10.95938,56.0,4934185.248,1655679.791
PF06/0009/I903,MO,44.544364,10.963747,50.0,4934230.188,1656025.789
PF01/0010/I903,MO,44.553825,10.97993,52.0,4935312.164,1657285.893
PF02/0010/I903,MO,44.550026,10.972817,70.0,4934876.495,1656731.165
PF01/0011/I903,MO,44.548058,10.993772,50.0,4934698.273,1658400.979
PF02/0011/I903,MO,44.545264,10.991751,52.0,4934383.956,1658248.003
PF03/0011/I903,MO,44.54572,10.98742,50.0,4934426.302,1657902.761
PF04/0011/I903,MO,44.552437,10.983748,70.0,4935165.285,1657592.933
PF05/0011/I903,MO,44.550342,10.988294,50.0,4934941.414,1657959.692
PF06/0011/I903,MO,44.548174,10.980319,52.0,4934685.223,1657332.066
PF01/0012/I903,MO,44.546767,10.997122,50.0,4934561.352,1658670.59
PF02/0012/I903,MO,44.543311,10.996753,50.0,4934176.771,1658650.684
PF04/0012/I903,MO,44.550366,10.998862,50.0,4934964.553,1658799.02
PF06/0012/I903,MO,44.55274,11.002509,50.0,4935235.356,1659082.261
PF01/0013/I903,MO,44.5528,11.006157,50.0,4935249.143,1659371.877
PF02/0013/I903,MO,44.550598,11.005645,50.0,4935003.496,1659337.162
PF03/0013/I903,MO,44.549744,11.016519,70.0,4934929.943,1660203.243
PF04/0013/I903,MO,44.546832,11.009496,52.0,4934592.689,1659653.328
PF06/0013/I903,MO,44.546741,11.012284,52.0,4934588.017,1659875.083
PF07/0013/I903,MO,44.548889,11.008213,70.0,4934818.753,1659545.83
PF08/0013/I903,MO,44.545232,11.01406,70.0,4934423.892,1660020.326
PF09/0013/I903,MO,44.543296,11.011981,72.0,4934204.79,1659860.403
PF10/0013/I903,MO,44.543103,11.005134,52.0,4934169.925,1659317.055
PF11/0013/I903,MO,44.542167,11.007486,70.0,4934070.638,1659506.457
PF13/0013/I903,MO,44.544461,11.007848,70.0,4934326.152,1659528.962
PF14/0013/I903,MO,44.547979,11.005315,70.0,4934711.931,1659318.152
PF15/0013/I903,MO,44.545899,11.004075,50.0,4934478.546,1659225.296
PF04/0014/I903,MO,44.548085,11.029081,50.0,4934770.367,1661205.682
PF05/0014/I903,MO,44.546577,11.023863,70.0,4934592.564,1660795.297
PF06/0014/I903,MO,44.551242,11.024017,70.0,4935111.064,1660794.685
PF01/0015/I903,MO,44.546639,10.971483,70.0,4934497.689,1656634.275
PF02/0015/I903,MO,44.545574,10.974918,70.0,4934385.967,1656909.991
PF03/0015/I903,MO,44.543588,10.971151,70.0,4934158.121,1656616.076
PF04/0015/I903,MO,44.542733,10.973716,70.0,4934068.123,1656822.142
PF05/0015/I903,MO,44.539429,10.972066,70.0,4933697.846,1656699.911
PF01/0016/I903,MO,44.543583,10.978148,72.0,4934171.001,1657171.901
PF02/0016/I903,MO,44.541876,10.981622,70.0,4933988.071,1657452.517
PF03/0016/I903,MO,44.534731,10.982357,70.0,4933195.781,1657530.159
PF04/0016/I903,MO,44.535833,10.979002,52.0,4933311.762,1657260.657
PF01/0017/I903,MO,44.53797,10.993517,52.0,4933577.246,1658408.043
PF02/0017/I903,MO,44.540308,10.995834,56.0,4933841.451,1658585.791
PF03/0017/I903,MO,44.538816,10.990299,70.0,4933664.926,1658150.165
PF04/0017/I903,MO,44.539704,10.988229,52.0,4933759.58,1657983.306
PF02/0018/I903,MO,44.538431,11.008975,70.0,4933658.523,1659634.931
PF03/0018/I903,MO,44.537561,11.001367,70.0,4933547.054,1659032.874
PF04/0018/I903,MO,44.535995,11.003252,56.0,4933376.72,1659186.91
PF06/0018/I903,MO,44.535701,11.007365,70.0,4933352.073,1659514.502
PF01/0019/I903,MO,44.543759,11.017026,50.0,4934266.163,1660259.94
PF02/0019/I903,MO,44.54433,11.024182,70.0,4934343.577,1660826.843
PF03/0019/I903,MO,44.541319,11.0139,70.0,4933988.982,1660018.317
PF04/0019/I903,MO,44.536672,11.021611,50.0,4933487.917,1660643.654
PF05/0019/I903,MO,44.535928,11.01929,70.0,4933400.672,1660461.308
PF08/0019/I903,MO,44.54054,11.022743,50.0,4933919.806,1660722.978
PF01/0020/I903,MO,44.545374,11.028405,70.0,4934467.919,1661159.442
PF02/0020/I903,MO,44.543918,11.03093,52.0,4934311.109,1661364.071
PF03/0020/I903,MO,44.54325,11.028282,50.0,4934231.756,1661155.532
PF04/0020/I903,MO,44.540701,11.02729,52.0,4933946.665,1661083.791
PF05/0020/I903,MO,44.540355,11.031014,52.0,4933915.543,1661380.561
PF06/0020/I903,MO,44.537922,11.030375,52.0,4933643.979,1661336.527
PF02/0021/I903,MO,44.525789,10.992301,70.0,4932221.809,1658344.461
PF03/0021/I903,MO,44.529109,10.993173,70.0,4932592.284,1658404.782
PF04/0021/I903,MO,44.532228,10.998932,70.0,4932949.834,1658853.945
PF05/0021/I903,MO,44.525326,10.989264,72.0,4932164.477,1658104.38
PF06/0021/I903,MO,44.534941,10.991814,70.0,4933237.442,1658280.994
PF03/0022/I903,MO,44.535009,11.000103,70.0,4933261.124,1658939.387
PF04/0022/I903,MO,44.534442,11.005749,72.0,4933209.134,1659389.54
PF06/0022/I903,MO,44.532252,11.011935,50.0,4932977.904,1659887.004
PF08/0022/I903,MO,44.532082,11.004196,56.0,4932943.944,1659272.582
PF09/0022/I903,MO,44.530295,11.00469,52.0,4932746.368,1659316.715
PF11/0022/I903,MO,44.534892,10.997138,12.0,4933242.3,1658704.14
PF01/0023/I903,MO,44.539589,11.012435,70.0,4933793.958,1659906.655
PF02/0023/I903,MO,44.538386,11.016363,50.0,4933668.009,1660222.041
PF03/0023/I903,MO,44.536514,11.009603,52.0,4933446.745,1659690.067
PF04/0023/I903,MO,44.536756,11.017407,70.0,4933489.003,1660309.447
PF05/0023/I903,MO,44.534795,11.009065,52.0,4933254.757,1659652.042
PF06/0023/I903,MO,44.534868,11.012203,70.0,4933269.055,1659901.181
PF07/0023/I903,MO,44.535057,11.014615,50.0,4933294.796,1660092.245
PF01/0024/I903,MO,44.532788,11.0255,3.0,4933064.11,1660963.38
PF02/0024/I903,MO,44.53418,11.018186,50.0,4933204.393,1660378.419
PF03/0024/I903,MO,44.534795,11.025057,50.0,4933286.197,1660922.638
PF04/0024/I903,MO,44.532041,11.021754,52.0,4932973.713,1660667.793
PF05/0024/I903,MO,44.534395,11.021443,70.0,4933234.667,1660636.62
PF01/0025/I903,MO,44.526626,11.020973,50.0,4932370.715,1660620.622
PF03/0025/I903,MO,44.531076,11.019525,52.0,4932862.179,1660493.33
PF04/0025/I903,MO,44.528965,11.019881,50.0,4932628.421,1660527.42
PF01/0026/I903,MO,44.53327,11.027866,52.0,4933122.326,1661150.057
PF02/0026/I903,MO,44.531041,11.025471,52.0,4932869.967,1660965.853
PF05/0026/I903,MO,44.52776,11.027998,72.0,4932510.525,1661175.722
PF09/0026/I903,MO,44.52473,11.024969,70.0,4932167.93,1660943.364
PF10/0026/I903,MO,44.524714,11.027935,52.0,4932172.033,1661179.081
PF01/0027/I903,MO,44.530928,11.016621,50.0,4932840.038,1660263.004
PF02/0027/I903,MO,44.532377,11.017487,52.0,4933002.668,1660327.809
PF01/0028/I903,MO,44.521036,11.002404,5.0,4931713.44,1659160.22
PF02/0028/I903,MO,44.527565,11.00047,70.0,4932434.924,1658988.768
PF03/0028/I903,MO,44.524635,11.008194,52.0,4932124.483,1659610.555
PF04/0028/I903,MO,44.526008,10.996748,70.0,4932254.742,1658697.275
PF02/0029/I903,MO,44.526971,11.017903,50.0,4932402.984,1660375.706
PF03/0029/I903,MO,44.522788,11.019081,70.0,4931940.607,1660480.761
PF04/0029/I903,MO,44.526346,11.010369,70.0,4932318.838,1659778.713
PF05/0029/I903,MO,44.522347,11.013027,52.0,4931879.791,1660000.878
PF07/0029/I903,MO,44.527388,11.011887,12.0,4932437.5,1659896.5
PF01/0030/I903,MO,44.524226,11.020216,70.0,4932102.6,1660567.029
PF02/0031/I903,MO,44.523354,11.03062,52.0,4932026.308,1661396.252
PF03/0031/I903,MO,44.521207,11.030758,70.0,4931788.067,1661413.112
PF01/0032/I903,MO,44.519855,10.982298,70.0,4931543.28,1657565.598
PF02/0032/I903,MO,44.517953,10.985464,70.0,4931338.089,1657822.335
PF03/0032/I903,MO,44.516847,10.983796,70.0,4931212.068,1657692.766
PF04/0032/I903,MO,44.514338,10.98068,50.0,4930927.31,1657451.833
PF07/0032/I903,MO,44.514409,10.97519,5.0,4930924.61,1657015.34
PF01/0033/I903,MO,44.517351,10.988575,70.0,4931277.189,1658071.177
PF04/0033/I903,MO,44.521754,10.995336,70.0,4931779.465,1658596.606
PF06/0033/I903,MO,44.514333,10.998761,72.0,4930961.699,1658888.925
PF07/0033/I903,MO,44.520725,10.998524,52.0,4931671.336,1658852.711
PF08/0033/I903,MO,44.516693,10.997539,52.0,4931221.521,1658785.459
PF09/0033/I903,MO,44.510627,10.994304,70.0,4930541.425,1658544.764
PF10/0033/I903,MO,44.521701,10.989533,70.0,4931762.269,1658135.552
PF11/0033/I903,MO,44.518257,10.991981,52.0,4931384.484,1658339.479
PF01/0034/I903,MO,44.517952,11.00365,70.0,4931373.32,1659267.695
PF02/0034/I903,MO,44.511064,10.998137,70.0,4930597.416,1658848.272
PF03/0034/I903,MO,44.513308,11.002508,70.0,4930855.195,1659189.538
PF04/0034/I903,MO,44.515475,11.004421,70.0,4931099.578,1659335.669
PF01/0035/I903,MO,44.520018,11.013663,52.0,4931622.374,1660057.791
PF02/0035/I903,MO,44.518717,11.018182,50.0,4931486.695,1660420.557
PF04/0035/I903,MO,44.517321,11.012458,70.0,4931320.39,1659969.448
PF05/0035/I903,MO,44.516524,11.017646,50.0,4931242.078,1660383.939
PF06/0035/I903,MO,44.516344,11.020486,70.0,4931227.559,1660610.116
PF07/0035/I903,MO,44.515364,11.009156,70.0,4931096.517,1659712.351
PF08/0035/I903,MO,44.5156,11.015308,52.0,4931134.801,1660200.614
PF10/0035/I903,MO,44.514239,11.016092,50.0,4930985.105,1660266.72
PF11/0035/I903,MO,44.513057,11.013439,52.0,4930848.714,1660059.091
PF12/0035/I903,MO,44.513001,11.022457,70.0,4930860.172,1660775.983
PF14/0035/I903,MO,44.511405,11.017657,52.0,4930673.428,1660398.827
PF15/0035/I903,MO,44.51117,11.022455,52.0,4930656.746,1660780.871
PF16/0035/I903,MO,44.510579,11.009295,70.0,4930565.257,1659736.428
PF18/0035/I903,MO,44.508986,11.019846,70.0,4930408.981,1660579.515
PF22/0035/I903,MO,44.507073,11.017935,70.0,4930192.812,1660432.83
PF24/0035/I903,MO,44.511372,11.013302,70.0,4930661.233,1660052.777
PF25/0035/I903,MO,44.506159,11.022262,70.0,4930099.787,1660779.306
PF01/0036/I903,MO,44.520858,11.02352,70.0,4931734.996,1660838.836
PF03/0036/I903,MO,44.517717,11.030549,52.0,4931399.912,1661406.122
PF04/0036/I903,MO,44.516434,11.028577,70.0,4931253.574,1661252.954
PF05/0036/I903,MO,44.51538,11.033615,52.0,4931146.4,1661656.274
PF01/0037/I903,MO,44.513131,11.030037,52.0,4930889.558,1661378.111
PF02/0037/I903,MO,44.512599,11.034714,52.0,4930839.622,1661751.327
PF03/0037/I903,MO,44.510003,11.024801,52.0,4930531.763,1660970.543
PF04/0037/I903,MO,44.509748,11.030233,12.0,4930514.1,1661403.0
PF05/0037/I903,MO,44.510056,11.033112,52.0,4930554.022,1661630.979
PF06/0037/I903,MO,44.507332,11.024437,52.0,4930234.354,1660948.938
PF08/0037/I903,MO,44.507272,11.028934,12.0,4930236.5,1661306.6
PF09/0037/I903,MO,44.505386,11.025011,70.0,4930019.313,1660999.943
PF11/0037/I903,MO,44.506059,11.031905,70.0,4930107.693,1661546.119
PF01/0038/I903,MO,44.510769,10.985192,72.0,4930539.517,1657820.07
PF02/0038/I903,MO,44.507848,10.983046,70.0,4930210.963,1657657.362
PF03/0038/I903,MO,44.509785,10.979343,72.0,4930418.936,1657357.8
PF04/0038/I903,MO,44.508414,10.973773,50.0,4930255.984,1656918.775
PF05/0038/I903,MO,44.505324,10.982253,70.0,4929929.114,1657601.196
PF06/0038/I903,MO,44.511907,10.974505,52.0,4930645.423,1656967.611
PF07/0038/I903,MO,44.506382,10.97882,12.0,4930040.0,1657325.4
PF03/0001/L885,MO,44.508706,10.991747,50.0,4930323.085,1658346.729
PF05/0001/L885,MO,44.506546,10.995708,50.0,4930090.841,1658667.393
PF06/0001/L885,MO,44.506604,10.999684,72.0,4930104.95,1658983.353
PF07/0001/L885,MO,44.507346,11.002664,52.0,4930193.209,1659218.166
PF08/0001/L885,MO,44.505697,10.985452,52.0,4929976.629,1657854.442
PF10/0001/L885,MO,44.503044,10.982591,70.0,4929676.495,1657634.147
PF13/0001/L885,MO,44.503564,10.997408,70.0,4929762.839,1658810.697
PF14/0001/L885,MO,44.502458,10.999399,52.0,4929643.868,1658971.913
PF15/0001/L885,MO,44.502251,10.987284,70.0,4929597.408,1658009.37
PF16/0001/L885,MO,44.501793,10.994273,50.0,4929560.057,1658566.219
PF17/0001/L885,MO,44.505501,10.993157,52.0,4929969.792,1658467.451
PF01/0002/L885,MO,44.509898,11.002029,72.0,4930475.438,1659160.731
PF02/0002/L885,MO,44.50958,11.006603,70.0,4930449.015,1659525.23
PF06/0002/L885,MO,44.506235,11.005038,52.0,4930074.463,1659409.945
PF08/0002/L885,MO,44.50568,11.019999,50.0,4930042.054,1660600.766
PF09/0002/L885,MO,44.504747,11.003572,52.0,4929906.315,1659297.45
PF10/0002/L885,MO,44.504793,11.009507,52.0,4929923.017,1659769.083
PF12/0002/L885,MO,44.503507,11.020169,70.0,4929801.067,1660620.235
PF13/0002/L885,MO,44.503652,11.005499,72.0,4929788.394,1659453.585
PF14/0002/L885,MO,44.503208,11.014172,70.0,4929756.033,1660144.275
PF15/0002/L885,MO,44.502135,11.017412,50.0,4929643.261,1660404.795
PF18/0002/L885,MO,44.501047,11.015629,50.0,4929518.87,1660266.02
PF19/0002/L885,MO,44.501158,11.020843,52.0,4929541.482,1660680.273
PF01/0003/L885,MO,44.504876,11.022975,70.0,4929958.661,1660839.529
PF03/0003/L885,MO,44.504943,11.029643,70.0,4929979.233,1661369.372
PF04/0003/L885,MO,44.504109,11.031999,72.0,4929891.253,1661558.986
PF05/0003/L885,MO,44.505047,11.035218,58.0,4930001.772,1661812.285
PF07/0003/L885,MO,44.503063,11.023405,50.0,4929758.045,1660878.648
PF09/0003/L885,MO,44.501907,11.030499,70.0,4929643.62,1661445.811
PF10/0003/L885,MO,44.499897,11.024992,72.0,4929409.538,1661013.537
PF11/0003/L885,MO,44.500825,11.033232,72.0,4929528.927,1661666.092
PF12/0003/L885,MO,44.49908,11.022373,50.0,4929313.595,1660807.571
PF13/0003/L885,MO,44.499639,11.027928,70.0,4929386.704,1661247.713
PF14/0003/L885,MO,44.498963,11.030872,70.0,4929317.404,1661483.57
PF15/0003/L885,MO,44.498651,11.03361,52.0,4929288.162,1661702.121
PF02/0004/L885,MO,44.498305,10.987423,70.0,4929159.365,1658031.097
PF04/0004/L885,MO,44.496425,10.991288,70.0,4928958.03,1658343.458
PF05/0004/L885,MO,44.494783,10.988924,70.0,4928770.996,1658159.989
PF06/0004/L885,MO,44.494135,10.980581,72.0,4928682.963,1657498.411
PF07/0004/L885,MO,44.497912,10.978441,72.0,4929098.343,1657318.1
PF08/0004/L885,MO,44.496933,10.981763,52.0,4928995.995,1657584.799
PF09/0004/L885,MO,44.499298,10.984259,52.0,4929263.549,1657776.877
PF10/0004/L885,MO,44.494686,10.984608,52.0,4928751.919,1657817.035
PF11/0004/L885,MO,44.499952,10.994362,50.0,4929355.794,1658578.268
PF12/0004/L885,MO,44.498511,10.992283,12.0,4929191.674,1658416.952
PF04/0005/L885,MO,44.500244,11.001659,50.0,4929402.341,1659157.611
PF05/0005/L885,MO,44.500021,11.005898,70.0,4929385.811,1659495.219
PF07/0005/L885,MO,44.49775,11.000373,52.0,4929122.787,1659062.145
PF08/0005/L885,MO,44.497832,11.007637,56.0,4929146.055,1659639.451
PF11/0005/L885,MO,44.495237,11.008952,52.0,4928860.417,1659751.113
PF12/0005/L885,MO,44.49507,10.995199,50.0,4928815.09,1658658.086
PF13/0005/L885,MO,44.495585,11.001604,50.0,4928884.765,1659165.912
PF14/0005/L885,MO,44.496213,10.998276,50.0,4928947.97,1658899.598
PF15/0005/L885,MO,44.498375,10.996848,50.0,4929185.389,1658780.194
PF01/0006/L885,MO,44.502238,11.012391,54.0,4929644.773,1660005.351
PF02/0006/L885,MO,44.500288,11.010997,52.0,4929425.473,1659899.861
PF03/0006/L885,MO,44.498957,11.01544,72.0,4929286.373,1660256.728
PF04/0006/L885,MO,44.498833,11.017969,52.0,4929277.486,1660458.133
PF08/0006/L885,MO,44.493047,11.011368,50.0,4928621.897,1659949.129
PF09/0006/L885,MO,44.493036,11.011251,70.0,4928620.37,1659939.888
PF10/0006/L885,MO,44.493934,11.014274,52.0,4928726.081,1660177.761
PF13/0006/L885,MO,44.49684,11.018573,70.0,4929057.303,1660511.597
PF01/0007/L885,MO,44.491912,11.016997,52.0,4928506.82,1660399.812
PF02/0007/L885,MO,44.493491,11.018815,70.0,4928685.771,1660540.075
PF03/0007/L885,MO,44.495228,11.021621,52.0,4928884.201,1660758.351
PF04/0007/L885,MO,44.492561,11.021239,52.0,4928587.295,1660735.368
PF01/0008/L885,MO,44.495701,11.027823,72.0,4928949.057,1661250.145
PF02/0008/L885,MO,44.495539,11.032061,52.0,4928939.395,1661587.557
PF03/0008/L885,MO,44.494056,11.029549,70.0,4928769.738,1661391.953
PF06/0008/L885,MO,44.489281,11.026444,70.0,4928233.181,1661158.185
PF07/0008/L885,MO,44.493605,11.025256,52.0,4928711.152,1661051.88
PF02/0009/L885,MO,44.489207,10.973134,50.0,4928121.277,1656919.489
PF03/0009/L885,MO,44.487738,10.970731,52.0,4927953.386,1656732.365
PF04/0009/L885,MO,44.486735,10.974587,52.0,4927849.407,1657041.641
PF05/0009/L885,MO,44.487992,10.979242,52.0,4927998.049,1657408.466
PF06/0009/L885,MO,44.493345,10.976765,52.0,4928587.802,1657197.115
PF07/0009/L885,MO,44.489918,10.968945,50.0,4928192.133,1656584.509
PF08/0009/L885,MO,44.491917,10.967591,50.0,4928411.641,1656471.475
PF01/0010/L885,MO,44.49203,10.981747,50.0,4928451.399,1657596.708
PF02/0010/L885,MO,44.492418,10.984841,52.0,4928500.419,1657841.73
PF03/0010/L885,MO,44.494513,10.993081,70.0,4928749.11,1658491.234
PF05/0010/L885,MO,44.491722,10.990049,70.0,4928433.152,1658257.655
PF06/0010/L885,MO,44.490085,10.98669,50.0,4928244.83,1657995.014
PF07/0010/L885,MO,44.489163,10.984322,50.0,4928137.851,1657809.205
PF08/0010/L885,MO,44.488388,10.988295,50.0,4928059.495,1658127.193
PF09/0010/L885,MO,44.486427,10.986624,70.0,4927838.379,1657999.678
PF10/0010/L885,MO,44.4866,10.992327,52.0,4927868.607,1658452.704
PF13/0010/L885,MO,44.481878,10.993241,70.0,4927345.929,1658538.142
PF01/0011/L885,MO,44.493164,11.00719,52.0,4928626.678,1659616.628
PF03/0011/L885,MO,44.490909,10.999061,70.0,4928360.368,1658976.483
PF10/0011/L885,MO,44.488806,10.992643,50.0,4928114.351,1658471.825
PF11/0011/L885,MO,44.488263,11.010823,70.0,4928089.443,1659918.913
PF12/0011/L885,MO,44.49363,11.000476,50.0,4928665.342,1659081.532
PF13/0011/L885,MO,44.493973,11.004158,50.0,4928710.666,1659373.362
PF15/0011/L885,MO,44.489216,10.996004,9.0,4928166.4,1658738.0
PF16/0011/L885,MO,44.491523,10.994372,70.0,4928419.481,1658601.932
PF17/0011/L885,MO,44.490323,11.004614,12.0,4928306.1,1659419.6
PF01/0012/L885,MO,44.491133,11.019393,70.0,4928424.969,1660592.475
PF03/0013/L885,MO,44.489299,11.006928,70.0,4928196.843,1659606.366
PF04/0013/L885,MO,44.488554,11.009415,52.0,4928118.927,1659806.189
PF05/0013/L885,MO,44.486888,11.004877,70.0,4927925.03,1659449.876
PF06/0013/L885,MO,44.485442,10.994553,52.0,4927744.377,1658632.79
PF01/0014/L885,MO,44.489148,11.01468,70.0,4928195.287,1660223.181
PF02/0014/L885,MO,44.486977,11.014256,70.0,4927953.229,1660195.41
PF01/0015/L885,MO,44.488226,11.018798,72.0,4928100.877,1660553.167
PF02/0015/L885,MO,44.48415,11.016862,70.0,4927644.308,1660410.398
PF03/0015/L885,MO,44.489476,11.02271,70.0,4928247.503,1660860.744
PF04/0015/L885,MO,44.483751,11.025531,50.0,4927617.05,1661100.86
PF06/0015/L885,MO,44.485529,11.020905,70.0,4927805.474,1660728.12
PF07/0015/L885,MO,44.486197,11.025502,72.0,4927888.691,1661091.841
PF01/0016/L885,MO,44.476988,10.960897,50.0,4926740.49,1655979.035
PF02/0016/L885,MO,44.473864,10.957223,52.0,4926386.52,1655695.106
PF03/0016/L885,MO,44.472902,10.964937,52.0,4926294.307,1656311.209
PF04/0016/L885,MO,44.481008,10.957425,70.0,4927180.454,1655692.168
PF05/0016/L885,MO,44.482763,10.963493,52.0,4927386.916,1656170.102
PF06/0016/L885,MO,44.477215,10.957728,52.0,4926759.666,1655726.348
PF07/0016/L885,MO,44.475798,10.95355,52.0,4926594.335,1655397.856
PF08/0016/L885,MO,44.484397,10.958793,12.0,4927559.5,1655792.0
PF01/0017/L885,MO,44.484878,10.971529,70.0,4927637.279,1656803.441
PF02/0017/L885,MO,44.47216,10.970268,70.0,4926222.135,1656737.253
PF03/0017/L885,MO,44.483897,10.968404,52.0,4927522.326,1656557.589
PF04/0017/L885,MO,44.481526,10.970086,70.0,4927262.186,1656697.728
PF01/0018/L885,MO,44.47189,10.976145,9.0,4926203.4,1657205.4
PF02/0018/L885,MO,44.4877,10.980453,50.0,4927967.889,1657505.548
PF06/0018/L885,MO,44.481062,10.979726,50.0,4927229.187,1657465.588
PF07/0018/L885,MO,44.477934,10.975483,72.0,4926873.544,1657136.552
PF08/0018/L885,MO,44.477213,10.978239,72.0,4926798.769,1657357.644
PF09/0018/L885,MO,44.477285,10.984456,52.0,4926818.663,1657851.91
PF10/0018/L885,MO,44.475509,10.982622,52.0,4926617.847,1657710.855
PF11/0018/L885,MO,44.475146,10.979607,52.0,4926571.777,1657471.991
PF12/0018/L885,MO,44.473081,10.978117,70.0,4926339.466,1657359.021
PF13/0018/L885,MO,44.482462,10.976336,70.0,4927378.083,1657192.206
PF01/0019/L885,MO,44.480755,10.984598,52.0,4927204.4,1657853.822
PF03/0019/L885,MO,44.480172,10.990385,52.0,4927150.884,1658315.629
PF04/0019/L885,MO,44.478105,10.986022,50.0,4926912.863,1657974.202
PF01/0020/L885,MO,44.482049,10.996277,70.0,4927370.756,1658779.146
PF02/0020/L885,MO,44.480495,10.99481,70.0,4927195.31,1658666.655
PF03/0020/L885,MO,44.476816,10.99462,50.0,4926786.328,1658661.561
PF04/0020/L885,MO,44.478237,10.992206,70.0,4926939.428,1658465.718
PF01/0021/L885,MO,44.478787,10.996332,70.0,4927008.504,1658792.343
PF02/0021/L885,MO,44.476196,10.998264,70.0,4926724.543,1658953.036
PF03/0021/L885,MO,44.476595,11.00166,50.0,4926775.433,1659222.016
PF01/0022/L885,MO,44.480766,10.99827,72.0,4927232.198,1658941.077
PF02/0022/L885,MO,44.4799,11.000351,70.0,4927139.966,1659108.905
PF03/0022/L885,MO,44.47988,11.002912,70.0,4927142.785,1659312.674
PF04/0022/L885,MO,44.478751,10.998211,50.0,4927008.203,1658941.907
PF05/0022/L885,MO,44.478196,11.001702,70.0,4926953.352,1659221.013
PF01/0023/L885,MO,44.483285,11.005049,50.0,4927525.144,1659473.361
PF03/0023/L885,MO,44.481692,11.002749,70.0,4927343.726,1659294.8
PF04/0023/L885,MO,44.479565,11.00765,50.0,4927117.069,1659690.302
PF05/0023/L885,MO,44.484184,11.002097,50.0,4927619.314,1659236.129
PF01/0024/L885,MO,44.485013,11.010947,50.0,4927728.573,1659937.66
PF03/0024/L885,MO,44.483118,11.01145,52.0,4927519.135,1659982.818
PF05/0024/L885,MO,44.481143,11.010131,52.0,4927297.126,1659883.289
PF06/0024/L885,MO,44.484983,11.00741,70.0,4927718.353,1659656.443
PF07/0024/L885,MO,44.483218,11.008179,50.0,4927523.799,1659722.399
PF01/0025/L885,MO,44.484493,11.013733,70.0,4927676.334,1660160.61
PF02/0025/L885,MO,44.482439,11.014652,50.0,4927449.929,1660239.319
PF03/0025/L885,MO,44.480403,11.01326,50.0,4927221.047,1660134.185
PF01/0026/L885,MO,44.477606,11.01033,3.0,4926904.64,1659908.78
PF02/0026/L885,MO,44.477718,11.00497,70.0,4926906.577,1659482.187
PF03/0026/L885,MO,44.47576,11.011379,52.0,4926701.645,1659997.288
PF04/0026/L885,MO,44.477603,11.013536,50.0,4926910.63,1660163.829
PF01/0027/L885,MO,44.477109,11.016914,70.0,4926862.353,1660433.798
PF02/0027/L885,MO,44.478684,11.022577,70.0,4927048.398,1660879.829
PF03/0027/L885,MO,44.480309,11.019909,50.0,4927223.635,1660663.255
PF05/0027/L885,MO,44.481813,11.023189,50.0,4927397.182,1660919.935
PF01/0028/L885,MO,44.46839,10.971119,70.0,4925804.996,1656815.034
PF02/0028/L885,MO,44.466461,10.974172,70.0,4925596.528,1657063.029
PF03/0028/L885,MO,44.470358,10.980879,52.0,4926042.381,1657586.093
PF04/0028/L885,MO,44.468547,10.97527,70.0,4925830.351,1657144.795
PF05/0028/L885,MO,44.469191,10.96606,52.0,4925884.305,1656410.444
PF06/0028/L885,MO,44.472693,10.983277,52.0,4926306.372,1657770.518
PF02/0029/L885,MO,44.46911,10.995207,52.0,4925931.454,1658729.084
PF03/0029/L885,MO,44.470901,10.986936,52.0,4926114.363,1658066.405
PF04/0029/L885,MO,44.468776,10.991598,52.0,4925887.291,1658442.954
PF05/0029/L885,MO,44.467415,10.984758,52.0,4925722.939,1657902.53
PF01/0030/L885,MO,44.475388,11.004477,50.0,4926646.856,1659449.376
PF02/0030/L885,MO,44.47304,10.997492,50.0,4926372.426,1658900.19
PF04/0030/L885,MO,44.47473,11.001458,50.0,4926567.896,1659211.0
PF01/0031/L885,MO,44.464785,10.979359,72.0,4925420.355,1657480.118
PF02/0031/L885,MO,44.464857,10.990626,48.0,4925450.153,1658376.255
PF03/0031/L885,MO,44.462255,10.983895,52.0,4925148.1,1657847.811
PF04/0031/L885,MO,44.462036,10.988508,48.0,4925132.714,1658215.333
PF01/0001/M183,MO,44.429999,11.012318,50.0,4921620.353,1660197.046
PF02/0001/M183,MO,44.423637,11.005694,70.0,4920900.76,1659687.086
PF03/0001/M183,MO,44.420398,11.004259,70.0,4920538.068,1659581.684
PF01/0002/M183,MO,44.419729,11.010679,62.0,4920476.325,1660094.594
PF02/0002/M183,MO,44.416624,11.009454,62.0,4920129.102,1660005.55
PF03/0002/M183,MO,44.416038,11.006465,52.0,4920058.119,1659769.192
PF01/0003/M183,MO,44.416767,11.017703,52.0,4920161.045,1660661.871
PF02/0003/M183,MO,44.4241,11.020804,72.0,4920981.776,1660888.615
PF04/0003/M183,MO,44.422909,11.023633,72.0,4920855.018,1661117.085
PF05/0003/M183,MO,44.427442,11.022489,50.0,4921356.223,1661013.579
PF01/0004/M183,MO,44.418522,11.026921,50.0,4920374.113,1661390.929
PF03/0004/M183,MO,44.422857,11.035543,52.0,4920872.76,1662065.335
PF02/0005/M183,MO,44.422653,11.039359,52.0,4920857.687,1662369.699
PF03/0005/M183,MO,44.42022,11.038583,52.0,4920585.826,1662314.651
PF05/0005/M183,MO,44.416966,11.047179,12.0,4920241.5,1663008.0
PF06/0005/M183,MO,44.417529,11.037859,12.0,4920285.5,1662264.5
PF01/0006/M183,MO,44.409451,11.018785,72.0,4919350.526,1660768.038
PF02/0006/M183,MO,44.410107,11.013155,52.0,4919412.346,1660318.002
PF01/0007/M183,MO,44.411755,11.028546,9.0,4919625.7,1661538.9
PF02/0007/M183,MO,44.413159,11.027256,72.0,4919779.159,1661432.343
PF03/0007/M183,MO,44.413027,11.030737,52.0,4919771.3,1661709.847
PF05/0007/M183,MO,44.410574,11.027195,72.0,4919491.844,1661434.599
PF01/0008/M183,MO,44.40628,11.03371,50.0,4919027.696,1661965.202
PF02/0008/M183,MO,44.40325,11.029703,72.0,4918683.228,1661654.448
PF03/0008/M183,MO,44.403554,11.033496,50.0,4918724.482,1661955.667
PF04/0008/M183,MO,44.414922,11.034077,52.0,4919988.4,1661970.552
PF01/0009/M183,MO,44.410253,11.0365,52.0,4919474.546,1662176.345
PF02/0009/M183,MO,44.401855,11.040431,50.0,4918549.539,1662512.635
PF03/0009/M183,MO,44.411354,11.039353,70.0,4919602.483,1662400.519
PF04/0009/M183,MO,44.4081,11.046758,70.0,4919255.752,1662999.163
PF05/0009/M183,MO,44.405863,11.041998,52.0,4918997.878,1662626.269
PF02/0010/M183,MO,44.40358,11.002408,72.0,4918666.417,1659480.024
PF03/0010/M183,MO,44.405085,11.00907,56.0,4918846.603,1660006.431
PF04/0010/M183,MO,44.407422,11.008815,12.0,4919105.654,1659979.792
PF02/0011/M183,MO,44.390594,11.006454,50.0,4917231.744,1659837.609
PF04/0011/M183,MO,44.39018,10.999339,12.0,4917172.0,1659272.0
PF01/0012/M183,MO,44.395375,11.01329,52.0,4917776.178,1660369.031
PF02/0012/M183,MO,44.3957,11.018188,50.0,4917821.926,1660758.219
PF03/0012/M183,MO,44.399587,11.012111,50.0,4918241.75,1660263.59
PF04/0012/M183,MO,44.394669,11.007384,72.0,4917686.294,1659900.546
PF01/0013/M183,MO,44.39964,11.027336,50.0,4918277.579,1661475.931
PF02/0013/M183,MO,44.398552,11.021967,50.0,4918146.171,1661051.334
PF03/0013/M183,MO,44.399059,11.033103,70.0,4918224.489,1661936.804
PF04/0013/M183,MO,44.397098,11.033096,52.0,4918006.589,1661941.601
PF01/0014/M183,MO,44.39474,10.991501,52.0,4917663.197,1658635.352
PF02/0014/M183,MO,44.385581,10.995477,70.0,4916653.594,1658976.847
PF03/0014/M183,MO,44.392777,10.992441,52.0,4917447.017,1658715.585
PF04/0014/M183,MO,44.389473,10.99614,50.0,4917087.151,1659019.133
PF05/0014/M183,MO,44.387328,10.990746,72.0,4916838.476,1658595.299
PF06/0014/M183,MO,44.385248,10.989407,72.0,4916604.884,1658494.237
PF01/0015/M183,MO,44.379131,11.009182,9.0,4915963.8,1660086.1
PF02/0015/M183,MO,44.387512,11.009086,52.0,4916894.557,1660055.579
PF03/0015/M183,MO,44.387685,11.012967,56.0,4916921.345,1660364.236
PF06/0015/M183,MO,44.381878,11.009186,72.0,4916268.983,1660078.933
PF07/0015/M183,MO,44.382385,11.012901,52.0,4916332.566,1660373.457
PF08/0015/M183,MO,44.38121,11.014983,52.0,4916206.119,1660542.531
PF09/0015/M183,MO,44.380877,11.005785,52.0,4916151.087,1659810.737
PF10/0015/M183,MO,44.37965,11.004047,52.0,4916011.4,1659675.6
PF11/0015/M183,MO,44.378819,11.006107,11.0,4915923.2,1659842.0
PF01/0016/M183,MO,44.394453,11.023246,52.0,4917693.35,1661164.461
PF03/0016/M183,MO,44.391141,11.014307,56.0,4917307.909,1660461.547
PF04/0016/M183,MO,44.392628,11.025275,52.0,4917494.59,1661331.027
PF05/0016/M183,MO,44.39078,11.021912,50.0,4917282.772,1661068.289
PF06/0016/M183,MO,44.387385,11.023761,72.0,4916909.257,1661224.841
PF07/0016/M183,MO,44.383385,11.020315,72.0,4916458.185,1660961.346
PF08/0016/M183,MO,44.385612,11.021087,12.0,4916707.11,1661016.74
PF01/0017/M183,MO,44.389748,11.028096,70.0,4917180.29,1661563.657
PF02/0017/M183,MO,44.390462,11.031993,50.0,4917267.282,1661872.123
PF01/0018/M183,MO,44.377795,10.982857,9.0,4915764.3,1657992.5
PF04/0018/M183,MO,44.382371,10.980132,50.0,4916267.319,1657763.11
PF05/0018/M183,MO,44.38034,10.982932,50.0,4916047.105,1657991.624
PF01/0019/M183,MO,44.383113,10.987921,50.0,4916364.755,1658381.648
PF03/0019/M183,MO,44.380422,10.994016,52.0,4916077.711,1658874.408
PF04/0019/M183,MO,44.379454,10.989579,52.0,4915961.561,1658523.53
PF05/0019/M183,MO,44.376927,10.993248,52.0,4915687.996,1658822.644
PF06/0019/M183,MO,44.373319,10.987122,50.0,4915275.347,1658344.346
PF07/0019/M183,MO,44.375425,10.986848,50.0,4915508.73,1658316.878
PF01/0020/M183,MO,44.386443,11.007719,10.0,4916773.2,1659949.6
PF02/0020/M183,MO,44.385924,10.998247,50.0,4916697.032,1659196.543
PF03/0020/M183,MO,44.386556,11.000832,50.0,4916772.286,1659400.767
PF04/0020/M183,MO,44.384234,11.006848,50.0,4916526.092,1659886.248
PF05/0020/M183,MO,44.383223,10.996619,52.0,4916393.857,1659074.204
PF08/0020/M183,MO,44.381223,11.002158,70.0,4916182.485,1659520.819
PF09/0020/M183,MO,44.379724,11.000595,52.0,4916012.971,1659400.365
PF10/0020/M183,MO,44.378637,10.997389,72.0,4915885.922,1659147.925
PF12/0020/M183,MO,44.379093,11.0051,50.0,4915951.589,1659761.045
PF13/0020/M183,MO,44.378277,11.007758,50.0,4915866.226,1659974.978
PF14/0020/M183,MO,44.377088,10.998159,52.0,4915715.371,1659213.494
PF15/0020/M183,MO,44.376728,11.003819,72.0,4915686.441,1659665.344
PF16/0020/M183,MO,44.375557,11.005952,72.0,4915560.488,1659838.46
PF01/0021/M183,MO,44.383226,11.023951,72.0,4916447.63,1661251.381
PF03/0021/M183,MO,44.379359,11.015886,50.0,4916002.273,1660619.578
PF06/0021/M183,MO,44.376468,11.010866,50.0,4915671.287,1660227.472
PF07/0021/M183,MO,44.375591,11.014102,70.0,4915580.25,1660487.705
PF08/0021/M183,MO,44.376808,11.020524,70.0,4915728.059,1660996.024
PF09/0021/M183,MO,44.378936,11.025583,52.0,4915974.315,1661393.222
PF10/0021/M183,MO,44.380505,11.021523,50.0,4916140.673,1661065.449
PF11/0021/M183,MO,44.381421,11.026979,72.0,4916253.171,1661497.553
PF01/0022/M183,MO,44.368505,10.966643,5.0,4914701.26,1656725.62
PF02/0022/M183,MO,44.375634,10.972353,72.0,4915504.084,1657161.446
PF03/0022/M183,MO,44.373538,10.968203,50.0,4915263.306,1656836.476
PF05/0022/M183,MO,44.374383,10.975784,70.0,4915371.719,1657438.202
PF06/0022/M183,MO,44.376818,10.976203,72.0,4915642.951,1657465.023
PF01/0023/M183,MO,44.374326,10.983073,50.0,4915379.444,1658019.041
PF02/0023/M183,MO,44.373564,10.979138,52.0,4915287.158,1657707.588
PF04/0023/M183,MO,44.37141,10.985238,52.0,4915059.675,1658199.377
PF05/0023/M183,MO,44.370704,10.982922,11.0,4914976.8,1658016.8
PF06/0023/M183,MO,44.369555,10.980716,72.0,4914844.935,1657844.109
PF07/0023/M183,MO,44.37061,10.988897,72.0,4914977.837,1658493.045
PF08/0023/M183,MO,44.369149,10.976432,72.0,4914791.55,1657503.853
PF09/0023/M183,MO,44.366087,10.977919,72.0,4914454.317,1657630.523
PF10/0023/M183,MO,44.367154,10.981444,72.0,4914579.643,1657908.53
PF12/0023/M183,MO,44.365816,10.988464,52.0,4914444.48,1658471.497
PF13/0023/M183,MO,44.367858,10.991701,72.0,4914677.579,1658723.919
PF01/0024/M183,MO,44.361952,10.974724,72.0,4913988.803,1657387.017
PF03/0024/M183,MO,44.364577,10.976589,72.0,4914283.955,1657528.621
PF04/0024/M183,MO,44.36383,10.987739,70.0,4914222.514,1658419.129
PF05/0024/M183,MO,44.364564,10.991317,70.0,4914310.952,1658702.215
PF06/0024/M183,MO,44.367084,10.973665,70.0,4914556.87,1657288.854
PF07/0024/M183,MO,44.363663,10.98373,52.0,4914196.283,1658100.113
PF01/0025/M183,MO,44.37348,10.996372,50.0,4915311.216,1659080.913
PF02/0025/M183,MO,44.372689,10.99791,72.0,4915226.309,1659205.586
PF03/0025/M183,MO,44.373633,11.004648,72.0,4915344.228,1659739.808
PF04/0025/M183,MO,44.371093,10.993328,72.0,4915040.149,1658844.794
PF05/0025/M183,MO,44.37172,11.002823,52.0,4915128.253,1659599.646
PF07/0025/M183,MO,44.368607,10.997743,52.0,4914772.511,1659203.293
PF08/0025/M183,MO,44.367709,10.995234,72.0,4914667.934,1659005.829
PF09/0025/M183,MO,44.365682,10.995765,70.0,4914443.785,1659053.595
PF10/0025/M183,MO,44.365524,10.998208,52.0,4914430.95,1659248.722
PF11/0025/M183,MO,44.363699,11.000786,52.0,4914233.239,1659459.099
PF12/0025/M183,MO,44.365243,10.993002,70.0,4914389.635,1658834.652
PF13/0025/M183,MO,44.36168,10.99067,70.0,4913989.354,1658658.464
PF14/0025/M183,MO,44.369504,11.000859,48.0,4914878.264,1659449.176
PF01/0026/M183,MO,44.37348,11.022308,8.0,4915361.8,1661147.3
PF02/0026/M183,MO,44.377653,11.008401,50.0,4915798.154,1660027.905
PF03/0026/M183,MO,44.37534,11.006539,72.0,4915537.557,1659885.82
PF04/0026/M183,MO,44.374858,11.010182,50.0,4915491.191,1660177.419
PF05/0026/M183,MO,44.376484,11.010192,11.0,4915671.8,1660173.8
PF06/0026/M183,MO,44.373572,11.007167,50.0,4915342.417,1659940.735
PF07/0026/M183,MO,44.375542,11.02455,50.0,4915595.273,1661320.2
PF08/0026/M183,MO,44.376441,11.022436,52.0,4915690.994,1661149.378
PF09/0026/M183,MO,44.374918,11.020369,70.0,4915517.757,1660988.804
PF10/0026/M183,MO,44.374823,11.01703,50.0,4915500.648,1660723.083
PF11/0026/M183,MO,44.373133,11.016842,70.0,4915312.561,1660712.727
PF13/0026/M183,MO,44.369908,11.020869,52.0,4914962.297,1661042.379
PF01/0027/M183,MO,44.370258,11.009574,52.0,4914978.952,1660141.529
PF02/0027/M183,MO,44.366627,11.004341,72.0,4914565.408,1659734.404
PF03/0027/M183,MO,44.367643,11.020137,52.0,4914709.201,1660990.316
PF04/0027/M183,MO,44.367507,11.009433,52.0,4914673.078,1660137.726
PF05/0027/M183,MO,44.369021,11.015873,70.0,4914853.923,1660646.742
PF01/0028/M183,MO,44.358701,10.945398,52.0,4913571.801,1655058.664
PF03/0028/M183,MO,44.354742,10.947558,50.0,4913136.096,1655241.259
PF04/0028/M183,MO,44.356522,10.942039,50.0,4913323.434,1654796.756
PF05/0028/M183,MO,44.358872,10.939276,52.0,4913579.285,1654570.372
PF06/0028/M183,MO,44.354716,10.935672,50.0,4913110.755,1654294.046
PF07/0028/M183,MO,44.351418,10.933333,12.0,4912740.04,1654116.28
PF01/0029/M183,MO,44.355531,10.958182,52.0,4913244.002,1656085.842
PF02/0029/M183,MO,44.354645,10.964206,52.0,4913157.03,1656568.337
PF03/0029/M183,MO,44.353127,10.957196,50.0,4912975.048,1656013.674
PF04/0029/M183,MO,44.355842,10.955161,50.0,4913272.753,1655844.245
PF05/0029/M183,MO,44.35146,10.951764,5.0,4912779.59,1655585.13
PF06/0029/M183,MO,44.353439,10.953469,72.0,4913002.654,1655715.772
PF01/0030/M183,MO,44.356485,10.977212,70.0,4913386.316,1657599.918
PF02/0030/M183,MO,44.355839,10.982466,70.0,4913324.661,1658020.402
PF03/0030/M183,MO,44.359361,10.977423,70.0,4913706.219,1657609.033
PF04/0030/M183,MO,44.354218,10.968726,70.0,4913118.27,1656929.706
PF05/0030/M183,MO,44.353649,10.979146,70.0,4913075.088,1657761.696
PF06/0030/M183,MO,44.352821,10.974163,52.0,4912973.463,1657366.721
PF07/0030/M183,MO,44.360679,10.983929,70.0,4913865.166,1658123.974
PF01/0031/M183,MO,44.353283,10.989563,70.0,4913054.536,1658592.889
PF02/0031/M183,MO,44.351014,10.992394,52.0,4912807.974,1658824.667
PF03/0031/M183,MO,44.357138,10.997052,70.0,4913497.257,1659179.306
PF01/0032/M183,MO,44.355974,11.005681,72.0,4913384.792,1659870.156
PF02/0032/M183,MO,44.359675,11.008284,72.0,4913800.958,1660067.507
PF01/0033/M183,MO,44.360062,11.014758,52.0,4913856.542,1660582.369
PF02/0033/M183,MO,44.358229,11.021055,52.0,4913665.341,1661089.267
PF03/0033/M183,MO,44.357127,11.015806,52.0,4913532.571,1660673.897
PF04/0033/M183,MO,44.353073,11.022982,52.0,4913096.346,1661256.972
PF05/0033/M183,MO,44.355347,11.020706,52.0,4913344.54,1661069.333
PF01/0034/M183,MO,44.351776,10.930416,50.0,4912774.36,1653882.853
PF03/0034/M183,MO,44.345744,10.936665,52.0,4912116.081,1654396.765
PF05/0034/M183,MO,44.342018,10.930638,52.0,4911690.906,1653926.062
PF01/0035/M183,MO,44.350913,10.940085,8.0,4912696.7,1654655.75
PF03/0035/M183,MO,44.348649,10.950501,72.0,4912464.969,1655491.894
PF04/0035/M183,MO,44.351205,10.955334,72.0,4912758.06,1655870.352
PF05/0035/M183,MO,44.345225,10.94214,52.0,4912068.752,1654834.515
PF01/0036/M183,MO,44.348639,10.958019,70.0,4912478.152,1656091.181
PF02/0036/M183,MO,44.346365,10.971611,70.0,4912251.454,1657180.612
PF03/0036/M183,MO,44.346108,10.964435,72.0,4912209.223,1656609.31
PF04/0036/M183,MO,44.345265,10.969011,72.0,4912124.356,1656976.298
PF01/0037/M183,MO,44.350128,10.976944,72.0,4912679.743,1657595.641
PF03/0037/M183,MO,44.348529,10.979322,70.0,4912506.622,1657789.47
PF05/0037/M183,MO,44.347571,10.974242,52.0,4912390.456,1657387.072
PF06/0037/M183,MO,44.346708,10.976589,70.0,4912299.197,1657576.455
PF07/0037/M183,MO,44.346048,10.978597,72.0,4912229.659,1657738.335
PF08/0037/M183,MO,44.346476,10.981741,70.0,4912283.295,1657987.751
PF09/0037/M183,MO,44.346416,10.985611,50.0,4912284.122,1658296.365
PF10/0037/M183,MO,44.347086,10.987973,50.0,4912363.134,1658482.896
PF11/0037/M183,MO,44.344441,10.979019,70.0,4912051.962,1657776.235
PF12/0037/M183,MO,44.34374,10.982905,50.0,4911981.664,1658087.882
PF13/0037/M183,MO,44.349539,10.983216,72.0,4912626.36,1658097.109
PF01/0038/M183,MO,44.346827,10.994836,9.0,4912347.6,1659030.6
PF02/0038/M183,MO,44.347022,10.994191,5.0,4912368.04,1658978.69
PF03/0038/M183,MO,44.343717,10.999374,50.0,4912010.928,1659400.747
PF04/0038/M183,MO,44.344763,10.996626,50.0,4912121.804,1659178.845
PF05/0038/M183,MO,44.344631,10.993493,70.0,4912101.104,1658929.518
PF01/0039/M183,MO,44.347033,11.011101,52.0,4912402.121,1660326.475
PF02/0039/M183,MO,44.348173,11.00299,72.0,4912512.962,1659676.897
PF03/0039/M183,MO,44.349086,11.011127,52.0,4912630.3,1660322.984
PF04/0039/M183,MO,44.350669,11.006326,52.0,4912796.766,1659935.993
PF05/0039/M183,MO,44.344151,11.006403,50.0,4912072.836,1659959.878
PF06/0039/M183,MO,44.344244,11.009952,70.0,4912090.168,1660242.534
PF01/0040/M183,MO,44.347448,11.017257,52.0,4912460.346,1660816.066
PF02/0040/M183,MO,44.347489,11.021337,52.0,4912472.845,1661141.131
PF03/0040/M183,MO,44.34566,11.01846,52.0,4912264.065,1660916.807
PF04/0040/M183,MO,44.348394,11.027519,52.0,4912585.559,1661631.378
PF01/0041/M183,MO,44.342013,10.942089,70.0,4911711.889,1654838.9
PF02/0041/M183,MO,44.336918,10.948363,52.0,4911157.8,1655352.5
PF03/0041/M183,MO,44.343477,10.945252,54.0,4911880.427,1655087.167
PF04/0041/M183,MO,44.337702,10.940579,52.0,4911230.168,1654729.838
PF06/0041/M183,MO,44.342234,10.937847,52.0,4911728.439,1654500.168
PF01/0042/M183,MO,44.339581,10.949903,70.0,4911456.574,1655468.217
PF02/0042/M183,MO,44.338763,10.960873,72.0,4911386.494,1656344.912
PF03/0042/M183,MO,44.33835,10.964108,52.0,4911346.835,1656603.906
PF01/0043/M183,MO,44.336417,10.979002,72.0,4911160.708,1657796.408
PF02/0043/M183,MO,44.334092,10.978106,52.0,4910900.687,1657731.2
PF03/0043/M183,MO,44.337681,10.976314,52.0,4911295.864,1657578.757
PF04/0043/M183,MO,44.334899,10.970847,52.0,4910976.375,1657150.309
PF05/0043/M183,MO,44.339033,10.968988,50.0,4911432.045,1656991.109
PF06/0043/M183,MO,44.341335,10.972911,52.0,4911695.247,1657297.644
PF07/0043/M183,MO,44.343229,10.975453,52.0,4911910.53,1657495.207
PF08/0043/M183,MO,44.33989,10.982458,12.0,4911553.153,1658062.569
PF01/0044/M183,MO,44.338794,10.985567,9.0,4911437.4,1658313.4
PF02/0044/M183,MO,44.343355,10.990736,52.0,4911953.972,1658713.168
PF03/0044/M183,MO,44.342415,10.993622,50.0,4911855.196,1658945.723
PF04/0044/M183,MO,44.340549,10.994327,52.0,4911649.315,1659006.992
PF05/0044/M183,MO,44.343352,10.987026,52.0,4911946.445,1658417.397
PF06/0044/M183,MO,44.339505,10.989111,72.0,4911523.162,1658594.013
PF07/0044/M183,MO,44.338989,10.996685,72.0,4911480.51,1659199.212
PF08/0044/M183,MO,44.338375,11.000276,52.0,4911419.286,1659487.109
PF09/0044/M183,MO,44.336286,10.987762,70.0,4911163.001,1658495.109
PF01/0045/M183,MO,44.338868,11.007238,3.0,4911487.64,1660040.76
PF02/0045/M183,MO,44.340732,11.003761,70.0,4911687.882,1659758.537
PF05/0045/M183,MO,44.344197,11.015848,52.0,4912096.507,1660712.579
PF06/0045/M183,MO,44.336995,11.009242,70.0,4911283.484,1660205.654
PF07/0045/M183,MO,44.337961,11.013685,70.0,4911399.53,1660557.257
PF08/0045/M183,MO,44.341563,11.014746,70.0,4911801.725,1660631.988
PF09/0045/M183,MO,44.338602,11.003658,52.0,4911451.096,1659756.121
PF01/0046/M183,MO,44.340209,11.023948,52.0,4911669.336,1661369.254
PF02/0046/M183,MO,44.341122,11.021186,72.0,4911765.356,1661146.516
PF03/0046/M183,MO,44.341814,11.017924,72.0,4911835.789,1660884.618
PF04/0046/M183,MO,44.335281,11.023717,72.0,4911121.538,1661364.308
PF05/0046/M183,MO,44.343913,11.023931,72.0,4912080.766,1661357.674
PF03/0047/M183,MO,44.337994,11.031696,54.0,4911438.683,1661992.988
PF04/0047/M183,MO,44.338128,11.036109,50.0,4911462.237,1662344.397
PF05/0047/M183,MO,44.341008,11.029598,50.0,4911769.303,1661817.404
PF02/0048/M183,MO,44.337651,10.936058,8.0,4911215.94,1654369.61
PF03/0048/M183,MO,44.334558,10.947054,70.0,4910893.135,1655254.38
PF04/0048/M183,MO,44.332297,10.946736,72.0,4910641.466,1655234.969
PF05/0048/M183,MO,44.334171,10.945421,8.0,4910847.06,1655125.16
PF06/0048/M183,MO,44.33038,10.940981,50.0,4910417.6,1654781.176
PF08/0048/M183,MO,44.338574,10.935574,52.0,4911317.643,1654328.586
PF01/0049/M183,MO,44.329554,10.951165,50.0,4910345.186,1655595.302
PF02/0049/M183,MO,44.332875,10.964874,72.0,4910740.143,1656679.543
PF03/0049/M183,MO,44.332662,10.96195,52.0,4910710.925,1656446.94
PF01/0050/M183,MO,44.329655,10.971897,5.0,4910395.88,1657248.07
PF03/0050/M183,MO,44.332431,10.973469,52.0,4910707.236,1657365.96
PF04/0050/M183,MO,44.320612,10.971401,52.0,4909390.499,1657232.653
PF05/0050/M183,MO,44.329401,10.976698,52.0,4910376.932,1657631.541
PF06/0050/M183,MO,44.33129,10.978051,72.0,4910589.374,1657734.331
PF07/0050/M183,MO,44.327507,10.971384,52.0,4910156.333,1657212.933
PF03/0051/M183,MO,44.334818,10.996264,50.0,4911016.466,1659176.93
PF04/0051/M183,MO,44.334638,10.982701,70.0,4910970.246,1658096.078
PF05/0051/M183,MO,44.333571,10.989467,70.0,4910864.711,1658638.398
PF06/0051/M183,MO,44.334313,10.992845,70.0,4910953.735,1658905.725
PF07/0051/M183,MO,44.331775,10.98329,52.0,4910653.273,1658150.765
PF08/0051/M183,MO,44.331586,10.989208,70.0,4910643.754,1658623.088
PF09/0051/M183,MO,44.330517,10.985492,52.0,4910517.87,1658329.692
PF10/0051/M183,MO,44.331057,10.993861,72.0,4910593.978,1658995.464
PF11/0051/M183,MO,44.328282,10.979882,70.0,4910258.698,1657888.388
PF01/0052/M183,MO,44.32703,10.998652,52.0,4910155.996,1659388.405
PF01/0053/M183,MO,44.331306,11.000308,52.0,4910634.146,1659508.842
PF02/0053/M183,MO,44.324343,11.002919,72.0,4909865.886,1659735.925
PF03/0053/M183,MO,44.330337,11.006421,54.0,4910538.518,1659998.875
PF01/0054/M183,MO,44.337049,11.017125,70.0,4911305.001,1660833.975
PF03/0054/M183,MO,44.335129,11.015153,70.0,4911087.875,1660681.95
PF04/0054/M183,MO,44.333973,11.008515,52.0,4910946.423,1660155.908
PF06/0054/M183,MO,44.333605,11.018284,52.0,4910924.646,1660935.799
PF07/0054/M183,MO,44.331501,11.012236,54.0,4910679.128,1660459.282
PF08/0054/M183,MO,44.330416,11.018395,52.0,4910570.687,1660953.35
PF09/0054/M183,MO,44.327611,11.01119,52.0,4910244.991,1660386.511
PF10/0054/M183,MO,44.33316,11.012938,72.0,4910864.792,1660510.789
PF01/0055/M183,MO,44.331087,11.024301,50.0,4910656.831,1661422.364
PF02/0055/M183,MO,44.335027,11.034823,52.0,4911115.23,1662250.463
PF05/0055/M183,MO,44.332298,11.029754,54.0,4910802.064,1661853.835
PF06/0055/M183,MO,44.329539,11.03909,10.0,4910514.143,1662605.811
PF07/0055/M183,MO,44.332306,11.033945,10.0,4910811.315,1662187.908
PF01/0056/M183,MO,44.325187,10.932834,8.0,4909825.46,1654145.17
PF02/0056/M183,MO,44.323468,10.933999,8.0,4909636.68,1654242.64
PF03/0056/M183,MO,44.328787,10.93803,50.0,4910235.071,1654550.11
PF01/0057/M183,MO,44.326312,10.954694,72.0,4909991.715,1655885.288
PF02/0057/M183,MO,44.324887,10.946401,5.0,4909817.73,1655227.76
PF01/0058/M183,MO,44.320515,10.950132,50.0,4909339.206,1655536.886
PF02/0058/M183,MO,44.322242,10.95284,50.0,4909536.131,1655748.191
PF03/0058/M183,MO,44.318705,10.948397,8.0,4909134.78,1655403.31
PF01/0059/M183,MO,44.325323,10.970866,9.0,4909912.8,1657177.4
PF02/0059/M183,MO,44.32571,10.966061,56.0,4909946.501,1656793.227
PF03/0059/M183,MO,44.327865,10.961601,50.0,4910177.424,1656431.924
PF05/0059/M183,MO,44.322637,10.967711,56.0,4909608.389,1656933.054
PF06/0059/M183,MO,44.319043,10.966235,72.0,4909206.323,1656824.868
PF07/0059/M183,MO,44.324131,10.959568,50.0,4909758.799,1656279.701
PF08/0059/M183,MO,44.327191,10.957973,50.0,4910095.56,1656144.378
PF09/0059/M183,MO,44.328441,10.966985,72.0,4910251.692,1656859.617
PF01/0060/M183,MO,44.317444,11.012194,70.0,4909117.626,1660494.283
PF02/0060/M183,MO,44.312667,11.00961,50.0,4908581.989,1660301.226
PF03/0060/M183,MO,44.321247,11.009856,48.0,4909535.509,1660297.469
PF04/0060/M183,MO,44.319177,11.008311,48.0,4909302.475,1660179.911
PF01/0061/M183,MO,44.321951,11.027459,9.0,4909648.2,1661699.3
PF02/0061/M183,MO,44.32294,11.02395,52.0,4909751.179,1661416.777
PF03/0061/M183,MO,44.326739,11.033073,52.0,4910191.174,1662133.777
PF04/0061/M183,MO,44.326667,11.01815,52.0,4910153.778,1660944.026
PF05/0061/M183,MO,44.325975,11.024207,52.0,4910088.8,1661428.902
PF06/0061/M183,MO,44.326361,11.027964,52.0,4910139.085,1661727.407
PF02/0062/M183,MO,44.319015,11.018904,72.0,4909305.253,1661025.11
PF03/0062/M183,MO,44.323078,11.019426,70.0,4909757.626,1661055.653
PF04/0062/M183,MO,44.318717,11.026592,70.0,4909287.266,1661639.045
PF01/0063/M183,MO,44.314593,11.014283,72.0,4908805.074,1660668.638
PF02/0063/M183,MO,44.316396,11.025083,70.0,4909026.57,1661525.054
PF03/0063/M183,MO,44.310758,11.015439,70.0,4908381.259,1660771.295
PF04/0063/M183,MO,44.304101,11.016779,52.0,4907644.475,1660896.37
PF05/0063/M183,MO,44.313012,11.019656,70.0,4908639.997,1661101.48
PF06/0063/M183,MO,44.313157,11.026372,70.0,4908669.334,1661636.764
PF01/0064/M183,MO,44.304335,11.006507,50.0,4907650.368,1660076.4
PF02/0064/M183,MO,44.307334,11.013027,52.0,4907996.293,1660588.268
PF03/0064/M183,MO,44.30264,11.011383,50.0,4907471.677,1660469.936
PF04/0064/M183,MO,44.309558,11.007575,50.0,4908232.669,1660147.424
PF05/0064/M183,MO,44.307452,11.00717,50.0,4907997.939,1660120.792
PF06/0064/M183,MO,44.301928,11.014585,12.0,4907398.781,1660727.303
