identificativo,provincia,lat_wgs84,lon_wgs84,quota,coord_nord,coord_est
PF01/0001/A088,NO,45.10274,7.766827,52.0,1122.978,1006.689
PF02/0001/A088,NO,45.102249,7.771445,52.0,1062.966,1369.196
PF03/0001/A088,NO,45.101171,7.766384,52.0,949.247,969.21
PF04/0001/A088,NO,45.103251,7.774879,52.0,1170.103,1641.047
PF05/0001/A088,NO,45.105783,7.774389,52.0,1452.034,1606.746
PF02/0002/A088,NO,45.098754,7.785458,52.0,657.958,2465.844
PF03/0002/A088,NO,45.09886,7.77696,52.0,679.88,1797.377
PF04/0002/A088,NO,45.101118,7.77828,52.0,929.157,1905.041
PF02/0003/A088,NO,45.09149,7.785572,52.0,-149.134,2462.693
PF03/0003/A088,NO,45.092626,7.783084,52.0,-19.974,2268.827
PF05/0003/A088,NO,45.098567,7.781769,52.0,641.54,2175.293
PF06/0003/A088,NO,45.095962,7.783098,52.0,350.652,2275.452
PF07/0003/A088,NO,45.096201,7.786381,52.0,373.287,2534.241
PF08/0003/A088,NO,45.090803,7.79033,52.0,-231.083,2835.947
PF09/0003/A088,NO,45.08963,7.785139,52.0,-355.199,2425.497
PF10/0003/A088,NO,45.094731,7.789757,52.0,205.99,2797.436
PF02/0004/A088,NO,45.098388,7.774791,52.0,629.959,1625.902
PF03/0004/A088,NO,45.091205,7.776265,52.0,-169.72,1729.872
PF04/0004/A088,NO,45.094419,7.775302,52.0,188.493,1659.489
PF05/0004/A088,NO,45.09156,7.780123,52.0,-134.854,2033.997
PF02/0005/A088,NO,45.095547,7.767955,52.0,322.517,1083.242
PF04/0005/A088,NO,45.099133,7.771144,52.0,717.154,1340.231
PF05/0005/A088,NO,45.09369,7.770725,52.0,112.948,1298.077
PF07/0005/A088,NO,45.093435,7.768021,52.0,87.848,1084.878
PF08/0005/A088,NO,45.097416,7.768812,52.0,529.142,1153.839
PF01/0006/A088,NO,45.099264,7.768065,52.0,735.337,1098.174
PF03/0006/A088,NO,45.096885,7.76296,52.0,477.259,692.466
PF07/0006/A088,NO,45.090028,7.765208,52.0,-287.205,857.754
PF10/0006/A088,NO,45.095595,7.763044,52.0,333.788,696.894
PF11/0006/A088,NO,45.098524,7.764697,52.0,657.251,831.917
PF12/0006/A088,NO,45.091808,7.764924,52.0,-89.192,838.421
PF13/0006/A088,NO,45.096898,7.765893,52.0,475.176,923.28
PF01/0007/A088,NO,45.100441,7.754612,52.0,882.366,41.756
PF03/0007/A088,NO,45.097901,7.756123,52.0,598.346,156.309
PF04/0007/A088,NO,45.098032,7.759214,52.0,609.197,399.692
PF05/0007/A088,NO,45.095663,7.755319,52.0,350.663,89.195
PF07/0007/A088,NO,45.094076,7.760365,52.0,168.267,483.519
PF08/0007/A088,NO,45.09322,7.755926,52.0,78.556,132.754
PF11/0007/A088,NO,45.092522,7.761875,52.0,-6.151,599.724
PF12/0007/A088,NO,45.099779,7.763133,52.0,798.466,711.053
PF13/0007/A088,NO,45.09565,7.758306,52.0,345.604,324.192
PF14/0007/A088,NO,45.094742,7.764741,12.0,237.0,829.0
PF01/0008/A088,NO,45.092495,7.754254,8.0,0.0,0.0
PF02/0008/A088,NO,45.094145,7.753926,52.0,183.727,-22.989
PF01/0009/A088,NO,45.098504,7.751934,52.0,670.445,-172.27
PF02/0009/A088,NO,45.092624,7.752282,52.0,16.755,-154.994
PF03/0009/A088,NO,45.100339,7.748604,52.0,878.321,-431.172
PF06/0009/A088,NO,45.098968,7.746061,12.0,729.074,-633.603
PF07/0009/A088,NO,45.093264,7.747261,10.0,94.0,-549.0
PF08/0009/A088,NO,45.097357,7.748438,12.0,547.24,-449.32
PF09/0009/A088,NO,45.096247,7.751833,52.0,419.768,-184.109
PF03/0010/A088,NO,45.088813,7.744236,10.0,-396.8,-794.7
PF05/0010/A088,NO,45.088838,7.751802,52.0,-403.244,-199.218
PF07/0010/A088,NO,45.08492,7.747002,10.0,-832.7,-583.7
PF08/0010/A088,NO,45.084309,7.748889,10.0,-902.8,-436.3
PF09/0010/A088,NO,45.091192,7.753907,52.0,-144.282,-29.537
PF12/0010/A088,NO,45.085895,7.750736,52.0,-728.87,-288.168
PF13/0010/A088,NO,45.090029,7.749315,52.0,-267.915,-392.925
PF14/0010/A088,NO,45.088574,7.748702,12.0,-428.788,-443.644
PF02/0011/A088,NO,45.091872,7.759879,52.0,-75.968,441.503
PF03/0011/A088,NO,45.090455,7.763259,52.0,-237.52,705.106
PF04/0011/A088,NO,45.089074,7.764946,52.0,-392.874,835.485
PF05/0011/A088,NO,45.088043,7.753608,62.0,-493.735,-58.479
PF06/0011/A088,NO,45.088641,7.757304,52.0,-431.771,233.405
PF07/0011/A088,NO,45.087625,7.760734,52.0,-548.816,501.562
PF10/0011/A088,NO,45.085647,7.762755,52.0,-771.028,657.234
PF11/0011/A088,NO,45.087,7.764685,52.0,-622.982,811.421
PF01/0012/A088,NO,45.090794,7.768612,52.0,-206.246,1126.894
PF02/0012/A088,NO,45.089177,7.766808,52.0,-383.706,982.204
PF03/0012/A088,NO,45.087106,7.768449,52.0,-615.795,1107.875
PF06/0012/A088,NO,45.083267,7.767115,52.0,-1040.668,996.336
PF08/0012/A088,NO,45.081923,7.770121,52.0,-1193.541,1230.679
PF09/0012/A088,NO,45.082361,7.765085,52.0,-1138.827,835.074
PF10/0012/A088,NO,45.080398,7.763724,52.0,-1355.227,724.616
PF11/0012/A088,NO,45.085763,7.767686,52.0,-764.059,1045.515
PF01/0013/A088,NO,45.084646,7.771779,52.0,-893.04,1365.753
PF03/0013/A088,NO,45.087956,7.772026,52.0,-525.652,1390.753
PF04/0013/A088,NO,45.085557,7.7749,52.0,-795.547,1612.885
PF05/0013/A088,NO,45.083332,7.775483,12.0,-1043.446,1655.029
PF02/0014/A088,NO,45.085372,7.777192,52.0,-818.819,1792.957
PF03/0014/A088,NO,45.087734,7.776794,52.0,-555.984,1765.647
PF04/0014/A088,NO,45.0803,7.777047,52.0,-1382.052,1773.063
PF05/0014/A088,NO,45.08362,7.783395,52.0,-1020.802,2278.193
PF01/0015/A088,NO,45.088318,7.788217,52.0,-504.571,2665.575
PF03/0015/A088,NO,45.089718,7.79396,52.0,-355.84,3119.847
PF05/0015/A088,NO,45.080873,7.79001,52.0,-1333.843,2794.31
PF06/0015/A088,NO,45.086525,7.784325,52.0,-699.183,2356.235
PF07/0015/A088,NO,45.082943,7.790325,52.0,-1104.176,2822.473
PF08/0015/A088,NO,45.086488,7.791872,52.0,-712.161,2950.156
PF09/0015/A088,NO,45.089155,7.795596,12.0,-420.26,3247.63
PF01/0016/A088,NO,45.073668,7.784049,52.0,-2127.162,2313.074
PF02/0016/A088,NO,45.076107,7.779215,52.0,-1850.496,1936.668
PF03/0016/A088,NO,45.07891,7.78916,52.0,-1550.898,2724.112
PF01/0017/A088,NO,45.074727,7.776475,8.0,-2000.48,1718.63
PF03/0017/A088,NO,45.07168,7.773604,52.0,-2335.652,1487.556
PF04/0017/A088,NO,45.074289,7.769916,52.0,-2041.339,1201.602
PF06/0017/A088,NO,45.079368,7.773192,52.0,-1481.039,1468.08
PF01/0018/A088,NO,45.075332,7.767377,52.0,-1922.466,1003.539
PF02/0018/A088,NO,45.080498,7.767183,52.0,-1348.273,997.039
PF03/0018/A088,NO,45.073201,7.76322,52.0,-2154.192,672.724
PF02/0019/A088,NO,45.081524,7.757981,52.0,-1223.271,274.549
PF03/0019/A088,NO,45.082499,7.761548,52.0,-1119.204,556.927
PF04/0019/A088,NO,45.079498,7.760583,52.0,-1451.449,475.872
PF05/0019/A088,NO,45.077912,7.758641,52.0,-1625.369,320.326
PF06/0019/A088,NO,45.079624,7.753808,52.0,-1429.326,-57.187
PF07/0019/A088,NO,45.084459,7.7591,52.0,-898.53,367.624
PF01/0020/A088,NO,45.075984,7.756736,52.0,-1837.244,167.064
PF04/0021/A088,NO,45.070956,7.767856,52.0,-2409.109,1033.81
PF07/0021/A088,NO,45.067492,7.764491,52.0,-2789.906,763.108
PF08/0021/A088,NO,45.070727,7.764889,52.0,-2431.076,799.926
PF10/0021/A088,NO,45.073364,7.767141,52.0,-2140.748,981.68
PF11/0021/A088,NO,45.066272,7.766486,52.0,-2927.845,918.039
PF12/0021/A088,NO,45.072009,7.763738,52.0,-2287.219,711.46
PF13/0021/A088,NO,45.068012,7.767489,52.0,-2735.803,999.981
PF02/0022/A088,NO,45.061573,7.77164,52.0,-3456.027,1315.878
PF03/0022/A088,NO,45.066553,7.769683,52.0,-2900.472,1170.25
PF01/0023/A088,NO,45.066885,7.773098,52.0,-2867.629,1439.653
PF02/0023/A088,NO,45.072678,7.777753,52.0,-2229.64,1815.814
PF04/0023/A088,NO,45.065109,7.776112,52.0,-3068.6,1673.892
PF05/0023/A088,NO,45.069647,7.775761,52.0,-2564.041,1653.948
PF07/0023/A088,NO,45.068945,7.781181,12.0,-2648.404,2079.429
PF01/0025/A088,NO,45.060024,7.785921,52.0,-3645.085,2437.694
PF02/0025/A088,NO,45.057756,7.783721,52.0,-3894.429,2260.656
PF01/0026/A088,NO,45.06365,7.775156,52.0,-3229.533,1596.249
PF02/0026/A088,NO,45.05974,7.782833,52.0,-3673.023,2194.044
PF02/0999/A088,NO,45.103592,7.803967,8.0,1173.73,3930.13
PF03/0999/A088,NO,45.046022,7.789038,8.0,-5204.22,2659.8
PF04/0999/A088,NO,45.064038,7.758237,8.0,-3166.12,264.88
PF05/0999/A088,NO,45.083277,7.735323,8.0,-1000.93,-1505.73
PF06/0999/A088,NO,45.099406,7.786743,8.0,728.87,2568.06
PF07/0999/A088,NO,45.052618,7.777142,8.0,-4457.45,1734.04
PF08/0999/A088,NO,45.054941,7.78911,8.0,-4213.58,2680.36
PF09/0999/A088,NO,45.06808,7.789654,8.0,-2754.54,2745.0
PF10/0999/A088,NO,45.070435,7.752416,8.0,-2448.4,-182.47
PF11/0999/A088,NO,45.071352,7.736313,8.0,-2326.89,-1448.51
PF12/0999/A088,NO,45.092188,7.736727,8.0,-12.71,-1379.8
PF13/0999/A088,NO,45.096115,7.798886,8.0,349.08,3518.05
PF14/0999/A088,NO,45.053016,7.812352,8.0,-4454.54,4507.29
PF15/0999/A088,NO,45.101371,7.789334,52.0,944.128,2775.165
PF16/0999/A088,NO,45.10065,7.781652,52.0,873.143,2169.545
PF17/0999/A088,NO,45.101021,7.785607,52.0,909.677,2481.35
PF18/0999/A088,NO,45.094743,7.789744,52.0,207.335,2796.411
PF19/0999/A088,NO,45.098867,7.793175,52.0,661.469,3073.217
PF20/0999/A088,NO,45.103738,7.770155,52.0,1229.914,1270.174
PF21/0999/A088,NO,45.077641,7.801494,8.0,-1706.32,3692.79
PF22/0999/A088,NO,45.082294,7.792705,52.0,-1179.139,3008.778
PF23/0999/A088,NO,45.078965,7.792371,52.0,-1548.489,2976.968
PF24/0999/A088,NO,45.094797,7.789803,52.0,213.305,2801.122
PF25/0999/A088,NO,45.098572,7.786654,52.0,636.412,2559.64
PF26/0999/A088,NO,45.094021,7.794249,52.0,121.866,3149.676
PF27/0999/A088,NO,45.091063,7.80065,52.0,-214.279,3648.484
PF28/0999/A088,NO,45.090956,7.795759,52.0,-220.387,3263.429
PF01/0001/A264,NO,45.441295,7.971406,52.0,38509.463,17582.008
PF02/0001/A264,NO,45.439526,7.96782,8.0,38316.56,17299.01
PF03/0001/A264,NO,45.439174,7.972876,52.0,38272.387,17693.985
PF04/0001/A264,NO,45.437563,7.965859,52.0,38100.482,17142.886
PF05/0001/A264,NO,45.436935,7.97188,52.0,38024.666,17612.858
PF06/0001/A264,NO,45.437371,7.969522,52.0,38075.451,17429.12
PF07/0001/A264,NO,45.435084,7.965718,52.0,37825.142,17128.315
PF08/0001/A264,NO,45.434415,7.969961,52.0,37746.548,17459.196
PF11/0001/A264,NO,45.432115,7.971776,52.0,37489.283,17597.924
PF13/0001/A264,NO,45.430108,7.972126,52.0,37265.889,17622.427
PF14/0001/A264,NO,45.428285,7.97084,8.0,37064.66,17519.21
PF15/0001/A264,NO,45.429852,7.967804,52.0,37241.831,17283.989
PF16/0001/A264,NO,45.432983,7.968936,52.0,37588.572,17377.002
PF01/0002/A264,NO,45.43612,7.978523,3.0,37927.48,18131.29
PF02/0002/A264,NO,45.43945,7.982342,52.0,38293.621,18434.732
PF03/0002/A264,NO,45.433753,7.984562,52.0,37658.511,18600.327
PF04/0002/A264,NO,45.44273,7.979602,52.0,38660.729,18225.014
PF06/0002/A264,NO,45.433808,7.987468,52.0,37661.795,18827.714
PF07/0002/A264,NO,45.442439,7.983417,52.0,38624.664,18522.976
PF08/0002/A264,NO,45.438027,7.974478,52.0,38143.367,17817.637
PF09/0002/A264,NO,45.444441,7.978052,52.0,38852.351,18106.207
PF10/0002/A264,NO,45.444697,7.983335,52.0,38875.58,18519.721
PF11/0002/A264,NO,45.436753,7.983361,52.0,37993.023,18510.628
PF12/0002/A264,NO,45.444409,7.987054,52.0,38839.95,18810.229
PF01/0003/A264,NO,45.440714,7.989388,8.0,38427.13,18987.55
PF04/0003/A264,NO,45.435286,7.993877,52.0,37819.618,19331.139
PF05/0003/A264,NO,45.43325,7.990889,52.0,37596.409,19094.516
PF06/0003/A264,NO,45.438046,7.994686,52.0,38125.472,19398.243
PF07/0003/A264,NO,45.433104,7.996735,52.0,37574.448,19551.597
PF02/0004/A264,NO,45.443126,8.015102,8.0,38670.12,21001.98
PF03/0004/A264,NO,45.436376,8.008009,52.0,37927.045,20437.949
PF02/0005/A264,NO,45.433116,7.977751,52.0,37594.487,18066.667
PF04/0005/A264,NO,45.432284,7.978281,52.0,37501.542,18107.014
PF05/0005/A264,NO,45.431871,7.980236,52.0,37453.712,18259.355
PF06/0005/A264,NO,45.431873,7.981642,52.0,37452.545,18369.3
PF07/0005/A264,NO,45.433106,7.982904,52.0,37588.268,18469.773
PF08/0005/A264,NO,45.432876,7.984479,52.0,37561.18,18592.627
PF09/0005/A264,NO,45.431763,7.983715,52.0,37438.225,18531.296
PF10/0005/A264,NO,45.43073,7.981754,52.0,37325.436,18376.484
PF11/0005/A264,NO,45.43421,7.980831,52.0,37712.935,18309.19
PF12/0005/A264,NO,45.434759,7.98273,52.0,37772.038,18458.487
PF13/0005/A264,NO,45.435475,7.975333,52.0,37859.032,17880.928
PF14/0005/A264,NO,45.433339,7.976113,52.0,37620.943,17938.868
PF15/0005/A264,NO,45.431936,7.976197,52.0,37464.97,17943.5
PF16/0005/A264,NO,45.434444,7.977287,52.0,37742.456,18032.259
PF17/0005/A264,NO,45.433662,7.979546,52.0,37653.365,18207.858
PF02/0006/A264,NO,45.431675,7.988737,8.0,37423.52,18924.04
PF04/0006/A264,NO,45.427847,7.987935,52.0,36999.063,18855.903
PF06/0006/A264,NO,45.427264,7.997286,8.0,36925.15,19586.63
PF08/0006/A264,NO,45.429511,7.997455,52.0,37174.53,19602.991
PF09/0006/A264,NO,45.42951,7.994488,52.0,37177.402,19370.891
PF10/0006/A264,NO,45.432206,7.986013,52.0,37485.176,18711.722
PF11/0006/A264,NO,45.431107,7.999013,52.0,37350.385,19727.069
PF12/0006/A264,NO,45.430029,7.987605,52.0,37241.735,18833.175
PF13/0006/A264,NO,45.425328,7.989189,52.0,36717.909,18950.543
PF01/0007/A264,NO,45.434871,8.004102,8.0,37763.56,20130.29
PF02/0007/A264,NO,45.432858,8.005897,52.0,37538.214,20267.913
PF03/0007/A264,NO,45.434313,7.999798,52.0,37705.827,19792.883
PF04/0007/A264,NO,45.437653,7.998116,52.0,38078.531,19665.953
PF05/0007/A264,NO,45.436668,7.995661,52.0,37971.501,19472.565
PF10/0007/A264,NO,45.432744,8.002521,12.0,37528.864,20003.688
PF01/0008/A264,NO,45.435463,8.018464,8.0,37815.51,21254.45
PF01/0009/A264,NO,45.430573,7.975094,52.0,37314.58,17855.292
PF02/0009/A264,NO,45.431576,7.978389,52.0,37422.817,18114.453
PF05/0009/A264,NO,45.428724,7.98094,8.0,37103.44,18309.97
PF09/0009/A264,NO,45.426326,7.979891,52.0,36837.971,18224.539
PF11/0009/A264,NO,45.425237,7.973895,10.0,36723.0,17753.9
PF13/0009/A264,NO,45.424052,7.975965,52.0,36589.318,17914.209
PF14/0009/A264,NO,45.423939,7.978042,52.0,36574.662,18076.505
PF17/0009/A264,NO,45.422209,7.978523,52.0,36381.963,18111.655
PF18/0009/A264,NO,45.419306,7.975672,52.0,36062.321,17884.505
PF19/0009/A264,NO,45.42915,7.977157,52.0,37154.503,18014.599
PF20/0009/A264,NO,45.424477,7.97224,52.0,36640.216,17623.342
PF21/0009/A264,NO,45.427282,7.972259,52.0,36951.776,17628.799
PF22/0009/A264,NO,45.430109,7.983816,52.0,37254.4,18536.903
PF23/0009/A264,NO,45.426096,7.977084,52.0,36815.248,18004.624
PF24/0009/A264,NO,45.426085,7.983418,52.0,36807.695,18500.093
PF26/0009/A264,NO,45.426264,7.974775,52.0,36836.204,17824.183
PF27/0009/A264,NO,45.423841,7.97956,52.0,36562.307,18195.115
PF01/0010/A264,NO,45.418625,7.996339,3.0,35966.22,19500.57
PF02/0010/A264,NO,45.420821,7.982379,8.0,36223.97,18411.42
PF03/0010/A264,NO,45.420396,7.996257,52.0,36163.069,19496.578
PF04/0010/A264,NO,45.418872,7.993549,52.0,35996.397,19282.627
PF05/0010/A264,NO,45.42552,7.986459,52.0,36741.951,18737.244
PF07/0010/A264,NO,45.41822,7.9801,52.0,35937.278,18229.446
PF08/0010/A264,NO,45.424873,7.99822,52.0,36658.611,19656.392
PF09/0010/A264,NO,45.42251,7.98883,52.0,36405.288,18918.523
PF01/0001/A414,NO,45.509558,7.991788,8.0,46073.24,19271.29
PF02/0001/A414,NO,45.514354,7.994871,8.0,46603.06,19518.76
PF03/0001/A414,NO,45.509638,8.00004,12.0,46074.0,19916.0
PF04/0001/A414,NO,45.510568,8.002456,12.0,46175.0,20106.0
PF01/0002/A414,NO,45.508796,8.008788,8.0,45972.07,20598.19
PF01/0004/A414,NO,45.497066,7.994498,52.0,44682.687,19465.546
PF03/0004/A414,NO,45.494048,7.99457,52.0,44347.384,19466.997
PF04/0004/A414,NO,45.492881,7.99248,52.0,44219.747,19302.081
PF05/0004/A414,NO,45.49432,7.998368,52.0,44373.883,19764.144
PF06/0004/A414,NO,45.502532,7.989555,52.0,45294.766,19087.044
PF01/0005/A414,NO,45.490535,7.983225,7.0,43968.21,18575.59
PF02/0005/A414,NO,45.498765,7.987386,3.0,44878.43,18912.31
PF03/0005/A414,NO,45.49478,7.987722,52.0,44435.351,18932.977
PF04/0005/A414,NO,45.496627,7.988316,52.0,44640.023,18981.92
PF05/0005/A414,NO,45.498219,7.989779,52.0,44815.465,19098.487
PF06/0005/A414,NO,45.501264,7.988837,52.0,45154.614,19029.181
PF09/0005/A414,NO,45.494641,7.984716,52.0,44422.914,18697.92
PF10/0005/A414,NO,45.492888,7.983989,52.0,44228.876,18638.582
PF11/0005/A414,NO,45.489832,7.986368,52.0,43887.027,18820.213
PF13/0005/A414,NO,45.487374,7.983201,52.0,43617.002,18569.249
PF14/0005/A414,NO,45.500023,7.985314,52.0,45020.29,18752.194
PF15/0005/A414,NO,45.496793,7.990742,12.0,44656.023,19171.727
PF01/0006/A414,NO,45.497067,8.006459,8.0,44671.14,20400.11
PF02/0006/A414,NO,45.49144,8.009923,52.0,44042.634,20663.063
PF08/0006/A414,NO,45.493346,8.005978,10.0,44258.2,20357.4
PF09/0006/A414,NO,45.497467,8.013673,10.0,44708.7,20964.3
PF02/0007/A414,NO,45.485814,8.011554,8.0,43416.11,20782.82
PF03/0007/A414,NO,45.492345,8.020363,5.0,44133.2,21480.07
PF05/0007/A414,NO,45.490386,8.015043,52.0,43920.637,21061.695
PF02/0008/A414,NO,45.493169,7.987535,52.0,44256.584,18916.085
PF03/0008/A414,NO,45.491154,7.986779,52.0,44033.424,18854.159
PF04/0008/A414,NO,45.488413,7.988141,52.0,43727.61,18956.743
PF05/0008/A414,NO,45.493997,7.989977,52.0,44346.213,19108.043
PF06/0008/A414,NO,45.491745,7.990236,52.0,44095.722,19125.155
PF07/0008/A414,NO,45.485,7.987106,52.0,43349.395,18871.127
PF08/0008/A414,NO,45.486117,7.991471,52.0,43469.237,19213.773
PF01/0009/A414,NO,45.491245,7.996472,52.0,44034.094,19611.737
PF05/0010/A414,NO,45.473407,7.970438,10.0,42078.0,17552.0
PF11/0010/A414,NO,45.478318,7.967554,52.0,42626.577,17333.573
PF12/0010/A414,NO,45.480412,7.969668,52.0,42857.094,17501.841
PF14/0010/A414,NO,45.480215,7.967005,52.0,42837.834,17293.381
PF15/0010/A414,NO,45.479029,7.973127,52.0,42699.928,17770.157
PF16/0010/A414,NO,45.47823,7.976287,52.0,42607.983,18016.046
PF01/0011/A414,NO,45.48268,7.982063,8.0,43096.73,18473.72
PF02/0011/A414,NO,45.486684,7.985166,52.0,43538.498,18721.855
PF05/0011/A414,NO,45.483895,7.984525,52.0,43229.283,18667.886
PF06/0011/A414,NO,45.481726,7.984943,52.0,42987.89,18697.491
PF07/0011/A414,NO,45.480095,7.98301,52.0,42808.591,18544.085
PF08/0011/A414,NO,45.479807,7.979902,52.0,42779.64,18300.82
PF09/0011/A414,NO,45.479336,7.985075,52.0,42722.242,18704.478
PF12/0011/A414,NO,45.487161,7.978416,52.0,43598.141,18195.077
PF13/0011/A414,NO,45.485695,7.982675,12.0,43431.0,18525.8
PF14/0011/A414,NO,45.483279,7.986536,52.0,43158.822,18824.19
PF15/0011/A414,NO,45.481695,7.984338,52.0,42984.944,18650.168
PF02/0012/A414,NO,45.480185,8.011714,52.0,42790.542,20787.626
PF04/0012/A414,NO,45.479316,8.006512,52.0,42698.986,20379.836
PF07/0012/A414,NO,45.479868,8.00422,52.0,42762.586,20201.49
PF08/0012/A414,NO,45.480783,8.008822,52.0,42859.788,20562.385
PF09/0012/A414,NO,45.482141,8.011361,52.0,43008.192,20762.676
PF10/0012/A414,NO,45.479032,8.00593,10.0,42668.0,20334.0
PF01/0014/A414,NO,45.479067,8.023632,8.0,42654.99,21717.55
PF02/0014/A414,NO,45.476668,8.026485,52.0,42385.665,21937.331
PF01/0015/A414,NO,45.483133,8.031922,8.0,43098.81,22370.97
PF02/0016/A414,NO,45.481796,7.965184,52.0,43015.306,17153.344
PF03/0016/A414,NO,45.481663,7.962421,52.0,43003.304,16937.198
PF07/0016/A414,NO,45.4787,7.964785,52.0,42671.794,17117.746
PF12/0016/A414,NO,45.477966,7.960633,52.0,42594.382,16792.158
PF13/0016/A414,NO,45.480439,7.963776,52.0,42865.96,17041.346
PF14/0016/A414,NO,45.477207,7.965724,12.0,42505.0,17189.0
PF07/0017/A414,NO,45.479226,7.99239,10.0,42702.761,19276.014
PF08/0017/A414,NO,45.47848,7.995731,52.0,42616.648,19536.108
PF09/0017/A414,NO,45.477547,7.998247,52.0,42510.528,19731.435
PF10/0017/A414,NO,45.477043,7.993194,10.0,42459.5,19335.8
PF11/0017/A414,NO,45.476338,7.995544,52.0,42378.88,19518.517
PF13/0017/A414,NO,45.473979,7.99321,52.0,42119.064,19332.789
PF17/0017/A414,NO,45.469568,7.990479,52.0,41631.689,19113.194
PF18/0017/A414,NO,45.470426,7.994036,10.0,41723.5,19392.4
PF19/0017/A414,NO,45.47505,7.999967,12.0,42231.448,19862.393
PF20/0017/A414,NO,45.473308,7.99722,52.0,42040.592,19645.296
PF21/0017/A414,NO,45.472603,7.994133,52.0,41965.208,19403.004
PF01/0018/A414,NO,45.477766,8.010951,8.0,42522.55,20724.64
PF02/0018/A414,NO,45.478716,8.009192,52.0,42629.753,20588.52
PF03/0018/A414,NO,45.476952,8.006308,52.0,42436.626,20360.698
PF05/0018/A414,NO,45.476319,8.009196,52.0,42363.495,20585.556
PF06/0018/A414,NO,45.475865,8.01167,52.0,42310.65,20778.305
PF08/0018/A414,NO,45.475785,8.009301,12.0,42304.0,20593.0
PF01/0019/A414,NO,45.479056,8.014304,52.0,42662.686,20988.538
PF01/0020/A414,NO,45.474997,7.972832,8.0,42252.33,17741.39
PF02/0020/A414,NO,45.47597,7.987276,8.0,42346.11,18871.79
PF03/0020/A414,NO,45.47677,7.973392,52.0,42448.739,17787.684
PF05/0020/A414,NO,45.473411,7.970441,52.0,42078.435,17552.296
PF08/0020/A414,NO,45.470789,7.971534,52.0,41786.09,17633.988
PF09/0020/A414,NO,45.471122,7.974701,52.0,41819.974,17882.034
PF10/0020/A414,NO,45.468816,7.973501,52.0,41564.906,17784.901
PF12/0020/A414,NO,45.472579,7.976908,52.0,41979.613,18056.568
PF17/0020/A414,NO,45.470282,7.983889,52.0,41717.516,18599.034
PF20/0020/A414,NO,45.469707,7.986551,52.0,41650.991,18806.277
PF26/0020/A414,NO,45.468484,7.979583,52.0,41521.948,18259.916
PF27/0020/A414,NO,45.476433,7.96985,52.0,42414.802,17510.337
PF28/0020/A414,NO,45.475086,7.974843,52.0,42260.169,17898.685
PF29/0020/A414,NO,45.477045,7.982225,52.0,42470.482,18478.44
PF30/0020/A414,NO,45.470914,7.977259,52.0,41794.277,18081.69
PF31/0020/A414,NO,45.471694,7.990054,52.0,41868.273,19082.932
PF32/0020/A414,NO,45.472667,7.973248,52.0,41992.966,17770.577
PF33/0020/A414,NO,45.46913,7.97616,52.0,41597.208,17993.229
PF34/0020/A414,NO,45.475859,7.977948,52.0,42343.012,18142.47
PF35/0020/A414,NO,45.470011,7.980006,52.0,41691.165,18295.142
PF01/0021/A414,NO,45.471756,8.010114,10.0,41855.6,20651.0
PF02/0021/A414,NO,45.472691,8.012895,52.0,41956.849,20869.711
PF01/0022/A414,NO,45.47051,8.027433,8.0,41700.73,22003.13
PF02/0022/A414,NO,45.472303,8.014708,52.0,41911.962,21010.843
PF05/0022/A414,NO,45.471345,8.021034,52.0,41799.544,21504.088
PF06/0022/A414,NO,45.46983,8.023341,52.0,41629.059,21682.327
PF08/0022/A414,NO,45.474589,8.026098,52.0,42155.165,21904.265
PF09/0022/A414,NO,45.474979,8.029289,52.0,42195.408,22154.219
PF10/0022/A414,NO,45.473181,8.028661,52.0,41996.241,22102.684
PF13/0022/A414,NO,45.473814,8.034388,52.0,42061.214,22551.198
PF15/0022/A414,NO,45.470565,8.030505,52.0,41703.89,22243.366
PF16/0022/A414,NO,45.470672,8.032781,52.0,41713.666,22421.377
PF17/0022/A414,NO,45.472008,8.034028,52.0,41860.895,22520.68
PF18/0022/A414,NO,45.472641,8.032066,52.0,41933.104,22368.149
PF19/0022/A414,NO,45.475786,8.021395,52.0,42292.581,21538.309
PF20/0022/A414,NO,45.47368,8.023663,52.0,42056.419,21712.69
PF21/0022/A414,NO,45.472886,8.019732,52.0,41971.913,21404.38
PF01/0023/A414,NO,45.479744,8.045243,8.0,42709.85,23407.53
PF02/0023/A414,NO,45.4732,8.045894,3.0,41982.21,23449.74
PF05/0023/A414,NO,45.477016,8.036359,52.0,42415.106,22709.509
PF06/0023/A414,NO,45.477186,8.039734,52.0,42430.801,22973.537
PF07/0023/A414,NO,45.477511,8.0432,52.0,42463.626,23244.847
PF10/0023/A414,NO,45.475166,8.036682,52.0,42209.21,22732.289
PF13/0023/A414,NO,45.472454,8.041167,52.0,41903.724,23079.278
PF14/0023/A414,NO,45.470491,8.037157,52.0,41689.45,22763.25
PF17/0023/A414,NO,45.469856,8.034468,52.0,41621.437,22552.211
PF18/0023/A414,NO,45.47511,8.040945,52.0,42199.015,23065.429
PF19/0023/A414,NO,45.475862,8.03304,52.0,42289.933,22448.568
PF01/0024/A414,NO,45.466914,7.968639,8.0,41358.44,17402.16
PF04/0024/A414,NO,45.473966,7.96476,52.0,42145.905,17108.991
PF05/0024/A414,NO,45.473672,7.962013,52.0,42115.92,16893.894
PF06/0024/A414,NO,45.473393,7.967444,52.0,42079.476,17317.956
PF08/0024/A414,NO,45.469418,7.966932,52.0,41638.339,17272.244
PF09/0024/A414,NO,45.469561,7.969974,52.0,41651.192,17510.281
PF11/0024/A414,NO,45.466992,7.965129,52.0,41370.722,17127.834
PF14/0024/A414,NO,45.471447,7.968713,52.0,41861.969,17414.411
PF15/0024/A414,NO,45.470765,7.96328,52.0,41791.706,16988.731
PF16/0024/A414,NO,45.475395,7.962536,52.0,42306.806,16937.186
PF17/0024/A414,NO,45.471782,7.966119,52.0,41901.867,17212.13
PF01/0025/A414,NO,45.467089,7.97666,52.0,41369.953,18029.422
PF03/0025/A414,NO,45.464582,7.977572,52.0,41090.515,18097.166
PF04/0025/A414,NO,45.466558,7.979898,52.0,41307.697,18281.788
PF05/0025/A414,NO,45.468497,7.982082,52.0,41520.994,18455.273
PF06/0025/A414,NO,45.466328,7.982902,52.0,41279.177,18516.306
PF07/0025/A414,NO,45.46475,7.980082,52.0,41106.687,18293.645
PF08/0025/A414,NO,45.465287,7.978725,52.0,41167.66,18188.332
PF09/0025/A414,NO,45.46622,7.973623,52.0,41276.417,17790.785
PF10/0025/A414,NO,45.466724,7.9784,52.0,41327.627,18164.954
PF11/0025/A414,NO,45.468014,7.97812,52.0,41471.171,18144.876
PF02/0026/A414,NO,45.468169,7.988543,52.0,41478.17,18959.884
PF03/0026/A414,NO,45.466313,7.98726,52.0,41273.181,18856.955
PF04/0026/A414,NO,45.4661,7.984656,52.0,41252.141,18653.09
PF07/0026/A414,NO,45.466567,7.99203,52.0,41296.679,19230.244
PF08/0026/A414,NO,45.467794,7.985489,52.0,41439.499,18720.599
PF09/0026/A414,NO,45.468129,7.991931,52.0,41470.317,19224.659
PF10/0026/A414,NO,45.467023,7.99062,52.0,41348.743,19120.654
PF01/0027/A414,NO,45.464056,8.003104,3.0,41006.98,20092.48
PF08/0027/A414,NO,45.467271,8.003937,52.0,41363.348,20161.997
PF11/0027/A414,NO,45.466004,8.002423,52.0,41223.988,20041.923
PF12/0027/A414,NO,45.465591,8.00574,52.0,41174.973,20300.627
PF14/0027/A414,NO,45.464491,7.998034,52.0,41060.253,19696.718
PF15/0027/A414,NO,45.462111,7.999996,52.0,40793.928,19846.782
PF16/0027/A414,NO,45.460421,8.005429,52.0,40600.892,20269.198
PF17/0027/A414,NO,45.46662,7.999909,52.0,41294.926,19846.217
PF19/0027/A414,NO,45.470938,7.996465,10.0,41778.0,19583.0
PF01/0028/A414,NO,45.47128,8.012496,52.0,41800.48,20836.555
PF02/0028/A414,NO,45.470014,8.015841,52.0,41656.59,21096.357
PF06/0028/A414,NO,45.467162,8.012991,52.0,41342.519,20869.623
PF07/0028/A414,NO,45.469642,8.011471,52.0,41619.446,20754.198
PF09/0028/A414,NO,45.467651,8.009626,52.0,41400.042,20607.281
PF10/0028/A414,NO,45.46786,8.015645,52.0,41417.472,21078.073
PF01/0029/A414,NO,45.46566,8.012512,8.0,41176.03,20830.17
PF02/0029/A414,NO,45.465948,8.008512,52.0,41211.979,20517.875
PF05/0029/A414,NO,45.463304,8.012508,52.0,40914.296,20826.621
PF06/0029/A414,NO,45.464772,8.015727,52.0,41074.385,21080.306
PF07/0029/A414,NO,45.466239,8.015677,52.0,41237.387,21078.346
PF08/0029/A414,NO,45.462117,8.007507,52.0,40787.314,20434.035
PF09/0029/A414,NO,45.464592,8.009187,52.0,41060.593,20568.734
PF10/0029/A414,NO,45.462427,8.010649,52.0,40818.688,20680.062
PF01/0030/A414,NO,45.464158,8.028611,8.0,40993.86,22086.66
PF02/0030/A414,NO,45.468682,8.020169,52.0,41504.474,21432.846
PF03/0030/A414,NO,45.468963,8.023505,52.0,41532.558,21693.967
PF04/0030/A414,NO,45.466673,8.021284,52.0,41280.225,21517.267
PF01/0031/A414,NO,45.466426,7.972952,52.0,41299.899,17738.581
PF03/0031/A414,NO,45.463177,7.966999,52.0,40944.919,17268.563
PF04/0031/A414,NO,45.463685,7.972449,52.0,40995.919,17695.407
PF07/0031/A414,NO,45.45931,7.971366,52.0,40511.017,17604.471
PF13/0031/A414,NO,45.457407,7.973395,52.0,40297.542,17760.418
PF14/0031/A414,NO,45.464577,7.969504,52.0,41098.034,17466.428
PF15/0031/A414,NO,45.458951,7.974989,52.0,40467.492,17887.23
PF16/0031/A414,NO,45.462084,7.969547,52.0,40820.962,17466.226
PF17/0031/A414,NO,45.461538,7.972189,52.0,40757.667,17671.996
PF01/0032/A414,NO,45.463501,7.978947,8.0,40969.03,18203.16
PF02/0032/A414,NO,45.464902,7.975102,52.0,41128.485,17904.561
PF04/0032/A414,NO,45.461276,7.97636,52.0,40724.38,17997.704
PF05/0032/A414,NO,45.461221,7.980261,52.0,40714.433,18302.64
PF07/0032/A414,NO,45.463376,7.982853,52.0,40951.262,18508.35
PF08/0032/A414,NO,45.465222,7.981121,52.0,41158.113,18375.539
PF09/0032/A414,NO,45.461396,7.983362,12.0,40730.722,18545.364
PF10/0032/A414,NO,45.46293,7.97554,12.0,40909.0,17936.0
PF01/0033/A414,NO,45.459999,7.978729,52.0,40580.144,18181.149
PF03/0033/A414,NO,45.45508,7.978715,52.0,40033.721,18173.138
PF04/0033/A414,NO,45.45646,7.977187,52.0,40188.486,18055.578
PF01/0034/A414,NO,45.459624,7.982153,52.0,40535.148,18448.329
PF02/0034/A414,NO,45.458382,7.984248,52.0,40394.999,18610.385
PF03/0034/A414,NO,45.457513,7.980793,52.0,40301.929,18339.007
PF04/0034/A414,NO,45.455879,7.980878,52.0,40120.315,18343.36
PF02/0035/A414,NO,45.464299,7.988439,52.0,41048.265,18946.342
PF03/0035/A414,NO,45.463197,7.985928,52.0,40928.369,18748.468
PF05/0035/A414,NO,45.460317,7.985783,52.0,40608.529,18733.113
PF06/0035/A414,NO,45.464878,7.985261,52.0,41115.742,18698.667
PF07/0035/A414,NO,45.462617,7.988522,52.0,40861.284,18950.46
PF01/0036/A414,NO,45.461935,7.991525,7.0,40782.6,19184.29
PF03/0036/A414,NO,45.464558,7.991309,52.0,41074.248,19171.028
PF06/0036/A414,NO,45.464598,7.991274,52.0,41078.729,19168.342
PF01/0037/A414,NO,45.460347,7.999402,52.0,40598.541,19797.902
PF02/0037/A414,NO,45.459946,7.991173,12.0,40562.0,19154.0
PF03/0037/A414,NO,45.45818,7.988902,12.0,40368.0,18974.0
PF01/0038/A414,NO,45.456044,8.011155,8.0,40109.05,20710.9
PF02/0038/A414,NO,45.459568,8.008161,52.0,40503.428,20481.666
PF01/0040/A414,NO,45.443126,8.015102,8.0,38670.12,21001.98
PF01/0041/A414,NO,45.455802,8.020377,8.0,40073.33,21431.62
PF02/0041/A414,NO,45.451914,8.031993,8.0,39630.37,22334.72
PF01/0999/A414,NO,45.479121,7.958208,52.0,42725.17,16604.314
PF01/0001/A429A,NO,45.089952,7.746854,8.0,-273.52,-586.69
PF05/0001/A429A,NO,45.08932,7.750028,52.0,-347.497,-338.062
PF06/0001/A429A,NO,45.091896,7.749535,52.0,-60.743,-372.401
PF07/0001/A429A,NO,45.09405,7.751623,52.0,176.027,-204.371
PF08/0001/A429A,NO,45.09458,7.747996,52.0,239.231,-488.929
PF09/0001/A429A,NO,45.093879,7.744866,52.0,165.175,-736.366
PF10/0001/A429A,NO,45.089724,7.743188,52.0,-294.276,-875.586
PF11/0001/A429A,NO,45.089942,7.746765,52.0,-274.517,-593.737
PF12/0001/A429A,NO,45.089431,7.740083,52.0,-323.038,-1120.425
PF01/0003/A429A,NO,45.09236,7.754112,8.0,-14.76,-11.47
PF02/0003/A429A,NO,45.096299,7.750915,52.0,426.651,-256.265
PF03/0003/A429A,NO,45.096222,7.753255,52.0,415.289,-72.268
PF04/0003/A429A,NO,45.094338,7.75553,52.0,203.239,103.549
PF05/0003/A429A,NO,45.091885,7.757225,52.0,-71.281,232.704
PF06/0003/A429A,NO,45.090323,7.752999,52.0,-239.683,-102.534
PF07/0003/A429A,NO,45.108294,7.732719,52.0,1781.542,-1667.125
PF10/0003/A429A,NO,45.097471,7.751462,52.0,556.205,-211.222
PF11/0003/A429A,NO,45.10624,7.730359,52.0,1556.218,-1856.384
PF01/0004/A429A,NO,45.08556,7.741743,8.0,-755.13,-996.5
PF02/0004/A429A,NO,45.087723,7.744954,52.0,-518.721,-740.054
PF03/0004/A429A,NO,45.085323,7.745483,52.0,-786.064,-702.614
PF04/0004/A429A,NO,45.083852,7.743721,52.0,-947.28,-843.801
PF05/0004/A429A,NO,45.083732,7.747227,52.0,-964.893,-568.089
PF07/0004/A429A,NO,45.087372,7.741516,52.0,-553.558,-1011.222
PF08/0004/A429A,NO,45.081755,7.744736,12.0,-1181.5,-767.5
PF02/0005/A429A,NO,45.087537,7.751625,52.0,-547.541,-215.379
PF03/0005/A429A,NO,45.085593,7.74881,52.0,-760.077,-440.291
PF04/0005/A429A,NO,45.085978,7.752655,10.0,-722.0,-137.0
PF06/0005/A429A,NO,45.081928,7.748506,52.0,-1166.921,-470.539
PF07/0005/A429A,NO,45.083463,7.750428,52.0,-998.721,-316.602
PF08/0005/A429A,NO,45.087615,7.748811,12.0,-535.5,-436.7
PF09/0005/A429A,NO,45.080161,7.747096,12.0,-1361.5,-584.5
PF02/0006/A429A,NO,45.105491,7.733061,52.0,1469.737,-1645.068
PF04/0006/A429A,NO,45.101899,7.730642,52.0,1073.621,-1841.665
PF08/0006/A429A,NO,45.099911,7.736966,52.0,844.954,-1347.584
PF11/0006/A429A,NO,45.102522,7.737222,52.0,1134.722,-1322.859
PF12/0006/A429A,NO,45.09819,7.734546,52.0,656.797,-1540.938
PF13/0006/A429A,NO,45.103467,7.733006,52.0,1244.858,-1652.939
PF14/0006/A429A,NO,45.103881,7.735521,52.0,1287.836,-1454.358
PF15/0006/A429A,NO,45.100358,7.733512,52.0,898.953,-1618.57
PF01/0007/A429A,NO,45.100957,7.739149,8.0,958.51,-1174.01
PF02/0007/A429A,NO,45.104706,7.737866,52.0,1376.548,-1268.395
PF03/0007/A429A,NO,45.102892,7.740351,52.0,1171.957,-1076.062
PF04/0007/A429A,NO,45.100921,7.742736,52.0,950.07,-891.854
PF05/0007/A429A,NO,45.099404,7.742817,52.0,781.515,-888.087
PF07/0007/A429A,NO,45.105453,7.739287,52.0,1457.815,-1155.36
PF01/0008/A429A,NO,45.095383,7.748731,8.0,327.59,-429.65
PF02/0008/A429A,NO,45.099416,7.745286,52.0,779.847,-693.765
PF04/0008/A429A,NO,45.096929,7.740659,52.0,509.172,-1062.127
PF05/0008/A429A,NO,45.09794,7.746571,52.0,614.235,-595.209
PF06/0008/A429A,NO,45.095396,7.74693,52.0,331.265,-571.379
PF07/0008/A429A,NO,45.096622,7.750205,52.0,463.403,-311.588
PF08/0008/A429A,NO,45.094286,7.750823,62.0,203.193,-266.974
PF11/0008/A429A,NO,45.095907,7.743187,52.0,392.602,-865.035
PF01/0009/A429A,NO,45.099404,7.740834,52.0,783.938,-1044.142
PF02/0009/A429A,NO,45.098683,7.737292,52.0,708.159,-1324.033
PF03/0009/A429A,NO,45.096267,7.735183,52.0,442.391,-1494.155
PF04/0009/A429A,NO,45.100459,7.737926,52.0,904.701,-1271.104
PF05/0009/A429A,NO,45.094413,7.739708,52.0,230.868,-1141.376
PF02/0010/A429A,NO,45.094164,7.727933,8.0,217.68,-2068.32
PF03/0010/A429A,NO,45.094305,7.725837,12.0,235.9,-2233.0
PF04/0010/A429A,NO,45.098385,7.728828,12.0,685.5,-1990.5
PF02/0011/A429A,NO,45.094911,7.732166,52.0,295.474,-1733.918
PF04/0011/A429A,NO,45.093154,7.73021,52.0,102.657,-1890.92
PF07/0011/A429A,NO,45.092299,7.737278,52.0,-0.997,-1336.222
PF09/0011/A429A,NO,45.089182,7.732715,52.0,-341.657,-1700.725
PF10/0011/A429A,NO,45.089004,7.735955,52.0,-365.467,-1446.04
PF11/0011/A429A,NO,45.092333,7.732989,52.0,8.02,-1673.636
PF12/0011/A429A,NO,45.091619,7.72759,52.0,-64.565,-2099.736
PF14/0011/A429A,NO,45.094415,7.735916,52.0,235.671,-1439.696
PF15/0011/A429A,NO,45.09117,7.735309,52.0,-123.99,-1493.091
PF01/0012/A429A,NO,45.089876,7.738334,8.0,-271.53,-1257.34
PF02/0012/A429A,NO,45.094087,7.74336,52.0,190.181,-854.513
PF03/0012/A429A,NO,45.093365,7.747119,52.0,105.371,-560.018
PF04/0012/A429A,NO,45.092041,7.740749,52.0,-33.894,-1063.553
PF05/0012/A429A,NO,45.091822,7.744159,62.0,-62.473,-795.585
PF06/0012/A429A,NO,45.090006,7.742104,52.0,-261.677,-960.441
PF07/0012/A429A,NO,45.091595,7.740093,52.0,-82.649,-1115.931
PF03/0013/A429A,NO,45.087407,7.746636,52.0,-555.942,-608.291
PF04/0013/A429A,NO,45.088781,7.74823,52.0,-405.215,-480.47
PF05/0013/A429A,NO,45.087931,7.742784,52.0,-492.978,-910.458
PF06/0013/A429A,NO,45.089388,7.745226,52.0,-334.19,-715.807
PF01/0014/A429A,NO,45.088047,7.73917,52.0,-475.694,-1194.721
PF02/0014/A429A,NO,45.085209,7.738217,52.0,-789.799,-1274.605
PF03/0014/A429A,NO,45.085508,7.74206,52.0,-761.341,-971.655
PF05/0014/A429A,NO,45.087365,7.733851,52.0,-544.953,-1614.454
PF06/0014/A429A,NO,45.083844,7.736106,52.0,-938.821,-1443.093
PF02/0015/A429A,NO,45.083309,7.743846,52.0,-1007.777,-834.856
PF03/0015/A429A,NO,45.084786,7.74693,52.0,-847.515,-589.669
PF04/0015/A429A,NO,45.082564,7.747142,52.0,-1094.568,-576.764
PF01/0016/A429A,NO,45.084753,7.751849,8.0,-857.12,-202.59
PF02/0016/A429A,NO,45.087939,7.752002,52.0,-503.31,-185.094
PF04/0016/A429A,NO,45.082492,7.753126,52.0,-1109.829,-105.959
PF07/0016/A429A,NO,45.084108,7.754379,52.0,-931.872,-4.534
PF08/0016/A429A,NO,45.084833,7.751831,52.0,-848.172,-203.816
PF01/0017/A429A,NO,45.086394,7.749103,52.0,-671.439,-415.845
PF02/0017/A429A,NO,45.086454,7.755115,62.0,-672.128,57.413
PF03/0017/A429A,NO,45.089271,7.754727,62.0,-358.679,31.674
PF04/0017/A429A,NO,45.089732,7.751919,52.0,-304.097,-188.533
PF02/0018/A429A,NO,45.091926,7.751633,52.0,-59.945,-207.279
PF03/0018/A429A,NO,45.091447,7.747575,52.0,-108.238,-527.425
PF01/0020/A429A,NO,45.095311,7.752635,52.0,314.828,-122.608
PF01/0021/A429A,NO,45.092495,7.754254,8.0,0.0,0.0
PF02/0021/A429A,NO,45.093471,7.752787,52.0,110.204,-113.776
PF03/0021/A429A,NO,45.094099,7.754414,52.0,177.997,15.287
PF01/0022/A429A,NO,45.091408,7.756438,52.0,-123.385,169.933
PF01/0023/A429A,NO,45.090581,7.753341,52.0,-211.502,-75.158
PF01/0024/A429A,NO,45.083793,7.757705,52.0,-970.898,256.654
PF02/0024/A429A,NO,45.085235,7.760573,62.0,-814.098,484.86
PF03/0024/A429A,NO,45.087177,7.757808,52.0,-595.053,270.566
PF04/0025/A429A,NO,45.086317,7.750269,52.0,-681.44,-324.215
PF05/0025/A429A,NO,45.088339,7.750139,52.0,-456.616,-330.962
PF06/0025/A429A,NO,45.090106,7.749499,52.0,-259.555,-378.33
PF07/0025/A429A,NO,45.087846,7.746745,10.0,-507.3,-598.9
PF10/0025/A429A,NO,45.092402,7.750625,52.0,-5.935,-285.757
PF11/0025/A429A,NO,45.087697,7.748506,52.0,-526.009,-460.598
PF12/0025/A429A,NO,45.09003,7.745882,52.0,-263.596,-663.067
PF13/0025/A429A,NO,45.082544,7.746804,52.0,-1096.372,-603.381
PF14/0025/A429A,NO,45.09175,7.747832,52.0,-74.951,-506.687
PF15/0025/A429A,NO,45.085537,7.747897,52.0,-765.196,-512.217
PF16/0025/A429A,NO,45.091182,7.744131,10.0,-133.5,-798.9
PF01/0026/A429A,NO,45.092495,7.754254,8.0,0.0,0.0
PF03/0026/A429A,NO,45.090352,7.7531,52.0,-236.641,-94.542
PF02/0027/A429A,NO,45.093925,7.752649,52.0,160.801,-123.851
PF04/0027/A429A,NO,45.090763,7.755482,52.0,-193.854,93.647
PF05/0027/A429A,NO,45.091839,7.760104,52.0,-79.946,459.175
PF06/0027/A429A,NO,45.094858,7.760617,52.0,254.876,504.705
PF07/0027/A429A,NO,45.089443,7.760055,52.0,-346.002,451.227
PF08/0027/A429A,NO,45.090664,7.762341,52.0,-213.118,633.231
PF09/0027/A429A,NO,45.094703,7.750022,52.0,250.477,-329.224
PF10/0027/A429A,NO,45.093668,7.756974,12.0,127.0,216.0
PF02/0028/A429A,NO,45.09286,7.763733,52.0,29.109,746.458
PF03/0028/A429A,NO,45.090591,7.765316,52.0,-224.82,867.167
PF07/0028/A429A,NO,45.086334,7.764724,52.0,-697.049,813.408
PF08/0028/A429A,NO,45.080766,7.756764,52.0,-1305.949,177.449
PF10/0028/A429A,NO,45.088382,7.762993,52.0,-467.471,680.665
PF11/0028/A429A,NO,45.08806,7.765219,52.0,-505.888,855.272
PF12/0028/A429A,NO,45.090989,7.768305,52.0,-184.241,1103.094
PF02/0029/A429A,NO,45.083817,7.762197,52.0,-973.635,610.222
PF04/0029/A429A,NO,45.081476,7.759416,52.0,-1230.272,387.377
PF06/0029/A429A,NO,45.081731,7.762116,52.0,-1205.298,600.329
PF07/0029/A429A,NO,45.078747,7.761485,52.0,-1535.94,545.554
PF04/0030/A429A,NO,45.085681,7.75666,52.0,-759.865,177.665
PF05/0030/A429A,NO,45.085454,7.753034,52.0,-780.692,-108.14
PF07/0030/A429A,NO,45.085693,7.760723,52.0,-763.404,497.413
PF10/0030/A429A,NO,45.087524,7.753739,52.0,-551.553,-49.088
PF12/0030/A429A,NO,45.087738,7.759161,52.0,-534.376,377.958
PF13/0030/A429A,NO,45.08919,7.756479,52.0,-369.819,169.39
PF32/0030/A429A,NO,45.084463,7.763851,52.0,-903.869,741.53
PF02/0031/A429A,NO,45.083429,7.750411,52.0,-1002.443,-317.975
PF04/0031/A429A,NO,45.082094,7.755281,52.0,-1156.656,62.996
PF10/0031/A429A,NO,45.077849,7.747841,52.0,-1619.185,-529.883
PF11/0031/A429A,NO,45.076711,7.751406,52.0,-1750.008,-251.185
PF12/0031/A429A,NO,45.080059,7.749279,52.0,-1375.489,-412.906
PF01/0997/A429A,NO,45.080211,7.752304,8.0,-1362.29,-174.57
PF02/0997/A429A,NO,45.097553,7.75823,52.0,557.169,321.46
PF03/0997/A429A,NO,45.081129,7.740186,52.0,-1245.449,-1126.725
PF04/0997/A429A,NO,45.087026,7.756497,52.0,-610.21,167.095
PF05/0997/A429A,NO,45.083812,7.737949,52.0,-944.674,-1298.15
PF01/0998/A429A,NO,45.066285,7.774495,8.0,-2936.02,1548.62
PF02/0998/A429A,NO,45.084605,7.804469,8.0,-936.07,3938.45
PF03/0998/A429A,NO,45.102018,7.749019,8.0,1064.27,-395.62
PF04/0998/A429A,NO,45.053581,7.726936,8.0,-4289.5,-2217.76
PF05/0998/A429A,NO,45.104636,7.764944,8.0,1335.92,861.77
PF06/0998/A429A,NO,45.100386,7.790685,8.0,833.12,2879.86
PF07/0998/A429A,NO,45.068703,7.741798,8.0,-2627.81,-1021.3
PF08/0998/A429A,NO,45.092373,7.721818,8.0,26.28,-2552.61
PF09/0998/A429A,NO,45.096104,7.735679,8.0,423.7,-1455.41
PF10/0998/A429A,NO,45.082751,7.709895,8.0,-1027.75,-3507.94
PF11/0998/A429A,NO,45.107524,7.759419,8.0,1663.34,431.98
PF12/0998/A429A,NO,45.096895,7.762536,8.0,478.84,659.19
PF13/0998/A429A,NO,45.082175,7.766559,8.0,-1161.22,950.77
PF14/0998/A429A,NO,45.075022,7.766095,8.0,-1955.3,902.08
PF15/0998/A429A,NO,45.077252,7.759438,8.0,-1699.64,381.9
PF16/0998/A429A,NO,45.081087,7.74124,8.0,-1251.39,-1043.8
PF17/0998/A429A,NO,45.087972,7.739503,8.0,-484.45,-1168.59
PF18/0998/A429A,NO,45.093863,7.744107,8.0,164.39,-796.12
PF19/0998/A429A,NO,45.091506,7.73549,8.0,-86.89,-1478.31
PF20/0998/A429A,NO,45.100448,7.740481,8.0,900.3,-1070.09
PF21/0998/A429A,NO,45.082461,7.762772,52.0,-1124.986,653.176
PF22/0998/A429A,NO,45.094585,7.766726,52.0,217.203,984.926
PF23/0998/A429A,NO,45.09454,7.763544,52.0,215.951,734.442
PF24/0998/A429A,NO,45.097106,7.762659,52.0,502.134,669.194
PF25/0998/A429A,NO,45.095468,7.75452,52.0,329.961,25.961
PF26/0998/A429A,NO,45.094679,7.763809,52.0,231.095,755.56
PF27/0998/A429A,NO,45.083812,7.73972,52.0,-946.83,-1158.78
PF28/0998/A429A,NO,45.082439,7.762742,52.0,-1127.386,650.766
PF29/0998/A429A,NO,45.084643,7.765719,52.0,-886.134,888.827
PF30/0998/A429A,NO,45.074825,7.746629,52.0,-1953.702,-630.488
PF31/0998/A429A,NO,45.084454,7.76619,52.0,-907.62,925.573
PF32/0998/A429A,NO,45.09734,7.74891,52.0,544.82,-412.208
PF33/0998/A429A,NO,45.097663,7.752764,12.0,576.01,-108.445
PF34/0998/A429A,NO,45.089354,7.77159,12.0,-369.745,1358.835
PF35/0998/A429A,NO,45.086746,7.767779,52.0,-654.918,1054.491
PF40/0998/A429A,NO,45.091483,7.772114,12.0,-133.84,1403.67
PF41/0998/A429A,NO,45.088485,7.769238,12.0,-463.49,1172.26
PF01/0999/A429A,NO,45.10842,7.723418,8.0,1807.06,-2398.61
PF02/0999/A429A,NO,45.11765,7.766943,8.0,2779.22,1041.1
PF03/0999/A429A,NO,45.072466,7.793772,8.0,-2272.19,3076.46
PF04/0999/A429A,NO,45.054144,7.763805,8.0,-4271.98,686.38
PF05/0999/A429A,NO,45.083963,7.724996,8.0,-911.94,-2317.31
PF06/0999/A429A,NO,45.088243,7.77999,8.0,-503.15,2018.02
PF07/0999/A429A,NO,45.080353,7.743568,8.0,-1335.85,-861.87
PF08/0999/A429A,NO,45.082627,7.739213,8.0,-1077.9,-1200.68
PF09/0999/A429A,NO,45.08074,7.75662,8.0,-1308.74,166.04
PF10/0999/A429A,NO,45.088306,7.729798,8.0,-435.39,-1931.79
PF11/0999/A429A,NO,45.095109,7.717351,8.0,335.86,-2899.31
PF12/0999/A429A,NO,45.104029,7.718302,8.0,1325.58,-2808.82
PF13/0999/A429A,NO,45.113235,7.735413,8.0,2327.13,-1446.57
PF14/0999/A429A,NO,45.081722,7.733424,8.0,-1171.26,-1657.93
PF15/0999/A429A,NO,45.094738,7.757882,52.0,244.823,289.308
PF16/0999/A429A,NO,45.081781,7.741955,52.0,-1175.235,-986.394
PF17/0999/A429A,NO,45.097737,7.755174,52.0,581.291,81.287
PF18/0999/A429A,NO,45.080804,7.756792,52.0,-1301.774,179.75
PF20/0999/A429A,NO,45.096399,7.746519,52.0,443.094,-601.945
PF21/0999/A429A,NO,45.082741,7.749973,52.0,-1078.382,-353.657
PF22/0999/A429A,NO,45.081728,7.746294,52.0,-1186.376,-644.967
PF23/0999/A429A,NO,45.080714,7.753055,52.0,-1307.305,-114.549
PF24/0999/A429A,NO,45.082999,7.732045,52.0,-1027.726,-1764.22
PF25/0999/A429A,NO,45.093655,7.757245,52.0,125.268,237.322
PF26/0999/A429A,NO,45.090229,7.729108,52.0,-220.959,-1982.698
PF27/0999/A429A,NO,45.081779,7.74193,52.0,-1175.458,-988.333
PF28/0999/A429A,NO,45.107274,7.737291,52.0,1662.52,-1309.208
PF30/0999/A429A,NO,45.077168,7.76087,12.0,-1710.602,494.515
PF01/0033/A429B,NO,45.094569,7.74567,8.0,240.89,-671.94
PF03/0033/A429B,NO,45.092663,7.747747,52.0,26.66,-511.789
PF05/0033/A429B,NO,45.093465,7.750575,52.0,112.296,-287.895
PF07/0033/A429B,NO,45.095125,7.749148,52.0,298.46,-397.317
PF01/0034/A429B,NO,45.097109,7.750067,52.0,517.657,-321.567
PF02/0034/A429B,NO,45.097554,7.752766,52.0,563.853,-108.459
PF04/0034/A429B,NO,45.095042,7.752327,52.0,285.344,-147.327
PF06/0034/A429B,NO,45.094411,7.756377,52.0,210.317,170.32
PF01/0035/A429B,NO,45.099037,7.75697,8.0,723.54,224.86
PF02/0035/A429B,NO,45.101571,7.759314,52.0,1002.201,413.576
PF05/0035/A429B,NO,45.096288,7.758591,52.0,416.112,347.729
PF06/0035/A429B,NO,45.099858,7.760596,52.0,810.384,511.548
PF07/0035/A429B,NO,45.09806,7.759914,52.0,611.393,454.832
PF08/0035/A429B,NO,45.09698,7.755512,52.0,496.772,106.649
PF01/0036/A429B,NO,45.091424,7.749949,52.0,-113.705,-340.64
PF01/0037/A429B,NO,45.092495,7.754254,8.0,0.0,0.0
PF03/0037/A429B,NO,45.091795,7.751834,52.0,-74.801,-191.684
PF04/0037/A429B,NO,45.094719,7.753051,52.0,248.57,-90.925
PF02/0038/A429B,NO,45.09302,7.761707,52.0,49.352,587.341
PF03/0038/A429B,NO,45.093541,7.759364,52.0,110.099,403.839
PF04/0038/A429B,NO,45.091475,7.75837,52.0,-118.221,322.084
PF05/0038/A429B,NO,45.092329,7.756006,52.0,-20.551,137.544
PF06/0038/A429B,NO,45.090579,7.755277,52.0,-214.001,77.204
PF01/0039/A429B,NO,45.08793,7.742791,52.0,-493.096,-909.977
PF02/0039/A429B,NO,45.08929,7.741993,52.0,-341.099,-970.374
PF01/0040/A429B,NO,45.089313,7.747384,52.0,-345.057,-546.077
PF02/0040/A429B,NO,45.085617,7.747465,52.0,-755.807,-546.116
PF03/0040/A429B,NO,45.087466,7.747849,52.0,-550.85,-512.674
PF04/0040/A429B,NO,45.086766,7.749623,52.0,-630.73,-374.307
PF05/0040/A429B,NO,45.087027,7.745115,52.0,-596.259,-728.59
PF02/0041/A429B,NO,45.09017,7.751682,52.0,-255.181,-206.397
PF01/0042/A429B,NO,45.086641,7.756026,8.0,-652.44,129.41
PF07/0042/A429B,NO,45.090331,7.762175,52.0,-249.991,619.55
PF01/0043/A429B,NO,45.086855,7.751876,52.0,-623.642,-196.857
PF02/0043/A429B,NO,45.084003,7.754997,52.0,-944.253,43.867
PF03/0043/A429B,NO,45.084141,7.752372,52.0,-925.78,-162.483
PF01/0001/A653,NO,45.096335,7.727155,8.0,459.82,-2125.77
PF02/0001/A653,NO,45.09866,7.722621,52.0,723.792,-2478.436
PF03/0001/A653,NO,45.093429,7.72297,52.0,142.232,-2460.108
PF04/0001/A653,NO,45.095611,7.72938,52.0,376.688,-1951.952
PF01/0002/A653,NO,45.101481,7.737114,8.0,1019.18,-1333.17
PF02/0002/A653,NO,45.097576,7.734115,10.0,589.05,-1575.95
PF03/0002/A653,NO,45.097553,7.740081,12.0,579.265,-1106.576
PF01/0003/A653,NO,45.103057,7.747683,8.0,1181.4,-498.91
PF01/0004/A653,NO,45.111469,7.753037,52.0,2109.315,-63.287
PF02/0004/A653,NO,45.106134,7.749274,52.0,1521.286,-368.491
PF03/0004/A653,NO,45.1079,7.756453,52.0,1708.683,199.307
PF02/0005/A653,NO,45.108179,7.759646,52.0,1735.835,450.984
PF03/0005/A653,NO,45.110776,7.756572,52.0,2028.093,213.576
PF04/0005/A653,NO,45.104774,7.76297,52.0,1353.625,706.681
PF01/0006/A653,NO,45.109182,7.768368,52.0,1836.773,1138.848
PF01/0007/A653,NO,45.113889,7.777307,52.0,2348.992,1849.934
PF01/0008/A653,NO,45.106157,7.774017,52.0,1493.991,1578.111
PF02/0008/A653,NO,45.106013,7.778467,52.0,1472.744,1927.964
PF01/0009/A653,NO,45.10445,7.775637,52.0,1302.457,1702.687
PF01/0010/A653,NO,45.099826,7.766067,52.0,800.143,941.954
PF02/0010/A653,NO,45.1028,7.763641,52.0,1133.449,756.14
PF03/0010/A653,NO,45.099819,7.774391,52.0,789.454,1596.853
PF02/0011/A653,NO,45.094748,7.763003,8.0,239.7,692.25
PF04/0011/A653,NO,45.093319,7.764283,52.0,79.431,790.57
PF05/0011/A653,NO,45.098947,7.757998,52.0,712.299,305.614
PF06/0011/A653,NO,45.096928,7.760653,52.0,484.74,511.007
PF07/0011/A653,NO,45.100426,7.762634,52.0,870.976,672.827
PF08/0011/A653,NO,45.101394,7.757364,52.0,984.89,259.905
PF09/0011/A653,NO,45.095071,7.762336,52.0,276.433,640.316
PF02/0012/A653,NO,45.098588,7.747824,52.0,684.691,-495.506
PF03/0012/A653,NO,45.094886,7.745982,52.0,275.718,-646.843
PF04/0012/A653,NO,45.097491,7.745475,52.0,565.692,-682.282
PF06/0012/A653,NO,45.097645,7.754156,52.0,572.231,1.085
PF02/0013/A653,NO,45.083235,7.725988,12.0,-994.0,-2240.5
PF03/0013/A653,NO,45.083711,7.729929,12.0,-946.0,-1929.5
PF01/0014/A653,NO,45.088117,7.741795,8.0,-471.16,-987.99
PF02/0015/A653,NO,45.093911,7.753938,62.0,157.734,-22.476
PF03/0015/A653,NO,45.09438,7.751942,52.0,212.286,-178.704
PF04/0015/A653,NO,45.090605,7.752714,52.0,-208.004,-124.457
PF01/0017/A653,NO,45.09566,7.755317,52.0,350.375,88.998
PF03/0017/A653,NO,45.09303,7.757061,62.0,56.057,221.756
PF06/0017/A653,NO,45.097143,7.758018,52.0,511.857,304.049
PF09/0017/A653,NO,45.095347,7.758911,52.0,311.26,371.306
PF01/0018/A653,NO,45.095489,7.764651,52.0,320.101,823.172
PF02/0018/A653,NO,45.0959,7.774359,52.0,354.081,1587.759
PF03/0018/A653,NO,45.093833,7.768523,52.0,131.433,1125.073
PF01/0020/A653,NO,45.089166,7.747682,52.0,-361.781,-522.887
PF02/0020/A653,NO,45.087757,7.750803,52.0,-522.16,-279.733
PF02/0021/A653,NO,45.093198,7.761235,62.0,69.714,550.454
PF03/0021/A653,NO,45.090583,7.756246,62.0,-214.755,153.434
PF05/0021/A653,NO,45.088445,7.757481,52.0,-453.82,246.983
PF07/0021/A653,NO,45.090465,7.762603,52.0,-235.593,653.526
PF02/0022/A653,NO,45.087302,7.764795,52.0,-589.586,820.631
PF01/0023/A653,NO,45.090418,7.766893,52.0,-245.924,990.973
PF02/0024/A653,NO,45.082375,7.748498,52.0,-1117.212,-470.389
PF03/0024/A653,NO,45.080089,7.748005,52.0,-1370.557,-513.082
PF04/0024/A653,NO,45.082703,7.743545,52.0,-1074.737,-859.64
PF05/0024/A653,NO,45.076555,7.749089,52.0,-1764.477,-433.9
PF06/0024/A653,NO,45.078607,7.745345,52.0,-1532.002,-725.046
PF01/0025/A653,NO,45.085226,7.756252,52.0,-809.872,144.74
PF01/0026/A653,NO,45.077684,7.766978,8.0,-1660.68,976.16
PF02/0026/A653,NO,45.080895,7.768013,52.0,-1305.191,1063.04
PF03/0026/A653,NO,45.077473,7.7613,52.0,-1677.261,528.858
PF02/0027/A653,NO,45.068253,7.75397,52.0,-2692.725,-63.873
PF03/0027/A653,NO,45.071034,7.753129,52.0,-2382.775,-125.345
PF04/0027/A653,NO,45.068833,7.75728,52.0,-2632.219,197.699
PF01/0028/A653,NO,45.067281,7.762843,8.0,-2811.41,632.97
PF02/0028/A653,NO,45.071297,7.761558,52.0,-2363.752,538.683
PF04/0028/A653,NO,45.074428,7.767065,52.0,-2022.502,977.443
PF01/0029/A653,NO,45.07749,7.768856,52.0,-1684.444,1123.619
PF02/0029/A653,NO,45.07364,7.775872,52.0,-2120.55,1669.348
PF03/0029/A653,NO,45.076278,7.77224,52.0,-1823.184,1387.934
PF01/0030/A653,NO,45.069506,7.750624,52.0,-2549.384,-325.118
PF01/0031/A653,NO,45.065239,7.756953,52.0,-3031.09,165.807
PF01/0032/A653,NO,45.063886,7.762114,52.0,-3187.654,569.844
PF02/0032/A653,NO,45.067374,7.767314,52.0,-2806.478,985.108
PF01/0033/A653,NO,45.068044,7.776622,52.0,-2743.079,1718.992
PF01/0034/A653,NO,45.0599,7.769072,8.0,-3638.88,1110.9
PF02/0034/A653,NO,45.136958,7.798173,52.0,4887.223,3529.402
PF04/0034/A653,NO,45.137365,7.805657,52.0,4923.736,4118.495
PF05/0034/A653,NO,45.057175,7.77183,12.0,-3944.796,1323.416
PF01/0999/A653,NO,45.087729,7.78538,8.0,-566.67,2441.32
PF02/0999/A653,NO,45.125039,7.768851,8.0,3597.75,1203.69
PF03/0999/A653,NO,45.126174,7.723125,8.0,3779.68,-2390.44
PF04/0999/A653,NO,45.092583,7.692588,8.0,86.46,-4852.4
PF05/0999/A653,NO,45.067278,7.716354,8.0,-2754.65,-3026.88
PF06/0999/A653,NO,45.053119,7.753975,8.0,-4373.9,-89.39
PF07/0999/A653,NO,45.107411,7.787464,8.0,1617.39,2638.08
PF08/0999/A653,NO,45.120703,7.744427,8.0,3145.7,-724.64
PF09/0999/A653,NO,45.111238,7.739545,8.0,2100.16,-1125.05
PF10/0999/A653,NO,45.061254,7.725782,8.0,-3435.66,-2295.15
PF11/0999/A653,NO,45.097689,7.78062,8.0,545.43,2083.37
PF12/0999/A653,NO,45.119513,7.762294,8.0,2991.8,678.58
PF13/0999/A653,NO,45.092164,7.715408,8.0,11.04,-3057.39
PF14/0999/A653,NO,45.074353,7.733405,8.0,-1989.94,-1672.22
PF15/0999/A653,NO,45.075814,7.779933,8.0,-1883.9,1992.65
PF16/0999/A653,NO,45.08567,7.774652,8.0,-782.65,1593.59
PF17/0999/A653,NO,45.053364,7.772409,8.0,-4368.87,1362.6
PF18/0999/A653,NO,45.065239,7.793695,8.0,-3074.87,3058.39
PF19/0999/A653,NO,45.105346,7.67035,8.0,1532.78,-6578.97
PF20/0999/A653,NO,45.071818,7.708459,8.0,-2240.48,-3640.33
PF21/0999/A653,NO,45.071987,7.779191,52.0,-2308.152,1927.851
PF22/0999/A653,NO,45.080354,7.729091,12.0,-1317.92,-2001.33
PF01/0001/A752,NO,45.095992,7.728747,8.0,419.78,-2001.09
PF02/0001/A752,NO,45.087321,7.728183,52.0,-542.82,-2060.587
PF05/0001/A752,NO,45.101721,7.724905,52.0,1060.975,-2293.305
PF01/0004/A752,NO,45.086179,7.72674,8.0,-667.86,-2176.13
PF02/0004/A752,NO,45.092958,7.72727,52.0,84.541,-2122.623
PF04/0004/A752,NO,45.091981,7.735793,52.0,-34.574,-1453.625
PF01/0005/A752,NO,45.097531,7.739929,8.0,576.97,-1118.59
PF03/0005/A752,NO,45.090856,7.724932,52.0,-146.077,-2310.279
PF04/0005/A752,NO,45.093353,7.728247,52.0,127.167,-2044.996
PF01/0006/A752,NO,45.092656,7.732471,52.0,44.584,-1713.84
PF02/0006/A752,NO,45.090715,7.7389,52.0,-178.937,-1211.334
PF03/0006/A752,NO,45.093012,7.739785,52.0,75.166,-1137.688
PF01/0007/A752,NO,45.102261,7.748267,52.0,1092.225,-454.333
PF02/0007/A752,NO,45.101887,7.753384,52.0,1044.509,-52.409
PF03/0007/A752,NO,45.099258,7.750897,52.0,755.43,-252.602
PF05/0007/A752,NO,45.09732,7.751092,52.0,539.889,-240.553
PF08/0007/A752,NO,45.101226,7.750285,52.0,974.81,-297.385
PF11/0007/A752,NO,45.097507,7.748934,52.0,563.234,-410.051
PF12/0007/A752,NO,45.100293,7.745947,62.0,876.478,-640.309
PF13/0007/A752,NO,45.097239,7.751691,52.0,530.154,-193.617
PF14/0007/A752,NO,45.103097,7.75153,52.0,1181.164,-196.218
PF01/0008/A752,NO,45.096436,7.746639,10.0,447.1,-592.5
PF02/0008/A752,NO,45.094694,7.751104,52.0,248.096,-244.157
PF06/0008/A752,NO,45.091266,7.746865,52.0,-127.544,-583.574
PF07/0008/A752,NO,45.090772,7.743778,52.0,-178.611,-827.332
PF09/0008/A752,NO,45.094416,7.751692,52.0,216.55,-198.333
PF11/0008/A752,NO,45.093927,7.748097,52.0,166.556,-482.104
PF12/0008/A752,NO,45.092651,7.744883,52.0,28.809,-737.156
PF02/0009/A752,NO,45.099282,7.754683,52.0,753.476,45.304
PF03/0009/A752,NO,45.099294,7.758402,52.0,750.374,337.995
PF04/0009/A752,NO,45.100443,7.761683,52.0,874.042,598.106
PF05/0009/A752,NO,45.096937,7.756493,52.0,490.752,183.75
PF06/0009/A752,NO,45.103588,7.755162,52.0,1231.322,90.376
PF07/0009/A752,NO,45.101503,7.75814,52.0,996.004,321.088
PF01/0010/A752,NO,45.095224,7.754939,52.0,302.358,58.544
PF02/0010/A752,NO,45.093845,7.755873,52.0,148.078,129.639
PF03/0010/A752,NO,45.095757,7.757171,52.0,358.917,235.073
PF01/0011/A752,NO,45.092495,7.754254,8.0,0.0,0.0
PF02/0011/A752,NO,45.092113,7.752134,52.0,-39.845,-167.53
PF03/0011/A752,NO,45.093329,7.753126,52.0,94.075,-87.363
PF01/0012/A752,NO,45.091089,7.756821,52.0,-159.296,199.526
PF01/0014/A752,NO,45.090304,7.754572,52.0,-243.746,21.206
PF02/0015/A752,NO,45.098346,7.763771,52.0,638.584,758.783
PF03/0015/A752,NO,45.098932,7.766452,52.0,700.392,970.748
PF05/0015/A752,NO,45.096224,7.760684,52.0,406.567,512.317
PF06/0015/A752,NO,45.096678,7.766029,52.0,450.549,933.588
PF07/0015/A752,NO,45.096559,7.768743,52.0,434.097,1146.999
PF08/0015/A752,NO,45.101689,7.766035,52.0,1007.195,942.606
PF09/0015/A752,NO,45.102155,7.769445,12.0,1054.903,1211.672
PF02/0016/A752,NO,45.091788,7.765186,62.0,-91.749,858.985
PF03/0016/A752,NO,45.091242,7.768398,52.0,-156.246,1110.862
PF04/0016/A752,NO,45.090012,7.764644,52.0,-288.326,813.3
PF05/0016/A752,NO,45.09092,7.761746,52.0,-183.94,586.801
PF06/0016/A752,NO,45.089025,7.760799,52.0,-393.318,509.089
PF08/0016/A752,NO,45.093426,7.761326,52.0,94.916,558.062
PF09/0016/A752,NO,45.09454,7.759163,52.0,221.327,389.732
PF10/0016/A752,NO,45.09497,7.763531,62.0,263.783,734.168
PF11/0016/A752,NO,45.094498,7.759058,52.0,216.686,381.411
PF12/0016/A752,NO,45.087811,7.765266,52.0,-533.587,858.582
PF01/0017/A752,NO,45.096302,7.772276,52.0,401.245,1424.492
PF02/0017/A752,NO,45.100312,7.769765,10.0,849.75,1233.75
PF03/0017/A752,NO,45.099648,7.777256,12.0,767.0,1822.0
PF04/0017/A752,NO,45.099682,7.781322,12.0,766.0,2142.0
PF01/0018/A752,NO,45.094093,7.768776,52.0,160.075,1145.427
PF02/0018/A752,NO,45.091745,7.77188,52.0,-104.504,1385.708
PF03/0018/A752,NO,45.091473,7.769015,52.0,-131.266,1159.74
PF05/0018/A752,NO,45.089439,7.775075,52.0,-364.461,1633.216
PF06/0018/A752,NO,45.088207,7.769108,52.0,-494.186,1161.558
PF02/0019/A752,NO,45.094172,7.7776,52.0,158.276,1839.886
PF03/0019/A752,NO,45.091185,7.783748,52.0,-180.812,2318.686
PF04/0019/A752,NO,45.090934,7.777462,52.0,-201.228,1823.561
PF06/0019/A752,NO,45.095944,7.780071,12.0,352.2,2037.3
PF01/0020/A752,NO,45.094574,7.797387,8.0,179.61,3397.54
PF02/0020/A752,NO,45.096269,7.791659,52.0,374.592,2949.657
PF03/0020/A752,NO,45.092655,7.79135,52.0,-26.44,2919.307
PF04/0020/A752,NO,45.096773,7.787917,52.0,435.004,2655.998
PF01/0021/A752,NO,45.085914,7.786022,52.0,-769.115,2488.803
PF02/0021/A752,NO,45.087804,7.78704,52.0,-560.353,2572.044
PF03/0021/A752,NO,45.091012,7.788048,52.0,-205.092,2656.706
PF04/0021/A752,NO,45.088956,7.792636,52.0,-438.875,3014.353
PF01/0022/A752,NO,45.091752,7.802605,52.0,-140.035,3803.491
PF02/0022/A752,NO,45.086676,7.802731,12.0,-704.0,3805.0
PF01/0023/A752,NO,45.095057,7.803367,52.0,226.32,3868.855
PF02/0023/A752,NO,45.098507,7.80598,52.0,606.557,4080.11
PF01/0024/A752,NO,45.09343,7.807336,52.0,40.883,4178.508
PF02/0024/A752,NO,45.089531,7.809361,52.0,-394.596,4331.442
PF01/0026/A752,NO,45.082359,7.7283,52.0,-1094.201,-2060.095
PF02/0026/A752,NO,45.08514,7.730335,52.0,-787.712,-1895.019
PF04/0026/A752,NO,45.084809,7.721475,10.0,-813.6,-2592.9
PF05/0026/A752,NO,45.085037,7.715419,10.0,-780.65,-3069.15
PF02/0027/A752,NO,45.081839,7.730925,52.0,-1155.256,-1854.38
PF03/0027/A752,NO,45.083888,7.733376,52.0,-930.659,-1657.866
PF04/0027/A752,NO,45.082277,7.734648,52.0,-1111.13,-1560.605
PF05/0027/A752,NO,45.087776,7.735204,52.0,-500.95,-1507.247
PF06/0027/A752,NO,45.087721,7.730337,12.0,-501.07,-1890.38
PF01/0028/A752,NO,45.089027,7.742607,8.0,-371.03,-922.5
PF02/0028/A752,NO,45.081951,7.744345,8.0,-1159.22,-798.0
PF03/0028/A752,NO,45.089021,7.742466,52.0,-371.573,-933.63
PF04/0028/A752,NO,45.089666,7.74613,52.0,-304.377,-644.187
PF06/0028/A752,NO,45.087083,7.743233,52.0,-587.761,-876.65
PF07/0028/A752,NO,45.086126,7.745588,52.0,-696.925,-692.961
PF08/0028/A752,NO,45.083591,7.741512,52.0,-973.615,-1018.104
PF01/0029/A752,NO,45.090299,7.749706,52.0,-238.391,-361.674
PF02/0029/A752,NO,45.087887,7.748315,52.0,-504.632,-475.279
PF04/0029/A752,NO,45.082077,7.748929,52.0,-1150.793,-436.943
PF05/0029/A752,NO,45.085708,7.749516,52.0,-748.229,-384.561
PF02/0030/A752,NO,45.088798,7.7576,52.0,-414.705,256.942
PF03/0030/A752,NO,45.08689,7.756238,52.0,-625.062,146.508
PF04/0030/A752,NO,45.085842,7.753254,62.0,-737.884,-90.122
PF05/0030/A752,NO,45.084742,7.756447,52.0,-863.88,159.299
PF10/0030/A752,NO,45.086897,7.758982,52.0,-627.541,362.483
PF12/0030/A752,NO,45.079918,7.757323,52.0,-1400.839,219.96
PF13/0030/A752,NO,45.08264,7.756287,52.0,-1097.236,143.137
PF16/0030/A752,NO,45.083861,7.753614,52.0,-958.359,-65.16
PF19/0030/A752,NO,45.08856,7.753656,62.0,-436.423,-53.843
PF20/0030/A752,NO,45.080994,7.753533,52.0,-1276.799,-76.483
PF21/0030/A752,NO,45.083705,7.758776,52.0,-981.873,340.789
PF01/0031/A752,NO,45.085619,7.766728,8.0,-778.86,969.86
PF02/0031/A752,NO,45.085421,7.760781,52.0,-793.699,501.531
PF03/0031/A752,NO,45.082567,7.7636,52.0,-1114.109,718.544
PF04/0032/A752,NO,45.083494,7.770462,52.0,-1019.404,1260.14
PF05/0032/A752,NO,45.083005,7.775554,52.0,-1079.824,1660.11
PF06/0032/A752,NO,45.086213,7.772316,52.0,-719.563,1410.63
PF07/0032/A752,NO,45.084705,7.777404,52.0,-893.124,1808.528
PF01/0033/A752,NO,45.081129,7.78427,52.0,-1298.596,2342.952
PF02/0033/A752,NO,45.084755,7.783531,52.0,-894.861,2290.842
PF03/0033/A752,NO,45.087079,7.782597,52.0,-635.61,2221.191
PF01/0034/A752,NO,45.082036,7.790572,8.0,-1205.28,2840.47
PF01/0036/A752,NO,45.080778,7.801549,8.0,-1357.84,3702.33
PF02/0036/A752,NO,45.083926,7.807896,10.0,-1015.5,4207.0
PF03/0036/A752,NO,45.07958,7.807631,12.0,-1498.0,4179.0
PF01/0037/A752,NO,45.085694,7.812509,52.0,-824.43,4572.947
PF02/0037/A752,NO,45.083538,7.810814,10.0,-1062.0,4436.0
PF03/0037/A752,NO,45.089225,7.813056,52.0,-432.788,4621.719
PF04/0037/A752,NO,45.078743,7.815398,12.0,-1600.0,4789.0
PF01/0038/A752,NO,45.076367,7.717966,52.0,-1747.016,-2883.953
PF02/0038/A752,NO,45.082738,7.717005,12.0,-1038.017,-2948.35
PF03/0038/A752,NO,45.08039,7.715878,12.0,-1297.509,-3041.171
PF01/0039/A752,NO,45.079294,7.725208,52.0,-1430.81,-2308.807
PF02/0039/A752,NO,45.080546,7.719028,52.0,-1284.031,-2793.0
PF04/0039/A752,NO,45.081316,7.722993,12.0,-1203.425,-2479.56
PF05/0039/A752,NO,45.077751,7.723168,12.0,-1599.699,-2472.016
PF06/0039/A752,NO,45.082472,7.72041,12.0,-1071.9,-2680.85
PF01/0040/A752,NO,45.076837,7.727879,52.0,-1707.093,-2102.847
PF03/0040/A752,NO,45.079573,7.729429,52.0,-1405.084,-1976.087
PF01/0041/A752,NO,45.074131,7.733041,52.0,-2014.118,-1701.234
PF02/0041/A752,NO,45.076242,7.736127,52.0,-1783.428,-1454.701
PF04/0041/A752,NO,45.071619,7.734237,52.0,-2294.598,-1611.493
PF05/0041/A752,NO,45.080941,7.737643,52.0,-1263.218,-1327.188
PF01/0042/A752,NO,45.077737,7.751405,52.0,-1635.952,-249.541
PF02/0042/A752,NO,45.077901,7.740599,52.0,-1604.53,-1099.812
PF01/0043/A752,NO,45.077891,7.754875,52.0,-1623.091,23.821
PF04/0043/A752,NO,45.075339,7.755672,52.0,-1907.613,82.257
PF05/0043/A752,NO,45.078949,7.762945,52.0,-1515.341,660.814
PF02/0044/A752,NO,45.079385,7.76674,52.0,-1471.455,960.267
PF03/0044/A752,NO,45.072998,7.769051,52.0,-2183.785,1131.356
PF01/0045/A752,NO,45.080676,7.780644,52.0,-1344.601,2056.826
PF02/0045/A752,NO,45.078739,7.7849,52.0,-1564.808,2388.542
PF04/0045/A752,NO,45.076393,7.779433,52.0,-1818.962,1954.318
PF05/0045/A752,NO,45.077005,7.776305,52.0,-1747.228,1709.12
PF01/0047/A752,NO,45.07103,7.718721,12.0,-2340.888,-2833.896
PF02/0047/A752,NO,45.066806,7.718619,12.0,-2810.013,-2849.38
PF01/0048/A752,NO,45.072486,7.727699,8.0,-2190.24,-2124.62
PF02/0048/A752,NO,45.068146,7.726126,52.0,-2670.398,-2256.062
PF01/0049/A752,NO,45.072808,7.752019,8.0,-2184.28,-209.63
PF05/0049/A752,NO,45.073555,7.743003,52.0,-2090.358,-918.046
PF06/0049/A752,NO,45.074416,7.750198,52.0,-2003.459,-350.278
PF07/0049/A752,NO,45.069459,7.744861,52.0,-2547.64,-778.911
PF08/0049/A752,NO,45.06891,7.741339,52.0,-2604.35,-1057.128
PF10/0049/A752,NO,45.072797,7.752291,52.0,-2185.892,-188.278
PF02/0050/A752,NO,45.071408,7.761752,52.0,-2351.584,554.147
PF03/0050/A752,NO,45.067672,7.757678,52.0,-2761.7,227.069
PF05/0050/A752,NO,45.070687,7.754739,52.0,-2423.255,0.842
PF06/0050/A752,NO,45.071478,7.758604,12.0,-2340.0,306.4
PF07/0050/A752,NO,45.071478,7.758698,52.0,-2340.195,313.844
PF01/0051/A752,NO,45.071328,7.770579,52.0,-2371.097,1248.835
PF02/0051/A752,NO,45.070746,7.768206,52.0,-2432.914,1061.014
PF02/0052/A752,NO,45.073273,7.777153,52.0,-2162.892,1769.625
PF03/0052/A752,NO,45.071702,7.778338,52.0,-2338.841,1860.246
PF04/0052/A752,NO,45.07392,7.780018,52.0,-2094.382,1996.214
PF05/0052/A752,NO,45.074109,7.783924,10.0,-2078.0,2304.0
PF01/0053/A752,NO,45.070757,7.782076,52.0,-2448.167,2152.899
PF01/0055/A752,NO,45.061973,7.718593,12.0,-3346.814,-2859.913
PF02/0056/A752,NO,45.062306,7.732605,12.0,-3327.189,-1756.135
PF01/0057/A752,NO,45.056239,7.733621,52.0,-4002.401,-1686.686
PF02/0057/A752,NO,45.05828,7.725041,52.0,-3765.15,-2358.75
PF01/0058/A752,NO,45.062549,7.732594,8.0,-3300.22,-1756.58
PF02/0058/A752,NO,45.068435,7.73091,52.0,-2644.234,-1878.932
PF04/0058/A752,NO,45.067334,7.734197,52.0,-2770.616,-1622.06
PF01/0060/A752,NO,45.06243,7.750143,52.0,-3334.919,-375.173
PF02/0060/A752,NO,45.05909,7.74572,52.0,-3700.609,-729.109
PF03/0060/A752,NO,45.065766,7.753823,52.0,-2968.796,-79.719
PF04/0060/A752,NO,45.058512,7.750555,52.0,-3770.722,-349.46
PF01/0061/A752,NO,45.064419,7.759425,52.0,-3125.214,359.051
PF02/0061/A752,NO,45.062133,7.754192,52.0,-3372.792,-56.876
PF03/0061/A752,NO,45.060893,7.759035,12.0,-3516.419,322.329
PF01/0062/A752,NO,45.0682,7.766205,12.0,-2713.368,899.176
PF01/0063/A752,NO,45.060367,7.774492,8.0,-3593.43,1538.42
PF02/0063/A752,NO,45.062409,7.769139,52.0,-3360.144,1120.398
PF01/0065/A752,NO,45.053131,7.723654,8.0,-4335.34,-2476.97
PF02/0065/A752,NO,45.051099,7.721984,12.0,-4559.0,-2612.0
PF03/0065/A752,NO,45.051378,7.725997,12.0,-4533.0,-2295.5
PF01/0066/A752,NO,45.0547,7.726507,52.0,-4164.679,-2249.545
PF01/0067/A752,NO,45.046653,7.731577,8.0,-5064.83,-1864.35
PF02/0067/A752,NO,45.046744,7.731407,52.0,-5054.502,-1877.596
PF04/0067/A752,NO,45.049677,7.730695,52.0,-4727.838,-1928.507
PF01/0068/A752,NO,45.057973,7.737201,52.0,-3814.183,-1401.803
PF02/0068/A752,NO,45.06004,7.735016,52.0,-3581.923,-1570.227
PF01/0069/A752,NO,45.056191,7.747614,52.0,-4024.95,-584.977
PF02/0069/A752,NO,45.055238,7.745092,52.0,-4127.703,-785.177
PF03/0069/A752,NO,45.054581,7.741434,52.0,-4196.238,-1074.366
PF04/0069/A752,NO,45.052257,7.745149,52.0,-4458.939,-785.846
PF07/0069/A752,NO,45.057596,7.744875,52.0,-3865.551,-798.209
PF10/0069/A752,NO,45.056965,7.740019,52.0,-3929.635,-1181.705
PF01/0070/A752,NO,45.056638,7.75253,52.0,-3981.234,-197.135
PF03/0070/A752,NO,45.053851,7.751923,52.0,-4290.128,-249.725
PF04/0070/A752,NO,45.054597,7.757326,52.0,-4213.795,177.053
PF05/0070/A752,NO,45.053682,7.747262,52.0,-4303.237,-617.051
PF02/0071/A752,NO,45.053842,7.766153,52.0,-4308.357,870.773
PF03/0071/A752,NO,45.120408,7.746938,52.0,3109.854,-527.673
PF01/0072/A752,NO,45.058022,7.770503,52.0,-3849.149,1220.351
PF02/0073/A752,NO,45.136675,7.763752,52.0,4896.608,822.442
PF03/0073/A752,NO,45.045958,7.7414,52.0,-5154.106,-1091.93
PF04/0073/A752,NO,45.042515,7.743594,52.0,-5539.265,-925.101
PF04/0074/A752,NO,45.048322,7.750935,52.0,-4903.16,-336.984
PF05/0074/A752,NO,45.04634,7.748948,52.0,-5120.946,-496.855
PF01/0075/A752,NO,45.047047,7.755433,52.0,-5050.246,15.03
PF02/0075/A752,NO,45.046941,7.760761,52.0,-5068.481,434.445
PF03/0075/A752,NO,45.050651,7.756844,52.0,-4651.534,132.363
PF01/0999/A752,NO,45.119741,7.751227,8.0,3030.53,-191.48
PF02/0999/A752,NO,45.055951,7.743833,8.0,-4047.0,-883.11
PF03/0999/A752,NO,45.070439,7.809646,8.0,-2515.86,4322.67
PF04/0999/A752,NO,45.107915,7.773515,8.0,1689.87,1541.56
PF05/0999/A752,NO,45.104728,7.758721,8.0,1353.61,372.32
PF06/0999/A752,NO,45.10276,7.795591,8.0,1091.06,3269.73
PF07/0999/A752,NO,45.024071,7.777981,8.0,-7629.73,1752.22
PF08/0999/A752,NO,45.106097,7.82217,8.0,1431.05,5366.31
PF09/0999/A752,NO,45.10193,7.776986,8.0,1020.9,1804.56
PF10/0999/A752,NO,45.109213,7.698925,8.0,1925.83,-4324.01
PF11/0999/A752,NO,45.080604,7.697814,8.0,-1251.02,-4462.55
PF12/0999/A752,NO,45.106561,7.731978,8.0,1589.88,-1728.45
PF13/0999/A752,NO,45.098882,7.71305,8.0,760.36,-3231.12
PF14/0999/A752,NO,45.049144,7.677016,8.0,-4719.31,-6156.66
PF15/0999/A752,NO,45.020636,7.714722,8.0,-7934.14,-3237.63
PF16/0999/A752,NO,45.057877,7.68607,8.0,-3760.84,-5427.93
PF17/0999/A752,NO,45.039847,7.703234,8.0,-5785.55,-4108.57
PF18/0999/A752,NO,45.040954,7.74251,8.0,-5711.4,-1013.17
PF19/0999/A752,NO,45.06944,7.710443,8.0,-2507.12,-3488.34
PF20/0999/A752,NO,45.059326,7.703823,8.0,-3622.4,-4027.52
PF21/0999/A752,NO,45.047257,7.716293,8.0,-4978.73,-3066.92
PF22/0999/A752,NO,45.046932,7.756289,8.0,-5064.1,82.3
PF23/0999/A752,NO,45.054279,7.766411,8.0,-4260.09,891.84
PF24/0999/A752,NO,45.09636,7.705585,8.0,489.6,-3822.89
PF25/0999/A752,NO,45.090199,7.708719,8.0,-198.87,-3587.27
PF26/0999/A752,NO,45.084544,7.70977,8.0,-828.37,-3514.56
PF27/0999/A752,NO,45.10521,7.752867,52.0,1414.278,-87.381
PF28/0999/A752,NO,45.103802,7.760321,52.0,1248.77,496.613
PF29/0999/A752,NO,45.105232,7.753027,52.0,1416.542,-74.731
PF30/0999/A752,NO,45.104668,7.758676,52.0,1347.027,368.71
PF31/0999/A752,NO,45.098349,7.732249,52.0,677.316,-1721.406
PF33/0999/A752,NO,45.102925,7.762524,52.0,1148.682,668.482
PF34/0999/A752,NO,45.104741,7.727689,12.0,1393.0,-2069.0
PF35/0999/A752,NO,45.140451,7.756383,52.0,5324.94,249.457
PF36/0999/A752,NO,45.044551,7.752142,52.0,-5323.541,-248.358
PF37/0999/A752,NO,45.10095,7.718988,52.0,982.643,-2760.228
PF38/0999/A752,NO,45.104721,7.727665,52.0,1390.811,-2070.939
PF39/0999/A752,NO,45.102155,7.769445,52.0,1054.903,1211.672
PF40/0999/A752,NO,45.10169,7.766042,12.0,1007.291,943.126
PF03/0001/A844,NO,45.099641,7.744107,52.0,806.262,-786.162
PF05/0001/A844,NO,45.095742,7.743029,52.0,374.457,-877.709
PF06/0001/A844,NO,45.095315,7.748217,21.0,320.639,-470.203
PF02/0002/A844,NO,45.095472,7.751737,52.0,333.823,-193.014
PF03/0002/A844,NO,45.091687,7.749015,52.0,-83.345,-413.654
PF05/0002/A844,NO,45.092705,7.757825,52.0,19.048,281.336
PF06/0002/A844,NO,45.099968,7.75527,20.0,828.976,92.707
PF01/0003/A844,NO,45.087563,7.756605,52.0,-550.686,176.545
PF02/0003/A844,NO,45.097531,7.764685,52.0,546.88,829.353
PF04/0003/A844,NO,45.096077,7.758067,21.0,393.313,306.079
PF02/0004/A844,NO,45.103336,7.772346,12.0,1182.64,1441.88
PF03/0004/A844,NO,45.098413,7.770641,21.0,637.723,1299.431
PF02/0005/A844,NO,45.094681,7.78145,52.0,210.308,2143.699
PF05/0005/A844,NO,45.092919,7.767218,52.0,31.498,1020.823
PF06/0005/A844,NO,45.099207,7.776854,21.0,718.53,1789.637
PF05/0007/A844,NO,45.093932,7.743806,21.0,172.415,-819.689
PF03/0009/A844,NO,45.087039,7.752388,52.0,-603.868,-156.242
PF05/0009/A844,NO,45.085309,7.75589,52.0,-800.273,116.407
PF09/0009/A844,NO,45.089323,7.747528,52.0,-344.185,-534.785
PF10/0009/A844,NO,45.088589,7.752479,21.0,-431.684,-146.414
PF11/0009/A844,NO,45.084629,7.751198,21.0,-870.127,-253.994
PF10/0010/A844,NO,45.091976,7.760946,52.0,-65.727,525.683
PF14/0010/A844,NO,45.090006,7.75241,52.0,-274.237,-149.446
PF15/0010/A844,NO,45.089985,7.755887,52.0,-280.785,124.206
PF16/0010/A844,NO,45.089651,7.758646,52.0,-321.177,340.755
PF17/0010/A844,NO,45.087561,7.75937,52.0,-554.284,394.168
PF18/0010/A844,NO,45.087209,7.756284,52.0,-589.642,150.655
PF19/0010/A844,NO,45.091563,7.757885,52.0,-107.865,284.077
PF21/0010/A844,NO,45.08435,7.758523,12.0,-910.0,322.0
PF22/0010/A844,NO,45.091635,7.754113,21.0,-95.376,-12.569
PF23/0010/A844,NO,45.092784,7.756052,21.0,29.991,141.913
PF02/0011/A844,NO,45.090446,7.762061,52.0,-237.009,610.812
PF03/0011/A844,NO,45.088584,7.765559,52.0,-448.033,882.898
PF05/0011/A844,NO,45.086506,7.762421,21.0,-675.164,632.412
PF01/0012/A844,NO,45.093434,7.779047,52.0,74.606,1952.501
PF03/0012/A844,NO,45.089538,7.779764,52.0,-359.046,2002.349
PF04/0012/A844,NO,45.091091,7.774087,52.0,-179.755,1558.292
PF05/0012/A844,NO,45.093179,7.783881,21.0,40.53,2332.428
PF03/0013/A844,NO,45.082598,7.776079,52.0,-1125.671,1700.739
PF04/0013/A844,NO,45.085961,7.773104,52.0,-748.524,1472.267
PF05/0013/A844,NO,45.087246,7.778158,52.0,-611.757,1872.139
PF06/0013/A844,NO,45.084459,7.778592,21.0,-921.864,1901.65
PF04/0014/A844,NO,45.082022,7.739444,12.0,-1145.416,-1183.562
PF05/0014/A844,NO,45.083539,7.731722,21.0,-967.338,-1788.657
PF06/0016/A844,NO,45.080152,7.750277,12.0,-1366.385,-334.157
PF07/0016/A844,NO,45.083136,7.745948,21.0,-1029.581,-669.725
PF01/0017/A844,NO,45.078661,7.791039,52.0,-1580.763,2871.559
PF03/0017/A844,NO,45.078647,7.788152,21.0,-1578.878,2644.331
PF03/0018/A844,NO,45.072978,7.806281,52.0,-2229.832,4061.983
PF04/0018/A844,NO,45.07617,7.805719,21.0,-1874.671,4022.929
PF01/0019/A844,NO,45.086428,7.728102,21.0,-641.944,-2068.537
PF01/0001/A911,NO,45.342536,7.917182,8.0,27593.33,13193.52
PF02/0001/A911,NO,45.342608,7.931304,8.0,27586.57,14300.05
PF03/0001/A911,NO,45.339301,7.929283,10.0,27221.3,14136.8
PF04/0001/A911,NO,45.338001,7.919028,10.0,27087.6,13331.4
PF05/0001/A911,NO,45.337621,7.924529,10.0,27039.6,13761.8
PF06/0001/A911,NO,45.335811,7.930651,10.0,26832.2,14238.8
PF07/0001/A911,NO,45.334743,7.920197,10.0,26724.4,13418.1
PF08/0001/A911,NO,45.33355,7.926354,10.0,26585.5,13898.8
PF10/0001/A911,NO,45.33165,7.924101,12.0,26376.709,13719.391
PF11/0001/A911,NO,45.330699,7.926819,12.0,26268.206,13931.04
PF12/0001/A911,NO,45.332018,7.930396,52.0,26411.057,14213.227
PF01/0002/A911,NO,45.344691,7.93598,10.0,27813.2,14669.4
PF03/0002/A911,NO,45.342603,7.940186,10.0,27576.8,14995.9
PF04/0002/A911,NO,45.340679,7.937089,10.0,27366.3,14750.4
PF05/0002/A911,NO,45.338687,7.941126,52.0,27140.877,15063.822
PF07/0002/A911,NO,45.334138,7.942689,8.0,26633.84,15179.63
PF10/0002/A911,NO,45.331754,7.941184,52.0,26370.591,15058.2
PF11/0002/A911,NO,45.336304,7.942358,52.0,26874.795,15156.841
PF12/0002/A911,NO,45.335535,7.937414,52.0,26794.508,14768.337
PF15/0002/A911,NO,45.336741,7.932251,52.0,26933.786,14365.555
PF01/0003/A911,NO,45.331723,7.936579,52.0,26371.881,14697.352
PF05/0003/A911,NO,45.326685,7.944512,8.0,25803.94,15311.59
PF06/0003/A911,NO,45.326537,7.940116,52.0,25792.038,14966.915
PF07/0003/A911,NO,45.326424,7.936123,10.0,25783.6,14653.8
PF08/0003/A911,NO,45.323002,7.943697,10.0,25395.6,15242.4
PF09/0003/A911,NO,45.322678,7.938343,10.0,25365.2,14822.3
PF10/0003/A911,NO,45.319559,7.942515,10.0,25014.4,15144.7
PF11/0003/A911,NO,45.320261,7.942863,10.0,25092.0,15173.0
PF12/0003/A911,NO,45.330446,7.933212,52.0,26233.429,14431.564
PF13/0003/A911,NO,45.328489,7.939302,52.0,26009.765,14905.961
PF14/0003/A911,NO,45.329299,7.944651,52.0,26094.262,15326.332
PF04/0004/A911,NO,45.332568,7.950462,52.0,26451.448,15786.462
PF06/0004/A911,NO,45.330524,7.953611,52.0,26221.142,16030.2
PF07/0004/A911,NO,45.329196,7.956198,52.0,26071.028,16231.062
PF09/0004/A911,NO,45.328631,7.945066,52.0,26019.573,15357.878
PF10/0004/A911,NO,45.327338,7.952495,52.0,25868.346,15938.159
PF12/0004/A911,NO,45.325507,7.950783,52.0,25666.676,15801.355
PF13/0004/A911,NO,45.335891,7.948617,52.0,26822.559,15646.673
PF14/0004/A911,NO,45.338317,7.946062,52.0,27094.693,15449.996
PF15/0004/A911,NO,45.33201,7.94595,52.0,26394.1,15432.05
PF16/0004/A911,NO,45.331188,7.943346,52.0,26305.419,15226.812
PF17/0004/A911,NO,45.326761,7.946106,12.0,25810.78,15436.627
PF18/0004/A911,NO,45.336532,7.944695,52.0,26897.778,15340.281
PF19/0004/A911,NO,45.326381,7.954501,10.0,25760.0,16094.0
PF20/0004/A911,NO,45.328627,7.950489,12.0,26013.65,15782.85
PF01/0005/A911,NO,45.325273,7.946824,52.0,25644.686,15490.787
PF02/0005/A911,NO,45.323776,7.949728,52.0,25475.398,15716.146
PF03/0005/A911,NO,45.323715,7.952725,52.0,25465.563,15950.925
PF04/0005/A911,NO,45.321858,7.954934,52.0,25257.026,16121.368
PF06/0005/A911,NO,45.321994,7.949518,52.0,25277.745,15697.109
PF07/0005/A911,NO,45.321101,7.952364,10.0,25175.6,15918.9
PF08/0005/A911,NO,45.322472,7.945961,52.0,25334.455,15419.047
PF09/0005/A911,NO,45.324886,7.944302,52.0,25604.369,15292.512
PF04/0006/A911,NO,45.318259,7.954974,52.0,24857.233,16119.358
PF07/0006/A911,NO,45.314996,7.955674,52.0,24493.965,16169.518
PF08/0006/A911,NO,45.314669,7.950582,10.0,24462.8,15769.9
PF09/0006/A911,NO,45.313979,7.960892,52.0,24375.729,16577.063
PF11/0006/A911,NO,45.318945,7.951009,52.0,24937.439,15809.602
PF12/0006/A911,NO,45.319992,7.95832,52.0,25046.272,16384.065
PF13/0006/A911,NO,45.320592,7.946804,52.0,25124.715,15482.385
PF14/0006/A911,NO,45.320753,7.953672,52.0,25135.627,16020.912
PF15/0006/A911,NO,45.317645,7.948526,52.0,24795.556,15613.107
PF17/0006/A911,NO,45.320281,7.961529,52.0,25075.217,16636.046
PF18/0006/A911,NO,45.318012,7.959027,52.0,24825.599,16436.697
PF19/0006/A911,NO,45.318572,7.946012,52.0,24901.139,15417.368
PF20/0006/A911,NO,45.315603,7.956063,52.0,24561.019,16200.908
PF21/0006/A911,NO,45.31193,7.956166,12.0,24152.9,16203.7
PF08/0007/A911,NO,45.319644,7.971845,52.0,24994.011,17443.623
PF09/0007/A911,NO,45.328111,7.95826,52.0,25948.339,16391.069
PF17/0007/A911,NO,45.325662,7.968253,52.0,25666.213,17170.649
PF18/0007/A911,NO,45.322937,7.957173,52.0,25374.614,16298.425
PF19/0007/A911,NO,45.32088,7.961229,52.0,25142.079,16613.398
PF01/0008/A911,NO,45.319185,7.963922,52.0,24951.043,16821.977
PF02/0008/A911,NO,45.318551,7.969421,52.0,24874.987,17252.101
PF03/0008/A911,NO,45.316361,7.965881,52.0,24635.31,16971.548
PF10/0008/A911,NO,45.308354,7.961842,52.0,23749.842,16643.465
PF15/0008/A911,NO,45.312832,7.966612,52.0,24242.457,17023.81
PF16/0008/A911,NO,45.308063,7.96719,52.0,23712.087,17062.297
PF17/0008/A911,NO,45.317822,7.96923,52.0,24794.193,17236.099
PF18/0008/A911,NO,45.309888,7.959525,52.0,23922.542,16464.029
PF19/0008/A911,NO,45.310237,7.966375,52.0,23954.432,17001.489
PF20/0008/A911,NO,45.314426,7.971286,52.0,24414.882,17392.442
PF21/0008/A911,NO,45.311773,7.963609,52.0,24127.924,16786.914
PF22/0008/A911,NO,45.312206,7.969955,12.0,24169.637,17284.926
PF23/0008/A911,NO,45.320111,7.967914,52.0,25049.847,17136.183
PF01/0009/A911,NO,45.318429,7.973076,10.0,24857.8,17538.4
PF02/0009/A911,NO,45.317351,7.977172,52.0,24733.953,17857.913
PF03/0009/A911,NO,45.315051,7.973257,10.0,24482.4,17547.8
PF05/0009/A911,NO,45.312195,7.982463,52.0,24155.925,18265.441
PF07/0009/A911,NO,45.308199,7.977708,52.0,23716.677,17887.029
PF08/0009/A911,NO,45.307881,7.9812,8.0,23677.92,18160.31
PF10/0009/A911,NO,45.305666,7.972212,52.0,23440.792,17452.63
PF12/0009/A911,NO,45.309807,7.97956,52.0,23893.484,18034.507
PF13/0009/A911,NO,45.307522,7.972129,52.0,23647.094,17448.707
PF14/0009/A911,NO,45.308915,7.976307,52.0,23797.6,17778.25
PF15/0009/A911,NO,45.307767,7.985998,52.0,23660.467,18536.347
PF16/0009/A911,NO,45.31489,7.976993,52.0,24460.773,17840.404
PF17/0009/A911,NO,45.305838,7.975923,52.0,23456.185,17743.762
PF18/0009/A911,NO,45.312161,7.974616,52.0,24159.94,17650.249
PF02/0001/A929,NO,45.098745,7.744929,52.0,705.736,-723.022
PF06/0001/A929,NO,45.09591,7.751593,52.0,382.621,-203.552
PF07/0001/A929,NO,45.100553,7.744877,52.0,906.634,-724.021
PF09/0001/A929,NO,45.10256,7.740226,52.0,1135.297,-1086.468
PF12/0001/A929,NO,45.097678,7.748272,52.0,583.057,-461.866
PF13/0001/A929,NO,45.099621,7.747044,52.0,800.482,-555.146
PF14/0001/A929,NO,45.102331,7.746057,52.0,1102.651,-628.139
PF15/0001/A929,NO,45.101822,7.743096,52.0,1049.801,-861.982
PF16/0001/A929,NO,45.096861,7.744884,52.0,496.507,-729.804
PF17/0001/A929,NO,45.101432,7.748858,52.0,999.461,-409.308
PF01/0002/A929,NO,45.101406,7.755658,8.0,988.28,125.65
PF03/0002/A929,NO,45.098274,7.751955,52.0,644.775,-171.061
PF04/0002/A929,NO,45.102775,7.750896,52.0,1146.173,-246.672
PF05/0002/A929,NO,45.100511,7.7513,52.0,894.145,-218.698
PF06/0002/A929,NO,45.098592,7.754819,52.0,676.721,54.871
PF07/0002/A929,NO,45.09893,7.757967,52.0,710.447,303.115
PF01/0003/A929,NO,45.09357,7.761884,52.0,110.189,602.214
PF02/0003/A929,NO,45.094976,7.758409,52.0,270.597,331.139
PF02/0004/A929,NO,45.093052,7.747187,52.0,70.476,-555.22
PF03/0004/A929,NO,45.095109,7.748592,52.0,297.358,-441.069
PF01/0005/A929,NO,45.092495,7.754254,8.0,0.0,0.0
PF02/0005/A929,NO,45.090133,7.754473,52.0,-262.651,13.15
PF03/0005/A929,NO,45.095482,7.754909,52.0,331.021,56.623
PF04/0005/A929,NO,45.091307,7.753011,52.0,-130.407,-99.912
PF05/0005/A929,NO,45.09363,7.752393,52.0,128.373,-144.551
PF06/0005/A929,NO,45.093816,7.755641,52.0,145.16,111.386
PF01/0006/A929,NO,45.091128,7.756173,52.0,-154.164,148.592
PF02/0006/A929,NO,45.089116,7.756759,52.0,-378.32,191.327
PF03/0006/A929,NO,45.09053,7.758283,52.0,-223.189,313.687
PF04/0006/A929,NO,45.089994,7.758686,52.0,-283.145,344.454
PF05/0006/A929,NO,45.09333,7.757334,52.0,89.019,243.75
PF01/0007/A929,NO,45.08471,7.746894,52.0,-855.901,-592.6
PF02/0007/A929,NO,45.08866,7.747711,52.0,-418.003,-521.464
PF03/0007/A929,NO,45.090982,7.748816,12.0,-161.446,-430.54
PF02/0008/A929,NO,45.086922,7.756159,52.0,-621.361,140.336
PF04/0008/A929,NO,45.082838,7.755856,52.0,-1074.705,109.484
PF06/0008/A929,NO,45.082378,7.749911,52.0,-1118.601,-359.137
PF09/0008/A929,NO,45.09129,7.751718,52.0,-130.736,-201.696
PF10/0008/A929,NO,45.08569,7.753595,52.0,-755.183,-63.521
PF11/0008/A929,NO,45.088453,7.754998,52.0,-449.933,51.578
PF12/0008/A929,NO,45.086163,7.751059,52.0,-699.507,-262.307
PF13/0008/A929,NO,45.088479,7.751447,52.0,-442.747,-227.8
PF14/0008/A929,NO,45.080766,7.755546,12.0,-1304.471,81.593
PF01/0009/A929,NO,45.086469,7.760009,52.0,-676.37,442.549
PF02/0009/A929,NO,45.088279,7.758653,52.0,-473.617,338.921
PF03/0009/A929,NO,45.090201,7.76315,52.0,-265.554,696.099
PF04/0009/A929,NO,45.082039,7.758214,52.0,-1166.342,293.757
PF05/0009/A929,NO,45.086578,7.763325,52.0,-668.223,703.705
PF06/0009/A929,NO,45.084182,7.760324,52.0,-930.85,463.467
PF07/0009/A929,NO,45.083995,7.767246,52.0,-959.919,1007.875
PF08/0009/A929,NO,45.091926,7.765643,52.0,-76.974,895.209
PF09/0009/A929,NO,45.084111,7.764107,52.0,-943.254,761.029
PF02/0010/A929,NO,45.083808,7.770774,52.0,-984.952,1285.243
PF03/0010/A929,NO,45.090495,7.767657,12.0,-238.323,1051.284
PF01/0011/A929,NO,45.077141,7.745048,52.0,-1694.421,-750.916
PF03/0011/A929,NO,45.075423,7.748805,52.0,-1889.884,-458.182
PF04/0011/A929,NO,45.079783,7.744529,52.0,-1400.28,-787.192
PF05/0011/A929,NO,45.073932,7.743666,52.0,-2049.222,-865.219
PF06/0011/A929,NO,45.073162,7.749149,52.0,-2141.497,-435.004
PF07/0011/A929,NO,45.074495,7.746477,52.0,-1990.195,-643.037
PF01/0012/A929,NO,45.073898,7.752101,52.0,-2063.259,-201.338
PF04/0012/A929,NO,45.072059,7.757894,52.0,-2274.662,251.547
PF06/0012/A929,NO,45.080437,7.751938,52.0,-1336.74,-202.942
PF07/0012/A929,NO,45.078189,7.754126,52.0,-1589.069,-34.62
PF10/0012/A929,NO,45.072059,7.757894,12.0,-2274.662,251.547
PF13/0012/A929,NO,45.077515,7.757221,52.0,-1667.696,207.9
PF14/0012/A929,NO,45.075558,7.755282,52.0,-1882.813,51.908
PF01/0013/A929,NO,45.078348,7.764604,52.0,-1584.048,790.362
PF02/0013/A929,NO,45.080206,7.76671,52.0,-1380.183,959.324
PF03/0013/A929,NO,45.077088,7.762545,52.0,-1721.614,626.215
PF04/0013/A929,NO,45.076022,7.765756,52.0,-1843.866,877.116
PF06/0013/A929,NO,45.07259,7.762958,52.0,-2221.776,651.031
PF02/0014/A929,NO,45.079639,7.771378,52.0,-1448.736,1325.771
PF01/0015/A929,NO,45.077311,7.767906,52.0,-1703.264,1048.548
PF02/0015/A929,NO,45.075741,7.765735,10.0,-1875.0,875.0
PF04/0015/A929,NO,45.075088,7.769665,52.0,-1952.288,1183.256
PF02/0999/A929,NO,45.114108,7.77467,8.0,2376.52,1642.85
PF03/0999/A929,NO,45.073264,7.77718,8.0,-2163.93,1771.69
PF04/0999/A929,NO,45.070903,7.729652,8.0,-2368.49,-1973.64
PF05/0999/A929,NO,45.083061,7.737038,8.0,-1026.94,-1371.15
PF06/0999/A929,NO,45.116133,7.751465,8.0,2629.38,-178.93
PF07/0999/A929,NO,45.101717,7.773185,8.0,1001.76,1505.16
PF08/0999/A929,NO,45.09043,7.776829,8.0,-256.48,1772.88
PF09/0999/A929,NO,45.068017,7.751868,8.0,-2716.38,-229.76
PF10/0999/A929,NO,45.08001,7.739562,8.0,-1369.06,-1177.75
PF11/0999/A929,NO,45.070678,7.739947,8.0,-2406.14,-1163.6
PF12/0999/A929,NO,45.087033,7.728051,8.0,-574.61,-2071.49
PF13/0999/A929,NO,45.095993,7.73053,8.0,417.68,-1860.76
PF14/0999/A929,NO,45.095606,7.723291,8.0,383.68,-2431.06
PF15/0999/A929,NO,45.067103,7.785928,8.0,-2858.67,2450.02
PF16/0999/A929,NO,45.064226,7.771986,8.0,-3161.79,1347.63
PF17/0999/A929,NO,45.059708,7.781341,8.0,-3674.73,2076.59
PF18/0999/A929,NO,45.055305,7.763144,8.0,-4142.15,636.35
PF19/0999/A929,NO,45.056372,7.747705,8.0,-4004.9,-577.5
PF20/0999/A929,NO,45.086883,7.820434,8.0,-701.53,5198.59
PF21/0999/A929,NO,45.079636,7.740451,52.0,-1411.64,-1108.478
PF22/0999/A929,NO,45.076086,7.737946,52.0,-1802.909,-1311.739
PF23/0999/A929,NO,45.075346,7.740773,52.0,-1888.628,-1090.498
PF24/0999/A929,NO,45.078513,7.746195,52.0,-1543.461,-658.286
PF25/0999/A929,NO,45.070385,7.753864,52.0,-2455.68,-68.553
PF26/0999/A929,NO,45.073566,7.743156,52.0,-2089.315,-905.981
PF27/0999/A929,NO,45.071035,7.766249,52.0,-2398.464,907.489
PF28/0999/A929,NO,45.069827,7.763064,52.0,-2528.77,654.715
PF29/0999/A929,NO,45.104107,7.752326,52.0,1292.362,-131.875
PF30/0999/A929,NO,45.073033,7.772227,52.0,-2183.634,1381.395
PF31/0999/A929,NO,45.073062,7.768068,52.0,-2175.503,1054.094
PF32/0999/A929,NO,45.094168,7.765923,52.0,171.792,920.996
PF33/0999/A929,NO,45.066849,7.756192,52.0,-2851.377,108.647
PF34/0999/A929,NO,45.067492,7.748288,52.0,-2770.354,-512.511
PF35/0999/A929,NO,45.081756,7.742131,52.0,-1178.177,-972.585
PF37/0999/A929,NO,45.093558,7.767811,52.0,101.726,1068.538
PF39/0999/A929,NO,45.07184,7.747488,52.0,-2286.318,-567.985
PF40/0999/A929,NO,45.071869,7.75064,52.0,-2286.951,-319.781
PF41/0999/A929,NO,45.102892,7.748089,52.0,1162.514,-467.272
PF05/0001/A953,NO,45.406822,7.98022,52.0,34670.894,18222.789
PF06/0001/A953,NO,45.406372,7.977219,52.0,34623.807,17987.275
PF07/0001/A953,NO,45.405085,7.982449,52.0,34475.641,18394.795
PF08/0001/A953,NO,45.404682,7.974878,52.0,34438.421,17801.734
PF09/0001/A953,NO,45.404337,7.97857,52.0,34396.452,18090.152
PF12/0001/A953,NO,45.415613,7.982235,52.0,35645.538,18392.85
PF14/0001/A953,NO,45.412929,7.977876,52.0,35351.654,18047.996
PF15/0001/A953,NO,45.408741,7.977409,52.0,34886.849,18005.515
PF16/0001/A953,NO,45.41096,7.976094,52.0,35134.618,17905.774
PF17/0001/A953,NO,45.412693,7.980854,52.0,35322.435,18280.638
PF01/0002/A953,NO,45.408088,7.986744,8.0,34805.05,18735.06
PF02/0002/A953,NO,45.415134,7.985515,52.0,35588.997,18648.804
PF03/0002/A953,NO,45.413744,7.983402,52.0,35436.682,18481.491
PF04/0002/A953,NO,45.412587,7.985958,52.0,35305.696,18679.915
PF05/0002/A953,NO,45.411778,7.98966,52.0,35212.1,18968.423
PF09/0002/A953,NO,45.406852,7.989976,52.0,34664.585,18986.285
PF11/0002/A953,NO,45.408229,7.992699,52.0,34814.837,19201.303
PF12/0002/A953,NO,45.408868,7.990166,52.0,34888.292,19003.986
PF15/0002/A953,NO,45.410081,7.984454,52.0,35028.731,18558.655
PF16/0002/A953,NO,45.40755,7.984077,52.0,34747.877,18525.67
PF17/0002/A953,NO,45.414421,7.988511,52.0,35506.872,18882.228
PF18/0002/A953,NO,45.41152,7.994887,52.0,35178.342,19377.057
PF19/0002/A953,NO,45.410383,7.992755,52.0,35054.063,19208.687
PF20/0002/A953,NO,45.408132,7.995383,52.0,34801.433,19411.181
PF21/0002/A953,NO,45.410301,7.987536,52.0,35050.163,18800.201
PF01/0003/A953,NO,45.405915,7.986442,52.0,34563.958,18708.432
PF03/0003/A953,NO,45.404658,7.988006,52.0,34422.685,18829.045
PF04/0003/A953,NO,45.403296,7.985155,52.0,34274.241,18604.047
PF06/0003/A953,NO,45.402069,7.979678,52.0,34143.388,18173.653
PF07/0003/A953,NO,45.400169,7.981412,52.0,33930.559,18306.694
PF08/0003/A953,NO,45.401533,7.984135,52.0,34079.411,18521.729
PF10/0003/A953,NO,45.399197,7.986475,52.0,33817.568,18701.575
PF12/0003/A953,NO,45.402976,7.989262,52.0,34234.582,18925.044
PF13/0003/A953,NO,45.401349,7.986328,52.0,34056.807,18693.085
PF14/0003/A953,NO,45.400064,7.981565,52.0,33918.704,18318.514
PF16/0003/A953,NO,45.404838,7.991461,52.0,34439.338,19099.666
PF18/0003/A953,NO,45.399829,7.984211,52.0,33890.024,18525.327
PF19/0003/A953,NO,45.402775,7.981811,12.0,34219.683,18341.575
PF01/0004/A953,NO,45.400698,8.00193,52.0,33969.196,19913.303
PF02/0004/A953,NO,45.402416,7.999478,52.0,34162.386,19723.741
PF03/0004/A953,NO,45.404225,7.996434,52.0,34366.324,19488.018
PF04/0004/A953,NO,45.399497,7.994473,12.0,33843.0,19328.0
PF05/0004/A953,NO,45.401278,7.996256,52.0,34039.176,19469.982
PF06/0004/A953,NO,45.399071,7.996905,12.0,33793.36,19517.73
PF01/0001/B016,NO,45.115424,7.758805,52.0,2541.714,397.164
PF02/0001/B016,NO,45.115482,7.754174,52.0,2553.839,33.028
PF01/0002/B016,NO,45.116006,7.766343,8.0,2597.32,991.1
PF02/0002/B016,NO,45.116486,7.766025,52.0,2651.074,966.906
PF02/0003/B016,NO,45.107735,7.742433,52.0,1707.507,-903.884
PF03/0003/B016,NO,45.106675,7.738929,52.0,1594.028,-1181.373
PF01/0004/B016,NO,45.111006,7.753409,10.0,2057.5,-34.8
PF02/0004/B016,NO,45.110405,7.75755,52.0,1985.726,289.921
PF03/0004/B016,NO,45.106037,7.754433,52.0,1504.169,37.204
PF01/0006/B016,NO,45.105525,7.772955,8.0,1425.09,1493.52
PF03/0007/B016,NO,45.098084,7.717163,52.0,666.525,-2908.88
PF04/0007/B016,NO,45.099082,7.711446,12.0,784.611,-3356.95
PF01/0008/B016,NO,45.100463,7.7334,8.0,910.67,-1627.14
PF02/0008/B016,NO,45.098354,7.738644,52.0,669.934,-1218.195
PF01/0009/B016,NO,45.092967,7.737615,52.0,72.75,-1308.565
PF02/0010/B016,NO,45.095915,7.746913,52.0,388.864,-571.783
PF03/0010/B016,NO,45.096142,7.751772,52.0,408.168,-189.094
PF04/0010/B016,NO,45.094332,7.749145,52.0,210.336,-398.895
PF05/0010/B016,NO,45.10365,7.743535,52.0,1252.302,-824.296
PF08/0010/B016,NO,45.10183,7.749739,52.0,1042.585,-339.286
PF09/0010/B016,NO,45.098085,7.749896,52.0,626.304,-333.4
PF10/0010/B016,NO,45.103554,7.748136,52.0,1236.012,-462.415
PF11/0010/B016,NO,45.101401,7.745917,52.0,999.603,-640.734
PF12/0010/B016,NO,45.10202,7.741342,12.0,1073.901,-999.617
PF01/0011/B016,NO,45.100226,7.753279,52.0,860.078,-63.503
PF02/0011/B016,NO,45.097232,7.752372,52.0,528.61,-140.023
PF03/0011/B016,NO,45.095723,7.755017,52.0,357.744,65.508
PF04/0011/B016,NO,45.102242,7.754936,52.0,1082.011,70.279
PF05/0011/B016,NO,45.098918,7.757561,52.0,709.519,271.186
PF06/0011/B016,NO,45.098911,7.751451,52.0,716.252,-209.629
PF07/0011/B016,NO,45.103613,7.758598,52.0,1229.935,360.737
PF08/0011/B016,NO,45.098063,7.754433,52.0,618.395,23.598
PF03/0012/B016,NO,45.099895,7.761475,52.0,813.368,580.778
PF04/0012/B016,NO,45.100553,7.768123,52.0,878.538,1104.921
PF05/0012/B016,NO,45.096218,7.765164,12.0,400.51,864.758
PF06/0012/B016,NO,45.096629,7.768672,12.0,441.956,1141.473
PF01/0013/B016,NO,45.097943,7.776816,8.0,578.18,1784.48
PF02/0013/B016,NO,45.099607,7.776389,12.0,763.575,1753.718
PF03/0013/B016,NO,45.096613,7.768757,52.0,440.018,1148.19
PF01/0014/B016,NO,45.090319,7.726707,8.0,-207.97,-2171.48
PF02/0014/B016,NO,45.09245,7.728213,12.0,26.89,-2049.283
PF01/0015/B016,NO,45.08994,7.724647,12.0,-247.492,-2334.272
PF02/0015/B016,NO,45.087678,7.729069,12.0,-504.297,-1990.218
PF01/0016/B016,NO,45.082414,7.737227,62.0,-1099.142,-1357.342
PF02/0016/B016,NO,45.086278,7.739763,62.0,-672.953,-1151.099
PF03/0016/B016,NO,45.084493,7.732714,52.0,-862.567,-1708.929
PF01/0017/B016,NO,45.094121,7.744123,52.0,193.047,-794.422
PF02/0017/B016,NO,45.089746,7.741894,52.0,-290.251,-977.43
PF01/0018/B016,NO,45.088785,7.747025,52.0,-403.277,-575.298
PF01/0019/B016,NO,45.091722,7.748784,52.0,-79.176,-431.81
PF03/0019/B016,NO,45.088148,7.752967,52.0,-481.354,-108.749
PF04/0019/B016,NO,45.087062,7.74928,10.0,-597.5,-400.8
PF05/0019/B016,NO,45.086018,7.755332,52.0,-720.849,73.744
PF07/0019/B016,NO,45.081376,7.756727,8.0,-1238.13,175.58
PF08/0019/B016,NO,45.0923,7.735734,9.0,1.04,-1457.716
PF09/0019/B016,NO,45.085964,7.753024,52.0,-724.015,-107.986
PF01/0020/B016,NO,45.09372,7.756738,52.0,133.082,197.546
PF02/0020/B016,NO,45.09373,7.763886,52.0,125.551,759.96
PF03/0020/B016,NO,45.090793,7.757252,52.0,-192.677,233.005
PF04/0020/B016,NO,45.095384,7.760567,62.0,313.312,501.67
PF06/0020/B016,NO,45.088369,7.761014,52.0,-466.548,524.9
PF07/0020/B016,NO,45.091617,7.764362,52.0,-109.655,793.878
PF08/0020/B016,NO,45.088787,7.755805,52.0,-413.755,115.675
PF09/0020/B016,NO,45.085338,7.761518,52.0,-803.87,559.362
PF10/0020/B016,NO,45.092985,7.759869,52.0,47.719,442.639
PF02/0021/B016,NO,45.095702,7.775477,52.0,330.786,1675.415
PF04/0021/B016,NO,45.093919,7.770027,12.0,139.245,1243.549
PF01/0022/B016,NO,45.088748,7.772912,8.0,-438.66,1461.86
PF02/0022/B016,NO,45.090976,7.764638,8.0,-181.29,814.47
PF01/0023/B016,NO,45.104596,7.79386,52.0,1297.054,3136.605
PF02/0023/B016,NO,45.109479,7.794914,52.0,1838.338,3227.59
PF01/0024/B016,NO,45.081084,7.720018,8.0,-1225.52,-2714.15
PF02/0024/B016,NO,45.080111,7.722644,52.0,-1336.938,-2509.182
PF03/0024/B016,NO,45.078473,7.727423,12.0,-1524.826,-2135.908
PF01/0025/B016,NO,45.075292,7.73168,8.0,-1883.5,-1806.38
PF02/0025/B016,NO,45.079249,7.735694,52.0,-1448.838,-1483.503
PF01/0026/B016,NO,45.079005,7.740394,52.0,-1481.641,-1114.033
PF03/0026/B016,NO,45.082641,7.74185,52.0,-1079.593,-993.126
PF02/0027/B016,NO,45.076941,7.757388,52.0,-1731.615,220.022
PF03/0027/B016,NO,45.075627,7.745214,8.0,-1862.85,-740.43
PF04/0027/B016,NO,45.07684,7.748716,52.0,-1732.366,-462.713
PF01/0028/B016,NO,45.084223,7.762045,8.0,-928.31,598.99
PF02/0028/B016,NO,45.083479,7.760976,52.0,-1009.72,513.564
PF03/0028/B016,NO,45.080609,7.764096,52.0,-1332.222,754.236
PF04/0028/B016,NO,45.081116,7.759444,52.0,-1270.32,388.966
PF01/0030/B016,NO,45.109656,7.788774,52.0,1865.253,2744.87
PF02/0030/B016,NO,45.072758,7.72061,12.0,-2151.281,-2682.193
PF01/0031/B016,NO,45.074893,7.728006,52.0,-1923.205,-2096.261
PF02/0032/B016,NO,45.070544,7.729836,52.0,-2408.672,-1959.762
PF03/0032/B016,NO,45.074995,7.734163,52.0,-1919.538,-1611.455
PF01/0033/B016,NO,45.07417,7.756201,8.0,-2038.12,121.83
PF02/0033/B016,NO,45.073908,7.756276,52.0,-2067.249,127.299
PF01/0034/B016,NO,45.095562,7.7497,52.0,346.306,-353.149
PF02/0034/B016,NO,45.095996,7.753436,52.0,389.907,-58.418
PF03/0034/B016,NO,45.093468,7.751309,52.0,111.728,-230.083
PF04/0034/B016,NO,45.094422,7.755714,52.0,212.374,118.152
PF05/0034/B016,NO,45.092495,7.754254,8.0,0.0,0.0
PF06/0034/B016,NO,45.094526,7.753517,52.0,226.609,-54.546
PF02/0035/B016,NO,45.092189,7.752519,52.0,-31.845,-137.082
PF03/0035/B016,NO,45.092574,7.755532,52.0,7.316,100.645
PF04/0035/B016,NO,45.091023,7.754461,52.0,-163.738,13.733
PF05/0035/B016,NO,45.090394,7.752017,52.0,-230.691,-179.7
PF01/0999/B016,NO,45.073591,7.70435,8.0,-2038.27,-3960.61
PF02/0999/B016,NO,45.098553,7.686876,8.0,756.96,-5291.09
PF03/0999/B016,NO,45.123785,7.721389,8.0,3516.43,-2531.21
PF04/0999/B016,NO,45.130538,7.771702,8.0,4205.26,1437.13
PF05/0999/B016,NO,45.122464,7.804406,8.0,3269.76,3995.65
PF06/0999/B016,NO,45.085286,7.797274,8.0,-852.1,3373.3
PF07/0999/B016,NO,45.068053,7.761413,8.0,-2723.85,521.73
PF08/0999/B016,NO,45.065923,7.728063,8.0,-2919.78,-2107.42
PF09/0999/B016,NO,45.106924,7.705813,8.0,1662.8,-3786.22
PF10/0999/B016,NO,45.11099,7.781561,8.0,2021.97,2179.71
PF11/0999/B016,NO,45.078223,7.772964,8.0,-1607.99,1448.19
PF12/0999/B016,NO,45.116038,7.747417,8.0,2623.78,-497.55
PF04/0001/B019,NO,45.380032,8.020844,52.0,31655.024,21365.644
PF05/0001/B019,NO,45.37996,8.024564,52.0,31643.564,21656.802
PF06/0001/B019,NO,45.377237,8.019341,52.0,31345.973,21244.163
PF07/0001/B019,NO,45.378042,8.022874,52.0,31432.092,21521.919
PF08/0001/B019,NO,45.376461,8.015816,52.0,31263.108,20967.124
PF15/0001/B019,NO,45.375178,8.023767,8.0,31113.0,21588.0
PF06/0002/B019,NO,45.373674,8.025264,52.0,30944.507,21703.142
PF07/0002/B019,NO,45.373967,8.028455,52.0,30974.079,21953.379
PF09/0002/B019,NO,45.369453,8.017595,52.0,30482.841,21096.903
PF10/0002/B019,NO,45.370635,8.02296,8.0,30609.09,21518.66
PF11/0002/B019,NO,45.371959,8.026521,52.0,30752.786,21799.299
PF12/0002/B019,NO,45.371869,8.030672,52.0,30738.803,22124.173
PF13/0002/B019,NO,45.368081,8.012856,52.0,30335.014,20723.986
PF15/0002/B019,NO,45.367891,8.020338,52.0,30306.725,21309.616
PF17/0002/B019,NO,45.369295,8.028562,52.0,30454.928,21955.502
PF23/0002/B019,NO,45.367227,8.027772,52.0,30225.873,21890.852
PF24/0002/B019,NO,45.368952,8.023555,52.0,30421.557,21562.942
PF25/0002/B019,NO,45.363482,8.020432,52.0,29816.85,21311.007
PF26/0002/B019,NO,45.372942,8.022337,8.0,30866.0,21473.0
PF01/0003/B019,NO,45.366832,7.997422,52.0,30211.212,19513.58
PF03/0003/B019,NO,45.363703,7.998877,52.0,29862.115,19623.229
PF04/0003/B019,NO,45.365237,8.003041,52.0,30028.498,19951.436
PF05/0003/B019,NO,45.364714,8.006736,52.0,29966.768,20240.112
PF08/0003/B019,NO,45.361945,7.999651,52.0,29666.083,19681.375
PF10/0003/B019,NO,45.362648,8.004908,52.0,29739.033,20094.105
PF11/0003/B019,NO,45.362879,8.008569,52.0,29761.129,20381.128
PF13/0003/B019,NO,45.360129,8.002678,52.0,29461.375,19915.93
PF15/0003/B019,NO,45.35972,8.009187,52.0,29409.608,20425.207
PF16/0003/B019,NO,45.360739,8.005648,52.0,29526.287,20149.458
PF18/0003/B019,NO,45.365082,8.010147,52.0,30004.364,20507.718
PF19/0003/B019,NO,45.36192,8.002014,52.0,29661.039,19866.435
PF20/0003/B019,NO,45.362087,8.013158,52.0,29668.767,20739.468
PF01/0004/B019,NO,45.371909,7.98194,52.0,30790.387,18308.302
PF02/0004/B019,NO,45.37201,7.986347,52.0,30797.248,18653.49
PF04/0004/B019,NO,45.369496,7.984362,52.0,30519.903,18494.539
PF11/0004/B019,NO,45.363853,7.986718,52.0,29890.655,18671.134
PF14/0004/B019,NO,45.360977,7.982246,52.0,29575.632,18316.89
PF15/0004/B019,NO,45.361335,7.986363,52.0,29611.333,18639.878
PF17/0004/B019,NO,45.362092,7.992418,52.0,29689.452,19115.124
PF18/0004/B019,NO,45.359277,7.992559,52.0,29376.633,19122.248
PF19/0004/B019,NO,45.364207,7.990451,52.0,29926.375,18964.024
PF22/0004/B019,NO,45.369251,7.980488,52.0,30496.53,18190.878
PF23/0004/B019,NO,45.361852,7.989428,52.0,29665.727,18880.641
PF24/0004/B019,NO,45.366306,7.982238,12.0,30167.613,18323.758
PF25/0004/B019,NO,45.368053,7.986684,52.0,30357.323,18674.379
PF04/0006/B019,NO,45.360927,7.970094,8.0,29582.17,17365.06
PF06/0006/B019,NO,45.3556,7.962131,52.0,28998.327,16733.814
PF02/0007/B019,NO,45.371297,7.98046,52.0,30723.861,18191.569
PF05/0007/B019,NO,45.367775,7.972715,52.0,30340.377,17580.079
PF08/0007/B019,NO,45.363889,7.972437,52.0,29908.863,17552.76
PF12/0007/B019,NO,45.361453,7.974262,52.0,29636.438,17692.272
PF13/0007/B019,NO,45.361905,7.977831,10.0,29683.098,17972.446
PF17/0007/B019,NO,45.367502,7.977616,52.0,30305.147,17963.457
PF18/0007/B019,NO,45.365099,7.975284,52.0,30040.497,17777.47
PF19/0007/B019,NO,45.364117,7.968706,52.0,29937.915,17260.945
PF20/0007/B019,NO,45.355572,7.976545,52.0,28980.806,17862.778
PF21/0007/B019,NO,45.369931,7.976033,54.0,30576.592,17842.932
PF02/0008/B019,NO,45.35809,7.98428,52.0,29252.82,18472.115
PF03/0008/B019,NO,45.357431,7.987379,52.0,29176.541,18713.95
PF04/0008/B019,NO,45.354926,7.979669,52.0,28905.961,18106.546
PF05/0008/B019,NO,45.355906,7.982462,52.0,29011.992,18326.714
PF06/0008/B019,NO,45.355842,7.988459,52.0,28998.994,18796.348
PF07/0008/B019,NO,45.355587,7.991521,52.0,28967.626,19035.846
PF08/0008/B019,NO,45.353502,7.98488,52.0,28742.611,18512.682
PF11/0008/B019,NO,45.351639,7.992098,52.0,28528.433,19075.518
PF12/0008/B019,NO,45.349288,7.98562,8.0,28273.67,18564.77
PF13/0008/B019,NO,45.349184,7.99086,52.0,28256.974,18975.094
PF14/0008/B019,NO,45.346697,7.984461,52.0,27986.951,18470.389
PF15/0008/B019,NO,45.347272,7.987911,52.0,28047.438,18741.459
PF16/0008/B019,NO,45.348003,7.992404,52.0,28124.291,19094.454
PF17/0008/B019,NO,45.350801,7.988352,52.0,28439.037,18780.95
PF18/0008/B019,NO,45.358278,7.980153,52.0,29277.866,18149.171
PF19/0008/B019,NO,45.355674,7.98546,52.0,28983.257,18561.203
PF26/0008/B019,NO,45.352684,7.990421,12.0,28646.25,18945.6
PF01/0009/B019,NO,45.35899,7.993691,52.0,29343.56,19210.482
PF04/0009/B019,NO,45.357147,7.991316,52.0,29141.122,19021.96
PF05/0009/B019,NO,45.357224,7.995771,52.0,29145.328,19371.012
PF06/0009/B019,NO,45.357595,7.99933,52.0,29183.133,19650.222
PF08/0009/B019,NO,45.355008,7.992756,8.0,28902.11,19131.73
PF09/0009/B019,NO,45.35491,7.997283,52.0,28886.764,19486.219
PF10/0009/B019,NO,45.355008,7.999855,52.0,28895.208,19687.809
PF12/0009/B019,NO,45.35329,7.993006,52.0,28711.029,19148.911
PF14/0009/B019,NO,45.352347,7.999148,52.0,28600.213,19628.722
PF15/0009/B019,NO,45.353651,8.001847,52.0,28742.445,19841.985
PF16/0009/B019,NO,45.350498,7.993404,52.0,28400.399,19176.274
PF17/0009/B019,NO,45.35056,7.996704,52.0,28404.111,19434.844
PF18/0009/B019,NO,45.350337,7.999868,52.0,28376.27,19682.347
PF19/0009/B019,NO,45.35009,8.003516,52.0,28345.254,19967.793
PF20/0009/B019,NO,45.34812,7.993664,52.0,28135.976,19193.33
PF21/0009/B019,NO,45.348636,7.996456,52.0,28190.59,19412.757
PF22/0009/B019,NO,45.34924,7.999653,52.0,28254.636,19664.017
PF23/0009/B019,NO,45.348243,8.001625,52.0,28141.861,19817.155
PF24/0009/B019,NO,45.359698,7.996254,52.0,29419.74,19412.246
PF25/0009/B019,NO,45.36116,7.999328,52.0,29579.141,19655.027
PF26/0009/B019,NO,45.356393,8.002748,52.0,29046.279,19916.322
PF02/0010/B019,NO,45.357672,8.0046,52.0,29186.567,20063.109
PF03/0010/B019,NO,45.357927,8.010375,52.0,29209.301,20515.834
PF05/0010/B019,NO,45.356022,8.010312,52.0,28997.696,20508.294
PF06/0010/B019,NO,45.355447,8.015136,52.0,28929.185,20885.305
PF10/0010/B019,NO,45.347562,8.004065,52.0,28063.845,20007.297
PF11/0010/B019,NO,45.348155,8.009689,52.0,28124.366,20448.731
PF12/0010/B019,NO,45.347787,8.016062,52.0,28077.335,20947.425
PF13/0010/B019,NO,45.352262,8.008139,52.0,28582.064,20332.916
PF14/0010/B019,NO,45.352353,8.00529,52.0,28594.936,20109.903
PF17/0010/B019,NO,45.352899,8.012631,52.0,28648.573,20685.656
PF18/0010/B019,NO,45.351489,8.011325,52.0,28493.118,20581.438
PF22/0010/B019,NO,45.348818,8.006391,52.0,28201.17,20191.264
PF23/0010/B019,NO,45.356907,8.012221,52.0,29094.167,20659.004
PF24/0010/B019,NO,45.354757,8.008434,52.0,28859.032,20359.411
PF25/0010/B019,NO,45.354271,8.005163,52.0,28808.187,20102.517
PF26/0010/B019,NO,45.350901,8.004392,52.0,28434.479,20037.557
PF27/0010/B019,NO,45.350901,8.014433,52.0,28424.807,20824.114
PF01/0011/B019,NO,45.365125,8.017409,52.0,30002.209,21076.468
PF02/0011/B019,NO,45.361601,8.017672,52.0,29610.456,21092.325
PF03/0011/B019,NO,45.362968,8.02721,52.0,29753.226,21841.159
PF07/0011/B019,NO,45.355917,8.016899,52.0,28979.695,21024.07
PF09/0011/B019,NO,45.354376,8.023538,52.0,28802.224,21542.033
PF12/0011/B019,NO,45.361693,8.024385,52.0,29614.302,21618.186
PF13/0011/B019,NO,45.359959,8.021383,52.0,29424.447,21380.739
PF16/0011/B019,NO,45.355784,8.020448,52.0,28961.61,21301.839
PF17/0011/B019,NO,45.351225,8.022539,52.0,28453.118,21459.518
PF18/0011/B019,NO,45.358399,8.017946,52.0,29254.441,21109.455
PF19/0011/B019,NO,45.351215,8.022557,52.0,28451.913,21460.857
PF20/0011/B019,NO,45.350534,8.017106,52.0,28381.482,21032.935
PF21/0011/B019,NO,45.352425,8.017349,52.0,28591.321,21054.609
PF03/0012/B019,NO,45.348952,7.966883,8.0,28255.04,17096.53
PF05/0012/B019,NO,45.346445,7.968294,52.0,27975.025,17203.517
PF01/0013/B019,NO,45.352506,7.965385,52.0,28651.352,16984.243
PF02/0013/B019,NO,45.353465,7.969809,52.0,28753.398,17332.135
PF09/0013/B019,NO,45.347044,7.980772,52.0,28029.215,18181.865
PF10/0013/B019,NO,45.349234,7.982292,52.0,28270.948,18304.045
PF11/0013/B019,NO,45.348865,7.979779,52.0,28232.434,18106.592
PF12/0013/B019,NO,45.350789,7.969248,52.0,28456.674,17284.401
PF13/0013/B019,NO,45.352815,7.972481,52.0,28678.612,17540.502
PF01/0015/B019,NO,45.34533,7.982322,62.0,27837.169,18300.904
PF07/0015/B019,NO,45.34058,7.975715,8.0,27316.08,17776.58
PF08/0015/B019,NO,45.334845,7.98026,52.0,26674.415,18124.562
PF09/0015/B019,NO,45.343853,7.979197,52.0,27676.276,18053.955
PF10/0015/B019,NO,45.341325,7.977906,52.0,27396.678,17949.229
PF01/0016/B019,NO,45.347156,7.985899,52.0,28036.536,18583.684
PF02/0016/B019,NO,45.3474,7.98966,52.0,28059.922,18878.602
PF03/0016/B019,NO,45.345069,7.984756,52.0,27805.829,18491.175
PF04/0016/B019,NO,45.345026,7.989775,62.0,27796.113,18884.334
PF07/0016/B019,NO,45.34305,7.990746,62.0,27575.555,18957.678
PF08/0016/B019,NO,45.345109,7.987283,52.0,27807.71,18689.22
PF09/0016/B019,NO,45.34334,7.986388,52.0,27612.101,18616.627
PF02/0017/B019,NO,45.347637,7.998494,52.0,28077.678,19570.983
PF03/0017/B019,NO,45.346207,7.992346,52.0,27924.712,19087.364
PF04/0017/B019,NO,45.344427,7.995823,52.0,27723.637,19357.291
PF05/0017/B019,NO,45.344969,7.999474,52.0,27780.305,19644.129
PF06/0017/B019,NO,45.341336,7.983759,52.0,27392.078,18407.856
PF07/0017/B019,NO,45.340805,7.988025,52.0,27328.914,18741.375
PF08/0017/B019,NO,45.340089,7.991439,52.0,27245.978,19007.861
PF09/0017/B019,NO,45.34259,7.993147,52.0,27522.202,19145.126
PF11/0017/B019,NO,45.346636,7.996331,52.0,27968.515,19400.164
PF12/0017/B019,NO,45.341738,7.980288,52.0,27440.202,18136.453
PF13/0017/B019,NO,45.343324,7.982627,52.0,27614.016,18321.962
PF14/0017/B019,NO,45.342105,7.997863,52.0,27463.676,19513.906
PF15/0017/B019,NO,45.348099,7.994312,52.0,28133.03,19244.005
PF01/0018/B019,NO,45.325687,7.992751,52.0,25644.642,19090.598
PF02/0018/B019,NO,45.342364,8.008556,52.0,27482.059,20352.063
PF03/0018/B019,NO,45.293962,7.959246,52.0,22153.591,16419.344
PF04/0018/B019,NO,45.340385,8.008148,52.0,27262.57,20317.336
PF05/0018/B019,NO,45.342466,8.017295,52.0,27484.982,21036.824
PF06/0018/B019,NO,45.345416,8.015182,52.0,27814.715,20875.291
PF07/0018/B019,NO,45.292382,7.960275,52.0,21976.987,16497.739
PF09/0018/B019,NO,45.330311,7.99451,52.0,26156.71,19234.858
PF10/0018/B019,NO,45.294004,7.963755,52.0,22153.692,16772.98
PF12/0018/B019,NO,45.339756,8.015118,52.0,27186.039,20862.633
PF13/0018/B019,NO,45.328077,7.996937,52.0,25906.144,19421.966
PF14/0018/B019,NO,45.339836,8.012393,52.0,27197.558,20649.213
PF15/0018/B019,NO,45.337746,8.014834,52.0,26963.017,20837.623
PF16/0018/B019,NO,45.344848,8.018697,52.0,27748.298,21149.941
PF01/0019/B019,NO,45.348224,8.018933,52.0,28123.125,21172.924
PF02/0019/B019,NO,45.348964,8.0243,52.0,28200.225,21594.371
PF04/0019/B019,NO,45.344887,8.026076,52.0,27745.565,21728.049
PF05/0019/B019,NO,45.34244,8.019552,52.0,27479.95,21213.648
PF06/0019/B019,NO,45.340465,8.02241,8.0,27257.82,21434.84
PF07/0019/B019,NO,45.339845,8.026779,52.0,27184.843,21776.352
PF10/0019/B019,NO,45.340959,8.031286,52.0,27304.318,22130.996
PF11/0019/B019,NO,45.341167,8.031126,52.0,27327.518,22118.702
PF12/0019/B019,NO,45.342804,8.025453,52.0,27514.772,21676.467
PF13/0019/B019,NO,45.346137,8.022735,52.0,27887.657,21467.972
PF14/0019/B019,NO,45.343043,8.021914,12.0,27544.697,21399.52
PF01/0020/B019,NO,45.345802,8.035081,52.0,27838.75,22434.713
PF03/0020/B019,NO,45.343279,8.035781,52.0,27557.858,22486.187
PF04/0020/B019,NO,45.343345,8.039012,52.0,27562.126,22739.45
PF06/0020/B019,NO,45.338988,8.038803,52.0,27078.276,22717.271
PF07/0020/B019,NO,45.341381,8.036847,52.0,27345.937,22567.23
PF09/0020/B019,NO,45.343529,8.030371,52.0,27590.652,22062.743
PF01/0021/B019,NO,45.341155,8.040738,52.0,27317.153,22871.786
PF02/0021/B019,NO,45.338872,8.043209,52.0,27061.303,23062.339
PF03/0021/B019,NO,45.33473,8.04448,52.0,26599.891,23156.467
PF04/0021/B019,NO,45.33377,8.040557,52.0,26496.906,22847.802
PF05/0021/B019,NO,45.332053,8.044428,52.0,26302.575,23148.877
PF06/0021/B019,NO,45.329867,8.041553,52.0,26062.426,22920.698
PF07/0021/B019,NO,45.332076,8.046861,52.0,26302.834,23339.536
PF11/0021/B019,NO,45.333167,8.042327,52.0,26428.312,22985.696
PF12/0021/B019,NO,45.336306,8.041925,52.0,26777.38,22958.381
PF14/0021/B019,NO,45.331996,8.050208,52.0,26290.918,23601.711
PF15/0021/B019,NO,45.334455,8.046969,52.0,26567.064,23351.14
PF16/0021/B019,NO,45.095773,8.094513,232.0,8.05,26778.993
PF17/0021/B019,NO,45.34126,8.045535,52.0,27324.405,23247.737
PF18/0021/B019,NO,45.336311,8.045237,12.0,26774.85,23217.898
PF02/0022/B019,NO,45.342596,8.000914,52.0,27515.18,19753.604
PF07/0022/B019,NO,45.339527,8.004146,62.0,27171.163,20002.639
PF08/0022/B019,NO,45.337072,8.007756,52.0,26894.935,20282.126
PF09/0022/B019,NO,45.334832,7.997851,52.0,26655.647,19502.927
PF10/0022/B019,NO,45.33602,8.001806,52.0,26783.796,19814.49
PF11/0022/B019,NO,45.336428,8.004913,52.0,26826.161,20058.442
PF13/0022/B019,NO,45.332291,7.999206,52.0,26372.037,19605.625
PF14/0022/B019,NO,45.328992,7.995894,52.0,26008.752,19341.508
PF17/0022/B019,NO,45.333881,8.00565,52.0,26542.453,20112.723
PF22/0022/B019,NO,45.340493,7.995176,52.0,27287.22,19301.204
PF23/0022/B019,NO,45.332923,8.003254,52.0,26438.32,19923.625
PF24/0022/B019,NO,45.338855,8.006873,62.0,27093.801,20215.389
PF25/0022/B019,NO,45.330437,8.000293,52.0,26165.072,19688.217
PF26/0022/B019,NO,45.327842,7.998964,52.0,25878.01,19580.518
PF27/0022/B019,NO,45.330285,8.005492,52.0,26143.056,20095.436
PF28/0022/B019,NO,45.339119,7.998455,52.0,27131.333,19556.215
PF29/0022/B019,NO,45.337027,7.997498,52.0,26899.844,19478.309
PF31/0022/B019,NO,45.340963,8.005661,52.0,27329.226,20123.277
PF32/0022/B019,NO,45.338088,8.002141,52.0,27013.24,19843.519
PF33/0022/B019,NO,45.332233,7.99559,52.0,26369.115,19322.142
PF34/0022/B019,NO,45.328755,8.008153,52.0,25970.593,20301.833
PF02/0023/B019,NO,45.338035,7.989578,52.0,27019.583,18859.119
PF03/0023/B019,NO,45.333724,7.989005,52.0,26541.291,18808.27
PF04/0023/B019,NO,45.333841,7.993624,52.0,26549.725,19170.355
PF08/0023/B019,NO,45.326715,7.98975,52.0,25761.855,18856.871
PF09/0023/B019,NO,45.337107,7.983568,52.0,26922.411,18386.987
PF10/0023/B019,NO,45.32858,7.990096,52.0,25968.73,18886.554
PF11/0023/B019,NO,45.337101,7.99346,12.0,26912.0,19162.0
PF02/0024/B019,NO,45.336645,8.016382,52.0,26839.186,20957.384
PF05/0024/B019,NO,45.336685,8.026437,52.0,26834.028,21745.323
PF07/0024/B019,NO,45.332974,8.01866,52.0,26429.185,21130.895
PF08/0024/B019,NO,45.332895,8.024867,52.0,26414.522,21617.156
PF09/0024/B019,NO,45.329869,8.018404,52.0,26084.486,21106.676
PF11/0024/B019,NO,45.328865,8.021767,52.0,25969.667,21368.838
PF13/0024/B019,NO,45.331454,8.017094,52.0,26261.811,21006.187
PF14/0024/B019,NO,45.334774,8.017521,52.0,26630.223,21044.09
PF15/0024/B019,NO,45.336139,8.013247,52.0,26785.925,20711.054
PF16/0024/B019,NO,45.335515,8.009975,52.0,26719.773,20453.847
PF17/0024/B019,NO,45.332793,8.010066,52.0,26417.296,20457.231
PF21/0024/B019,NO,45.327696,8.015788,52.0,25845.54,20898.693
PF22/0024/B019,NO,45.337783,8.012289,52.0,26969.565,20638.292
PF23/0024/B019,NO,45.332947,8.015035,52.0,26429.648,20846.813
PF24/0024/B019,NO,45.335959,8.021958,52.0,26757.609,21393.364
PF25/0024/B019,NO,45.334472,8.023907,52.0,26590.623,21544.107
PF26/0024/B019,NO,45.335752,8.02878,52.0,26728.212,21927.64
PF27/0024/B019,NO,45.331669,8.021522,52.0,26281.452,21353.429
PF03/0025/B019,NO,45.336892,8.038852,52.0,26845.389,22718.355
PF04/0025/B019,NO,45.335582,8.032752,52.0,26705.593,22238.644
PF06/0025/B019,NO,45.335134,8.038821,52.0,26650.041,22713.58
PF07/0025/B019,NO,45.333933,8.035671,52.0,26519.575,22465.184
PF08/0025/B019,NO,45.332179,8.038578,52.0,26322.01,22690.633
PF09/0025/B019,NO,45.330282,8.03046,52.0,26118.952,22051.979
PF10/0025/B019,NO,45.337101,8.029983,62.0,26876.951,22023.74
PF11/0025/B019,NO,45.338265,8.033588,12.0,27002.859,22307.692
PF12/0025/B019,NO,45.335632,8.035921,12.0,26708.123,22487.0
PF03/0026/B019,NO,45.322665,8.014311,52.0,25288.025,20776.153
PF05/0026/B019,NO,45.325276,8.024103,62.0,25568.816,21547.081
PF07/0026/B019,NO,45.325647,8.029598,62.0,25604.748,21978.182
PF08/0026/B019,NO,45.321869,8.019764,52.0,25194.403,21202.389
PF09/0026/B019,NO,45.322512,8.025323,52.0,25260.576,21638.944
PF11/0026/B019,NO,45.324253,8.020409,52.0,25458.646,21256.157
PF12/0026/B019,NO,45.328061,8.03192,52.0,25870.835,22163.371
PF13/0026/B019,NO,45.327357,8.022452,52.0,25801.562,21420.478
PF14/0026/B019,NO,45.328398,8.025158,52.0,25914.57,21633.96
PF15/0026/B019,NO,45.327814,8.019594,52.0,25855.066,21197.163
PF16/0026/B019,NO,45.322642,8.029777,10.0,25270.8,21988.2
PF01/0027/B019,NO,45.329945,8.034674,52.0,26077.541,22381.741
PF02/0027/B019,NO,45.330813,8.038789,52.0,26170.031,22705.312
PF03/0027/B019,NO,45.331135,8.041233,52.0,26203.542,22897.294
PF05/0027/B019,NO,45.32865,8.041055,52.0,25927.601,22880.038
PF06/0027/B019,NO,45.327991,8.044723,52.0,25850.976,23166.64
PF07/0027/B019,NO,45.324389,8.03627,52.0,25458.719,22499.43
PF08/0027/B019,NO,45.325922,8.040159,52.0,25625.374,22806.186
PF09/0027/B019,NO,45.325157,8.043665,52.0,25537.143,23080.0
PF11/0027/B019,NO,45.322595,8.043044,52.0,25253.095,23027.938
PF12/0027/B019,NO,45.320519,8.042099,52.0,25023.389,22951.156
PF13/0027/B019,NO,45.331641,8.039972,3.0,26260.95,22799.13
PF14/0027/B019,NO,45.319273,8.040361,52.0,24886.5,22813.267
PF17/0027/B019,NO,45.328063,8.036467,52.0,25866.705,22519.714
PF18/0027/B019,NO,45.322563,8.035467,52.0,25256.588,22434.015
PF19/0027/B019,NO,45.319665,8.044581,12.0,24926.201,23144.56
PF02/0028/B019,NO,45.329071,8.051662,52.0,25964.597,23711.831
PF04/0028/B019,NO,45.326307,8.048496,52.0,25660.448,23460.088
PF06/0028/B019,NO,45.324462,8.055837,52.0,25448.735,24032.986
PF07/0028/B019,NO,45.32114,8.048438,52.0,25086.45,23448.798
PF08/0028/B019,NO,45.322181,8.053267,52.0,25197.67,23828.559
PF09/0028/B019,NO,45.318624,8.048604,52.0,24806.831,23458.488
PF10/0028/B019,NO,45.319586,8.051508,52.0,24910.988,23687.346
PF12/0028/B019,NO,45.31916,8.055784,52.0,24859.744,24021.95
PF13/0028/B019,NO,45.317237,8.051843,8.0,24649.7,23710.52
PF14/0028/B019,NO,45.326405,8.055851,52.0,25664.502,24036.615
PF15/0028/B019,NO,45.323449,8.058459,52.0,25333.725,24237.158
PF16/0028/B019,NO,45.323283,8.048261,52.0,25324.71,23437.687
PF18/0028/B019,NO,45.317398,8.055427,52.0,24664.249,23991.632
PF19/0028/B019,NO,45.328835,8.047929,52.0,25941.762,23418.999
PF20/0028/B019,NO,45.324579,8.050559,12.0,25466.5,23619.5
PF02/0029/B019,NO,45.318016,8.027881,52.0,24758.658,21833.383
PF13/0029/B019,NO,45.315195,8.027846,52.0,24445.296,21826.887
PF15/0029/B019,NO,45.317462,8.02196,52.0,24702.681,21368.613
PF16/0029/B019,NO,45.316245,8.033623,12.0,24556.48,22281.086
PF17/0029/B019,NO,45.313143,8.031365,12.0,24214.0,22100.0
PF03/0030/B019,NO,45.312839,8.042995,52.0,24169.325,23011.244
PF05/0030/B019,NO,45.311517,8.05197,52.0,24014.136,23712.968
PF08/0030/B019,NO,45.30893,8.043147,52.0,23734.882,23017.987
PF09/0030/B019,NO,45.309813,8.046802,52.0,23829.639,23305.683
PF12/0030/B019,NO,45.309852,8.046981,3.0,23833.78,23319.75
PF13/0030/B019,NO,45.310948,8.041373,52.0,23960.749,22881.574
PF14/0030/B019,NO,45.312076,8.036871,52.0,24090.301,22530.193
PF15/0030/B019,NO,45.315431,8.042208,52.0,24458.018,22952.905
PF16/0030/B019,NO,45.31507,8.051649,52.0,24409.15,23692.483
PF01/0031/B019,NO,45.343968,8.004709,3.0,27663.94,20052.84
PF01/0001/B043,NO,45.108852,7.733212,52.0,1842.836,-1627.33
PF02/0001/B043,NO,45.11069,7.73237,52.0,2048.132,-1690.423
PF05/0001/B043,NO,45.11201,7.729622,52.0,2198.103,-1904.281
PF06/0001/B043,NO,45.114143,7.730588,52.0,2433.893,-1824.572
PF07/0001/B043,NO,45.111958,7.734507,52.0,2186.381,-1520.066
PF09/0001/B043,NO,45.109976,7.73569,52.0,1964.716,-1430.436
PF01/0002/B043,NO,45.108959,7.744468,8.0,1840.93,-741.66
PF05/0002/B043,NO,45.111558,7.739019,52.0,2136.405,-1165.862
PF06/0002/B043,NO,45.113911,7.739112,52.0,2397.584,-1154.427
PF07/0002/B043,NO,45.11513,7.741707,52.0,2529.851,-948.185
PF08/0002/B043,NO,45.114233,7.745482,52.0,2425.565,-652.816
PF09/0002/B043,NO,45.11189,7.746203,52.0,2164.49,-600.177
PF10/0002/B043,NO,45.115463,7.748695,52.0,2558.308,-397.963
PF11/0002/B043,NO,45.11313,7.74225,12.0,2307.0,-909.0
PF03/0003/B043,NO,45.108024,7.759464,52.0,1718.849,436.427
PF04/0003/B043,NO,45.112705,7.756754,52.0,2242.154,231.203
PF06/0003/B043,NO,45.108927,7.761703,52.0,1816.489,614.107
PF08/0003/B043,NO,45.107374,7.755933,52.0,1650.895,157.511
PF09/0003/B043,NO,45.110395,7.758009,12.0,1984.0,326.0
PF01/0004/B043,NO,45.102939,7.726779,52.0,1193.984,-2143.795
PF01/0005/B043,NO,45.107397,7.73429,52.0,1679.94,-1545.089
PF03/0005/B043,NO,45.108049,7.737287,52.0,1748.661,-1308.163
PF04/0005/B043,NO,45.104534,7.74206,52.0,1352.355,-938.762
PF01/0006/B043,NO,45.105487,7.747727,8.0,1451.22,-491.29
PF02/0006/B043,NO,45.107852,7.748688,52.0,1712.786,-411.612
PF05/0006/B043,NO,45.104217,7.751466,52.0,1305.612,-199.318
PF06/0006/B043,NO,45.108758,7.744985,52.0,1817.975,-701.339
PF09/0006/B043,NO,45.107707,7.751354,52.0,1693.445,-202.179
PF11/0006/B043,NO,45.106943,7.744114,52.0,1617.471,-773.004
PF02/0007/B043,NO,45.101465,7.757783,52.0,992.212,292.994
PF03/0007/B043,NO,45.103997,7.756144,52.0,1275.485,168.333
PF04/0007/B043,NO,45.103234,7.753569,52.0,1193.858,-35.52
PF01/0008/B043,NO,45.103132,7.76753,52.0,1165.759,1062.646
PF01/0009/B043,NO,45.100446,7.726044,52.0,917.878,-2205.995
PF01/0010/B043,NO,45.102718,7.749299,52.0,1141.764,-372.356
PF03/0010/B043,NO,45.100204,7.751097,52.0,860.233,-235.227
PF04/0010/B043,NO,45.098924,7.747935,52.0,721.908,-486.218
PF05/0010/B043,NO,45.09779,7.750878,52.0,592.353,-256.627
PF06/0010/B043,NO,45.096594,7.747285,52.0,463.819,-541.352
PF07/0010/B043,NO,45.095861,7.75047,52.0,378.572,-292.016
PF08/0010/B043,NO,45.100294,7.747357,52.0,874.787,-529.351
PF10/0010/B043,NO,45.10174,7.745423,52.0,1037.869,-679.051
PF11/0010/B043,NO,45.098141,7.74378,52.0,639.972,-814.509
PF12/0010/B043,NO,45.102956,7.746822,52.0,1171.177,-566.829
PF01/0011/B043,NO,45.102089,7.75404,52.0,1066.075,-0.449
PF02/0011/B043,NO,45.099616,7.752472,52.0,793.257,-128.089
PF04/0011/B043,NO,45.095487,7.755268,52.0,331.194,84.905
PF05/0011/B043,NO,45.096983,7.757694,52.0,494.408,278.353
PF06/0011/B043,NO,45.098897,7.760485,52.0,703.761,501.15
PF07/0011/B043,NO,45.099871,7.765317,52.0,806.039,882.986
PF09/0011/B043,NO,45.096839,7.761003,52.0,474.476,538.432
PF11/0011/B043,NO,45.096066,7.76539,52.0,383.305,882.275
PF12/0011/B043,NO,45.101311,7.759543,52.0,973.052,431.187
PF13/0011/B043,NO,45.099984,7.757249,52.0,828.333,248.434
PF14/0011/B043,NO,45.102154,7.763698,52.0,1061.613,759.54
PF15/0011/B043,NO,45.098507,7.755777,52.0,666.08,130.064
PF01/0012/B043,NO,45.097755,7.780624,52.0,552.692,2083.859
PF02/0012/B043,NO,45.099663,7.780016,52.0,765.423,2039.205
PF03/0012/B043,NO,45.095602,7.777956,52.0,316.738,1870.28
PF04/0012/B043,NO,45.096904,7.774411,52.0,465.578,1593.526
PF05/0012/B043,NO,45.094923,7.774841,52.0,245.069,1624.005
PF06/0012/B043,NO,45.101833,7.772506,52.0,1015.467,1451.958
PF08/0012/B043,NO,45.099056,7.775645,52.0,703.246,1694.287
PF09/0012/B043,NO,45.101069,7.767749,52.0,936.288,1076.374
PF01/0013/B043,NO,45.089556,7.731977,52.0,-299.184,-1758.106
PF02/0013/B043,NO,45.091387,7.734011,52.0,-98.338,-1594.92
PF03/0013/B043,NO,45.089918,7.735912,52.0,-263.897,-1447.854
PF05/0013/B043,NO,45.090255,7.739635,52.0,-231.006,-1154.278
PF06/0013/B043,NO,45.091858,7.731457,52.0,-42.857,-1795.008
PF07/0013/B043,NO,45.092376,7.736629,52.0,8.346,-1387.164
PF01/0014/B043,NO,45.095427,7.747285,52.0,334.255,-543.408
PF02/0014/B043,NO,45.095304,7.751353,52.0,315.559,-223.487
PF04/0014/B043,NO,45.090763,7.749435,52.0,-186.549,-382.198
PF05/0014/B043,NO,45.089365,7.748101,52.0,-340.237,-489.579
PF06/0014/B043,NO,45.089782,7.751589,52.0,-298.164,-214.376
PF09/0014/B043,NO,45.092563,7.744646,52.0,19.274,-755.981
PF10/0014/B043,NO,45.093909,7.747189,52.0,165.711,-553.547
PF12/0014/B043,NO,45.092252,7.747819,52.0,-19.17,-506.818
PF13/0014/B043,NO,45.095412,7.743532,52.0,337.133,-838.704
PF01/0015/B043,NO,45.094829,7.753702,52.0,259.975,-39.498
PF02/0016/B043,NO,45.092495,7.754254,8.0,0.0,0.0
PF03/0016/B043,NO,45.093148,7.750956,52.0,76.561,-258.433
PF02/0017/B043,NO,45.090144,7.754626,62.0,-261.59,25.202
PF03/0017/B043,NO,45.091544,7.75213,62.0,-103.066,-168.772
PF01/0018/B043,NO,45.09481,7.757788,52.0,252.904,281.993
PF03/0018/B043,NO,45.092856,7.761672,52.0,31.119,584.295
PF04/0018/B043,NO,45.090163,7.759889,52.0,-265.89,439.383
PF07/0018/B043,NO,45.090779,7.756315,52.0,-193.067,159.173
PF08/0018/B043,NO,45.087917,7.761133,52.0,-516.842,533.439
PF09/0018/B043,NO,45.093788,7.766663,52.0,128.726,978.588
PF10/0018/B043,NO,45.08976,7.763759,52.0,-315.292,743.302
PF11/0018/B043,NO,45.095603,7.768791,52.0,327.784,1149.13
PF12/0018/B043,NO,45.092027,7.766935,52.0,-67.205,997.054
PF13/0018/B043,NO,45.092613,7.76443,52.0,0.881,800.888
PF14/0018/B043,NO,45.09286,7.757993,52.0,36.109,294.819
PF02/0019/B043,NO,45.091116,7.77191,52.0,-174.451,1386.979
PF03/0019/B043,NO,45.093519,7.770424,52.0,94.341,1274.085
PF01/0020/B043,NO,45.085015,7.749169,8.0,-824.72,-412.99
PF02/0020/B043,NO,45.083637,7.740087,52.0,-966.736,-1130.151
PF04/0020/B043,NO,45.087456,7.736934,52.0,-538.613,-1371.71
PF05/0020/B043,NO,45.087761,7.743447,52.0,-512.674,-858.645
PF06/0020/B043,NO,45.084618,7.746193,52.0,-865.221,-647.905
PF07/0020/B043,NO,45.087185,7.747974,52.0,-582.206,-503.366
PF01/0021/B043,NO,45.087236,7.750981,52.0,-580.243,-266.621
PF02/0021/B043,NO,45.088861,7.754049,52.0,-403.409,-22.382
PF03/0021/B043,NO,45.087884,7.757528,52.0,-516.115,249.742
PF04/0021/B043,NO,45.086017,7.755117,52.0,-720.639,56.759
PF06/0021/B043,NO,45.085625,7.758633,52.0,-768.476,332.847
PF07/0021/B043,NO,45.08364,7.749711,52.0,-978.138,-372.768
PF08/0021/B043,NO,45.082539,7.752342,52.0,-1103.614,-167.541
PF10/0021/B043,NO,45.083564,7.759716,52.0,-998.714,414.536
PF11/0021/B043,NO,45.081763,7.759089,52.0,-1198.006,362.121
PF13/0021/B043,NO,45.084727,7.752806,52.0,-861.158,-127.27
PF14/0021/B043,NO,45.083867,7.757012,12.0,-961.828,202.225
PF03/0022/B043,NO,45.085125,7.76088,52.0,-826.753,508.809
PF06/0022/B043,NO,45.086042,7.763372,52.0,-727.848,706.486
PF07/0022/B043,NO,45.080986,7.764561,52.0,-1290.989,791.461
PF08/0022/B043,NO,45.083036,7.767308,52.0,-1066.551,1011.19
PF02/0023/B043,NO,45.082993,7.74445,52.0,-1043.625,-787.884
PF03/0023/B043,NO,45.081473,7.742104,52.0,-1209.58,-975.2
PF04/0023/B043,NO,45.08129,7.749435,52.0,-1238.928,-398.466
PF05/0023/B043,NO,45.079889,7.746072,52.0,-1390.457,-665.585
PF06/0023/B043,NO,45.083094,7.747145,52.0,-1035.726,-575.626
PF07/0023/B043,NO,45.077399,7.747227,12.0,-1668.5,-579.0
PF01/0024/B043,NO,45.080134,7.750935,52.0,-1369.184,-282.449
PF02/0024/B043,NO,45.080561,7.755896,52.0,-1327.719,108.75
PF03/0024/B043,NO,45.07875,7.763958,52.0,-1538.624,740.192
PF04/0024/B043,NO,45.079381,7.760049,52.0,-1463.851,433.643
PF05/0024/B043,NO,45.078524,7.752554,52.0,-1549.91,-157.759
PF01/0999/B043,NO,45.089945,7.717712,8.0,-238.25,-2879.98
PF02/0999/B043,NO,45.093773,7.706054,8.0,201.61,-3790.64
PF03/0999/B043,NO,45.073488,7.769821,8.0,-2130.21,1192.77
PF04/0999/B043,NO,45.068892,7.804304,8.0,-2681.54,3899.63
PF05/0999/B043,NO,45.087579,7.799098,8.0,-599.42,3520.6
PF06/0999/B043,NO,45.097316,7.779305,8.0,505.59,1979.3
PF07/0999/B043,NO,45.110918,7.763551,8.0,2035.4,762.86
PF08/0999/B043,NO,45.114899,7.755882,8.0,2486.9,166.33
PF09/0999/B043,NO,45.11188,7.724279,8.0,2190.27,-2324.82
PF10/0999/B043,NO,45.075198,7.728655,8.0,-1890.1,-2044.62
PF11/0999/B043,NO,45.055708,7.776937,8.0,-4113.86,1723.07
PF12/0999/B043,NO,45.116579,7.712795,8.0,2726.71,-3219.82
PF13/0999/B043,NO,45.075376,7.789025,8.0,-1943.26,2707.62
PF14/0999/B043,NO,45.066344,7.767423,8.0,-2920.96,991.94
PF15/0999/B043,NO,45.068493,7.758009,8.0,-2670.97,254.52
PF16/0999/B043,NO,45.078984,7.765674,8.0,-1514.7,875.69
PF17/0999/B043,NO,45.07637,7.790035,8.0,-1834.08,2788.73
PF18/0999/B043,NO,45.073553,7.76592,8.0,-2118.34,885.82
PF19/0999/B043,NO,45.111296,7.779576,8.0,2058.24,2024.05
PF20/0999/B043,NO,45.110833,7.76039,52.0,2029.845,514.008
PF21/0999/B043,NO,45.110923,7.764054,52.0,2035.376,802.456
PF22/0999/B043,NO,45.113789,7.734918,52.0,2389.271,-1484.561
PF23/0999/B043,NO,45.11625,7.733053,52.0,2664.915,-1626.99
PF24/0999/B043,NO,45.113758,7.759067,52.0,2356.365,414.966
PF25/0999/B043,NO,45.087656,7.735764,52.0,-514.911,-1463.379
PF26/0999/B043,NO,45.113909,7.739125,54.0,2397.399,-1153.404
PF27/0999/B043,NO,45.115135,7.741712,52.0,2530.372,-947.849
PF28/0999/B043,NO,45.116332,7.753029,52.0,2649.619,-55.55
PF29/0999/B043,NO,45.079877,7.740522,52.0,-1385.017,-1102.437
PF30/0999/B043,NO,45.078637,7.744301,52.0,-1527.38,-807.172
PF31/0999/B043,NO,45.096527,7.783758,52.0,412.562,2328.364
PF32/0999/B043,NO,45.102737,7.71982,52.0,1180.148,-2691.637
PF33/0999/B043,NO,45.077194,7.738615,52.0,-1680.654,-1257.143
PF34/0999/B043,NO,45.103832,7.772195,12.0,1237.834,1430.849
PF35/0999/B043,NO,45.087514,7.732055,12.0,-526.119,-1755.511
PF36/0999/B043,NO,45.085098,7.736615,8.0,-800.223,-1400.85
PF37/0999/B043,NO,45.072257,7.758783,52.0,-2253.746,321.845
PF38/0999/B043,NO,45.074839,7.755981,52.0,-1963.49,105.712
PF39/0999/B043,NO,45.076504,7.7601,52.0,-1783.516,432.781
PF01/0001/B176,NO,45.391536,8.002213,52.0,32951.023,19922.809
PF03/0001/B176,NO,45.390313,7.997088,52.0,32820.181,19519.926
PF04/0001/B176,NO,45.38892,7.999154,52.0,32663.349,19679.776
PF05/0001/B176,NO,45.387335,7.996409,52.0,32489.963,19462.646
PF06/0001/B176,NO,45.388543,8.002111,52.0,32618.571,19910.677
PF07/0001/B176,NO,45.096313,8.174049,201.0,1.02,33037.911
PF08/0001/B176,NO,45.385182,7.994673,52.0,32252.518,19323.761
PF01/0002/B176,NO,45.382771,7.990867,52.0,31988.32,19022.482
PF03/0002/B176,NO,45.381163,7.995894,8.0,31804.76,19413.78
PF05/0002/B176,NO,45.380571,7.992289,52.0,31742.489,19130.696
PF06/0002/B176,NO,45.378619,7.990749,52.0,31527.204,19007.4
PF07/0002/B176,NO,45.37766,7.993326,52.0,31418.168,19207.837
PF08/0002/B176,NO,45.377702,7.99651,52.0,31419.684,19457.257
PF09/0002/B176,NO,45.376741,7.994721,52.0,31314.651,19315.828
PF10/0002/B176,NO,45.379002,7.99626,52.0,31564.286,19439.473
PF11/0002/B176,NO,45.381779,7.9933,52.0,31875.779,19211.589
PF12/0002/B176,NO,45.384411,7.992006,52.0,32169.445,19113.894
PF13/0002/B176,NO,45.379221,7.993142,52.0,31591.689,19195.654
PF14/0002/B176,NO,45.380294,7.990177,52.0,31713.836,18965.013
PF01/0003/B176,NO,45.380693,7.997882,52.0,31750.6,19568.8
PF02/0003/B176,NO,45.379393,8.000526,52.0,31603.578,19773.987
PF03/0003/B176,NO,45.378901,7.998603,52.0,31550.855,19622.75
PF05/0003/B176,NO,45.38355,8.001134,52.0,32064.913,19827.306
PF06/0003/B176,NO,45.381893,7.999783,52.0,31882.043,19719.25
PF01/0004/B176,NO,45.383042,8.003032,52.0,32006.605,19975.209
PF08/0004/B176,NO,45.379186,8.006968,52.0,31574.37,20278.129
PF02/0005/B176,NO,45.376199,7.988078,52.0,31260.956,18794.927
PF03/0005/B176,NO,45.376408,7.990696,52.0,31281.606,19000.206
PF06/0005/B176,NO,45.374667,7.988594,52.0,31090.215,18833.176
PF08/0005/B176,NO,45.375229,7.993911,52.0,31147.472,19250.28
PF09/0005/B176,NO,45.372921,7.986138,52.0,30898.749,18638.441
PF10/0005/B176,NO,45.372271,7.989326,52.0,30823.371,18887.153
PF12/0005/B176,NO,45.373205,7.995074,52.0,30921.502,19338.59
PF13/0005/B176,NO,45.374668,7.991864,52.0,31087.2,19089.202
PF03/0006/B176,NO,45.376303,7.999062,52.0,31261.71,19655.096
PF04/0006/B176,NO,45.377786,8.001111,52.0,31424.505,19817.624
PF05/0006/B176,NO,45.375671,8.002002,52.0,31188.676,19884.435
PF08/0006/B176,NO,45.373277,8.000296,52.0,30924.369,19747.526
PF09/0006/B176,NO,45.373764,7.998497,52.0,30980.211,19607.335
PF10/0006/B176,NO,45.374946,7.999831,52.0,31110.266,19713.475
PF11/0006/B176,NO,45.375281,7.996176,52.0,31151.076,19427.744
PF01/0007/B176,NO,45.378098,8.003539,52.0,31456.832,20008.143
PF03/0007/B176,NO,45.376838,8.005362,52.0,31315.109,20149.089
PF04/0007/B176,NO,45.374383,8.003348,52.0,31044.33,19988.08
PF09/0007/B176,NO,45.371364,8.008789,52.0,30703.574,20409.975
PF11/0007/B176,NO,45.370289,8.006407,52.0,30586.446,20221.943
PF12/0007/B176,NO,45.370294,8.012054,52.0,30581.618,20664.204
PF16/0007/B176,NO,45.367256,8.011458,52.0,30244.616,20613.321
PF18/0007/B176,NO,45.365024,8.006364,52.0,30001.636,20211.4
PF19/0007/B176,NO,45.366425,8.00852,52.0,30155.19,20382.111
PF20/0007/B176,NO,45.371686,8.004613,52.0,30743.378,20083.379
PF23/0007/B176,NO,45.368382,8.004198,52.0,30376.821,20046.396
PF24/0007/B176,NO,45.370263,7.999549,52.0,30590.248,19684.88
PF25/0007/B176,NO,45.374335,8.008078,52.0,31034.411,20358.349
PF05/0008/B176,NO,45.369091,7.988027,52.0,30471.288,18780.967
PF11/0008/B176,NO,45.366949,7.995859,52.0,30225.734,19391.318
PF16/0008/B176,NO,45.362083,7.992583,52.0,29688.284,19128.034
PF18/0008/B176,NO,45.363107,7.998444,52.0,29796.312,19588.492
PF22/0008/B176,NO,45.365552,7.990911,52.0,30075.348,19001.945
PF24/0008/B176,NO,45.372798,7.991689,52.0,30879.623,19072.932
PF25/0008/B176,NO,45.366944,7.989476,52.0,30231.442,18891.447
PF26/0008/B176,NO,45.362197,7.995094,52.0,29698.517,19324.885
PF27/0008/B176,NO,45.369276,7.990879,52.0,30489.082,19004.575
PF28/0008/B176,NO,45.370814,7.994261,4.0,30656.676,19271.539
PF29/0008/B176,NO,45.371618,7.996244,12.0,30744.0,19428.0
PF01/0999/B176,NO,45.383823,7.986599,52.0,32109.409,18689.779
PF01/0001/B183,NO,45.103317,7.751156,21.0,1206.069,-225.282
PF06/0003/B183,NO,45.105901,7.763085,21.0,1478.625,717.691
PF04/0006/B183,NO,45.093068,7.764315,21.0,51.571,792.663
PF01/0007/B183,NO,45.09599,7.77018,21.0,369.067,1259.074
PF02/0008/B183,NO,45.0888,7.730836,21.0,-381.768,-1849.251
PF01/0009/B183,NO,45.09117,7.73346,52.0,-121.691,-1638.6
PF03/0009/B183,NO,45.090056,7.737775,12.0,-250.771,-1300.977
PF04/0009/B183,NO,45.092913,7.738233,21.0,65.987,-1260.033
PF04/0010/B183,NO,45.0907,7.746018,52.0,-189.321,-651.202
PF08/0010/B183,NO,45.089578,7.749741,52.0,-318.533,-360.138
PF09/0010/B183,NO,45.092601,7.74328,52.0,25.143,-863.437
PF10/0010/B183,NO,45.093889,7.749114,52.0,161.179,-402.117
PF13/0010/B183,NO,45.095575,7.743857,21.0,354.882,-812.891
PF06/0011/B183,NO,45.092289,7.757767,52.0,-27.092,276.042
PF08/0011/B183,NO,45.095766,7.755996,52.0,361.329,142.636
PF11/0011/B183,NO,45.095182,7.758952,62.0,292.802,374.219
PF12/0011/B183,NO,45.092744,7.752498,21.0,29.851,-137.784
PF09/0012/B183,NO,45.093037,7.772018,21.0,38.894,1398.698
PF05/0014/B183,NO,45.080032,7.740525,52.0,-1367.74,-1101.941
PF07/0014/B183,NO,45.083765,7.749596,52.0,-964.135,-381.565
PF08/0014/B183,NO,45.087763,7.745426,21.0,-514.929,-702.881
PF01/0015/B183,NO,45.086258,7.752792,52.0,-691.101,-125.776
PF04/0015/B183,NO,45.084045,7.760598,52.0,-946.403,484.799
PF06/0015/B183,NO,45.087065,7.755854,21.0,-605.103,116.587
PF03/0016/B183,NO,45.083191,7.76965,21.0,-1052.115,1195.769
PF07/0017/B183,NO,45.085918,7.784727,21.0,-767.142,2386.929
PF01/0018/B183,NO,45.084745,7.791995,52.0,-906.005,2956.905
PF02/0018/B183,NO,45.081811,7.791167,21.0,-1230.949,2886.869
PF01/0019/B183,NO,45.081467,7.794313,21.0,-1272.843,3133.96
PF01/0020/B183,NO,45.089113,7.814605,21.0,-447.05,4743.493
PF01/0021/B183,NO,45.082394,7.810466,62.0,-1188.754,4406.733
PF03/0021/B183,NO,45.085196,7.814845,21.0,-882.494,4756.004
PF01/0022/B183,NO,45.074711,7.738739,52.0,-1956.711,-1251.709
PF02/0022/B183,NO,45.07583,7.734155,20.0,-1826.788,-1610.636
PF07/0023/B183,NO,45.079622,7.751987,21.0,-1427.328,-200.472
PF03/0025/B183,NO,45.081082,7.771124,21.0,-1288.158,1308.219
PF03/0027/B183,NO,45.08122,7.782434,21.0,-1286.243,2198.557
PF03/0028/B183,NO,45.074187,7.785128,21.0,-2070.83,2398.901
PF01/0029/B183,NO,45.07821,7.787142,62.0,-1626.272,2564.139
PF02/0029/B183,NO,45.075368,7.787901,21.0,-1942.817,2619.156
PF03/0030/B183,NO,45.080114,7.79356,21.0,-1422.248,3072.401
PF03/0031/B183,NO,45.07773,7.817591,21.0,-1715.011,4959.973
PF06/0032/B183,NO,45.075082,7.816188,21.0,-2007.625,4845.206
PF03/0033/B183,NO,45.068257,7.787373,52.0,-2732.154,2565.692
PF04/0033/B183,NO,45.071391,7.779226,52.0,-2374.419,1929.635
PF06/0033/B183,NO,45.071213,7.784839,21.0,-2400.819,2371.133
PF04/0034/B183,NO,45.071153,7.802918,21.0,-2428.684,3794.241
PF03/0035/B183,NO,45.068735,7.808101,21.0,-2703.392,4198.265
PF07/0036/B183,NO,45.071819,7.821091,21.0,-2375.754,5225.888
PF03/0037/B183,NO,45.064814,7.784205,52.0,-3110.961,2310.615
PF04/0037/B183,NO,45.071189,7.797199,21.0,-2418.048,3344.063
PF02/0038/B183,NO,45.064235,7.80593,52.0,-3200.771,4019.996
PF03/0038/B183,NO,45.063493,7.798953,52.0,-3275.066,3469.499
PF04/0038/B183,NO,45.066396,7.80069,21.0,-2954.603,3611.018
PF04/0039/B183,NO,45.062356,7.812375,21.0,-3416.916,4524.347
PF03/0040/B183,NO,45.063881,7.816065,12.0,-3251.75,4817.32
PF05/0040/B183,NO,45.066826,7.817689,21.0,-2926.461,4949.983
PF06/0001/B431,NO,45.104637,7.734097,52.0,1373.572,-1565.044
PF07/0001/B431,NO,45.103591,7.728078,12.0,1264.78,-2040.41
PF08/0001/B431,NO,45.102363,7.734272,21.0,1120.703,-1555.22
PF09/0001/B431,NO,45.100589,7.736423,21.0,920.942,-1389.083
PF02/0005/B431,NO,45.091651,7.731984,52.0,-66.522,-1753.912
PF05/0005/B431,NO,45.092232,7.739974,52.0,-11.788,-1124.166
PF06/0005/B431,NO,45.084343,7.737781,21.0,-885.457,-1310.44
PF03/0006/B431,NO,45.088893,7.741843,52.0,-384.956,-982.907
PF04/0006/B431,NO,45.081301,7.743863,52.0,-1230.866,-837.027
PF05/0006/B431,NO,45.083766,7.745005,21.0,-958.46,-742.921
PF02/0007/B431,NO,45.079339,7.739436,52.0,-1443.413,-1188.819
PF03/0007/B431,NO,45.082311,7.740026,21.0,-1113.999,-1137.295
PF03/0008/B431,NO,45.082586,7.745778,21.0,-1090.503,-684.113
PF01/0012/B431,NO,45.109074,7.739311,52.0,1860.053,-1147.208
PF02/0012/B431,NO,45.107385,7.743611,52.0,1667.138,-811.8
PF04/0012/B431,NO,45.103437,7.741848,21.0,1230.725,-957.321
PF05/0013/B431,NO,45.10468,7.745705,21.0,1364.055,-651.733
PF03/0015/B431,NO,45.097766,7.750062,21.0,590.706,-320.833
PF03/0017/B431,NO,45.101072,7.757863,52.0,948.533,298.58
PF05/0017/B431,NO,45.10039,7.764047,52.0,865.327,783.946
PF06/0017/B431,NO,45.103573,7.768702,52.0,1213.337,1155.591
PF07/0017/B431,NO,45.095953,7.763063,21.0,373.564,699.016
PF02/0018/B431,NO,45.10129,7.768255,21.0,960.228,1116.605
PF02/0019/B431,NO,45.095311,7.753455,52.0,313.825,-58.072
PF03/0019/B431,NO,45.097372,7.75713,52.0,538.32,234.572
PF05/0019/B431,NO,45.094356,7.757445,52.0,202.891,254.267
PF06/0019/B431,NO,45.092628,7.754052,21.0,15.095,-15.702
PF01/0020/B431,NO,45.083919,7.752704,21.0,-950.833,-136.717
PF01/0021/B431,NO,45.090122,7.754268,52.0,-263.617,-2.965
PF02/0021/B431,NO,45.084723,7.75492,52.0,-864.197,39.097
PF03/0021/B431,NO,45.088406,7.757481,21.0,-458.141,246.909
PF01/0022/B431,NO,45.092916,7.760596,52.0,39.125,499.699
PF02/0022/B431,NO,45.091815,7.757941,52.0,-80.009,288.94
PF08/0022/B431,NO,45.090116,7.764492,52.0,-276.619,801.546
PF09/0022/B431,NO,45.085069,7.761521,21.0,-833.667,559.156
PF04/0023/B431,NO,45.097367,7.77087,21.0,521.256,1315.678
PF03/0024/B431,NO,45.095102,7.773723,52.0,266.228,1536.398
PF04/0024/B431,NO,45.09846,7.776976,21.0,635.404,1797.992
PF03/0026/B431,NO,45.086922,7.765596,52.0,-632.772,883.017
PF04/0026/B431,NO,45.102387,7.748046,52.0,1106.482,-471.509
PF07/0026/B431,NO,45.099387,7.743714,52.0,778.536,-817.527
PF08/0026/B431,NO,45.099804,7.746858,21.0,820.982,-569.427
PF05/0027/B431,NO,45.102229,7.753281,52.0,1082.622,-59.911
PF06/0027/B431,NO,45.098955,7.755381,52.0,716.333,99.686
PF07/0027/B431,NO,45.103399,7.7562,52.0,1209.037,171.688
PF09/0027/B431,NO,45.099532,7.75158,21.0,785.06,-198.349
PF04/0028/B431,NO,45.103731,7.767211,21.0,1232.594,1038.567
PF03/0029/B431,NO,45.095063,7.745106,52.0,296.442,-715.454
PF04/0029/B431,NO,45.096522,7.74937,52.0,453.351,-377.402
PF06/0029/B431,NO,45.092312,7.751062,21.0,-16.38,-251.509
PF02/0030/B431,NO,45.096431,7.756561,52.0,434.449,188.184
PF03/0030/B431,NO,45.096111,7.753558,62.0,402.595,-48.588
PF05/0030/B431,NO,45.094299,7.755103,21.0,199.451,69.847
PF08/0033/B431,NO,45.088845,7.747872,21.0,-397.69,-508.519
PF12/0034/B431,NO,45.083861,7.761898,52.0,-968.318,586.821
PF14/0034/B431,NO,45.089913,7.761178,62.0,-295.209,540.399
PF16/0034/B431,NO,45.088441,7.753069,52.0,-448.858,-100.241
PF17/0034/B431,NO,45.086278,7.76349,52.0,-701.821,716.169
PF19/0034/B431,NO,45.091063,7.756145,52.0,-161.29,146.296
PF22/0034/B431,NO,45.08919,7.756414,52.0,-369.725,164.286
PF23/0034/B431,NO,45.089773,7.758887,52.0,-307.915,359.858
PF24/0034/B431,NO,45.086536,7.758632,52.0,-667.256,334.307
PF25/0034/B431,NO,45.088029,7.759807,62.0,-502.833,429.314
PF26/0034/B431,NO,45.084031,7.759273,52.0,-946.299,380.475
PF27/0034/B431,NO,45.093748,7.757399,52.0,135.442,249.599
PF29/0034/B431,NO,45.093391,7.758744,21.0,94.098,354.791
PF02/0036/B431,NO,45.090734,7.777191,21.0,-223.191,1801.94
PF02/0039/B431,NO,45.084407,7.752924,21.0,-896.847,-118.55
PF04/0040/B431,NO,45.078661,7.766386,52.0,-1551.428,931.197
PF05/0040/B431,NO,45.082428,7.758344,52.0,-1123.3,304.635
PF06/0040/B431,NO,45.081302,7.764844,21.0,-1256.23,814.289
PF05/0043/B431,NO,45.076479,7.746316,21.0,-1769.494,-652.287
PF01/0001/B473,NO,45.138862,7.785957,8.0,5113.06,2572.07
PF02/0004/B473,NO,45.137774,7.781985,52.0,4996.906,2257.918
PF10/0004/B473,NO,45.136255,7.778879,52.0,4831.838,2011.17
PF02/0008/B473,NO,45.133802,7.783756,52.0,4553.502,2390.524
PF03/0008/B473,NO,45.131406,7.777788,52.0,4294.442,1917.226
PF04/0008/B473,NO,45.127396,7.779079,52.0,3847.423,2012.021
PF02/0009/B473,NO,45.122459,7.785095,52.0,3291.849,2476.837
PF03/0009/B473,NO,45.126018,7.785446,52.0,3686.795,2510.385
PF01/0011/B473,NO,45.126073,7.799446,8.0,3676.46,3611.52
PF02/0011/B473,NO,45.13484,7.799558,52.0,4650.269,3634.789
PF03/0011/B473,NO,45.131895,7.801789,52.0,4320.563,3805.357
PF04/0011/B473,NO,45.131433,7.797761,52.0,4273.876,3487.828
PF05/0011/B473,NO,45.128885,7.798531,12.0,3989.977,3544.236
PF01/0012/B473,NO,45.117648,7.799684,52.0,2740.276,3616.345
PF02/0012/B473,NO,45.113852,7.801176,52.0,2316.855,3727.443
PF03/0012/B473,NO,45.111903,7.799041,52.0,2102.743,3556.277
PF04/0012/B473,NO,45.115204,7.803357,52.0,2464.491,3901.233
PF02/0013/B473,NO,45.114213,7.795595,52.0,2363.463,3289.051
PF03/0013/B473,NO,45.119549,7.793387,52.0,2958.862,3124.197
PF04/0013/B473,NO,45.122576,7.791893,52.0,3296.786,3011.743
PF05/0013/B473,NO,45.117056,7.793645,52.0,2681.515,3140.361
PF06/0013/B473,NO,45.119171,7.789843,52.0,2921.013,2844.836
PF07/0013/B473,NO,45.115935,7.789487,52.0,2561.895,2811.444
PF08/0013/B473,NO,45.115857,7.789964,52.0,2552.694,2848.788
PF09/0013/B473,NO,45.114295,7.796076,52.0,2372.0,3327.0
PF01/0014/B473,NO,45.101425,7.749456,62.0,997.868,-362.263
PF01/0015/B473,NO,45.119932,7.765725,8.0,3034.25,949.13
PF02/0016/B473,NO,45.115778,7.745175,62.0,2597.599,-674.327
PF03/0016/B473,NO,45.115704,7.750296,62.0,2583.141,-271.673
PF04/0016/B473,NO,45.11714,7.753598,52.0,2738.669,-9.416
PF05/0016/B473,NO,45.11901,7.753563,12.0,2946.5,-9.0
PF01/0017/B473,NO,45.111711,7.743235,8.0,2148.24,-833.96
PF02/0017/B473,NO,45.110298,7.733028,52.0,2003.761,-1639.322
PF02/0018/B473,NO,45.106933,7.730292,52.0,1633.333,-1860.424
PF03/0018/B473,NO,45.112988,7.728315,52.0,2308.389,-2005.34
PF04/0018/B473,NO,45.109052,7.723301,52.0,1877.383,-2406.695
PF02/0019/B473,NO,45.109328,7.718596,52.0,1913.888,-2776.349
PF03/0019/B473,NO,45.104902,7.718928,52.0,1421.803,-2757.959
PF04/0019/B473,NO,45.104511,7.710428,52.0,1388.976,-3427.407
PF06/0019/B473,NO,45.112092,7.717742,52.0,2222.028,-2838.599
PF07/0019/B473,NO,45.108919,7.712663,52.0,1875.898,-3243.809
PF01/0020/B473,NO,45.108756,7.707745,52.0,1863.95,-3630.939
PF02/0020/B473,NO,45.108806,7.710314,52.0,1866.263,-3428.732
PF01/0022/B473,NO,45.103912,7.718436,8.0,1312.4,-2798.42
PF02/0022/B473,NO,45.098085,7.715394,52.0,668.826,-3048.047
PF03/0022/B473,NO,45.105923,7.724179,52.0,1528.698,-2343.085
PF04/0022/B473,NO,45.102444,7.711071,52.0,1158.592,-3380.464
PF05/0022/B473,NO,45.100665,7.714029,52.0,957.251,-3150.88
PF01/0023/B473,NO,45.099801,7.729357,52.0,842.171,-1946.422
PF02/0023/B473,NO,45.102864,7.730653,52.0,1180.869,-1839.137
PF02/0024/B473,NO,45.104991,7.732146,52.0,1415.324,-1717.969
PF03/0024/B473,NO,45.107393,7.733947,52.0,1679.941,-1572.077
PF04/0024/B473,NO,45.10753,7.741615,52.0,1685.662,-968.571
PF05/0024/B473,NO,45.105342,7.742511,52.0,1441.583,-901.87
PF06/0024/B473,NO,45.104912,7.737548,52.0,1399.797,-1293.11
PF02/0025/B473,NO,45.111854,7.746904,52.0,2159.543,-545.082
PF03/0025/B473,NO,45.111708,7.753223,52.0,2135.706,-48.257
PF04/0025/B473,NO,45.106308,7.745496,52.0,1545.215,-665.386
PF05/0025/B473,NO,45.106561,7.750613,52.0,1567.103,-262.371
PF02/0026/B473,NO,45.116171,7.754845,12.0,2629.5,87.0
PF03/0026/B473,NO,45.108289,7.76243,52.0,1744.72,670.195
PF05/0026/B473,NO,45.110299,7.759285,12.0,1971.791,426.166
PF03/0028/B473,NO,45.114701,7.773078,12.0,2444.325,1518.639
PF04/0028/B473,NO,45.109801,7.771913,12.0,1901.378,1418.771
PF01/0029/B473,NO,45.114472,7.781168,52.0,2409.257,2154.622
PF02/0029/B473,NO,45.112296,7.781908,52.0,2166.57,2209.166
PF03/0029/B473,NO,45.110214,7.782457,52.0,1934.675,2248.927
PF02/0030/B473,NO,45.107486,7.785772,52.0,1627.665,2505.139
PF03/0030/B473,NO,45.106623,7.781096,52.0,1537.4,2135.824
PF01/0031/B473,NO,45.108813,7.793631,52.0,1765.836,3125.612
PF02/0031/B473,NO,45.107297,7.788887,52.0,1603.036,2749.827
PF03/0031/B473,NO,45.113771,7.785542,52.0,2326.126,2497.477
PF01/0032/B473,NO,45.098837,7.79444,52.0,656.646,3172.735
PF01/0033/B473,NO,45.106269,7.791186,8.0,1486.15,2929.02
PF02/0033/B473,NO,45.104495,7.787121,52.0,1293.817,2606.228
PF03/0033/B473,NO,45.103559,7.79108,52.0,1185.127,2916.186
PF04/0033/B473,NO,45.101238,7.788242,52.0,930.682,2689.01
PF01/0034/B473,NO,45.103294,7.783682,52.0,1164.486,2333.688
PF02/0034/B473,NO,45.101897,7.777961,52.0,1016.048,1881.255
PF01/0036/B473,NO,45.103526,7.763561,8.0,1214.29,751.1
PF02/0036/B473,NO,45.104402,7.76403,52.0,1311.019,789.479
PF03/0036/B473,NO,45.101548,7.759438,52.0,999.5,423.339
PF04/0036/B473,NO,45.102793,7.770123,52.0,1124.976,1266.129
PF01/0037/B473,NO,45.100778,7.764142,52.0,908.24,792.119
PF02/0037/B473,NO,45.0994,7.761531,52.0,758.274,584.34
PF03/0037/B473,NO,45.097713,7.760864,52.0,571.752,528.996
PF04/0037/B473,NO,45.097798,7.764129,52.0,577.226,786.039
PF05/0037/B473,NO,45.098774,7.767191,52.0,681.938,1028.571
PF08/0037/B473,NO,45.095502,7.76171,52.0,325.051,591.808
PF09/0037/B473,NO,45.09325,7.759586,52.0,77.459,420.82
PF10/0037/B473,NO,45.093317,7.763018,52.0,80.773,691.005
PF11/0037/B473,NO,45.096671,7.767356,52.0,448.114,1038.053
PF12/0037/B473,NO,45.095453,7.76504,52.0,315.656,853.753
PF01/0038/B473,NO,45.101255,7.754521,52.0,972.844,35.995
PF02/0038/B473,NO,45.10118,7.756915,52.0,961.681,224.156
PF03/0038/B473,NO,45.099083,7.759136,52.0,726.023,395.361
PF04/0038/B473,NO,45.098489,7.756293,52.0,663.43,170.621
PF05/0038/B473,NO,45.098157,7.753535,52.0,629.863,-46.953
PF06/0038/B473,NO,45.096417,7.754315,52.0,435.692,11.469
PF07/0038/B473,NO,45.096314,7.758215,52.0,419.51,318.194
PF08/0038/B473,NO,45.09443,7.756524,52.0,212.214,181.915
PF09/0038/B473,NO,45.104425,7.756208,52.0,1322.992,174.11
PF02/0039/B473,NO,45.101109,7.745875,52.0,967.113,-644.558
PF03/0039/B473,NO,45.09988,7.748482,52.0,827.417,-441.52
PF04/0039/B473,NO,45.098791,7.746239,52.0,709.222,-619.885
PF07/0039/B473,NO,45.098556,7.739733,52.0,691.05,-1132.199
PF08/0039/B473,NO,45.102826,7.743077,52.0,1161.365,-861.702
PF09/0039/B473,NO,45.103699,7.750343,52.0,1249.477,-288.542
PF02/0040/B473,NO,45.097474,7.74882,52.0,559.796,-419.079
PF05/0040/B473,NO,45.09535,7.750129,62.0,322.234,-319.746
PF06/0040/B473,NO,45.095549,7.746967,52.0,348.186,-568.181
PF07/0040/B473,NO,45.093517,7.74487,52.0,125.04,-736.696
PF08/0040/B473,NO,45.093456,7.748344,52.0,113.965,-463.421
PF09/0040/B473,NO,45.091501,7.747689,52.0,-102.404,-518.357
PF10/0040/B473,NO,45.096829,7.742257,52.0,496.07,-936.63
PF11/0040/B473,NO,45.094222,7.741681,52.0,207.214,-986.437
PF12/0040/B473,NO,45.095425,7.73999,52.0,342.938,-1117.378
PF13/0040/B473,NO,45.091138,7.740725,52.0,-134.184,-1066.965
PF14/0040/B473,NO,45.094928,7.753197,52.0,271.573,-79.061
PF15/0040/B473,NO,45.097504,7.751535,52.0,559.811,-205.387
PF01/0041/B473,NO,45.101425,7.749456,62.0,997.902,-362.248
PF02/0041/B473,NO,45.095693,7.734041,52.0,380.016,-1585.048
PF03/0041/B473,NO,45.095101,7.727632,52.0,322.175,-2090.356
PF04/0041/B473,NO,45.091138,7.725992,52.0,-116.082,-2226.37
PF05/0041/B473,NO,45.091562,7.725825,52.0,-68.776,-2238.768
PF01/0042/B473,NO,45.097444,7.717904,52.0,594.51,-2851.719
PF02/0042/B473,NO,45.098146,7.724559,52.0,664.195,-2326.809
PF03/0042/B473,NO,45.094742,7.722201,52.0,288.964,-2518.35
PF04/0042/B473,NO,45.09152,7.720434,12.0,-66.704,-2663.023
PF01/0043/B473,NO,45.09479,7.716733,8.0,301.16,-2948.52
PF02/0043/B473,NO,45.095729,7.713873,52.0,409.023,-3171.93
PF03/0043/B473,NO,45.093054,7.713726,52.0,112.037,-3188.176
PF01/0044/B473,NO,45.090561,7.706171,12.0,-155.394,-3787.15
PF03/0045/B473,NO,45.088422,7.723266,52.0,-414.409,-2445.612
PF04/0045/B473,NO,45.088891,7.718464,52.0,-356.314,-2822.682
PF05/0045/B473,NO,45.087561,7.714866,52.0,-499.631,-3108.211
PF07/0045/B473,NO,45.090137,7.728866,52.0,-230.792,-2001.919
PF08/0045/B473,NO,45.090449,7.713894,12.0,-177.58,-3179.569
PF02/0046/B473,NO,45.080519,7.71946,52.0,-1287.678,-2759.018
PF05/0046/B473,NO,45.080674,7.71537,52.0,-1265.261,-3080.694
PF06/0046/B473,NO,45.086247,7.719719,52.0,-651.579,-2728.59
PF03/0047/B473,NO,45.085821,7.734341,52.0,-717.062,-1578.619
PF02/0048/B473,NO,45.079186,7.736891,52.0,-1457.228,-1389.453
PF03/0048/B473,NO,45.081796,7.731426,52.0,-1160.631,-1815.009
PF04/0048/B473,NO,45.083165,7.735043,52.0,-1013.026,-1527.995
PF05/0048/B473,NO,45.082438,7.724544,52.0,-1080.722,-2355.531
PF07/0048/B473,NO,45.084806,7.73041,52.0,-824.984,-1889.743
PF08/0048/B473,NO,45.080745,7.727261,52.0,-1272.205,-2144.677
PF09/0048/B473,NO,45.079633,7.730183,52.0,-1399.395,-1916.606
PF10/0048/B473,NO,45.082717,7.730312,52.0,-1056.957,-1901.106
PF01/0049/B473,NO,45.090521,7.753199,52.0,-218.028,-86.431
PF03/0049/B473,NO,45.088697,7.747481,52.0,-413.617,-539.572
PF04/0049/B473,NO,45.089997,7.744861,52.0,-266.033,-743.487
PF05/0049/B473,NO,45.087325,7.746201,52.0,-564.539,-642.626
PF06/0049/B473,NO,45.086853,7.750226,52.0,-621.849,-326.72
PF07/0049/B473,NO,45.085839,7.748147,52.0,-732.003,-492.061
PF08/0049/B473,NO,45.089414,7.750756,52.0,-337.989,-280.56
PF09/0049/B473,NO,45.092113,7.750033,52.0,-37.268,-332.856
PF01/0050/B473,NO,45.090271,7.756647,52.0,-249.951,184.451
PF02/0050/B473,NO,45.089399,7.760358,52.0,-351.33,475.045
PF03/0050/B473,NO,45.088623,7.753603,52.0,-429.305,-57.932
PF04/0050/B473,NO,45.087828,7.75743,52.0,-522.29,241.883
PF05/0050/B473,NO,45.086863,7.753803,52.0,-625.105,-45.175
PF06/0050/B473,NO,45.086707,7.76145,52.0,-651.67,556.395
PF07/0050/B473,NO,45.085751,7.757598,52.0,-753.208,251.615
PF08/0050/B473,NO,45.085192,7.751018,52.0,-807.39,-267.223
PF09/0050/B473,NO,45.083817,7.75324,52.0,-962.81,-94.719
PF01/0051/B473,NO,45.083083,7.766497,8.0,-1060.33,947.42
PF02/0051/B473,NO,45.093011,7.7631,52.0,46.639,696.944
PF03/0051/B473,NO,45.092833,7.766374,52.0,23.012,954.268
PF08/0051/B473,NO,45.088027,7.763021,52.0,-506.861,682.225
PF09/0051/B473,NO,45.088569,7.767243,52.0,-451.726,1015.409
PF12/0051/B473,NO,45.090575,7.769593,52.0,-231.732,1203.708
PF13/0051/B473,NO,45.084766,7.766008,52.0,-872.739,911.764
PF14/0051/B473,NO,45.090705,7.76594,52.0,-212.902,916.505
PF15/0051/B473,NO,45.091956,7.76753,52.0,-75.858,1043.734
PF16/0051/B473,NO,45.08635,7.77071,12.0,-702.413,1284.525
PF17/0051/B473,NO,45.091918,7.759501,52.0,-70.395,411.88
PF18/0051/B473,NO,45.090363,7.762933,52.0,-247.255,679.312
PF01/0052/B473,NO,45.092612,7.755928,166.0,11.03,131.909
PF01/0053/B473,NO,45.095714,7.780622,8.0,325.96,2080.23
PF03/0053/B473,NO,45.099483,7.785532,52.0,738.897,2472.847
PF03/0054/B473,NO,45.087009,7.776118,52.0,-635.63,1711.251
PF02/0055/B473,NO,45.082243,7.763499,52.0,-1150.018,710.024
PF03/0055/B473,NO,45.078112,7.759345,52.0,-1603.942,376.026
PF03/0056/B473,NO,45.083463,7.746755,52.0,-994.275,-605.659
PF04/0056/B473,NO,45.085194,7.743162,52.0,-797.583,-885.455
PF05/0056/B473,NO,45.08259,7.749891,52.0,-1095.046,-360.399
PF06/0056/B473,NO,45.081924,7.743332,52.0,-1161.01,-877.767
PF01/0057/B473,NO,45.078638,7.741497,52.0,-1523.862,-1027.84
PF02/0057/B473,NO,45.07657,7.741325,52.0,-1753.34,-1044.992
PF03/0057/B473,NO,45.074896,7.738508,52.0,-1935.876,-1269.611
PF06/0057/B473,NO,45.077894,7.744263,52.0,-1609.82,-811.435
PF07/0057/B473,NO,45.078632,7.746775,52.0,-1530.959,-612.447
PF08/0057/B473,NO,45.075909,7.747966,52.0,-1834.876,-523.391
PF10/0057/B473,NO,45.078441,7.752457,52.0,-1559.013,-165.494
PF01/0058/B473,NO,45.074164,7.733174,52.0,-2010.578,-1690.688
PF02/0059/B473,NO,45.074578,7.724599,52.0,-1953.982,-2364.939
PF01/0060/B473,NO,45.069885,7.742556,8.0,-2497.48,-959.59
PF02/0060/B473,NO,45.070552,7.734609,52.0,-2413.609,-1584.019
PF03/0060/B473,NO,45.069756,7.742051,52.0,-2511.184,-999.582
PF04/0060/B473,NO,45.06805,7.743776,52.0,-2702.83,-866.703
PF05/0060/B473,NO,45.071441,7.744675,52.0,-2327.189,-790.132
PF07/0060/B473,NO,45.068966,7.73187,52.0,-2586.468,-1802.417
PF10/0060/B473,NO,45.071753,7.740352,52.0,-2287.218,-1129.833
PF01/0061/B473,NO,45.092888,7.751037,52.0,47.574,-252.507
PF02/0061/B473,NO,45.093282,7.752265,52.0,89.882,-155.198
PF01/0062/B473,NO,45.092495,7.754254,8.0,0.0,0.0
PF02/0062/B473,NO,45.094629,7.753367,52.0,238.195,-66.181
PF03/0062/B473,NO,45.093606,7.754703,52.0,122.862,37.2
PF01/0063/B473,NO,45.093553,7.756818,52.0,114.442,203.49
PF01/0999/B473,NO,45.065287,7.720127,8.0,-2980.6,-2733.35
PF02/0999/B473,NO,45.089064,7.690922,8.0,-302.4,-4989.82
PF03/0999/B473,NO,45.125106,7.787041,8.0,3583.62,2634.3
PF04/0999/B473,NO,45.124667,7.832622,8.0,3482.02,6218.3
PF05/0999/B473,NO,45.069902,7.813833,8.0,-2580.38,4651.4
PF06/0999/B473,NO,45.050053,7.769277,8.0,-4733.01,1110.36
PF07/0999/B473,NO,45.074936,7.703206,8.0,-1887.41,-4048.29
PF08/0999/B473,NO,45.128522,7.726458,8.0,4036.4,-2124.22
PF09/0999/B473,NO,45.090187,7.799547,8.0,-310.26,3560.25
PF10/0999/B473,NO,45.067172,7.788215,8.0,-2853.75,2630.16
PF11/0999/B473,NO,45.069688,7.750132,8.0,-2528.61,-363.56
PF12/0999/B473,NO,45.061972,7.73612,8.0,-3368.64,-1480.02
PF13/0999/B473,NO,45.084494,7.70914,8.0,-833.14,-3564.25
PF14/0999/B473,NO,45.096413,7.706923,8.0,493.77,-3717.57
PF15/0999/B473,NO,45.106241,7.702874,8.0,1590.65,-4018.64
PF16/0999/B473,NO,45.115077,7.707794,8.0,2566.11,-3615.86
PF17/0999/B473,NO,45.115355,7.732536,8.0,2566.13,-1669.21
PF18/0999/B473,NO,45.122703,7.74267,8.0,3369.97,-859.42
PF19/0999/B473,NO,45.142306,7.756291,8.0,5531.1,245.43
PF20/0999/B473,NO,45.128291,7.806492,8.0,3914.65,4169.25
PF21/0999/B473,NO,45.085229,7.777682,8.0,-835.29,1831.34
PF22/0999/B473,NO,45.07818,7.772697,8.0,-1612.46,1427.14
PF23/0999/B473,NO,45.077878,7.763092,8.0,-1634.47,670.58
PF24/0999/B473,NO,45.090288,7.884924,8.0,-395.27,10278.95
PF25/0999/B473,NO,45.174525,7.798525,8.0,9060.18,3619.15
PF26/0999/B473,NO,45.102407,7.840976,8.0,999.74,6839.9
PF27/0999/B473,NO,45.08328,7.829226,8.0,-1111.77,5884.67
PF28/0999/B473,NO,45.060194,7.986424,8.0,-3843.49,18224.4
PF29/0999/B473,NO,45.059565,7.91785,8.0,-3843.49,12824.4
PF30/0999/B473,NO,45.069428,7.907162,8.0,-2736.45,11997.67
PF31/0999/B473,NO,45.188165,7.727469,8.0,10661.0,-1940.38
PF32/0999/B473,NO,45.144049,7.815935,8.0,5654.34,4937.54
PF33/0999/B473,NO,45.115674,7.736759,52.0,2596.416,-1336.501
PF34/0999/B473,NO,45.12039,7.746976,52.0,3107.767,-524.702
PF35/0999/B473,NO,45.068983,7.728184,52.0,-2579.979,-2092.551
PF36/0999/B473,NO,45.073103,7.756154,52.0,-2156.548,116.327
PF37/0999/B473,NO,45.076031,7.759562,52.0,-1835.421,389.618
PF38/0999/B473,NO,45.109209,7.701934,52.0,1921.529,-4087.289
PF39/0999/B473,NO,45.0769,7.717602,52.0,-1687.319,-2911.624
PF40/0999/B473,NO,45.076456,7.720857,12.0,-1740.7,-2656.259
PF04/0002/B823,NO,45.115143,7.752446,52.0,2518.236,-103.489
PF09/0002/B823,NO,45.11379,7.748796,21.0,2372.405,-392.933
PF10/0002/B823,NO,45.117809,7.748313,12.0,2819.445,-424.016
PF05/0007/B823,NO,45.102695,7.754722,52.0,1132.651,54.265
PF07/0007/B823,NO,45.108447,7.75122,21.0,1775.898,-211.423
PF08/0007/B823,NO,45.113318,7.74499,12.0,2324.528,-693.092
PF03/0010/B823,NO,45.098804,7.75239,52.0,703.165,-135.864
PF04/0010/B823,NO,45.096802,7.746511,52.0,487.955,-601.883
PF07/0010/B823,NO,45.095104,7.752553,20.0,291.933,-129.392
PF01/0011/B823,NO,45.100258,7.762984,52.0,851.918,700.091
PF05/0011/B823,NO,45.096138,7.757726,21.0,400.522,279.402
PF05/0013/B823,NO,45.100146,7.77379,21.0,826.486,1550.114
PF05/0015/B823,NO,45.086222,7.766121,21.0,-711.166,923.131
PF07/0016/B823,NO,45.088069,7.758319,52.0,-496.584,312.269
PF12/0016/B823,NO,45.091467,7.762532,52.0,-124.166,649.635
PF16/0016/B823,NO,45.093621,7.760006,21.0,118.121,454.528
PF04/0017/B823,NO,45.090277,7.755366,21.0,-247.66,83.682
PF02/0018/B823,NO,45.090506,7.757237,21.0,-224.539,231.311
PF08/0019/B823,NO,45.093453,7.752992,21.0,107.994,-97.685
PF03/0020/B823,NO,45.091955,7.751307,21.0,-56.381,-232.895
PF05/0021/B823,NO,45.089712,7.75263,52.0,-307.124,-132.576
PF07/0021/B823,NO,45.093142,7.749188,52.0,78.04,-397.548
PF08/0021/B823,NO,45.087473,7.754082,52.0,-557.652,-22.193
PF10/0021/B823,NO,45.089319,7.74696,21.0,-343.879,-579.491
PF22/0021/B823,NO,45.087597,7.749018,52.0,-537.774,-420.463
PF05/0022/B823,NO,45.088656,7.740075,21.0,-409.155,-1122.462
PF03/0023/B823,NO,45.076094,7.745515,21.0,-1811.373,-715.971
PF07/0024/B823,NO,45.085262,7.753524,21.0,-802.588,-69.893
PF03/0025/B823,NO,45.080381,7.760338,52.0,-1353.027,458.077
PF07/0025/B823,NO,45.081052,7.767486,12.0,-1287.18,1021.79
PF08/0025/B823,NO,45.086184,7.758717,21.0,-706.444,340.378
PF02/0001/B864,NO,45.094479,7.745473,52.0,231.111,-687.581
PF03/0001/B864,NO,45.092343,7.747612,21.0,-8.799,-522.959
PF04/0002/B864,NO,45.10192,7.749113,52.0,1053.35,-388.415
PF05/0002/B864,NO,45.097288,7.749734,52.0,537.947,-347.511
PF06/0002/B864,NO,45.093732,7.748749,52.0,144.177,-431.084
PF07/0002/B864,NO,45.099204,7.751195,52.0,749.094,-229.229
PF16/0002/B864,NO,45.099765,7.755992,52.0,805.519,149.127
PF18/0002/B864,NO,45.097743,7.752842,52.0,584.747,-102.155
PF20/0002/B864,NO,45.093346,7.759454,52.0,88.303,410.584
PF21/0002/B864,NO,45.090539,7.763739,52.0,-228.745,743.006
PF23/0002/B864,NO,45.092712,7.750724,21.0,28.417,-277.424
PF24/0002/B864,NO,45.089936,7.753353,21.0,-283.114,-75.323
PF04/0003/B864,NO,45.091725,7.78374,52.0,-120.79,2318.905
PF05/0003/B864,NO,45.098764,7.761059,52.0,688.244,546.098
PF06/0003/B864,NO,45.094762,7.763282,52.0,241.013,714.212
PF08/0003/B864,NO,45.092421,7.775681,21.0,-33.94,1685.908
PF04/0005/B864,NO,45.07967,7.769683,52.0,-1443.244,1192.417
PF08/0005/B864,NO,45.088064,7.748007,52.0,-484.578,-499.265
PF09/0005/B864,NO,45.084977,7.754891,62.0,-835.905,37.234
PF10/0005/B864,NO,45.085341,7.748988,52.0,-788.261,-426.682
PF12/0005/B864,NO,45.079186,7.76396,52.0,-1490.199,741.133
PF13/0005/B864,NO,45.075393,7.767671,52.0,-1916.039,1026.765
PF14/0005/B864,NO,45.084908,7.763298,21.0,-853.779,698.771
PF02/0006/B864,NO,45.071149,7.770785,52.0,-2391.223,1264.73
PF03/0006/B864,NO,45.08477,7.773798,52.0,-881.597,1524.867
PF04/0006/B864,NO,45.076528,7.771574,52.0,-1794.619,1335.895
PF05/0006/B864,NO,45.069412,7.778004,52.0,-2592.788,1830.094
PF07/0006/B864,NO,45.090883,7.773712,21.0,-202.468,1528.361
PF02/0007/B864,NO,45.072958,7.778865,8.0,-2199.92,1903.86
PF05/0007/B864,NO,45.078263,7.779364,52.0,-1611.113,1952.03
PF11/0007/B864,NO,45.0862,7.784461,21.0,-735.458,2366.433
PF05/0001/B883,NO,45.097087,7.7445,52.0,522.07,-759.626
PF06/0001/B883,NO,45.096273,7.750991,21.0,423.705,-250.33
PF04/0002/B883,NO,45.098455,7.754901,21.0,661.318,61.104
PF03/0003/B883,NO,45.098709,7.758169,21.0,685.664,318.667
PF05/0005/B883,NO,45.097358,7.777715,52.0,512.126,1854.233
PF07/0005/B883,NO,45.10227,7.771027,21.0,1065.785,1336.337
PF04/0006/B883,NO,45.101072,7.781067,21.0,920.739,2124.27
PF05/0006/B883,NO,45.101916,7.784731,21.0,1010.088,2413.916
PF03/0009/B883,NO,45.09546,7.775203,21.0,304.214,1653.405
PF01/0010/B883,NO,45.094156,7.769766,52.0,165.916,1223.388
PF03/0010/B883,NO,45.092455,7.764816,21.0,-17.142,830.99
PF04/0011/B883,NO,45.09644,7.75764,52.0,434.215,273.102
PF05/0011/B883,NO,45.092701,7.757791,21.0,18.598,278.671
PF03/0012/B883,NO,45.090958,7.757065,21.0,-174.121,218.558
PF03/0013/B883,NO,45.096636,7.754609,52.0,459.656,34.981
PF04/0013/B883,NO,45.09322,7.750271,52.0,85.413,-312.216
PF06/0013/B883,NO,45.090892,7.750594,52.0,-173.603,-290.828
PF07/0013/B883,NO,45.089832,7.753442,52.0,-294.829,-68.525
PF08/0013/B883,NO,45.094791,7.756273,52.0,252.652,162.726
PF10/0013/B883,NO,45.094824,7.753516,52.0,259.636,-54.153
PF12/0013/B883,NO,45.09333,7.75283,21.0,94.503,-110.646
PF04/0002/B897,NO,45.152301,7.748382,21.0,6651.169,-359.253
PF01/0003/B897,NO,45.147194,7.742046,52.0,6091.48,-866.072
PF02/0003/B897,NO,45.147064,7.749056,21.0,6068.466,-315.218
PF01/0005/B897,NO,45.144185,7.750634,52.0,5746.783,-196.126
PF02/0007/B897,NO,45.153153,7.763675,21.0,6727.233,844.399
PF02/0008/B897,NO,45.149972,7.773463,52.0,6362.182,1608.435
PF03/0008/B897,NO,45.152985,7.773653,52.0,6696.658,1628.454
PF04/0008/B897,NO,45.158748,7.775111,12.0,7335.166,1752.721
PF01/0009/B897,NO,45.154238,7.78106,52.0,6827.005,2212.762
PF02/0010/B897,NO,45.149259,7.77762,52.0,6277.939,1933.981
PF05/0010/B897,NO,45.151205,7.776789,21.0,6495.172,1871.927
PF01/0011/B897,NO,45.137068,7.776401,52.0,4925.149,1817.684
PF03/0011/B897,NO,45.142986,7.776271,52.0,5582.765,1817.398
PF06/0011/B897,NO,45.141746,7.781907,21.0,5438.258,2258.426
PF04/0012/B897,NO,45.13753,7.767443,21.0,4987.176,1114.108
PF01/0013/B897,NO,45.143314,7.764431,8.0,5633.29,887.06
PF01/0014/B897,NO,45.142427,7.759677,52.0,5540.491,511.84
PF05/0015/B897,NO,45.137928,7.762965,52.0,5036.71,762.658
PF06/0015/B897,NO,45.136916,7.758143,52.0,4930.139,381.763
PF07/0015/B897,NO,45.130252,7.756419,52.0,4191.88,234.826
PF08/0015/B897,NO,45.133401,7.762432,52.0,4534.419,713.089
PF09/0015/B897,NO,45.133934,7.759347,52.0,4597.362,471.398
PF10/0015/B897,NO,45.131137,7.7619,21.0,4283.607,667.365
PF11/0015/B897,NO,45.131884,7.764764,21.0,4363.098,893.879
PF01/0016/B897,NO,45.13351,7.750505,52.0,4561.039,-224.607
PF02/0017/B897,NO,45.139446,7.754271,52.0,5215.879,81.685
PF05/0017/B897,NO,45.138733,7.749448,21.0,5142.569,-298.749
PF06/0017/B897,NO,45.137713,7.7474,21.0,5031.663,-461.523
PF08/0017/B897,NO,45.140992,7.748858,21.0,5394.189,-341.246
PF02/0018/B897,NO,45.136692,7.736793,12.0,4931.242,-1297.278
PF03/0018/B897,NO,45.143807,7.746142,21.0,5710.283,-549.931
PF01/0021/B897,NO,45.126947,7.732312,52.0,3854.196,-1666.62
PF02/0021/B897,NO,45.1294,7.729666,52.0,4129.996,-1870.403
PF02/0022/B897,NO,45.123565,7.726504,52.0,3485.716,-2129.311
PF03/0022/B897,NO,45.12668,7.725928,52.0,3832.44,-2169.192
PF07/0022/B897,NO,45.117683,7.727023,52.0,2831.58,-2098.794
PF08/0022/B897,NO,45.116331,7.720587,52.0,2689.341,-2607.35
PF09/0022/B897,NO,45.125438,7.728863,21.0,3690.84,-1940.483
PF04/0023/B897,NO,45.112914,7.715317,52.0,2316.376,-3027.914
PF05/0023/B897,NO,45.110188,7.720855,52.0,2006.572,-2597.139
PF07/0023/B897,NO,45.116291,7.725807,21.0,2678.456,-2196.829
PF02/0024/B897,NO,45.113555,7.723944,52.0,2376.816,-2348.211
PF03/0025/B897,NO,45.111424,7.737942,52.0,2122.768,-1250.77
PF04/0025/B897,NO,45.113764,7.733611,52.0,2388.092,-1587.387
PF06/0025/B897,NO,45.113272,7.737051,21.0,2329.235,-1317.671
PF03/0026/B897,NO,45.121908,7.733804,21.0,3292.525,-1558.045
PF03/0027/B897,NO,45.121179,7.730038,52.0,3216.176,-1855.554
PF05/0027/B897,NO,45.1294,7.736881,52.0,4121.122,-1303.064
PF06/0027/B897,NO,45.126913,7.737751,52.0,3843.771,-1238.937
PF07/0027/B897,NO,45.124867,7.73366,21.0,3621.495,-1564.228
PF09/0027/B897,NO,45.123339,7.736407,52.0,3448.371,-1350.824
PF05/0028/B897,NO,45.128559,7.740362,21.0,4023.372,-1030.796
PF01/0029/B897,NO,45.125389,7.743915,52.0,3666.898,-756.818
PF04/0030/B897,NO,45.116811,7.742905,21.0,2715.137,-851.112
PF04/0033/B897,NO,45.129961,7.755082,52.0,4161.141,129.184
PF05/0033/B897,NO,45.126701,7.753826,21.0,3800.565,24.826
PF03/0034/B897,NO,45.129235,7.761431,21.0,4072.884,627.216
PF01/0035/B897,NO,45.122249,7.764162,52.0,3293.512,830.152
PF04/0036/B897,NO,45.125585,7.773369,52.0,3653.059,1559.902
PF06/0036/B897,NO,45.120655,7.772519,21.0,3106.346,1484.709
PF02/0037/B897,NO,45.129649,7.764159,52.0,4115.541,842.478
PF03/0037/B897,NO,45.134928,7.769465,52.0,4695.687,1268.665
PF04/0037/B897,NO,45.134313,7.771733,52.0,4624.656,1445.951
PF07/0037/B897,NO,45.13415,7.765696,52.0,4613.771,970.971
PF09/0037/B897,NO,45.129572,7.766883,52.0,4103.69,1056.543
PF10/0037/B897,NO,45.130267,7.769793,52.0,4177.484,1286.591
PF11/0037/B897,NO,45.137493,7.770767,12.0,4979.043,1375.35
PF12/0037/B897,NO,45.132892,7.76992,52.0,4468.971,1300.984
PF13/0037/B897,NO,45.131138,7.76571,21.0,4279.088,966.945
PF14/0037/B897,NO,45.127388,7.763714,21.0,3864.964,803.66
PF02/0038/B897,NO,45.121863,7.780264,52.0,3231.375,2095.922
PF04/0038/B897,NO,45.131148,7.779164,52.0,4264.116,2024.939
PF03/0039/B897,NO,45.137853,7.787828,21.0,4998.775,2717.453
PF02/0040/B897,NO,45.144057,7.785444,52.0,5690.86,2540.386
PF03/0040/B897,NO,45.141035,7.786047,52.0,5354.347,2582.741
PF05/0040/B897,NO,45.146737,7.789318,52.0,5984.007,2849.369
PF06/0040/B897,NO,45.137592,7.792702,52.0,4964.067,3100.229
PF02/0042/B897,NO,45.124931,7.790149,52.0,3560.555,2878.438
PF03/0042/B897,NO,45.127134,7.795336,52.0,3799.181,3290.032
PF04/0042/B897,NO,45.127336,7.790414,21.0,3827.347,2903.304
PF03/0048/B897,NO,45.109515,7.743764,52.0,1903.602,-796.113
PF04/0048/B897,NO,45.106546,7.743056,52.0,1574.588,-856.955
PF06/0048/B897,NO,45.107643,7.749044,21.0,1689.175,-383.996
PF01/0049/B897,NO,45.104792,7.738706,52.0,1385.064,-1202.161
PF02/0049/B897,NO,45.103698,7.732783,52.0,1270.887,-1670.084
PF02/0050/B897,NO,45.101936,7.742646,52.0,1062.935,-897.122
PF04/0050/B897,NO,45.099851,7.733588,52.0,842.454,-1613.441
PF05/0050/B897,NO,45.100405,7.737912,21.0,898.658,-1272.302
PF02/0051/B897,NO,45.099724,7.750543,21.0,807.625,-279.621
PF01/0052/B897,NO,45.100589,7.758507,52.0,894.019,348.471
PF02/0052/B897,NO,45.095122,7.754184,21.0,291.938,-1.031
PF01/0054/B897,NO,45.106242,7.776354,52.0,1500.674,1762.125
PF02/0054/B897,NO,45.100416,7.775145,52.0,854.845,1657.224
PF01/0055/B897,NO,45.101278,7.778162,52.0,947.1,1896.027
PF02/0056/B897,NO,45.099634,7.767524,52.0,777.137,1056.246
PF04/0056/B897,NO,45.102277,7.780732,52.0,1054.953,2099.869
PF06/0056/B897,NO,45.098291,7.781703,21.0,611.051,2169.644
PF07/0056/B897,NO,45.098351,7.778167,21.0,621.854,1891.51
PF02/0057/B897,NO,45.093435,7.760066,52.0,97.417,458.907
PF03/0057/B897,NO,45.096081,7.768408,52.0,381.384,1119.772
PF04/0057/B897,NO,45.096006,7.759448,52.0,383.747,414.686
PF05/0057/B897,NO,45.095455,7.756657,21.0,325.95,194.14
PF01/0058/B897,NO,45.097276,7.749004,52.0,537.582,-404.927
PF02/0058/B897,NO,45.097095,7.753208,52.0,512.371,-74.456
PF04/0058/B897,NO,45.09379,7.751895,21.0,146.796,-183.436
PF03/0059/B897,NO,45.095409,7.731785,52.0,351.247,-1763.004
PF05/0059/B897,NO,45.098092,7.736196,52.0,643.855,-1411.266
PF06/0059/B897,NO,45.095089,7.728606,21.0,319.603,-2013.772
PF01/0062/B897,NO,45.088519,7.747694,52.0,-433.642,-523.067
PF01/0063/B897,NO,45.092495,7.754254,8.0,0.0,0.0
PF02/0063/B897,NO,45.089948,7.752154,52.0,-280.366,-169.632
PF04/0063/B897,NO,45.088813,7.758007,52.0,-413.529,288.981
PF08/0063/B897,NO,45.092078,7.756261,21.0,-48.696,157.166
PF09/0063/B897,NO,45.092296,7.748855,21.0,-15.564,-425.243
PF10/0063/B897,NO,45.091795,7.752585,21.0,-75.704,-132.591
PF01/0065/B897,NO,45.088201,7.765216,52.0,-490.205,855.311
PF01/0066/B897,NO,45.097256,7.773731,52.0,505.536,1540.607
PF02/0066/B897,NO,45.09294,7.775994,52.0,23.35,1711.388
PF03/0067/B897,NO,45.089592,7.776947,21.0,-349.744,1780.763
PF02/0068/B897,NO,45.082582,7.748802,52.0,-1094.537,-446.082
PF03/0068/B897,NO,45.086825,7.760557,52.0,-637.511,486.306
PF03/0069/B897,NO,45.078757,7.742011,12.0,-1511.203,-987.215
PF04/0069/B897,NO,45.082276,7.742616,21.0,-1120.994,-933.461
PF05/0071/B897,NO,45.080762,7.763678,52.0,-1314.723,721.612
PF06/0071/B897,NO,45.083286,7.762657,21.0,-1033.123,645.571
PF01/0072/B897,NO,45.086047,7.770241,12.0,-735.491,1247.064
PF04/0001/B920,NO,45.108992,7.724112,52.0,1869.703,-2342.958
PF05/0001/B920,NO,45.104315,7.727885,21.0,1345.471,-2054.389
PF06/0001/B920,NO,45.106952,7.724793,21.0,1642.185,-2292.952
PF02/0002/B920,NO,45.103434,7.732719,52.0,1241.625,-1675.61
PF03/0002/B920,NO,45.111124,7.733062,52.0,2095.49,-1635.188
PF04/0002/B920,NO,45.108075,7.737029,52.0,1751.865,-1328.411
PF06/0002/B920,NO,45.108582,7.732914,21.0,1813.242,-1651.286
PF02/0005/B920,NO,45.098401,7.768634,12.0,638.795,1141.518
PF07/0007/B920,NO,45.102756,7.781059,52.0,1107.759,2126.423
PF08/0007/B920,NO,45.101461,7.775602,21.0,970.476,1694.877
PF03/0009/B920,NO,45.092124,7.789254,21.0,-82.968,2753.491
PF02/0010/B920,NO,45.093143,7.780151,52.0,40.941,2038.895
PF05/0010/B920,NO,45.098988,7.777049,21.0,693.993,1804.629
PF02/0011/B920,NO,45.093953,7.766365,62.0,147.413,955.45
PF03/0011/B920,NO,45.093356,7.763093,21.0,84.959,696.933
PF01/0012/B920,NO,45.096519,7.765564,52.0,433.426,896.795
PF03/0012/B920,NO,45.096111,7.761754,21.0,392.692,596.296
PF03/0013/B920,NO,45.100095,7.755999,52.0,842.172,150.245
PF05/0013/B920,NO,45.103026,7.751759,52.0,1173.01,-178.293
PF06/0013/B920,NO,45.097001,7.755884,21.0,498.692,135.945
PF04/0014/B920,NO,45.093525,7.757198,52.0,110.898,233.397
PF05/0014/B920,NO,45.091878,7.755221,21.0,-69.671,74.961
PF03/0015/B920,NO,45.090875,7.750261,52.0,-175.064,-317.02
PF04/0015/B920,NO,45.096032,7.750514,52.0,397.545,-288.26
PF05/0015/B920,NO,45.098404,7.750934,52.0,660.496,-251.126
PF08/0015/B920,NO,45.092793,7.751232,52.0,36.79,-237.324
PF09/0015/B920,NO,45.094847,7.75516,21.0,260.188,75.272
PF05/0019/B920,NO,45.085847,7.745377,52.0,-727.658,-710.034
PF06/0019/B920,NO,45.085186,7.751324,21.0,-808.402,-243.111
PF03/0020/B920,NO,45.078128,7.750158,52.0,-1591.017,-347.045
PF04/0020/B920,NO,45.081483,7.742024,52.0,-1208.397,-981.414
PF05/0020/B920,NO,45.08193,7.750014,21.0,-1168.484,-351.821
PF02/0021/B920,NO,45.083607,7.75526,52.0,-988.531,63.912
PF03/0021/B920,NO,45.088143,7.754913,21.0,-484.217,44.349
PF05/0022/B920,NO,45.090876,7.762786,52.0,-190.151,668.614
PF06/0022/B920,NO,45.090377,7.759202,52.0,-241.241,385.719
PF08/0022/B920,NO,45.092505,7.759197,21.0,-4.866,388.927
PF02/0026/B920,NO,45.085188,7.781261,21.0,-844.067,2112.884
PF02/0029/B920,NO,45.074587,7.771125,52.0,-2009.733,1297.279
PF03/0029/B920,NO,45.078178,7.768552,21.0,-1607.731,1100.828
PF04/0001/C149,NO,45.10118,7.738874,21.0,983.625,-1195.26
PF04/0002/C149,NO,45.103678,7.741525,21.0,1257.885,-982.382
PF06/0003/C149,NO,45.105518,7.751475,21.0,1450.196,-196.394
PF01/0004/C149,NO,45.101727,7.756653,21.0,1022.745,204.486
PF05/0005/C149,NO,45.102774,7.758816,52.0,1136.472,376.444
PF06/0005/C149,NO,45.102011,7.764683,21.0,1044.58,836.806
PF03/0008/C149,NO,45.100214,7.746476,52.0,867.01,-598.771
PF04/0008/C149,NO,45.096588,7.749244,12.0,460.811,-387.219
PF05/0008/C149,NO,45.095144,7.753897,21.0,294.767,-23.589
PF05/0009/C149,NO,45.098415,7.759733,52.0,651.058,441.18
PF09/0009/C149,NO,45.090283,7.756138,52.0,-247.983,144.397
PF12/0009/C149,NO,45.092431,7.754233,52.0,-7.093,-1.829
PF13/0009/C149,NO,45.089688,7.760267,52.0,-319.047,468.332
PF14/0009/C149,NO,45.092456,7.759025,52.0,-10.065,375.307
PF15/0009/C149,NO,45.09733,7.757022,21.0,533.835,226.064
PF03/0015/C149,NO,45.094362,7.786408,52.0,168.987,2533.248
PF04/0015/C149,NO,45.097039,7.784787,52.0,468.317,2410.186
PF06/0015/C149,NO,45.092748,7.789519,21.0,-14.042,2775.407
PF02/0016/C149,NO,45.090155,7.751372,52.0,-256.423,-230.804
PF03/0016/C149,NO,45.087637,7.753314,21.0,-538.458,-82.289
PF01/0017/C149,NO,45.080015,7.756845,12.0,-1389.5,182.5
PF02/0017/C149,NO,45.086764,7.747572,21.0,-628.46,-535.734
PF02/0018/C149,NO,45.08842,7.755814,21.0,-454.547,115.745
PF02/0019/C149,NO,45.089071,7.76769,52.0,-396.581,1051.404
PF03/0019/C149,NO,45.085112,7.763128,52.0,-830.823,685.705
PF04/0019/C149,NO,45.08838,7.774762,21.0,-481.796,1606.786
PF04/0021/C149,NO,45.089895,7.790453,21.0,-332.098,2844.161
PF01/0001/C166,NO,45.095257,7.686877,52.0,390.723,-5296.916
PF02/0001/C166,NO,45.093928,7.690256,52.0,238.831,-5033.468
PF03/0001/C166,NO,45.09362,7.692639,62.0,201.5,-4846.511
PF05/0001/C166,NO,45.091257,7.690547,52.0,-58.32,-5015.39
PF08/0001/C166,NO,45.096807,7.687352,8.0,562.32,-5256.8
PF09/0001/C166,NO,45.096339,7.689618,8.0,507.42,-5079.3
PF11/0001/C166,NO,45.090854,7.690743,52.0,-103.311,-5000.683
PF13/0001/C166,NO,45.097606,7.685959,12.0,652.909,-5364.909
PF01/0002/C166,NO,45.095336,7.697232,52.0,386.368,-4482.01
PF03/0002/C166,NO,45.092576,7.694905,52.0,82.734,-4670.035
PF06/0002/C166,NO,45.096684,7.694586,52.0,539.415,-4687.827
PF07/0002/C166,NO,45.090581,7.695751,52.0,-139.953,-4607.085
PF10/0002/C166,NO,45.092733,7.694821,62.0,100.23,-4676.368
PF11/0002/C166,NO,45.092534,7.697868,52.0,74.314,-4436.983
PF01/0003/C166,NO,45.093124,7.700916,62.0,135.94,-4196.042
PF02/0005/C166,NO,45.101342,7.718521,52.0,1026.8,-2796.257
PF04/0005/C166,NO,45.097667,7.707896,52.0,631.824,-3638.722
PF07/0005/C166,NO,45.101485,7.715571,52.0,1046.418,-3028.145
PF09/0005/C166,NO,45.100513,7.711611,52.0,943.378,-3341.445
PF10/0005/C166,NO,45.099621,7.715882,52.0,838.857,-3006.989
PF11/0005/C166,NO,45.098714,7.712685,52.0,742.108,-3260.075
PF12/0005/C166,NO,45.09923,7.707283,52.0,806.22,-3684.225
PF02/0006/C166,NO,45.100384,7.728002,52.0,908.635,-2051.994
PF03/0006/C166,NO,45.098606,7.723156,52.0,717.122,-2436.382
PF05/0006/C166,NO,45.097255,7.728279,52.0,560.687,-2035.723
PF06/0006/C166,NO,45.100818,7.724477,52.0,961.193,-2328.577
PF07/0006/C166,NO,45.098277,7.719538,52.0,685.024,-2721.664
PF08/0006/C166,NO,45.100481,7.721695,52.0,927.189,-2548.045
PF09/0006/C166,NO,45.097265,7.730874,52.0,558.573,-1831.5
PF01/0007/C166,NO,45.091308,7.700425,62.0,-65.111,-4237.944
PF02/0007/C166,NO,45.089276,7.696637,52.0,-286.133,-4539.695
PF04/0007/C166,NO,45.086548,7.689411,8.0,-579.95,-5113.2
PF05/0007/C166,NO,45.087351,7.700603,52.0,-505.029,-4231.017
PF06/0007/C166,NO,45.088472,7.691955,52.0,-369.42,-4909.594
PF07/0007/C166,NO,45.086034,7.69384,52.0,-642.714,-4765.633
PF09/0007/C166,NO,45.086119,7.697999,52.0,-638.512,-4438.13
PF02/0008/C166,NO,45.095309,7.705527,52.0,372.905,-3829.36
PF03/0008/C166,NO,45.093017,7.715526,52.0,105.691,-3046.615
PF06/0008/C166,NO,45.090772,7.715658,52.0,-143.829,-3040.212
PF09/0008/C166,NO,45.093436,7.703081,52.0,167.899,-4025.179
PF10/0008/C166,NO,45.088566,7.711915,52.0,-384.207,-3338.609
PF11/0008/C166,NO,45.09636,7.715114,52.0,477.59,-3073.111
PF15/0008/C166,NO,45.091829,7.711049,52.0,-20.634,-3401.022
PF03/0009/C166,NO,45.095229,7.732258,52.0,330.646,-1726.127
PF04/0009/C166,NO,45.093808,7.723556,52.0,183.529,-2413.343
PF05/0009/C166,NO,45.093663,7.718444,52.0,173.846,-2815.846
PF06/0009/C166,NO,45.090715,7.725837,52.0,-162.887,-2239.32
PF10/0009/C166,NO,45.091459,7.720724,52.0,-73.851,-2640.346
PF11/0009/C166,NO,45.094644,7.727344,52.0,271.757,-2113.84
PF12/0009/C166,NO,45.091568,7.723681,52.0,-65.481,-2407.426
PF13/0009/C166,NO,45.090126,7.726606,52.0,-229.294,-2179.77
PF14/0009/C166,NO,45.089292,7.728517,52.0,-324.222,-2030.846
PF15/0009/C166,NO,45.096736,7.724058,52.0,508.175,-2368.701
PF17/0009/C166,NO,45.096546,7.719793,52.0,492.369,-2704.623
PF01/0010/C166,NO,45.098148,7.737639,52.0,648.337,-1297.674
PF02/0010/C166,NO,45.0977,7.741853,52.0,593.383,-966.86
PF03/0010/C166,NO,45.095808,7.740425,52.0,384.992,-1082.528
PF04/0010/C166,NO,45.096182,7.736972,52.0,430.717,-1353.546
PF05/0010/C166,NO,45.095106,7.743415,52.0,303.309,-848.466
PF06/0010/C166,NO,45.096294,7.746611,52.0,431.409,-594.918
PF07/0010/C166,NO,45.098824,7.732244,8.0,730.07,-1720.99
PF08/0010/C166,NO,45.098787,7.732321,52.0,725.796,-1714.996
PF09/0010/C166,NO,45.093394,7.735523,52.0,122.737,-1472.386
PF10/0010/C166,NO,45.09459,7.733125,52.0,258.609,-1659.057
PF01/0011/C166,NO,45.099139,7.751911,52.0,741.006,-173.053
PF03/0011/C166,NO,45.096715,7.751228,52.0,472.567,-230.9
PF04/0011/C166,NO,45.096735,7.754797,52.0,470.423,49.912
PF05/0011/C166,NO,45.094923,7.748204,52.0,277.156,-471.941
PF06/0011/C166,NO,45.099817,7.748056,52.0,821.004,-475.188
PF07/0011/C166,NO,45.097786,7.747317,52.0,596.234,-536.774
PF08/0011/C166,NO,45.099099,7.745637,52.0,744.164,-666.732
PF01/0012/C166,NO,45.088551,7.718923,52.0,-394.651,-2787.198
PF02/0012/C166,NO,45.08791,7.715342,52.0,-461.42,-3070.115
PF03/0012/C166,NO,45.086003,7.71799,52.0,-676.543,-2865.109
PF07/0012/C166,NO,45.089753,7.71845,8.0,-260.5,-2822.27
PF09/0012/C166,NO,45.0827,7.719892,52.0,-1045.924,-2721.217
PF10/0012/C166,NO,45.086174,7.724791,52.0,-666.048,-2329.521
PF01/0013/C166,NO,45.091631,7.73311,52.0,-70.124,-1665.357
PF02/0013/C166,NO,45.086645,7.728051,62.0,-617.789,-2072.155
PF03/0013/C166,NO,45.085821,7.733078,52.0,-715.458,-1678.014
PF04/0013/C166,NO,45.084806,7.725327,52.0,-818.64,-2289.753
PF05/0013/C166,NO,45.083965,7.729256,52.0,-916.967,-1982.049
PF07/0013/C166,NO,45.089291,7.732855,52.0,-329.745,-1689.499
PF08/0013/C166,NO,45.086781,7.72507,12.0,-598.967,-2306.514
PF09/0013/C166,NO,45.088587,7.724401,52.0,-397.521,-2356.031
PF10/0013/C166,NO,45.084583,7.729485,62.0,-848.621,-1962.931
PF11/0013/C166,NO,45.087262,7.730082,52.0,-551.766,-1911.267
PF01/0014/C166,NO,45.091618,7.735415,52.0,-74.331,-1484.036
PF02/0014/C166,NO,45.09347,7.740301,52.0,125.374,-1096.318
PF03/0014/C166,NO,45.090063,7.739765,52.0,-252.426,-1144.383
PF04/0014/C166,NO,45.092691,7.745804,52.0,32.113,-664.616
PF05/0014/C166,NO,45.09029,7.743235,52.0,-231.458,-870.948
PF09/0014/C166,NO,45.092682,7.73825,52.0,40.335,-1259.093
PF10/0014/C166,NO,45.088502,7.737045,52.0,-422.497,-1361.108
PF11/0014/C166,NO,45.092282,7.742778,52.0,-9.611,-903.454
PF13/0014/C166,NO,45.091622,7.737904,8.0,-77.0,-1288.17
PF01/0015/C166,NO,45.092495,7.754254,8.0,0.0,0.0
PF02/0015/C166,NO,45.092591,7.751249,8.0,14.34,-236.33
PF03/0015/C166,NO,45.093661,7.749807,8.0,135.0,-348.0
PF07/0015/C166,NO,45.090988,7.748205,52.0,-160.076,-478.604
PF08/0015/C166,NO,45.093053,7.75294,52.0,63.672,-102.489
PF10/0015/C166,NO,45.091387,7.754982,52.0,-123.953,55.326
PF11/0015/C166,NO,45.090757,7.753531,52.0,-192.161,-59.93
PF02/0016/C166,NO,45.093976,7.751477,52.0,167.897,-216.027
PF03/0016/C166,NO,45.093297,7.753909,52.0,89.525,-25.82
PF05/0016/C166,NO,45.094762,7.752847,52.0,253.591,-106.907
PF03/0017/C166,NO,45.092636,7.756709,52.0,12.693,193.359
PF04/0017/C166,NO,45.09352,7.757798,8.0,109.6,280.6
PF01/0018/C166,NO,45.082754,7.722188,52.0,-1042.739,-2540.419
PF02/0018/C166,NO,45.082387,7.730087,62.0,-1093.241,-1919.375
PF03/0018/C166,NO,45.081178,7.725616,52.0,-1222.064,-2273.373
PF05/0018/C166,NO,45.078905,7.720495,52.0,-1468.198,-2680.393
PF07/0018/C166,NO,45.078979,7.727913,52.0,-1469.171,-2096.449
PF08/0018/C166,NO,45.081731,7.728984,52.0,-1164.781,-2007.343
PF09/0018/C166,NO,45.082622,7.724735,52.0,-1060.57,-2340.206
PF10/0018/C166,NO,45.080871,7.722991,52.0,-1252.908,-2480.482
PF12/0018/C166,NO,45.081137,7.72081,52.0,-1220.616,-2651.711
PF13/0018/C166,NO,45.080989,7.732142,12.0,-1251.19,-1760.086
PF02/0019/C166,NO,45.0867,7.734823,52.0,-619.977,-1539.162
PF04/0019/C166,NO,45.085055,7.739098,52.0,-808.003,-1205.582
PF05/0019/C166,NO,45.084143,7.735268,52.0,-904.653,-1508.594
PF06/0019/C166,NO,45.082358,7.741676,52.0,-1110.822,-1007.361
PF10/0019/C166,NO,45.087253,7.741512,52.0,-566.765,-1011.774
PF11/0019/C166,NO,45.08291,7.737489,52.0,-1044.28,-1335.867
PF01/0020/C166,NO,45.088377,7.744163,52.0,-445.138,-801.228
PF02/0020/C166,NO,45.085868,7.743167,52.0,-722.644,-883.895
PF04/0020/C166,NO,45.08323,7.746413,52.0,-1019.688,-632.975
PF07/0020/C166,NO,45.083501,7.742508,52.0,-984.774,-939.882
PF08/0020/C166,NO,45.086386,7.746058,52.0,-668.693,-655.497
PF10/0020/C166,NO,45.081075,7.750669,52.0,-1264.252,-301.752
PF11/0020/C166,NO,45.084102,7.749268,52.0,-926.275,-406.82
PF02/0021/C166,NO,45.090384,7.751159,52.0,-230.72,-247.206
PF03/0021/C166,NO,45.087645,7.748488,52.0,-531.745,-462.075
PF05/0021/C166,NO,45.091026,7.758743,52.0,-168.626,350.723
PF07/0021/C166,NO,45.088457,7.758932,52.0,-454.168,361.197
PF08/0021/C166,NO,45.088742,7.762498,52.0,-426.892,642.329
PF09/0021/C166,NO,45.089499,7.754879,52.0,-333.603,44.034
PF11/0021/C166,NO,45.089507,7.746749,52.0,-322.724,-595.772
PF01/0022/C166,NO,45.088112,7.751486,52.0,-483.547,-225.408
PF03/0022/C166,NO,45.08681,7.757172,52.0,-635.095,219.859
PF05/0022/C166,NO,45.085609,7.761297,52.0,-773.504,542.495
PF06/0022/C166,NO,45.08395,7.756705,52.0,-952.196,178.215
PF07/0022/C166,NO,45.081843,7.753432,52.0,-1182.332,-82.962
PF08/0022/C166,NO,45.081221,7.758471,52.0,-1257.514,312.602
PF11/0022/C166,NO,45.084579,7.760348,52.0,-886.716,466.008
PF13/0022/C166,NO,45.08696,7.754439,52.0,-615.098,5.039
PF14/0022/C166,NO,45.086106,7.752352,52.0,-707.37,-160.679
PF15/0022/C166,NO,45.086816,7.762629,52.0,-641.012,649.296
PF02/0023/C166,NO,45.082098,7.740727,52.0,-1138.466,-1082.485
PF03/0023/C166,NO,45.079473,7.737953,52.0,-1426.682,-1305.327
PF04/0023/C166,NO,45.079417,7.733685,52.0,-1427.69,-1641.378
PF07/0023/C166,NO,45.073864,7.733358,52.0,-2044.126,-1676.729
PF08/0023/C166,NO,45.076157,7.731114,52.0,-1786.63,-1849.414
PF09/0023/C166,NO,45.081546,7.735563,52.0,-1193.433,-1489.829
PF10/0023/C166,NO,45.076742,7.733982,52.0,-1725.169,-1622.648
PF01/0024/C166,NO,45.080464,7.742616,52.0,-1322.291,-936.631
PF02/0024/C166,NO,45.080163,7.746219,52.0,-1360.135,-653.524
PF03/0024/C166,NO,45.079462,7.749853,52.0,-1442.457,-368.712
PF06/0024/C166,NO,45.076338,7.747044,52.0,-1786.073,-595.232
PF07/0024/C166,NO,45.075529,7.738185,52.0,-1865.095,-1293.936
PF08/0024/C166,NO,45.077418,7.74968,52.0,-1669.306,-385.894
PF09/0024/C166,NO,45.077332,7.742265,52.0,-1669.875,-969.668
PF01/0025/C166,NO,45.079458,7.752655,52.0,-1446.318,-148.191
PF02/0025/C166,NO,45.079441,7.757157,52.0,-1453.694,206.134
PF03/0025/C166,NO,45.076333,7.75294,8.0,-1793.84,-131.16
PF06/0025/C166,NO,45.076536,7.75709,52.0,-1776.294,195.846
PF02/0026/C166,NO,45.075321,7.74294,52.0,-1894.069,-919.991
PF06/0026/C166,NO,45.071898,7.738891,52.0,-2269.319,-1244.649
PF01/0027/C166,NO,45.069524,7.75274,10.0,-2550.0,-158.5
PF04/0027/C166,NO,45.087262,7.726476,12.0,-547.202,-2195.061
PF01/0028/C166,NO,45.066979,7.74974,52.0,-2829.095,-399.04
PF02/0028/C166,NO,45.069771,7.748781,52.0,-2517.744,-469.769
PF03/0028/C166,NO,45.083622,7.721047,12.0,-944.869,-2628.713
PF01/0999/C166,NO,45.07428,7.765124,8.0,-2036.65,824.41
PF02/0999/C166,NO,45.06472,7.713166,8.0,-3034.92,-3282.36
PF03/0999/C166,NO,45.075156,7.685877,8.0,-1841.01,-5411.93
PF04/0999/C166,NO,45.099439,7.678325,8.0,866.36,-5962.28
PF05/0999/C166,NO,45.117758,7.708323,8.0,2863.27,-3569.51
PF06/0999/C166,NO,45.066557,7.744715,8.0,-2869.82,-795.35
PF07/0999/C166,NO,45.058297,7.736686,8.0,-3777.56,-1441.83
PF08/0999/C166,NO,45.059717,7.75403,8.0,-3641.04,-73.73
PF09/0999/C166,NO,45.077712,7.706642,8.0,-1583.44,-3772.88
PF10/0999/C166,NO,45.088818,7.687943,8.0,-325.94,-5224.7
PF11/0999/C166,NO,45.088807,7.671722,8.0,-306.27,-6501.18
PF12/0999/C166,NO,45.065743,7.72931,8.0,-2941.36,-2009.55
PF13/0999/C166,NO,45.101384,7.743154,8.0,1001.01,-858.18
PF14/0999/C166,NO,45.107406,7.741993,8.0,1671.49,-939.11
PF15/0999/C166,NO,45.072026,7.724223,8.0,-2237.08,-2399.08
PF16/0999/C166,NO,45.072256,7.711537,8.0,-2195.71,-3397.29
PF17/0999/C166,NO,45.094936,7.680435,8.0,363.4,-5804.45
PF18/0999/C166,NO,45.089525,7.680264,8.0,-237.6,-5827.65
PF19/0999/C166,NO,45.088915,7.685358,8.0,-311.85,-5427.9
PF20/0999/C166,NO,45.086161,7.692101,8.0,-626.35,-4902.2
PF21/0999/C166,NO,45.098442,7.683908,8.0,748.42,-5524.8
PF22/0999/C166,NO,45.111469,7.683265,8.0,2196.42,-5551.8
PF23/0999/C166,NO,45.096798,7.695142,8.0,551.42,-4643.8
PF24/0999/C166,NO,45.100197,7.689733,8.0,935.92,-5063.3
PF25/0999/C166,NO,45.081308,7.703304,8.0,-1179.66,-4029.19
PF26/0999/C166,NO,45.077715,7.69817,8.0,-1572.36,-4439.69
PF27/0999/C166,NO,45.060997,7.743958,8.0,-3486.55,-864.6
PF28/0999/C166,NO,45.086585,7.740298,8.0,-639.5,-1108.5
PF29/0999/C166,NO,45.088865,7.743749,8.0,-390.41,-832.91
PF30/0999/C166,NO,45.089178,7.749138,8.0,-362.2,-408.3
PF31/0999/C166,NO,45.090929,7.740607,8.0,-157.3,-1076.6
PF32/0999/C166,NO,45.091604,7.748807,8.0,-92.3,-430.2
PF33/0999/C166,NO,45.098346,7.75037,8.0,654.79,-295.61
PF34/0999/C166,NO,45.098395,7.752283,8.0,657.89,-145.0
PF36/0999/C166,NO,45.075252,7.748074,8.0,-1908.0,-516.0
PF37/0999/C166,NO,45.083342,7.746585,8.0,-1007.4,-619.3
PF38/0999/C166,NO,45.076916,7.749575,8.0,-1725.0,-395.0
PF39/0999/C166,NO,45.073105,7.752634,8.0,-2152.0,-160.7
PF40/0999/C166,NO,45.074691,7.754014,8.0,-1977.5,-49.4
PF41/0999/C166,NO,45.076261,7.75435,8.0,-1803.5,-20.3
PF42/0999/C166,NO,45.078028,7.753743,8.0,-1606.5,-65.0
PF43/0999/C166,NO,45.071467,7.750384,8.0,-2331.3,-340.7
PF44/0999/C166,NO,45.072532,7.740075,8.0,-2200.4,-1150.3
PF45/0999/C166,NO,45.07852,7.756864,8.0,-1555.6,181.5
PF46/0999/C166,NO,45.083689,7.748959,8.0,-971.81,-431.86
PF47/0999/C166,NO,45.068284,7.753387,8.0,-2688.5,-109.7
PF48/0999/C166,NO,45.062285,7.751344,8.0,-3352.5,-280.8
PF49/0999/C166,NO,45.070984,7.758067,8.0,-2394.23,263.33
PF50/0999/C166,NO,45.07533,7.758776,8.0,-1912.3,326.5
PF51/0999/C166,NO,45.080743,7.761501,8.0,-1314.3,550.2
PF52/0999/C166,NO,45.082319,7.758804,8.0,-1135.89,340.66
PF53/0999/C166,NO,45.085634,7.747113,8.0,-753.47,-573.79
PF54/0999/C166,NO,45.09018,7.761244,8.0,-265.63,546.04
PF55/0999/C166,NO,45.088551,7.766684,8.0,-453.15,971.39
PF56/0999/C166,NO,45.096813,7.759932,8.0,472.86,454.12
PF57/0999/C166,NO,45.101076,7.753341,8.0,954.37,-57.16
PF58/0999/C166,NO,45.094703,7.756011,8.0,243.2,142.0
PF59/0999/C166,NO,45.09542,7.754333,8.0,324.9,11.19
PF60/0999/C166,NO,45.094196,7.752028,8.0,191.75,-172.3
PF61/0999/C166,NO,45.090304,7.753724,8.0,-242.7,-45.5
PF62/0999/C166,NO,45.102077,7.749366,8.0,1070.4,-368.2
PF63/0999/C166,NO,45.102039,7.74772,8.0,1068.2,-497.8
PF64/0999/C166,NO,45.101137,7.745041,8.0,971.3,-710.1
PF65/0999/C166,NO,45.100969,7.743028,8.0,955.1,-868.8
PF66/0999/C166,NO,45.100683,7.736665,8.0,931.1,-1369.9
PF67/0999/C166,NO,45.10344,7.731606,8.0,1243.6,-1763.1
PF68/0999/C166,NO,45.103404,7.728921,8.0,1242.9,-1974.4
PF69/0999/C166,NO,45.107335,7.727833,8.0,1681.0,-2053.2
PF70/0999/C166,NO,45.10806,7.725223,8.0,1764.8,-2257.2
PF71/0999/C166,NO,45.103787,7.720626,8.0,1295.8,-2626.4
PF72/0999/C166,NO,45.092359,7.70406,8.0,47.0,-3950.0
PF73/0999/C166,NO,45.091916,7.753224,8.0,-63.0,-82.1
PF74/0999/C166,NO,45.084951,7.715673,52.0,-790.501,-3049.251
PF75/0999/C166,NO,45.081222,7.720812,52.0,-1211.193,-2651.385
PF76/0999/C166,NO,45.082047,7.717188,52.0,-1115.017,-2935.171
PF77/0999/C166,NO,45.100123,7.69261,52.0,923.988,-4837.128
PF78/0999/C166,NO,45.108745,7.68138,8.0,1896.18,-5705.07
PF79/0999/C166,NO,45.099089,7.694776,52.0,806.377,-4668.524
PF80/0999/C166,NO,45.098411,7.694123,52.0,731.869,-4721.134
PF81/0999/C166,NO,45.103926,7.720015,52.0,1312.03,-2674.162
PF82/0999/C166,NO,45.069991,7.739516,52.0,-2482.029,-1198.754
PF83/0999/C166,NO,45.100049,7.695931,52.0,911.589,-4575.904
PF84/0999/C166,NO,45.090196,7.686556,52.0,-171.075,-5331.362
PF85/0999/C166,NO,45.082876,7.763625,52.0,-1079.865,721.032
PF86/0999/C166,NO,45.094538,7.681921,52.0,317.249,-5688.172
PF87/0999/C166,NO,45.091277,7.685691,12.0,-49.886,-5397.441
PF88/0999/C166,NO,45.100054,7.695917,4.0,912.139,-4577.006
PF03/0001/C364,NO,45.255542,8.03788,52.0,17808.708,22534.234
PF05/0001/C364,NO,45.257401,8.03732,52.0,18015.772,22492.791
PF18/0001/C364,NO,45.253346,8.041042,52.0,17561.821,22779.491
PF19/0001/C364,NO,45.252052,8.037552,52.0,17421.257,22503.936
PF21/0001/C364,NO,45.256429,8.040683,52.0,17904.573,22755.348
PF22/0001/C364,NO,45.254502,8.040092,52.0,17691.099,22706.428
PF23/0001/C364,NO,45.262451,8.044484,52.0,18570.064,23061.569
PF01/0002/C364,NO,45.245365,8.032996,8.0,16682.71,22137.45
PF10/0002/C364,NO,45.252364,8.039398,52.0,17454.189,22649.207
PF11/0002/C364,NO,45.250324,8.039222,52.0,17227.697,22632.695
PF19/0002/C364,NO,45.245309,8.045484,52.0,16664.804,23117.486
PF20/0002/C364,NO,45.249371,8.036206,52.0,17124.719,22394.734
PF01/0003/C364,NO,45.247815,8.044811,3.0,16943.74,23067.95
PF02/0003/C364,NO,45.248931,8.04434,52.0,17068.219,23032.46
PF03/0003/C364,NO,45.250165,8.046017,52.0,17203.694,23165.693
PF04/0003/C364,NO,45.248773,8.047555,52.0,17047.703,23284.521
PF05/0003/C364,NO,45.246697,8.048262,52.0,16816.336,23337.305
PF06/0003/C364,NO,45.244959,8.047921,52.0,16623.598,23308.259
PF02/0004/C364,NO,45.251402,8.044191,52.0,17342.879,23024.044
PF10/0004/C364,NO,45.2514,8.051778,11.0,17335.6,23619.4
PF11/0004/C364,NO,45.252855,8.050332,52.0,17498.609,23507.797
PF14/0004/C364,NO,45.251381,8.056855,52.0,17328.886,24017.736
PF21/0004/C364,NO,45.250497,8.049075,52.0,17237.775,23406.051
PF22/0004/C364,NO,45.25029,8.053688,52.0,17210.573,23767.789
PF23/0004/C364,NO,45.253356,8.043806,52.0,17560.253,22996.38
PF24/0004/C364,NO,45.249724,8.0416,52.0,17158.88,22818.472
PF25/0004/C364,NO,45.253439,8.04783,12.0,17565.779,23312.273
PF01/0005/C364,NO,45.22918,8.027449,8.0,14889.81,21680.51
PF02/0005/C364,NO,45.239894,8.02555,52.0,16081.864,21545.771
PF20/0005/C364,NO,45.243277,8.028031,52.0,16455.329,21745.006
PF21/0005/C364,NO,45.240142,8.028498,52.0,16106.707,21777.524
PF08/0006/C364,NO,45.240477,8.037616,10.0,16135.3,22493.6
PF15/0006/C364,NO,45.238221,8.045549,52.0,15877.278,23113.243
PF23/0006/C364,NO,45.24296,8.041744,52.0,16407.283,22820.881
PF24/0006/C364,NO,45.236465,8.03774,12.0,15689.5,22498.0
PF25/0006/C364,NO,45.246752,8.039986,52.0,16830.245,22687.934
PF09/0007/C364,NO,45.241691,8.053907,52.0,16255.036,23773.825
PF14/0007/C364,NO,45.237914,8.056991,52.0,15832.574,24010.903
PF16/0007/C364,NO,45.241354,8.061881,52.0,16210.245,24399.208
PF17/0007/C364,NO,45.24366,8.043954,52.0,16482.951,22995.19
PF18/0007/C364,NO,45.240664,8.048357,52.0,16146.117,23336.871
PF19/0007/C364,NO,45.238585,8.050716,52.0,15912.943,23519.308
PF12/0001/C365,NO,45.260473,8.000678,12.0,18392.0,19622.0
PF13/0002/C365,NO,45.094843,7.987114,212.0,5.02,18326.973
PF14/0002/C365,NO,45.258878,8.01314,12.0,18202.807,20597.547
PF15/0002/C365,NO,45.262123,8.013773,12.0,18562.607,20651.615
PF02/0003/C365,NO,45.269077,8.030138,52.0,19319.585,21944.908
PF06/0003/C365,NO,45.260606,8.025505,52.0,18382.978,21570.023
PF08/0003/C365,NO,45.257827,8.02734,52.0,18072.411,21710.324
PF10/0003/C365,NO,45.255133,8.030136,52.0,17770.492,21926.054
PF12/0003/C365,NO,45.25673,8.031515,52.0,17946.687,22036.394
PF13/0003/C365,NO,45.257227,8.034335,52.0,17999.167,22258.386
PF15/0003/C365,NO,45.26135,8.029895,52.0,18461.443,21915.472
PF16/0003/C365,NO,45.265342,8.025676,52.0,18908.933,21589.836
PF17/0003/C365,NO,45.259433,8.032412,52.0,18246.101,22110.444
PF18/0003/C365,NO,45.267008,8.030679,52.0,19089.243,21984.592
PF19/0003/C365,NO,45.258379,8.023944,52.0,18137.056,21444.584
PF20/0003/C365,NO,45.264629,8.030309,52.0,18825.331,21952.383
PF03/0004/C365,NO,45.262198,8.032674,52.0,18552.986,22134.645
PF05/0004/C365,NO,45.262455,8.04018,52.0,18574.549,22723.876
PF10/0004/C365,NO,45.25842,8.036349,52.0,18129.818,22417.947
PF12/0004/C365,NO,45.258899,8.038422,52.0,18181.069,22581.274
PF14/0004/C365,NO,45.264851,8.034565,52.0,18845.99,22286.53
PF15/0004/C365,NO,45.267793,8.037529,12.0,19170.0,22523.0
PF16/0004/C365,NO,45.255253,8.035056,52.0,17779.271,22312.328
PF17/0004/C365,NO,45.258933,8.041932,52.0,18181.675,22856.705
PF18/0004/C365,NO,45.259663,8.03587,52.0,18268.406,22382.066
PF01/0005/C365,NO,45.257982,8.002144,10.0,18113.8,19733.6
PF12/0005/C365,NO,45.245423,8.007999,52.0,16712.916,20175.819
PF13/0005/C365,NO,45.2502,8.016002,52.0,17235.901,20810.376
PF04/0006/C365,NO,45.251717,8.020539,52.0,17400.157,21168.427
PF06/0006/C365,NO,45.252256,8.031154,52.0,17449.988,22002.106
PF09/0006/C365,NO,45.249676,8.024449,52.0,17169.655,21472.54
PF10/0006/C365,NO,45.249779,8.03162,52.0,17174.372,22035.383
PF12/0006/C365,NO,45.256751,8.020587,52.0,17959.281,21178.991
PF14/0006/C365,NO,45.249748,8.020786,52.0,17181.123,21185.176
PF15/0006/C365,NO,45.251467,8.028919,52.0,17364.381,21825.692
PF16/0006/C365,NO,45.252123,8.033836,52.0,17432.604,22212.366
PF17/0006/C365,NO,45.253888,8.03226,52.0,17630.262,22091.074
PF18/0006/C365,NO,45.25362,8.01799,12.0,17614.0,20971.0
PF19/0006/C365,NO,45.253744,8.026592,52.0,17619.546,21646.151
PF20/0006/C365,NO,45.254984,8.022635,52.0,17761.113,21337.349
PF01/0007/C365,NO,45.254381,8.028154,3.0,17688.88,21769.57
PF03/0007/C365,NO,45.255855,8.024796,52.0,17855.842,21508.015
PF04/0007/C365,NO,45.25576,8.02839,52.0,17841.796,21789.902
PF08/0008/C365,NO,45.24605,8.022371,52.0,16768.844,21304.578
PF10/0008/C365,NO,45.244855,8.018806,52.0,16639.406,21023.137
PF01/0009/C365,NO,45.239228,8.010264,10.0,16022.5,20345.1
PF02/0009/C365,NO,45.240207,8.017791,10.0,16124.1,20937.2
PF03/0009/C365,NO,45.241058,8.022525,10.0,16214.1,21309.9
PF04/0009/C365,NO,45.235182,8.012952,10.0,15570.5,20550.6
PF05/0009/C365,NO,45.237406,8.016771,10.0,15813.9,20853.4
PF06/0009/C365,NO,45.236355,8.024381,10.0,15689.8,21449.3
PF07/0009/C365,NO,45.231757,8.014824,10.0,15188.2,20692.9
PF08/0009/C365,NO,45.233205,8.020868,10.0,15343.3,21169.3
PF09/0009/C365,NO,45.228236,8.016885,10.0,14795.0,20849.9
PF10/0009/C365,NO,45.22858,8.025551,10.0,14825.0,21530.7
PF01/0999/C365,NO,45.257406,8.03729,52.0,18016.327,22490.468
PF01/0003/C378,NO,45.32081,7.936364,7.0,25159.69,14664.44
PF02/0004/C378,NO,45.318419,7.944009,52.0,24886.148,15260.142
PF03/0004/C378,NO,45.317326,7.943794,52.0,24765.014,15241.71
PF06/0006/C378,NO,45.31105,7.936406,52.0,24075.316,14653.423
PF09/0006/C378,NO,45.310277,7.933764,52.0,23992.229,14445.172
PF10/0006/C378,NO,45.31013,7.936929,12.0,23972.6,14693.1
PF06/0007/C378,NO,45.314157,7.94218,52.0,24414.594,15110.586
PF08/0007/C378,NO,45.312773,7.943334,52.0,24259.619,15199.016
PF01/0008/C378,NO,45.306971,7.928411,8.0,23630.5,14020.69
PF04/0008/C378,NO,45.309496,7.936677,52.0,23902.375,14672.421
PF07/0008/C378,NO,45.306598,7.933692,52.0,23583.513,14434.117
PF08/0008/C378,NO,45.306058,7.936447,52.0,23520.727,14649.29
PF09/0008/C378,NO,45.307188,7.937934,52.0,23644.731,14767.597
PF10/0008/C378,NO,45.308798,7.938241,52.0,23823.292,14794.0
PF11/0008/C378,NO,45.308627,7.9349,52.0,23807.677,14531.84
PF01/0009/C378,NO,45.309962,7.942698,7.0,23947.97,15145.08
PF02/0009/C378,NO,45.308087,7.940702,52.0,23741.753,14985.848
PF04/0009/C378,NO,45.310252,7.93971,52.0,23983.25,14911.289
PF05/0009/C378,NO,45.312523,7.940359,52.0,24234.92,14965.499
PF04/0010/C378,NO,45.313164,7.952801,10.0,24293.4,15941.7
PF06/0010/C378,NO,45.311948,7.954469,52.0,24156.581,16070.682
PF11/0010/C378,NO,45.311084,7.95145,52.0,24063.616,15832.761
PF12/0010/C378,NO,45.31274,7.949739,52.0,24249.392,15701.01
PF13/0010/C378,NO,45.307574,7.943669,52.0,23681.654,15217.708
PF14/0010/C378,NO,45.312922,7.946405,10.0,24273.0,15440.0
PF15/0010/C378,NO,45.311713,7.944895,52.0,24140.247,15319.833
PF16/0010/C378,NO,45.307161,7.958978,52.0,23620.228,16417.24
PF17/0010/C378,NO,45.308703,7.94933,52.0,23801.306,15663.159
PF18/0010/C378,NO,45.309292,7.945061,52.0,23871.153,15329.302
PF01/0011/C378,NO,45.304904,7.92839,52.0,23400.867,14016.014
PF02/0011/C378,NO,45.304571,7.934305,52.0,23357.794,14479.197
PF03/0011/C378,NO,45.306077,7.938918,52.0,23520.256,14843.061
PF06/0011/C378,NO,45.303382,7.937506,52.0,23222.357,14728.458
PF07/0011/C378,NO,45.301761,7.935703,52.0,23044.141,14584.709
PF09/0011/C378,NO,45.095397,8.050448,149.0,6.02,23311.179
PF10/0011/C378,NO,45.303598,7.932565,52.0,23251.47,14341.372
PF11/0011/C378,NO,45.300729,7.928864,52.0,22936.559,14047.009
PF01/0012/C378,NO,45.306064,7.9417,52.0,23515.989,15061.186
PF02/0012/C378,NO,45.305474,7.952827,52.0,23438.995,15932.605
PF03/0012/C378,NO,45.305417,7.961744,52.0,23423.607,16631.631
PF04/0012/C378,NO,45.302865,7.942827,52.0,23159.355,15144.817
PF05/0012/C378,NO,45.303047,7.95155,52.0,23170.637,15828.995
PF06/0012/C378,NO,45.3024,7.959655,52.0,23090.577,16463.51
PF09/0012/C378,NO,45.301001,7.958768,52.0,22936.101,16391.96
PF14/0012/C378,NO,45.30499,7.948622,52.0,23389.507,15602.229
PF15/0012/C378,NO,45.30171,7.947363,52.0,23026.492,15498.808
PF16/0012/C378,NO,45.095363,8.051784,153.0,1.02,23416.301
PF17/0012/C378,NO,45.307014,7.946977,52.0,23616.073,15476.211
PF18/0012/C378,NO,45.305106,7.956319,52.0,23394.58,16205.855
PF19/0012/C378,NO,45.299836,7.947988,52.0,22817.632,15545.102
PF01/0013/C378,NO,45.298605,7.967714,8.0,22660.88,17089.9
PF02/0013/C378,NO,45.306583,7.967105,52.0,23547.801,17053.561
PF04/0013/C378,NO,45.301927,7.967262,52.0,23030.392,17059.228
PF05/0013/C378,NO,45.301705,7.972423,52.0,23000.563,17463.499
PF07/0013/C378,NO,45.297358,7.970025,52.0,22519.955,17269.387
PF08/0013/C378,NO,45.297754,7.976487,52.0,22557.518,17776.551
PF01/0014/C378,NO,45.300559,7.943337,52.0,22902.722,15181.48
PF02/0014/C378,NO,45.296473,7.946212,52.0,22445.803,15400.929
PF04/0014/C378,NO,45.295801,7.958078,52.0,22359.066,16330.366
PF06/0014/C378,NO,45.292567,7.959004,10.0,21998.843,16398.375
PF07/0014/C378,NO,45.298143,7.961149,52.0,22616.139,16574.518
PF11/0014/C378,NO,45.298113,7.955269,52.0,22618.759,16113.453
PF12/0014/C378,NO,45.293813,7.956584,12.0,22139.751,16210.369
PF13/0014/C378,NO,45.295564,7.954582,12.0,22336.32,16055.915
PF14/0014/C378,NO,45.293846,7.952049,52.0,22148.013,15854.848
PF15/0014/C378,NO,45.29601,7.943795,52.0,22396.855,15210.715
PF01/0001/C483,NO,45.104882,7.732672,8.0,1402.49,-1676.75
PF02/0001/C483,NO,45.102056,7.733457,52.0,1087.569,-1619.912
PF01/0002/C483,NO,45.094055,7.729168,8.0,204.06,-1971.34
PF02/0002/C483,NO,45.089976,7.75422,52.0,-279.792,-7.016
PF01/0003/C483,NO,45.098832,7.747333,52.0,712.449,-533.778
PF03/0003/C483,NO,45.095575,7.753663,52.0,342.883,-41.271
PF04/0003/C483,NO,45.094867,7.749015,52.0,269.958,-408.209
PF08/0003/C483,NO,45.097077,7.75106,52.0,512.967,-243.508
PF09/0003/C483,NO,45.096363,7.747132,52.0,438.398,-553.833
PF12/0003/C483,NO,45.092999,7.743672,52.0,68.904,-831.892
PF13/0003/C483,NO,45.094915,7.745982,52.0,278.969,-646.822
PF14/0003/C483,NO,45.097035,7.740479,52.0,521.183,-1076.13
PF15/0003/C483,NO,45.09757,7.744502,52.0,575.689,-758.685
PF01/0004/C483,NO,45.100919,7.746256,52.0,945.578,-614.891
PF02/0004/C483,NO,45.106582,7.74248,8.0,1579.31,-902.19
PF03/0004/C483,NO,45.102507,7.740527,8.0,1129.02,-1062.9
PF04/0004/C483,NO,45.103434,7.744505,52.0,1227.105,-748.306
PF05/0004/C483,NO,45.107497,7.742103,52.0,1681.383,-930.257
PF01/0005/C483,NO,45.108725,7.750255,52.0,1807.865,-286.874
PF02/0005/C483,NO,45.104464,7.753068,52.0,1331.158,-72.855
PF04/0005/C483,NO,45.101998,7.752077,52.0,1058.349,-155.091
PF06/0005/C483,NO,45.100153,7.749071,52.0,857.123,-394.704
PF07/0005/C483,NO,45.10343,7.750269,52.0,1219.692,-294.815
PF09/0005/C483,NO,45.100674,7.755011,52.0,907.768,73.507
PF10/0005/C483,NO,45.109173,7.747341,8.0,1861.17,-515.32
PF01/0006/C483,NO,45.097572,7.75635,52.0,561.48,173.6
PF03/0006/C483,NO,45.095157,7.753386,52.0,296.76,-63.794
PF04/0006/C483,NO,45.096147,7.767696,8.0,389.54,1063.91
PF05/0006/C483,NO,45.093617,7.759673,8.0,118.16,428.3
PF06/0006/C483,NO,45.096415,7.756549,8.0,432.71,187.24
PF07/0006/C483,NO,45.094929,7.756734,52.0,267.422,199.239
PF08/0006/C483,NO,45.097815,7.760347,52.0,583.649,488.515
PF09/0006/C483,NO,45.095976,7.758566,52.0,381.572,345.222
PF10/0006/C483,NO,45.0966,7.767069,52.0,440.619,1015.289
PF03/0007/C483,NO,45.10617,7.758429,52.0,1514.163,351.853
PF04/0007/C483,NO,45.109423,7.757699,52.0,1876.399,299.908
PF05/0007/C483,NO,45.105713,7.761746,52.0,1459.392,612.0
PF06/0007/C483,NO,45.108189,7.760852,52.0,1735.565,545.849
PF03/0008/C483,NO,45.110907,7.772086,52.0,2023.932,1434.209
PF05/0008/C483,NO,45.106628,7.76753,52.0,1554.047,1068.564
PF06/0008/C483,NO,45.111553,7.773039,52.0,2094.66,1510.291
PF07/0008/C483,NO,45.111129,7.769505,52.0,2051.756,1231.573
PF08/0008/C483,NO,45.108409,7.774312,52.0,1743.833,1605.148
PF01/0009/C483,NO,45.105475,7.775803,8.0,1416.11,1717.47
PF03/0009/C483,NO,45.100594,7.767664,62.0,883.599,1068.877
PF01/0010/C483,NO,45.09877,7.775188,52.0,671.969,1657.829
PF02/0010/C483,NO,45.096002,7.770596,52.0,369.982,1291.818
PF04/0010/C483,NO,45.097834,7.776081,8.0,566.9,1726.49
PF05/0010/C483,NO,45.094116,7.775282,62.0,154.794,1657.383
PF06/0010/C483,NO,45.103135,7.775803,62.0,1156.127,1713.539
PF01/0011/C483,NO,45.110927,7.776642,52.0,2020.797,1792.674
PF03/0011/C483,NO,45.108656,7.7778,52.0,1767.109,1879.969
PF04/0011/C483,NO,45.105386,7.778149,52.0,1403.426,1901.915
PF05/0011/C483,NO,45.105957,7.781082,52.0,1463.401,2133.586
PF06/0011/C483,NO,45.108812,7.779893,52.0,1781.945,2044.869
PF01/0013/C483,NO,45.111413,7.792449,8.0,2056.05,3036.93
PF02/0014/C483,NO,45.102502,7.784285,52.0,1075.81,2379.791
PF04/0014/C483,NO,45.101318,7.790861,52.0,936.518,2895.225
PF06/0014/C483,NO,45.106391,7.784866,52.0,1507.096,2432.049
PF01/0015/C483,NO,45.1009,7.785642,52.0,896.135,2483.866
PF03/0015/C483,NO,45.097959,7.780277,52.0,575.846,2056.851
PF04/0015/C483,NO,45.095988,7.786241,52.0,349.85,2522.805
PF05/0015/C483,NO,45.10081,7.776885,52.0,896.6,1794.747
PF06/0015/C483,NO,45.100853,7.782812,52.0,894.258,2261.186
PF01/0016/C483,NO,45.098019,7.792165,52.0,568.405,2992.351
PF02/0016/C483,NO,45.100505,7.793852,52.0,842.623,3129.229
PF01/0017/C483,NO,45.092141,7.796907,8.0,-90.15,3355.74
PF01/0018/C483,NO,45.087104,7.793915,52.0,-646.152,3111.963
PF03/0018/C483,NO,45.090308,7.795779,52.0,-292.367,3263.948
PF04/0018/C483,NO,45.087422,7.796477,52.0,-613.85,3314.103
PF05/0018/C483,NO,45.089326,7.793447,52.0,-398.763,3078.818
PF06/0018/C483,NO,45.092467,7.744322,277.0,9.03,-781.661
PF07/0018/C483,NO,45.091779,7.791547,12.0,-124.06,2933.38
PF08/0018/C483,NO,45.088269,7.790015,52.0,-512.218,2806.971
PF02/0019/C483,NO,45.092558,7.752588,286.0,9.03,-130.992
PF03/0019/C483,NO,45.095007,7.782395,62.0,245.313,2218.557
PF05/0019/C483,NO,45.09232,7.782533,52.0,-53.279,2224.918
PF06/0019/C483,NO,45.088172,7.78381,52.0,-515.594,2318.479
PF01/0020/C483,NO,45.089215,7.771316,52.0,-384.916,1337.05
PF02/0020/C483,NO,45.087915,7.773989,52.0,-532.504,1545.22
PF03/0020/C483,NO,45.088582,7.758917,52.0,-440.287,360.209
PF04/0020/C483,NO,45.085617,7.782197,52.0,-797.515,2187.269
PF07/0020/C483,NO,45.0856,7.771757,52.0,-786.976,1365.599
PF08/0020/C483,NO,45.092437,7.745704,297.0,4.02,-672.948
PF01/0021/C483,NO,45.087906,7.764391,8.0,-521.96,789.89
PF02/0021/C483,NO,45.084991,7.76761,52.0,-849.724,1038.263
PF05/0021/C483,NO,45.093618,7.765739,52.0,110.941,905.59
PF06/0021/C483,NO,45.091501,7.770131,52.0,-129.548,1247.634
PF02/0022/C483,NO,45.090277,7.755965,62.0,-248.462,130.802
PF03/0022/C483,NO,45.090934,7.761232,52.0,-181.848,546.418
PF04/0022/C483,NO,45.088626,7.753891,52.0,-429.299,-35.239
PF05/0022/C483,NO,45.089212,7.758516,62.0,-369.871,329.729
PF07/0022/C483,NO,45.087959,7.762721,52.0,-514.104,658.538
PF08/0022/C483,NO,45.085576,7.755219,52.0,-769.723,64.045
PF01/0023/C483,NO,45.092643,7.744094,52.0,28.823,-799.246
PF02/0023/C483,NO,45.092594,7.748534,52.0,17.943,-449.973
PF04/0023/C483,NO,45.089144,7.753355,52.0,-371.182,-76.552
PF05/0023/C483,NO,45.088246,7.750266,52.0,-467.157,-321.112
PF06/0023/C483,NO,45.086381,7.746591,52.0,-669.89,-613.571
PF08/0023/C483,NO,45.090376,7.741061,8.0,-219.28,-1041.84
PF09/0023/C483,NO,45.08772,7.744274,52.0,-518.315,-793.565
PF10/0023/C483,NO,45.090879,7.748666,52.0,-172.659,-442.558
PF11/0023/C483,NO,45.091186,7.746223,52.0,-135.566,-634.259
PF14/0023/C483,NO,45.092509,7.740088,52.0,18.855,-1114.717
PF15/0023/C483,NO,45.085196,7.743398,52.0,-797.606,-866.916
PF17/0023/C483,NO,45.090724,7.742646,62.0,-182.611,-916.559
PF01/0024/C483,NO,45.089731,7.737622,52.0,-286.775,-1313.571
PF02/0024/C483,NO,45.092258,7.730166,52.0,3.191,-1895.967
PF02/0025/C483,NO,45.092266,7.727144,52.0,7.868,-2133.753
PF03/0025/C483,NO,45.086234,7.720433,52.0,-653.981,-2672.441
PF04/0025/C483,NO,45.092042,7.717911,52.0,-5.579,-2860.697
PF05/0025/C483,NO,45.092189,7.727131,52.0,-0.69,-2134.863
PF06/0025/C483,NO,45.089628,7.729004,52.0,-287.501,-1991.958
PF03/0026/C483,NO,45.081377,7.728674,52.0,-1203.731,-2032.373
PF04/0026/C483,NO,45.084443,7.731476,52.0,-866.656,-1806.455
PF05/0026/C483,NO,45.079987,7.732336,52.0,-1362.706,-1746.555
PF06/0026/C483,NO,45.079715,7.724086,52.0,-1382.708,-2396.317
PF02/0027/C483,NO,45.086008,7.750985,52.0,-716.657,-268.374
PF03/0027/C483,NO,45.083699,7.747464,52.0,-968.833,-549.469
PF06/0027/C483,NO,45.081639,7.743975,52.0,-1193.403,-827.59
PF07/0027/C483,NO,45.085436,7.74244,52.0,-769.759,-941.899
PF08/0027/C483,NO,45.08106,7.740011,52.0,-1252.932,-1140.588
PF09/0027/C483,NO,45.081698,7.744038,62.0,-1186.949,-822.527
PF02/0028/C483,NO,45.086272,7.759216,62.0,-697.322,379.803
PF05/0028/C483,NO,45.084502,7.758379,8.0,-892.88,310.91
PF07/0028/C483,NO,45.08335,7.755242,52.0,-1017.037,62.065
PF08/0028/C483,NO,45.080451,7.759388,52.0,-1344.141,383.407
PF09/0028/C483,NO,45.084432,7.758259,52.0,-900.568,301.336
PF10/0028/C483,NO,45.085562,7.755213,52.0,-771.333,63.546
PF11/0028/C483,NO,45.078884,7.75593,52.0,-1514.107,108.555
PF01/0029/C483,NO,45.082982,7.766801,8.0,-1071.93,971.15
PF02/0029/C483,NO,45.083088,7.761423,52.0,-1053.624,548.046
PF03/0029/C483,NO,45.089313,7.764998,52.0,-366.475,839.982
PF04/0029/C483,NO,45.078273,7.766814,52.0,-1595.061,964.176
PF02/0030/C483,NO,45.081099,7.782665,52.0,-1300.003,2216.533
PF01/0031/C483,NO,45.081594,7.777945,52.0,-1239.413,1845.924
PF02/0031/C483,NO,45.0803,7.769268,52.0,-1372.839,1160.787
PF03/0031/C483,NO,45.078099,7.776956,52.0,-1626.524,1762.172
PF02/0032/C483,NO,45.083624,7.786646,52.0,-1024.165,2534.117
PF03/0032/C483,NO,45.085178,7.789429,52.0,-854.804,2755.678
PF04/0032/C483,NO,45.081878,7.790295,52.0,-1222.483,2818.408
PF01/0033/C483,NO,45.086048,7.795971,52.0,-765.88,3271.986
PF01/0034/C483,NO,45.081853,7.811295,52.0,-1249.732,4471.167
PF01/0036/C483,NO,45.074176,7.800491,52.0,-2090.003,3608.152
PF05/0036/C483,NO,45.077902,7.800347,12.0,-1676.0,3603.0
PF06/0036/C483,NO,45.076533,7.797759,12.0,-1825.0,3397.0
PF07/0036/C483,NO,45.073517,7.804543,12.0,-2168.0,3926.0
PF01/0037/C483,NO,45.074913,7.793078,8.0,-1999.52,3025.89
PF02/0037/C483,NO,45.076746,7.787609,52.0,-1789.443,2598.459
PF03/0037/C483,NO,45.074188,7.789496,52.0,-2075.822,2742.696
PF04/0037/C483,NO,45.075862,7.793409,12.0,-1894.5,3053.5
PF05/0037/C483,NO,45.079012,7.792437,52.0,-1543.412,2982.228
PF02/0038/C483,NO,45.076873,7.782808,52.0,-1769.614,2220.74
PF03/0038/C483,NO,45.076462,7.769915,52.0,-1799.972,1205.225
PF04/0038/C483,NO,45.073634,7.778917,52.0,-2124.879,1909.068
PF05/0038/C483,NO,45.071736,7.775028,52.0,-2331.027,1599.707
PF02/0039/C483,NO,45.072527,7.767344,52.0,-2234.013,996.177
PF03/0039/C483,NO,45.075778,7.766523,52.0,-1871.84,937.102
PF01/0040/C483,NO,45.077942,7.749083,8.0,-1610.4,-431.98
PF02/0040/C483,NO,45.077425,7.752153,52.0,-1671.55,-191.195
PF03/0040/C483,NO,45.07258,7.752262,52.0,-2209.949,-190.941
PF01/0041/C483,NO,45.076813,7.739535,8.0,-1724.19,-1185.43
PF02/0041/C483,NO,45.073209,7.738713,8.0,-2123.56,-1256.36
PF03/0041/C483,NO,45.068817,7.743621,12.0,-2617.394,-877.594
PF04/0041/C483,NO,45.07145,7.740271,52.0,-2320.868,-1136.797
PF01/0042/C483,NO,45.074171,7.726041,52.0,-2001.011,-2252.147
PF02/0042/C483,NO,45.074783,7.733271,52.0,-1941.991,-1682.02
PF01/0043/C483,NO,45.068266,7.733277,52.0,-2665.976,-1692.898
PF01/0044/C483,NO,45.06866,7.72447,52.0,-2611.259,-2385.478
PF02/0044/C483,NO,45.066492,7.727907,8.0,-2856.43,-2118.68
PF03/0044/C483,NO,45.069097,7.72744,52.0,-2566.447,-2150.895
PF04/0044/C483,NO,45.06391,7.721812,52.0,-3135.709,-2603.052
PF03/0045/C483,NO,45.059357,7.715196,62.0,-3633.238,-3131.977
PF04/0045/C483,NO,45.063188,7.712086,62.0,-3203.716,-3370.098
PF01/0046/C483,NO,45.061294,7.721478,52.0,-3425.804,-2633.993
PF02/0046/C483,NO,45.058935,7.728548,52.0,-3696.678,-2081.479
PF03/0046/C483,NO,45.062951,7.730682,52.0,-3253.201,-1906.443
PF01/0048/C483,NO,45.066039,7.762159,52.0,-2948.58,577.045
PF02/0048/C483,NO,45.070457,7.761239,52.0,-2456.655,512.149
PF03/0048/C483,NO,45.063086,7.761625,12.0,-3276.0,530.0
PF02/0049/C483,NO,45.064258,7.764088,52.0,-3148.689,725.877
PF04/0049/C483,NO,45.067388,7.766017,52.0,-2803.365,883.068
PF05/0049/C483,NO,45.066425,7.771918,52.0,-2917.326,1345.991
PF07/0049/C483,NO,45.068211,7.768678,52.0,-2715.137,1093.928
PF10/0049/C483,NO,45.061654,7.769776,12.0,-3444.797,1169.293
PF01/0050/C483,NO,45.069893,7.770246,52.0,-2530.138,1220.155
PF02/0050/C483,NO,45.070944,7.782917,52.0,-2428.485,2219.42
PF02/0051/C483,NO,45.063412,7.773982,52.0,-3254.582,1503.371
PF03/0051/C483,NO,45.066456,7.781091,52.0,-2924.846,2068.187
PF04/0051/C483,NO,45.061386,7.775413,12.0,-3481.376,1612.618
PF01/0999/C483,NO,45.037639,7.693113,8.0,-6018.03,-4909.66
PF02/0999/C483,NO,45.078121,7.694454,8.0,-1522.53,-4731.5
PF03/0999/C483,NO,45.112651,7.707024,8.0,2297.51,-3680.76
PF04/0999/C483,NO,45.129188,7.761898,8.0,4067.06,663.88
PF05/0999/C483,NO,45.119863,7.818357,8.0,2964.63,5088.63
PF06/0999/C483,NO,45.045716,7.783587,8.0,-5231.82,2230.06
PF07/0999/C483,NO,45.058089,7.749345,8.0,-3816.19,-445.39
PF08/0999/C483,NO,45.046833,7.72371,8.0,-5035.15,-2483.55
PF09/0999/C483,NO,45.056044,7.670346,8.0,-3944.16,-6669.28
PF10/0999/C483,NO,45.086441,7.7885,8.0,-713.51,2684.71
PF11/0999/C483,NO,45.113243,7.738201,8.0,2324.52,-1227.24
PF12/0999/C483,NO,45.121179,7.743051,8.0,3200.21,-832.02
PF13/0999/C483,NO,45.066545,7.749625,8.0,-2877.15,-408.84
PF14/0999/C483,NO,45.0576,7.728744,8.0,-3845.22,-2068.37
PF15/0999/C483,NO,45.099652,7.724924,8.0,831.08,-2295.48
PF16/0999/C483,NO,45.092084,7.717866,8.0,-0.9,-2864.15
PF17/0999/C483,NO,45.056458,7.776057,8.0,-4029.54,1655.03
PF18/0999/C483,NO,45.059573,7.765498,8.0,-3670.88,828.94
PF19/0999/C483,NO,45.119665,7.859739,8.0,2895.98,8343.11
PF20/0999/C483,NO,45.112487,7.841527,8.0,2118.93,6899.31
PF21/0999/C483,NO,45.149226,7.802579,8.0,6244.97,3896.03
PF22/0999/C483,NO,45.135448,7.832702,8.0,4679.68,6241.95
PF23/0999/C483,NO,45.109132,7.747535,52.0,1856.467,-500.137
PF24/0999/C483,NO,45.105164,7.732667,52.0,1433.898,-1676.631
PF25/0999/C483,NO,45.113881,7.755984,52.0,2373.75,172.635
PF26/0999/C483,NO,45.098403,7.722114,52.0,695.826,-2518.719
PF02/0002/C829,NO,45.442477,8.036925,52.0,38577.337,22707.756
PF01/0004/C829,NO,45.437884,8.034097,52.0,38069.716,22480.486
PF02/0004/C829,NO,45.439391,8.040603,52.0,38231.067,22991.314
PF03/0004/C829,NO,45.439538,8.036874,52.0,38250.83,22699.859
PF04/0004/C829,NO,45.440271,8.034143,52.0,38334.811,22487.265
PF01/0005/C829,NO,45.437613,8.037473,8.0,38036.4,22744.17
PF02/0005/C829,NO,45.435682,8.038283,52.0,37821.189,22804.967
PF03/0005/C829,NO,45.437203,8.041008,52.0,37987.607,23020.152
PF04/0005/C829,NO,45.43883,8.042555,52.0,38166.907,23143.238
PF05/0009/C829,NO,45.431163,8.03138,52.0,37325.57,22258.995
PF06/0009/C829,NO,45.429978,8.024472,52.0,37200.509,21716.994
PF01/0010/C829,NO,45.434805,8.033442,52.0,37728.286,22425.17
PF02/0010/C829,NO,45.435255,8.030801,52.0,37780.692,22219.165
PF03/0010/C829,NO,45.433142,8.031862,52.0,37544.991,22299.347
PF02/0011/C829,NO,45.4297,8.034136,52.0,37160.428,22472.63
PF01/0012/C829,NO,45.431382,8.036929,52.0,37344.668,22693.308
PF02/0012/C829,NO,45.433623,8.03553,52.0,37594.994,22586.846
PF03/0012/C829,NO,45.435744,8.036593,52.0,37829.66,22672.887
PF04/0012/C829,NO,45.435538,8.03902,52.0,37804.468,22862.434
PF05/0012/C829,NO,45.433657,8.039322,52.0,37595.167,22883.548
PF06/0012/C829,NO,45.430342,8.039091,52.0,37227.126,22861.032
PF07/0012/C829,NO,45.432567,8.034849,12.0,37478.281,22532.176
PF01/0999/C829,NO,45.428245,8.033989,52.0,36998.975,22459.128
PF02/0999/C829,NO,45.429319,8.036718,52.0,37115.684,22674.104
PF02/0001/C926,NO,45.106238,7.757343,10.0,1523.0,266.5
PF03/0001/C926,NO,45.104481,7.754813,52.0,1330.939,64.471
PF02/0002/C926,NO,45.100197,7.75865,52.0,850.322,359.048
PF03/0002/C926,NO,45.101159,7.751264,52.0,966.18,-220.427
PF04/0002/C926,NO,45.098706,7.754778,52.0,689.405,51.828
PF05/0002/C926,NO,45.097018,7.755168,52.0,501.398,79.608
PF06/0002/C926,NO,45.100563,7.755304,52.0,895.016,96.361
PF01/0003/C926,NO,45.098718,7.761738,52.0,682.278,599.449
PF02/0003/C926,NO,45.09845,7.765159,52.0,648.447,868.214
PF03/0003/C926,NO,45.10081,7.762794,54.0,913.494,686.081
PF04/0003/C926,NO,45.101765,7.757041,52.0,1026.434,235.129
PF02/0004/C926,NO,45.096645,7.764,52.0,449.252,773.9
PF04/0004/C926,NO,45.094754,7.765306,52.0,237.667,873.437
PF05/0004/C926,NO,45.097707,7.770992,52.0,558.877,1325.874
PF06/0004/C926,NO,45.099258,7.76868,52.0,733.909,1146.593
PF07/0004/C926,NO,45.095917,7.767795,52.0,363.839,1071.277
PF04/0005/C926,NO,45.093271,7.748952,52.0,92.644,-415.94
PF06/0005/C926,NO,45.095915,7.747878,52.0,387.697,-495.858
PF07/0005/C926,NO,45.091569,7.749802,52.0,-97.469,-351.918
PF08/0005/C926,NO,45.089734,7.745755,52.0,-296.321,-673.542
PF01/0006/C926,NO,45.093429,7.751996,52.0,106.538,-176.104
PF03/0006/C926,NO,45.093586,7.757115,52.0,117.806,226.924
PF05/0006/C926,NO,45.094355,7.761989,52.0,197.344,611.799
PF06/0006/C926,NO,45.095823,7.761808,52.0,360.613,600.057
PF07/0006/C926,NO,45.097865,7.751917,52.0,599.466,-174.717
PF08/0006/C926,NO,45.09422,7.759514,52.0,185.34,416.776
PF09/0006/C926,NO,45.097771,7.760189,12.0,579.0,476.0
PF01/0007/C926,NO,45.093361,7.767991,52.0,79.713,1082.392
PF02/0007/C926,NO,45.095053,7.76982,52.0,265.399,1229.191
PF06/0007/C926,NO,45.09516,7.775103,52.0,271.029,1645.067
PF07/0007/C926,NO,45.093431,7.778003,52.0,75.537,1870.356
PF08/0007/C926,NO,45.09296,7.775408,52.0,26.216,1665.368
PF10/0007/C926,NO,45.094514,7.777053,52.0,196.962,1797.391
PF11/0007/C926,NO,45.096073,7.772273,52.0,375.786,1423.893
PF12/0007/C926,NO,45.092383,7.777598,52.0,-40.459,1836.745
PF01/0008/C926,NO,45.092495,7.754254,12.0,0.0,0.0
PF02/0008/C926,NO,45.090507,7.754399,52.0,-220.986,7.982
PF03/0008/C926,NO,45.090944,7.758025,52.0,-176.813,294.036
PF07/0008/C926,NO,45.088584,7.764198,52.0,-446.459,775.777
PF08/0008/C926,NO,45.090497,7.763124,52.0,-232.613,694.57
PF09/0008/C926,NO,45.092356,7.760561,52.0,-23.044,495.988
PF10/0008/C926,NO,45.089786,7.761833,52.0,-310.064,591.745
PF01/0009/C926,NO,45.092039,7.763087,8.0,-61.29,694.24
PF02/0009/C926,NO,45.092645,7.76564,52.0,2.922,896.196
PF01/0010/C926,NO,45.089225,7.765837,52.0,-377.196,905.918
PF02/0010/C926,NO,45.091308,7.769088,52.0,-149.712,1165.244
PF04/0010/C926,NO,45.086755,7.768408,52.0,-654.703,1103.989
PF05/0010/C926,NO,45.088828,7.770794,52.0,-427.267,1295.334
PF01/0011/C926,NO,45.089623,7.780918,52.0,-350.975,2093.36
PF02/0011/C926,NO,45.090522,7.776971,52.0,-246.382,1784.232
PF04/0011/C926,NO,45.092246,7.771562,52.0,-48.482,1361.471
PF05/0011/C926,NO,45.087441,7.776242,52.0,-587.791,1721.721
PF01/0999/C926,NO,45.102671,7.769689,8.0,1111.96,1231.77
PF02/0999/C926,NO,45.078384,7.77725,8.0,-1595.24,1785.85
PF03/0999/C926,NO,45.089963,7.72211,8.0,-241.75,-2533.87
PF04/0999/C926,NO,45.105088,7.736974,8.0,1420.1,-1337.97
PF05/0999/C926,NO,45.082877,7.751946,8.0,-1065.59,-198.14
PF06/0999/C926,NO,45.086763,7.746746,8.0,-627.61,-600.69
PF07/0999/C926,NO,45.090097,7.735965,8.0,-244.02,-1443.36
PF08/0999/C926,NO,45.099796,7.732307,8.0,837.92,-1714.29
PF09/0999/C926,NO,45.113532,7.744914,8.0,2348.46,-698.7
PF10/0999/C926,NO,45.111409,7.761283,8.0,2092.72,585.25
PF11/0999/C926,NO,45.06923,7.756362,8.0,-2587.02,126.06
PF12/0999/C926,NO,45.117472,7.736413,8.0,2796.55,-1360.57
PF13/0999/C926,NO,45.089604,7.749397,52.0,-315.255,-387.177
PF15/0999/C926,NO,45.097763,7.773264,52.0,562.444,1504.713
PF16/0999/C926,NO,45.088492,7.753194,52.0,-443.337,-90.335
PF17/0999/C926,NO,45.091833,7.747302,52.0,-65.008,-548.256
PF18/0999/C926,NO,45.105138,7.742402,12.0,1418.96,-910.83
PF19/0999/C926,NO,45.103553,7.748387,52.0,1235.656,-442.72
PF20/0999/C926,NO,45.10799,7.745362,52.0,1732.164,-673.023
PF01/0001/D162,NO,45.291664,8.044113,52.0,21815.79,23070.932
PF03/0001/D162,NO,45.293919,8.049027,52.0,22061.814,23459.236
PF05/0001/D162,NO,45.293163,8.041383,52.0,21984.87,22858.867
PF06/0001/D162,NO,45.295184,8.039947,52.0,22210.736,22748.881
PF07/0001/D162,NO,45.295557,8.043251,10.0,22249.1,23008.5
PF12/0001/D162,NO,45.297678,8.040759,52.0,22487.055,22815.854
PF13/0001/D162,NO,45.300087,8.038826,52.0,22756.526,22667.53
PF15/0001/D162,NO,45.296018,8.045672,52.0,22298.053,23198.892
PF16/0001/D162,NO,45.301639,8.04385,52.0,22924.205,23063.481
PF17/0001/D162,NO,45.301319,8.0413,52.0,22891.024,22863.15
PF18/0001/D162,NO,45.302113,8.037447,52.0,22982.891,22562.075
PF19/0001/D162,NO,45.304298,8.037206,52.0,23225.814,22546.071
PF22/0001/D162,NO,45.30358,8.046358,52.0,23137.587,23262.67
PF26/0001/D162,NO,45.306926,8.048454,52.0,23507.287,23431.391
PF28/0001/D162,NO,45.298636,8.048234,52.0,22586.612,23403.214
PF29/0001/D162,NO,45.293159,8.041345,52.0,21984.511,22855.895
PF30/0001/D162,NO,45.291855,8.046953,52.0,21834.455,23293.9
PF31/0001/D162,NO,45.305049,8.042087,52.0,23304.711,22929.761
PF32/0001/D162,NO,45.305193,8.039754,52.0,23322.908,22747.068
PF33/0001/D162,NO,45.296183,8.050003,52.0,22312.403,23538.74
PF34/0001/D162,NO,45.294441,8.042889,52.0,22125.43,22978.646
PF35/0001/D162,NO,45.299125,8.044894,10.0,22644.0,23142.0
PF01/0002/D162,NO,45.297335,8.059292,8.0,22431.88,24268.54
PF02/0002/D162,NO,45.304283,8.058389,7.0,23204.54,24206.78
PF03/0002/D162,NO,45.309103,8.057989,52.0,23740.432,24181.694
PF05/0002/D162,NO,45.308237,8.049858,52.0,23651.646,23543.167
PF07/0002/D162,NO,45.306519,8.052901,52.0,23458.033,23779.476
PF08/0002/D162,NO,45.307428,8.055105,52.0,23556.98,23953.451
PF10/0002/D162,NO,45.306208,8.060446,52.0,23416.507,24370.518
PF12/0002/D162,NO,45.304834,8.055265,52.0,23268.592,23962.604
PF13/0002/D162,NO,45.303911,8.05195,52.0,23169.188,23701.465
PF16/0002/D162,NO,45.302425,8.05684,52.0,22999.509,24082.91
PF17/0002/D162,NO,45.30442,8.061726,52.0,23216.735,24468.6
PF24/0002/D162,NO,45.298032,8.052168,52.0,22515.809,23710.912
PF25/0002/D162,NO,45.295573,8.053036,52.0,22241.827,23775.724
PF26/0002/D162,NO,45.296778,8.05558,52.0,22373.365,23976.817
PF27/0002/D162,NO,45.299279,8.056965,52.0,22649.988,24088.672
PF31/0002/D162,NO,45.311422,8.057708,52.0,23998.31,24162.667
PF34/0002/D162,NO,45.304454,8.061119,52.0,23221.085,24421.018
PF35/0002/D162,NO,45.29894,8.060644,52.0,22608.95,24376.631
PF36/0002/D162,NO,45.301252,8.060758,52.0,22865.654,24388.545
PF37/0002/D162,NO,45.300133,8.049999,52.0,22751.218,23543.613
PF01/0003/D162,NO,45.292125,8.050987,7.0,21860.71,23610.53
PF02/0003/D162,NO,45.294042,8.051365,52.0,22073.332,23642.683
PF03/0003/D162,NO,45.292711,8.054464,52.0,21922.551,23883.978
PF05/0003/D162,NO,45.291868,8.048566,52.0,21834.393,23420.425
PF06/0003/D162,NO,45.289986,8.050413,52.0,21623.575,23562.753
PF05/0004/D162,NO,45.292294,8.064746,52.0,21866.878,24689.701
PF06/0004/D162,NO,45.292164,8.061848,52.0,21855.05,24462.273
PF08/0004/D162,NO,45.292379,8.057574,52.0,21882.775,24127.433
PF09/0004/D162,NO,45.290964,8.056051,52.0,21727.03,24006.146
PF11/0004/D162,NO,45.288525,8.059383,52.0,21453.041,24264.235
PF14/0004/D162,NO,45.289512,8.067906,52.0,21554.873,24933.955
PF15/0004/D162,NO,45.288271,8.06411,52.0,21420.455,24634.62
PF16/0004/D162,NO,45.28646,8.062367,52.0,21220.822,24495.645
PF19/0004/D162,NO,45.284732,8.065284,52.0,21026.211,24722.176
PF21/0004/D162,NO,45.294909,8.056776,52.0,22164.653,24068.098
PF22/0004/D162,NO,45.29462,8.060076,52.0,22129.508,24326.498
PF01/0005/D162,NO,45.29115,8.041393,8.0,21761.29,22856.94
PF02/0005/D162,NO,45.28897,8.04022,52.0,21520.201,22762.077
PF03/0005/D162,NO,45.289621,8.045161,52.0,21587.893,23150.448
PF05/0005/D162,NO,45.29128,8.053621,52.0,21764.414,23816.012
PF09/0005/D162,NO,45.287314,8.049609,52.0,21327.523,23496.248
PF11/0005/D162,NO,45.287009,8.04351,52.0,21299.231,23017.545
PF12/0005/D162,NO,45.286338,8.041106,52.0,21226.979,22828.116
PF13/0005/D162,NO,45.283919,8.042877,52.0,20956.557,22963.789
PF14/0005/D162,NO,45.285441,8.04485,52.0,21123.776,23120.513
PF20/0005/D162,NO,45.283525,8.047259,52.0,20908.678,23306.923
PF23/0005/D162,NO,45.286261,8.048866,52.0,21211.144,23436.561
PF24/0005/D162,NO,45.28479,8.050874,52.0,21045.951,23592.077
PF25/0005/D162,NO,45.289241,8.053943,52.0,21537.544,23838.606
PF26/0005/D162,NO,45.291686,8.046867,12.0,21815.7,23286.9
PF01/0006/D162,NO,45.276397,8.047316,8.0,20116.74,23302.03
PF02/0006/D162,NO,45.278397,8.044597,52.0,20341.515,23091.381
PF04/0006/D162,NO,45.277989,8.048548,52.0,20292.452,23400.758
PF05/0006/D162,NO,45.276339,8.050276,52.0,20107.55,23534.113
PF14/0006/D162,NO,45.280498,8.050545,52.0,20569.356,23560.679
PF15/0006/D162,NO,45.282346,8.044502,52.0,20780.247,23089.171
PF16/0006/D162,NO,45.272108,8.045494,10.0,19642.0,23153.5
PF17/0006/D162,NO,45.278975,8.052919,10.0,20398.0,23744.9
PF18/0006/D162,NO,45.280527,8.043773,52.0,20578.911,23029.626
PF01/0007/D162,NO,45.287752,8.056481,52.0,21369.797,24035.694
PF02/0007/D162,NO,45.287491,8.06075,52.0,21336.911,24370.134
PF08/0007/D162,NO,45.283082,8.061013,52.0,20846.801,24385.037
PF20/0007/D162,NO,45.275042,8.055245,52.0,19958.958,23922.182
PF30/0007/D162,NO,45.278844,8.054131,52.0,20382.336,23839.77
PF31/0007/D162,NO,45.278933,8.063083,52.0,20384.038,24542.065
PF32/0007/D162,NO,45.276807,8.059938,52.0,20150.747,24292.626
PF33/0007/D162,NO,45.280126,8.056785,52.0,20522.264,24049.626
PF34/0007/D162,NO,45.285129,8.058074,12.0,21076.912,24157.176
PF01/0999/D162,NO,45.298284,8.066367,52.0,22530.78,24824.535
PF02/0999/D162,NO,45.295142,8.064543,52.0,22183.471,24677.439
PF04/0001/D216,NO,45.319836,7.989723,52.0,24997.624,18845.178
PF18/0001/D216,NO,45.319139,7.992996,52.0,24916.949,19100.713
PF19/0001/D216,NO,45.31761,7.989312,52.0,24750.709,18809.817
PF20/0001/D216,NO,45.319768,7.989449,52.0,24990.396,18823.592
PF21/0001/D216,NO,45.321703,7.98154,12.0,25213.121,18206.426
PF01/0002/D216,NO,45.32336,7.99528,7.0,25383.73,19285.56
PF03/0002/D216,NO,45.320726,7.996688,52.0,25089.71,19392.31
PF04/0002/D216,NO,45.323843,7.998829,52.0,25433.835,19564.399
PF06/0002/D216,NO,45.325183,7.992244,52.0,25589.224,19050.187
PF09/0002/D216,NO,45.322488,8.001494,52.0,25280.763,19771.4
PF10/0002/D216,NO,45.324892,8.000995,52.0,25548.355,19735.545
PF16/0002/D216,NO,45.321344,8.003734,52.0,25151.437,19945.369
PF23/0002/D216,NO,45.324501,7.989367,52.0,25516.224,18823.751
PF24/0002/D216,NO,45.322075,7.998164,52.0,25238.161,19509.842
PF26/0002/D216,NO,45.323109,8.008409,52.0,25343.071,20314.147
PF27/0002/D216,NO,45.326159,8.007003,52.0,25683.294,20208.14
PF29/0002/D216,NO,45.321741,7.993255,52.0,25205.849,19124.645
PF30/0002/D216,NO,45.32096,8.001287,52.0,25111.186,19753.034
PF31/0002/D216,NO,45.327177,8.003752,52.0,25799.538,19954.809
PF32/0002/D216,NO,45.324357,8.004888,52.0,25485.114,20039.972
PF33/0002/D216,NO,45.325184,7.995887,52.0,25585.755,19335.646
PF34/0002/D216,NO,45.327707,7.993085,52.0,25868.756,19119.58
PF35/0002/D216,NO,45.3251,8.009339,12.0,25563.35,20389.75
PF01/0003/D216,NO,45.32035,8.004493,8.0,25040.34,20003.45
PF02/0003/D216,NO,45.318785,7.996881,52.0,24873.878,19404.685
PF03/0003/D216,NO,45.31899,7.999391,52.0,24894.154,19601.714
PF05/0003/D216,NO,45.319027,8.00838,52.0,24889.642,20306.33
PF06/0003/D216,NO,45.31747,8.009258,52.0,24715.8,20372.992
PF08/0003/D216,NO,45.31648,7.999166,52.0,24615.511,19580.655
PF11/0003/D216,NO,45.314493,7.995993,52.0,24397.913,19329.175
PF13/0003/D216,NO,45.315471,8.001346,52.0,24501.389,19750.11
PF14/0003/D216,NO,45.313543,8.002551,52.0,24286.004,19841.925
PF15/0003/D216,NO,45.315185,8.006423,52.0,24464.605,20147.662
PF16/0003/D216,NO,45.313805,8.009201,52.0,24308.637,20363.545
PF17/0003/D216,NO,45.312002,7.996919,52.0,24120.244,19398.28
PF18/0003/D216,NO,45.316197,7.996272,52.0,24586.967,19353.424
PF19/0003/D216,NO,45.318394,7.993582,52.0,24833.679,19145.597
PF20/0003/D216,NO,45.317991,8.003559,52.0,24779.171,19927.026
PF02/0004/D216,NO,45.320257,8.012151,52.0,25022.652,20603.568
PF03/0004/D216,NO,45.319948,8.016361,52.0,24984.221,20933.141
PF04/0004/D216,NO,45.319662,8.020093,52.0,24948.913,21225.184
PF11/0004/D216,NO,45.315303,8.015114,10.0,24469.438,20829.075
PF13/0004/D216,NO,45.312084,8.010771,52.0,24115.926,20484.283
PF15/0004/D216,NO,45.313692,8.017583,52.0,24288.07,21020.405
PF22/0004/D216,NO,45.318255,8.012345,52.0,24799.948,20616.036
PF23/0004/D216,NO,45.315676,8.012351,52.0,24513.439,20613.012
PF25/0004/D216,NO,45.321189,8.010152,52.0,25128.062,20448.126
PF26/0004/D216,NO,45.318338,8.018445,52.0,24803.345,21094.284
PF01/0005/D216,NO,45.305988,7.99149,8.0,23457.49,18964.39
PF02/0005/D216,NO,45.310796,7.986784,7.0,23996.24,18602.13
PF06/0005/D216,NO,45.315239,7.992478,52.0,24484.172,19054.676
PF11/0005/D216,NO,45.314594,7.989783,52.0,24415.232,18842.523
PF12/0005/D216,NO,45.312951,7.992816,52.0,24229.701,19078.028
PF15/0005/D216,NO,45.309636,7.983041,52.0,23871.005,18307.11
PF17/0005/D216,NO,45.310916,7.993514,52.0,24002.987,19129.855
PF18/0005/D216,NO,45.309455,7.990352,52.0,23843.712,18880.013
PF21/0005/D216,NO,45.307642,7.989336,52.0,23643.336,18797.824
PF22/0005/D216,NO,45.30848,7.993015,52.0,23732.83,19087.417
PF25/0005/D216,NO,45.312763,7.989539,52.0,24212.038,18820.863
PF26/0005/D216,NO,45.314768,7.985087,52.0,24439.202,18474.687
PF27/0005/D216,NO,45.316318,7.982473,52.0,24613.986,18271.949
PF30/0005/D216,NO,45.31296,7.985101,12.0,24238.25,18473.3
PF31/0005/D216,NO,45.313636,7.988162,12.0,24310.4,18714.15
PF01/0006/D216,NO,45.306024,7.981033,52.0,23471.738,18144.621
PF02/0006/D216,NO,45.30619,7.995226,52.0,23476.198,19257.531
PF03/0006/D216,NO,45.303789,7.993504,52.0,23211.154,19119.227
PF04/0006/D216,NO,45.303711,7.990778,52.0,23205.151,18905.394
PF05/0006/D216,NO,45.304955,7.987824,52.0,23346.332,18675.556
PF10/0006/D216,NO,45.302494,7.975205,52.0,23085.415,17682.752
PF20/0006/D216,NO,45.301269,7.984161,52.0,22940.43,18383.178
PF37/0006/D216,NO,45.30522,7.987672,52.0,23375.929,18663.993
PF38/0006/D216,NO,45.303656,7.990517,52.0,23199.373,18884.825
PF39/0006/D216,NO,45.302215,7.983701,52.0,23045.98,18348.476
PF40/0006/D216,NO,45.095436,8.049764,183.0,11.03,23257.413
PF41/0006/D216,NO,45.095419,8.047725,176.0,11.03,23096.978
PF42/0006/D216,NO,45.301111,7.979722,52.0,22927.267,18034.979
PF01/0007/D216,NO,45.311734,7.999741,52.0,24087.78,19619.167
PF05/0007/D216,NO,45.310327,8.007766,52.0,23923.639,20246.281
PF06/0007/D216,NO,45.309598,8.002119,52.0,23848.167,19802.595
PF09/0007/D216,NO,45.308051,8.000768,52.0,23677.549,19694.618
PF10/0007/D216,NO,45.308837,8.004093,52.0,23761.708,19956.295
PF12/0007/D216,NO,45.307096,8.009995,52.0,23562.538,20416.648
PF17/0007/D216,NO,45.304251,8.00537,52.0,23250.925,20050.099
PF23/0007/D216,NO,45.302259,8.00488,52.0,23030.08,20008.995
PF25/0007/D216,NO,45.299862,8.004789,52.0,22763.937,19998.552
PF29/0007/D216,NO,45.30818,8.006029,52.0,23686.857,20107.159
PF32/0007/D216,NO,45.306638,8.00152,52.0,23519.829,19751.609
PF33/0007/D216,NO,45.312413,8.007175,52.0,24155.981,20202.805
PF34/0007/D216,NO,45.30597,8.00655,52.0,23440.813,20145.003
PF35/0007/D216,NO,45.298891,8.002819,52.0,22657.936,19842.778
PF36/0007/D216,NO,45.311041,8.003009,12.0,24007.55,19874.35
PF01/0001/D309,NO,45.097871,7.749188,8.0,603.45,-389.44
PF09/0001/D309,NO,45.099079,7.74571,10.0,741.9,-661.0
PF10/0001/D309,NO,45.095762,7.748205,52.0,370.273,-470.42
PF12/0001/D309,NO,45.097132,7.745471,52.0,525.9,-683.181
PF13/0001/D309,NO,45.093806,7.745169,52.0,156.777,-712.71
PF14/0001/D309,NO,45.096378,7.748589,52.0,438.268,-439.138
PF15/0001/D309,NO,45.0944,7.751241,52.0,215.296,-233.883
PF16/0001/D309,NO,45.10008,7.746735,52.0,851.751,-578.679
PF06/0002/D309,NO,45.100404,7.753276,52.0,879.842,-63.455
PF08/0002/D309,NO,45.098219,7.7613,52.0,627.438,564.169
PF09/0002/D309,NO,45.096692,7.756231,52.0,463.877,162.709
PF10/0002/D309,NO,45.096915,7.753931,52.0,491.473,-17.895
PF11/0002/D309,NO,45.0991,7.756614,52.0,730.923,196.976
PF12/0002/D309,NO,45.098202,7.751754,52.0,637.019,-186.968
PF04/0003/D309,NO,45.09211,7.754498,8.0,-43.0,18.5
PF05/0003/D309,NO,45.092088,7.754078,8.0,-45.0,-14.6
PF07/0003/D309,NO,45.092213,7.754759,8.0,-31.85,39.25
PF08/0003/D309,NO,45.092326,7.754427,8.0,-19.0,13.25
PF09/0003/D309,NO,45.092676,7.753215,52.0,21.458,-81.521
PF02/0004/D309,NO,45.092824,7.761781,8.0,27.5,592.8
PF05/0004/D309,NO,45.095372,7.756687,52.0,316.738,196.326
PF06/0004/D309,NO,45.096103,7.760049,52.0,393.856,462.091
PF08/0004/D309,NO,45.093267,7.76297,52.0,75.273,687.12
PF09/0004/D309,NO,45.093629,7.758275,52.0,121.157,318.325
PF12/0004/D309,NO,45.088895,7.755094,52.0,-400.944,59.939
PF13/0004/D309,NO,45.089264,7.757856,52.0,-363.257,277.886
PF14/0004/D309,NO,45.08883,7.760225,52.0,-414.336,463.582
PF16/0004/D309,NO,45.090935,7.752811,52.0,-171.526,-116.289
PF17/0004/D309,NO,45.094197,7.755307,52.0,187.84,85.705
PF18/0004/D309,NO,45.094105,7.752927,52.0,180.497,-101.736
PF19/0004/D309,NO,45.091682,7.759338,52.0,-96.396,398.617
PF21/0004/D309,NO,45.091475,7.755687,12.0,-115.0,111.0
PF02/0005/D309,NO,45.082931,7.742416,8.0,-1047.97,-948.07
PF03/0005/D309,NO,45.088789,7.752085,52.0,-409.016,-177.077
PF06/0005/D309,NO,45.085802,7.749578,52.0,-737.816,-379.471
PF08/0005/D309,NO,45.090538,7.747041,52.0,-208.611,-571.03
PF09/0005/D309,NO,45.088932,7.742428,52.0,-381.326,-936.804
PF02/0006/D309,NO,45.087335,7.753528,52.0,-572.266,-66.016
PF06/0006/D309,NO,45.086959,7.761253,52.0,-623.419,541.313
PF10/0006/D309,NO,45.086992,7.752947,52.0,-609.7,-112.309
PF11/0006/D309,NO,45.087039,7.757074,52.0,-609.479,212.535
PF12/0006/D309,NO,45.084871,7.757491,52.0,-850.841,241.633
PF13/0006/D309,NO,45.085343,7.754512,52.0,-794.813,8.043
PF03/0007/D309,NO,45.082369,7.752022,52.0,-1122.157,-193.06
PF02/0008/D309,NO,45.082931,7.759274,8.0,-1068.5,378.7
PF04/0008/D309,NO,45.076941,7.763048,62.0,-1738.538,665.549
PF06/0008/D309,NO,45.082533,7.758425,52.0,-1111.75,311.186
PF02/0009/D309,NO,45.07279,7.74693,52.0,-2180.052,-610.302
PF03/0009/D309,NO,45.072733,7.744545,52.0,-2183.51,-798.146
PF02/0010/D309,NO,45.076109,7.753626,8.0,-1819.5,-77.5
PF03/0010/D309,NO,45.073152,7.762371,8.0,-2158.6,605.8
PF04/0010/D309,NO,45.077649,7.755933,52.0,-1651.275,106.697
PF05/0010/D309,NO,45.072448,7.758171,52.0,-2231.707,273.957
PF06/0010/D309,NO,45.075535,7.760818,52.0,-1891.976,487.612
PF07/0010/D309,NO,45.077642,7.755836,52.0,-1651.888,99.06
PF01/0999/D309,NO,45.118446,7.756717,8.0,2879.99,238.11
PF02/0999/D309,NO,45.060874,7.74181,8.0,-3497.63,-1033.92
PF03/0999/D309,NO,45.067466,7.729908,8.0,-2750.61,-1959.48
PF04/0999/D309,NO,45.067872,7.765127,8.0,-2748.47,813.77
PF05/0999/D309,NO,45.072624,7.768975,8.0,-2225.22,1124.72
PF06/0999/D309,NO,45.084087,7.77002,8.0,-953.02,1226.36
PF07/0999/D309,NO,45.099502,7.768389,8.0,761.45,1124.13
PF08/0999/D309,NO,45.104936,7.768142,8.0,1365.33,1113.87
PF09/0999/D309,NO,45.110971,7.751642,8.0,2055.71,-173.88
PF10/0999/D309,NO,45.099781,7.733101,8.0,835.28,-1651.89
PF11/0999/D309,NO,45.089575,7.729223,8.0,-293.72,-1974.8
PF12/0999/D309,NO,45.069792,7.741878,8.0,-2506.99,-1013.1
PF13/0999/D309,NO,45.078876,7.710996,8.0,-1459.56,-3428.11
PF14/0999/D309,NO,45.114257,7.739488,8.0,2435.56,-1124.31
PF15/0999/D309,NO,45.052183,7.760109,8.0,-4485.38,392.04
PF16/0999/D309,NO,45.0718,7.753271,8.0,-2297.84,-112.83
PF17/0999/D309,NO,45.08177,7.726284,8.0,-1157.09,-2219.73
PF18/0999/D309,NO,45.100824,7.744511,8.0,937.15,-752.36
PF19/0999/D309,NO,45.102378,7.762627,8.0,1087.83,675.64
PF20/0999/D309,NO,45.102488,7.750791,8.0,1114.36,-255.42
PF21/0999/D309,NO,45.096733,7.744701,8.0,482.46,-744.48
PF22/0999/D309,NO,45.10855,7.752314,8.0,1785.95,-125.14
PF23/0999/D309,NO,45.103271,7.75465,8.0,1196.62,49.58
PF24/0999/D309,NO,45.104003,7.759354,8.0,1272.29,420.89
PF25/0999/D309,NO,45.095878,7.764473,8.0,363.5,809.8
PF26/0999/D309,NO,45.088359,7.762715,8.0,-469.7,658.75
PF27/0999/D309,NO,45.092186,7.766985,8.0,-49.7,1001.2
PF28/0999/D309,NO,45.077803,7.767224,8.0,-1647.8,995.7
PF29/0999/D309,NO,45.089469,7.741565,8.0,-320.63,-1003.75
PF30/0999/D309,NO,45.06769,7.771932,8.0,-2776.85,1349.2
PF32/0999/D309,NO,45.082994,7.768118,52.0,-1072.194,1074.822
PF34/0999/D309,NO,45.099276,7.762315,52.0,743.644,645.801
PF35/0999/D309,NO,45.084035,7.761279,52.0,-948.262,538.379
PF36/0999/D309,NO,45.09573,7.742822,52.0,373.314,-893.996
PF37/0999/D309,NO,45.106067,7.753415,52.0,1508.733,-42.839
PF01/0001/D347,NO,45.099129,7.756956,52.0,733.738,223.917
PF02/0001/D347,NO,45.098009,7.759703,52.0,606.024,438.111
PF03/0001/D347,NO,45.097458,7.755391,52.0,550.049,97.937
PF04/0001/D347,NO,45.09649,7.763092,10.0,433.2,702.2
PF05/0001/D347,NO,45.095958,7.757685,52.0,380.553,275.847
PF06/0001/D347,NO,45.094523,7.757931,52.0,220.931,292.76
PF07/0001/D347,NO,45.09267,7.759771,52.0,12.814,434.362
PF09/0001/D347,NO,45.096011,7.76158,52.0,381.754,582.432
PF10/0001/D347,NO,45.099892,7.759343,52.0,815.57,412.995
PF11/0001/D347,NO,45.099914,7.763918,52.0,812.551,773.034
PF01/0002/D347,NO,45.095502,7.764687,10.0,321.5,826.0
PF02/0002/D347,NO,45.094123,7.76738,8.0,165.09,1035.58
PF03/0002/D347,NO,45.093401,7.762009,8.0,91.27,611.72
PF04/0002/D347,NO,45.092942,7.767311,52.0,33.952,1028.176
PF05/0002/D347,NO,45.09105,7.762074,52.0,-169.938,612.855
PF06/0002/D347,NO,45.092677,7.763102,52.0,9.561,696.522
PF07/0002/D347,NO,45.088917,7.764278,52.0,-409.538,782.702
PF08/0002/D347,NO,45.094015,7.767196,52.0,153.306,1020.908
PF09/0002/D347,NO,45.093328,7.768627,52.0,75.285,1132.367
PF02/0003/D347,NO,45.092799,7.75047,52.0,38.406,-297.295
PF03/0003/D347,NO,45.092495,7.754254,8.0,0.0,0.0
PF04/0003/D347,NO,45.091298,7.756576,52.0,-135.707,180.672
PF05/0003/D347,NO,45.090665,7.74986,52.0,-197.936,-348.956
PF06/0003/D347,NO,45.090809,7.752522,52.0,-185.16,-139.219
PF07/0003/D347,NO,45.088825,7.757947,52.0,-412.167,284.318
PF09/0003/D347,NO,45.088855,7.754802,52.0,-405.023,36.848
PF10/0003/D347,NO,45.094766,7.753841,52.0,252.875,-28.64
PF01/0004/D347,NO,45.090492,7.760717,10.0,-230.3,505.1
PF02/0004/D347,NO,45.088203,7.761462,52.0,-485.5,559.85
PF05/0004/D347,NO,45.086963,7.750169,10.0,-609.6,-331.0
PF09/0004/D347,NO,45.091992,7.75982,52.0,-62.62,437.087
PF10/0004/D347,NO,45.088267,7.758584,52.0,-474.892,333.499
PF11/0004/D347,NO,45.086512,7.758222,52.0,-669.415,301.986
PF13/0004/D347,NO,45.084889,7.754018,52.0,-844.687,-31.632
PF01/0005/D347,NO,45.083253,7.75104,10.0,-1022.8,-268.8
PF02/0005/D347,NO,45.081347,7.752686,10.0,-1236.5,-142.5
PF03/0005/D347,NO,45.080168,7.74986,10.0,-1364.0,-367.0
PF05/0005/D347,NO,45.08283,7.754591,52.0,-1074.036,9.944
PF03/0006/D347,NO,45.090457,7.752857,52.0,-224.679,-113.43
PF04/0006/D347,NO,45.088739,7.749653,52.0,-411.687,-368.504
PF05/0006/D347,NO,45.088193,7.754913,52.0,-478.654,44.48
PF06/0006/D347,NO,45.08917,7.757319,52.0,-373.086,235.438
PF07/0006/D347,NO,45.087572,7.745056,52.0,-535.68,-732.337
PF08/0006/D347,NO,45.086504,7.750381,52.0,-660.812,-315.11
PF09/0006/D347,NO,45.086937,7.754186,52.0,-617.338,-14.9
PF11/0006/D347,NO,45.090202,7.747061,12.0,-246.0,-570.0
PF12/0006/D347,NO,45.092136,7.749616,52.0,-34.243,-365.631
PF01/0007/D347,NO,45.092747,7.752084,52.0,30.651,-170.379
PF02/0007/D347,NO,45.092495,7.754254,8.0,0.0,0.0
PF03/0007/D347,NO,45.090959,7.753935,52.0,-170.269,-27.774
PF04/0007/D347,NO,45.090941,7.756346,52.0,-175.107,161.896
PF03/0008/D347,NO,45.091358,7.761118,52.0,-134.526,538.178
PF04/0008/D347,NO,45.091714,7.762851,52.0,-97.109,675.132
PF05/0008/D347,NO,45.091687,7.758552,52.0,-94.923,336.791
PF06/0008/D347,NO,45.091216,7.764639,10.0,-154.6,815.0
PF07/0008/D347,NO,45.088938,7.76051,52.0,-402.685,486.173
PF08/0008/D347,NO,45.089194,7.757845,62.0,-370.97,276.897
PF10/0008/D347,NO,45.086483,7.759781,52.0,-674.58,424.618
PF11/0008/D347,NO,45.090202,7.763453,52.0,-265.828,719.95
PF12/0008/D347,NO,45.093677,7.761316,52.0,122.773,557.661
PF13/0008/D347,NO,45.094666,7.763839,52.0,229.683,757.915
PF14/0008/D347,NO,45.089173,7.766393,52.0,-383.625,949.559
PF15/0008/D347,NO,45.0948,7.760978,52.0,247.925,532.968
PF01/0009/D347,NO,45.084195,7.755973,52.0,-924.067,121.069
PF02/0009/D347,NO,45.083212,7.751157,8.0,-1027.52,-259.63
PF03/0009/D347,NO,45.080637,7.754711,52.0,-1317.861,15.616
PF05/0009/D347,NO,45.086169,7.757034,52.0,-706.051,207.948
PF06/0009/D347,NO,45.078291,7.754767,52.0,-1578.537,16.057
PF01/0010/D347,NO,45.086261,7.764835,8.0,-705.27,821.97
PF02/0010/D347,NO,45.085444,7.762939,52.0,-793.744,671.401
PF04/0010/D347,NO,45.083901,7.765475,52.0,-968.269,868.35
PF08/0010/D347,NO,45.082224,7.766934,52.0,-1156.306,980.336
PF09/0010/D347,NO,45.083877,7.768793,52.0,-974.815,1129.485
PF10/0010/D347,NO,45.084768,7.759713,52.0,-865.013,416.331
PF11/0010/D347,NO,45.083352,7.763071,52.0,-1026.336,678.267
PF12/0010/D347,NO,45.082633,7.758804,52.0,-1101.035,341.202
PF13/0010/D347,NO,45.080083,7.762489,52.0,-1388.827,626.891
PF14/0010/D347,NO,45.086216,7.76475,52.0,-710.191,815.202
PF01/0998/D347,NO,45.096662,7.752403,52.0,465.16,-138.581
PF02/0998/D347,NO,45.086223,7.763147,52.0,-707.428,689.086
PF03/0998/D347,NO,45.078437,7.747341,52.0,-1553.306,-568.2
PF04/0998/D347,NO,45.080627,7.747023,52.0,-1309.585,-589.461
PF05/0998/D347,NO,45.096054,7.748343,52.0,402.603,-459.056
PF06/0998/D347,NO,45.085569,7.760719,52.0,-777.239,496.921
PF07/0998/D347,NO,45.08635,7.763117,52.0,-693.354,686.969
PF08/0998/D347,NO,45.101412,7.75638,52.0,988.065,182.473
PF09/0998/D347,NO,45.098233,7.754548,52.0,637.113,32.888
PF10/0998/D347,NO,45.087768,7.766019,52.0,-539.302,917.732
PF11/0998/D347,NO,45.090069,7.772304,52.0,-291.157,1416.221
PF12/0998/D347,NO,45.09885,7.750586,52.0,710.5,-277.765
PF13/0998/D347,NO,45.087531,7.770004,52.0,-570.381,1230.927
PF14/0998/D347,NO,45.090094,7.772313,12.0,-288.436,1416.942
PF15/0998/D347,NO,45.101816,7.759808,12.0,1028.816,452.904
PF01/0999/D347,NO,45.076605,7.762193,8.0,-1774.8,597.64
PF02/0999/D347,NO,45.094927,7.792175,8.0,224.96,2988.0
PF03/0999/D347,NO,45.112337,7.736711,8.0,2225.68,-1346.05
PF04/0999/D347,NO,45.114955,7.752637,8.0,2497.15,-88.77
PF05/0999/D347,NO,45.110706,7.778386,8.0,1994.15,1929.47
PF06/0999/D347,NO,45.085887,7.76529,8.0,-747.35,857.18
PF07/0999/D347,NO,45.0984,7.746833,8.0,665.02,-573.83
PF08/0999/D347,NO,45.102812,7.741944,8.0,1161.2,-950.9
PF09/0999/D347,NO,45.103199,7.755,8.0,1188.27,76.97
PF10/0999/D347,NO,45.080092,7.777686,8.0,-1405.95,1823.03
PF11/0999/D347,NO,45.101533,7.78114,8.0,971.8,2130.78
PF12/0999/D347,NO,45.117312,7.767351,8.0,2741.25,1072.6
PF13/0999/D347,NO,45.121563,7.741603,8.0,3244.64,-945.26
PF14/0999/D347,NO,45.109422,7.730908,8.0,1909.01,-1807.61
PF15/0999/D347,NO,45.099102,7.743218,8.0,747.48,-857.07
PF16/0999/D347,NO,45.100008,7.750972,8.0,838.64,-245.38
PF17/0999/D347,NO,45.100731,7.756344,8.0,912.42,178.53
PF18/0999/D347,NO,45.085108,7.735554,8.0,-797.75,-1484.34
PF19/0999/D347,NO,45.09195,7.742753,8.0,-46.53,-905.97
PF20/0999/D347,NO,45.094074,7.726389,8.0,209.56,-2189.99
PF21/0999/D347,NO,45.080987,7.770154,10.0,-1297.5,1231.7
PF22/0999/D347,NO,45.079074,7.770103,11.0,-1510.05,1224.45
PF23/0999/D347,NO,45.087823,7.766006,52.0,-533.184,916.787
PF24/0999/D347,NO,45.096321,7.755625,52.0,423.445,114.402
PF26/0999/D347,NO,45.098394,7.758288,52.0,650.533,327.438
PF27/0999/D347,NO,45.098148,7.761137,52.0,619.676,551.168
PF28/0999/D347,NO,45.09034,7.74519,52.0,-228.287,-717.001
PF29/0999/D347,NO,45.081275,7.75868,52.0,-1251.786,329.135
PF32/0999/D347,NO,45.096651,7.752417,52.0,463.952,-137.487
PF33/0999/D347,NO,45.079008,7.759681,52.0,-1504.856,404.002
PF34/0999/D347,NO,45.081337,7.758649,52.0,-1244.881,326.788
PF35/0999/D347,NO,45.094742,7.750455,52.0,254.294,-295.154
PF36/0999/D347,NO,45.096035,7.748362,52.0,400.454,-457.606
PF04/0002/D492,NO,45.106298,7.763142,20.0,1522.726,722.846
PF07/0004/D492,NO,45.105922,7.752076,21.0,1494.346,-148.422
PF02/0005/D492,NO,45.101721,7.739747,21.0,1042.655,-1125.631
PF03/0008/D492,NO,45.097733,7.744213,52.0,594.177,-781.12
PF08/0008/D492,NO,45.09365,7.74515,52.0,139.42,-714.434
PF13/0008/D492,NO,45.102419,7.743881,52.0,1115.136,-799.143
PF16/0008/D492,NO,45.099372,7.746665,21.0,773.283,-585.339
PF05/0009/D492,NO,45.09641,7.750733,52.0,439.243,-270.347
PF09/0009/D492,NO,45.096074,7.756218,21.0,395.262,160.655
PF04/0011/D492,NO,45.08852,7.756796,52.0,-444.68,193.213
PF08/0011/D492,NO,45.09175,7.757643,52.0,-86.846,265.371
PF09/0011/D492,NO,45.087136,7.758344,21.0,-600.229,312.639
PF02/0012/D492,NO,45.095857,7.746775,21.0,382.619,-582.801
PF03/0013/D492,NO,45.092595,7.751095,21.0,14.939,-248.41
PF01/0014/D492,NO,45.091801,7.747182,52.0,-68.426,-557.75
PF03/0014/D492,NO,45.090203,7.749186,52.0,-248.383,-402.773
PF13/0014/D492,NO,45.085725,7.755316,52.0,-753.283,71.936
PF15/0014/D492,NO,45.087999,7.750642,52.0,-495.047,-291.961
PF16/0014/D492,NO,45.08951,7.74502,21.0,-320.337,-731.78
PF04/0015/D492,NO,45.091878,7.740377,52.0,-51.598,-1093.115
PF05/0015/D492,NO,45.087635,7.734755,52.0,-516.076,-1542.861
PF08/0015/D492,NO,45.092698,7.732793,12.0,48.873,-1688.448
PF09/0015/D492,NO,45.087494,7.742649,21.0,-541.373,-921.876
PF04/0016/D492,NO,45.083118,7.733937,21.0,-1016.805,-1615.12
PF02/0017/D492,NO,45.08533,7.749914,52.0,-790.69,-353.876
PF04/0017/D492,NO,45.085427,7.746445,52.0,-775.61,-626.678
PF05/0017/D492,NO,45.08216,7.747506,21.0,-1139.914,-548.822
PF01/0001/D675,NO,45.311441,8.014156,52.0,24041.236,20748.735
PF02/0001/D675,NO,45.30873,8.015191,7.0,23739.07,20826.14
PF04/0001/D675,NO,45.307235,8.014934,52.0,23573.283,20804.012
PF05/0001/D675,NO,45.305305,8.017651,52.0,23356.239,21014.388
PF07/0001/D675,NO,45.303678,8.014851,52.0,23178.19,20792.618
PF08/0001/D675,NO,45.302401,8.018668,52.0,23032.624,21090.178
PF10/0001/D675,NO,45.309657,8.011063,52.0,23846.011,20503.793
PF11/0001/D675,NO,45.311207,8.017141,52.0,24012.373,20982.412
PF13/0001/D675,NO,45.301372,8.016181,52.0,22920.689,20893.825
PF14/0001/D675,NO,45.302863,8.021754,52.0,23081.014,21332.77
PF15/0001/D675,NO,45.307339,8.018645,52.0,23581.237,21095.036
PF16/0001/D675,NO,45.305488,8.013428,52.0,23380.61,20683.522
PF17/0001/D675,NO,45.309114,8.017731,52.0,23779.35,21025.813
PF02/0002/D675,NO,45.311498,8.026056,52.0,24036.287,21681.587
PF09/0002/D675,NO,45.304974,8.029022,52.0,23308.649,21905.409
PF11/0002/D675,NO,45.304131,8.031843,7.0,23212.29,22125.39
PF13/0002/D675,NO,45.303102,8.027341,52.0,23102.231,21771.101
PF14/0002/D675,NO,45.307446,8.025831,52.0,23586.337,21658.554
PF15/0002/D675,NO,45.309943,8.029013,52.0,23860.652,21911.313
PF16/0002/D675,NO,45.095391,8.050835,219.0,5.02,23341.654
PF17/0002/D675,NO,45.307554,8.029605,52.0,23594.707,21954.54
PF18/0002/D675,NO,45.30704,8.023556,52.0,23543.335,21479.643
PF19/0002/D675,NO,45.30488,8.025194,52.0,23301.807,21605.183
PF04/0003/D675,NO,45.305479,8.031858,52.0,23362.037,22128.352
PF05/0003/D675,NO,45.30297,8.034203,52.0,23081.144,22308.908
PF06/0003/D675,NO,45.300812,8.032099,52.0,22843.415,22141.017
PF09/0003/D675,NO,45.29831,8.03625,52.0,22561.475,22463.154
PF10/0003/D675,NO,45.297545,8.030179,52.0,22482.263,21986.178
PF11/0003/D675,NO,45.309813,8.033157,52.0,23842.324,22236.029
PF12/0003/D675,NO,45.298702,8.033182,52.0,22607.968,22223.118
PF13/0003/D675,NO,45.306688,8.035373,52.0,23493.058,22405.557
PF14/0003/D675,NO,45.300081,8.037743,52.0,22756.868,22582.626
PF01/0004/D675,NO,45.296434,8.008602,10.0,22379.4,20292.8
PF10/0004/D675,NO,45.296432,8.008602,52.0,22379.137,20292.857
PF13/0004/D675,NO,45.294606,8.017027,62.0,22168.196,20950.947
PF16/0004/D675,NO,45.299022,8.00716,52.0,22668.316,20183.309
PF17/0004/D675,NO,45.297415,8.011365,52.0,22485.712,20510.831
PF18/0004/D675,NO,45.29459,8.010464,52.0,22172.77,20436.314
PF19/0004/D675,NO,45.301422,8.010155,52.0,22932.026,20421.405
PF20/0004/D675,NO,45.297167,8.014746,12.0,22454.933,20775.553
PF21/0004/D675,NO,45.293938,8.014592,52.0,22096.337,20759.078
PF05/0005/D675,NO,45.296613,8.019445,52.0,22388.844,21143.24
PF06/0005/D675,NO,45.297166,8.023212,52.0,22446.765,21439.401
PF14/0005/D675,NO,45.292992,8.024571,52.0,21981.716,21540.358
PF15/0005/D675,NO,45.29034,8.023751,52.0,21687.835,21472.411
PF16/0005/D675,NO,45.291029,8.026836,52.0,21761.449,21715.276
PF18/0005/D675,NO,45.298199,8.020719,52.0,22563.901,21245.301
PF19/0005/D675,NO,45.300478,8.021844,52.0,22815.965,21336.618
PF21/0005/D675,NO,45.287341,8.027579,52.0,21351.1,21768.577
PF22/0005/D675,NO,45.300639,8.026136,52.0,22829.804,21673.344
PF23/0005/D675,NO,45.299675,8.028858,52.0,22720.099,21885.448
PF25/0005/D675,NO,45.298632,8.018188,52.0,22614.408,21047.447
PF26/0005/D675,NO,45.295655,8.024733,52.0,22277.42,21556.632
PF27/0005/D675,NO,45.293888,8.027854,52.0,22078.197,21798.944
PF28/0005/D675,NO,45.289499,8.027564,12.0,21590.85,21770.3
PF01/0006/D675,NO,45.298021,7.981674,52.0,22582.049,18183.672
PF03/0006/D675,NO,45.29612,7.977002,52.0,22375.524,17814.678
PF04/0006/D675,NO,45.295655,7.980577,52.0,22320.279,18094.323
PF09/0006/D675,NO,45.290912,7.978747,62.0,21795.151,17944.121
PF12/0006/D675,NO,45.286479,7.980674,52.0,21300.743,18089.044
PF15/0006/D675,NO,45.298141,7.978869,52.0,22598.177,17963.929
PF16/0006/D675,NO,45.288298,7.979043,52.0,21504.479,17963.711
PF17/0006/D675,NO,45.289711,7.981719,52.0,21658.839,18175.553
PF18/0006/D675,NO,45.294201,7.978894,52.0,22160.442,17960.311
PF19/0006/D675,NO,45.292186,7.975282,12.0,21940.1,17674.25
PF05/0007/D675,NO,45.29769,7.997161,10.0,22530.0,19397.5
PF09/0007/D675,NO,45.292726,7.997979,52.0,21977.75,19454.763
PF10/0007/D675,NO,45.293468,7.984403,52.0,22073.564,18391.29
PF15/0007/D675,NO,45.289767,7.986817,52.0,21659.949,18575.413
PF21/0007/D675,NO,45.291817,7.991194,52.0,21883.453,18921.426
PF22/0007/D675,NO,45.289744,7.996688,52.0,21647.74,19349.437
PF23/0007/D675,NO,45.288192,8.000607,52.0,21471.447,19654.591
PF24/0007/D675,NO,45.290869,7.98442,52.0,21784.734,18388.942
PF25/0007/D675,NO,45.288897,7.992667,52.0,21557.574,19032.906
PF01/0008/D675,NO,45.296862,8.005016,8.0,22430.46,20012.23
PF02/0008/D675,NO,45.297636,8.004124,52.0,22517.233,19943.346
PF07/0008/D675,NO,45.291954,8.006186,62.0,21884.046,20097.227
PF09/0008/D675,NO,45.291282,8.009466,52.0,21806.191,20353.529
PF11/0008/D675,NO,45.294762,8.004281,62.0,22197.837,19951.733
PF13/0008/D675,NO,45.295483,8.001085,52.0,22280.995,19702.089
PF14/0008/D675,NO,45.291291,8.000975,12.0,21815.418,19687.755
PF01/0009/D675,NO,45.292489,8.015391,7.0,21934.63,20819.82
PF04/0009/D675,NO,45.289514,8.020535,52.0,21599.142,21219.127
PF06/0009/D675,NO,45.284431,8.017716,52.0,21037.164,20991.219
PF07/0009/D675,NO,45.284041,8.021265,52.0,20990.462,21269.023
PF10/0009/D675,NO,45.283851,8.023618,52.0,20967.108,21453.268
PF11/0009/D675,NO,45.291777,8.022244,52.0,21848.979,21356.203
PF13/0009/D675,NO,45.292574,8.018049,52.0,21941.477,21028.376
PF15/0009/D675,NO,45.288428,8.015634,52.0,21483.156,20833.372
PF17/0009/D675,NO,45.28207,8.01687,52.0,20775.651,20921.674
PF18/0009/D675,NO,45.287188,8.021504,52.0,21339.827,21292.011
PF20/0009/D675,NO,45.29011,8.012426,52.0,21673.174,20584.075
PF21/0009/D675,NO,45.284218,8.018601,52.0,21012.692,21060.337
PF22/0009/D675,NO,45.29476,8.020099,62.0,22182.376,21192.044
PF23/0009/D675,NO,45.29082,8.017389,52.0,21747.232,20974.239
PF01/0010/D675,NO,45.283474,8.028118,7.0,20920.91,21805.67
PF02/0010/D675,NO,45.286974,8.027061,62.0,21310.852,21727.505
PF03/0010/D675,NO,45.28597,8.025698,52.0,21200.544,21619.28
PF04/0010/D675,NO,45.287849,8.025422,62.0,21409.598,21600.124
PF05/0010/D675,NO,45.288336,8.022448,62.0,21466.541,21367.579
PF02/0011/D675,NO,45.295352,8.033542,52.0,22235.466,22246.897
PF03/0011/D675,NO,45.29456,8.037098,62.0,22144.057,22524.699
PF08/0011/D675,NO,45.289802,8.037029,52.0,21615.538,22512.986
PF12/0011/D675,NO,45.286061,8.040125,52.0,21197.132,22750.817
PF15/0011/D675,NO,45.28903,8.034634,52.0,21532.045,22324.097
PF16/0011/D675,NO,45.28597,8.036726,52.0,21190.103,22484.104
PF17/0011/D675,NO,45.291825,8.03783,62.0,21839.597,22578.468
PF18/0011/D675,NO,45.292407,8.035131,62.0,21906.756,22367.63
PF19/0011/D675,NO,45.285363,8.03686,52.0,21122.608,22493.855
PF20/0011/D675,NO,45.288066,8.037779,52.0,21421.994,22569.498
PF21/0011/D675,NO,45.28641,8.031944,52.0,21243.481,22109.657
PF22/0011/D675,NO,45.290012,8.032151,52.0,21643.54,22130.693
PF23/0011/D675,NO,45.288076,8.031541,62.0,21428.95,22080.28
PF04/0012/D675,NO,45.285843,7.991946,52.0,21218.963,18972.134
PF09/0012/D675,NO,45.28556,7.987227,52.0,21192.18,18601.652
PF11/0012/D675,NO,45.282473,7.992561,52.0,20843.991,19015.703
PF15/0012/D675,NO,45.280431,7.988966,52.0,20620.691,18730.899
PF16/0012/D675,NO,45.265225,8.010764,10.0,18910.2,20419.8
PF17/0012/D675,NO,45.286059,7.99633,12.0,21238.71,19316.245
PF18/0012/D675,NO,45.281932,7.982014,12.0,20794.314,18187.76
PF04/0014/D675,NO,45.280985,8.002539,52.0,20668.928,19796.215
PF05/0014/D675,NO,45.279778,7.998177,52.0,20539.145,19452.411
PF08/0014/D675,NO,45.27843,8.000957,52.0,20386.638,19668.579
PF14/0014/D675,NO,45.283539,7.996216,52.0,20958.812,19303.798
PF15/0014/D675,NO,45.283489,8.000743,52.0,20948.839,19658.801
PF16/0014/D675,NO,45.282071,7.998003,52.0,20794.065,19441.939
PF02/0015/D675,NO,45.288233,8.00683,52.0,21470.013,20142.629
PF04/0015/D675,NO,45.286679,8.009963,52.0,21294.382,20386.246
PF09/0015/D675,NO,45.281858,8.009923,62.0,20758.797,20376.487
PF12/0015/D675,NO,45.278662,8.006026,52.0,20407.472,20066.488
PF13/0015/D675,NO,45.289026,8.01201,52.0,21553.157,20549.988
PF14/0015/D675,NO,45.281459,8.006129,52.0,20718.169,20078.433
PF16/0015/D675,NO,45.284502,8.005688,52.0,21056.647,20047.972
PF17/0015/D675,NO,45.279842,8.009368,62.0,20535.406,20330.196
PF18/0015/D675,NO,45.284563,8.010237,52.0,21059.061,20404.833
PF19/0015/D675,NO,45.289123,8.009621,52.0,21566.253,20362.765
PF02/0016/D675,NO,45.27967,8.010456,52.0,20515.253,20415.351
PF12/0016/D675,NO,45.276678,8.010492,52.0,20182.803,20414.05
PF13/0016/D675,NO,45.278234,8.010542,52.0,20355.644,20420.103
PF01/0017/D675,NO,45.281308,8.014133,52.0,20693.676,20705.945
PF03/0017/D675,NO,45.279328,8.015499,52.0,20472.404,20810.418
PF10/0017/D675,NO,45.275296,8.016579,52.0,20023.408,20889.615
PF12/0017/D675,NO,45.274232,8.017421,52.0,19904.35,20954.214
PF14/0017/D675,NO,45.277874,8.012192,52.0,20314.038,20549.015
PF12/0018/D675,NO,45.270619,8.018827,52.0,19501.693,21059.632
PF13/0018/D675,NO,45.272319,8.018717,52.0,19690.679,21053.317
PF14/0018/D675,NO,45.271155,8.017416,12.0,19562.574,20949.671
PF01/0019/D675,NO,45.275791,8.018582,8.0,20076.46,21047.45
PF04/0019/D675,NO,45.278329,8.017003,52.0,20360.007,20926.985
PF06/0019/D675,NO,45.274757,8.020378,52.0,19959.928,21186.91
PF14/0019/D675,NO,45.277934,8.02522,62.0,20308.285,21570.973
PF15/0019/D675,NO,45.280736,8.01736,52.0,20627.03,20958.276
PF16/0019/D675,NO,45.276207,8.026325,62.0,20115.33,21655.307
PF18/0019/D675,NO,45.27765,8.022532,52.0,20279.236,21359.762
PF19/0019/D675,NO,45.279514,8.02598,52.0,20483.021,21632.697
PF20/0019/D675,NO,45.274155,8.026742,52.0,19886.982,21685.277
PF21/0019/D675,NO,45.274045,8.024156,52.0,19877.177,21482.264
PF22/0019/D675,NO,45.272529,8.021851,52.0,19710.947,21299.452
PF23/0019/D675,NO,45.271117,8.027483,52.0,19548.768,21739.312
PF24/0019/D675,NO,45.271227,8.030172,52.0,19558.442,21950.411
PF25/0019/D675,NO,45.269891,8.024607,52.0,19415.247,21512.122
PF27/0019/D675,NO,45.279858,8.020764,52.0,20526.267,21224.073
PF28/0019/D675,NO,45.275467,8.024149,52.0,20035.189,21483.653
PF29/0019/D675,NO,45.281255,8.024008,52.0,20678.322,21480.379
PF30/0019/D675,NO,45.27721,8.020396,12.0,20232.45,21191.6
PF02/0020/D675,NO,45.283287,8.027349,52.0,20900.95,21745.159
PF03/0020/D675,NO,45.282741,8.032818,52.0,20835.134,22173.366
PF08/0020/D675,NO,45.278505,8.029073,52.0,20367.996,21873.973
PF09/0020/D675,NO,45.278744,8.033966,52.0,20389.991,22258.063
PF12/0020/D675,NO,45.277898,8.042079,52.0,20288.405,22893.243
PF15/0020/D675,NO,45.28251,8.041429,52.0,20801.323,22848.399
PF16/0020/D675,NO,45.280981,8.037958,52.0,20634.764,22574.121
PF17/0020/D675,NO,45.28194,8.030846,52.0,20747.913,22017.62
PF19/0020/D675,NO,45.276471,8.030795,52.0,20140.405,22006.312
PF01/0021/D675,NO,45.274849,7.991277,8.0,19998.24,18904.38
PF06/0021/D675,NO,45.273285,7.989002,52.0,19826.811,18723.783
PF08/0021/D675,NO,45.267255,7.990532,52.0,19155.402,18835.396
PF09/0021/D675,NO,45.269199,7.986619,52.0,19375.18,18531.142
PF15/0021/D675,NO,45.266551,7.995239,52.0,19072.503,19203.669
PF16/0021/D675,NO,45.266944,7.997538,52.0,19113.912,19384.579
PF17/0021/D675,NO,45.264946,7.995639,52.0,18893.808,19232.836
PF05/0022/D675,NO,45.272874,8.035693,52.0,19736.227,22385.672
PF10/0022/D675,NO,45.270479,8.034985,52.0,19470.836,22326.986
PF13/0022/D675,NO,45.275639,8.039583,52.0,20039.735,22694.526
PF14/0022/D675,NO,45.273021,8.030744,52.0,19757.17,21997.69
PF16/0022/D675,NO,45.269817,8.031659,52.0,19400.368,22065.161
PF17/0022/D675,NO,45.273559,8.038168,52.0,19810.009,22580.763
PF18/0022/D675,NO,45.271646,8.040378,52.0,19595.376,22751.61
PF19/0022/D675,NO,45.2712,8.045631,12.0,19541.002,23163.023
PF03/0023/D675,NO,45.269363,8.040961,52.0,19341.206,22794.249
PF05/0023/D675,NO,45.267992,8.047843,52.0,19182.579,23332.382
PF07/0023/D675,NO,45.26589,8.051305,10.0,18945.8,23601.2
PF08/0023/D675,NO,45.264608,8.049105,52.0,18805.407,23426.964
PF12/0023/D675,NO,45.261194,8.050131,52.0,18425.239,23502.97
PF15/0023/D675,NO,45.269979,8.04933,52.0,19401.945,23451.579
PF16/0023/D675,NO,45.267317,8.044035,52.0,19111.126,23032.751
PF17/0023/D675,NO,45.266546,8.051661,52.0,19018.388,23629.997
PF02/0001/D872,NO,45.137026,7.765855,21.0,4933.093,988.413
PF04/0002/D872,NO,45.125245,7.77197,62.0,3616.923,1449.273
PF07/0002/D872,NO,45.129178,7.770854,52.0,4055.18,1368.181
PF09/0002/D872,NO,45.125268,7.77702,12.0,3613.5,1846.5
PF10/0002/D872,NO,45.12772,7.771186,21.0,3892.882,1391.786
PF03/0004/D872,NO,45.108263,7.757069,52.0,1748.321,248.428
PF06/0004/D872,NO,45.114878,7.760017,52.0,2479.608,491.57
PF08/0004/D872,NO,45.109481,7.758638,21.0,1881.753,373.934
PF02/0005/D872,NO,45.114369,7.768052,52.0,2413.427,1122.769
PF07/0005/D872,NO,45.110485,7.763919,52.0,1986.9,791.029
PF08/0005/D872,NO,45.115335,7.765947,21.0,2523.206,958.843
PF01/0006/D872,NO,45.123358,7.775444,52.0,3403.179,1719.311
PF03/0006/D872,NO,45.121123,7.775852,52.0,3154.437,1747.657
PF12/0006/D872,NO,45.11912,7.776434,21.0,2931.161,1790.034
PF02/0007/D872,NO,45.124569,7.777483,52.0,3535.288,1881.77
PF10/0007/D872,NO,45.12084,7.778123,52.0,3120.311,1925.768
PF11/0007/D872,NO,45.124747,7.780888,21.0,3550.998,2149.804
PF12/0007/D872,NO,45.121645,7.780153,21.0,3207.327,2086.852
PF03/0008/D872,NO,45.11154,7.774311,52.0,2091.622,1610.339
PF05/0008/D872,NO,45.11202,7.784694,52.0,2132.607,2427.889
PF06/0008/D872,NO,45.11225,7.777672,52.0,2166.482,1875.913
PF07/0008/D872,NO,45.108709,7.776291,52.0,1774.759,1761.313
PF08/0008/D872,NO,45.110248,7.771996,21.0,1950.918,1426.053
PF02/0009/D872,NO,45.117419,7.789571,52.0,2726.702,2820.509
PF12/0009/D872,NO,45.118196,7.784832,21.0,2818.572,2449.075
PF08/0010/D872,NO,45.110117,7.790865,21.0,1913.968,2910.141
PF01/0011/D872,NO,45.111435,7.806699,21.0,2041.92,4157.917
PF01/0013/D872,NO,45.088996,7.718014,10.0,-344.15,-2857.91
PF03/0013/D872,NO,45.092951,7.716228,21.0,97.546,-2991.483
PF05/0014/D872,NO,45.087961,7.722286,52.0,-464.406,-2523.568
PF06/0014/D872,NO,45.089198,7.727088,12.0,-332.898,-2143.465
PF07/0014/D872,NO,45.085996,7.728666,52.0,-690.583,-2024.933
PF08/0014/D872,NO,45.090301,7.731761,21.0,-216.225,-1773.847
PF03/0017/D872,NO,45.104501,7.735129,52.0,1357.209,-1484.149
PF08/0017/D872,NO,45.107089,7.738007,52.0,1641.18,-1253.183
PF10/0017/D872,NO,45.104912,7.739432,21.0,1397.5,-1144.871
PF02/0019/D872,NO,45.104306,7.75256,52.0,1314.172,-113.091
PF09/0019/D872,NO,45.109383,7.749558,21.0,1881.865,-340.516
PF06/0020/D872,NO,45.103794,7.745041,52.0,1266.441,-705.514
PF08/0020/D872,NO,45.101243,7.737122,52.0,992.777,-1332.984
PF09/0020/D872,NO,45.10344,7.738762,21.0,1234.801,-1200.171
PF06/0021/D872,NO,45.094957,7.740959,52.0,289.712,-1041.973
PF12/0021/D872,NO,45.10071,7.7428,52.0,926.615,-887.173
PF13/0021/D872,NO,45.098789,7.746409,52.0,708.786,-606.502
PF14/0021/D872,NO,45.095895,7.735284,52.0,400.923,-1486.867
PF15/0021/D872,NO,45.096053,7.744915,21.0,406.617,-728.794
PF16/0021/D872,NO,45.096126,7.748797,21.0,410.034,-423.243
PF02/0022/D872,NO,45.101527,7.748872,52.0,1009.924,-408.033
PF09/0022/D872,NO,45.099152,7.749602,52.0,745.275,-354.672
PF13/0022/D872,NO,45.102221,7.754141,52.0,1080.649,7.693
PF14/0022/D872,NO,45.100504,7.752098,21.0,892.371,-155.991
PF15/0022/D872,NO,45.099161,7.754228,21.0,740.55,9.359
PF09/0023/D872,NO,45.104179,7.765608,52.0,1284.29,913.188
PF10/0023/D872,NO,45.107529,7.768047,52.0,1653.58,1110.752
PF11/0023/D872,NO,45.106419,7.763008,52.0,1536.261,712.514
PF13/0023/D872,NO,45.107624,7.758892,52.0,1675.113,390.703
PF15/0023/D872,NO,45.104327,7.759449,21.0,1308.158,428.923
PF01/0024/D872,NO,45.103225,7.75662,52.0,1189.166,204.45
PF03/0024/D872,NO,45.102207,7.759717,62.0,1072.345,446.384
PF08/0024/D872,NO,45.099129,7.762155,52.0,727.515,632.979
PF09/0024/D872,NO,45.100653,7.755339,52.0,905.038,99.313
PF10/0024/D872,NO,45.100503,7.763329,52.0,878.662,727.669
PF12/0024/D872,NO,45.099462,7.758811,21.0,768.456,370.4
PF01/0025/D872,NO,45.107431,7.771167,52.0,1638.943,1356.083
PF09/0025/D872,NO,45.102147,7.773849,52.0,1048.758,1558.129
PF11/0025/D872,NO,45.105026,7.772804,52.0,1369.849,1480.771
PF12/0025/D872,NO,45.102746,7.766549,52.0,1123.996,984.805
PF13/0025/D872,NO,45.10563,7.769473,21.0,1440.849,1219.712
PF01/0026/D872,NO,45.097905,7.759071,52.0,595.202,388.203
PF03/0026/D872,NO,45.10015,7.76859,52.0,833.166,1141.007
PF11/0026/D872,NO,45.096195,7.767706,52.0,394.853,1064.724
PF12/0026/D872,NO,45.098395,7.771508,52.0,634.707,1367.67
PF16/0026/D872,NO,45.097228,7.762551,21.0,515.856,660.87
PF17/0026/D872,NO,45.095162,7.759538,21.0,289.888,420.31
PF10/0027/D872,NO,45.088778,7.756244,21.0,-415.31,150.187
PF11/0027/D872,NO,45.094227,7.763436,21.0,181.329,725.409
PF04/0028/D872,NO,45.093135,7.767534,52.0,55.077,1046.053
PF09/0028/D872,NO,45.092658,7.771853,52.0,-3.049,1385.085
PF10/0028/D872,NO,45.089994,7.770582,52.0,-297.505,1280.578
PF13/0028/D872,NO,45.096676,7.770422,52.0,445.08,1279.287
PF15/0028/D872,NO,45.094481,7.769191,21.0,202.623,1178.743
PF16/0028/D872,NO,45.095124,7.765965,21.0,277.935,925.949
PF02/0029/D872,NO,45.094654,7.776077,52.0,213.653,1720.816
PF07/0029/D872,NO,45.099369,7.78366,52.0,728.471,2325.366
PF08/0029/D872,NO,45.091221,7.779135,52.0,-171.318,1955.675
PF09/0029/D872,NO,45.095232,7.78039,21.0,272.753,2061.154
PF04/0030/D872,NO,45.104233,7.778024,52.0,1275.527,1890.136
PF08/0030/D872,NO,45.108108,7.778385,52.0,1705.52,1925.008
PF10/0030/D872,NO,45.106289,7.781234,52.0,1500.081,2146.094
PF12/0030/D872,NO,45.10627,7.777644,52.0,1502.239,1863.667
PF13/0030/D872,NO,45.098185,7.776765,21.0,605.091,1780.915
PF05/0031/D872,NO,45.10176,7.784559,52.0,993.048,2400.112
PF07/0031/D872,NO,45.107252,7.790725,52.0,1595.799,2894.371
PF08/0031/D872,NO,45.104866,7.786683,21.0,1335.556,2572.381
PF01/0032/D872,NO,45.099029,7.787405,52.0,686.227,2619.507
PF10/0032/D872,NO,45.099223,7.791009,21.0,703.53,2903.349
PF03/0034/D872,NO,45.09659,7.808076,52.0,391.102,4241.889
PF07/0034/D872,NO,45.096525,7.803664,52.0,389.056,3894.686
PF09/0034/D872,NO,45.10176,7.802266,21.0,972.182,3793.291
PF03/0035/D872,NO,45.108258,7.794614,21.0,1703.052,3201.967
PF04/0035/D872,NO,45.104779,7.798582,21.0,1311.887,3508.376
PF01/0036/D872,NO,45.107722,7.805904,52.0,1630.346,4089.273
PF05/0036/D872,NO,45.105433,7.803522,52.0,1378.773,3898.145
PF06/0036/D872,NO,45.108226,7.800798,52.0,1692.296,3688.398
PF07/0036/D872,NO,45.104521,7.808145,21.0,1272.114,4260.363
PF02/0037/D872,NO,45.108863,7.81167,21.0,1750.33,4544.733
PF05/0038/D872,NO,45.11156,7.815907,21.0,2045.105,4882.43
PF01/0039/D872,NO,45.103674,7.817062,21.0,1167.708,4960.504
PF06/0040/D872,NO,45.094293,7.810901,21.0,132.615,4460.437
PF03/0041/D872,NO,45.095826,7.819925,52.0,292.541,5173.036
PF04/0041/D872,NO,45.095532,7.827405,21.0,251.364,5761.084
PF04/0042/D872,NO,45.101465,7.826507,21.0,911.485,5699.971
PF03/0044/D872,NO,45.102599,7.838796,52.0,1023.51,6668.64
PF04/0044/D872,NO,45.099161,7.837433,21.0,643.132,6555.925
PF06/0045/D872,NO,45.093309,7.744712,21.0,102.095,-749.472
PF04/0046/D872,NO,45.090147,7.735381,52.0,-237.706,-1489.192
PF06/0046/D872,NO,45.088474,7.740245,52.0,-429.623,-1109.377
PF07/0046/D872,NO,45.087548,7.735039,52.0,-526.055,-1520.666
PF08/0046/D872,NO,45.092142,7.740541,21.0,-22.445,-1079.689
PF01/0047/D872,NO,45.093894,7.747052,52.0,164.258,-564.346
PF02/0047/D872,NO,45.092922,7.743051,52.0,61.107,-880.887
PF03/0047/D872,NO,45.092065,7.750277,52.0,-42.908,-313.716
PF04/0047/D872,NO,45.090818,7.746038,52.0,-176.248,-649.415
PF05/0047/D872,NO,45.090741,7.753279,52.0,-193.687,-79.736
PF06/0047/D872,NO,45.089998,7.749693,52.0,-271.831,-363.271
PF07/0047/D872,NO,45.088388,7.745048,52.0,-444.967,-731.52
PF08/0047/D872,NO,45.088866,7.754107,52.0,-402.986,-17.794
PF09/0047/D872,NO,45.087548,7.749359,52.0,-543.563,-393.724
PF10/0047/D872,NO,45.090744,7.742033,52.0,-179.547,-964.731
PF11/0047/D872,NO,45.089668,7.751546,52.0,-310.697,-218.001
PF13/0047/D872,NO,45.087918,7.75154,52.0,-505.084,-221.434
PF15/0047/D872,NO,45.089021,7.747491,21.0,-377.721,-538.169
PF03/0048/D872,NO,45.085476,7.755519,52.0,-781.25,87.473
PF12/0048/D872,NO,45.083574,7.74867,52.0,-984.249,-454.768
PF13/0048/D872,NO,45.085172,7.743861,52.0,-800.88,-830.48
PF15/0048/D872,NO,45.085463,7.752128,62.0,-778.591,-179.384
PF16/0048/D872,NO,45.08364,7.74154,21.0,-968.15,-1015.807
PF05/0049/D872,NO,45.092483,7.725783,52.0,33.612,-2240.429
PF07/0049/D872,NO,45.082836,7.757056,21.0,-1076.373,203.928
PF01/0050/D872,NO,45.088764,7.759452,52.0,-420.695,402.64
PF03/0050/D872,NO,45.086186,7.758353,52.0,-705.833,311.738
PF04/0050/D872,NO,45.086075,7.761997,52.0,-722.581,598.301
PF08/0050/D872,NO,45.084666,7.759134,52.0,-875.566,370.634
PF09/0050/D872,NO,45.087513,7.755441,21.0,-554.904,84.817
PF07/0051/D872,NO,45.086681,7.769481,52.0,-664.235,1188.336
PF08/0051/D872,NO,45.087869,7.764007,52.0,-525.697,759.552
PF09/0051/D872,NO,45.089011,7.76733,52.0,-402.732,1022.98
PF11/0051/D872,NO,45.085879,7.764169,52.0,-746.912,768.934
PF12/0051/D872,NO,45.084237,7.772824,52.0,-939.666,1447.299
PF15/0051/D872,NO,45.083602,7.765426,21.0,-1001.411,864.039
PF01/0001/D911,NO,45.104935,7.722193,8.0,1421.39,-2501.1
PF02/0001/D911,NO,45.10464,7.722796,52.0,1387.908,-2454.111
PF03/0001/D911,NO,45.101918,7.729895,52.0,1076.624,-1900.388
PF04/0001/D911,NO,45.107022,7.725598,52.0,1649.018,-2229.506
PF05/0001/D911,NO,45.107592,7.721977,52.0,1716.776,-2513.382
PF01/0002/D911,NO,45.103125,7.735639,8.0,1203.68,-1446.4
PF02/0003/D911,NO,45.106001,7.751034,52.0,1504.292,-230.229
PF03/0003/D911,NO,45.106001,7.742618,12.0,1514.602,-892.323
PF04/0003/D911,NO,45.110068,7.750507,12.0,1956.797,-264.729
PF05/0003/D911,NO,45.101953,7.749771,52.0,1056.225,-336.558
PF01/0004/D911,NO,45.106454,7.759855,8.0,1543.96,464.51
PF02/0004/D911,NO,45.106449,7.759684,52.0,1543.615,451.021
PF10/0004/D911,NO,45.10661,7.754378,52.0,1567.893,33.887
PF11/0004/D911,NO,45.10319,7.754309,52.0,1188.116,22.596
PF03/0006/D911,NO,45.103882,7.771743,52.0,1244.007,1395.346
PF04/0006/D911,NO,45.107776,7.769697,52.0,1679.044,1240.97
PF01/0007/D911,NO,45.111202,7.772596,52.0,2056.135,1474.829
PF02/0007/D911,NO,45.114232,7.774227,52.0,2390.779,1608.218
PF02/0008/D911,NO,45.1126,7.777316,52.0,2205.825,1848.516
PF03/0008/D911,NO,45.105713,7.777181,52.0,1440.87,1826.274
PF04/0008/D911,NO,45.117136,7.775568,52.0,2711.782,1718.599
PF05/0008/D911,NO,45.109646,7.777442,52.0,1877.498,1853.451
PF01/0010/D911,NO,45.093799,7.732104,52.0,171.97,-1740.753
PF01/0011/D911,NO,45.098923,7.735793,52.0,736.686,-1441.549
PF02/0011/D911,NO,45.093478,7.737739,52.0,129.363,-1297.887
PF02/0012/D911,NO,45.097734,7.749328,52.0,588.026,-378.677
PF03/0012/D911,NO,45.097147,7.739442,52.0,534.941,-1157.53
PF04/0012/D911,NO,45.097128,7.742155,52.0,529.502,-944.089
PF06/0012/D911,NO,45.092781,7.742405,52.0,46.287,-931.949
PF07/0012/D911,NO,45.099426,7.739485,52.0,788.041,-1150.203
PF08/0012/D911,NO,45.094688,7.7514,52.0,247.15,-220.831
PF03/0013/D911,NO,45.08819,7.742933,52.0,-464.391,-898.307
PF04/0013/D911,NO,45.089071,7.748065,52.0,-372.841,-492.932
PF05/0013/D911,NO,45.091191,7.751203,52.0,-141.12,-242.375
PF02/0014/D911,NO,45.090296,7.756687,52.0,-247.244,187.69
PF04/0014/D911,NO,45.095671,7.755502,52.0,351.346,103.635
PF06/0014/D911,NO,45.096891,7.752741,52.0,490.197,-111.566
PF08/0014/D911,NO,45.095304,7.759509,52.0,305.771,418.262
PF09/0014/D911,NO,45.098016,7.758339,52.0,608.406,330.8
PF11/0014/D911,NO,45.098391,7.754096,52.0,655.261,-2.361
PF12/0014/D911,NO,45.100637,7.75115,52.0,908.361,-230.359
PF13/0014/D911,NO,45.101257,7.755205,52.0,972.284,89.775
PF14/0014/D911,NO,45.100877,7.759262,52.0,925.095,408.358
PF15/0014/D911,NO,45.097169,7.755161,52.0,518.184,79.309
PF16/0014/D911,NO,45.101239,7.755173,52.0,970.321,87.245
PF17/0014/D911,NO,45.099937,7.751346,52.0,830.323,-216.123
PF18/0014/D911,NO,45.099606,7.755208,52.0,788.876,87.205
PF19/0014/D911,NO,45.089785,7.753652,52.0,-300.284,-52.029
PF20/0014/D911,NO,45.094236,7.753507,52.0,194.404,-55.828
PF21/0014/D911,NO,45.094215,7.757523,52.0,187.125,260.125
PF01/0015/D911,NO,45.099181,7.764716,8.0,730.2,834.55
PF02/0015/D911,NO,45.092822,7.761855,52.0,27.185,598.653
PF03/0015/D911,NO,45.100863,7.76203,52.0,920.257,626.113
PF04/0015/D911,NO,45.096947,7.761375,52.0,486.048,567.855
PF02/0016/D911,NO,45.099138,7.77772,52.0,709.819,1857.618
PF03/0016/D911,NO,45.091956,7.772796,52.0,-82.161,1458.142
PF04/0016/D911,NO,45.097234,7.771054,52.0,506.262,1329.93
PF01/0017/D911,NO,45.102699,7.779683,52.0,1103.052,2018.069
PF01/0999/D911,NO,45.087263,7.815104,8.0,-653.2,4779.71
PF02/0999/D911,NO,45.111771,7.715821,8.0,2188.69,-2990.32
PF03/0999/D911,NO,45.124577,7.753259,8.0,3565.31,-23.34
PF04/0999/D911,NO,45.10665,7.815715,8.0,1499.84,4859.38
PF05/0999/D911,NO,45.066167,7.814376,8.0,-2995.92,4688.09
PF06/0999/D911,NO,45.059415,7.764119,8.0,-3686.76,720.07
PF07/0999/D911,NO,45.080754,7.75291,8.0,-1302.69,-125.95
PF08/0999/D911,NO,45.078211,7.734408,8.0,-1562.51,-1586.56
PF09/0999/D911,NO,45.091552,7.729617,8.0,-74.59,-1940.34
PF10/0999/D911,NO,45.09405,7.711746,8.0,225.16,-3342.21
PF11/0999/D911,NO,45.097691,7.718285,8.0,621.45,-2821.3
PF12/0999/D911,NO,45.08457,7.791596,8.0,-924.98,2925.27
PF13/0999/D911,NO,45.113923,7.764636,8.0,2367.92,853.28
PF14/0999/D911,NO,45.098734,7.783892,8.0,657.67,2342.57
PF15/0999/D911,NO,45.112535,7.766581,52.0,2211.49,1003.943
PF17/0999/D911,NO,45.123409,7.771443,52.0,3413.675,1404.76
PF18/0999/D911,NO,45.101326,7.718808,12.0,1024.634,-2773.745
PF21/0999/D911,NO,45.117618,7.75241,12.0,2793.204,-102.078
PF22/0999/D911,NO,45.113423,7.758261,12.0,2320.135,351.015
PF23/0999/D911,NO,45.086919,7.75931,12.0,-625.478,388.302
PF01/0001/D921,NO,45.373741,7.971318,8.0,31004.56,17479.16
PF02/0001/D921,NO,45.378223,7.962426,52.0,31511.438,16789.317
PF04/0001/D921,NO,45.376208,7.968978,52.0,31280.991,17299.434
PF05/0001/D921,NO,45.375698,7.964811,52.0,31228.52,16972.405
PF06/0001/D921,NO,45.375293,7.961485,10.0,31186.8,16711.4
PF07/0001/D921,NO,45.373747,7.967569,52.0,31008.99,17185.629
PF10/0001/D921,NO,45.378465,7.966821,52.0,31533.91,17133.747
PF11/0001/D921,NO,45.373202,7.963741,52.0,30952.223,16885.086
PF12/0001/D921,NO,45.371095,7.962857,52.0,30719.028,16812.831
PF01/0002/D921,NO,45.37222,7.936475,8.0,30871.02,14748.6
PF02/0002/D921,NO,45.36636,7.946644,52.0,30209.498,15536.368
PF01/0003/D921,NO,45.368114,7.955765,8.0,30395.06,16253.17
PF02/0003/D921,NO,45.367785,7.95284,52.0,30361.542,16023.633
PF03/0003/D921,NO,45.366421,7.959329,52.0,30203.355,16529.876
PF04/0003/D921,NO,45.370107,7.957834,52.0,30614.336,16418.06
PF05/0003/D921,NO,45.36516,7.954153,52.0,30068.526,16122.685
PF05/0004/D921,NO,45.368602,7.965889,52.0,30439.034,17046.73
PF06/0004/D921,NO,45.369521,7.969596,52.0,30537.397,17338.268
PF07/0004/D921,NO,45.368716,7.971971,52.0,30445.584,17523.125
PF08/0004/D921,NO,45.368535,7.975097,52.0,30422.327,17767.667
PF09/0004/D921,NO,45.367009,7.968496,52.0,30259.437,17248.607
PF13/0004/D921,NO,45.364579,7.967468,52.0,29990.51,17164.628
PF17/0004/D921,NO,45.366277,7.970621,52.0,30175.999,17413.983
PF18/0004/D921,NO,45.363887,7.965679,52.0,29915.489,17023.542
PF19/0004/D921,NO,45.372222,7.973073,52.0,30834.008,17614.44
PF20/0004/D921,NO,45.372293,7.970386,52.0,30844.636,17404.137
PF21/0004/D921,NO,45.366348,7.965762,52.0,30188.724,17033.531
PF22/0004/D921,NO,45.369128,7.963388,52.0,30500.011,16851.592
PF23/0004/D921,NO,45.367014,7.962612,52.0,30265.969,16787.823
PF24/0004/D921,NO,45.363469,7.958705,52.0,29876.088,16476.737
PF25/0004/D921,NO,45.371221,7.966323,10.0,30729.55,17084.45
PF26/0004/D921,NO,45.370363,7.972425,10.0,30628.15,17561.05
PF05/0002/E001,NO,45.12113,7.762659,10.0,3171.0,710.0
PF11/0002/E001,NO,45.106074,7.752603,8.0,1510.59,-106.67
PF16/0002/E001,NO,45.103915,7.763936,12.0,1257.0,781.2
PF17/0002/E001,NO,45.103901,7.759195,12.0,1261.131,408.226
PF06/0003/E001,NO,45.108511,7.767736,52.0,1763.012,1088.014
PF10/0003/E001,NO,45.102241,7.76529,52.0,1069.358,884.925
PF14/0003/E001,NO,45.109951,7.766673,8.0,1924.23,1006.8
PF15/0003/E001,NO,45.114006,7.761091,8.0,2381.44,574.55
PF16/0003/E001,NO,45.112379,7.765923,8.0,2194.94,951.95
PF08/0004/E001,NO,45.105079,7.772138,8.0,1376.5,1428.5
PF08/0005/E001,NO,45.094639,7.74304,52.0,251.868,-878.773
PF12/0005/E001,NO,45.09655,7.741232,52.0,466.329,-1017.755
PF13/0005/E001,NO,45.095033,7.747593,52.0,290.04,-519.827
PF14/0005/E001,NO,45.09708,7.747647,52.0,517.389,-512.076
PF15/0005/E001,NO,45.09775,7.743845,52.0,596.457,-810.039
PF16/0005/E001,NO,45.103478,7.748876,12.0,1226.64,-404.347
PF03/0006/E001,NO,45.101673,7.756425,10.0,1017.0,186.5
PF04/0006/E001,NO,45.100413,7.759488,52.0,873.316,425.344
PF06/0006/E001,NO,45.099515,7.756799,10.0,776.8,212.2
PF11/0006/E001,NO,45.095101,7.753423,8.0,290.5,-61.0
PF12/0006/E001,NO,45.095863,7.755295,52.0,372.921,87.621
PF14/0006/E001,NO,45.097527,7.754955,52.0,558.24,63.727
PF09/0007/E001,NO,45.100711,7.76066,8.0,905.0,518.0
PF10/0007/E001,NO,45.100396,7.765323,52.0,864.376,884.41
PF11/0008/E001,NO,45.102295,7.781945,52.0,1055.518,2195.334
PF13/0008/E001,NO,45.104559,7.783957,8.0,1304.66,2357.44
PF14/0008/E001,NO,45.105882,7.784315,8.0,1451.18,2387.84
PF15/0008/E001,NO,45.100341,7.785357,52.0,834.428,2460.58
PF16/0008/E001,NO,45.099247,7.780414,52.0,718.723,2069.815
PF01/0009/E001,NO,45.092821,7.737499,52.0,56.647,-1317.899
PF02/0009/E001,NO,45.092092,7.740588,52.0,-28.124,-1076.121
PF05/0009/E001,NO,45.091078,7.735304,10.0,-134.2,-1493.7
PF06/0009/E001,NO,45.090741,7.738799,52.0,-175.964,-1219.213
PF09/0009/E001,NO,45.089379,7.736331,52.0,-324.212,-1415.842
PF12/0009/E001,NO,45.093512,7.74329,52.0,126.312,-861.019
PF13/0009/E001,NO,45.09352,7.740818,52.0,130.32,-1055.507
PF14/0009/E001,NO,45.092032,7.744702,52.0,-39.829,-752.505
PF01/0010/E001,NO,45.094646,7.750911,52.0,243.004,-259.37
PF02/0010/E001,NO,45.093231,7.746676,52.0,90.976,-595.119
PF03/0010/E001,NO,45.093388,7.743914,52.0,111.852,-812.172
PF04/0010/E001,NO,45.092739,7.74974,62.0,32.597,-354.833
PF05/0010/E001,NO,45.0909,7.748428,52.0,-170.068,-461.257
PF06/0010/E001,NO,45.08861,7.752818,52.0,-429.802,-119.658
PF07/0010/E001,NO,45.087793,7.748748,52.0,-515.675,-441.352
PF03/0011/E001,NO,45.091914,7.756499,52.0,-67.277,175.602
PF06/0011/E001,NO,45.089604,7.755298,52.0,-322.38,77.17
PF07/0011/E001,NO,45.089829,7.759094,52.0,-302.034,376.247
PF08/0011/E001,NO,45.092495,7.754254,8.0,0.0,0.0
PF09/0011/E001,NO,45.088308,7.755254,52.0,-466.299,71.505
PF10/0011/E001,NO,45.08887,7.758213,8.0,-407.5,305.3
PF11/0011/E001,NO,45.094389,7.759414,52.0,204.162,409.211
PF12/0011/E001,NO,45.096606,7.760119,52.0,449.609,468.463
PF13/0011/E001,NO,45.092551,7.754205,52.0,6.275,-3.821
PF14/0011/E001,NO,45.091889,7.752113,52.0,-64.672,-169.577
PF01/0012/E001,NO,45.097913,7.766218,52.0,587.464,950.554
PF10/0012/E001,NO,45.093745,7.765849,8.0,124.96,914.48
PF11/0012/E001,NO,45.092763,7.765286,10.0,16.5,868.5
PF12/0012/E001,NO,45.091962,7.762374,12.0,-69.0,638.0
PF01/0013/E001,NO,45.100345,7.773997,52.0,848.326,1566.796
PF09/0013/E001,NO,45.099125,7.769958,52.0,717.662,1246.92
PF10/0014/E001,NO,45.093763,7.78871,8.0,99.72,2713.4
PF11/0014/E001,NO,45.097139,7.78085,8.0,484.0,2100.6
PF12/0014/E001,NO,45.096249,7.788598,52.0,375.959,2708.736
PF05/0015/E001,NO,45.085652,7.737331,52.0,-739.556,-1343.6
PF07/0015/E001,NO,45.087246,7.744133,52.0,-570.754,-805.509
PF10/0015/E001,NO,45.084355,7.744942,62.0,-892.866,-746.864
PF11/0015/E001,NO,45.087854,7.748524,8.0,-508.6,-458.9
PF13/0015/E001,NO,45.086643,7.746742,52.0,-640.974,-601.218
PF15/0015/E001,NO,45.089374,7.747066,52.0,-337.932,-570.995
PF16/0015/E001,NO,45.084993,7.733431,52.0,-807.878,-1651.653
PF17/0015/E001,NO,45.083294,7.741525,52.0,-1006.649,-1017.625
PF18/0015/E001,NO,45.088458,7.741453,52.0,-432.828,-1014.344
PF19/0015/E001,NO,45.086334,7.74147,52.0,-668.874,-1016.627
PF01/0016/E001,NO,45.086666,7.753042,10.0,-646.0,-105.4
PF02/0016/E001,NO,45.086313,7.753519,52.0,-685.863,-68.49
PF03/0016/E001,NO,45.084458,7.748542,62.0,-885.861,-463.298
PF04/0016/E001,NO,45.086052,7.750184,52.0,-710.736,-331.342
PF01/0017/E001,NO,45.084857,7.751339,8.0,-844.9,-242.5
PF02/0017/E001,NO,45.084565,7.750887,8.0,-876.8,-278.6
PF04/0017/E001,NO,45.081816,7.752358,52.0,-1184.058,-167.558
PF01/0018/E001,NO,45.083598,7.752878,8.0,-986.62,-123.55
PF02/0018/E001,NO,45.082817,7.753753,8.0,-1074.5,-56.0
PF03/0018/E001,NO,45.085041,7.75285,52.0,-826.347,-123.274
PF01/0019/E001,NO,45.08558,7.760745,10.0,-776.0,499.0
PF02/0019/E001,NO,45.086595,7.758152,52.0,-660.09,296.651
PF03/0019/E001,NO,45.084111,7.757944,52.0,-935.848,276.021
PF04/0019/E001,NO,45.081577,7.758695,52.0,-1218.233,330.802
PF05/0019/E001,NO,45.079779,7.760815,52.0,-1420.55,494.593
PF06/0019/E001,NO,45.078848,7.756752,52.0,-1519.07,173.225
PF08/0019/E001,NO,45.08682,7.754371,52.0,-630.569,-0.57
PF11/0019/E001,NO,45.086808,7.754442,8.0,-632.0,5.0
PF12/0019/E001,NO,45.084037,7.75529,52.0,-940.792,67.035
PF13/0019/E001,NO,45.081809,7.755649,52.0,-1188.744,91.499
PF14/0019/E001,NO,45.080453,7.75551,52.0,-1339.251,78.196
PF16/0019/E001,NO,45.086759,7.758632,52.0,-642.469,334.701
PF02/0020/E001,NO,45.089645,7.763659,52.0,-327.921,735.21
PF03/0020/E001,NO,45.090178,7.766596,10.0,-272.2,967.2
PF04/0020/E001,NO,45.090127,7.769807,10.0,-281.8,1219.8
PF05/0020/E001,NO,45.089853,7.773183,10.0,-316.2,1485.0
PF06/0020/E001,NO,45.086881,7.760339,10.0,-631.0,469.2
PF07/0020/E001,NO,45.08723,7.763495,10.0,-596.0,718.2
PF08/0020/E001,NO,45.088125,7.767181,10.0,-501.0,1009.8
PF09/0020/E001,NO,45.088049,7.773456,10.0,-517.0,1503.5
PF10/0020/E001,NO,45.085443,7.767178,10.0,-799.0,1005.0
PF11/0020/E001,NO,45.085962,7.770947,10.0,-745.8,1302.5
PF02/0021/E001,NO,45.084456,7.763739,52.0,-904.451,732.698
PF04/0021/E001,NO,45.08166,7.762159,52.0,-1213.173,603.561
PF10/0021/E001,NO,45.081534,7.762424,8.0,-1227.5,624.2
PF11/0021/E001,NO,45.082728,7.765267,8.0,-1098.27,850.0
PF12/0021/E001,NO,45.085217,7.765114,8.0,-821.63,842.15
PF13/0021/E001,NO,45.085507,7.761071,8.0,-784.5,524.5
PF14/0021/E001,NO,45.082209,7.769817,8.0,-1161.44,1207.21
PF15/0021/E001,NO,45.083762,7.760547,12.0,-977.765,480.287
PF16/0021/E001,NO,45.083767,7.770232,52.0,-988.838,1242.51
PF12/0022/E001,NO,45.085643,7.778566,8.0,-790.32,1901.61
PF13/0022/E001,NO,45.091868,7.774326,8.0,-93.74,1578.34
PF08/0023/E001,NO,45.089166,7.786391,8.0,-408.24,2523.27
PF09/0023/E001,NO,45.090857,7.783645,8.0,-217.1,2310.0
PF10/0023/E001,NO,45.086809,7.783769,8.0,-667.0,2313.0
PF10/0024/E001,NO,45.078519,7.786402,8.0,-1591.07,2506.4
PF04/0025/E001,NO,45.076369,7.728765,52.0,-1760.231,-2033.922
PF06/0025/E001,NO,45.076535,7.731915,52.0,-1745.632,-1785.677
PF01/0026/E001,NO,45.083448,7.737086,52.0,-984.003,-1366.713
PF03/0026/E001,NO,45.081176,7.735113,52.0,-1234.032,-1525.942
PF04/0026/E001,NO,45.080531,7.742024,52.0,-1314.105,-983.061
PF07/0026/E001,NO,45.077215,7.740725,52.0,-1680.904,-1091.04
PF08/0026/E001,NO,45.079474,7.736352,52.0,-1424.617,-1431.368
PF11/0026/E001,NO,45.074479,7.742327,8.0,-1986.8,-969.7
PF14/0026/E001,NO,45.074897,7.742799,52.0,-1940.974,-931.851
PF15/0026/E001,NO,45.077816,7.736066,52.0,-1608.43,-1456.72
PF16/0026/E001,NO,45.08238,7.738663,52.0,-1104.602,-1244.401
PF02/0027/E001,NO,45.080213,7.748873,52.0,-1357.821,-444.551
PF03/0027/E001,NO,45.078054,7.746488,52.0,-1594.834,-636.019
PF05/0027/E001,NO,45.075679,7.744482,52.0,-1856.229,-798.011
PF08/0027/E001,NO,45.080946,7.751832,8.0,-1280.0,-210.4
PF09/0027/E001,NO,45.082236,7.745947,52.0,-1129.569,-671.372
PF11/0027/E001,NO,45.08284,7.749861,62.0,-1067.243,-362.318
PF12/0027/E001,NO,45.076536,7.748611,52.0,-1766.015,-471.513
PF03/0028/E001,NO,45.076593,7.756432,52.0,-1769.212,144.16
PF04/0028/E001,NO,45.074432,7.754312,52.0,-2006.669,-26.392
PF05/0028/E001,NO,45.074756,7.757802,52.0,-1974.958,248.891
PF07/0028/E001,NO,45.071826,7.756229,52.0,-2298.476,120.033
PF10/0028/E001,NO,45.076939,7.75387,52.0,-1727.645,-56.86
PF11/0028/E001,NO,45.073365,7.758989,52.0,-2130.917,339.976
PF12/0028/E001,NO,45.078925,7.752372,52.0,-1505.189,-171.415
PF13/0029/E001,NO,45.075719,7.760823,52.0,-1871.617,488.289
PF14/0029/E001,NO,45.080505,7.768231,52.0,-1348.797,1079.526
PF17/0029/E001,NO,45.079432,7.765195,52.0,-1464.406,838.717
PF18/0029/E001,NO,45.075291,7.769648,52.0,-1929.751,1182.198
PF19/0029/E001,NO,45.073638,7.761592,12.0,-2103.659,545.349
PF10/0030/E001,NO,45.077062,7.775565,52.0,-1740.088,1651.002
PF03/0031/E001,NO,45.06873,7.729383,52.0,-2609.588,-1998.579
PF04/0031/E001,NO,45.070498,7.731427,52.0,-2415.687,-1834.616
PF06/0031/E001,NO,45.065105,7.730831,52.0,-3014.061,-1890.953
PF07/0031/E001,NO,45.072514,7.727888,52.0,-2187.352,-2109.688
PF01/0032/E001,NO,45.074423,7.733549,8.0,-1982.32,-1660.74
PF11/0032/E001,NO,45.073418,7.730541,52.0,-2090.242,-1899.269
PF12/0032/E001,NO,45.065629,7.734682,52.0,-2960.626,-1586.88
PF13/0032/E001,NO,45.072978,7.737495,52.0,-2147.64,-1352.642
PF14/0032/E001,NO,45.071106,7.739412,12.0,-2358.0,-1205.0
PF11/0033/E001,NO,45.071679,7.745828,52.0,-2302.217,-698.957
PF09/0034/E001,NO,45.068273,7.749185,8.0,-2684.64,-440.53
PF11/0034/E001,NO,45.073051,7.747624,52.0,-2152.006,-555.196
PF01/0036/E001,NO,45.063205,7.736843,52.0,-3232.611,-1420.904
PF11/0036/E001,NO,45.051976,7.734209,52.0,-4476.783,-1647.819
PF13/0036/E001,NO,45.063417,7.737066,8.0,-3209.32,-1402.96
PF15/0036/E001,NO,45.054943,7.74344,52.0,-4158.431,-915.832
PF16/0036/E001,NO,45.054497,7.7404,52.0,-4204.308,-1155.961
PF17/0036/E001,NO,45.057005,7.74006,52.0,-3925.297,-1178.338
PF18/0036/E001,NO,45.058768,7.738083,52.0,-3726.951,-1330.997
PF19/0036/E001,NO,45.062018,7.739447,52.0,-3367.59,-1217.959
PF20/0036/E001,NO,45.0607,7.736937,52.0,-3510.97,-1417.901
PF21/0036/E001,NO,45.054456,7.735964,52.0,-4203.388,-1505.286
PF09/0037/E001,NO,45.064669,7.739824,52.0,-3073.594,-1183.714
PF02/0038/E001,NO,45.049025,7.734487,52.0,-4804.875,-1631.074
PF04/0038/E001,NO,45.051872,7.738162,12.0,-4493.212,-1336.746
PF01/0999/E001,NO,45.095279,7.809021,8.0,244.34,4314.09
PF02/0999/E001,NO,45.06169,7.778492,8.0,-3451.24,1855.6
PF03/0999/E001,NO,45.04107,7.717827,8.0,-5667.98,-2957.03
PF04/0999/E001,NO,45.080168,7.700649,8.0,-1303.0,-4240.22
PF05/0999/E001,NO,45.102121,7.70225,8.0,1133.73,-4075.04
PF06/0999/E001,NO,45.115288,7.736355,8.0,2553.96,-1368.94
PF07/0999/E001,NO,45.110948,7.780818,8.0,2018.12,2121.19
PF08/0999/E001,NO,45.081688,7.793583,8.0,-1247.45,3076.82
PF09/0999/E001,NO,45.072621,7.768414,8.0,-2224.86,1080.6
PF10/0999/E001,NO,45.074541,7.733104,8.0,-1968.68,-1695.57
PF11/0999/E001,NO,45.104737,7.744322,8.0,1372.07,-760.46
PF12/0999/E001,NO,45.123279,7.753619,8.0,3420.65,2.74
PF13/0999/E001,NO,45.110326,7.793276,8.0,1934.39,3100.14
PF14/0999/E001,NO,45.0767,7.780061,8.0,-1785.57,2004.24
PF15/0999/E001,NO,45.065802,7.75534,8.0,-2966.6,39.76
PF16/0999/E001,NO,45.021901,7.749784,8.0,-7836.85,-472.97
PF17/0999/E001,NO,45.042825,7.743943,8.0,-5505.26,-897.09
PF18/0999/E001,NO,45.095203,7.729244,8.0,331.47,-1963.37
PF19/0999/E001,NO,45.086443,7.726093,8.0,-637.76,-2226.58
PF20/0999/E001,NO,45.07826,7.728796,8.0,-1550.2,-2028.16
PF21/0999/E001,NO,45.081615,7.726804,8.0,-1174.97,-2179.13
PF22/0999/E001,NO,45.122858,7.75976,8.0,3366.44,484.95
PF23/0999/E001,NO,45.096098,7.741067,8.0,416.38,-1031.51
PF24/0999/E001,NO,45.111412,7.751554,8.0,2104.87,-180.02
PF25/0999/E001,NO,45.075462,7.770698,8.0,-1912.0,1265.2
PF26/0999/E001,NO,45.074675,7.76741,8.0,-1995.5,1005.0
PF27/0999/E001,NO,45.060298,7.723074,8.0,-3538.49,-2510.03
PF28/0999/E001,NO,45.065404,7.73438,8.0,-2985.19,-1611.0
PF29/0999/E001,NO,45.060252,7.742249,8.0,-3567.2,-1000.44
PF30/0999/E001,NO,45.067811,7.738808,8.0,-2723.3,-1258.25
PF31/0999/E001,NO,45.108089,7.780334,8.0,1701.15,2078.36
PF32/0999/E001,NO,45.073376,7.759027,52.0,-2129.702,342.967
PF33/0999/E001,NO,45.070582,7.760142,52.0,-2441.43,426.006
PF34/0999/E001,NO,45.073638,7.761592,52.0,-2103.659,545.349
PF35/0999/E001,NO,45.102432,7.786363,52.0,1065.515,2543.172
PF36/0999/E001,NO,45.099951,7.787809,52.0,788.193,2652.782
PF37/0999/E001,NO,45.057055,7.742409,52.0,-3922.568,-993.365
PF38/0999/E001,NO,45.059566,7.740998,52.0,-3641.944,-1100.104
PF01/0001/E120,NO,45.410881,7.969732,52.0,35132.205,17407.796
PF02/0001/E120,NO,45.408557,7.967045,52.0,34876.802,17194.232
PF01/0002/E120,NO,45.409448,7.95203,52.0,34990.939,16020.542
PF02/0002/E120,NO,45.406108,7.947676,52.0,34624.374,15674.945
PF04/0002/E120,NO,45.405426,7.958291,52.0,34537.709,16504.667
PF05/0002/E120,NO,45.403001,7.943231,52.0,34283.765,15322.569
PF08/0002/E120,NO,45.400934,7.959469,52.0,34037.461,16590.415
PF11/0002/E120,NO,45.402509,7.957377,52.0,34214.575,16428.922
PF12/0002/E120,NO,45.400659,7.957228,52.0,34009.268,16414.58
PF13/0002/E120,NO,45.400091,7.949285,52.0,33954.185,15792.151
PF14/0002/E120,NO,45.402251,7.953084,52.0,34190.361,16092.613
PF15/0002/E120,NO,45.405638,7.954379,52.0,34565.273,16198.83
PF16/0002/E120,NO,45.406045,7.950782,52.0,34614.144,15917.926
PF17/0002/E120,NO,45.403599,7.960798,52.0,34332.254,16698.269
PF01/0003/E120,NO,45.411743,7.955544,52.0,35242.388,16298.839
PF02/0003/E120,NO,45.408882,7.953866,52.0,34926.239,16163.355
PF03/0003/E120,NO,45.410922,7.958294,52.0,35148.352,16512.853
PF04/0003/E120,NO,45.408638,7.959797,52.0,34893.093,16627.121
PF05/0003/E120,NO,45.405992,7.959943,52.0,34598.977,16634.762
PF06/0003/E120,NO,45.405364,7.962793,52.0,34526.301,16856.891
PF07/0003/E120,NO,45.406552,7.967821,52.0,34653.227,17252.085
PF08/0003/E120,NO,45.4044,7.969268,52.0,34412.73,17362.233
PF09/0003/E120,NO,45.40421,7.965335,52.0,34395.516,17054.192
PF01/0004/E120,NO,45.413499,7.971722,52.0,35421.111,17567.241
PF02/0004/E120,NO,45.412033,7.970139,52.0,35259.834,17441.261
PF04/0004/E120,NO,45.411368,7.974108,10.0,35182.0,17750.9
PF05/0004/E120,NO,45.410148,7.971549,52.0,35048.998,17548.905
PF06/0004/E120,NO,45.408345,7.972154,52.0,34848.123,17593.744
PF09/0004/E120,NO,45.405778,7.97467,8.0,34560.35,17786.95
PF11/0004/E120,NO,45.407902,7.969315,52.0,34801.742,17370.937
PF12/0004/E120,NO,45.404221,7.972078,52.0,34389.973,17581.93
PF13/0004/E120,NO,45.406183,7.970541,52.0,34609.545,17464.412
PF01/0005/E120,NO,45.396865,7.949581,8.0,33595.47,15810.62
PF03/0005/E120,NO,45.39808,7.947082,52.0,33733.058,15616.822
PF02/0006/E120,NO,45.395706,7.956053,52.0,33460.149,16315.499
PF03/0006/E120,NO,45.394338,7.952654,52.0,33311.601,16047.483
PF04/0006/E120,NO,45.397713,7.952876,52.0,33686.383,16069.718
PF05/0006/E120,NO,45.394205,7.94957,52.0,33300.034,15805.933
PF01/0007/E120,NO,45.397783,7.965247,52.0,33681.637,17038.144
PF02/0007/E120,NO,45.396292,7.970218,52.0,33510.962,17425.098
PF03/0007/E120,NO,45.395266,7.973151,52.0,33394.043,17653.164
PF05/0007/E120,NO,45.394107,7.970158,52.0,33268.317,17417.291
PF09/0007/E120,NO,45.39296,7.964134,52.0,33146.903,16944.094
PF10/0007/E120,NO,45.395649,7.964051,52.0,33445.689,16941.474
PF11/0007/E120,NO,45.3976,7.96535,52.0,33661.202,17045.91
PF12/0007/E120,NO,45.394579,7.967317,52.0,33323.584,17195.575
PF13/0007/E120,NO,45.397881,7.959401,52.0,33698.401,16580.68
PF02/0008/E120,NO,45.402238,7.971553,52.0,34170.234,17538.049
PF03/0008/E120,NO,45.401984,7.976313,52.0,34137.247,17910.222
PF05/0008/E120,NO,45.399242,7.969724,52.0,33839.152,17390.586
PF06/0008/E120,NO,45.400329,7.972869,52.0,33956.833,17638.329
PF08/0008/E120,NO,45.396619,7.969774,52.0,33547.695,17390.771
PF09/0008/E120,NO,45.397764,7.97291,52.0,33671.79,17637.889
PF10/0008/E120,NO,45.398195,7.977197,52.0,33715.421,17974.033
PF11/0008/E120,NO,45.395565,7.973755,52.0,33426.681,17700.881
PF18/0008/E120,NO,45.401961,7.968819,12.0,34142.144,17323.654
PF20/0008/E120,NO,45.398215,7.965404,52.0,33729.413,17051.013
PF21/0008/E120,NO,45.399805,7.976227,52.0,33895.257,17900.406
PF01/0009/E120,NO,45.391284,7.951824,52.0,32973.149,15978.105
PF02/0009/E120,NO,45.39193,7.956273,62.0,33040.426,16327.315
PF03/0009/E120,NO,45.393814,7.960672,52.0,33245.333,16674.374
PF05/0009/E120,NO,45.391102,7.960262,52.0,32944.418,16638.35
PF06/0009/E120,NO,45.389585,7.964227,52.0,32771.825,16946.535
PF08/0009/E120,NO,45.388467,7.960478,52.0,32651.49,16651.49
PF09/0009/E120,NO,45.389649,7.956774,52.0,32786.543,16363.21
PF01/0010/E120,NO,45.387015,7.962134,8.0,32488.4,16779.05
PF02/0010/E120,NO,45.382738,7.969047,8.0,32006.37,17314.09
PF04/0010/E120,NO,45.386808,7.954704,52.0,32473.008,16197.077
PF07/0010/E120,NO,45.383353,7.965677,10.0,32078.0,17051.2
PF08/0010/E120,NO,45.381785,7.964201,52.0,31905.357,16933.368
PF10/0010/E120,NO,45.385261,7.960111,52.0,32295.63,16618.136
PF11/0010/E120,NO,45.385097,7.967374,62.0,32270.066,17186.494
PF12/0010/E120,NO,45.387227,7.958169,52.0,32515.995,16468.911
PF01/0011/E120,NO,45.392622,7.967618,52.0,33105.822,17216.333
PF03/0011/E120,NO,45.394949,7.974521,52.0,33357.502,17759.986
PF04/0011/E120,NO,45.39156,7.970711,52.0,32984.774,17456.933
PF05/0011/E120,NO,45.39286,7.974473,52.0,33125.387,17753.288
PF08/0011/E120,NO,45.390276,7.976212,52.0,32836.641,17885.717
PF10/0011/E120,NO,45.387111,7.975201,52.0,32485.996,17802.09
PF11/0011/E120,NO,45.386465,7.978754,52.0,32410.654,18079.318
PF14/0011/E120,NO,45.389741,7.969749,52.0,32783.629,17379.046
PF15/0011/E120,NO,45.384756,7.976448,52.0,32223.084,17896.365
PF18/0011/E120,NO,45.390007,7.972542,52.0,32810.433,17598.029
PF19/0011/E120,NO,45.387865,7.966726,62.0,32578.217,17139.694
PF20/0011/E120,NO,45.388025,7.971801,52.0,32590.92,17537.204
PF01/0012/E120,NO,45.393173,7.97956,8.0,33155.15,18151.89
PF03/0012/E120,NO,45.394485,7.977228,52.0,33303.239,17971.244
PF01/0013/E120,NO,45.399469,7.982047,52.0,33852.116,18355.417
PF05/0013/E120,NO,45.395947,7.988334,52.0,33454.628,18842.553
PF06/0013/E120,NO,45.395635,7.979712,52.0,33428.494,18167.246
PF09/0013/E120,NO,45.394414,7.988532,52.0,33284.19,18855.948
PF10/0013/E120,NO,45.391153,7.984303,52.0,32926.06,18520.337
PF12/0013/E120,NO,45.39264,7.985619,52.0,33089.892,18625.396
PF13/0013/E120,NO,45.392981,7.981827,52.0,33131.533,18329.106
PF14/0013/E120,NO,45.396855,7.98314,52.0,33560.673,18437.281
PF15/0013/E120,NO,45.398468,7.985384,52.0,33737.591,18615.183
PF16/0013/E120,NO,45.398653,7.990384,52.0,33753.232,19006.766
PF17/0013/E120,NO,45.39583,7.985415,52.0,33444.494,18613.925
PF01/0014/E120,NO,45.395529,7.994992,8.0,33401.66,19363.1
PF03/0014/E120,NO,45.393107,7.992934,52.0,33134.589,19198.678
PF04/0014/E120,NO,45.387838,7.993294,52.0,32548.899,19219.525
PF05/0014/E120,NO,45.392539,7.999672,52.0,33064.903,19725.278
PF06/0014/E120,NO,45.39233,7.989315,12.0,33051.85,18914.3
PF04/0015/E120,NO,45.376878,7.973257,52.0,31351.136,17635.414
PF05/0015/E120,NO,45.379628,7.975665,52.0,31654.208,17827.814
PF06/0015/E120,NO,45.378224,7.976123,52.0,31497.729,17861.739
PF07/0015/E120,NO,45.381122,7.967442,12.0,31828.391,17186.176
PF08/0015/E120,NO,45.379868,7.97132,52.0,31685.196,17487.963
PF01/0016/E120,NO,45.389866,7.978268,52.0,32788.999,18046.055
PF02/0016/E120,NO,45.391041,7.98217,52.0,32915.691,18353.21
PF04/0016/E120,NO,45.38965,7.988709,52.0,32754.746,18863.14
PF05/0016/E120,NO,45.3883,7.981521,8.0,32611.78,18298.56
PF06/0016/E120,NO,45.388075,7.986454,52.0,32581.987,18684.421
PF07/0016/E120,NO,45.385781,7.980264,52.0,32333.227,18196.607
PF08/0016/E120,NO,45.38521,7.984503,52.0,32265.563,18527.667
PF09/0016/E120,NO,45.386235,7.98954,52.0,32374.433,18923.381
PF10/0016/E120,NO,45.383483,7.981914,52.0,32076.302,18322.564
PF11/0016/E120,NO,45.383811,7.98659,52.0,32108.111,18689.081
PF13/0016/E120,NO,45.38112,7.986474,52.0,31809.268,18676.218
PF14/0016/E120,NO,45.37824,7.9841,52.0,31491.628,18486.338
PF15/0016/E120,NO,45.375696,7.985364,8.0,31207.73,18581.69
PF17/0016/E120,NO,45.387722,7.983619,52.0,32545.556,18461.959
PF18/0016/E120,NO,45.380498,7.982552,52.0,31743.97,18368.286
PF20/0016/E120,NO,45.389625,7.98555,52.0,32755.028,18615.782
PF21/0016/E120,NO,45.37644,7.988838,52.0,31287.005,18854.807
PF01/0017/E120,NO,45.382948,7.97377,52.0,32024.953,17684.216
PF02/0017/E120,NO,45.382846,7.97711,52.0,32010.269,17945.538
PF04/0017/E120,NO,45.381205,7.977131,52.0,31827.897,17944.829
PF05/0017/E120,NO,45.382202,7.980871,52.0,31934.972,18239.056
PF06/0017/E120,NO,45.379351,7.979259,52.0,31619.833,18108.808
PF08/0017/E120,NO,45.376203,7.980609,52.0,31268.831,18210.076
PF09/0017/E120,NO,45.37643,7.984291,52.0,31290.409,18498.746
PF11/0017/E120,NO,45.374116,7.985373,52.0,31032.229,18580.172
PF12/0017/E120,NO,45.372164,7.982904,52.0,30817.843,18384.107
PF14/0017/E120,NO,45.374083,7.975867,52.0,31037.972,17835.81
PF15/0017/E120,NO,45.381079,7.977301,52.0,31813.834,17958.001
PF17/0017/E120,NO,45.378513,7.981892,52.0,31524.131,18313.827
PF18/0017/E120,NO,45.384611,7.979888,52.0,32203.631,18165.48
PF03/0001/E143,NO,45.096323,7.751553,52.0,428.577,-206.024
PF05/0001/E143,NO,45.10887,7.747785,52.0,1826.996,-480.888
PF06/0001/E143,NO,45.108375,7.742672,52.0,1778.282,-884.023
PF07/0001/E143,NO,45.095681,7.746858,52.0,363.016,-576.541
PF08/0001/E143,NO,45.104515,7.745723,52.0,1345.679,-650.63
PF09/0001/E143,NO,45.112043,7.746768,21.0,2180.717,-555.479
PF04/0002/E143,NO,45.097353,7.761626,52.0,530.848,588.328
PF07/0002/E143,NO,45.106207,7.760326,52.0,1515.95,501.094
PF08/0002/E143,NO,45.111696,7.761303,52.0,2124.625,587.334
PF10/0002/E143,NO,45.098752,7.756823,52.0,691.996,212.787
PF11/0002/E143,NO,45.113534,7.758588,52.0,2332.022,376.88
PF12/0002/E143,NO,45.101579,7.765002,52.0,996.16,861.132
PF13/0002/E143,NO,45.096707,7.758346,21.0,462.952,329.184
PF07/0003/E143,NO,45.097093,7.766884,52.0,495.578,1001.617
PF09/0003/E143,NO,45.099168,7.769268,21.0,723.227,1192.725
PF03/0004/E143,NO,45.091139,7.757082,52.0,-154.018,220.17
PF04/0004/E143,NO,45.093297,7.756305,52.0,86.65,162.701
PF05/0004/E143,NO,45.094969,7.754824,62.0,274.147,49.029
PF08/0004/E143,NO,45.089981,7.753767,52.0,-278.643,-42.66
PF10/0004/E143,NO,45.093185,7.751726,21.0,79.745,-197.775
PF07/0005/E143,NO,45.087699,7.759721,52.0,-539.383,421.998
PF09/0005/E143,NO,45.086784,7.75372,52.0,-633.787,-51.846
PF11/0005/E143,NO,45.087803,7.749324,52.0,-515.2,-396.004
PF12/0005/E143,NO,45.091622,7.747257,52.0,-88.471,-552.126
PF15/0005/E143,NO,45.083394,7.764849,52.0,-1023.75,818.222
PF16/0005/E143,NO,45.094755,7.761901,52.0,241.875,605.586
PF18/0005/E143,NO,45.081555,7.759114,52.0,-1221.185,363.744
PF19/0005/E143,NO,45.084195,7.749759,52.0,-916.506,-368.038
PF20/0005/E143,NO,45.094189,7.758558,12.0,183.0,341.5
PF21/0005/E143,NO,45.090888,7.750365,21.0,-173.756,-308.808
PF04/0006/E143,NO,45.092588,7.764913,52.0,-2.516,838.872
PF05/0006/E143,NO,45.094025,7.768592,21.0,152.746,1130.78
PF01/0007/E143,NO,45.086825,7.767603,52.0,-645.897,1040.785
PF03/0007/E143,NO,45.090325,7.770821,52.0,-260.943,1299.959
PF05/0007/E143,NO,45.086938,7.779235,52.0,-647.284,1956.396
PF06/0007/E143,NO,45.09122,7.767639,21.0,-157.786,1051.071
PF01/0008/E143,NO,45.107495,7.772442,52.0,1644.464,1456.435
PF02/0008/E143,NO,45.112222,7.775226,52.0,2166.313,1683.433
PF03/0008/E143,NO,45.110904,7.778856,52.0,2015.534,1966.792
PF05/0008/E143,NO,45.117326,7.768329,52.0,2741.608,1149.565
PF07/0008/E143,NO,45.112228,7.769927,52.0,2173.327,1266.613
PF10/0008/E143,NO,45.111739,7.766495,21.0,2123.087,995.796
PF02/0009/E143,NO,45.115095,7.783407,52.0,2475.76,2331.794
PF08/0009/E143,NO,45.117309,7.795615,21.0,2707.336,3295.704
PF02/0010/E143,NO,45.107917,7.778288,52.0,1684.425,1917.103
PF06/0010/E143,NO,45.109056,7.774942,21.0,1814.926,1655.753
PF02/0011/E143,NO,45.111314,7.788681,52.0,2049.455,2740.371
PF07/0011/E143,NO,45.110432,7.796318,52.0,1942.503,3339.6
PF08/0011/E143,NO,45.104708,7.800102,52.0,1302.187,3627.847
PF11/0011/E143,NO,45.107666,7.79603,21.0,1635.641,3312.397
PF01/0012/E143,NO,45.105985,7.774735,62.0,1474.0,1634.351
PF02/0012/E143,NO,45.102219,7.773375,62.0,1057.26,1521.008
PF03/0012/E143,NO,45.106311,7.768512,52.0,1517.691,1145.264
PF09/0012/E143,NO,45.105247,7.782475,21.0,1382.89,2242.03
PF04/0013/E143,NO,45.091461,7.786119,52.0,-152.997,2505.667
PF06/0013/E143,NO,45.089204,7.793068,52.0,-411.834,3048.775
PF07/0013/E143,NO,45.086881,7.790759,52.0,-667.282,2863.181
PF09/0013/E143,NO,45.091158,7.775055,21.0,-173.446,1634.564
PF10/0001/E177,NO,45.342453,7.879437,52.0,27624.603,10236.211
PF12/0001/E177,NO,45.341607,7.883481,52.0,27526.243,10551.743
PF14/0001/E177,NO,45.339727,7.880756,8.0,27320.34,10335.33
PF01/0002/E177,NO,45.345575,7.859519,52.0,27993.346,8680.651
PF11/0002/E177,NO,45.338477,7.859303,52.0,27205.059,8652.601
PF10/0003/E177,NO,45.34107,7.899803,12.0,27449.0,11829.7
PF12/0003/E177,NO,45.339586,7.887447,52.0,27297.423,10859.391
PF21/0003/E177,NO,45.335485,7.889709,52.0,26839.382,11030.339
PF23/0003/E177,NO,45.337062,7.891082,52.0,27013.08,11140.339
PF24/0003/E177,NO,45.332852,7.889552,12.0,26547.0,11014.0
PF01/0004/E177,NO,45.342536,7.917182,8.0,27593.33,13193.52
PF01/0005/E177,NO,45.342258,7.902637,8.0,27577.96,12053.58
PF02/0005/E177,NO,45.341367,7.904291,52.0,27477.227,12181.815
PF03/0005/E177,NO,45.340984,7.902067,52.0,27436.977,12006.95
PF04/0005/E177,NO,45.342557,7.905774,52.0,27607.803,12299.744
PF01/0006/E177,NO,45.335443,7.86542,8.0,26861.23,9127.12
PF02/0006/E177,NO,45.337409,7.867659,52.0,27077.221,9305.583
PF03/0006/E177,NO,45.336998,7.863613,52.0,27035.959,8987.951
PF04/0006/E177,NO,45.338822,7.866033,52.0,27235.967,9180.386
PF05/0006/E177,NO,45.339387,7.862156,12.0,27303.0,8877.5
PF02/0007/E177,NO,45.341825,7.875862,52.0,27558.71,9955.14
PF03/0007/E177,NO,45.340588,7.868641,52.0,27429.263,9387.494
PF04/0007/E177,NO,45.330909,7.875658,52.0,26346.26,9922.225
PF05/0007/E177,NO,45.328268,7.875798,52.0,26052.73,9929.102
PF06/0007/E177,NO,45.32948,7.872784,52.0,26190.655,9694.806
PF07/0007/E177,NO,45.334629,7.870402,52.0,26765.316,9516.208
PF08/0007/E177,NO,45.342214,7.87255,52.0,27605.613,9696.291
PF09/0007/E177,NO,45.339517,7.871362,52.0,27307.24,9599.02
PF10/0007/E177,NO,45.33235,7.878026,52.0,26503.724,10110.08
PF01/0008/E177,NO,45.341122,7.885651,10.0,27470.0,10721.0
PF02/0008/E177,NO,45.337949,7.884015,52.0,27119.322,10587.976
PF03/0008/E177,NO,45.337391,7.887278,52.0,27053.732,10842.736
PF04/0008/E177,NO,45.337246,7.878821,10.0,27046.8,10179.9
PF05/0008/E177,NO,45.334808,7.885466,52.0,26768.703,10696.854
PF06/0008/E177,NO,45.332316,7.885187,52.0,26492.18,10671.108
PF07/0008/E177,NO,45.331953,7.881147,52.0,26456.267,10353.975
PF08/0008/E177,NO,45.332419,7.888714,52.0,26499.762,10947.669
PF09/0008/E177,NO,45.336596,7.882428,52.0,26970.63,10461.562
PF10/0008/E177,NO,45.332092,7.888284,52.0,26463.998,10913.503
PF01/0009/E177,NO,45.333338,7.909763,8.0,26579.33,12598.44
PF02/0009/E177,NO,45.338671,7.904106,52.0,27177.825,12163.251
PF03/0009/E177,NO,45.336944,7.901422,12.0,26988.869,11950.285
PF01/0010/E177,NO,45.33421,7.862626,52.0,26727.307,8906.254
PF02/0010/E177,NO,45.332893,7.865403,52.0,26577.92,9121.801
PF03/0010/E177,NO,45.332725,7.868188,52.0,26556.214,9339.719
PF04/0010/E177,NO,45.330887,7.869101,52.0,26350.997,9408.425
PF05/0010/E177,NO,45.328486,7.865133,52.0,26088.594,9093.669
PF06/0010/E177,NO,45.329994,7.863202,52.0,26258.324,8944.779
PF07/0010/E177,NO,45.328118,7.868258,52.0,26044.272,9338.037
PF08/0010/E177,NO,45.326904,7.868054,8.0,25909.65,9320.13
PF09/0010/E177,NO,45.336447,7.860447,54.0,26978.214,8739.015
PF01/0011/E177,NO,45.32929,7.880048,8.0,26161.66,10263.74
PF02/0011/E177,NO,45.329521,7.878558,52.0,26188.87,10147.382
PF03/0011/E177,NO,45.327512,7.880769,52.0,25963.334,10317.487
PF04/0011/E177,NO,45.325419,7.881011,52.0,25730.451,10333.215
PF05/0011/E177,NO,45.32757,7.878037,52.0,25972.683,10103.512
PF06/0012/E177,NO,45.332921,7.892358,52.0,26551.627,11233.989
PF11/0012/E177,NO,45.331741,7.900927,52.0,26411.411,11903.648
PF12/0012/E177,NO,45.331639,7.905715,10.0,26394.892,12278.672
PF15/0012/E177,NO,45.330809,7.893699,52.0,26315.567,11335.821
PF20/0012/E177,NO,45.329069,7.892229,54.0,26123.798,11217.956
PF24/0012/E177,NO,45.3286,7.894516,52.0,26069.313,11396.458
PF26/0012/E177,NO,45.328155,7.900783,52.0,26013.074,11886.909
PF27/0012/E177,NO,45.326976,7.897996,52.0,25885.081,11666.741
PF29/0012/E177,NO,45.326164,7.895569,8.0,25797.52,11475.29
PF33/0012/E177,NO,45.329615,7.899525,52.0,26176.723,11790.569
PF36/0012/E177,NO,45.330111,7.909444,52.0,26221.241,12568.577
PF37/0012/E177,NO,45.329389,7.892764,52.0,26158.79,11260.368
PF38/0012/E177,NO,45.328314,7.904298,52.0,26026.98,12162.599
PF39/0012/E177,NO,45.330268,7.906139,52.0,26242.106,12309.811
PF01/0013/E177,NO,45.327309,7.871105,52.0,25951.308,9559.849
PF02/0013/E177,NO,45.32651,7.87493,52.0,25858.308,9858.39
PF03/0013/E177,NO,45.325566,7.873148,52.0,25755.426,9717.228
PF04/0013/E177,NO,45.325579,7.87701,62.0,25752.628,10019.941
PF06/0013/E177,NO,45.323495,7.87473,52.0,25523.648,9838.062
PF08/0013/E177,NO,45.322532,7.880499,52.0,25410.328,10288.637
PF11/0013/E177,NO,45.321098,7.879857,52.0,25251.757,10236.137
PF12/0013/E177,NO,45.321759,7.877005,52.0,25328.27,10013.64
PF13/0013/E177,NO,45.32204,7.876929,62.0,25359.609,10008.141
PF05/0014/E177,NO,45.329019,7.889769,52.0,26120.941,11025.109
PF06/0014/E177,NO,45.32818,7.885668,52.0,26032.195,10702.499
PF07/0014/E177,NO,45.327596,7.88834,52.0,25964.445,10910.933
PF08/0014/E177,NO,45.32711,7.883436,52.0,25915.696,10525.879
PF09/0014/E177,NO,45.326793,7.891412,52.0,25871.851,11150.453
PF11/0014/E177,NO,45.325505,7.88787,52.0,25732.566,10870.949
PF12/0014/E177,NO,45.323753,7.882928,52.0,25543.376,10480.901
PF14/0014/E177,NO,45.324382,7.890562,52.0,25604.956,11080.197
PF17/0014/E177,NO,45.322001,7.887418,52.0,25343.8,10830.143
PF19/0014/E177,NO,45.320046,7.887593,52.0,25126.436,10840.797
PF20/0014/E177,NO,45.320076,7.890442,52.0,25126.726,11064.214
PF23/0014/E177,NO,45.323691,7.892863,52.0,25525.663,11259.434
PF25/0014/E177,NO,45.322153,7.887309,52.0,25360.802,10821.778
PF26/0014/E177,NO,45.318176,7.889052,52.0,24917.084,10952.355
PF27/0014/E177,NO,45.32589,7.885712,52.0,25777.724,10702.392
PF28/0014/E177,NO,45.329244,7.887489,52.0,26148.433,10846.777
PF29/0014/E177,NO,45.330793,7.885556,52.0,26322.563,10697.701
PF30/0014/E177,NO,45.329779,7.882234,52.0,26213.529,10435.84
PF01/0015/E177,NO,45.326842,7.893811,52.0,25874.741,11338.558
PF05/0015/E177,NO,45.325328,7.892932,52.0,25707.441,11267.383
PF12/0015/E177,NO,45.322903,7.905376,8.0,25424.77,12238.93
PF13/0015/E177,NO,45.320753,7.894419,52.0,25197.573,11376.904
PF14/0015/E177,NO,45.320705,7.898062,52.0,25188.406,11662.324
PF19/0015/E177,NO,45.318345,7.903629,52.0,24920.252,12095.108
PF26/0015/E177,NO,45.317975,7.893412,52.0,24890.074,11293.769
PF27/0015/E177,NO,45.319277,7.895202,52.0,25032.781,11436.029
PF28/0015/E177,NO,45.326263,7.902383,52.0,25801.206,12009.401
PF29/0015/E177,NO,45.325054,7.898382,52.0,25671.195,11694.047
PF30/0015/E177,NO,45.322871,7.894992,52.0,25432.253,11425.018
PF31/0015/E177,NO,45.324345,7.901204,52.0,25589.371,11914.127
PF32/0015/E177,NO,45.325704,7.904373,52.0,25736.96,12164.509
PF33/0015/E177,NO,45.319556,7.897474,52.0,25061.334,11614.535
PF34/0015/E177,NO,45.315281,7.893427,10.0,24590.8,11290.8
PF35/0015/E177,NO,45.315281,7.893427,10.0,24590.8,11290.8
PF36/0015/E177,NO,45.315281,7.893427,10.0,24590.8,11290.8
PF37/0015/E177,NO,45.316945,7.896513,10.0,24772.35,11535.2
PF38/0015/E177,NO,45.316945,7.896513,10.0,24772.35,11535.2
PF02/0016/E177,NO,45.319295,7.88049,52.0,25050.736,10282.981
PF03/0016/E177,NO,45.319192,7.877794,52.0,25042.276,10071.511
PF03/0017/E177,NO,45.317233,7.885329,52.0,24816.393,10659.06
PF08/0017/E177,NO,45.313654,7.88523,52.0,24418.886,10645.815
PF11/0017/E177,NO,45.312365,7.88818,52.0,24272.501,10875.048
PF13/0017/E177,NO,45.312654,7.893974,52.0,24298.38,11329.674
PF15/0017/E177,NO,45.320672,7.883969,52.0,25199.908,10557.765
PF16/0017/E177,NO,45.315971,7.88718,52.0,24674.227,10802.232
PF17/0017/E177,NO,45.314273,7.887897,52.0,24484.777,10855.804
PF18/0017/E177,NO,45.311356,7.892841,52.0,24155.41,11238.86
PF19/0017/E177,NO,45.31674,7.881245,12.0,24765.999,10338.177
PF01/0999/E177,NO,45.353472,7.859003,3.0,28871.26,8652.63
PF02/0999/E177,NO,45.333531,7.858884,12.0,26655.999,8611.923
PF01/0001/E314,NO,45.421162,8.003788,8.0,36240.85,20086.89
PF02/0001/E314,NO,45.41906,8.001122,12.0,36009.97,19875.429
PF01/0002/E314,NO,45.42992,8.024406,8.0,37194.11,21711.78
PF01/0004/E314,NO,45.421357,8.015959,8.0,36250.76,21039.38
PF02/0004/E314,NO,45.420772,8.020706,52.0,36181.315,21409.976
PF01/0005/E314,NO,45.422241,8.0249,52.0,36340.511,21740.039
PF02/0005/E314,NO,45.420007,8.024375,52.0,36092.819,21695.967
PF03/0005/E314,NO,45.420496,8.028713,8.0,36143.0,22036.0
PF01/0006/E314,NO,45.414737,7.995141,52.0,35535.502,19401.475
PF02/0006/E314,NO,45.416227,7.999263,10.0,35697.0,19726.0
PF03/0006/E314,NO,45.416543,8.002484,10.0,35729.0,19978.5
PF01/0007/E314,NO,45.410628,8.001182,8.0,35073.13,19868.45
PF01/0008/E314,NO,45.410163,8.014147,52.0,35008.934,20882.314
PF02/0008/E314,NO,45.408343,8.012037,52.0,34808.733,20714.771
PF03/0008/E314,NO,45.0965,8.20036,205.0,1.02,35108.375
PF01/0009/E314,NO,45.414806,8.015904,8.0,35523.11,21026.12
PF02/0009/E314,NO,45.412648,8.016661,52.0,35282.535,21082.419
PF03/0009/E314,NO,45.416058,8.017831,52.0,35660.291,21178.62
PF01/0010/E314,NO,45.409935,8.018485,52.0,34979.475,21221.468
PF02/0010/E314,NO,45.41083,8.022128,52.0,35075.413,21507.809
PF03/0010/E314,NO,45.096551,8.201131,210.0,6.02,35169.063
PF01/0011/E314,NO,45.411974,8.025439,52.0,35199.383,21768.447
PF02/0011/E314,NO,45.414589,8.0226,52.0,35492.586,21549.811
PF04/0011/E314,NO,45.413701,8.023425,52.0,35393.124,21613.147
PF05/0011/E314,NO,45.414896,8.021255,8.0,35528.0,21445.0
PF01/0012/E314,NO,45.416161,8.027405,8.0,35662.63,21927.9
PF02/0012/E314,NO,45.414347,8.026221,52.0,35462.201,21832.828
PF03/0012/E314,NO,45.416871,8.021232,52.0,35747.435,21445.85
PF01/0013/E314,NO,45.413225,8.02801,8.0,35335.91,21971.25
PF01/0014/E314,NO,45.409791,8.024216,52.0,34958.016,21669.737
PF02/0014/E314,NO,45.408937,8.022008,52.0,34865.238,21495.83
PF03/0014/E314,NO,45.407362,8.022995,52.0,34689.336,21570.922
PF04/0014/E314,NO,45.40566,8.025909,52.0,34497.43,21796.683
PF01/0015/E314,NO,45.412208,8.03076,52.0,35220.311,22185.081
PF02/0015/E314,NO,45.410457,8.026789,52.0,35029.49,21872.0
PF04/0015/E314,NO,45.408063,8.026664,52.0,34763.64,21859.045
PF05/0015/E314,NO,45.408588,8.03027,52.0,34818.644,22141.929
PF03/0016/E314,NO,45.414641,8.034135,52.0,35487.426,22452.436
PF04/0016/E314,NO,45.414743,8.030529,52.0,35502.192,22170.375
PF01/0017/E314,NO,45.402636,8.011093,52.0,34175.677,20633.118
PF02/0017/E314,NO,45.4046,8.013301,52.0,34391.731,20808.536
PF03/0017/E314,NO,45.405279,8.010439,52.0,34469.893,20585.511
PF10/0017/E314,NO,45.40468,8.013646,52.0,34400.232,20835.695
PF11/0017/E314,NO,45.403122,8.00412,52.0,34236.367,20088.062
PF01/0018/E314,NO,45.396773,8.01326,8.0,33522.15,20794.7
PF05/0018/E314,NO,45.401108,8.008336,52.0,34008.514,20415.241
PF07/0018/E314,NO,45.396595,8.007285,52.0,33508.182,20326.812
PF08/0018/E314,NO,45.394352,8.004859,52.0,33261.363,20133.828
PF10/0018/E314,NO,45.397178,8.009653,52.0,33570.595,20512.937
PF11/0018/E314,NO,45.398283,8.00614,52.0,33696.759,20239.506
PF12/0018/E314,NO,45.397877,8.014302,52.0,33643.785,20877.737
PF13/0018/E314,NO,45.39867,8.01125,10.0,33734.9,20639.941
PF01/0019/E314,NO,45.395069,8.011729,52.0,33334.367,20672.501
PF02/0019/E314,NO,45.39271,8.013432,52.0,33070.611,20802.591
PF01/0020/E314,NO,45.400143,8.026862,8.0,33883.56,21863.87
PF02/0020/E314,NO,45.402843,8.026205,52.0,34184.16,21816.032
PF03/0020/E314,NO,45.401798,8.02386,52.0,34070.277,21631.095
PF04/0020/E314,NO,45.398781,8.024004,52.0,33735.011,21638.37
PF05/0020/E314,NO,45.397332,8.027239,52.0,33571.008,21889.599
PF09/0020/E314,NO,45.399581,8.019847,52.0,33827.797,21314.074
PF12/0020/E314,NO,45.405016,8.02608,52.0,34425.716,21809.181
PF23/0020/E314,NO,45.406812,8.016585,52.0,34634.261,21068.543
PF24/0020/E314,NO,45.406225,8.023446,52.0,34562.581,21604.683
PF27/0020/E314,NO,45.395967,8.024017,52.0,33422.321,21635.545
PF29/0020/E314,NO,45.095343,7.797127,62.0,265.349,3378.306
PF30/0020/E314,NO,45.394494,8.020645,52.0,33261.934,21369.624
PF31/0020/E314,NO,45.405429,8.019388,52.0,34478.005,21286.061
PF32/0020/E314,NO,45.401559,8.020609,52.0,34046.82,21376.357
PF33/0020/E314,NO,45.408357,8.020269,52.0,34802.465,21358.931
PF35/0020/E314,NO,45.404884,8.016413,52.0,34420.238,21052.513
PF36/0020/E314,NO,45.403465,8.022623,52.0,34256.664,21536.561
PF37/0020/E314,NO,45.401519,8.017704,52.0,34045.193,21148.956
PF38/0020/E314,NO,45.396508,8.017094,12.0,33489.05,21094.4
PF39/0020/E314,NO,45.397234,8.023143,12.0,33564.0,21568.9
PF01/0021/E314,NO,45.402046,8.030463,52.0,34091.592,22148.269
PF03/0021/E314,NO,45.401853,8.028,52.0,34072.558,21955.206
PF04/0021/E314,NO,45.403419,8.029078,52.0,34245.438,22041.72
PF02/0022/E314,NO,45.405193,8.032456,52.0,34439.413,22308.413
PF03/0022/E314,NO,45.406461,8.02966,52.0,34582.861,22091.277
PF04/0022/E314,NO,45.405691,8.035073,52.0,34492.204,22513.908
PF02/0023/E314,NO,45.403237,8.033214,52.0,34221.369,22365.105
PF04/0023/E314,NO,45.40438,8.0347,52.0,34346.926,22482.982
PF07/0023/E314,NO,45.401251,8.033984,52.0,33999.944,22422.736
PF08/0023/E314,NO,45.402641,8.038707,52.0,34149.932,22794.25
PF09/0023/E314,NO,45.402493,8.036191,52.0,34135.906,22597.105
PF01/0024/E314,NO,45.399304,8.030407,52.0,33787.088,22140.175
PF02/0024/E314,NO,45.397808,8.033682,52.0,33617.769,22394.496
PF06/0024/E314,NO,45.396102,8.030166,52.0,33431.557,22117.033
PF01/0025/E314,NO,45.399596,8.035661,52.0,33814.542,22551.809
PF02/0025/E314,NO,45.400524,8.037992,52.0,33915.412,22735.447
PF06/0025/E314,NO,45.395199,8.038005,52.0,33323.837,22729.43
PF08/0025/E314,NO,45.395893,8.040763,52.0,33398.371,22946.183
PF09/0025/E314,NO,45.397272,8.037112,52.0,33554.991,22662.298
PF10/0025/E314,NO,45.4006,8.041387,12.0,33920.7,23001.3
PF11/0025/E314,NO,45.397517,8.040545,10.0,33579.0,22931.3
PF01/0027/E314,NO,45.400489,8.04441,52.0,33905.531,23237.707
PF02/0027/E314,NO,45.399515,8.048272,52.0,33793.754,23538.695
PF01/0028/E314,NO,45.384634,8.014835,8.0,32172.11,20901.47
PF06/0028/E314,NO,45.389374,8.016321,52.0,32697.185,21024.259
PF08/0028/E314,NO,45.391482,8.016229,52.0,32931.544,21019.849
PF13/0028/E314,NO,45.386896,8.023403,52.0,32415.154,21575.232
PF16/0028/E314,NO,45.392219,8.026012,52.0,33004.064,21786.667
PF18/0028/E314,NO,45.393176,8.02843,52.0,33108.135,21977.227
PF19/0028/E314,NO,45.387593,8.016693,52.0,32499.005,21050.961
PF20/0028/E314,NO,45.38541,8.019288,52.0,32254.044,21251.103
PF21/0028/E314,NO,45.389111,8.025469,52.0,32659.286,21740.006
PF23/0028/E314,NO,45.390099,8.019398,52.0,32774.823,21266.114
PF01/0029/E314,NO,45.390232,8.028509,8.0,32781.01,21979.45
PF03/0029/E314,NO,45.38759,8.029348,52.0,32486.611,22041.589
PF07/0029/E314,NO,45.385868,8.0284,52.0,32296.28,21965.061
PF04/0030/E314,NO,45.390708,8.036076,52.0,32826.749,22572.435
PF05/0030/E314,NO,45.388982,8.034398,52.0,32636.558,22438.797
PF07/0030/E314,NO,45.387589,8.036611,52.0,32479.72,22610.185
PF08/0030/E314,NO,45.390334,8.032609,52.0,32788.376,22300.539
PF09/0030/E314,NO,45.387066,8.032927,52.0,32425.097,22321.081
PF02/0031/E314,NO,45.393791,8.04029,52.0,33165.301,22906.363
PF07/0031/E314,NO,45.398525,8.043694,52.0,33688.082,23179.119
PF08/0031/E314,NO,45.389688,8.038658,52.0,32711.028,22773.19
PF11/0031/E314,NO,45.393418,8.04374,52.0,33120.589,23175.988
PF12/0031/E314,NO,45.389969,8.043516,52.0,32737.641,23153.873
PF01/0032/E314,NO,45.376731,8.012999,52.0,31295.856,20746.928
PF02/0032/E314,NO,45.374815,8.012191,52.0,31083.716,20681.071
PF03/0032/E314,NO,45.383147,8.012643,12.0,32008.953,20727.832
PF01/0034/E314,NO,45.378331,8.033796,8.0,31453.86,22377.46
PF04/0034/E314,NO,45.384727,8.032631,52.0,32165.516,22294.785
PF05/0034/E314,NO,45.378978,8.030208,52.0,31529.088,22097.365
PF06/0034/E314,NO,45.380717,8.029589,52.0,31722.874,22051.289
PF07/0034/E314,NO,45.383339,8.031199,52.0,32012.59,22180.8
PF08/0034/E314,NO,45.382339,8.034638,52.0,31898.354,22448.736
PF01/0035/E314,NO,45.385778,8.035308,52.0,32279.701,22505.759
PF02/0035/E314,NO,45.384944,8.037756,52.0,32184.789,22696.284
PF03/0035/E314,NO,45.386646,8.040783,52.0,32370.999,22935.524
PF02/0036/E314,NO,45.384788,8.042296,52.0,32163.196,23051.539
PF06/0037/E314,NO,45.383077,8.037158,52.0,31977.886,22647.014
PF07/0037/E314,NO,45.378329,8.035989,52.0,31451.58,22549.179
PF08/0037/E314,NO,45.377131,8.037882,52.0,31316.648,22695.77
PF10/0037/E314,NO,45.384063,8.034598,52.0,32089.827,22447.857
PF11/0037/E314,NO,45.380209,8.034487,52.0,31661.834,22434.069
PF12/0037/E314,NO,45.379423,8.03948,52.0,31569.862,22823.9
PF13/0037/E314,NO,45.380849,8.040958,52.0,31726.82,22941.566
PF04/0038/E314,NO,45.379821,8.026874,52.0,31625.854,21837.494
PF01/0039/E314,NO,45.377685,8.030061,52.0,31385.56,22084.116
PF02/0039/E314,NO,45.376171,8.032011,52.0,31215.476,22234.8
PF04/0039/E314,NO,45.376155,8.033161,52.0,31212.655,22324.822
PF06/0039/E314,NO,45.375569,8.028158,52.0,31152.325,21932.341
PF07/0039/E314,NO,45.376497,8.035079,52.0,31248.838,22475.473
PF07/0040/E314,NO,45.373534,8.033552,52.0,30921.076,22351.931
PF08/0040/E314,NO,45.37373,8.030977,52.0,30945.343,22150.555
PF02/0999/E314,NO,45.394878,8.056504,8.0,33271.07,24176.94
PF03/0999/E314,NO,45.395626,8.046318,8.0,33363.51,23380.63
PF04/0999/E314,NO,45.428672,8.04056,8.0,37040.27,22973.77
PF08/0999/E314,NO,45.398515,8.070368,8.0,33662.43,25266.78
PF09/0999/E314,NO,45.377603,8.040371,52.0,31366.799,22891.259
PF10/0999/E314,NO,45.373483,8.03583,52.0,30913.295,22530.289
PF11/0999/E314,NO,45.378055,8.044394,52.0,31413.25,23206.839
PF12/0999/E314,NO,45.387631,8.045083,52.0,32476.417,23273.417
PF13/0999/E314,NO,45.383374,8.046167,52.0,32002.497,23352.722
PF14/0999/E314,NO,45.392425,8.045367,52.0,33008.808,23302.034
PF15/0999/E314,NO,45.373989,8.02848,52.0,30976.398,21955.405
PF16/0999/E314,NO,45.396932,8.048617,12.0,33506.528,23562.299
PF17/0999/E314,NO,45.380103,8.043001,12.0,31642.013,23100.511
PF02/0001/E436,NO,45.102613,7.747864,52.0,1131.803,-485.458
PF03/0001/E436,NO,45.099863,7.739399,52.0,836.62,-1156.213
PF05/0001/E436,NO,45.103092,7.743851,21.0,1189.961,-800.359
PF01/0002/E436,NO,45.098597,7.7538,52.0,678.451,-25.344
PF06/0002/E436,NO,45.100152,7.753489,52.0,851.575,-47.114
PF09/0002/E436,NO,45.10166,7.757914,12.0,1013.737,303.632
PF10/0002/E436,NO,45.096917,7.758122,21.0,486.613,311.893
PF03/0004/E436,NO,45.093787,7.766027,12.0,129.35,928.531
PF05/0004/E436,NO,45.091249,7.769231,21.0,-156.46,1176.358
PF03/0005/E436,NO,45.090725,7.761612,52.0,-205.514,575.97
PF05/0005/E436,NO,45.094674,7.758902,21.0,236.438,369.43
PF01/0006/E436,NO,45.092655,7.751269,52.0,21.487,-234.613
PF03/0006/E436,NO,45.091224,7.752211,52.0,-138.701,-162.951
PF04/0006/E436,NO,45.090219,7.755561,52.0,-254.41,98.956
PF05/0006/E436,NO,45.096637,7.752695,52.0,462.086,-115.639
PF06/0006/E436,NO,45.093063,7.757738,52.0,58.944,275.059
PF08/0006/E436,NO,45.096888,7.75512,52.0,487.054,75.616
PF14/0006/E436,NO,45.094878,7.750465,52.0,269.408,-294.104
PF15/0006/E436,NO,45.099644,7.751482,21.0,797.582,-205.893
PF02/0007/E436,NO,45.094835,7.754485,52.0,259.669,22.108
PF03/0007/E436,NO,45.092108,7.75399,21.0,-42.646,-21.454
PF04/0008/E436,NO,45.094475,7.743006,21.0,233.715,-881.692
PF04/0012/E436,NO,45.086283,7.745592,10.0,-679.528,-692.378
PF05/0014/E436,NO,45.086051,7.765823,21.0,-729.767,899.419
PF01/0001/E544,NO,45.497328,8.093948,52.0,44619.323,27236.187
PF01/0002/E544,NO,45.49637,8.08823,10.0,44517.95,26788.22
PF02/0002/E544,NO,45.496094,8.091615,52.0,44484.303,27052.328
PF03/0002/E544,NO,45.492208,8.090512,52.0,44053.501,26961.25
PF01/0003/E544,NO,45.492466,8.098146,8.0,44075.44,27558.08
PF02/0003/E544,NO,45.492826,8.095007,52.0,44118.259,27313.242
PF03/0003/E544,NO,45.490328,8.095694,52.0,43840.112,27363.83
PF04/0003/E544,NO,45.493283,8.095471,52.0,44168.634,27350.119
PF03/0004/E544,NO,45.494858,8.09711,52.0,44342.184,27480.143
PF04/0004/E544,NO,45.49435,8.100459,52.0,44282.76,27741.135
PF06/0004/E544,NO,45.494949,8.096201,52.0,44353.046,27409.213
PF07/0004/E544,NO,45.497969,8.09882,52.0,44686.282,27617.642
PF01/0005/E544,NO,45.484247,8.091451,8.0,43168.3,27024.59
PF02/0005/E544,NO,45.494882,8.084021,10.0,44356.4,26457.4
PF03/0005/E544,NO,45.493301,8.087401,52.0,44177.707,26719.515
PF04/0005/E544,NO,45.492071,8.084865,10.0,44043.3,26519.8
PF08/0005/E544,NO,45.488275,8.088618,10.0,43618.3,26808.3
PF12/0005/E544,NO,45.484574,8.08677,54.0,43208.687,26659.19
PF15/0005/E544,NO,45.481915,8.091815,52.0,42908.841,27050.126
PF16/0005/E544,NO,45.482399,8.088352,52.0,42965.642,26780.071
PF19/0005/E544,NO,45.480128,8.089464,52.0,42712.36,26864.139
PF20/0005/E544,NO,45.487145,8.085909,52.0,43495.084,26595.16
PF21/0005/E544,NO,45.484303,8.083182,52.0,43181.851,26378.483
PF22/0005/E544,NO,45.487034,8.09124,52.0,43478.077,27011.616
PF23/0005/E544,NO,45.490548,8.08957,52.0,43869.916,26885.545
PF24/0005/E544,NO,45.480787,8.086214,52.0,42788.525,26610.933
PF01/0006/E544,NO,45.489565,8.092307,52.0,43758.332,27098.194
PF01/0007/E544,NO,45.490058,8.099179,52.0,43807.011,27635.8
PF02/0007/E544,NO,45.488243,8.097304,12.0,43607.0,27487.0
PF01/0008/E544,NO,45.479371,8.090174,8.0,42627.61,26918.64
PF02/0008/E544,NO,45.485913,8.094948,10.0,43350.2,27300.0
PF04/0008/E544,NO,45.484653,8.09841,10.0,43207.2,27569.0
PF06/0008/E544,NO,45.480614,8.094975,52.0,42761.525,27295.501
PF07/0008/E544,NO,45.4787,8.092361,52.0,42551.223,27088.752
PF08/0008/E544,NO,45.478496,8.096369,52.0,42525.012,27401.783
PF10/0008/E544,NO,45.477061,8.090049,52.0,42371.14,26906.03
PF11/0008/E544,NO,45.478344,8.087861,52.0,42515.603,26736.603
PF12/0008/E544,NO,45.47732,8.08457,52.0,42404.794,26478.068
PF13/0008/E544,NO,45.480853,8.089052,52.0,42793.283,26832.882
PF15/0008/E544,NO,45.482553,8.097991,52.0,42974.338,27533.604
PF16/0008/E544,NO,45.475798,8.094419,12.0,42227.0,27246.0
PF17/0008/E544,NO,45.483292,8.094498,52.0,43059.478,27261.503
PF18/0008/E544,NO,45.4778,8.097784,52.0,42446.373,27511.513
PF02/0009/E544,NO,45.481127,8.105682,52.0,42809.157,28132.874
PF06/0009/E544,NO,45.478225,8.100123,52.0,42491.559,27694.797
PF08/0009/E544,NO,45.481869,8.102543,52.0,42894.285,27888.474
PF09/0009/E544,NO,45.480305,8.098704,52.0,42723.928,27586.532
PF10/0009/E544,NO,45.480057,8.101343,54.0,42694.075,27792.471
PF11/0009/E544,NO,45.480087,8.101036,52.0,42697.675,27768.521
PF12/0009/E544,NO,45.479897,8.106996,52.0,42671.393,28234.088
PF13/0009/E544,NO,45.478572,8.105097,52.0,42525.814,28084.05
PF15/0009/E544,NO,45.346639,8.30079,12.0,27716.587,43251.467
PF02/0010/E544,NO,45.476509,8.102609,52.0,42298.797,27886.979
PF05/0011/E544,NO,45.474412,8.104471,8.0,42064.15,28029.94
PF06/0011/E544,NO,45.475313,8.102667,52.0,42165.804,27890.062
PF01/0012/E544,NO,45.475035,8.086623,52.0,42149.075,26635.636
PF04/0012/E544,NO,45.476156,8.097388,52.0,42264.092,27478.497
PF05/0012/E544,NO,45.475469,8.100742,52.0,42184.879,27739.802
PF07/0012/E544,NO,45.473586,8.099588,52.0,41976.691,27647.25
PF08/0012/E544,NO,45.472733,8.093326,52.0,41887.403,27156.696
PF09/0012/E544,NO,45.472937,8.090675,52.0,41912.427,26949.746
PF12/0012/E544,NO,45.469602,8.091956,52.0,41540.769,27045.654
PF14/0012/E544,NO,45.471625,8.09755,52.0,41760.639,27485.525
PF15/0012/E544,NO,45.471488,8.101135,52.0,41742.199,27765.586
PF16/0012/E544,NO,45.470864,8.104882,52.0,41669.651,28057.656
PF18/0012/E544,NO,45.468734,8.105624,52.0,41432.339,28113.005
PF19/0012/E544,NO,45.472851,8.087568,52.0,41905.662,26706.788
PF20/0012/E544,NO,45.472825,8.103033,52.0,41889.118,27915.585
PF21/0012/E544,NO,45.468958,8.102503,52.0,41459.923,27869.314
PF22/0012/E544,NO,45.47097,8.095069,52.0,41689.96,27290.724
PF23/0012/E544,NO,45.474803,8.092476,52.0,42118.096,27092.84
PF24/0012/E544,NO,45.474964,8.090249,12.0,42138.0,26919.0
PF25/0012/E544,NO,45.470446,8.088343,52.0,41637.774,26764.353
PF26/0012/E544,NO,45.469257,8.0863,12.0,41507.489,26603.122
PF27/0012/E544,NO,45.471727,8.086609,12.0,41781.638,26630.387
PF03/0013/E544,NO,45.466801,8.087411,52.0,41233.606,26686.881
PF04/0013/E544,NO,45.468243,8.089914,52.0,41391.56,26884.318
PF08/0013/E544,NO,45.464925,8.097536,52.0,41016.186,27476.063
PF09/0013/E544,NO,45.465647,8.094352,52.0,41099.256,27228.065
PF10/0013/E544,NO,45.466211,8.090843,52.0,41165.064,26954.432
PF11/0013/E544,NO,45.464875,8.088713,52.0,41018.507,26786.22
PF12/0013/E544,NO,45.464926,8.086082,52.0,41026.464,26580.617
PF14/0013/E544,NO,45.463024,8.08911,52.0,40812.458,26814.907
PF19/0013/E544,NO,45.461727,8.082252,52.0,40674.429,26277.157
PF23/0013/E544,NO,45.468035,8.094267,52.0,41364.614,27224.356
PF25/0013/E544,NO,45.460345,8.096167,52.0,40508.669,27363.288
PF27/0013/E544,NO,45.466323,8.103456,52.0,41166.333,27940.544
PF29/0013/E544,NO,45.468884,8.098765,52.0,41455.005,27577.067
PF30/0013/E544,NO,45.466035,8.099726,52.0,41137.637,27648.587
PF31/0013/E544,NO,45.462987,8.095087,52.0,40803.116,27282.185
PF32/0013/E544,NO,45.467436,8.097101,52.0,41295.555,27445.185
PF33/0013/E544,NO,45.460779,8.091821,52.0,40560.696,27024.036
PF34/0013/E544,NO,45.461441,8.089967,52.0,40635.892,26879.904
PF35/0013/E544,NO,45.46428,8.091809,52.0,40949.589,27027.504
PF36/0013/E544,NO,45.462227,8.09906,12.0,40715.113,27591.794
PF01/0014/E544,NO,45.454994,8.083138,8.0,39925.71,26337.85
PF02/0014/E544,NO,45.457642,8.081437,52.0,40221.409,26208.212
PF04/0014/E544,NO,45.452963,8.081275,52.0,39701.731,26189.615
PF06/0014/E544,NO,45.451082,8.078502,52.0,39495.236,25970.417
PF07/0014/E544,NO,45.450987,8.075666,52.0,39487.166,25748.479
PF09/0014/E544,NO,45.449837,8.080768,52.0,39354.811,26145.964
PF10/0014/E544,NO,45.460122,8.081334,52.0,40497.008,26203.353
PF11/0014/E544,NO,45.459554,8.084289,52.0,40431.262,26433.654
PF12/0014/E544,NO,45.449145,8.077369,12.0,39281.043,25879.292
PF13/0014/E544,NO,45.453562,8.077542,52.0,39771.57,25898.473
PF01/0999/E544,NO,45.484793,8.110449,8.0,43212.25,28509.94
PF02/0999/E544,NO,45.474412,8.104471,8.0,42064.15,28029.94
PF03/0999/E544,NO,45.445806,8.077298,12.0,38910.11,25869.529
PF04/0999/E544,NO,45.480646,8.107354,12.0,42754.2,28263.0
PF02/0002/E803,NO,45.352803,7.948705,52.0,28701.261,15678.119
PF01/0003/E803,NO,45.353014,7.938307,52.0,28735.36,14863.931
PF02/0003/E803,NO,45.354664,7.937439,52.0,28919.656,14798.385
PF01/0004/E803,NO,45.343127,7.960105,52.0,27614.694,16557.228
PF05/0004/E803,NO,45.343342,7.96382,52.0,27634.859,16848.517
PF10/0004/E803,NO,45.343635,7.956381,52.0,27674.906,16266.134
PF21/0004/E803,NO,45.346707,7.963672,52.0,28008.787,16841.793
PF23/0004/E803,NO,45.349372,7.96126,12.0,28307.331,16656.631
PF24/0004/E803,NO,45.344795,7.958746,52.0,27801.428,16453.136
PF25/0004/E803,NO,45.347679,7.959557,52.0,28120.994,16520.792
PF26/0004/E803,NO,45.347698,7.956007,52.0,28126.659,16242.744
PF27/0004/E803,NO,45.351987,7.955952,52.0,28603.198,16244.581
PF09/0005/E803,NO,45.34225,7.942545,52.0,27535.161,15180.21
PF16/0005/E803,NO,45.339894,7.944212,52.0,27271.757,15307.334
PF01/0006/E803,NO,45.341437,7.96624,52.0,27420.797,17035.456
PF17/0006/E803,NO,45.335348,7.960161,52.0,26750.394,16550.387
PF21/0006/E803,NO,45.333381,7.95577,52.0,26536.412,16203.529
PF22/0006/E803,NO,45.332992,7.958153,52.0,26490.725,16389.718
PF23/0006/E803,NO,45.336745,7.966647,52.0,26899.105,17060.651
PF24/0006/E803,NO,45.341607,7.957551,52.0,27448.424,16354.893
PF25/0006/E803,NO,45.336933,7.951863,52.0,26934.968,15902.536
PF26/0006/E803,NO,45.334726,7.953897,52.0,26687.714,16058.732
PF28/0006/E803,NO,45.33741,7.964541,52.0,26975.048,16896.557
PF29/0006/E803,NO,45.3383,7.961206,52.0,27077.349,16636.551
PF30/0006/E803,NO,45.335812,7.956152,52.0,26806.003,16236.978
PF31/0006/E803,NO,45.340131,7.96042,52.0,27281.582,16577.595
PF32/0006/E803,NO,45.340365,7.946631,52.0,27321.633,15497.593
PF33/0006/E803,NO,45.339829,7.950789,52.0,27257.792,15822.586
PF34/0006/E803,NO,45.336838,7.957422,62.0,26918.797,16337.936
PF01/0007/E803,NO,45.335436,7.964205,7.0,26756.12,16867.43
PF04/0007/E803,NO,45.334091,7.967303,62.0,26603.537,17108.254
PF05/0007/E803,NO,45.333686,7.960965,52.0,26565.018,16611.063
PF06/0007/E803,NO,45.332586,7.963781,62.0,26439.958,16830.098
PF05/0008/E803,NO,45.338952,7.972305,52.0,27138.592,17507.047
PF10/0008/E803,NO,45.336658,7.970115,52.0,26885.996,17332.222
PF11/0008/E803,NO,45.336016,7.97384,52.0,26810.892,17623.22
PF16/0008/E803,NO,45.331922,7.976268,52.0,26353.678,17807.669
PF17/0008/E803,NO,45.336188,7.977969,52.0,26825.946,17946.926
PF19/0008/E803,NO,45.3381,7.9686,52.0,27047.683,17215.572
PF20/0008/E803,NO,45.332329,7.97446,52.0,26400.63,17666.541
PF21/0008/E803,NO,45.342179,7.969252,52.0,27500.193,17272.431
PF22/0008/E803,NO,45.334854,7.97092,52.0,26684.732,17392.771
PF23/0008/E803,NO,45.334793,7.976502,52.0,26672.404,17830.007
PF25/0008/E803,NO,45.338772,7.975124,52.0,27115.836,17727.704
PF03/0009/E803,NO,45.331327,7.961617,52.0,26302.29,16658.727
PF04/0009/E803,NO,45.331246,7.966896,52.0,26287.974,17072.299
PF07/0009/E803,NO,45.328846,7.961072,52.0,26027.226,16612.496
PF09/0009/E803,NO,45.326096,7.970253,52.0,25712.397,17328.035
PF11/0009/E803,NO,45.327274,7.964958,52.0,25848.612,16914.729
PF13/0009/E803,NO,45.329146,7.968616,52.0,26052.935,17204.059
PF14/0009/E803,NO,45.329724,7.959075,52.0,26126.75,16457.259
PF15/0009/E803,NO,45.330005,7.964685,52.0,26152.327,16897.289
PF16/0009/E803,NO,45.330846,7.956529,52.0,26253.997,16259.34
PF17/0009/E803,NO,45.326657,7.962255,52.0,25782.756,16702.051
PF18/0009/E803,NO,45.325697,7.966345,52.0,25672.005,17021.199
PF01/0010/E803,NO,45.332573,7.97232,52.0,26429.956,17499.2
PF05/0010/E803,NO,45.328603,7.979439,52.0,25981.728,18051.475
PF07/0010/E803,NO,45.329166,7.972556,52.0,26051.129,17512.902
PF09/0010/E803,NO,45.325784,7.974267,52.0,25673.764,17642.149
PF11/0010/E803,NO,45.323828,7.979464,10.0,25451.283,18046.664
PF17/0010/E803,NO,45.324344,7.972286,52.0,25515.748,17484.888
PF18/0010/E803,NO,45.329249,7.974756,52.0,26058.172,17685.357
PF20/0010/E803,NO,45.330771,7.971292,52.0,26230.751,17416.133
PF21/0010/E803,NO,45.331409,7.978702,52.0,26294.2,17997.658
PF22/0010/E803,NO,45.32331,7.970297,52.0,25402.851,17327.513
PF23/0010/E803,NO,45.323409,7.97714,52.0,25407.051,17863.981
PF24/0010/E803,NO,45.327089,7.977483,52.0,25815.516,17896.02
PF06/0011/E803,NO,45.328346,7.985952,52.0,25946.799,18561.515
PF10/0011/E803,NO,45.327021,7.989302,52.0,25796.236,18822.158
PF15/0011/E803,NO,45.324739,7.982515,52.0,25549.482,18287.104
PF16/0011/E803,NO,45.327423,7.981661,52.0,25848.518,18223.896
PF17/0011/E803,NO,45.330883,7.981627,52.0,26232.891,18226.15
PF04/0002/E880,NO,45.107083,7.76322,21.0,1609.837,730.275
PF05/0004/E880,NO,45.104257,7.765157,21.0,1293.547,877.856
PF05/0005/E880,NO,45.105536,7.749813,52.0,1454.198,-327.124
PF09/0005/E880,NO,45.097051,7.755468,21.0,504.722,103.246
PF11/0006/E880,NO,45.095293,7.75279,21.0,312.671,-110.445
PF03/0007/E880,NO,45.096498,7.737749,52.0,464.846,-1291.838
PF04/0007/E880,NO,45.092264,7.743726,21.0,-12.803,-828.874
PF11/0008/E880,NO,45.090811,7.750007,21.0,-181.896,-337.143
PF02/0010/E880,NO,45.099401,7.771501,52.0,746.488,1368.809
PF09/0010/E880,NO,45.095582,7.770047,21.0,323.905,1247.924
PF03/0011/E880,NO,45.091753,7.76896,52.0,-100.115,1155.899
PF04/0011/E880,NO,45.092713,7.757302,21.0,20.597,240.198
PF09/0001/E907,NO,45.097251,7.725437,52.0,563.764,-2259.321
PF13/0001/E907,NO,45.096891,7.722321,52.0,527.611,-2505.142
PF15/0001/E907,NO,45.100197,7.731317,52.0,883.729,-1791.542
PF16/0001/E907,NO,45.097472,7.728156,52.0,584.873,-2044.968
PF17/0001/E907,NO,45.099295,7.723616,10.0,793.0,-2399.0
PF02/0002/E907,NO,45.095888,7.728387,52.0,408.624,-2029.578
PF04/0002/E907,NO,45.095375,7.730672,52.0,348.783,-1850.652
PF07/0002/E907,NO,45.09288,7.72968,52.0,72.843,-1933.116
PF08/0002/E907,NO,45.094539,7.733601,52.0,252.318,-1621.643
PF09/0002/E907,NO,45.092212,7.733412,52.0,-5.981,-1640.589
PF11/0002/E907,NO,45.096582,7.731975,52.0,481.315,-1746.067
PF12/0002/E907,NO,45.104691,7.749066,52.0,1361.256,-387.353
PF01/0003/E907,NO,45.099068,7.741186,52.0,746.204,-1016.974
PF03/0003/E907,NO,45.096688,7.740091,52.0,483.149,-1107.3
PF04/0003/E907,NO,45.095117,7.738321,52.0,310.764,-1249.25
PF05/0003/E907,NO,45.093559,7.739945,52.0,135.725,-1124.168
PF08/0003/E907,NO,45.093519,7.738212,52.0,133.403,-1260.615
PF09/0003/E907,NO,45.092273,7.736999,52.0,-3.553,-1358.238
PF10/0003/E907,NO,45.091983,7.740555,10.0,-40.197,-1078.859
PF01/0004/E907,NO,45.091063,7.729155,52.0,-128.336,-1977.612
PF06/0004/E907,NO,45.088964,7.729957,52.0,-362.497,-1918.113
PF08/0004/E907,NO,45.087536,7.74046,52.0,-534.074,-1094.049
PF13/0004/E907,NO,45.090408,7.740751,52.0,-215.344,-1066.203
PF14/0004/E907,NO,45.08594,7.734947,52.0,-704.626,-1530.717
PF16/0004/E907,NO,45.087284,7.737938,10.0,-558.999,-1292.957
PF17/0004/E907,NO,45.086447,7.729881,10.0,-642.0,-1928.5
PF05/0005/E907,NO,45.096077,7.751884,52.0,400.86,-180.365
PF07/0005/E907,NO,45.094288,7.751961,52.0,201.951,-177.369
PF08/0005/E907,NO,45.092433,7.743855,52.0,5.753,-818.424
PF10/0005/E907,NO,45.092581,7.750636,52.0,14.033,-284.595
PF11/0005/E907,NO,45.092283,7.753545,52.0,-22.649,-56.184
PF12/0005/E907,NO,45.091211,7.75011,52.0,-137.562,-328.356
PF18/0005/E907,NO,45.097275,7.750091,52.0,536.151,-319.444
PF20/0005/E907,NO,45.099128,7.74873,52.0,743.625,-423.304
PF21/0005/E907,NO,45.093224,7.747908,52.0,88.755,-498.183
PF22/0005/E907,NO,45.09933,7.744328,52.0,771.432,-769.297
PF23/0005/E907,NO,45.096745,7.744813,52.0,483.66,-735.64
PF02/0006/E907,NO,45.090047,7.748869,52.0,-265.345,-427.995
PF07/0006/E907,NO,45.084854,7.744612,52.0,-837.07,-771.916
PF10/0006/E907,NO,45.089018,7.743664,52.0,-373.339,-839.341
PF11/0006/E907,NO,45.08625,7.744006,52.0,-681.245,-817.262
PF12/0006/E907,NO,45.087387,7.741581,52.0,-551.922,-1006.103
PF14/0006/E907,NO,45.083201,7.747945,52.0,-1024.73,-512.444
PF15/0006/E907,NO,45.089181,7.746041,52.0,-358.096,-652.053
PF16/0006/E907,NO,45.085932,7.746833,52.0,-720.008,-595.301
PF03/0007/E907,NO,45.097279,7.752665,52.0,533.438,-116.852
PF04/0007/E907,NO,45.097623,7.755794,52.0,567.803,129.871
PF08/0007/E907,NO,45.095778,7.760213,52.0,357.492,474.483
PF09/0007/E907,NO,45.09094,7.756671,52.0,-175.6,187.493
PF11/0007/E907,NO,45.092685,7.757676,52.0,17.04,269.577
PF12/0007/E907,NO,45.09143,7.759492,52.0,-124.611,410.351
PF13/0007/E907,NO,45.09423,7.758222,52.0,187.984,315.194
PF14/0007/E907,NO,45.092788,7.760706,52.0,24.8,508.146
PF15/0007/E907,NO,45.099641,7.75166,10.0,797.0,-191.9
PF02/0008/E907,NO,45.091906,7.754952,52.0,-66.259,53.887
PF03/0008/E907,NO,45.092986,7.754291,52.0,54.57,3.695
PF01/0010/E907,NO,45.090052,7.754311,52.0,-271.473,0.291
PF03/0011/E907,NO,45.083371,7.756338,52.0,-1016.121,148.401
PF04/0011/E907,NO,45.082602,7.752547,52.0,-1096.866,-151.351
PF05/0011/E907,NO,45.08199,7.758397,52.0,-1171.976,308.052
PF07/0011/E907,NO,45.080232,7.755452,52.0,-1363.712,73.297
PF08/0011/E907,NO,45.079698,7.758645,52.0,-1426.868,323.667
PF09/0011/E907,NO,45.077961,7.755046,52.0,-1615.528,37.426
PF10/0011/E907,NO,45.085937,7.751026,52.0,-724.551,-265.328
PF11/0011/E907,NO,45.087229,7.757946,52.0,-589.45,281.486
PF12/0011/E907,NO,45.085901,7.754979,62.0,-733.384,45.708
PF13/0011/E907,NO,45.088796,7.752722,52.0,-408.984,-126.964
PF15/0011/E907,NO,45.089044,7.757651,52.0,-387.432,261.403
PF16/0011/E907,NO,45.08512,7.757716,62.0,-823.502,259.793
PF17/0011/E907,NO,45.081007,7.75081,52.0,-1272.002,-290.789
PF18/0011/E907,NO,45.087931,7.749179,52.0,-500.856,-407.245
PF01/0012/E907,NO,45.097294,7.761242,10.0,524.7,558.0
PF02/0012/E907,NO,45.096208,7.76361,10.0,401.2,742.5
PF03/0012/E907,NO,45.095168,7.761063,52.0,288.728,540.32
PF04/0012/E907,NO,45.092275,7.763763,52.0,-35.913,747.836
PF11/0013/E907,NO,45.082867,7.761097,52.0,-1077.854,522.057
PF13/0013/E907,NO,45.088666,7.764596,52.0,-437.823,807.275
PF14/0013/E907,NO,45.08935,7.761248,52.0,-357.842,544.969
PF15/0013/E907,NO,45.087638,7.762118,52.0,-549.063,610.524
PF07/0014/E907,NO,45.087507,7.768131,52.0,-570.849,1083.464
PF13/0014/E907,NO,45.087777,7.771515,52.0,-544.849,1350.227
PF14/0014/E907,NO,45.085737,7.771411,52.0,-771.342,1338.634
PF15/0014/E907,NO,45.085452,7.775185,52.0,-807.492,1635.206
PF16/0014/E907,NO,45.090365,7.769928,52.0,-255.425,1229.728
PF18/0014/E907,NO,45.091898,7.772144,52.0,-87.767,1406.688
PF19/0014/E907,NO,45.089169,7.776016,52.0,-395.637,1706.823
PF20/0014/E907,NO,45.083546,7.770306,12.0,-1013.4,1247.96
PF01/0015/E907,NO,45.09344,7.782408,52.0,71.311,2216.967
PF02/0015/E907,NO,45.091742,7.780026,52.0,-114.54,2026.726
PF08/0015/E907,NO,45.087562,7.781935,52.0,-581.117,2169.892
PF11/0015/E907,NO,45.087382,7.778785,52.0,-597.401,1921.701
PF12/0015/E907,NO,45.08648,7.784198,52.0,-704.044,2346.172
PF13/0015/E907,NO,45.083315,7.784121,52.0,-1055.561,2334.882
PF14/0015/E907,NO,45.089812,7.781093,52.0,-330.241,2107.403
PF15/0015/E907,NO,45.087804,7.784574,52.0,-557.367,2378.032
PF01/0999/E907,NO,45.099315,7.759866,52.0,750.873,453.169
PF02/0999/E907,NO,45.084695,7.780414,52.0,-897.884,2045.45
PF03/0999/E907,NO,45.078328,7.751465,52.0,-1570.405,-243.766
PF04/0999/E907,NO,45.081694,7.727769,8.0,-1167.46,-2103.02
PF05/0999/E907,NO,45.05807,7.760155,8.0,-3831.35,405.69
PF06/0999/E907,NO,45.102199,7.746371,12.0,1087.636,-603.639
PF07/0999/E907,NO,45.097078,7.735522,52.0,532.02,-1466.062
PF08/0999/E907,NO,45.080133,7.762282,10.0,-1383.016,610.672
PF09/0999/E907,NO,45.100238,7.739065,12.0,878.735,-1181.883
PF02/0001/F047,NO,45.467893,8.056261,8.0,41383.07,24253.14
PF12/0001/F047,NO,45.472216,8.054808,52.0,41864.645,24145.232
PF13/0001/F047,NO,45.473863,8.048757,52.0,42053.211,23674.422
PF14/0001/F047,NO,45.473207,8.04587,12.0,41983.079,23447.887
PF15/0001/F047,NO,45.469898,8.056147,52.0,41605.949,24246.839
PF16/0001/F047,NO,45.474005,8.052867,52.0,42065.163,23995.858
PF17/0001/F047,NO,45.47524,8.057907,52.0,42197.792,24391.389
PF04/0002/F047,NO,45.478154,8.073519,52.0,42507.287,25615.385
PF05/0002/F047,NO,45.481123,8.075653,52.0,42835.295,25785.98
PF06/0002/F047,NO,45.479383,8.075652,52.0,42641.904,25783.677
PF07/0002/F047,NO,45.48403,8.074524,52.0,43159.297,25701.459
PF01/0003/F047,NO,45.474411,8.061908,8.0,42102.01,24703.05
PF07/0003/F047,NO,45.466914,8.064943,52.0,41266.339,24930.623
PF08/0003/F047,NO,45.468001,8.063543,52.0,41388.405,24822.586
PF10/0003/F047,NO,45.466431,8.058583,52.0,41218.517,24432.805
PF11/0003/F047,NO,45.467564,8.060654,52.0,41342.505,24596.157
PF12/0003/F047,NO,45.464929,8.06121,52.0,41049.265,24636.188
PF13/0003/F047,NO,45.472867,8.060158,52.0,41932.047,24564.286
PF01/0004/F047,NO,45.469999,8.068876,8.0,41605.48,25242.02
PF03/0004/F047,NO,45.475411,8.068298,8.0,42207.36,25203.84
PF08/0004/F047,NO,45.471759,8.07076,52.0,41799.376,25391.576
PF10/0004/F047,NO,45.476136,8.071809,52.0,42284.668,25479.156
PF11/0004/F047,NO,45.474083,8.071565,52.0,42056.835,25457.506
PF12/0004/F047,NO,45.477565,8.071329,52.0,42443.831,25443.49
PF13/0004/F047,NO,45.477776,8.068688,52.0,42469.748,25237.35
PF03/0005/F047,NO,45.482294,8.075683,52.0,42965.346,25789.874
PF05/0005/F047,NO,45.480216,8.0784,52.0,42732.059,25999.507
PF10/0005/F047,NO,45.47535,8.082741,52.0,42187.486,26332.628
PF11/0005/F047,NO,45.4758,8.07626,52.0,42243.363,25826.661
PF12/0005/F047,NO,45.47395,8.076131,52.0,42037.884,25814.221
PF13/0005/F047,NO,45.473418,8.07973,52.0,41975.607,26094.835
PF14/0005/F047,NO,45.473037,8.083633,52.0,41929.748,26399.405
PF16/0005/F047,NO,45.471871,8.076597,52.0,41806.476,25847.975
PF17/0005/F047,NO,45.472951,8.07328,52.0,41929.526,25590.051
PF18/0005/F047,NO,45.478252,8.081537,52.0,42511.024,26242.205
PF22/0005/F047,NO,45.475411,8.078538,52.0,42198.128,26004.186
PF23/0005/F047,NO,45.477732,8.077965,52.0,42456.439,25962.352
PF24/0005/F047,NO,45.483037,8.077459,52.0,43046.297,25929.591
PF25/0005/F047,NO,45.48182,8.079494,52.0,42909.199,26087.08
PF26/0005/F047,NO,45.470922,8.072877,12.0,41704.5,25556.0
PF02/0006/F047,NO,45.464397,8.067886,52.0,40984.008,25157.392
PF03/0006/F047,NO,45.464021,8.065201,52.0,40944.709,24947.014
PF05/0006/F047,NO,45.461846,8.065016,52.0,40703.287,24929.736
PF07/0006/F047,NO,45.465892,8.067111,52.0,41150.82,25098.722
PF08/0006/F047,NO,45.462904,8.067955,52.0,40818.069,25160.918
PF09/0006/F047,NO,45.466952,8.069038,52.0,41266.873,25250.798
PF01/0007/F047,NO,45.465996,8.077515,8.0,41152.98,25912.23
PF02/0007/F047,NO,45.468695,8.077406,52.0,41452.937,25907.125
PF03/0007/F047,NO,45.467334,8.080685,52.0,41298.761,26161.715
PF04/0007/F047,NO,45.464609,8.080882,52.0,40995.869,26173.699
PF06/0007/F047,NO,45.469308,8.072161,52.0,41525.816,25497.924
PF08/0007/F047,NO,45.470134,8.075701,52.0,41614.406,25775.741
PF09/0007/F047,NO,45.471232,8.07894,52.0,41733.458,26030.313
PF15/0007/F047,NO,45.468946,8.079432,52.0,41479.055,26065.822
PF16/0007/F047,NO,45.471205,8.082575,52.0,41727.172,26314.412
PF18/0007/F047,NO,45.467984,8.074778,52.0,41376.32,25700.842
PF19/0007/F047,NO,45.470153,8.08432,52.0,41608.784,26449.456
PF20/0007/F047,NO,45.463817,8.08354,10.0,40905.5,26380.5
PF21/0007/F047,NO,45.465758,8.082747,12.0,41121.902,26320.953
PF22/0007/F047,NO,45.467899,8.083621,10.0,41359.0,26392.0
PF23/0007/F047,NO,45.47094,8.081231,12.0,41699.0,26209.0
PF02/0008/F047,NO,45.463004,8.082669,8.0,40815.93,26311.36
PF03/0008/F047,NO,45.467527,8.072395,52.0,41327.666,25513.938
PF04/0008/F047,NO,45.465222,8.070671,52.0,41073.149,25376.181
PF06/0008/F047,NO,45.462905,8.070637,52.0,40815.847,25370.531
PF07/0008/F047,NO,45.463166,8.073465,52.0,40842.276,25592.012
PF09/0008/F047,NO,45.462873,8.079745,52.0,40804.076,26082.594
PF10/0008/F047,NO,45.460121,8.081345,52.0,40496.863,26204.176
PF12/0008/F047,NO,45.46089,8.073197,52.0,40589.577,25568.122
PF14/0008/F047,NO,45.459751,8.071783,52.0,40464.35,25456.147
PF15/0008/F047,NO,45.458407,8.074074,52.0,40312.962,25633.491
PF19/0008/F047,NO,45.461376,8.077922,52.0,40639.349,25938.154
PF20/0008/F047,NO,45.464824,8.07481,52.0,41025.2,25699.267
PF21/0008/F047,NO,45.462407,8.075968,52.0,40755.668,25786.742
PF22/0008/F047,NO,45.463463,8.077155,52.0,40871.939,25880.837
PF23/0008/F047,NO,45.458524,8.07831,52.0,40322.144,25964.87
PF25/0008/F047,NO,45.468762,8.070005,52.0,41467.118,25328.679
PF01/0001/F093,NO,45.104255,7.749568,8.0,1312.14,-348.58
PF04/0001/F093,NO,45.102721,7.752534,52.0,1138.112,-117.859
PF05/0001/F093,NO,45.101498,7.749017,52.0,1006.544,-396.673
PF07/0001/F093,NO,45.099845,7.752313,52.0,818.873,-140.154
PF08/0001/F093,NO,45.098766,7.749291,52.0,702.765,-379.827
PF09/0001/F093,NO,45.100103,7.754958,52.0,844.405,68.376
PF10/0001/F093,NO,45.101462,7.748033,52.0,1003.789,-474.128
PF11/0001/F093,NO,45.105015,7.752738,52.0,1392.733,-97.889
PF12/0001/F093,NO,45.105678,7.756336,52.0,1462.072,186.348
PF13/0001/F093,NO,45.105791,7.748438,52.0,1484.167,-434.825
PF99/0001/F093,NO,45.099242,7.750717,52.0,753.915,-266.787
PF01/0002/F093,NO,45.098986,7.74658,52.0,730.418,-592.719
PF03/0002/F093,NO,45.09369,7.746182,52.0,142.617,-633.142
PF05/0002/F093,NO,45.09382,7.748968,52.0,153.707,-413.71
PF06/0002/F093,NO,45.096439,7.750969,52.0,442.198,-251.755
PF07/0002/F093,NO,45.097753,7.753225,52.0,585.391,-71.975
PF08/0002/F093,NO,45.096405,7.754853,52.0,433.677,53.808
PF09/0002/F093,NO,45.094477,7.752858,52.0,221.912,-106.526
PF10/0002/F093,NO,45.097621,7.755544,52.0,567.974,110.212
PF11/0002/F093,NO,45.094896,7.743726,52.0,279.54,-824.346
PF12/0002/F093,NO,45.097053,7.744087,52.0,518.801,-792.178
PF13/0002/F093,NO,45.096159,7.747592,52.0,415.124,-517.994
PF01/0003/F093,NO,45.092495,7.754254,8.0,0.0,0.0
PF03/0003/F093,NO,45.094637,7.755573,52.0,236.355,107.383
PF01/0004/F093,NO,45.09184,7.746695,52.0,-63.592,-595.992
PF03/0004/F093,NO,45.089914,7.7557,52.0,-288.42,109.35
PF04/0004/F093,NO,45.090096,7.752639,52.0,-264.475,-131.249
PF05/0004/F093,NO,45.091816,7.749699,52.0,-69.876,-359.638
PF99/0004/F093,NO,45.093121,7.753131,52.0,70.965,-87.358
PF05/0005/F093,NO,45.092196,7.740055,52.0,-15.844,-1117.875
PF06/0005/F093,NO,45.093534,7.742056,52.0,130.288,-958.135
PF07/0005/F093,NO,45.092066,7.744048,52.0,-35.203,-803.861
PF09/0005/F093,NO,45.094636,7.740197,10.0,255.0,-1102.5
PF10/0005/F093,NO,45.089784,7.746415,52.0,-291.615,-621.565
PF11/0005/F093,NO,45.090445,7.741779,52.0,-212.454,-985.251
PF12/0005/F093,NO,45.091167,7.737416,52.0,-126.949,-1327.355
PF13/0005/F093,NO,45.088376,7.744513,52.0,-445.686,-773.68
PF14/0005/F093,NO,45.088277,7.747692,52.0,-460.562,-523.653
PF02/0006/F093,NO,45.087346,7.740831,52.0,-555.578,-1065.192
PF03/0006/F093,NO,45.086172,7.742405,52.0,-687.943,-943.333
PF04/0006/F093,NO,45.087114,7.737002,52.0,-576.659,-1366.923
PF01/0007/F093,NO,45.087123,7.756343,52.0,-599.302,155.128
PF02/0007/F093,NO,45.081178,7.758277,52.0,-1262.06,297.229
PF03/0007/F093,NO,45.07971,7.759708,52.0,-1426.888,407.352
PF04/0007/F093,NO,45.079553,7.758379,52.0,-1442.744,302.485
PF06/0007/F093,NO,45.085463,7.757355,52.0,-784.918,231.95
PF07/0007/F093,NO,45.085961,7.754772,62.0,-726.414,29.567
PF08/0007/F093,NO,45.08073,7.756985,52.0,-1310.231,194.763
PF03/0008/F093,NO,45.088755,7.73362,52.0,-390.247,-1630.259
PF08/0008/F093,NO,45.089348,7.738012,52.0,-329.74,-1283.538
PF09/0008/F093,NO,45.086767,7.727662,52.0,-603.692,-2102.545
PF01/0009/F093,NO,45.083908,7.72625,52.0,-919.597,-2218.695
PF02/0009/F093,NO,45.081989,7.728499,52.0,-1135.587,-2045.074
PF01/0010/F093,NO,45.085925,7.72381,52.0,-692.476,-2407.198
PF02/0010/F093,NO,45.086863,7.720639,52.0,-584.363,-2655.134
PF04/0010/F093,NO,45.084635,7.720899,52.0,-832.214,-2638.514
PF01/0011/F093,NO,45.088233,7.71909,52.0,-430.206,-2774.579
PF03/0011/F093,NO,45.08797,7.721978,52.0,-463.058,-2547.81
PF05/0011/F093,NO,45.086588,7.718444,52.0,-612.18,-2828.325
PF07/0011/F093,NO,45.089972,7.723106,12.0,-242.0,-2455.5
PF01/0012/F093,NO,45.087883,7.716208,8.0,-465.44,-3002.02
PF02/0012/F093,NO,45.089716,7.715497,52.0,-260.992,-3054.755
PF04/0012/F093,NO,45.085953,7.711247,52.0,-673.726,-3395.847
PF05/0012/F093,NO,45.087464,7.709675,52.0,-503.85,-3516.907
PF06/0012/F093,NO,45.090009,7.719301,52.0,-233.161,-2754.872
PF08/0012/F093,NO,45.088184,7.714524,12.0,-430.0,-3134.0
PF01/0013/F093,NO,45.086108,7.715062,52.0,-661.197,-3095.304
PF04/0013/F093,NO,45.081585,7.714336,52.0,-1162.852,-3160.457
PF05/0013/F093,NO,45.085187,7.718276,52.0,-767.623,-2843.977
PF06/0013/F093,NO,45.083193,7.712745,52.0,-982.132,-3282.795
PF01/0014/F093,NO,45.084852,7.70802,52.0,-791.942,-3651.725
PF02/0014/F093,NO,45.082114,7.70933,52.0,-1097.772,-3553.497
PF03/0014/F093,NO,45.083668,7.710754,52.0,-926.898,-3438.697
PF04/0014/F093,NO,45.086381,7.707449,52.0,-621.362,-3694.004
PF05/0014/F093,NO,45.081907,7.706438,52.0,-1117.117,-3781.51
PF01/0015/F093,NO,45.07673,7.71037,52.0,-1697.123,-3481.226
PF03/0015/F093,NO,45.079713,7.710061,52.0,-1365.401,-3500.231
PF01/0016/F093,NO,45.084347,7.719291,52.0,-862.166,-2765.625
PF02/0016/F093,NO,45.082307,7.718362,52.0,-1087.671,-2842.319
PF03/0016/F093,NO,45.083459,7.723026,52.0,-965.425,-2473.213
PF04/0016/F093,NO,45.083357,7.716439,52.0,-968.615,-2991.826
PF04/0017/F093,NO,45.081215,7.720322,52.0,-1211.426,-2689.964
PF05/0017/F093,NO,45.081293,7.721169,52.0,-1203.731,-2623.163
PF04/0018/F093,NO,45.079398,7.71401,52.0,-1405.343,-3189.947
PF05/0018/F093,NO,45.076888,7.713949,52.0,-1684.11,-3199.188
PF21/0999/F093,NO,45.075379,7.703137,8.0,-1838.11,-4052.95
PF22/0999/F093,NO,45.096825,7.713142,8.0,531.77,-3227.48
PF26/0999/F093,NO,45.104444,7.746215,52.0,1337.258,-612.031
PF27/0999/F093,NO,45.084245,7.754718,52.0,-916.994,22.344
PF28/0999/F093,NO,45.086698,7.753026,52.0,-642.431,-106.615
PF29/0999/F093,NO,45.089846,7.748938,52.0,-287.773,-422.879
PF30/0999/F093,NO,45.088583,7.750728,52.0,-430.26,-284.19
PF31/0999/F093,NO,45.082206,7.732405,8.0,-1116.3,-1737.26
PF32/0999/F093,NO,45.080725,7.728195,52.0,-1275.592,-2071.195
PF33/0999/F093,NO,45.07982,7.730507,52.0,-1379.0,-1890.812
PF34/0999/F093,NO,45.090593,7.712607,52.0,-159.914,-3280.633
PF35/0999/F093,NO,45.086935,7.745477,52.0,-606.957,-700.295
PF36/0999/F093,NO,45.086691,7.753033,52.0,-643.292,-106.079
PF37/0999/F093,NO,45.084252,7.754736,52.0,-916.321,23.779
PF38/0999/F093,NO,45.0898,7.748962,52.0,-292.917,-421.098
PF39/0999/F093,NO,45.086955,7.74542,52.0,-604.65,-704.769
PF42/0999/F093,NO,45.088667,7.748417,52.0,-418.096,-465.965
PF01/0001/F188,NO,45.105658,7.736685,52.0,1483.751,-1359.701
PF02/0001/F188,NO,45.108425,7.735022,52.0,1793.172,-1485.701
PF03/0001/F188,NO,45.107166,7.737941,52.0,1649.768,-1258.301
PF04/0001/F188,NO,45.106068,7.741654,52.0,1523.208,-968.096
PF05/0001/F188,NO,45.110503,7.739987,12.0,2018.0,-1091.5
PF01/0002/F188,NO,45.098672,7.73848,52.0,705.509,-1230.557
PF02/0002/F188,NO,45.098264,7.735208,52.0,664.18,-1488.708
PF03/0002/F188,NO,45.100166,7.734526,52.0,876.275,-1539.063
PF04/0002/F188,NO,45.099503,7.742824,52.0,792.474,-887.353
PF05/0002/F188,NO,45.101532,7.741171,52.0,1019.931,-1013.935
PF06/0002/F188,NO,45.103806,7.745059,62.0,1267.771,-704.124
PF07/0002/F188,NO,45.099338,7.747488,62.0,768.421,-520.67
PF08/0002/F188,NO,45.103816,7.73991,52.0,1275.235,-1109.148
PF01/0003/F188,NO,45.096684,7.743865,52.0,478.073,-810.318
PF04/0003/F188,NO,45.094964,7.741161,52.0,290.238,-1026.036
PF05/0003/F188,NO,45.09264,7.740054,52.0,33.447,-1117.178
PF01/0004/F188,NO,45.088982,7.753404,52.0,-389.147,-72.928
PF03/0004/F188,NO,45.091462,7.753048,52.0,-113.251,-96.715
PF04/0004/F188,NO,45.092068,7.749525,52.0,-41.658,-372.934
PF05/0004/F188,NO,45.095241,7.749827,52.0,310.446,-343.712
PF06/0004/F188,NO,45.090135,7.747631,52.0,-254.041,-525.243
PF07/0004/F188,NO,45.094131,7.745383,52.0,192.577,-695.283
PF08/0004/F188,NO,45.087621,7.750687,52.0,-537.121,-289.056
PF09/0004/F188,NO,45.096891,7.74724,10.0,496.95,-544.4
PF01/0005/F188,NO,45.094035,7.752718,52.0,172.997,-118.272
PF03/0005/F188,NO,45.099895,7.753074,52.0,823.496,-80.193
PF05/0005/F188,NO,45.098532,7.750896,52.0,674.787,-253.896
PF06/0005/F188,NO,45.09614,7.753555,12.0,405.8,-48.8
PF01/0006/F188,NO,45.092495,7.754254,8.0,0.0,0.0
PF02/0006/F188,NO,45.092001,7.753155,52.0,-53.549,-87.351
PF01/0007/F188,NO,45.09016,7.754937,62.0,-260.223,49.707
PF02/0007/F188,NO,45.091402,7.75415,52.0,-121.271,-10.061
PF03/0007/F188,NO,45.089576,7.761434,52.0,-332.963,560.008
PF01/0008/F188,NO,45.091383,7.761813,52.0,-132.634,592.92
PF02/0008/F188,NO,45.08936,7.765631,52.0,-361.928,889.907
PF03/0008/F188,NO,45.09444,7.760233,62.0,208.844,473.794
PF05/0008/F188,NO,45.093983,7.756426,52.0,162.712,173.419
PF07/0008/F188,NO,45.096738,7.761468,52.0,462.664,574.866
PF08/0008/F188,NO,45.089347,7.776149,52.0,-375.947,1717.561
PF09/0008/F188,NO,45.092363,7.764995,52.0,-27.549,844.935
PF01/0009/F188,NO,45.095989,7.765932,62.0,374.07,924.801
PF01/0010/F188,NO,45.091085,7.744197,52.0,-144.357,-793.879
PF02/0010/F188,NO,45.09027,7.740757,52.0,-230.706,-1065.948
PF03/0010/F188,NO,45.087801,7.745613,52.0,-510.908,-688.058
PF04/0010/F188,NO,45.088608,7.742241,52.0,-417.163,-952.028
PF02/0011/F188,NO,45.086352,7.744447,52.0,-670.515,-782.36
PF03/0011/F188,NO,45.079195,7.736211,52.0,-1455.485,-1442.947
PF04/0011/F188,NO,45.082706,7.740965,52.0,-1071.205,-1062.685
PF05/0011/F188,NO,45.08313,7.743296,52.0,-1027.011,-878.477
PF01/0012/F188,NO,45.088082,7.75646,52.0,-492.928,165.994
PF02/0012/F188,NO,45.086978,7.753335,52.0,-611.724,-81.828
PF03/0012/F188,NO,45.084859,7.776474,52.0,-874.97,1735.588
PF05/0012/F188,NO,45.086798,7.781162,52.0,-665.118,2107.808
PF06/0012/F188,NO,45.082794,7.760493,52.0,-1085.216,474.359
PF07/0012/F188,NO,45.085569,7.756088,52.0,-771.6,132.419
PF08/0012/F188,NO,45.0826,7.75448,52.0,-1099.514,0.818
PF09/0012/F188,NO,45.085122,7.751648,52.0,-815.836,-217.714
PF01/0013/F188,NO,45.082727,7.812566,52.0,-1154.175,4572.574
PF02/0013/F188,NO,45.085979,7.784577,52.0,-760.129,2375.215
PF01/0014/F188,NO,45.078773,7.744308,52.0,-1512.291,-806.375
PF01/0999/F188,NO,45.097955,7.755137,52.0,605.542,78.755
PF02/0999/F188,NO,45.098342,7.766959,52.0,634.284,1009.659
PF01/0001/F191,NO,45.456665,7.964193,3.0,40224.29,17039.93
PF04/0001/F191,NO,45.455365,7.967503,52.0,40076.567,17296.848
PF05/0001/F191,NO,45.453954,7.964056,52.0,39923.245,17025.346
PF06/0001/F191,NO,45.45528,7.961217,10.0,40073.4,16805.2
PF12/0001/F191,NO,45.459097,7.953677,52.0,40505.208,16221.221
PF13/0001/F191,NO,45.458377,7.956941,52.0,40421.847,16475.386
PF14/0001/F191,NO,45.461092,7.955967,52.0,40724.423,16403.126
PF15/0001/F191,NO,45.461405,7.953128,52.0,40762.159,16181.593
PF16/0001/F191,NO,45.456258,7.9569,52.0,40186.443,16469.062
PF19/0001/F191,NO,45.457815,7.968046,52.0,40348.172,17342.797
PF20/0001/F191,NO,45.454193,7.966379,52.0,39947.51,17207.329
PF21/0001/F191,NO,45.454443,7.954774,52.0,39987.004,16300.231
PF22/0001/F191,NO,45.457197,7.953981,52.0,40293.723,16242.223
PF23/0001/F191,NO,45.45968,7.96759,12.0,40555.859,17309.823
PF02/0002/F191,NO,45.452665,7.961143,52.0,39783.005,16795.656
PF04/0002/F191,NO,45.451217,7.958437,52.0,39624.872,16581.996
PF05/0002/F191,NO,45.448037,7.963049,52.0,39266.93,16938.109
PF06/0002/F191,NO,45.446981,7.965736,52.0,39146.869,17146.667
PF07/0002/F191,NO,45.449853,7.96645,52.0,39465.257,17206.656
PF10/0002/F191,NO,45.454153,7.970038,52.0,39939.391,17493.328
PF12/0002/F191,NO,45.448677,7.959477,52.0,39341.664,16659.697
PF13/0002/F191,NO,45.452899,7.954385,52.0,39815.868,16267.631
PF15/0002/F191,NO,45.451632,7.970264,52.0,39659.019,17507.413
PF16/0002/F191,NO,45.452398,7.965096,52.0,39749.295,17104.423
PF18/0002/F191,NO,45.452448,7.956585,12.0,39763.5,16439.0
PF19/0002/F191,NO,45.45059,7.963067,12.0,39550.509,16943.19
PF20/0002/F191,NO,45.453878,7.958438,12.0,39920.5,16585.95
PF02/0003/F191,NO,45.456231,7.972498,52.0,40167.739,17688.619
PF03/0003/F191,NO,45.452483,7.972589,52.0,39751.243,17690.427
PF04/0003/F191,NO,45.450775,7.97516,52.0,39558.896,17889.069
PF05/0003/F191,NO,45.453145,7.976137,52.0,39821.26,17968.788
PF07/0003/F191,NO,45.451286,7.978124,52.0,39612.763,18121.541
PF08/0003/F191,NO,45.453104,7.980473,52.0,39812.361,18307.763
PF09/0003/F191,NO,45.45594,7.981681,52.0,40126.322,18406.264
PF10/0003/F191,NO,45.454228,7.984235,52.0,39933.524,18603.527
PF12/0003/F191,NO,45.4522,7.986002,52.0,39706.525,18738.856
PF13/0003/F191,NO,45.454299,7.987297,52.0,39938.448,18843.035
PF14/0003/F191,NO,45.456309,7.986025,52.0,40162.962,18746.439
PF15/0003/F191,NO,45.449882,7.972196,52.0,39462.727,17655.969
PF16/0003/F191,NO,45.454276,7.973658,52.0,39949.359,17776.556
PF17/0003/F191,NO,45.458249,7.990015,52.0,40374.641,19061.12
PF18/0003/F191,NO,45.451495,7.983636,52.0,39630.488,18552.819
PF01/0004/F191,NO,45.448137,7.970886,8.0,39270.17,17551.06
PF02/0004/F191,NO,45.45044,7.968732,52.0,39528.118,17385.928
PF04/0004/F191,NO,45.445929,7.97217,52.0,39023.588,17648.377
PF05/0004/F191,NO,45.448435,7.968117,12.0,39306.0,17335.0
PF01/0005/F191,NO,45.450298,7.982948,8.0,39498.22,18497.38
PF02/0005/F191,NO,45.445378,7.965603,52.0,38968.926,17133.995
PF04/0005/F191,NO,45.445617,7.969199,52.0,38991.839,17415.574
PF09/0005/F191,NO,45.443487,7.974546,52.0,38749.89,17830.735
PF11/0005/F191,NO,45.446656,7.977513,52.0,39098.952,18067.238
PF12/0005/F191,NO,45.449095,7.975295,52.0,39372.191,17897.204
PF14/0005/F191,NO,45.446198,7.981525,52.0,39044.162,18380.329
PF15/0005/F191,NO,45.448177,7.98378,52.0,39261.767,18559.411
PF18/0005/F191,NO,45.451115,7.981506,52.0,39590.369,18385.741
PF20/0005/F191,NO,45.448287,7.97988,52.0,39277.89,18254.601
PF21/0005/F191,NO,45.443217,7.967768,52.0,38726.714,17300.2
PF22/0005/F191,NO,45.444031,7.970623,52.0,38814.195,17524.663
PF23/0005/F191,NO,45.441831,7.97146,8.0,38569.0,17587.0
PF24/0005/F191,NO,45.44557,7.973904,52.0,38981.89,17783.421
PF25/0005/F191,NO,45.445409,7.967422,52.0,38970.549,17276.271
PF26/0005/F191,NO,45.447382,7.974187,52.0,39182.918,17808.161
PF04/0006/F191,NO,45.450005,7.996785,11.0,39452.1,19579.0
PF12/0006/F191,NO,45.444695,7.989629,10.0,38869.2,19012.0
PF13/0006/F191,NO,45.446963,7.987903,52.0,39122.848,18880.179
PF14/0006/F191,NO,45.44889,7.98612,52.0,39338.688,18743.456
PF04/0001/F317,NO,45.108739,7.745186,8.0,1815.65,-685.62
PF06/0001/F317,NO,45.106812,7.747705,52.0,1598.511,-490.709
PF08/0001/F317,NO,45.105434,7.75008,52.0,1442.549,-306.283
PF09/0001/F317,NO,45.104885,7.746965,52.0,1385.313,-552.285
PF10/0001/F317,NO,45.109007,7.741745,52.0,1849.609,-955.8
PF11/0001/F317,NO,45.109202,7.748738,52.0,1862.727,-405.387
PF12/0001/F317,NO,45.107894,7.753238,52.0,1711.982,-53.593
PF13/0001/F317,NO,45.105328,7.750151,52.0,1430.652,-300.845
PF14/0001/F317,NO,45.105478,7.7423,52.0,1456.923,-918.223
PF01/0002/F317,NO,45.109863,7.756643,52.0,1926.595,217.634
PF02/0002/F317,NO,45.107205,7.757312,52.0,1630.458,265.739
PF01/0003/F317,NO,45.115509,7.771243,52.0,2536.288,1375.707
PF03/0006/F317,NO,45.108567,7.782923,52.0,1751.131,2282.836
PF05/0006/F317,NO,45.106452,7.783666,52.0,1515.29,2337.688
PF06/0006/F317,NO,45.105953,7.785626,52.0,1457.586,2491.053
PF07/0006/F317,NO,45.107664,7.785521,52.0,1647.743,2485.704
PF08/0006/F317,NO,45.111623,7.784212,52.0,2089.164,2389.273
PF03/0007/F317,NO,45.105019,7.783156,52.0,1356.71,2295.171
PF04/0007/F317,NO,45.103643,7.785303,52.0,1201.293,2461.837
PF01/0008/F317,NO,45.099291,7.7429,52.0,768.868,-881.731
PF01/0009/F317,NO,45.103909,7.750378,52.0,1272.69,-285.462
PF02/0009/F317,NO,45.102203,7.74947,52.0,1084.347,-359.796
PF04/0009/F317,NO,45.10057,7.747478,52.0,905.382,-519.378
PF05/0009/F317,NO,45.099863,7.752576,52.0,820.596,-119.473
PF06/0009/F317,NO,45.098382,7.755265,52.0,652.858,89.578
PF07/0009/F317,NO,45.102168,7.752328,52.0,1076.991,-135.002
PF08/0009/F317,NO,45.104094,7.747852,52.0,1296.316,-483.828
PF01/0010/F317,NO,45.103783,7.754664,10.0,1253.5,51.5
PF04/0010/F317,NO,45.099218,7.757796,52.0,742.597,290.188
PF06/0010/F317,NO,45.096633,7.761012,52.0,451.557,538.753
PF08/0010/F317,NO,45.099843,7.76045,52.0,808.8,500.027
PF09/0010/F317,NO,45.100916,7.75612,12.0,933.235,161.188
PF01/0011/F317,NO,45.099618,7.762412,52.0,781.522,654.014
PF02/0011/F317,NO,45.103419,7.761749,52.0,1204.559,608.365
PF03/0011/F317,NO,45.102887,7.766306,52.0,1140.006,965.955
PF01/0012/F317,NO,45.099633,7.774209,52.0,769.06,1582.223
PF02/0012/F317,NO,45.101715,7.771169,52.0,1003.905,1346.535
PF03/0012/F317,NO,45.098107,7.77093,52.0,603.388,1321.656
PF02/0013/F317,NO,45.096147,7.779802,52.0,375.097,2016.419
PF03/0013/F317,NO,45.093781,7.783334,52.0,108.081,2290.404
PF04/0013/F317,NO,45.101968,7.778372,52.0,1023.481,1913.722
PF06/0013/F317,NO,45.097002,7.775583,52.0,475.118,1685.944
PF01/0014/F317,NO,45.103983,7.782061,52.0,1242.931,2207.346
PF02/0014/F317,NO,45.101957,7.784507,52.0,1014.947,2396.404
PF03/0014/F317,NO,45.096386,7.785925,52.0,394.433,2498.661
PF01/0015/F317,NO,45.098469,7.749661,10.0,669.3,-351.2
PF02/0015/F317,NO,45.096877,7.748204,52.0,494.181,-468.6
PF03/0015/F317,NO,45.095917,7.751363,52.0,383.722,-221.693
PF04/0015/F317,NO,45.093824,7.747442,52.0,155.91,-533.776
PF06/0015/F317,NO,45.096393,7.754635,52.0,432.604,36.601
PF07/0015/F317,NO,45.098801,7.749362,52.0,706.51,-374.193
PF09/0015/F317,NO,45.09382,7.751449,52.0,150.671,-218.517
PF10/0015/F317,NO,45.096016,7.748853,52.0,397.783,-419.022
PF02/0016/F317,NO,45.096511,7.756928,52.0,442.915,217.256
PF03/0016/F317,NO,45.094401,7.754604,52.0,211.298,30.762
PF04/0016/F317,NO,45.09472,7.756891,52.0,244.005,211.233
PF01/0017/F317,NO,45.092495,7.754254,8.0,0.0,0.0
PF02/0017/F317,NO,45.092664,7.754462,52.0,18.573,16.616
PF03/0017/F317,NO,45.090485,7.757383,62.0,-227.071,242.747
PF04/0017/F317,NO,45.090624,7.754967,52.0,-208.732,52.899
PF01/0018/F317,NO,45.091345,7.759124,62.0,-133.569,381.228
PF02/0018/F317,NO,45.092282,7.756473,52.0,-26.309,174.216
PF03/0018/F317,NO,45.093211,7.758221,62.0,74.818,313.332
PF02/0019/F317,NO,45.096191,7.76353,52.0,399.41,736.136
PF03/0019/F317,NO,45.094822,7.760113,52.0,251.406,464.98
PF04/0019/F317,NO,45.093408,7.765297,52.0,88.174,870.505
PF07/0019/F317,NO,45.097288,7.767548,52.0,516.482,1054.181
PF09/0019/F317,NO,45.09518,7.770986,52.0,278.198,1321.107
PF01/0020/F317,NO,45.091102,7.75113,52.0,-150.947,-248.283
PF02/0020/F317,NO,45.09047,7.754641,62.0,-225.409,26.987
PF09/0020/F317,NO,45.090721,7.747836,52.0,-189.262,-508.114
PF10/0020/F317,NO,45.087581,7.754487,52.0,-546.1,9.919
PF11/0020/F317,NO,45.082921,7.755998,52.0,-1065.627,120.797
PF12/0020/F317,NO,45.086688,7.751994,52.0,-642.348,-187.868
PF13/0020/F317,NO,45.084764,7.756542,52.0,-861.557,166.795
PF14/0020/F317,NO,45.089531,7.751799,52.0,-326.283,-198.323
PF01/0021/F317,NO,45.089887,7.756244,52.0,-292.11,152.099
PF02/0021/F317,NO,45.089532,7.760697,52.0,-336.973,501.94
PF03/0021/F317,NO,45.087816,7.756822,52.0,-522.876,194.007
PF04/0021/F317,NO,45.086134,7.760567,52.0,-714.2,485.924
PF07/0021/F317,NO,45.08603,7.764477,52.0,-730.458,793.419
PF08/0021/F317,NO,45.083509,7.761044,52.0,-1006.432,519.011
PF09/0021/F317,NO,45.081638,7.762375,52.0,-1215.88,620.571
PF01/0022/F317,NO,45.089782,7.764717,52.0,-313.936,818.687
PF03/0022/F317,NO,45.089504,7.768537,52.0,-349.401,1118.867
PF04/0022/F317,NO,45.091183,7.762763,62.0,-156.038,667.287
PF01/0024/F317,NO,45.09012,7.773069,50.0,-286.4,1476.544
PF03/0024/F317,NO,45.090475,7.775999,52.0,-250.455,1707.697
PF04/0024/F317,NO,45.089473,7.779372,52.0,-365.863,1971.436
PF05/0024/F317,NO,45.090276,7.78371,52.0,-281.799,2314.151
PF06/0024/F317,NO,45.091893,7.779339,52.0,-96.959,1972.871
PF07/0024/F317,NO,45.09342,7.782646,52.0,68.783,2235.705
PF02/0025/F317,NO,45.074844,7.757687,52.0,-1964.983,239.988
PF03/0025/F317,NO,45.077122,7.755718,52.0,-1709.574,88.854
PF04/0025/F317,NO,45.072534,7.748577,12.0,-2210.555,-481.037
PF01/0026/F317,NO,45.077884,7.763001,52.0,-1633.715,663.449
PF02/0026/F317,NO,45.082558,7.764737,52.0,-1116.494,807.993
PF03/0026/F317,NO,45.07552,7.768008,52.0,-1902.304,1053.519
PF01/0027/F317,NO,45.080418,7.766694,52.0,-1356.61,958.378
PF02/0027/F317,NO,45.074718,7.771512,52.0,-1995.625,1328.029
PF03/0027/F317,NO,45.077267,7.772481,52.0,-1713.622,1408.594
PF01/0028/F317,NO,45.10094,7.748477,52.0,945.273,-440.092
PF02/0029/F317,NO,45.096333,7.749615,52.0,431.998,-358.524
PF03/0029/F317,NO,45.09213,7.748955,52.0,-34.073,-417.672
PF05/0029/F317,NO,45.099262,7.746793,52.0,760.847,-575.514
PF01/0030/F317,NO,45.098112,7.754042,10.0,624.296,-7.077
PF02/0030/F317,NO,45.100122,7.750873,52.0,851.394,-252.963
PF03/0030/F317,NO,45.095347,7.753294,52.0,318.052,-70.686
PF02/0031/F317,NO,45.090481,7.743696,52.0,-210.796,-834.317
PF01/0032/F317,NO,45.092495,7.754255,8.0,0.01,0.01
PF02/0032/F317,NO,45.093194,7.757218,52.0,74.051,234.378
PF03/0032/F317,NO,45.090245,7.752106,52.0,-247.306,-172.901
PF07/0032/F317,NO,45.088349,7.748862,52.0,-453.993,-431.483
PF08/0032/F317,NO,45.086918,7.747886,52.0,-611.76,-510.7
PF09/0032/F317,NO,45.09128,7.759204,52.0,-140.968,387.398
PF11/0032/F317,NO,45.087722,7.753187,52.0,-528.926,-92.164
PF12/0032/F317,NO,45.090755,7.755978,52.0,-195.405,132.675
PF13/0032/F317,NO,45.092499,7.751156,52.0,4.284,-243.812
PF14/0032/F317,NO,45.087935,7.757087,52.0,-510.019,215.111
PF01/0033/F317,NO,45.084387,7.747048,52.0,-891.977,-581.02
PF02/0033/F317,NO,45.085527,7.752094,52.0,-771.385,-181.964
PF01/0035/F317,NO,45.08058,7.748806,8.0,-1317.02,-449.21
PF02/0035/F317,NO,45.076705,7.748072,52.0,-1746.565,-513.642
PF01/0036/F317,NO,45.079116,7.757322,52.0,-1489.983,218.533
PF02/0036/F317,NO,45.075596,7.757666,12.0,-1881.44,239.6
PF03/0036/F317,NO,45.071489,7.758096,12.0,-2338.139,266.436
PF04/0036/F317,NO,45.074331,7.753231,12.0,-2016.614,-111.616
PF05/0036/F317,NO,45.079758,7.761239,12.0,-1423.335,527.965
PF02/0037/F317,NO,45.116016,7.765712,8.0,2599.16,941.47
PF03/0037/F317,NO,45.116367,7.768046,8.0,2635.41,1125.67
PF04/0037/F317,NO,45.11188,7.75839,8.0,2148.5,358.5
PF05/0037/F317,NO,45.114994,7.763177,52.0,2488.671,740.359
PF06/0037/F317,NO,45.112501,7.763932,12.0,2210.8,795.5
PF07/0037/F317,NO,45.109263,7.76085,52.0,1854.785,547.543
PF08/0037/F317,NO,45.106785,7.761631,52.0,1578.627,604.739
PF09/0037/F317,NO,45.108407,7.764155,52.0,1755.802,806.102
PF10/0037/F317,NO,45.113946,7.766279,52.0,2368.506,982.602
PF01/0038/F317,NO,45.100795,7.758897,8.0,916.5,379.5
PF02/0038/F317,NO,45.098547,7.75692,52.0,669.092,220.102
PF01/0039/F317,NO,45.10209,7.765161,8.0,1052.77,874.54
PF02/0039/F317,NO,45.103967,7.768578,8.0,1257.18,1146.53
PF03/0039/F317,NO,45.100435,7.764371,52.0,869.935,809.58
PF01/0040/F317,NO,45.096667,7.745925,52.0,473.674,-648.279
PF02/0040/F317,NO,45.099158,7.743511,52.0,753.332,-833.921
PF04/0041/F317,NO,45.093048,7.750178,52.0,66.398,-319.799
PF05/0041/F317,NO,45.100738,7.74759,52.0,923.916,-510.278
PF06/0041/F317,NO,45.100745,7.75168,52.0,919.699,-188.471
PF07/0041/F317,NO,45.095388,7.750488,52.0,326.007,-291.409
PF01/0042/F317,NO,45.093627,7.754104,52.0,126.01,-9.873
PF02/0042/F317,NO,45.092655,7.756649,52.0,14.95,188.724
PF03/0042/F317,NO,45.091446,7.754725,52.0,-117.016,35.241
PF05/0042/F317,NO,45.096418,7.754542,52.0,435.519,29.354
PF06/0042/F317,NO,45.094436,7.757493,52.0,211.748,258.121
PF09/0042/F317,NO,45.09636,7.76164,52.0,420.464,587.753
PF03/0043/F317,NO,45.090095,7.748502,52.0,-259.629,-456.762
PF04/0043/F317,NO,45.093177,7.747506,52.0,84.032,-529.861
PF01/0044/F317,NO,45.091737,7.750729,8.0,-79.9,-278.75
PF02/0044/F317,NO,45.089996,7.75229,52.0,-275.251,-158.873
PF02/0045/F317,NO,45.087571,7.755905,52.0,-548.994,121.472
PF03/0045/F317,NO,45.086465,7.760182,52.0,-676.975,456.195
PF01/0046/F317,NO,45.091734,7.762091,52.0,-93.924,615.362
PF01/0047/F317,NO,45.096435,7.766213,8.0,423.32,947.69
PF02/0047/F317,NO,45.096324,7.765627,52.0,411.681,901.388
PF03/0047/F317,NO,45.104022,7.757634,12.0,1276.521,285.629
PF01/0048/F317,NO,45.088091,7.752418,52.0,-486.939,-152.05
PF02/0048/F317,NO,45.086367,7.743293,52.0,-667.365,-873.155
PF03/0048/F317,NO,45.082452,7.744923,52.0,-1104.307,-751.58
PF04/0048/F317,NO,45.079868,7.747027,12.0,-1393.979,-590.437
PF01/0049/F317,NO,45.081333,7.766891,8.0,-1255.21,975.43
PF04/0049/F317,NO,45.085237,7.761871,52.0,-815.43,587.012
PF05/0049/F317,NO,45.084874,7.758215,52.0,-851.431,298.686
PF01/0998/F317,NO,45.121104,7.755364,8.0,3176.94,136.24
PF02/0998/F317,NO,45.102305,7.71321,8.0,1140.47,-3212.43
PF03/0998/F317,NO,45.061037,7.733457,8.0,-3469.28,-1691.25
PF04/0998/F317,NO,45.067844,7.800288,8.0,-2793.26,3581.75
PF05/0998/F317,NO,45.100919,7.799057,8.0,882.48,3539.43
PF06/0998/F317,NO,45.051739,7.759681,8.0,-4534.1,357.62
PF07/0998/F317,NO,45.084378,7.784148,8.0,-937.48,2338.76
PF08/0998/F317,NO,45.110773,7.769493,8.0,2012.23,1230.01
PF09/0998/F317,NO,45.105746,7.724365,8.0,1508.74,-2328.75
PF10/0998/F317,NO,45.08118,7.733699,8.0,-1231.86,-1637.21
PF11/0998/F317,NO,45.098071,7.783187,8.0,584.76,2286.01
PF12/0998/F317,NO,45.077946,7.752504,8.0,-1614.15,-162.69
PF13/0998/F317,NO,45.08753,7.736546,8.0,-529.9,-1402.13
PF14/0998/F317,NO,45.094396,7.731528,8.0,238.97,-1785.02
PF15/0998/F317,NO,45.109791,7.750272,8.0,1926.26,-283.7
PF16/0998/F317,NO,45.092786,7.775412,8.0,6.95,1665.4
PF17/0998/F317,NO,45.119423,7.779255,8.0,2961.51,2012.47
PF18/0998/F317,NO,45.097211,7.73582,8.0,546.5,-1442.4
PF19/0998/F317,NO,45.103462,7.753749,8.0,1219.0,-21.0
PF20/0998/F317,NO,45.11262,7.760036,8.0,2228.8,489.25
PF21/0998/F317,NO,45.11439,7.759251,8.0,2426.3,430.5
PF22/0998/F317,NO,45.078878,7.765048,8.0,-1525.75,826.25
PF23/0998/F317,NO,45.078905,7.767573,8.0,-1525.75,1025.0
PF24/0998/F317,NO,45.081995,7.733928,52.0,-1141.584,-1617.764
PF25/0998/F317,NO,45.078322,7.746077,52.0,-1564.54,-667.881
PF26/0998/F317,NO,45.081061,7.740209,52.0,-1253.094,-1125.02
PF26/0999/F317,NO,45.113113,7.744963,54.0,2301.778,-695.615
PF27/0999/F317,NO,45.094186,7.758982,12.0,182.2,374.9
PF28/0999/F317,NO,45.094601,7.762268,50.0,224.351,634.17
PF29/0999/F317,NO,45.094748,7.743028,52.0,264.03,-879.515
PF30/0999/F317,NO,45.072185,7.76656,52.0,-2271.074,933.903
PF31/0999/F317,NO,45.105473,7.789186,52.0,1399.976,2770.352
PF32/0999/F317,NO,45.07211,7.763487,52.0,-2275.747,691.884
PF33/0999/F317,NO,45.078372,7.744765,52.0,-1557.35,-771.102
PF34/0999/F317,NO,45.086047,7.738904,12.0,-697.6,-1219.08
PF35/0999/F317,NO,45.095147,7.735751,12.0,317.23,-1451.45
PF01/0001/F859A,NO,45.462202,8.040042,8.0,40765.81,22977.72
PF03/0001/F859A,NO,45.464158,8.028611,8.0,40993.86,22086.66
PF01/0002/F859A,NO,45.467893,8.056261,8.0,41383.07,24253.14
PF02/0002/F859A,NO,45.471684,8.050649,52.0,41809.354,23819.449
PF03/0002/F859A,NO,45.469863,8.052825,52.0,41605.072,23987.134
PF05/0002/F859A,NO,45.46687,8.052567,52.0,41272.849,23963.046
PF06/0002/F859A,NO,45.465122,8.055013,52.0,41076.313,24152.011
PF07/0002/F859A,NO,45.464249,8.051253,52.0,40982.866,23856.917
PF08/0002/F859A,NO,45.462404,8.054283,10.0,40775.0,24091.4
PF09/0002/F859A,NO,45.458565,8.055762,52.0,40347.181,24201.978
PF10/0002/F859A,NO,45.469583,8.049694,52.0,41576.886,23742.045
PF11/0002/F859A,NO,45.465929,8.047912,52.0,41172.569,23597.948
PF01/0003/F859A,NO,45.458181,8.052386,8.0,40307.63,23937.54
PF02/0003/F859A,NO,45.456106,8.054908,52.0,40074.732,24132.017
PF04/0003/F859A,NO,45.455768,8.047241,52.0,40044.355,23532.079
PF10/0003/F859A,NO,45.459783,8.041493,10.0,40495.7,23088.0
PF11/0003/F859A,NO,45.454877,8.043361,52.0,39948.946,23227.5
PF02/0004/F859A,NO,45.463395,8.058802,52.0,40881.035,24445.969
PF03/0004/F859A,NO,45.462925,8.062524,52.0,40825.384,24736.358
PF07/0004/F859A,NO,45.458233,8.061827,52.0,40304.738,24675.73
PF08/0004/F859A,NO,45.455474,8.062818,52.0,39997.297,24749.622
PF09/0004/F859A,NO,45.45635,8.059175,52.0,40097.999,24465.987
PF10/0004/F859A,NO,45.454059,8.064953,52.0,39838.161,24914.765
PF11/0004/F859A,NO,45.451843,8.062648,52.0,39594.119,24731.695
PF12/0004/F859A,NO,45.455926,8.061041,52.0,40049.174,24611.271
PF13/0004/F859A,NO,45.460511,8.064325,52.0,40555.54,24874.013
PF14/0004/F859A,NO,45.458332,8.058007,52.0,40319.235,24377.233
PF01/0005/F859A,NO,45.455882,8.050916,52.0,40053.524,23819.577
PF04/0005/F859A,NO,45.450715,8.052587,52.0,39478.022,23943.473
PF05/0005/F859A,NO,45.452873,8.051262,52.0,39719.006,23842.672
PF06/0005/F859A,NO,45.453931,8.04839,52.0,39839.117,23619.519
PF01/0006/F859A,NO,45.45352,8.05362,8.0,39788.64,24027.87
PF02/0006/F859A,NO,45.455564,8.054697,52.0,40014.726,24114.784
PF03/0006/F859A,NO,45.453601,8.056992,52.0,39794.596,24291.664
PF04/0006/F859A,NO,45.453416,8.060026,52.0,39771.266,24528.7
PF05/0006/F859A,NO,45.454985,8.059419,62.0,39946.084,24483.215
PF01/0007/F859A,NO,45.451975,8.064699,8.0,39606.86,24892.22
PF01/0008/F859A,NO,45.455797,8.070167,8.0,40026.52,25324.649
PF03/0008/F859A,NO,45.458134,8.065676,52.0,40290.219,24976.593
PF05/0008/F859A,NO,45.456282,8.066687,52.0,40083.611,25053.213
PF07/0008/F859A,NO,45.454871,8.072518,52.0,39921.485,25507.295
PF08/0008/F859A,NO,45.453975,8.067742,52.0,39826.297,25132.752
PF11/0008/F859A,NO,45.453018,8.075118,52.0,39713.284,25708.246
PF14/0008/F859A,NO,45.459702,8.067884,52.0,40462.444,25151.249
PF15/0008/F859A,NO,45.45204,8.068478,52.0,39610.664,25187.791
PF17/0008/F859A,NO,45.453149,8.071755,52.0,39730.914,25445.483
PF18/0008/F859A,NO,45.457303,8.073355,52.0,40191.019,25575.912
PF19/0008/F859A,NO,45.457623,8.070618,12.0,40229.035,25362.321
PF02/0009/F859A,NO,45.444979,8.067691,52.0,38826.965,25117.151
PF04/0009/F859A,NO,45.446558,8.072955,52.0,38997.553,25530.87
PF06/0009/F859A,NO,45.447421,8.065464,52.0,39100.257,24946.106
PF08/0009/F859A,NO,45.448997,8.072858,52.0,39268.685,25526.41
PF10/0009/F859A,NO,45.449025,8.067644,52.0,39276.512,25118.683
PF11/0009/F859A,NO,45.450875,8.067009,52.0,39482.569,25071.404
PF12/0009/F859A,NO,45.449528,8.063611,52.0,39336.049,24803.955
PF14/0009/F859A,NO,45.4508,8.061338,52.0,39479.373,24627.895
PF15/0009/F859A,NO,45.447674,8.069103,52.0,39125.003,25231.035
PF16/0009/F859A,NO,45.445746,8.070196,52.0,38909.834,25314.011
PF17/0009/F859A,NO,45.44166,8.072251,10.0,38454.057,25469.48
PF01/0999/F859A,NO,45.432345,8.112654,8.0,37383.48,28617.93
PF02/0999/F859A,NO,45.465996,8.077515,8.0,41152.98,25912.23
PF03/0999/F859A,NO,45.428672,8.04056,8.0,37040.27,22973.77
PF04/0999/F859A,NO,45.437613,8.037473,8.0,38036.4,22744.17
PF05/0999/F859A,NO,45.438981,8.050747,8.0,38176.1,23784.16
PF01/0001/F859B,NO,45.451902,8.032007,8.0,39629.08,22335.8
PF02/0001/F859B,NO,45.450392,8.039655,8.0,39454.12,22931.78
PF03/0001/F859B,NO,45.451069,8.042647,52.0,39526.582,23166.633
PF04/0001/F859B,NO,45.463982,8.071566,12.0,40934.582,25444.564
PF02/0002/F859B,NO,45.4452,8.046931,52.0,38870.501,23493.894
PF04/0002/F859B,NO,45.446727,8.049262,52.0,39038.019,23678.218
PF07/0002/F859B,NO,45.44711,8.053204,52.0,39076.895,23986.959
PF08/0002/F859B,NO,45.444161,8.053655,52.0,38748.911,24018.389
PF10/0002/F859B,NO,45.45045,8.056184,52.0,39445.212,24224.36
PF11/0002/F859B,NO,45.450228,8.059459,52.0,39417.541,24480.224
PF12/0002/F859B,NO,45.45081,8.050164,52.0,39490.793,23754.081
PF13/0002/F859B,NO,45.44614,8.055586,10.0,38967.0,24172.0
PF14/0002/F859B,NO,45.450242,8.053062,1.0,39425.0,23980.0
PF15/0002/F859B,NO,45.449633,8.048165,52.0,39361.816,23596.29
PF01/0003/F859B,NO,45.448536,8.056543,8.0,39232.26,24249.98
PF01/0004/F859B,NO,45.445327,8.058255,8.0,38874.15,24379.64
PF02/0004/F859B,NO,45.443566,8.056454,52.0,38680.142,24236.524
PF01/0005/F859B,NO,45.442434,8.068937,8.0,38543.01,25211.3
PF02/0005/F859B,NO,45.447668,8.06025,52.0,39132.395,24538.69
PF04/0005/F859B,NO,45.444646,8.064329,52.0,38792.943,24853.761
PF05/0005/F859B,NO,45.443066,8.059889,52.0,38621.544,24504.486
PF06/0005/F859B,NO,45.442895,8.065346,52.0,38597.501,24931.03
PF07/0005/F859B,NO,45.44195,8.063301,52.0,38494.375,24769.934
PF08/0005/F859B,NO,45.441592,8.052205,52.0,38464.745,23901.63
PF09/0005/F859B,NO,45.439803,8.062642,52.0,38256.511,24715.58
PF11/0005/F859B,NO,45.440065,8.070075,52.0,38278.838,25297.255
PF13/0005/F859B,NO,45.437087,8.062887,52.0,37954.519,24731.206
PF15/0005/F859B,NO,45.446809,8.061455,52.0,39035.912,24631.866
PF16/0005/F859B,NO,45.437238,8.059781,52.0,37974.114,24488.456
PF18/0005/F859B,NO,45.44009,8.066661,52.0,38284.646,25030.314
PF19/0005/F859B,NO,45.435286,8.061966,52.0,37755.256,24656.855
PF20/0005/F859B,NO,45.445634,8.061883,52.0,38904.956,24663.784
PF21/0005/F859B,NO,45.437967,8.067274,10.0,38048.33,25075.516
PF02/0999/F859B,NO,45.433096,8.064624,52.0,37509.533,24861.919
PF03/0999/F859B,NO,45.435537,8.064814,52.0,37780.598,24879.94
PF03/0001/F886,NO,45.105734,7.71872,52.0,1514.451,-2772.93
PF04/0001/F886,NO,45.107883,7.726401,52.0,1743.615,-2164.825
PF05/0001/F886,NO,45.103363,7.730783,52.0,1236.085,-1828.011
PF06/0001/F886,NO,45.109467,7.719437,12.0,1928.33,-2709.91
PF01/0002/F886,NO,45.095072,7.726853,52.0,319.847,-2151.678
PF01/0003/F886,NO,45.09918,7.72957,52.0,772.899,-1930.757
PF02/0003/F886,NO,45.095571,7.733331,12.0,367.309,-1641.09
PF01/0004/F886,NO,45.095185,7.742314,52.0,313.444,-934.921
PF02/0004/F886,NO,45.101881,7.735858,52.0,1065.243,-1431.308
PF02/0005/F886,NO,45.097077,7.753653,52.0,509.738,-39.483
PF03/0005/F886,NO,45.098628,7.758001,52.0,676.854,305.247
PF04/0005/F886,NO,45.096319,7.758104,52.0,420.208,309.458
PF01/0006/F886,NO,45.095723,7.760266,52.0,351.381,478.522
PF02/0006/F886,NO,45.09583,7.764554,52.0,358.089,816.105
PF05/0006/F886,NO,45.099353,7.764063,52.0,750.068,783.47
PF06/0006/F886,NO,45.098678,7.760711,52.0,679.134,518.586
PF01/0007/F886,NO,45.086241,7.726944,48.0,-661.27,-2159.992
PF02/0007/F886,NO,45.093071,7.72516,52.0,99.742,-2288.423
PF02/0008/F886,NO,45.091755,7.735481,52.0,-59.254,-1478.566
PF04/0008/F886,NO,45.086133,7.731041,48.0,-678.351,-1837.755
PF05/0008/F886,NO,45.090353,7.731159,52.0,-209.67,-1821.102
PF06/0008/F886,NO,45.093124,7.730218,52.0,99.315,-1890.332
PF07/0008/F886,NO,45.091228,7.738845,52.0,-121.898,-1214.783
PF08/0008/F886,NO,45.089041,7.735356,52.0,-360.541,-1493.1
PF09/0008/F886,NO,45.087526,7.736211,12.0,-529.899,-1428.474
PF10/0008/F886,NO,45.082388,7.730376,12.0,-1093.492,-1896.635
PF01/0009/F886,NO,45.091428,7.742474,52.0,-104.184,-928.874
PF02/0009/F886,NO,45.091426,7.747022,52.0,-109.983,-570.96
PF03/0009/F886,NO,45.089119,7.750425,52.0,-370.33,-307.163
PF02/0010/F886,NO,45.088435,7.752957,52.0,-449.384,-109.065
PF04/0010/F886,NO,45.090275,7.754698,52.0,-247.155,31.134
PF05/0010/F886,NO,45.093759,7.751479,52.0,143.845,-216.217
PF06/0010/F886,NO,45.090562,7.756875,52.0,-217.84,202.907
PF09/0010/F886,NO,45.092492,7.753781,52.0,0.239,-37.254
PF10/0010/F886,NO,45.087124,7.757772,52.0,-600.912,267.656
PF01/0011/F886,NO,45.092956,7.760912,52.0,43.147,524.658
PF02/0011/F886,NO,45.094255,7.757847,52.0,191.258,285.694
PF03/0011/F886,NO,45.088701,7.761603,52.0,-430.331,571.825
PF01/0012/F886,NO,45.091801,7.76962,52.0,-95.587,1207.97
PF02/0012/F886,NO,45.087198,7.773327,52.0,-611.356,1491.911
PF03/0012/F886,NO,45.089604,7.765694,52.0,-334.986,895.272
PF02/0013/F886,NO,45.080645,7.735215,52.0,-1293.139,-1518.771
PF01/0016/F886,NO,45.084224,7.758885,52.0,-924.385,350.24
PF02/0016/F886,NO,45.080649,7.76695,52.0,-1331.247,978.936
PF03/0016/F886,NO,45.07934,7.760757,52.0,-1469.234,489.274
PF04/0016/F886,NO,45.083331,7.763523,10.0,-1029.17,713.803
PF05/0016/F886,NO,45.083658,7.755157,52.0,-982.716,55.931
PF01/0017/F886,NO,45.077598,7.73676,52.0,-1633.5,-1402.5
PF02/0017/F886,NO,45.074329,7.733867,52.0,-1993.11,-1635.89
PF03/0017/F886,NO,45.075528,7.740097,52.0,-1867.556,-1143.45
PF04/0999/F886,NO,45.095693,7.722742,12.0,393.981,-2474.129
PF10/0999/F886,NO,45.10579,7.713082,8.0,1527.77,-3216.31
PF17/0999/F886,NO,45.105554,7.733378,52.0,1476.293,-1620.006
PF18/0999/F886,NO,45.091972,7.774143,52.0,-81.954,1564.113
PF19/0999/F886,NO,45.072278,7.74383,52.0,-2233.255,-855.221
PF04/0001/F952,NO,45.147156,7.726375,52.0,6106.604,-2098.105
PF05/0001/F952,NO,45.147404,7.721176,52.0,6140.591,-2506.446
PF08/0001/F952,NO,45.142817,7.728888,52.0,5621.459,-1908.173
PF10/0001/F952,NO,45.141875,7.731451,21.0,5513.675,-1708.338
PF11/0001/F952,NO,45.143888,7.732162,21.0,5736.385,-1648.877
PF01/0004/F952,NO,45.136469,7.737103,52.0,4906.12,-1273.295
PF10/0004/F952,NO,45.141024,7.723845,10.0,5428.486,-2307.792
PF11/0004/F952,NO,45.138398,7.732819,10.0,5125.726,-1606.783
PF12/0004/F952,NO,45.134902,7.72997,10.0,4740.786,-1836.952
PF13/0004/F952,NO,45.137587,7.739652,21.0,5027.179,-1070.957
PF11/0006/F952,NO,45.132377,7.72116,21.0,4471.234,-2534.124
PF03/0007/F952,NO,45.13207,7.736411,21.0,4418.29,-1335.367
PF03/0008/F952,NO,45.134994,7.741924,52.0,4736.331,-896.834
PF09/0008/F952,NO,45.130656,7.743777,21.0,4252.147,-758.629
PF03/0009/F952,NO,45.133286,7.747707,21.0,4539.525,-445.049
PF02/0010/F952,NO,45.129769,7.758323,52.0,4135.902,383.767
PF07/0010/F952,NO,45.126312,7.760474,52.0,3749.271,547.039
PF09/0010/F952,NO,45.124579,7.76275,52.0,3554.05,723.043
PF14/0010/F952,NO,45.125809,7.754254,52.0,3700.9,56.957
PF17/0010/F952,NO,45.129347,7.761572,21.0,4085.083,638.527
PF03/0011/F952,NO,45.127458,7.746275,21.0,3893.808,-567.682
PF03/0012/F952,NO,45.127565,7.741066,52.0,3912.133,-977.146
PF05/0012/F952,NO,45.125524,7.740775,52.0,3685.76,-1003.548
PF06/0012/F952,NO,45.125889,7.74436,52.0,3721.834,-721.005
PF08/0012/F952,NO,45.123424,7.744717,52.0,3447.535,-697.166
PF12/0012/F952,NO,45.129224,7.739888,52.0,4097.796,-1066.927
PF13/0012/F952,NO,45.129293,7.744938,52.0,4099.297,-669.638
PF15/0012/F952,NO,45.123667,7.73729,52.0,3483.685,-1280.849
PF16/0012/F952,NO,45.1297,7.742791,52.0,4147.174,-837.746
PF17/0012/F952,NO,45.127974,7.743479,21.0,3954.516,-786.654
PF02/0013/F952,NO,45.124209,7.728218,52.0,3555.065,-1993.369
PF08/0013/F952,NO,45.130237,7.725371,52.0,4228.24,-2206.747
PF09/0013/F952,NO,45.129216,7.735581,12.0,4102.2,-1405.6
PF10/0013/F952,NO,45.124794,7.725293,21.0,3623.668,-2222.365
PF02/0015/F952,NO,45.116639,7.705254,52.0,2742.804,-3812.89
PF03/0015/F952,NO,45.120817,7.709261,52.0,3201.867,-3490.289
PF04/0015/F952,NO,45.119022,7.705136,21.0,3007.72,-3817.905
PF04/0016/F952,NO,45.118969,7.718145,52.0,2985.473,-2794.821
PF07/0016/F952,NO,45.123493,7.715911,8.0,3490.9,-2962.52
PF10/0016/F952,NO,45.123896,7.723132,12.0,3526.634,-2393.902
PF11/0016/F952,NO,45.120355,7.715615,21.0,3142.64,-2991.366
PF18/0017/F952,NO,45.117178,7.725541,52.0,2777.324,-2216.196
PF20/0017/F952,NO,45.12229,7.728487,21.0,3341.62,-1975.555
PF02/0018/F952,NO,45.121617,7.73867,52.0,3254.256,-1175.898
PF14/0018/F952,NO,45.120982,7.742396,21.0,3179.102,-883.944
PF02/0019/F952,NO,45.121087,7.756895,52.0,3173.159,256.609
PF03/0019/F952,NO,45.122445,7.762498,52.0,3317.318,699.577
PF05/0019/F952,NO,45.121829,7.76894,52.0,3241.048,1205.231
PF07/0019/F952,NO,45.121262,7.766154,52.0,3181.423,985.136
PF08/0019/F952,NO,45.119393,7.759073,52.0,2982.3,425.071
PF10/0019/F952,NO,45.119032,7.76235,52.0,2938.319,682.172
PF11/0019/F952,NO,45.120849,7.760547,21.0,3142.269,543.463
PF05/0020/F952,NO,45.118204,7.777884,12.0,2827.695,1902.557
PF07/0020/F952,NO,45.114439,7.785672,12.0,2400.179,2508.831
PF08/0020/F952,NO,45.12039,7.782324,12.0,3065.272,2255.483
PF09/0020/F952,NO,45.11495,7.777134,21.0,2467.109,1838.148
PF01/0021/F952,NO,45.116203,7.762826,52.0,2623.397,714.813
PF02/0021/F952,NO,45.117218,7.765809,52.0,2732.578,951.173
PF04/0021/F952,NO,45.115347,7.765667,52.0,2524.975,936.841
PF06/0021/F952,NO,45.118812,7.767403,52.0,2907.759,1079.263
PF08/0021/F952,NO,45.112426,7.774015,52.0,2190.466,1588.557
PF09/0021/F952,NO,45.113218,7.764744,21.0,2289.524,860.63
PF01/0022/F952,NO,45.117062,7.755341,52.0,2727.895,127.55
PF08/0022/F952,NO,45.111219,7.752958,62.0,2081.668,-69.939
PF09/0022/F952,NO,45.111329,7.758737,52.0,2086.888,384.818
PF10/0022/F952,NO,45.109838,7.754822,52.0,1926.021,74.322
PF11/0022/F952,NO,45.107619,7.753566,52.0,1681.029,-28.271
PF18/0022/F952,NO,45.116892,7.759886,52.0,2703.512,484.709
PF19/0022/F952,NO,45.115994,7.757482,52.0,2606.629,294.114
PF21/0022/F952,NO,45.112322,7.755827,52.0,2200.687,157.628
PF22/0022/F952,NO,45.114342,7.755106,52.0,2426.042,104.412
PF23/0022/F952,NO,45.113245,7.761481,52.0,2296.453,603.963
PF24/0022/F952,NO,45.107395,7.756424,21.0,1652.637,196.188
PF02/0023/F952,NO,45.108306,7.750964,52.0,1760.528,-231.815
PF04/0023/F952,NO,45.116935,7.751237,52.0,2718.762,-195.496
PF08/0023/F952,NO,45.110856,7.75075,52.0,2043.983,-244.254
PF10/0023/F952,NO,45.119444,7.750803,52.0,2998.069,-225.307
PF11/0023/F952,NO,45.112546,7.749774,52.0,2232.975,-318.098
PF12/0023/F952,NO,45.117285,7.747079,52.0,2762.696,-521.923
PF13/0023/F952,NO,45.115194,7.750968,12.0,2525.652,-219.662
PF14/0023/F952,NO,45.106522,7.75006,21.0,1563.398,-305.985
PF05/0024/F952,NO,45.113194,7.745821,52.0,2309.75,-627.96
PF06/0024/F952,NO,45.111404,7.747736,52.0,2108.59,-480.379
PF09/0024/F952,NO,45.109137,7.747544,52.0,1856.924,-499.398
PF12/0024/F952,NO,45.114962,7.747464,52.0,2504.195,-495.683
PF13/0024/F952,NO,45.11767,7.743619,52.0,2809.657,-793.432
PF14/0024/F952,NO,45.108622,7.745304,52.0,1802.447,-676.474
PF15/0024/F952,NO,45.110339,7.745005,21.0,1993.654,-697.055
PF01/0025/F952,NO,45.1131,7.739527,52.0,2306.979,-1123.189
PF03/0025/F952,NO,45.115896,7.731773,52.0,2627.204,-1728.323
PF05/0025/F952,NO,45.110829,7.737532,52.0,2057.216,-1284.048
PF06/0025/F952,NO,45.119678,7.734287,52.0,3044.252,-1523.992
PF07/0025/F952,NO,45.115324,7.740296,52.0,2553.125,-1058.908
PF08/0025/F952,NO,45.117451,7.736613,21.0,2793.973,-1344.869
PF02/0026/F952,NO,45.109255,7.741182,52.0,1877.894,-999.69
PF05/0026/F952,NO,45.110522,7.733236,21.0,2028.394,-1622.578
PF01/0027/F952,NO,45.115107,7.721264,52.0,2552.579,-2556.292
PF06/0027/F952,NO,45.114037,7.727761,52.0,2425.6,-2047.105
PF07/0027/F952,NO,45.109474,7.72764,21.0,1918.83,-2064.614
PF04/0028/F952,NO,45.113022,7.720864,21.0,2321.466,-2591.384
PF01/0029/F952,NO,45.114178,7.71915,52.0,2451.997,-2724.175
PF04/0029/F952,NO,45.11522,7.71578,52.0,2571.942,-2987.457
PF05/0029/F952,NO,45.110991,7.709191,52.0,2110.356,-3513.247
PF06/0029/F952,NO,45.117075,7.712433,52.0,2782.172,-3247.421
PF07/0029/F952,NO,45.117421,7.716902,21.0,2815.063,-2895.348
PF05/0032/F952,NO,45.094664,7.713407,21.0,291.334,-3210.437
PF01/0033/F952,NO,45.096438,7.723813,52.0,475.403,-2388.523
PF03/0033/F952,NO,45.094194,7.723066,52.0,227.03,-2451.221
PF04/0033/F952,NO,45.095517,7.71658,52.0,382.077,-2959.298
PF05/0033/F952,NO,45.101634,7.716326,52.0,1061.979,-2968.489
PF06/0033/F952,NO,45.094611,7.726874,21.0,268.65,-2150.899
PF02/0034/F952,NO,45.099421,7.72947,52.0,799.827,-1938.188
PF03/0034/F952,NO,45.10634,7.727756,52.0,1570.573,-2060.922
PF04/0034/F952,NO,45.099609,7.732676,21.0,816.761,-1685.626
PF03/0035/F952,NO,45.10041,7.735845,52.0,901.855,-1434.927
PF06/0035/F952,NO,45.104668,7.729304,52.0,1382.923,-1942.125
PF07/0035/F952,NO,45.102466,7.735393,21.0,1130.787,-1466.855
PF02/0036/F952,NO,45.102603,7.743993,52.0,1135.479,-790.012
PF06/0036/F952,NO,45.099496,7.741754,52.0,792.999,-971.55
PF07/0036/F952,NO,45.104065,7.739536,52.0,1303.307,-1138.188
PF08/0036/F952,NO,45.099719,7.746788,21.0,811.666,-575.094
PF03/0037/F952,NO,45.101381,7.752462,52.0,989.334,-125.781
PF04/0037/F952,NO,45.103355,7.751983,52.0,1209.255,-160.139
PF05/0037/F952,NO,45.09997,7.750248,52.0,835.275,-302.401
PF06/0037/F952,NO,45.103973,7.748655,52.0,1281.953,-420.861
PF07/0037/F952,NO,45.098382,7.752344,52.0,656.38,-140.245
PF10/0037/F952,NO,45.106642,7.747157,52.0,1580.273,-534.147
PF11/0037/F952,NO,45.105136,7.744464,52.0,1416.259,-748.59
PF13/0037/F952,NO,45.106982,7.743877,52.0,1622.079,-791.581
PF14/0037/F952,NO,45.101777,7.749421,21.0,1037.042,-364.362
PF04/0038/F952,NO,45.103142,7.760986,62.0,1174.646,547.852
PF06/0038/F952,NO,45.103762,7.756057,62.0,1249.472,161.128
PF07/0038/F952,NO,45.102265,7.754211,52.0,1085.493,13.265
PF08/0038/F952,NO,45.105053,7.75373,52.0,1395.744,-19.74
PF11/0038/F952,NO,45.101447,7.758286,52.0,989.699,332.501
PF17/0038/F952,NO,45.105097,7.765953,52.0,1385.844,941.939
PF18/0038/F952,NO,45.101521,7.756225,52.0,1000.312,170.501
PF19/0038/F952,NO,45.100166,7.75441,52.0,852.011,25.346
PF20/0038/F952,NO,45.10278,7.769663,52.0,1124.071,1229.855
PF21/0038/F952,NO,45.105227,7.758533,62.0,1409.314,358.385
PF22/0038/F952,NO,45.099848,7.757745,52.0,812.621,287.256
PF23/0038/F952,NO,45.100452,7.76154,21.0,875.235,586.823
PF03/0039/F952,NO,45.107396,7.762665,52.0,1645.22,687.13
PF04/0039/F952,NO,45.108228,7.769184,52.0,1729.811,1201.433
PF08/0039/F952,NO,45.109482,7.775712,52.0,1861.39,1717.08
PF09/0039/F952,NO,45.111138,7.76978,52.0,2052.358,1253.193
PF10/0039/F952,NO,45.108699,7.773002,52.0,1777.621,1502.567
PF11/0039/F952,NO,45.106841,7.769101,21.0,1575.834,1192.562
PF04/0040/F952,NO,45.112906,7.783236,52.0,2232.789,2314.657
PF05/0040/F952,NO,45.111497,7.787151,52.0,2071.647,2620.317
PF07/0040/F952,NO,45.111723,7.778158,52.0,2107.412,1913.254
PF08/0040/F952,NO,45.110375,7.782509,21.0,1952.441,2253.243
PF07/0041/F952,NO,45.107302,7.797632,52.0,1593.247,3437.797
PF08/0041/F952,NO,45.110266,7.789268,52.0,1932.367,2784.808
PF09/0041/F952,NO,45.111931,7.798523,52.0,2106.493,3515.59
PF10/0041/F952,NO,45.114203,7.792286,52.0,2366.253,3028.741
PF12/0041/F952,NO,45.110713,7.794833,21.0,1975.532,3223.267
PF01/0042/F952,NO,45.108693,7.815633,52.0,1726.942,4856.251
PF03/0042/F952,NO,45.110716,7.81208,52.0,1955.729,4580.011
PF06/0042/F952,NO,45.113521,7.803381,52.0,2277.442,3900.358
PF08/0042/F952,NO,45.111812,7.808332,52.0,2081.819,4286.969
PF09/0042/F952,NO,45.111067,7.803367,52.0,2004.831,3895.166
PF10/0042/F952,NO,45.110507,7.806934,21.0,1938.522,4174.868
PF03/0043/F952,NO,45.107984,7.813012,52.0,1651.17,4648.857
PF04/0043/F952,NO,45.105542,7.809387,52.0,1384.063,4359.726
PF05/0043/F952,NO,45.105878,7.813032,52.0,1417.214,4647.029
PF11/0043/F952,NO,45.106766,7.817165,52.0,1511.043,4973.612
PF12/0043/F952,NO,45.102768,7.812919,52.0,1071.814,4633.069
PF13/0043/F952,NO,45.106147,7.806404,21.0,1454.808,4125.993
PF02/0044/F952,NO,45.104247,7.807415,52.0,1242.545,4202.471
PF06/0044/F952,NO,45.103104,7.809657,21.0,1112.887,4376.969
PF04/0045/F952,NO,45.101629,7.807309,21.0,951.831,4189.831
PF01/0046/F952,NO,45.104849,7.803942,52.0,1313.454,3930.238
PF02/0046/F952,NO,45.104648,7.7994,52.0,1296.366,3572.517
PF05/0046/F952,NO,45.106991,7.803346,52.0,1552.043,3886.869
PF06/0046/F952,NO,45.105689,7.792375,52.0,1420.319,3021.556
PF07/0046/F952,NO,45.103045,7.802347,21.0,1114.85,3801.783
PF06/0047/F952,NO,45.104788,7.785122,52.0,1328.693,2449.472
PF07/0047/F952,NO,45.105041,7.779875,52.0,1363.096,2037.116
PF08/0047/F952,NO,45.102946,7.780251,52.0,1129.825,2063.168
PF10/0047/F952,NO,45.107305,7.779379,62.0,1615.176,2001.893
PF11/0047/F952,NO,45.098557,7.781581,52.0,640.698,2160.485
PF12/0047/F952,NO,45.100957,7.784738,52.0,903.59,2412.867
PF14/0047/F952,NO,45.10102,7.78143,21.0,914.469,2152.712
PF03/0048/F952,NO,45.098394,7.774204,52.0,631.42,1579.788
PF05/0048/F952,NO,45.105802,7.771172,52.0,1457.923,1353.718
PF09/0048/F952,NO,45.097216,7.77799,52.0,495.977,1875.641
PF10/0048/F952,NO,45.104245,7.777326,52.0,1277.628,1835.203
PF11/0048/F952,NO,45.100055,7.778427,52.0,810.82,1914.79
PF13/0048/F952,NO,45.100322,7.769539,52.0,851.106,1215.994
PF14/0048/F952,NO,45.101864,7.772532,21.0,1018.854,1454.059
PF03/0049/F952,NO,45.096052,7.768199,52.0,378.398,1103.35
PF06/0049/F952,NO,45.099596,7.765084,52.0,775.796,864.206
PF09/0049/F952,NO,45.093819,7.762472,52.0,137.201,648.866
PF10/0049/F952,NO,45.097849,7.754628,52.0,594.353,38.551
PF11/0049/F952,NO,45.097365,7.762387,52.0,531.215,648.254
PF12/0049/F952,NO,45.098246,7.757402,52.0,635.115,257.462
PF13/0049/F952,NO,45.099152,7.759659,21.0,733.075,436.656
PF03/0050/F952,NO,45.09681,7.741849,52.0,494.485,-968.752
PF04/0050/F952,NO,45.095035,7.748503,52.0,289.195,-448.178
PF06/0050/F952,NO,45.09857,7.73809,52.0,694.671,-1261.447
PF07/0050/F952,NO,45.098802,7.745334,52.0,711.565,-691.102
PF08/0050/F952,NO,45.094292,7.745247,52.0,210.639,-705.72
PF09/0050/F952,NO,45.094132,7.740775,52.0,198.367,-1057.88
PF10/0050/F952,NO,45.09235,7.741623,52.0,-0.724,-994.183
PF11/0050/F952,NO,45.092579,7.745545,52.0,19.943,-685.212
PF12/0050/F952,NO,45.09685,7.745266,52.0,494.814,-699.818
PF14/0050/F952,NO,45.092753,7.748281,52.0,36.0,-469.639
PF15/0050/F952,NO,45.097563,7.749393,21.0,568.921,-373.856
PF02/0051/F952,NO,45.096562,7.738215,52.0,471.43,-1255.09
PF05/0051/F952,NO,45.09257,7.736091,52.0,30.518,-1429.148
PF09/0051/F952,NO,45.092511,7.730483,52.0,30.893,-1870.515
PF11/0051/F952,NO,45.095096,7.733996,52.0,313.72,-1589.584
PF12/0051/F952,NO,45.093999,7.739388,21.0,185.254,-1167.243
PF06/0052/F952,NO,45.092435,7.726764,52.0,27.092,-2163.339
PF08/0052/F952,NO,45.088508,7.736299,21.0,-420.96,-1419.816
PF01/0053/F952,NO,45.090379,7.726363,52.0,-200.801,-2198.459
PF05/0053/F952,NO,45.091466,7.721724,21.0,-74.283,-2561.64
PF02/0054/F952,NO,45.082637,7.713196,52.0,-1044.558,-3248.295
PF03/0054/F952,NO,45.088199,7.707732,21.0,-419.71,-3668.468
PF04/0058/F952,NO,45.081237,7.678076,21.0,-1155.429,-6014.922
PF03/0059/F952,NO,45.084022,7.669846,21.0,-835.477,-6657.578
PF04/0060/F952,NO,45.080414,7.675192,52.0,-1243.128,-6243.382
PF05/0060/F952,NO,45.078067,7.676838,52.0,-1506.063,-6118.136
PF06/0060/F952,NO,45.07988,7.681766,21.0,-1310.96,-5726.975
PF05/0061/F952,NO,45.075152,7.669088,21.0,-1819.873,-6733.432
PF03/0063/F952,NO,45.070753,7.680927,52.0,-2323.765,-5809.529
PF04/0063/F952,NO,45.075034,7.680909,21.0,-1848.139,-5803.214
PF03/0064/F952,NO,45.075976,7.68589,21.0,-1749.909,-5409.37
PF04/0066/F952,NO,45.075401,7.692277,21.0,-1822.006,-4907.688
PF03/0067/F952,NO,45.074784,7.701792,52.0,-1902.564,-4159.813
PF06/0067/F952,NO,45.073844,7.706089,21.0,-2012.362,-3823.251
PF02/0068/F952,NO,45.079614,7.699348,52.0,-1362.885,-4343.589
PF03/0068/F952,NO,45.078816,7.710542,21.0,-1465.651,-3463.921
PF07/0069/F952,NO,45.06846,7.710011,52.0,-2615.402,-3524.114
PF08/0069/F952,NO,45.077122,7.705793,21.0,-1647.925,-3840.789
PF05/0070/F952,NO,45.076697,7.714646,52.0,-1706.248,-3144.646
PF06/0070/F952,NO,45.072394,7.715004,21.0,-2184.682,-3124.068
PF01/0071/F952,NO,45.073768,7.718306,52.0,-2036.147,-2861.717
PF03/0071/F952,NO,45.077078,7.719869,52.0,-1670.343,-2732.861
PF04/0071/F952,NO,45.072912,7.718935,21.0,-2132.038,-2813.764
PF03/0072/F952,NO,45.086319,7.722194,52.0,-646.662,-2533.662
PF04/0072/F952,NO,45.083389,7.726205,21.0,-977.202,-2223.156
PF01/0073/F952,NO,45.07689,7.725893,52.0,-1698.812,-2259.102
PF02/0073/F952,NO,45.086694,7.732285,52.0,-617.492,-1738.864
PF03/0073/F952,NO,45.081248,7.728934,52.0,-1218.377,-2012.103
PF05/0073/F952,NO,45.079681,7.72634,52.0,-1389.22,-2219.04
PF06/0073/F952,NO,45.076587,7.728979,21.0,-1736.246,-2016.693
PF03/0074/F952,NO,45.080752,7.736962,52.0,-1283.446,-1381.12
PF04/0074/F952,NO,45.08416,7.740495,21.0,-909.153,-1097.115
PF03/0075/F952,NO,45.092227,7.738415,52.0,-10.375,-1246.876
PF05/0075/F952,NO,45.09036,7.742859,52.0,-223.296,-900.361
PF06/0075/F952,NO,45.088621,7.74094,52.0,-414.05,-1054.432
PF07/0075/F952,NO,45.081805,7.740607,52.0,-1170.911,-1092.407
PF08/0075/F952,NO,45.086562,7.740895,52.0,-642.733,-1061.538
PF09/0075/F952,NO,45.088298,7.744725,52.0,-454.6,-757.09
PF10/0075/F952,NO,45.085636,7.743567,52.0,-748.913,-852.847
PF11/0075/F952,NO,45.090407,7.740488,21.0,-215.197,-1086.898
PF01/0076/F952,NO,45.096038,7.775314,52.0,368.345,1663.15
PF02/0076/F952,NO,45.094884,7.772364,52.0,243.616,1429.061
PF04/0076/F952,NO,45.093832,7.769367,52.0,130.353,1191.452
PF05/0076/F952,NO,45.094561,7.778667,52.0,200.28,1924.468
PF07/0076/F952,NO,45.092439,7.77819,52.0,-34.87,1883.41
PF08/0076/F952,NO,45.092534,7.75376,132.0,5.02,-38.824
PF09/0076/F952,NO,45.092969,7.773298,52.0,29.754,1499.34
PF10/0076/F952,NO,45.097192,7.772036,21.0,500.375,1407.165
PF01/0077/F952,NO,45.090371,7.769749,52.0,-254.64,1215.687
PF02/0077/F952,NO,45.091801,7.776439,52.0,-103.765,1744.552
PF05/0077/F952,NO,45.089166,7.767078,21.0,-385.264,1003.445
PF02/0078/F952,NO,45.092047,7.781498,52.0,-82.356,2143.0
PF03/0078/F952,NO,45.089612,7.781006,52.0,-352.348,2100.23
PF06/0078/F952,NO,45.091056,7.774951,52.0,-184.706,1626.148
PF08/0078/F952,NO,45.089094,7.777939,52.0,-406.271,1858.03
PF09/0078/F952,NO,45.08824,7.776088,52.0,-498.899,1710.932
PF11/0078/F952,NO,45.091643,7.787091,52.0,-133.917,2582.456
PF15/0078/F952,NO,45.088633,7.78341,21.0,-463.952,2287.816
PF16/0078/F952,NO,45.088456,7.774558,21.0,-473.056,1590.915
PF01/0079/F952,NO,45.094289,7.782524,52.0,165.436,2227.531
PF02/0079/F952,NO,45.098446,7.785798,52.0,623.424,2492.083
PF03/0079/F952,NO,45.09631,7.780786,52.0,392.026,2094.132
PF05/0079/F952,NO,45.096585,7.784758,21.0,417.875,2407.18
PF03/0080/F952,NO,45.09449,7.793934,52.0,174.294,3125.685
PF05/0080/F952,NO,45.100447,7.78845,52.0,842.55,2704.043
PF08/0080/F952,NO,45.099181,7.794457,52.0,694.859,3174.623
PF10/0080/F952,NO,45.096892,7.78735,21.0,448.964,2611.641
PF04/0081/F952,NO,45.100134,7.800845,52.0,793.267,3678.807
PF05/0081/F952,NO,45.09779,7.799481,52.0,534.38,3567.581
PF06/0081/F952,NO,45.097908,7.802449,52.0,544.128,3801.344
PF09/0081/F952,NO,45.09473,7.800942,52.0,192.795,3677.532
PF10/0081/F952,NO,45.100349,7.80478,52.0,812.518,3988.771
PF11/0081/F952,NO,45.100999,7.798282,52.0,892.339,3478.534
PF12/0081/F952,NO,45.101886,7.804443,21.0,983.693,3964.785
PF06/0082/F952,NO,45.087344,7.789826,52.0,-614.697,2790.546
PF08/0082/F952,NO,45.087347,7.802041,52.0,-628.633,3751.839
PF09/0082/F952,NO,45.086768,7.79353,21.0,-683.007,3081.054
PF03/0083/F952,NO,45.099932,7.807863,52.0,762.611,4230.624
PF04/0083/F952,NO,45.100439,7.810484,52.0,815.938,4437.707
PF07/0083/F952,NO,45.097237,7.816415,52.0,453.316,4899.12
PF08/0083/F952,NO,45.096769,7.808104,21.0,410.948,4244.398
PF01/0084/F952,NO,45.090569,7.810858,52.0,-281.026,4450.982
PF05/0084/F952,NO,45.09354,7.806233,52.0,54.416,4091.907
PF06/0084/F952,NO,45.086691,7.804839,21.0,-704.851,3970.927
PF05/0085/F952,NO,45.084335,7.820649,52.0,-984.772,5211.377
PF07/0085/F952,NO,45.090193,7.819412,52.0,-332.61,5123.529
PF08/0085/F952,NO,45.08651,7.81333,21.0,-734.738,4638.855
PF03/0086/F952,NO,45.10079,7.818907,52.0,845.187,5100.956
PF05/0086/F952,NO,45.102522,7.816627,21.0,1040.271,4924.367
PF05/0087/F952,NO,45.103783,7.824925,52.0,1170.759,5579.249
PF06/0087/F952,NO,45.097532,7.827472,52.0,473.486,5769.601
PF07/0087/F952,NO,45.099799,7.830715,52.0,721.55,6028.409
PF08/0087/F952,NO,45.103417,7.821625,21.0,1133.949,5319.038
PF02/0088/F952,NO,45.095893,7.826527,21.0,292.5,5692.563
PF02/0089/F952,NO,45.096839,7.830974,52.0,392.432,6044.042
PF03/0089/F952,NO,45.096719,7.828114,21.0,382.416,5818.812
PF04/0090/F952,NO,45.088987,7.825362,52.0,-473.4,5589.758
PF05/0090/F952,NO,45.080612,7.825524,21.0,-1404.03,5589.008
PF02/0094/F952,NO,45.084995,7.785263,52.0,-870.219,2427.552
PF05/0094/F952,NO,45.082542,7.78136,52.0,-1138.111,2116.237
PF06/0094/F952,NO,45.084376,7.788155,52.0,-942.5,2654.091
PF08/0094/F952,NO,45.087392,7.786052,21.0,-604.912,2493.626
PF03/0095/F952,NO,45.078622,7.774003,52.0,-1564.851,1530.66
PF05/0095/F952,NO,45.084151,7.777761,52.0,-955.105,1835.676
PF08/0095/F952,NO,45.076216,7.772372,21.0,-1830.228,1398.208
PF02/0096/F952,NO,45.078682,7.766608,52.0,-1549.321,948.679
PF03/0096/F952,NO,45.078984,7.769657,52.0,-1519.52,1189.161
PF04/0096/F952,NO,45.086626,7.766394,52.0,-666.573,945.325
PF05/0096/F952,NO,45.083206,7.771338,52.0,-1052.415,1328.657
PF06/0096/F952,NO,45.080473,7.768129,52.0,-1352.203,1071.454
PF07/0096/F952,NO,45.080375,7.765543,52.0,-1359.987,867.702
PF08/0096/F952,NO,45.08058,7.771312,52.0,-1344.142,1322.148
PF09/0096/F952,NO,45.083968,7.765219,52.0,-960.458,848.369
PF10/0096/F952,NO,45.082383,7.766848,52.0,-1138.5,973.826
PF12/0096/F952,NO,45.077172,7.769033,21.0,-1720.029,1136.988
PF13/0096/F952,NO,45.085883,7.770372,21.0,-753.869,1257.146
PF02/0097/F952,NO,45.083856,7.761116,52.0,-968.017,525.251
PF03/0097/F952,NO,45.082147,7.761239,52.0,-1157.927,532.012
PF06/0097/F952,NO,45.083885,7.758405,52.0,-961.473,311.945
PF09/0097/F952,NO,45.086105,7.763922,52.0,-721.553,749.861
PF10/0097/F952,NO,45.079923,7.757996,52.0,-1401.098,272.954
PF11/0097/F952,NO,45.082155,7.764197,52.0,-1160.628,764.857
PF12/0097/F952,NO,45.0784,7.762019,21.0,-1575.176,587.04
PF03/0098/F952,NO,45.081648,7.743209,52.0,-1191.528,-887.928
PF04/0098/F952,NO,45.077397,7.740351,52.0,-1660.228,-1120.211
PF05/0098/F952,NO,45.083895,7.753851,52.0,-954.886,-46.505
PF06/0098/F952,NO,45.081541,7.753807,52.0,-1216.338,-53.934
PF07/0098/F952,NO,45.082161,7.750149,52.0,-1142.99,-340.795
PF08/0098/F952,NO,45.078474,7.745993,52.0,-1547.477,-674.208
PF09/0098/F952,NO,45.080611,7.747511,52.0,-1311.939,-551.058
PF11/0098/F952,NO,45.079809,7.754374,52.0,-1409.389,-12.277
PF12/0098/F952,NO,45.079388,7.741621,52.0,-1440.654,-1016.821
PF13/0098/F952,NO,45.077684,7.757269,21.0,-1648.996,211.924
PF02/0099/F952,NO,45.076127,7.745914,52.0,-1808.18,-684.477
PF04/0099/F952,NO,45.075458,7.749519,52.0,-1886.916,-401.893
PF06/0099/F952,NO,45.076818,7.743159,52.0,-1728.08,-900.189
PF09/0099/F952,NO,45.073054,7.746706,52.0,-2150.488,-627.432
PF10/0099/F952,NO,45.073482,7.750073,52.0,-2107.108,-361.684
PF11/0099/F952,NO,45.072899,7.742477,52.0,-2162.569,-960.594
PF12/0099/F952,NO,45.078116,7.74999,21.0,-1592.194,-360.224
PF01/0100/F952,NO,45.079902,7.739753,52.0,-1381.222,-1162.937
PF02/0100/F952,NO,45.078535,7.736164,52.0,-1528.68,-1447.795
PF03/0100/F952,NO,45.077487,7.733783,62.0,-1642.211,-1637.002
PF04/0100/F952,NO,45.07619,7.735836,62.0,-1788.83,-1477.638
PF06/0100/F952,NO,45.075422,7.732466,52.0,-1869.959,-1744.22
PF08/0100/F952,NO,45.074274,7.738772,21.0,-2005.294,-1249.904
PF04/0101/F952,NO,45.073217,7.731681,52.0,-2113.915,-1809.908
PF05/0101/F952,NO,45.074742,7.727736,21.0,-1939.708,-2117.783
PF04/0102/F952,NO,45.064151,7.728476,52.0,-3117.145,-2077.97
PF06/0102/F952,NO,45.070339,7.719766,52.0,-2418.958,-2752.846
PF07/0102/F952,NO,45.073603,7.724287,52.0,-2061.895,-2391.252
PF09/0102/F952,NO,45.073409,7.723818,21.0,-2082.854,-2428.498
PF02/0103/F952,NO,45.066442,7.71281,52.0,-2843.151,-3307.323
PF04/0103/F952,NO,45.067601,7.715036,52.0,-2717.217,-3130.021
PF07/0103/F952,NO,45.064605,7.709702,21.0,-3043.338,-3555.273
PF03/0106/F952,NO,45.059036,7.691198,52.0,-3638.606,-5022.042
PF04/0106/F952,NO,45.057749,7.695728,21.0,-3787.355,-4667.673
PF06/0107/F952,NO,45.059186,7.702881,52.0,-3636.742,-4101.886
PF07/0107/F952,NO,45.056666,7.699659,21.0,-3912.607,-4360.061
PF05/0108/F952,NO,45.061029,7.70527,52.0,-3434.962,-3910.546
PF06/0108/F952,NO,45.06191,7.712732,21.0,-3346.544,-3321.499
PF05/0109/F952,NO,45.063429,7.719214,21.0,-3185.865,-2808.448
PF02/0110/F952,NO,45.055065,7.719724,52.0,-4115.605,-2782.996
PF05/0110/F952,NO,45.056358,7.716237,52.0,-3967.632,-3055.27
PF06/0110/F952,NO,45.05952,7.715153,21.0,-3615.04,-3135.117
PF03/0111/F952,NO,45.057342,7.72616,52.0,-3870.726,-2272.269
PF04/0111/F952,NO,45.066542,7.732571,21.0,-2856.612,-1751.432
PF01/0112/F952,NO,45.069159,7.741959,52.0,-2577.369,-1007.887
PF02/0112/F952,NO,45.071903,7.73813,52.0,-2267.841,-1304.558
PF04/0112/F952,NO,45.066543,7.733904,52.0,-2858.17,-1646.529
PF06/0112/F952,NO,45.064026,7.734786,52.0,-3138.803,-1581.417
PF08/0112/F952,NO,45.066185,7.739608,52.0,-2904.881,-1198.105
PF09/0112/F952,NO,45.069394,7.737482,21.0,-2545.854,-1359.891
PF04/0113/F952,NO,45.06865,7.74499,52.0,-2637.626,-770.153
PF10/0113/F952,NO,45.063068,7.741528,52.0,-3253.555,-1052.283
PF11/0113/F952,NO,45.070893,7.744766,52.0,-2388.213,-783.908
PF12/0113/F952,NO,45.071022,7.747559,52.0,-2377.264,-563.807
PF13/0113/F952,NO,45.067572,7.747478,52.0,-2760.426,-576.142
PF14/0113/F952,NO,45.061768,7.748189,21.0,-3406.089,-530.104
PF06/0114/F952,NO,45.069871,7.750154,52.0,-2508.319,-361.505
PF10/0114/F952,NO,45.06344,7.753763,21.0,-3227.067,-88.423
PF11/0114/F952,NO,45.0621,7.751236,21.0,-3372.874,-289.657
PF01/0115/F952,NO,45.065272,7.759934,52.0,-3031.062,400.574
PF04/0115/F952,NO,45.06888,7.75744,52.0,-2627.26,210.399
PF05/0115/F952,NO,45.069986,7.754115,21.0,-2500.327,-49.514
PF02/0116/F952,NO,45.075515,7.757115,52.0,-1889.737,196.075
PF03/0116/F952,NO,45.073192,7.757761,52.0,-2148.564,242.963
PF04/0116/F952,NO,45.07416,7.754072,52.0,-2036.631,-45.758
PF06/0116/F952,NO,45.075071,7.766421,52.0,-1950.306,927.869
PF10/0116/F952,NO,45.076527,7.754573,52.0,-1774.251,-2.247
PF12/0116/F952,NO,45.074967,7.76138,21.0,-1955.834,530.889
PF13/0116/F952,NO,45.072798,7.766504,21.0,-2202.852,930.557
PF02/0117/F952,NO,45.07161,7.776383,52.0,-2346.737,1706.175
PF03/0117/F952,NO,45.068789,7.773507,52.0,-2656.66,1475.042
PF05/0117/F952,NO,45.074205,7.771607,52.0,-2052.732,1334.586
PF08/0117/F952,NO,45.071033,7.768742,52.0,-2401.626,1103.753
PF10/0117/F952,NO,45.073786,7.776708,52.0,-2105.328,1735.433
PF11/0117/F952,NO,45.072196,7.772686,52.0,-2277.166,1416.153
PF12/0117/F952,NO,45.0753,7.776878,21.0,-1937.39,1751.381
PF04/0118/F952,NO,45.063901,7.771094,52.0,-3196.811,1276.835
PF07/0118/F952,NO,45.066091,7.772253,52.0,-2954.836,1371.802
PF09/0118/F952,NO,45.065736,7.767042,52.0,-2988.12,960.936
PF10/0118/F952,NO,45.069235,7.76414,21.0,-2595.866,738.407
PF01/0119/F952,NO,45.072737,7.779216,52.0,-2224.866,1931.1
PF03/0119/F952,NO,45.067888,7.779393,52.0,-2763.775,1936.854
PF05/0119/F952,NO,45.068731,7.781982,52.0,-2673.177,2142.102
PF06/0119/F952,NO,45.069599,7.77821,21.0,-2572.303,1846.64
PF07/0120/F952,NO,45.071059,7.784186,21.0,-2417.109,2319.508
PF03/0121/F952,NO,45.067614,7.78472,52.0,-2800.486,2355.782
PF06/0121/F952,NO,45.064943,7.7864,52.0,-3099.214,2483.622
PF07/0121/F952,NO,45.06471,7.780491,52.0,-3118.119,2018.023
PF08/0121/F952,NO,45.06556,7.774955,21.0,-3017.042,1583.563
PF16/0123/F952,NO,45.077012,7.793079,21.0,-1766.311,3029.388
PF05/0124/F952,NO,45.067796,7.803854,21.0,-2802.677,3862.361
PF04/0125/F952,NO,45.068942,7.808413,21.0,-2680.75,4223.149
PF02/0126/F952,NO,45.078252,7.820424,21.0,-1660.331,5183.829
PF03/0127/F952,NO,45.074508,7.814206,21.0,-2069.044,4688.271
PF01/0128/F952,NO,45.062267,7.794177,52.0,-3405.592,3091.411
PF04/0128/F952,NO,45.058745,7.799133,52.0,-3802.686,3475.858
PF05/0128/F952,NO,45.060726,7.797901,21.0,-3581.149,3382.087
PF04/0129/F952,NO,45.059448,7.793515,52.0,-3717.984,3034.643
PF06/0129/F952,NO,45.060218,7.790031,52.0,-3628.411,2761.638
PF07/0129/F952,NO,45.056626,7.789616,21.0,-4026.908,2722.992
PF03/0130/F952,NO,45.060352,7.776711,52.0,-3597.792,1713.076
PF05/0130/F952,NO,45.058529,7.780541,52.0,-3804.795,2011.57
PF07/0130/F952,NO,45.060213,7.785211,21.0,-3623.28,2382.096
PF02/0131/F952,NO,45.054128,7.770545,52.0,-4281.799,1217.105
PF07/0131/F952,NO,45.063183,7.77289,21.0,-3278.704,1416.994
PF04/0132/F952,NO,45.060871,7.769202,52.0,-3531.145,1122.74
PF06/0132/F952,NO,45.056764,7.768561,21.0,-3986.614,1065.373
PF05/0133/F952,NO,45.061103,7.756728,21.0,-3490.354,141.064
PF02/0134/F952,NO,45.061536,7.745175,52.0,-3428.127,-767.853
PF03/0134/F952,NO,45.059912,7.748534,52.0,-3612.64,-506.164
PF04/0134/F952,NO,45.05661,7.751933,52.0,-3983.609,-244.217
PF07/0134/F952,NO,45.058112,7.745476,52.0,-3808.878,-750.015
PF09/0134/F952,NO,45.053614,7.749519,52.0,-4313.48,-439.421
PF10/0134/F952,NO,45.060503,7.75255,21.0,-3551.923,-188.929
PF11/0134/F952,NO,45.052492,7.754314,21.0,-4444.034,-63.784
PF03/0136/F952,NO,45.051362,7.731978,52.0,-4542.172,-1824.568
PF04/0136/F952,NO,45.054641,7.72507,21.0,-4169.405,-2362.775
PF02/0137/F952,NO,45.050411,7.728131,21.0,-4643.161,-2129.194
PF06/0138/F952,NO,45.047022,7.72898,52.0,-5020.616,-2068.178
PF08/0138/F952,NO,45.045508,7.725957,52.0,-5185.071,-2308.901
PF09/0138/F952,NO,45.043479,7.72842,52.0,-5413.579,-2118.473
PF10/0138/F952,NO,45.049264,7.723816,21.0,-4765.176,-2470.958
PF04/0139/F952,NO,45.05352,7.719485,52.0,-4286.953,-2804.578
PF05/0139/F952,NO,45.046521,7.719935,52.0,-5065.028,-2781.409
PF06/0139/F952,NO,45.050093,7.718746,21.0,-4666.76,-2868.768
PF03/0141/F952,NO,45.047369,7.70835,52.0,-4956.421,-3692.283
PF05/0141/F952,NO,45.050528,7.702484,52.0,-4598.09,-4148.557
PF06/0141/F952,NO,45.050628,7.698259,21.0,-4581.575,-4481.085
PF01/0142/F952,NO,45.043965,7.708284,52.0,-5334.44,-3703.457
PF05/0142/F952,NO,45.039959,7.714662,21.0,-5787.426,-3208.241
PF03/0144/F952,NO,45.027967,7.701795,52.0,-7103.475,-4243.073
PF05/0144/F952,NO,45.031112,7.703855,21.0,-6756.716,-4075.181
PF04/0145/F952,NO,45.025488,7.710435,52.0,-7389.768,-3566.784
PF05/0145/F952,NO,45.029111,7.70691,52.0,-6982.879,-3838.097
PF07/0145/F952,NO,45.031629,7.705747,21.0,-6701.687,-3925.179
PF06/0147/F952,NO,45.039675,7.719721,21.0,-5825.293,-2810.26
PF06/0148/F952,NO,45.030269,7.730733,21.0,-6883.874,-1959.312
PF04/0149/F952,NO,45.038888,7.729604,21.0,-5925.062,-2033.241
PF02/0150/F952,NO,45.046472,7.75125,52.0,-5109.019,-315.374
PF03/0150/F952,NO,45.044904,7.746617,21.0,-5277.644,-682.938
PF10/0154/F952,NO,45.04342,7.756455,52.0,-5454.431,89.345
PF11/0154/F952,NO,45.050071,7.758258,52.0,-4717.773,242.687
PF13/0154/F952,NO,45.047766,7.75884,21.0,-4974.492,284.599
PF02/0156/F952,NO,45.049568,7.770837,52.0,-4788.776,1232.393
PF04/0156/F952,NO,45.047369,7.771867,21.0,-5034.269,1309.814
PF04/0157/F952,NO,45.050109,7.781563,21.0,-4741.438,2077.982
PF02/0158/F952,NO,45.056567,7.792978,52.0,-4037.402,2987.594
PF04/0158/F952,NO,45.052422,7.792662,52.0,-4497.577,2955.867
PF05/0158/F952,NO,45.058827,7.79653,21.0,-3790.591,3270.971
PF04/0159/F952,NO,45.057167,7.797884,21.0,-3976.582,3374.863
PF02/0160/F952,NO,45.048185,7.798445,52.0,-4974.993,3404.193
PF03/0160/F952,NO,45.049676,7.791932,52.0,-4801.772,2893.827
PF04/0160/F952,NO,45.052429,7.787459,21.0,-4490.651,2546.115
PF03/0161/F952,NO,45.052168,7.800954,52.0,-4535.454,3608.373
PF04/0161/F952,NO,45.047281,7.806697,21.0,-5085.012,4052.596
PF01/0162/F952,NO,45.097056,7.75167,52.0,509.835,-195.571
PF02/0162/F952,NO,45.095248,7.754692,52.0,305.363,39.151
PF04/0162/F952,NO,45.096025,7.756903,21.0,388.975,214.447
PF07/0163/F952,NO,45.094586,7.751686,52.0,235.463,-198.511
PF09/0163/F952,NO,45.090344,7.751314,21.0,-235.407,-235.048
PF05/0164/F952,NO,45.091992,7.757736,52.0,-60.094,273.066
PF06/0164/F952,NO,45.091755,7.762055,21.0,-91.569,612.568
PF02/0165/F952,NO,45.090879,7.765861,21.0,-193.45,910.555
PF02/0166/F952,NO,45.085813,7.750276,52.0,-737.486,-324.565
PF04/0166/F952,NO,45.088701,7.747561,21.0,-413.322,-533.201
PF05/0167/F952,NO,45.087524,7.753787,21.0,-551.604,-45.265
PF03/0168/F952,NO,45.087991,7.763357,52.0,-511.285,708.599
PF04/0168/F952,NO,45.088889,7.76164,52.0,-409.453,574.994
PF05/0168/F952,NO,45.09046,7.76145,52.0,-234.701,562.782
PF07/0168/F952,NO,45.086662,7.761125,52.0,-656.285,530.714
PF09/0168/F952,NO,45.089726,7.758777,52.0,-313.04,351.131
PF10/0168/F952,NO,45.085676,7.757881,21.0,-761.876,273.706
PF01/0169/F952,NO,45.085077,7.747904,52.0,-816.373,-512.448
PF02/0169/F952,NO,45.084157,7.749645,52.0,-920.693,-377.008
PF03/0169/F952,NO,45.084,7.745834,52.0,-933.388,-677.223
PF05/0169/F952,NO,45.08265,7.747551,52.0,-1085.502,-544.439
PF08/0169/F952,NO,45.087098,7.748265,21.0,-592.261,-480.565
PF02/0001/G019,NO,45.107637,7.746423,52.0,1691.752,-590.207
PF03/0001/G019,NO,45.110449,7.74587,52.0,2004.771,-628.836
PF04/0001/G019,NO,45.110541,7.741172,52.0,2020.731,-998.228
PF05/0001/G019,NO,45.109233,7.742639,52.0,1873.61,-885.134
PF06/0001/G019,NO,45.112262,7.741071,52.0,2211.993,-1003.247
PF08/0001/G019,NO,45.114503,7.738621,52.0,2464.041,-1192.073
PF09/0001/G019,NO,45.114548,7.742633,52.0,2464.06,-876.404
PF10/0001/G019,NO,45.112262,7.741071,52.0,2211.993,-1003.247
PF11/0001/G019,NO,45.112391,7.744284,52.0,2222.408,-750.282
PF12/0001/G019,NO,45.108962,7.738778,52.0,1848.259,-1189.299
PF01/0002/G019,NO,45.111722,7.751807,52.0,2138.975,-159.645
PF03/0002/G019,NO,45.112771,7.745561,52.0,2263.047,-649.144
PF01/0003/G019,NO,45.112841,7.754828,52.0,2259.597,79.975
PF02/0003/G019,NO,45.110752,7.753945,52.0,2028.55,6.904
PF03/0003/G019,NO,45.107963,7.754759,52.0,1717.82,66.199
PF04/0003/G019,NO,45.107683,7.761138,52.0,1679.023,567.517
PF05/0003/G019,NO,45.110034,7.758331,52.0,1943.534,350.684
PF06/0003/G019,NO,45.11133,7.762608,52.0,2082.378,689.395
PF07/0003/G019,NO,45.114508,7.756387,52.0,2442.885,205.395
PF08/0003/G019,NO,45.11295,7.759166,52.0,2266.469,421.385
PF09/0003/G019,NO,45.115821,7.760145,52.0,2584.247,503.293
PF01/0004/G019,NO,45.112913,7.766627,52.0,2253.42,1008.189
PF02/0004/G019,NO,45.11413,7.763174,52.0,2392.672,738.676
PF03/0004/G019,NO,45.109193,7.764867,52.0,1842.275,863.405
PF04/0004/G019,NO,45.109714,7.769773,52.0,1894.242,1250.257
PF05/0004/G019,NO,45.116425,7.765907,52.0,2644.447,957.498
PF01/0005/G019,NO,45.11911,7.774558,52.0,2932.269,1642.466
PF02/0005/G019,NO,45.115677,7.777866,52.0,2546.967,1896.933
PF02/0006/G019,NO,45.109123,7.775699,52.0,1821.462,1715.463
PF03/0006/G019,NO,45.115254,7.771285,52.0,2507.91,1378.574
PF04/0006/G019,NO,45.112215,7.773057,52.0,2168.128,1512.827
PF05/0006/G019,NO,45.11304,7.775705,52.0,2256.602,1722.47
PF06/0006/G019,NO,45.111718,7.77908,52.0,2105.775,1985.763
PF01/0007/G019,NO,45.112409,7.78764,52.0,2172.385,2660.248
PF01/0009/G019,NO,45.107251,7.79318,52.0,1592.803,3087.498
PF02/0009/G019,NO,45.111025,7.789368,52.0,2016.57,2793.886
PF03/0009/G019,NO,45.110771,7.792791,52.0,1984.319,3062.753
PF01/0011/G019,NO,45.102507,7.719272,52.0,1155.268,-2735.14
PF02/0012/G019,NO,45.099106,7.731694,52.0,762.048,-1763.741
PF03/0012/G019,NO,45.099327,7.728346,52.0,790.706,-2026.832
PF05/0012/G019,NO,45.100645,7.720453,52.0,946.94,-2645.502
PF07/0012/G019,NO,45.106238,7.722069,52.0,1566.257,-2508.52
PF08/0012/G019,NO,45.101268,7.726948,52.0,1008.145,-2133.416
PF09/0012/G019,NO,45.102046,7.733129,52.0,1086.842,-1645.702
PF10/0012/G019,NO,45.103663,7.723298,52.0,1278.748,-2416.369
PF11/0012/G019,NO,45.103942,7.730164,52.0,1301.189,-1875.715
PF01/0013/G019,NO,45.092972,7.725881,52.0,87.831,-2231.861
PF03/0013/G019,NO,45.098382,7.725769,52.0,688.946,-2231.186
PF04/0013/G019,NO,45.094966,7.729585,52.0,304.762,-1936.935
PF05/0013/G019,NO,45.095899,7.726258,52.0,412.565,-2197.105
PF06/0013/G019,NO,45.093966,7.723256,52.0,201.452,-2436.69
PF08/0013/G019,NO,45.095085,7.732707,52.0,314.117,-1691.022
PF09/0013/G019,NO,45.097078,7.729787,52.0,539.099,-1917.312
PF10/0013/G019,NO,45.09745,7.734417,12.0,574.722,-1552.361
PF01/0014/G019,NO,45.106995,7.742454,52.0,1625.223,-903.551
PF02/0014/G019,NO,45.103625,7.74106,52.0,1252.53,-1019.054
PF03/0014/G019,NO,45.098183,7.740077,52.0,649.205,-1105.763
PF02/0015/G019,NO,45.094397,7.742454,52.0,225.734,-925.311
PF03/0015/G019,NO,45.092605,7.742206,52.0,26.93,-947.932
PF05/0015/G019,NO,45.094292,7.739447,52.0,217.699,-1162.066
PF01/0016/G019,NO,45.09979,7.742873,52.0,824.256,-882.975
PF02/0016/G019,NO,45.100188,7.74964,52.0,860.32,-349.926
PF03/0016/G019,NO,45.101952,7.752308,52.0,1052.95,-136.978
PF04/0016/G019,NO,45.105356,7.744852,52.0,1440.174,-717.736
PF05/0016/G019,NO,45.103523,7.750453,62.0,1229.761,-280.194
PF06/0016/G019,NO,45.103733,7.74723,52.0,1256.989,-533.436
PF07/0016/G019,NO,45.101267,7.744615,52.0,986.256,-743.423
PF09/0016/G019,NO,45.106049,7.748504,52.0,1512.792,-429.21
PF10/0016/G019,NO,45.106891,7.750685,52.0,1603.627,-256.146
PF01/0017/G019,NO,45.095034,7.750411,52.0,286.724,-298.06
PF02/0017/G019,NO,45.094925,7.753328,52.0,271.158,-68.712
PF03/0017/G019,NO,45.096295,7.749888,52.0,427.529,-337.073
PF04/0017/G019,NO,45.09387,7.746868,52.0,161.819,-578.904
PF06/0017/G019,NO,45.098333,7.748909,52.0,655.119,-410.561
PF07/0017/G019,NO,45.091465,7.744826,62.0,-102.937,-743.707
PF08/0017/G019,NO,45.099729,7.752624,52.0,805.695,-115.904
PF10/0017/G019,NO,45.091602,7.749288,52.0,-93.142,-392.35
PF11/0017/G019,NO,45.096606,7.745274,52.0,467.652,-699.611
PF01/0018/G019,NO,45.102192,7.760952,52.0,1069.19,543.514
PF03/0018/G019,NO,45.105537,7.759899,52.0,1442.022,466.393
PF04/0018/G019,NO,45.107228,7.75759,52.0,1632.75,287.62
PF05/0018/G019,NO,45.105828,7.754211,52.0,1481.237,19.434
PF06/0018/G019,NO,45.09999,7.756439,52.0,829.99,184.67
PF07/0018/G019,NO,45.103648,7.766842,52.0,1223.891,1009.41
PF08/0018/G019,NO,45.10705,7.764039,52.0,1605.142,794.624
PF11/0018/G019,NO,45.102299,7.764798,52.0,1076.486,846.302
PF12/0018/G019,NO,45.103419,7.75537,52.0,1212.24,106.437
PF13/0018/G019,NO,45.102325,7.758377,52.0,1087.06,341.141
PF14/0018/G019,NO,45.104936,7.756379,52.0,1379.518,188.4
PF01/0019/G019,NO,45.093678,7.762112,52.0,122.004,620.287
PF02/0019/G019,NO,45.095408,7.75914,52.0,317.707,389.42
PF04/0019/G019,NO,45.099292,7.760032,52.0,748.156,466.239
PF05/0019/G019,NO,45.099106,7.763302,52.0,723.485,723.212
PF06/0019/G019,NO,45.097624,7.753745,52.0,570.482,-31.323
PF07/0019/G019,NO,45.099175,7.756174,52.0,739.853,162.465
PF10/0019/G019,NO,45.097136,7.767391,52.0,499.741,1041.608
PF11/0019/G019,NO,45.096145,7.762875,52.0,395.057,684.554
PF12/0019/G019,NO,45.097374,7.759163,52.0,536.106,394.584
PF02/0020/G019,NO,45.106278,7.772768,52.0,1508.943,1480.075
PF03/0020/G019,NO,45.104094,7.774549,52.0,1264.155,1616.469
PF04/0020/G019,NO,45.104799,7.778277,52.0,1338.016,1911.019
PF06/0020/G019,NO,45.103486,7.771285,52.0,1200.501,1358.659
PF07/0020/G019,NO,45.104982,7.769115,52.0,1369.28,1190.477
PF09/0020/G019,NO,45.106628,7.777252,52.0,1542.474,1833.385
PF10/0020/G019,NO,45.106563,7.768138,12.0,1546.162,1116.303
PF03/0021/G019,NO,45.096232,7.777578,52.0,387.138,1841.634
PF05/0021/G019,NO,45.095447,7.771705,52.0,306.986,1378.156
PF06/0021/G019,NO,45.096746,7.773412,52.0,449.195,1514.693
PF07/0021/G019,NO,45.09947,7.778785,52.0,745.4,1942.017
PF09/0021/G019,NO,45.101159,7.771958,52.0,941.228,1407.742
PF10/0021/G019,NO,45.101794,7.774876,62.0,1008.307,1638.323
PF11/0021/G019,NO,45.093988,7.773933,52.0,142.268,1550.982
PF13/0021/G019,NO,45.09925,7.772992,52.0,727.965,1485.847
PF14/0021/G019,NO,45.099731,7.775448,52.0,778.442,1679.919
PF15/0021/G019,NO,45.094077,7.779667,52.0,145.279,2002.362
PF16/0021/G019,NO,45.092906,7.772315,52.0,23.955,1421.908
PF17/0021/G019,NO,45.098037,7.770956,52.0,595.586,1323.597
PF01/0022/G019,NO,45.102257,7.782931,52.0,1050.095,2272.837
PF02/0022/G019,NO,45.105293,7.784166,52.0,1385.927,2375.133
PF03/0022/G019,NO,45.105208,7.787992,12.0,1372.0,2676.0
PF04/0022/G019,NO,45.102761,7.778899,52.0,1110.95,1956.484
PF05/0022/G019,NO,45.099535,7.782749,52.0,747.987,2254.03
PF06/0022/G019,NO,45.101971,7.788199,12.0,1012.144,2686.883
PF03/0023/G019,NO,45.098865,7.783178,52.0,673.045,2286.664
PF04/0023/G019,NO,45.095065,7.783325,52.0,250.669,2291.851
PF05/0023/G019,NO,45.095211,7.787577,52.0,261.914,2626.686
PF06/0023/G019,NO,45.093931,7.785409,52.0,122.248,2453.93
PF01/0024/G019,NO,45.10566,7.791696,8.0,1417.83,2968.1
PF02/0024/G019,NO,45.104464,7.794612,52.0,1281.537,3195.57
PF03/0024/G019,NO,45.108599,7.787408,52.0,1749.393,2635.664
PF04/0024/G019,NO,45.104392,7.798918,12.0,1268.463,3534.22
PF01/0025/G019,NO,45.095977,7.713322,8.0,437.34,-3214.82
PF02/0025/G019,NO,45.100878,7.793608,52.0,884.371,3110.621
PF01/0027/G019,NO,45.101554,7.802193,52.0,949.444,3787.217
PF02/0027/G019,NO,45.097638,7.804417,52.0,511.747,3955.701
PF03/0027/G019,NO,45.097955,7.80299,52.0,548.657,3843.994
PF04/0027/G019,NO,45.093847,7.802092,52.0,93.365,3766.58
PF05/0027/G019,NO,45.094647,7.798999,52.0,185.88,3524.49
PF06/0027/G019,NO,45.1012,7.79791,52.0,915.053,3449.63
PF01/0028/G019,NO,45.103593,7.808647,52.0,1168.409,4298.291
PF02/0028/G019,NO,45.09877,7.809038,52.0,632.138,4321.184
PF03/0028/G019,NO,45.097204,7.811948,52.0,454.835,4547.558
PF04/0028/G019,NO,45.094811,7.810556,52.0,190.66,4434.173
PF05/0028/G019,NO,45.095854,7.814985,52.0,301.328,4784.327
PF01/0029/G019,NO,45.09294,7.808777,10.0,-15.133,4291.083
PF01/0030/G019,NO,45.08652,7.710165,52.0,-609.364,-3480.008
PF02/0030/G019,NO,45.088785,7.713542,8.0,-361.993,-3210.225
PF03/0030/G019,NO,45.087937,7.708889,52.0,-450.365,-3577.906
PF02/0031/G019,NO,45.084668,7.705102,52.0,-808.733,-3881.695
PF03/0031/G019,NO,45.082979,7.7142,52.0,-1007.72,-3168.662
PF05/0031/G019,NO,45.079628,7.705858,52.0,-1369.6,-3831.201
PF06/0031/G019,NO,45.083872,7.710788,52.0,-904.343,-3435.609
PF07/0031/G019,NO,45.081843,7.71132,52.0,-1130.387,-3397.394
PF01/0032/G019,NO,45.089894,7.724801,52.0,-252.816,-2322.209
PF03/0032/G019,NO,45.089175,7.71838,52.0,-324.696,-2828.789
PF04/0032/G019,NO,45.090828,7.722378,52.0,-146.004,-2511.269
PF05/0032/G019,NO,45.087029,7.720806,52.0,-566.077,-2641.658
PF06/0032/G019,NO,45.092838,7.718918,52.0,81.531,-2779.997
PF02/0033/G019,NO,45.082741,7.719039,52.0,-1040.287,-2788.265
PF05/0033/G019,NO,45.079358,7.720908,52.0,-1418.38,-2647.143
PF06/0033/G019,NO,45.085927,7.725866,52.0,-694.858,-2245.4
PF07/0033/G019,NO,45.085929,7.716935,52.0,-683.433,-2948.231
PF08/0033/G019,NO,45.084748,7.722874,52.0,-822.035,-2482.928
PF10/0033/G019,NO,45.082062,7.723067,52.0,-1120.643,-2472.466
PF11/0033/G019,NO,45.081693,7.71608,12.0,-1153.0,-3023.0
PF01/0034/G019,NO,45.092509,7.729466,8.0,31.97,-1950.6
PF04/0034/G019,NO,45.092458,7.733206,52.0,21.679,-1656.34
PF05/0034/G019,NO,45.089103,7.732319,52.0,-350.014,-1731.975
PF06/0034/G019,NO,45.089867,7.735487,52.0,-268.943,-1481.36
PF08/0034/G019,NO,45.085579,7.732081,52.0,-741.183,-1756.906
PF09/0034/G019,NO,45.083279,7.728811,52.0,-992.603,-2018.205
PF10/0034/G019,NO,45.086787,7.736591,52.0,-612.454,-1399.807
PF11/0034/G019,NO,45.083648,7.731464,52.0,-954.907,-1808.794
PF12/0034/G019,NO,45.085314,7.728771,52.0,-766.45,-2017.812
PF02/0035/G019,NO,45.079765,7.737025,52.0,-1393.083,-1377.882
PF03/0035/G019,NO,45.081837,7.729113,52.0,-1153.136,-1996.978
PF04/0035/G019,NO,45.07963,7.726253,52.0,-1394.817,-2225.948
PF05/0035/G019,NO,45.08049,7.730929,52.0,-1305.058,-1856.371
PF06/0035/G019,NO,45.077455,7.730694,52.0,-1641.985,-1880.184
PF08/0035/G019,NO,45.082057,7.736188,52.0,-1137.456,-1439.808
PF01/0036/G019,NO,45.090387,7.742955,62.0,-220.383,-892.785
PF02/0036/G019,NO,45.088963,7.740686,52.0,-375.829,-1073.793
PF03/0036/G019,NO,45.091012,7.739479,52.0,-146.675,-1165.268
PF06/0036/G019,NO,45.088354,7.73826,52.0,-440.514,-1265.778
PF07/0036/G019,NO,45.083325,7.740588,52.0,-1002.06,-1091.295
PF08/0036/G019,NO,45.08889,7.745343,52.0,-389.59,-707.489
PF09/0036/G019,NO,45.085224,7.742756,52.0,-793.704,-917.371
PF01/0037/G019,NO,45.089312,7.749576,52.0,-347.856,-373.618
PF03/0037/G019,NO,45.085322,7.748768,52.0,-790.174,-444.026
PF05/0037/G019,NO,45.083853,7.746983,52.0,-951.138,-587.039
PF07/0037/G019,NO,45.08165,7.748759,52.0,-1198.06,-451.069
PF08/0037/G019,NO,45.082261,7.745018,52.0,-1125.613,-744.479
PF09/0037/G019,NO,45.087195,7.747054,52.0,-579.978,-575.694
PF10/0037/G019,NO,45.085468,7.745707,62.0,-770.204,-684.739
PF02/0039/G019,NO,45.085253,7.755726,52.0,-806.258,103.451
PF03/0039/G019,NO,45.087554,7.750465,52.0,-544.32,-306.685
PF04/0039/G019,NO,45.088833,7.752662,52.0,-404.815,-131.605
PF05/0039/G019,NO,45.087065,7.753199,52.0,-601.895,-92.392
PF06/0039/G019,NO,45.084632,7.752369,52.0,-871.155,-161.862
PF08/0039/G019,NO,45.091317,7.752345,52.0,-128.508,-152.301
PF01/0040/G019,NO,45.093349,7.757759,52.0,90.69,277.221
PF02/0040/G019,NO,45.091862,7.759387,52.0,-76.522,402.835
PF03/0040/G019,NO,45.090005,7.757681,52.0,-280.768,265.347
PF04/0040/G019,NO,45.084608,7.764216,52.0,-888.206,770.469
PF06/0040/G019,NO,45.086213,7.760535,52.0,-705.394,483.549
PF07/0040/G019,NO,45.08813,7.757879,52.0,-489.308,277.758
PF08/0040/G019,NO,45.088332,7.760738,52.0,-470.296,503.096
PF09/0040/G019,NO,45.090438,7.76333,52.0,-239.393,710.661
PF10/0040/G019,NO,45.087834,7.766917,52.0,-533.051,988.509
PF12/0040/G019,NO,45.092596,7.764276,52.0,-0.804,788.728
PF13/0040/G019,NO,45.084365,7.760364,12.0,-910.575,466.917
PF01/0041/G019,NO,45.094079,7.767186,52.0,160.414,1020.246
PF02/0041/G019,NO,45.093054,7.77017,52.0,43.011,1253.359
PF03/0041/G019,NO,45.090034,7.767306,52.0,-289.068,1022.865
PF05/0041/G019,NO,45.090035,7.773853,52.0,-296.868,1538.076
PF06/0041/G019,NO,45.09116,7.777846,52.0,-176.582,1854.196
PF08/0041/G019,NO,45.090499,7.769944,52.0,-240.575,1231.262
PF09/0041/G019,NO,45.09315,7.776076,52.0,46.525,1718.229
PF01/0042/G019,NO,45.087288,7.769898,8.0,-597.22,1222.16
PF02/0042/G019,NO,45.086804,7.777337,52.0,-659.856,1806.831
PF03/0042/G019,NO,45.08258,7.774048,52.0,-1125.28,1540.881
PF04/0042/G019,NO,45.087158,7.772325,52.0,-614.6,1412.98
PF05/0042/G019,NO,45.082786,7.767512,52.0,-1094.558,1026.76
PF07/0042/G019,NO,45.084031,7.769514,52.0,-958.608,1186.426
PF01/0043/G019,NO,45.08298,7.780573,52.0,-1088.551,2055.058
PF03/0043/G019,NO,45.090432,7.786441,52.0,-267.614,2529.285
PF05/0043/G019,NO,45.084052,7.784925,52.0,-974.662,2399.379
PF06/0043/G019,NO,45.087448,7.783489,52.0,-595.666,2292.038
PF07/0043/G019,NO,45.092521,7.787126,52.0,-36.368,2586.692
PF08/0043/G019,NO,45.092289,7.783571,52.0,-57.997,2306.548
PF03/0044/G019,NO,45.093703,7.792357,52.0,88.777,3000.312
PF01/0045/G019,NO,45.08204,7.792319,52.0,-1206.86,2977.979
PF02/0045/G019,NO,45.0865,7.791471,52.0,-710.347,2918.587
PF01/0046/G019,NO,45.089388,7.806353,52.0,-406.924,4094.519
PF02/0046/G019,NO,45.090207,7.800327,52.0,-308.988,3621.634
PF03/0046/G019,NO,45.086456,7.806185,52.0,-732.441,4076.472
PF04/0046/G019,NO,45.092209,7.799791,52.0,-85.929,3582.758
PF01/0047/G019,NO,45.080886,7.805596,10.0,-1350.6,4021.0
PF02/0047/G019,NO,45.077838,7.804335,52.0,-1687.766,3916.787
PF01/0048/G019,NO,45.085752,7.81829,8.0,-824.72,5027.96
PF02/0048/G019,NO,45.090881,7.817504,52.0,-254.032,4974.444
PF03/0048/G019,NO,45.092343,7.814342,10.0,-87.9,4728.0
PF05/0048/G019,NO,45.089014,7.812933,52.0,-456.105,4611.707
PF06/0048/G019,NO,45.092681,7.817602,52.0,-54.151,4985.094
PF01/0049/G019,NO,45.080545,7.811452,52.0,-1395.272,4481.345
PF02/0049/G019,NO,45.085711,7.811961,52.0,-821.927,4529.83
PF03/0049/G019,NO,45.08521,7.815292,52.0,-881.465,4791.203
PF04/0049/G019,NO,45.085365,7.821008,52.0,-870.79,5241.307
PF05/0049/G019,NO,45.081894,7.816847,52.0,-1251.645,4908.199
PF02/0050/G019,NO,45.077191,7.714526,12.0,-1651.135,-3153.269
PF01/0052/G019,NO,45.073701,7.722008,52.0,-2048.243,-2570.467
PF02/0052/G019,NO,45.086384,7.732072,52.0,-651.695,-1756.193
PF03/0052/G019,NO,45.073789,7.718119,52.0,-2033.556,-2876.408
PF01/0053/G019,NO,45.076856,7.725026,52.0,-1701.416,-2327.391
PF03/0053/G019,NO,45.07391,7.73378,52.0,-2039.567,-1643.476
PF04/0053/G019,NO,45.078724,7.729945,52.0,-1500.081,-1936.938
PF02/0054/G019,NO,45.078864,7.744289,52.0,-1502.138,-807.66
PF03/0054/G019,NO,45.076925,7.746535,52.0,-1720.257,-634.244
PF04/0054/G019,NO,45.080717,7.739446,52.0,-1290.381,-1185.665
PF07/0054/G019,NO,45.07467,7.745523,52.0,-1969.547,-717.758
PF08/0054/G019,NO,45.07339,7.738441,52.0,-2103.076,-1277.438
PF09/0054/G019,NO,45.076443,7.740124,52.0,-1766.026,-1139.675
PF10/0054/G019,NO,45.076392,7.743253,52.0,-1775.501,-893.471
PF11/0054/G019,NO,45.079011,7.73906,52.0,-1479.342,-1219.011
PF12/0054/G019,NO,45.072088,7.742713,52.0,-2252.946,-943.462
PF01/0055/G019,NO,45.076344,7.758183,52.0,-1798.981,281.576
PF02/0055/G019,NO,45.075412,7.755709,52.0,-1899.547,85.269
PF03/0055/G019,NO,45.077965,7.755931,52.0,-1616.201,107.131
PF05/0055/G019,NO,45.082659,7.755448,52.0,-1094.073,77.072
PF07/0055/G019,NO,45.077534,7.75086,52.0,-1657.835,-292.811
PF08/0055/G019,NO,45.080528,7.756404,52.0,-1332.031,148.675
PF09/0055/G019,NO,45.079201,7.749467,52.0,-1470.963,-399.529
PF10/0055/G019,NO,45.081358,7.751483,52.0,-1233.847,-237.176
PF11/0055/G019,NO,45.07885,7.753733,52.0,-1515.181,-64.375
PF01/0056/G019,NO,45.077432,7.761713,52.0,-1682.338,561.294
PF02/0056/G019,NO,45.102919,7.762505,52.0,1148.075,666.951
PF03/0056/G019,NO,45.081254,7.75986,52.0,-1255.469,421.947
PF04/0056/G019,NO,45.081358,7.765443,52.0,-1250.708,861.547
PF05/0056/G019,NO,45.083398,7.76262,52.0,-1020.636,642.841
PF06/0056/G019,NO,45.078936,7.759644,52.0,-1512.779,400.972
PF04/0057/G019,NO,45.074467,7.769039,52.0,-2020.579,1132.892
PF05/0057/G019,NO,45.078783,7.765301,52.0,-1536.572,845.959
PF06/0057/G019,NO,45.074937,7.772457,52.0,-1972.442,1402.722
PF07/0057/G019,NO,45.081682,7.770292,52.0,-1220.533,1243.742
PF08/0057/G019,NO,45.076323,7.769991,52.0,-1815.465,1210.96
PF09/0057/G019,NO,45.078677,7.769988,52.0,-1553.973,1214.722
PF01/0058/G019,NO,45.080668,7.776536,8.0,-1340.59,1733.49
PF02/0058/G019,NO,45.07858,7.776766,52.0,-1572.853,1748.028
PF03/0058/G019,NO,45.078831,7.772932,52.0,-1540.35,1446.689
PF04/0058/G019,NO,45.081143,7.773851,52.0,-1284.586,1522.926
PF05/0058/G019,NO,45.082014,7.778976,52.0,-1193.985,1927.772
PF06/0058/G019,NO,45.07717,7.774256,52.0,-1726.438,1548.143
PF09/0058/G019,NO,45.073065,7.772791,12.0,-2180.806,1425.897
PF10/0058/G019,NO,45.075882,7.775698,52.0,-1871.273,1659.447
PF03/0059/G019,NO,45.077521,7.784608,52.0,-1699.832,2363.477
PF04/0059/G019,NO,45.074774,7.780117,52.0,-1999.595,2005.448
PF05/0059/G019,NO,45.080362,7.780817,52.0,-1379.687,2069.893
PF01/0060/G019,NO,45.075516,7.798604,8.0,-1938.95,3461.85
PF03/0060/G019,NO,45.071085,7.798822,52.0,-2431.521,3471.674
PF05/0060/G019,NO,45.077014,7.794457,52.0,-1767.723,3137.92
PF06/0060/G019,NO,45.074105,7.791395,52.0,-2087.232,2892.077
PF07/0060/G019,NO,45.078507,7.789044,52.0,-1595.507,2714.343
PF08/0060/G019,NO,45.071525,7.794792,12.0,-2377.922,3155.166
PF02/0061/G019,NO,45.071264,7.808999,8.0,-2423.45,4273.13
PF03/0061/G019,NO,45.074445,7.801962,52.0,-2061.853,3724.422
PF04/0061/G019,NO,45.071776,7.803239,52.0,-2359.908,3820.528
PF01/0062/G019,NO,45.073045,7.80951,11.0,-2226.2,4316.24
PF02/0062/G019,NO,45.075357,7.808316,52.0,-1967.938,4226.061
PF01/0999/G019,NO,45.124803,7.703522,8.0,3651.96,-3934.56
PF02/0999/G019,NO,45.081965,7.701978,8.0,-1105.03,-4132.43
PF03/0999/G019,NO,45.061781,7.745641,8.0,-3401.57,-730.7
PF04/0999/G019,NO,45.121724,7.811903,8.0,3178.87,4584.1
PF05/0999/G019,NO,45.128807,7.787339,8.0,3994.38,2663.92
PF06/0999/G019,NO,45.114697,7.719905,8.0,2508.69,-2663.92
PF07/0999/G019,NO,45.064823,7.726017,8.0,-3039.42,-2270.45
PF08/0999/G019,NO,45.065248,7.757282,8.0,-3030.51,191.76
PF09/0999/G019,NO,45.043196,7.812655,8.0,-5545.77,4515.13
PF10/0999/G019,NO,45.07635,7.758198,52.0,-1798.28,282.808
PF11/0999/G019,NO,45.074355,7.760833,52.0,-2023.146,486.809
PF12/0999/G019,NO,45.074659,7.756431,52.0,-1983.969,140.802
PF13/0999/G019,NO,45.072581,7.729711,52.0,-2182.198,-1966.049
PF14/0999/G019,NO,45.06782,7.806381,52.0,-2802.988,4061.362
PF15/0999/G019,NO,45.105527,7.74002,52.0,1465.184,-1097.565
PF16/0999/G019,NO,45.112422,7.749141,52.0,2219.951,-368.108
PF25/0999/G019,NO,45.06905,7.794636,52.0,-2652.652,3138.775
PF26/0999/G019,NO,45.076085,7.753862,52.0,-1822.515,-58.994
PF27/0999/G019,NO,45.074991,7.751439,52.0,-1941.094,-251.569
PF28/0999/G019,NO,45.07322,7.76469,52.0,-2153.842,788.482
PF29/0999/G019,NO,45.116367,7.752629,52.0,2654.018,-86.989
PF30/0999/G019,NO,45.114002,7.752592,52.0,2391.325,-93.924
PF31/0999/G019,NO,45.119581,7.770541,52.0,2989.488,1327.335
PF32/0999/G019,NO,45.117266,7.755291,52.0,2750.632,123.901
PF33/0999/G019,NO,45.073229,7.764697,12.0,-2152.797,789.032
PF34/0999/G019,NO,45.074279,7.761166,12.0,-2031.954,512.872
PF03/0001/G020,NO,45.10422,7.752816,52.0,1304.273,-93.087
PF08/0001/G020,NO,45.100482,7.753674,12.0,888.0,-32.0
PF09/0001/G020,NO,45.101602,7.750567,52.0,1016.23,-274.526
PF10/0001/G020,NO,45.097701,7.751505,52.0,581.661,-207.411
PF01/0002/G020,NO,45.097366,7.744475,52.0,553.083,-761.175
PF02/0002/G020,NO,45.096059,7.749473,52.0,401.78,-370.114
PF03/0002/G020,NO,45.095111,7.746401,52.0,300.218,-613.503
PF04/0002/G020,NO,45.093104,7.749871,52.0,73.009,-343.904
PF08/0002/G020,NO,45.093455,7.746991,52.0,115.463,-569.895
PF09/0002/G020,NO,45.094483,7.750676,52.0,225.208,-278.213
PF11/0002/G020,NO,45.090978,7.751181,52.0,-164.737,-244.443
PF03/0003/G020,NO,45.097498,7.755521,52.0,554.281,108.207
PF04/0003/G020,NO,45.096701,7.759056,52.0,461.48,385.035
PF05/0003/G020,NO,45.094695,7.75774,52.0,240.26,278.061
PF06/0003/G020,NO,45.092552,7.75425,52.0,6.355,-0.252
PF08/0003/G020,NO,45.091466,7.761321,52.0,-122.778,554.337
PF10/0003/G020,NO,45.094749,7.760564,52.0,242.805,500.35
PF11/0003/G020,NO,45.094423,7.754507,52.0,213.949,23.143
PF12/0003/G020,NO,45.096247,7.752824,52.0,418.616,-106.12
PF13/0003/G020,NO,45.100268,7.753633,52.0,864.348,-35.588
PF14/0003/G020,NO,45.098738,7.758489,52.0,688.445,343.841
PF15/0003/G020,NO,45.091457,7.755887,52.0,-117.214,126.701
PF01/0004/G020,NO,45.089461,7.75536,52.0,-338.301,81.772
PF01/0005/G020,NO,45.08873,7.749755,52.0,-412.79,-360.568
PF02/0005/G020,NO,45.085822,7.751126,52.0,-737.509,-257.617
PF03/0005/G020,NO,45.086159,7.748749,52.0,-697.144,-444.105
PF07/0005/G020,NO,45.083779,7.748771,52.0,-961.524,-446.47
PF10/0005/G020,NO,45.083844,7.7516,52.0,-957.838,-223.724
PF11/0005/G020,NO,45.084614,7.746035,52.0,-865.438,-660.401
PF12/0005/G020,NO,45.08215,7.753669,12.0,-1148.466,-63.772
PF02/0006/G020,NO,45.086758,7.756349,52.0,-639.827,155.025
PF03/0006/G020,NO,45.084362,7.758078,8.0,-908.12,286.98
PF04/0006/G020,NO,45.08416,7.755027,52.0,-926.846,46.55
PF05/0006/G020,NO,45.081994,7.756827,52.0,-1169.636,184.468
PF06/0006/G020,NO,45.079485,7.756053,52.0,-1447.422,119.308
PF08/0006/G020,NO,45.08578,7.754772,52.0,-746.538,29.271
PF09/0006/G020,NO,45.088109,7.753847,52.0,-486.711,-39.581
PF01/0007/G020,NO,45.087922,7.757069,52.0,-511.438,213.632
PF02/0007/G020,NO,45.087569,7.762712,52.0,-557.454,657.17
PF03/0007/G020,NO,45.085563,7.759027,52.0,-775.824,363.752
PF04/0007/G020,NO,45.085186,7.762569,52.0,-821.942,641.871
PF05/0007/G020,NO,45.083316,7.759699,52.0,-1026.264,412.77
PF06/0007/G020,NO,45.082409,7.763284,52.0,-1131.316,693.391
PF07/0007/G020,NO,45.088551,7.759253,52.0,-444.18,386.633
PF08/0007/G020,NO,45.085571,7.75895,52.0,-774.835,357.712
PF01/0008/G020,NO,45.081229,7.748543,52.0,-1244.595,-468.777
PF07/0008/G020,NO,45.074113,7.745508,10.0,-2031.4,-719.9
PF08/0008/G020,NO,45.079342,7.747533,52.0,-1452.955,-551.53
PF09/0008/G020,NO,45.078075,7.745272,52.0,-1590.988,-731.707
PF10/0008/G020,NO,45.07651,7.749092,52.0,-1769.514,-433.678
PF11/0008/G020,NO,45.074791,7.742185,12.0,-1952.014,-980.321
PF12/0008/G020,NO,45.079939,7.744987,52.0,-1383.588,-750.921
PF03/0009/G020,NO,45.079157,7.753275,52.0,-1480.543,-99.906
PF04/0009/G020,NO,45.074601,7.75069,52.0,-1983.473,-311.184
PF07/0009/G020,NO,45.079932,7.750442,52.0,-1390.933,-321.571
PF08/0009/G020,NO,45.073808,7.759865,52.0,-2082.76,409.657
PF09/0009/G020,NO,45.077424,7.756117,52.0,-1676.506,120.817
PF01/0010/G020,NO,45.080653,7.762845,52.0,-1325.859,655.845
PF02/0010/G020,NO,45.080075,7.758693,52.0,-1385.132,328.062
PF04/0010/G020,NO,45.077572,7.762946,52.0,-1668.259,658.583
PF08/0010/G020,NO,45.079337,7.761506,52.0,-1470.443,548.259
PF09/0010/G020,NO,45.081529,7.760336,52.0,-1225.528,459.916
PF10/0010/G020,NO,45.076987,7.759381,12.0,-1729.0,377.0
PF11/0010/G020,NO,45.077628,7.76828,12.0,-1668.5,1078.5
PF01/0012/G020,NO,45.067991,7.768806,52.0,-2739.687,1103.649
PF02/0012/G020,NO,45.071264,7.765223,52.0,-2371.765,827.087
PF03/0012/G020,NO,45.067173,7.764751,52.0,-2825.702,782.985
PF14/0999/G020,NO,45.088885,7.772829,8.0,-423.37,1455.54
PF22/0999/G020,NO,45.090534,7.747388,52.0,-209.495,-543.708
PF23/0999/G020,NO,45.087723,7.745719,52.0,-519.654,-679.874
PF24/0999/G020,NO,45.090532,7.747394,52.0,-209.723,-543.208
PF25/0999/G020,NO,45.088794,7.769214,52.0,-429.103,1170.942
PF26/0999/G020,NO,45.082378,7.741591,52.0,-1108.404,-1013.985
PF27/0999/G020,NO,45.102813,7.755096,52.0,1145.271,83.875
PF28/0999/G020,NO,45.101722,7.75945,52.0,1018.803,424.561
PF30/0999/G020,NO,45.083293,7.743738,52.0,-1009.409,-843.441
PF31/0999/G020,NO,45.069888,7.755453,52.0,-2512.843,55.633
PF33/0999/G020,NO,45.067583,7.750837,52.0,-2763.268,-311.7
PF34/0999/G020,NO,45.065796,7.759772,52.0,-2972.607,388.658
PF35/0999/G020,NO,45.078952,7.765409,52.0,-1517.887,854.749
PF36/0999/G020,NO,45.093699,7.767474,52.0,117.884,1042.278
PF37/0999/G020,NO,45.092347,7.743392,52.0,-3.181,-855.022
PF38/0999/G020,NO,45.095881,7.76311,52.0,365.45,702.581
PF39/0999/G020,NO,45.097722,7.761994,52.0,571.309,617.88
PF40/0999/G020,NO,45.10087,7.762238,52.0,920.783,642.437
PF41/0999/G020,NO,45.086399,7.764432,12.0,-689.42,790.522
PF42/0999/G020,NO,45.084179,7.765293,12.0,-937.156,854.493
PF01/0004/G134,NO,45.446446,7.944621,52.0,39108.931,15494.673
PF02/0004/G134,NO,45.441217,7.9485,52.0,38524.017,15790.426
PF03/0004/G134,NO,45.439749,7.947914,52.0,38361.558,15742.478
PF04/0004/G134,NO,45.442408,7.945885,8.0,38659.04,15587.66
PF05/0004/G134,NO,45.44429,7.945001,52.0,38868.985,15521.233
PF06/0004/G134,NO,45.443301,7.948149,52.0,38755.848,15766.004
PF01/0005/G134,NO,45.450047,7.944898,8.0,39508.7,15521.63
PF02/0005/G134,NO,45.442417,7.952546,52.0,38653.248,16108.6
PF04/0005/G134,NO,45.449163,7.947476,52.0,39407.815,15721.94
PF05/0005/G134,NO,45.44725,7.947521,52.0,39195.242,15722.672
PF06/0005/G134,NO,45.444973,7.94987,52.0,38939.891,15903.059
PF07/0005/G134,NO,45.447078,7.950704,52.0,39172.884,15971.303
PF08/0005/G134,NO,45.440857,7.950484,52.0,38482.015,15945.101
PF09/0005/G134,NO,45.444872,7.953575,52.0,38924.888,16192.653
PF10/0005/G134,NO,45.448463,7.943849,52.0,39333.743,15437.237
PF11/0005/G134,NO,45.44353,7.950816,52.0,38778.624,15974.956
PF13/0005/G134,NO,45.439138,7.950592,52.0,38290.913,15951.03
PF14/0005/G134,NO,45.439402,7.953542,12.0,38317.208,16182.173
PF01/0006/G134,NO,45.440914,7.956504,8.0,38482.2,16416.0
PF06/0006/G134,NO,45.444357,7.960676,52.0,38860.496,16747.213
PF07/0006/G134,NO,45.446656,7.960922,62.0,39115.65,16769.786
PF11/0006/G134,NO,45.436346,7.961879,52.0,37969.242,16829.826
PF13/0006/G134,NO,45.440414,7.96184,52.0,38421.279,16832.613
PF14/0006/G134,NO,45.438955,7.963943,52.0,38257.07,16995.027
PF17/0006/G134,NO,45.434137,7.959833,52.0,37725.887,16666.63
PF18/0006/G134,NO,45.442406,7.964186,52.0,38640.12,17018.904
PF19/0006/G134,NO,45.438975,7.959539,52.0,38263.68,16650.579
PF20/0006/G134,NO,45.443102,7.958937,52.0,38722.752,16609.426
PF22/0006/G134,NO,45.445298,7.963937,52.0,38961.666,17003.632
PF23/0006/G134,NO,45.433297,7.963581,52.0,37628.848,16958.546
PF24/0006/G134,NO,45.436566,7.958339,12.0,37997.276,16553.249
PF25/0006/G134,NO,45.441322,7.966763,12.0,38517.17,17218.96
PF01/0007/G134,NO,45.423824,7.966811,52.0,36573.073,17197.704
PF02/0007/G134,NO,45.424571,7.969653,8.0,36653.28,17421.11
PF03/0007/G134,NO,45.431158,7.962504,8.0,37392.2,16871.26
PF04/0007/G134,NO,45.422036,7.967658,52.0,36373.568,17261.389
PF05/0007/G134,NO,45.429325,7.964186,52.0,37186.953,17000.235
PF07/0007/G134,NO,45.422624,7.970019,52.0,36436.585,17446.995
PF08/0007/G134,NO,45.42008,7.969868,52.0,36154.141,17431.543
PF09/0007/G134,NO,45.42615,7.968592,52.0,36829.787,17340.322
PF10/0007/G134,NO,45.427128,7.965774,52.0,36941.17,17121.3
PF11/0007/G134,NO,45.421303,7.972771,52.0,36287.074,17660.362
PF01/0008/G134,NO,45.415306,7.972399,8.0,35621.17,17622.77
PF02/0008/G134,NO,45.417739,7.966531,8.0,35897.42,17167.08
PF03/0008/G134,NO,45.415105,7.97715,52.0,35594.124,17994.254
PF06/0008/G134,NO,45.41791,7.967527,52.0,35915.408,17245.272
PF07/0008/G134,NO,45.420244,7.972332,52.0,36169.82,17624.528
PF01/0011/G349,NO,45.101614,7.742057,8.0,1027.99,-944.09
PF02/0011/G349,NO,45.101103,7.751751,52.0,959.308,-182.268
PF03/0011/G349,NO,45.104363,7.749144,52.0,1324.723,-381.74
PF04/0011/G349,NO,45.100051,7.746974,52.0,848.241,-559.898
PF06/0011/G349,NO,45.103283,7.745761,52.0,1208.803,-649.768
PF07/0011/G349,NO,45.102363,7.748846,52.0,1102.862,-408.657
PF08/0011/G349,NO,45.103142,7.752256,52.0,1185.202,-139.031
PF01/0013/G349,NO,45.107374,7.760467,8.0,1645.48,514.24
PF02/0013/G349,NO,45.107183,7.757218,52.0,1628.103,258.255
PF04/0014/G349,NO,45.098814,7.751815,52.0,705.026,-181.159
PF05/0014/G349,NO,45.101208,7.755713,52.0,966.235,129.65
PF01/0015/G349,NO,45.096063,7.749617,52.0,402.073,-358.785
PF02/0015/G349,NO,45.094889,7.749485,52.0,271.798,-371.194
PF04/0015/G349,NO,45.093433,7.748511,52.0,111.193,-450.373
PF05/0015/G349,NO,45.094481,7.746368,52.0,230.25,-617.175
PF07/0015/G349,NO,45.092737,7.750586,52.0,31.369,-288.253
PF08/0015/G349,NO,45.093204,7.757616,52.0,74.781,265.746
PF09/0015/G349,NO,45.097093,7.746003,52.0,520.847,-641.404
PF11/0015/G349,NO,45.096037,7.75684,52.0,390.426,209.509
PF12/0015/G349,NO,45.094369,7.760889,52.0,200.207,525.233
PF14/0015/G349,NO,45.097236,7.754342,52.0,526.626,15.019
PF15/0015/G349,NO,45.096093,7.751261,52.0,403.344,-229.367
PF16/0015/G349,NO,45.094605,7.743918,52.0,247.051,-809.714
PF17/0015/G349,NO,45.094643,7.75356,52.0,239.541,-50.978
PF01/0017/G349,NO,45.092495,7.754254,8.0,0.0,0.0
PF01/0018/G349,NO,45.086195,7.745273,8.0,-688.92,-717.63
PF03/0018/G349,NO,45.087715,7.744513,52.0,-519.127,-774.806
PF06/0018/G349,NO,45.085208,7.742896,52.0,-795.7,-906.419
PF07/0018/G349,NO,45.089568,7.743104,52.0,-311.497,-882.513
PF08/0018/G349,NO,45.09082,7.746024,52.0,-176.081,-650.536
PF09/0018/G349,NO,45.093279,7.74361,52.0,100.097,-836.248
PF01/0019/G349,NO,45.087659,7.752493,52.0,-535.051,-146.929
PF03/0019/G349,NO,45.084972,7.75025,52.0,-830.862,-328.05
PF04/0019/G349,NO,45.086879,7.747255,52.0,-615.293,-560.447
PF05/0019/G349,NO,45.090925,7.749116,52.0,-168.166,-407.079
PF06/0019/G349,NO,45.084329,7.747353,52.0,-898.706,-557.122
PF07/0019/G349,NO,45.088607,7.746677,52.0,-422.723,-602.975
PF08/0019/G349,NO,45.090355,7.753063,52.0,-236.254,-97.385
PF01/0020/G349,NO,45.089609,7.757062,52.0,-324.027,215.955
PF02/0020/G349,NO,45.088666,7.754236,52.0,-425.314,-8.042
PF03/0020/G349,NO,45.087064,7.757644,52.0,-607.432,257.49
PF04/0020/G349,NO,45.086089,7.755434,52.0,-713.05,81.875
PF05/0020/G349,NO,45.09152,7.759511,52.0,-114.684,411.999
PF07/0020/G349,NO,45.091419,7.755356,52.0,-120.877,84.864
PF08/0020/G349,NO,45.084708,7.756923,52.0,-868.318,196.672
PF01/0021/G349,NO,45.121361,7.744277,52.0,3218.965,-735.301
PF02/0021/G349,NO,45.119772,7.738802,52.0,3049.076,-1168.649
PF03/0021/G349,NO,45.117388,7.739792,52.0,2783.123,-1094.944
PF04/0021/G349,NO,45.119555,7.742411,52.0,3020.599,-885.195
PF05/0021/G349,NO,45.120243,7.749919,52.0,3087.842,-293.458
PF07/0021/G349,NO,45.119826,7.746022,52.0,3046.33,-600.753
PF01/0022/G349,NO,45.075672,7.742165,52.0,-1854.1,-980.399
PF03/0022/G349,NO,45.076152,7.747309,52.0,-1807.056,-574.671
PF04/0022/G349,NO,45.074001,7.747959,52.0,-2046.799,-527.231
PF02/0023/G349,NO,45.116555,7.747148,52.0,2681.585,-517.82
PF03/0024/G349,NO,45.113625,7.730502,52.0,2376.474,-1832.183
PF04/0024/G349,NO,45.111087,7.735037,52.0,2088.874,-1479.909
PF05/0024/G349,NO,45.113984,7.73305,52.0,2413.241,-1631.158
PF06/0024/G349,NO,45.116519,7.735614,52.0,2691.71,-1425.089
PF07/0024/G349,NO,45.109577,7.730915,52.0,1926.232,-1806.807
PF08/0024/G349,NO,45.111317,7.730748,52.0,2119.799,-1816.888
PF01/0998/G349,NO,45.114489,7.737024,52.0,2464.391,-1317.716
PF02/0998/G349,NO,45.115532,7.731957,52.0,2586.499,-1714.423
PF03/0998/G349,NO,45.107465,7.730364,52.0,1692.332,-1853.837
PF04/0998/G349,NO,45.110573,7.72659,52.0,2042.201,-2145.305
PF05/0998/G349,NO,45.121174,7.734938,52.0,3209.674,-1470.127
PF06/0998/G349,NO,45.12403,7.737706,52.0,3523.508,-1247.499
PF07/0998/G349,NO,45.108616,7.727458,52.0,1823.767,-2080.389
PF08/0998/G349,NO,45.123185,7.742172,52.0,3424.172,-897.755
PF09/0998/G349,NO,45.123774,7.745106,52.0,3485.987,-665.957
PF10/0998/G349,NO,45.108457,7.733867,52.0,1798.221,-1576.489
PF11/0998/G349,NO,45.124875,7.750286,12.0,3601.969,-256.634
PF12/0998/G349,NO,45.112782,7.742659,12.0,2267.903,-877.393
PF13/0998/G349,NO,45.115567,7.742054,12.0,2578.038,-920.175
PF01/0999/G349,NO,45.097753,7.72476,8.0,620.38,-2311.7
PF02/0999/G349,NO,45.120685,7.766536,8.0,3116.92,1014.25
PF07/0999/G349,NO,45.096231,7.768114,8.0,398.31,1096.92
PF17/0999/G349,NO,45.107502,7.730258,52.0,1696.533,-1862.111
PF18/0999/G349,NO,45.088414,7.759887,52.0,-460.102,436.243
PF19/0999/G349,NO,45.088518,7.76013,52.0,-448.861,455.572
PF20/0999/G349,NO,45.097171,7.760801,52.0,511.615,523.135
PF21/0999/G349,NO,45.091398,7.738093,52.0,-102.147,-1273.637
PF22/0999/G349,NO,45.092588,7.763431,52.0,-0.718,722.264
PF23/0999/G349,NO,45.082577,7.749404,52.0,-1095.852,-398.755
PF24/0999/G349,NO,45.089909,7.76264,52.0,-297.367,655.45
PF25/0999/G349,NO,45.078613,7.74488,52.0,-1530.767,-761.628
PF26/0999/G349,NO,45.074067,7.748135,52.0,-2039.684,-513.193
PF27/0999/G349,NO,45.101078,7.758313,52.0,948.636,333.982
PF28/0999/G349,NO,45.07519,7.738169,52.0,-1902.789,-1295.722
PF29/0999/G349,NO,45.077702,7.740774,52.0,-1626.89,-1086.371
PF30/0999/G349,NO,45.105557,7.752436,52.0,1453.309,-120.695
PF31/0999/G349,NO,45.083679,7.759072,52.0,-985.162,364.086
PF32/0999/G349,NO,45.085724,7.760073,52.0,-759.223,446.287
PF33/0999/G349,NO,45.096104,7.74145,52.0,416.529,-1001.334
PF34/0999/G349,NO,45.083682,7.759075,12.0,-984.863,364.288
PF35/0999/G349,NO,45.082649,7.749556,12.0,-1088.013,-386.606
PF36/0999/G349,NO,45.091028,7.74152,12.0,-147.423,-1004.63
PF37/0999/G349,NO,45.08066,7.747545,12.0,-1306.596,-548.32
PF38/0999/G349,NO,45.077667,7.752297,12.0,-1644.796,-179.452
PF39/0999/G349,NO,45.081358,7.755053,12.0,-1238.179,43.793
PF01/0001/G421,NO,45.447215,7.924802,52.0,39214.89,13945.949
PF02/0001/G421,NO,45.445737,7.921954,52.0,39053.651,13721.006
PF05/0001/G421,NO,45.446071,7.91704,52.0,39095.999,13337.28
PF07/0001/G421,NO,45.445103,7.919586,52.0,38985.721,13534.931
PF08/0001/G421,NO,45.448977,7.925964,52.0,39409.408,14039.426
PF10/0001/G421,NO,45.448137,7.922724,52.0,39319.551,13784.789
PF12/0001/G421,NO,45.452227,7.918274,52.0,39778.55,13442.919
PF13/0001/G421,NO,45.450237,7.91586,52.0,39560.067,13251.215
PF14/0001/G421,NO,45.452664,7.922408,52.0,39822.816,13766.871
PF15/0001/G421,NO,45.448555,7.921611,52.0,39367.146,13698.442
PF16/0001/G421,NO,45.450029,7.923971,52.0,39528.439,13885.171
PF18/0001/G421,NO,45.445228,7.913626,52.0,39005.91,13069.007
PF19/0001/G421,NO,45.446704,7.91492,12.0,39168.515,13172.428
PF20/0001/G421,NO,45.450293,7.920741,52.0,39561.136,13632.988
PF22/0001/G421,NO,45.443966,7.922097,52.0,38856.82,13729.588
PF23/0001/G421,NO,45.448883,7.918389,12.0,39406.95,13446.95
PF24/0001/G421,NO,45.447097,7.918758,12.0,39208.15,13473.15
PF01/0002/G421,NO,45.444415,7.909389,52.0,38920.067,12736.417
PF02/0002/G421,NO,45.443608,7.910305,52.0,38829.485,12806.86
PF01/0003/G421,NO,45.445606,7.925244,9.0,39035.63,13978.13
PF03/0003/G421,NO,45.444562,7.927413,52.0,38917.462,14146.193
PF04/0003/G421,NO,45.443138,7.925169,52.0,38761.551,13968.566
PF06/0003/G421,NO,45.445684,7.929004,52.0,39040.434,14272.256
PF01/0004/G421,NO,45.437798,7.92308,8.0,38170.47,13797.25
PF02/0004/G421,NO,45.439684,7.919429,52.0,38383.887,13514.524
PF03/0004/G421,NO,45.437662,7.916861,52.0,38161.936,13310.623
PF05/0004/G421,NO,45.434146,7.920912,52.0,37766.999,13622.288
PF06/0004/G421,NO,45.435468,7.923549,52.0,37911.106,13830.523
PF07/0004/G421,NO,45.440341,7.923363,52.0,38452.667,13823.227
PF08/0004/G421,NO,45.442694,7.916311,52.0,38721.518,13275.188
PF10/0004/G421,NO,45.431512,7.91973,52.0,37475.617,13525.894
PF11/0004/G421,NO,45.429887,7.922458,52.0,37292.236,13736.841
PF12/0004/G421,NO,45.42935,7.917587,52.0,37237.729,13355.0
PF13/0004/G421,NO,45.441908,7.920042,52.0,38630.276,13565.831
PF14/0004/G421,NO,45.433283,7.918951,52.0,37673.186,13467.567
PF15/0004/G421,NO,45.432404,7.922549,52.0,37571.814,13747.697
PF18/0004/G421,NO,45.435299,7.918221,52.0,37897.941,13413.517
PF20/0004/G421,NO,45.439874,7.916906,52.0,38407.577,13317.47
PF21/0004/G421,NO,45.432154,7.927509,12.0,37538.815,14135.294
PF01/0006/G421,NO,45.473167,7.91685,52.0,42106.427,13362.988
PF04/0006/G421,NO,45.470885,7.921406,8.0,41848.1,13715.68
PF05/0006/G421,NO,45.469958,7.919529,52.0,41747.16,13567.586
PF07/0006/G421,NO,45.480954,7.924602,52.0,42963.446,13980.515
PF08/0006/G421,NO,45.478512,7.919618,12.0,42697.326,13587.31
PF09/0006/G421,NO,45.471999,7.921864,52.0,41971.413,13753.163
PF10/0006/G421,NO,45.476119,7.917174,52.0,42434.106,13392.729
PF11/0006/G421,NO,45.477954,7.917104,12.0,42638.0,13390.0
PF12/0006/G421,NO,45.472941,7.91891,52.0,42079.18,13523.685
PF13/0006/G421,NO,45.474261,7.917822,52.0,42226.934,13440.611
PF14/0006/G421,NO,45.471189,7.915471,52.0,41888.142,13252.221
PF15/0006/G421,NO,45.471312,7.917669,52.0,41899.566,13424.182
PF16/0006/G421,NO,45.483145,7.921176,12.0,43210.5,13716.0
PF01/0007/G421,NO,45.467982,7.922477,52.0,41524.465,13795.109
PF02/0007/G421,NO,45.452305,7.92533,52.0,39779.796,13994.835
PF03/0007/G421,NO,45.457434,7.92675,8.0,40348.14,14113.49
PF05/0007/G421,NO,45.454918,7.926233,52.0,40069.178,14069.317
PF06/0007/G421,NO,45.466158,7.916778,10.0,41327.8,13346.8
PF01/0999/G421,NO,45.471192,7.915495,52.0,41888.46,13254.088
PF02/0999/G421,NO,45.446706,7.914247,52.0,39169.411,13119.811
PF03/0999/G421,NO,45.302575,8.401385,52.0,22757.729,51095.728
PF05/0001/G520,NO,45.47944,7.940712,52.0,42778.558,15237.366
PF06/0001/G520,NO,45.478858,7.945573,52.0,42708.844,15616.441
PF07/0001/G520,NO,45.476742,7.942367,52.0,42477.057,15362.741
PF09/0001/G520,NO,45.49149,7.945212,52.0,44112.592,15606.649
PF10/0001/G520,NO,45.484451,7.942409,52.0,43333.512,15377.262
PF11/0001/G520,NO,45.476601,7.937281,52.0,42466.651,14965.024
PF12/0001/G520,NO,45.486836,7.943596,12.0,43597.218,15473.553
PF13/0001/G520,NO,45.482101,7.939582,12.0,43075.299,15152.893
PF01/0002/G520,NO,45.474321,7.937103,52.0,42213.499,14947.771
PF02/0002/G520,NO,45.473633,7.940749,8.0,42133.37,15231.75
PF03/0002/G520,NO,45.471098,7.938815,52.0,41853.665,15076.803
PF05/0002/G520,NO,45.470731,7.944924,52.0,41806.608,15553.859
PF06/0002/G520,NO,45.469108,7.941583,52.0,41629.713,15290.295
PF07/0002/G520,NO,45.468498,7.94462,52.0,41558.871,15526.831
PF09/0002/G520,NO,45.466148,7.942094,52.0,41300.405,15325.932
PF10/0002/G520,NO,45.465941,7.946362,52.0,41272.992,15659.274
PF11/0002/G520,NO,45.463924,7.945661,52.0,41049.608,15601.467
PF12/0002/G520,NO,45.474781,7.949664,3.0,42251.66,15930.24
PF15/0002/G520,NO,45.464683,7.943812,52.0,41135.806,15458.078
PF16/0002/G520,NO,45.471969,7.947394,52.0,41941.596,15748.668
PF17/0002/G520,NO,45.469189,7.947876,52.0,41632.255,15782.33
PF18/0002/G520,NO,45.468231,7.940353,52.0,41533.589,15192.879
PF19/0002/G520,NO,45.474976,7.942549,52.0,42280.658,15374.367
PF20/0002/G520,NO,45.472679,7.944366,52.0,42023.568,15513.031
PF21/0002/G520,NO,45.471858,7.941749,52.0,41935.118,15307.308
PF01/0003/G520,NO,45.475836,7.952112,52.0,42366.48,16123.087
PF03/0003/G520,NO,45.473806,7.954885,52.0,42138.034,16336.896
PF04/0003/G520,NO,45.472118,7.95864,52.0,41946.703,16627.987
PF06/0003/G520,NO,45.471142,7.953733,52.0,41843.256,16243.033
PF07/0003/G520,NO,45.469369,7.95146,52.0,41648.58,16062.761
PF08/0003/G520,NO,45.468401,7.955645,52.0,41536.845,16388.469
PF09/0003/G520,NO,45.470897,7.960597,52.0,41809.12,16779.221
PF10/0003/G520,NO,45.46995,7.957793,52.0,41706.76,16558.624
PF11/0003/G520,NO,45.474784,7.957653,52.0,42243.918,16554.687
PF12/0003/G520,NO,45.473813,7.95087,52.0,42142.919,16023.049
PF13/0003/G520,NO,45.476128,7.954846,52.0,42396.065,16337.245
PF14/0003/G520,NO,45.471146,7.951256,52.0,41846.235,16049.384
PF15/0003/G520,NO,45.470545,7.961064,52.0,41769.509,16815.185
PF01/0004/G520,NO,45.467241,7.950074,52.0,41413.58,15951.35
PF02/0004/G520,NO,45.467189,7.956135,8.0,41401.64,16425.08
PF03/0004/G520,NO,45.466543,7.952729,52.0,41333.359,16157.85
PF04/0004/G520,NO,45.465339,7.950951,52.0,41201.448,16017.104
PF05/0004/G520,NO,45.464883,7.954748,52.0,41146.877,16313.276
PF08/0004/G520,NO,45.461286,7.952108,52.0,40749.935,16101.725
PF10/0004/G520,NO,45.468532,7.960628,52.0,41546.308,16778.193
PF12/0004/G520,NO,45.463336,7.953924,52.0,40975.795,16246.646
PF13/0004/G520,NO,45.463764,7.961321,12.0,41015.85,16825.55
PF14/0004/G520,NO,45.465962,7.958396,10.0,41263.0,16600.0
PF01/0005/G520,NO,45.460659,7.948134,8.0,40684.4,15790.11
PF03/0005/G520,NO,45.46135,7.943822,52.0,40765.534,15454.015
PF04/0005/G520,NO,45.459319,7.944619,52.0,40539.054,15513.349
PF05/0005/G520,NO,45.457408,7.947025,52.0,40324.306,15698.669
PF06/0005/G520,NO,45.458872,7.950456,52.0,40483.472,15969.065
PF09/0005/G520,NO,45.462969,7.94734,62.0,40941.848,15731.34
PF10/0005/G520,NO,45.455898,7.951912,52.0,40151.564,16078.551
PF01/0001/G703,NO,45.444099,8.03899,10.0,38755.637,22871.455
PF01/0006/G703,NO,45.432038,8.050228,8.0,37405.16,23734.48
PF03/0006/G703,NO,45.433115,8.046034,52.0,37528.774,23407.831
PF04/0006/G703,NO,45.434834,8.048671,52.0,37717.262,23616.338
PF07/0006/G703,NO,45.435448,8.044449,52.0,37789.401,23286.952
PF09/0006/G703,NO,45.442751,8.050807,52.0,38594.824,23793.839
PF10/0006/G703,NO,45.434464,8.042658,52.0,37681.741,23145.539
PF11/0006/G703,NO,45.437331,8.044842,52.0,37998.223,23320.14
PF12/0006/G703,NO,45.44198,8.045643,52.0,38514.005,23388.912
PF13/0006/G703,NO,45.430791,8.043631,52.0,37272.752,23216.776
PF14/0006/G703,NO,45.440227,8.044738,52.0,38320.098,23315.849
PF15/0006/G703,NO,45.432793,8.042563,52.0,37496.198,23135.915
PF16/0006/G703,NO,45.440692,8.049977,52.0,38366.835,23726.243
PF17/0006/G703,NO,45.43824,8.04825,52.0,38096.101,23587.888
PF01/0007/G703,NO,45.438981,8.050747,8.0,38176.1,23784.16
PF02/0008/G703,NO,45.440764,8.056203,52.0,38369.131,24213.238
PF04/0008/G703,NO,45.438123,8.055362,52.0,38076.44,24143.984
PF05/0008/G703,NO,45.436485,8.052299,52.0,37897.376,23902.291
PF06/0008/G703,NO,45.434092,8.057794,52.0,37626.448,24329.004
PF07/0008/G703,NO,45.441435,8.052928,52.0,38446.671,23957.969
PF01/0999/G703,NO,45.428672,8.04056,8.0,37040.27,22973.77
PF02/0999/G703,NO,45.437613,8.037473,8.0,38036.4,22744.17
PF03/0999/G703,NO,45.448536,8.056543,8.0,39232.26,24249.98
PF04/0999/G703,NO,45.445327,8.058255,8.0,38874.15,24379.64
PF01/0001/G775,NO,45.408964,7.907153,52.0,34983.915,12508.026
PF02/0002/G775,NO,45.410115,7.927227,52.0,35090.63,14080.559
PF03/0002/G775,NO,45.410651,7.914567,52.0,35163.433,13090.729
PF04/0002/G775,NO,45.407233,7.910191,52.0,34788.412,12743.168
PF05/0002/G775,NO,45.408136,7.91799,52.0,34880.48,13354.81
PF06/0002/G775,NO,45.408676,7.922749,12.0,34935.5,13728.0
PF01/0003/G775,NO,45.411208,7.931958,52.0,35207.116,14452.403
PF02/0003/G775,NO,45.407095,7.934575,52.0,34747.512,14651.136
PF03/0003/G775,NO,45.404991,7.93743,52.0,34510.757,14871.459
PF04/0003/G775,NO,45.403872,7.932693,52.0,34391.416,14499.112
PF07/0003/G775,NO,45.409159,7.934375,52.0,34977.005,14638.501
PF01/0005/G775,NO,45.40474,7.908074,8.0,34513.65,12573.69
PF02/0005/G775,NO,45.400507,7.92183,52.0,34028.889,13643.967
PF03/0005/G775,NO,45.400407,7.91812,52.0,34021.679,13353.412
PF04/0005/G775,NO,45.406999,7.924293,52.0,34747.573,13846.381
PF05/0005/G775,NO,45.407407,7.928165,52.0,34788.859,14150.003
PF06/0005/G775,NO,45.403232,7.921536,52.0,34331.951,13625.037
PF07/0005/G775,NO,45.405512,7.914159,52.0,34592.939,13051.092
PF10/0005/G775,NO,45.405324,7.922885,52.0,34562.93,13733.69
PF11/0005/G775,NO,45.407068,7.921576,52.0,34758.056,13633.833
PF12/0005/G775,NO,45.404973,7.920157,52.0,34526.815,13519.715
PF01/0006/G775,NO,45.400938,7.924147,52.0,34074.268,13825.934
PF03/0006/G775,NO,45.401993,7.92732,8.0,34188.19,14075.83
PF04/0006/G775,NO,45.402432,7.924888,52.0,34239.554,13886.135
PF05/0006/G775,NO,45.404724,7.925209,52.0,34493.781,13914.635
PF06/0006/G775,NO,45.096476,8.184246,140.0,11.03,33840.417
PF02/0007/G775,NO,45.397194,7.921517,52.0,33661.168,13614.554
PF04/0007/G775,NO,45.396844,7.924589,52.0,33619.03,13854.48
PF05/0007/G775,NO,45.394744,7.923006,52.0,33387.337,13727.402
PF07/0007/G775,NO,45.392365,7.92365,52.0,33122.433,13774.28
PF09/0007/G775,NO,45.39405,7.908105,10.0,33326.0,12560.0
PF10/0007/G775,NO,45.394712,7.912397,10.0,33395.0,12897.0
PF11/0007/G775,NO,45.391452,7.912093,12.0,33033.195,12868.243
PF12/0007/G775,NO,45.393144,7.919552,52.0,33213.2,13454.662
PF13/0007/G775,NO,45.397408,7.92475,52.0,33681.467,13867.918
PF14/0007/G775,NO,45.39722,7.918185,52.0,33667.471,13353.787
PF15/0007/G775,NO,45.39564,7.918205,12.0,33492.0,13353.0
PF16/0007/G775,NO,45.398947,7.919376,52.0,33858.115,13449.554
PF01/0008/G775,NO,45.399757,7.93097,52.0,33935.957,14358.171
PF02/0008/G775,NO,45.397301,7.928042,52.0,33666.137,14125.416
PF03/0008/G775,NO,45.400494,7.934731,52.0,34013.957,14653.607
PF04/0008/G775,NO,45.397869,7.932614,52.0,33724.5,14484.109
PF06/0008/G775,NO,45.394882,7.927599,52.0,33397.96,14087.099
PF07/0008/G775,NO,45.400607,7.928806,52.0,34032.674,14190.079
PF08/0008/G775,NO,45.397933,7.932623,52.0,33731.642,14484.899
PF09/0008/G775,NO,45.399142,7.933935,52.0,33864.617,14589.362
PF10/0008/G775,NO,45.399257,7.935867,52.0,33875.347,14740.706
PF02/0009/G775,NO,45.38969,7.908549,8.0,32841.14,12588.2
PF03/0009/G775,NO,45.390362,7.921708,8.0,32901.96,13619.33
PF05/0009/G775,NO,45.385684,7.911053,52.0,32393.441,12778.198
PF06/0009/G775,NO,45.389158,7.913655,52.0,32776.685,12987.088
PF07/0009/G775,NO,45.387144,7.921539,52.0,32544.625,13601.278
PF08/0009/G775,NO,45.39074,7.927133,52.0,32938.289,14044.553
PF03/0001/G809,NO,45.105304,7.741727,52.0,1438.279,-963.672
PF04/0001/G809,NO,45.103929,7.737068,10.0,1291.258,-1332.54
PF07/0001/G809,NO,45.102716,7.73475,10.0,1159.331,-1516.999
PF08/0001/G809,NO,45.099545,7.734889,52.0,806.853,-1511.6
PF16/0001/G809,NO,45.09889,7.738469,52.0,729.742,-1231.086
PF17/0001/G809,NO,45.102193,7.739402,52.0,1095.527,-1151.97
PF18/0001/G809,NO,45.097005,7.737608,52.0,521.373,-1302.126
PF19/0001/G809,NO,45.0979,7.742646,52.0,614.6,-904.161
PF20/0001/G809,NO,45.097763,7.732382,12.0,612.0,-1712.0
PF01/0002/G809,NO,45.102706,7.743668,52.0,1147.31,-815.453
PF02/0002/G809,NO,45.102841,7.747244,52.0,1157.883,-533.88
PF03/0002/G809,NO,45.101214,7.746184,52.0,978.459,-620.04
PF04/0002/G809,NO,45.099765,7.743917,52.0,820.278,-800.887
PF05/0002/G809,NO,45.104639,7.748239,52.0,1356.428,-452.479
PF07/0002/G809,NO,45.095621,7.749044,52.0,353.61,-404.607
PF08/0002/G809,NO,45.106834,7.746968,52.0,1601.826,-548.705
PF09/0002/G809,NO,45.100394,7.749314,52.0,883.533,-375.157
PF10/0002/G809,NO,45.105038,7.744462,52.0,1405.396,-748.933
PF01/0003/G809,NO,45.106684,7.749902,52.0,1581.619,-318.091
PF02/0003/G809,NO,45.107107,7.754933,52.0,1622.482,78.361
PF06/0003/G809,NO,45.105176,7.752068,52.0,1411.474,-150.305
PF08/0003/G809,NO,45.105195,7.760254,52.0,1403.662,493.743
PF11/0003/G809,NO,45.102407,7.750832,52.0,1105.321,-252.323
PF16/0003/G809,NO,45.10342,7.753596,52.0,1214.485,-33.074
PF17/0003/G809,NO,45.104856,7.756572,52.0,1370.418,203.521
PF18/0003/G809,NO,45.103236,7.759205,52.0,1187.253,407.896
PF19/0003/G809,NO,45.102891,7.763349,52.0,1144.005,733.334
PF20/0003/G809,NO,45.102996,7.756479,52.0,1163.965,192.975
PF21/0003/G809,NO,45.107879,7.76093,12.0,1701.0,551.5
PF01/0005/G809,NO,45.097057,7.751636,52.0,510.045,-198.26
PF03/0005/G809,NO,45.092495,7.754254,8.0,0.0,0.0
PF04/0005/G809,NO,45.094843,7.755138,52.0,259.802,73.556
PF05/0005/G809,NO,45.095444,7.751441,52.0,331.052,-216.343
PF02/0006/G809,NO,45.101654,7.753076,52.0,1018.915,-77.013
PF03/0006/G809,NO,45.101219,7.755621,52.0,967.592,122.424
PF05/0006/G809,NO,45.102177,7.762022,52.0,1066.277,627.709
PF06/0006/G809,NO,45.100056,7.760835,52.0,832.091,530.683
PF08/0006/G809,NO,45.099709,7.752976,52.0,803.009,-88.28
PF09/0006/G809,NO,45.098146,7.754583,52.0,627.416,35.535
PF10/0006/G809,NO,45.097377,7.757924,52.0,537.976,297.085
PF11/0006/G809,NO,45.095394,7.754385,52.0,321.962,15.222
PF12/0006/G809,NO,45.095822,7.757702,12.0,365.5,277.0
PF13/0006/G809,NO,45.101085,7.758221,12.0,949.5,326.75
PF01/0007/G809,NO,45.103169,7.76545,52.0,1172.342,899.089
PF03/0007/G809,NO,45.101727,7.765509,52.0,1012.047,901.298
PF05/0007/G809,NO,45.101075,7.768202,52.0,936.368,1112.055
PF06/0007/G809,NO,45.100093,7.766226,52.0,829.631,954.878
PF12/0007/G809,NO,45.095799,7.764942,52.0,354.136,846.585
PF16/0007/G809,NO,45.097715,7.766294,52.0,565.457,956.224
PF17/0007/G809,NO,45.09291,7.769071,52.0,28.302,1166.621
PF01/0008/G809,NO,45.091746,7.772222,52.0,-104.783,1412.563
PF02/0008/G809,NO,45.101302,7.773259,52.0,955.581,1510.291
PF03/0008/G809,NO,45.099131,7.771588,52.0,716.425,1375.157
PF04/0008/G809,NO,45.099237,7.776397,52.0,722.393,1753.717
PF01/0009/G809,NO,45.101347,7.783111,10.0,948.8,2285.5
PF13/0009/G809,NO,45.094942,7.780792,52.0,240.058,2092.294
PF14/0009/G809,NO,45.096699,7.783252,52.0,432.353,2288.836
PF15/0009/G809,NO,45.094202,7.785085,52.0,152.789,2428.925
PF16/0009/G809,NO,45.095817,7.786946,12.0,330.0,2578.0
PF17/0009/G809,NO,45.098436,7.784063,12.0,624.336,2355.537
PF07/0011/G809,NO,45.09681,7.794754,52.0,431.109,3194.055
PF08/0011/G809,NO,45.093473,7.797491,52.0,57.225,3403.858
PF01/0012/G809,NO,45.096277,7.800229,52.0,365.514,3623.936
PF04/0014/G809,NO,45.094009,7.733841,52.0,193.143,-1603.715
PF14/0014/G809,NO,45.09462,7.740816,52.0,252.461,-1053.83
PF15/0014/G809,NO,45.09283,7.740491,52.0,54.041,-1082.476
PF16/0014/G809,NO,45.094712,7.738183,52.0,265.901,-1260.828
PF18/0014/G809,NO,45.091729,7.73872,52.0,-66.087,-1223.756
PF05/0015/G809,NO,45.087338,7.738214,52.0,-553.273,-1271.137
PF06/0015/G809,NO,45.088085,7.74394,52.0,-477.32,-819.265
PF07/0015/G809,NO,45.086279,7.740332,52.0,-673.582,-1106.285
PF08/0015/G809,NO,45.086555,7.744522,52.0,-648.026,-776.127
PF11/0015/G809,NO,45.088762,7.74352,52.0,-401.581,-851.127
PF12/0015/G809,NO,45.088083,7.734364,52.0,-465.787,-1572.819
PF13/0015/G809,NO,45.084681,7.734424,52.0,-843.83,-1574.038
PF14/0015/G809,NO,45.090888,7.740914,52.0,-162.255,-1052.58
PF16/0015/G809,NO,45.088119,7.740534,52.0,-469.361,-1087.258
PF17/0015/G809,NO,45.087273,7.730492,52.0,-551.034,-1879.002
PF01/0016/G809,NO,45.093351,7.743615,52.0,108.107,-835.751
PF05/0016/G809,NO,45.089265,7.745545,52.0,-348.172,-690.947
PF06/0016/G809,NO,45.088839,7.749578,52.0,-400.439,-374.244
PF09/0016/G809,NO,45.091814,7.747373,52.0,-67.259,-542.67
PF10/0016/G809,NO,45.091144,7.744397,12.0,-138.0,-778.0
PF02/0017/G809,NO,45.095172,7.751681,52.0,300.501,-197.956
PF07/0017/G809,NO,45.09045,7.753203,52.0,-225.82,-86.273
PF11/0017/G809,NO,45.091564,7.759118,52.0,-109.24,381.152
PF13/0017/G809,NO,45.093989,7.759481,52.0,159.673,413.823
PF14/0017/G809,NO,45.096016,7.759172,52.0,385.222,392.928
PF15/0017/G809,NO,45.094136,7.762828,52.0,172.005,677.459
PF17/0017/G809,NO,45.091763,7.763473,52.0,-92.418,724.182
PF18/0017/G809,NO,45.093533,7.757559,12.0,111.38,261.804
PF19/0017/G809,NO,45.093436,7.751948,52.0,107.318,-179.853
PF01/0018/G809,NO,45.089177,7.757966,52.0,-373.005,286.424
PF02/0018/G809,NO,45.089054,7.755499,52.0,-383.781,92.061
PF03/0018/G809,NO,45.0885,7.760299,52.0,-451.13,468.8
PF05/0018/G809,NO,45.087613,7.753653,52.0,-541.608,-55.7
PF11/0018/G809,NO,45.085671,7.754833,52.0,-758.797,33.879
PF13/0018/G809,NO,45.086128,7.762104,52.0,-716.782,606.85
PF14/0018/G809,NO,45.08638,7.758968,10.0,-685.0,360.5
PF01/0019/G809,NO,45.090276,7.764993,52.0,-259.454,841.264
PF01/0020/G809,NO,45.086293,7.77133,52.0,-709.547,1333.221
PF02/0020/G809,NO,45.081207,7.776519,52.0,-1280.725,1733.037
PF03/0020/G809,NO,45.078751,7.775121,52.0,-1551.875,1618.864
PF01/0999/G809,NO,45.108588,7.765214,8.0,1774.58,889.67
PF02/0999/G809,NO,45.10439,7.78116,8.0,1289.19,2137.13
PF03/0999/G809,NO,45.109078,7.721036,8.0,1883.06,-2584.82
PF04/0999/G809,NO,45.108588,7.765214,8.0,1774.58,889.67
PF05/0999/G809,NO,45.074358,7.81687,8.0,-2088.85,4897.75
PF06/0999/G809,NO,45.079381,7.753288,8.0,-1455.59,-98.52
PF07/0999/G809,NO,45.11441,7.751798,8.0,2437.58,-155.68
PF08/0999/G809,NO,45.108533,7.802489,8.0,1724.39,3821.92
PF09/0999/G809,NO,45.081442,7.792326,8.0,-1273.34,2977.5
PF10/0999/G809,NO,45.090059,7.743207,8.0,-257.17,-873.55
PF11/0999/G809,NO,45.093496,7.729819,52.0,141.119,-1921.08
PF12/0999/G809,NO,45.095561,7.729246,52.0,371.251,-1962.596
PF14/0999/G809,NO,45.109219,7.751471,52.0,1861.275,-190.343
PF16/0999/G809,NO,45.105879,7.736858,52.0,1508.156,-1345.684
PF17/0999/G809,NO,45.109036,7.746249,52.0,1847.303,-601.44
PF18/0999/G809,NO,45.106746,7.750387,52.0,1587.936,-279.826
PF19/0999/G809,NO,45.110237,7.754089,12.0,1971.244,17.32
PF20/0999/G809,NO,45.108334,7.757317,12.0,1755.913,267.999
PF21/0999/G809,NO,45.104975,7.765737,12.0,1372.631,924.74
PF02/0001/H001,NO,45.333564,7.919433,52.0,26594.291,13356.5
PF04/0001/H001,NO,45.330238,7.916741,52.0,26227.626,13140.569
PF05/0001/H001,NO,45.330859,7.919251,52.0,26293.958,13338.197
PF07/0001/H001,NO,45.327735,7.910345,52.0,25956.303,12635.612
PF09/0001/H001,NO,45.329876,7.92116,52.0,26182.681,13486.36
PF10/0001/H001,NO,45.328651,7.926589,10.0,26040.935,13909.919
PF11/0001/H001,NO,45.330681,7.912486,52.0,26281.308,12807.829
PF12/0001/H001,NO,45.329537,7.923501,52.0,26142.599,13669.285
PF13/0001/H001,NO,45.327949,7.915913,10.0,25974.137,13072.311
PF08/0002/H001,NO,45.318306,7.905961,52.0,24913.416,12277.795
PF09/0002/H001,NO,45.316574,7.908682,52.0,24718.147,12488.461
PF11/0002/H001,NO,45.318022,7.91352,12.0,24873.88,12869.902
PF05/0003/H001,NO,45.319768,7.922128,8.0,25058.78,13547.19
PF03/0004/H001,NO,45.315453,7.915804,52.0,24586.037,13045.039
PF04/0004/H001,NO,45.311393,7.921948,10.0,24128.5,13520.6
PF05/0004/H001,NO,45.312512,7.914356,52.0,24260.827,12927.12
PF08/0004/H001,NO,45.309191,7.913828,52.0,23892.424,12880.752
PF09/0004/H001,NO,45.310463,7.91755,52.0,24029.785,13174.438
PF10/0004/H001,NO,45.311394,7.921948,10.0,24128.6,13520.6
PF12/0004/H001,NO,45.308092,7.920362,52.0,23763.504,13391.348
PF13/0004/H001,NO,45.312925,7.916899,52.0,24303.983,13127.077
PF01/0005/H001,NO,45.31529,7.912394,8.0,24571.49,12777.55
PF02/0005/H001,NO,45.314959,7.899634,52.0,24548.283,11776.865
PF03/0005/H001,NO,45.315564,7.90494,52.0,24609.917,12193.634
PF04/0005/H001,NO,45.315189,7.909393,52.0,24563.46,12542.112
PF06/0005/H001,NO,45.312872,7.896497,52.0,24319.845,11527.773
PF07/0005/H001,NO,45.312297,7.900254,52.0,24251.912,11821.446
PF08/0005/H001,NO,45.311766,7.903103,52.0,24189.9,12043.936
PF09/0005/H001,NO,45.311961,7.908661,52.0,24205.681,12479.901
PF10/0005/H001,NO,45.310783,7.913841,52.0,24069.268,12884.223
PF11/0005/H001,NO,45.310103,7.897859,52.0,24010.776,11630.363
PF12/0005/H001,NO,45.317244,7.901638,52.0,24800.017,11937.392
PF13/0005/H001,NO,45.310921,7.895472,52.0,24104.254,11444.49
PF01/0006/H001,NO,45.308061,7.887443,10.0,23795.1,10810.7
PF05/0006/H001,NO,45.303646,7.893841,52.0,23297.729,11305.482
PF08/0006/H001,NO,45.30854,7.893999,52.0,23841.279,11325.342
PF09/0006/H001,NO,45.307526,7.887896,52.0,23735.192,10845.419
PF01/0007/H001,NO,45.309287,7.896521,52.0,23921.542,11524.195
PF02/0007/H001,NO,45.304904,7.89661,52.0,23434.463,11524.501
PF03/0007/H001,NO,45.306884,7.898467,52.0,23652.503,11673.071
PF04/0007/H001,NO,45.302775,7.90172,52.0,23192.524,11921.871
PF05/0007/H001,NO,45.300794,7.898672,10.0,22975.7,11679.9
PF10/0007/H001,NO,45.297244,7.905511,8.0,22574.04,12210.79
PF11/0007/H001,NO,45.299204,7.903051,52.0,22794.376,12020.885
PF12/0007/H001,NO,45.296029,7.899614,52.0,22445.277,11746.577
PF04/0008/H001,NO,45.308185,7.902236,52.0,23793.021,11970.567
PF05/0008/H001,NO,45.306536,7.90451,52.0,23607.424,12146.327
PF06/0008/H001,NO,45.307148,7.908043,52.0,23671.555,12424.218
PF07/0008/H001,NO,45.307511,7.914591,52.0,23705.025,12938.049
PF10/0008/H001,NO,45.310979,7.899862,52.0,24105.988,11788.677
PF11/0008/H001,NO,45.305838,7.917277,52.0,23516.261,13146.173
PF13/0008/H001,NO,45.303957,7.915598,52.0,23309.052,13011.707
PF14/0008/H001,NO,45.305081,7.902379,52.0,23448.023,11977.035
PF15/0008/H001,NO,45.311044,7.910404,52.0,24101.963,12615.118
PF01/0009/H001,NO,45.301672,7.904846,52.0,23066.638,12165.326
PF03/0009/H001,NO,45.298326,7.907414,52.0,22692.163,12361.64
PF04/0009/H001,NO,45.297968,7.911099,52.0,22648.558,12650.042
PF05/0009/H001,NO,45.297728,7.916126,52.0,22616.578,13043.768
PF06/0009/H001,NO,45.292781,7.906014,52.0,22077.701,12243.501
PF07/0009/H001,NO,45.295369,7.911487,52.0,22359.38,12676.51
PF08/0009/H001,NO,45.295034,7.914091,52.0,22319.338,12880.165
PF09/0009/H001,NO,45.293616,7.916279,52.0,22159.493,13049.636
PF10/0009/H001,NO,45.291461,7.912177,52.0,21924.482,12724.764
PF11/0009/H001,NO,45.290447,7.915678,52.0,21808.08,12997.746
PF12/0009/H001,NO,45.296844,7.913597,52.0,22521.024,12844.199
PF14/0009/H001,NO,45.290924,7.908954,52.0,21868.175,12471.245
PF15/0009/H001,NO,45.300918,7.91619,52.0,22970.881,13053.609
PF16/0009/H001,NO,45.29976,7.909725,12.0,22849.0,12545.0
PF05/0010/H001,NO,45.297548,7.917276,52.0,22595.269,13133.723
PF06/0010/H001,NO,45.296045,7.921965,52.0,22423.364,13499.111
PF07/0010/H001,NO,45.297196,7.925283,52.0,22547.823,13760.954
PF08/0010/H001,NO,45.29459,7.920958,52.0,22262.857,13418.025
PF09/0010/H001,NO,45.295459,7.917475,52.0,22363.063,13146.169
PF10/0010/H001,NO,45.303321,7.92151,52.0,23232.194,13474.223
PF11/0010/H001,NO,45.300503,7.920269,52.0,22920.442,13372.732
PF13/0010/H001,NO,45.302634,7.927129,52.0,23150.023,13913.793
PF14/0010/H001,NO,45.300771,7.923039,52.0,22947.268,13590.37
PF03/0011/H001,NO,45.295438,7.927679,52.0,22349.961,13946.263
PF06/0011/H001,NO,45.293,7.925844,52.0,22081.078,13798.754
PF08/0011/H001,NO,45.296495,7.940956,52.0,22453.629,14988.814
PF09/0011/H001,NO,45.295342,7.924226,52.0,22342.976,13675.368
PF01/0012/H001,NO,45.290749,7.91738,8.0,21839.92,13131.71
PF02/0012/H001,NO,45.29279,7.919972,52.0,22063.873,13337.993
PF04/0012/H001,NO,45.291536,7.921185,52.0,21923.305,13431.266
PF05/0012/H001,NO,45.289253,7.919368,52.0,21671.586,13285.35
PF06/0012/H001,NO,45.288827,7.921413,12.0,21622.15,13445.1
PF01/0013/H001,NO,45.289306,7.914852,52.0,21682.267,12931.315
PF02/0013/H001,NO,45.292303,7.922251,52.0,22007.417,13515.981
PF03/0013/H001,NO,45.290895,7.929225,52.0,21843.7,14060.789
PF04/0013/H001,NO,45.286856,7.919582,52.0,21405.12,13298.612
PF06/0013/H001,NO,45.28857,7.927617,52.0,21587.063,13931.209
PF07/0013/H001,NO,45.284067,7.921722,52.0,21092.977,13462.244
PF08/0013/H001,NO,45.28553,7.925673,52.0,21251.326,13774.3
PF10/0013/H001,NO,45.289632,7.924659,52.0,21708.112,13700.855
PF12/0013/H001,NO,45.285674,7.921763,52.0,21271.482,13467.837
PF03/0001/H213,NO,45.094846,7.722606,52.0,300.091,-2486.319
PF04/0001/H213,NO,45.095144,7.72743,52.0,327.139,-2106.17
PF05/0001/H213,NO,45.099923,7.7248,21.0,861.392,-2304.772
PF09/0002/H213,NO,45.095477,7.730888,62.0,359.906,-1833.528
PF10/0002/H213,NO,45.104777,7.734324,52.0,1388.856,-1546.974
PF12/0002/H213,NO,45.098894,7.738482,21.0,730.161,-1230.058
PF02/0003/H213,NO,45.098962,7.746969,21.0,727.284,-562.193
PF02/0004/H213,NO,45.10217,7.762109,52.0,1065.403,634.496
PF03/0004/H213,NO,45.100972,7.751902,21.0,944.649,-170.616
PF08/0005/H213,NO,45.09908,7.743687,21.0,744.43,-820.187
PF04/0006/H213,NO,45.099901,7.758018,52.0,818.242,308.799
PF06/0006/H213,NO,45.0976,7.762159,52.0,557.591,630.678
PF07/0006/H213,NO,45.096687,7.758448,21.0,460.639,337.172
PF03/0008/H213,NO,45.089933,7.736672,21.0,-263.063,-1388.017
PF04/0009/H213,NO,45.0954,7.747307,52.0,331.223,-541.662
PF05/0009/H213,NO,45.092396,7.750918,52.0,-6.883,-262.719
PF06/0009/H213,NO,45.090709,7.74977,62.0,-192.91,-355.953
PF07/0009/H213,NO,45.092843,7.746595,52.0,48.064,-602.162
PF08/0009/H213,NO,45.09371,7.740176,12.0,152.2,-1105.7
PF09/0009/H213,NO,45.096261,7.750485,21.0,422.963,-290.134
PF02/0010/H213,NO,45.095043,7.755466,52.0,281.607,99.657
PF03/0010/H213,NO,45.094147,7.752585,21.0,185.562,-128.561
PF04/0011/H213,NO,45.092429,7.754428,21.0,-7.49,13.548
PF04/0012/H213,NO,45.09059,7.758374,62.0,-216.544,320.947
PF05/0012/H213,NO,45.092869,7.760714,52.0,33.769,508.905
PF08/0012/H213,NO,45.093356,7.758484,21.0,90.542,334.297
PF06/0013/H213,NO,45.08308,7.73382,52.0,-1020.926,-1624.368
PF07/0013/H213,NO,45.087594,7.73321,52.0,-518.654,-1664.552
PF08/0013/H213,NO,45.085397,7.739294,21.0,-770.236,-1189.522
PF02/0014/H213,NO,45.087765,7.750382,52.0,-520.726,-312.842
PF04/0014/H213,NO,45.08736,7.745113,21.0,-559.255,-728.216
PF03/0015/H213,NO,45.088818,7.759428,52.0,-414.651,400.845
PF06/0015/H213,NO,45.089477,7.753343,21.0,-334.13,-76.872
PF01/0016/H213,NO,45.083663,7.746571,52.0,-971.818,-619.817
PF02/0016/H213,NO,45.085767,7.742308,21.0,-732.824,-951.718
PF01/0001/H502,NO,45.285368,7.899004,8.0,21261.65,11682.53
PF02/0001/H502,NO,45.290785,7.902974,52.0,21859.135,12002.057
PF02/0002/H502,NO,45.284087,7.918423,52.0,21098.706,13203.538
PF09/0002/H502,NO,45.281794,7.919612,52.0,20842.619,13293.394
PF10/0002/H502,NO,45.280231,7.915624,10.0,20673.2,12978.3
PF11/0002/H502,NO,45.287596,7.910367,12.0,21497.0,12577.0
PF12/0002/H502,NO,45.285435,7.910268,12.0,21257.0,12566.0
PF05/0003/H502,NO,45.289675,7.935245,52.0,21701.861,14531.069
PF06/0003/H502,NO,45.290574,7.938709,52.0,21798.158,14804.012
PF08/0003/H502,NO,45.290834,7.936387,52.0,21829.419,14622.272
PF09/0003/H502,NO,45.292196,7.940059,12.0,21976.943,14912.233
PF11/0003/H502,NO,45.291689,7.933088,52.0,21927.901,14364.894
PF01/0004/H502,NO,45.293495,7.936006,52.0,22125.492,14596.356
PF01/0006/H502,NO,45.288116,7.932426,52.0,21531.631,14307.692
PF05/0006/H502,NO,45.289112,7.941825,52.0,21632.557,15046.245
PF11/0006/H502,NO,45.285256,7.940354,52.0,21205.692,14925.195
PF12/0006/H502,NO,45.287902,7.937963,52.0,21502.164,14741.567
PF13/0006/H502,NO,45.286513,7.934894,52.0,21351.023,14498.884
PF01/0007/H502,NO,45.288376,7.949783,8.0,21542.61,15669.21
PF01/0008/H502,NO,45.293215,7.948192,52.0,22081.789,15551.456
PF02/0008/H502,NO,45.292178,7.949749,52.0,21965.026,15672.071
PF05/0009/H502,NO,45.294466,7.969276,52.0,22199.433,17206.507
PF11/0009/H502,NO,45.28776,7.970903,52.0,21452.861,17324.551
PF03/0010/H502,NO,45.282613,7.923654,52.0,20929.452,13611.643
PF04/0010/H502,NO,45.28404,7.924971,52.0,21086.606,13716.99
PF05/0010/H502,NO,45.28052,7.923814,8.0,20696.7,13621.05
PF06/0010/H502,NO,45.278772,7.922152,52.0,20504.297,13488.117
PF08/0010/H502,NO,45.276127,7.924341,52.0,20208.097,13655.92
PF10/0010/H502,NO,45.274942,7.922195,52.0,20078.694,13485.807
PF11/0010/H502,NO,45.278171,7.918753,52.0,20441.082,13220.649
PF06/0011/H502,NO,45.280973,7.930262,52.0,20740.358,14127.424
PF07/0011/H502,NO,45.280348,7.926188,52.0,20675.137,13806.979
PF10/0011/H502,NO,45.278775,7.927881,52.0,20498.627,13937.442
PF11/0011/H502,NO,45.284945,7.929666,52.0,21182.178,14086.582
PF12/0011/H502,NO,45.279799,7.93034,52.0,20609.765,14131.823
PF13/0011/H502,NO,45.282027,7.927917,52.0,20859.807,13945.128
PF03/0012/H502,NO,45.282562,7.930631,52.0,20916.453,14158.713
PF06/0012/H502,NO,45.281437,7.934188,52.0,20787.742,14436.029
PF09/0012/H502,NO,45.27834,7.930931,52.0,20447.087,14176.078
PF10/0012/H502,NO,45.278714,7.934744,52.0,20484.747,14475.661
PF11/0012/H502,NO,45.283372,7.93305,52.0,21003.92,14349.639
PF01/0013/H502,NO,45.282273,7.937635,52.0,20877.12,14707.656
PF03/0013/H502,NO,45.279035,7.936409,10.0,20518.588,14606.705
PF04/0013/H502,NO,45.2781,7.938499,52.0,20412.638,14769.247
PF01/0014/H502,NO,45.284525,7.937791,8.0,21127.08,14723.16
PF06/0014/H502,NO,45.095149,8.017936,148.0,9.04,20752.677
PF07/0014/H502,NO,45.283366,7.939525,52.0,20996.621,14857.474
PF08/0014/H502,NO,45.279539,7.939498,12.0,20571.387,14849.718
PF09/0014/H502,NO,45.279813,7.943278,52.0,20598.021,15146.597
PF01/0015/H502,NO,45.283101,7.94214,52.0,20964.383,15062.171
PF02/0018/H502,NO,45.282324,7.952199,52.0,20867.8,15849.898
PF03/0018/H502,NO,45.285297,7.951362,12.0,21198.926,15788.597
PF01/0019/H502,NO,45.281279,7.967789,8.0,20735.91,17071.18
PF04/0019/H502,NO,45.286374,7.972777,52.0,21296.971,17469.612
PF12/0019/H502,NO,45.283827,7.974279,52.0,21012.475,17583.748
PF13/0019/H502,NO,45.28349,7.959898,12.0,20989.525,16455.421
PF01/0020/H502,NO,45.276974,7.928223,8.0,20298.22,13961.66
PF02/0020/H502,NO,45.276839,7.930043,52.0,20281.306,14104.149
PF03/0020/H502,NO,45.275915,7.929687,52.0,20179.027,14074.904
PF05/0020/H502,NO,45.274972,7.927808,52.0,20076.205,13926.118
PF06/0020/H502,NO,45.277745,7.925457,52.0,20386.747,13745.799
PF01/0021/H502,NO,45.278023,7.931464,52.0,20411.387,14217.401
PF02/0021/H502,NO,45.278086,7.933517,52.0,20416.175,14378.502
PF04/0021/H502,NO,45.276879,7.939883,52.0,20275.533,14876.049
PF05/0021/H502,NO,45.27656,7.931782,52.0,20248.521,14240.18
PF06/0021/H502,NO,45.275999,7.934242,52.0,20183.648,14432.277
PF07/0021/H502,NO,45.275661,7.936308,52.0,20143.963,14593.874
PF10/0021/H502,NO,45.274511,7.936529,52.0,20015.969,14609.495
PF11/0021/H502,NO,45.273527,7.937915,52.0,19905.125,14716.771
PF12/0021/H502,NO,45.277288,7.9361,52.0,20324.93,14579.901
PF01/0022/H502,NO,45.277144,7.942674,52.0,20302.113,15095.316
PF02/0022/H502,NO,45.275837,7.940243,52.0,20159.447,14902.803
PF03/0022/H502,NO,45.275577,7.944167,10.0,20126.5,15210.2
PF04/0022/H502,NO,45.273951,7.939548,52.0,19950.545,14845.496
PF05/0022/H502,NO,45.273728,7.941522,52.0,19923.768,15000.039
PF06/0022/H502,NO,45.272121,7.938714,52.0,19748.11,14777.401
PF01/0023/H502,NO,45.27797,7.945886,8.0,20390.52,15348.48
PF02/0023/H502,NO,45.276798,7.949592,52.0,20256.573,15637.434
PF03/0023/H502,NO,45.276681,7.953761,52.0,20239.358,15964.291
PF07/0023/H502,NO,45.275459,7.952052,52.0,20105.324,15828.455
PF10/0023/H502,NO,45.274317,7.95399,12.0,19976.481,15978.856
PF01/0024/H502,NO,45.272541,7.957502,52.0,19775.593,16251.803
PF07/0025/H502,NO,45.267317,7.964182,52.0,19188.454,16768.322
PF10/0025/H502,NO,45.270686,7.961856,52.0,19565.06,16590.677
PF11/0025/H502,NO,45.274179,7.959496,52.0,19955.508,16410.555
PF12/0025/H502,NO,45.244872,7.987349,12.0,16671.855,18554.435
PF01/0026/H502,NO,45.27471,7.925579,52.0,20049.396,13750.889
PF02/0026/H502,NO,45.273548,7.927116,52.0,19918.744,13869.711
PF05/0026/H502,NO,45.273001,7.927905,62.0,19857.174,13930.836
PF06/0026/H502,NO,45.271318,7.928669,52.0,19669.342,13988.283
PF02/0027/H502,NO,45.271763,7.932253,62.0,19715.028,14270.018
PF03/0027/H502,NO,45.272202,7.934656,52.0,19761.393,14459.232
PF07/0027/H502,NO,45.270953,7.936613,52.0,19620.569,14610.848
PF01/0028/H502,NO,45.274179,7.936089,52.0,19979.53,14574.481
PF02/0028/H502,NO,45.273818,7.930034,52.0,19945.687,14099.022
PF01/0029/H502,NO,45.275781,7.945775,52.0,20147.445,15336.564
PF03/0029/H502,NO,45.274203,7.945354,52.0,19972.594,15301.255
PF04/0029/H502,NO,45.274155,7.949664,52.0,19962.907,15639.313
PF07/0029/H502,NO,45.27298,7.948167,52.0,19833.832,15520.174
PF08/0029/H502,NO,45.272586,7.950847,52.0,19787.378,15729.843
PF02/0030/H502,NO,45.270229,7.937423,52.0,19539.275,14673.336
PF05/0030/H502,NO,45.263417,7.939281,52.0,18780.569,14809.183
PF06/0030/H502,NO,45.26548,7.937596,52.0,19011.545,14679.964
PF07/0030/H502,NO,45.257101,7.936548,52.0,18081.778,14585.491
PF08/0030/H502,NO,45.261287,7.940564,52.0,18542.665,14906.717
PF09/0030/H502,NO,45.26822,7.928318,52.0,19325.585,13956.185
PF10/0030/H502,NO,45.268498,7.93358,52.0,19350.92,14369.345
PF01/0031/H502,NO,45.271191,7.939301,52.0,19644.236,14822.097
PF03/0031/H502,NO,45.271251,7.946066,52.0,19643.961,15352.856
PF04/0031/H502,NO,45.269509,7.940175,52.0,19456.497,14888.174
PF06/0031/H502,NO,45.268779,7.945569,52.0,19369.842,15310.26
PF07/0031/H502,NO,45.26762,7.943171,52.0,19243.468,15120.474
PF08/0031/H502,NO,45.271033,7.941474,52.0,19624.391,14992.279
PF01/0032/H502,NO,45.273165,7.95187,52.0,19850.639,15810.928
PF03/0032/H502,NO,45.271089,7.95015,52.0,19621.806,15672.985
PF05/0032/H502,NO,45.269375,7.954488,52.0,19426.916,16010.839
PF06/0032/H502,NO,45.26993,7.958108,52.0,19484.941,16295.594
PF09/0032/H502,NO,45.272012,7.954551,52.0,19719.752,16019.558
PF01/0033/H502,NO,45.266491,7.940234,52.0,19121.135,14888.408
PF05/0033/H502,NO,45.264622,7.94463,52.0,18908.912,15230.57
PF08/0033/H502,NO,45.263524,7.945146,7.0,18786.4,15269.41
PF10/0033/H502,NO,45.266004,7.948546,52.0,19058.527,15539.796
PF12/0033/H502,NO,45.266575,7.943301,52.0,19127.317,15129.165
PF13/0033/H502,NO,45.263654,7.948197,52.0,18797.807,15508.985
PF02/0034/H502,NO,45.266979,7.953748,52.0,19161.538,15949.312
PF03/0034/H502,NO,45.26685,7.956939,52.0,19143.895,16199.468
PF08/0034/H502,NO,45.26802,7.960593,52.0,19270.192,16487.8
PF09/0034/H502,NO,45.264609,7.952724,52.0,18899.275,15865.549
PF01/0035/H502,NO,45.262878,7.943305,52.0,18716.539,15124.038
PF02/0035/H502,NO,45.26301,7.946313,52.0,18728.197,15360.291
PF04/0035/H502,NO,45.26113,7.942313,52.0,18523.449,15043.706
PF05/0035/H502,NO,45.261284,7.945109,52.0,18537.681,15263.308
PF07/0035/H502,NO,45.260913,7.949095,52.0,18492.345,15575.491
PF09/0035/H502,NO,45.258678,7.942303,10.0,18251.0,15039.3
PF10/0035/H502,NO,45.25928,7.947548,52.0,18312.546,15451.731
PF05/0036/H502,NO,45.260783,7.95246,52.0,18474.488,15839.33
PF06/0036/H502,NO,45.260099,7.953904,52.0,18396.977,15951.652
PF07/0036/H502,NO,45.262658,7.9585,52.0,18676.639,16315.9
PF03/0037/H502,NO,45.255417,7.946746,52.0,17884.202,15383.238
PF04/0037/H502,NO,45.254747,7.943198,52.0,17813.359,15103.819
PF05/0037/H502,NO,45.258205,7.941715,52.0,18199.027,14992.477
PF07/0037/H502,NO,45.254933,7.94987,52.0,17827.246,15627.655
PF02/0038/H502,NO,45.258964,7.951846,52.0,18272.966,15788.539
PF07/0038/H502,NO,45.257616,7.954025,52.0,18120.97,15957.527
PF08/0038/H502,NO,45.257234,7.95626,52.0,18076.351,16132.331
PF12/0038/H502,NO,45.25838,7.950705,52.0,18209.329,15698.14
PF13/0038/H502,NO,45.2558,7.952192,52.0,17921.123,15811.12
PF14/0038/H502,NO,45.257235,7.958353,10.0,18074.284,16296.567
PF08/0039/H502,NO,45.251732,7.949107,52.0,17472.418,15563.144
PF10/0039/H502,NO,45.094734,7.978907,159.0,1.03,17681.0
PF12/0039/H502,NO,45.253261,7.94761,52.0,17643.705,15447.89
PF01/0040/H502,NO,45.246867,7.944145,52.0,16936.969,15166.656
PF02/0040/H502,NO,45.238213,7.942126,52.0,15977.662,14995.628
PF03/0040/H502,NO,45.249623,7.936928,52.0,17250.621,14604.343
PF02/0999/H502,NO,45.281279,7.967789,8.0,20735.91,17071.18
PF06/0999/H502,NO,45.252977,7.957613,30.0,17602.055,16232.388
PF09/0999/H502,NO,45.331011,7.85371,7.0,26381.79,8202.52
PF10/0999/H502,NO,45.313933,7.872561,56.0,24463.707,9653.208
PF11/0999/H502,NO,45.316075,7.866692,56.0,24708.065,9196.516
PF12/0999/H502,NO,45.353472,7.859003,8.0,28871.26,8652.63
PF13/0999/H502,NO,45.355556,7.860495,8.0,29101.1,8772.8
PF14/0999/H502,NO,45.25453,7.95543,52.0,17776.74,16063.353
PF15/0999/H502,NO,45.255504,7.958852,52.0,17881.51,16333.258
PF03/0001/H518,NO,45.094806,7.743057,52.0,270.441,-877.171
PF04/0001/H518,NO,45.094366,7.747978,52.0,215.494,-490.695
PF05/0001/H518,NO,45.09491,7.751552,52.0,271.613,-208.48
PF06/0001/H518,NO,45.093326,7.750486,52.0,96.941,-295.095
PF08/0001/H518,NO,45.092933,7.743407,52.0,61.888,-852.796
PF09/0001/H518,NO,45.095789,7.755625,52.0,364.301,113.49
PF11/0001/H518,NO,45.093287,7.740092,52.0,105.308,-1113.056
PF12/0001/H518,NO,45.095658,7.746182,52.0,361.219,-629.8
PF15/0001/H518,NO,45.097936,7.742541,21.0,618.7,-912.31
PF04/0002/H518,NO,45.096116,7.749655,52.0,407.921,-355.725
PF05/0002/H518,NO,45.097371,7.754201,62.0,541.833,4.124
PF07/0002/H518,NO,45.098585,7.748643,21.0,683.442,-431.061
PF03/0003/H518,NO,45.09782,7.763678,52.0,580.162,750.551
PF05/0003/H518,NO,45.10132,7.758117,21.0,975.731,319.014
PF02/0004/H518,NO,45.092623,7.760989,52.0,6.11,530.148
PF07/0004/H518,NO,45.094989,7.760407,52.0,269.71,488.418
PF10/0004/H518,NO,45.092307,7.768033,52.0,-37.443,1083.932
PF11/0004/H518,NO,45.095675,7.763622,52.0,342.014,742.564
PF13/0004/H518,NO,45.09448,7.768093,21.0,203.832,1092.345
PF04/0005/H518,NO,45.098673,7.767413,52.0,670.485,1045.875
PF05/0005/H518,NO,45.099178,7.771623,21.0,721.579,1377.995
PF03/0006/H518,NO,45.102349,7.782447,52.0,1060.893,2234.956
PF05/0006/H518,NO,45.106027,7.783946,21.0,1467.731,2359.035
PF03/0007/H518,NO,45.099152,7.788613,52.0,698.517,2714.771
PF08/0007/H518,NO,45.095761,7.778441,52.0,333.775,1908.729
PF09/0007/H518,NO,45.098994,7.7813,52.0,689.603,2139.094
PF10/0007/H518,NO,45.09392,7.795173,21.0,109.527,3222.236
PF04/0008/H518,NO,45.102503,7.792063,21.0,1066.668,2991.779
PF01/0009/H518,NO,45.099402,7.797387,52.0,716.005,3405.471
PF02/0009/H518,NO,45.095456,7.80201,52.0,272.206,3762.721
PF03/0009/H518,NO,45.093501,7.798253,21.0,59.418,3463.923
PF04/0010/H518,NO,45.104721,7.802484,21.0,1300.95,3815.261
PF03/0013/H518,NO,45.099937,7.8155,52.0,754.388,4831.473
PF04/0013/H518,NO,45.100106,7.806222,21.0,783.88,4101.779
PF02/0014/H518,NO,45.097107,7.811671,52.0,444.405,4525.623
PF05/0014/H518,NO,45.091412,7.808788,21.0,-184.92,4289.486
PF03/0016/H518,NO,45.091643,7.748823,52.0,-88.04,-428.849
PF11/0016/H518,NO,45.088522,7.746114,21.0,-431.389,-647.401
PF03/0017/H518,NO,45.084259,7.743101,52.0,-901.368,-891.872
PF05/0017/H518,NO,45.085578,7.748309,21.0,-761.157,-479.737
PF03/0018/H518,NO,45.093577,7.756686,52.0,117.307,193.182
PF04/0018/H518,NO,45.092467,7.754539,21.0,-3.424,22.339
PF05/0018/H518,NO,45.091902,7.757595,21.0,-69.882,261.815
PF02/0019/H518,NO,45.090523,7.755818,21.0,-220.924,119.634
PF08/0020/H518,NO,45.083618,7.759085,52.0,-991.96,364.974
PF10/0020/H518,NO,45.082508,7.754948,52.0,-1110.228,37.476
PF11/0020/H518,NO,45.090593,7.751127,21.0,-207.471,-249.364
PF04/0021/H518,NO,45.088882,7.765702,52.0,-415.104,894.653
PF06/0021/H518,NO,45.083594,7.763105,52.0,-999.477,681.338
PF07/0021/H518,NO,45.09253,7.750048,361.0,9.03,-330.928
PF10/0021/H518,NO,45.086307,7.760583,21.0,-695.034,487.415
PF02/0023/H518,NO,45.092468,7.783409,52.0,-37.93,2294.1
PF04/0023/H518,NO,45.090687,7.788003,52.0,-241.163,2652.68
PF05/0023/H518,NO,45.095728,7.785209,52.0,322.163,2441.192
PF06/0023/H518,NO,45.094065,7.786991,21.0,135.239,2578.664
PF03/0024/H518,NO,45.088012,7.792593,21.0,-543.751,3009.434
PF01/0025/H518,NO,45.092389,7.798436,52.0,-64.369,3476.477
PF02/0025/H518,NO,45.092573,7.789419,21.0,-33.281,2767.215
PF02/0027/H518,NO,45.089506,7.807727,52.0,-395.428,4202.869
PF03/0027/H518,NO,45.087112,7.810437,21.0,-664.518,4412.22
PF02/0030/H518,NO,45.079636,7.740448,52.0,-1411.651,-1108.71
PF05/0030/H518,NO,45.080545,7.745027,21.0,-1316.276,-746.682
PF02/0031/H518,NO,45.081213,7.750674,52.0,-1248.994,-301.123
PF04/0031/H518,NO,45.075452,7.742415,52.0,-1878.923,-961.051
PF05/0031/H518,NO,45.072892,7.745082,21.0,-2166.496,-755.548
PF05/0032/H518,NO,45.080529,7.757149,52.0,-1332.74,207.344
PF06/0032/H518,NO,45.078619,7.760465,21.0,-1548.926,465.106
PF01/0001/I025,NO,45.423822,7.922663,8.0,36618.27,13743.82
PF02/0001/I025,NO,45.422733,7.927785,52.0,36491.886,14142.949
PF03/0001/I025,NO,45.425344,7.926572,52.0,36783.246,14051.912
PF06/0001/I025,NO,45.427234,7.927013,52.0,36992.696,14089.225
PF07/0001/I025,NO,45.426062,7.929411,52.0,36860.034,14275.053
PF08/0001/I025,NO,45.42789,7.924332,52.0,37068.425,13880.437
PF09/0001/I025,NO,45.426935,7.920869,62.0,36965.945,13608.139
PF10/0001/I025,NO,45.423403,7.93122,52.0,36562.791,14412.673
PF11/0001/I025,NO,45.429561,7.928591,52.0,37249.639,14216.144
PF12/0001/I025,NO,45.426854,7.917249,52.0,36960.803,13324.8
PF13/0001/I025,NO,45.422356,7.920652,12.0,36457.44,13584.34
PF14/0001/I025,NO,45.425057,7.914959,52.0,36763.563,13142.956
PF15/0001/I025,NO,45.424512,7.920909,52.0,36696.769,13607.64
PF16/0001/I025,NO,45.423735,7.931142,52.0,36599.654,14407.101
PF01/0002/I025,NO,45.428695,7.931939,8.0,37149.93,14476.7
PF03/0002/I025,NO,45.428453,7.941877,52.0,37112.762,15253.832
PF04/0002/I025,NO,45.426533,7.943897,52.0,36897.329,15409.034
PF05/0002/I025,NO,45.428776,7.934386,52.0,37156.434,14668.289
PF07/0002/I025,NO,45.428442,7.937438,52.0,37116.117,14906.554
PF08/0002/I025,NO,45.426506,7.939897,52.0,36898.47,15096.069
PF10/0002/I025,NO,45.429236,7.93253,52.0,37209.382,14523.772
PF11/0002/I025,NO,45.427001,7.931471,52.0,36962.22,14437.649
PF12/0002/I025,NO,45.422633,7.946027,52.0,36461.919,15569.933
PF13/0002/I025,NO,45.427647,7.947092,52.0,37017.851,15660.592
PF14/0002/I025,NO,45.424781,7.94677,52.0,36699.835,15631.199
PF15/0002/I025,NO,45.424628,7.941528,52.0,36688.141,15220.872
PF16/0002/I025,NO,45.430708,7.931534,52.0,37373.928,14448.048
PF17/0002/I025,NO,45.423613,7.936203,52.0,36580.854,14802.794
PF18/0002/I025,NO,45.423338,7.93918,52.0,36547.222,15035.306
PF21/0002/I025,NO,45.428408,7.944836,52.0,37104.705,15485.188
PF23/0002/I025,NO,45.427566,7.935753,52.0,37020.559,14773.411
PF01/0003/I025,NO,45.418955,7.903295,10.0,36098.015,12221.23
PF01/0004/I025,NO,45.413214,7.928221,8.0,35433.87,14162.94
PF02/0004/I025,NO,45.420883,7.928142,52.0,36285.952,14168.143
PF03/0004/I025,NO,45.420872,7.925319,52.0,36287.727,13947.248
PF04/0004/I025,NO,45.415395,7.92921,52.0,35675.139,14243.609
PF06/0004/I025,NO,45.422084,7.923944,52.0,36423.839,13841.501
PF07/0004/I025,NO,45.416418,7.92438,52.0,35793.832,13867.15
PF08/0004/I025,NO,45.419786,7.924084,52.0,36168.372,13848.982
PF09/0004/I025,NO,45.414103,7.92492,52.0,35536.162,13905.953
PF10/0004/I025,NO,45.417546,7.927423,52.0,35916.039,14106.91
PF11/0004/I025,NO,45.416873,7.920882,52.0,35848.057,13594.12
PF12/0004/I025,NO,45.414963,7.922348,52.0,35634.29,13706.048
PF13/0004/I025,NO,45.424142,7.91831,52.0,36658.318,13403.773
PF14/0004/I025,NO,45.421421,7.917518,52.0,36356.906,13337.712
PF01/0005/I025,NO,45.420469,7.93065,8.0,36237.37,14363.77
PF02/0005/I025,NO,45.420611,7.940865,52.0,36242.554,15163.131
PF03/0005/I025,NO,45.421215,7.93748,52.0,36313.217,14899.214
PF04/0005/I025,NO,45.417804,7.941346,52.0,35930.2,15196.666
PF05/0005/I025,NO,45.415621,7.939767,52.0,35689.317,15069.917
PF06/0005/I025,NO,45.418032,7.938436,52.0,35958.55,14969.356
PF07/0005/I025,NO,45.417821,7.930855,52.0,35942.94,14375.903
PF08/0005/I025,NO,45.418124,7.93509,52.0,35972.279,14707.672
PF09/0005/I025,NO,45.419948,7.934942,52.0,36174.99,14698.765
PF10/0005/I025,NO,45.416593,7.937232,52.0,35799.915,14872.989
PF11/0005/I025,NO,45.414368,7.936806,52.0,35553.145,14836.418
PF12/0005/I025,NO,45.416265,7.933552,52.0,35767.282,14584.611
PF14/0005/I025,NO,45.410803,7.937645,52.0,35156.203,14896.8
PF15/0005/I025,NO,45.413479,7.940096,52.0,35451.032,15092.574
PF16/0005/I025,NO,45.411054,7.939598,52.0,35182.144,15050.02
PF17/0005/I025,NO,45.412821,7.933927,52.0,35384.292,14608.841
PF18/0005/I025,NO,45.420465,7.934524,52.0,36232.867,14666.839
PF19/0005/I025,NO,45.414125,7.931466,52.0,35531.754,14418.22
PF01/0006/I025,NO,45.419405,7.946251,8.0,36103.06,15582.81
PF02/0006/I025,NO,45.420265,7.950432,52.0,36194.357,15911.174
PF03/0006/I025,NO,45.417581,7.948921,52.0,35897.675,15789.063
PF04/0006/I025,NO,45.414316,7.952928,52.0,35530.819,16097.824
PF05/0006/I025,NO,45.414343,7.943825,52.0,35543.191,15385.561
PF06/0006/I025,NO,45.416327,7.945281,52.0,35762.049,15502.414
PF07/0006/I025,NO,45.414651,7.947696,52.0,35573.441,15688.917
PF08/0006/I025,NO,45.412235,7.9466,52.0,35306.169,15599.665
PF09/0006/I025,NO,45.412053,7.949844,52.0,35282.631,15853.227
PF10/0006/I025,NO,45.410754,7.948679,52.0,35139.467,15760.182
PF11/0006/I025,NO,45.410725,7.943675,52.0,35141.344,15368.609
PF12/0006/I025,NO,45.421043,7.944207,52.0,36287.107,15425.236
PF13/0006/I025,NO,45.417434,7.951819,52.0,35878.388,16015.596
PF14/0006/I025,NO,45.412512,7.953085,52.0,35330.222,16107.531
PF02/0002/I052,NO,45.09428,7.740629,52.0,214.904,-1069.061
PF03/0002/I052,NO,45.095996,7.748664,52.0,395.76,-433.914
PF05/0002/I052,NO,45.092459,7.750521,21.0,0.565,-293.882
PF01/0003/I052,NO,45.094057,7.761079,52.0,165.263,539.676
PF04/0003/I052,NO,45.095636,7.758693,52.0,343.623,354.649
PF05/0003/I052,NO,45.094986,7.753884,21.0,277.183,-24.88
PF01/0004/I052,NO,45.093408,7.757658,52.0,97.375,269.351
PF03/0004/I052,NO,45.092689,7.755018,21.0,20.672,60.402
PF01/0006/I052,NO,45.091806,7.764856,52.0,-89.331,833.076
PF03/0006/I052,NO,45.092158,7.774045,21.0,-61.169,1556.737
PF04/0007/I052,NO,45.088914,7.771066,21.0,-417.98,1316.837
PF02/0008/I052,NO,45.090591,7.761,52.0,-219.653,527.528
PF04/0008/I052,NO,45.083817,7.763922,52.0,-975.649,746.003
PF05/0008/I052,NO,45.090456,7.75582,12.0,-228.39,119.722
PF06/0008/I052,NO,45.087472,7.75712,21.0,-561.475,216.906
PF02/0009/I052,NO,45.084537,7.748743,52.0,-877.287,-447.378
PF03/0009/I052,NO,45.089416,7.752241,21.0,-339.528,-163.696
PF02/0010/I052,NO,45.087327,7.744332,52.0,-561.987,-789.731
PF04/0010/I052,NO,45.089858,7.743688,21.0,-280.009,-835.988
PF05/0010/I052,NO,45.084981,7.740512,52.0,-817.986,-1094.38
PF01/0011/I052,NO,45.084522,7.744923,52.0,-874.378,-748.06
PF04/0011/I052,NO,45.079438,7.74147,52.0,-1434.857,-1028.604
PF05/0011/I052,NO,45.078181,7.748163,52.0,-1582.746,-503.918
PF07/0011/I052,NO,45.080859,7.747706,21.0,-1284.635,-535.298
PF03/0013/I052,NO,45.076673,7.758138,52.0,-1762.351,278.62
PF04/0013/I052,NO,45.081904,7.756044,21.0,-1178.746,122.702
PF01/0015/I052,NO,45.066552,7.760885,52.0,-2890.003,477.585
PF02/0015/I052,NO,45.06679,7.756192,21.0,-2857.947,108.562
PF02/0016/I052,NO,45.070283,7.750118,52.0,-2462.539,-363.622
PF03/0016/I052,NO,45.065419,7.749957,21.0,-3002.633,-384.681
PF03/0018/I052,NO,45.06152,7.741331,52.0,-3425.278,-1070.499
PF04/0018/I052,NO,45.053737,7.742613,21.0,-4291.435,-983.025
PF07/0001/I116,NO,45.14065,7.766564,52.0,5334.815,1050.258
PF14/0001/I116,NO,45.142252,7.75034,12.0,5532.364,-222.557
PF17/0001/I116,NO,45.137966,7.756396,52.0,5048.895,246.236
PF18/0001/I116,NO,45.144851,7.755218,21.0,5815.159,165.392
PF06/0002/I116,NO,45.129215,7.752481,52.0,4081.467,-76.585
PF07/0002/I116,NO,45.125051,7.75012,62.0,3621.78,-269.454
PF11/0002/I116,NO,45.135416,7.751251,52.0,4771.814,-162.721
PF12/0002/I116,NO,45.137224,7.74738,52.0,4977.377,-463.965
PF15/0002/I116,NO,45.124572,7.763034,21.0,3552.932,745.408
PF16/0002/I116,NO,45.123063,7.751397,21.0,3399.296,-172.436
PF17/0002/I116,NO,45.129338,7.748813,21.0,4099.599,-364.859
PF07/0003/I116,NO,45.125937,7.780372,52.0,3683.787,2111.215
PF09/0003/I116,NO,45.132846,7.766792,52.0,4467.576,1054.964
PF10/0003/I116,NO,45.12763,7.772064,52.0,3881.774,1460.696
PF12/0003/I116,NO,45.127985,7.787785,52.0,3902.586,2697.605
PF14/0003/I116,NO,45.123061,7.771814,52.0,3374.536,1433.321
PF17/0003/I116,NO,45.128803,7.782632,52.0,3999.591,2293.768
PF18/0003/I116,NO,45.128976,7.778992,52.0,4023.093,2007.843
PF19/0003/I116,NO,45.130525,7.784639,52.0,4188.494,2454.455
PF23/0003/I116,NO,45.130141,7.776368,52.0,4155.581,1803.446
PF25/0003/I116,NO,45.135707,7.773879,52.0,4776.978,1617.033
PF26/0003/I116,NO,45.125425,7.788211,52.0,3617.688,2726.889
PF27/0003/I116,NO,45.124703,7.784003,21.0,3542.45,2394.721
PF02/0004/I116,NO,45.104345,7.71671,52.0,1362.666,-2933.484
PF03/0004/I116,NO,45.111377,7.720291,52.0,2139.396,-2639.418
PF04/0004/I116,NO,45.109082,7.728773,52.0,1873.917,-1976.172
PF05/0004/I116,NO,45.101853,7.724527,52.0,1076.145,-2322.887
PF06/0004/I116,NO,45.107253,7.720808,52.0,1680.6,-2605.961
PF07/0004/I116,NO,45.103483,7.732764,21.0,1246.957,-1671.96
PF07/0005/I116,NO,45.104892,7.742387,52.0,1391.715,-912.454
PF10/0005/I116,NO,45.12185,7.737941,62.0,3281.056,-1232.784
PF11/0005/I116,NO,45.121014,7.745633,52.0,3178.75,-629.242
PF12/0005/I116,NO,45.105724,7.735951,52.0,1492.0,-1417.349
PF15/0005/I116,NO,45.109374,7.74146,21.0,1890.755,-977.576
PF03/0006/I116,NO,45.112688,7.759719,52.0,2236.732,464.395
PF04/0006/I116,NO,45.118096,7.769043,52.0,2826.219,1206.992
PF07/0006/I116,NO,45.111512,7.751825,52.0,2115.603,-158.595
PF09/0006/I116,NO,45.114079,7.777204,52.0,2370.299,1842.185
PF11/0006/I116,NO,45.12019,7.762585,52.0,3066.614,702.601
PF13/0006/I116,NO,45.109882,7.763634,52.0,1920.24,767.629
PF14/0006/I116,NO,45.110371,7.769079,52.0,1968.012,1196.766
PF15/0006/I116,NO,45.112781,7.772148,21.0,2232.152,1442.23
PF04/0007/I116,NO,45.097729,7.729,52.0,612.4,-1978.15
PF12/0007/I116,NO,45.092744,7.738151,52.0,47.372,-1266.712
PF13/0007/I116,NO,45.091026,7.73405,52.0,-138.503,-1592.415
PF14/0007/I116,NO,45.091213,7.726154,52.0,-107.962,-2213.485
PF16/0007/I116,NO,45.096889,7.737896,52.0,508.16,-1279.632
PF19/0007/I116,NO,45.094222,7.718912,21.0,235.311,-2778.039
PF20/0007/I116,NO,45.095364,7.726162,21.0,353.225,-2205.541
PF02/0008/I116,NO,45.093545,7.756027,52.0,114.506,141.276
PF05/0008/I116,NO,45.105244,7.750659,52.0,1420.732,-261.063
PF07/0008/I116,NO,45.100241,7.743023,52.0,874.269,-870.457
PF11/0008/I116,NO,45.106751,7.757566,52.0,1579.782,284.921
PF13/0008/I116,NO,45.09561,7.753495,52.0,347.009,-54.456
PF14/0008/I116,NO,45.092202,7.746582,21.0,-23.231,-604.236
PF02/0009/I116,NO,45.093436,7.770097,52.0,85.48,1248.255
PF04/0009/I116,NO,45.090344,7.763065,52.0,-249.515,689.64
PF05/0009/I116,NO,45.093222,7.759927,52.0,73.92,447.595
PF07/0009/I116,NO,45.094725,7.766715,52.0,232.778,984.272
PF13/0009/I116,NO,45.102861,7.762666,52.0,1141.498,679.53
PF14/0009/I116,NO,45.096001,7.760927,52.0,381.408,531.01
PF15/0009/I116,NO,45.106581,7.772792,52.0,1542.609,1482.442
PF16/0009/I116,NO,45.101408,7.776822,62.0,963.056,1790.781
PF17/0009/I116,NO,45.09052,7.770161,52.0,-238.528,1248.341
PF18/0009/I116,NO,45.103015,7.769252,52.0,1150.648,1197.972
PF19/0009/I116,NO,45.099657,7.769295,52.0,777.519,1195.616
PF20/0009/I116,NO,45.106171,7.768445,21.0,1502.234,1139.762
PF06/0010/I116,NO,45.082369,7.722308,21.0,-1085.688,-2531.653
PF03/0011/I116,NO,45.081532,7.739339,52.0,-1199.676,-1192.689
PF06/0011/I116,NO,45.084968,7.727458,21.0,-803.323,-2121.78
PF03/0012/I116,NO,45.089393,7.756843,52.0,-347.697,198.396
PF04/0012/I116,NO,45.087107,7.754847,52.0,-599.21,37.438
PF05/0012/I116,NO,45.090523,7.749952,52.0,-213.846,-341.933
PF06/0012/I116,NO,45.088788,7.766512,52.0,-426.581,958.261
PF08/0012/I116,NO,45.082139,7.754046,52.0,-1150.185,-34.1
PF11/0012/I116,NO,45.087024,7.748521,52.0,-600.74,-460.544
PF13/0012/I116,NO,45.090621,7.74126,52.0,-192.277,-1025.745
PF15/0012/I116,NO,45.084491,7.767397,52.0,-904.973,1020.66
PF17/0012/I116,NO,45.08675,7.763623,21.0,-649.491,727.419
PF03/0013/I116,NO,45.100134,7.773838,52.0,825.159,1553.866
PF05/0013/I116,NO,45.093336,7.777775,52.0,65.274,1852.199
PF06/0013/I116,NO,45.09311,7.774088,52.0,44.454,1561.76
PF07/0013/I116,NO,45.091413,7.778197,52.0,-148.927,1882.199
PF08/0013/I116,NO,45.093364,7.782624,52.0,62.614,2233.831
PF10/0013/I116,NO,45.090219,7.774482,52.0,-277.151,1587.895
PF18/0013/I116,NO,45.079627,7.778196,52.0,-1458.176,1862.325
PF19/0013/I116,NO,45.087187,7.783852,52.0,-625.136,2320.157
PF20/0013/I116,NO,45.086521,7.774194,52.0,-687.552,1558.967
PF21/0013/I116,NO,45.09658,7.780121,52.0,422.788,2042.308
PF22/0013/I116,NO,45.093134,7.786807,52.0,32.114,2562.656
PF23/0013/I116,NO,45.082703,7.773676,52.0,-1111.158,1511.751
PF24/0013/I116,NO,45.087383,7.779835,52.0,-598.51,2004.352
PF27/0013/I116,NO,45.081719,7.781198,21.0,-1229.442,2102.118
PF03/0014/I116,NO,45.096174,7.712402,12.0,460.307,-3286.838
PF04/0014/I116,NO,45.091596,7.716749,21.0,-53.684,-2952.908
PF04/0016/I116,NO,45.052098,7.818029,52.0,-4562.981,4952.856
PF08/0016/I116,NO,45.048037,7.822497,52.0,-5019.265,5298.127
PF09/0016/I116,NO,45.063041,7.741034,21.0,-3255.876,-1091.254
PF10/0016/I116,NO,45.071551,7.738157,21.0,-2307.04,-1302.975
PF04/0003/I736,NO,45.095938,7.75576,21.0,380.681,124.37
PF02/0004/I736,NO,45.090039,7.74167,52.0,-257.467,-994.483
PF03/0004/I736,NO,45.093998,7.750996,21.0,170.963,-253.831
PF03/0005/I736,NO,45.090336,7.751582,52.0,-236.607,-214.027
PF04/0005/I736,NO,45.09216,7.753912,21.0,-36.767,-27.505
PF01/0006/I736,NO,45.093381,7.7606,52.0,90.767,500.853
PF04/0006/I736,NO,45.093535,7.756899,62.0,112.375,209.901
PF05/0006/I736,NO,45.091457,7.768157,21.0,-132.036,1092.236
PF03/0007/I736,NO,45.092264,7.773055,52.0,-48.252,1478.999
PF05/0007/I736,NO,45.093445,7.776431,21.0,78.946,1746.663
PF02/0008/I736,NO,45.087885,7.775725,52.0,-537.87,1681.745
PF06/0008/I736,NO,45.088511,7.771167,21.0,-462.86,1324.111
PF06/0009/I736,NO,45.089492,7.763049,52.0,-344.208,686.939
PF08/0009/I736,NO,45.083848,7.757915,52.0,-964.948,273.297
PF11/0009/I736,NO,45.090053,7.7585,21.0,-276.381,329.94
PF02/0010/I736,NO,45.087743,7.752834,52.0,-526.095,-119.916
PF04/0010/I736,NO,45.085139,7.742112,52.0,-802.369,-968.229
PF05/0010/I736,NO,45.089605,7.754267,21.0,-321.067,-3.99
PF02/0011/I736,NO,45.083222,7.734456,52.0,-1005.887,-1574.055
PF05/0011/I736,NO,45.087983,7.734694,21.0,-477.355,-1547.04
PF02/0012/I736,NO,45.083174,7.72152,21.0,-995.277,-2592.269
PF03/0012/I736,NO,45.083915,7.724774,21.0,-917.004,-2334.865
PF02/0013/I736,NO,45.08144,7.740032,52.0,-1210.75,-1138.326
PF03/0013/I736,NO,45.078792,7.730543,52.0,-1493.264,-1889.716
PF08/0013/I736,NO,45.080555,7.735752,21.0,-1303.819,-1476.685
PF03/0014/I736,NO,45.078866,7.748835,52.0,-1507.441,-449.851
PF04/0014/I736,NO,45.078668,7.754963,21.0,-1536.841,32.106
PF05/0015/I736,NO,45.071841,7.75468,52.0,-2294.994,-1.872
PF06/0015/I736,NO,45.078834,7.744602,21.0,-1505.779,-783.11
PF03/0016/I736,NO,45.077917,7.757077,21.0,-1622.862,197.231
PF01/0001/I767,NO,45.10496,7.770863,52.0,1364.82,1327.963
PF02/0004/I767,NO,45.103032,7.767621,52.0,1154.521,1069.617
PF01/0005/I767,NO,45.106904,7.768,52.0,1584.21,1106.037
PF03/0005/I767,NO,45.105078,7.765346,12.0,1384.5,894.1
PF04/0005/I767,NO,45.102749,7.762715,52.0,1128.943,683.183
PF06/0005/I767,NO,45.104171,7.762599,12.0,1287.0,676.5
PF07/0005/I767,NO,45.10357,7.758923,12.0,1224.721,386.211
PF03/0006/I767,NO,45.097789,7.754681,52.0,587.583,42.645
PF05/0006/I767,NO,45.099999,7.759721,52.0,827.08,442.969
PF06/0006/I767,NO,45.094279,7.756529,52.0,195.498,182.056
PF01/0007/I767,NO,45.101495,7.753073,8.0,1001.27,-77.58
PF02/0007/I767,NO,45.093405,7.752206,52.0,103.626,-159.605
PF04/0007/I767,NO,45.102241,7.7437,52.0,1095.624,-813.69
PF06/0007/I767,NO,45.099909,7.747102,52.0,832.32,-550.097
PF07/0007/I767,NO,45.096351,7.752143,62.0,430.971,-159.576
PF08/0007/I767,NO,45.097595,7.748815,52.0,573.158,-419.298
PF09/0007/I767,NO,45.099458,7.751113,52.0,777.322,-235.265
PF10/0007/I767,NO,45.09989,7.744531,52.0,833.438,-752.352
PF12/0007/I767,NO,45.095032,7.74941,62.0,287.725,-376.847
PF13/0007/I767,NO,45.101533,7.753068,52.0,1005.533,-77.879
PF14/0007/I767,NO,45.102517,7.74626,52.0,1123.104,-611.793
PF15/0007/I767,NO,45.097064,7.746161,52.0,517.499,-628.988
PF16/0007/I767,NO,45.103778,7.749959,10.0,1258.712,-318.609
PF02/0008/I767,NO,45.092745,7.755088,52.0,26.819,66.045
PF02/0009/I767,NO,45.091818,7.752837,52.0,-73.47,-112.679
PF03/0009/I767,NO,45.090714,7.754028,52.0,-197.561,-20.884
PF04/0009/I767,NO,45.090982,7.751449,62.0,-164.686,-223.328
PF01/0010/I767,NO,45.093351,7.748085,52.0,102.601,-484.039
PF02/0010/I767,NO,45.091916,7.742607,52.0,-50.118,-917.527
PF03/0010/I767,NO,45.095684,7.746333,52.0,363.942,-617.852
PF01/0011/I767,NO,45.087228,7.742935,62.0,-571.262,-899.813
PF02/0011/I767,NO,45.090313,7.73952,62.0,-224.353,-1163.201
PF03/0011/I767,NO,45.094662,7.740042,52.0,258.102,-1114.663
PF01/0012/I767,NO,45.08592,7.726989,12.0,-697.0,-2157.0
PF02/0012/I767,NO,45.088415,7.725574,12.0,-418.0,-2264.0
PF03/0012/I767,NO,45.085811,7.729736,12.0,-712.5,-1941.0
PF01/0013/I767,NO,45.079019,7.741822,52.0,-1481.919,-1001.635
PF03/0014/I767,NO,45.08212,7.74758,52.0,-1144.382,-543.093
PF04/0014/I767,NO,45.091688,7.74659,52.0,-80.256,-604.482
PF06/0014/I767,NO,45.089729,7.742437,52.0,-292.808,-934.658
PF07/0014/I767,NO,45.086682,7.746475,52.0,-636.233,-622.199
PF08/0014/I767,NO,45.080303,7.747971,52.0,-1346.762,-515.428
PF09/0014/I767,NO,45.081743,7.744721,52.0,-1182.84,-768.749
PF10/0014/I767,NO,45.089563,7.743734,62.0,-312.9,-832.878
PF01/0015/I767,NO,45.091707,7.750618,52.0,-83.053,-287.482
PF02/0015/I767,NO,45.089354,7.75271,52.0,-346.99,-126.897
PF03/0015/I767,NO,45.086438,7.752899,52.0,-671.157,-117.045
PF04/0015/I767,NO,45.085223,7.756192,52.0,-810.165,140.037
PF05/0015/I767,NO,45.089704,7.74923,62.0,-303.933,-400.168
PF06/0015/I767,NO,45.08801,7.750049,52.0,-493.053,-338.662
PF08/0015/I767,NO,45.084638,7.751818,52.0,-869.89,-205.165
PF02/0016/I767,NO,45.08811,7.756468,52.0,-489.812,166.665
PF04/0016/I767,NO,45.090743,7.757508,52.0,-198.564,253.018
PF05/0016/I767,NO,45.084466,7.760058,52.0,-898.911,442.972
PF06/0016/I767,NO,45.087816,7.759117,52.0,-525.694,374.672
PF07/0016/I767,NO,45.090569,7.763132,52.0,-224.621,695.288
PF08/0016/I767,NO,45.088603,7.764297,52.0,-444.442,783.599
PF04/0018/I767,NO,45.080692,7.750982,52.0,-1307.237,-277.782
PF01/0999/I767,NO,45.105015,7.750981,52.0,1394.909,-236.095
PF01/0001/I857,NO,45.392258,7.934542,8.0,33099.13,14626.75
PF03/0001/I857,NO,45.391876,7.947686,52.0,33043.157,15655.026
PF04/0001/I857,NO,45.389489,7.940512,52.0,32785.35,15089.965
PF07/0001/I857,NO,45.391034,7.944774,52.0,32952.643,15425.845
PF08/0001/I857,NO,45.393474,7.944439,52.0,33224.054,15403.192
PF01/0002/I857,NO,45.384822,7.939434,52.0,32267.942,14998.798
PF02/0003/I857,NO,45.381716,7.950807,52.0,31911.2,15884.625
PF03/0003/I857,NO,45.383361,7.947574,52.0,32097.344,15633.923
PF06/0003/I857,NO,45.379904,7.949044,52.0,31711.782,15744.011
PF07/0003/I857,NO,45.387981,7.946028,52.0,32612.149,15519.599
PF08/0003/I857,NO,45.381377,7.946464,52.0,31878.038,15544.125
PF09/0003/I857,NO,45.382112,7.94229,12.0,31963.98,15218.379
PF01/0004/I857,NO,45.388286,7.949947,8.0,32642.08,15826.83
PF02/0004/I857,NO,45.384524,7.954036,52.0,32219.947,16141.488
PF03/0004/I857,NO,45.384601,7.950697,52.0,32231.876,15880.236
PF04/0004/I857,NO,45.386402,7.951602,52.0,32431.005,15953.66
PF05/0004/I857,NO,45.387328,7.954305,52.0,32531.155,16166.6
PF06/0004/I857,NO,45.386437,7.949559,52.0,32437.028,15793.802
PF01/0006/I857,NO,45.379064,7.943494,52.0,31624.119,15308.181
PF03/0006/I857,NO,45.376334,7.943708,52.0,31320.608,15320.963
PF04/0006/I857,NO,45.377869,7.948442,52.0,31486.273,15693.855
PF01/0007/I857,NO,45.381657,7.95834,8.0,31897.01,16474.3
PF02/0007/I857,NO,45.382717,7.954225,52.0,32018.965,16153.659
PF03/0007/I857,NO,45.383495,7.956975,52.0,32102.582,16370.104
PF04/0007/I857,NO,45.375305,7.961336,52.0,31188.304,16699.776
PF06/0007/I857,NO,45.373826,7.954334,8.0,31031.15,16149.41
PF08/0007/I857,NO,45.373026,7.956627,52.0,30939.898,16327.765
PF10/0007/I857,NO,45.380845,7.953489,52.0,31811.703,16093.324
PF11/0007/I857,NO,45.371722,7.953832,52.0,30797.919,16107.046
PF13/0007/I857,NO,45.374719,7.951279,52.0,31133.376,15911.432
PF14/0007/I857,NO,45.373528,7.951887,52.0,31000.541,15957.337
PF01/0001/I880,NO,45.106698,7.75553,52.0,1576.336,124.618
PF02/0001/I880,NO,45.105521,7.751991,52.0,1449.904,-155.748
PF03/0001/I880,NO,45.103462,7.754331,52.0,1218.257,24.78
PF01/0002/I880,NO,45.106662,7.766466,52.0,1559.099,984.929
PF03/0003/I880,NO,45.106243,7.772862,62.0,1504.904,1487.381
PF04/0003/I880,NO,45.103021,7.773809,62.0,1145.899,1556.478
PF05/0003/I880,NO,45.103219,7.770122,62.0,1172.238,1266.751
PF06/0003/I880,NO,45.106209,7.768703,52.0,1506.101,1160.124
PF03/0005/I880,NO,45.097178,7.747597,52.0,528.422,-515.802
PF04/0005/I880,NO,45.104186,7.742069,52.0,1313.629,-938.698
PF05/0005/I880,NO,45.102081,7.742649,12.0,1079.05,-896.69
PF01/0006/I880,NO,45.092495,7.754254,8.0,0.0,0.0
PF03/0006/I880,NO,45.097518,7.750341,52.0,562.794,-299.328
PF04/0006/I880,NO,45.094321,7.75295,52.0,204.455,-99.505
PF07/0006/I880,NO,45.095761,7.75369,52.0,363.584,-38.825
PF08/0006/I880,NO,45.094537,7.756081,52.0,224.665,147.24
PF09/0006/I880,NO,45.101722,7.750665,52.0,1029.42,-266.6
PF10/0006/I880,NO,45.100413,7.760032,52.0,872.721,468.157
PF11/0006/I880,NO,45.095282,7.751109,52.0,313.451,-242.757
PF12/0006/I880,NO,45.099828,7.754519,52.0,814.386,33.326
PF01/0007/I880,NO,45.093292,7.762533,52.0,78.527,652.819
PF02/0007/I880,NO,45.094218,7.760297,52.0,184.112,478.419
PF03/0007/I880,NO,45.095402,7.763441,52.0,311.922,727.851
PF04/0007/I880,NO,45.092921,7.758873,52.0,41.732,364.186
PF06/0007/I880,NO,45.091697,7.761595,52.0,-97.499,576.276
PF07/0007/I880,NO,45.098547,7.762235,52.0,662.741,638.249
PF08/0007/I880,NO,45.097718,7.759463,52.0,574.018,418.747
PF09/0007/I880,NO,45.093111,7.768463,52.0,51.346,1119.115
PF02/0008/I880,NO,45.093234,7.780138,52.0,51.091,2037.992
PF04/0008/I880,NO,45.098556,7.773493,52.0,650.258,1524.065
PF05/0008/I880,NO,45.09997,7.779696,52.0,799.87,2014.543
PF06/0008/I880,NO,45.09592,7.772344,52.0,358.759,1429.236
PF07/0008/I880,NO,45.097245,7.769403,52.0,509.419,1200.076
PF08/0008/I880,NO,45.093869,7.78386,52.0,117.162,2331.949
PF01/0009/I880,NO,45.093232,7.7389,52.0,100.604,-1206.992
PF01/0010/I880,NO,45.090433,7.740489,52.0,-212.203,-1086.766
PF02/0011/I880,NO,45.091957,7.752025,52.0,-57.004,-176.372
PF03/0011/I880,NO,45.091839,7.74677,52.0,-63.759,-590.076
PF04/0011/I880,NO,45.088567,7.748015,62.0,-428.785,-497.723
PF01/0012/I880,NO,45.089965,7.756725,62.0,-283.981,190.089
PF02/0012/I880,NO,45.089726,7.753457,62.0,-306.554,-67.517
PF03/0012/I880,NO,45.087462,7.754094,52.0,-558.907,-21.247
PF01/0013/I880,NO,45.090056,7.769834,52.0,-289.68,1221.865
PF01/0014/I880,NO,45.093006,7.773421,52.0,33.729,1509.037
PF03/0014/I880,NO,45.089556,7.775,52.0,-351.373,1627.483
PF04/0014/I880,NO,45.089146,7.778371,52.0,-400.95,1892.123
PF01/0020/I880,NO,45.086593,7.776377,52.0,-682.167,1730.887
PF02/0021/I880,NO,45.083038,7.784021,52.0,-1086.225,2326.507
PF02/0999/I880,NO,45.095749,7.788503,52.0,320.633,2700.419
PF03/0999/I880,NO,45.106532,7.747497,52.0,1567.609,-507.582
PF04/0999/I880,NO,45.109206,7.744204,52.0,1868.749,-762.032
PF05/0999/I880,NO,45.110494,7.747523,52.0,2007.721,-498.738
PF06/0999/I880,NO,45.100632,7.780127,52.0,872.976,2049.518
PF07/0999/I880,NO,45.080864,7.787694,8.0,-1332.037,2611.944
PF08/0999/I880,NO,45.088541,7.785805,52.0,-477.002,2476.098
PF09/0999/I880,NO,45.104961,7.72842,52.0,1416.491,-2011.17
PF10/0999/I880,NO,45.110812,7.733691,52.0,2059.994,-1586.231
PF11/0999/I880,NO,45.103185,7.73597,52.0,1209.899,-1420.241
PF12/0999/I880,NO,45.10648,7.777716,52.0,1525.515,1869.707
PF13/0999/I880,NO,45.105433,7.740531,12.0,1454.06,-1057.54
PF02/0001/L007,NO,45.291615,8.075311,52.0,21781.88,25517.278
PF03/0001/L007,NO,45.291423,8.067843,52.0,21767.259,24931.414
PF05/0001/L007,NO,45.293336,8.07061,52.0,21977.261,25150.895
PF06/0001/L007,NO,45.288649,8.069664,52.0,21457.463,25070.651
PF12/0001/L007,NO,45.285555,8.082629,52.0,21102.061,26083.434
PF15/0001/L007,NO,45.288158,8.079575,52.0,21393.978,25847.259
PF16/0001/L007,NO,45.292088,8.079604,52.0,21830.583,25854.556
PF17/0001/L007,NO,45.291982,8.070893,52.0,21826.646,25171.327
PF18/0001/L007,NO,45.291584,8.073662,52.0,21779.856,25387.975
PF19/0001/L007,NO,45.285562,8.077236,52.0,21107.661,25660.553
PF20/0001/L007,NO,45.287344,8.067125,52.0,21314.745,24869.896
PF21/0001/L007,NO,45.289591,8.071872,52.0,21560.138,25245.065
PF10/0002/L007,NO,45.29101,8.095496,52.0,21696.616,27099.393
PF18/0002/L007,NO,45.294251,8.093761,52.0,22058.211,26967.317
PF19/0002/L007,NO,45.290351,8.101003,52.0,21618.661,27530.394
PF20/0002/L007,NO,45.293746,8.097747,52.0,21998.585,27279.285
PF23/0002/L007,NO,45.288332,8.088351,52.0,21405.459,26535.74
PF24/0002/L007,NO,45.291025,8.08384,52.0,21708.68,26185.347
PF25/0002/L007,NO,45.295644,8.096055,12.0,22211.0,27149.0
PF26/0002/L007,NO,45.289233,8.097807,52.0,21497.177,27278.346
PF27/0002/L007,NO,45.291466,8.092398,12.0,21750.0,26857.0
PF28/0002/L007,NO,45.294192,8.103872,10.0,22042.8,27760.1
PF01/0003/L007,NO,45.291127,8.109782,52.0,21697.211,28219.729
PF02/0003/L007,NO,45.290462,8.11316,52.0,21620.428,28483.868
PF03/0003/L007,NO,45.288389,8.107653,52.0,21394.807,28049.436
PF04/0003/L007,NO,45.288778,8.11148,52.0,21434.787,28350.032
PF08/0003/L007,NO,45.286222,8.117844,10.0,21145.3,28846.0
PF12/0003/L007,NO,45.284524,8.118918,52.0,20955.758,28928.19
PF14/0003/L007,NO,45.284758,8.109414,52.0,20989.949,28183.09
PF15/0003/L007,NO,45.286834,8.112926,52.0,21217.561,28461.076
PF17/0003/L007,NO,45.284131,8.116174,12.0,20914.5,28712.5
PF01/0004/L007,NO,45.277589,8.069129,8.0,20229.17,25014.56
PF02/0004/L007,NO,45.284378,8.080709,52.0,20972.985,25931.398
PF05/0004/L007,NO,45.280982,8.066,10.0,20609.0,24773.5
PF07/0004/L007,NO,45.281233,8.079413,62.0,20624.805,25825.775
PF08/0004/L007,NO,45.280006,8.075851,62.0,20491.697,25544.85
PF13/0004/L007,NO,45.279368,8.078613,52.0,20418.323,25760.665
PF16/0004/L007,NO,45.277001,8.078993,52.0,20155.018,25787.443
PF17/0004/L007,NO,45.283545,8.074332,52.0,20886.175,25430.187
PF02/0005/L007,NO,45.285506,8.093239,52.0,21087.219,26915.456
PF04/0005/L007,NO,45.285547,8.105914,52.0,21080.597,27909.604
PF05/0005/L007,NO,45.284833,8.084608,62.0,21020.035,26237.739
PF06/0005/L007,NO,45.28314,8.087587,52.0,20829.335,26469.296
PF10/0005/L007,NO,45.280053,8.088225,52.0,20485.793,26515.411
PF11/0005/L007,NO,45.280079,8.092814,62.0,20484.652,26875.362
PF14/0005/L007,NO,45.282659,8.083414,52.0,20779.569,26141.376
PF16/0005/L007,NO,45.281588,8.10119,52.0,20644.927,27534.225
PF17/0005/L007,NO,45.283499,8.097978,52.0,20860.02,27284.678
PF18/0005/L007,NO,45.284902,8.087989,52.0,21024.767,26502.966
PF19/0005/L007,NO,45.282769,8.09114,52.0,20785.011,26747.438
PF20/0005/L007,NO,45.280009,8.096845,62.0,20473.319,27191.443
PF21/0005/L007,NO,45.283317,8.103089,52.0,20835.358,27685.275
PF01/0006/L007,NO,45.276528,8.084629,7.0,20097.43,26228.94
PF02/0006/L007,NO,45.278868,8.083196,52.0,20358.646,26119.479
PF03/0006/L007,NO,45.280949,8.085028,52.0,20588.175,26265.763
PF04/0006/L007,NO,45.27429,8.083075,52.0,19850.117,26104.205
PF05/0006/L007,NO,45.280252,8.08159,52.0,20513.803,25995.275
PF06/0006/L007,NO,45.278163,8.086207,52.0,20277.699,26354.738
PF01/0007/L007,NO,45.278892,8.087823,52.0,20357.195,26482.42
PF03/0007/L007,NO,45.279618,8.100179,52.0,20426.98,27452.42
PF04/0007/L007,NO,45.278045,8.091654,52.0,20259.693,26781.859
PF05/0007/L007,NO,45.277635,8.098335,52.0,20208.321,27305.335
PF06/0007/L007,NO,45.275192,8.088311,52.0,19945.732,26516.023
PF09/0007/L007,NO,45.27396,8.093138,52.0,19804.578,26893.15
PF11/0007/L007,NO,45.273243,8.087658,52.0,19729.812,26462.393
PF13/0007/L007,NO,45.271532,8.085235,52.0,19541.815,26270.132
PF14/0007/L007,NO,45.271379,8.089862,52.0,19520.783,26632.914
PF17/0007/L007,NO,45.277917,8.102926,52.0,20235.617,27665.778
PF18/0007/L007,NO,45.272208,8.101436,52.0,19602.637,27541.857
PF19/0007/L007,NO,45.275434,8.102498,52.0,19960.135,27629.131
PF21/0007/L007,NO,45.271717,8.099055,52.0,19550.192,27354.497
PF22/0007/L007,NO,45.272288,8.100912,52.0,19612.004,27500.854
PF03/0008/L007,NO,45.280558,8.103996,52.0,20528.007,27752.961
PF04/0008/L007,NO,45.280463,8.110407,52.0,20511.906,28255.708
PF06/0008/L007,NO,45.280078,8.107008,52.0,20472.068,27988.598
PF14/0008/L007,NO,45.28079,8.113279,52.0,20545.772,28481.321
PF16/0008/L007,NO,45.282228,8.106078,52.0,20711.739,27918.306
PF17/0008/L007,NO,45.277522,8.10844,52.0,20186.852,28097.799
PF18/0008/L007,NO,45.274863,8.111391,10.0,19889.0,28326.0
PF20/0008/L007,NO,45.278651,8.112128,10.0,20309.152,28388.451
PF08/0009/L007,NO,45.278526,8.114805,52.0,20292.936,28598.238
PF09/0009/L007,NO,45.278993,8.124804,52.0,20336.306,29383.08
PF11/0009/L007,NO,45.276024,8.114325,52.0,20015.424,28557.538
PF12/0009/L007,NO,45.275474,8.128271,8.0,19942.32,29650.82
PF15/0009/L007,NO,45.275972,8.123718,52.0,20001.557,29294.293
PF16/0009/L007,NO,45.276864,8.120915,52.0,20103.037,29075.492
PF17/0009/L007,NO,45.274827,8.11782,52.0,19879.445,28830.254
PF18/0009/L007,NO,45.274749,8.125687,52.0,19864.018,29447.254
PF20/0009/L007,NO,45.283983,8.123209,10.0,20892.0,29264.0
PF21/0009/L007,NO,45.282061,8.118216,12.0,20682.782,28870.085
PF05/0010/L007,NO,45.273614,8.057727,52.0,19797.967,24115.024
PF08/0010/L007,NO,45.270311,8.053803,52.0,19434.666,23802.964
PF10/0010/L007,NO,45.271188,8.06269,52.0,19523.949,24501.241
PF13/0010/L007,NO,45.268787,8.062962,52.0,19256.952,24519.423
PF14/0010/L007,NO,45.268699,8.066171,52.0,19244.261,24771.101
PF15/0010/L007,NO,45.274632,8.050898,52.0,19917.343,23580.723
PF16/0010/L007,NO,45.268298,8.057634,52.0,19207.554,24100.844
PF19/0010/L007,NO,45.273132,8.06328,52.0,19739.354,24549.984
PF20/0010/L007,NO,45.271749,8.068256,52.0,19581.225,24938.521
PF22/0010/L007,NO,45.27164,8.060755,52.0,19575.945,24350.017
PF23/0010/L007,NO,45.274478,8.065294,52.0,19887.08,24709.745
PF01/0011/L007,NO,45.27043,8.083744,8.0,19420.72,26151.8
PF02/0011/L007,NO,45.274169,8.07374,52.0,19845.048,25371.813
PF03/0011/L007,NO,45.273317,8.079985,52.0,19744.811,25860.574
PF08/0011/L007,NO,45.276087,8.082035,52.0,20050.728,26024.929
PF09/0011/L007,NO,45.269564,8.070376,52.0,19336.589,25102.028
PF13/0011/L007,NO,45.275408,8.077601,52.0,19979.235,25676.241
PF14/0011/L007,NO,45.270596,8.078,52.0,19444.354,25701.404
PF15/0011/L007,NO,45.268456,8.074501,52.0,19209.73,25424.196
PF03/0012/L007,NO,45.268927,8.087135,52.0,19250.733,26415.897
PF05/0012/L007,NO,45.268453,8.097826,52.0,19188.662,27254.045
PF12/0012/L007,NO,45.263155,8.096087,52.0,18601.628,27111.03
PF14/0012/L007,NO,45.266419,8.096021,52.0,18964.279,27109.91
PF15/0012/L007,NO,45.270107,8.101374,52.0,19369.257,27534.368
PF16/0012/L007,NO,45.26587,8.100196,52.0,18899.6,27436.705
PF17/0012/L007,NO,45.268559,8.093534,52.0,19204.221,26917.466
PF18/0012/L007,NO,45.268018,8.102344,52.0,19136.333,27607.927
PF19/0012/L007,NO,45.264266,8.104167,52.0,18717.915,27746.285
PF20/0012/L007,NO,45.261919,8.100937,10.0,18460.0,27490.0
PF21/0012/L007,NO,45.271382,8.094722,52.0,19516.825,27014.188
PF22/0012/L007,NO,45.264719,8.090379,52.0,18780.377,26665.127
PF01/0013/L007,NO,45.26487,8.110804,8.0,18779.25,28267.69
PF05/0013/L007,NO,45.268256,8.108506,52.0,19157.482,28091.596
PF06/0013/L007,NO,45.267136,8.113041,52.0,19029.064,28445.99
PF11/0013/L007,NO,45.264896,8.11086,52.0,18782.149,28272.13
PF12/0013/L007,NO,45.263262,8.113471,52.0,18598.388,28474.998
PF13/0013/L007,NO,45.272171,8.107188,10.0,19593.5,27993.0
PF14/0013/L007,NO,45.271769,8.111748,52.0,19544.942,28350.245
PF05/0014/L007,NO,45.268468,8.119653,52.0,19171.33,28966.314
PF19/0014/L007,NO,45.260312,8.119097,52.0,18265.741,28912.808
PF20/0014/L007,NO,45.272592,8.12235,52.0,19627.205,29182.842
PF21/0014/L007,NO,45.266905,8.123408,52.0,18994.538,29259.014
PF02/0015/L007,NO,45.263128,8.052887,52.0,18637.556,23721.688
PF05/0015/L007,NO,45.259913,8.051807,52.0,18281.38,23632.788
PF13/0015/L007,NO,45.26617,8.05458,52.0,18973.897,23858.495
PF15/0015/L007,NO,45.263309,8.056065,52.0,18654.674,23971.267
PF16/0015/L007,NO,45.257999,8.056412,52.0,18064.509,23991.571
PF17/0015/L007,NO,45.261236,8.055555,52.0,18424.849,23928.585
PF18/0015/L007,NO,45.257722,8.060398,52.0,18030.0,24304.0
PF19/0015/L007,NO,45.2598,8.060079,52.0,18261.145,24281.679
PF02/0016/L007,NO,45.266017,8.059771,52.0,18952.116,24265.503
PF03/0016/L007,NO,45.265932,8.063076,52.0,18939.709,24524.738
PF04/0016/L007,NO,45.263397,8.061891,62.0,18659.174,24428.475
PF06/0016/L007,NO,45.260648,8.063828,52.0,18352.007,24576.892
PF07/0016/L007,NO,45.263608,8.066002,52.0,18678.84,24751.229
PF03/0017/L007,NO,45.266566,8.076983,52.0,18997.515,25616.507
PF05/0017/L007,NO,45.262983,8.075714,52.0,18600.655,25512.44
PF10/0017/L007,NO,45.257014,8.075275,52.0,17937.928,25470.359
PF12/0017/L007,NO,45.261886,8.067737,52.0,18485.985,24885.174
PF14/0017/L007,NO,45.266572,8.072314,52.0,19002.364,25250.286
PF15/0017/L007,NO,45.262023,8.072425,52.0,18496.912,25253.112
PF17/0017/L007,NO,45.257062,8.0707,12.0,17947.293,25111.444
PF18/0017/L007,NO,45.266004,8.068769,12.0,18942.45,24971.45
PF01/0018/L007,NO,45.261827,8.081479,8.0,18467.07,25963.27
PF02/0018/L007,NO,45.265889,8.088186,52.0,18912.335,26494.549
PF04/0018/L007,NO,45.26351,8.078269,52.0,18656.878,25713.573
PF12/0018/L007,NO,45.261547,8.082022,52.0,18435.393,26005.522
PF13/0018/L007,NO,45.253412,8.07805,52.0,17535.232,25683.549
PF16/0018/L007,NO,45.263522,8.087906,52.0,18649.646,26469.617
PF17/0018/L007,NO,45.265827,8.088072,52.0,18905.556,26485.509
PF18/0018/L007,NO,45.257691,8.081821,52.0,18007.278,25984.815
PF19/0018/L007,NO,45.267471,8.083824,52.0,19091.92,26154.342
PF20/0018/L007,NO,45.261691,8.077395,12.0,18455.521,25642.625
PF21/0018/L007,NO,45.262697,8.08538,12.0,18560.151,26270.382
PF02/0019/L007,NO,45.258532,8.062796,52.0,18117.834,24493.191
PF03/0019/L007,NO,45.257295,8.067117,52.0,17976.439,24830.631
PF04/0019/L007,NO,45.255743,8.061185,52.0,17809.463,24363.198
PF05/0019/L007,NO,45.255641,8.064166,52.0,17795.36,24596.975
PF07/0019/L007,NO,45.253156,8.062285,52.0,17521.041,24446.147
PF08/0019/L007,NO,45.251296,8.066474,52.0,17310.55,24772.464
PF10/0019/L007,NO,45.250533,8.061322,10.0,17230.5,24367.2
PF11/0019/L007,NO,45.249891,8.065116,52.0,17155.739,24664.11
PF12/0019/L007,NO,45.250851,8.070244,52.0,17257.796,25067.759
PF15/0019/L007,NO,45.259712,8.06551,52.0,18246.486,24707.634
PF16/0019/L007,NO,45.253889,8.071275,52.0,17594.329,25152.492
PF17/0019/L007,NO,45.253821,8.065925,52.0,17591.662,24732.655
PF23/0999/L007,NO,45.295128,8.073536,52.0,22173.664,25382.62
PF24/0999/L007,NO,45.249399,8.073773,52.0,17093.261,25342.831
PF25/0999/L007,NO,45.296152,8.07261,52.0,22288.267,25311.298
PF26/0999/L007,NO,45.295237,8.079863,52.0,22180.121,25878.832
PF27/0999/L007,NO,45.259302,8.098718,52.0,18171.217,27312.639
PF28/0999/L007,NO,45.253408,8.097186,52.0,17517.797,27185.087
PF29/0999/L007,NO,45.293816,8.084345,52.0,22018.276,26228.515
PF30/0999/L007,NO,45.296768,8.077296,52.0,22352.538,25679.522
PF31/0999/L007,NO,45.258893,8.091571,12.0,18132.101,26751.357
PF03/0001/L104,NO,45.094177,7.741554,52.0,202.317,-996.519
PF01/0002/L104,NO,45.097827,7.749503,52.0,598.174,-364.766
PF03/0002/L104,NO,45.101017,7.743133,52.0,960.315,-860.451
PF04/0002/L104,NO,45.09427,7.748884,12.0,203.797,-419.534
PF01/0003/L104,NO,45.096975,7.753055,52.0,499.17,-86.716
PF01/0004/L104,NO,45.099415,7.756403,10.0,766.235,180.876
PF02/0006/L104,NO,45.088742,7.746632,52.0,-407.65,-606.24
PF04/0006/L104,NO,45.088216,7.735392,12.0,-452.276,-1491.699
PF05/0006/L104,NO,45.091909,7.75042,52.0,-60.363,-302.705
PF06/0006/L104,NO,45.091027,7.747183,52.0,-154.424,-558.998
PF07/0006/L104,NO,45.092082,7.741386,52.0,-30.171,-1013.316
PF08/0006/L104,NO,45.09218,7.73837,52.0,-15.594,-1250.521
PF01/0007/L104,NO,45.092495,7.754254,8.0,0.0,0.0
PF02/0007/L104,NO,45.094433,7.753418,52.0,216.395,-62.53
PF03/0007/L104,NO,45.093738,7.740141,52.0,155.331,-1108.467
PF04/0007/L104,NO,45.096619,7.755227,52.0,457.04,83.613
PF05/0007/L104,NO,45.093533,7.757036,52.0,112.018,220.622
PF06/0007/L104,NO,45.092239,7.751088,52.0,-24.564,-249.644
PF07/0007/L104,NO,45.090577,7.75618,52.0,-215.375,148.237
PF02/0008/L104,NO,45.091973,7.758615,52.0,-63.204,342.238
PF01/0010/L104,NO,45.089532,7.751629,52.0,-325.948,-211.693
PF02/0010/L104,NO,45.086093,7.755433,52.0,-712.547,81.774
PF01/0012/L104,NO,45.078811,7.749224,52.0,-1514.035,-419.364
PF04/0013/L104,NO,45.083889,7.759184,52.0,-961.973,373.207
PF05/0013/L104,NO,45.080624,7.755499,52.0,-1320.284,77.655
PF06/0013/L104,NO,45.081546,7.759538,52.0,-1222.684,397.094
PF01/0015/L104,NO,45.09984,7.788677,52.0,774.811,2720.896
PF02/0015/L104,NO,45.101109,7.783038,52.0,922.458,2279.405
PF03/0015/L104,NO,45.106922,7.749235,52.0,1608.851,-370.211
PF01/0016/L104,NO,45.097728,7.784019,52.0,545.771,2350.904
PF01/0999/L104,NO,45.099056,7.777579,52.0,700.925,1846.452
PF01/0001/L223,NO,45.10566,7.752855,52.0,1464.25,-87.551
PF02/0001/L223,NO,45.104208,7.749437,52.0,1307.104,-358.974
PF03/0001/L223,NO,45.109547,7.747439,52.0,1902.632,-506.929
PF01/0003/L223,NO,45.099651,7.752793,52.0,796.81,-102.762
PF01/0004/L223,NO,45.101147,7.765179,12.0,947.975,874.303
PF01/0006/L223,NO,45.097621,7.748791,52.0,576.109,-421.138
PF02/0006/L223,NO,45.097958,7.742774,52.0,620.954,-893.929
PF03/0006/L223,NO,45.093654,7.741915,52.0,143.836,-969.003
PF02/0007/L223,NO,45.09417,7.747847,52.0,193.87,-501.346
PF03/0007/L223,NO,45.0924,7.748863,52.0,-3.959,-424.397
PF04/0007/L223,NO,45.096264,7.751438,52.0,422.144,-215.148
PF05/0007/L223,NO,45.092176,7.751436,52.0,-32.013,-222.317
PF01/0008/L223,NO,45.092495,7.754254,8.0,0.0,0.0
PF02/0008/L223,NO,45.094385,7.752202,52.0,212.446,-158.268
PF03/0008/L223,NO,45.094132,7.754899,52.0,181.062,53.517
PF02/0009/L223,NO,45.098963,7.75492,52.0,717.768,63.432
PF01/0010/L223,NO,45.098676,7.764163,52.0,674.7,790.201
PF02/0010/L223,NO,45.098635,7.767486,52.0,666.145,1051.605
PF03/0010/L223,NO,45.097083,7.770901,52.0,489.635,1317.638
PF04/0010/L223,NO,45.096337,7.763118,52.0,416.11,703.985
PF05/0010/L223,NO,45.095855,7.76561,52.0,359.571,899.279
PF01/0011/L223,NO,45.088952,7.742337,52.0,-379.08,-943.873
PF01/0012/L223,NO,45.091704,7.748688,52.0,-81.025,-439.347
PF03/0012/L223,NO,45.090589,7.750547,52.0,-207.191,-295.038
PF04/0012/L223,NO,45.090233,7.748662,10.0,-244.5,-444.0
PF05/0012/L223,NO,45.090902,7.753859,52.0,-176.46,-33.865
PF06/0012/L223,NO,45.089848,7.74855,52.0,-287.051,-453.452
PF07/0012/L223,NO,45.087462,7.749955,52.0,-553.856,-346.988
PF01/0013/L223,NO,45.091575,7.757365,52.0,-105.948,243.202
PF03/0013/L223,NO,45.08915,7.754089,52.0,-371.376,-18.717
PF04/0013/L223,NO,45.08717,7.755989,52.0,-593.682,127.425
PF05/0013/L223,NO,45.089129,7.759841,52.0,-380.65,433.853
PF01/0014/L223,NO,45.091258,7.762699,52.0,-147.597,662.362
PF02/0014/L223,NO,45.093478,7.759619,52.0,102.777,423.826
PF02/0016/L223,NO,45.083774,7.764665,52.0,-981.365,804.389
PF05/0016/L223,NO,45.080921,7.770435,62.0,-1305.211,1253.684
PF06/0016/L223,NO,45.089502,7.76457,52.0,-344.939,806.61
PF01/0017/L223,NO,45.086968,7.781493,52.0,-646.601,2134.104
PF02/0017/L223,NO,45.085107,7.771749,52.0,-841.763,1364.209
PF03/0017/L223,NO,45.086359,7.774194,52.0,-705.617,1558.665
PF04/0017/L223,NO,45.087175,7.771124,52.0,-611.275,1318.491
PF01/0018/L223,NO,45.091462,7.774575,52.0,-139.146,1597.275
PF01/0019/L223,NO,45.087097,7.786967,52.0,-638.81,2565.142
PF02/0019/L223,NO,45.083801,7.784405,52.0,-1001.863,2358.049
PF03/0019/L223,NO,45.085208,7.787582,52.0,-849.386,2610.43
PF02/0020/L223,NO,45.083348,7.790704,52.0,-1059.703,2853.032
PF03/0020/L223,NO,45.084694,7.790047,52.0,-909.395,2803.531
PF04/0020/L223,NO,45.08442,7.787544,52.0,-936.797,2606.076
PF05/0020/L223,NO,45.083404,7.794604,52.0,-1057.997,3160.055
PF01/0021/L223,NO,45.076985,7.779162,52.0,-1752.864,1933.934
PF02/0021/L223,NO,45.081575,7.778692,52.0,-1242.405,1904.649
PF03/0021/L223,NO,45.08248,7.775451,52.0,-1138.008,1651.101
PF01/0022/L223,NO,45.08034,7.782751,52.0,-1384.426,2222.061
PF02/0022/L223,NO,45.082734,7.78683,52.0,-1123.277,2547.129
PF01/0023/L223,NO,45.083331,7.733832,12.0,-993.0,-1623.0
PF01/0025/L223,NO,45.073078,7.765365,52.0,-2170.412,841.352
PF02/0025/L223,NO,45.075411,7.761395,52.0,-1906.526,532.816
PF03/0025/L223,NO,45.070289,7.762947,52.0,-2477.3,646.254
PF03/0026/L223,NO,45.07249,7.778201,52.0,-2251.103,1850.813
PF04/0026/L223,NO,45.071058,7.774411,52.0,-2405.646,1550.007
PF01/0001/L356,NO,45.125115,7.805511,8.0,3562.96,4086.95
PF01/0002/L356,NO,45.112014,7.821826,52.0,2088.75,5348.792
PF02/0002/L356,NO,45.113943,7.820701,52.0,2304.292,5263.393
PF01/0003/L356,NO,45.11866,7.809385,52.0,2841.413,4381.039
PF02/0003/L356,NO,45.112633,7.816403,52.0,2163.698,4923.205
PF03/0003/L356,NO,45.114089,7.810219,12.0,2332.6,4439.15
PF04/0004/L356,NO,45.115552,7.80579,52.0,2500.338,4093.171
PF05/0004/L356,NO,45.108726,7.808582,52.0,1738.736,4301.627
PF01/0005/L356,NO,45.115182,7.790533,52.0,2477.053,2892.445
PF03/0005/L356,NO,45.11212,7.791825,52.0,2135.323,2988.996
PF05/0005/L356,NO,45.115335,7.803459,52.0,2478.934,3909.453
PF06/0005/L356,NO,45.115427,7.79896,52.0,2494.307,3555.749
PF07/0005/L356,NO,45.112839,7.79483,52.0,2211.637,3226.57
PF01/0006/L356,NO,45.108012,7.792635,52.0,1678.032,3045.932
PF02/0006/L356,NO,45.107924,7.799722,10.0,1660.0,3603.3
PF04/0006/L356,NO,45.10946,7.800731,52.0,1829.406,3685.221
PF05/0006/L356,NO,45.105729,7.79828,52.0,1417.795,3486.175
PF03/0007/L356,NO,45.112329,7.789728,52.0,2161.036,2824.394
PF04/0007/L356,NO,45.111263,7.786071,52.0,2046.935,2534.966
PF06/0007/L356,NO,45.108349,7.785,8.0,1724.47,2445.85
PF08/0007/L356,NO,45.111776,7.780315,52.0,2110.761,2082.982
PF09/0007/L356,NO,45.115037,7.786281,52.0,2465.916,2557.75
PF01/0008/L356,NO,45.113163,7.776619,8.0,2269.18,1794.59
PF02/0008/L356,NO,45.118547,7.770826,8.0,2874.26,1348.04
PF03/0008/L356,NO,45.11556,7.774343,52.0,2538.226,1619.602
PF04/0009/L356,NO,45.116682,7.767182,32.0,2671.385,1058.22
PF05/0009/L356,NO,45.116657,7.770921,52.0,2664.192,1352.321
PF10/0009/L356,NO,45.118609,7.768973,52.0,2883.371,1202.409
PF12/0009/L356,NO,45.114785,7.769608,52.0,2457.759,1245.86
PF13/0009/L356,NO,45.114988,7.762334,12.0,2489.0,674.0
PF14/0009/L356,NO,45.116829,7.759497,12.0,2697.0,454.0
PF15/0009/L356,NO,45.120993,7.761817,12.0,3156.831,643.562
PF02/0010/L356,NO,45.108928,7.767676,52.0,1809.427,1083.93
PF03/0010/L356,NO,45.110516,7.760944,52.0,1993.975,557.062
PF04/0010/L356,NO,45.114618,7.757072,52.0,2454.252,259.506
PF03/0011/L356,NO,45.112634,7.749942,52.0,2242.574,-304.747
PF04/0011/L356,NO,45.108931,7.751306,52.0,1829.498,-203.818
PF05/0011/L356,NO,45.11395,7.74644,52.0,2393.004,-578.0
PF01/0012/L356,NO,45.107129,7.748126,52.0,1633.157,-457.115
PF02/0012/L356,NO,45.104562,7.750394,52.0,1345.233,-283.09
PF04/0012/L356,NO,45.104745,7.754996,52.0,1359.983,79.291
PF06/0012/L356,NO,45.101454,7.752789,52.0,997.108,-99.972
PF07/0012/L356,NO,45.09898,7.754234,52.0,720.449,9.481
PF08/0012/L356,NO,45.099771,7.757087,52.0,804.862,235.31
PF11/0012/L356,NO,45.107591,7.744729,52.0,1688.701,-723.503
PF12/0012/L356,NO,45.103867,7.751691,62.0,1266.507,-182.201
PF02/0013/L356,NO,45.101869,7.74446,52.0,1053.315,-754.565
PF03/0013/L356,NO,45.098007,7.733383,52.0,637.86,-1632.801
PF04/0013/L356,NO,45.095802,7.739104,52.0,385.857,-1186.429
PF05/0013/L356,NO,45.101925,7.737112,52.0,1068.547,-1332.593
PF06/0013/L356,NO,45.102321,7.732005,52.0,1118.827,-1733.709
PF01/0014/L356,NO,45.096118,7.73018,8.0,432.04,-1888.07
PF03/0014/L356,NO,45.098054,7.724949,52.0,653.555,-2296.275
PF04/0014/L356,NO,45.095973,7.730243,62.0,415.786,-1883.398
PF05/0014/L356,NO,45.096454,7.727791,52.0,472.247,-2075.461
PF06/0014/L356,NO,45.103744,7.722703,52.0,1288.417,-2463.009
PF07/0014/L356,NO,45.098372,7.729021,52.0,683.821,-1975.35
PF08/0014/L356,NO,45.104505,7.727625,12.0,1366.895,-2074.51
PF01/0015/L356,NO,45.097005,7.721633,52.0,541.092,-2559.039
PF02/0015/L356,NO,45.10018,7.724117,52.0,890.72,-2358.052
PF01/0016/L356,NO,45.09402,7.72238,8.0,208.62,-2505.54
PF02/0016/L356,NO,45.094253,7.726067,52.0,229.849,-2214.96
PF04/0016/L356,NO,45.094048,7.727191,62.0,205.761,-2126.893
PF04/0017/L356,NO,45.096714,7.741823,52.0,483.912,-970.925
PF06/0017/L356,NO,45.102342,7.743183,52.0,1107.395,-854.184
PF07/0017/L356,NO,45.094301,7.743375,52.0,213.967,-853.014
PF09/0017/L356,NO,45.100815,7.743813,52.0,937.021,-807.275
PF10/0017/L356,NO,45.097367,7.746065,52.0,551.244,-636.03
PF01/0018/L356,NO,45.09643,7.751104,8.0,441.01,-241.18
PF05/0018/L356,NO,45.092805,7.759759,8.0,27.78,433.68
PF09/0018/L356,NO,45.095062,7.747069,52.0,293.958,-560.997
PF10/0018/L356,NO,45.097216,7.759673,62.0,517.931,434.422
PF11/0018/L356,NO,45.095043,7.760825,52.0,275.128,521.369
PF12/0018/L356,NO,45.094341,7.763498,52.0,193.943,730.537
PF13/0018/L356,NO,45.096294,7.751372,52.0,425.563,-220.324
PF14/0018/L356,NO,45.098646,7.748784,52.0,689.972,-419.923
PF15/0018/L356,NO,45.096634,7.754766,52.0,459.191,47.368
PF16/0018/L356,NO,45.094993,7.757489,62.0,273.651,258.812
PF18/0018/L356,NO,45.09327,7.751087,52.0,90.005,-247.936
PF19/0018/L356,NO,45.09285,7.759072,52.0,33.608,379.709
PF02/0019/L356,NO,45.100672,7.764176,62.0,896.47,794.618
PF03/0019/L356,NO,45.098803,7.76177,52.0,691.69,602.1
PF04/0019/L356,NO,45.099434,7.766709,52.0,755.868,991.828
PF05/0019/L356,NO,45.099645,7.770772,52.0,774.442,1311.829
PF06/0019/L356,NO,45.100819,7.767666,52.0,908.636,1069.441
PF07/0019/L356,NO,45.098885,7.759191,52.0,703.935,399.37
PF03/0020/L356,NO,45.102937,7.761396,52.0,1151.449,579.712
PF04/0020/L356,NO,45.102807,7.757313,52.0,1141.874,258.317
PF05/0020/L356,NO,45.100742,7.760078,8.0,909.19,472.34
PF07/0020/L356,NO,45.103897,7.766029,52.0,1252.513,945.862
PF04/0021/L356,NO,45.098885,7.775048,52.0,684.936,1646.965
PF07/0021/L356,NO,45.101587,7.780154,52.0,979.055,2053.28
PF09/0021/L356,NO,45.100723,7.776463,52.0,887.416,1761.41
PF10/0021/L356,NO,45.101597,7.77211,52.0,989.732,1420.427
PF01/0022/L356,NO,45.098345,7.76481,52.0,637.149,840.525
PF02/0022/L356,NO,45.098587,7.768619,52.0,659.529,1140.614
PF03/0022/L356,NO,45.097006,7.772611,52.0,479.134,1452.071
PF04/0022/L356,NO,45.096225,7.769609,52.0,395.956,1214.566
PF05/0022/L356,NO,45.095015,7.775071,52.0,254.969,1642.253
PF09/0022/L356,NO,45.098827,7.767865,8.0,687.06,1081.71
PF10/0022/L356,NO,45.091237,7.763517,52.0,-150.86,726.764
PF11/0022/L356,NO,45.095186,7.765954,52.0,284.844,925.161
PF12/0022/L356,NO,45.097093,7.763575,52.0,499.522,741.232
PF13/0022/L356,NO,45.098605,7.773037,52.0,656.202,1488.29
PF14/0022/L356,NO,45.094086,7.770373,52.0,157.397,1271.02
PF15/0022/L356,NO,45.093015,7.766967,52.0,42.502,1001.2
PF01/0023/L356,NO,45.101026,7.790269,8.0,904.69,2848.13
PF04/0023/L356,NO,45.103238,7.792753,52.0,1147.506,3047.289
PF05/0023/L356,NO,45.101699,7.784705,52.0,986.031,2411.525
PF07/0023/L356,NO,45.099177,7.790906,52.0,698.607,2895.221
PF09/0023/L356,NO,45.097757,7.795175,12.0,535.817,3228.735
PF01/0024/L356,NO,45.104633,7.794342,52.0,1300.618,3174.613
PF02/0024/L356,NO,45.104434,7.7877,52.0,1286.301,2651.743
PF03/0024/L356,NO,45.10799,7.792406,52.0,1675.841,3027.885
PF04/0024/L356,NO,45.10713,7.785714,52.0,1588.182,2499.925
PF01/0025/L356,NO,45.102715,7.795506,52.0,1086.257,3262.957
PF02/0025/L356,NO,45.100304,7.796914,52.0,816.669,3369.782
PF03/0025/L356,NO,45.098214,7.80095,52.0,579.829,3683.883
PF01/0026/L356,NO,45.107696,7.805772,52.0,1627.627,4078.882
PF02/0026/L356,NO,45.108604,7.808907,52.0,1724.79,4326.933
PF03/0026/L356,NO,45.106338,7.807875,52.0,1474.266,4242.053
PF04/0026/L356,NO,45.106368,7.803635,52.0,1482.513,3908.547
PF02/0027/L356,NO,45.098746,7.805173,52.0,634.014,4016.994
PF04/0027/L356,NO,45.109221,7.811176,52.0,1790.668,4506.446
PF05/0027/L356,NO,45.105741,7.814045,52.0,1400.86,4726.513
PF06/0027/L356,NO,45.098837,7.81155,52.0,636.754,4518.959
PF08/0027/L356,NO,45.099153,7.818419,52.0,663.88,5059.864
PF01/0028/L356,NO,45.108308,7.82039,52.0,1678.647,5229.786
PF02/0028/L356,NO,45.10569,7.817068,52.0,1391.614,4964.231
PF02/0029/L356,NO,45.109432,7.82283,12.0,1800.8,5423.6
PF01/0031/L356,NO,45.098786,7.815401,52.0,626.64,4821.815
PF02/0031/L356,NO,45.094545,7.81681,52.0,153.843,4925.816
PF04/0031/L356,NO,45.093292,7.821918,52.0,8.76,5325.698
PF04/0032/L356,NO,45.0905,7.80372,52.0,-280.324,3889.192
PF05/0032/L356,NO,45.095552,7.809449,52.0,274.227,4348.239
PF06/0032/L356,NO,45.093707,7.803264,12.0,76.464,3858.582
PF01/0033/L356,NO,45.090369,7.800193,52.0,-290.809,3611.355
PF02/0034/L356,NO,45.096507,7.78025,52.0,414.555,2052.322
PF03/0034/L356,NO,45.096218,7.792808,52.0,367.628,3039.914
PF04/0034/L356,NO,45.092762,7.784998,52.0,-7.137,2419.613
PF05/0034/L356,NO,45.096195,7.79273,52.0,365.107,3033.784
PF01/0035/L356,NO,45.089192,7.793819,52.0,-414.149,3107.812
PF02/0035/L356,NO,45.091106,7.786986,52.0,-193.419,2573.284
PF01/0036/L356,NO,45.091815,7.776894,52.0,-102.714,1780.32
PF08/0036/L356,NO,45.088133,7.779146,52.0,-514.435,1951.413
PF01/0037/L356,NO,45.091736,7.76825,52.0,-101.175,1099.997
PF03/0037/L356,NO,45.089652,7.772016,52.0,-337.191,1392.86
PF04/0037/L356,NO,45.089672,7.769921,52.0,-332.429,1228.061
PF05/0037/L356,NO,45.088686,7.764283,52.0,-435.22,782.7
PF06/0037/L356,NO,45.086773,7.767176,52.0,-651.217,1007.103
PF07/0037/L356,NO,45.086745,7.77221,8.0,-660.37,1403.18
PF08/0037/L356,NO,45.09005,7.771504,8.0,-292.35,1353.26
PF11/0037/L356,NO,45.090393,7.762091,52.0,-242.895,613.099
PF13/0037/L356,NO,45.090414,7.766024,52.0,-245.293,922.648
PF14/0037/L356,NO,45.091291,7.772516,52.0,-155.665,1434.956
PF15/0037/L356,NO,45.089313,7.768326,52.0,-370.433,1101.868
PF02/0038/L356,NO,45.083976,7.765634,52.0,-960.123,881.019
PF06/0038/L356,NO,45.086288,7.764678,52.0,-702.04,809.7
PF01/0039/L356,NO,45.091656,7.756503,52.0,-95.907,175.473
PF02/0039/L356,NO,45.092165,7.758929,52.0,-42.233,367.273
PF03/0039/L356,NO,45.090148,7.759458,52.0,-267.009,405.483
PF07/0039/L356,NO,45.087946,7.7635,52.0,-516.442,719.823
PF09/0039/L356,NO,45.088821,7.757404,8.0,-411.98,241.56
PF10/0039/L356,NO,45.091747,7.756657,8.0,-85.92,187.75
PF11/0039/L356,NO,45.086305,7.76114,52.0,-695.915,531.255
PF12/0039/L356,NO,45.087821,7.759755,52.0,-525.884,424.864
PF13/0039/L356,NO,45.086304,7.757889,52.0,-692.128,275.431
PF01/0040/L356,NO,45.091715,7.752038,52.0,-83.938,-175.718
PF02/0040/L356,NO,45.090095,7.752995,52.0,-265.006,-103.211
PF03/0040/L356,NO,45.090224,7.748932,52.0,-245.831,-422.753
PF05/0040/L356,NO,45.087464,7.751976,52.0,-556.13,-187.955
PF10/0040/L356,NO,45.091929,7.749481,52.0,-57.026,-376.568
PF11/0040/L356,NO,45.087156,7.755087,52.0,-594.055,56.386
PF12/0040/L356,NO,45.083836,7.751301,52.0,-958.269,-247.27
PF01/0041/L356,NO,45.095303,7.731957,52.0,339.281,-1749.684
PF05/0041/L356,NO,45.091764,7.743185,52.0,-67.708,-872.329
PF06/0041/L356,NO,45.09228,7.746335,52.0,-14.248,-623.544
PF08/0041/L356,NO,45.093078,7.730144,52.0,94.344,-1896.195
PF09/0041/L356,NO,45.093796,7.740094,52.0,161.802,-1112.01
PF10/0041/L356,NO,45.094552,7.736384,52.0,250.352,-1402.672
PF01/0042/L356,NO,45.092085,7.746611,62.0,-36.205,-602.161
PF06/0042/L356,NO,45.087118,7.743688,52.0,-584.384,-840.773
PF07/0042/L356,NO,45.088963,7.740085,8.0,-375.07,-1121.07
PF08/0042/L356,NO,45.09013,7.747228,52.0,-254.2,-556.974
PF09/0042/L356,NO,45.087095,7.74025,52.0,-582.75,-1111.381
PF10/0042/L356,NO,45.091,7.739907,52.0,-148.598,-1131.563
PF11/0042/L356,NO,45.085703,7.746578,52.0,-745.109,-615.747
PF12/0042/L356,NO,45.090344,7.735159,52.0,-215.562,-1506.325
PF13/0042/L356,NO,45.089581,7.744387,52.0,-311.7,-781.492
PF14/0042/L356,NO,45.088286,7.748332,52.0,-460.334,-473.295
PF01/0043/L356,NO,45.08905,7.725926,10.0,-347.9,-2235.2
PF03/0043/L356,NO,45.084906,7.724314,52.0,-806.279,-2369.345
PF04/0043/L356,NO,45.090451,7.728694,52.0,-195.691,-2014.951
PF05/0043/L356,NO,45.089344,7.7218,52.0,-310.169,-2559.378
PF01/0044/L356,NO,45.083628,7.713555,52.0,-934.879,-3218.317
PF02/0044/L356,NO,45.086997,7.712778,52.0,-559.625,-3273.532
PF01/0045/L356,NO,45.099547,7.805616,10.0,722.521,4053.236
PF02/0048/L356,NO,45.069454,7.706955,52.0,-2501.137,-3762.943
PF03/0048/L356,NO,45.068427,7.701559,52.0,-2608.437,-4189.502
PF04/0048/L356,NO,45.074646,7.697317,52.0,-1912.194,-4512.309
PF01/0050/L356,NO,45.081427,7.713471,52.0,-1179.295,-3228.795
PF02/0050/L356,NO,45.082287,7.719695,52.0,-1091.478,-2737.435
PF03/0050/L356,NO,45.076262,7.721182,52.0,-1762.653,-2631.021
PF05/0050/L356,NO,45.076358,7.716674,52.0,-1746.444,-2985.68
PF01/0051/L356,NO,45.083322,7.725579,52.0,-983.854,-2272.514
PF02/0051/L356,NO,45.082798,7.730189,8.0,-1047.72,-1910.62
PF06/0051/L356,NO,45.078387,7.732365,52.0,-1540.469,-1747.011
PF07/0051/L356,NO,45.085023,7.72871,52.0,-798.744,-2023.146
PF01/0052/L356,NO,45.085502,7.741094,52.0,-760.735,-1047.691
PF02/0052/L356,NO,45.080527,7.740367,52.0,-1312.622,-1113.475
PF03/0052/L356,NO,45.08409,7.735104,52.0,-910.344,-1521.548
PF01/0053/L356,NO,45.079493,7.772147,8.0,-1465.89,1386.02
PF03/0053/L356,NO,45.078296,7.769413,52.0,-1595.619,1168.849
PF05/0053/L356,NO,45.073299,7.770575,52.0,-2152.171,1251.854
PF06/0053/L356,NO,45.074669,7.765232,52.0,-1993.499,833.584
PF01/0054/L356,NO,45.077492,7.757363,8.0,-1670.44,218.97
PF01/0055/L356,NO,45.077788,7.74975,52.0,-1628.333,-379.753
PF02/0055/L356,NO,45.072789,7.752371,12.0,-2186.858,-181.973
PF01/0056/L356,NO,45.075158,7.742562,8.0,-1911.7,-950.02
PF02/0056/L356,NO,45.075907,7.734909,52.0,-1819.069,-1551.133
PF03/0056/L356,NO,45.074756,7.74223,52.0,-1955.997,-976.883
PF03/0057/L356,NO,45.071968,7.735094,1.0,-2256.954,-1543.417
PF04/0057/L356,NO,45.070888,7.728,62.0,-2368.179,-2103.694
PF01/0058/L356,NO,45.070416,7.715905,52.0,-2405.57,-3056.671
PF02/0058/L356,NO,45.068633,7.723447,52.0,-2612.988,-2466.074
PF01/0059/L356,NO,45.067761,7.702163,8.0,-2683.21,-4143.2
PF01/0060/L356,NO,45.066396,7.713242,52.0,-2848.836,-3273.431
PF01/0999/L356,NO,45.115943,7.743917,12.0,2617.5,-773.0
PF02/0999/L356,NO,45.115853,7.748319,52.0,2602.091,-426.895
PF03/0999/L356,NO,45.086325,7.805741,52.0,-746.488,4041.366
PF04/0999/L356,NO,45.122183,7.766835,52.0,3282.926,1040.23
PF05/0999/L356,NO,45.117572,7.806169,12.0,2724.299,4126.271
PF06/0999/L356,NO,45.115683,7.748081,52.0,2583.534,-445.909
PF07/0999/L356,NO,45.110266,7.744427,52.0,1986.221,-742.638
PF08/0999/L356,NO,45.071702,7.760318,52.0,-2317.201,441.745
PF09/0999/L356,NO,45.07214,7.743,52.0,-2247.554,-920.73
PF10/0999/L356,NO,45.07211,7.753925,52.0,-2264.186,-60.827
PF13/0999/L356,NO,45.12082,7.80399,52.0,3087.614,3960.215
PF14/0999/L356,NO,45.121824,7.809379,12.0,3192.901,4385.715
PF15/0999/L356,NO,45.090932,7.816694,52.0,-247.399,4910.842
PF16/0999/L356,NO,45.06262,7.735024,52.0,-3295.276,-1565.147
PF17/0999/L356,NO,45.069626,7.729549,52.0,-2510.28,-1983.94
PF18/0999/L356,NO,45.063917,7.703425,52.0,-3111.801,-4050.684
PF19/0999/L356,NO,45.063695,7.692713,52.0,-3122.923,-4894.364
PF20/0999/L356,NO,45.107573,7.727278,12.0,1708.114,-2096.37
PF21/0999/L356,NO,45.067481,7.730191,12.0,-2749.37,-1937.15
PF05/0001/L668,NO,45.093173,7.741721,52.0,90.646,-985.1
PF09/0001/L668,NO,45.093178,7.728132,52.0,107.926,-2054.381
PF10/0001/L668,NO,45.095369,7.732259,52.0,346.227,-1725.808
PF11/0001/L668,NO,45.091672,7.731618,52.0,-63.756,-1782.678
PF12/0001/L668,NO,45.095694,7.735809,52.0,377.952,-1445.934
PF14/0001/L668,NO,45.093249,7.734729,12.0,107.701,-1535.16
PF15/0001/L668,NO,45.091328,7.741075,52.0,-113.527,-1039.085
PF05/0002/L668,NO,45.093914,7.749014,52.0,164.079,-409.948
PF06/0002/L668,NO,45.091545,7.745483,52.0,-94.852,-691.867
PF07/0002/L668,NO,45.091013,7.748849,52.0,-157.996,-427.884
PF08/0002/L668,NO,45.093259,7.749097,52.0,91.128,-404.566
PF09/0002/L668,NO,45.095778,7.747007,52.0,373.584,-564.64
PF01/0003/L668,NO,45.094333,7.752372,52.0,206.528,-144.956
PF02/0003/L668,NO,45.101161,7.749357,52.0,968.69,-370.502
PF06/0004/L668,NO,45.096356,7.758417,52.0,423.945,334.14
PF07/0004/L668,NO,45.095644,7.754932,52.0,349.033,58.731
PF08/0004/L668,NO,45.104143,7.758703,52.0,1288.658,369.899
PF09/0004/L668,NO,45.101528,7.756474,52.0,1000.823,190.11
PF06/0005/L668,NO,45.098681,7.762149,10.0,677.7,631.7
PF10/0005/L668,NO,45.098301,7.762466,52.0,635.099,656.042
PF13/0005/L668,NO,45.100664,7.763307,52.0,896.604,726.253
PF14/0005/L668,NO,45.098067,7.765013,10.0,606.0,856.0
PF15/0005/L668,NO,45.10014,7.76564,12.0,835.63,908.927
PF01/0007/L668,NO,45.092495,7.754254,8.0,0.0,0.0
PF02/0007/L668,NO,45.092769,7.751409,52.0,33.96,-223.46
PF01/0008/L668,NO,45.093714,7.756502,52.0,132.72,178.904
PF03/0008/L668,NO,45.092201,7.75651,52.0,-35.305,176.988
PF02/0009/L668,NO,45.094244,7.759553,52.0,187.904,419.902
PF07/0009/L668,NO,45.092516,7.752046,874.0,5.02,-173.781
PF08/0009/L668,NO,45.092551,7.755284,777.0,5.02,81.095
PF09/0009/L668,NO,45.096602,7.763689,52.0,444.902,749.379
PF07/0010/L668,NO,45.092262,7.775719,52.0,-51.679,1688.663
PF02/0012/L668,NO,45.088441,7.727534,52.0,-417.558,-2109.743
PF03/0012/L668,NO,45.090494,7.73437,52.0,-197.977,-1568.219
PF04/0012/L668,NO,45.088344,7.730806,52.0,-432.41,-1852.41
PF06/0012/L668,NO,45.086939,7.733526,52.0,-591.823,-1640.771
PF07/0012/L668,NO,45.085948,7.730333,52.0,-697.965,-1893.775
PF09/0012/L668,NO,45.087205,7.733241,52.0,-561.979,-1662.788
PF10/0012/L668,NO,45.090557,7.734568,52.0,-191.254,-1552.478
PF11/0012/L668,NO,45.085362,7.723037,52.0,-754.112,-2469.015
PF01/0013/L668,NO,45.089357,7.739274,52.0,-330.326,-1184.256
PF02/0013/L668,NO,45.089439,7.746969,52.0,-330.612,-578.532
PF03/0013/L668,NO,45.088748,7.744085,52.0,-403.811,-806.718
PF04/0013/L668,NO,45.087002,7.738597,52.0,-591.043,-1241.568
PF05/0013/L668,NO,45.087157,7.742776,52.0,-578.997,-912.421
PF07/0013/L668,NO,45.085237,7.741149,52.0,-790.333,-1043.806
PF10/0013/L668,NO,45.089614,7.736566,12.0,-298.472,-1396.913
PF03/0014/L668,NO,45.080879,7.738946,52.0,-1271.725,-1224.771
PF08/0014/L668,NO,45.084136,7.73951,52.0,-910.554,-1174.705
PF11/0014/L668,NO,45.079704,7.750665,52.0,-1416.562,-304.395
PF12/0014/L668,NO,45.081604,7.749063,52.0,-1203.57,-427.195
PF13/0014/L668,NO,45.081101,7.745287,12.0,-1254.829,-725.28
PF02/0015/L668,NO,45.087802,7.748879,52.0,-514.821,-431.071
PF06/0015/L668,NO,45.088179,7.751662,52.0,-476.343,-211.436
PF01/0016/L668,NO,45.090072,7.756824,52.0,-272.23,198.046
PF04/0016/L668,NO,45.086996,7.762265,52.0,-620.504,621.022
PF07/0016/L668,NO,45.090477,7.755033,8.0,-225.11,57.78
PF08/0016/L668,NO,45.08715,7.757958,52.0,-598.213,282.345
PF10/0017/L668,NO,45.082312,7.757596,52.0,-1135.217,245.534
PF11/0017/L668,NO,45.077942,7.75737,52.0,-1620.429,220.289
PF12/0017/L668,NO,45.080659,7.754855,52.0,-1315.537,26.971
PF01/0018/L668,NO,45.09082,7.756837,52.0,-189.195,200.38
PF02/0018/L668,NO,45.091639,7.760305,52.0,-102.384,474.648
PF03/0018/L668,NO,45.08899,7.759782,52.0,-395.992,429.004
PF05/0018/L668,NO,45.089162,7.764583,52.0,-382.749,807.093
PF07/0018/L668,NO,45.085114,7.766826,52.0,-835.112,976.724
PF08/0018/L668,NO,45.08931,7.764909,52.0,-366.599,832.973
PF09/0018/L668,NO,45.08863,7.76316,52.0,-440.041,694.181
PF11/0018/L668,NO,45.088698,7.768526,52.0,-438.984,1116.616
PF08/0019/L668,NO,45.085608,7.770638,12.0,-784.8,1277.586
PF09/0019/L668,NO,45.090367,7.770935,52.0,-256.494,1308.963
PF07/0020/L668,NO,45.091479,7.776897,10.0,-140.0,1780.0
PF10/0020/L668,NO,45.09028,7.779654,12.0,-276.5,1995.0
PF12/0020/L668,NO,45.087873,7.778964,12.0,-543.133,1936.617
PF13/0020/L668,NO,45.086469,7.781407,10.0,-702.0,2126.5
PF17/0999/L668,NO,45.076773,7.745749,8.0,-1736.15,-696.38
PF26/0999/L668,NO,45.079054,7.741753,52.0,-1477.943,-1006.984
PF27/0999/L668,NO,45.083191,7.735553,52.0,-1010.671,-1487.771
PF28/0999/L668,NO,45.105372,7.753823,52.0,1431.045,-11.906
PF29/0999/L668,NO,45.249396,8.073771,52.0,17092.959,25342.613
PF30/0999/L668,NO,45.108239,7.74888,52.0,1755.603,-395.863
PF31/0999/L668,NO,45.105767,7.74567,52.0,1484.892,-652.675
PF32/0999/L668,NO,45.099956,7.739646,52.0,846.732,-1136.639
PF33/0999/L668,NO,45.077887,7.757196,52.0,-1626.294,206.53
PF34/0999/L668,NO,45.075839,7.753891,52.0,-1849.898,-57.137
PF02/0001/L670,NO,45.114753,7.751669,52.0,2475.806,-165.251
PF03/0001/L670,NO,45.114816,7.754456,52.0,2479.435,54.045
PF04/0001/L670,NO,45.113906,7.748332,52.0,2385.766,-429.199
PF05/0001/L670,NO,45.112236,7.750773,52.0,2197.311,-240.039
PF07/0001/L670,NO,45.111765,7.747444,52.0,2149.034,-502.773
PF08/0001/L670,NO,45.11102,7.752245,52.0,2060.445,-126.335
PF09/0001/L670,NO,45.109519,7.74995,52.0,1896.455,-309.458
PF10/0001/L670,NO,45.108661,7.749853,8.0,1801.25,-318.6
PF13/0001/L670,NO,45.116052,7.753127,52.0,2618.344,-48.361
PF14/0001/L670,NO,45.117064,7.755436,12.0,2728.0,135.0
PF01/0002/L670,NO,45.114954,7.757548,8.0,2491.05,297.47
PF03/0002/L670,NO,45.111755,7.754158,52.0,2139.788,25.389
PF04/0002/L670,NO,45.111564,7.758555,52.0,2113.215,370.967
PF05/0002/L670,NO,45.109529,7.754382,52.0,1892.203,39.168
PF06/0002/L670,NO,45.109394,7.756738,8.0,1874.4,224.3
PF07/0002/L670,NO,45.116019,7.758916,52.0,2607.737,406.923
PF08/0002/L670,NO,45.113333,7.756307,52.0,2312.423,197.118
PF08/0003/L670,NO,45.103675,7.752272,52.0,1244.388,-136.862
PF10/0003/L670,NO,45.106695,7.749512,8.0,1583.28,-348.8
PF12/0003/L670,NO,45.105836,7.753414,62.0,1483.104,-43.29
PF13/0003/L670,NO,45.104964,7.746217,52.0,1394.986,-610.956
PF14/0003/L670,NO,45.101504,7.746505,52.0,1010.266,-594.255
PF15/0003/L670,NO,45.105074,7.749423,62.0,1403.376,-358.597
PF01/0004/L670,NO,45.101465,7.759673,52.0,989.93,441.682
PF02/0004/L670,NO,45.104226,7.755077,10.0,1302.25,84.8
PF03/0004/L670,NO,45.107876,7.756932,52.0,1705.494,236.967
PF04/0004/L670,NO,45.104307,7.754832,52.0,1311.493,65.662
PF05/0004/L670,NO,45.103523,7.761128,52.0,1216.816,559.679
PF06/0004/L670,NO,45.106204,7.761073,52.0,1514.717,559.895
PF03/0005/L670,NO,45.099383,7.735619,52.0,788.024,-1454.431
PF04/0005/L670,NO,45.095234,7.735004,52.0,327.856,-1510.086
PF05/0005/L670,NO,45.09715,7.73181,52.0,544.639,-1758.021
PF06/0005/L670,NO,45.097919,7.737858,52.0,622.626,-1280.807
PF08/0005/L670,NO,45.096229,7.737702,12.0,435.0,-1296.0
PF01/0006/L670,NO,45.10187,7.73958,52.0,1059.41,-1138.493
PF03/0006/L670,NO,45.099553,7.74116,52.0,800.126,-1018.201
PF05/0006/L670,NO,45.097297,7.742774,52.0,547.438,-895.13
PF06/0006/L670,NO,45.095234,7.745415,52.0,315.081,-690.835
PF07/0006/L670,NO,45.094284,7.741703,52.0,214.108,-984.566
PF10/0006/L670,NO,45.094782,7.743994,52.0,266.596,-803.422
PF11/0006/L670,NO,45.096465,7.745564,52.0,451.682,-676.984
PF12/0006/L670,NO,45.104162,7.741566,54.0,1311.577,-978.284
PF13/0006/L670,NO,45.0995,7.737164,62.0,799.1,-1332.672
PF14/0006/L670,NO,45.101353,7.740197,52.0,1001.232,-1090.859
PF15/0006/L670,NO,45.10106,7.737157,52.0,972.452,-1330.517
PF17/0006/L670,NO,45.09861,7.745226,52.0,690.293,-699.911
PF18/0006/L670,NO,45.099415,7.739997,52.0,786.18,-1109.968
PF01/0007/L670,NO,45.101443,7.752508,52.0,996.244,-122.08
PF03/0007/L670,NO,45.098406,7.747685,52.0,664.634,-506.747
PF04/0007/L670,NO,45.098454,7.753311,52.0,663.143,-64.041
PF06/0007/L670,NO,45.095705,7.751806,52.0,359.561,-187.177
PF07/0007/L670,NO,45.094045,7.749911,52.0,177.452,-339.122
PF08/0007/L670,NO,45.09999,7.750859,52.0,836.8,-254.308
PF10/0007/L670,NO,45.095286,7.747238,52.0,318.576,-547.338
PF01/0008/L670,NO,45.102295,7.755223,52.0,1087.604,92.969
PF02/0008/L670,NO,45.100778,7.758889,52.0,914.605,378.824
PF10/0008/L670,NO,45.094334,7.76281,52.0,193.967,676.382
PF11/0008/L670,NO,45.096992,7.761763,8.0,490.59,598.48
PF12/0008/L670,NO,45.093487,7.760845,52.0,102.278,520.273
PF13/0008/L670,NO,45.099149,7.762342,52.0,729.501,647.726
PF16/0008/L670,NO,45.09579,7.754646,52.0,365.623,36.458
PF17/0008/L670,NO,45.094254,7.75469,52.0,194.941,37.267
PF18/0008/L670,NO,45.098068,7.757222,52.0,615.524,243.043
PF19/0008/L670,NO,45.099264,7.761706,52.0,742.984,597.839
PF20/0008/L670,NO,45.100184,7.754644,52.0,853.762,43.806
PF22/0008/L670,NO,45.093982,7.75748,52.0,161.278,256.333
PF23/0008/L670,NO,45.095954,7.760701,52.0,376.497,513.172
PF24/0008/L670,NO,45.095495,7.757743,52.0,329.036,279.659
PF02/0009/L670,NO,45.09401,7.763374,52.0,157.379,720.162
PF06/0009/L670,NO,45.089347,7.769241,52.0,-367.766,1173.967
PF07/0009/L670,NO,45.096613,7.765989,52.0,443.375,930.368
PF08/0009/L670,NO,45.093866,7.769504,52.0,133.998,1202.297
PF09/0009/L670,NO,45.096225,7.770874,52.0,394.428,1314.084
PF10/0009/L670,NO,45.092765,7.764243,52.0,18.014,786.482
PF13/0009/L670,NO,45.089387,7.77156,52.0,-366.056,1356.549
PF14/0009/L670,NO,45.091554,7.766431,52.0,-119.207,956.545
PF01/0010/L670,NO,45.098988,7.784145,8.0,685.6,2362.95
PF03/0010/L670,NO,45.098112,7.775426,52.0,598.54,1675.421
PF05/0010/L670,NO,45.099461,7.783675,52.0,738.704,2326.713
PF06/0010/L670,NO,45.096011,7.772983,52.0,368.116,1479.686
PF07/0010/L670,NO,45.099891,7.772724,52.0,799.411,1465.87
PF08/0010/L670,NO,45.099834,7.778566,52.0,786.152,1925.406
PF01/0011/L670,NO,45.094503,7.785769,8.0,185.35,2483.2
PF02/0011/L670,NO,45.096148,7.77632,52.0,379.327,1742.489
PF03/0011/L670,NO,45.096149,7.779596,52.0,375.591,2000.245
PF04/0011/L670,NO,45.094189,7.77626,52.0,161.802,1734.431
PF05/0011/L670,NO,45.093139,7.773344,52.0,48.562,1503.204
PF01/0012/L670,NO,45.09726,7.79061,8.0,486.0,2868.69
PF02/0012/L670,NO,45.099884,7.788451,52.0,779.969,2703.248
PF03/0012/L670,NO,45.097447,7.790137,52.0,507.314,2831.838
PF04/0012/L670,NO,45.096003,7.786017,52.0,351.782,2505.238
PF03/0013/L670,NO,45.101492,7.7979,52.0,947.525,3449.295
PF04/0013/L670,NO,45.102207,7.793165,52.0,1032.473,3077.979
PF05/0013/L670,NO,45.099217,7.800322,52.0,691.946,3636.117
PF02/0014/L670,NO,45.096301,7.797058,52.0,371.838,3374.496
PF03/0014/L670,NO,45.099018,7.791897,52.0,679.71,2972.916
PF04/0014/L670,NO,45.097181,7.799537,52.0,466.759,3570.984
PF05/0014/L670,NO,45.098408,7.797844,52.0,605.034,3439.831
PF01/0015/L670,NO,45.09399,7.731537,52.0,193.947,-1785.047
PF03/0015/L670,NO,45.094267,7.737548,52.0,217.223,-1311.543
PF05/0015/L670,NO,45.093087,7.73995,52.0,83.282,-1124.561
PF11/0015/L670,NO,45.092281,7.741941,52.0,-8.77,-969.355
PF12/0015/L670,NO,45.090551,7.733723,8.0,-190.8,-1619.0
PF13/0015/L670,NO,45.094539,7.770788,8.0,207.16,1304.48
PF14/0015/L670,NO,45.090894,7.737676,52.0,-157.55,-1307.323
PF15/0015/L670,NO,45.092012,7.733716,52.0,-28.567,-1616.992
PF06/0016/L670,NO,45.088383,7.744705,52.0,-445.15,-758.55
PF07/0016/L670,NO,45.088911,7.740852,52.0,-381.821,-1060.819
PF08/0016/L670,NO,45.086874,7.740998,52.0,-608.263,-1052.888
PF09/0016/L670,NO,45.09036,7.744286,52.0,-224.958,-788.079
PF10/0016/L670,NO,45.086316,7.736925,12.0,-665.209,-1374.36
PF12/0016/L670,NO,45.088345,7.734785,12.0,-437.181,-1539.253
PF03/0017/L670,NO,45.082856,7.732006,52.0,-1043.564,-1767.532
PF04/0017/L670,NO,45.083231,7.735025,52.0,-1005.587,-1529.299
PF05/0017/L670,NO,45.0787,7.730567,10.0,-1503.5,-1888.0
PF06/0017/L670,NO,45.084024,7.739271,52.0,-922.765,-1193.745
PF01/0018/L670,NO,45.093289,7.744662,52.0,99.884,-753.436
PF02/0018/L670,NO,45.09427,7.747007,52.0,205.994,-567.227
PF03/0018/L670,NO,45.093011,7.751297,52.0,60.915,-231.86
PF04/0018/L670,NO,45.091332,7.74799,52.0,-121.534,-494.953
PF05/0018/L670,NO,45.090397,7.752308,52.0,-230.63,-156.761
PF10/0018/L670,NO,45.089323,7.748846,52.0,-345.77,-431.023
PF11/0018/L670,NO,45.088411,7.74858,52.0,-446.753,-453.532
PF12/0018/L670,NO,45.091201,7.747921,52.0,-136.019,-500.588
PF13/0018/L670,NO,45.085987,7.746553,52.0,-713.555,-617.199
PF01/0019/L670,NO,45.092495,7.754254,8.0,0.0,0.0
PF02/0019/L670,NO,45.091434,7.755439,62.0,-119.302,91.356
PF03/0019/L670,NO,45.092722,7.75379,52.0,25.836,-36.163
PF01/0020/L670,NO,45.093106,7.756744,52.0,64.891,196.918
PF02/0020/L670,NO,45.091982,7.757649,52.0,-61.013,266.211
PF03/0020/L670,NO,45.093004,7.760767,52.0,48.761,513.306
PF01/0021/L670,NO,45.090308,7.75504,52.0,-243.833,58.055
PF02/0021/L670,NO,45.090295,7.757755,52.0,-248.631,271.705
PF03/0021/L670,NO,45.091127,7.761236,52.0,-160.356,547.069
PF04/0021/L670,NO,45.089023,7.752803,52.0,-383.859,-120.16
PF05/0021/L670,NO,45.0879,7.759532,52.0,-516.857,407.494
PF06/0021/L670,NO,45.089019,7.767199,52.0,-401.755,1012.715
PF08/0021/L670,NO,45.088871,7.755675,52.0,-404.32,105.572
PF09/0021/L670,NO,45.088445,7.758851,52.0,-455.421,354.824
PF10/0021/L670,NO,45.088077,7.76445,52.0,-503.097,794.757
PF15/0021/L670,NO,45.086639,7.755487,52.0,-652.019,86.935
PF16/0021/L670,NO,45.085972,7.763337,52.0,-735.555,703.653
PF17/0021/L670,NO,45.087403,7.752826,52.0,-563.951,-121.164
PF18/0021/L670,NO,45.084572,7.753159,52.0,-878.806,-99.774
PF19/0021/L670,NO,45.086478,7.759759,52.0,-675.017,422.901
PF02/0022/L670,NO,45.086746,7.767889,52.0,-655.019,1063.205
PF04/0022/L670,NO,45.083063,7.768156,12.0,-1064.488,1077.914
PF06/0022/L670,NO,45.08106,7.773541,52.0,-1293.464,1498.424
PF07/0022/L670,NO,45.078596,7.773885,52.0,-1567.679,1521.291
PF08/0022/L670,NO,45.081127,7.770853,52.0,-1282.818,1286.905
PF09/0022/L670,NO,45.078168,7.772073,12.0,-1613.0,1378.0
PF01/0023/L670,NO,45.088255,7.773012,52.0,-493.591,1468.859
PF02/0023/L670,NO,45.085833,7.774163,52.0,-763.975,1555.35
PF03/0023/L670,NO,45.088747,7.778874,52.0,-445.851,1931.019
PF01/0025/L670,NO,45.082476,7.783607,8.0,-1148.11,2293.03
PF01/0999/L670,NO,45.101978,7.736191,54.0,1075.524,-1404.937
PF02/0999/L670,NO,45.082075,7.73952,52.0,-1139.558,-1177.507
PF03/0999/L670,NO,45.08129,7.743262,52.0,-1231.331,-884.374
PF04/0999/L670,NO,45.080826,7.73724,52.0,-1275.48,-1359.095
PF05/0999/L670,NO,45.084757,7.752377,52.0,-857.3,-160.984
PF06/0999/L670,NO,45.085229,7.757425,52.0,-810.957,237.116
PF07/0999/L670,NO,45.094032,7.7291,52.0,201.543,-1976.708
PF08/0999/L670,NO,45.0929,7.730511,52.0,74.107,-1867.68
PF09/0999/L670,NO,45.102212,7.736382,52.0,1101.337,-1389.541
PF10/0999/L670,NO,45.077669,7.737445,52.0,-1626.477,-1348.487
PF11/0999/L670,NO,45.080336,7.741884,52.0,-1335.693,-994.446
PF12/0999/L670,NO,45.103423,7.765293,52.0,1200.709,887.159
PF13/0999/L670,NO,45.111769,7.743636,52.0,2154.137,-802.325
PF14/0999/L670,NO,45.117179,7.75549,52.0,2740.734,139.47
PF15/0999/L670,NO,45.118056,7.76082,52.0,2831.666,560.162
PF16/0999/L670,NO,45.103646,7.739037,52.0,1257.352,-1178.155
PF17/0999/L670,NO,45.082778,7.750705,12.0,-1075.183,-296.004
PF18/0999/L670,NO,45.08337,7.754516,12.0,-1013.97,4.95
PF19/0999/L670,NO,45.083001,7.759093,12.0,-1060.531,364.549
PF21/0999/L670,NO,45.095494,7.727729,12.0,365.748,-2082.068
PF22/0999/L670,NO,45.090676,7.729679,12.0,-171.981,-1937.01
PF23/0999/L670,NO,45.087953,7.732114,12.0,-477.468,-1750.107
PF24/0999/L670,NO,45.088347,7.727406,12.0,-427.88,-2119.939
PF01/0001/L808,NO,45.110384,7.708426,52.0,2043.882,-3574.465
PF03/0002/L808,NO,45.101847,7.707594,52.0,1096.626,-3655.074
PF06/0002/L808,NO,45.10507,7.702826,52.0,1460.641,-4024.51
PF07/0002/L808,NO,45.106283,7.697731,52.0,1601.878,-4423.118
PF01/0003/L808,NO,45.104805,7.708998,52.0,1423.402,-3539.365
PF02/0004/L808,NO,45.099927,7.704313,52.0,887.374,-3916.655
PF01/0005/L808,NO,45.099333,7.709372,50.0,815.085,-3519.709
PF02/0005/L808,NO,45.096203,7.711326,12.0,464.878,-3371.498
PF01/0006/L808,NO,45.093725,7.718238,12.0,181.0,-2832.0
PF01/0008/L808,NO,45.097453,7.737985,52.0,570.625,-1271.686
PF01/0009/L808,NO,45.090104,7.735682,52.0,-242.908,-1465.639
PF02/0009/L808,NO,45.093829,7.738205,62.0,167.854,-1260.622
PF03/0009/L808,NO,45.091555,7.739819,52.0,-86.808,-1137.57
PF04/0009/L808,NO,45.09364,7.732679,62.0,153.639,-1695.74
PF04/0010/L808,NO,45.096837,7.746546,52.0,491.721,-599.071
PF06/0010/L808,NO,45.096751,7.746636,52.0,482.104,-592.167
PF07/0010/L808,NO,45.097195,7.75082,52.0,526.297,-262.192
PF08/0010/L808,NO,45.093534,7.747631,52.0,123.499,-519.402
PF09/0010/L808,NO,45.092605,7.743071,52.0,25.824,-879.852
PF08/0011/L808,NO,45.095732,7.755112,52.0,358.614,73.026
PF09/0011/L808,NO,45.094757,7.753017,52.0,252.791,-93.5
PF10/0011/L808,NO,45.094461,7.750739,52.0,222.668,-273.251
PF11/0011/L808,NO,45.09362,7.755503,52.0,123.459,100.143
PF12/0011/L808,NO,45.09703,7.759937,52.0,496.968,454.875
PF14/0011/L808,NO,45.099483,7.753801,62.0,776.839,-23.741
PF15/0011/L808,NO,45.097449,7.754449,62.0,550.168,23.819
PF01/0013/L808,NO,45.097898,7.763599,12.0,588.975,744.513
PF01/0014/L808,NO,45.094582,7.762464,52.0,221.911,649.52
PF02/0014/L808,NO,45.094535,7.767567,52.0,210.598,1051.029
PF01/0015/L808,NO,45.096339,7.77373,10.0,403.651,1539.002
PF02/0015/L808,NO,45.093977,7.776487,12.0,138.0,1752.0
PF01/0016/L808,NO,45.082566,7.722944,8.0,-1064.57,-2481.25
PF02/0016/L808,NO,45.079773,7.724518,52.0,-1376.764,-2362.228
PF03/0016/L808,NO,45.084392,7.723938,52.0,-862.913,-2399.783
PF04/0016/L808,NO,45.082122,7.71783,52.0,-1107.541,-2884.481
PF05/0016/L808,NO,45.087305,7.725161,52.0,-540.865,-2298.434
PF01/0018/L808,NO,45.087742,7.735347,52.0,-504.918,-1496.1
PF03/0020/L808,NO,45.088932,7.749048,52.0,-389.429,-415.84
PF01/0021/L808,NO,45.092495,7.754254,8.0,0.0,0.0
PF03/0021/L808,NO,45.092769,7.749481,52.0,36.323,-375.15
PF04/0021/L808,NO,45.091283,7.74917,52.0,-128.415,-402.167
PF05/0021/L808,NO,45.091919,7.754466,52.0,-64.192,15.669
PF07/0021/L808,NO,45.092784,7.749372,52.0,38.1,-383.734
PF01/0022/L808,NO,45.09127,7.757773,52.0,-140.339,274.746
PF02/0022/L808,NO,45.093539,7.758715,52.0,110.569,352.786
PF01/0023/L808,NO,45.090661,7.751569,52.0,-200.453,-214.428
PF02/0023/L808,NO,45.089879,7.755553,52.0,-292.189,97.69
PF04/0023/L808,NO,45.089274,7.752608,62.0,-355.777,-135.103
PF01/0024/L808,NO,45.08905,7.761533,52.0,-391.442,566.853
PF03/0024/L808,NO,45.087605,7.758159,52.0,-547.886,298.881
PF05/0024/L808,NO,45.087125,7.754887,62.0,-597.291,40.561
PF07/0024/L808,NO,45.089687,7.758317,52.0,-316.803,314.92
PF01/0025/L808,NO,45.091261,7.761291,52.0,-145.569,551.638
PF02/0025/L808,NO,45.092904,7.763746,52.0,34.049,747.55
PF03/0025/L808,NO,45.089059,7.766994,52.0,-397.07,996.625
PF04/0025/L808,NO,45.088364,7.775108,12.0,-484.0,1634.0
PF01/0026/L808,NO,45.086912,7.764495,52.0,-632.53,796.311
PF01/0027/L808,NO,45.08568,7.78046,52.0,-788.429,2050.667
PF01/0028/L808,NO,45.077141,7.731082,52.0,-1677.297,-1850.18
PF01/0029/L808,NO,45.074782,7.73676,52.0,-1946.332,-1407.388
PF01/0030/L808,NO,45.075582,7.743211,52.0,-1865.412,-898.181
PF02/0031/L808,NO,45.081927,7.758323,52.0,-1178.889,302.096
PF03/0031/L808,NO,45.080159,7.754095,52.0,-1370.156,-33.66
PF02/0032/L808,NO,45.085023,7.755261,52.0,-831.307,66.422
PF03/0032/L808,NO,45.085452,7.751745,52.0,-779.384,-209.544
PF02/0033/L808,NO,45.082675,7.780333,52.0,-1122.127,2035.642
PF03/0033/L808,NO,45.084796,7.777751,52.0,-883.439,1836.006
PF04/0033/L808,NO,45.083089,7.763669,52.0,-1056.301,724.831
PF05/0033/L808,NO,45.078652,7.768849,52.0,-1555.4,1124.994
PF06/0033/L808,NO,45.079425,7.772539,52.0,-1473.934,1416.797
PF07/0033/L808,NO,45.08202,7.769691,52.0,-1182.234,1197.003
PF08/0033/L808,NO,45.080417,7.766678,52.0,-1356.73,957.107
PF01/0035/L808,NO,45.074121,7.7515,52.0,-2037.787,-248.228
PF02/0035/L808,NO,45.074516,7.758785,52.0,-2002.703,325.818
PF01/0999/L808,NO,45.102012,7.755814,52.0,1055.358,139.017
PF02/0999/L808,NO,45.100716,7.749613,52.0,918.989,-351.089
PF03/0999/L808,NO,45.105741,7.753736,52.0,1472.182,-18.157
PF04/0999/L808,NO,45.095693,7.722742,12.0,393.981,-2474.129
PF05/0999/L808,NO,45.105603,7.747743,52.0,1464.175,-489.807
PF08/0001/L847,NO,45.105716,7.737235,21.0,1489.546,-1316.301
PF08/0002/L847,NO,45.086283,7.771138,52.0,-710.368,1318.052
PF10/0002/L847,NO,45.098301,7.72906,21.0,675.838,-1972.387
PF11/0003/L847,NO,45.093962,7.747281,21.0,171.523,-546.233
PF11/0004/L847,NO,45.09849,7.75197,21.0,668.744,-169.524
PF12/0004/L847,NO,45.101833,7.751016,12.0,1041.355,-238.817
PF13/0004/L847,NO,45.103092,7.759807,12.0,1170.583,455.007
PF08/0007/L847,NO,45.087562,7.759882,52.0,-554.729,434.408
PF09/0007/L847,NO,45.089661,7.762298,52.0,-324.464,628.162
PF11/0007/L847,NO,45.092347,7.757521,21.0,-20.325,256.806
PF02/0008/L847,NO,45.090686,7.746301,52.0,-191.283,-628.936
PF09/0008/L847,NO,45.09209,7.7496,21.0,-39.324,-366.969
PF06/0009/L847,NO,45.093053,7.741745,52.0,77.226,-983.428
PF11/0009/L847,NO,45.094762,7.743365,21.0,265.138,-853.015
PF09/0010/L847,NO,45.093576,7.729415,21.0,150.582,-1952.696
PF04/0012/L847,NO,45.088597,7.712117,21.0,-381.087,-3322.694
PF07/0013/L847,NO,45.087187,7.715862,52.0,-542.427,-3030.469
PF08/0013/L847,NO,45.087299,7.725238,52.0,-541.603,-2292.401
PF10/0013/L847,NO,45.0893,7.715227,21.0,-306.86,-3076.667
PF10/0014/L847,NO,45.092565,7.73239,52.0,34.505,-1720.384
PF11/0014/L847,NO,45.085668,7.733293,21.0,-732.736,-1661.305
PF11/0015/L847,NO,45.086571,7.738673,21.0,-639.035,-1236.372
PF01/0016/L847,NO,45.088711,7.753872,62.0,-419.888,-36.543
PF10/0016/L847,NO,45.086517,7.753854,62.0,-663.529,-41.753
PF14/0016/L847,NO,45.080456,7.748108,52.0,-1329.876,-504.363
PF16/0016/L847,NO,45.08774,7.751413,52.0,-524.705,-231.778
PF17/0016/L847,NO,45.083933,7.748879,52.0,-944.582,-437.708
PF18/0016/L847,NO,45.084129,7.757212,21.0,-932.9,218.444
PF07/0017/L847,NO,45.079171,7.764593,52.0,-1492.65,790.957
PF08/0017/L847,NO,45.083708,7.765649,52.0,-989.854,881.76
PF09/0017/L847,NO,45.078835,7.760474,52.0,-1525.036,466.173
PF10/0017/L847,NO,45.080581,7.757301,52.0,-1327.219,219.375
PF11/0017/L847,NO,45.082779,7.758535,21.0,-1084.492,320.265
PF06/0020/L847,NO,45.077971,7.787073,52.0,-1652.766,2558.279
PF07/0020/L847,NO,45.079508,7.780366,52.0,-1474.067,2032.928
PF08/0020/L847,NO,45.086233,7.782342,52.0,-729.257,2199.695
PF09/0020/L847,NO,45.082932,7.784885,52.0,-1099.0,2394.359
PF10/0020/L847,NO,45.076396,7.782682,52.0,-1822.471,2210.072
PF11/0020/L847,NO,45.079088,7.783092,21.0,-1523.883,2246.798
PF01/0001/M062,NO,45.094372,7.707245,52.0,266.656,-3695.819
PF07/0001/M062,NO,45.092963,7.711829,52.0,104.373,-3337.642
PF10/0001/M062,NO,45.104325,7.710883,52.0,1367.733,-3391.976
PF11/0001/M062,NO,45.100473,7.708027,52.0,943.354,-3623.452
PF13/0001/M062,NO,45.107554,7.704307,52.0,1734.697,-3903.55
PF16/0001/M062,NO,45.100292,7.714103,52.0,915.633,-3145.754
PF17/0001/M062,NO,45.09532,7.714026,52.0,363.394,-3160.545
PF18/0001/M062,NO,45.096709,7.700206,52.0,535.127,-4245.537
PF19/0001/M062,NO,45.097036,7.710696,21.0,558.233,-3419.53
PF20/0001/M062,NO,45.097433,7.70312,21.0,611.821,-4014.986
PF02/0002/M062,NO,45.101116,7.740121,52.0,975.037,-1097.258
PF05/0002/M062,NO,45.104347,7.726877,52.0,1350.2,-2133.572
PF13/0002/M062,NO,45.101028,7.737016,21.0,968.981,-1341.652
PF14/0002/M062,NO,45.103292,7.73563,21.0,1222.286,-1446.792
PF01/0003/M062,NO,45.101202,7.755575,52.0,965.746,118.83
PF04/0003/M062,NO,45.103868,7.751869,52.0,1266.335,-168.189
PF05/0003/M062,NO,45.109066,7.753285,52.0,1842.084,-47.933
PF06/0003/M062,NO,45.11006,7.749059,52.0,1957.646,-378.634
PF07/0003/M062,NO,45.106352,7.747861,21.0,1547.211,-479.235
PF04/0004/M062,NO,45.084238,7.732619,52.0,-890.751,-1716.861
PF06/0004/M062,NO,45.08699,7.725559,52.0,-576.288,-2267.704
PF07/0004/M062,NO,45.096094,7.718307,52.0,444.055,-2822.377
PF08/0004/M062,NO,45.089769,7.718724,52.0,-259.074,-2800.72
PF14/0004/M062,NO,45.091239,7.725459,12.0,-104.164,-2268.104
PF16/0004/M062,NO,45.100153,7.731428,21.0,878.738,-1782.859
PF17/0004/M062,NO,45.082134,7.733313,21.0,-1125.42,-1665.89
PF05/0005/M062,NO,45.098712,7.744912,52.0,702.024,-724.434
PF06/0005/M062,NO,45.09683,7.753704,52.0,482.285,-35.873
PF07/0005/M062,NO,45.089129,7.749838,52.0,-368.52,-353.291
PF08/0005/M062,NO,45.095883,7.747562,21.0,384.5,-520.802
PF04/0006/M062,NO,45.087979,7.7539,52.0,-501.251,-35.612
PF05/0006/M062,NO,45.09029,7.75819,52.0,-249.712,305.945
PF06/0006/M062,NO,45.097094,7.761978,52.0,501.63,615.578
PF07/0006/M062,NO,45.095523,7.76639,52.0,321.783,960.102
PF12/0006/M062,NO,45.094747,7.763133,21.0,239.48,702.448
PF02/0001/M416A,NO,45.372039,8.041113,12.0,30748.0,22942.0
PF04/0001/M416A,NO,45.371062,8.037547,52.0,30642.707,22661.454
PF06/0001/M416A,NO,45.37062,8.03431,52.0,30596.686,22407.432
PF07/0001/M416A,NO,45.368471,8.036869,52.0,30355.474,22604.92
PF09/0001/M416A,NO,45.366209,8.031739,52.0,30109.065,22200.163
PF11/0001/M416A,NO,45.366071,8.037273,52.0,30088.548,22633.39
PF12/0001/M416A,NO,45.366154,8.042074,52.0,30093.197,23009.479
PF13/0001/M416A,NO,45.368047,8.032932,52.0,30312.079,22296.107
PF14/0001/M416A,NO,45.367941,8.040085,52.0,30293.612,22856.077
PF01/0002/M416A,NO,45.375273,8.053601,8.0,31095.64,23924.11
PF06/0002/M416A,NO,45.372522,8.047945,52.0,30795.199,23477.596
PF08/0002/M416A,NO,45.370407,8.046584,52.0,30561.532,23368.307
PF11/0002/M416A,NO,45.367971,8.045389,52.0,30292.07,23271.461
PF12/0002/M416A,NO,45.366302,8.047157,52.0,30105.013,23407.712
PF13/0002/M416A,NO,45.095662,8.055054,10.0,31.225,23674.0
PF14/0002/M416A,NO,45.370474,8.054814,52.0,30561.388,24012.865
PF15/0002/M416A,NO,45.368535,8.047729,12.0,30352.5,23455.5
PF04/0003/M416A,NO,45.374797,8.059531,52.0,31037.38,24387.796
PF08/0003/M416A,NO,45.369864,8.061551,52.0,30487.407,24539.559
PF10/0003/M416A,NO,45.367927,8.061736,52.0,30272.057,24551.533
PF11/0003/M416A,NO,45.367405,8.055374,52.0,30219.88,24052.701
PF12/0003/M416A,NO,45.365931,8.0601,52.0,30051.844,24420.826
PF14/0003/M416A,NO,45.369221,8.057867,52.0,30419.324,24250.236
PF15/0003/M416A,NO,45.376859,8.057378,52.0,31268.416,24221.885
PF16/0003/M416A,NO,45.373346,8.060681,52.0,30875.092,24475.944
PF17/0003/M416A,NO,45.375377,8.064303,52.0,31097.368,24762.221
PF01/0004/M416A,NO,45.37097,8.063467,10.0,30608.6,24691.1
PF04/0004/M416A,NO,45.366599,8.066518,52.0,30120.134,24924.353
PF08/0004/M416A,NO,45.363247,8.066167,8.0,29748.06,24892.54
PF09/0004/M416A,NO,45.36336,8.062284,52.0,29764.245,24588.574
PF10/0004/M416A,NO,45.36074,8.062618,52.0,29472.808,24611.368
PF11/0004/M416A,NO,45.365132,8.063954,52.0,29959.49,24721.637
PF01/0005/M416A,NO,45.37597,8.071704,52.0,31156.523,25342.483
PF03/0005/M416A,NO,45.373659,8.067069,52.0,30904.025,24976.578
PF04/0005/M416A,NO,45.367963,8.072093,52.0,30266.664,25362.698
PF01/0006/M416A,NO,45.371828,8.07609,52.0,30692.44,25680.635
PF02/0006/M416A,NO,45.371296,8.082196,52.0,30627.942,26158.084
PF04/0006/M416A,NO,45.36912,8.086173,52.0,30382.582,26466.768
PF04/0007/M416A,NO,45.360962,8.03273,52.0,29525.207,22270.832
PF08/0007/M416A,NO,45.359393,8.032396,52.0,29351.205,22242.573
PF10/0007/M416A,NO,45.361696,8.028343,52.0,29610.85,21928.152
PF11/0007/M416A,NO,45.361104,8.037385,52.0,29536.63,22635.577
PF13/0007/M416A,NO,45.364499,8.03028,52.0,29920.439,22083.632
PF14/0007/M416A,NO,45.359995,8.028985,52.0,29421.252,21976.157
PF15/0007/M416A,NO,45.364759,8.033781,52.0,29945.992,22358.145
PF02/0008/M416A,NO,45.366414,8.049268,52.0,30115.413,23573.17
PF07/0008/M416A,NO,45.359102,8.038601,8.0,29313.09,22728.15
PF09/0008/M416A,NO,45.358621,8.04563,62.0,29253.067,23278.02
PF11/0008/M416A,NO,45.356346,8.039443,52.0,29006.02,22790.449
PF12/0008/M416A,NO,45.35674,8.044419,52.0,29045.147,23180.725
PF13/0008/M416A,NO,45.355848,8.048048,52.0,28942.693,23463.779
PF16/0008/M416A,NO,45.360935,8.038584,62.0,29516.639,22729.263
PF18/0008/M416A,NO,45.361798,8.046487,52.0,29605.192,23349.325
PF19/0008/M416A,NO,45.362039,8.043616,52.0,29634.629,23124.783
PF20/0008/M416A,NO,45.364399,8.047548,52.0,29893.139,23435.873
PF23/0008/M416A,NO,45.359552,8.048913,62.0,29353.478,23536.431
PF24/0008/M416A,NO,45.365337,8.045364,52.0,29999.421,23266.026
PF08/0009/M416A,NO,45.36287,8.051469,52.0,29719.737,23740.953
PF09/0009/M416A,NO,45.361445,8.054205,52.0,29558.817,23953.332
PF11/0009/M416A,NO,45.359779,8.055789,52.0,29372.293,24075.237
PF12/0009/M416A,NO,45.359351,8.05211,52.0,29328.178,23786.507
PF14/0009/M416A,NO,45.356399,8.054303,52.0,28998.229,23954.409
PF18/0009/M416A,NO,45.356878,8.057271,52.0,29048.699,24187.517
PF19/0009/M416A,NO,45.36336,8.057782,52.0,29768.271,24235.992
PF20/0009/M416A,NO,45.357224,8.051154,52.0,29092.715,23708.899
PF21/0009/M416A,NO,45.358424,8.059419,52.0,29218.397,24357.766
PF22/0009/M416A,NO,45.363931,8.053324,52.0,29835.844,23887.603
PF24/0009/M416A,NO,45.361976,8.05729,12.0,29614.98,24195.647
PF01/0010/M416A,NO,45.356084,8.061705,7.0,28956.4,24533.81
PF02/0010/M416A,NO,45.364786,8.074027,52.0,29911.936,25510.102
PF03/0010/M416A,NO,45.365162,8.070226,52.0,29957.202,25212.861
PF06/0010/M416A,NO,45.361651,8.070949,52.0,29566.419,25265.006
PF07/0010/M416A,NO,45.358125,8.06916,52.0,29176.399,25120.354
PF09/0010/M416A,NO,45.357354,8.065129,52.0,29094.396,24803.61
PF12/0010/M416A,NO,45.356222,8.071295,52.0,28963.056,25285.122
PF14/0010/M416A,NO,45.360953,8.066113,52.0,29493.321,24885.377
PF15/0010/M416A,NO,45.366395,8.072773,52.0,30091.87,25413.918
PF16/0010/M416A,NO,45.357367,8.065132,52.0,29095.823,24803.848
PF17/0010/M416A,NO,45.355936,8.068088,52.0,28934.171,25033.574
PF18/0010/M416A,NO,45.363571,8.07151,52.0,29779.214,25311.417
PF03/0011/M416A,NO,45.360126,7.781592,10.0,29699.4,2600.2
PF06/0011/M416A,NO,45.358478,8.075472,52.0,29209.878,25615.15
PF10/0011/M416A,NO,45.357711,8.072274,52.0,29127.517,25363.745
PF13/0011/M416A,NO,45.355324,8.083322,52.0,28852.49,26226.007
PF14/0011/M416A,NO,45.359716,8.073124,52.0,29349.564,25432.887
PF16/0011/M416A,NO,45.358002,8.087032,52.0,29146.67,26520.0
PF17/0011/M416A,NO,45.357977,8.081055,52.0,29149.238,26051.814
PF03/0012/M416A,NO,45.358258,8.034454,52.0,29223.149,22402.229
PF05/0012/M416A,NO,45.357893,8.026351,52.0,29190.311,21767.028
PF06/0012/M416A,NO,45.356466,8.031209,52.0,29027.138,22145.637
PF14/0012/M416A,NO,45.352848,8.037414,8.0,28619.4,22626.84
PF15/0012/M416A,NO,45.353028,8.034397,52.0,28642.186,22390.773
PF16/0012/M416A,NO,45.351614,8.03606,52.0,28483.537,22519.142
PF17/0012/M416A,NO,45.351589,8.031967,52.0,28484.643,22198.52
PF18/0012/M416A,NO,45.354364,8.036216,52.0,28788.87,22535.031
PF19/0012/M416A,NO,45.35416,8.031202,52.0,28770.962,22142.023
PF20/0012/M416A,NO,45.350802,8.02757,52.0,28401.33,21853.026
PF21/0012/M416A,NO,45.350053,8.030468,52.0,28315.363,22079.004
PF22/0012/M416A,NO,45.356083,8.03473,52.0,28981.286,22420.932
PF02/0013/M416A,NO,45.349965,8.033914,52.0,28302.397,22348.867
PF03/0013/M416A,NO,45.349075,8.031614,52.0,28205.649,22167.508
PF06/0013/M416A,NO,45.346144,8.038155,52.0,27873.844,22676.019
PF01/0014/M416A,NO,45.353122,8.041419,52.0,28646.04,22940.913
PF04/0014/M416A,NO,45.352199,8.056217,52.0,28529.825,24098.904
PF06/0014/M416A,NO,45.351172,8.043378,52.0,28427.552,23091.783
PF09/0014/M416A,NO,45.350481,8.060275,52.0,28335.195,24414.568
PF11/0014/M416A,NO,45.349876,8.047366,52.0,28279.895,23402.503
PF12/0014/M416A,NO,45.34873,8.061396,52.0,28139.682,24500.101
PF18/0014/M416A,NO,45.347179,8.059134,52.0,27969.421,24320.896
PF19/0014/M416A,NO,45.354698,8.045293,52.0,28817.488,23246.452
PF20/0014/M416A,NO,45.353938,8.055837,52.0,28723.343,24071.348
PF21/0014/M416A,NO,45.353763,8.05349,52.0,28706.049,23887.286
PF24/0014/M416A,NO,45.351923,8.049398,52.0,28505.461,23564.347
PF25/0014/M416A,NO,45.350519,8.054456,52.0,28344.787,23958.76
PF26/0014/M416A,NO,45.345661,8.052921,52.0,27806.473,23832.123
PF27/0014/M416A,NO,45.354358,8.048956,52.0,28776.345,23532.969
PF28/0014/M416A,NO,45.348618,8.056866,52.0,28131.356,24145.067
PF29/0014/M416A,NO,45.348245,8.039204,12.0,28106.298,22761.002
PF01/0015/M416A,NO,45.354616,8.063106,52.0,28792.054,24641.681
PF03/0015/M416A,NO,45.353669,8.060382,52.0,28689.255,24427.041
PF05/0015/M416A,NO,45.355252,8.059297,52.0,28866.122,24344.13
PF02/0016/M416A,NO,45.354344,8.072108,52.0,28753.662,25346.373
PF03/0016/M416A,NO,45.351829,8.065917,52.0,28479.836,24858.268
PF07/0016/M416A,NO,45.348692,8.063238,52.0,28133.73,24644.287
PF09/0016/M416A,NO,45.347893,8.070538,52.0,28038.412,25215.17
PF11/0016/M416A,NO,45.34362,8.064912,10.0,27568.8,24768.9
PF12/0016/M416A,NO,45.351741,8.062219,52.0,28473.457,24568.427
PF13/0016/M416A,NO,45.350483,8.063663,52.0,28332.365,24679.909
PF15/0016/M416A,NO,45.353262,8.063857,52.0,28640.917,24698.714
PF16/0016/M416A,NO,45.351034,8.06879,52.0,28388.945,25082.268
PF17/0016/M416A,NO,45.346923,8.067195,52.0,27933.693,24952.013
PF19/0016/M416A,NO,45.346055,8.06276,52.0,27841.201,24603.48
PF01/0017/M416A,NO,45.355341,8.077589,52.0,28859.504,25776.985
PF02/0017/M416A,NO,45.353394,8.08222,52.0,28639.067,26137.255
PF03/0017/M416A,NO,45.352927,8.075766,52.0,28592.905,25631.135
PF10/0017/M416A,NO,45.348129,8.078889,52.0,28057.067,25869.638
PF11/0017/M416A,NO,45.350549,8.078158,52.0,28326.553,25815.437
PF12/0017/M416A,NO,45.352628,8.079286,52.0,28556.538,25906.518
PF13/0017/M416A,NO,45.349146,8.081013,52.0,28168.111,26037.306
PF01/0018/M416A,NO,45.349086,8.091425,8.0,28152.25,26852.94
PF03/0018/M416A,NO,45.354584,8.092904,52.0,28761.758,26975.613
PF06/0018/M416A,NO,45.352744,8.086493,52.0,28562.978,26471.192
PF09/0018/M416A,NO,45.350759,8.087514,52.0,28341.532,26548.602
PF14/0018/M416A,NO,45.353924,8.087322,52.0,28693.4,26537.596
PF15/0018/M416A,NO,45.351482,8.083784,52.0,28425.176,26257.333
PF16/0018/M416A,NO,45.355714,8.089084,52.0,28890.655,26677.822
PF17/0018/M416A,NO,45.353003,8.090566,52.0,28588.171,26790.556
PF01/0019/M416A,NO,45.344502,8.059954,8.0,27671.25,24381.6
PF05/0019/M416A,NO,45.344938,8.057048,52.0,27722.371,24154.548
PF06/0019/M416A,NO,45.344511,8.059953,8.0,27672.25,24381.6
PF08/0019/M416A,NO,45.342882,8.054257,52.0,27496.559,23933.192
PF10/0019/M416A,NO,45.340753,8.051411,52.0,27262.668,23707.402
PF14/0019/M416A,NO,45.339473,8.054485,10.0,27117.6,23946.6
PF16/0019/M416A,NO,45.337013,8.054558,52.0,26844.237,23949.134
PF17/0019/M416A,NO,45.343543,8.048267,12.0,27575.5,23464.8
PF03/0001/M416B,NO,45.096295,7.744812,52.0,433.72,-736.454
PF04/0001/M416B,NO,45.096386,7.748649,52.0,439.072,-434.409
PF05/0001/M416B,NO,45.095167,7.742173,52.0,311.574,-946.046
PF06/0001/M416B,NO,45.09485,7.747717,52.0,269.64,-510.396
PF07/0001/M416B,NO,45.094195,7.744782,52.0,200.45,-742.476
PF09/0001/M416B,NO,45.092398,7.748201,52.0,-3.38,-476.553
PF10/0001/M416B,NO,45.091836,7.751002,52.0,-69.18,-257.044
PF11/0001/M416B,NO,45.090306,7.749442,52.0,-237.246,-382.462
PF12/0001/M416B,NO,45.088399,7.75101,52.0,-451.068,-262.336
PF13/0001/M416B,NO,45.088128,7.749227,52.0,-478.953,-403.095
PF14/0001/M416B,NO,45.0963,7.744818,52.0,434.207,-735.957
PF15/0001/M416B,NO,45.093994,7.750937,52.0,170.574,-258.454
PF04/0002/M416B,NO,45.096986,7.754061,52.0,499.14,-7.522
PF05/0002/M416B,NO,45.09492,7.754045,52.0,269.734,-12.3
PF06/0002/M416B,NO,45.093141,7.756725,52.0,68.843,195.529
PF07/0002/M416B,NO,45.101528,7.755475,12.0,1002.0,111.5
PF01/0003/M416B,NO,45.102817,7.756647,8.0,1143.81,205.88
PF04/0003/M416B,NO,45.098716,7.760586,52.0,683.457,508.785
PF06/0003/M416B,NO,45.095773,7.761313,52.0,355.707,561.042
PF07/0003/M416B,NO,45.095751,7.758504,52.0,356.56,339.929
PF08/0003/M416B,NO,45.103958,7.755515,12.0,1272.0,118.8
PF09/0003/M416B,NO,45.097754,7.763357,52.0,573.289,725.174
PF02/0004/M416B,NO,45.095054,7.762643,52.0,274.206,664.422
PF05/0004/M416B,NO,45.092626,7.76348,52.0,3.428,726.139
PF06/0004/M416B,NO,45.092051,7.760538,52.0,-56.885,493.718
PF08/0004/M416B,NO,45.093646,7.759136,52.0,122.025,386.123
PF09/0004/M416B,NO,45.095746,7.765325,52.0,347.819,876.636
PF01/0005/M416B,NO,45.092495,7.754254,8.0,0.0,0.0
PF02/0005/M416B,NO,45.091372,7.755597,52.0,-126.381,103.724
PF03/0005/M416B,NO,45.090854,7.753448,52.0,-181.317,-66.26
PF03/0006/M416B,NO,45.092213,7.739712,52.0,-13.506,-1144.802
PF10/0006/M416B,NO,45.090379,7.746272,52.0,-225.272,-631.821
PF12/0006/M416B,NO,45.092872,7.744021,52.0,54.424,-804.585
PF13/0006/M416B,NO,45.091859,7.748855,52.0,-64.036,-425.99
PF09/0007/M416B,NO,45.082127,7.743976,52.0,-1139.206,-826.682
PF10/0007/M416B,NO,45.081524,7.739856,52.0,-1201.217,-1152.019
PF11/0007/M416B,NO,45.080359,7.744956,52.0,-1336.901,-752.596
PF02/0008/M416B,NO,45.078905,7.743004,52.0,-1496.032,-908.741
PF01/0009/M416B,NO,45.088522,7.749062,52.0,-435.026,-415.434
PF02/0009/M416B,NO,45.086728,7.751014,52.0,-636.72,-264.865
PF07/0009/M416B,NO,45.079239,7.750915,52.0,-1468.574,-285.512
PF08/0009/M416B,NO,45.081693,7.751709,52.0,-1196.921,-218.819
PF10/0009/M416B,NO,45.086395,7.747183,52.0,-668.977,-566.967
PF11/0009/M416B,NO,45.083884,7.74954,12.0,-950.8,-385.75
PF03/0010/M416B,NO,45.088031,7.7555,52.0,-497.366,90.401
PF04/0010/M416B,NO,45.08657,7.751781,52.0,-655.162,-204.835
PF08/0010/M416B,NO,45.082723,7.756039,52.0,-1087.684,123.687
PF10/0010/M416B,NO,45.08631,7.756565,52.0,-689.893,171.277
PF12/0010/M416B,NO,45.082958,7.753913,52.0,-1059.072,-43.217
PF13/0010/M416B,NO,45.090133,7.756652,52.0,-265.294,184.648
PF14/0010/M416B,NO,45.089541,7.752255,52.0,-325.726,-162.364
PF15/0010/M416B,NO,45.079526,7.754929,12.0,-1441.5,30.9
PF01/0011/M416B,NO,45.090674,7.760171,52.0,-209.446,462.503
PF03/0011/M416B,NO,45.088755,7.758869,52.0,-421.019,356.756
PF04/0011/M416B,NO,45.089002,7.762575,52.0,-398.106,648.812
PF06/0011/M416B,NO,45.087402,7.764891,52.0,-578.602,828.362
PF07/0011/M416B,NO,45.085532,7.765814,52.0,-787.473,897.796
PF11/0011/M416B,NO,45.086559,7.759779,52.0,-666.08,424.598
PF02/0012/M416B,NO,45.101302,7.768088,52.0,961.707,1103.466
PF05/0012/M416B,NO,45.099311,7.774636,52.0,732.776,1615.285
PF07/0012/M416B,NO,45.097218,7.772033,52.0,503.27,1406.946
PF10/0012/M416B,NO,45.100023,7.771839,52.0,815.122,1396.406
PF12/0012/M416B,NO,45.094821,7.772324,52.0,236.706,1425.79
PF13/0012/M416B,NO,45.097811,7.769247,52.0,572.479,1188.756
PF14/0012/M416B,NO,45.101779,7.772444,52.0,1009.51,1447.005
PF15/0012/M416B,NO,45.102429,7.774794,52.0,1078.879,1632.937
PF06/0013/M416B,NO,45.095745,7.770728,52.0,341.238,1301.751
PF07/0013/M416B,NO,45.093152,7.772129,52.0,51.473,1407.668
PF08/0013/M416B,NO,45.090753,7.770545,12.0,-213.114,1278.993
PF01/0014/M416B,NO,45.093967,7.774315,52.0,139.427,1581.027
PF02/0014/M416B,NO,45.091698,7.773068,52.0,-111.11,1479.078
PF03/0015/M416B,NO,45.089961,7.775142,52.0,-306.616,1639.388
PF04/0015/M416B,NO,45.086042,7.776306,12.0,-743.291,1724.404
PF11/0016/M416B,NO,45.104966,7.790993,52.0,1341.533,2911.648
PF12/0016/M416B,NO,45.105507,7.784541,52.0,1409.271,2405.0
PF13/0016/M416B,NO,45.108678,7.780105,52.0,1766.785,2061.312
PF06/0017/M416B,NO,45.101261,7.78708,52.0,934.61,2597.643
PF09/0017/M416B,NO,45.100521,7.776799,52.0,864.576,1787.544
PF12/0017/M416B,NO,45.099479,7.791271,52.0,731.684,2924.402
PF17/0017/M416B,NO,45.097502,7.788266,52.0,515.59,2684.719
PF18/0017/M416B,NO,45.102911,7.78259,52.0,1123.217,2247.151
PF19/0017/M416B,NO,45.098873,7.777987,52.0,680.062,1878.187
PF21/0017/M416B,NO,45.097682,7.785444,52.0,538.946,2462.958
PF22/0017/M416B,NO,45.09807,7.775417,12.0,593.94,1674.641
PF23/0017/M416B,NO,45.104016,7.776951,12.0,1252.702,1805.381
PF01/0018/M416B,NO,45.095794,7.774957,52.0,341.631,1634.598
PF02/0018/M416B,NO,45.096296,7.778327,52.0,393.402,1900.611
PF05/0018/M416B,NO,45.093539,7.777711,52.0,87.792,1847.54
PF06/0018/M416B,NO,45.093204,7.781085,52.0,46.642,2112.475
PF09/0018/M416B,NO,45.092131,7.778867,52.0,-69.957,1936.105
PF11/0018/M416B,NO,45.096477,7.781424,52.0,409.792,2144.637
PF13/0018/M416B,NO,45.093877,7.781986,52.0,120.349,2184.513
PF14/0018/M416B,NO,45.091071,7.783618,52.0,-193.282,2308.245
PF01/0019/M416B,NO,45.090468,7.777446,8.0,-252.99,1821.55
PF02/0019/M416B,NO,45.091146,7.781068,52.0,-181.966,2107.725
PF03/0019/M416B,NO,45.089812,7.785022,52.0,-334.879,2416.573
PF07/0019/M416B,NO,45.087889,7.783878,52.0,-547.08,2323.382
PF08/0019/M416B,NO,45.089356,7.78749,52.0,-388.487,2610.05
PF10/0019/M416B,NO,45.086286,7.784859,10.0,-726.4,2397.9
PF12/0019/M416B,NO,45.088323,7.788532,52.0,-504.369,2690.38
PF13/0019/M416B,NO,45.086755,7.788091,52.0,-678.051,2653.041
PF15/0019/M416B,NO,45.086419,7.782242,52.0,-708.492,2192.162
PF02/0020/M416B,NO,45.093264,7.789942,10.0,42.8,2809.5
PF04/0020/M416B,NO,45.090813,7.788491,52.0,-227.753,2691.234
PF05/0020/M416B,NO,45.091204,7.791359,52.0,-187.67,2917.592
PF09/0020/M416B,NO,45.095264,7.791212,52.0,263.498,2912.81
PF10/0020/M416B,NO,45.089348,7.791758,52.0,-394.366,2945.911
PF11/0020/M416B,NO,45.089833,7.794096,52.0,-343.264,3130.724
PF12/0020/M416B,NO,45.092195,7.793647,52.0,-80.255,3099.322
