identificativo,provincia,lat_wgs84,lon_wgs84,quota,coord_nord,coord_est
PF43/0004/A125,TE,42.836618,13.932199,52.0,4743236.52,2432741.12
PF37/0010/A125,TE,42.828736,13.934696,56.0,4742358.59,2432934.11
PF38/0010/A125,TE,42.82382,13.936339,12.0,4741811.0,2433061.5
PF01/0001/A445,TE,43.184523,12.659207,52.0,95979.009,-40220.997
PF02/0001/A445,TE,43.183945,12.668598,56.0,95893.543,-39459.583
PF03/0001/A445,TE,43.183817,12.662064,54.0,95894.065,-39991.075
PF04/0001/A445,TE,43.18368,12.662005,54.0,95878.977,-39996.253
PF05/0001/A445,TE,43.177754,12.658112,54.0,95229.69,-40331.063
PF07/0001/A445,TE,43.177956,12.665089,54.0,95236.325,-39763.324
PF08/0001/A445,TE,43.180761,12.667656,56.0,95541.986,-39546.036
PF10/0001/A445,TE,43.177998,12.670646,12.0,95228.42,-39311.536
PF01/0002/A445,TE,43.187653,12.672054,56.0,96297.486,-39167.275
PF03/0002/A445,TE,43.174208,12.675631,52.0,94796.194,-38918.089
PF04/0002/A445,TE,43.176927,12.678838,52.0,95090.995,-38649.044
PF05/0002/A445,TE,43.18152,12.679025,56.0,95600.634,-38619.696
PF06/0002/A445,TE,43.184697,12.673851,56.0,95965.175,-39030.388
PF07/0002/A445,TE,43.1834,12.677948,56.0,95811.799,-38701.412
PF09/0002/A445,TE,43.179891,12.671642,12.0,95436.373,-39224.79
PF10/0002/A445,TE,43.180407,12.675184,12.0,95485.721,-38935.32
PF02/0003/A445,TE,43.18166,12.680319,56.0,95613.299,-38514.116
PF04/0003/A445,TE,43.179634,12.680864,12.0,95387.025,-38476.026
PF06/0003/A445,TE,43.183085,12.684216,12.0,95762.7,-38193.0
PF05/0004/A445,TE,43.174458,12.680903,52.0,94812.121,-38488.8
PF06/0004/A445,TE,43.177213,12.686065,54.0,95106.472,-38060.735
PF07/0004/A445,TE,43.177007,12.696488,54.0,95060.21,-37214.154
PF08/0004/A445,TE,43.174055,12.685833,52.0,94756.223,-38089.281
PF10/0004/A445,TE,43.175469,12.688457,12.0,94907.35,-37871.7
PF12/0004/A445,TE,43.179239,12.690696,12.0,95321.0,-37678.1
PF13/0004/A445,TE,43.178076,12.688219,12.0,95197.5,-37883.0
PF14/0004/A445,TE,43.176272,12.683058,12.0,95008.65,-38308.076
PF01/0005/A445,TE,43.174831,12.660614,8.0,94899.37,-40136.8
PF02/0005/A445,TE,43.167801,12.65475,52.0,94131.964,-40635.294
PF03/0005/A445,TE,43.172402,12.666609,54.0,94616.002,-39657.019
PF05/0005/A445,TE,43.168505,12.667824,52.0,94180.553,-39570.292
PF06/0005/A445,TE,43.173885,12.664756,52.0,94784.956,-39803.072
PF07/0005/A445,TE,43.167747,12.663768,52.0,94105.567,-39902.396
PF08/0005/A445,TE,43.17623,12.662988,54.0,95049.352,-39939.467
PF02/0006/A445,TE,43.172334,12.675072,52.0,94589.403,-38969.262
PF03/0006/A445,TE,43.168305,12.673825,52.0,94144.656,-39083.068
PF05/0006/A445,TE,43.167924,12.679393,52.0,94089.805,-38631.661
PF06/0006/A445,TE,43.171478,12.678438,52.0,94486.655,-38698.328
PF07/0006/A445,TE,43.172574,12.672348,52.0,94622.194,-39189.947
PF08/0006/A445,TE,43.172238,12.683826,12.0,94559.0,-38258.0
PF09/0006/A445,TE,43.174781,12.672477,12.0,94867.0,-39172.7
PF02/0007/A445,TE,43.165498,12.699656,52.0,93774.906,-36991.865
PF03/0007/A445,TE,43.169225,12.686442,52.0,94218.499,-38054.654
PF04/0007/A445,TE,43.173029,12.692695,54.0,94626.905,-37534.66
PF06/0007/A445,TE,43.17111,12.691109,52.0,94417.344,-37669.48
PF08/0007/A445,TE,43.174744,12.700533,54.0,94799.786,-36892.307
PF09/0007/A445,TE,43.167025,12.684788,52.0,93977.835,-38195.825
PF10/0007/A445,TE,43.170007,12.691589,52.0,94293.769,-37633.852
PF11/0007/A445,TE,43.172327,12.69874,52.0,94535.411,-37045.443
PF12/0007/A445,TE,43.171548,12.688791,12.0,94471.133,-37856.551
PF14/0007/A445,TE,43.168227,12.697874,12.0,94082.003,-37128.394
PF15/0007/A445,TE,43.16531,12.69183,12.0,93771.515,-37628.646
PF01/0008/A445,TE,43.165219,12.66063,11.0,93831.9,-40165.3
PF02/0008/A445,TE,43.163616,12.659056,52.0,93657.401,-40298.238
PF03/0008/A445,TE,43.16517,12.665094,10.0,93816.3,-39802.6
PF04/0008/A445,TE,43.161744,12.658702,52.0,93450.289,-40332.857
PF05/0008/A445,TE,43.157944,12.667557,52.0,93008.182,-39624.735
PF06/0008/A445,TE,43.161525,12.656026,10.0,93432.1,-40551.1
PF07/0008/A445,TE,43.157888,12.656726,50.0,93026.536,-40505.473
PF08/0008/A445,TE,43.160655,12.651834,10.0,93345.0,-40894.6
PF09/0008/A445,TE,43.164978,12.656895,10.0,93813.6,-40469.7
PF01/0009/A445,TE,43.15428,12.680702,8.0,92571.58,-38567.21
PF02/0009/A445,TE,43.165221,12.682876,7.0,93781.74,-38356.83
PF04/0009/A445,TE,43.154279,12.680774,52.0,92571.36,-38561.363
PF05/0009/A445,TE,43.165177,12.670791,52.0,93804.141,-39339.437
PF06/0009/A445,TE,43.163085,12.674104,52.0,93564.318,-39076.574
PF07/0009/A445,TE,43.158236,12.67289,52.0,93028.509,-39190.186
PF08/0009/A445,TE,43.154478,12.674579,52.0,92607.441,-39064.47
PF09/0009/A445,TE,43.151951,12.672376,52.0,92331.693,-39251.42
PF10/0009/A445,TE,43.165851,12.676999,52.0,93865.037,-38832.64
PF11/0009/A445,TE,43.162925,12.677698,52.0,93538.422,-38784.84
PF12/0009/A445,TE,43.159897,12.680189,12.0,93196.534,-38591.663
PF01/0010/A445,TE,43.159412,12.684438,52.0,93133.177,-38247.695
PF02/0010/A445,TE,43.162203,12.684661,52.0,93442.643,-38220.954
PF03/0010/A445,TE,43.159857,12.687511,52.0,93175.683,-37996.489
PF04/0010/A445,TE,43.163733,12.688355,52.0,93604.227,-37915.98
PF05/0010/A445,TE,43.159972,12.698058,12.0,93164.81,-37138.59
PF05/0011/A445,TE,43.154908,12.659213,50.0,92689.93,-40312.557
PF06/0011/A445,TE,43.155997,12.662833,50.0,92802.642,-40014.823
PF07/0011/A445,TE,43.14909,12.650647,12.0,92063.308,-41027.135
PF08/0011/A445,TE,43.153327,12.649996,12.0,92535.39,-41066.91
PF09/0011/A445,TE,43.151577,12.655116,12.0,92329.3,-40656.0
PF01/0012/A445,TE,43.140233,12.643628,6.0,91095.7,-41625.64
PF02/0012/A445,TE,43.139475,12.65346,50.0,90989.087,-40828.357
PF03/0012/A445,TE,43.146949,12.654251,52.0,91817.378,-40740.748
PF04/0012/A445,TE,43.140235,12.647946,50.0,91086.031,-41274.41
PF05/0012/A445,TE,43.141945,12.644727,50.0,91283.356,-41530.869
PF06/0012/A445,TE,43.143753,12.647193,50.0,91478.467,-41324.737
PF03/0013/A445,TE,43.14552,12.667001,52.0,91629.629,-39708.337
PF04/0013/A445,TE,43.146592,12.6612,52.0,91761.898,-40176.745
PF05/0013/A445,TE,43.141694,12.66558,12.0,91207.97,-39835.75
PF06/0013/A445,TE,43.140194,12.662557,4.0,91048.226,-40086.302
PF07/0013/A445,TE,43.142191,12.660983,12.0,91273.613,-40208.055
PF02/0014/A445,TE,43.14458,12.68222,52.0,91490.882,-38473.597
PF03/0014/A445,TE,43.153358,12.683928,52.0,92461.976,-38307.764
PF04/0014/A445,TE,43.15285,12.681208,52.0,92411.583,-38530.461
PF05/0014/A445,TE,43.150685,12.676044,12.0,92182.8,-38957.03
PF06/0014/A445,TE,43.147265,12.676365,12.0,91802.29,-38941.46
PF01/0015/A445,TE,43.156419,12.684683,52.0,92800.143,-38236.971
PF03/0015/A445,TE,43.152341,12.690436,54.0,92334.371,-37781.675
PF04/0015/A445,TE,43.155291,12.695293,54.0,92651.123,-37377.718
PF05/0015/A445,TE,43.144608,12.684357,52.0,91489.214,-38299.775
PF06/0015/A445,TE,43.14505,12.68708,52.0,91532.173,-38076.921
PF07/0015/A445,TE,43.141838,12.687462,52.0,91174.586,-38055.715
PF08/0015/A445,TE,43.149239,12.685884,52.0,92000.094,-38161.326
PF09/0015/A445,TE,43.154376,12.687017,52.0,92568.006,-38053.452
PF11/0015/A445,TE,43.140494,12.689985,12.0,91019.65,-37854.68
PF12/0015/A445,TE,43.148166,12.695681,12.0,91858.945,-37367.956
PF02/0016/A445,TE,43.137652,12.658174,52.0,90775.895,-40450.619
PF03/0016/A445,TE,43.13635,12.651149,50.0,90647.339,-41026.026
PF04/0016/A445,TE,43.132274,12.657122,12.0,90181.032,-40552.861
PF05/0016/A445,TE,43.127381,12.653419,12.0,89646.054,-40869.334
PF01/0017/A445,TE,43.130745,12.667635,52.0,89987.271,-39702.49
PF02/0017/A445,TE,43.137037,12.665538,12.0,90690.886,-39853.607
PF01/0018/A445,TE,43.133565,12.669244,52.0,90296.867,-39562.911
PF02/0018/A445,TE,43.132904,12.672639,12.0,90215.735,-39288.792
PF03/0018/A445,TE,43.134741,12.66768,12.0,90430.976,-39686.456
PF01/0019/A445,TE,43.139602,12.680439,52.0,90942.056,-38633.744
PF01/0020/A445,TE,43.12934,12.674111,50.0,89816.687,-39180.065
PF02/0020/A445,TE,43.126639,12.679334,50.0,89504.933,-38763.549
PF03/0020/A445,TE,43.121399,12.679553,50.0,88922.391,-38761.834
PF04/0020/A445,TE,43.125274,12.677055,50.0,89358.394,-38953.096
PF05/0020/A445,TE,43.130859,12.680058,50.0,89971.89,-38691.659
PF01/0021/A445,TE,43.118101,12.646286,6.0,88631.7,-41478.53
PF03/0022/A445,TE,43.124617,12.666315,50.0,89309.739,-39828.847
PF04/0022/A445,TE,43.1207,12.671832,12.0,88862.21,-39392.143
PF01/0023/A445,TE,43.108305,12.663245,12.0,87505.15,-40129.1
PF03/0023/A445,TE,43.109501,12.665441,12.0,87632.95,-39946.75
PF04/0023/A445,TE,43.112157,12.658958,12.0,87942.687,-40466.006
PF01/0024/A445,TE,43.10743,12.625581,8.0,87494.15,-43196.64
PF01/0025/A445,TE,43.099704,12.647847,3.0,86584.96,-41408.91
PF02/0025/A445,TE,43.109932,12.659307,12.0,87694.806,-40444.5
PF07/0098/A488,TE,43.224502,12.901828,12.0,99896.0,-20392.0
PF02/0100/A488,TE,43.216918,12.927174,52.0,99002.43,-18354.35
PF04/0100/A488,TE,43.220456,12.924289,52.0,99401.126,-18578.952
PF08/0100/A488,TE,43.224947,12.918443,21.0,99911.751,-19041.366
PF04/0101/A488,TE,43.225585,12.937227,52.0,99944.779,-17514.08
PF07/0101/A488,TE,43.224769,12.944013,52.0,99840.537,-16965.168
PF11/0101/A488,TE,43.225983,12.940136,12.0,99983.087,-17276.738
PF08/0102/A488,TE,43.222101,12.93768,52.0,99556.961,-17486.789
PF09/0102/A488,TE,43.223228,12.934749,52.0,99687.895,-17721.747
PF10/0102/A488,TE,43.219397,12.934391,52.0,99263.214,-17761.329
PF13/0102/A488,TE,43.21553,12.927823,21.0,98846.894,-18305.464
PF05/0103/A488,TE,43.222175,12.939901,52.0,99560.725,-17306.213
PF10/0103/A488,TE,43.220229,12.949306,52.0,99325.834,-16547.607
PF11/0103/A488,TE,43.222559,12.949195,52.0,99584.781,-16550.349
PF14/0103/A488,TE,43.221525,12.952807,52.0,99462.723,-16259.746
PF17/0103/A488,TE,43.223314,12.946747,20.0,99673.545,-16747.104
PF02/0104/A488,TE,43.221395,12.878029,52.0,99599.757,-22333.603
PF03/0104/A488,TE,43.223294,12.871298,52.0,99824.47,-22874.88
PF03/0105/A488,TE,43.21872,12.879313,52.0,99300.012,-22236.86
PF04/0105/A488,TE,43.222392,12.88179,52.0,99702.746,-22025.327
PF06/0105/A488,TE,43.215765,12.882993,21.0,98964.215,-21946.27
PF01/0106/A488,TE,43.220166,12.897957,52.0,99422.4,-20718.5
PF04/0106/A488,TE,43.224535,12.895048,52.0,99913.5,-20942.5
PF06/0106/A488,TE,43.224564,12.890154,12.0,99926.776,-21339.94
PF02/0107/A488,TE,43.218317,12.901936,54.0,99208.871,-20400.398
PF03/0107/A488,TE,43.215933,12.904417,54.0,98939.058,-20205.541
PF05/0107/A488,TE,43.220391,12.908734,21.0,99425.44,-19842.505
PF02/0108/A488,TE,43.219137,12.910561,54.0,99282.379,-19697.599
PF07/0108/A488,TE,43.217235,12.910533,21.0,99071.238,-19705.189
PF02/0109/A488,TE,43.213808,12.927845,52.0,98655.643,-18308.396
PF04/0109/A488,TE,43.209778,12.931698,52.0,98200.3,-18006.5
PF05/0109/A488,TE,43.210397,12.927357,52.0,98277.786,-18357.44
PF06/0109/A488,TE,43.216385,12.919724,52.0,98958.249,-18960.948
PF11/0109/A488,TE,43.213874,12.918991,21.0,98680.876,-19027.419
PF02/0110/A488,TE,43.211986,12.940246,52.0,98428.4,-17306.1
PF03/0110/A488,TE,43.209389,12.942999,52.0,98134.5,-17089.5
PF04/0110/A488,TE,43.219419,12.941473,52.0,99251.408,-17186.036
PF05/0110/A488,TE,43.216772,12.940293,52.0,98959.871,-17289.159
PF07/0110/A488,TE,43.214832,12.939754,21.0,98745.43,-17338.272
PF03/0111/A488,TE,43.214907,12.953107,54.0,98727.176,-16253.426
PF04/0111/A488,TE,43.216365,12.950425,54.0,98894.422,-16467.305
PF06/0111/A488,TE,43.212952,12.950697,52.0,98514.887,-16454.481
PF08/0111/A488,TE,43.220026,12.956111,52.0,99289.689,-15995.48
PF11/0111/A488,TE,43.217666,12.953871,21.0,99032.017,-16183.83
PF01/0001/A885,TE,43.220793,12.662751,52.0,99999.166,-39820.467
PF03/0001/A885,TE,43.217266,12.667284,50.0,99597.076,-39463.18
PF04/0001/A885,TE,43.219865,12.666757,52.0,99887.014,-39497.974
PF05/0001/A885,TE,43.219027,12.658933,12.0,99811.615,-40136.076
PF07/0001/A885,TE,43.215169,12.664602,12.0,99370.314,-39687.536
PF02/0002/A885,TE,43.219727,12.684743,52.0,99831.024,-38037.481
PF03/0002/A885,TE,43.217123,12.670783,52.0,99573.319,-39179.408
PF02/0003/A885,TE,43.217989,12.690548,52.0,99625.003,-37571.325
PF03/0003/A885,TE,43.217979,12.692772,52.0,99618.867,-37390.755
PF08/0003/A885,TE,43.221207,12.689059,12.0,99985.748,-37682.403
PF04/0004/A885,TE,43.221655,12.706148,12.0,99997.261,-36293.04
PF02/0005/A885,TE,43.211831,12.663875,52.0,99001.224,-39756.982
PF03/0005/A885,TE,43.209221,12.66332,52.0,98712.577,-39810.161
PF04/0005/A885,TE,43.209538,12.660231,52.0,98754.822,-40060.111
PF05/0005/A885,TE,43.204776,12.664258,52.0,98216.878,-39747.711
PF06/0005/A885,TE,43.207492,12.665912,52.0,98514.707,-39604.916
PF07/0005/A885,TE,43.207203,12.660437,52.0,98495.082,-40050.611
PF08/0005/A885,TE,43.202009,12.663005,12.0,97912.348,-39858.106
PF09/0005/A885,TE,43.206979,12.663599,12.0,98463.033,-39794.417
PF01/0006/A885,TE,43.204455,12.677113,52.0,98152.12,-38704.36
PF03/0006/A885,TE,43.209008,12.667608,52.0,98679.295,-39462.49
PF04/0006/A885,TE,43.211671,12.668832,52.0,98972.26,-39354.795
PF05/0006/A885,TE,43.210157,12.670721,52.0,98799.805,-39206.008
PF07/0006/A885,TE,43.212817,12.674904,52.0,99085.782,-38858.027
PF08/0006/A885,TE,43.210738,12.67536,52.0,98853.828,-38827.369
PF09/0006/A885,TE,43.215086,12.671331,52.0,99345.816,-39141.22
PF10/0006/A885,TE,43.203912,12.668585,52.0,98111.097,-39398.903
PF11/0006/A885,TE,43.21227,12.672149,12.0,99031.285,-39083.45
PF12/0006/A885,TE,43.20978,12.673831,12.0,98750.93,-38954.57
PF13/0006/A885,TE,43.20666,12.675265,12.0,98401.158,-38847.674
PF01/0007/A885,TE,43.212984,12.686249,54.0,99078.715,-37935.902
PF02/0007/A885,TE,43.209413,12.685715,54.0,98683.421,-37990.281
PF03/0007/A885,TE,43.213572,12.682739,54.0,99151.909,-38219.202
PF04/0007/A885,TE,43.206274,12.684209,52.0,98338.113,-38122.283
PF05/0007/A885,TE,43.206554,12.681382,12.0,98375.6,-38351.08
PF01/0008/A885,TE,43.20955,12.688372,8.0,98692.65,-37773.97
PF02/0008/A885,TE,43.215434,12.691162,52.0,99339.874,-37529.329
PF03/0008/A885,TE,43.209639,12.68829,52.0,98702.733,-37780.345
PF05/0008/A885,TE,43.205485,12.69199,52.0,98233.06,-37492.52
PF06/0008/A885,TE,43.210322,12.695585,12.0,98762.215,-37185.672
PF07/0008/A885,TE,43.215487,12.695203,12.0,99336.7,-37200.88
PF02/0009/A885,TE,43.213865,12.703781,52.0,99137.368,-36509.058
PF03/0009/A885,TE,43.216282,12.704037,52.0,99405.171,-36480.911
PF05/0009/A885,TE,43.214853,12.700683,52.0,99253.942,-36757.662
PF06/0009/A885,TE,43.212624,12.707053,52.0,98992.254,-36247.086
PF07/0009/A885,TE,43.210796,12.705704,20.0,98792.211,-36362.218
PF08/0009/A885,TE,43.218209,12.697908,52.0,99632.961,-36972.809
PF09/0009/A885,TE,43.213147,12.69839,52.0,99069.679,-36949.188
PF10/0009/A885,TE,43.218953,12.704088,12.0,99701.697,-36468.63
PF11/0009/A885,TE,43.209055,12.701143,12.0,98609.0,-36738.0
PF02/0010/A885,TE,43.215333,12.711769,52.0,99282.653,-35855.746
PF03/0010/A885,TE,43.212018,12.71354,52.0,98910.493,-35721.946
PF04/0010/A885,TE,43.219313,12.707386,52.0,99734.34,-36199.6
PF05/0010/A885,TE,43.212323,12.715654,52.0,98939.683,-35549.3
PF01/0011/A885,TE,43.20309,12.68744,52.0,97977.219,-37869.563
PF02/0011/A885,TE,43.200411,12.697741,52.0,97656.626,-37040.847
PF04/0011/A885,TE,43.204031,12.702269,52.0,98048.523,-36661.923
PF05/0011/A885,TE,43.201583,12.695458,52.0,97791.91,-37222.736
PF06/0011/A885,TE,43.207889,12.696564,52.0,98489.81,-37113.581
PF07/0011/A885,TE,43.204931,12.688926,12.0,98178.364,-37743.194
PF01/0012/A885,TE,43.210173,12.719069,8.0,98693.31,-35278.38
PF04/0012/A885,TE,43.213274,12.711259,52.0,99055.021,-35903.437
PF06/0012/A885,TE,43.204873,12.709918,52.0,98124.993,-36037.904
PF07/0012/A885,TE,43.206911,12.711863,52.0,98347.03,-35873.662
PF08/0012/A885,TE,43.209731,12.707402,20.0,98670.201,-36227.468
PF09/0012/A885,TE,43.205693,12.717013,52.0,98200.381,-35459.007
PF10/0012/A885,TE,43.204882,12.71307,52.0,98119.042,-35781.8
PF11/0012/A885,TE,43.204741,12.705904,52.0,98119.306,-36364.387
PF12/0012/A885,TE,43.208088,12.717181,52.0,98465.966,-35438.078
PF13/0012/A885,TE,43.207121,12.722573,52.0,98346.625,-35002.979
PF14/0012/A885,TE,43.210084,12.719081,52.0,98683.418,-35277.676
PF15/0012/A885,TE,43.205609,12.720178,52.0,98183.989,-35202.103
PF16/0012/A885,TE,43.2112,12.711234,52.0,98824.823,-35911.703
PF17/0012/A885,TE,43.212805,12.718937,50.0,98985.896,-35281.152
PF18/0012/A885,TE,43.206961,12.703779,12.0,98370.58,-36530.29
PF20/0012/A885,TE,43.209769,12.713943,12.0,98659.82,-35696.0
PF21/0012/A885,TE,43.207309,12.707031,12.0,98402.0,-36265.0
PF01/0013/A885,TE,43.199017,12.651039,8.0,97607.29,-40839.64
PF02/0013/A885,TE,43.197805,12.647012,12.0,97481.9,-41170.6
PF01/0014/A885,TE,43.195149,12.667161,52.0,97141.122,-39541.675
PF02/0014/A885,TE,43.195751,12.670022,52.0,97201.422,-39307.37
PF03/0014/A885,TE,43.197868,12.668973,52.0,97438.909,-39386.082
PF04/0014/A885,TE,43.195228,12.663974,12.0,97157.102,-39800.408
PF01/0015/A885,TE,43.201472,12.669609,8.0,97837.81,-39323.24
PF02/0015/A885,TE,43.203168,12.683975,52.0,97993.668,-38150.849
PF04/0015/A885,TE,43.201721,12.679104,52.0,97843.988,-38551.002
PF05/0015/A885,TE,43.19985,12.671597,52.0,97653.094,-39166.751
PF06/0015/A885,TE,43.195065,12.674611,52.0,97114.877,-38936.593
PF07/0015/A885,TE,43.20018,12.681531,52.0,97667.313,-38358.581
PF08/0015/A885,TE,43.199314,12.678373,52.0,97578.348,-38617.823
PF09/0015/A885,TE,43.198021,12.670263,52.0,97453.001,-39280.802
PF10/0015/A885,TE,43.201507,12.676113,12.0,97826.9,-38794.72
PF01/0016/A885,TE,43.187296,12.664295,8.0,96275.46,-39798.93
PF02/0016/A885,TE,43.187555,12.664564,56.0,96303.634,-39776.289
PF04/0016/A885,TE,43.189988,12.663022,54.0,96577.341,-39894.011
PF06/0016/A885,TE,43.193306,12.65878,54.0,96955.472,-40228.444
PF07/0016/A885,TE,43.192453,12.666497,12.0,96843.2,-39604.0
PF08/0016/A885,TE,43.188561,12.660838,12.0,96423.755,-40075.947
PF01/0017/A885,TE,43.187705,12.678207,6.0,96289.35,-38667.13
PF02/0017/A885,TE,43.190241,12.671346,56.0,96586.571,-39216.837
PF03/0017/A885,TE,43.190105,12.675987,56.0,96560.939,-38840.096
PF04/0017/A885,TE,43.192421,12.671455,56.0,96828.393,-39201.259
PF06/0017/A885,TE,43.192439,12.67498,56.0,96822.386,-38914.748
PF07/0017/A885,TE,43.187645,12.678463,52.0,96282.173,-38646.46
PF01/0018/A885,TE,43.19503,12.687704,54.0,97081.567,-37872.856
PF03/0018/A885,TE,43.199008,12.689692,52.0,97518.821,-37699.075
PF05/0018/A885,TE,43.19178,12.678361,56.0,96741.569,-38642.047
PF06/0018/A885,TE,43.192923,12.686913,54.0,96849.305,-37943.614
PF07/0018/A885,TE,43.189924,12.683494,54.0,96523.898,-38230.634
PF08/0018/A885,TE,43.19348,12.682304,54.0,96921.515,-38316.379
PF09/0018/A885,TE,43.196334,12.685752,54.0,97230.756,-38027.455
PF10/0018/A885,TE,43.194893,12.680777,12.0,97081.847,-38436.151
PF11/0018/A885,TE,43.197937,12.687799,12.0,97404.2,-37856.2
PF12/0018/A885,TE,43.186788,12.684364,12.0,96173.716,-38169.583
PF13/0018/A885,TE,43.191984,12.678528,12.0,96763.89,-38627.846
PF14/0018/A885,TE,43.198469,12.682644,12.0,97474.832,-38273.434
PF01/0019/A885,TE,43.199714,12.69199,8.0,97592.09,-37510.2
PF02/0019/A885,TE,43.198571,12.69008,52.0,97469.416,-37668.917
PF03/0019/A885,TE,43.200837,12.692566,52.0,97715.522,-37459.965
PF05/0019/A885,TE,43.199885,12.690874,52.0,97613.653,-37600.338
PF06/0019/A885,TE,43.199913,12.687709,52.0,97623.868,-37857.433
PF07/0019/A885,TE,43.200523,12.685568,52.0,97696.415,-38029.504
PF08/0019/A885,TE,43.200526,12.685555,52.0,97696.782,-38030.557
PF09/0019/A885,TE,43.199614,12.694642,52.0,97575.099,-37295.043
PF01/0020/A885,TE,43.196453,12.692157,54.0,97229.607,-37506.656
PF02/0020/A885,TE,43.194219,12.694485,52.0,96976.285,-37324.329
PF03/0020/A885,TE,43.195466,12.698534,54.0,97105.71,-36991.539
PF04/0020/A885,TE,43.192354,12.695922,52.0,96765.889,-37213.226
PF05/0020/A885,TE,43.201083,12.70341,52.0,97718.567,-36578.182
PF06/0020/A885,TE,43.196526,12.704033,54.0,97211.075,-36541.42
PF07/0020/A885,TE,43.193132,12.701523,54.0,96839.776,-36755.757
PF08/0020/A885,TE,43.197014,12.695962,54.0,97283.371,-37195.774
PF01/0021/A885,TE,43.193688,12.71585,8.0,96869.6,-35589.9
PF02/0021/A885,TE,43.192424,12.713471,54.0,96734.593,-35787.019
PF03/0021/A885,TE,43.190807,12.713034,54.0,96555.97,-35827.424
PF04/0021/A885,TE,43.193708,12.706502,54.0,96892.678,-36349.421
PF05/0021/A885,TE,43.194051,12.719316,52.0,96902.28,-35307.157
PF06/0021/A885,TE,43.201083,12.708606,52.0,97707.04,-36156.022
PF07/0021/A885,TE,43.199122,12.713533,54.0,97478.246,-35761.688
PF08/0021/A885,TE,43.198114,12.707512,54.0,97379.69,-36253.972
PF09/0021/A885,TE,43.194409,12.712219,54.0,96957.805,-35882.759
PF02/0022/A885,TE,43.202076,12.716655,52.0,97799.449,-35499.061
PF03/0022/A885,TE,43.199101,12.722635,52.0,97455.778,-35022.168
PF04/0022/A885,TE,43.194381,12.725766,52.0,96924.649,-34782.05
PF05/0022/A885,TE,43.201683,12.724679,12.0,97738.04,-34848.31
PF01/0023/A885,TE,43.188794,12.691603,52.0,96380.15,-37575.1
PF02/0023/A885,TE,43.185741,12.691402,52.0,96041.627,-37600.848
PF03/0023/A885,TE,43.183352,12.69167,52.0,95775.621,-37586.393
PF04/0023/A885,TE,43.18098,12.696593,54.0,95501.194,-37193.492
PF05/0023/A885,TE,43.184514,12.698341,54.0,95889.826,-37040.64
PF09/0023/A885,TE,43.189827,12.696017,52.0,96484.991,-37213.252
PF10/0023/A885,TE,43.187212,12.696791,54.0,96192.906,-37158.393
PF12/0023/A885,TE,43.183199,12.702659,54.0,95734.121,-36693.696
PF13/0023/A885,TE,43.183149,12.695972,52.0,95743.451,-37237.343
PF14/0023/A885,TE,43.191488,12.691632,12.0,96679.3,-37564.497
PF01/0024/A885,TE,43.191632,12.697279,8.0,96682.65,-37105.22
PF03/0024/A885,TE,43.190832,12.706194,54.0,96573.939,-36383.234
PF04/0024/A885,TE,43.18688,12.705958,54.0,96135.574,-36414.421
PF05/0024/A885,TE,43.188381,12.700943,52.0,96313.416,-36817.344
PF06/0024/A885,TE,43.190318,12.709045,54.0,96510.481,-36153.124
PF07/0024/A885,TE,43.185712,12.701367,54.0,96016.041,-36791.035
PF08/0024/A885,TE,43.188947,12.711457,12.0,96352.86,-35961.21
PF09/0024/A885,TE,43.191152,12.705569,12.0,96610.85,-36432.98
PF10/0024/A885,TE,43.189771,12.700805,12.0,96468.13,-36824.38
PF02/0025/A885,TE,43.191624,12.730981,52.0,96606.95,-34366.628
PF03/0025/A885,TE,43.189924,12.725815,52.0,96429.598,-34791.541
PF04/0025/A885,TE,43.187045,12.722734,10.0,96116.654,-35050.546
PF05/0025/A885,TE,43.191241,12.717867,52.0,96593.461,-35433.43
PF06/0025/A885,TE,43.18633,12.718722,52.0,96046.084,-35378.83
PF07/0025/A885,TE,43.185688,12.715292,52.0,95982.391,-35659.488
PF01/0026/A885,TE,43.175226,12.705475,8.0,94842.31,-36489.16
PF03/0026/A885,TE,43.179177,12.7022,54.0,95288.416,-36743.275
PF04/0026/A885,TE,43.176242,12.711369,52.0,94942.016,-36007.028
PF05/0026/A885,TE,43.180461,12.703855,54.0,95427.365,-36604.889
PF06/0026/A885,TE,43.177127,12.703513,12.0,95057.788,-36642.833
PF07/0026/A885,TE,43.181064,12.701088,10.0,95500.53,-36827.96
PF02/0027/A885,TE,43.183703,12.716042,52.0,95760.3,-35604.55
PF05/0027/A885,TE,43.18256,12.70868,52.0,95649.728,-36206.333
PF06/0027/A885,TE,43.184893,12.711981,12.0,95901.518,-35930.98
PF02/0028/A885,TE,43.181584,12.723494,52.0,95508.479,-35005.335
PF05/0028/A885,TE,43.182904,12.720574,52.0,95661.515,-35238.669
PF06/0028/A885,TE,43.183903,12.723566,52.0,95765.838,-34992.477
PF07/0028/A885,TE,43.184571,12.73039,52.0,95824.924,-34435.845
PF08/0028/A885,TE,43.184881,12.726045,12.0,95868.98,-34788.06
PF09/0028/A885,TE,43.182072,12.715772,12.0,95579.72,-35631.43
PF10/0028/A885,TE,43.181285,12.727442,12.0,95466.552,-34685.367
PF01/0029/A885,TE,43.171735,12.708042,52.0,94448.851,-36291.114
PF02/0029/A885,TE,43.16855,12.703589,52.0,94105.119,-36662.83
PF04/0029/A885,TE,43.165091,12.705151,52.0,93717.427,-36546.327
PF05/0029/A885,TE,43.174121,12.707561,52.0,94714.919,-36322.954
PF06/0029/A885,TE,43.171412,12.710546,52.0,94407.462,-36088.571
PF07/0029/A885,TE,43.163873,12.708766,52.0,93574.167,-36256.175
PF08/0029/A885,TE,43.168855,12.709259,52.0,94126.316,-36200.974
PF09/0029/A885,TE,43.170941,12.705569,12.0,94366.218,-36494.529
PF10/0029/A885,TE,43.166882,12.708574,12.0,93908.725,-36262.644
PF01/0030/A885,TE,43.180153,12.718776,52.0,95360.01,-35393.112
PF03/0030/A885,TE,43.174086,12.719257,52.0,94685.12,-35372.391
PF04/0030/A885,TE,43.178035,12.71464,52.0,95133.936,-35735.718
PF05/0030/A885,TE,43.173919,12.714739,52.0,94676.605,-35740.125
PF07/0030/A885,TE,43.179353,12.722827,12.0,95262.09,-35066.26
PF01/0031/A885,TE,43.170574,12.7237,10.0,94285.275,-35021.816
PF02/0031/A885,TE,43.170158,12.718472,52.0,94250.566,-35448.103
PF03/0031/A885,TE,43.167321,12.712964,52.0,93947.77,-35904.399
PF04/0031/A885,TE,43.168203,12.717535,12.0,94035.54,-35530.167
PF05/0031/A885,TE,43.164935,12.728799,12.0,93647.753,-34624.338
PF02/0002/C040,TE,43.217479,12.604659,52.0,99764.598,-44549.33
PF06/0002/C040,TE,43.219359,12.615216,54.0,99948.876,-43685.904
PF04/0003/C040,TE,43.219178,12.622503,52.0,99911.899,-43094.555
PF01/0004/C040,TE,43.216747,12.637817,54.0,99606.689,-41858.303
PF03/0004/C040,TE,43.218618,12.627695,12.0,99837.76,-42674.65
PF02/0005/C040,TE,43.21694,12.640944,54.0,99620.968,-41603.756
PF03/0005/C040,TE,43.217182,12.646261,54.0,99635.699,-41171.092
PF04/0006/C040,TE,43.212516,12.598068,52.0,99228.754,-45100.498
PF05/0006/C040,TE,43.21404,12.601169,52.0,99390.821,-44843.752
PF06/0006/C040,TE,43.217806,12.601684,52.0,99807.796,-44789.98
PF07/0006/C040,TE,43.217966,12.598412,52.0,99833.206,-45055.24
PF08/0006/C040,TE,43.213502,12.591727,12.0,99353.035,-45612.503
PF01/0007/C040,TE,43.212612,12.604653,8.0,99224.13,-44565.29
PF02/0007/C040,TE,43.212722,12.604408,52.0,99236.877,-44584.877
PF03/0007/C040,TE,43.208204,12.609035,52.0,98724.315,-44223.324
PF04/0007/C040,TE,43.207953,12.615998,52.0,98680.288,-43658.464
PF05/0007/C040,TE,43.211676,12.613446,52.0,99099.724,-43853.991
PF06/0007/C040,TE,43.21271,12.607233,52.0,99228.907,-44355.43
PF07/0007/C040,TE,43.214372,12.613243,52.0,99399.606,-43861.913
PF08/0007/C040,TE,43.204603,12.617263,12.0,98305.33,-43566.27
PF02/0008/C040,TE,43.214632,12.630303,50.0,99389.037,-42475.365
PF03/0008/C040,TE,43.210783,12.616341,52.0,98993.773,-43621.675
PF04/0008/C040,TE,43.209277,12.618116,10.0,98822.5,-43482.2
PF05/0008/C040,TE,43.216533,12.628757,52.0,99603.716,-42594.961
PF01/0009/C040,TE,43.212309,12.636044,8.0,99117.81,-42016.26
PF03/0009/C040,TE,43.210051,12.632647,52.0,98874.946,-42299.319
PF04/0009/C040,TE,43.210116,12.635804,52.0,98874.889,-42042.668
PF05/0009/C040,TE,43.214595,12.638413,54.0,99366.264,-41816.652
PF06/0009/C040,TE,43.212325,12.636119,54.0,99119.515,-42010.168
PF01/0010/C040,TE,43.209878,12.648637,8.0,98819.06,-41000.92
PF02/0010/C040,TE,43.209712,12.648793,52.0,98800.228,-40988.77
PF03/0010/C040,TE,43.21505,12.647149,54.0,99396.888,-41105.645
PF02/0011/C040,TE,43.209184,12.588662,52.0,98880.643,-45875.301
PF03/0011/C040,TE,43.209564,12.591942,52.0,98915.271,-45607.631
PF04/0011/C040,TE,43.206842,12.585615,52.0,98627.785,-46130.349
PF05/0011/C040,TE,43.206628,12.591781,52.0,98589.525,-45630.069
PF07/0011/C040,TE,43.206377,12.596026,12.0,98551.7,-45286.0
PF01/0012/C040,TE,43.198126,12.601719,52.0,97622.109,-44849.772
PF02/0012/C040,TE,43.203636,12.596322,52.0,98246.632,-45270.714
PF01/0013/C040,TE,43.202506,12.601923,8.0,98108.03,-44819.25
PF02/0013/C040,TE,43.198471,12.60669,52.0,97648.858,-44444.804
PF03/0013/C040,TE,43.200951,12.603578,52.0,97931.487,-44689.741
PF04/0013/C040,TE,43.201535,12.606822,52.0,97988.861,-44424.313
PF06/0013/C040,TE,43.204277,12.602773,50.0,98302.764,-44744.581
PF07/0013/C040,TE,43.202489,12.601985,50.0,98106.052,-44814.306
PF08/0013/C040,TE,43.199761,12.610748,12.0,97782.7,-44111.0
PF09/0013/C040,TE,43.196122,12.609847,12.0,97380.617,-44195.692
PF01/0014/C040,TE,43.201082,12.623288,6.0,97900.36,-43087.92
PF03/0014/C040,TE,43.196069,12.619236,12.0,97353.0,-43433.0
PF04/0014/C040,TE,43.199037,12.620942,12.0,97678.7,-43285.0
PF05/0014/C040,TE,43.201025,12.623511,12.0,97893.53,-43070.0
PF06/0014/C040,TE,43.198933,12.627015,12.0,97653.13,-42791.85
PF01/0015/C040,TE,43.204365,12.625986,12.0,98258.73,-42858.35
PF01/0001/C169,TE,43.182538,12.586794,54.0,95925.776,-46112.42
PF02/0001/C169,TE,43.180098,12.58809,52.0,95651.729,-46014.888
PF03/0001/C169,TE,43.184878,12.585029,54.0,96189.829,-46248.363
PF05/0001/C169,TE,43.178957,12.590341,52.0,95519.686,-45835.601
PF02/0002/C169,TE,43.185449,12.597021,52.0,96225.128,-45271.972
PF05/0002/C169,TE,43.188785,12.593393,52.0,96604.146,-45556.109
PF06/0002/C169,TE,43.182878,12.603611,52.0,95924.232,-44744.592
PF02/0003/C169,TE,43.189046,12.618891,52.0,96573.77,-43483.248
PF03/0003/C169,TE,43.189597,12.614489,52.0,96645.236,-43839.222
PF04/0003/C169,TE,43.190849,12.620689,52.0,96769.85,-43331.443
PF01/0004/C169,TE,43.184986,12.618275,52.0,96124.363,-43546.121
PF02/0004/C169,TE,43.183581,12.616156,52.0,95973.141,-43722.751
PF03/0004/C169,TE,43.186712,12.616987,52.0,96318.982,-43645.357
PF04/0004/C169,TE,43.182129,12.612957,52.0,95819.29,-43987.339
PF01/0005/C169,TE,43.184163,12.620424,6.0,96027.97,-43374.08
PF02/0005/C169,TE,43.191971,12.625533,52.0,96883.292,-42934.238
PF03/0005/C169,TE,43.189475,12.624052,52.0,96609.57,-43062.492
PF04/0005/C169,TE,43.18414,12.620587,54.0,96025.054,-43360.898
PF05/0005/C169,TE,43.186505,12.619807,54.0,96289.42,-43416.786
PF06/0005/C169,TE,43.195172,12.632238,54.0,97223.399,-42379.296
PF02/0006/C169,TE,43.189973,12.642413,52.0,96622.574,-41568.791
PF03/0006/C169,TE,43.192742,12.639146,52.0,96937.603,-41825.667
PF04/0006/C169,TE,43.189,12.637885,52.0,96524.945,-41939.82
PF01/0007/C169,TE,43.194381,12.645724,52.0,97104.637,-41286.009
PF02/0007/C169,TE,43.192874,12.649647,52.0,96928.217,-40971.924
PF03/0007/C169,TE,43.191134,12.645695,52.0,96744.036,-41298.472
PF02/0008/C169,TE,43.179035,12.639817,8.0,95413.8,-41814.02
PF03/0008/C169,TE,43.184432,12.641603,52.0,96009.08,-41652.002
PF05/0008/C169,TE,43.182395,12.637289,52.0,95792.714,-42009.023
PF06/0008/C169,TE,43.183658,12.634257,52.0,95939.931,-42251.459
PF07/0008/C169,TE,43.189,12.633094,50.0,96535.957,-42329.203
PF08/0008/C169,TE,43.186583,12.640803,52.0,96249.764,-41710.298
PF09/0008/C169,TE,43.185705,12.632875,52.0,96170.499,-42357.353
PF10/0008/C169,TE,43.184317,12.630631,52.0,96021.543,-42544.065
PF01/0009/C169,TE,43.184406,12.645028,52.0,95998.307,-41373.716
PF02/0009/C169,TE,43.185647,12.652027,52.0,96120.192,-40801.029
PF01/0010/C169,TE,43.174534,12.58451,8.0,95042.21,-46323.66
PF02/0010/C169,TE,43.179074,12.58459,54.0,95546.181,-46302.635
PF03/0010/C169,TE,43.176391,12.586265,52.0,95244.274,-46175.064
PF04/0010/C169,TE,43.178544,12.586477,54.0,95482.929,-46150.947
PF05/0010/C169,TE,43.174437,12.58871,52.0,95021.54,-45982.622
PF06/0010/C169,TE,43.177117,12.583162,56.0,95332.198,-46424.965
PF07/0010/C169,TE,43.174561,12.584569,52.0,95045.009,-46318.775
PF08/0010/C169,TE,43.180616,12.579614,54.0,95729.105,-46702.102
PF09/0010/C169,TE,43.178884,12.580386,12.0,95534.944,-46644.95
PF01/0011/C169,TE,43.167803,12.58956,52.0,94282.784,-45934.723
PF03/0011/C169,TE,43.178092,12.590963,10.0,95422.2,-45787.8
PF05/0011/C169,TE,43.169133,12.598981,56.0,94408.47,-45164.677
PF06/0011/C169,TE,43.171472,12.59821,54.0,94670.036,-45219.836
PF07/0011/C169,TE,43.172508,12.59441,52.0,94793.986,-45525.477
PF08/0011/C169,TE,43.175198,12.591463,52.0,95099.632,-45756.391
PF09/0011/C169,TE,43.166066,12.588708,52.0,94091.852,-46009.601
PF10/0011/C169,TE,43.169847,12.587835,52.0,94513.89,-46068.416
PF11/0011/C169,TE,43.169606,12.591326,52.0,94478.928,-45785.389
PF12/0011/C169,TE,43.166982,12.59162,52.0,94186.841,-45769.9
PF01/0012/C169,TE,43.177029,12.607428,8.0,95265.81,-44452.91
PF02/0012/C169,TE,43.173947,12.611069,52.0,94915.002,-44166.755
PF03/0012/C169,TE,43.17746,12.610135,52.0,95307.31,-44231.499
PF04/0012/C169,TE,43.181139,12.607902,12.0,95721.119,-44401.336
PF01/0013/C169,TE,43.181667,12.619331,54.0,95753.255,-43470.78
PF02/0013/C169,TE,43.170945,12.614868,52.0,94572.772,-43867.431
PF03/0013/C169,TE,43.172303,12.612323,52.0,94729.533,-44070.015
PF06/0013/C169,TE,43.181865,12.615708,12.0,95783.66,-43764.63
PF07/0013/C169,TE,43.175797,12.613164,12.0,95115.591,-43990.557
PF08/0013/C169,TE,43.178969,12.617361,12.0,95458.156,-43639.452
PF02/0014/C169,TE,43.171218,12.623809,52.0,94582.439,-43139.803
PF03/0014/C169,TE,43.167543,12.624836,52.0,94171.943,-43067.903
PF04/0014/C169,TE,43.16994,12.628186,52.0,94430.459,-42788.056
PF05/0014/C169,TE,43.173644,12.628421,52.0,94841.196,-42757.267
PF06/0014/C169,TE,43.176937,12.626918,52.0,95210.449,-42869.094
PF07/0014/C169,TE,43.182005,12.622794,54.0,95782.754,-43188.308
PF01/0015/C169,TE,43.174787,12.641524,52.0,94938.137,-41688.643
PF02/0015/C169,TE,43.171251,12.640672,52.0,94547.331,-41768.921
PF03/0015/C169,TE,43.176947,12.642894,52.0,95174.834,-41570.461
PF01/0016/C169,TE,43.178976,12.642808,52.0,95400.41,-41571.098
PF03/0016/C169,TE,43.177482,12.651027,12.0,95215.668,-40907.786
PF02/0017/C169,TE,43.156554,12.591592,52.0,93028.705,-45805.484
PF03/0017/C169,TE,43.16222,12.59222,52.0,93656.5,-45736.359
PF04/0017/C169,TE,43.159928,12.593884,52.0,93398.045,-45608.348
PF05/0017/C169,TE,43.155859,12.595981,52.0,92941.319,-45450.888
PF06/0017/C169,TE,43.157273,12.594041,52.0,93102.885,-45604.11
PF01/0018/C169,TE,43.165545,12.595645,52.0,94017.78,-45447.301
PF02/0018/C169,TE,43.1618,12.600919,52.0,93589.529,-45030.476
PF03/0018/C169,TE,43.163523,12.601869,52.0,93778.729,-44947.77
PF04/0018/C169,TE,43.163136,12.598459,52.0,93743.725,-45226.171
PF05/0018/C169,TE,43.163092,12.595078,52.0,93746.696,-45501.24
PF06/0018/C169,TE,43.166245,12.598657,54.0,94088.536,-45200.21
PF07/0018/C169,TE,43.158607,12.597197,52.0,93243.587,-45343.24
PF02/0019/C169,TE,43.157319,12.600871,52.0,93092.08,-45048.607
PF03/0019/C169,TE,43.156821,12.598792,52.0,93041.605,-45219.256
PF04/0019/C169,TE,43.159696,12.601196,52.0,93355.276,-45014.626
PF02/0020/C169,TE,43.164864,12.604887,52.0,93920.67,-44698.111
PF03/0020/C169,TE,43.170893,12.604408,52.0,94591.287,-44717.91
PF04/0020/C169,TE,43.166065,12.60974,52.0,94042.683,-44299.8
PF01/0021/C169,TE,43.165329,12.611364,8.0,93957.23,-44170.05
PF02/0021/C169,TE,43.165805,12.618675,52.0,93993.124,-43574.261
PF03/0021/C169,TE,43.169218,12.613048,52.0,94385.214,-44020.838
PF04/0021/C169,TE,43.163885,12.612235,52.0,93794.872,-44103.865
PF05/0021/C169,TE,43.159077,12.612805,52.0,93259.54,-44072.713
PF02/0022/C169,TE,43.159981,12.623067,52.0,93336.132,-43235.543
PF01/0023/C169,TE,43.160014,12.639162,8.0,93302.78,-41926.87
PF10/0023/C169,TE,43.163849,12.639528,52.0,93727.895,-41885.099
PF11/0023/C169,TE,43.168283,12.63996,52.0,94219.385,-41836.145
PF13/0023/C169,TE,43.165248,12.637091,52.0,93888.845,-42078.873
PF14/0023/C169,TE,43.155108,12.632443,52.0,92773.35,-42488.55
PF01/0024/C169,TE,43.172204,12.64326,52.0,94647.256,-41555.604
PF02/0024/C169,TE,43.165605,12.643085,52.0,93914.78,-41590.442
PF03/0024/C169,TE,43.170407,12.646313,52.0,94440.734,-41313.034
PF01/0025/C169,TE,43.160539,12.643062,52.0,93352.223,-41608.152
PF01/0026/C169,TE,43.151727,12.599632,54.0,92473.909,-45167.203
PF02/0026/C169,TE,43.154263,12.589804,52.0,92778.465,-45958.174
PF03/0026/C169,TE,43.152452,12.589939,52.0,92576.997,-45953.0
PF04/0026/C169,TE,43.151928,12.594271,50.0,92508.712,-45602.433
PF05/0026/C169,TE,43.149294,12.594209,50.0,92216.28,-45615.872
PF03/0027/C169,TE,43.149161,12.601663,54.0,92184.191,-45010.172
PF04/0027/C169,TE,43.154198,12.60086,54.0,92745.448,-45059.447
PF05/0027/C169,TE,43.154063,12.603933,54.0,92723.319,-44810.038
PF07/0027/C169,TE,43.151841,12.604953,54.0,92474.091,-44734.17
PF08/0027/C169,TE,43.151998,12.609591,52.0,92480.782,-44356.485
PF09/0027/C169,TE,43.149037,12.606161,52.0,92159.892,-44644.839
PF10/0027/C169,TE,43.158556,12.603722,52.0,93222.826,-44812.915
PF01/0028/C169,TE,43.152637,12.613322,6.0,92543.13,-44051.1
PF02/0028/C169,TE,43.155684,12.619094,52.0,92868.173,-43572.144
PF03/0028/C169,TE,43.154567,12.61588,52.0,92751.572,-43836.97
PF04/0028/C169,TE,43.152734,12.617105,52.0,92545.165,-43743.151
PF06/0028/C169,TE,43.155742,12.613327,12.0,92887.957,-44040.884
PF07/0028/C169,TE,43.1501,12.612909,12.0,92262.325,-44092.732
PF08/0028/C169,TE,43.148065,12.614998,12.0,92031.453,-43929.302
PF01/0029/C169,TE,43.147506,12.624969,52.0,91946.322,-43120.258
PF01/0030/C169,TE,43.147015,12.634014,52.0,91870.942,-42386.207
PF02/0030/C169,TE,43.146263,12.62792,52.0,91801.422,-42884.137
PF01/0031/C169,TE,43.152415,12.645581,52.0,92444.166,-41428.701
PF02/0031/C169,TE,43.155376,12.640779,52.0,92784.028,-41809.965
PF03/0031/C169,TE,43.153345,12.637391,10.0,92566.2,-42091.8
PF04/0031/C169,TE,43.155917,12.635666,52.0,92855.8,-42224.0
PF01/0032/C169,TE,43.141783,12.594029,52.0,91382.606,-45654.519
PF02/0032/C169,TE,43.144189,12.594178,52.0,91649.44,-45634.72
PF03/0032/C169,TE,43.142982,12.584095,12.0,91538.98,-46458.55
PF04/0032/C169,TE,43.140165,12.585352,12.0,91223.17,-46365.4
PF01/0033/C169,TE,43.141003,12.615479,8.0,91246.05,-43912.51
PF02/0033/C169,TE,43.145561,12.603772,52.0,91779.433,-44850.129
PF03/0033/C169,TE,43.141826,12.603318,52.0,91365.713,-44898.934
PF04/0033/C169,TE,43.142732,12.608107,52.0,91455.129,-44506.557
PF05/0033/C169,TE,43.143531,12.609856,52.0,91539.854,-44361.796
PF06/0033/C169,TE,43.141782,12.616158,10.0,91331.0,-43854.8
PF07/0033/C169,TE,43.140806,12.612832,52.0,91230.262,-44128.427
PF08/0033/C169,TE,43.144762,12.599703,52.0,91700.167,-45183.589
PF09/0033/C169,TE,43.141567,12.600332,52.0,91343.834,-45142.56
PF10/0033/C169,TE,43.146726,12.606513,52.0,91902.463,-44623.51
PF11/0033/C169,TE,43.145054,12.615445,52.0,91696.071,-43902.479
PF12/0033/C169,TE,43.146887,12.599735,52.0,91936.102,-45174.175
PF13/0033/C169,TE,43.14573,12.609072,52.0,91785.828,-44418.626
PF15/0033/C169,TE,43.136974,12.620103,12.0,90787.93,-43549.2
PF01/0034/C169,TE,43.144512,12.630741,52.0,91600.514,-42660.272
PF02/0034/C169,TE,43.142883,12.62618,52.0,91430.132,-43036.325
PF03/0034/C169,TE,43.140261,12.628051,52.0,91134.618,-42892.412
PF04/0034/C169,TE,43.140806,12.619029,52.0,91215.939,-43624.398
PF05/0034/C169,TE,43.137851,12.62334,52.0,90877.858,-43283.132
PF06/0034/C169,TE,43.143524,12.636708,12.0,91477.116,-42178.091
PF01/0035/C169,TE,43.147973,12.639545,8.0,91964.62,-41933.42
PF03/0035/C169,TE,43.148394,12.643752,12.0,92001.8,-41590.0
PF04/0035/C169,TE,43.147384,12.637144,12.0,91904.743,-42130.525
PF05/0035/C169,TE,43.140988,12.63928,12.0,91189.512,-41976.878
PF01/0036/C169,TE,43.111293,12.573104,8.0,88045.52,-47454.39
PF01/0037/C169,TE,43.112235,12.600021,8.0,88087.02,-45261.23
PF02/0037/C169,TE,43.122469,12.621901,6.0,89172.82,-43448.68
PF01/0038/C169,TE,43.137794,12.597989,8.0,90930.34,-45345.18
PF02/0038/C169,TE,43.130502,12.629007,12.0,90048.564,-42845.325
PF03/0038/C169,TE,43.135725,12.618167,12.0,90653.62,-43710.61
PF05/0008/C311,TE,43.219066,12.590673,52.0,99973.505,-45680.278
PF01/0009/C311,TE,43.214978,12.571981,52.0,99563.447,-47211.673
PF02/0009/C311,TE,43.218139,12.574286,52.0,99909.002,-47014.333
PF03/0009/C311,TE,43.21579,12.573983,52.0,99648.862,-47046.444
PF02/0010/C311,TE,43.209724,12.585301,52.0,98948.569,-46146.565
PF03/0010/C311,TE,43.208343,12.583797,52.0,98798.65,-46273.21
PF04/0010/C311,TE,43.211403,12.581414,52.0,99144.167,-46456.948
PF05/0010/C311,TE,43.207031,12.582,52.0,98657.251,-46423.397
PF06/0010/C311,TE,43.213531,12.587526,52.0,99366.187,-45953.63
PF07/0010/C311,TE,43.215786,12.582746,52.0,99627.779,-46334.698
PF08/0010/C311,TE,43.214517,12.580741,52.0,99491.61,-46501.638
PF10/0010/C311,TE,43.211809,12.584396,52.0,99182.248,-46213.378
PF11/0010/C311,TE,43.209448,12.577969,52.0,98935.1,-46743.11
PF13/0010/C311,TE,43.215473,12.576665,52.0,99607.319,-46829.67
PF14/0010/C311,TE,43.210455,12.574846,52.0,99054.306,-46993.597
PF15/0010/C311,TE,43.212442,12.578089,52.0,99267.348,-46723.733
PF01/0011/C311,TE,43.213006,12.56685,52.0,99356.478,-47634.847
PF02/0011/C311,TE,43.20963,12.56171,52.0,98993.705,-48063.327
PF03/0011/C311,TE,43.208764,12.56389,52.0,98892.384,-47889.012
PF04/0011/C311,TE,43.2087,12.559392,52.0,98895.948,-48254.666
PF08/0011/C311,TE,43.215105,12.562747,52.0,99599.353,-47961.338
PF09/0011/C311,TE,43.210622,12.565557,52.0,99094.813,-47747.596
PF10/0011/C311,TE,43.210236,12.5572,52.0,99071.669,-48427.766
PF11/0011/C311,TE,43.216706,12.565132,52.0,99771.5,-47762.5
PF01/0012/C311,TE,43.206435,12.562193,52.0,98637.738,-48034.422
PF02/0012/C311,TE,43.207854,12.56344,52.0,98792.357,-47928.526
PF03/0012/C311,TE,43.205463,12.565117,52.0,98522.834,-47800.085
PF04/0012/C311,TE,43.208542,12.565497,52.0,98863.881,-47759.218
PF05/0012/C311,TE,43.209832,12.568263,56.0,99000.616,-47530.349
PF07/0012/C311,TE,43.21241,12.56782,12.0,99288.0,-47558.0
PF01/0013/C311,TE,43.217623,12.549217,52.0,99911.141,-49052.183
PF03/0013/C311,TE,43.215006,12.547067,52.0,99625.515,-49235.355
PF04/0013/C311,TE,43.21276,12.549251,52.0,99370.954,-49065.288
PF05/0013/C311,TE,43.214584,12.55476,52.0,99560.389,-48611.86
PF08/0013/C311,TE,43.216555,12.557315,52.0,99773.279,-48397.889
PF01/0014/C311,TE,43.211869,12.552651,8.0,99263.84,-48791.97
PF02/0014/C311,TE,43.209212,12.541415,54.0,98995.596,-49713.391
PF04/0014/C311,TE,43.211447,12.541892,54.0,99242.653,-49667.378
PF05/0014/C311,TE,43.212038,12.544976,52.0,99300.87,-49414.896
PF06/0014/C311,TE,43.211936,12.55271,52.0,99271.223,-48787.009
PF01/0015/C311,TE,43.202951,12.553842,52.0,98270.601,-48724.209
PF03/0015/C311,TE,43.204181,12.553223,52.0,98408.637,-48770.504
PF04/0015/C311,TE,43.205031,12.559273,52.0,98488.668,-48276.233
PF05/0015/C311,TE,43.204053,12.557221,52.0,98384.938,-48446.14
PF06/0015/C311,TE,43.202947,12.560602,52.0,98254.169,-48174.969
PF07/0015/C311,TE,43.20228,12.55227,52.0,98199.824,-48854.111
PF08/0015/C311,TE,43.199815,12.55549,52.0,97918.439,-48600.532
PF10/0015/C311,TE,43.200884,12.550213,52.0,98049.673,-49025.778
PF11/0015/C311,TE,43.200398,12.552915,12.0,97989.3,-48807.8
PF01/0016/C311,TE,43.20309,12.539128,52.0,98321.112,-49919.243
PF02/0016/C311,TE,43.201808,12.539905,52.0,98176.857,-49860.31
PF03/0016/C311,TE,43.200323,12.538535,52.0,98015.2,-49976.467
PF05/0016/C311,TE,43.1986,12.537678,52.0,97825.975,-50051.715
PF06/0016/C311,TE,43.205123,12.539727,54.0,98545.426,-49863.879
PF07/0016/C311,TE,43.20528,12.542751,54.0,98555.721,-49617.718
PF08/0016/C311,TE,43.205849,12.537144,52.0,98632.31,-50071.36
PF09/0016/C311,TE,43.202281,12.53632,52.0,98237.969,-50150.02
PF11/0016/C311,TE,43.198529,12.541053,52.0,97809.913,-49777.684
PF12/0016/C311,TE,43.206636,12.540948,12.0,98710.543,-49759.756
PF13/0016/C311,TE,43.202402,12.549007,12.0,98221.16,-49118.82
PF01/0017/C311,TE,43.196966,12.55121,52.0,97612.208,-48957.488
PF03/0017/C311,TE,43.194896,12.546819,52.0,97392.766,-49321.044
PF04/0017/C311,TE,43.194655,12.541533,52.0,97378.568,-49751.388
PF05/0017/C311,TE,43.186671,12.544964,54.0,96483.678,-49498.604
PF06/0017/C311,TE,43.188977,12.543669,52.0,96742.828,-49596.281
PF07/0017/C311,TE,43.197975,12.545885,52.0,97736.96,-49386.938
PF01/0018/C311,TE,43.196671,12.524792,6.0,97642.56,-51105.02
PF02/0018/C311,TE,43.199239,12.522678,50.0,97932.847,-51268.393
PF03/0018/C311,TE,43.19828,12.525759,50.0,97818.991,-51021.213
PF04/0018/C311,TE,43.196415,12.523831,10.0,97616.5,-51184.0
PF05/0018/C311,TE,43.200893,12.53244,52.0,98093.128,-50469.785
PF01/0019/C311,TE,43.193374,12.511335,52.0,97308.86,-52209.384
PF03/0019/C311,TE,43.193069,12.524005,10.0,97244.4,-51180.8
PF04/0019/C311,TE,43.190858,12.52057,52.0,97007.122,-51467.239
PF05/0019/C311,TE,43.192945,12.514945,12.0,97252.493,-51917.494
PF02/0020/C311,TE,43.195663,12.53876,52.0,97497.136,-49973.351
PF04/0020/C311,TE,43.189537,12.537251,52.0,96820.351,-50116.058
PF05/0020/C311,TE,43.196557,12.535629,52.0,97603.976,-50224.868
PF06/0020/C311,TE,43.185253,12.543304,56.0,96330.144,-49638.096
PF07/0020/C311,TE,43.187167,12.540686,52.0,96548.96,-49844.599
PF08/0020/C311,TE,43.194239,12.540655,52.0,97334.466,-49824.068
PF09/0020/C311,TE,43.184674,12.534731,54.0,96286.383,-50336.686
PF10/0020/C311,TE,43.188495,12.533412,52.0,96713.901,-50431.372
PF12/0020/C311,TE,43.194271,12.533333,52.0,97355.525,-50418.887
PF13/0020/C311,TE,43.19292,12.535016,4.0,97201.428,-50286.592
PF06/0001/C316,TE,43.221023,12.732561,52.0,99868.578,-34149.69
PF11/0001/C316,TE,43.221485,12.73587,12.0,99912.5,-33879.5
PF02/0002/C316,TE,43.209145,12.725267,52.0,98565.434,-34778.002
PF05/0002/C316,TE,43.21243,12.724441,50.0,98932.083,-34835.169
PF06/0002/C316,TE,43.215728,12.727986,50.0,99290.558,-34537.255
PF07/0002/C316,TE,43.216281,12.722393,50.0,99364.341,-34989.852
PF08/0002/C316,TE,43.220221,12.728039,12.0,99789.4,-34519.4
PF09/0002/C316,TE,43.221158,12.722667,12.0,99905.355,-34952.909
PF01/0003/C316,TE,43.216767,12.738627,8.0,99382.54,-33669.8
PF02/0003/C316,TE,43.218067,12.741483,56.0,99520.585,-33433.872
PF03/0003/C316,TE,43.216822,12.742944,52.0,99379.149,-33318.95
PF04/0003/C316,TE,43.218755,12.737321,56.0,99606.202,-33769.878
PF05/0003/C316,TE,43.221118,12.746331,52.0,99848.87,-33030.965
PF06/0003/C316,TE,43.216871,12.738653,56.0,99394.046,-33667.374
PF08/0003/C316,TE,43.218642,12.733905,56.0,99601.124,-34047.698
PF10/0003/C316,TE,43.216066,12.745753,56.0,99289.049,-33093.077
PF11/0003/C316,TE,43.215169,12.74001,56.0,99202.035,-33562.244
PF13/0003/C316,TE,43.216296,12.732364,56.0,99343.931,-34179.905
PF16/0003/C316,TE,43.217554,12.729493,12.0,99490.04,-34409.305
PF17/0003/C316,TE,43.218261,12.747265,12.0,99529.45,-32963.7
PF01/0004/C316,TE,43.210944,12.72928,50.0,98756.419,-34446.529
PF02/0004/C316,TE,43.208622,12.728125,50.0,98501.002,-34547.385
PF03/0004/C316,TE,43.210185,12.734482,50.0,98660.58,-34026.234
PF04/0004/C316,TE,43.212635,12.731791,50.0,98938.696,-34237.522
PF01/0005/C316,TE,43.212463,12.748283,52.0,98883.31,-32898.327
PF02/0005/C316,TE,43.207757,12.737938,52.0,98383.359,-33752.768
PF03/0005/C316,TE,43.212139,12.745155,52.0,98854.165,-33153.424
PF04/0005/C316,TE,43.211161,12.740407,52.0,98755.974,-33542.042
PF06/0005/C316,TE,43.207409,12.749214,52.0,98319.978,-32837.783
PF07/0005/C316,TE,43.205746,12.736761,52.0,98162.619,-33854.452
PF08/0005/C316,TE,43.20828,12.745692,12.0,98424.47,-33121.3
PF09/0005/C316,TE,43.213025,12.737895,12.0,98968.57,-33740.47
PF11/0005/C316,TE,43.210512,12.745709,12.0,98672.285,-33113.288
PF01/0006/C316,TE,43.203573,12.742949,52.0,97907.696,-33358.27
PF02/0006/C316,TE,43.202696,12.748957,52.0,97797.113,-32872.756
PF03/0006/C316,TE,43.206393,12.751563,12.0,98202.0,-32650.0
PF02/0007/C316,TE,43.206055,12.7623,52.0,98141.159,-31778.721
PF03/0007/C316,TE,43.204393,12.755527,52.0,97971.243,-32333.913
PF04/0007/C316,TE,43.208491,12.769466,52.0,98396.088,-31189.339
PF05/0007/C316,TE,43.210754,12.759911,54.0,98668.136,-31958.866
PF06/0007/C316,TE,43.209204,12.752322,52.0,98512.624,-32579.925
PF07/0007/C316,TE,43.209846,12.755538,54.0,98576.809,-32316.804
PF08/0007/C316,TE,43.207287,12.754561,52.0,98294.8,-32403.737
PF09/0007/C316,TE,43.209926,12.764338,52.0,98566.603,-31601.641
PF10/0007/C316,TE,43.206466,12.758718,12.0,98194.542,-32068.532
PF01/0008/C316,TE,43.198925,12.733385,6.0,97412.56,-34149.29
PF02/0008/C316,TE,43.200063,12.738933,52.0,97526.715,-33695.045
PF04/0008/C316,TE,43.196664,12.73259,12.0,97163.19,-34220.664
PF05/0008/C316,TE,43.202004,12.729158,12.0,97763.83,-34483.42
PF06/0008/C316,TE,43.201034,12.732208,12.0,97649.353,-34238.563
PF07/0008/C316,TE,43.201758,12.734889,12.0,97723.853,-34018.587
PF01/0009/C316,TE,43.201765,12.745858,52.0,97700.504,-33127.293
PF02/0009/C316,TE,43.199861,12.742161,52.0,97497.18,-33433.373
PF03/0009/C316,TE,43.197568,12.741776,12.0,97243.366,-33471.602
PF04/0009/C316,TE,43.197654,12.738688,52.0,97259.636,-33722.197
PF05/0009/C316,TE,43.193436,12.745327,52.0,96776.666,-33195.388
PF06/0009/C316,TE,43.195772,12.750209,52.0,97025.469,-32791.757
PF08/0009/C316,TE,43.193678,12.748523,12.0,96796.6,-32935.0
PF01/0010/C316,TE,43.203084,12.760002,8.0,97816.11,-31974.24
PF03/0010/C316,TE,43.204509,12.7686,54.0,97955.75,-31271.487
PF04/0010/C316,TE,43.202412,12.765108,54.0,97730.432,-31561.451
PF05/0010/C316,TE,43.199745,12.764714,54.0,97435.025,-31601.366
PF06/0010/C316,TE,43.202634,12.757064,52.0,97772.605,-32214.317
PF07/0010/C316,TE,43.201246,12.752921,52.0,97627.406,-32555.067
PF08/0010/C316,TE,43.203047,12.760124,54.0,97811.778,-31964.432
PF09/0010/C316,TE,43.198338,12.761538,12.0,97285.75,-31863.6
PF11/0010/C316,TE,43.198375,12.755855,12.0,97302.22,-32325.19
PF13/0010/C316,TE,43.197361,12.758771,12.0,97183.2,-32091.3
PF14/0010/C316,TE,43.204818,12.76565,12.0,97996.45,-31510.27
PF01/0011/C316,TE,43.201836,12.774335,52.0,97646.485,-30813.423
PF02/0011/C316,TE,43.204908,12.770562,52.0,97995.777,-31110.933
PF03/0011/C316,TE,43.204002,12.772184,52.0,97891.714,-30981.818
PF05/0011/C316,TE,43.2022,12.767502,54.0,97701.716,-31367.557
PF01/0012/C316,TE,43.199743,12.778204,56.0,97405.706,-30505.314
PF02/0012/C316,TE,43.205936,12.773486,56.0,98103.666,-30870.294
PF03/0012/C316,TE,43.20136,12.785305,56.0,97569.912,-29923.597
PF04/0012/C316,TE,43.204992,12.777442,56.0,97990.228,-30551.746
PF05/0012/C316,TE,43.208669,12.780703,54.0,98391.631,-30275.947
PF06/0012/C316,TE,43.202165,12.782263,56.0,97665.893,-30168.341
PF07/0012/C316,TE,43.205541,12.782292,56.0,98040.809,-30156.064
PF09/0012/C316,TE,43.199161,12.781796,56.0,97333.226,-30215.156
PF10/0012/C316,TE,43.209827,12.784043,54.0,98512.952,-30001.209
PF11/0012/C316,TE,43.201933,12.777733,12.0,97649.93,-30537.08
PF01/0013/C316,TE,43.210515,12.788101,8.0,98580.72,-29669.55
PF02/0013/C316,TE,43.204676,12.786899,56.0,97934.739,-29784.299
PF03/0013/C316,TE,43.202484,12.787457,56.0,97690.112,-29745.468
PF04/0013/C316,TE,43.208019,12.786239,54.0,98307.487,-29828.124
PF05/0013/C316,TE,43.207692,12.789976,54.0,98263.084,-29525.515
PF07/0013/C316,TE,43.202488,12.792362,56.0,97680.083,-29346.932
PF01/0014/C316,TE,43.18135,12.743138,8.0,95439.2,-33409.47
PF02/0014/C316,TE,43.188112,12.732681,52.0,96213.151,-34239.047
PF03/0014/C316,TE,43.181674,12.743049,52.0,95475.345,-33415.737
PF04/0014/C316,TE,43.182792,12.737681,52.0,95611.356,-33848.639
PF05/0014/C316,TE,43.18129,12.743078,50.0,95432.69,-33414.538
PF06/0014/C316,TE,43.183496,12.733764,4.0,95698.151,-34164.855
PF07/0014/C316,TE,43.193208,12.738387,12.0,96766.559,-33760.042
PF08/0014/C316,TE,43.194417,12.730735,12.0,96917.641,-34378.142
PF09/0014/C316,TE,43.184881,12.736483,12.0,95845.94,-33939.77
PF01/0015/C316,TE,43.192142,12.757692,8.0,96605.97,-32194.5
PF02/0015/C316,TE,43.187883,12.756441,52.0,96135.734,-32308.813
PF03/0015/C316,TE,43.190465,12.752032,52.0,96432.005,-32659.405
PF04/0015/C316,TE,43.188027,12.745571,52.0,96175.441,-33191.778
PF01/0016/C316,TE,43.198613,12.775586,56.0,97285.859,-30721.332
PF02/0016/C316,TE,43.195658,12.770685,52.0,96968.189,-31128.302
PF03/0016/C316,TE,43.193704,12.777445,52.0,96736.553,-30584.769
PF04/0016/C316,TE,43.191302,12.76837,52.0,96489.518,-31329.286
PF05/0016/C316,TE,43.192908,12.761487,52.0,96682.784,-31883.848
PF06/0016/C316,TE,43.19638,12.777392,12.0,97033.873,-30581.185
PF07/0016/C316,TE,43.193051,12.774689,12.0,96670.05,-30810.65
PF01/0017/C316,TE,43.197502,12.789315,54.0,97132.879,-29609.104
PF02/0017/C316,TE,43.200177,12.790563,56.0,97427.293,-29499.897
PF03/0017/C316,TE,43.200984,12.786385,56.0,97525.899,-29836.918
PF04/0017/C316,TE,43.198763,12.781878,56.0,97288.921,-30209.669
PF05/0017/C316,TE,43.197245,12.795578,54.0,97090.832,-29101.01
PF06/0017/C316,TE,43.196344,12.791889,54.0,96998.68,-29403.356
PF07/0017/C316,TE,43.194407,12.785991,54.0,96796.243,-29888.263
PF08/0017/C316,TE,43.19751,12.785345,56.0,97142.282,-29931.619
PF02/0018/C316,TE,43.178516,12.741045,52.0,95129.102,-33588.086
PF05/0018/C316,TE,43.178335,12.735553,52.0,95121.013,-34034.983
PF06/0018/C316,TE,43.1804,12.733937,12.0,95353.9,-34160.12
PF07/0018/C316,TE,43.175032,12.741764,12.0,94740.6,-33540.1
PF08/0018/C316,TE,43.180448,12.737785,12.0,95350.8,-33847.25
PF01/0019/C316,TE,43.174565,12.754447,52.0,94660.893,-32510.545
PF03/0019/C316,TE,43.173538,12.755711,52.0,94544.149,-32410.877
PF04/0019/C316,TE,43.174724,12.753439,52.0,94680.816,-32592.081
PF05/0019/C316,TE,43.18241,12.755472,52.0,95529.918,-32403.921
PF06/0019/C316,TE,43.17621,12.751041,52.0,94851.104,-32782.532
PF07/0019/C316,TE,43.175272,12.748294,52.0,94752.914,-33008.641
PF08/0019/C316,TE,43.184589,12.74817,52.0,95787.901,-32990.821
PF09/0019/C316,TE,43.185875,12.751842,52.0,95922.706,-32688.612
PF10/0019/C316,TE,43.18159,12.745012,52.0,95461.723,-33256.476
PF11/0019/C316,TE,43.179264,12.744229,50.0,95205.198,-33327.093
PF13/0019/C316,TE,43.179221,12.744224,12.0,95200.392,-33327.633
PF14/0019/C316,TE,43.17944,12.753176,12.0,95205.18,-32599.367
PF15/0019/C316,TE,43.179324,12.748716,12.0,95202.035,-32962.202
PF02/0020/C316,TE,43.182851,12.758261,52.0,95572.837,-32175.881
PF03/0020/C316,TE,43.180549,12.758038,52.0,95317.744,-32200.905
PF05/0020/C316,TE,43.177317,12.754599,52.0,94966.257,-32489.997
PF06/0020/C316,TE,43.177668,12.763788,52.0,94985.213,-31742.093
PF07/0020/C316,TE,43.180657,12.764439,12.0,95315.748,-31680.33
PF08/0020/C316,TE,43.180936,12.764599,12.0,95346.416,-31666.537
PF09/0020/C316,TE,43.187776,12.761606,12.0,96112.542,-31889.457
PF10/0020/C316,TE,43.184671,12.757941,12.0,95775.66,-32196.52
PF11/0020/C316,TE,43.184312,12.766628,12.0,95716.9,-31491.55
PF01/0021/C316,TE,43.18797,12.769117,8.0,96117.77,-31278.51
PF02/0021/C316,TE,43.188307,12.776843,52.0,96138.501,-30649.622
PF03/0021/C316,TE,43.184513,12.774223,52.0,95722.869,-30873.727
PF04/0021/C316,TE,43.187922,12.769062,54.0,96112.616,-31283.053
PF06/0021/C316,TE,43.182804,12.770237,12.0,95541.636,-31202.749
PF07/0021/C316,TE,43.179696,12.768809,12.0,95199.617,-31328.013
PF01/0022/C316,TE,43.193943,12.780456,8.0,96756.66,-30339.41
PF02/0022/C316,TE,43.195281,12.783156,56.0,96899.439,-30116.059
PF03/0022/C316,TE,43.187668,12.790122,54.0,96038.987,-29572.362
PF04/0022/C316,TE,43.191612,12.78543,54.0,96487.079,-29942.127
PF05/0022/C316,TE,43.193873,12.78021,54.0,96749.438,-30359.631
PF06/0022/C316,TE,43.191828,12.777085,54.0,96528.998,-30619.596
PF07/0022/C316,TE,43.188581,12.780531,52.0,96160.939,-30349.127
PF10/0022/C316,TE,43.184776,12.777826,12.0,95744.25,-30580.195
PF01/0023/C316,TE,43.202483,12.78744,52.0,97690.09,-29746.788
PF02/0023/C316,TE,43.192696,12.795565,54.0,96585.748,-29115.384
PF04/0023/C316,TE,43.188862,12.793122,56.0,96165.115,-29325.113
PF08/0023/C316,TE,43.183566,12.788869,52.0,95586.071,-29686.216
PF10/0023/C316,TE,43.19156,12.798621,56.0,96452.976,-28870.342
PF11/0023/C316,TE,43.177954,12.788957,52.0,94962.586,-29695.541
PF12/0023/C316,TE,43.183893,12.799344,12.0,95600.0,-28833.95
PF13/0023/C316,TE,43.185634,12.792513,12.0,95807.9,-29384.07
PF14/0023/C316,TE,43.186107,12.800129,12.0,95844.212,-28763.754
PF15/0023/C316,TE,43.192296,12.789599,12.0,96554.054,-29601.271
PF01/0024/C316,TE,43.19187,12.800156,54.0,96484.102,-28744.667
PF02/0024/C316,TE,43.19114,12.803318,56.0,96396.278,-28489.895
PF03/0024/C316,TE,43.190457,12.801256,54.0,96324.92,-28659.454
PF04/0024/C316,TE,43.189221,12.806679,56.0,96175.998,-28222.379
PF05/0024/C316,TE,43.188268,12.801206,54.0,96081.823,-28669.923
PF06/0024/C316,TE,43.183833,12.804953,56.0,95581.371,-28378.289
PF07/0024/C316,TE,43.189228,12.80404,56.0,96182.445,-28436.782
PF10/0024/C316,TE,43.186092,12.81131,56.0,95818.671,-27855.16
PF11/0024/C316,TE,43.186584,12.805018,54.0,95886.667,-28365.004
PF12/0024/C316,TE,43.184243,12.812178,12.0,95611.44,-27789.95
PF13/0024/C316,TE,43.180333,12.801514,12.0,95200.0,-28668.01
PF14/0024/C316,TE,43.181881,12.803598,12.0,95367.4,-28494.13
PF15/0024/C316,TE,43.187663,12.809435,12.0,95997.1,-28002.9
PF16/0024/C316,TE,43.179705,12.79898,12.0,95135.576,-28875.81
PF02/0025/C316,TE,43.172676,12.737526,52.0,94488.202,-33891.679
PF04/0025/C316,TE,43.170926,12.731856,12.0,94306.329,-34357.778
PF05/0025/C316,TE,43.170342,12.740832,12.0,94221.75,-33629.9
PF06/0025/C316,TE,43.172322,12.734582,12.0,94455.3,-34132.05
PF01/0026/C316,TE,43.171866,12.751937,6.0,94366.64,-32722.64
PF02/0026/C316,TE,43.168082,12.74853,52.0,93953.902,-33010.875
PF03/0026/C316,TE,43.170691,12.745475,52.0,94250.341,-33251.478
PF04/0026/C316,TE,43.167485,12.754147,52.0,93875.321,-32556.074
PF05/0026/C316,TE,43.168417,12.751846,52.0,93983.786,-32740.319
PF08/0026/C316,TE,43.161289,12.744584,52.0,93208.076,-33352.004
PF09/0026/C316,TE,43.165242,12.747551,12.0,93640.61,-33098.974
PF10/0026/C316,TE,43.165448,12.743043,4.0,93673.331,-33464.82
PF01/0027/C316,TE,43.171647,12.769732,8.0,94303.7,-31276.84
PF03/0027/C316,TE,43.174326,12.758676,52.0,94625.177,-32167.585
PF04/0027/C316,TE,43.172179,12.757853,52.0,94388.519,-32240.827
PF05/0027/C316,TE,43.173641,12.761518,52.0,94542.961,-31938.547
PF06/0027/C316,TE,43.17013,12.763775,56.0,94148.128,-31765.558
PF07/0027/C316,TE,43.167862,12.762569,56.0,93898.872,-31870.268
PF08/0027/C316,TE,43.176166,12.75903,52.0,94828.734,-32133.274
PF09/0027/C316,TE,43.173834,12.768085,12.0,94550.095,-31404.175
PF10/0027/C316,TE,43.16946,12.773169,12.0,94053.326,-31003.888
PF11/0027/C316,TE,43.171983,12.77341,12.0,94332.947,-30976.831
PF12/0027/C316,TE,43.1716,12.769731,12.0,94298.402,-31277.04
PF13/0027/C316,TE,43.173684,12.770106,12.0,94529.008,-31240.367
PF14/0027/C316,TE,43.169648,12.776018,12.0,94067.989,-30771.745
PF01/0028/C316,TE,43.166209,12.764593,50.0,93710.83,-31710.704
PF02/0028/C316,TE,43.164824,12.768107,52.0,93549.462,-31429.075
PF03/0028/C316,TE,43.164111,12.763818,50.0,93479.558,-31779.889
PF04/0028/C316,TE,43.163264,12.773386,52.0,93364.743,-31004.593
PF05/0028/C316,TE,43.161827,12.755059,12.0,93244.965,-32498.752
PF06/0028/C316,TE,43.164358,12.757401,12.0,93520.927,-32300.832
PF07/0028/C316,TE,43.168748,12.768065,12.0,93985.282,-31420.919
PF04/0001/C322,TE,43.214882,12.813907,56.0,99010.607,-27560.495
PF05/0001/C322,TE,43.220803,12.807357,12.0,99682.1,-28075.333
PF02/0002/C322,TE,43.222165,12.819984,56.0,99806.502,-27045.816
PF03/0002/C322,TE,43.213999,12.818948,54.0,98901.781,-27153.566
PF05/0002/C322,TE,43.219924,12.816978,12.0,99564.0,-27296.4
PF03/0003/C322,TE,43.222839,12.834911,56.0,99849.858,-25831.49
PF05/0003/C322,TE,43.222502,12.837997,56.0,99805.998,-25581.791
PF05/0004/C322,TE,43.221915,12.84975,52.0,99716.153,-24628.907
PF08/0004/C322,TE,43.223776,12.843088,12.0,99936.771,-25164.679
PF09/0004/C322,TE,43.221826,12.84622,12.0,99713.7,-24915.9
PF02/0005/C322,TE,43.220083,12.851643,52.0,99508.711,-24480.389
PF05/0005/C322,TE,43.218409,12.854663,52.0,99316.475,-24239.889
PF08/0005/C322,TE,43.220465,12.858734,12.0,99536.394,-23903.349
PF01/0006/C322,TE,43.21159,12.811121,8.0,98650.82,-27796.41
PF03/0006/C322,TE,43.20964,12.808812,54.0,98439.216,-27989.606
PF04/0006/C322,TE,43.210114,12.8063,56.0,98497.206,-28192.298
PF05/0006/C322,TE,43.214549,12.795612,52.0,99012.603,-29047.604
PF06/0006/C322,TE,43.213858,12.799524,52.0,98927.514,-28731.852
PF07/0006/C322,TE,43.211732,12.798198,54.0,98694.241,-28845.727
PF08/0006/C322,TE,43.215895,12.800759,52.0,99151.056,-28625.514
PF09/0006/C322,TE,43.214411,12.80914,56.0,98968.393,-27949.069
PF11/0006/C322,TE,43.210303,12.80399,12.0,98523.088,-28379.444
PF01/0007/C322,TE,43.210933,12.812701,54.0,98574.556,-27669.971
PF02/0007/C322,TE,43.207464,12.825985,54.0,98161.115,-26600.836
PF01/0008/C322,TE,43.215839,12.840283,56.0,99061.19,-25415.277
PF02/0008/C322,TE,43.212944,12.829878,54.0,98761.576,-26268.759
PF03/0008/C322,TE,43.214286,12.833155,56.0,98903.665,-25998.702
PF04/0008/C322,TE,43.218681,12.83828,56.0,99380.978,-25569.774
PF07/0008/C322,TE,43.213124,12.826482,12.0,98788.659,-26544.163
PF08/0008/C322,TE,43.216964,12.826274,12.0,99215.63,-26549.905
PF09/0008/C322,TE,43.220938,12.831009,12.0,99646.919,-26153.87
PF01/0009/C322,TE,43.208478,12.83452,6.0,98255.79,-25904.56
PF02/0009/C322,TE,43.210535,12.837827,56.0,98477.276,-25629.969
PF03/0009/C322,TE,43.208126,12.835352,56.0,98214.966,-25837.993
PF04/0009/C322,TE,43.209479,12.827484,12.0,98381.79,-26473.25
PF05/0009/C322,TE,43.207718,12.839465,12.0,98160.95,-25505.05
PF01/0010/C322,TE,43.210033,12.847895,52.0,98400.375,-24813.552
PF02/0010/C322,TE,43.212491,12.845526,56.0,98678.332,-24998.983
PF03/0010/C322,TE,43.214357,12.842934,56.0,98891.026,-25204.157
PF04/0010/C322,TE,43.22092,12.839785,56.0,99626.511,-25441.118
PF02/0011/C322,TE,43.220035,12.847488,52.0,99512.099,-24818.02
PF04/0011/C322,TE,43.214902,12.854228,52.0,98927.909,-24285.205
PF05/0011/C322,TE,43.217306,12.85111,12.0,99201.45,-24531.65
PF06/0011/C322,TE,43.215761,12.859905,12.0,99011.525,-23821.615
PF01/0012/C322,TE,43.21597,12.865805,8.0,99022.49,-23341.77
PF02/0012/C322,TE,43.222406,12.865221,12.0,99738.5,-23371.0
PF03/0012/C322,TE,43.216079,12.865916,12.0,99034.4,-23332.45
PF01/0013/C322,TE,43.211974,12.859971,52.0,98590.839,-23827.023
PF02/0013/C322,TE,43.210643,12.856853,10.0,98449.5,-24084.1
PF01/0014/C322,TE,43.214694,12.869034,52.0,98874.082,-23083.135
PF02/0014/C322,TE,43.215518,12.874546,50.0,98954.206,-22633.045
PF03/0014/C322,TE,43.212135,12.86912,52.0,98589.752,-23083.42
PF04/0014/C322,TE,43.211549,12.870605,52.0,98521.593,-22964.372
PF01/0015/C322,TE,43.204597,12.803275,52.0,97890.913,-28454.101
PF02/0015/C322,TE,43.206972,12.804225,52.0,98152.695,-28370.038
PF03/0015/C322,TE,43.207146,12.802078,52.0,98176.625,-28543.958
PF04/0015/C322,TE,43.206167,12.794645,52.0,98083.776,-29150.658
PF05/0015/C322,TE,43.199402,12.796443,56.0,97328.562,-29024.367
PF06/0015/C322,TE,43.210219,12.795411,52.0,98532.165,-29076.569
PF07/0015/C322,TE,43.208474,12.792449,54.0,98344.64,-29322.319
PF08/0015/C322,TE,43.202868,12.795689,52.0,97715.177,-29075.503
PF09/0015/C322,TE,43.204828,12.792397,12.0,97939.86,-29337.22
PF01/0016/C322,TE,43.206347,12.80675,54.0,98077.879,-28166.721
PF02/0016/C322,TE,43.205341,12.807689,54.0,97964.102,-28093.371
PF03/0016/C322,TE,43.207151,12.810342,54.0,98159.57,-27872.554
PF04/0016/C322,TE,43.208054,12.807295,54.0,98266.298,-28117.449
PF02/0017/C322,TE,43.203418,12.808649,54.0,97748.584,-28020.982
PF03/0017/C322,TE,43.198763,12.807039,54.0,97234.996,-28165.312
PF04/0017/C322,TE,43.2001,12.810217,54.0,97376.682,-27903.247
PF05/0017/C322,TE,43.196876,12.809086,56.0,97021.09,-28004.486
PF06/0017/C322,TE,43.196949,12.800064,54.0,97048.404,-28737.343
PF07/0017/C322,TE,43.196715,12.805821,56.0,97010.16,-28270.279
PF09/0017/C322,TE,43.201692,12.805206,54.0,97564.202,-28305.721
PF10/0017/C322,TE,43.19474,12.803002,54.0,96796.796,-28505.034
PF11/0017/C322,TE,43.194765,12.808591,12.0,96787.65,-28050.86
PF12/0017/C322,TE,43.192797,12.810316,12.0,96565.468,-27916.41
PF01/0018/C322,TE,43.202983,12.817359,54.0,97681.693,-27314.603
PF02/0018/C322,TE,43.198921,12.822951,52.0,97218.727,-26872.035
PF03/0018/C322,TE,43.20048,12.811834,52.0,97415.507,-27770.753
PF04/0018/C322,TE,43.201276,12.821924,52.0,97482.503,-26948.634
PF06/0018/C322,TE,43.20028,12.811923,12.0,97393.125,-27764.06
PF07/0018/C322,TE,43.196999,12.816003,12.0,97020.054,-27442.13
PF01/0019/C322,TE,43.206096,12.840751,52.0,97978.13,-25405.22
PF02/0019/C322,TE,43.201693,12.839429,54.0,97491.941,-25525.215
PF03/0019/C322,TE,43.20144,12.835021,54.0,97473.043,-25884.046
PF04/0019/C322,TE,43.20463,12.832991,54.0,97831.664,-26039.806
PF05/0019/C322,TE,43.204174,12.836757,52.0,97773.009,-25735.146
PF06/0019/C322,TE,43.204661,12.828494,54.0,97844.593,-26405.122
PF07/0019/C322,TE,43.198815,12.838161,54.0,97174.958,-25636.486
PF08/0019/C322,TE,43.203401,12.848243,12.0,97663.197,-24804.209
PF09/0019/C322,TE,43.201993,12.828702,4.0,97547.745,-26395.896
PF10/0019/C322,TE,43.205298,12.843173,12.0,97884.44,-25210.69
PF01/0020/C322,TE,43.188622,12.82322,52.0,96074.404,-26879.9
PF02/0020/C322,TE,43.19399,12.822821,8.0,96671.43,-26896.82
PF06/0020/C322,TE,43.18963,12.812444,56.0,96209.18,-27752.71
PF07/0020/C322,TE,43.187123,12.81914,52.0,95916.52,-27215.838
PF08/0020/C322,TE,43.189333,12.820451,54.0,96159.185,-27102.918
PF09/0020/C322,TE,43.187542,12.828699,52.0,95942.931,-26437.812
PF10/0020/C322,TE,43.195488,12.824423,52.0,96834.405,-26762.303
PF13/0020/C322,TE,43.192597,12.818675,54.0,96525.436,-27237.788
PF14/0020/C322,TE,43.187432,12.821633,12.0,95945.623,-27012.329
PF15/0020/C322,TE,43.193507,12.825323,12.0,96612.47,-26694.9
PF01/0021/C322,TE,43.191778,12.831915,52.0,96406.548,-26164.279
PF02/0021/C322,TE,43.19653,12.836641,52.0,96924.338,-25766.555
PF03/0021/C322,TE,43.197712,12.838089,52.0,97052.653,-25645.545
PF04/0021/C322,TE,43.197033,12.832908,52.0,96988.11,-26068.414
PF01/0022/C322,TE,43.191133,12.839607,8.0,96318.7,-25541.07
PF02/0022/C322,TE,43.196254,12.841038,52.0,96884.452,-25410.099
PF03/0022/C322,TE,43.199177,12.838854,52.0,97213.694,-25579.182
PF02/0023/C322,TE,43.186571,12.839415,52.0,95812.464,-25569.726
PF03/0023/C322,TE,43.184383,12.836373,54.0,95575.901,-25823.219
PF05/0023/C322,TE,43.190273,12.829232,52.0,96245.076,-26386.611
PF06/0023/C322,TE,43.18548,12.830631,50.0,95709.792,-26286.741
PF07/0023/C322,TE,43.183008,12.831035,12.0,95434.44,-26261.02
PF08/0023/C322,TE,43.187284,12.824165,52.0,95923.857,-26807.006
PF09/0023/C322,TE,43.189284,12.831125,52.0,96131.255,-26235.639
PF10/0023/C322,TE,43.183901,12.830356,52.0,95535.07,-26313.649
PF12/0023/C322,TE,43.183771,12.83333,52.0,95514.347,-26072.321
PF13/0023/C322,TE,43.186419,12.839264,12.0,95795.958,-25582.446
PF14/0023/C322,TE,43.181518,12.834189,12.0,95262.354,-26008.969
PF01/0024/C322,TE,43.184371,12.844828,54.0,95556.786,-25136.159
PF02/0024/C322,TE,43.182123,12.847164,54.0,95302.302,-24952.693
PF04/0024/C322,TE,43.184764,12.841236,54.0,95607.968,-25426.919
PF05/0024/C322,TE,43.185907,12.84374,52.0,95729.715,-25220.117
PF06/0024/C322,TE,43.182212,12.838814,54.0,95329.68,-25631.054
PF08/0024/C322,TE,43.181202,12.843142,52.0,95208.46,-25282.238
PF09/0024/C322,TE,43.185364,12.848497,54.0,95659.488,-24835.089
PF10/0024/C322,TE,43.17979,12.849367,12.0,95038.6,-24780.3
PF12/0024/C322,TE,43.17983,12.842252,12.0,95057.896,-25358.47
PF03/0043/C449,TE,43.221613,12.71513,52.0,99972.601,-35563.676
PF01/0023/D179,TE,42.330629,13.178475,12.0,104.361,-68.23
PF02/0023/D179,TE,42.330628,13.17847,12.0,104.267,-68.633
PF03/0070/D179,TE,43.214265,12.389805,12.0,99930.085,-62012.382
PF04/0071/D179,TE,43.213433,12.398257,56.0,99816.271,-61328.699
PF05/0071/D179,TE,43.213096,12.40044,56.0,99773.326,-61152.489
PF06/0071/D179,TE,43.214965,12.399256,56.0,99983.818,-61242.24
PF08/0071/D179,TE,43.214437,12.393267,52.0,99940.409,-61730.584
PF01/0072/D179,TE,43.203615,12.322279,6.0,98920.69,-67535.51
PF02/0072/D179,TE,43.198023,12.311452,50.0,98327.878,-68435.103
PF03/0072/D179,TE,43.198622,12.309482,50.0,98399.562,-68593.071
PF01/0073/D179,TE,43.208572,12.333475,8.0,99442.13,-66608.31
PF02/0073/D179,TE,43.199447,12.337023,52.0,98419.529,-66352.368
PF01/0075/D179,TE,43.210025,12.348393,52.0,99565.024,-65391.276
PF02/0075/D179,TE,43.208399,12.346594,52.0,99389.068,-65543.127
PF04/0075/D179,TE,43.206363,12.344563,52.0,99168.117,-65715.342
PF05/0075/D179,TE,43.211879,12.347866,52.0,99772.225,-65427.522
PF06/0075/D179,TE,43.207436,12.358942,52.0,99250.388,-64543.399
PF08/0075/D179,TE,43.212982,12.358449,12.0,99867.56,-64564.0
PF09/0075/D179,TE,43.206861,12.356014,12.0,99194.048,-64783.242
PF01/0076/D179,TE,43.213332,12.362157,8.0,99896.95,-64261.53
PF03/0076/D179,TE,43.213824,12.365207,56.0,99943.744,-64012.058
PF05/0076/D179,TE,43.211142,12.364198,56.0,99648.516,-64103.422
PF06/0076/D179,TE,43.214172,12.369364,54.0,99971.748,-63673.152
PF07/0076/D179,TE,43.213359,12.362461,12.0,99899.188,-64236.741
PF08/0076/D179,TE,43.213178,12.366786,12.0,99868.0,-63886.0
PF09/0076/D179,TE,43.211503,12.361107,10.0,99696.42,-64353.27
PF01/0077/D179,TE,43.20004,12.355089,6.0,98438.78,-64882.36
PF02/0077/D179,TE,43.203796,12.357964,52.0,98848.614,-64635.635
PF03/0077/D179,TE,43.200161,12.358897,52.0,98442.523,-64572.508
PF02/0079/D179,TE,43.21158,12.382141,52.0,99651.276,-62644.257
PF04/0079/D179,TE,43.214493,12.377417,50.0,99986.839,-63017.889
PF01/0080/D179,TE,43.207787,12.392909,8.0,99202.73,-61782.65
PF02/0080/D179,TE,43.211992,12.387955,52.0,99682.288,-62170.55
PF03/0080/D179,TE,43.209939,12.387,52.0,99456.721,-62255.213
PF04/0080/D179,TE,43.211551,12.397206,52.0,99609.932,-61420.59
PF02/0081/D179,TE,43.193061,12.326776,52.0,97736.839,-67207.598
PF03/0081/D179,TE,43.197953,12.330581,11.0,98270.323,-66881.065
PF02/0084/D179,TE,43.184273,12.312622,50.0,96797.686,-68389.13
PF03/0084/D179,TE,43.185022,12.315563,50.0,96873.19,-68147.406
PF02/0085/D179,TE,43.194426,12.332969,52.0,97872.34,-66699.527
PF01/0088/D179,TE,43.183897,12.361056,8.0,96630.6,-64454.11
PF02/0088/D179,TE,43.178169,12.365524,50.0,95982.997,-64110.999
PF03/0088/D179,TE,43.180504,12.368625,50.0,96234.408,-63850.789
PF04/0088/D179,TE,43.18298,12.367205,50.0,96513.019,-63957.592
PF05/0088/D179,TE,43.179897,12.363641,50.0,96179.803,-64258.003
PF01/0003/D489,TE,43.202486,12.404202,8.0,98585.39,-60883.45
PF02/0003/D489,TE,43.213348,12.402738,52.0,99795.5,-60964.978
PF03/0003/D489,TE,43.20727,12.401709,52.0,99123.062,-61069.54
PF01/0004/D489,TE,43.21416,12.420035,6.0,99842.17,-59557.13
PF04/0004/D489,TE,43.212998,12.4192,50.0,99715.167,-59628.901
PF05/0004/D489,TE,43.211543,12.425198,50.0,99538.576,-59146.629
PF07/0004/D489,TE,43.215433,12.423957,50.0,99973.692,-59234.127
PF09/0004/D489,TE,43.213932,12.409124,12.0,99844.22,-60444.21
PF10/0004/D489,TE,43.211162,12.421159,12.0,99506.35,-59476.1
PF11/0004/D489,TE,43.214545,12.419817,10.0,99885.5,-59573.5
PF02/0009/D489,TE,43.215737,12.456525,52.0,99926.474,-56587.63
PF01/0010/D489,TE,43.21386,12.451712,8.0,99729.89,-56984.92
PF04/0010/D489,TE,43.213674,12.450731,52.0,99711.69,-57065.268
PF05/0010/D489,TE,43.215316,12.452174,52.0,99890.503,-56942.466
PF06/0010/D489,TE,43.212662,12.452097,52.0,99595.989,-56957.704
PF08/0010/D489,TE,43.214136,12.456581,12.0,99748.5,-56588.5
PF09/0010/D489,TE,43.213791,12.460604,12.0,99700.297,-56262.878
PF10/0010/D489,TE,43.213868,12.45167,12.0,99730.986,-56988.314
PF11/0010/D489,TE,43.210502,12.450522,12.0,99360.0,-57093.0
PF12/0010/D489,TE,43.211627,12.453243,12.0,99478.125,-56868.126
PF01/0011/D489,TE,43.215637,12.469724,6.0,99882.88,-55515.83
PF01/0012/D489,TE,43.208882,12.45057,52.0,99179.866,-57094.568
PF01/0015/D489,TE,43.199522,12.472083,6.0,98087.27,-55378.3
PF01/0019/D489,TE,43.198118,12.37171,8.0,98182.8,-63538.62
PF02/0019/D489,TE,43.193464,12.376849,50.0,97652.77,-63137.296
PF01/0021/D489,TE,43.191843,12.392815,8.0,97432.24,-61845.5
PF01/0022/D489,TE,43.189159,12.377411,52.0,97173.251,-63106.595
PF02/0022/D489,TE,43.190293,12.374944,52.0,97305.489,-63303.116
PF03/0022/D489,TE,43.190397,12.37196,52.0,97324.674,-63545.239
PF04/0022/D489,TE,43.1885,12.373881,52.0,97108.997,-63395.737
PF05/0022/D489,TE,43.187059,12.376206,52.0,96943.083,-63211.803
PF06/0022/D489,TE,43.192525,12.371112,50.0,97563.088,-63606.691
PF01/0023/D489,TE,43.183224,12.378105,52.0,96512.332,-63070.854
PF02/0023/D489,TE,43.185327,12.378652,52.0,96744.497,-63019.105
PF03/0023/D489,TE,43.186643,12.384011,52.0,96877.023,-62578.978
PF04/0023/D489,TE,43.189321,12.385662,52.0,97170.224,-62435.481
PF01/0025/D489,TE,43.17475,12.382541,8.0,95559.89,-62739.78
PF02/0025/D489,TE,43.174795,12.380468,52.0,95570.192,-62908.125
PF03/0025/D489,TE,43.177732,12.379947,52.0,95897.728,-62940.284
PF04/0025/D489,TE,43.18111,12.380664,52.0,96271.062,-62870.186
PF05/0025/D489,TE,43.183624,12.382117,52.0,96546.565,-62743.409
PF06/0025/D489,TE,43.172096,12.380859,52.0,95269.376,-62885.696
PF01/0026/D489,TE,43.145092,12.3807,8.0,92270.71,-62992.49
PF02/0026/D489,TE,43.16085,12.386281,8.0,94006.66,-62483.96
PF03/0026/D489,TE,43.163355,12.383982,12.0,94290.695,-62662.209
PF04/0026/D489,TE,43.165073,12.367933,12.0,94522.386,-63960.94
PF04/0009/E058,TE,42.758021,13.966335,56.0,4734473.63,2435423.88
PF07/0009/E058,TE,42.756795,13.968697,20.0,4734335.209,2435615.557
PF05/0010/E058,TE,42.754534,13.968539,54.0,4734084.25,2435599.54
PF14/0010/E058,TE,42.75196,13.970945,54.0,4733796.04,2435792.93
PF01/0017/E058,TE,42.74417,13.977194,20.0,4732924.757,2436293.878
PF14/0032/E058,TE,42.778793,13.955734,54.0,4736791.05,2434585.0
PF13/0033/E058,TE,42.774166,13.958252,56.0,4736274.69,2434784.61
PF06/0034/E058,TE,42.755689,13.973521,21.0,4734207.576,2436008.82
PF01/0001/E343,TE,43.200914,12.570295,8.0,98005.43,-47394.02
PF02/0001/E343,TE,43.201034,12.587201,8.0,97978.95,-46020.04
PF04/0001/E343,TE,43.203428,12.578189,52.0,98265.964,-46744.589
PF05/0001/E343,TE,43.206255,12.576693,52.0,98583.493,-46857.007
PF06/0001/E343,TE,43.207513,12.578271,52.0,98719.539,-46724.772
PF08/0001/E343,TE,43.200922,12.570177,52.0,98006.567,-47403.614
PF09/0001/E343,TE,43.201103,12.58733,52.0,97986.345,-46009.388
PF10/0001/E343,TE,43.204474,12.574916,52.0,98389.921,-47007.169
PF11/0001/E343,TE,43.203548,12.572285,52.0,98293.266,-47223.9
PF12/0001/E343,TE,43.20238,12.58275,12.0,98138.885,-46377.403
PF13/0001/E343,TE,43.199669,12.57812,12.0,97848.668,-46762.256
PF01/0002/E343,TE,43.196114,12.554441,8.0,97509.86,-48697.79
PF02/0002/E343,TE,43.200037,12.56521,52.0,97920.038,-47810.043
PF05/0002/E343,TE,43.196092,12.554382,52.0,97507.521,-48702.641
PF06/0002/E343,TE,43.197214,12.555921,52.0,97628.543,-48573.901
PF07/0002/E343,TE,43.198797,12.567407,52.0,97777.152,-47635.494
PF08/0002/E343,TE,43.195903,12.557087,52.0,97480.106,-48483.446
PF09/0002/E343,TE,43.193195,12.552591,52.0,97190.094,-48857.52
PF11/0002/E343,TE,43.19656,12.563406,52.0,97538.186,-47967.84
PF12/0002/E343,TE,43.196124,12.566814,52.0,97481.601,-47692.325
PF13/0002/E343,TE,43.196801,12.560583,52.0,97571.56,-48196.475
PF14/0002/E343,TE,43.198913,12.5595,52.0,97808.722,-48277.585
PF15/0002/E343,TE,43.193748,12.564558,52.0,97223.095,-47883.367
PF16/0002/E343,TE,43.198789,12.563339,12.0,97785.861,-47966.079
PF01/0003/E343,TE,43.189922,12.504324,12.0,96942.5,-52790.5
PF01/0004/E343,TE,43.18612,12.515574,54.0,96492.971,-51888.884
PF02/0004/E343,TE,43.183373,12.512652,10.0,96195.0,-52135.4
PF03/0004/E343,TE,43.186421,12.514668,52.0,96528.592,-51961.494
PF04/0004/E343,TE,43.182975,12.512508,54.0,96151.074,-52148.442
PF05/0004/E343,TE,43.179096,12.514895,52.0,95714.551,-51967.19
PF06/0004/E343,TE,43.186068,12.515742,8.0,96486.86,-51875.35
PF07/0004/E343,TE,43.186708,12.519132,54.0,96549.663,-51597.766
PF08/0004/E343,TE,43.191085,12.514253,52.0,97047.586,-51979.799
PF09/0004/E343,TE,43.182072,12.510502,54.0,96055.625,-52314.436
PF10/0004/E343,TE,43.182608,12.508129,52.0,96120.991,-52505.476
PF11/0004/E343,TE,43.18091,12.509189,52.0,95929.816,-52424.986
PF12/0004/E343,TE,43.186002,12.511257,52.0,96490.269,-52240.116
PF14/0004/E343,TE,43.184034,12.512118,54.0,96269.615,-52176.622
PF15/0004/E343,TE,43.183073,12.514609,10.0,96156.9,-51977.3
PF16/0004/E343,TE,43.178605,12.518859,52.0,95650.471,-51646.657
PF17/0004/E343,TE,43.184422,12.521338,54.0,96290.473,-51425.99
PF18/0004/E343,TE,43.178679,12.511305,52.0,95676.889,-52260.345
PF19/0004/E343,TE,43.180967,12.518511,54.0,95913.615,-51667.135
PF21/0004/E343,TE,43.180997,12.514605,54.0,95926.385,-51984.523
PF22/0004/E343,TE,43.188764,12.509687,12.0,96800.815,-52358.54
PF23/0004/E343,TE,43.177695,12.513814,12.0,95561.599,-52059.722
PF01/0005/E343,TE,43.191897,12.533991,8.0,97090.26,-50373.21
PF02/0005/E343,TE,43.189854,12.528062,52.0,96877.629,-50861.703
PF03/0005/E343,TE,43.188918,12.525542,52.0,96779.768,-51069.547
PF05/0005/E343,TE,43.190144,12.532258,52.0,96899.766,-50519.767
PF06/0005/E343,TE,43.19193,12.53405,52.0,97093.879,-50368.28
PF08/0005/E343,TE,43.185518,12.530999,54.0,96389.073,-50637.244
PF09/0005/E343,TE,43.187157,12.522361,54.0,96591.82,-51333.876
PF10/0005/E343,TE,43.182464,12.526315,52.0,96061.058,-51027.918
PF11/0005/E343,TE,43.190489,12.523071,54.0,96960.15,-51265.255
PF13/0005/E343,TE,43.186949,12.525252,12.0,96561.731,-51099.617
PF14/0005/E343,TE,43.191412,12.529735,12.0,97046.695,-50720.644
PF01/0006/E343,TE,43.185371,12.55425,54.0,96317.143,-48748.124
PF03/0006/E343,TE,43.188157,12.554081,52.0,96627.005,-48752.801
PF04/0006/E343,TE,43.193141,12.555889,52.0,97176.187,-48589.758
PF05/0006/E343,TE,43.190457,12.553638,52.0,96883.528,-48781.37
PF07/0006/E343,TE,43.183129,12.552486,54.0,96072.36,-48898.768
PF09/0006/E343,TE,43.183776,12.548218,54.0,96154.439,-49243.588
PF10/0006/E343,TE,43.192143,12.561781,52.0,97051.453,-48114.17
PF12/0006/E343,TE,43.186313,12.567409,52.0,96390.625,-47675.683
PF13/0006/E343,TE,43.190099,12.563762,56.0,96819.688,-47959.846
PF14/0006/E343,TE,43.18858,12.565512,52.0,96646.919,-47822.498
PF15/0006/E343,TE,43.18379,12.561119,52.0,96125.346,-48195.042
PF16/0006/E343,TE,43.186839,12.549221,52.0,96492.188,-49152.085
PF18/0006/E343,TE,43.193784,12.567411,52.0,97220.337,-47651.36
PF20/0006/E343,TE,43.190164,12.560225,52.0,96835.372,-48247.052
PF21/0006/E343,TE,43.192078,12.548402,52.0,97075.961,-49201.56
PF22/0006/E343,TE,43.188956,12.549578,52.0,96726.506,-49116.153
PF23/0006/E343,TE,43.18554,12.563858,12.0,96313.135,-47966.8
PF24/0006/E343,TE,43.185664,12.556595,12.0,96344.176,-48556.636
PF01/0007/E343,TE,43.190954,12.581612,8.0,96872.59,-46506.53
PF02/0007/E343,TE,43.198519,12.575201,52.0,97727.904,-47003.161
PF03/0007/E343,TE,43.19631,12.570331,52.0,97494.003,-47406.015
PF04/0007/E343,TE,43.188369,12.570885,52.0,96610.738,-47386.605
PF05/0007/E343,TE,43.19838,12.570277,52.0,97724.06,-47403.661
PF06/0007/E343,TE,43.183643,12.572223,52.0,96082.702,-47293.07
PF07/0007/E343,TE,43.18384,12.580156,54.0,96085.984,-46647.73
PF08/0007/E343,TE,43.194659,12.572971,52.0,97304.38,-47196.768
PF10/0007/E343,TE,43.190924,12.572801,52.0,96890.001,-47222.62
PF11/0007/E343,TE,43.191811,12.575346,12.0,96982.5,-47013.0
PF03/0008/E343,TE,43.195583,12.591464,52.0,97363.646,-45691.167
PF06/0008/E343,TE,43.195173,12.583023,52.0,97337.889,-46378.345
PF08/0008/E343,TE,43.187244,12.583561,54.0,96455.986,-46360.03
PF09/0008/E343,TE,43.190509,12.595885,52.0,96789.693,-45348.148
PF10/0008/E343,TE,43.19334,12.581542,52.0,97137.742,-46504.556
PF01/0009/E343,TE,43.18251,12.500732,52.0,96127.966,-53107.004
PF02/0009/E343,TE,43.177674,12.502227,50.0,95587.305,-53001.52
PF03/0009/E343,TE,43.179153,12.504744,50.0,95745.474,-52792.06
PF04/0009/E343,TE,43.178195,12.496273,8.0,95659.58,-53483.76
PF06/0009/E343,TE,43.185295,12.502934,4.0,96432.0,-52918.8
PF07/0009/E343,TE,43.182347,12.504365,52.0,96101.084,-52812.316
PF08/0009/E343,TE,43.180911,12.498093,52.0,95956.794,-53326.819
PF09/0009/E343,TE,43.177152,12.498108,52.0,95539.257,-53338.087
PF10/0009/E343,TE,43.180491,12.501278,52.0,95902.381,-53069.338
PF11/0009/E343,TE,43.184252,12.509358,12.0,96300.5,-52400.2
PF01/0010/E343,TE,43.174296,12.533908,54.0,95135.745,-50437.594
PF02/0010/E343,TE,43.174866,12.519925,56.0,95232.629,-51572.301
PF03/0010/E343,TE,43.174673,12.515892,52.0,95220.898,-51900.765
PF05/0010/E343,TE,43.180637,12.531542,54.0,95845.585,-50609.159
PF06/0010/E343,TE,43.183736,12.529414,52.0,96194.875,-50771.941
PF07/0010/E343,TE,43.18076,12.522888,52.0,95880.069,-51312.102
PF08/0010/E343,TE,43.177494,12.527734,52.0,95505.686,-50928.959
PF09/0010/E343,TE,43.178917,12.534363,52.0,95647.826,-50385.473
PF01/0011/E343,TE,43.174712,12.536443,54.0,95175.814,-50230.171
PF02/0011/E343,TE,43.174984,12.545077,54.0,95185.491,-49527.48
PF03/0011/E343,TE,43.173583,12.546274,54.0,95026.937,-49434.79
PF06/0011/E343,TE,43.179989,12.541789,56.0,95749.111,-49778.42
PF07/0011/E343,TE,43.177533,12.544227,54.0,95470.541,-49588.246
PF09/0011/E343,TE,43.181412,12.541165,52.0,95908.695,-49824.491
PF10/0011/E343,TE,43.183563,12.542896,52.0,96143.405,-49676.813
PF11/0011/E343,TE,43.18344,12.540386,52.0,96135.744,-49881.181
PF12/0011/E343,TE,43.179981,12.541653,8.0,95748.54,-49789.51
PF13/0011/E343,TE,43.174628,12.542644,54.0,95151.72,-49726.395
PF14/0011/E343,TE,43.175586,12.545218,54.0,95251.983,-49514.086
PF17/0011/E343,TE,43.176062,12.541548,56.0,95313.628,-49810.802
PF18/0011/E343,TE,43.182387,12.545267,56.0,96007.113,-49487.895
PF19/0011/E343,TE,43.176387,12.547961,54.0,95334.39,-49288.483
PF20/0011/E343,TE,43.179456,12.537786,52.0,95699.491,-50105.469
PF22/0011/E343,TE,43.178596,12.548536,54.0,95578.327,-49234.606
PF23/0011/E343,TE,43.174177,12.549551,52.0,95085.103,-49166.417
PF25/0011/E343,TE,43.185241,12.546641,52.0,96320.908,-49366.914
PF28/0011/E343,TE,43.173709,12.540398,12.0,95055.0,-49912.0
PF30/0011/E343,TE,43.180802,12.548014,12.0,95824.635,-49269.785
PF31/0011/E343,TE,43.180331,12.546507,12.0,95775.86,-49393.87
PF32/0011/E343,TE,43.173971,12.542754,12.0,95078.495,-49719.621
PF01/0012/E343,TE,43.182561,12.566552,8.0,95975.96,-47757.48
PF03/0012/E343,TE,43.17748,12.559718,52.0,95427.818,-48329.299
PF04/0012/E343,TE,43.177141,12.557607,54.0,95395.221,-48501.999
PF06/0012/E343,TE,43.177766,12.552783,54.0,95476.107,-48892.094
PF07/0012/E343,TE,43.182671,12.558916,52.0,96006.304,-48377.685
PF08/0012/E343,TE,43.179822,12.555746,54.0,95697.388,-48644.614
PF09/0012/E343,TE,43.175671,12.552729,54.0,95243.575,-48903.268
PF10/0012/E343,TE,43.176262,12.549956,54.0,95315.757,-49126.77
PF11/0012/E343,TE,43.182626,12.566514,52.0,95983.278,-47760.316
PF12/0012/E343,TE,43.18119,12.55078,54.0,95861.091,-49043.767
PF13/0012/E343,TE,43.174491,12.560234,52.0,95094.699,-48297.042
PF14/0012/E343,TE,43.175899,12.562326,52.0,95246.103,-48122.49
PF08/0013/E343,TE,43.169511,12.581065,52.0,94492.421,-46619.819
PF09/0013/E343,TE,43.169604,12.572908,52.0,94521.92,-47282.646
PF01/0014/E343,TE,43.164813,12.470448,9.0,94236.48,-55627.71
PF33/0014/E343,TE,43.168142,12.470666,12.0,94605.753,-55598.791
PF01/0015/E343,TE,43.165478,12.499242,54.0,94239.993,-53284.673
PF01/0016/E343,TE,43.169118,12.512756,54.0,94611.552,-52174.027
PF03/0016/E343,TE,43.173073,12.512716,56.0,95050.842,-52164.161
PF04/0016/E343,TE,43.171817,12.514018,54.0,94908.194,-52062.524
PF05/0016/E343,TE,43.169078,12.50973,54.0,94614.457,-52420.118
PF06/0016/E343,TE,43.164868,12.506884,54.0,94153.71,-52665.372
PF07/0016/E343,TE,43.167125,12.511633,56.0,94392.877,-52271.909
PF08/0016/E343,TE,43.174536,12.515303,56.0,95207.1,-51949.072
PF09/0016/E343,TE,43.176242,12.512205,52.0,95404.113,-52195.293
PF10/0016/E343,TE,43.171926,12.511556,12.0,94926.344,-52262.244
PF01/0017/E343,TE,43.170766,12.519018,8.0,94779.51,-51659.49
PF03/0017/E343,TE,43.16885,12.515829,54.0,94574.332,-51925.074
PF04/0017/E343,TE,43.171963,12.516406,54.0,94918.694,-51867.901
PF05/0017/E343,TE,43.165685,12.526954,50.0,94196.028,-51031.092
PF06/0017/E343,TE,43.16785,12.524595,52.0,94442.127,-51215.748
PF08/0017/E343,TE,43.158683,12.519737,50.0,93435.821,-51640.874
PF09/0017/E343,TE,43.171604,12.528925,52.0,94848.665,-50851.485
PF10/0017/E343,TE,43.161156,12.5272,50.0,93692.436,-51025.939
PF02/0018/E343,TE,43.172166,12.53623,54.0,94893.635,-50255.775
PF03/0018/E343,TE,43.167839,12.537632,8.0,94409.73,-50156.02
PF04/0018/E343,TE,43.161921,12.539373,12.0,93748.256,-50033.767
PF05/0018/E343,TE,43.170681,12.531566,54.0,94739.843,-50639.809
PF06/0018/E343,TE,43.168915,12.528792,52.0,94550.404,-50871.053
PF07/0018/E343,TE,43.162484,12.539596,52.0,93810.32,-50013.809
PF08/0018/E343,TE,43.161239,12.53466,52.0,93683.786,-50419.147
PF09/0018/E343,TE,43.164586,12.534218,54.0,94056.632,-50444.197
PF01/0019/E343,TE,43.170781,12.546277,54.0,94715.767,-49443.643
PF03/0019/E343,TE,43.161403,12.551379,52.0,93662.073,-49059.348
PF05/0019/E343,TE,43.160265,12.541381,12.0,93559.541,-49875.935
PF06/0019/E343,TE,43.170075,12.54699,54.0,94635.635,-49387.95
PF07/0019/E343,TE,43.168978,12.549728,52.0,94507.387,-49168.996
PF08/0019/E343,TE,43.166752,12.544361,52.0,94272.863,-49612.471
PF09/0019/E343,TE,43.16624,12.549033,52.0,94204.911,-49234.394
PF10/0019/E343,TE,43.158933,12.54303,52.0,93407.732,-49746.175
PF11/0019/E343,TE,43.169648,12.540734,54.0,94603.233,-49897.893
PF12/0019/E343,TE,43.160141,12.544857,52.0,93537.487,-49593.69
PF13/0019/E343,TE,43.157693,12.547412,52.0,93259.576,-49393.933
PF14/0019/E343,TE,43.157458,12.551083,52.0,93224.735,-49096.284
PF16/0019/E343,TE,43.163702,12.552805,12.0,93914.096,-48935.951
PF17/0019/E343,TE,43.163855,12.547386,12.0,93944.0,-49376.0
PF19/0019/E343,TE,43.171453,12.543148,4.0,94797.87,-49695.8
PF20/0019/E343,TE,43.165151,12.551972,12.0,94077.0,-48999.0
PF01/0020/E343,TE,43.172414,12.549224,54.0,94890.161,-49198.769
PF02/0020/E343,TE,43.17045,12.548135,54.0,94674.566,-49293.647
PF01/0021/E343,TE,43.170068,12.560278,6.0,94603.28,-48307.83
PF02/0021/E343,TE,43.173033,12.552333,54.0,94951.451,-48944.043
PF03/0021/E343,TE,43.170865,12.551582,54.0,94712.462,-49012.161
PF05/0021/E343,TE,43.166721,12.553306,52.0,94248.109,-48885.423
PF07/0021/E343,TE,43.168796,12.562836,10.0,94456.0,-48104.0
PF08/0021/E343,TE,43.168175,12.566169,52.0,94379.155,-47835.016
PF09/0021/E343,TE,43.174347,12.555204,54.0,95090.616,-48706.364
PF10/0021/E343,TE,43.167538,12.561323,52.0,94319.899,-48231.074
PF11/0021/E343,TE,43.169302,12.55167,52.0,94538.722,-49010.037
PF12/0021/E343,TE,43.171647,12.563036,12.0,94772.113,-48078.509
PF02/0022/E343,TE,43.160837,12.579178,52.0,93533.523,-46801.09
PF03/0022/E343,TE,43.162958,12.579456,52.0,93768.448,-46771.673
PF04/0022/E343,TE,43.160655,12.583062,52.0,93504.227,-46485.899
PF08/0022/E343,TE,43.161035,12.569853,52.0,93577.437,-47558.581
PF11/0022/E343,TE,43.160676,12.586914,52.0,93497.48,-46172.631
PF13/0022/E343,TE,43.163713,12.56996,52.0,93874.603,-47541.267
PF14/0022/E343,TE,43.16472,12.579797,52.0,93963.254,-46738.293
PF15/0022/E343,TE,43.165864,12.582424,52.0,94084.217,-46521.064
PF16/0022/E343,TE,43.161028,12.572848,12.0,93569.6,-47315.1
PF17/0022/E343,TE,43.160386,12.575128,12.0,93493.014,-47131.855
PF25/0022/E343,TE,43.158694,12.576499,10.0,93301.8,-47025.8
PF01/0023/E343,TE,43.159203,12.491463,52.0,93562.047,-53937.927
PF03/0023/E343,TE,43.158813,12.486432,52.0,93530.98,-54348.258
PF04/0023/E343,TE,43.156581,12.488658,52.0,93277.72,-54174.755
PF05/0023/E343,TE,43.165044,12.494472,52.0,94203.435,-53673.841
PF01/0024/E343,TE,43.156856,12.50453,52.0,93269.581,-52883.315
PF02/0024/E343,TE,43.158375,12.50993,52.0,93425.285,-52439.21
PF03/0024/E343,TE,43.15846,12.504412,52.0,93448.018,-52887.599
PF04/0024/E343,TE,43.158435,12.499921,8.0,93456.19,-53252.8
PF05/0024/E343,TE,43.159676,12.502461,52.0,93587.865,-53042.219
PF06/0024/E343,TE,43.164475,12.511004,54.0,94100.099,-52331.734
PF07/0024/E343,TE,43.161055,12.504994,52.0,93734.858,-52831.655
PF08/0024/E343,TE,43.156614,12.500854,52.0,93251.632,-53182.978
PF09/0024/E343,TE,43.161586,12.50058,52.0,93804.47,-53188.755
PF11/0024/E343,TE,43.161013,12.508899,52.0,93720.727,-52514.352
PF12/0024/E343,TE,43.16299,12.519323,50.0,93915.122,-51660.355
PF14/0024/E343,TE,43.157864,12.5126,12.0,93362.038,-52223.841
PF15/0024/E343,TE,43.159062,12.49822,12.0,93529.905,-53389.064
PF02/0025/E343,TE,43.155223,12.522795,12.0,93044.164,-51403.629
PF03/0025/E343,TE,43.158003,12.518725,12.0,93362.703,-51725.377
PF04/0025/E343,TE,43.155081,12.528753,52.0,93014.062,-50919.607
PF05/0025/E343,TE,43.15666,12.514662,12.0,93223.304,-52060.178
PF01/0026/E343,TE,43.161302,12.538653,6.0,93681.3,-50094.36
PF02/0026/E343,TE,43.161176,12.540602,52.0,93662.631,-49936.259
PF03/0026/E343,TE,43.160472,12.539854,52.0,93586.255,-49999.44
PF04/0026/E343,TE,43.161096,12.538311,52.0,93659.17,-50122.811
PF05/0026/E343,TE,43.146932,12.538409,52.0,92085.904,-50161.099
PF06/0026/E343,TE,43.147149,12.533391,52.0,92122.009,-50568.495
PF07/0026/E343,TE,43.158665,12.540845,52.0,93383.108,-49924.757
PF08/0026/E343,TE,43.158764,12.533948,52.0,93410.663,-50485.133
PF09/0026/E343,TE,43.157478,12.536642,52.0,93261.393,-50270.347
PF12/0026/E343,TE,43.154558,12.532612,12.0,92946.709,-50607.548
PF13/0026/E343,TE,43.151555,12.53231,12.0,92613.956,-50641.981
PF01/0027/E343,TE,43.153663,12.555933,52.0,92791.741,-48714.246
PF02/0027/E343,TE,43.152377,12.556,54.0,92648.66,-48712.951
PF03/0027/E343,TE,43.148119,12.547527,8.0,92196.0,-49415.78
PF05/0027/E343,TE,43.147845,12.560954,52.0,92133.674,-48324.77
PF06/0027/E343,TE,43.149813,12.558275,54.0,92358.583,-48536.298
PF09/0027/E343,TE,43.156568,12.54483,52.0,93140.767,-49607.52
PF11/0027/E343,TE,43.152341,12.553127,52.0,92651.531,-48946.662
PF12/0027/E343,TE,43.152406,12.549976,52.0,92666.243,-49202.64
PF13/0027/E343,TE,43.147602,12.563839,12.0,92099.852,-48090.964
PF14/0027/E343,TE,43.154223,12.55046,12.0,92866.936,-49157.447
PF16/0027/E343,TE,43.148164,12.55724,12.0,92177.86,-48625.74
PF17/0027/E343,TE,43.148253,12.560242,12.0,92180.611,-48381.345
PF18/0027/E343,TE,43.154937,12.553125,12.0,92939.808,-48938.44
PF19/0027/E343,TE,43.155172,12.543498,12.0,92988.875,-49720.396
PF20/0027/E343,TE,43.154804,12.544632,12.0,92945.256,-49629.413
PF01/0028/E343,TE,43.152663,12.558359,54.0,92674.836,-48520.237
PF02/0028/E343,TE,43.160272,12.563825,8.0,93506.99,-48051.16
PF03/0028/E343,TE,43.151224,12.560238,52.0,92510.56,-48372.109
PF04/0028/E343,TE,43.155998,12.555256,52.0,93052.632,-48761.708
PF05/0028/E343,TE,43.158075,12.553986,52.0,93286.288,-48858.233
PF07/0028/E343,TE,43.15799,12.564522,52.0,93251.861,-48001.855
PF08/0028/E343,TE,43.160859,12.554685,12.0,93593.83,-48792.38
PF09/0028/E343,TE,43.165259,12.561099,52.0,94067.291,-48256.662
PF01/0029/E343,TE,43.149169,12.572314,8.0,92253.8,-47396.73
PF02/0029/E343,TE,43.157678,12.585549,52.0,93167.774,-46293.28
PF03/0029/E343,TE,43.150782,12.580294,50.0,92414.184,-46742.659
PF04/0029/E343,TE,43.15459,12.584306,50.0,92827.701,-46404.183
PF05/0029/E343,TE,43.152247,12.583212,52.0,92570.073,-46500.696
PF06/0029/E343,TE,43.149138,12.572289,12.0,92250.441,-47398.893
PF01/0030/E343,TE,43.163575,12.485436,8.0,94062.29,-54413.36
PF02/0030/E343,TE,43.154297,12.455626,12.0,93105.08,-56868.2
PF01/0031/E343,TE,43.147571,12.482398,8.0,92292.37,-54713.83
PF02/0031/E343,TE,43.147214,12.479611,52.0,92259.499,-54941.604
PF03/0031/E343,TE,43.156488,12.479982,10.0,93288.6,-54880.5
PF04/0031/E343,TE,43.155539,12.485502,52.0,93169.628,-54434.786
PF01/0032/E343,TE,43.151943,12.488442,52.0,92763.152,-54207.75
PF02/0032/E343,TE,43.150499,12.497659,52.0,92580.302,-53463.059
PF03/0032/E343,TE,43.154898,12.497769,52.0,93068.625,-53439.55
PF04/0032/E343,TE,43.151504,12.492288,52.0,92704.957,-53896.508
PF06/0032/E343,TE,43.149639,12.489614,52.0,92504.382,-54120.128
PF08/0032/E343,TE,43.148517,12.49341,52.0,92370.558,-53815.153
PF09/0032/E343,TE,43.150046,12.487617,52.0,92554.404,-54281.146
PF10/0032/E343,TE,43.144644,12.49405,52.0,91938.846,-53776.022
PF11/0032/E343,TE,43.143416,12.492214,52.0,91806.898,-53929.401
PF12/0032/E343,TE,43.147298,12.496914,52.0,92226.583,-53534.297
PF13/0032/E343,TE,43.152661,12.495901,52.0,92824.654,-53598.819
PF14/0032/E343,TE,43.15416,12.487671,12.0,93011.157,-54263.027
PF15/0032/E343,TE,43.153523,12.490133,12.0,92934.5,-54065.0
PF01/0033/E343,TE,43.140022,12.505094,8.0,91398.68,-52893.15
PF02/0033/E343,TE,43.155158,12.511709,52.0,93063.67,-52305.189
PF03/0033/E343,TE,43.154887,12.504593,52.0,93050.804,-52884.659
PF04/0033/E343,TE,43.151956,12.49997,12.0,92736.492,-53270.315
PF05/0033/E343,TE,43.15225,12.506607,10.0,92753.0,-52729.7
PF06/0033/E343,TE,43.153111,12.510353,52.0,92839.611,-52422.195
PF01/0035/E343,TE,43.143868,12.533293,52.0,91757.808,-50587.194
PF01/0036/E343,TE,43.145112,12.551818,50.0,91851.809,-49076.599
PF02/0036/E343,TE,43.142446,12.554026,50.0,91550.463,-48905.667
PF03/0036/E343,TE,43.145375,12.554804,50.0,91873.934,-48832.946
PF04/0036/E343,TE,43.139188,12.546716,12.0,91205.98,-49510.755
PF05/0036/E343,TE,43.141938,12.560215,12.0,91479.32,-48403.97
PF06/0036/E343,TE,43.142194,12.549669,12.0,91532.88,-49260.87
PF01/0037/E343,TE,43.145569,12.561098,52.0,91880.505,-48320.405
PF01/0040/E343,TE,43.120215,12.476133,8.0,89269.47,-55314.84
PF01/0041/E343,TE,43.149123,12.525097,8.0,92361.11,-51236.48
PF01/0042/E343,TE,43.116299,12.529949,2.0,88704.11,-50949.44
PF02/0042/E343,TE,43.13337,12.530842,8.0,90597.78,-50820.85
PF01/0043/E343,TE,43.131742,12.550745,8.0,90369.53,-49207.26
PF02/0043/E343,TE,43.133726,12.545616,12.0,90601.988,-49618.058
PF01/0044/E343,TE,43.130871,12.574647,8.0,90216.22,-47265.92
PF02/0044/E343,TE,43.132497,12.557452,12.0,90437.437,-48659.294
PF18/0022/E989,TE,42.869767,13.924238,54.0,4746925.95,2432137.5
PF20/0022/E989,TE,42.865537,13.924897,12.0,4746455.508,2432185.317
PF24/0022/E989,TE,42.867815,13.92412,12.0,4746709.27,2432125.14
PF14/0026/E989,TE,42.858806,13.92695,54.0,4745705.92,2432343.54
PF16/0026/E989,TE,42.862162,13.925794,12.0,4746079.77,2432253.86
PF02/0013/F500,TE,43.222031,12.793333,56.0,99848.397,-29210.752
PF05/0013/F500,TE,43.219986,12.79814,52.0,99611.044,-28826.314
PF08/0013/F500,TE,43.222194,12.790586,12.0,99872.417,-29433.384
PF04/0014/F500,TE,43.211609,12.750867,12.0,98782.8,-32691.0
PF05/0014/F500,TE,43.213568,12.757972,54.0,98984.933,-32107.98
PF06/0014/F500,TE,43.216343,12.753562,54.0,99302.691,-32457.945
PF07/0014/F500,TE,43.211864,12.750575,52.0,98811.852,-32713.945
PF08/0014/F500,TE,43.219414,12.753426,12.0,99644.14,-32459.78
PF09/0014/F500,TE,43.218191,12.749269,12.0,99517.33,-32801.1
PF10/0014/F500,TE,43.216432,12.749693,12.0,99321.08,-32771.946
PF11/0014/F500,TE,43.214411,12.752166,12.0,99091.186,-32577.05
PF01/0015/F500,TE,43.219937,12.760249,8.0,99687.25,-31904.09
PF02/0015/F500,TE,43.220864,12.76867,56.0,99772.013,-31217.364
PF05/0015/F500,TE,43.213604,12.769726,52.0,98963.392,-31153.061
PF06/0015/F500,TE,43.213079,12.766527,52.0,98911.996,-31414.493
PF08/0015/F500,TE,43.215621,12.763191,52.0,99201.61,-31677.892
PF09/0015/F500,TE,43.21843,12.765613,12.0,99508.248,-31472.824
PF01/0016/F500,TE,43.21675,12.773244,8.0,99305.19,-30857.97
PF02/0016/F500,TE,43.20892,12.773027,52.0,98435.993,-30898.812
PF03/0016/F500,TE,43.219368,12.773718,56.0,99594.929,-30811.795
PF04/0016/F500,TE,43.217611,12.774551,56.0,99398.009,-30749.322
PF05/0016/F500,TE,43.215705,12.774439,56.0,99186.512,-30764.022
PF06/0016/F500,TE,43.214629,12.778082,56.0,99059.142,-30471.314
PF07/0016/F500,TE,43.211946,12.774008,56.0,98770.025,-30810.167
PF08/0016/F500,TE,43.211452,12.779882,54.0,98702.446,-30334.472
PF02/0017/F500,TE,43.218069,12.79427,52.0,99406.381,-29146.233
PF04/0017/F500,TE,43.21378,12.786393,56.0,98947.008,-29798.661
PF05/0017/F500,TE,43.212746,12.78887,54.0,98826.842,-29600.533
PF06/0017/F500,TE,43.213573,12.782605,54.0,98932.124,-30107.004
PF07/0017/F500,TE,43.217153,12.791292,52.0,99311.066,-29390.815
PF08/0017/F500,TE,43.217394,12.787184,12.0,99346.68,-29723.77
PF08/0001/F585,TE,42.728579,13.985066,56.0,4731185.63,2436917.36
PF11/0001/F585,TE,42.738014,13.978564,56.0,4732239.72,2436397.72
PF30/0001/F585,TE,42.731043,13.983753,12.0,4731460.52,2436813.15
PF31/0001/F585,TE,42.73504,13.980853,21.0,4731907.263,2436581.111
PF17/0004/F585,TE,42.723218,13.988152,12.0,4730587.269,2437162.866
PF18/0004/F585,TE,42.72497,13.986397,21.0,4730783.544,2437021.51
PF20/0007/F585,TE,42.718805,13.990312,54.0,4730095.101,2437333.824
PF13/0021/F585,TE,42.699761,14.000186,52.0,4727970.74,2438117.3
PF17/0021/F585,TE,42.696501,14.003559,54.0,4727605.403,2438389.33
PF15/0031/F585,TE,42.68813,14.009075,12.0,4726670.61,2438830.2
PF07/0033/F585,TE,42.681579,14.01363,54.0,4725938.71,2439194.9
PF08/0033/F585,TE,42.683989,14.012012,54.0,4726207.87,2439065.49
PF04/0034/F585,TE,42.677347,14.016628,54.0,4725465.96,2439435.04
PF10/0034/F585,TE,42.679953,14.015422,12.0,4725756.502,2439339.606
PF23/0047/F585,TE,42.667081,14.026087,21.0,4724316.984,2440196.926
PF04/0055/F585,TE,42.6569,14.035698,52.0,4723177.38,2440971.68
PF11/0055/F585,TE,42.658597,14.034334,12.0,4723367.109,2440861.998
PF12/0055/F585,TE,42.662948,14.029456,20.0,4723854.852,2440467.742
PF01/0004/F831,TE,42.651513,14.040058,56.0,4722575.13,2441322.19
PF22/0008/F831,TE,42.641012,14.046466,12.0,4721403.068,2441834.316
PF24/0014/F831,TE,42.625959,14.054326,20.0,4719724.253,2442460.011
PF03/0032/F831,TE,42.596507,14.076983,9.0,4716433.26,2444282.3
PF17/0040/F831,TE,42.584967,14.089274,20.0,4715140.929,2445276.885
PF01/0001/G608,TE,43.202809,12.440441,9.0,98530.55,-57938.1
PF03/0001/G608,TE,43.203345,12.434779,52.0,98604.163,-58396.279
PF04/0001/G608,TE,43.206588,12.440236,12.0,98950.748,-57941.886
PF05/0001/G608,TE,43.205379,12.443134,12.0,98809.309,-57710.542
PF01/0002/G608,TE,43.20306,12.421826,12.0,98604.863,-59449.609
PF02/0002/G608,TE,43.206444,12.41887,12.0,98988.154,-59678.207
PF01/0003/G608,TE,43.200574,12.428501,8.0,98312.15,-58915.78
PF02/0003/G608,TE,43.202867,12.427928,52.0,98568.181,-58954.56
PF03/0003/G608,TE,43.201357,12.427539,52.0,98401.419,-58991.311
PF04/0003/G608,TE,43.201332,12.428912,52.0,98395.296,-58879.8
PF05/0003/G608,TE,43.20206,12.42622,52.0,98482.85,-59096.035
PF06/0003/G608,TE,43.199872,12.427248,52.0,98237.222,-59020.0
PF07/0003/G608,TE,43.200707,12.430661,52.0,98321.527,-58739.815
PF08/0003/G608,TE,43.198109,12.435209,52.0,98021.56,-58379.187
PF09/0003/G608,TE,43.203617,12.425803,52.0,98656.847,-59124.579
PF10/0003/G608,TE,43.208328,12.425011,12.0,99182.04,-59172.81
PF01/0004/G608,TE,43.200773,12.43889,52.0,98308.326,-58071.057
PF02/0005/G608,TE,43.20343,12.444578,12.0,98589.21,-57599.82
PF03/0005/G608,TE,43.197652,12.444819,12.0,97946.948,-57599.922
PF04/0005/G608,TE,43.202183,12.444378,12.0,98451.22,-57620.303
PF01/0006/G608,TE,43.198479,12.418171,8.0,98105.27,-59762.32
PF01/0008/G608,TE,43.19528,12.44373,9.0,97686.25,-57696.38
PF02/0008/G608,TE,43.192013,12.438307,54.0,97336.839,-58148.224
PF02/0009/G608,TE,43.193941,12.44874,50.0,97525.083,-57293.87
PF01/0010/G608,TE,43.189947,12.443002,56.0,97095.76,-57773.695
PF02/0010/G608,TE,43.19161,12.440212,54.0,97287.327,-57994.732
PF04/0010/G608,TE,43.187393,12.437525,54.0,96825.733,-58227.459
PF06/0010/G608,TE,43.190819,12.444825,54.0,97188.03,-57622.551
PF07/0010/G608,TE,43.189323,12.439164,12.0,97035.95,-58087.67
PF01/0011/G608,TE,43.190277,12.448142,9.0,97119.6,-57354.83
PF01/0012/G608,TE,43.186048,12.401816,8.0,96765.81,-61134.07
PF02/0012/G608,TE,43.180841,12.400044,12.0,96192.0,-61296.0
PF03/0012/G608,TE,43.184375,12.405553,12.0,96570.556,-60836.151
PF01/0014/G608,TE,43.181839,12.421673,8.0,96248.4,-59534.7
PF01/0016/G608,TE,43.183454,12.439972,6.0,96382.16,-58041.99
PF02/0016/G608,TE,43.173427,12.438758,56.0,95271.586,-58174.708
PF01/0018/G608,TE,43.183069,12.448527,9.0,96318.11,-57348.01
PF02/0018/G608,TE,43.177772,12.450344,9.0,95725.38,-57218.21
PF03/0018/G608,TE,43.180989,12.451937,9.0,96078.7,-57077.87
PF04/0018/G608,TE,43.17482,12.450518,12.0,95397.1,-57214.1
PF01/0019/G608,TE,43.182426,12.457406,8.0,96224.79,-56628.56
PF01/0022/G608,TE,43.172646,12.442842,9.0,95174.68,-57845.42
PF02/0022/G608,TE,43.172289,12.442203,9.0,95136.62,-57898.56
PF03/0022/G608,TE,43.169613,12.436228,9.0,94854.3,-58393.38
PF04/0022/G608,TE,43.166124,12.44033,9.0,94456.61,-58071.73
PF05/0022/G608,TE,43.167987,12.438669,56.0,94667.64,-58200.462
PF06/0022/G608,TE,43.171588,12.437611,56.0,95070.12,-58274.189
PF07/0022/G608,TE,43.175102,12.430304,56.0,95478.639,-58856.243
PF08/0022/G608,TE,43.167121,12.435188,56.0,94580.07,-58486.384
PF01/0024/G608,TE,43.172874,12.471862,8.0,95128.28,-55485.72
PF02/0024/G608,TE,43.162229,12.462026,8.0,93970.29,-56321.09
PF03/0024/G608,TE,43.16084,12.460764,9.0,93819.15,-56428.41
PF05/0024/G608,TE,43.167068,12.449933,56.0,94537.618,-57287.851
PF06/0024/G608,TE,43.161454,12.447989,12.0,93918.91,-57464.9
PF08/0024/G608,TE,43.171856,12.453786,12.0,95059.768,-56958.492
PF01/0025/G608,TE,43.180392,12.404152,12.0,96131.75,-60963.74
PF01/0027/G608,TE,43.158234,12.437853,8.0,93586.49,-58299.98
PF02/0027/G608,TE,43.144254,12.453235,56.0,91995.653,-57096.531
PF03/0027/G608,TE,43.109547,12.448236,12.0,88153.501,-57620.53
PF01/0028/G608,TE,43.160578,12.408363,8.0,93920.56,-60689.62
PF02/0028/G608,TE,43.139047,12.414945,8.0,91512.76,-60228.28
PF01/0030/G608,TE,43.13642,12.453713,3.0,91124.43,-57084.16
PF02/0030/G608,TE,43.128735,12.437783,12.0,90310.51,-58405.88
PF01/0031/G608,TE,43.117241,12.413025,8.0,89095.81,-60459.25
PF02/0031/G608,TE,43.126817,12.44381,12.0,90082.49,-57922.17
PF03/0031/G608,TE,43.124125,12.44014,12.0,89792.57,-58229.81
PF09/0010/I741,TE,43.226037,12.962807,12.0,99944.061,-15435.331
PF10/0010/I741,TE,43.219358,12.967623,21.0,99192.784,-15062.285
PF09/0011/I741,TE,43.22583,12.978566,21.0,99889.935,-14156.052
PF06/0012/I741,TE,43.226726,12.983124,56.0,99980.497,-13783.515
PF08/0012/I741,TE,43.226439,12.990262,56.0,99934.677,-13204.536
PF10/0012/I741,TE,43.22638,12.993298,56.0,99922.235,-12958.154
PF13/0012/I741,TE,43.223897,12.988855,12.0,99655.164,-13325.593
PF15/0012/I741,TE,43.226144,12.996133,21.0,99890.493,-12728.551
PF04/0014/I741,TE,43.221735,12.990202,56.0,99412.397,-13221.987
PF06/0014/I741,TE,43.219824,12.986249,56.0,99207.929,-13548.151
PF12/0014/I741,TE,43.225309,12.986042,21.0,99817.406,-13550.287
PF01/0015/I741,TE,43.216542,12.99797,54.0,98820.501,-12604.85
PF02/0015/I741,TE,43.222817,12.992776,56.0,99527.553,-13010.07
PF04/0015/I741,TE,43.2134,12.993846,56.0,98479.626,-12948.274
PF05/0015/I741,TE,43.215421,12.992359,12.0,98707.0,-13063.6
PF08/0015/I741,TE,43.21874,12.989017,21.0,99082.136,-13326.242
PF02/0018/I741,TE,43.209316,13.008304,52.0,97997.984,-11784.598
PF03/0018/I741,TE,43.213364,12.997467,52.0,98468.525,-12654.19
PF05/0018/I741,TE,43.211747,13.002741,21.0,98278.737,-12230.053
PF11/0019/I741,TE,43.213574,13.009672,52.0,98468.205,-11662.232
PF14/0019/I741,TE,43.216979,13.006531,52.0,98852.49,-11908.337
PF15/0019/I741,TE,43.210524,13.011204,20.0,98126.485,-11545.803
PF01/0020/I741,TE,43.209948,13.017952,52.0,98049.503,-10999.196
PF05/0020/I741,TE,43.20753,13.023097,52.0,97771.126,-10587.536
PF06/0020/I741,TE,43.204686,13.02273,52.0,97456.009,-10624.882
PF09/0020/I741,TE,43.206618,13.016389,12.0,97682.694,-11134.945
PF11/0020/I741,TE,43.203079,13.023823,12.0,97275.418,-10540.307
PF12/0020/I741,TE,43.208583,13.020125,21.0,97893.817,-10826.239
PF02/0078/L103,TE,43.006301,12.816296,54.0,75840.912,-27970.145
PF34/0019/L307,TE,42.806825,13.942189,56.0,4739917.77,2433516.02
PF40/0019/L307,TE,42.810494,13.940808,54.0,4740326.61,2433408.24
PF36/0026/L307,TE,42.800088,13.944903,12.0,4739166.819,2433728.617
PF37/0026/L307,TE,42.801909,13.944459,12.0,4739369.494,2433694.778
PF08/0032/L307,TE,42.788043,13.951308,54.0,4737822.74,2434235.69
PF20/0032/L307,TE,42.786235,13.952015,12.0,4737621.267,2434291.032
PF23/0032/L307,TE,42.782979,13.954125,12.0,4737257.557,2434459.152
PF01/0011/L314,TE,43.217835,12.533957,52.0,99971.075,-50291.077
PF01/0016/L314,TE,43.213751,12.511406,12.0,99571.83,-52136.28
PF01/0017/L314,TE,43.214163,12.509541,8.0,99622.0,-52286.41
PF02/0017/L314,TE,43.211013,12.52098,52.0,99244.559,-51367.599
PF03/0017/L314,TE,43.21188,12.519135,52.0,99345.353,-51514.583
PF04/0017/L314,TE,43.209314,12.518729,52.0,99061.347,-51556.066
PF05/0017/L314,TE,43.214609,12.514456,54.0,99659.672,-51885.695
PF06/0017/L314,TE,43.213555,12.523912,52.0,99519.824,-51121.058
PF07/0017/L314,TE,43.211449,12.510128,52.0,99319.235,-52247.672
PF08/0017/L314,TE,43.216201,12.519963,54.0,99823.189,-51433.126
PF09/0017/L314,TE,43.208278,12.516563,12.0,98951.533,-51735.399
PF02/0018/L314,TE,43.214964,12.533448,52.0,99653.443,-50341.788
PF03/0018/L314,TE,43.216097,12.530329,52.0,99786.811,-50591.411
PF04/0018/L314,TE,43.215693,12.528566,52.0,99746.071,-50735.964
PF05/0018/L314,TE,43.215342,12.52497,52.0,99715.821,-51029.217
PF06/0018/L314,TE,43.211121,12.525822,52.0,99244.997,-50973.912
PF08/0018/L314,TE,43.214787,12.5365,12.0,99626.482,-50094.445
PF01/0019/L314,TE,43.210692,12.537001,8.0,99170.47,-50067.18
PF02/0019/L314,TE,43.20744,12.537744,54.0,98807.514,-50017.425
PF03/0019/L314,TE,43.210055,12.539479,52.0,99093.862,-49867.951
PF04/0019/L314,TE,43.213631,12.539436,52.0,99491.075,-49859.725
PF05/0019/L314,TE,43.215626,12.543075,12.0,99703.95,-49557.6
PF02/0020/L314,TE,43.205865,12.486562,8.0,98756.34,-54180.75
PF01/0022/L314,TE,43.20537,12.522777,8.0,98613.5,-51240.19
PF02/0022/L314,TE,43.211912,12.533494,52.0,99314.369,-50348.075
PF03/0022/L314,TE,43.208962,12.52963,52.0,98996.027,-50671.583
PF04/0022/L314,TE,43.20825,12.534261,52.0,98905.816,-50297.772
PF05/0022/L314,TE,43.210171,12.533601,52.0,99120.781,-50345.052
PF06/0022/L314,TE,43.205297,12.522683,52.0,98605.647,-51248.035
PF07/0022/L314,TE,43.208161,12.521986,52.0,98925.419,-51295.228
PF09/0022/L314,TE,43.205462,12.527059,52.0,98613.432,-50891.942
PF01/0023/L314,TE,43.199693,12.504062,8.0,98028.25,-52779.44
PF02/0023/L314,TE,43.195524,12.508851,52.0,97553.617,-52404.098
PF03/0023/L314,TE,43.192621,12.506825,52.0,97236.176,-52578.318
PF01/0024/L314,TE,43.197345,12.505047,52.0,97765.143,-52707.214
PF02/0024/L314,TE,43.202118,12.520659,8.0,98257.45,-51422.9
PF01/0025/L314,TE,43.190725,12.489802,6.0,97066.9,-53967.95
