{"type": "FeatureCollection", "features": [{"type": "Feature", "geometry": {"type": "Point", "coordinates": [11.022653, 43.83136]}, "properties": {"id": "PF00/0031/B036", "provincia": "FI", "quota": 109.85}}, {"type": "Feature", "geometry": {"type": "Point", "coordinates": [11.460325, 44.004536]}, "properties": {"id": "PF00/0023/D612", "provincia": "FI", "quota": 234.91}}, {"type": "Feature", "geometry": {"type": "Point", "coordinates": [11.334687, 43.646682]}, "properties": {"id": "PF00/0028/I684", "provincia": "FI", "quota": 28.88}}, {"type": "Feature", "geometry": {"type": "Point", "coordinates": [11.442539, 43.862226]}, "properties": {"id": "PF00/0004/G999", "provincia": "FI", "quota": 40.21}}, {"type": "Feature", "geometry": {"type": "Point", "coordinates": [11.146605, 43.801293]}, "properties": {"id": "PF00/0005/G999", "provincia": "FI", "quota": 11.8}}, {"type": "Feature", "geometry": {"type": "Point", "coordinates": [11.374398, 44.013177]}, "properties": {"id": "PF00/0017/D612", "provincia": "FI", "quota": 143.53}}, {"type": "Feature", "geometry": {"type": "Point", "coordinates": [11.327068, 43.581513]}, "properties": {"id": "PF00/0010/B036", "provincia": "FI", "quota": 165.96}}, {"type": "Feature", "geometry": {"type": "Point", "coordinates": [11.397292, 43.928334]}, "properties": {"id": "PF00/0013/G999", "provincia": "FI", "quota": 133.19}}, {"type": "Feature", "geometry": {"type": "Point", "coordinates": [11.176202, 43.716764]}, "properties": {"id": "PF00/0023/D612", "provincia": "FI", "quota": 143.5}}, {"type": "Feature", "geometry": {"type": "Point", "coordinates": [11.094085, 43.767886]}, "properties": {"id": "PF00/0012/I684", "provincia": "FI", "quota": 145.73}}, {"type": "Feature", "geometry": {"type": "Point", "coordinates": [11.338773, 43.592464]}, "properties": {"id": "PF00/0024/I684", "provincia": "FI", "quota": 132.74}}, {"type": "Feature", "geometry": {"type": "Point", "coordinates": [11.215079, 43.960037]}, "properties": {"id": "PF00/0002/D612", "provincia": "FI", "quota": 47.4}}, {"type": "Feature", "geometry": {"type": "Point", "coordinates": [11.092867, 43.864182]}, "properties": {"id": "PF00/0015/I684", "provincia": "FI", "quota": 81.1}}, {"type": "Feature", "geometry": {"type": "Point", "coordinates": [11.262613, 43.949979]}, "properties": {"id": "PF00/0024/D612", "provincia": "FI", "quota": 33.42}}, {"type": "Feature", "geometry": {"type": "Point", "coordinates": [11.183231, 43.831759]}, "properties": {"id": "PF00/0020/D612", "provincia": "FI", "quota": 29.75}}, {"type": "Feature", "geometry": {"type": "Point", "coordinates": [11.04465, 43.622789]}, "properties": {"id": "PF00/0032/D612", "provincia": "FI", "quota": 3.66}}, {"type": "Feature", "geometry": {"type": "Point", "coordinates": [11.023566, 43.777777]}, "properties": {"id": "PF00/0012/D612", "provincia": "FI", "quota": 213.48}}, {"type": "Feature", "geometry": {"type": "Point", "coordinates": [11.459978, 43.694169]}, "properties": {"id": "PF00/0004/I684", "provincia": "FI", "quota": 119.07}}, {"type": "Feature", "geometry": {"type": "Point", "coordinates": [11.258038, 43.94346]}, "properties": {"id": "PF00/0015/G999", "provincia": "FI", "quota": 107.55}}, {"type": "Feature", "geometry": {"type": "Point", "coordinates": [11.128376, 43.903812]}, "properties": {"id": "PF00/0004/G999", "provincia": "FI", "quota": 236.94}}, {"type": "Feature", "geometry": {"type": "Point", "coordinates": [11.18261, 43.956665]}, "properties": {"id": "PF00/0019/I684", "provincia": "FI", "quota": 175.2}}, {"type": "Feature", "geometry": {"type": "Point", "coordinates": [11.21189, 43.716331]}, "properties": {"id": "PF00/0034/I684", "provincia": "FI", "quota": 97.55}}, {"type": "Feature", "geometry": {"type": "Point", "coordinates": [11.146401, 43.52633]}, "properties": {"id": "PF00/0026/B036", "provincia": "FI", "quota": 237.14}}, {"type": "Feature", "geometry": {"type": "Point", "coordinates": [11.447078, 43.602179]}, "properties": {"id": "PF00/0002/B036", "provincia": "FI", "quota": 159.82}}, {"type": "Feature", "geometry": {"type": "Point", "coordinates": [11.454373, 43.724602]}, "properties": {"id": "PF00/0024/G999", "provincia": "FI", "quota": 115.08}}, {"type": "Feature", "geometry": {"type": "Point", "coordinates": [11.451655, 43.590556]}, "properties": {"id": "PF00/0029/B036", "provincia": "FI", "quota": 119.26}}, {"type": "Feature", "geometry": {"type": "Point", "coordinates": [11.457403, 43.980348]}, "properties": {"id": "PF00/0022/B036", "provincia": "FI", "quota": 7.64}}, {"type": "Feature", "geometry": {"type": "Point", "coordinates": [11.127934, 43.936767]}, "properties": {"id": "PF00/0009/D612", "provincia": "FI", "quota": 132.51}}, {"type": "Feature", "geometry": {"type": "Point", "coordinates": [11.309787, 43.841493]}, "properties": {"id": "PF00/0004/D612", "provincia": "FI", "quota": 57.0}}, {"type": "Feature", "geometry": {"type": "Point", "coordinates": [11.386918, 43.548302]}, "properties": {"id": "PF00/0003/B036", "provincia": "FI", "quota": 180.32}}, {"type": "Feature", "geometry": {"type": "Point", "coordinates": [11.299247, 43.522106]}, "properties": {"id": "PF00/0021/I684", "provincia": "FI", "quota": 157.03}}, {"type": "Feature", "geometry": {"type": "Point", "coordinates": [11.092666, 43.641145]}, "properties": {"id": "PF00/0018/I684", "provincia": "FI", "quota": 145.66}}, {"type": "Feature", "geometry": {"type": "Point", "coordinates": [11.065169, 43.94167]}, "properties": {"id": "PF00/0025/B036", "provincia": "FI", "quota": 64.26}}, {"type": "Feature", "geometry": {"type": "Point", "coordinates": [11.152958, 43.997671]}, "properties": {"id": "PF00/0031/B036", "provincia": "FI", "quota": 145.29}}, {"type": "Feature", "geometry": {"type": "Point", "coordinates": [11.197549, 43.575984]}, "properties": {"id": "PF00/0016/B036", "provincia": "FI", "quota": 153.58}}, {"type": "Feature", "geometry": {"type": "Point", "coordinates": [11.119389, 43.838178]}, "properties": {"id": "PF00/0020/D612", "provincia": "FI", "quota": 128.75}}, {"type": "Feature", "geometry": {"type": "Point", "coordinates": [11.14405, 43.913602]}, "properties": {"id": "PF00/0027/G999", "provincia": "FI", "quota": 235.71}}, {"type": "Feature", "geometry": {"type": "Point", "coordinates": [11.163453, 43.997063]}, "properties": {"id": "PF00/0014/I684", "provincia": "FI", "quota": 3.37}}, {"type": "Feature", "geometry": {"type": "Point", "coordinates": [11.217921, 43.842291]}, "properties": {"id": "PF00/0014/B036", "provincia": "FI", "quota": 121.44}}, {"type": "Feature", "geometry": {"type": "Point", "coordinates": [11.26503, 43.758231]}, "properties": {"id": "PF00/0013/I684", "provincia": "FI", "quota": 219.65}}, {"type": "Feature", "geometry": {"type": "Point", "coordinates": [11.280979, 43.555436]}, "properties": {"id": "PF00/0024/B036", "provincia": "FI", "quota": 43.48}}, {"type": "Feature", "geometry": {"type": "Point", "coordinates": [11.343719, 44.013762]}, "properties": {"id": "PF00/0024/D612", "provincia": "FI", "quota": 161.56}}, {"type": "Feature", "geometry": {"type": "Point", "coordinates": [11.124382, 43.63695]}, "properties": {"id": "PF00/0017/G999", "provincia": "FI", "quota": 182.58}}, {"type": "Feature", "geometry": {"type": "Point", "coordinates": [11.190117, 43.876194]}, "properties": {"id": "PF00/0022/D612", "provincia": "FI", "quota": 143.97}}, {"type": "Feature", "geometry": {"type": "Point", "coordinates": [11.346356, 43.645111]}, "properties": {"id": "PF00/0012/D612", "provincia": "FI", "quota": 157.42}}, {"type": "Feature", "geometry": {"type": "Point", "coordinates": [11.233821, 43.534193]}, "properties": {"id": "PF00/0016/I684", "provincia": "FI", "quota": 15.46}}, {"type": "Feature", "geometry": {"type": "Point", "coordinates": [11.380659, 43.76923]}, "properties": {"id": "PF00/0020/I684", "provincia": "FI", "quota": 68.96}}, {"type": "Feature", "geometry": {"type": "Point", "coordinates": [11.254346, 43.930527]}, "properties": {"id": "PF00/0014/D612", "provincia": "FI", "quota": 99.54}}, {"type": "Feature", "geometry": {"type": "Point", "coordinates": [11.217223, 44.000449]}, "properties": {"id": "PF00/0020/B036", "provincia": "FI", "quota": 95.59}}, {"type": "Feature", "geometry": {"type": "Point", "coordinates": [11.462056, 43.832425]}, "properties": {"id": "PF00/0011/I684", "provincia": "FI", "quota": 143.99}}, {"type": "Feature", "geometry": {"type": "Point", "coordinates": [11.102154, 43.66594]}, "properties": {"id": "PF00/0027/B036", "provincia": "FI", "quota": 57.64}}, {"type": "Feature", "geometry": {"type": "Point", "coordinates": [11.296666, 43.722587]}, "properties": {"id": "PF00/0010/G999", "provincia": "FI", "quota": 171.67}}, {"type": "Feature", "geometry": {"type": "Point", "coordinates": [11.39315, 43.676853]}, "properties": {"id": "PF00/0016/G999", "provincia": "FI", "quota": 135.59}}, {"type": "Feature", "geometry": {"type": "Point", "coordinates": [11.47379, 43.731137]}, "properties": {"id": "PF00/0014/I684", "provincia": "FI", "quota": 162.61}}, {"type": "Feature", "geometry": {"type": "Point", "coordinates": [11.161166, 43.639151]}, "properties": {"id": "PF00/0022/B036", "provincia": "FI", "quota": 135.93}}, {"type": "Feature", "geometry": {"type": "Point", "coordinates": [11.055203, 43.934194]}, "properties": {"id": "PF00/0021/B036", "provincia": "FI", "quota": 86.58}}, {"type": "Feature", "geometry": {"type": "Point", "coordinates": [11.329922, 43.866632]}, "properties": {"id": "PF00/0010/D612", "provincia": "FI", "quota": 158.34}}, {"type": "Feature", "geometry": {"type": "Point", "coordinates": [11.327057, 43.710653]}, "properties": {"id": "PF00/0022/D612", "provincia": "FI", "quota": 170.82}}, {"type": "Feature", "geometry": {"type": "Point", "coordinates": [11.449104, 43.681953]}, "properties": {"id": "PF00/0016/B036", "provincia": "FI", "quota": 232.5}}, {"type": "Feature", "geometry": {"type": "Point", "coordinates": [11.010212, 43.639406]}, "properties": {"id": "PF00/0011/B036", "provincia": "FI", "quota": 128.36}}, {"type": "Feature", "geometry": {"type": "Point", "coordinates": [11.065766, 43.843146]}, "properties": {"id": "PF00/0028/B036", "provincia": "FI", "quota": 165.18}}, {"type": "Feature", "geometry": {"type": "Point", "coordinates": [11.197902, 44.018173]}, "properties": {"id": "PF00/0014/B036", "provincia": "FI", "quota": 176.03}}, {"type": "Feature", "geometry": {"type": "Point", "coordinates": [11.140149, 43.946007]}, "properties": {"id": "PF00/0009/G999", "provincia": "FI", "quota": 166.26}}, {"type": "Feature", "geometry": {"type": "Point", "coordinates": [11.199512, 43.772064]}, "properties": {"id": "PF00/0024/B036", "provincia": "FI", "quota": 201.5}}, {"type": "Feature", "geometry": {"type": "Point", "coordinates": [11.166158, 43.866449]}, "properties": {"id": "PF00/0008/I684", "provincia": "FI", "quota": 193.08}}, {"type": "Feature", "geometry": {"type": "Point", "coordinates": [11.062303, 43.604839]}, "properties": {"id": "PF00/0004/I684", "provincia": "FI", "quota": 54.91}}, {"type": "Feature", "geometry": {"type": "Point", "coordinates": [11.461936, 43.874902]}, "properties": {"id": "PF00/0019/B036", "provincia": "FI", "quota": 174.09}}, {"type": "Feature", "geometry": {"type": "Point", "coordinates": [11.127915, 43.750519]}, "properties": {"id": "PF00/0027/B036", "provincia": "FI", "quota": 127.25}}, {"type": "Feature", "geometry": {"type": "Point", "coordinates": [11.425347, 43.803205]}, "properties": {"id": "PF00/0023/D612", "provincia": "FI", "quota": 216.06}}, {"type": "Feature", "geometry": {"type": "Point", "coordinates": [11.140761, 43.692117]}, "properties": {"id": "PF00/0007/G999", "provincia": "FI", "quota": 84.07}}, {"type": "Feature", "geometry": {"type": "Point", "coordinates": [11.225628, 43.635833]}, "properties": {"id": "PF00/0019/I684", "provincia": "FI", "quota": 60.34}}, {"type": "Feature", "geometry": {"type": "Point", "coordinates": [11.347701, 43.654438]}, "properties": {"id": "PF00/0021/I684", "provincia": "FI", "quota": 133.87}}, {"type": "Feature", "geometry": {"type": "Point", "coordinates": [11.190555, 43.934078]}, "properties": {"id": "PF00/0004/B036", "provincia": "FI", "quota": 53.48}}, {"type": "Feature", "geometry": {"type": "Point", "coordinates": [11.428598, 43.569564]}, "properties": {"id": "PF00/0028/I684", "provincia": "FI", "quota": 145.46}}, {"type": "Feature", "geometry": {"type": "Point", "coordinates": [11.486793, 43.978478]}, "properties": {"id": "PF00/0013/B036", "provincia": "FI", "quota": 190.49}}, {"type": "Feature", "geometry": {"type": "Point", "coordinates": [11.240605, 43.554435]}, "properties": {"id": "PF00/0014/G999", "provincia": "FI", "quota": 0.25}}, {"type": "Feature", "geometry": {"type": "Point", "coordinates": [11.352402, 43.917728]}, "properties": {"id": "PF00/0006/G999", "provincia": "FI", "quota": 165.36}}, {"type": "Feature", "geometry": {"type": "Point", "coordinates": [11.187673, 43.972088]}, "properties": {"id": "PF00/0028/G999", "provincia": "FI", "quota": 69.22}}, {"type": "Feature", "geometry": {"type": "Point", "coordinates": [11.070101, 43.597893]}, "properties": {"id": "PF00/0010/G999", "provincia": "FI", "quota": 6.4}}, {"type": "Feature", "geometry": {"type": "Point", "coordinates": [11.457146, 43.546875]}, "properties": {"id": "PF00/0027/D612", "provincia": "FI", "quota": 139.91}}, {"type": "Feature", "geometry": {"type": "Point", "coordinates": [11.281751, 43.734702]}, "properties": {"id": "PF00/0019/B036", "provincia": "FI", "quota": 154.85}}, {"type": "Feature", "geometry": {"type": "Point", "coordinates": [11.077254, 43.519663]}, "properties": {"id": "PF00/0017/D612", "provincia": "FI", "quota": 7.99}}, {"type": "Feature", "geometry": {"type": "Point", "coordinates": [11.365906, 43.94003]}, "properties": {"id": "PF00/0034/G999", "provincia": "FI", "quota": 85.74}}, {"type": "Feature", "geometry": {"type": "Point", "coordinates": [11.442669, 43.688282]}, "properties": {"id": "PF00/0011/D612", "provincia": "FI", "quota": 116.42}}, {"type": "Feature", "geometry": {"type": "Point", "coordinates": [11.244214, 44.036758]}, "properties": {"id": "PF00/0026/G999", "provincia": "FI", "quota": 193.2}}, {"type": "Feature", "geometry": {"type": "Point", "coordinates": [11.261386, 43.99838]}, "properties": {"id": "PF00/0018/B036", "provincia": "FI", "quota": 218.42}}, {"type": "Feature", "geometry": {"type": "Point", "coordinates": [11.461897, 43.838659]}, "properties": {"id": "PF00/0008/B036", "provincia": "FI", "quota": 161.42}}, {"type": "Feature", "geometry": {"type": "Point", "coordinates": [11.334201, 44.028905]}, "properties": {"id": "PF00/0002/I684", "provincia": "FI", "quota": 127.56}}, {"type": "Feature", "geometry": {"type": "Point", "coordinates": [11.400466, 44.03552]}, "properties": {"id": "PF00/0030/D612", "provincia": "FI", "quota": 190.07}}, {"type": "Feature", "geometry": {"type": "Point", "coordinates": [11.356369, 43.593805]}, "properties": {"id": "PF00/0010/D612", "provincia": "FI", "quota": 141.77}}, {"type": "Feature", "geometry": {"type": "Point", "coordinates": [11.447094, 43.814235]}, "properties": {"id": "PF00/0013/G999", "provincia": "FI", "quota": 149.35}}, {"type": "Feature", "geometry": {"type": "Point", "coordinates": [11.314932, 43.656605]}, "properties": {"id": "PF00/0007/G999", "provincia": "FI", "quota": 102.39}}, {"type": "Feature", "geometry": {"type": "Point", "coordinates": [11.387403, 43.861502]}, "properties": {"id": "PF00/0005/B036", "provincia": "FI", "quota": 42.84}}, {"type": "Feature", "geometry": {"type": "Point", "coordinates": [11.370564, 43.511148]}, "properties": {"id": "PF00/0001/D612", "provincia": "FI", "quota": 81.74}}, {"type": "Feature", "geometry": {"type": "Point", "coordinates": [11.181575, 43.889485]}, "properties": {"id": "PF00/0022/G999", "provincia": "FI", "quota": 36.1}}, {"type": "Feature", "geometry": {"type": "Point", "coordinates": [11.442739, 44.011221]}, "properties": {"id": "PF00/0022/D612", "provincia": "FI", "quota": 27.76}}, {"type": "Feature", "geometry": {"type": "Point", "coordinates": [11.261359, 43.991763]}, "properties": {"id": "PF00/0015/B036", "provincia": "FI", "quota": 0.03}}, {"type": "Feature", "geometry": {"type": "Point", "coordinates": [11.01978, 43.686513]}, "properties": {"id": "PF00/0018/B036", "provincia": "FI", "quota": 179.4}}, {"type": "Feature", "geometry": {"type": "Point", "coordinates": [11.347584, 43.717887]}, "properties": {"id": "PF00/0028/D612", "provincia": "FI", "quota": 226.14}}, {"type": "Feature", "geometry": {"type": "Point", "coordinates": [11.267873, 44.007182]}, "properties": {"id": "PF00/0027/B036", "provincia": "FI", "quota": 42.95}}, {"type": "Feature", "geometry": {"type": "Point", "coordinates": [11.15015, 43.963838]}, "properties": {"id": "PF00/0029/D612", "provincia": "FI", "quota": 159.91}}, {"type": "Feature", "geometry": {"type": "Point", "coordinates": [11.397716, 43.888934]}, "properties": {"id": "PF00/0033/G999", "provincia": "FI", "quota": 26.91}}, {"type": "Feature", "geometry": {"type": "Point", "coordinates": [11.150398, 43.517143]}, "properties": {"id": "PF00/0010/B036", "provincia": "FI", "quota": 18.35}}, {"type": "Feature", "geometry": {"type": "Point", "coordinates": [11.316431, 43.867501]}, "properties": {"id": "PF00/0021/B036", "provincia": "FI", "quota": 111.34}}, {"type": "Feature", "geometry": {"type": "Point", "coordinates": [11.233293, 43.953506]}, "properties": {"id": "PF00/0003/B036", "provincia": "FI", "quota": 46.76}}, {"type": "Feature", "geometry": {"type": "Point", "coordinates": [11.46092, 43.708747]}, "properties": {"id": "PF00/0022/D612", "provincia": "FI", "quota": 225.69}}, {"type": "Feature", "geometry": {"type": "Point", "coordinates": [11.154035, 43.837987]}, "properties": {"id": "PF00/0005/B036", "provincia": "FI", "quota": 2.33}}, {"type": "Feature", "geometry": {"type": "Point", "coordinates": [11.394458, 43.782909]}, "properties": {"id": "PF00/0007/B036", "provincia": "FI", "quota": 120.72}}, {"type": "Feature", "geometry": {"type": "Point", "coordinates": [11.279788, 43.880241]}, "properties": {"id": "PF00/0017/G999", "provincia": "FI", "quota": 123.16}}, {"type": "Feature", "geometry": {"type": "Point", "coordinates": [11.382884, 43.826846]}, "properties": {"id": "PF00/0004/G999", "provincia": "FI", "quota": 247.62}}, {"type": "Feature", "geometry": {"type": "Point", "coordinates": [11.186127, 43.802532]}, "properties": {"id": "PF00/0025/D612", "provincia": "FI", "quota": 122.7}}, {"type": "Feature", "geometry": {"type": "Point", "coordinates": [11.322979, 43.901199]}, "properties": {"id": "PF00/0016/D612", "provincia": "FI", "quota": 249.04}}, {"type": "Feature", "geometry": {"type": "Point", "coordinates": [11.120881, 43.716279]}, "properties": {"id": "PF00/0005/B036", "provincia": "FI", "quota": 100.8}}, {"type": "Feature", "geometry": {"type": "Point", "coordinates": [11.020023, 43.916794]}, "properties": {"id": "PF00/0001/D612", "provincia": "FI", "quota": 171.39}}, {"type": "Feature", "geometry": {"type": "Point", "coordinates": [11.028265, 43.613283]}, "properties": {"id": "PF00/0002/D612", "provincia": "FI", "quota": 118.78}}, {"type": "Feature", "geometry": {"type": "Point", "coordinates": [11.290773, 43.861217]}, "properties": {"id": "PF00/0007/B036", "provincia": "FI", "quota": 180.92}}, {"type": "Feature", "geometry": {"type": "Point", "coordinates": [11.441725, 43.977751]}, "properties": {"id": "PF00/0009/D612", "provincia": "FI", "quota": 71.88}}, {"type": "Feature", "geometry": {"type": "Point", "coordinates": [11.416607, 43.993096]}, "properties": {"id": "PF00/0019/D612", "provincia": "FI", "quota": 37.8}}, {"type": "Feature", "geometry": {"type": "Point", "coordinates": [11.305625, 43.917826]}, "properties": {"id": "PF00/0020/D612", "provincia": "FI", "quota": 239.95}}, {"type": "Feature", "geometry": {"type": "Point", "coordinates": [11.311688, 44.034785]}, "properties": {"id": "PF00/0018/D612", "provincia": "FI", "quota": 169.92}}, {"type": "Feature", "geometry": {"type": "Point", "coordinates": [11.03129, 43.768003]}, "properties": {"id": "PF00/0011/D612", "provincia": "FI", "quota": 63.54}}, {"type": "Feature", "geometry": {"type": "Point", "coordinates": [11.374667, 43.739127]}, "properties": {"id": "PF00/0031/D612", "provincia": "FI", "quota": 228.48}}, {"type": "Feature", "geometry": {"type": "Point", "coordinates": [11.168514, 43.579144]}, "properties": {"id": "PF00/0012/D612", "provincia": "FI", "quota": 92.08}}, {"type": "Feature", "geometry": {"type": "Point", "coordinates": [11.136442, 43.612974]}, "properties": {"id": "PF00/0027/I684", "provincia": "FI", "quota": 21.11}}, {"type": "Feature", "geometry": {"type": "Point", "coordinates": [11.364408, 43.581356]}, "properties": {"id": "PF00/0011/B036", "provincia": "FI", "quota": 62.91}}, {"type": "Feature", "geometry": {"type": "Point", "coordinates": [11.376796, 43.795308]}, "properties": {"id": "PF00/0011/D612", "provincia": "FI", "quota": 197.36}}, {"type": "Feature", "geometry": {"type": "Point", "coordinates": [11.303288, 43.662094]}, "properties": {"id": "PF00/0018/B036", "provincia": "FI", "quota": 58.21}}, {"type": "Feature", "geometry": {"type": "Point", "coordinates": [11.445501, 43.738578]}, "properties": {"id": "PF00/0032/I684", "provincia": "FI", "quota": 27.76}}, {"type": "Feature", "geometry": {"type": "Point", "coordinates": [11.13748, 44.028814]}, "properties": {"id": "PF00/0016/B036", "provincia": "FI", "quota": 208.2}}, {"type": "Feature", "geometry": {"type": "Point", "coordinates": [11.145446, 43.652581]}, "properties": {"id": "PF00/0021/D612", "provincia": "FI", "quota": 236.61}}, {"type": "Feature", "geometry": {"type": "Point", "coordinates": [11.020587, 43.632722]}, "properties": {"id": "PF00/0006/D612", "provincia": "FI", "quota": 215.68}}, {"type": "Feature", "geometry": {"type": "Point", "coordinates": [11.353089, 43.680246]}, "properties": {"id": "PF00/0001/I684", "provincia": "FI", "quota": 46.07}}, {"type": "Feature", "geometry": {"type": "Point", "coordinates": [11.391984, 43.568765]}, "properties": {"id": "PF00/0028/G999", "provincia": "FI", "quota": 156.84}}, {"type": "Feature", "geometry": {"type": "Point", "coordinates": [11.10857, 43.570675]}, "properties": {"id": "PF00/0008/D612", "provincia": "FI", "quota": 125.2}}, {"type": "Feature", "geometry": {"type": "Point", "coordinates": [11.44835, 43.787963]}, "properties": {"id": "PF00/0007/I684", "provincia": "FI", "quota": 220.94}}, {"type": "Feature", "geometry": {"type": "Point", "coordinates": [11.381299, 43.978581]}, "properties": {"id": "PF00/0008/I684", "provincia": "FI", "quota": 113.73}}, {"type": "Feature", "geometry": {"type": "Point", "coordinates": [11.44074, 43.516243]}, "properties": {"id": "PF00/0018/G999", "provincia": "FI", "quota": 58.14}}, {"type": "Feature", "geometry": {"type": "Point", "coordinates": [11.428914, 43.542488]}, "properties": {"id": "PF00/0032/I684", "provincia": "FI", "quota": 61.56}}, {"type": "Feature", "geometry": {"type": "Point", "coordinates": [11.237448, 43.711368]}, "properties": {"id": "PF00/0008/D612", "provincia": "FI", "quota": 51.93}}, {"type": "Feature", "geometry": {"type": "Point", "coordinates": [10.986294, 43.633744]}, "properties": {"id": "PF00/0003/B036", "provincia": "FI", "quota": 130.57}}, {"type": "Feature", "geometry": {"type": "Point", "coordinates": [11.095008, 43.93033]}, "properties": {"id": "PF00/0017/I684", "provincia": "FI", "quota": 94.32}}, {"type": "Feature", "geometry": {"type": "Point", "coordinates": [11.030929, 43.709499]}, "properties": {"id": "PF00/0025/I684", "provincia": "FI", "quota": 158.15}}, {"type": "Feature", "geometry": {"type": "Point", "coordinates": [11.468626, 43.909562]}, "properties": {"id": "PF00/0004/G999", "provincia": "FI", "quota": 60.81}}, {"type": "Feature", "geometry": {"type": "Point", "coordinates": [11.22555, 43.771692]}, "properties": {"id": "PF00/0002/I684", "provincia": "FI", "quota": 239.58}}, {"type": "Feature", "geometry": {"type": "Point", "coordinates": [11.223395, 43.627039]}, "properties": {"id": "PF00/0008/G999", "provincia": "FI", "quota": 7.04}}, {"type": "Feature", "geometry": {"type": "Point", "coordinates": [11.446434, 43.527529]}, "properties": {"id": "PF00/0032/I684", "provincia": "FI", "quota": 202.7}}, {"type": "Feature", "geometry": {"type": "Point", "coordinates": [11.131128, 44.04045]}, "properties": {"id": "PF00/0029/D612", "provincia": "FI", "quota": 177.51}}, {"type": "Feature", "geometry": {"type": "Point", "coordinates": [11.12854, 43.984186]}, "properties": {"id": "PF00/0019/B036", "provincia": "FI", "quota": 136.03}}, {"type": "Feature", "geometry": {"type": "Point", "coordinates": [11.303178, 43.67038]}, "properties": {"id": "PF00/0009/B036", "provincia": "FI", "quota": 85.5}}, {"type": "Feature", "geometry": {"type": "Point", "coordinates": [11.015317, 43.597283]}, "properties": {"id": "PF00/0026/D612", "provincia": "FI", "quota": 225.1}}, {"type": "Feature", "geometry": {"type": "Point", "coordinates": [11.338507, 43.967787]}, "properties": {"id": "PF00/0006/B036", "provincia": "FI", "quota": 216.32}}, {"type": "Feature", "geometry": {"type": "Point", "coordinates": [11.397455, 43.820757]}, "properties": {"id": "PF00/0001/D612", "provincia": "FI", "quota": 87.35}}, {"type": "Feature", "geometry": {"type": "Point", "coordinates": [11.441125, 43.748399]}, "properties": {"id": "PF00/0025/G999", "provincia": "FI", "quota": 21.19}}, {"type": "Feature", "geometry": {"type": "Point", "coordinates": [11.359133, 43.705261]}, "properties": {"id": "PF00/0016/I684", "provincia": "FI", "quota": 40.79}}, {"type": "Feature", "geometry": {"type": "Point", "coordinates": [11.391373, 43.988582]}, "properties": {"id": "PF00/0028/B036", "provincia": "FI", "quota": 163.08}}, {"type": "Feature", "geometry": {"type": "Point", "coordinates": [11.47464, 43.54869]}, "properties": {"id": "PF00/0028/B036", "provincia": "FI", "quota": 62.8}}, {"type": "Feature", "geometry": {"type": "Point", "coordinates": [11.214221, 43.990498]}, "properties": {"id": "PF00/0019/I684", "provincia": "FI", "quota": 222.38}}, {"type": "Feature", "geometry": {"type": "Point", "coordinates": [11.108013, 43.657875]}, "properties": {"id": "PF00/0005/I684", "provincia": "FI", "quota": 181.22}}, {"type": "Feature", "geometry": {"type": "Point", "coordinates": [11.088364, 43.598253]}, "properties": {"id": "PF00/0015/G999", "provincia": "FI", "quota": 13.76}}, {"type": "Feature", "geometry": {"type": "Point", "coordinates": [11.167892, 43.515877]}, "properties": {"id": "PF00/0028/B036", "provincia": "FI", "quota": 232.49}}, {"type": "Feature", "geometry": {"type": "Point", "coordinates": [11.388082, 43.731865]}, "properties": {"id": "PF00/0003/I684", "provincia": "FI", "quota": 176.4}}, {"type": "Feature", "geometry": {"type": "Point", "coordinates": [11.456457, 43.790592]}, "properties": {"id": "PF00/0024/B036", "provincia": "FI", "quota": 144.0}}, {"type": "Feature", "geometry": {"type": "Point", "coordinates": [11.032988, 43.85224]}, "properties": {"id": "PF00/0018/G999", "provincia": "FI", "quota": 69.17}}, {"type": "Feature", "geometry": {"type": "Point", "coordinates": [11.141249, 43.794482]}, "properties": {"id": "PF00/0031/G999", "provincia": "FI", "quota": 50.14}}, {"type": "Feature", "geometry": {"type": "Point", "coordinates": [11.369993, 43.966734]}, "properties": {"id": "PF00/0033/D612", "provincia": "FI", "quota": 209.33}}, {"type": "Feature", "geometry": {"type": "Point", "coordinates": [11.251427, 43.75924]}, "properties": {"id": "PF00/0017/D612", "provincia": "FI", "quota": 186.62}}, {"type": "Feature", "geometry": {"type": "Point", "coordinates": [11.442594, 43.710144]}, "properties": {"id": "PF00/0025/D612", "provincia": "FI", "quota": 65.84}}, {"type": "Feature", "geometry": {"type": "Point", "coordinates": [11.07004, 43.81378]}, "properties": {"id": "PF00/0018/G999", "provincia": "FI", "quota": 246.5}}, {"type": "Feature", "geometry": {"type": "Point", "coordinates": [11.47899, 44.035469]}, "properties": {"id": "PF00/0009/I684", "provincia": "FI", "quota": 242.05}}, {"type": "Feature", "geometry": {"type": "Point", "coordinates": [11.445051, 43.745059]}, "properties": {"id": "PF00/0032/D612", "provincia": "FI", "quota": 28.79}}, {"type": "Feature", "geometry": {"type": "Point", "coordinates": [11.104136, 43.532449]}, "properties": {"id": "PF00/0019/B036", "provincia": "FI", "quota": 146.28}}, {"type": "Feature", "geometry": {"type": "Point", "coordinates": [11.002879, 43.84325]}, "properties": {"id": "PF00/0002/D612", "provincia": "FI", "quota": 150.52}}, {"type": "Feature", "geometry": {"type": "Point", "coordinates": [11.043958, 43.782996]}, "properties": {"id": "PF00/0022/G999", "provincia": "FI", "quota": 158.13}}, {"type": "Feature", "geometry": {"type": "Point", "coordinates": [11.176794, 43.721673]}, "properties": {"id": "PF00/0005/B036", "provincia": "FI", "quota": 15.92}}, {"type": "Feature", "geometry": {"type": "Point", "coordinates": [11.292269, 43.807916]}, "properties": {"id": "PF00/0023/I684", "provincia": "FI", "quota": 168.61}}, {"type": "Feature", "geometry": {"type": "Point", "coordinates": [11.456683, 43.960499]}, "properties": {"id": "PF00/0015/I684", "provincia": "FI", "quota": 0.56}}, {"type": "Feature", "geometry": {"type": "Point", "coordinates": [11.205491, 43.814541]}, "properties": {"id": "PF00/0029/I684", "provincia": "FI", "quota": 107.96}}, {"type": "Feature", "geometry": {"type": "Point", "coordinates": [11.15264, 44.032118]}, "properties": {"id": "PF00/0023/I684", "provincia": "FI", "quota": 22.17}}, {"type": "Feature", "geometry": {"type": "Point", "coordinates": [11.097741, 43.918787]}, "properties": {"id": "PF00/0009/G999", "provincia": "FI", "quota": 139.78}}, {"type": "Feature", "geometry": {"type": "Point", "coordinates": [11.072024, 43.992459]}, "properties": {"id": "PF00/0014/D612", "provincia": "FI", "quota": 3.46}}, {"type": "Feature", "geometry": {"type": "Point", "coordinates": [11.272609, 43.933388]}, "properties": {"id": "PF00/0004/G999", "provincia": "FI", "quota": 227.59}}, {"type": "Feature", "geometry": {"type": "Point", "coordinates": [11.402809, 43.635627]}, "properties": {"id": "PF00/0014/I684", "provincia": "FI", "quota": 62.07}}, {"type": "Feature", "geometry": {"type": "Point", "coordinates": [11.278134, 43.995736]}, "properties": {"id": "PF00/0010/D612", "provincia": "FI", "quota": 182.59}}, {"type": "Feature", "geometry": {"type": "Point", "coordinates": [11.175361, 43.618835]}, "properties": {"id": "PF00/0031/I684", "provincia": "FI", "quota": 87.68}}, {"type": "Feature", "geometry": {"type": "Point", "coordinates": [11.077472, 43.926102]}, "properties": {"id": "PF00/0027/D612", "provincia": "FI", "quota": 155.42}}, {"type": "Feature", "geometry": {"type": "Point", "coordinates": [11.019274, 43.548663]}, "properties": {"id": "PF00/0026/D612", "provincia": "FI", "quota": 236.81}}, {"type": "Feature", "geometry": {"type": "Point", "coordinates": [11.176803, 43.612052]}, "properties": {"id": "PF00/0003/D612", "provincia": "FI", "quota": 91.24}}, {"type": "Feature", "geometry": {"type": "Point", "coordinates": [11.47482, 44.030202]}, "properties": {"id": "PF00/0011/D612", "provincia": "FI", "quota": 145.14}}, {"type": "Feature", "geometry": {"type": "Point", "coordinates": [10.987128, 43.651902]}, "properties": {"id": "PF00/0015/G999", "provincia": "FI", "quota": 180.4}}, {"type": "Feature", "geometry": {"type": "Point", "coordinates": [11.20411, 43.972933]}, "properties": {"id": "PF00/0032/B036", "provincia": "FI", "quota": 43.69}}, {"type": "Feature", "geometry": {"type": "Point", "coordinates": [11.027862, 43.833664]}, "properties": {"id": "PF00/0008/D612", "provincia": "FI", "quota": 110.0}}, {"type": "Feature", "geometry": {"type": "Point", "coordinates": [11.057579, 43.606682]}, "properties": {"id": "PF00/0012/D612", "provincia": "FI", "quota": 236.82}}, {"type": "Feature", "geometry": {"type": "Point", "coordinates": [11.375427, 43.978766]}, "properties": {"id": "PF00/0029/B036", "provincia": "FI", "quota": 226.29}}, {"type": "Feature", "geometry": {"type": "Point", "coordinates": [11.130958, 43.835722]}, "properties": {"id": "PF00/0003/I684", "provincia": "FI", "quota": 203.82}}, {"type": "Feature", "geometry": {"type": "Point", "coordinates": [11.13884, 43.841437]}, "properties": {"id": "PF00/0013/D612", "provincia": "FI", "quota": 162.33}}, {"type": "Feature", "geometry": {"type": "Point", "coordinates": [11.378, 43.574276]}, "properties": {"id": "PF00/0021/B036", "provincia": "FI", "quota": 27.3}}, {"type": "Feature", "geometry": {"type": "Point", "coordinates": [11.159787, 43.594626]}, "properties": {"id": "PF00/0032/D612", "provincia": "FI", "quota": 103.56}}, {"type": "Feature", "geometry": {"type": "Point", "coordinates": [11.438578, 43.917733]}, "properties": {"id": "PF00/0008/I684", "provincia": "FI", "quota": 196.58}}, {"type": "Feature", "geometry": {"type": "Point", "coordinates": [11.478758, 43.967755]}, "properties": {"id": "PF00/0025/I684", "provincia": "FI", "quota": 41.01}}, {"type": "Feature", "geometry": {"type": "Point", "coordinates": [11.337301, 43.607289]}, "properties": {"id": "PF00/0027/G999", "provincia": "FI", "quota": 146.8}}, {"type": "Feature", "geometry": {"type": "Point", "coordinates": [11.128225, 44.019477]}, "properties": {"id": "PF00/0013/B036", "provincia": "FI", "quota": 63.9}}, {"type": "Feature", "geometry": {"type": "Point", "coordinates": [11.236461, 43.783102]}, "properties": {"id": "PF00/0010/B036", "provincia": "FI", "quota": 7.03}}, {"type": "Feature", "geometry": {"type": "Point", "coordinates": [11.386336, 43.964232]}, "properties": {"id": "PF00/0021/D612", "provincia": "FI", "quota": 104.11}}, {"type": "Feature", "geometry": {"type": "Point", "coordinates": [11.317933, 43.964185]}, "properties": {"id": "PF00/0009/G999", "provincia": "FI", "quota": 60.24}}, {"type": "Feature", "geometry": {"type": "Point", "coordinates": [11.366964, 43.7148]}, "properties": {"id": "PF00/0007/B036", "provincia": "FI", "quota": 94.18}}, {"type": "Feature", "geometry": {"type": "Point", "coordinates": [11.082718, 43.601397]}, "properties": {"id": "PF00/0004/I684", "provincia": "FI", "quota": 191.17}}, {"type": "Feature", "geometry": {"type": "Point", "coordinates": [11.4062, 43.577026]}, "properties": {"id": "PF00/0006/I684", "provincia": "FI", "quota": 214.06}}, {"type": "Feature", "geometry": {"type": "Point", "coordinates": [11.456931, 43.795135]}, "properties": {"id": "PF00/0030/D612", "provincia": "FI", "quota": 153.81}}, {"type": "Feature", "geometry": {"type": "Point", "coordinates": [11.257353, 43.541744]}, "properties": {"id": "PF00/0009/I684", "provincia": "FI", "quota": 118.51}}, {"type": "Feature", "geometry": {"type": "Point", "coordinates": [10.993413, 43.817917]}, "properties": {"id": "PF00/0012/B036", "provincia": "FI", "quota": 54.31}}, {"type": "Feature", "geometry": {"type": "Point", "coordinates": [11.297822, 43.696621]}, "properties": {"id": "PF00/0004/B036", "provincia": "FI", "quota": 76.49}}, {"type": "Feature", "geometry": {"type": "Point", "coordinates": [11.254607, 43.57865]}, "properties": {"id": "PF00/0017/B036", "provincia": "FI", "quota": 8.87}}, {"type": "Feature", "geometry": {"type": "Point", "coordinates": [11.356824, 43.773983]}, "properties": {"id": "PF00/0006/G999", "provincia": "FI", "quota": 175.06}}, {"type": "Feature", "geometry": {"type": "Point", "coordinates": [11.001646, 43.965317]}, "properties": {"id": "PF00/0026/D612", "provincia": "FI", "quota": 94.1}}, {"type": "Feature", "geometry": {"type": "Point", "coordinates": [11.418518, 43.554303]}, "properties": {"id": "PF00/0020/B036", "provincia": "FI", "quota": 126.65}}, {"type": "Feature", "geometry": {"type": "Point", "coordinates": [11.204223, 43.893574]}, "properties": {"id": "PF00/0018/I684", "provincia": "FI", "quota": 6.39}}, {"type": "Feature", "geometry": {"type": "Point", "coordinates": [11.470516, 43.658193]}, "properties": {"id": "PF00/0027/I684", "provincia": "FI", "quota": 127.21}}, {"type": "Feature", "geometry": {"type": "Point", "coordinates": [11.465286, 43.871839]}, "properties": {"id": "PF00/0008/D612", "provincia": "FI", "quota": 173.86}}, {"type": "Feature", "geometry": {"type": "Point", "coordinates": [11.296167, 43.661006]}, "properties": {"id": "PF00/0022/D612", "provincia": "FI", "quota": 102.7}}, {"type": "Feature", "geometry": {"type": "Point", "coordinates": [11.31709, 43.973272]}, "properties": {"id": "PF00/0019/D612", "provincia": "FI", "quota": 72.49}}, {"type": "Feature", "geometry": {"type": "Point", "coordinates": [11.146031, 43.759517]}, "properties": {"id": "PF00/0014/G999", "provincia": "FI", "quota": 84.71}}, {"type": "Feature", "geometry": {"type": "Point", "coordinates": [11.077385, 43.707628]}, "properties": {"id": "PF00/0020/G999", "provincia": "FI", "quota": 102.84}}, {"type": "Feature", "geometry": {"type": "Point", "coordinates": [11.331967, 43.938577]}, "properties": {"id": "PF00/0032/D612", "provincia": "FI", "quota": 63.66}}, {"type": "Feature", "geometry": {"type": "Point", "coordinates": [11.311699, 43.641168]}, "properties": {"id": "PF00/0004/B036", "provincia": "FI", "quota": 183.98}}, {"type": "Feature", "geometry": {"type": "Point", "coordinates": [11.157428, 43.708324]}, "properties": {"id": "PF00/0026/I684", "provincia": "FI", "quota": 65.52}}, {"type": "Feature", "geometry": {"type": "Point", "coordinates": [11.111274, 43.808813]}, "properties": {"id": "PF00/0018/I684", "provincia": "FI", "quota": 208.19}}, {"type": "Feature", "geometry": {"type": "Point", "coordinates": [11.44051, 43.877241]}, "properties": {"id": "PF00/0019/G999", "provincia": "FI", "quota": 99.64}}, {"type": "Feature", "geometry": {"type": "Point", "coordinates": [11.219081, 43.532658]}, "properties": {"id": "PF00/0006/B036", "provincia": "FI", "quota": 110.77}}, {"type": "Feature", "geometry": {"type": "Point", "coordinates": [11.335104, 43.540734]}, "properties": {"id": "PF00/0011/I684", "provincia": "FI", "quota": 127.24}}, {"type": "Feature", "geometry": {"type": "Point", "coordinates": [11.414309, 43.990301]}, "properties": {"id": "PF00/0029/G999", "provincia": "FI", "quota": 140.06}}, {"type": "Feature", "geometry": {"type": "Point", "coordinates": [11.199211, 43.80993]}, "properties": {"id": "PF00/0006/B036", "provincia": "FI", "quota": 81.9}}, {"type": "Feature", "geometry": {"type": "Point", "coordinates": [11.360291, 43.940186]}, "properties": {"id": "PF00/0001/D612", "provincia": "FI", "quota": 143.66}}, {"type": "Feature", "geometry": {"type": "Point", "coordinates": [11.128742, 43.516878]}, "properties": {"id": "PF00/0004/D612", "provincia": "FI", "quota": 13.74}}, {"type": "Feature", "geometry": {"type": "Point", "coordinates": [11.422216, 43.901558]}, "properties": {"id": "PF00/0014/G999", "provincia": "FI", "quota": 38.42}}, {"type": "Feature", "geometry": {"type": "Point", "coordinates": [10.996753, 43.905759]}, "properties": {"id": "PF00/0011/G999", "provincia": "FI", "quota": 105.0}}, {"type": "Feature", "geometry": {"type": "Point", "coordinates": [11.073501, 43.518702]}, "properties": {"id": "PF00/0015/D612", "provincia": "FI", "quota": 167.17}}, {"type": "Feature", "geometry": {"type": "Point", "coordinates": [11.452297, 44.008554]}, "properties": {"id": "PF00/0027/D612", "provincia": "FI", "quota": 202.5}}, {"type": "Feature", "geometry": {"type": "Point", "coordinates": [11.032694, 43.992159]}, "properties": {"id": "PF00/0006/I684", "provincia": "FI", "quota": 164.66}}, {"type": "Feature", "geometry": {"type": "Point", "coordinates": [11.459033, 43.552582]}, "properties": {"id": "PF00/0032/B036", "provincia": "FI", "quota": 54.21}}, {"type": "Feature", "geometry": {"type": "Point", "coordinates": [11.41274, 43.821163]}, "properties": {"id": "PF00/0026/I684", "provincia": "FI", "quota": 143.77}}, {"type": "Feature", "geometry": {"type": "Point", "coordinates": [11.001533, 43.581318]}, "properties": {"id": "PF00/0023/B036", "provincia": "FI", "quota": 183.22}}, {"type": "Feature", "geometry": {"type": "Point", "coordinates": [11.414976, 43.928235]}, "properties": {"id": "PF00/0002/B036", "provincia": "FI", "quota": 233.06}}, {"type": "Feature", "geometry": {"type": "Point", "coordinates": [11.350839, 43.807776]}, "properties": {"id": "PF00/0030/B036", "provincia": "FI", "quota": 95.98}}, {"type": "Feature", "geometry": {"type": "Point", "coordinates": [11.24862, 43.7326]}, "properties": {"id": "PF00/0021/D612", "provincia": "FI", "quota": 222.4}}, {"type": "Feature", "geometry": {"type": "Point", "coordinates": [11.154466, 43.940436]}, "properties": {"id": "PF00/0005/G999", "provincia": "FI", "quota": 11.95}}, {"type": "Feature", "geometry": {"type": "Point", "coordinates": [11.104819, 43.78214]}, "properties": {"id": "PF00/0020/G999", "provincia": "FI", "quota": 119.81}}, {"type": "Feature", "geometry": {"type": "Point", "coordinates": [11.246095, 43.809656]}, "properties": {"id": "PF00/0008/D612", "provincia": "FI", "quota": 21.51}}, {"type": "Feature", "geometry": {"type": "Point", "coordinates": [11.165058, 43.557191]}, "properties": {"id": "PF00/0030/B036", "provincia": "FI", "quota": 50.53}}, {"type": "Feature", "geometry": {"type": "Point", "coordinates": [11.014066, 44.012246]}, "properties": {"id": "PF00/0001/I684", "provincia": "FI", "quota": 73.13}}, {"type": "Feature", "geometry": {"type": "Point", "coordinates": [11.211187, 43.70553]}, "properties": {"id": "PF00/0003/G999", "provincia": "FI", "quota": 98.4}}, {"type": "Feature", "geometry": {"type": "Point", "coordinates": [11.241441, 43.669904]}, "properties": {"id": "PF00/0003/D612", "provincia": "FI", "quota": 64.42}}, {"type": "Feature", "geometry": {"type": "Point", "coordinates": [11.307408, 43.999739]}, "properties": {"id": "PF00/0024/G999", "provincia": "FI", "quota": 47.22}}, {"type": "Feature", "geometry": {"type": "Point", "coordinates": [11.124779, 43.766003]}, "properties": {"id": "PF00/0012/G999", "provincia": "FI", "quota": 92.23}}, {"type": "Feature", "geometry": {"type": "Point", "coordinates": [11.387816, 44.047806]}, "properties": {"id": "PF00/0008/B036", "provincia": "FI", "quota": 10.23}}, {"type": "Feature", "geometry": {"type": "Point", "coordinates": [11.166751, 43.77605]}, "properties": {"id": "PF00/0033/D612", "provincia": "FI", "quota": 169.03}}, {"type": "Feature", "geometry": {"type": "Point", "coordinates": [11.156722, 43.686278]}, "properties": {"id": "PF00/0027/B036", "provincia": "FI", "quota": 28.71}}, {"type": "Feature", "geometry": {"type": "Point", "coordinates": [11.091592, 43.949733]}, "properties": {"id": "PF00/0024/I684", "provincia": "FI", "quota": 95.47}}, {"type": "Feature", "geometry": {"type": "Point", "coordinates": [11.382992, 43.828769]}, "properties": {"id": "PF00/0027/B036", "provincia": "FI", "quota": 247.08}}, {"type": "Feature", "geometry": {"type": "Point", "coordinates": [11.357195, 43.651589]}, "properties": {"id": "PF00/0023/D612", "provincia": "FI", "quota": 248.42}}, {"type": "Feature", "geometry": {"type": "Point", "coordinates": [11.434284, 43.767822]}, "properties": {"id": "PF00/0011/I684", "provincia": "FI", "quota": 171.52}}, {"type": "Feature", "geometry": {"type": "Point", "coordinates": [11.469125, 43.644969]}, "properties": {"id": "PF00/0031/G999", "provincia": "FI", "quota": 153.17}}, {"type": "Feature", "geometry": {"type": "Point", "coordinates": [11.176647, 43.880449]}, "properties": {"id": "PF00/0004/D612", "provincia": "FI", "quota": 107.3}}, {"type": "Feature", "geometry": {"type": "Point", "coordinates": [11.107787, 43.559075]}, "properties": {"id": "PF00/0011/I684", "provincia": "FI", "quota": 2.7}}, {"type": "Feature", "geometry": {"type": "Point", "coordinates": [11.342716, 43.853714]}, "properties": {"id": "PF00/0016/B036", "provincia": "FI", "quota": 172.39}}, {"type": "Feature", "geometry": {"type": "Point", "coordinates": [11.076427, 43.563032]}, "properties": {"id": "PF00/0018/B036", "provincia": "FI", "quota": 51.62}}, {"type": "Feature", "geometry": {"type": "Point", "coordinates": [11.293573, 43.654239]}, "properties": {"id": "PF00/0019/D612", "provincia": "FI", "quota": 158.18}}, {"type": "Feature", "geometry": {"type": "Point", "coordinates": [11.407531, 43.694008]}, "properties": {"id": "PF00/0019/G999", "provincia": "FI", "quota": 97.93}}, {"type": "Feature", "geometry": {"type": "Point", "coordinates": [11.082009, 43.736317]}, "properties": {"id": "PF00/0018/B036", "provincia": "FI", "quota": 186.26}}, {"type": "Feature", "geometry": {"type": "Point", "coordinates": [11.142374, 43.633734]}, "properties": {"id": "PF00/0010/G999", "provincia": "FI", "quota": 245.89}}, {"type": "Feature", "geometry": {"type": "Point", "coordinates": [11.02639, 43.850075]}, "properties": {"id": "PF00/0024/G999", "provincia": "FI", "quota": 4.32}}, {"type": "Feature", "geometry": {"type": "Point", "coordinates": [11.242508, 43.608346]}, "properties": {"id": "PF00/0030/G999", "provincia": "FI", "quota": 233.54}}, {"type": "Feature", "geometry": {"type": "Point", "coordinates": [11.377442, 43.94237]}, "properties": {"id": "PF00/0021/I684", "provincia": "FI", "quota": 136.31}}, {"type": "Feature", "geometry": {"type": "Point", "coordinates": [11.338942, 43.624937]}, "properties": {"id": "PF00/0002/G999", "provincia": "FI", "quota": 222.48}}, {"type": "Feature", "geometry": {"type": "Point", "coordinates": [11.410616, 43.839788]}, "properties": {"id": "PF00/0014/B036", "provincia": "FI", "quota": 11.57}}, {"type": "Feature", "geometry": {"type": "Point", "coordinates": [11.367719, 43.595133]}, "properties": {"id": "PF00/0032/I684", "provincia": "FI", "quota": 203.78}}, {"type": "Feature", "geometry": {"type": "Point", "coordinates": [11.176269, 43.651067]}, "properties": {"id": "PF00/0033/B036", "provincia": "FI", "quota": 24.57}}, {"type": "Feature", "geometry": {"type": "Point", "coordinates": [11.480169, 43.982694]}, "properties": {"id": "PF00/0006/B036", "provincia": "FI", "quota": 173.63}}, {"type": "Feature", "geometry": {"type": "Point", "coordinates": [11.285956, 43.584298]}, "properties": {"id": "PF00/0029/D612", "provincia": "FI", "quota": 142.33}}, {"type": "Feature", "geometry": {"type": "Point", "coordinates": [11.45011, 43.983218]}, "properties": {"id": "PF00/0009/G999", "provincia": "FI", "quota": 118.25}}, {"type": "Feature", "geometry": {"type": "Point", "coordinates": [11.233641, 44.007883]}, "properties": {"id": "PF00/0029/I684", "provincia": "FI", "quota": 116.02}}, {"type": "Feature", "geometry": {"type": "Point", "coordinates": [11.373229, 44.024923]}, "properties": {"id": "PF00/0028/G999", "provincia": "FI", "quota": 48.04}}, {"type": "Feature", "geometry": {"type": "Point", "coordinates": [11.197752, 43.878899]}, "properties": {"id": "PF00/0024/G999", "provincia": "FI", "quota": 31.56}}, {"type": "Feature", "geometry": {"type": "Point", "coordinates": [11.357249, 43.989331]}, "properties": {"id": "PF00/0014/D612", "provincia": "FI", "quota": 140.39}}, {"type": "Feature", "geometry": {"type": "Point", "coordinates": [11.128446, 43.892267]}, "properties": {"id": "PF00/0027/G999", "provincia": "FI", "quota": 43.56}}, {"type": "Feature", "geometry": {"type": "Point", "coordinates": [11.285978, 43.62965]}, "properties": {"id": "PF00/0010/I684", "provincia": "FI", "quota": 224.27}}, {"type": "Feature", "geometry": {"type": "Point", "coordinates": [11.084258, 43.814037]}, "properties": {"id": "PF00/0003/D612", "provincia": "FI", "quota": 104.18}}, {"type": "Feature", "geometry": {"type": "Point", "coordinates": [11.214161, 43.72611]}, "properties": {"id": "PF00/0020/G999", "provincia": "FI", "quota": 160.97}}, {"type": "Feature", "geometry": {"type": "Point", "coordinates": [10.997837, 43.738463]}, "properties": {"id": "PF00/0024/I684", "provincia": "FI", "quota": 201.49}}, {"type": "Feature", "geometry": {"type": "Point", "coordinates": [11.273841, 43.674301]}, "properties": {"id": "PF00/0014/I684", "provincia": "FI", "quota": 158.49}}, {"type": "Feature", "geometry": {"type": "Point", "coordinates": [11.196175, 43.527275]}, "properties": {"id": "PF00/0022/I684", "provincia": "FI", "quota": 163.48}}, {"type": "Feature", "geometry": {"type": "Point", "coordinates": [11.436836, 43.543694]}, "properties": {"id": "PF00/0032/I684", "provincia": "FI", "quota": 238.08}}, {"type": "Feature", "geometry": {"type": "Point", "coordinates": [11.204643, 43.595228]}, "properties": {"id": "PF00/0028/I684", "provincia": "FI", "quota": 166.44}}, {"type": "Feature", "geometry": {"type": "Point", "coordinates": [11.06723, 43.565225]}, "properties": {"id": "PF00/0013/D612", "provincia": "FI", "quota": 74.95}}, {"type": "Feature", "geometry": {"type": "Point", "coordinates": [11.411434, 43.608661]}, "properties": {"id": "PF00/0002/I684", "provincia": "FI", "quota": 156.12}}, {"type": "Feature", "geometry": {"type": "Point", "coordinates": [11.303791, 43.615587]}, "properties": {"id": "PF00/0002/D612", "provincia": "FI", "quota": 133.5}}, {"type": "Feature", "geometry": {"type": "Point", "coordinates": [11.321202, 43.773418]}, "properties": {"id": "PF00/0019/D612", "provincia": "FI", "quota": 60.89}}, {"type": "Feature", "geometry": {"type": "Point", "coordinates": [11.137052, 43.973883]}, "properties": {"id": "PF00/0027/I684", "provincia": "FI", "quota": 143.55}}, {"type": "Feature", "geometry": {"type": "Point", "coordinates": [11.365023, 44.007883]}, "properties": {"id": "PF00/0029/B036", "provincia": "FI", "quota": 137.66}}, {"type": "Feature", "geometry": {"type": "Point", "coordinates": [11.400159, 43.926314]}, "properties": {"id": "PF00/0020/D612", "provincia": "FI", "quota": 134.91}}, {"type": "Feature", "geometry": {"type": "Point", "coordinates": [11.26888, 43.869305]}, "properties": {"id": "PF00/0015/B036", "provincia": "FI", "quota": 182.88}}, {"type": "Feature", "geometry": {"type": "Point", "coordinates": [11.079805, 43.911044]}, "properties": {"id": "PF00/0015/I684", "provincia": "FI", "quota": 77.35}}, {"type": "Feature", "geometry": {"type": "Point", "coordinates": [11.069912, 43.586068]}, "properties": {"id": "PF00/0006/B036", "provincia": "FI", "quota": 204.1}}, {"type": "Feature", "geometry": {"type": "Point", "coordinates": [11.312363, 43.960259]}, "properties": {"id": "PF00/0026/B036", "provincia": "FI", "quota": 136.28}}, {"type": "Feature", "geometry": {"type": "Point", "coordinates": [10.996358, 43.559805]}, "properties": {"id": "PF00/0018/G999", "provincia": "FI", "quota": 50.99}}, {"type": "Feature", "geometry": {"type": "Point", "coordinates": [11.228065, 43.592375]}, "properties": {"id": "PF00/0013/B036", "provincia": "FI", "quota": 186.53}}, {"type": "Feature", "geometry": {"type": "Point", "coordinates": [11.472621, 43.699382]}, "properties": {"id": "PF00/0032/I684", "provincia": "FI", "quota": 64.7}}, {"type": "Feature", "geometry": {"type": "Point", "coordinates": [11.261609, 43.831258]}, "properties": {"id": "PF00/0023/I684", "provincia": "FI", "quota": 104.87}}, {"type": "Feature", "geometry": {"type": "Point", "coordinates": [11.014906, 43.596847]}, "properties": {"id": "PF00/0002/D612", "provincia": "FI", "quota": 167.6}}, {"type": "Feature", "geometry": {"type": "Point", "coordinates": [11.097712, 43.866249]}, "properties": {"id": "PF00/0006/B036", "provincia": "FI", "quota": 213.23}}, {"type": "Feature", "geometry": {"type": "Point", "coordinates": [11.079531, 43.854654]}, "properties": {"id": "PF00/0010/I684", "provincia": "FI", "quota": 149.1}}, {"type": "Feature", "geometry": {"type": "Point", "coordinates": [11.253078, 43.892199]}, "properties": {"id": "PF00/0019/I684", "provincia": "FI", "quota": 9.92}}, {"type": "Feature", "geometry": {"type": "Point", "coordinates": [11.392768, 43.714513]}, "properties": {"id": "PF00/0020/G999", "provincia": "FI", "quota": 164.95}}, {"type": "Feature", "geometry": {"type": "Point", "coordinates": [11.172565, 43.697155]}, "properties": {"id": "PF00/0001/B036", "provincia": "FI", "quota": 202.97}}, {"type": "Feature", "geometry": {"type": "Point", "coordinates": [11.381413, 43.686406]}, "properties": {"id": "PF00/0034/D612", "provincia": "FI", "quota": 216.22}}, {"type": "Feature", "geometry": {"type": "Point", "coordinates": [11.481501, 43.781917]}, "properties": {"id": "PF00/0033/I684", "provincia": "FI", "quota": 221.13}}, {"type": "Feature", "geometry": {"type": "Point", "coordinates": [11.073624, 43.533995]}, "properties": {"id": "PF00/0026/D612", "provincia": "FI", "quota": 35.44}}, {"type": "Feature", "geometry": {"type": "Point", "coordinates": [11.311215, 43.890415]}, "properties": {"id": "PF00/0023/D612", "provincia": "FI", "quota": 159.23}}, {"type": "Feature", "geometry": {"type": "Point", "coordinates": [11.014891, 43.711383]}, "properties": {"id": "PF00/0031/G999", "provincia": "FI", "quota": 72.05}}, {"type": "Feature", "geometry": {"type": "Point", "coordinates": [11.028765, 43.762135]}, "properties": {"id": "PF00/0028/B036", "provincia": "FI", "quota": 206.08}}, {"type": "Feature", "geometry": {"type": "Point", "coordinates": [11.20481, 43.966294]}, "properties": {"id": "PF00/0025/B036", "provincia": "FI", "quota": 112.3}}, {"type": "Feature", "geometry": {"type": "Point", "coordinates": [11.221964, 43.646304]}, "properties": {"id": "PF00/0029/G999", "provincia": "FI", "quota": 3.59}}, {"type": "Feature", "geometry": {"type": "Point", "coordinates": [11.251462, 43.72907]}, "properties": {"id": "PF00/0001/G999", "provincia": "FI", "quota": 241.55}}, {"type": "Feature", "geometry": {"type": "Point", "coordinates": [11.150512, 43.952067]}, "properties": {"id": "PF00/0025/B036", "provincia": "FI", "quota": 140.54}}, {"type": "Feature", "geometry": {"type": "Point", "coordinates": [11.076822, 43.866446]}, "properties": {"id": "PF00/0010/B036", "provincia": "FI", "quota": 202.78}}, {"type": "Feature", "geometry": {"type": "Point", "coordinates": [11.410995, 43.645604]}, "properties": {"id": "PF00/0014/D612", "provincia": "FI", "quota": 37.31}}, {"type": "Feature", "geometry": {"type": "Point", "coordinates": [11.327615, 43.924081]}, "properties": {"id": "PF00/0001/I684", "provincia": "FI", "quota": 165.95}}, {"type": "Feature", "geometry": {"type": "Point", "coordinates": [11.082419, 43.708718]}, "properties": {"id": "PF00/0002/I684", "provincia": "FI", "quota": 15.74}}, {"type": "Feature", "geometry": {"type": "Point", "coordinates": [11.250415, 43.830778]}, "properties": {"id": "PF00/0010/G999", "provincia": "FI", "quota": 26.2}}, {"type": "Feature", "geometry": {"type": "Point", "coordinates": [11.234492, 43.769799]}, "properties": {"id": "PF00/0020/I684", "provincia": "FI", "quota": 43.52}}, {"type": "Feature", "geometry": {"type": "Point", "coordinates": [11.453654, 43.654808]}, "properties": {"id": "PF00/0009/G999", "provincia": "FI", "quota": 184.85}}, {"type": "Feature", "geometry": {"type": "Point", "coordinates": [11.396458, 43.866662]}, "properties": {"id": "PF00/0011/G999", "provincia": "FI", "quota": 142.94}}, {"type": "Feature", "geometry": {"type": "Point", "coordinates": [11.415268, 43.917558]}, "properties": {"id": "PF00/0001/B036", "provincia": "FI", "quota": 164.91}}, {"type": "Feature", "geometry": {"type": "Point", "coordinates": [11.067682, 43.743962]}, "properties": {"id": "PF00/0026/B036", "provincia": "FI", "quota": 39.27}}, {"type": "Feature", "geometry": {"type": "Point", "coordinates": [11.464621, 43.959129]}, "properties": {"id": "PF00/0032/D612", "provincia": "FI", "quota": 65.59}}, {"type": "Feature", "geometry": {"type": "Point", "coordinates": [11.158191, 44.032075]}, "properties": {"id": "PF00/0029/G999", "provincia": "FI", "quota": 141.61}}, {"type": "Feature", "geometry": {"type": "Point", "coordinates": [11.150924, 43.738464]}, "properties": {"id": "PF00/0003/I684", "provincia": "FI", "quota": 126.51}}, {"type": "Feature", "geometry": {"type": "Point", "coordinates": [11.119849, 43.963666]}, "properties": {"id": "PF00/0021/B036", "provincia": "FI", "quota": 219.8}}, {"type": "Feature", "geometry": {"type": "Point", "coordinates": [11.249455, 43.757411]}, "properties": {"id": "PF00/0009/D612", "provincia": "FI", "quota": 154.61}}, {"type": "Feature", "geometry": {"type": "Point", "coordinates": [11.187409, 43.594488]}, "properties": {"id": "PF00/0010/B036", "provincia": "FI", "quota": 124.21}}, {"type": "Feature", "geometry": {"type": "Point", "coordinates": [11.477495, 43.899194]}, "properties": {"id": "PF00/0002/B036", "provincia": "FI", "quota": 185.73}}, {"type": "Feature", "geometry": {"type": "Point", "coordinates": [11.366627, 43.975927]}, "properties": {"id": "PF00/0027/I684", "provincia": "FI", "quota": 186.78}}, {"type": "Feature", "geometry": {"type": "Point", "coordinates": [11.126916, 43.528931]}, "properties": {"id": "PF00/0011/D612", "provincia": "FI", "quota": 142.5}}, {"type": "Feature", "geometry": {"type": "Point", "coordinates": [11.058805, 44.001286]}, "properties": {"id": "PF00/0008/I684", "provincia": "FI", "quota": 83.93}}, {"type": "Feature", "geometry": {"type": "Point", "coordinates": [11.477867, 43.76184]}, "properties": {"id": "PF00/0009/B036", "provincia": "FI", "quota": 48.24}}, {"type": "Feature", "geometry": {"type": "Point", "coordinates": [11.367517, 43.571987]}, "properties": {"id": "PF00/0015/B036", "provincia": "FI", "quota": 200.39}}, {"type": "Feature", "geometry": {"type": "Point", "coordinates": [11.35124, 43.930073]}, "properties": {"id": "PF00/0033/B036", "provincia": "FI", "quota": 152.47}}, {"type": "Feature", "geometry": {"type": "Point", "coordinates": [11.157143, 43.882197]}, "properties": {"id": "PF00/0002/I684", "provincia": "FI", "quota": 57.87}}, {"type": "Feature", "geometry": {"type": "Point", "coordinates": [11.089077, 43.74225]}, "properties": {"id": "PF00/0027/I684", "provincia": "FI", "quota": 241.81}}, {"type": "Feature", "geometry": {"type": "Point", "coordinates": [11.304961, 43.65673]}, "properties": {"id": "PF00/0021/B036", "provincia": "FI", "quota": 85.59}}, {"type": "Feature", "geometry": {"type": "Point", "coordinates": [11.133445, 43.715436]}, "properties": {"id": "PF00/0006/B036", "provincia": "FI", "quota": 113.02}}, {"type": "Feature", "geometry": {"type": "Point", "coordinates": [11.328676, 43.740661]}, "properties": {"id": "PF00/0028/D612", "provincia": "FI", "quota": 86.93}}, {"type": "Feature", "geometry": {"type": "Point", "coordinates": [11.31391, 43.716336]}, "properties": {"id": "PF00/0012/B036", "provincia": "FI", "quota": 196.87}}, {"type": "Feature", "geometry": {"type": "Point", "coordinates": [11.086557, 43.777343]}, "properties": {"id": "PF00/0006/G999", "provincia": "FI", "quota": 181.91}}, {"type": "Feature", "geometry": {"type": "Point", "coordinates": [11.250001, 43.668225]}, "properties": {"id": "PF00/0022/G999", "provincia": "FI", "quota": 29.53}}, {"type": "Feature", "geometry": {"type": "Point", "coordinates": [11.293056, 43.824752]}, "properties": {"id": "PF00/0016/G999", "provincia": "FI", "quota": 134.66}}, {"type": "Feature", "geometry": {"type": "Point", "coordinates": [11.024265, 43.656962]}, "properties": {"id": "PF00/0011/I684", "provincia": "FI", "quota": 195.82}}, {"type": "Feature", "geometry": {"type": "Point", "coordinates": [11.188204, 43.706886]}, "properties": {"id": "PF00/0008/I684", "provincia": "FI", "quota": 60.41}}, {"type": "Feature", "geometry": {"type": "Point", "coordinates": [11.395579, 43.849049]}, "properties": {"id": "PF00/0022/B036", "provincia": "FI", "quota": 192.29}}, {"type": "Feature", "geometry": {"type": "Point", "coordinates": [11.132455, 43.706557]}, "properties": {"id": "PF00/0030/D612", "provincia": "FI", "quota": 205.09}}, {"type": "Feature", "geometry": {"type": "Point", "coordinates": [11.487177, 43.888951]}, "properties": {"id": "PF00/0029/D612", "provincia": "FI", "quota": 230.47}}, {"type": "Feature", "geometry": {"type": "Point", "coordinates": [11.111623, 43.828819]}, "properties": {"id": "PF00/0018/G999", "provincia": "FI", "quota": 67.94}}, {"type": "Feature", "geometry": {"type": "Point", "coordinates": [11.033391, 43.929349]}, "properties": {"id": "PF00/0032/D612", "provincia": "FI", "quota": 51.01}}, {"type": "Feature", "geometry": {"type": "Point", "coordinates": [11.408788, 43.945739]}, "properties": {"id": "PF00/0020/B036", "provincia": "FI", "quota": 62.6}}, {"type": "Feature", "geometry": {"type": "Point", "coordinates": [11.456312, 44.016614]}, "properties": {"id": "PF00/0019/G999", "provincia": "FI", "quota": 96.31}}, {"type": "Feature", "geometry": {"type": "Point", "coordinates": [11.343015, 44.001835]}, "properties": {"id": "PF00/0010/G999", "provincia": "FI", "quota": 213.4}}, {"type": "Feature", "geometry": {"type": "Point", "coordinates": [11.117242, 43.661932]}, "properties": {"id": "PF00/0005/I684", "provincia": "FI", "quota": 96.06}}, {"type": "Feature", "geometry": {"type": "Point", "coordinates": [11.026648, 44.050049]}, "properties": {"id": "PF00/0022/I684", "provincia": "FI", "quota": 67.77}}, {"type": "Feature", "geometry": {"type": "Point", "coordinates": [11.381688, 43.5498]}, "properties": {"id": "PF00/0009/D612", "provincia": "FI", "quota": 166.27}}, {"type": "Feature", "geometry": {"type": "Point", "coordinates": [11.3376, 43.831818]}, "properties": {"id": "PF00/0033/G999", "provincia": "FI", "quota": 8.09}}, {"type": "Feature", "geometry": {"type": "Point", "coordinates": [11.230213, 43.828505]}, "properties": {"id": "PF00/0023/I684", "provincia": "FI", "quota": 130.07}}, {"type": "Feature", "geometry": {"type": "Point", "coordinates": [11.225654, 43.788708]}, "properties": {"id": "PF00/0019/B036", "provincia": "FI", "quota": 130.7}}, {"type": "Feature", "geometry": {"type": "Point", "coordinates": [11.354236, 44.047376]}, "properties": {"id": "PF00/0014/D612", "provincia": "FI", "quota": 87.45}}, {"type": "Feature", "geometry": {"type": "Point", "coordinates": [11.461002, 43.536904]}, "properties": {"id": "PF00/0028/G999", "provincia": "FI", "quota": 177.47}}, {"type": "Feature", "geometry": {"type": "Point", "coordinates": [11.437101, 43.751195]}, "properties": {"id": "PF00/0023/G999", "provincia": "FI", "quota": 95.28}}, {"type": "Feature", "geometry": {"type": "Point", "coordinates": [11.372244, 43.69939]}, "properties": {"id": "PF00/0008/I684", "provincia": "FI", "quota": 147.95}}, {"type": "Feature", "geometry": {"type": "Point", "coordinates": [11.027682, 43.59382]}, "properties": {"id": "PF00/0022/B036", "provincia": "FI", "quota": 156.83}}, {"type": "Feature", "geometry": {"type": "Point", "coordinates": [10.986875, 43.638852]}, "properties": {"id": "PF00/0004/D612", "provincia": "FI", "quota": 219.15}}, {"type": "Feature", "geometry": {"type": "Point", "coordinates": [11.116486, 44.025951]}, "properties": {"id": "PF00/0029/G999", "provincia": "FI", "quota": 227.2}}, {"type": "Feature", "geometry": {"type": "Point", "coordinates": [10.995736, 43.724236]}, "properties": {"id": "PF00/0010/I684", "provincia": "FI", "quota": 247.58}}, {"type": "Feature", "geometry": {"type": "Point", "coordinates": [11.451938, 43.531824]}, "properties": {"id": "PF00/0023/G999", "provincia": "FI", "quota": 68.35}}, {"type": "Feature", "geometry": {"type": "Point", "coordinates": [11.08634, 43.693593]}, "properties": {"id": "PF00/0001/I684", "provincia": "FI", "quota": 108.11}}, {"type": "Feature", "geometry": {"type": "Point", "coordinates": [11.069217, 43.623292]}, "properties": {"id": "PF00/0012/D612", "provincia": "FI", "quota": 122.71}}, {"type": "Feature", "geometry": {"type": "Point", "coordinates": [11.027547, 43.556331]}, "properties": {"id": "PF00/0030/I684", "provincia": "FI", "quota": 247.1}}, {"type": "Feature", "geometry": {"type": "Point", "coordinates": [11.142236, 43.860187]}, "properties": {"id": "PF00/0003/D612", "provincia": "FI", "quota": 59.52}}, {"type": "Feature", "geometry": {"type": "Point", "coordinates": [11.222816, 43.630985]}, "properties": {"id": "PF00/0011/I684", "provincia": "FI", "quota": 206.15}}, {"type": "Feature", "geometry": {"type": "Point", "coordinates": [11.413504, 44.039267]}, "properties": {"id": "PF00/0003/B036", "provincia": "FI", "quota": 203.7}}, {"type": "Feature", "geometry": {"type": "Point", "coordinates": [11.076739, 43.929496]}, "properties": {"id": "PF00/0001/G999", "provincia": "FI", "quota": 82.84}}, {"type": "Feature", "geometry": {"type": "Point", "coordinates": [11.39532, 43.977453]}, "properties": {"id": "PF00/0021/G999", "provincia": "FI", "quota": 229.68}}, {"type": "Feature", "geometry": {"type": "Point", "coordinates": [11.431278, 44.028326]}, "properties": {"id": "PF00/0001/B036", "provincia": "FI", "quota": 59.4}}, {"type": "Feature", "geometry": {"type": "Point", "coordinates": [11.054659, 43.78636]}, "properties": {"id": "PF00/0032/D612", "provincia": "FI", "quota": 177.94}}, {"type": "Feature", "geometry": {"type": "Point", "coordinates": [11.306359, 43.521525]}, "properties": {"id": "PF00/0015/D612", "provincia": "FI", "quota": 29.88}}, {"type": "Feature", "geometry": {"type": "Point", "coordinates": [11.119831, 43.630334]}, "properties": {"id": "PF00/0030/D612", "provincia": "FI", "quota": 194.31}}, {"type": "Feature", "geometry": {"type": "Point", "coordinates": [11.255437, 43.83579]}, "properties": {"id": "PF00/0013/I684", "provincia": "FI", "quota": 222.37}}, {"type": "Feature", "geometry": {"type": "Point", "coordinates": [11.316345, 43.521584]}, "properties": {"id": "PF00/0001/B036", "provincia": "FI", "quota": 14.81}}, {"type": "Feature", "geometry": {"type": "Point", "coordinates": [10.99607, 43.589918]}, "properties": {"id": "PF00/0021/G999", "provincia": "FI", "quota": 28.33}}, {"type": "Feature", "geometry": {"type": "Point", "coordinates": [11.011783, 44.026173]}, "properties": {"id": "PF00/0033/I684", "provincia": "FI", "quota": 28.83}}, {"type": "Feature", "geometry": {"type": "Point", "coordinates": [11.448592, 43.632327]}, "properties": {"id": "PF00/0022/G999", "provincia": "FI", "quota": 137.95}}, {"type": "Feature", "geometry": {"type": "Point", "coordinates": [11.149985, 43.642947]}, "properties": {"id": "PF00/0012/G999", "provincia": "FI", "quota": 211.33}}, {"type": "Feature", "geometry": {"type": "Point", "coordinates": [11.322074, 43.610149]}, "properties": {"id": "PF00/0028/D612", "provincia": "FI", "quota": 100.25}}, {"type": "Feature", "geometry": {"type": "Point", "coordinates": [11.189384, 43.773912]}, "properties": {"id": "PF00/0021/G999", "provincia": "FI", "quota": 133.7}}, {"type": "Feature", "geometry": {"type": "Point", "coordinates": [11.073434, 44.016826]}, "properties": {"id": "PF00/0030/G999", "provincia": "FI", "quota": 55.16}}, {"type": "Feature", "geometry": {"type": "Point", "coordinates": [11.222072, 43.55816]}, "properties": {"id": "PF00/0022/G999", "provincia": "FI", "quota": 118.08}}, {"type": "Feature", "geometry": {"type": "Point", "coordinates": [11.381182, 43.946397]}, "properties": {"id": "PF00/0021/I684", "provincia": "FI", "quota": 30.18}}, {"type": "Feature", "geometry": {"type": "Point", "coordinates": [11.414051, 44.008845]}, "properties": {"id": "PF00/0024/I684", "provincia": "FI", "quota": 106.35}}, {"type": "Feature", "geometry": {"type": "Point", "coordinates": [11.405699, 43.561934]}, "properties": {"id": "PF00/0019/D612", "provincia": "FI", "quota": 219.37}}, {"type": "Feature", "geometry": {"type": "Point", "coordinates": [11.340507, 43.863602]}, "properties": {"id": "PF00/0026/B036", "provincia": "FI", "quota": 124.97}}, {"type": "Feature", "geometry": {"type": "Point", "coordinates": [11.133475, 43.585351]}, "properties": {"id": "PF00/0003/D612", "provincia": "FI", "quota": 33.13}}, {"type": "Feature", "geometry": {"type": "Point", "coordinates": [11.387295, 43.971867]}, "properties": {"id": "PF00/0003/B036", "provincia": "FI", "quota": 246.14}}, {"type": "Feature", "geometry": {"type": "Point", "coordinates": [11.205759, 43.603218]}, "properties": {"id": "PF00/0005/I684", "provincia": "FI", "quota": 140.36}}, {"type": "Feature", "geometry": {"type": "Point", "coordinates": [11.155129, 43.545056]}, "properties": {"id": "PF00/0013/G999", "provincia": "FI", "quota": 60.57}}, {"type": "Feature", "geometry": {"type": "Point", "coordinates": [11.328487, 43.88128]}, "properties": {"id": "PF00/0001/G999", "provincia": "FI", "quota": 214.98}}, {"type": "Feature", "geometry": {"type": "Point", "coordinates": [11.46339, 43.79064]}, "properties": {"id": "PF00/0030/B036", "provincia": "FI", "quota": 212.85}}, {"type": "Feature", "geometry": {"type": "Point", "coordinates": [11.141134, 43.819138]}, "properties": {"id": "PF00/0010/B036", "provincia": "FI", "quota": 179.98}}, {"type": "Feature", "geometry": {"type": "Point", "coordinates": [11.463193, 43.938101]}, "properties": {"id": "PF00/0010/I684", "provincia": "FI", "quota": 163.77}}, {"type": "Feature", "geometry": {"type": "Point", "coordinates": [11.030989, 44.045659]}, "properties": {"id": "PF00/0028/I684", "provincia": "FI", "quota": 112.14}}, {"type": "Feature", "geometry": {"type": "Point", "coordinates": [11.057405, 43.892596]}, "properties": {"id": "PF00/0027/D612", "provincia": "FI", "quota": 244.59}}, {"type": "Feature", "geometry": {"type": "Point", "coordinates": [11.293937, 43.956964]}, "properties": {"id": "PF00/0003/D612", "provincia": "FI", "quota": 235.99}}, {"type": "Feature", "geometry": {"type": "Point", "coordinates": [11.196027, 43.635953]}, "properties": {"id": "PF00/0009/I684", "provincia": "FI", "quota": 1.16}}, {"type": "Feature", "geometry": {"type": "Point", "coordinates": [11.328234, 43.996766]}, "properties": {"id": "PF00/0023/G999", "provincia": "FI", "quota": 158.84}}, {"type": "Feature", "geometry": {"type": "Point", "coordinates": [11.133669, 43.53166]}, "properties": {"id": "PF00/0009/G999", "provincia": "FI", "quota": 249.33}}, {"type": "Feature", "geometry": {"type": "Point", "coordinates": [11.159167, 43.904574]}, "properties": {"id": "PF00/0009/G999", "provincia": "FI", "quota": 81.33}}, {"type": "Feature", "geometry": {"type": "Point", "coordinates": [11.158418, 44.025974]}, "properties": {"id": "PF00/0029/D612", "provincia": "FI", "quota": 29.0}}, {"type": "Feature", "geometry": {"type": "Point", "coordinates": [11.101373, 43.65407]}, "properties": {"id": "PF00/0015/I684", "provincia": "FI", "quota": 231.11}}, {"type": "Feature", "geometry": {"type": "Point", "coordinates": [11.331823, 43.516607]}, "properties": {"id": "PF00/0015/D612", "provincia": "FI", "quota": 217.54}}, {"type": "Feature", "geometry": {"type": "Point", "coordinates": [11.382734, 43.848146]}, "properties": {"id": "PF00/0010/I684", "provincia": "FI", "quota": 171.48}}, {"type": "Feature", "geometry": {"type": "Point", "coordinates": [11.04132, 43.519782]}, "properties": {"id": "PF00/0026/I684", "provincia": "FI", "quota": 177.62}}, {"type": "Feature", "geometry": {"type": "Point", "coordinates": [11.233429, 43.575108]}, "properties": {"id": "PF00/0002/G999", "provincia": "FI", "quota": 179.62}}, {"type": "Feature", "geometry": {"type": "Point", "coordinates": [11.174972, 44.03411]}, "properties": {"id": "PF00/0034/I684", "provincia": "FI", "quota": 99.32}}, {"type": "Feature", "geometry": {"type": "Point", "coordinates": [11.355504, 43.794742]}, "properties": {"id": "PF00/0021/B036", "provincia": "FI", "quota": 135.52}}, {"type": "Feature", "geometry": {"type": "Point", "coordinates": [11.10914, 43.793145]}, "properties": {"id": "PF00/0014/G999", "provincia": "FI", "quota": 21.42}}, {"type": "Feature", "geometry": {"type": "Point", "coordinates": [11.161064, 43.623681]}, "properties": {"id": "PF00/0033/I684", "provincia": "FI", "quota": 194.71}}, {"type": "Feature", "geometry": {"type": "Point", "coordinates": [11.156554, 43.706299]}, "properties": {"id": "PF00/0002/B036", "provincia": "FI", "quota": 88.06}}, {"type": "Feature", "geometry": {"type": "Point", "coordinates": [11.202656, 44.039034]}, "properties": {"id": "PF00/0013/B036", "provincia": "FI", "quota": 198.99}}, {"type": "Feature", "geometry": {"type": "Point", "coordinates": [11.131581, 43.637166]}, "properties": {"id": "PF00/0012/D612", "provincia": "FI", "quota": 182.97}}, {"type": "Feature", "geometry": {"type": "Point", "coordinates": [11.123256, 43.752133]}, "properties": {"id": "PF00/0017/D612", "provincia": "FI", "quota": 16.26}}, {"type": "Feature", "geometry": {"type": "Point", "coordinates": [11.34361, 43.900213]}, "properties": {"id": "PF00/0021/D612", "provincia": "FI", "quota": 71.86}}, {"type": "Feature", "geometry": {"type": "Point", "coordinates": [11.174522, 43.782618]}, "properties": {"id": "PF00/0032/B036", "provincia": "FI", "quota": 220.93}}, {"type": "Feature", "geometry": {"type": "Point", "coordinates": [11.049578, 43.981771]}, "properties": {"id": "PF00/0001/B036", "provincia": "FI", "quota": 114.31}}, {"type": "Feature", "geometry": {"type": "Point", "coordinates": [11.175327, 43.593637]}, "properties": {"id": "PF00/0027/B036", "provincia": "FI", "quota": 202.29}}, {"type": "Feature", "geometry": {"type": "Point", "coordinates": [11.413038, 43.86423]}, "properties": {"id": "PF00/0008/G999", "provincia": "FI", "quota": 33.35}}, {"type": "Feature", "geometry": {"type": "Point", "coordinates": [11.031613, 43.995598]}, "properties": {"id": "PF00/0015/B036", "provincia": "FI", "quota": 27.24}}, {"type": "Feature", "geometry": {"type": "Point", "coordinates": [11.265661, 43.892997]}, "properties": {"id": "PF00/0017/I684", "provincia": "FI", "quota": 16.5}}, {"type": "Feature", "geometry": {"type": "Point", "coordinates": [11.266051, 43.73832]}, "properties": {"id": "PF00/0006/B036", "provincia": "FI", "quota": 162.35}}, {"type": "Feature", "geometry": {"type": "Point", "coordinates": [11.225493, 43.953445]}, "properties": {"id": "PF00/0022/D612", "provincia": "FI", "quota": 94.75}}, {"type": "Feature", "geometry": {"type": "Point", "coordinates": [11.161442, 43.698195]}, "properties": {"id": "PF00/0019/B036", "provincia": "FI", "quota": 57.89}}, {"type": "Feature", "geometry": {"type": "Point", "coordinates": [11.309529, 43.928009]}, "properties": {"id": "PF00/0008/D612", "provincia": "FI", "quota": 72.33}}, {"type": "Feature", "geometry": {"type": "Point", "coordinates": [11.454258, 43.826571]}, "properties": {"id": "PF00/0009/I684", "provincia": "FI", "quota": 28.04}}, {"type": "Feature", "geometry": {"type": "Point", "coordinates": [11.279146, 43.816821]}, "properties": {"id": "PF00/0003/D612", "provincia": "FI", "quota": 139.38}}, {"type": "Feature", "geometry": {"type": "Point", "coordinates": [11.488058, 43.981532]}, "properties": {"id": "PF00/0013/G999", "provincia": "FI", "quota": 240.75}}, {"type": "Feature", "geometry": {"type": "Point", "coordinates": [11.065449, 43.865299]}, "properties": {"id": "PF00/0014/D612", "provincia": "FI", "quota": 81.25}}, {"type": "Feature", "geometry": {"type": "Point", "coordinates": [11.08556, 43.637832]}, "properties": {"id": "PF00/0021/B036", "provincia": "FI", "quota": 214.73}}, {"type": "Feature", "geometry": {"type": "Point", "coordinates": [11.277143, 43.781411]}, "properties": {"id": "PF00/0011/B036", "provincia": "FI", "quota": 175.42}}, {"type": "Feature", "geometry": {"type": "Point", "coordinates": [11.065225, 43.851374]}, "properties": {"id": "PF00/0013/B036", "provincia": "FI", "quota": 189.89}}, {"type": "Feature", "geometry": {"type": "Point", "coordinates": [11.454988, 43.938852]}, "properties": {"id": "PF00/0021/B036", "provincia": "FI", "quota": 52.03}}, {"type": "Feature", "geometry": {"type": "Point", "coordinates": [11.21826, 43.699746]}, "properties": {"id": "PF00/0011/B036", "provincia": "FI", "quota": 137.74}}, {"type": "Feature", "geometry": {"type": "Point", "coordinates": [11.356127, 43.716056]}, "properties": {"id": "PF00/0007/G999", "provincia": "FI", "quota": 159.48}}, {"type": "Feature", "geometry": {"type": "Point", "coordinates": [11.058364, 43.601933]}, "properties": {"id": "PF00/0021/G999", "provincia": "FI", "quota": 200.94}}, {"type": "Feature", "geometry": {"type": "Point", "coordinates": [11.458199, 43.829855]}, "properties": {"id": "PF00/0017/D612", "provincia": "FI", "quota": 138.32}}, {"type": "Feature", "geometry": {"type": "Point", "coordinates": [11.06732, 43.600477]}, "properties": {"id": "PF00/0030/D612", "provincia": "FI", "quota": 159.07}}, {"type": "Feature", "geometry": {"type": "Point", "coordinates": [10.997404, 43.912172]}, "properties": {"id": "PF00/0014/I684", "provincia": "FI", "quota": 230.78}}, {"type": "Feature", "geometry": {"type": "Point", "coordinates": [11.218541, 43.553621]}, "properties": {"id": "PF00/0027/I684", "provincia": "FI", "quota": 222.76}}, {"type": "Feature", "geometry": {"type": "Point", "coordinates": [11.23849, 43.718854]}, "properties": {"id": "PF00/0008/G999", "provincia": "FI", "quota": 100.96}}, {"type": "Feature", "geometry": {"type": "Point", "coordinates": [11.071929, 44.029849]}, "properties": {"id": "PF00/0013/D612", "provincia": "FI", "quota": 178.95}}, {"type": "Feature", "geometry": {"type": "Point", "coordinates": [11.331813, 43.947546]}, "properties": {"id": "PF00/0009/G999", "provincia": "FI", "quota": 3.84}}, {"type": "Feature", "geometry": {"type": "Point", "coordinates": [11.258222, 44.01892]}, "properties": {"id": "PF00/0024/D612", "provincia": "FI", "quota": 91.75}}, {"type": "Feature", "geometry": {"type": "Point", "coordinates": [11.027632, 43.573913]}, "properties": {"id": "PF00/0026/I684", "provincia": "FI", "quota": 26.37}}, {"type": "Feature", "geometry": {"type": "Point", "coordinates": [11.17535, 43.543937]}, "properties": {"id": "PF00/0007/I684", "provincia": "FI", "quota": 245.04}}, {"type": "Feature", "geometry": {"type": "Point", "coordinates": [11.376626, 43.548918]}, "properties": {"id": "PF00/0032/D612", "provincia": "FI", "quota": 46.94}}, {"type": "Feature", "geometry": {"type": "Point", "coordinates": [11.354727, 43.968906]}, "properties": {"id": "PF00/0007/I684", "provincia": "FI", "quota": 182.7}}, {"type": "Feature", "geometry": {"type": "Point", "coordinates": [11.049066, 44.017252]}, "properties": {"id": "PF00/0026/G999", "provincia": "FI", "quota": 115.64}}, {"type": "Feature", "geometry": {"type": "Point", "coordinates": [11.359131, 43.618363]}, "properties": {"id": "PF00/0024/I684", "provincia": "FI", "quota": 124.64}}, {"type": "Feature", "geometry": {"type": "Point", "coordinates": [11.260136, 43.809663]}, "properties": {"id": "PF00/0027/B036", "provincia": "FI", "quota": 206.04}}, {"type": "Feature", "geometry": {"type": "Point", "coordinates": [11.391639, 43.659111]}, "properties": {"id": "PF00/0024/B036", "provincia": "FI", "quota": 230.64}}, {"type": "Feature", "geometry": {"type": "Point", "coordinates": [11.141554, 43.777525]}, "properties": {"id": "PF00/0011/I684", "provincia": "FI", "quota": 1.8}}, {"type": "Feature", "geometry": {"type": "Point", "coordinates": [11.46675, 44.006561]}, "properties": {"id": "PF00/0033/G999", "provincia": "FI", "quota": 203.1}}, {"type": "Feature", "geometry": {"type": "Point", "coordinates": [11.478556, 43.692534]}, "properties": {"id": "PF00/0019/I684", "provincia": "FI", "quota": 55.69}}, {"type": "Feature", "geometry": {"type": "Point", "coordinates": [11.460223, 43.825271]}, "properties": {"id": "PF00/0034/D612", "provincia": "FI", "quota": 55.34}}, {"type": "Feature", "geometry": {"type": "Point", "coordinates": [11.217643, 43.857603]}, "properties": {"id": "PF00/0028/G999", "provincia": "FI", "quota": 23.73}}, {"type": "Feature", "geometry": {"type": "Point", "coordinates": [11.430393, 43.92184]}, "properties": {"id": "PF00/0016/I684", "provincia": "FI", "quota": 49.43}}, {"type": "Feature", "geometry": {"type": "Point", "coordinates": [11.455121, 43.575287]}, "properties": {"id": "PF00/0017/D612", "provincia": "FI", "quota": 14.53}}, {"type": "Feature", "geometry": {"type": "Point", "coordinates": [11.217101, 43.660351]}, "properties": {"id": "PF00/0020/B036", "provincia": "FI", "quota": 106.84}}, {"type": "Feature", "geometry": {"type": "Point", "coordinates": [11.216673, 43.98465]}, "properties": {"id": "PF00/0034/I684", "provincia": "FI", "quota": 97.35}}, {"type": "Feature", "geometry": {"type": "Point", "coordinates": [11.293587, 43.590783]}, "properties": {"id": "PF00/0009/I684", "provincia": "FI", "quota": 120.39}}, {"type": "Feature", "geometry": {"type": "Point", "coordinates": [11.029182, 43.727446]}, "properties": {"id": "PF00/0021/I684", "provincia": "FI", "quota": 73.07}}, {"type": "Feature", "geometry": {"type": "Point", "coordinates": [11.03078, 43.836814]}, "properties": {"id": "PF00/0029/D612", "provincia": "FI", "quota": 179.81}}, {"type": "Feature", "geometry": {"type": "Point", "coordinates": [11.166283, 43.626104]}, "properties": {"id": "PF00/0016/I684", "provincia": "FI", "quota": 68.15}}, {"type": "Feature", "geometry": {"type": "Point", "coordinates": [11.089924, 43.614681]}, "properties": {"id": "PF00/0001/I684", "provincia": "FI", "quota": 103.39}}, {"type": "Feature", "geometry": {"type": "Point", "coordinates": [11.123545, 43.986824]}, "properties": {"id": "PF00/0018/D612", "provincia": "FI", "quota": 184.84}}, {"type": "Feature", "geometry": {"type": "Point", "coordinates": [11.35803, 43.854173]}, "properties": {"id": "PF00/0021/I684", "provincia": "FI", "quota": 174.56}}, {"type": "Feature", "geometry": {"type": "Point", "coordinates": [11.462232, 43.538881]}, "properties": {"id": "PF00/0033/G999", "provincia": "FI", "quota": 242.84}}, {"type": "Feature", "geometry": {"type": "Point", "coordinates": [11.073422, 43.862591]}, "properties": {"id": "PF00/0009/G999", "provincia": "FI", "quota": 67.36}}, {"type": "Feature", "geometry": {"type": "Point", "coordinates": [11.027977, 43.955406]}, "properties": {"id": "PF00/0022/B036", "provincia": "FI", "quota": 58.38}}, {"type": "Feature", "geometry": {"type": "Point", "coordinates": [11.351881, 43.620279]}, "properties": {"id": "PF00/0027/I684", "provincia": "FI", "quota": 146.75}}, {"type": "Feature", "geometry": {"type": "Point", "coordinates": [11.088013, 43.763288]}, "properties": {"id": "PF00/0028/B036", "provincia": "FI", "quota": 13.4}}, {"type": "Feature", "geometry": {"type": "Point", "coordinates": [11.207407, 43.553212]}, "properties": {"id": "PF00/0030/D612", "provincia": "FI", "quota": 11.75}}, {"type": "Feature", "geometry": {"type": "Point", "coordinates": [11.357064, 43.545427]}, "properties": {"id": "PF00/0009/D612", "provincia": "FI", "quota": 180.57}}, {"type": "Feature", "geometry": {"type": "Point", "coordinates": [11.177744, 43.703283]}, "properties": {"id": "PF00/0014/D612", "provincia": "FI", "quota": 194.41}}, {"type": "Feature", "geometry": {"type": "Point", "coordinates": [11.383959, 43.867427]}, "properties": {"id": "PF00/0023/G999", "provincia": "FI", "quota": 133.23}}, {"type": "Feature", "geometry": {"type": "Point", "coordinates": [11.438919, 43.627581]}, "properties": {"id": "PF00/0003/B036", "provincia": "FI", "quota": 220.59}}, {"type": "Feature", "geometry": {"type": "Point", "coordinates": [11.478908, 43.735905]}, "properties": {"id": "PF00/0013/I684", "provincia": "FI", "quota": 122.04}}, {"type": "Feature", "geometry": {"type": "Point", "coordinates": [9.346797, 45.386461]}, "properties": {"id": "PF00/0029/L682", "provincia": "MI", "quota": 135.67}}, {"type": "Feature", "geometry": {"type": "Point", "coordinates": [9.209885, 45.328935]}, "properties": {"id": "PF00/0032/L682", "provincia": "MI", "quota": 207.73}}, {"type": "Feature", "geometry": {"type": "Point", "coordinates": [9.068075, 45.479701]}, "properties": {"id": "PF00/0028/L682", "provincia": "MI", "quota": 105.61}}, {"type": "Feature", "geometry": {"type": "Point", "coordinates": [9.30091, 45.178263]}, "properties": {"id": "PF00/0011/D869", "provincia": "MI", "quota": 145.0}}, {"type": "Feature", "geometry": {"type": "Point", "coordinates": [9.170747, 45.381508]}, "properties": {"id": "PF00/0006/L682", "provincia": "MI", "quota": 210.07}}, {"type": "Feature", "geometry": {"type": "Point", "coordinates": [9.173159, 45.610987]}, "properties": {"id": "PF00/0013/F205", "provincia": "MI", "quota": 87.22}}, {"type": "Feature", "geometry": {"type": "Point", "coordinates": [9.291377, 45.271426]}, "properties": {"id": "PF00/0038/D869", "provincia": "MI", "quota": 126.69}}, {"type": "Feature", "geometry": {"type": "Point", "coordinates": [9.075279, 45.27253]}, "properties": {"id": "PF00/0035/F205", "provincia": "MI", "quota": 209.04}}, {"type": "Feature", "geometry": {"type": "Point", "coordinates": [9.398665, 45.428472]}, "properties": {"id": "PF00/0039/F704", "provincia": "MI", "quota": 243.93}}, {"type": "Feature", "geometry": {"type": "Point", "coordinates": [9.408534, 45.1708]}, "properties": {"id": "PF00/0037/D869", "provincia": "MI", "quota": 132.62}}, {"type": "Feature", "geometry": {"type": "Point", "coordinates": [9.424977, 45.256159]}, "properties": {"id": "PF00/0020/D869", "provincia": "MI", "quota": 161.27}}, {"type": "Feature", "geometry": {"type": "Point", "coordinates": [9.284057, 45.58635]}, "properties": {"id": "PF00/0024/D869", "provincia": "MI", "quota": 208.88}}, {"type": "Feature", "geometry": {"type": "Point", "coordinates": [9.081978, 45.573156]}, "properties": {"id": "PF00/0037/D869", "provincia": "MI", "quota": 312.84}}, {"type": "Feature", "geometry": {"type": "Point", "coordinates": [8.968526, 45.249608]}, "properties": {"id": "PF00/0037/D869", "provincia": "MI", "quota": 195.51}}, {"type": "Feature", "geometry": {"type": "Point", "coordinates": [8.959799, 45.610684]}, "properties": {"id": "PF00/0003/F704", "provincia": "MI", "quota": 104.29}}, {"type": "Feature", "geometry": {"type": "Point", "coordinates": [9.397331, 45.655618]}, "properties": {"id": "PF00/0006/F704", "provincia": "MI", "quota": 145.75}}, {"type": "Feature", "geometry": {"type": "Point", "coordinates": [9.321701, 45.461665]}, "properties": {"id": "PF00/0019/D869", "provincia": "MI", "quota": 145.63}}, {"type": "Feature", "geometry": {"type": "Point", "coordinates": [9.140769, 45.191039]}, "properties": {"id": "PF00/0009/F704", "provincia": "MI", "quota": 119.98}}, {"type": "Feature", "geometry": {"type": "Point", "coordinates": [9.090471, 45.67807]}, "properties": {"id": "PF00/0010/L682", "provincia": "MI", "quota": 112.6}}, {"type": "Feature", "geometry": {"type": "Point", "coordinates": [8.956598, 45.491615]}, "properties": {"id": "PF00/0018/L682", "provincia": "MI", "quota": 196.1}}, {"type": "Feature", "geometry": {"type": "Point", "coordinates": [9.027042, 45.210908]}, "properties": {"id": "PF00/0023/D869", "provincia": "MI", "quota": 249.38}}, {"type": "Feature", "geometry": {"type": "Point", "coordinates": [9.30346, 45.425632]}, "properties": {"id": "PF00/0039/F205", "provincia": "MI", "quota": 157.36}}, {"type": "Feature", "geometry": {"type": "Point", "coordinates": [9.079654, 45.599065]}, "properties": {"id": "PF00/0036/D869", "provincia": "MI", "quota": 286.56}}, {"type": "Feature", "geometry": {"type": "Point", "coordinates": [9.012643, 45.268366]}, "properties": {"id": "PF00/0006/L682", "provincia": "MI", "quota": 262.56}}, {"type": "Feature", "geometry": {"type": "Point", "coordinates": [9.105124, 45.597414]}, "properties": {"id": "PF00/0029/F704", "provincia": "MI", "quota": 194.72}}, {"type": "Feature", "geometry": {"type": "Point", "coordinates": [9.104041, 45.626307]}, "properties": {"id": "PF00/0035/F205", "provincia": "MI", "quota": 141.6}}, {"type": "Feature", "geometry": {"type": "Point", "coordinates": [9.400964, 45.5882]}, "properties": {"id": "PF00/0016/D869", "provincia": "MI", "quota": 95.35}}, {"type": "Feature", "geometry": {"type": "Point", "coordinates": [9.342217, 45.31051]}, "properties": {"id": "PF00/0024/F704", "provincia": "MI", "quota": 109.14}}, {"type": "Feature", "geometry": {"type": "Point", "coordinates": [9.310114, 45.259808]}, "properties": {"id": "PF00/0017/D869", "provincia": "MI", "quota": 316.25}}, {"type": "Feature", "geometry": {"type": "Point", "coordinates": [9.300782, 45.311846]}, "properties": {"id": "PF00/0031/L682", "provincia": "MI", "quota": 75.2}}, {"type": "Feature", "geometry": {"type": "Point", "coordinates": [9.098722, 45.35686]}, "properties": {"id": "PF00/0012/D869", "provincia": "MI", "quota": 181.54}}, {"type": "Feature", "geometry": {"type": "Point", "coordinates": [8.997723, 45.379067]}, "properties": {"id": "PF00/0025/F205", "provincia": "MI", "quota": 81.14}}, {"type": "Feature", "geometry": {"type": "Point", "coordinates": [9.273308, 45.410458]}, "properties": {"id": "PF00/0005/D869", "provincia": "MI", "quota": 318.82}}, {"type": "Feature", "geometry": {"type": "Point", "coordinates": [9.042003, 45.51083]}, "properties": {"id": "PF00/0006/F205", "provincia": "MI", "quota": 180.14}}, {"type": "Feature", "geometry": {"type": "Point", "coordinates": [9.36801, 45.598711]}, "properties": {"id": "PF00/0001/F704", "provincia": "MI", "quota": 297.38}}, {"type": "Feature", "geometry": {"type": "Point", "coordinates": [9.37656, 45.366441]}, "properties": {"id": "PF00/0021/F704", "provincia": "MI", "quota": 251.39}}, {"type": "Feature", "geometry": {"type": "Point", "coordinates": [8.954592, 45.575231]}, "properties": {"id": "PF00/0020/F205", "provincia": "MI", "quota": 134.09}}, {"type": "Feature", "geometry": {"type": "Point", "coordinates": [9.414077, 45.206801]}, "properties": {"id": "PF00/0030/F704", "provincia": "MI", "quota": 317.93}}, {"type": "Feature", "geometry": {"type": "Point", "coordinates": [8.931249, 45.361361]}, "properties": {"id": "PF00/0015/D869", "provincia": "MI", "quota": 239.51}}, {"type": "Feature", "geometry": {"type": "Point", "coordinates": [8.9677, 45.334421]}, "properties": {"id": "PF00/0003/D869", "provincia": "MI", "quota": 231.46}}, {"type": "Feature", "geometry": {"type": "Point", "coordinates": [9.36991, 45.424909]}, "properties": {"id": "PF00/0032/L682", "provincia": "MI", "quota": 110.97}}, {"type": "Feature", "geometry": {"type": "Point", "coordinates": [9.372529, 45.464833]}, "properties": {"id": "PF00/0023/L682", "provincia": "MI", "quota": 171.06}}, {"type": "Feature", "geometry": {"type": "Point", "coordinates": [9.041988, 45.231868]}, "properties": {"id": "PF00/0019/D869", "provincia": "MI", "quota": 98.19}}, {"type": "Feature", "geometry": {"type": "Point", "coordinates": [9.083981, 45.24173]}, "properties": {"id": "PF00/0019/F704", "provincia": "MI", "quota": 161.53}}, {"type": "Feature", "geometry": {"type": "Point", "coordinates": [8.942706, 45.699695]}, "properties": {"id": "PF00/0015/F205", "provincia": "MI", "quota": 84.98}}, {"type": "Feature", "geometry": {"type": "Point", "coordinates": [9.25139, 45.653489]}, "properties": {"id": "PF00/0016/F205", "provincia": "MI", "quota": 94.15}}, {"type": "Feature", "geometry": {"type": "Point", "coordinates": [9.240012, 45.694382]}, "properties": {"id": "PF00/0012/F704", "provincia": "MI", "quota": 266.71}}, {"type": "Feature", "geometry": {"type": "Point", "coordinates": [8.99978, 45.261667]}, "properties": {"id": "PF00/0002/L682", "provincia": "MI", "quota": 278.69}}, {"type": "Feature", "geometry": {"type": "Point", "coordinates": [9.391193, 45.414942]}, "properties": {"id": "PF00/0031/L682", "provincia": "MI", "quota": 253.55}}, {"type": "Feature", "geometry": {"type": "Point", "coordinates": [9.370233, 45.598933]}, "properties": {"id": "PF00/0023/F704", "provincia": "MI", "quota": 246.72}}, {"type": "Feature", "geometry": {"type": "Point", "coordinates": [9.218949, 45.657812]}, "properties": {"id": "PF00/0038/F205", "provincia": "MI", "quota": 230.72}}, {"type": "Feature", "geometry": {"type": "Point", "coordinates": [9.182282, 45.397793]}, "properties": {"id": "PF00/0022/F704", "provincia": "MI", "quota": 225.41}}, {"type": "Feature", "geometry": {"type": "Point", "coordinates": [9.311626, 45.181698]}, "properties": {"id": "PF00/0018/L682", "provincia": "MI", "quota": 261.02}}, {"type": "Feature", "geometry": {"type": "Point", "coordinates": [9.020867, 45.703206]}, "properties": {"id": "PF00/0020/L682", "provincia": "MI", "quota": 180.31}}, {"type": "Feature", "geometry": {"type": "Point", "coordinates": [9.163413, 45.45336]}, "properties": {"id": "PF00/0017/L682", "provincia": "MI", "quota": 292.18}}, {"type": "Feature", "geometry": {"type": "Point", "coordinates": [8.923748, 45.410126]}, "properties": {"id": "PF00/0032/F205", "provincia": "MI", "quota": 250.55}}, {"type": "Feature", "geometry": {"type": "Point", "coordinates": [9.103402, 45.559564]}, "properties": {"id": "PF00/0032/F205", "provincia": "MI", "quota": 226.68}}, {"type": "Feature", "geometry": {"type": "Point", "coordinates": [9.399756, 45.615463]}, "properties": {"id": "PF00/0012/F704", "provincia": "MI", "quota": 101.54}}, {"type": "Feature", "geometry": {"type": "Point", "coordinates": [9.138364, 45.527223]}, "properties": {"id": "PF00/0022/F704", "provincia": "MI", "quota": 86.66}}, {"type": "Feature", "geometry": {"type": "Point", "coordinates": [9.225872, 45.459817]}, "properties": {"id": "PF00/0023/F205", "provincia": "MI", "quota": 170.98}}, {"type": "Feature", "geometry": {"type": "Point", "coordinates": [8.95352, 45.356025]}, "properties": {"id": "PF00/0038/L682", "provincia": "MI", "quota": 124.38}}, {"type": "Feature", "geometry": {"type": "Point", "coordinates": [9.202099, 45.634364]}, "properties": {"id": "PF00/0015/F205", "provincia": "MI", "quota": 256.79}}, {"type": "Feature", "geometry": {"type": "Point", "coordinates": [9.224431, 45.260423]}, "properties": {"id": "PF00/0001/D869", "provincia": "MI", "quota": 163.47}}, {"type": "Feature", "geometry": {"type": "Point", "coordinates": [8.975467, 45.568255]}, "properties": {"id": "PF00/0020/L682", "provincia": "MI", "quota": 125.61}}, {"type": "Feature", "geometry": {"type": "Point", "coordinates": [8.975021, 45.473202]}, "properties": {"id": "PF00/0022/F704", "provincia": "MI", "quota": 77.72}}, {"type": "Feature", "geometry": {"type": "Point", "coordinates": [9.236092, 45.335612]}, "properties": {"id": "PF00/0014/D869", "provincia": "MI", "quota": 302.5}}, {"type": "Feature", "geometry": {"type": "Point", "coordinates": [8.947781, 45.648501]}, "properties": {"id": "PF00/0037/F704", "provincia": "MI", "quota": 240.49}}, {"type": "Feature", "geometry": {"type": "Point", "coordinates": [9.118398, 45.536953]}, "properties": {"id": "PF00/0037/L682", "provincia": "MI", "quota": 167.87}}, {"type": "Feature", "geometry": {"type": "Point", "coordinates": [9.413671, 45.58348]}, "properties": {"id": "PF00/0004/F205", "provincia": "MI", "quota": 267.32}}, {"type": "Feature", "geometry": {"type": "Point", "coordinates": [9.265356, 45.281894]}, "properties": {"id": "PF00/0010/F704", "provincia": "MI", "quota": 223.51}}, {"type": "Feature", "geometry": {"type": "Point", "coordinates": [9.047218, 45.700848]}, "properties": {"id": "PF00/0037/F205", "provincia": "MI", "quota": 266.84}}, {"type": "Feature", "geometry": {"type": "Point", "coordinates": [9.111868, 45.328235]}, "properties": {"id": "PF00/0003/L682", "provincia": "MI", "quota": 135.47}}, {"type": "Feature", "geometry": {"type": "Point", "coordinates": [9.236693, 45.265793]}, "properties": {"id": "PF00/0027/F205", "provincia": "MI", "quota": 303.49}}, {"type": "Feature", "geometry": {"type": "Point", "coordinates": [8.975508, 45.478724]}, "properties": {"id": "PF00/0021/L682", "provincia": "MI", "quota": 83.79}}, {"type": "Feature", "geometry": {"type": "Point", "coordinates": [9.148273, 45.376061]}, "properties": {"id": "PF00/0002/L682", "provincia": "MI", "quota": 268.74}}, {"type": "Feature", "geometry": {"type": "Point", "coordinates": [8.933482, 45.258904]}, "properties": {"id": "PF00/0033/L682", "provincia": "MI", "quota": 277.27}}, {"type": "Feature", "geometry": {"type": "Point", "coordinates": [9.035867, 45.338486]}, "properties": {"id": "PF00/0007/D869", "provincia": "MI", "quota": 242.82}}, {"type": "Feature", "geometry": {"type": "Point", "coordinates": [9.039669, 45.555092]}, "properties": {"id": "PF00/0014/F205", "provincia": "MI", "quota": 134.14}}, {"type": "Feature", "geometry": {"type": "Point", "coordinates": [9.284005, 45.2102]}, "properties": {"id": "PF00/0014/D869", "provincia": "MI", "quota": 167.16}}, {"type": "Feature", "geometry": {"type": "Point", "coordinates": [9.078938, 45.598208]}, "properties": {"id": "PF00/0021/F704", "provincia": "MI", "quota": 102.97}}, {"type": "Feature", "geometry": {"type": "Point", "coordinates": [8.975535, 45.602846]}, "properties": {"id": "PF00/0030/L682", "provincia": "MI", "quota": 312.65}}, {"type": "Feature", "geometry": {"type": "Point", "coordinates": [9.280884, 45.706487]}, "properties": {"id": "PF00/0022/L682", "provincia": "MI", "quota": 131.81}}, {"type": "Feature", "geometry": {"type": "Point", "coordinates": [8.943978, 45.381783]}, "properties": {"id": "PF00/0013/F704", "provincia": "MI", "quota": 93.08}}, {"type": "Feature", "geometry": {"type": "Point", "coordinates": [9.164168, 45.23437]}, "properties": {"id": "PF00/0032/L682", "provincia": "MI", "quota": 243.77}}, {"type": "Feature", "geometry": {"type": "Point", "coordinates": [9.333909, 45.42145]}, "properties": {"id": "PF00/0035/L682", "provincia": "MI", "quota": 133.85}}, {"type": "Feature", "geometry": {"type": "Point", "coordinates": [9.369863, 45.309072]}, "properties": {"id": "PF00/0032/F205", "provincia": "MI", "quota": 154.95}}, {"type": "Feature", "geometry": {"type": "Point", "coordinates": [9.26064, 45.529739]}, "properties": {"id": "PF00/0018/L682", "provincia": "MI", "quota": 290.21}}, {"type": "Feature", "geometry": {"type": "Point", "coordinates": [9.283703, 45.396922]}, "properties": {"id": "PF00/0034/F205", "provincia": "MI", "quota": 266.68}}, {"type": "Feature", "geometry": {"type": "Point", "coordinates": [9.336745, 45.430511]}, "properties": {"id": "PF00/0027/L682", "provincia": "MI", "quota": 120.87}}, {"type": "Feature", "geometry": {"type": "Point", "coordinates": [9.132325, 45.223007]}, "properties": {"id": "PF00/0014/D869", "provincia": "MI", "quota": 204.83}}, {"type": "Feature", "geometry": {"type": "Point", "coordinates": [9.251303, 45.653519]}, "properties": {"id": "PF00/0024/F205", "provincia": "MI", "quota": 196.56}}, {"type": "Feature", "geometry": {"type": "Point", "coordinates": [9.00719, 45.446733]}, "properties": {"id": "PF00/0009/F704", "provincia": "MI", "quota": 299.77}}, {"type": "Feature", "geometry": {"type": "Point", "coordinates": [9.116437, 45.336745]}, "properties": {"id": "PF00/0019/D869", "provincia": "MI", "quota": 159.81}}, {"type": "Feature", "geometry": {"type": "Point", "coordinates": [9.262152, 45.236818]}, "properties": {"id": "PF00/0037/D869", "provincia": "MI", "quota": 319.78}}, {"type": "Feature", "geometry": {"type": "Point", "coordinates": [9.07812, 45.32571]}, "properties": {"id": "PF00/0021/L682", "provincia": "MI", "quota": 204.44}}, {"type": "Feature", "geometry": {"type": "Point", "coordinates": [9.332014, 45.410213]}, "properties": {"id": "PF00/0016/L682", "provincia": "MI", "quota": 272.35}}, {"type": "Feature", "geometry": {"type": "Point", "coordinates": [9.426758, 45.326399]}, "properties": {"id": "PF00/0014/F205", "provincia": "MI", "quota": 240.25}}, {"type": "Feature", "geometry": {"type": "Point", "coordinates": [9.015264, 45.187038]}, "properties": {"id": "PF00/0007/D869", "provincia": "MI", "quota": 317.64}}, {"type": "Feature", "geometry": {"type": "Point", "coordinates": [9.29394, 45.505064]}, "properties": {"id": "PF00/0004/D869", "provincia": "MI", "quota": 183.62}}, {"type": "Feature", "geometry": {"type": "Point", "coordinates": [9.357554, 45.252084]}, "properties": {"id": "PF00/0005/L682", "provincia": "MI", "quota": 248.28}}, {"type": "Feature", "geometry": {"type": "Point", "coordinates": [9.290765, 45.638541]}, "properties": {"id": "PF00/0010/F704", "provincia": "MI", "quota": 312.99}}, {"type": "Feature", "geometry": {"type": "Point", "coordinates": [9.079932, 45.180844]}, "properties": {"id": "PF00/0032/F205", "provincia": "MI", "quota": 314.29}}, {"type": "Feature", "geometry": {"type": "Point", "coordinates": [9.223033, 45.474019]}, "properties": {"id": "PF00/0028/F205", "provincia": "MI", "quota": 99.0}}, {"type": "Feature", "geometry": {"type": "Point", "coordinates": [9.420457, 45.445481]}, "properties": {"id": "PF00/0022/F205", "provincia": "MI", "quota": 209.31}}, {"type": "Feature", "geometry": {"type": "Point", "coordinates": [9.199575, 45.489243]}, "properties": {"id": "PF00/0010/D869", "provincia": "MI", "quota": 280.67}}, {"type": "Feature", "geometry": {"type": "Point", "coordinates": [9.41624, 45.216654]}, "properties": {"id": "PF00/0020/F205", "provincia": "MI", "quota": 143.74}}, {"type": "Feature", "geometry": {"type": "Point", "coordinates": [9.176469, 45.365702]}, "properties": {"id": "PF00/0024/D869", "provincia": "MI", "quota": 86.95}}, {"type": "Feature", "geometry": {"type": "Point", "coordinates": [9.294912, 45.652971]}, "properties": {"id": "PF00/0015/L682", "provincia": "MI", "quota": 99.47}}, {"type": "Feature", "geometry": {"type": "Point", "coordinates": [8.944724, 45.710863]}, "properties": {"id": "PF00/0031/F205", "provincia": "MI", "quota": 156.32}}, {"type": "Feature", "geometry": {"type": "Point", "coordinates": [9.071307, 45.174231]}, "properties": {"id": "PF00/0013/D869", "provincia": "MI", "quota": 129.95}}, {"type": "Feature", "geometry": {"type": "Point", "coordinates": [9.288018, 45.282152]}, "properties": {"id": "PF00/0004/F704", "provincia": "MI", "quota": 121.48}}, {"type": "Feature", "geometry": {"type": "Point", "coordinates": [8.972182, 45.365559]}, "properties": {"id": "PF00/0030/F704", "provincia": "MI", "quota": 288.84}}, {"type": "Feature", "geometry": {"type": "Point", "coordinates": [8.951538, 45.331861]}, "properties": {"id": "PF00/0015/L682", "provincia": "MI", "quota": 99.15}}, {"type": "Feature", "geometry": {"type": "Point", "coordinates": [8.936883, 45.652463]}, "properties": {"id": "PF00/0022/F205", "provincia": "MI", "quota": 117.05}}, {"type": "Feature", "geometry": {"type": "Point", "coordinates": [9.129675, 45.229305]}, "properties": {"id": "PF00/0025/L682", "provincia": "MI", "quota": 95.98}}, {"type": "Feature", "geometry": {"type": "Point", "coordinates": [9.01987, 45.216265]}, "properties": {"id": "PF00/0009/L682", "provincia": "MI", "quota": 299.47}}, {"type": "Feature", "geometry": {"type": "Point", "coordinates": [9.297228, 45.430973]}, "properties": {"id": "PF00/0023/L682", "provincia": "MI", "quota": 173.85}}, {"type": "Feature", "geometry": {"type": "Point", "coordinates": [8.941008, 45.442536]}, "properties": {"id": "PF00/0017/F704", "provincia": "MI", "quota": 198.51}}, {"type": "Feature", "geometry": {"type": "Point", "coordinates": [9.279822, 45.690038]}, "properties": {"id": "PF00/0025/D869", "provincia": "MI", "quota": 208.9}}, {"type": "Feature", "geometry": {"type": "Point", "coordinates": [9.040965, 45.206616]}, "properties": {"id": "PF00/0024/F704", "provincia": "MI", "quota": 108.44}}, {"type": "Feature", "geometry": {"type": "Point", "coordinates": [9.423387, 45.35023]}, "properties": {"id": "PF00/0029/F704", "provincia": "MI", "quota": 195.24}}, {"type": "Feature", "geometry": {"type": "Point", "coordinates": [9.097421, 45.519094]}, "properties": {"id": "PF00/0010/L682", "provincia": "MI", "quota": 226.27}}, {"type": "Feature", "geometry": {"type": "Point", "coordinates": [9.187767, 45.180232]}, "properties": {"id": "PF00/0024/F205", "provincia": "MI", "quota": 312.79}}, {"type": "Feature", "geometry": {"type": "Point", "coordinates": [9.24254, 45.343968]}, "properties": {"id": "PF00/0003/F205", "provincia": "MI", "quota": 133.88}}, {"type": "Feature", "geometry": {"type": "Point", "coordinates": [9.001985, 45.54928]}, "properties": {"id": "PF00/0001/D869", "provincia": "MI", "quota": 296.18}}, {"type": "Feature", "geometry": {"type": "Point", "coordinates": [9.227103, 45.241381]}, "properties": {"id": "PF00/0021/D869", "provincia": "MI", "quota": 83.95}}, {"type": "Feature", "geometry": {"type": "Point", "coordinates": [9.020349, 45.279337]}, "properties": {"id": "PF00/0002/F205", "provincia": "MI", "quota": 81.32}}, {"type": "Feature", "geometry": {"type": "Point", "coordinates": [9.097652, 45.472954]}, "properties": {"id": "PF00/0032/F704", "provincia": "MI", "quota": 115.45}}, {"type": "Feature", "geometry": {"type": "Point", "coordinates": [9.061136, 45.296576]}, "properties": {"id": "PF00/0015/F704", "provincia": "MI", "quota": 93.59}}, {"type": "Feature", "geometry": {"type": "Point", "coordinates": [9.049974, 45.57045]}, "properties": {"id": "PF00/0034/F704", "provincia": "MI", "quota": 292.41}}, {"type": "Feature", "geometry": {"type": "Point", "coordinates": [8.952527, 45.646984]}, "properties": {"id": "PF00/0007/F205", "provincia": "MI", "quota": 167.44}}, {"type": "Feature", "geometry": {"type": "Point", "coordinates": [9.127444, 45.185132]}, "properties": {"id": "PF00/0027/F704", "provincia": "MI", "quota": 146.08}}, {"type": "Feature", "geometry": {"type": "Point", "coordinates": [9.308615, 45.565386]}, "properties": {"id": "PF00/0006/F205", "provincia": "MI", "quota": 154.69}}, {"type": "Feature", "geometry": {"type": "Point", "coordinates": [9.098519, 45.357205]}, "properties": {"id": "PF00/0039/F704", "provincia": "MI", "quota": 280.87}}, {"type": "Feature", "geometry": {"type": "Point", "coordinates": [9.161668, 45.295418]}, "properties": {"id": "PF00/0022/L682", "provincia": "MI", "quota": 137.81}}, {"type": "Feature", "geometry": {"type": "Point", "coordinates": [9.161874, 45.439243]}, "properties": {"id": "PF00/0031/F205", "provincia": "MI", "quota": 150.86}}, {"type": "Feature", "geometry": {"type": "Point", "coordinates": [9.227293, 45.250749]}, "properties": {"id": "PF00/0026/F704", "provincia": "MI", "quota": 81.78}}, {"type": "Feature", "geometry": {"type": "Point", "coordinates": [8.976218, 45.17423]}, "properties": {"id": "PF00/0014/F704", "provincia": "MI", "quota": 288.4}}, {"type": "Feature", "geometry": {"type": "Point", "coordinates": [9.162311, 45.62335]}, "properties": {"id": "PF00/0008/F704", "provincia": "MI", "quota": 158.07}}, {"type": "Feature", "geometry": {"type": "Point", "coordinates": [9.428455, 45.682424]}, "properties": {"id": "PF00/0009/D869", "provincia": "MI", "quota": 232.81}}, {"type": "Feature", "geometry": {"type": "Point", "coordinates": [9.172471, 45.474891]}, "properties": {"id": "PF00/0019/D869", "provincia": "MI", "quota": 152.51}}, {"type": "Feature", "geometry": {"type": "Point", "coordinates": [9.376235, 45.20807]}, "properties": {"id": "PF00/0008/F205", "provincia": "MI", "quota": 215.49}}, {"type": "Feature", "geometry": {"type": "Point", "coordinates": [8.934137, 45.675828]}, "properties": {"id": "PF00/0034/D869", "provincia": "MI", "quota": 79.69}}, {"type": "Feature", "geometry": {"type": "Point", "coordinates": [8.950419, 45.332434]}, "properties": {"id": "PF00/0039/L682", "provincia": "MI", "quota": 289.43}}, {"type": "Feature", "geometry": {"type": "Point", "coordinates": [9.136218, 45.699318]}, "properties": {"id": "PF00/0020/L682", "provincia": "MI", "quota": 169.72}}, {"type": "Feature", "geometry": {"type": "Point", "coordinates": [9.125573, 45.643327]}, "properties": {"id": "PF00/0001/F205", "provincia": "MI", "quota": 82.76}}, {"type": "Feature", "geometry": {"type": "Point", "coordinates": [8.957676, 45.325523]}, "properties": {"id": "PF00/0032/D869", "provincia": "MI", "quota": 169.72}}, {"type": "Feature", "geometry": {"type": "Point", "coordinates": [9.009495, 45.650745]}, "properties": {"id": "PF00/0039/F205", "provincia": "MI", "quota": 285.32}}, {"type": "Feature", "geometry": {"type": "Point", "coordinates": [9.272599, 45.464212]}, "properties": {"id": "PF00/0012/F704", "provincia": "MI", "quota": 292.05}}, {"type": "Feature", "geometry": {"type": "Point", "coordinates": [9.141104, 45.564669]}, "properties": {"id": "PF00/0013/F704", "provincia": "MI", "quota": 96.82}}, {"type": "Feature", "geometry": {"type": "Point", "coordinates": [9.204228, 45.501606]}, "properties": {"id": "PF00/0005/D869", "provincia": "MI", "quota": 173.78}}, {"type": "Feature", "geometry": {"type": "Point", "coordinates": [9.135172, 45.650686]}, "properties": {"id": "PF00/0031/F704", "provincia": "MI", "quota": 183.29}}, {"type": "Feature", "geometry": {"type": "Point", "coordinates": [9.372068, 45.443969]}, "properties": {"id": "PF00/0036/F704", "provincia": "MI", "quota": 202.42}}, {"type": "Feature", "geometry": {"type": "Point", "coordinates": [8.985694, 45.253731]}, "properties": {"id": "PF00/0009/F205", "provincia": "MI", "quota": 114.64}}, {"type": "Feature", "geometry": {"type": "Point", "coordinates": [9.262157, 45.518144]}, "properties": {"id": "PF00/0031/F704", "provincia": "MI", "quota": 163.44}}, {"type": "Feature", "geometry": {"type": "Point", "coordinates": [9.341223, 45.381647]}, "properties": {"id": "PF00/0031/F704", "provincia": "MI", "quota": 84.94}}, {"type": "Feature", "geometry": {"type": "Point", "coordinates": [8.925189, 45.674283]}, "properties": {"id": "PF00/0010/F205", "provincia": "MI", "quota": 273.33}}, {"type": "Feature", "geometry": {"type": "Point", "coordinates": [9.291552, 45.500675]}, "properties": {"id": "PF00/0032/L682", "provincia": "MI", "quota": 101.27}}, {"type": "Feature", "geometry": {"type": "Point", "coordinates": [9.01468, 45.270902]}, "properties": {"id": "PF00/0022/F704", "provincia": "MI", "quota": 153.72}}, {"type": "Feature", "geometry": {"type": "Point", "coordinates": [9.142991, 45.41536]}, "properties": {"id": "PF00/0010/F704", "provincia": "MI", "quota": 81.18}}, {"type": "Feature", "geometry": {"type": "Point", "coordinates": [9.365461, 45.659376]}, "properties": {"id": "PF00/0011/L682", "provincia": "MI", "quota": 302.99}}, {"type": "Feature", "geometry": {"type": "Point", "coordinates": [9.239667, 45.503812]}, "properties": {"id": "PF00/0036/F205", "provincia": "MI", "quota": 89.33}}, {"type": "Feature", "geometry": {"type": "Point", "coordinates": [9.097704, 45.378756]}, "properties": {"id": "PF00/0012/F205", "provincia": "MI", "quota": 80.26}}, {"type": "Feature", "geometry": {"type": "Point", "coordinates": [9.08638, 45.35082]}, "properties": {"id": "PF00/0034/L682", "provincia": "MI", "quota": 126.5}}, {"type": "Feature", "geometry": {"type": "Point", "coordinates": [9.166787, 45.538861]}, "properties": {"id": "PF00/0022/F704", "provincia": "MI", "quota": 139.12}}, {"type": "Feature", "geometry": {"type": "Point", "coordinates": [9.154157, 45.5531]}, "properties": {"id": "PF00/0014/F205", "provincia": "MI", "quota": 225.64}}, {"type": "Feature", "geometry": {"type": "Point", "coordinates": [9.379065, 45.5384]}, "properties": {"id": "PF00/0024/D869", "provincia": "MI", "quota": 131.35}}, {"type": "Feature", "geometry": {"type": "Point", "coordinates": [9.023183, 45.399727]}, "properties": {"id": "PF00/0006/F704", "provincia": "MI", "quota": 215.83}}, {"type": "Feature", "geometry": {"type": "Point", "coordinates": [9.308029, 45.477823]}, "properties": {"id": "PF00/0003/L682", "provincia": "MI", "quota": 289.92}}, {"type": "Feature", "geometry": {"type": "Point", "coordinates": [9.260064, 45.560081]}, "properties": {"id": "PF00/0036/L682", "provincia": "MI", "quota": 313.75}}, {"type": "Feature", "geometry": {"type": "Point", "coordinates": [9.082591, 45.430316]}, "properties": {"id": "PF00/0019/F205", "provincia": "MI", "quota": 127.54}}, {"type": "Feature", "geometry": {"type": "Point", "coordinates": [9.324888, 45.188303]}, "properties": {"id": "PF00/0021/F704", "provincia": "MI", "quota": 190.35}}, {"type": "Feature", "geometry": {"type": "Point", "coordinates": [9.076698, 45.602553]}, "properties": {"id": "PF00/0032/F205", "provincia": "MI", "quota": 265.75}}, {"type": "Feature", "geometry": {"type": "Point", "coordinates": [9.314998, 45.683713]}, "properties": {"id": "PF00/0005/F205", "provincia": "MI", "quota": 268.46}}, {"type": "Feature", "geometry": {"type": "Point", "coordinates": [9.10691, 45.186025]}, "properties": {"id": "PF00/0009/L682", "provincia": "MI", "quota": 165.4}}, {"type": "Feature", "geometry": {"type": "Point", "coordinates": [8.928087, 45.629503]}, "properties": {"id": "PF00/0016/L682", "provincia": "MI", "quota": 253.37}}, {"type": "Feature", "geometry": {"type": "Point", "coordinates": [9.198853, 45.47716]}, "properties": {"id": "PF00/0020/D869", "provincia": "MI", "quota": 93.89}}, {"type": "Feature", "geometry": {"type": "Point", "coordinates": [9.1801, 45.203321]}, "properties": {"id": "PF00/0001/F205", "provincia": "MI", "quota": 287.91}}, {"type": "Feature", "geometry": {"type": "Point", "coordinates": [9.202371, 45.414705]}, "properties": {"id": "PF00/0009/D869", "provincia": "MI", "quota": 94.09}}, {"type": "Feature", "geometry": {"type": "Point", "coordinates": [9.03307, 45.221069]}, "properties": {"id": "PF00/0026/L682", "provincia": "MI", "quota": 113.76}}, {"type": "Feature", "geometry": {"type": "Point", "coordinates": [9.04495, 45.650018]}, "properties": {"id": "PF00/0027/F704", "provincia": "MI", "quota": 158.39}}, {"type": "Feature", "geometry": {"type": "Point", "coordinates": [9.297918, 45.2713]}, "properties": {"id": "PF00/0013/F704", "provincia": "MI", "quota": 126.81}}, {"type": "Feature", "geometry": {"type": "Point", "coordinates": [9.059282, 45.366856]}, "properties": {"id": "PF00/0015/D869", "provincia": "MI", "quota": 119.87}}, {"type": "Feature", "geometry": {"type": "Point", "coordinates": [9.056963, 45.298012]}, "properties": {"id": "PF00/0029/L682", "provincia": "MI", "quota": 122.8}}, {"type": "Feature", "geometry": {"type": "Point", "coordinates": [9.230782, 45.291661]}, "properties": {"id": "PF00/0024/L682", "provincia": "MI", "quota": 157.41}}, {"type": "Feature", "geometry": {"type": "Point", "coordinates": [9.055826, 45.430183]}, "properties": {"id": "PF00/0037/L682", "provincia": "MI", "quota": 142.08}}, {"type": "Feature", "geometry": {"type": "Point", "coordinates": [9.306597, 45.589077]}, "properties": {"id": "PF00/0025/D869", "provincia": "MI", "quota": 246.62}}, {"type": "Feature", "geometry": {"type": "Point", "coordinates": [9.26323, 45.482739]}, "properties": {"id": "PF00/0014/L682", "provincia": "MI", "quota": 216.41}}, {"type": "Feature", "geometry": {"type": "Point", "coordinates": [9.360408, 45.513614]}, "properties": {"id": "PF00/0007/F205", "provincia": "MI", "quota": 84.8}}, {"type": "Feature", "geometry": {"type": "Point", "coordinates": [9.421898, 45.329385]}, "properties": {"id": "PF00/0023/F704", "provincia": "MI", "quota": 199.14}}, {"type": "Feature", "geometry": {"type": "Point", "coordinates": [9.276021, 45.49323]}, "properties": {"id": "PF00/0009/D869", "provincia": "MI", "quota": 282.82}}, {"type": "Feature", "geometry": {"type": "Point", "coordinates": [9.346117, 45.546106]}, "properties": {"id": "PF00/0017/F205", "provincia": "MI", "quota": 127.98}}, {"type": "Feature", "geometry": {"type": "Point", "coordinates": [9.210685, 45.318094]}, "properties": {"id": "PF00/0025/F205", "provincia": "MI", "quota": 262.42}}, {"type": "Feature", "geometry": {"type": "Point", "coordinates": [9.200435, 45.46692]}, "properties": {"id": "PF00/0015/F205", "provincia": "MI", "quota": 90.29}}, {"type": "Feature", "geometry": {"type": "Point", "coordinates": [9.384637, 45.178125]}, "properties": {"id": "PF00/0002/L682", "provincia": "MI", "quota": 179.87}}, {"type": "Feature", "geometry": {"type": "Point", "coordinates": [9.130693, 45.324618]}, "properties": {"id": "PF00/0007/F205", "provincia": "MI", "quota": 318.71}}, {"type": "Feature", "geometry": {"type": "Point", "coordinates": [9.406159, 45.275342]}, "properties": {"id": "PF00/0017/D869", "provincia": "MI", "quota": 173.72}}, {"type": "Feature", "geometry": {"type": "Point", "coordinates": [9.146208, 45.228991]}, "properties": {"id": "PF00/0014/F205", "provincia": "MI", "quota": 303.73}}, {"type": "Feature", "geometry": {"type": "Point", "coordinates": [8.995591, 45.482696]}, "properties": {"id": "PF00/0030/D869", "provincia": "MI", "quota": 287.91}}, {"type": "Feature", "geometry": {"type": "Point", "coordinates": [8.971387, 45.299568]}, "properties": {"id": "PF00/0005/F704", "provincia": "MI", "quota": 238.47}}, {"type": "Feature", "geometry": {"type": "Point", "coordinates": [9.0034, 45.206515]}, "properties": {"id": "PF00/0008/F205", "provincia": "MI", "quota": 246.34}}, {"type": "Feature", "geometry": {"type": "Point", "coordinates": [8.928968, 45.18479]}, "properties": {"id": "PF00/0026/L682", "provincia": "MI", "quota": 164.01}}, {"type": "Feature", "geometry": {"type": "Point", "coordinates": [9.119478, 45.327082]}, "properties": {"id": "PF00/0011/L682", "provincia": "MI", "quota": 305.98}}, {"type": "Feature", "geometry": {"type": "Point", "coordinates": [9.064832, 45.679296]}, "properties": {"id": "PF00/0031/L682", "provincia": "MI", "quota": 149.29}}, {"type": "Feature", "geometry": {"type": "Point", "coordinates": [9.21016, 45.608952]}, "properties": {"id": "PF00/0008/D869", "provincia": "MI", "quota": 174.82}}, {"type": "Feature", "geometry": {"type": "Point", "coordinates": [9.344218, 45.596284]}, "properties": {"id": "PF00/0027/L682", "provincia": "MI", "quota": 254.46}}, {"type": "Feature", "geometry": {"type": "Point", "coordinates": [9.189953, 45.634574]}, "properties": {"id": "PF00/0016/D869", "provincia": "MI", "quota": 284.97}}, {"type": "Feature", "geometry": {"type": "Point", "coordinates": [9.117783, 45.392378]}, "properties": {"id": "PF00/0036/L682", "provincia": "MI", "quota": 198.01}}, {"type": "Feature", "geometry": {"type": "Point", "coordinates": [9.09788, 45.313544]}, "properties": {"id": "PF00/0029/D869", "provincia": "MI", "quota": 203.86}}, {"type": "Feature", "geometry": {"type": "Point", "coordinates": [9.242685, 45.625087]}, "properties": {"id": "PF00/0018/L682", "provincia": "MI", "quota": 82.96}}, {"type": "Feature", "geometry": {"type": "Point", "coordinates": [9.253348, 45.262294]}, "properties": {"id": "PF00/0036/F704", "provincia": "MI", "quota": 300.89}}, {"type": "Feature", "geometry": {"type": "Point", "coordinates": [9.013093, 45.25577]}, "properties": {"id": "PF00/0014/D869", "provincia": "MI", "quota": 287.3}}, {"type": "Feature", "geometry": {"type": "Point", "coordinates": [9.052349, 45.24192]}, "properties": {"id": "PF00/0006/F205", "provincia": "MI", "quota": 260.86}}, {"type": "Feature", "geometry": {"type": "Point", "coordinates": [9.233448, 45.284009]}, "properties": {"id": "PF00/0019/F704", "provincia": "MI", "quota": 203.61}}, {"type": "Feature", "geometry": {"type": "Point", "coordinates": [9.125177, 45.670094]}, "properties": {"id": "PF00/0015/D869", "provincia": "MI", "quota": 128.92}}, {"type": "Feature", "geometry": {"type": "Point", "coordinates": [9.124306, 45.394449]}, "properties": {"id": "PF00/0023/D869", "provincia": "MI", "quota": 219.23}}, {"type": "Feature", "geometry": {"type": "Point", "coordinates": [9.2527, 45.62022]}, "properties": {"id": "PF00/0019/D869", "provincia": "MI", "quota": 198.29}}, {"type": "Feature", "geometry": {"type": "Point", "coordinates": [9.377886, 45.681883]}, "properties": {"id": "PF00/0002/D869", "provincia": "MI", "quota": 254.62}}, {"type": "Feature", "geometry": {"type": "Point", "coordinates": [9.259652, 45.25652]}, "properties": {"id": "PF00/0012/D869", "provincia": "MI", "quota": 87.47}}, {"type": "Feature", "geometry": {"type": "Point", "coordinates": [9.397048, 45.587406]}, "properties": {"id": "PF00/0028/F205", "provincia": "MI", "quota": 85.28}}, {"type": "Feature", "geometry": {"type": "Point", "coordinates": [9.279589, 45.430783]}, "properties": {"id": "PF00/0010/L682", "provincia": "MI", "quota": 254.65}}, {"type": "Feature", "geometry": {"type": "Point", "coordinates": [9.097229, 45.341661]}, "properties": {"id": "PF00/0002/F704", "provincia": "MI", "quota": 83.12}}, {"type": "Feature", "geometry": {"type": "Point", "coordinates": [9.019239, 45.394728]}, "properties": {"id": "PF00/0023/F205", "provincia": "MI", "quota": 150.6}}, {"type": "Feature", "geometry": {"type": "Point", "coordinates": [9.092785, 45.596261]}, "properties": {"id": "PF00/0029/F205", "provincia": "MI", "quota": 161.49}}, {"type": "Feature", "geometry": {"type": "Point", "coordinates": [8.955249, 45.395925]}, "properties": {"id": "PF00/0027/D869", "provincia": "MI", "quota": 224.15}}, {"type": "Feature", "geometry": {"type": "Point", "coordinates": [9.094366, 45.534315]}, "properties": {"id": "PF00/0021/L682", "provincia": "MI", "quota": 158.32}}, {"type": "Feature", "geometry": {"type": "Point", "coordinates": [9.033001, 45.337996]}, "properties": {"id": "PF00/0036/D869", "provincia": "MI", "quota": 169.0}}, {"type": "Feature", "geometry": {"type": "Point", "coordinates": [9.256943, 45.409245]}, "properties": {"id": "PF00/0033/L682", "provincia": "MI", "quota": 304.62}}, {"type": "Feature", "geometry": {"type": "Point", "coordinates": [9.161301, 45.297675]}, "properties": {"id": "PF00/0025/F704", "provincia": "MI", "quota": 76.88}}, {"type": "Feature", "geometry": {"type": "Point", "coordinates": [9.363674, 45.647723]}, "properties": {"id": "PF00/0011/L682", "provincia": "MI", "quota": 308.26}}, {"type": "Feature", "geometry": {"type": "Point", "coordinates": [9.163499, 45.178494]}, "properties": {"id": "PF00/0023/F205", "provincia": "MI", "quota": 109.27}}, {"type": "Feature", "geometry": {"type": "Point", "coordinates": [9.263761, 45.678872]}, "properties": {"id": "PF00/0018/D869", "provincia": "MI", "quota": 115.06}}, {"type": "Feature", "geometry": {"type": "Point", "coordinates": [8.931365, 45.364836]}, "properties": {"id": "PF00/0015/D869", "provincia": "MI", "quota": 242.17}}, {"type": "Feature", "geometry": {"type": "Point", "coordinates": [9.292355, 45.560994]}, "properties": {"id": "PF00/0016/L682", "provincia": "MI", "quota": 111.89}}, {"type": "Feature", "geometry": {"type": "Point", "coordinates": [9.121042, 45.227165]}, "properties": {"id": "PF00/0027/F205", "provincia": "MI", "quota": 303.82}}, {"type": "Feature", "geometry": {"type": "Point", "coordinates": [9.080111, 45.347208]}, "properties": {"id": "PF00/0023/F205", "provincia": "MI", "quota": 85.5}}, {"type": "Feature", "geometry": {"type": "Point", "coordinates": [9.172786, 45.263832]}, "properties": {"id": "PF00/0006/F704", "provincia": "MI", "quota": 304.14}}, {"type": "Feature", "geometry": {"type": "Point", "coordinates": [9.11869, 45.641905]}, "properties": {"id": "PF00/0034/F704", "provincia": "MI", "quota": 235.65}}, {"type": "Feature", "geometry": {"type": "Point", "coordinates": [9.128125, 45.361262]}, "properties": {"id": "PF00/0001/L682", "provincia": "MI", "quota": 131.05}}, {"type": "Feature", "geometry": {"type": "Point", "coordinates": [9.29182, 45.296992]}, "properties": {"id": "PF00/0024/D869", "provincia": "MI", "quota": 91.4}}, {"type": "Feature", "geometry": {"type": "Point", "coordinates": [9.057991, 45.299543]}, "properties": {"id": "PF00/0039/D869", "provincia": "MI", "quota": 187.21}}, {"type": "Feature", "geometry": {"type": "Point", "coordinates": [9.11286, 45.227142]}, "properties": {"id": "PF00/0034/L682", "provincia": "MI", "quota": 129.89}}, {"type": "Feature", "geometry": {"type": "Point", "coordinates": [9.38959, 45.367846]}, "properties": {"id": "PF00/0022/F704", "provincia": "MI", "quota": 124.22}}, {"type": "Feature", "geometry": {"type": "Point", "coordinates": [9.367698, 45.560807]}, "properties": {"id": "PF00/0003/L682", "provincia": "MI", "quota": 211.38}}, {"type": "Feature", "geometry": {"type": "Point", "coordinates": [9.335133, 45.576584]}, "properties": {"id": "PF00/0026/D869", "provincia": "MI", "quota": 166.18}}, {"type": "Feature", "geometry": {"type": "Point", "coordinates": [9.023804, 45.413428]}, "properties": {"id": "PF00/0020/F205", "provincia": "MI", "quota": 175.74}}, {"type": "Feature", "geometry": {"type": "Point", "coordinates": [8.94264, 45.313853]}, "properties": {"id": "PF00/0030/D869", "provincia": "MI", "quota": 146.4}}, {"type": "Feature", "geometry": {"type": "Point", "coordinates": [9.365727, 45.44073]}, "properties": {"id": "PF00/0018/D869", "provincia": "MI", "quota": 283.51}}, {"type": "Feature", "geometry": {"type": "Point", "coordinates": [9.164821, 45.409064]}, "properties": {"id": "PF00/0019/L682", "provincia": "MI", "quota": 291.91}}, {"type": "Feature", "geometry": {"type": "Point", "coordinates": [9.230056, 45.406059]}, "properties": {"id": "PF00/0016/F205", "provincia": "MI", "quota": 126.39}}, {"type": "Feature", "geometry": {"type": "Point", "coordinates": [9.212843, 45.182243]}, "properties": {"id": "PF00/0006/F704", "provincia": "MI", "quota": 270.86}}, {"type": "Feature", "geometry": {"type": "Point", "coordinates": [8.932137, 45.487302]}, "properties": {"id": "PF00/0036/L682", "provincia": "MI", "quota": 112.73}}, {"type": "Feature", "geometry": {"type": "Point", "coordinates": [9.389026, 45.363305]}, "properties": {"id": "PF00/0012/F205", "provincia": "MI", "quota": 160.6}}, {"type": "Feature", "geometry": {"type": "Point", "coordinates": [9.243237, 45.481488]}, "properties": {"id": "PF00/0033/F205", "provincia": "MI", "quota": 72.0}}, {"type": "Feature", "geometry": {"type": "Point", "coordinates": [9.041943, 45.284191]}, "properties": {"id": "PF00/0020/D869", "provincia": "MI", "quota": 221.46}}, {"type": "Feature", "geometry": {"type": "Point", "coordinates": [9.097441, 45.654472]}, "properties": {"id": "PF00/0030/F704", "provincia": "MI", "quota": 230.75}}, {"type": "Feature", "geometry": {"type": "Point", "coordinates": [9.259545, 45.332878]}, "properties": {"id": "PF00/0038/L682", "provincia": "MI", "quota": 210.59}}, {"type": "Feature", "geometry": {"type": "Point", "coordinates": [9.072812, 45.249086]}, "properties": {"id": "PF00/0023/F205", "provincia": "MI", "quota": 230.14}}, {"type": "Feature", "geometry": {"type": "Point", "coordinates": [9.306418, 45.469535]}, "properties": {"id": "PF00/0009/F205", "provincia": "MI", "quota": 143.4}}, {"type": "Feature", "geometry": {"type": "Point", "coordinates": [9.117619, 45.412249]}, "properties": {"id": "PF00/0004/D869", "provincia": "MI", "quota": 136.97}}, {"type": "Feature", "geometry": {"type": "Point", "coordinates": [9.343367, 45.649338]}, "properties": {"id": "PF00/0024/F205", "provincia": "MI", "quota": 298.69}}, {"type": "Feature", "geometry": {"type": "Point", "coordinates": [9.010529, 45.252369]}, "properties": {"id": "PF00/0018/D869", "provincia": "MI", "quota": 256.92}}, {"type": "Feature", "geometry": {"type": "Point", "coordinates": [9.108232, 45.317395]}, "properties": {"id": "PF00/0025/F205", "provincia": "MI", "quota": 223.53}}, {"type": "Feature", "geometry": {"type": "Point", "coordinates": [9.158576, 45.448208]}, "properties": {"id": "PF00/0008/F704", "provincia": "MI", "quota": 278.02}}, {"type": "Feature", "geometry": {"type": "Point", "coordinates": [9.097228, 45.451722]}, "properties": {"id": "PF00/0039/F704", "provincia": "MI", "quota": 86.24}}, {"type": "Feature", "geometry": {"type": "Point", "coordinates": [9.154884, 45.196469]}, "properties": {"id": "PF00/0005/D869", "provincia": "MI", "quota": 310.77}}, {"type": "Feature", "geometry": {"type": "Point", "coordinates": [8.939574, 45.327239]}, "properties": {"id": "PF00/0014/L682", "provincia": "MI", "quota": 110.99}}, {"type": "Feature", "geometry": {"type": "Point", "coordinates": [9.042421, 45.554229]}, "properties": {"id": "PF00/0008/F704", "provincia": "MI", "quota": 276.63}}, {"type": "Feature", "geometry": {"type": "Point", "coordinates": [9.162467, 45.582002]}, "properties": {"id": "PF00/0034/L682", "provincia": "MI", "quota": 308.86}}, {"type": "Feature", "geometry": {"type": "Point", "coordinates": [8.959244, 45.699116]}, "properties": {"id": "PF00/0033/D869", "provincia": "MI", "quota": 215.5}}, {"type": "Feature", "geometry": {"type": "Point", "coordinates": [9.172824, 45.316388]}, "properties": {"id": "PF00/0023/F205", "provincia": "MI", "quota": 127.29}}, {"type": "Feature", "geometry": {"type": "Point", "coordinates": [9.090068, 45.600753]}, "properties": {"id": "PF00/0005/D869", "provincia": "MI", "quota": 122.98}}, {"type": "Feature", "geometry": {"type": "Point", "coordinates": [8.989984, 45.390092]}, "properties": {"id": "PF00/0022/F205", "provincia": "MI", "quota": 138.52}}, {"type": "Feature", "geometry": {"type": "Point", "coordinates": [9.02366, 45.470089]}, "properties": {"id": "PF00/0016/F205", "provincia": "MI", "quota": 193.24}}, {"type": "Feature", "geometry": {"type": "Point", "coordinates": [9.306794, 45.171357]}, "properties": {"id": "PF00/0032/D869", "provincia": "MI", "quota": 257.9}}, {"type": "Feature", "geometry": {"type": "Point", "coordinates": [8.972712, 45.437582]}, "properties": {"id": "PF00/0011/D869", "provincia": "MI", "quota": 191.53}}, {"type": "Feature", "geometry": {"type": "Point", "coordinates": [9.133943, 45.19488]}, "properties": {"id": "PF00/0010/L682", "provincia": "MI", "quota": 258.49}}, {"type": "Feature", "geometry": {"type": "Point", "coordinates": [9.166028, 45.466293]}, "properties": {"id": "PF00/0020/L682", "provincia": "MI", "quota": 96.09}}, {"type": "Feature", "geometry": {"type": "Point", "coordinates": [9.083408, 45.557543]}, "properties": {"id": "PF00/0010/D869", "provincia": "MI", "quota": 81.33}}, {"type": "Feature", "geometry": {"type": "Point", "coordinates": [9.009563, 45.542911]}, "properties": {"id": "PF00/0026/F704", "provincia": "MI", "quota": 283.17}}, {"type": "Feature", "geometry": {"type": "Point", "coordinates": [9.097799, 45.460636]}, "properties": {"id": "PF00/0003/L682", "provincia": "MI", "quota": 301.16}}, {"type": "Feature", "geometry": {"type": "Point", "coordinates": [8.94015, 45.39703]}, "properties": {"id": "PF00/0015/F704", "provincia": "MI", "quota": 128.45}}, {"type": "Feature", "geometry": {"type": "Point", "coordinates": [9.078745, 45.254036]}, "properties": {"id": "PF00/0028/F205", "provincia": "MI", "quota": 174.73}}, {"type": "Feature", "geometry": {"type": "Point", "coordinates": [9.135071, 45.233625]}, "properties": {"id": "PF00/0005/F704", "provincia": "MI", "quota": 213.96}}, {"type": "Feature", "geometry": {"type": "Point", "coordinates": [9.422715, 45.578377]}, "properties": {"id": "PF00/0035/L682", "provincia": "MI", "quota": 296.42}}, {"type": "Feature", "geometry": {"type": "Point", "coordinates": [9.09689, 45.304314]}, "properties": {"id": "PF00/0008/L682", "provincia": "MI", "quota": 211.61}}, {"type": "Feature", "geometry": {"type": "Point", "coordinates": [9.25756, 45.260465]}, "properties": {"id": "PF00/0021/F704", "provincia": "MI", "quota": 83.06}}, {"type": "Feature", "geometry": {"type": "Point", "coordinates": [9.118729, 45.57707]}, "properties": {"id": "PF00/0031/F205", "provincia": "MI", "quota": 274.5}}, {"type": "Feature", "geometry": {"type": "Point", "coordinates": [9.324665, 45.491014]}, "properties": {"id": "PF00/0022/F704", "provincia": "MI", "quota": 294.08}}, {"type": "Feature", "geometry": {"type": "Point", "coordinates": [9.132016, 45.668755]}, "properties": {"id": "PF00/0032/D869", "provincia": "MI", "quota": 76.35}}, {"type": "Feature", "geometry": {"type": "Point", "coordinates": [9.377344, 45.617425]}, "properties": {"id": "PF00/0012/F704", "provincia": "MI", "quota": 208.22}}, {"type": "Feature", "geometry": {"type": "Point", "coordinates": [9.043231, 45.40962]}, "properties": {"id": "PF00/0039/L682", "provincia": "MI", "quota": 89.67}}, {"type": "Feature", "geometry": {"type": "Point", "coordinates": [9.169042, 45.245196]}, "properties": {"id": "PF00/0005/D869", "provincia": "MI", "quota": 190.75}}, {"type": "Feature", "geometry": {"type": "Point", "coordinates": [9.265939, 45.331928]}, "properties": {"id": "PF00/0036/F704", "provincia": "MI", "quota": 251.42}}, {"type": "Feature", "geometry": {"type": "Point", "coordinates": [9.330719, 45.620467]}, "properties": {"id": "PF00/0039/L682", "provincia": "MI", "quota": 127.14}}, {"type": "Feature", "geometry": {"type": "Point", "coordinates": [9.180952, 45.296372]}, "properties": {"id": "PF00/0026/D869", "provincia": "MI", "quota": 215.39}}, {"type": "Feature", "geometry": {"type": "Point", "coordinates": [9.08111, 45.298416]}, "properties": {"id": "PF00/0007/L682", "provincia": "MI", "quota": 157.81}}, {"type": "Feature", "geometry": {"type": "Point", "coordinates": [9.313573, 45.27258]}, "properties": {"id": "PF00/0026/L682", "provincia": "MI", "quota": 297.81}}, {"type": "Feature", "geometry": {"type": "Point", "coordinates": [9.393547, 45.636031]}, "properties": {"id": "PF00/0028/L682", "provincia": "MI", "quota": 265.46}}, {"type": "Feature", "geometry": {"type": "Point", "coordinates": [9.001645, 45.623198]}, "properties": {"id": "PF00/0015/L682", "provincia": "MI", "quota": 223.52}}, {"type": "Feature", "geometry": {"type": "Point", "coordinates": [9.145399, 45.547461]}, "properties": {"id": "PF00/0029/F704", "provincia": "MI", "quota": 165.25}}, {"type": "Feature", "geometry": {"type": "Point", "coordinates": [9.084256, 45.307702]}, "properties": {"id": "PF00/0029/D869", "provincia": "MI", "quota": 231.29}}, {"type": "Feature", "geometry": {"type": "Point", "coordinates": [9.228835, 45.65882]}, "properties": {"id": "PF00/0016/L682", "provincia": "MI", "quota": 292.27}}, {"type": "Feature", "geometry": {"type": "Point", "coordinates": [9.203519, 45.597599]}, "properties": {"id": "PF00/0036/L682", "provincia": "MI", "quota": 145.12}}, {"type": "Feature", "geometry": {"type": "Point", "coordinates": [9.021579, 45.376739]}, "properties": {"id": "PF00/0031/F205", "provincia": "MI", "quota": 214.55}}, {"type": "Feature", "geometry": {"type": "Point", "coordinates": [8.94513, 45.432787]}, "properties": {"id": "PF00/0005/F205", "provincia": "MI", "quota": 166.5}}, {"type": "Feature", "geometry": {"type": "Point", "coordinates": [9.338044, 45.302018]}, "properties": {"id": "PF00/0019/F205", "provincia": "MI", "quota": 175.61}}, {"type": "Feature", "geometry": {"type": "Point", "coordinates": [9.095384, 45.373224]}, "properties": {"id": "PF00/0007/F205", "provincia": "MI", "quota": 233.99}}, {"type": "Feature", "geometry": {"type": "Point", "coordinates": [9.104035, 45.26437]}, "properties": {"id": "PF00/0013/D869", "provincia": "MI", "quota": 127.08}}, {"type": "Feature", "geometry": {"type": "Point", "coordinates": [9.210873, 45.320284]}, "properties": {"id": "PF00/0004/D869", "provincia": "MI", "quota": 117.28}}, {"type": "Feature", "geometry": {"type": "Point", "coordinates": [9.333392, 45.404677]}, "properties": {"id": "PF00/0035/D869", "provincia": "MI", "quota": 135.22}}, {"type": "Feature", "geometry": {"type": "Point", "coordinates": [9.191905, 45.379723]}, "properties": {"id": "PF00/0027/F205", "provincia": "MI", "quota": 94.77}}, {"type": "Feature", "geometry": {"type": "Point", "coordinates": [9.297583, 45.405896]}, "properties": {"id": "PF00/0039/L682", "provincia": "MI", "quota": 125.22}}, {"type": "Feature", "geometry": {"type": "Point", "coordinates": [9.326245, 45.686714]}, "properties": {"id": "PF00/0031/F704", "provincia": "MI", "quota": 288.18}}, {"type": "Feature", "geometry": {"type": "Point", "coordinates": [9.212851, 45.400826]}, "properties": {"id": "PF00/0033/F205", "provincia": "MI", "quota": 142.86}}, {"type": "Feature", "geometry": {"type": "Point", "coordinates": [9.191712, 45.209988]}, "properties": {"id": "PF00/0034/F704", "provincia": "MI", "quota": 100.69}}, {"type": "Feature", "geometry": {"type": "Point", "coordinates": [9.288016, 45.311663]}, "properties": {"id": "PF00/0011/F704", "provincia": "MI", "quota": 130.06}}, {"type": "Feature", "geometry": {"type": "Point", "coordinates": [9.193264, 45.186845]}, "properties": {"id": "PF00/0021/D869", "provincia": "MI", "quota": 238.77}}, {"type": "Feature", "geometry": {"type": "Point", "coordinates": [9.414237, 45.179326]}, "properties": {"id": "PF00/0007/D869", "provincia": "MI", "quota": 128.79}}, {"type": "Feature", "geometry": {"type": "Point", "coordinates": [9.025519, 45.371809]}, "properties": {"id": "PF00/0029/D869", "provincia": "MI", "quota": 283.24}}, {"type": "Feature", "geometry": {"type": "Point", "coordinates": [9.294755, 45.242007]}, "properties": {"id": "PF00/0034/L682", "provincia": "MI", "quota": 231.85}}, {"type": "Feature", "geometry": {"type": "Point", "coordinates": [9.351151, 45.330224]}, "properties": {"id": "PF00/0029/F704", "provincia": "MI", "quota": 300.46}}, {"type": "Feature", "geometry": {"type": "Point", "coordinates": [8.99179, 45.321816]}, "properties": {"id": "PF00/0018/D869", "provincia": "MI", "quota": 298.8}}, {"type": "Feature", "geometry": {"type": "Point", "coordinates": [9.088472, 45.454538]}, "properties": {"id": "PF00/0018/F704", "provincia": "MI", "quota": 100.47}}, {"type": "Feature", "geometry": {"type": "Point", "coordinates": [8.945741, 45.172754]}, "properties": {"id": "PF00/0019/L682", "provincia": "MI", "quota": 90.5}}, {"type": "Feature", "geometry": {"type": "Point", "coordinates": [9.408289, 45.433696]}, "properties": {"id": "PF00/0025/D869", "provincia": "MI", "quota": 236.58}}, {"type": "Feature", "geometry": {"type": "Point", "coordinates": [9.137866, 45.571954]}, "properties": {"id": "PF00/0001/F704", "provincia": "MI", "quota": 86.91}}, {"type": "Feature", "geometry": {"type": "Point", "coordinates": [9.027976, 45.551055]}, "properties": {"id": "PF00/0016/L682", "provincia": "MI", "quota": 90.25}}, {"type": "Feature", "geometry": {"type": "Point", "coordinates": [8.945724, 45.464761]}, "properties": {"id": "PF00/0030/F205", "provincia": "MI", "quota": 184.08}}, {"type": "Feature", "geometry": {"type": "Point", "coordinates": [9.061667, 45.672]}, "properties": {"id": "PF00/0017/D869", "provincia": "MI", "quota": 96.98}}, {"type": "Feature", "geometry": {"type": "Point", "coordinates": [8.99806, 45.259232]}, "properties": {"id": "PF00/0021/F205", "provincia": "MI", "quota": 279.6}}, {"type": "Feature", "geometry": {"type": "Point", "coordinates": [9.310124, 45.580356]}, "properties": {"id": "PF00/0031/L682", "provincia": "MI", "quota": 157.62}}, {"type": "Feature", "geometry": {"type": "Point", "coordinates": [9.290924, 45.316216]}, "properties": {"id": "PF00/0033/F704", "provincia": "MI", "quota": 191.44}}, {"type": "Feature", "geometry": {"type": "Point", "coordinates": [8.994915, 45.267731]}, "properties": {"id": "PF00/0039/L682", "provincia": "MI", "quota": 216.54}}, {"type": "Feature", "geometry": {"type": "Point", "coordinates": [8.983752, 45.370303]}, "properties": {"id": "PF00/0039/L682", "provincia": "MI", "quota": 115.09}}, {"type": "Feature", "geometry": {"type": "Point", "coordinates": [8.982162, 45.41582]}, "properties": {"id": "PF00/0003/F704", "provincia": "MI", "quota": 319.96}}, {"type": "Feature", "geometry": {"type": "Point", "coordinates": [8.993399, 45.522101]}, "properties": {"id": "PF00/0006/F704", "provincia": "MI", "quota": 190.26}}, {"type": "Feature", "geometry": {"type": "Point", "coordinates": [9.41038, 45.46237]}, "properties": {"id": "PF00/0022/F205", "provincia": "MI", "quota": 198.02}}, {"type": "Feature", "geometry": {"type": "Point", "coordinates": [9.013973, 45.5707]}, "properties": {"id": "PF00/0035/L682", "provincia": "MI", "quota": 169.96}}, {"type": "Feature", "geometry": {"type": "Point", "coordinates": [8.931154, 45.28109]}, "properties": {"id": "PF00/0036/L682", "provincia": "MI", "quota": 234.45}}, {"type": "Feature", "geometry": {"type": "Point", "coordinates": [8.928202, 45.631758]}, "properties": {"id": "PF00/0023/F205", "provincia": "MI", "quota": 180.58}}, {"type": "Feature", "geometry": {"type": "Point", "coordinates": [9.069445, 45.184412]}, "properties": {"id": "PF00/0027/F704", "provincia": "MI", "quota": 118.22}}, {"type": "Feature", "geometry": {"type": "Point", "coordinates": [9.394855, 45.459833]}, "properties": {"id": "PF00/0017/D869", "provincia": "MI", "quota": 161.45}}, {"type": "Feature", "geometry": {"type": "Point", "coordinates": [9.31159, 45.49172]}, "properties": {"id": "PF00/0027/D869", "provincia": "MI", "quota": 152.44}}, {"type": "Feature", "geometry": {"type": "Point", "coordinates": [9.171173, 45.208188]}, "properties": {"id": "PF00/0017/F205", "provincia": "MI", "quota": 117.63}}, {"type": "Feature", "geometry": {"type": "Point", "coordinates": [9.348793, 45.636845]}, "properties": {"id": "PF00/0009/F704", "provincia": "MI", "quota": 265.18}}, {"type": "Feature", "geometry": {"type": "Point", "coordinates": [9.36193, 45.250378]}, "properties": {"id": "PF00/0014/L682", "provincia": "MI", "quota": 183.68}}, {"type": "Feature", "geometry": {"type": "Point", "coordinates": [9.22622, 45.589204]}, "properties": {"id": "PF00/0027/F205", "provincia": "MI", "quota": 157.35}}, {"type": "Feature", "geometry": {"type": "Point", "coordinates": [9.135385, 45.26733]}, "properties": {"id": "PF00/0005/F205", "provincia": "MI", "quota": 202.1}}, {"type": "Feature", "geometry": {"type": "Point", "coordinates": [9.099081, 45.344505]}, "properties": {"id": "PF00/0033/D869", "provincia": "MI", "quota": 260.22}}, {"type": "Feature", "geometry": {"type": "Point", "coordinates": [9.002112, 45.661722]}, "properties": {"id": "PF00/0010/L682", "provincia": "MI", "quota": 194.62}}, {"type": "Feature", "geometry": {"type": "Point", "coordinates": [9.299597, 45.686379]}, "properties": {"id": "PF00/0016/F205", "provincia": "MI", "quota": 287.92}}, {"type": "Feature", "geometry": {"type": "Point", "coordinates": [8.993705, 45.317962]}, "properties": {"id": "PF00/0001/D869", "provincia": "MI", "quota": 315.49}}, {"type": "Feature", "geometry": {"type": "Point", "coordinates": [9.228413, 45.665776]}, "properties": {"id": "PF00/0031/F704", "provincia": "MI", "quota": 251.21}}, {"type": "Feature", "geometry": {"type": "Point", "coordinates": [9.168388, 45.223726]}, "properties": {"id": "PF00/0008/L682", "provincia": "MI", "quota": 148.17}}, {"type": "Feature", "geometry": {"type": "Point", "coordinates": [9.210797, 45.601831]}, "properties": {"id": "PF00/0009/F205", "provincia": "MI", "quota": 258.47}}, {"type": "Feature", "geometry": {"type": "Point", "coordinates": [9.305595, 45.37453]}, "properties": {"id": "PF00/0020/L682", "provincia": "MI", "quota": 239.24}}, {"type": "Feature", "geometry": {"type": "Point", "coordinates": [9.06911, 45.467408]}, "properties": {"id": "PF00/0021/D869", "provincia": "MI", "quota": 297.62}}, {"type": "Feature", "geometry": {"type": "Point", "coordinates": [9.000189, 45.275942]}, "properties": {"id": "PF00/0011/D869", "provincia": "MI", "quota": 160.34}}, {"type": "Feature", "geometry": {"type": "Point", "coordinates": [8.95538, 45.522984]}, "properties": {"id": "PF00/0001/F205", "provincia": "MI", "quota": 95.99}}, {"type": "Feature", "geometry": {"type": "Point", "coordinates": [9.209341, 45.229728]}, "properties": {"id": "PF00/0005/L682", "provincia": "MI", "quota": 255.25}}, {"type": "Feature", "geometry": {"type": "Point", "coordinates": [9.376416, 45.33615]}, "properties": {"id": "PF00/0006/D869", "provincia": "MI", "quota": 144.21}}, {"type": "Feature", "geometry": {"type": "Point", "coordinates": [9.390309, 45.536028]}, "properties": {"id": "PF00/0008/F205", "provincia": "MI", "quota": 99.73}}, {"type": "Feature", "geometry": {"type": "Point", "coordinates": [8.968598, 45.177356]}, "properties": {"id": "PF00/0003/F205", "provincia": "MI", "quota": 261.91}}, {"type": "Feature", "geometry": {"type": "Point", "coordinates": [9.056924, 45.357385]}, "properties": {"id": "PF00/0032/D869", "provincia": "MI", "quota": 223.76}}, {"type": "Feature", "geometry": {"type": "Point", "coordinates": [8.956541, 45.196984]}, "properties": {"id": "PF00/0016/L682", "provincia": "MI", "quota": 264.59}}, {"type": "Feature", "geometry": {"type": "Point", "coordinates": [9.019236, 45.298467]}, "properties": {"id": "PF00/0021/D869", "provincia": "MI", "quota": 278.19}}, {"type": "Feature", "geometry": {"type": "Point", "coordinates": [9.256145, 45.464866]}, "properties": {"id": "PF00/0005/F205", "provincia": "MI", "quota": 115.33}}, {"type": "Feature", "geometry": {"type": "Point", "coordinates": [9.062225, 45.444559]}, "properties": {"id": "PF00/0024/F704", "provincia": "MI", "quota": 210.73}}, {"type": "Feature", "geometry": {"type": "Point", "coordinates": [8.987868, 45.483165]}, "properties": {"id": "PF00/0018/F205", "provincia": "MI", "quota": 88.54}}, {"type": "Feature", "geometry": {"type": "Point", "coordinates": [9.269318, 45.564389]}, "properties": {"id": "PF00/0006/F704", "provincia": "MI", "quota": 256.5}}, {"type": "Feature", "geometry": {"type": "Point", "coordinates": [9.216979, 45.258763]}, "properties": {"id": "PF00/0016/L682", "provincia": "MI", "quota": 146.35}}, {"type": "Feature", "geometry": {"type": "Point", "coordinates": [9.086048, 45.364917]}, "properties": {"id": "PF00/0015/F205", "provincia": "MI", "quota": 152.53}}, {"type": "Feature", "geometry": {"type": "Point", "coordinates": [9.055522, 45.425157]}, "properties": {"id": "PF00/0031/F205", "provincia": "MI", "quota": 292.39}}, {"type": "Feature", "geometry": {"type": "Point", "coordinates": [9.304746, 45.251335]}, "properties": {"id": "PF00/0020/D869", "provincia": "MI", "quota": 219.88}}, {"type": "Feature", "geometry": {"type": "Point", "coordinates": [9.143695, 45.191259]}, "properties": {"id": "PF00/0008/F205", "provincia": "MI", "quota": 256.09}}, {"type": "Feature", "geometry": {"type": "Point", "coordinates": [9.392509, 45.221558]}, "properties": {"id": "PF00/0018/D869", "provincia": "MI", "quota": 272.07}}, {"type": "Feature", "geometry": {"type": "Point", "coordinates": [8.978186, 45.266701]}, "properties": {"id": "PF00/0003/F704", "provincia": "MI", "quota": 236.27}}, {"type": "Feature", "geometry": {"type": "Point", "coordinates": [9.249265, 45.652168]}, "properties": {"id": "PF00/0036/L682", "provincia": "MI", "quota": 275.6}}, {"type": "Feature", "geometry": {"type": "Point", "coordinates": [9.21221, 45.636696]}, "properties": {"id": "PF00/0002/D869", "provincia": "MI", "quota": 144.34}}, {"type": "Feature", "geometry": {"type": "Point", "coordinates": [9.233588, 45.468063]}, "properties": {"id": "PF00/0037/L682", "provincia": "MI", "quota": 243.45}}, {"type": "Feature", "geometry": {"type": "Point", "coordinates": [8.924611, 45.345748]}, "properties": {"id": "PF00/0012/F205", "provincia": "MI", "quota": 183.11}}, {"type": "Feature", "geometry": {"type": "Point", "coordinates": [9.233358, 45.310601]}, "properties": {"id": "PF00/0026/L682", "provincia": "MI", "quota": 144.31}}, {"type": "Feature", "geometry": {"type": "Point", "coordinates": [8.926228, 45.321017]}, "properties": {"id": "PF00/0020/D869", "provincia": "MI", "quota": 124.44}}, {"type": "Feature", "geometry": {"type": "Point", "coordinates": [9.071673, 45.68057]}, "properties": {"id": "PF00/0030/F704", "provincia": "MI", "quota": 153.49}}, {"type": "Feature", "geometry": {"type": "Point", "coordinates": [9.411865, 45.396983]}, "properties": {"id": "PF00/0025/F205", "provincia": "MI", "quota": 134.11}}, {"type": "Feature", "geometry": {"type": "Point", "coordinates": [9.053902, 45.301733]}, "properties": {"id": "PF00/0008/F205", "provincia": "MI", "quota": 103.99}}, {"type": "Feature", "geometry": {"type": "Point", "coordinates": [8.9268, 45.19042]}, "properties": {"id": "PF00/0013/F704", "provincia": "MI", "quota": 81.89}}, {"type": "Feature", "geometry": {"type": "Point", "coordinates": [9.235201, 45.680851]}, "properties": {"id": "PF00/0017/D869", "provincia": "MI", "quota": 93.57}}, {"type": "Feature", "geometry": {"type": "Point", "coordinates": [8.937005, 45.25662]}, "properties": {"id": "PF00/0024/F205", "provincia": "MI", "quota": 270.61}}, {"type": "Feature", "geometry": {"type": "Point", "coordinates": [9.066477, 45.579962]}, "properties": {"id": "PF00/0039/L682", "provincia": "MI", "quota": 255.31}}, {"type": "Feature", "geometry": {"type": "Point", "coordinates": [8.979623, 45.196522]}, "properties": {"id": "PF00/0021/D869", "provincia": "MI", "quota": 171.73}}, {"type": "Feature", "geometry": {"type": "Point", "coordinates": [9.244397, 45.631102]}, "properties": {"id": "PF00/0037/F205", "provincia": "MI", "quota": 145.37}}, {"type": "Feature", "geometry": {"type": "Point", "coordinates": [9.138229, 45.386007]}, "properties": {"id": "PF00/0007/D869", "provincia": "MI", "quota": 238.39}}, {"type": "Feature", "geometry": {"type": "Point", "coordinates": [9.32968, 45.21443]}, "properties": {"id": "PF00/0014/F704", "provincia": "MI", "quota": 148.59}}, {"type": "Feature", "geometry": {"type": "Point", "coordinates": [9.15399, 45.321891]}, "properties": {"id": "PF00/0033/F704", "provincia": "MI", "quota": 175.32}}, {"type": "Feature", "geometry": {"type": "Point", "coordinates": [9.241398, 45.570604]}, "properties": {"id": "PF00/0034/F704", "provincia": "MI", "quota": 210.16}}, {"type": "Feature", "geometry": {"type": "Point", "coordinates": [9.375161, 45.35331]}, "properties": {"id": "PF00/0011/F205", "provincia": "MI", "quota": 176.15}}, {"type": "Feature", "geometry": {"type": "Point", "coordinates": [9.425711, 45.462373]}, "properties": {"id": "PF00/0019/D869", "provincia": "MI", "quota": 83.96}}, {"type": "Feature", "geometry": {"type": "Point", "coordinates": [9.243362, 45.171234]}, "properties": {"id": "PF00/0024/D869", "provincia": "MI", "quota": 205.24}}, {"type": "Feature", "geometry": {"type": "Point", "coordinates": [9.086922, 45.701191]}, "properties": {"id": "PF00/0007/D869", "provincia": "MI", "quota": 300.77}}, {"type": "Feature", "geometry": {"type": "Point", "coordinates": [9.361021, 45.37739]}, "properties": {"id": "PF00/0008/F704", "provincia": "MI", "quota": 293.75}}, {"type": "Feature", "geometry": {"type": "Point", "coordinates": [9.036582, 45.642366]}, "properties": {"id": "PF00/0018/L682", "provincia": "MI", "quota": 78.09}}, {"type": "Feature", "geometry": {"type": "Point", "coordinates": [9.367479, 45.655734]}, "properties": {"id": "PF00/0017/L682", "provincia": "MI", "quota": 194.61}}, {"type": "Feature", "geometry": {"type": "Point", "coordinates": [9.313497, 45.656843]}, "properties": {"id": "PF00/0018/D869", "provincia": "MI", "quota": 214.96}}, {"type": "Feature", "geometry": {"type": "Point", "coordinates": [9.199317, 45.648289]}, "properties": {"id": "PF00/0011/L682", "provincia": "MI", "quota": 187.34}}, {"type": "Feature", "geometry": {"type": "Point", "coordinates": [9.331898, 45.237625]}, "properties": {"id": "PF00/0002/L682", "provincia": "MI", "quota": 186.72}}, {"type": "Feature", "geometry": {"type": "Point", "coordinates": [9.016299, 45.66589]}, "properties": {"id": "PF00/0014/F205", "provincia": "MI", "quota": 301.34}}, {"type": "Feature", "geometry": {"type": "Point", "coordinates": [9.371778, 45.445098]}, "properties": {"id": "PF00/0017/F704", "provincia": "MI", "quota": 85.75}}, {"type": "Feature", "geometry": {"type": "Point", "coordinates": [9.397584, 45.269806]}, "properties": {"id": "PF00/0008/L682", "provincia": "MI", "quota": 117.96}}, {"type": "Feature", "geometry": {"type": "Point", "coordinates": [9.003271, 45.176615]}, "properties": {"id": "PF00/0037/L682", "provincia": "MI", "quota": 225.69}}, {"type": "Feature", "geometry": {"type": "Point", "coordinates": [9.383209, 45.480594]}, "properties": {"id": "PF00/0017/F704", "provincia": "MI", "quota": 229.86}}, {"type": "Feature", "geometry": {"type": "Point", "coordinates": [9.397656, 45.457835]}, "properties": {"id": "PF00/0027/L682", "provincia": "MI", "quota": 96.45}}, {"type": "Feature", "geometry": {"type": "Point", "coordinates": [9.243935, 45.297592]}, "properties": {"id": "PF00/0010/D869", "provincia": "MI", "quota": 166.39}}, {"type": "Feature", "geometry": {"type": "Point", "coordinates": [8.93159, 45.378228]}, "properties": {"id": "PF00/0001/F205", "provincia": "MI", "quota": 152.21}}, {"type": "Feature", "geometry": {"type": "Point", "coordinates": [9.412686, 45.179442]}, "properties": {"id": "PF00/0018/L682", "provincia": "MI", "quota": 106.52}}, {"type": "Feature", "geometry": {"type": "Point", "coordinates": [8.993828, 45.460101]}, "properties": {"id": "PF00/0019/L682", "provincia": "MI", "quota": 212.63}}, {"type": "Feature", "geometry": {"type": "Point", "coordinates": [9.291226, 45.516637]}, "properties": {"id": "PF00/0009/F205", "provincia": "MI", "quota": 236.11}}, {"type": "Feature", "geometry": {"type": "Point", "coordinates": [9.390565, 45.226936]}, "properties": {"id": "PF00/0027/F704", "provincia": "MI", "quota": 201.4}}, {"type": "Feature", "geometry": {"type": "Point", "coordinates": [9.138177, 45.189122]}, "properties": {"id": "PF00/0021/L682", "provincia": "MI", "quota": 85.08}}, {"type": "Feature", "geometry": {"type": "Point", "coordinates": [9.212544, 45.254567]}, "properties": {"id": "PF00/0030/F704", "provincia": "MI", "quota": 312.41}}, {"type": "Feature", "geometry": {"type": "Point", "coordinates": [9.214056, 45.209754]}, "properties": {"id": "PF00/0033/D869", "provincia": "MI", "quota": 245.25}}, {"type": "Feature", "geometry": {"type": "Point", "coordinates": [9.221364, 45.552797]}, "properties": {"id": "PF00/0033/F704", "provincia": "MI", "quota": 307.01}}, {"type": "Feature", "geometry": {"type": "Point", "coordinates": [9.309809, 45.261474]}, "properties": {"id": "PF00/0014/L682", "provincia": "MI", "quota": 100.18}}, {"type": "Feature", "geometry": {"type": "Point", "coordinates": [8.949289, 45.198546]}, "properties": {"id": "PF00/0034/F704", "provincia": "MI", "quota": 136.6}}, {"type": "Feature", "geometry": {"type": "Point", "coordinates": [9.02053, 45.681117]}, "properties": {"id": "PF00/0004/F205", "provincia": "MI", "quota": 298.27}}, {"type": "Feature", "geometry": {"type": "Point", "coordinates": [8.959168, 45.452089]}, "properties": {"id": "PF00/0030/F704", "provincia": "MI", "quota": 86.21}}, {"type": "Feature", "geometry": {"type": "Point", "coordinates": [9.214021, 45.710976]}, "properties": {"id": "PF00/0023/F205", "provincia": "MI", "quota": 219.95}}, {"type": "Feature", "geometry": {"type": "Point", "coordinates": [9.174134, 45.271193]}, "properties": {"id": "PF00/0010/F704", "provincia": "MI", "quota": 123.01}}, {"type": "Feature", "geometry": {"type": "Point", "coordinates": [9.399767, 45.540779]}, "properties": {"id": "PF00/0028/L682", "provincia": "MI", "quota": 204.53}}, {"type": "Feature", "geometry": {"type": "Point", "coordinates": [9.17186, 45.568665]}, "properties": {"id": "PF00/0014/L682", "provincia": "MI", "quota": 262.02}}, {"type": "Feature", "geometry": {"type": "Point", "coordinates": [9.378397, 45.365521]}, "properties": {"id": "PF00/0009/D869", "provincia": "MI", "quota": 179.62}}, {"type": "Feature", "geometry": {"type": "Point", "coordinates": [9.006614, 45.658868]}, "properties": {"id": "PF00/0016/D869", "provincia": "MI", "quota": 191.83}}, {"type": "Feature", "geometry": {"type": "Point", "coordinates": [9.275737, 45.602356]}, "properties": {"id": "PF00/0025/L682", "provincia": "MI", "quota": 135.65}}, {"type": "Feature", "geometry": {"type": "Point", "coordinates": [9.391841, 45.44991]}, "properties": {"id": "PF00/0007/F704", "provincia": "MI", "quota": 262.59}}, {"type": "Feature", "geometry": {"type": "Point", "coordinates": [9.324516, 45.190184]}, "properties": {"id": "PF00/0036/D869", "provincia": "MI", "quota": 266.26}}, {"type": "Feature", "geometry": {"type": "Point", "coordinates": [9.144665, 45.57606]}, "properties": {"id": "PF00/0029/D869", "provincia": "MI", "quota": 125.06}}, {"type": "Feature", "geometry": {"type": "Point", "coordinates": [9.413585, 45.29794]}, "properties": {"id": "PF00/0021/F704", "provincia": "MI", "quota": 255.45}}, {"type": "Feature", "geometry": {"type": "Point", "coordinates": [9.096467, 45.449176]}, "properties": {"id": "PF00/0027/F704", "provincia": "MI", "quota": 214.86}}, {"type": "Feature", "geometry": {"type": "Point", "coordinates": [9.233156, 45.615369]}, "properties": {"id": "PF00/0002/F205", "provincia": "MI", "quota": 261.3}}, {"type": "Feature", "geometry": {"type": "Point", "coordinates": [8.923328, 45.502442]}, "properties": {"id": "PF00/0020/F205", "provincia": "MI", "quota": 118.77}}, {"type": "Feature", "geometry": {"type": "Point", "coordinates": [8.954652, 45.509343]}, "properties": {"id": "PF00/0025/F205", "provincia": "MI", "quota": 194.44}}, {"type": "Feature", "geometry": {"type": "Point", "coordinates": [9.180695, 45.281329]}, "properties": {"id": "PF00/0039/L682", "provincia": "MI", "quota": 89.5}}, {"type": "Feature", "geometry": {"type": "Point", "coordinates": [9.388293, 45.541432]}, "properties": {"id": "PF00/0004/F205", "provincia": "MI", "quota": 110.16}}, {"type": "Feature", "geometry": {"type": "Point", "coordinates": [9.191159, 45.662469]}, "properties": {"id": "PF00/0016/F205", "provincia": "MI", "quota": 236.2}}, {"type": "Feature", "geometry": {"type": "Point", "coordinates": [9.408242, 45.234336]}, "properties": {"id": "PF00/0034/D869", "provincia": "MI", "quota": 101.86}}, {"type": "Feature", "geometry": {"type": "Point", "coordinates": [9.060784, 45.399789]}, "properties": {"id": "PF00/0029/F704", "provincia": "MI", "quota": 159.02}}, {"type": "Feature", "geometry": {"type": "Point", "coordinates": [8.949481, 45.416728]}, "properties": {"id": "PF00/0020/F205", "provincia": "MI", "quota": 116.97}}, {"type": "Feature", "geometry": {"type": "Point", "coordinates": [8.962523, 45.351784]}, "properties": {"id": "PF00/0038/D869", "provincia": "MI", "quota": 113.5}}, {"type": "Feature", "geometry": {"type": "Point", "coordinates": [9.193497, 45.414522]}, "properties": {"id": "PF00/0003/L682", "provincia": "MI", "quota": 195.54}}, {"type": "Feature", "geometry": {"type": "Point", "coordinates": [9.42816, 45.380355]}, "properties": {"id": "PF00/0028/F205", "provincia": "MI", "quota": 194.68}}, {"type": "Feature", "geometry": {"type": "Point", "coordinates": [9.411338, 45.30047]}, "properties": {"id": "PF00/0023/F704", "provincia": "MI", "quota": 75.73}}, {"type": "Feature", "geometry": {"type": "Point", "coordinates": [9.163853, 45.218322]}, "properties": {"id": "PF00/0028/F205", "provincia": "MI", "quota": 183.11}}, {"type": "Feature", "geometry": {"type": "Point", "coordinates": [9.070025, 45.273795]}, "properties": {"id": "PF00/0033/L682", "provincia": "MI", "quota": 184.54}}, {"type": "Feature", "geometry": {"type": "Point", "coordinates": [9.216151, 45.640516]}, "properties": {"id": "PF00/0035/D869", "provincia": "MI", "quota": 282.44}}, {"type": "Feature", "geometry": {"type": "Point", "coordinates": [8.963632, 45.190168]}, "properties": {"id": "PF00/0028/L682", "provincia": "MI", "quota": 224.18}}, {"type": "Feature", "geometry": {"type": "Point", "coordinates": [9.226496, 45.217605]}, "properties": {"id": "PF00/0026/L682", "provincia": "MI", "quota": 142.5}}, {"type": "Feature", "geometry": {"type": "Point", "coordinates": [9.374338, 45.315587]}, "properties": {"id": "PF00/0008/L682", "provincia": "MI", "quota": 153.88}}, {"type": "Feature", "geometry": {"type": "Point", "coordinates": [9.352665, 45.56672]}, "properties": {"id": "PF00/0021/L682", "provincia": "MI", "quota": 245.46}}, {"type": "Feature", "geometry": {"type": "Point", "coordinates": [9.215317, 45.434326]}, "properties": {"id": "PF00/0022/F704", "provincia": "MI", "quota": 279.59}}, {"type": "Feature", "geometry": {"type": "Point", "coordinates": [9.080521, 45.444088]}, "properties": {"id": "PF00/0016/D869", "provincia": "MI", "quota": 154.48}}, {"type": "Feature", "geometry": {"type": "Point", "coordinates": [9.332908, 45.253264]}, "properties": {"id": "PF00/0027/F704", "provincia": "MI", "quota": 117.14}}, {"type": "Feature", "geometry": {"type": "Point", "coordinates": [9.198238, 45.356146]}, "properties": {"id": "PF00/0019/F704", "provincia": "MI", "quota": 191.44}}, {"type": "Feature", "geometry": {"type": "Point", "coordinates": [9.205923, 45.369499]}, "properties": {"id": "PF00/0027/F205", "provincia": "MI", "quota": 75.49}}, {"type": "Feature", "geometry": {"type": "Point", "coordinates": [9.215259, 45.426012]}, "properties": {"id": "PF00/0032/F205", "provincia": "MI", "quota": 164.55}}, {"type": "Feature", "geometry": {"type": "Point", "coordinates": [9.270551, 45.211251]}, "properties": {"id": "PF00/0026/F205", "provincia": "MI", "quota": 127.4}}, {"type": "Feature", "geometry": {"type": "Point", "coordinates": [9.31299, 45.301385]}, "properties": {"id": "PF00/0008/L682", "provincia": "MI", "quota": 287.75}}, {"type": "Feature", "geometry": {"type": "Point", "coordinates": [8.981443, 45.28947]}, "properties": {"id": "PF00/0017/D869", "provincia": "MI", "quota": 207.26}}, {"type": "Feature", "geometry": {"type": "Point", "coordinates": [9.053417, 45.431729]}, "properties": {"id": "PF00/0037/L682", "provincia": "MI", "quota": 115.45}}, {"type": "Feature", "geometry": {"type": "Point", "coordinates": [9.084972, 45.227363]}, "properties": {"id": "PF00/0002/D869", "provincia": "MI", "quota": 314.11}}, {"type": "Feature", "geometry": {"type": "Point", "coordinates": [9.13284, 45.302274]}, "properties": {"id": "PF00/0036/F704", "provincia": "MI", "quota": 312.16}}, {"type": "Feature", "geometry": {"type": "Point", "coordinates": [9.137597, 45.263846]}, "properties": {"id": "PF00/0037/D869", "provincia": "MI", "quota": 194.42}}, {"type": "Feature", "geometry": {"type": "Point", "coordinates": [9.328205, 45.530913]}, "properties": {"id": "PF00/0027/F704", "provincia": "MI", "quota": 312.8}}, {"type": "Feature", "geometry": {"type": "Point", "coordinates": [8.993432, 45.684684]}, "properties": {"id": "PF00/0010/F704", "provincia": "MI", "quota": 269.64}}, {"type": "Feature", "geometry": {"type": "Point", "coordinates": [9.42293, 45.625503]}, "properties": {"id": "PF00/0032/D869", "provincia": "MI", "quota": 105.82}}, {"type": "Feature", "geometry": {"type": "Point", "coordinates": [8.98645, 45.289109]}, "properties": {"id": "PF00/0029/L682", "provincia": "MI", "quota": 212.37}}, {"type": "Feature", "geometry": {"type": "Point", "coordinates": [9.174894, 45.527376]}, "properties": {"id": "PF00/0019/F205", "provincia": "MI", "quota": 96.6}}, {"type": "Feature", "geometry": {"type": "Point", "coordinates": [9.162231, 45.47029]}, "properties": {"id": "PF00/0019/F704", "provincia": "MI", "quota": 170.12}}, {"type": "Feature", "geometry": {"type": "Point", "coordinates": [9.251775, 45.547258]}, "properties": {"id": "PF00/0018/F704", "provincia": "MI", "quota": 109.62}}, {"type": "Feature", "geometry": {"type": "Point", "coordinates": [9.032625, 45.204266]}, "properties": {"id": "PF00/0003/L682", "provincia": "MI", "quota": 174.25}}, {"type": "Feature", "geometry": {"type": "Point", "coordinates": [9.080184, 45.185367]}, "properties": {"id": "PF00/0019/D869", "provincia": "MI", "quota": 209.39}}, {"type": "Feature", "geometry": {"type": "Point", "coordinates": [8.989605, 45.271202]}, "properties": {"id": "PF00/0024/F205", "provincia": "MI", "quota": 285.5}}, {"type": "Feature", "geometry": {"type": "Point", "coordinates": [9.310577, 45.172098]}, "properties": {"id": "PF00/0034/D869", "provincia": "MI", "quota": 72.27}}, {"type": "Feature", "geometry": {"type": "Point", "coordinates": [9.108257, 45.321853]}, "properties": {"id": "PF00/0021/D869", "provincia": "MI", "quota": 238.63}}, {"type": "Feature", "geometry": {"type": "Point", "coordinates": [8.933641, 45.331509]}, "properties": {"id": "PF00/0034/L682", "provincia": "MI", "quota": 264.99}}, {"type": "Feature", "geometry": {"type": "Point", "coordinates": [9.240304, 45.30878]}, "properties": {"id": "PF00/0027/D869", "provincia": "MI", "quota": 139.74}}, {"type": "Feature", "geometry": {"type": "Point", "coordinates": [9.121589, 45.232734]}, "properties": {"id": "PF00/0002/F704", "provincia": "MI", "quota": 145.75}}, {"type": "Feature", "geometry": {"type": "Point", "coordinates": [9.027691, 45.330284]}, "properties": {"id": "PF00/0026/D869", "provincia": "MI", "quota": 267.01}}, {"type": "Feature", "geometry": {"type": "Point", "coordinates": [9.250934, 45.452639]}, "properties": {"id": "PF00/0021/L682", "provincia": "MI", "quota": 314.62}}, {"type": "Feature", "geometry": {"type": "Point", "coordinates": [9.155906, 45.58241]}, "properties": {"id": "PF00/0031/D869", "provincia": "MI", "quota": 89.8}}, {"type": "Feature", "geometry": {"type": "Point", "coordinates": [9.266612, 45.223125]}, "properties": {"id": "PF00/0012/L682", "provincia": "MI", "quota": 147.26}}, {"type": "Feature", "geometry": {"type": "Point", "coordinates": [9.210962, 45.621402]}, "properties": {"id": "PF00/0001/D869", "provincia": "MI", "quota": 185.91}}, {"type": "Feature", "geometry": {"type": "Point", "coordinates": [8.927937, 45.472376]}, "properties": {"id": "PF00/0038/L682", "provincia": "MI", "quota": 100.35}}, {"type": "Feature", "geometry": {"type": "Point", "coordinates": [9.300273, 45.219694]}, "properties": {"id": "PF00/0006/F205", "provincia": "MI", "quota": 203.29}}, {"type": "Feature", "geometry": {"type": "Point", "coordinates": [9.198885, 45.694715]}, "properties": {"id": "PF00/0038/L682", "provincia": "MI", "quota": 236.7}}, {"type": "Feature", "geometry": {"type": "Point", "coordinates": [9.357893, 45.455162]}, "properties": {"id": "PF00/0014/D869", "provincia": "MI", "quota": 305.99}}, {"type": "Feature", "geometry": {"type": "Point", "coordinates": [9.27365, 45.696043]}, "properties": {"id": "PF00/0019/F704", "provincia": "MI", "quota": 291.34}}, {"type": "Feature", "geometry": {"type": "Point", "coordinates": [9.171397, 45.255359]}, "properties": {"id": "PF00/0010/L682", "provincia": "MI", "quota": 303.07}}, {"type": "Feature", "geometry": {"type": "Point", "coordinates": [9.384293, 45.437981]}, "properties": {"id": "PF00/0038/L682", "provincia": "MI", "quota": 163.08}}, {"type": "Feature", "geometry": {"type": "Point", "coordinates": [9.376355, 45.208853]}, "properties": {"id": "PF00/0030/L682", "provincia": "MI", "quota": 198.91}}, {"type": "Feature", "geometry": {"type": "Point", "coordinates": [12.203467, 41.690842]}, "properties": {"id": "PF00/0018/H282", "provincia": "RM", "quota": 47.66}}, {"type": "Feature", "geometry": {"type": "Point", "coordinates": [12.408516, 41.782132]}, "properties": {"id": "PF00/0033/G811", "provincia": "RM", "quota": 177.7}}, {"type": "Feature", "geometry": {"type": "Point", "coordinates": [12.645132, 41.718423]}, "properties": {"id": "PF00/0017/G811", "provincia": "RM", "quota": 9.23}}, {"type": "Feature", "geometry": {"type": "Point", "coordinates": [12.458909, 41.853667]}, "properties": {"id": "PF00/0029/H282", "provincia": "RM", "quota": 106.5}}, {"type": "Feature", "geometry": {"type": "Point", "coordinates": [12.422908, 41.994867]}, "properties": {"id": "PF00/0043/H501", "provincia": "RM", "quota": 176.01}}, {"type": "Feature", "geometry": {"type": "Point", "coordinates": [12.609308, 41.975661]}, "properties": {"id": "PF00/0046/F205", "provincia": "RM", "quota": 118.83}}, {"type": "Feature", "geometry": {"type": "Point", "coordinates": [12.203132, 42.061705]}, "properties": {"id": "PF00/0014/A089", "provincia": "RM", "quota": 47.98}}, {"type": "Feature", "geometry": {"type": "Point", "coordinates": [12.415679, 41.981476]}, "properties": {"id": "PF00/0033/H501", "provincia": "RM", "quota": 134.85}}, {"type": "Feature", "geometry": {"type": "Point", "coordinates": [12.650474, 41.931817]}, "properties": {"id": "PF00/0032/A089", "provincia": "RM", "quota": 198.78}}, {"type": "Feature", "geometry": {"type": "Point", "coordinates": [12.345777, 41.91624]}, "properties": {"id": "PF00/0042/F205", "provincia": "RM", "quota": 75.47}}, {"type": "Feature", "geometry": {"type": "Point", "coordinates": [12.621808, 42.081166]}, "properties": {"id": "PF00/0015/F205", "provincia": "RM", "quota": 161.45}}, {"type": "Feature", "geometry": {"type": "Point", "coordinates": [12.334779, 42.052709]}, "properties": {"id": "PF00/0019/H282", "provincia": "RM", "quota": 149.07}}, {"type": "Feature", "geometry": {"type": "Point", "coordinates": [12.639574, 41.66638]}, "properties": {"id": "PF00/0017/H282", "provincia": "RM", "quota": 9.53}}, {"type": "Feature", "geometry": {"type": "Point", "coordinates": [12.481178, 41.949821]}, "properties": {"id": "PF00/0012/A089", "provincia": "RM", "quota": 90.21}}, {"type": "Feature", "geometry": {"type": "Point", "coordinates": [12.511586, 41.761633]}, "properties": {"id": "PF00/0047/A089", "provincia": "RM", "quota": 71.52}}, {"type": "Feature", "geometry": {"type": "Point", "coordinates": [12.41678, 41.828319]}, "properties": {"id": "PF00/0005/H501", "provincia": "RM", "quota": 179.04}}, {"type": "Feature", "geometry": {"type": "Point", "coordinates": [12.491203, 41.914873]}, "properties": {"id": "PF00/0037/H282", "provincia": "RM", "quota": 142.5}}, {"type": "Feature", "geometry": {"type": "Point", "coordinates": [12.404633, 41.594972]}, "properties": {"id": "PF00/0022/H282", "provincia": "RM", "quota": 62.65}}, {"type": "Feature", "geometry": {"type": "Point", "coordinates": [12.604389, 41.992619]}, "properties": {"id": "PF00/0018/G811", "provincia": "RM", "quota": 5.85}}, {"type": "Feature", "geometry": {"type": "Point", "coordinates": [12.603716, 41.883775]}, "properties": {"id": "PF00/0014/A089", "provincia": "RM", "quota": 168.73}}, {"type": "Feature", "geometry": {"type": "Point", "coordinates": [12.521254, 42.125396]}, "properties": {"id": "PF00/0039/H501", "provincia": "RM", "quota": 37.48}}, {"type": "Feature", "geometry": {"type": "Point", "coordinates": [12.643596, 41.705365]}, "properties": {"id": "PF00/0024/F205", "provincia": "RM", "quota": 151.66}}, {"type": "Feature", "geometry": {"type": "Point", "coordinates": [12.622682, 41.624883]}, "properties": {"id": "PF00/0002/F205", "provincia": "RM", "quota": 121.07}}, {"type": "Feature", "geometry": {"type": "Point", "coordinates": [12.516064, 41.917408]}, "properties": {"id": "PF00/0020/H501", "provincia": "RM", "quota": -26.9}}, {"type": "Feature", "geometry": {"type": "Point", "coordinates": [12.263123, 42.062167]}, "properties": {"id": "PF00/0048/F205", "provincia": "RM", "quota": 128.9}}, {"type": "Feature", "geometry": {"type": "Point", "coordinates": [12.47714, 41.845008]}, "properties": {"id": "PF00/0043/H501", "provincia": "RM", "quota": 100.36}}, {"type": "Feature", "geometry": {"type": "Point", "coordinates": [12.303584, 41.920303]}, "properties": {"id": "PF00/0048/F205", "provincia": "RM", "quota": -5.26}}, {"type": "Feature", "geometry": {"type": "Point", "coordinates": [12.442251, 42.095553]}, "properties": {"id": "PF00/0017/G811", "provincia": "RM", "quota": 145.53}}, {"type": "Feature", "geometry": {"type": "Point", "coordinates": [12.28554, 41.801184]}, "properties": {"id": "PF00/0013/G811", "provincia": "RM", "quota": -5.51}}, {"type": "Feature", "geometry": {"type": "Point", "coordinates": [12.569315, 42.022151]}, "properties": {"id": "PF00/0036/H501", "provincia": "RM", "quota": 98.17}}, {"type": "Feature", "geometry": {"type": "Point", "coordinates": [12.360449, 41.70772]}, "properties": {"id": "PF00/0046/G811", "provincia": "RM", "quota": 17.75}}, {"type": "Feature", "geometry": {"type": "Point", "coordinates": [12.607568, 41.782563]}, "properties": {"id": "PF00/0019/H282", "provincia": "RM", "quota": -26.19}}, {"type": "Feature", "geometry": {"type": "Point", "coordinates": [12.393587, 41.816214]}, "properties": {"id": "PF00/0011/H282", "provincia": "RM", "quota": 91.93}}, {"type": "Feature", "geometry": {"type": "Point", "coordinates": [12.616125, 41.714948]}, "properties": {"id": "PF00/0003/H282", "provincia": "RM", "quota": 50.92}}, {"type": "Feature", "geometry": {"type": "Point", "coordinates": [12.509607, 41.968119]}, "properties": {"id": "PF00/0032/G811", "provincia": "RM", "quota": 180.97}}, {"type": "Feature", "geometry": {"type": "Point", "coordinates": [12.45209, 41.876371]}, "properties": {"id": "PF00/0010/G811", "provincia": "RM", "quota": 44.39}}, {"type": "Feature", "geometry": {"type": "Point", "coordinates": [12.394812, 42.044129]}, "properties": {"id": "PF00/0013/H282", "provincia": "RM", "quota": 155.89}}, {"type": "Feature", "geometry": {"type": "Point", "coordinates": [12.665011, 41.973496]}, "properties": {"id": "PF00/0048/F205", "provincia": "RM", "quota": 120.13}}, {"type": "Feature", "geometry": {"type": "Point", "coordinates": [12.442744, 41.963977]}, "properties": {"id": "PF00/0008/H501", "provincia": "RM", "quota": 102.18}}, {"type": "Feature", "geometry": {"type": "Point", "coordinates": [12.37289, 41.804132]}, "properties": {"id": "PF00/0019/H282", "provincia": "RM", "quota": 19.73}}, {"type": "Feature", "geometry": {"type": "Point", "coordinates": [12.272502, 41.936895]}, "properties": {"id": "PF00/0028/H282", "provincia": "RM", "quota": 107.14}}, {"type": "Feature", "geometry": {"type": "Point", "coordinates": [12.210421, 41.919665]}, "properties": {"id": "PF00/0046/H501", "provincia": "RM", "quota": 122.11}}, {"type": "Feature", "geometry": {"type": "Point", "coordinates": [12.531497, 41.896191]}, "properties": {"id": "PF00/0038/A089", "provincia": "RM", "quota": 178.86}}, {"type": "Feature", "geometry": {"type": "Point", "coordinates": [12.501069, 41.773811]}, "properties": {"id": "PF00/0033/H501", "provincia": "RM", "quota": 199.36}}, {"type": "Feature", "geometry": {"type": "Point", "coordinates": [12.36537, 41.699855]}, "properties": {"id": "PF00/0027/H501", "provincia": "RM", "quota": 161.77}}, {"type": "Feature", "geometry": {"type": "Point", "coordinates": [12.578687, 41.761123]}, "properties": {"id": "PF00/0022/G811", "provincia": "RM", "quota": 96.63}}, {"type": "Feature", "geometry": {"type": "Point", "coordinates": [12.226672, 41.732672]}, "properties": {"id": "PF00/0041/F205", "provincia": "RM", "quota": 212.56}}, {"type": "Feature", "geometry": {"type": "Point", "coordinates": [12.275818, 42.074317]}, "properties": {"id": "PF00/0031/F205", "provincia": "RM", "quota": 73.26}}, {"type": "Feature", "geometry": {"type": "Point", "coordinates": [12.558325, 41.634662]}, "properties": {"id": "PF00/0003/G811", "provincia": "RM", "quota": -0.52}}, {"type": "Feature", "geometry": {"type": "Point", "coordinates": [12.39684, 41.997062]}, "properties": {"id": "PF00/0049/G811", "provincia": "RM", "quota": 25.3}}, {"type": "Feature", "geometry": {"type": "Point", "coordinates": [12.574992, 41.598163]}, "properties": {"id": "PF00/0027/A089", "provincia": "RM", "quota": -4.82}}, {"type": "Feature", "geometry": {"type": "Point", "coordinates": [12.235275, 41.771932]}, "properties": {"id": "PF00/0049/H501", "provincia": "RM", "quota": 20.8}}, {"type": "Feature", "geometry": {"type": "Point", "coordinates": [12.377671, 41.670132]}, "properties": {"id": "PF00/0047/H282", "provincia": "RM", "quota": 109.76}}, {"type": "Feature", "geometry": {"type": "Point", "coordinates": [12.363008, 41.706879]}, "properties": {"id": "PF00/0042/F205", "provincia": "RM", "quota": 88.77}}, {"type": "Feature", "geometry": {"type": "Point", "coordinates": [12.67451, 41.87173]}, "properties": {"id": "PF00/0014/A089", "provincia": "RM", "quota": 133.21}}, {"type": "Feature", "geometry": {"type": "Point", "coordinates": [12.502856, 41.828441]}, "properties": {"id": "PF00/0026/H501", "provincia": "RM", "quota": 126.84}}, {"type": "Feature", "geometry": {"type": "Point", "coordinates": [12.368153, 41.899594]}, "properties": {"id": "PF00/0048/A089", "provincia": "RM", "quota": 31.47}}, {"type": "Feature", "geometry": {"type": "Point", "coordinates": [12.617151, 41.806825]}, "properties": {"id": "PF00/0018/A089", "provincia": "RM", "quota": 127.11}}, {"type": "Feature", "geometry": {"type": "Point", "coordinates": [12.430326, 41.712423]}, "properties": {"id": "PF00/0015/F205", "provincia": "RM", "quota": 151.08}}, {"type": "Feature", "geometry": {"type": "Point", "coordinates": [12.272691, 42.078116]}, "properties": {"id": "PF00/0021/A089", "provincia": "RM", "quota": 116.49}}, {"type": "Feature", "geometry": {"type": "Point", "coordinates": [12.192335, 41.628417]}, "properties": {"id": "PF00/0010/A089", "provincia": "RM", "quota": 188.95}}, {"type": "Feature", "geometry": {"type": "Point", "coordinates": [12.536816, 41.709899]}, "properties": {"id": "PF00/0031/H501", "provincia": "RM", "quota": 97.71}}, {"type": "Feature", "geometry": {"type": "Point", "coordinates": [12.437512, 41.722179]}, "properties": {"id": "PF00/0010/H501", "provincia": "RM", "quota": 93.56}}, {"type": "Feature", "geometry": {"type": "Point", "coordinates": [12.282978, 41.932874]}, "properties": {"id": "PF00/0008/H282", "provincia": "RM", "quota": 210.96}}, {"type": "Feature", "geometry": {"type": "Point", "coordinates": [12.639059, 41.680535]}, "properties": {"id": "PF00/0042/G811", "provincia": "RM", "quota": 145.42}}, {"type": "Feature", "geometry": {"type": "Point", "coordinates": [12.517132, 41.61]}, "properties": {"id": "PF00/0015/F205", "provincia": "RM", "quota": 201.39}}, {"type": "Feature", "geometry": {"type": "Point", "coordinates": [12.61757, 41.71183]}, "properties": {"id": "PF00/0022/A089", "provincia": "RM", "quota": 92.41}}, {"type": "Feature", "geometry": {"type": "Point", "coordinates": [12.568537, 41.814702]}, "properties": {"id": "PF00/0024/G811", "provincia": "RM", "quota": 98.09}}, {"type": "Feature", "geometry": {"type": "Point", "coordinates": [12.475177, 42.083362]}, "properties": {"id": "PF00/0035/H501", "provincia": "RM", "quota": -29.91}}, {"type": "Feature", "geometry": {"type": "Point", "coordinates": [12.303613, 42.03793]}, "properties": {"id": "PF00/0045/G811", "provincia": "RM", "quota": 173.84}}, {"type": "Feature", "geometry": {"type": "Point", "coordinates": [12.466181, 42.070122]}, "properties": {"id": "PF00/0038/G811", "provincia": "RM", "quota": 4.4}}, {"type": "Feature", "geometry": {"type": "Point", "coordinates": [12.355258, 42.016032]}, "properties": {"id": "PF00/0042/A089", "provincia": "RM", "quota": 187.05}}, {"type": "Feature", "geometry": {"type": "Point", "coordinates": [12.416147, 41.612139]}, "properties": {"id": "PF00/0025/G811", "provincia": "RM", "quota": 206.07}}, {"type": "Feature", "geometry": {"type": "Point", "coordinates": [12.566875, 41.613296]}, "properties": {"id": "PF00/0012/H501", "provincia": "RM", "quota": 218.83}}, {"type": "Feature", "geometry": {"type": "Point", "coordinates": [12.345269, 41.738459]}, "properties": {"id": "PF00/0041/A089", "provincia": "RM", "quota": 137.09}}, {"type": "Feature", "geometry": {"type": "Point", "coordinates": [12.257867, 41.849133]}, "properties": {"id": "PF00/0006/H282", "provincia": "RM", "quota": 68.75}}, {"type": "Feature", "geometry": {"type": "Point", "coordinates": [12.286742, 41.835773]}, "properties": {"id": "PF00/0011/G811", "provincia": "RM", "quota": -13.05}}, {"type": "Feature", "geometry": {"type": "Point", "coordinates": [12.557188, 41.880086]}, "properties": {"id": "PF00/0030/F205", "provincia": "RM", "quota": 92.74}}, {"type": "Feature", "geometry": {"type": "Point", "coordinates": [12.322044, 42.053079]}, "properties": {"id": "PF00/0019/H282", "provincia": "RM", "quota": -11.94}}, {"type": "Feature", "geometry": {"type": "Point", "coordinates": [12.644687, 41.868913]}, "properties": {"id": "PF00/0019/F205", "provincia": "RM", "quota": -4.04}}, {"type": "Feature", "geometry": {"type": "Point", "coordinates": [12.347971, 41.711072]}, "properties": {"id": "PF00/0033/A089", "provincia": "RM", "quota": -13.95}}, {"type": "Feature", "geometry": {"type": "Point", "coordinates": [12.439797, 41.685125]}, "properties": {"id": "PF00/0047/H282", "provincia": "RM", "quota": 108.84}}, {"type": "Feature", "geometry": {"type": "Point", "coordinates": [12.623278, 41.675431]}, "properties": {"id": "PF00/0014/G811", "provincia": "RM", "quota": 37.7}}, {"type": "Feature", "geometry": {"type": "Point", "coordinates": [12.472353, 41.8553]}, "properties": {"id": "PF00/0028/H282", "provincia": "RM", "quota": 69.49}}, {"type": "Feature", "geometry": {"type": "Point", "coordinates": [12.428136, 41.829945]}, "properties": {"id": "PF00/0035/H501", "provincia": "RM", "quota": 47.47}}, {"type": "Feature", "geometry": {"type": "Point", "coordinates": [12.479273, 42.021912]}, "properties": {"id": "PF00/0023/F205", "provincia": "RM", "quota": 177.73}}, {"type": "Feature", "geometry": {"type": "Point", "coordinates": [12.599306, 41.989058]}, "properties": {"id": "PF00/0009/H501", "provincia": "RM", "quota": -8.27}}, {"type": "Feature", "geometry": {"type": "Point", "coordinates": [12.283505, 42.038877]}, "properties": {"id": "PF00/0021/H501", "provincia": "RM", "quota": 76.69}}, {"type": "Feature", "geometry": {"type": "Point", "coordinates": [12.260325, 42.102421]}, "properties": {"id": "PF00/0044/H282", "provincia": "RM", "quota": 189.8}}, {"type": "Feature", "geometry": {"type": "Point", "coordinates": [12.259885, 41.63068]}, "properties": {"id": "PF00/0041/H282", "provincia": "RM", "quota": 40.2}}, {"type": "Feature", "geometry": {"type": "Point", "coordinates": [12.548421, 41.653074]}, "properties": {"id": "PF00/0033/F205", "provincia": "RM", "quota": 52.28}}, {"type": "Feature", "geometry": {"type": "Point", "coordinates": [12.475009, 41.772107]}, "properties": {"id": "PF00/0006/H501", "provincia": "RM", "quota": 140.87}}, {"type": "Feature", "geometry": {"type": "Point", "coordinates": [12.410957, 41.674461]}, "properties": {"id": "PF00/0025/G811", "provincia": "RM", "quota": 127.76}}, {"type": "Feature", "geometry": {"type": "Point", "coordinates": [12.359622, 42.019041]}, "properties": {"id": "PF00/0020/H501", "provincia": "RM", "quota": 94.77}}, {"type": "Feature", "geometry": {"type": "Point", "coordinates": [12.629641, 41.885023]}, "properties": {"id": "PF00/0013/A089", "provincia": "RM", "quota": -5.5}}, {"type": "Feature", "geometry": {"type": "Point", "coordinates": [12.383846, 41.725691]}, "properties": {"id": "PF00/0005/F205", "provincia": "RM", "quota": 17.71}}, {"type": "Feature", "geometry": {"type": "Point", "coordinates": [12.274299, 41.644487]}, "properties": {"id": "PF00/0009/G811", "provincia": "RM", "quota": 4.9}}, {"type": "Feature", "geometry": {"type": "Point", "coordinates": [12.441217, 41.943187]}, "properties": {"id": "PF00/0017/G811", "provincia": "RM", "quota": 51.37}}, {"type": "Feature", "geometry": {"type": "Point", "coordinates": [12.393953, 42.014293]}, "properties": {"id": "PF00/0006/H282", "provincia": "RM", "quota": 97.15}}, {"type": "Feature", "geometry": {"type": "Point", "coordinates": [12.652008, 41.732795]}, "properties": {"id": "PF00/0046/H282", "provincia": "RM", "quota": 83.8}}, {"type": "Feature", "geometry": {"type": "Point", "coordinates": [12.448432, 41.908144]}, "properties": {"id": "PF00/0019/H501", "provincia": "RM", "quota": -0.11}}, {"type": "Feature", "geometry": {"type": "Point", "coordinates": [12.571571, 41.7896]}, "properties": {"id": "PF00/0020/H282", "provincia": "RM", "quota": 148.9}}, {"type": "Feature", "geometry": {"type": "Point", "coordinates": [12.607121, 42.059184]}, "properties": {"id": "PF00/0010/G811", "provincia": "RM", "quota": 157.68}}, {"type": "Feature", "geometry": {"type": "Point", "coordinates": [12.196328, 41.776444]}, "properties": {"id": "PF00/0011/H501", "provincia": "RM", "quota": 90.67}}, {"type": "Feature", "geometry": {"type": "Point", "coordinates": [12.639602, 41.645997]}, "properties": {"id": "PF00/0008/H282", "provincia": "RM", "quota": 17.06}}, {"type": "Feature", "geometry": {"type": "Point", "coordinates": [12.518412, 42.016829]}, "properties": {"id": "PF00/0028/H501", "provincia": "RM", "quota": 145.02}}, {"type": "Feature", "geometry": {"type": "Point", "coordinates": [12.482534, 41.706207]}, "properties": {"id": "PF00/0033/H501", "provincia": "RM", "quota": 170.66}}, {"type": "Feature", "geometry": {"type": "Point", "coordinates": [12.66272, 41.970387]}, "properties": {"id": "PF00/0017/H501", "provincia": "RM", "quota": 35.8}}, {"type": "Feature", "geometry": {"type": "Point", "coordinates": [12.327842, 42.031553]}, "properties": {"id": "PF00/0042/H282", "provincia": "RM", "quota": 159.03}}, {"type": "Feature", "geometry": {"type": "Point", "coordinates": [12.207613, 42.079263]}, "properties": {"id": "PF00/0040/A089", "provincia": "RM", "quota": 174.37}}, {"type": "Feature", "geometry": {"type": "Point", "coordinates": [12.24436, 41.667527]}, "properties": {"id": "PF00/0012/H501", "provincia": "RM", "quota": 127.03}}, {"type": "Feature", "geometry": {"type": "Point", "coordinates": [12.43904, 42.121824]}, "properties": {"id": "PF00/0045/H282", "provincia": "RM", "quota": 121.47}}, {"type": "Feature", "geometry": {"type": "Point", "coordinates": [12.281376, 41.926717]}, "properties": {"id": "PF00/0032/A089", "provincia": "RM", "quota": 179.44}}, {"type": "Feature", "geometry": {"type": "Point", "coordinates": [12.388026, 41.961655]}, "properties": {"id": "PF00/0019/H282", "provincia": "RM", "quota": 46.97}}, {"type": "Feature", "geometry": {"type": "Point", "coordinates": [12.619463, 41.598251]}, "properties": {"id": "PF00/0021/F205", "provincia": "RM", "quota": 106.95}}, {"type": "Feature", "geometry": {"type": "Point", "coordinates": [12.399139, 41.772007]}, "properties": {"id": "PF00/0048/H501", "provincia": "RM", "quota": 113.68}}, {"type": "Feature", "geometry": {"type": "Point", "coordinates": [12.358245, 41.787401]}, "properties": {"id": "PF00/0048/A089", "provincia": "RM", "quota": 195.81}}, {"type": "Feature", "geometry": {"type": "Point", "coordinates": [12.392568, 41.591668]}, "properties": {"id": "PF00/0029/G811", "provincia": "RM", "quota": 11.56}}, {"type": "Feature", "geometry": {"type": "Point", "coordinates": [12.463463, 41.975274]}, "properties": {"id": "PF00/0015/H501", "provincia": "RM", "quota": 43.77}}, {"type": "Feature", "geometry": {"type": "Point", "coordinates": [12.245764, 42.132596]}, "properties": {"id": "PF00/0047/F205", "provincia": "RM", "quota": 73.61}}, {"type": "Feature", "geometry": {"type": "Point", "coordinates": [12.52897, 41.862093]}, "properties": {"id": "PF00/0033/H282", "provincia": "RM", "quota": 153.19}}, {"type": "Feature", "geometry": {"type": "Point", "coordinates": [12.46596, 41.663695]}, "properties": {"id": "PF00/0022/A089", "provincia": "RM", "quota": 135.33}}, {"type": "Feature", "geometry": {"type": "Point", "coordinates": [12.388319, 41.625971]}, "properties": {"id": "PF00/0006/G811", "provincia": "RM", "quota": -14.86}}, {"type": "Feature", "geometry": {"type": "Point", "coordinates": [12.206357, 42.021943]}, "properties": {"id": "PF00/0001/H282", "provincia": "RM", "quota": 35.59}}, {"type": "Feature", "geometry": {"type": "Point", "coordinates": [12.624457, 41.758164]}, "properties": {"id": "PF00/0031/A089", "provincia": "RM", "quota": 85.37}}, {"type": "Feature", "geometry": {"type": "Point", "coordinates": [12.281971, 41.667723]}, "properties": {"id": "PF00/0041/F205", "provincia": "RM", "quota": 53.93}}, {"type": "Feature", "geometry": {"type": "Point", "coordinates": [12.517292, 41.60496]}, "properties": {"id": "PF00/0026/H282", "provincia": "RM", "quota": 194.76}}, {"type": "Feature", "geometry": {"type": "Point", "coordinates": [12.25356, 41.601225]}, "properties": {"id": "PF00/0041/G811", "provincia": "RM", "quota": 148.37}}, {"type": "Feature", "geometry": {"type": "Point", "coordinates": [12.354263, 41.768872]}, "properties": {"id": "PF00/0036/G811", "provincia": "RM", "quota": 113.97}}, {"type": "Feature", "geometry": {"type": "Point", "coordinates": [12.660405, 41.97421]}, "properties": {"id": "PF00/0024/F205", "provincia": "RM", "quota": 62.66}}, {"type": "Feature", "geometry": {"type": "Point", "coordinates": [12.333425, 42.036924]}, "properties": {"id": "PF00/0009/F205", "provincia": "RM", "quota": 145.25}}, {"type": "Feature", "geometry": {"type": "Point", "coordinates": [12.306543, 41.973188]}, "properties": {"id": "PF00/0003/A089", "provincia": "RM", "quota": -4.97}}, {"type": "Feature", "geometry": {"type": "Point", "coordinates": [12.57012, 41.835207]}, "properties": {"id": "PF00/0041/F205", "provincia": "RM", "quota": 215.51}}, {"type": "Feature", "geometry": {"type": "Point", "coordinates": [12.257719, 41.953799]}, "properties": {"id": "PF00/0044/G811", "provincia": "RM", "quota": 217.54}}, {"type": "Feature", "geometry": {"type": "Point", "coordinates": [12.462698, 41.620882]}, "properties": {"id": "PF00/0006/F205", "provincia": "RM", "quota": 87.59}}, {"type": "Feature", "geometry": {"type": "Point", "coordinates": [12.298275, 41.640831]}, "properties": {"id": "PF00/0037/A089", "provincia": "RM", "quota": 137.55}}, {"type": "Feature", "geometry": {"type": "Point", "coordinates": [12.572164, 41.622483]}, "properties": {"id": "PF00/0033/H501", "provincia": "RM", "quota": 123.09}}, {"type": "Feature", "geometry": {"type": "Point", "coordinates": [12.559512, 42.109917]}, "properties": {"id": "PF00/0003/H501", "provincia": "RM", "quota": 49.94}}, {"type": "Feature", "geometry": {"type": "Point", "coordinates": [12.555276, 42.076195]}, "properties": {"id": "PF00/0004/H282", "provincia": "RM", "quota": 94.89}}, {"type": "Feature", "geometry": {"type": "Point", "coordinates": [12.644758, 41.616354]}, "properties": {"id": "PF00/0048/F205", "provincia": "RM", "quota": 22.5}}, {"type": "Feature", "geometry": {"type": "Point", "coordinates": [12.371396, 41.849406]}, "properties": {"id": "PF00/0010/H282", "provincia": "RM", "quota": 95.32}}, {"type": "Feature", "geometry": {"type": "Point", "coordinates": [12.237468, 41.742333]}, "properties": {"id": "PF00/0025/A089", "provincia": "RM", "quota": 5.08}}, {"type": "Feature", "geometry": {"type": "Point", "coordinates": [12.214594, 41.992187]}, "properties": {"id": "PF00/0049/H501", "provincia": "RM", "quota": -19.03}}, {"type": "Feature", "geometry": {"type": "Point", "coordinates": [12.401862, 41.89831]}, "properties": {"id": "PF00/0035/H501", "provincia": "RM", "quota": -2.1}}, {"type": "Feature", "geometry": {"type": "Point", "coordinates": [12.583714, 41.879704]}, "properties": {"id": "PF00/0013/A089", "provincia": "RM", "quota": 132.64}}, {"type": "Feature", "geometry": {"type": "Point", "coordinates": [12.654953, 41.988209]}, "properties": {"id": "PF00/0013/G811", "provincia": "RM", "quota": 177.49}}, {"type": "Feature", "geometry": {"type": "Point", "coordinates": [12.233276, 41.974112]}, "properties": {"id": "PF00/0008/H501", "provincia": "RM", "quota": 52.57}}, {"type": "Feature", "geometry": {"type": "Point", "coordinates": [12.397742, 42.021862]}, "properties": {"id": "PF00/0048/G811", "provincia": "RM", "quota": 67.86}}, {"type": "Feature", "geometry": {"type": "Point", "coordinates": [12.311826, 42.045596]}, "properties": {"id": "PF00/0020/H501", "provincia": "RM", "quota": 14.12}}, {"type": "Feature", "geometry": {"type": "Point", "coordinates": [12.627268, 41.918831]}, "properties": {"id": "PF00/0029/H501", "provincia": "RM", "quota": 83.03}}, {"type": "Feature", "geometry": {"type": "Point", "coordinates": [12.494368, 41.701281]}, "properties": {"id": "PF00/0008/A089", "provincia": "RM", "quota": 211.1}}, {"type": "Feature", "geometry": {"type": "Point", "coordinates": [12.542257, 42.042221]}, "properties": {"id": "PF00/0034/H282", "provincia": "RM", "quota": -5.38}}, {"type": "Feature", "geometry": {"type": "Point", "coordinates": [12.293027, 42.107945]}, "properties": {"id": "PF00/0027/G811", "provincia": "RM", "quota": 40.52}}, {"type": "Feature", "geometry": {"type": "Point", "coordinates": [12.553934, 41.621774]}, "properties": {"id": "PF00/0009/F205", "provincia": "RM", "quota": 97.92}}, {"type": "Feature", "geometry": {"type": "Point", "coordinates": [12.295242, 42.070421]}, "properties": {"id": "PF00/0039/F205", "provincia": "RM", "quota": 140.55}}, {"type": "Feature", "geometry": {"type": "Point", "coordinates": [12.620176, 41.728195]}, "properties": {"id": "PF00/0017/H282", "provincia": "RM", "quota": -0.91}}, {"type": "Feature", "geometry": {"type": "Point", "coordinates": [12.428662, 41.951347]}, "properties": {"id": "PF00/0034/H282", "provincia": "RM", "quota": 215.52}}, {"type": "Feature", "geometry": {"type": "Point", "coordinates": [12.552524, 42.119773]}, "properties": {"id": "PF00/0042/H282", "provincia": "RM", "quota": -15.21}}, {"type": "Feature", "geometry": {"type": "Point", "coordinates": [12.647053, 42.022099]}, "properties": {"id": "PF00/0032/H501", "provincia": "RM", "quota": 163.26}}, {"type": "Feature", "geometry": {"type": "Point", "coordinates": [12.430246, 41.777653]}, "properties": {"id": "PF00/0040/A089", "provincia": "RM", "quota": 51.27}}, {"type": "Feature", "geometry": {"type": "Point", "coordinates": [12.295056, 42.004914]}, "properties": {"id": "PF00/0044/H282", "provincia": "RM", "quota": 110.09}}, {"type": "Feature", "geometry": {"type": "Point", "coordinates": [12.483463, 42.009901]}, "properties": {"id": "PF00/0040/F205", "provincia": "RM", "quota": 8.58}}, {"type": "Feature", "geometry": {"type": "Point", "coordinates": [12.673624, 41.994421]}, "properties": {"id": "PF00/0005/G811", "provincia": "RM", "quota": 51.42}}, {"type": "Feature", "geometry": {"type": "Point", "coordinates": [12.502336, 41.887239]}, "properties": {"id": "PF00/0046/A089", "provincia": "RM", "quota": 139.41}}, {"type": "Feature", "geometry": {"type": "Point", "coordinates": [12.202435, 41.851942]}, "properties": {"id": "PF00/0010/A089", "provincia": "RM", "quota": 15.05}}, {"type": "Feature", "geometry": {"type": "Point", "coordinates": [12.306296, 41.701085]}, "properties": {"id": "PF00/0026/H282", "provincia": "RM", "quota": 216.14}}, {"type": "Feature", "geometry": {"type": "Point", "coordinates": [12.359211, 41.602459]}, "properties": {"id": "PF00/0007/F205", "provincia": "RM", "quota": 138.95}}, {"type": "Feature", "geometry": {"type": "Point", "coordinates": [12.459935, 41.840562]}, "properties": {"id": "PF00/0029/H501", "provincia": "RM", "quota": 177.75}}, {"type": "Feature", "geometry": {"type": "Point", "coordinates": [12.405255, 42.011448]}, "properties": {"id": "PF00/0022/A089", "provincia": "RM", "quota": 5.46}}, {"type": "Feature", "geometry": {"type": "Point", "coordinates": [12.264309, 41.977731]}, "properties": {"id": "PF00/0013/H282", "provincia": "RM", "quota": 191.69}}, {"type": "Feature", "geometry": {"type": "Point", "coordinates": [12.471186, 41.976516]}, "properties": {"id": "PF00/0011/H501", "provincia": "RM", "quota": 151.32}}, {"type": "Feature", "geometry": {"type": "Point", "coordinates": [12.207147, 42.06873]}, "properties": {"id": "PF00/0034/A089", "provincia": "RM", "quota": -12.0}}, {"type": "Feature", "geometry": {"type": "Point", "coordinates": [12.309558, 42.011517]}, "properties": {"id": "PF00/0049/A089", "provincia": "RM", "quota": 133.63}}, {"type": "Feature", "geometry": {"type": "Point", "coordinates": [12.401854, 42.104531]}, "properties": {"id": "PF00/0031/F205", "provincia": "RM", "quota": 163.01}}, {"type": "Feature", "geometry": {"type": "Point", "coordinates": [12.281284, 41.729401]}, "properties": {"id": "PF00/0048/F205", "provincia": "RM", "quota": 146.17}}, {"type": "Feature", "geometry": {"type": "Point", "coordinates": [12.21797, 41.676756]}, "properties": {"id": "PF00/0029/H282", "provincia": "RM", "quota": 209.39}}, {"type": "Feature", "geometry": {"type": "Point", "coordinates": [12.578026, 41.954566]}, "properties": {"id": "PF00/0002/H501", "provincia": "RM", "quota": 167.65}}, {"type": "Feature", "geometry": {"type": "Point", "coordinates": [12.437582, 41.641647]}, "properties": {"id": "PF00/0033/F205", "provincia": "RM", "quota": 211.63}}, {"type": "Feature", "geometry": {"type": "Point", "coordinates": [12.481545, 41.818694]}, "properties": {"id": "PF00/0005/A089", "provincia": "RM", "quota": 75.65}}, {"type": "Feature", "geometry": {"type": "Point", "coordinates": [12.34013, 41.800241]}, "properties": {"id": "PF00/0011/F205", "provincia": "RM", "quota": 5.71}}, {"type": "Feature", "geometry": {"type": "Point", "coordinates": [12.271661, 41.702285]}, "properties": {"id": "PF00/0049/A089", "provincia": "RM", "quota": 76.97}}, {"type": "Feature", "geometry": {"type": "Point", "coordinates": [12.438999, 41.796078]}, "properties": {"id": "PF00/0011/A089", "provincia": "RM", "quota": 219.74}}, {"type": "Feature", "geometry": {"type": "Point", "coordinates": [12.514299, 41.82901]}, "properties": {"id": "PF00/0041/F205", "provincia": "RM", "quota": 61.03}}, {"type": "Feature", "geometry": {"type": "Point", "coordinates": [12.425874, 41.885219]}, "properties": {"id": "PF00/0019/A089", "provincia": "RM", "quota": 44.97}}, {"type": "Feature", "geometry": {"type": "Point", "coordinates": [12.369998, 41.992732]}, "properties": {"id": "PF00/0036/H282", "provincia": "RM", "quota": 175.64}}, {"type": "Feature", "geometry": {"type": "Point", "coordinates": [12.341834, 41.77108]}, "properties": {"id": "PF00/0008/F205", "provincia": "RM", "quota": 30.86}}, {"type": "Feature", "geometry": {"type": "Point", "coordinates": [12.536482, 41.618382]}, "properties": {"id": "PF00/0021/A089", "provincia": "RM", "quota": 52.79}}, {"type": "Feature", "geometry": {"type": "Point", "coordinates": [12.369913, 41.7564]}, "properties": {"id": "PF00/0009/H501", "provincia": "RM", "quota": -3.46}}, {"type": "Feature", "geometry": {"type": "Point", "coordinates": [12.447205, 42.046737]}, "properties": {"id": "PF00/0034/A089", "provincia": "RM", "quota": 149.32}}, {"type": "Feature", "geometry": {"type": "Point", "coordinates": [12.370432, 42.114011]}, "properties": {"id": "PF00/0037/F205", "provincia": "RM", "quota": 149.98}}, {"type": "Feature", "geometry": {"type": "Point", "coordinates": [12.487583, 42.11106]}, "properties": {"id": "PF00/0021/H501", "provincia": "RM", "quota": 136.54}}, {"type": "Feature", "geometry": {"type": "Point", "coordinates": [12.619545, 41.636118]}, "properties": {"id": "PF00/0043/H501", "provincia": "RM", "quota": 64.89}}, {"type": "Feature", "geometry": {"type": "Point", "coordinates": [12.357252, 41.775909]}, "properties": {"id": "PF00/0003/G811", "provincia": "RM", "quota": 21.09}}, {"type": "Feature", "geometry": {"type": "Point", "coordinates": [12.320649, 42.087696]}, "properties": {"id": "PF00/0048/H501", "provincia": "RM", "quota": 92.08}}, {"type": "Feature", "geometry": {"type": "Point", "coordinates": [12.238711, 41.781792]}, "properties": {"id": "PF00/0047/F205", "provincia": "RM", "quota": 80.04}}, {"type": "Feature", "geometry": {"type": "Point", "coordinates": [12.538897, 41.712948]}, "properties": {"id": "PF00/0042/A089", "provincia": "RM", "quota": 33.43}}, {"type": "Feature", "geometry": {"type": "Point", "coordinates": [12.366761, 42.12033]}, "properties": {"id": "PF00/0024/A089", "provincia": "RM", "quota": 183.36}}, {"type": "Feature", "geometry": {"type": "Point", "coordinates": [12.436323, 41.887643]}, "properties": {"id": "PF00/0011/H501", "provincia": "RM", "quota": 184.95}}, {"type": "Feature", "geometry": {"type": "Point", "coordinates": [12.519368, 42.058231]}, "properties": {"id": "PF00/0033/A089", "provincia": "RM", "quota": 50.12}}, {"type": "Feature", "geometry": {"type": "Point", "coordinates": [12.217284, 41.828469]}, "properties": {"id": "PF00/0035/G811", "provincia": "RM", "quota": 125.9}}, {"type": "Feature", "geometry": {"type": "Point", "coordinates": [12.584581, 42.097142]}, "properties": {"id": "PF00/0012/G811", "provincia": "RM", "quota": 83.23}}, {"type": "Feature", "geometry": {"type": "Point", "coordinates": [12.441737, 41.855927]}, "properties": {"id": "PF00/0001/F205", "provincia": "RM", "quota": 94.43}}, {"type": "Feature", "geometry": {"type": "Point", "coordinates": [12.384236, 41.611326]}, "properties": {"id": "PF00/0008/H501", "provincia": "RM", "quota": 122.61}}, {"type": "Feature", "geometry": {"type": "Point", "coordinates": [12.538261, 42.016246]}, "properties": {"id": "PF00/0003/F205", "provincia": "RM", "quota": 106.02}}, {"type": "Feature", "geometry": {"type": "Point", "coordinates": [12.473694, 41.748202]}, "properties": {"id": "PF00/0007/G811", "provincia": "RM", "quota": -10.25}}, {"type": "Feature", "geometry": {"type": "Point", "coordinates": [12.679263, 42.000248]}, "properties": {"id": "PF00/0043/H501", "provincia": "RM", "quota": -4.0}}, {"type": "Feature", "geometry": {"type": "Point", "coordinates": [12.506271, 42.051022]}, "properties": {"id": "PF00/0018/A089", "provincia": "RM", "quota": 115.72}}, {"type": "Feature", "geometry": {"type": "Point", "coordinates": [12.51664, 41.852034]}, "properties": {"id": "PF00/0016/G811", "provincia": "RM", "quota": 201.64}}, {"type": "Feature", "geometry": {"type": "Point", "coordinates": [12.421245, 41.950989]}, "properties": {"id": "PF00/0030/A089", "provincia": "RM", "quota": 7.8}}, {"type": "Feature", "geometry": {"type": "Point", "coordinates": [12.649845, 42.01314]}, "properties": {"id": "PF00/0016/H282", "provincia": "RM", "quota": 63.58}}, {"type": "Feature", "geometry": {"type": "Point", "coordinates": [12.460752, 41.653673]}, "properties": {"id": "PF00/0015/G811", "provincia": "RM", "quota": 63.46}}, {"type": "Feature", "geometry": {"type": "Point", "coordinates": [12.496932, 42.024553]}, "properties": {"id": "PF00/0023/H282", "provincia": "RM", "quota": 7.69}}, {"type": "Feature", "geometry": {"type": "Point", "coordinates": [12.60566, 41.885881]}, "properties": {"id": "PF00/0015/A089", "provincia": "RM", "quota": 124.78}}, {"type": "Feature", "geometry": {"type": "Point", "coordinates": [12.551218, 41.882414]}, "properties": {"id": "PF00/0021/A089", "provincia": "RM", "quota": 74.37}}, {"type": "Feature", "geometry": {"type": "Point", "coordinates": [12.260833, 42.037111]}, "properties": {"id": "PF00/0033/H501", "provincia": "RM", "quota": 12.47}}, {"type": "Feature", "geometry": {"type": "Point", "coordinates": [12.414153, 41.80991]}, "properties": {"id": "PF00/0004/H501", "provincia": "RM", "quota": 52.79}}, {"type": "Feature", "geometry": {"type": "Point", "coordinates": [12.609641, 41.697474]}, "properties": {"id": "PF00/0007/H282", "provincia": "RM", "quota": -2.14}}, {"type": "Feature", "geometry": {"type": "Point", "coordinates": [12.355349, 41.955916]}, "properties": {"id": "PF00/0024/H501", "provincia": "RM", "quota": 20.65}}, {"type": "Feature", "geometry": {"type": "Point", "coordinates": [12.379921, 42.040797]}, "properties": {"id": "PF00/0016/G811", "provincia": "RM", "quota": 134.65}}, {"type": "Feature", "geometry": {"type": "Point", "coordinates": [12.560233, 41.971163]}, "properties": {"id": "PF00/0025/G811", "provincia": "RM", "quota": 199.63}}, {"type": "Feature", "geometry": {"type": "Point", "coordinates": [12.645507, 41.674555]}, "properties": {"id": "PF00/0009/H501", "provincia": "RM", "quota": 130.02}}, {"type": "Feature", "geometry": {"type": "Point", "coordinates": [12.553351, 42.048815]}, "properties": {"id": "PF00/0033/A089", "provincia": "RM", "quota": 5.18}}, {"type": "Feature", "geometry": {"type": "Point", "coordinates": [12.608493, 41.713377]}, "properties": {"id": "PF00/0016/A089", "provincia": "RM", "quota": 40.78}}, {"type": "Feature", "geometry": {"type": "Point", "coordinates": [12.38918, 41.673507]}, "properties": {"id": "PF00/0049/H282", "provincia": "RM", "quota": 111.74}}, {"type": "Feature", "geometry": {"type": "Point", "coordinates": [12.596212, 41.69865]}, "properties": {"id": "PF00/0004/F205", "provincia": "RM", "quota": 109.49}}, {"type": "Feature", "geometry": {"type": "Point", "coordinates": [12.3267, 41.683962]}, "properties": {"id": "PF00/0046/A089", "provincia": "RM", "quota": 128.17}}, {"type": "Feature", "geometry": {"type": "Point", "coordinates": [12.418131, 41.987487]}, "properties": {"id": "PF00/0010/A089", "provincia": "RM", "quota": 24.44}}, {"type": "Feature", "geometry": {"type": "Point", "coordinates": [12.356872, 42.062432]}, "properties": {"id": "PF00/0046/H501", "provincia": "RM", "quota": 112.09}}, {"type": "Feature", "geometry": {"type": "Point", "coordinates": [12.301877, 41.822344]}, "properties": {"id": "PF00/0040/F205", "provincia": "RM", "quota": 188.65}}, {"type": "Feature", "geometry": {"type": "Point", "coordinates": [12.45988, 41.783753]}, "properties": {"id": "PF00/0048/A089", "provincia": "RM", "quota": 48.13}}, {"type": "Feature", "geometry": {"type": "Point", "coordinates": [12.557214, 41.947479]}, "properties": {"id": "PF00/0037/H282", "provincia": "RM", "quota": 216.16}}, {"type": "Feature", "geometry": {"type": "Point", "coordinates": [12.248096, 41.952975]}, "properties": {"id": "PF00/0010/A089", "provincia": "RM", "quota": 133.93}}, {"type": "Feature", "geometry": {"type": "Point", "coordinates": [12.524812, 41.606962]}, "properties": {"id": "PF00/0046/A089", "provincia": "RM", "quota": 131.79}}, {"type": "Feature", "geometry": {"type": "Point", "coordinates": [12.386544, 41.737635]}, "properties": {"id": "PF00/0027/G811", "provincia": "RM", "quota": 165.31}}, {"type": "Feature", "geometry": {"type": "Point", "coordinates": [12.306168, 41.699335]}, "properties": {"id": "PF00/0043/F205", "provincia": "RM", "quota": 205.34}}, {"type": "Feature", "geometry": {"type": "Point", "coordinates": [12.659572, 41.606577]}, "properties": {"id": "PF00/0034/H501", "provincia": "RM", "quota": 142.88}}, {"type": "Feature", "geometry": {"type": "Point", "coordinates": [12.614774, 41.950484]}, "properties": {"id": "PF00/0011/A089", "provincia": "RM", "quota": 203.42}}, {"type": "Feature", "geometry": {"type": "Point", "coordinates": [12.54116, 42.065822]}, "properties": {"id": "PF00/0005/H501", "provincia": "RM", "quota": 24.01}}, {"type": "Feature", "geometry": {"type": "Point", "coordinates": [12.198741, 41.940952]}, "properties": {"id": "PF00/0040/F205", "provincia": "RM", "quota": 139.65}}, {"type": "Feature", "geometry": {"type": "Point", "coordinates": [12.544967, 41.989074]}, "properties": {"id": "PF00/0038/H282", "provincia": "RM", "quota": 68.73}}, {"type": "Feature", "geometry": {"type": "Point", "coordinates": [12.671128, 41.95166]}, "properties": {"id": "PF00/0035/G811", "provincia": "RM", "quota": 185.64}}, {"type": "Feature", "geometry": {"type": "Point", "coordinates": [12.513926, 41.982126]}, "properties": {"id": "PF00/0018/F205", "provincia": "RM", "quota": 14.93}}, {"type": "Feature", "geometry": {"type": "Point", "coordinates": [12.656192, 41.761723]}, "properties": {"id": "PF00/0043/A089", "provincia": "RM", "quota": 180.24}}, {"type": "Feature", "geometry": {"type": "Point", "coordinates": [12.58119, 41.767206]}, "properties": {"id": "PF00/0049/F205", "provincia": "RM", "quota": -8.56}}, {"type": "Feature", "geometry": {"type": "Point", "coordinates": [12.402651, 42.04059]}, "properties": {"id": "PF00/0042/H501", "provincia": "RM", "quota": -2.93}}, {"type": "Feature", "geometry": {"type": "Point", "coordinates": [12.63395, 41.777878]}, "properties": {"id": "PF00/0005/G811", "provincia": "RM", "quota": 96.12}}, {"type": "Feature", "geometry": {"type": "Point", "coordinates": [12.389241, 42.108715]}, "properties": {"id": "PF00/0035/H501", "provincia": "RM", "quota": 174.0}}, {"type": "Feature", "geometry": {"type": "Point", "coordinates": [12.267787, 41.914144]}, "properties": {"id": "PF00/0004/F205", "provincia": "RM", "quota": 156.58}}, {"type": "Feature", "geometry": {"type": "Point", "coordinates": [12.565382, 42.030788]}, "properties": {"id": "PF00/0039/H501", "provincia": "RM", "quota": 152.07}}, {"type": "Feature", "geometry": {"type": "Point", "coordinates": [12.510325, 42.032555]}, "properties": {"id": "PF00/0044/H501", "provincia": "RM", "quota": 52.45}}, {"type": "Feature", "geometry": {"type": "Point", "coordinates": [12.343977, 41.883503]}, "properties": {"id": "PF00/0040/F205", "provincia": "RM", "quota": 108.52}}, {"type": "Feature", "geometry": {"type": "Point", "coordinates": [12.562644, 41.76997]}, "properties": {"id": "PF00/0036/A089", "provincia": "RM", "quota": 194.51}}, {"type": "Feature", "geometry": {"type": "Point", "coordinates": [12.535255, 42.097618]}, "properties": {"id": "PF00/0019/F205", "provincia": "RM", "quota": 176.45}}, {"type": "Feature", "geometry": {"type": "Point", "coordinates": [12.440979, 41.724963]}, "properties": {"id": "PF00/0047/A089", "provincia": "RM", "quota": 137.61}}, {"type": "Feature", "geometry": {"type": "Point", "coordinates": [12.581952, 42.041453]}, "properties": {"id": "PF00/0003/H501", "provincia": "RM", "quota": 81.95}}, {"type": "Feature", "geometry": {"type": "Point", "coordinates": [12.275574, 41.627879]}, "properties": {"id": "PF00/0027/A089", "provincia": "RM", "quota": 97.81}}, {"type": "Feature", "geometry": {"type": "Point", "coordinates": [12.313466, 41.896848]}, "properties": {"id": "PF00/0010/A089", "provincia": "RM", "quota": 7.55}}, {"type": "Feature", "geometry": {"type": "Point", "coordinates": [12.418011, 41.779849]}, "properties": {"id": "PF00/0019/G811", "provincia": "RM", "quota": 177.56}}, {"type": "Feature", "geometry": {"type": "Point", "coordinates": [12.302931, 41.857277]}, "properties": {"id": "PF00/0027/G811", "provincia": "RM", "quota": 17.91}}, {"type": "Feature", "geometry": {"type": "Point", "coordinates": [12.535625, 41.675969]}, "properties": {"id": "PF00/0042/H501", "provincia": "RM", "quota": 196.12}}, {"type": "Feature", "geometry": {"type": "Point", "coordinates": [12.424701, 41.993124]}, "properties": {"id": "PF00/0018/H282", "provincia": "RM", "quota": 66.98}}, {"type": "Feature", "geometry": {"type": "Point", "coordinates": [12.399952, 41.676229]}, "properties": {"id": "PF00/0030/G811", "provincia": "RM", "quota": 63.24}}, {"type": "Feature", "geometry": {"type": "Point", "coordinates": [12.334504, 42.122941]}, "properties": {"id": "PF00/0021/H282", "provincia": "RM", "quota": 117.93}}, {"type": "Feature", "geometry": {"type": "Point", "coordinates": [12.349331, 42.029448]}, "properties": {"id": "PF00/0036/H282", "provincia": "RM", "quota": 139.86}}, {"type": "Feature", "geometry": {"type": "Point", "coordinates": [12.658897, 41.943057]}, "properties": {"id": "PF00/0005/H282", "provincia": "RM", "quota": 179.22}}, {"type": "Feature", "geometry": {"type": "Point", "coordinates": [12.303103, 42.117129]}, "properties": {"id": "PF00/0044/A089", "provincia": "RM", "quota": 86.67}}, {"type": "Feature", "geometry": {"type": "Point", "coordinates": [12.319095, 42.023858]}, "properties": {"id": "PF00/0037/A089", "provincia": "RM", "quota": 40.92}}, {"type": "Feature", "geometry": {"type": "Point", "coordinates": [12.462882, 41.992722]}, "properties": {"id": "PF00/0041/G811", "provincia": "RM", "quota": 141.52}}, {"type": "Feature", "geometry": {"type": "Point", "coordinates": [12.630562, 41.797562]}, "properties": {"id": "PF00/0018/G811", "provincia": "RM", "quota": 108.52}}, {"type": "Feature", "geometry": {"type": "Point", "coordinates": [12.537026, 42.050982]}, "properties": {"id": "PF00/0017/H501", "provincia": "RM", "quota": 33.36}}, {"type": "Feature", "geometry": {"type": "Point", "coordinates": [12.561492, 42.121249]}, "properties": {"id": "PF00/0023/H501", "provincia": "RM", "quota": 39.97}}, {"type": "Feature", "geometry": {"type": "Point", "coordinates": [12.258132, 41.915945]}, "properties": {"id": "PF00/0021/H282", "provincia": "RM", "quota": 3.48}}, {"type": "Feature", "geometry": {"type": "Point", "coordinates": [12.471909, 41.608105]}, "properties": {"id": "PF00/0009/G811", "provincia": "RM", "quota": -10.95}}, {"type": "Feature", "geometry": {"type": "Point", "coordinates": [12.670766, 41.882377]}, "properties": {"id": "PF00/0027/H282", "provincia": "RM", "quota": 139.89}}, {"type": "Feature", "geometry": {"type": "Point", "coordinates": [12.637748, 41.978761]}, "properties": {"id": "PF00/0018/H501", "provincia": "RM", "quota": 17.54}}, {"type": "Feature", "geometry": {"type": "Point", "coordinates": [12.420304, 41.88176]}, "properties": {"id": "PF00/0017/G811", "provincia": "RM", "quota": 123.45}}, {"type": "Feature", "geometry": {"type": "Point", "coordinates": [12.458872, 41.840859]}, "properties": {"id": "PF00/0003/H501", "provincia": "RM", "quota": 13.15}}, {"type": "Feature", "geometry": {"type": "Point", "coordinates": [12.199078, 41.886955]}, "properties": {"id": "PF00/0005/H282", "provincia": "RM", "quota": 79.54}}, {"type": "Feature", "geometry": {"type": "Point", "coordinates": [12.230912, 41.609176]}, "properties": {"id": "PF00/0043/A089", "provincia": "RM", "quota": 8.02}}, {"type": "Feature", "geometry": {"type": "Point", "coordinates": [12.6305, 41.769388]}, "properties": {"id": "PF00/0020/F205", "provincia": "RM", "quota": 149.1}}, {"type": "Feature", "geometry": {"type": "Point", "coordinates": [12.273396, 41.794024]}, "properties": {"id": "PF00/0005/F205", "provincia": "RM", "quota": -21.06}}, {"type": "Feature", "geometry": {"type": "Point", "coordinates": [12.341863, 41.826727]}, "properties": {"id": "PF00/0020/A089", "provincia": "RM", "quota": 19.79}}, {"type": "Feature", "geometry": {"type": "Point", "coordinates": [12.269053, 41.813821]}, "properties": {"id": "PF00/0021/F205", "provincia": "RM", "quota": -18.11}}, {"type": "Feature", "geometry": {"type": "Point", "coordinates": [12.308317, 41.707623]}, "properties": {"id": "PF00/0019/H282", "provincia": "RM", "quota": -11.49}}, {"type": "Feature", "geometry": {"type": "Point", "coordinates": [12.4839, 41.904869]}, "properties": {"id": "PF00/0007/H501", "provincia": "RM", "quota": 145.61}}, {"type": "Feature", "geometry": {"type": "Point", "coordinates": [12.383089, 41.75]}, "properties": {"id": "PF00/0022/H282", "provincia": "RM", "quota": 96.4}}, {"type": "Feature", "geometry": {"type": "Point", "coordinates": [12.232379, 42.032923]}, "properties": {"id": "PF00/0041/F205", "provincia": "RM", "quota": 213.51}}, {"type": "Feature", "geometry": {"type": "Point", "coordinates": [12.366746, 41.770681]}, "properties": {"id": "PF00/0015/A089", "provincia": "RM", "quota": 18.39}}, {"type": "Feature", "geometry": {"type": "Point", "coordinates": [12.534052, 42.112103]}, "properties": {"id": "PF00/0009/A089", "provincia": "RM", "quota": -3.68}}, {"type": "Feature", "geometry": {"type": "Point", "coordinates": [12.300736, 42.071331]}, "properties": {"id": "PF00/0008/F205", "provincia": "RM", "quota": 15.94}}, {"type": "Feature", "geometry": {"type": "Point", "coordinates": [12.601293, 41.774117]}, "properties": {"id": "PF00/0029/G811", "provincia": "RM", "quota": 118.29}}, {"type": "Feature", "geometry": {"type": "Point", "coordinates": [12.234517, 41.887657]}, "properties": {"id": "PF00/0047/F205", "provincia": "RM", "quota": 219.96}}, {"type": "Feature", "geometry": {"type": "Point", "coordinates": [12.445327, 41.752107]}, "properties": {"id": "PF00/0037/F205", "provincia": "RM", "quota": 85.83}}, {"type": "Feature", "geometry": {"type": "Point", "coordinates": [12.670821, 41.812453]}, "properties": {"id": "PF00/0012/A089", "provincia": "RM", "quota": 9.23}}, {"type": "Feature", "geometry": {"type": "Point", "coordinates": [12.19934, 41.99201]}, "properties": {"id": "PF00/0026/F205", "provincia": "RM", "quota": 128.22}}, {"type": "Feature", "geometry": {"type": "Point", "coordinates": [12.582825, 41.957314]}, "properties": {"id": "PF00/0037/G811", "provincia": "RM", "quota": -23.15}}, {"type": "Feature", "geometry": {"type": "Point", "coordinates": [12.517196, 41.883757]}, "properties": {"id": "PF00/0012/A089", "provincia": "RM", "quota": 203.04}}, {"type": "Feature", "geometry": {"type": "Point", "coordinates": [12.564816, 41.689729]}, "properties": {"id": "PF00/0005/F205", "provincia": "RM", "quota": 124.28}}, {"type": "Feature", "geometry": {"type": "Point", "coordinates": [12.237377, 41.774126]}, "properties": {"id": "PF00/0020/A089", "provincia": "RM", "quota": 218.84}}, {"type": "Feature", "geometry": {"type": "Point", "coordinates": [12.429802, 41.72861]}, "properties": {"id": "PF00/0037/G811", "provincia": "RM", "quota": 131.14}}, {"type": "Feature", "geometry": {"type": "Point", "coordinates": [12.534564, 41.613863]}, "properties": {"id": "PF00/0033/F205", "provincia": "RM", "quota": 69.26}}, {"type": "Feature", "geometry": {"type": "Point", "coordinates": [12.20308, 42.00715]}, "properties": {"id": "PF00/0043/H501", "provincia": "RM", "quota": 79.64}}, {"type": "Feature", "geometry": {"type": "Point", "coordinates": [12.272202, 41.906285]}, "properties": {"id": "PF00/0033/A089", "provincia": "RM", "quota": 30.68}}, {"type": "Feature", "geometry": {"type": "Point", "coordinates": [12.383791, 42.008149]}, "properties": {"id": "PF00/0030/F205", "provincia": "RM", "quota": 205.51}}, {"type": "Feature", "geometry": {"type": "Point", "coordinates": [12.527556, 41.866911]}, "properties": {"id": "PF00/0031/G811", "provincia": "RM", "quota": 164.8}}, {"type": "Feature", "geometry": {"type": "Point", "coordinates": [12.246287, 41.72487]}, "properties": {"id": "PF00/0044/A089", "provincia": "RM", "quota": -18.76}}, {"type": "Feature", "geometry": {"type": "Point", "coordinates": [12.365635, 41.744193]}, "properties": {"id": "PF00/0008/H282", "provincia": "RM", "quota": -23.88}}, {"type": "Feature", "geometry": {"type": "Point", "coordinates": [12.442828, 41.680957]}, "properties": {"id": "PF00/0016/G811", "provincia": "RM", "quota": -8.09}}, {"type": "Feature", "geometry": {"type": "Point", "coordinates": [12.457836, 42.04926]}, "properties": {"id": "PF00/0019/G811", "provincia": "RM", "quota": -24.95}}, {"type": "Feature", "geometry": {"type": "Point", "coordinates": [12.525231, 42.115453]}, "properties": {"id": "PF00/0001/H282", "provincia": "RM", "quota": 216.59}}, {"type": "Feature", "geometry": {"type": "Point", "coordinates": [12.59977, 41.666001]}, "properties": {"id": "PF00/0038/F205", "provincia": "RM", "quota": 52.63}}, {"type": "Feature", "geometry": {"type": "Point", "coordinates": [12.366981, 41.86017]}, "properties": {"id": "PF00/0028/G811", "provincia": "RM", "quota": -1.41}}, {"type": "Feature", "geometry": {"type": "Point", "coordinates": [12.320371, 41.727492]}, "properties": {"id": "PF00/0014/G811", "provincia": "RM", "quota": 137.06}}, {"type": "Feature", "geometry": {"type": "Point", "coordinates": [12.205111, 41.620027]}, "properties": {"id": "PF00/0016/G811", "provincia": "RM", "quota": 161.1}}, {"type": "Feature", "geometry": {"type": "Point", "coordinates": [12.59389, 41.595715]}, "properties": {"id": "PF00/0008/A089", "provincia": "RM", "quota": 201.2}}, {"type": "Feature", "geometry": {"type": "Point", "coordinates": [12.645456, 41.736528]}, "properties": {"id": "PF00/0027/A089", "provincia": "RM", "quota": 180.1}}, {"type": "Feature", "geometry": {"type": "Point", "coordinates": [12.301551, 42.020571]}, "properties": {"id": "PF00/0013/A089", "provincia": "RM", "quota": 86.05}}, {"type": "Feature", "geometry": {"type": "Point", "coordinates": [12.279646, 41.608322]}, "properties": {"id": "PF00/0019/A089", "provincia": "RM", "quota": 131.31}}, {"type": "Feature", "geometry": {"type": "Point", "coordinates": [12.504215, 42.029105]}, "properties": {"id": "PF00/0039/H501", "provincia": "RM", "quota": 39.05}}, {"type": "Feature", "geometry": {"type": "Point", "coordinates": [12.320772, 41.963535]}, "properties": {"id": "PF00/0018/H282", "provincia": "RM", "quota": 134.7}}, {"type": "Feature", "geometry": {"type": "Point", "coordinates": [12.519089, 41.807938]}, "properties": {"id": "PF00/0030/F205", "provincia": "RM", "quota": -5.26}}, {"type": "Feature", "geometry": {"type": "Point", "coordinates": [12.349584, 41.925782]}, "properties": {"id": "PF00/0033/A089", "provincia": "RM", "quota": 12.67}}, {"type": "Feature", "geometry": {"type": "Point", "coordinates": [12.363733, 42.112402]}, "properties": {"id": "PF00/0017/G811", "provincia": "RM", "quota": -13.02}}, {"type": "Feature", "geometry": {"type": "Point", "coordinates": [12.309213, 41.796551]}, "properties": {"id": "PF00/0022/H282", "provincia": "RM", "quota": 211.39}}, {"type": "Feature", "geometry": {"type": "Point", "coordinates": [12.560203, 41.641666]}, "properties": {"id": "PF00/0028/F205", "provincia": "RM", "quota": 145.1}}, {"type": "Feature", "geometry": {"type": "Point", "coordinates": [12.451332, 41.668227]}, "properties": {"id": "PF00/0043/F205", "provincia": "RM", "quota": 12.63}}, {"type": "Feature", "geometry": {"type": "Point", "coordinates": [12.32972, 42.119991]}, "properties": {"id": "PF00/0021/H501", "provincia": "RM", "quota": 130.57}}, {"type": "Feature", "geometry": {"type": "Point", "coordinates": [12.619892, 41.955626]}, "properties": {"id": "PF00/0023/A089", "provincia": "RM", "quota": 123.34}}, {"type": "Feature", "geometry": {"type": "Point", "coordinates": [12.528972, 41.756271]}, "properties": {"id": "PF00/0034/A089", "provincia": "RM", "quota": 39.68}}, {"type": "Feature", "geometry": {"type": "Point", "coordinates": [12.473481, 41.675058]}, "properties": {"id": "PF00/0030/H282", "provincia": "RM", "quota": -20.63}}, {"type": "Feature", "geometry": {"type": "Point", "coordinates": [12.607848, 41.849102]}, "properties": {"id": "PF00/0046/A089", "provincia": "RM", "quota": 51.64}}, {"type": "Feature", "geometry": {"type": "Point", "coordinates": [12.326333, 42.092204]}, "properties": {"id": "PF00/0039/A089", "provincia": "RM", "quota": -14.32}}, {"type": "Feature", "geometry": {"type": "Point", "coordinates": [12.353772, 42.090234]}, "properties": {"id": "PF00/0011/H501", "provincia": "RM", "quota": 119.77}}, {"type": "Feature", "geometry": {"type": "Point", "coordinates": [12.222978, 41.835666]}, "properties": {"id": "PF00/0024/A089", "provincia": "RM", "quota": 50.7}}, {"type": "Feature", "geometry": {"type": "Point", "coordinates": [12.529695, 41.594531]}, "properties": {"id": "PF00/0041/G811", "provincia": "RM", "quota": 181.87}}, {"type": "Feature", "geometry": {"type": "Point", "coordinates": [12.417678, 41.734559]}, "properties": {"id": "PF00/0001/F205", "provincia": "RM", "quota": 181.21}}, {"type": "Feature", "geometry": {"type": "Point", "coordinates": [12.266061, 41.73192]}, "properties": {"id": "PF00/0018/G811", "provincia": "RM", "quota": 150.84}}, {"type": "Feature", "geometry": {"type": "Point", "coordinates": [12.299764, 42.000493]}, "properties": {"id": "PF00/0004/F205", "provincia": "RM", "quota": 160.3}}, {"type": "Feature", "geometry": {"type": "Point", "coordinates": [12.380684, 41.783002]}, "properties": {"id": "PF00/0007/F205", "provincia": "RM", "quota": 62.04}}, {"type": "Feature", "geometry": {"type": "Point", "coordinates": [12.470348, 42.034715]}, "properties": {"id": "PF00/0002/G811", "provincia": "RM", "quota": 202.46}}, {"type": "Feature", "geometry": {"type": "Point", "coordinates": [12.208213, 41.914372]}, "properties": {"id": "PF00/0005/H501", "provincia": "RM", "quota": 18.22}}, {"type": "Feature", "geometry": {"type": "Point", "coordinates": [12.309526, 41.794451]}, "properties": {"id": "PF00/0005/A089", "provincia": "RM", "quota": 134.45}}, {"type": "Feature", "geometry": {"type": "Point", "coordinates": [12.28429, 41.784738]}, "properties": {"id": "PF00/0040/H282", "provincia": "RM", "quota": 45.91}}, {"type": "Feature", "geometry": {"type": "Point", "coordinates": [12.585269, 42.032988]}, "properties": {"id": "PF00/0007/A089", "provincia": "RM", "quota": -19.54}}, {"type": "Feature", "geometry": {"type": "Point", "coordinates": [12.193034, 41.726388]}, "properties": {"id": "PF00/0014/F205", "provincia": "RM", "quota": 108.45}}, {"type": "Feature", "geometry": {"type": "Point", "coordinates": [12.319207, 41.822256]}, "properties": {"id": "PF00/0009/A089", "provincia": "RM", "quota": 140.37}}, {"type": "Feature", "geometry": {"type": "Point", "coordinates": [12.396731, 41.933369]}, "properties": {"id": "PF00/0041/H282", "provincia": "RM", "quota": -2.74}}, {"type": "Feature", "geometry": {"type": "Point", "coordinates": [12.429365, 41.714114]}, "properties": {"id": "PF00/0028/H282", "provincia": "RM", "quota": -8.97}}, {"type": "Feature", "geometry": {"type": "Point", "coordinates": [12.316135, 41.719275]}, "properties": {"id": "PF00/0003/H282", "provincia": "RM", "quota": 20.95}}, {"type": "Feature", "geometry": {"type": "Point", "coordinates": [12.2186, 41.973073]}, "properties": {"id": "PF00/0005/G811", "provincia": "RM", "quota": 128.87}}, {"type": "Feature", "geometry": {"type": "Point", "coordinates": [12.368441, 42.047157]}, "properties": {"id": "PF00/0048/H282", "provincia": "RM", "quota": 148.36}}, {"type": "Feature", "geometry": {"type": "Point", "coordinates": [12.222052, 41.956786]}, "properties": {"id": "PF00/0017/A089", "provincia": "RM", "quota": -3.92}}, {"type": "Feature", "geometry": {"type": "Point", "coordinates": [12.55922, 41.619928]}, "properties": {"id": "PF00/0044/G811", "provincia": "RM", "quota": 65.05}}, {"type": "Feature", "geometry": {"type": "Point", "coordinates": [12.43884, 41.669691]}, "properties": {"id": "PF00/0036/F205", "provincia": "RM", "quota": 33.27}}, {"type": "Feature", "geometry": {"type": "Point", "coordinates": [12.455184, 41.846328]}, "properties": {"id": "PF00/0013/G811", "provincia": "RM", "quota": 188.5}}, {"type": "Feature", "geometry": {"type": "Point", "coordinates": [12.42175, 41.951065]}, "properties": {"id": "PF00/0016/G811", "provincia": "RM", "quota": 111.49}}, {"type": "Feature", "geometry": {"type": "Point", "coordinates": [12.316193, 42.042648]}, "properties": {"id": "PF00/0024/A089", "provincia": "RM", "quota": 69.5}}, {"type": "Feature", "geometry": {"type": "Point", "coordinates": [12.575647, 42.015843]}, "properties": {"id": "PF00/0013/H282", "provincia": "RM", "quota": 52.88}}, {"type": "Feature", "geometry": {"type": "Point", "coordinates": [12.461645, 42.123745]}, "properties": {"id": "PF00/0011/A089", "provincia": "RM", "quota": 33.1}}, {"type": "Feature", "geometry": {"type": "Point", "coordinates": [12.61089, 41.995991]}, "properties": {"id": "PF00/0030/A089", "provincia": "RM", "quota": 164.63}}, {"type": "Feature", "geometry": {"type": "Point", "coordinates": [12.267841, 41.70818]}, "properties": {"id": "PF00/0043/G811", "provincia": "RM", "quota": 31.11}}, {"type": "Feature", "geometry": {"type": "Point", "coordinates": [12.331103, 41.652434]}, "properties": {"id": "PF00/0014/G811", "provincia": "RM", "quota": 132.75}}, {"type": "Feature", "geometry": {"type": "Point", "coordinates": [12.351822, 42.104718]}, "properties": {"id": "PF00/0042/G811", "provincia": "RM", "quota": 28.46}}, {"type": "Feature", "geometry": {"type": "Point", "coordinates": [12.375926, 42.129387]}, "properties": {"id": "PF00/0047/H501", "provincia": "RM", "quota": 124.53}}, {"type": "Feature", "geometry": {"type": "Point", "coordinates": [12.25171, 41.761462]}, "properties": {"id": "PF00/0037/F205", "provincia": "RM", "quota": 119.69}}, {"type": "Feature", "geometry": {"type": "Point", "coordinates": [12.217407, 42.058188]}, "properties": {"id": "PF00/0043/H282", "provincia": "RM", "quota": 48.72}}, {"type": "Feature", "geometry": {"type": "Point", "coordinates": [12.475128, 41.987478]}, "properties": {"id": "PF00/0033/H282", "provincia": "RM", "quota": 147.91}}, {"type": "Feature", "geometry": {"type": "Point", "coordinates": [12.28365, 42.109949]}, "properties": {"id": "PF00/0028/A089", "provincia": "RM", "quota": 60.89}}, {"type": "Feature", "geometry": {"type": "Point", "coordinates": [12.417368, 42.028291]}, "properties": {"id": "PF00/0024/H282", "provincia": "RM", "quota": 82.32}}, {"type": "Feature", "geometry": {"type": "Point", "coordinates": [12.417268, 41.775878]}, "properties": {"id": "PF00/0039/H501", "provincia": "RM", "quota": 44.55}}, {"type": "Feature", "geometry": {"type": "Point", "coordinates": [12.633484, 41.964555]}, "properties": {"id": "PF00/0005/A089", "provincia": "RM", "quota": -0.5}}, {"type": "Feature", "geometry": {"type": "Point", "coordinates": [12.437735, 41.985295]}, "properties": {"id": "PF00/0017/G811", "provincia": "RM", "quota": 213.48}}, {"type": "Feature", "geometry": {"type": "Point", "coordinates": [12.290474, 41.883998]}, "properties": {"id": "PF00/0002/F205", "provincia": "RM", "quota": -18.71}}, {"type": "Feature", "geometry": {"type": "Point", "coordinates": [12.586448, 41.717064]}, "properties": {"id": "PF00/0038/H282", "provincia": "RM", "quota": -27.6}}, {"type": "Feature", "geometry": {"type": "Point", "coordinates": [12.37421, 42.070119]}, "properties": {"id": "PF00/0026/G811", "provincia": "RM", "quota": -26.59}}, {"type": "Feature", "geometry": {"type": "Point", "coordinates": [12.566373, 41.871586]}, "properties": {"id": "PF00/0043/A089", "provincia": "RM", "quota": 138.46}}, {"type": "Feature", "geometry": {"type": "Point", "coordinates": [12.218681, 41.598966]}, "properties": {"id": "PF00/0012/F205", "provincia": "RM", "quota": 52.47}}, {"type": "Feature", "geometry": {"type": "Point", "coordinates": [12.550249, 41.912652]}, "properties": {"id": "PF00/0009/H501", "provincia": "RM", "quota": 55.04}}, {"type": "Feature", "geometry": {"type": "Point", "coordinates": [12.410262, 41.683602]}, "properties": {"id": "PF00/0045/G811", "provincia": "RM", "quota": 58.69}}, {"type": "Feature", "geometry": {"type": "Point", "coordinates": [12.252991, 41.704803]}, "properties": {"id": "PF00/0011/A089", "provincia": "RM", "quota": 193.37}}, {"type": "Feature", "geometry": {"type": "Point", "coordinates": [12.411373, 42.037345]}, "properties": {"id": "PF00/0025/A089", "provincia": "RM", "quota": 22.49}}, {"type": "Feature", "geometry": {"type": "Point", "coordinates": [12.483376, 41.625558]}, "properties": {"id": "PF00/0014/A089", "provincia": "RM", "quota": 203.85}}, {"type": "Feature", "geometry": {"type": "Point", "coordinates": [12.632758, 41.809418]}, "properties": {"id": "PF00/0043/F205", "provincia": "RM", "quota": 133.51}}, {"type": "Feature", "geometry": {"type": "Point", "coordinates": [12.658533, 42.063202]}, "properties": {"id": "PF00/0023/H282", "provincia": "RM", "quota": 63.29}}, {"type": "Feature", "geometry": {"type": "Point", "coordinates": [12.209517, 42.027153]}, "properties": {"id": "PF00/0020/F205", "provincia": "RM", "quota": 28.74}}, {"type": "Feature", "geometry": {"type": "Point", "coordinates": [12.551115, 41.891695]}, "properties": {"id": "PF00/0014/F205", "provincia": "RM", "quota": -22.26}}, {"type": "Feature", "geometry": {"type": "Point", "coordinates": [12.309578, 41.894054]}, "properties": {"id": "PF00/0012/G811", "provincia": "RM", "quota": 33.45}}, {"type": "Feature", "geometry": {"type": "Point", "coordinates": [12.547892, 42.106654]}, "properties": {"id": "PF00/0030/H501", "provincia": "RM", "quota": 215.16}}, {"type": "Feature", "geometry": {"type": "Point", "coordinates": [12.321045, 42.008304]}, "properties": {"id": "PF00/0048/F205", "provincia": "RM", "quota": 97.54}}, {"type": "Feature", "geometry": {"type": "Point", "coordinates": [12.436512, 42.049885]}, "properties": {"id": "PF00/0036/H501", "provincia": "RM", "quota": 29.55}}, {"type": "Feature", "geometry": {"type": "Point", "coordinates": [12.34712, 41.957049]}, "properties": {"id": "PF00/0042/H282", "provincia": "RM", "quota": 216.45}}, {"type": "Feature", "geometry": {"type": "Point", "coordinates": [12.609658, 41.80837]}, "properties": {"id": "PF00/0019/F205", "provincia": "RM", "quota": 204.79}}, {"type": "Feature", "geometry": {"type": "Point", "coordinates": [12.6348, 41.631827]}, "properties": {"id": "PF00/0033/A089", "provincia": "RM", "quota": 99.82}}, {"type": "Feature", "geometry": {"type": "Point", "coordinates": [12.49536, 41.822495]}, "properties": {"id": "PF00/0030/H501", "provincia": "RM", "quota": 182.5}}, {"type": "Feature", "geometry": {"type": "Point", "coordinates": [12.414258, 41.88604]}, "properties": {"id": "PF00/0003/F205", "provincia": "RM", "quota": 198.01}}, {"type": "Feature", "geometry": {"type": "Point", "coordinates": [12.578326, 41.587754]}, "properties": {"id": "PF00/0003/G811", "provincia": "RM", "quota": 26.12}}, {"type": "Feature", "geometry": {"type": "Point", "coordinates": [12.341865, 41.79619]}, "properties": {"id": "PF00/0049/H501", "provincia": "RM", "quota": -13.18}}, {"type": "Feature", "geometry": {"type": "Point", "coordinates": [12.229155, 41.937515]}, "properties": {"id": "PF00/0011/H501", "provincia": "RM", "quota": 21.36}}, {"type": "Feature", "geometry": {"type": "Point", "coordinates": [12.445558, 42.036577]}, "properties": {"id": "PF00/0037/H282", "provincia": "RM", "quota": -16.68}}, {"type": "Feature", "geometry": {"type": "Point", "coordinates": [12.428561, 41.667763]}, "properties": {"id": "PF00/0037/A089", "provincia": "RM", "quota": 125.22}}, {"type": "Feature", "geometry": {"type": "Point", "coordinates": [12.342153, 41.708321]}, "properties": {"id": "PF00/0041/F205", "provincia": "RM", "quota": -3.96}}, {"type": "Feature", "geometry": {"type": "Point", "coordinates": [12.504217, 41.959276]}, "properties": {"id": "PF00/0027/F205", "provincia": "RM", "quota": 152.71}}, {"type": "Feature", "geometry": {"type": "Point", "coordinates": [12.523579, 42.07027]}, "properties": {"id": "PF00/0011/H501", "provincia": "RM", "quota": 201.63}}, {"type": "Feature", "geometry": {"type": "Point", "coordinates": [12.304668, 42.120061]}, "properties": {"id": "PF00/0044/F205", "provincia": "RM", "quota": 138.45}}, {"type": "Feature", "geometry": {"type": "Point", "coordinates": [12.526193, 41.912783]}, "properties": {"id": "PF00/0007/H282", "provincia": "RM", "quota": -7.61}}, {"type": "Feature", "geometry": {"type": "Point", "coordinates": [12.39193, 41.643394]}, "properties": {"id": "PF00/0038/H282", "provincia": "RM", "quota": 216.41}}, {"type": "Feature", "geometry": {"type": "Point", "coordinates": [12.596102, 41.761248]}, "properties": {"id": "PF00/0021/H282", "provincia": "RM", "quota": 152.77}}, {"type": "Feature", "geometry": {"type": "Point", "coordinates": [12.212661, 41.871512]}, "properties": {"id": "PF00/0025/H282", "provincia": "RM", "quota": 195.11}}, {"type": "Feature", "geometry": {"type": "Point", "coordinates": [12.242922, 41.849891]}, "properties": {"id": "PF00/0049/H501", "provincia": "RM", "quota": 81.63}}, {"type": "Feature", "geometry": {"type": "Point", "coordinates": [12.437238, 41.695149]}, "properties": {"id": "PF00/0024/H501", "provincia": "RM", "quota": 124.92}}, {"type": "Feature", "geometry": {"type": "Point", "coordinates": [12.573191, 41.982594]}, "properties": {"id": "PF00/0003/H282", "provincia": "RM", "quota": 50.15}}, {"type": "Feature", "geometry": {"type": "Point", "coordinates": [12.386001, 41.704516]}, "properties": {"id": "PF00/0025/F205", "provincia": "RM", "quota": 181.5}}, {"type": "Feature", "geometry": {"type": "Point", "coordinates": [12.301412, 41.722896]}, "properties": {"id": "PF00/0018/A089", "provincia": "RM", "quota": 173.98}}, {"type": "Feature", "geometry": {"type": "Point", "coordinates": [12.597934, 41.892925]}, "properties": {"id": "PF00/0015/A089", "provincia": "RM", "quota": -9.46}}, {"type": "Feature", "geometry": {"type": "Point", "coordinates": [12.374324, 41.799125]}, "properties": {"id": "PF00/0006/H282", "provincia": "RM", "quota": 61.4}}, {"type": "Feature", "geometry": {"type": "Point", "coordinates": [12.629974, 42.014939]}, "properties": {"id": "PF00/0035/H501", "provincia": "RM", "quota": -15.95}}, {"type": "Feature", "geometry": {"type": "Point", "coordinates": [12.349355, 41.763327]}, "properties": {"id": "PF00/0028/H282", "provincia": "RM", "quota": 136.59}}, {"type": "Feature", "geometry": {"type": "Point", "coordinates": [12.249393, 41.971088]}, "properties": {"id": "PF00/0006/F205", "provincia": "RM", "quota": 58.68}}, {"type": "Feature", "geometry": {"type": "Point", "coordinates": [12.348085, 42.130135]}, "properties": {"id": "PF00/0007/A089", "provincia": "RM", "quota": 98.23}}, {"type": "Feature", "geometry": {"type": "Point", "coordinates": [12.532288, 41.634826]}, "properties": {"id": "PF00/0023/G811", "provincia": "RM", "quota": 46.29}}, {"type": "Feature", "geometry": {"type": "Point", "coordinates": [12.326975, 41.75413]}, "properties": {"id": "PF00/0044/H501", "provincia": "RM", "quota": 10.09}}, {"type": "Feature", "geometry": {"type": "Point", "coordinates": [12.503518, 41.667829]}, "properties": {"id": "PF00/0027/F205", "provincia": "RM", "quota": 49.09}}, {"type": "Feature", "geometry": {"type": "Point", "coordinates": [12.537503, 41.932443]}, "properties": {"id": "PF00/0047/H501", "provincia": "RM", "quota": 65.96}}, {"type": "Feature", "geometry": {"type": "Point", "coordinates": [12.216337, 41.919711]}, "properties": {"id": "PF00/0010/F205", "provincia": "RM", "quota": 104.56}}, {"type": "Feature", "geometry": {"type": "Point", "coordinates": [12.524598, 41.764633]}, "properties": {"id": "PF00/0020/G811", "provincia": "RM", "quota": 209.29}}, {"type": "Feature", "geometry": {"type": "Point", "coordinates": [12.589958, 41.929364]}, "properties": {"id": "PF00/0031/F205", "provincia": "RM", "quota": 108.62}}, {"type": "Feature", "geometry": {"type": "Point", "coordinates": [12.619476, 41.928428]}, "properties": {"id": "PF00/0001/F205", "provincia": "RM", "quota": 99.5}}, {"type": "Feature", "geometry": {"type": "Point", "coordinates": [12.639949, 41.627708]}, "properties": {"id": "PF00/0021/H501", "provincia": "RM", "quota": 85.56}}, {"type": "Feature", "geometry": {"type": "Point", "coordinates": [12.65969, 41.743601]}, "properties": {"id": "PF00/0041/H501", "provincia": "RM", "quota": 168.9}}, {"type": "Feature", "geometry": {"type": "Point", "coordinates": [12.436944, 41.941453]}, "properties": {"id": "PF00/0040/H501", "provincia": "RM", "quota": 53.32}}, {"type": "Feature", "geometry": {"type": "Point", "coordinates": [12.494381, 42.026528]}, "properties": {"id": "PF00/0003/A089", "provincia": "RM", "quota": 204.0}}, {"type": "Feature", "geometry": {"type": "Point", "coordinates": [12.35951, 42.017947]}, "properties": {"id": "PF00/0001/F205", "provincia": "RM", "quota": 97.97}}, {"type": "Feature", "geometry": {"type": "Point", "coordinates": [12.676368, 42.048668]}, "properties": {"id": "PF00/0006/A089", "provincia": "RM", "quota": 44.77}}, {"type": "Feature", "geometry": {"type": "Point", "coordinates": [12.463495, 41.713479]}, "properties": {"id": "PF00/0007/H282", "provincia": "RM", "quota": 203.19}}, {"type": "Feature", "geometry": {"type": "Point", "coordinates": [12.244796, 41.8207]}, "properties": {"id": "PF00/0030/H501", "provincia": "RM", "quota": -16.67}}, {"type": "Feature", "geometry": {"type": "Point", "coordinates": [12.320194, 41.626911]}, "properties": {"id": "PF00/0005/H501", "provincia": "RM", "quota": 32.68}}, {"type": "Feature", "geometry": {"type": "Point", "coordinates": [12.583893, 41.936611]}, "properties": {"id": "PF00/0027/G811", "provincia": "RM", "quota": 143.36}}, {"type": "Feature", "geometry": {"type": "Point", "coordinates": [12.315864, 41.621256]}, "properties": {"id": "PF00/0043/A089", "provincia": "RM", "quota": 54.9}}, {"type": "Feature", "geometry": {"type": "Point", "coordinates": [12.533336, 41.712261]}, "properties": {"id": "PF00/0048/F205", "provincia": "RM", "quota": 213.32}}, {"type": "Feature", "geometry": {"type": "Point", "coordinates": [12.424486, 42.011018]}, "properties": {"id": "PF00/0018/G811", "provincia": "RM", "quota": 86.42}}, {"type": "Feature", "geometry": {"type": "Point", "coordinates": [12.399862, 42.024514]}, "properties": {"id": "PF00/0042/H501", "provincia": "RM", "quota": 192.98}}, {"type": "Feature", "geometry": {"type": "Point", "coordinates": [12.468842, 41.627534]}, "properties": {"id": "PF00/0041/A089", "provincia": "RM", "quota": 160.94}}, {"type": "Feature", "geometry": {"type": "Point", "coordinates": [12.515842, 41.600927]}, "properties": {"id": "PF00/0048/A089", "provincia": "RM", "quota": 175.32}}, {"type": "Feature", "geometry": {"type": "Point", "coordinates": [12.341057, 41.617708]}, "properties": {"id": "PF00/0021/G811", "provincia": "RM", "quota": 156.12}}, {"type": "Feature", "geometry": {"type": "Point", "coordinates": [12.455877, 42.090669]}, "properties": {"id": "PF00/0009/A089", "provincia": "RM", "quota": 180.62}}, {"type": "Feature", "geometry": {"type": "Point", "coordinates": [12.46876, 41.93271]}, "properties": {"id": "PF00/0006/A089", "provincia": "RM", "quota": 83.14}}, {"type": "Feature", "geometry": {"type": "Point", "coordinates": [12.363306, 41.66404]}, "properties": {"id": "PF00/0017/H501", "provincia": "RM", "quota": 157.91}}, {"type": "Feature", "geometry": {"type": "Point", "coordinates": [12.468947, 41.6571]}, "properties": {"id": "PF00/0039/G811", "provincia": "RM", "quota": 77.78}}, {"type": "Feature", "geometry": {"type": "Point", "coordinates": [12.296874, 42.090329]}, "properties": {"id": "PF00/0005/A089", "provincia": "RM", "quota": 196.64}}, {"type": "Feature", "geometry": {"type": "Point", "coordinates": [12.410853, 41.726921]}, "properties": {"id": "PF00/0041/G811", "provincia": "RM", "quota": 178.51}}, {"type": "Feature", "geometry": {"type": "Point", "coordinates": [12.584036, 41.984343]}, "properties": {"id": "PF00/0003/G811", "provincia": "RM", "quota": 103.83}}, {"type": "Feature", "geometry": {"type": "Point", "coordinates": [12.350354, 42.087429]}, "properties": {"id": "PF00/0004/F205", "provincia": "RM", "quota": 151.85}}, {"type": "Feature", "geometry": {"type": "Point", "coordinates": [12.332793, 41.84962]}, "properties": {"id": "PF00/0031/H501", "provincia": "RM", "quota": 158.14}}, {"type": "Feature", "geometry": {"type": "Point", "coordinates": [12.418628, 42.043319]}, "properties": {"id": "PF00/0017/H501", "provincia": "RM", "quota": 131.47}}, {"type": "Feature", "geometry": {"type": "Point", "coordinates": [12.352577, 42.038488]}, "properties": {"id": "PF00/0030/H501", "provincia": "RM", "quota": 123.38}}, {"type": "Feature", "geometry": {"type": "Point", "coordinates": [12.525385, 41.89722]}, "properties": {"id": "PF00/0027/G811", "provincia": "RM", "quota": 71.76}}, {"type": "Feature", "geometry": {"type": "Point", "coordinates": [12.323808, 41.99482]}, "properties": {"id": "PF00/0029/F205", "provincia": "RM", "quota": 25.22}}, {"type": "Feature", "geometry": {"type": "Point", "coordinates": [12.258583, 41.785011]}, "properties": {"id": "PF00/0025/H501", "provincia": "RM", "quota": 89.33}}, {"type": "Feature", "geometry": {"type": "Point", "coordinates": [12.343917, 42.047192]}, "properties": {"id": "PF00/0006/H282", "provincia": "RM", "quota": 74.73}}, {"type": "Feature", "geometry": {"type": "Point", "coordinates": [12.550116, 41.951903]}, "properties": {"id": "PF00/0003/H501", "provincia": "RM", "quota": 48.87}}, {"type": "Feature", "geometry": {"type": "Point", "coordinates": [12.618511, 41.842628]}, "properties": {"id": "PF00/0043/H282", "provincia": "RM", "quota": 52.18}}, {"type": "Feature", "geometry": {"type": "Point", "coordinates": [12.337948, 41.725907]}, "properties": {"id": "PF00/0006/G811", "provincia": "RM", "quota": 64.27}}, {"type": "Feature", "geometry": {"type": "Point", "coordinates": [12.616561, 41.758838]}, "properties": {"id": "PF00/0047/G811", "provincia": "RM", "quota": 118.84}}, {"type": "Feature", "geometry": {"type": "Point", "coordinates": [12.455044, 42.024107]}, "properties": {"id": "PF00/0010/A089", "provincia": "RM", "quota": -6.82}}, {"type": "Feature", "geometry": {"type": "Point", "coordinates": [12.298038, 42.071333]}, "properties": {"id": "PF00/0022/F205", "provincia": "RM", "quota": 74.96}}, {"type": "Feature", "geometry": {"type": "Point", "coordinates": [12.455619, 41.802995]}, "properties": {"id": "PF00/0036/A089", "provincia": "RM", "quota": 114.25}}, {"type": "Feature", "geometry": {"type": "Point", "coordinates": [12.646186, 42.110549]}, "properties": {"id": "PF00/0006/H501", "provincia": "RM", "quota": 25.51}}, {"type": "Feature", "geometry": {"type": "Point", "coordinates": [12.380858, 42.092138]}, "properties": {"id": "PF00/0017/F205", "provincia": "RM", "quota": 108.76}}, {"type": "Feature", "geometry": {"type": "Point", "coordinates": [12.644197, 41.822073]}, "properties": {"id": "PF00/0009/H282", "provincia": "RM", "quota": -20.14}}, {"type": "Feature", "geometry": {"type": "Point", "coordinates": [12.540228, 42.097575]}, "properties": {"id": "PF00/0048/H501", "provincia": "RM", "quota": 136.47}}, {"type": "Feature", "geometry": {"type": "Point", "coordinates": [12.496172, 41.638674]}, "properties": {"id": "PF00/0016/A089", "provincia": "RM", "quota": 149.03}}, {"type": "Feature", "geometry": {"type": "Point", "coordinates": [12.663705, 42.115765]}, "properties": {"id": "PF00/0014/H501", "provincia": "RM", "quota": 52.05}}, {"type": "Feature", "geometry": {"type": "Point", "coordinates": [12.616432, 41.816484]}, "properties": {"id": "PF00/0021/A089", "provincia": "RM", "quota": 202.9}}, {"type": "Feature", "geometry": {"type": "Point", "coordinates": [12.487309, 41.977584]}, "properties": {"id": "PF00/0009/H282", "provincia": "RM", "quota": 142.89}}, {"type": "Feature", "geometry": {"type": "Point", "coordinates": [12.595142, 41.89413]}, "properties": {"id": "PF00/0017/F205", "provincia": "RM", "quota": 83.31}}, {"type": "Feature", "geometry": {"type": "Point", "coordinates": [12.248086, 41.834263]}, "properties": {"id": "PF00/0013/H282", "provincia": "RM", "quota": -8.0}}, {"type": "Feature", "geometry": {"type": "Point", "coordinates": [12.35561, 41.784835]}, "properties": {"id": "PF00/0004/F205", "provincia": "RM", "quota": 87.94}}, {"type": "Feature", "geometry": {"type": "Point", "coordinates": [12.33708, 41.93022]}, "properties": {"id": "PF00/0024/H282", "provincia": "RM", "quota": -29.24}}, {"type": "Feature", "geometry": {"type": "Point", "coordinates": [12.452612, 41.987834]}, "properties": {"id": "PF00/0045/A089", "provincia": "RM", "quota": 24.23}}, {"type": "Feature", "geometry": {"type": "Point", "coordinates": [12.321158, 41.868146]}, "properties": {"id": "PF00/0015/F205", "provincia": "RM", "quota": 138.53}}, {"type": "Feature", "geometry": {"type": "Point", "coordinates": [12.640948, 42.010593]}, "properties": {"id": "PF00/0009/G811", "provincia": "RM", "quota": -19.18}}, {"type": "Feature", "geometry": {"type": "Point", "coordinates": [12.43525, 41.886268]}, "properties": {"id": "PF00/0013/A089", "provincia": "RM", "quota": 185.99}}, {"type": "Feature", "geometry": {"type": "Point", "coordinates": [12.30812, 41.825624]}, "properties": {"id": "PF00/0037/H501", "provincia": "RM", "quota": 28.01}}, {"type": "Feature", "geometry": {"type": "Point", "coordinates": [12.593892, 41.603961]}, "properties": {"id": "PF00/0032/A089", "provincia": "RM", "quota": 93.89}}, {"type": "Feature", "geometry": {"type": "Point", "coordinates": [12.319729, 41.616079]}, "properties": {"id": "PF00/0005/A089", "provincia": "RM", "quota": -1.08}}, {"type": "Feature", "geometry": {"type": "Point", "coordinates": [12.625177, 42.097003]}, "properties": {"id": "PF00/0049/H501", "provincia": "RM", "quota": 219.44}}, {"type": "Feature", "geometry": {"type": "Point", "coordinates": [12.649803, 41.98974]}, "properties": {"id": "PF00/0001/A089", "provincia": "RM", "quota": 83.14}}, {"type": "Feature", "geometry": {"type": "Point", "coordinates": [12.297823, 41.803618]}, "properties": {"id": "PF00/0020/H501", "provincia": "RM", "quota": 27.83}}, {"type": "Feature", "geometry": {"type": "Point", "coordinates": [12.647804, 41.632792]}, "properties": {"id": "PF00/0029/F205", "provincia": "RM", "quota": 94.35}}, {"type": "Feature", "geometry": {"type": "Point", "coordinates": [12.240612, 41.717454]}, "properties": {"id": "PF00/0037/H501", "provincia": "RM", "quota": 161.6}}, {"type": "Feature", "geometry": {"type": "Point", "coordinates": [12.431324, 41.914652]}, "properties": {"id": "PF00/0048/G811", "provincia": "RM", "quota": 19.45}}, {"type": "Feature", "geometry": {"type": "Point", "coordinates": [12.253063, 41.975334]}, "properties": {"id": "PF00/0041/A089", "provincia": "RM", "quota": 111.69}}, {"type": "Feature", "geometry": {"type": "Point", "coordinates": [12.288084, 42.126733]}, "properties": {"id": "PF00/0044/G811", "provincia": "RM", "quota": 84.44}}, {"type": "Feature", "geometry": {"type": "Point", "coordinates": [12.508758, 41.755654]}, "properties": {"id": "PF00/0039/H501", "provincia": "RM", "quota": 171.86}}, {"type": "Feature", "geometry": {"type": "Point", "coordinates": [12.592026, 41.811821]}, "properties": {"id": "PF00/0006/A089", "provincia": "RM", "quota": 62.86}}, {"type": "Feature", "geometry": {"type": "Point", "coordinates": [12.566938, 41.769585]}, "properties": {"id": "PF00/0046/H282", "provincia": "RM", "quota": 85.78}}, {"type": "Feature", "geometry": {"type": "Point", "coordinates": [12.451284, 41.600299]}, "properties": {"id": "PF00/0018/A089", "provincia": "RM", "quota": 9.47}}, {"type": "Feature", "geometry": {"type": "Point", "coordinates": [12.208424, 42.012128]}, "properties": {"id": "PF00/0020/H501", "provincia": "RM", "quota": 194.66}}, {"type": "Feature", "geometry": {"type": "Point", "coordinates": [12.614949, 42.006936]}, "properties": {"id": "PF00/0004/G811", "provincia": "RM", "quota": 215.77}}, {"type": "Feature", "geometry": {"type": "Point", "coordinates": [12.502358, 41.910636]}, "properties": {"id": "PF00/0035/F205", "provincia": "RM", "quota": 110.32}}]}